Date,Close Price
2020-04-23,37
2020-04-23,37
2020-04-24,37
2020-04-24,37
2020-04-27,37
2020-04-27,37
2020-04-28,37
2020-04-28,37
2020-04-29,37.9
2020-04-29,37.9
2020-04-30,37.9
2020-04-30,37.9
2020-05-01,38
2020-05-01,38
2020-05-04,38
2020-05-04,38
2020-05-05,38.84
2020-05-05,38.84
2020-05-06,38.84
2020-05-06,38.84
2020-05-07,38.84
2020-05-07,38.84
2020-05-08,38.84
2020-05-08,38.84
2020-05-11,38.84
2020-05-11,38.84
2020-05-12,38.84
2020-05-12,38.84
2020-05-13,38
2020-05-13,38
2020-05-14,38
2020-05-14,38
2020-05-15,38
2020-05-15,38
2020-05-18,38
2020-05-18,38
2020-05-19,38
2020-05-19,38
2020-05-20,38
2020-05-20,38
2020-05-21,38
2020-05-21,38
2020-05-22,38
2020-05-22,38
2020-05-25,38
2020-05-25,38
2020-05-26,38
2020-05-26,38
2020-05-27,38
2020-05-27,38
2020-05-28,38
2020-05-28,38
2020-05-29,38
2020-05-29,38
2020-06-01,38
2020-06-01,38
2020-06-02,38
2020-06-02,38
2020-06-03,38
2020-06-03,38
2020-06-04,38
2020-06-04,38
2020-06-08,38
2020-06-08,38
2020-06-09,38
2020-06-09,38
2020-06-10,38
2020-06-10,38
2020-06-11,38
2020-06-11,38
2020-06-12,38
2020-06-12,38
2020-06-15,38
2020-06-15,38
2020-06-16,38
2020-06-16,38
2020-06-17,38
2020-06-17,38
2020-06-18,38
2020-06-18,38
2020-06-19,38
2020-06-19,38
2020-06-22,38
2020-06-22,38
2020-06-23,38
2020-06-23,38
2020-06-24,38
2020-06-24,38
2020-06-25,38
2020-06-25,38
2020-06-26,38.95
2020-06-26,38.95
2020-06-29,38.95
2020-06-29,38.95
2020-07-01,38.95
2020-07-01,38.95
2020-07-02,38.95
2020-07-02,38.95
2020-07-03,38.95
2020-07-03,38.95
2020-07-06,39.5
2020-07-06,39.5
2020-07-07,39.5
2020-07-07,39.5
2020-07-08,39.5
2020-07-08,39.5
2020-07-09,39.5
2020-07-09,39.5
2020-07-10,39.5
2020-07-10,39.5
2020-07-13,39.5
2020-07-13,39.5
2020-07-14,39.5
2020-07-14,39
2020-07-15,39
2020-07-15,39
2020-07-16,39
2020-07-16,39
2020-07-17,39
2020-07-17,39
2020-07-20,39
2020-07-20,39
2020-07-21,39
2020-07-21,39
2020-07-22,39
2020-07-22,39
2020-07-23,39
2020-07-23,39
2020-07-27,39
2020-07-27,39
2020-07-28,39
2020-07-28,39
2020-07-29,39
2020-07-29,39
2020-07-30,39
2020-07-30,39
2020-07-31,39
2020-07-31,39
2020-08-03,39
2020-08-03,39
2020-08-04,39
2020-08-04,39
2020-08-05,39
2020-08-05,39
2020-08-06,39
2020-08-06,38.01
2020-08-07,38.01
2020-08-07,38.01
2020-08-10,38.01
2020-08-10,38.01
2020-08-10,38.01
2020-08-10,38.01
2020-08-10,38.01
2020-08-11,38.01
2020-08-11,38.01
2020-08-11,38.01
2020-08-11,38.01
2020-08-11,38.01
2020-08-12,38.01
2020-08-12,38.01
2020-08-12,38.01
2020-08-12,38.01
2020-08-12,38.01
2020-08-13,38.01
2020-08-13,38.01
2020-08-13,38.01
2020-08-13,38.01
2020-08-13,38.01
2020-08-14,38.01
2020-08-14,38.01
2020-08-14,38.01
2020-08-14,38.01
2020-08-14,38.01
2020-08-17,38.01
2020-08-17,38.01
2020-08-17,38.01
2020-08-17,38.01
2020-08-17,38.01
2020-08-18,38.01
2020-08-18,38.01
2020-08-18,38.01
2020-08-18,38.01
2020-08-18,38.01
2020-08-19,38.01
2020-08-19,38.01
2020-08-19,38.01
2020-08-19,38.01
2020-08-19,38.01
2020-08-20,38.01
2020-08-20,38.01
2020-08-20,38.01
2020-08-20,38.01
2020-08-20,38.01
2020-08-21,38.01
2020-08-21,38.01
2020-08-21,38.01
2020-08-21,38.01
2020-08-21,38.01
2020-08-24,38.01
2020-08-24,38.01
2020-08-24,38.01
2020-08-24,38.01
2020-08-24,38.01
2020-08-25,38.01
2020-08-25,38.01
2020-08-25,38.01
2020-08-25,38.01
2020-08-25,38.01
2020-08-26,38.01
2020-08-26,38.01
2020-08-26,38.01
2020-08-26,38.01
2020-08-26,38.01
2020-08-27,38.01
2020-08-27,38.01
2020-08-27,38.01
2020-08-27,38.01
2020-08-27,38.01
2020-08-28,38.01
2020-08-28,38.01
2020-08-28,38.01
2020-08-28,38.01
2020-08-28,38.01
2020-08-31,39
2020-08-31,39
2020-08-31,39
2020-08-31,39
2020-08-31,39
2020-09-01,39
2020-09-01,39
2020-09-01,39
2020-09-01,39
2020-09-01,39
2020-09-02,39
2020-09-02,39
2020-09-02,39
2020-09-02,39
2020-09-02,39
2020-09-03,39
2020-09-03,39
2020-09-03,39
2020-09-03,39
2020-09-03,39
2020-09-04,39
2020-09-04,39
2020-09-04,39
2020-09-04,39
2020-09-04,39
2020-09-07,39
2020-09-07,39
2020-09-07,39
2020-09-07,39
2020-09-07,39
2020-09-08,39
2020-09-08,39
2020-09-08,39
2020-09-08,39
2020-09-08,39
2020-09-09,39
2020-09-09,39
2020-09-09,39
2020-09-09,39
2020-09-09,39
2020-09-10,39
2020-09-10,39
2020-09-10,39
2020-09-10,39
2020-09-10,39
2020-09-11,39
2020-09-11,39
2020-09-11,39
2020-09-11,39
2020-09-11,39
2020-09-14,39
2020-09-14,39
2020-09-14,39
2020-09-14,39
2020-09-14,39
2020-09-15,39
2020-09-15,39
2020-09-15,39
2020-09-15,39
2020-09-15,39
2020-09-16,39
2020-09-16,39
2020-09-16,38.5
2020-09-16,38.5
2020-09-16,38.5
2020-09-17,38.5
2020-09-17,38.5
2020-09-17,38.5
2020-09-17,38.5
2020-09-17,38.5
2020-09-18,38.5
2020-09-18,38.5
2020-09-18,38.5
2020-09-18,38.5
2020-09-18,38.5
2020-09-21,38.5
2020-09-21,38.5
2020-09-21,38.5
2020-09-21,39
2020-09-21,39
2020-09-24,39
2020-09-24,39
2020-09-24,39
2020-09-24,39
2020-09-24,39
2020-09-25,39
2020-09-25,38.8
2020-09-25,38.8
2020-09-25,38.8
2020-09-25,38.8
2020-09-29,38.8
2020-09-29,38.8
2020-09-29,39.5
2020-09-29,39.5
2020-09-29,39.5
2020-09-30,39.5
2020-09-30,39.5
2020-09-30,39.5
2020-09-30,39.5
2020-09-30,39.5
2020-10-01,39.5
2020-10-01,39.5
2020-10-01,39.5
2020-10-01,39.5
2020-10-01,39.5
2020-10-02,39.5
2020-10-02,39.5
2020-10-02,39.5
2020-10-02,39.5
2020-10-02,39.5
2020-10-05,39.5
2020-10-05,39.5
2020-10-05,39.5
2020-10-05,39.5
2020-10-05,39.5
2020-10-06,39.5
2020-10-06,39.5
2020-10-06,39.5
2020-10-06,39.5
2020-10-06,39.5
2020-10-07,39.5
2020-10-07,39.5
2020-10-07,39.5
2020-10-07,39.5
2020-10-07,39.5
2020-10-08,39.5
2020-10-08,39.5
2020-10-08,39.5
2020-10-08,39.5
2020-10-08,39.5
2020-10-09,39.5
2020-10-09,39.5
2020-10-09,39.5
2020-10-09,39.5
2020-10-09,39.5
2020-10-12,39.5
2020-10-12,39.5
2020-10-12,39.5
2020-10-12,39.5
2020-10-12,39.5
2020-10-13,39.5
2020-10-13,39.5
2020-10-13,39.5
2020-10-13,39.5
2020-10-13,39.5
2020-10-14,39.5
2020-10-14,39.5
2020-10-14,39.5
2020-10-14,39.5
2020-10-14,39.5
2020-10-15,39.5
2020-10-15,39.5
2020-10-15,39.5
2020-10-15,39.5
2020-10-15,39.5
2020-10-16,39.5
2020-10-16,39.5
2020-10-16,39.5
2020-10-16,38.61
2020-10-16,38.61
2020-10-19,38.61
2020-10-19,38.61
2020-10-19,38.61
2020-10-19,38.61
2020-10-19,38.61
2020-10-20,38.61
2020-10-20,38.61
2020-10-20,38.61
2020-10-20,38.61
2020-10-20,38.61
2020-10-21,38.61
2020-10-21,38.61
2020-10-21,38.61
2020-10-21,38.61
2020-10-21,38.61
2020-10-22,38.61
2020-10-22,38.61
2020-10-22,38.61
2020-10-22,38.61
2020-10-22,38.61
2020-10-23,38.61
2020-10-23,38.61
2020-10-23,38.61
2020-10-23,38.61
2020-10-23,38.61
2020-10-27,38.61
2020-10-27,38.61
2020-10-27,38.61
2020-10-27,38.61
2020-10-27,38.61
2020-10-28,38.61
2020-10-28,38.61
2020-10-28,38.61
2020-10-28,38.61
2020-10-28,38.61
2020-10-29,40.5
2020-10-29,40.5
2020-10-29,40.5
2020-10-29,40.5
2020-10-29,40.5
2020-10-30,40.5
2020-10-30,40.5
2020-10-30,40.5
2020-10-30,40.5
2020-10-30,40.5
2020-11-02,40.5
2020-11-02,40.5
2020-11-02,40.5
2020-11-02,40.5
2020-11-02,40.5
2020-11-03,40.5
2020-11-03,40.5
2020-11-03,40.5
2020-11-03,40.5
2020-11-03,40.5
2020-11-04,40.5
2020-11-04,40.5
2020-11-04,40.5
2020-11-04,40
2020-11-04,40
2020-11-05,40
2020-11-05,40
2020-11-05,40
2020-11-05,40
2020-11-05,40
2020-11-06,40
2020-11-06,40
2020-11-06,40
2020-11-06,40
2020-11-06,40
2020-11-09,40
2020-11-09,40
2020-11-09,40
2020-11-09,40
2020-11-09,40
2020-11-10,40
2020-11-10,40
2020-11-10,40
2020-11-10,40
2020-11-10,40
2020-11-12,40
2020-11-12,40
2020-11-12,40
2020-11-12,40
2020-11-12,40
2020-11-13,40
2020-11-13,40
2020-11-13,40
2020-11-13,40
2020-11-13,40
2020-11-16,40
2020-11-16,40
2020-11-16,40
2020-11-16,40
2020-11-16,40
2020-11-17,40
2020-11-17,40
2020-11-17,40
2020-11-17,40
2020-11-17,40
2020-11-18,40
2020-11-18,40
2020-11-18,40
2020-11-18,40
2020-11-18,40
2020-11-19,40
2020-11-19,40
2020-11-19,40
2020-11-19,40
2020-11-19,40
2020-11-20,19.5
2020-11-20,19.5
2020-11-20,40
2020-11-20,40
2020-11-20,40
2020-11-23,40
2020-11-23,40
2020-11-23,40
2020-11-23,40
2020-11-23,40
2020-11-24,40
2020-11-24,40
2020-11-24,40
2020-11-24,40
2020-11-24,40
2020-11-25,40
2020-11-25,40
2020-11-25,40
2020-11-25,40
2020-11-25,40
2020-11-26,40
2020-11-26,39.8
2020-11-26,39.8
2020-11-26,39.8
2020-11-26,39.8
2020-11-27,39.8
2020-11-27,39.8
2020-11-27,39.8
2020-11-27,39.8
2020-11-27,39.8
2020-11-30,39.8
2020-11-30,39.8
2020-11-30,39.8
2020-11-30,39.8
2020-11-30,39.8
2020-12-01,39.8
2020-12-01,39.8
2020-12-01,39.8
2020-12-01,39.8
2020-12-01,39.8
2020-12-02,39.8
2020-12-02,39.8
2020-12-02,39.8
2020-12-02,39.8
2020-12-02,39.8
2020-12-03,39.8
2020-12-03,39.8
2020-12-03,39.8
2020-12-03,39.8
2020-12-03,39.8
2020-12-04,39.8
2020-12-04,39.8
2020-12-04,39.8
2020-12-04,39.8
2020-12-04,39.8
2020-12-07,39.8
2020-12-07,39.8
2020-12-07,39.8
2020-12-07,39.8
2020-12-07,39.8
2020-12-08,39.8
2020-12-08,39.8
2020-12-08,39.8
2020-12-08,39.8
2020-12-08,39.8
2020-12-09,39.8
2020-12-09,39.8
2020-12-09,39.8
2020-12-09,39.8
2020-12-09,39.8
2020-12-10,39.8
2020-12-10,39.8
2020-12-10,39.8
2020-12-10,39.8
2020-12-10,39.8
2020-12-11,39.8
2020-12-11,40
2020-12-11,40
2020-12-11,40
2020-12-11,40
2020-12-14,40
2020-12-14,40
2020-12-14,40
2020-12-14,40
2020-12-14,40
2020-12-15,40
2020-12-15,40
2020-12-15,40
2020-12-15,40
2020-12-15,40
2020-12-16,39.1
2020-12-16,39.1
2020-12-16,39.1
2020-12-16,39.1
2020-12-16,39.1
2020-12-18,39.1
2020-12-18,39.1
2020-12-18,39.1
2020-12-18,39.1
2020-12-18,39.1
2020-12-21,39.1
2020-12-21,39.1
2020-12-21,39.1
2020-12-21,39.1
2020-12-21,39.1
2020-12-22,19.5
2020-12-22,19.5
2020-12-22,19.5
2020-12-23,39.1
2020-12-23,39.1
2020-12-23,39.1
2020-12-23,39.1
2020-12-24,39.1
2020-12-24,39.1
2020-12-24,39.1
2020-12-24,39.1
2020-12-24,39.1
2020-12-25,39.1
2020-12-25,39.1
2020-12-25,39.1
2020-12-25,39.1
2020-12-25,39.1
2020-12-28,39.1
2020-12-28,39.1
2020-12-28,39.1
2020-12-28,39.1
2020-12-28,39.1
2020-12-29,39.1
2020-12-29,39.1
2020-12-29,39.1
2020-12-29,39.1
2020-12-29,39.1
2020-12-30,39.1
2020-12-30,39.1
2020-12-30,39.1
2020-12-30,39.1
2020-12-30,39.1
2020-12-31,39.1
2020-12-31,39.1
2020-12-31,39.1
2020-12-31,39.1
2020-12-31,39.1
2021-01-01,39.1
2021-01-01,39.1
2021-01-01,39.1
2021-01-01,39.1
2021-01-01,39.1
2021-01-04,39.1
2021-01-04,39.1
2021-01-04,39.1
2021-01-04,39.1
2021-01-04,39.1
2021-01-05,39.1
2021-01-05,39.1
2021-01-05,39.1
2021-01-05,39.1
2021-01-05,39.1
2021-01-06,39.1
2021-01-06,39.1
2021-01-06,39.1
2021-01-06,39.1
2021-01-06,39.1
2021-01-07,39.1
2021-01-07,39.1
2021-01-07,39.1
2021-01-07,39.1
2021-01-07,39.1
2021-01-08,39.1
2021-01-08,39.1
2021-01-08,39.1
2021-01-08,39.1
2021-01-08,39.1
2021-01-11,39.1
2021-01-11,39.1
2021-01-11,39.1
2021-01-11,39.1
2021-01-11,39.1
2021-01-12,39.1
2021-01-12,39.1
2021-01-12,39.1
2021-01-12,39.1
2021-01-12,39.1
2021-01-13,39.1
2021-01-13,39.1
2021-01-13,39.1
2021-01-13,39.1
2021-01-13,39.1
2021-01-15,39.1
2021-01-15,39.1
2021-01-15,39.1
2021-01-15,39.1
2021-01-15,39.1
2021-01-18,39.1
2021-01-18,39.1
2021-01-18,39.1
2021-01-18,39.1
2021-01-18,39.1
2021-01-19,39.1
2021-01-19,39.1
2021-01-19,39.1
2021-01-19,39.1
2021-01-19,39.1
2021-01-20,39.1
2021-01-20,39.1
2021-01-20,39.1
2021-01-20,39.1
2021-01-20,39.1
2021-01-21,39.1
2021-01-21,39.1
2021-01-21,39.1
2021-01-21,39.1
2021-01-21,39.1
2021-01-22,39.1
2021-01-22,39.1
2021-01-22,39.1
2021-01-22,39.1
2021-01-22,39.1
2021-01-25,39.1
2021-01-25,39.1
2021-01-25,39.1
2021-01-25,39.1
2021-01-25,39.1
2021-01-26,39.1
2021-01-26,39.1
2021-01-26,39.1
2021-01-26,39.1
2021-01-26,39.1
2021-01-27,39.1
2021-01-27,39.1
2021-01-27,39.1
2021-01-27,39.1
2021-01-27,39.1
2021-01-28,39.1
2021-01-28,39.1
2021-01-28,39.1
2021-01-28,39.1
2021-01-28,39.1
2021-01-29,39.1
2021-01-29,39.1
2021-01-29,39.1
2021-01-29,39.1
2021-01-29,39.1
2021-02-01,39.1
2021-02-01,39.1
2021-02-01,39.1
2021-02-01,39.1
2021-02-01,39.1
2021-02-02,39.1
2021-02-02,39.1
2021-02-02,39.1
2021-02-02,39.1
2021-02-02,39.1
2021-02-03,39.1
2021-02-03,39.1
2021-02-03,39.1
2021-02-03,39.1
2021-02-03,39.1
2021-02-04,39.1
2021-02-04,39.1
2021-02-04,39.1
2021-02-04,39.1
2021-02-04,39.1
2021-02-05,39.1
2021-02-05,39.1
2021-02-05,39.1
2021-02-05,39.1
2021-02-05,39.1
2021-02-08,39.1
2021-02-08,39.1
2021-02-08,39.1
2021-02-08,39.1
2021-02-08,39.1
2021-02-09,39.1
2021-02-09,39.1
2021-02-09,39.1
2021-02-09,39.1
2021-02-09,39.1
2021-02-10,39.1
2021-02-10,39.1
2021-02-10,39.1
2021-02-10,40.5
2021-02-10,40.5
2021-02-11,40.5
2021-02-11,40.5
2021-02-11,40.5
2021-02-11,40.5
2021-02-11,40.5
2021-02-15,40.5
2021-02-15,40.5
2021-02-15,40.5
2021-02-15,40.5
2021-02-15,40.5
2021-02-16,40.5
2021-02-16,40.5
2021-02-16,40.5
2021-02-16,40.5
2021-02-16,40.5
2021-02-17,40.5
2021-02-17,40.5
2021-02-17,40.5
2021-02-17,40.5
2021-02-17,40.5
2021-02-18,40.5
2021-02-18,40.5
2021-02-18,40.5
2021-02-18,40.5
2021-02-18,40.5
2021-02-19,40.5
2021-02-19,40.5
2021-02-19,40.5
2021-02-19,40.5
2021-02-19,40.5
2021-02-24,40.5
2021-02-24,40.5
2021-02-24,40.5
2021-02-24,40.5
2021-02-24,40.5
2021-02-25,40.5
2021-02-25,40.5
2021-02-25,40.5
2021-02-25,40.5
2021-02-25,40.5
2021-02-26,40.5
2021-02-26,40.5
2021-02-26,40.5
2021-02-26,40.5
2021-02-26,40.5
2021-03-01,40.5
2021-03-01,40.5
2021-03-01,40.5
2021-03-01,40.5
2021-03-01,40.5
2021-03-02,40.5
2021-03-02,40.5
2021-03-02,40.5
2021-03-02,40.5
2021-03-02,40.5
2021-03-03,40.5
2021-03-03,40.5
2021-03-03,40.5
2021-03-03,40.5
2021-03-03,40.5
2021-03-04,40.5
2021-03-04,40.5
2021-03-04,40.5
2021-03-04,40.5
2021-03-04,40.5
2021-03-05,40.5
2021-03-05,40.5
2021-03-05,40.5
2021-03-05,40.5
2021-03-05,40.5
2021-03-08,40.5
2021-03-08,40.5
2021-03-08,40.5
2021-03-08,40.5
2021-03-08,40.5
2021-03-09,40.5
2021-03-09,40.5
2021-03-09,40.5
2021-03-09,40.5
2021-03-09,40.5
2021-03-10,40.5
2021-03-10,40
2021-03-10,40
2021-03-10,40
2021-03-10,40
2021-03-11,40
2021-03-11,40
2021-03-11,40
2021-03-11,40
2021-03-11,40
2021-03-12,40
2021-03-12,40
2021-03-12,40
2021-03-12,40
2021-03-12,40
2021-03-15,40
2021-03-15,40
2021-03-15,40
2021-03-15,40
2021-03-15,40
2021-03-16,40
2021-03-16,40
2021-03-16,40
2021-03-16,40
2021-03-16,40
2021-03-17,40
2021-03-17,40
2021-03-17,40
2021-03-17,40
2021-03-17,40
2021-03-18,40
2021-03-18,40
2021-03-18,40
2021-03-18,40
2021-03-18,40
2021-03-19,40
2021-03-19,40
2021-03-19,40
2021-03-19,40
2021-03-19,40
2021-03-22,40
2021-03-22,40
2021-03-22,40
2021-03-22,40
2021-03-22,40
2021-03-23,40
2021-03-23,40
2021-03-23,40
2021-03-23,40
2021-03-23,40
2021-03-24,40
2021-03-24,40
2021-03-24,40
2021-03-24,40
2021-03-24,40
2021-03-25,40
2021-03-25,40
2021-03-25,40
2021-03-25,40
2021-03-25,40
2021-03-26,40
2021-03-26,40
2021-03-26,40
2021-03-26,40
2021-03-26,40
2021-03-29,40
2021-03-29,40
2021-03-29,40
2021-03-29,40
2021-03-29,40
2021-03-30,40
2021-03-30,40
2021-03-30,40
2021-03-30,40
2021-03-30,40
2021-03-31,40
2021-03-31,40
2021-03-31,40
2021-03-31,40
2021-03-31,40
2021-04-01,40
2021-04-01,40
2021-04-01,40
2021-04-01,40
2021-04-01,40
2021-04-02,40
2021-04-02,40
2021-04-02,40
2021-04-02,40
2021-04-02,40
2021-04-05,40
2021-04-05,40
2021-04-05,40
2021-04-05,40
2021-04-05,40
2021-04-06,40
2021-04-06,40
2021-04-06,40
2021-04-06,40
2021-04-06,40
2021-04-07,40
2021-04-07,40
2021-04-07,40
2021-04-07,40
2021-04-07,40
2021-04-08,40
2021-04-08,40
2021-04-08,40
2021-04-08,40
2021-04-08,40
2021-04-09,40
2021-04-09,40
2021-04-09,40
2021-04-09,40
2021-04-09,40
2021-04-12,40
2021-04-12,40
2021-04-12,40
2021-04-12,40
2021-04-12,40
2021-04-13,40
2021-04-13,40
2021-04-13,40
2021-04-13,40
2021-04-13,40
2021-04-14,40
2021-04-14,40
2021-04-14,40
2021-04-14,40
2021-04-14,40
2021-04-15,40
2021-04-15,40
2021-04-15,40
2021-04-15,40
2021-04-15,40
2021-04-16,40
2021-04-16,40
2021-04-16,40
2021-04-16,40
2021-04-16,40
2021-04-19,40
2021-04-19,40
2021-04-19,40
2021-04-19,40
2021-04-19,40
2021-04-20,40
2021-04-20,40
2021-04-20,40
2021-04-20,40
2021-04-20,40
2021-04-21,40
2021-04-21,40
2021-04-21,40
2021-04-21,40
2021-04-21,40
2021-04-23,40
2021-04-23,40
2021-04-23,40
2021-04-26,40
2021-04-26,40
2021-04-26,40
2021-04-26,40
2021-04-26,40
2021-04-27,40
2021-04-27,40
2021-04-27,40
2021-04-27,40
2021-04-27,40
2021-04-29,40
2021-04-29,40
2021-04-29,40
2021-04-29,40
2021-04-29,40
2021-04-30,40
2021-04-30,40
2021-04-30,40
2021-04-30,40
2021-04-30,40
2021-05-03,40
2021-05-03,40
2021-05-03,40
2021-05-03,40
2021-05-03,40
2021-05-04,40
2021-05-04,40
2021-05-04,40
2021-05-04,40
2021-05-04,40
2021-05-05,40
2021-05-05,40
2021-05-05,40
2021-05-05,40
2021-05-05,40
2021-05-06,40
2021-05-06,40
2021-05-06,40
2021-05-06,40
2021-05-06,40
2021-05-07,40
2021-05-07,40
2021-05-07,40
2021-05-07,40
2021-05-07,40
2021-05-10,40
2021-05-10,40
2021-05-10,40
2021-05-10,40
2021-05-10,40
2021-05-11,40
2021-05-11,40
2021-05-11,40
2021-05-11,40
2021-05-11,40
2021-05-12,40
2021-05-12,40
2021-05-12,40
2021-05-12,40
2021-05-12,40
2021-05-13,40
2021-05-13,40
2021-05-13,40
2021-05-13,40
2021-05-13,40
2021-05-14,40
2021-05-14,40
2021-05-14,40
2021-05-14,40
2021-05-14,40
2021-05-17,40
2021-05-17,40
2021-05-17,40
2021-05-17,40
2021-05-17,40
2021-05-18,40
2021-05-18,40
2021-05-18,40
2021-05-18,40
2021-05-18,40
2021-05-19,40
2021-05-19,40
2021-05-19,40
2021-05-19,40
2021-05-19,40
2021-05-20,40
2021-05-20,40
2021-05-20,40
2021-05-20,40
2021-05-20,40
2021-05-21,40
2021-05-21,40
2021-05-21,40
2021-05-21,40
2021-05-21,40
2021-05-24,40
2021-05-24,40
2021-05-24,40
2021-05-24,40
2021-05-24,40
2021-05-25,40
2021-05-25,40
2021-05-25,40
2021-05-25,40
2021-05-25,40
2021-05-27,40
2021-05-27,40
2021-05-27,40
2021-05-27,40
2021-05-27,40
2021-05-28,40
2021-05-28,40
2021-05-28,40
2021-05-28,40
2021-05-28,40
2021-05-31,40
2021-05-31,40
2021-05-31,40
2021-05-31,40
2021-05-31,42
2021-06-01,42
2021-06-01,42
2021-06-01,42
2021-06-01,42
2021-06-01,42
2021-06-02,42
2021-06-02,42
2021-06-02,42
2021-06-02,42
2021-06-02,42
2021-06-03,42
2021-06-03,42
2021-06-03,42
2021-06-03,42
2021-06-03,42
2021-06-04,42
2021-06-04,42
2021-06-04,42
2021-06-04,42
2021-06-04,42
2021-06-07,42
2021-06-07,42
2021-06-07,42
2021-06-07,42
2021-06-07,42
2021-06-08,42
2021-06-08,42
2021-06-08,42
2021-06-08,42
2021-06-08,42
2021-06-09,42
2021-06-09,42
2021-06-09,42
2021-06-09,42
2021-06-09,42
2021-06-10,42
2021-06-10,42
2021-06-10,42
2021-06-10,42
2021-06-10,42
2021-06-11,42
2021-06-11,42
2021-06-11,42
2021-06-11,42
2021-06-11,42
2021-06-14,42
2021-06-14,42
2021-06-14,42
2021-06-14,42
2021-06-14,42
2021-06-15,42
2021-06-15,42
2021-06-15,42
2021-06-15,42
2021-06-15,42
2021-06-16,42
2021-06-16,42
2021-06-16,42
2021-06-16,42
2021-06-16,42
2021-06-17,42
2021-06-17,44
2021-06-17,44
2021-06-17,44
2021-06-17,44
2021-06-18,44
2021-06-18,44
2021-06-18,44
2021-06-18,44
2021-06-18,44
2021-06-21,44
2021-06-21,44
2021-06-21,44
2021-06-21,44
2021-06-21,44
2021-06-22,44
2021-06-22,44
2021-06-22,44
2021-06-22,44
2021-06-22,44
2021-06-23,44
2021-06-23,44
2021-06-23,44
2021-06-23,44
2021-06-23,44
2021-06-24,44
2021-06-24,44
2021-06-24,44
2021-06-24,44
2021-06-24,44
2021-06-25,44
2021-06-25,44
2021-06-25,44
2021-06-25,44
2021-06-25,44
2021-06-28,44
2021-06-28,44
2021-06-28,44
2021-06-28,44
2021-06-28,44
2021-06-29,44
2021-06-29,44
2021-06-29,44
2021-06-29,44
2021-06-29,44
2021-06-30,44
2021-06-30,44
2021-06-30,44
2021-06-30,44
2021-06-30,44
2021-07-01,44
2021-07-01,44
2021-07-01,44
2021-07-01,44
2021-07-01,44
2021-07-02,44
2021-07-02,44
2021-07-02,44
2021-07-02,44
2021-07-02,44
2021-07-05,44
2021-07-05,44
2021-07-05,44
2021-07-05,44
2021-07-05,44
2021-07-06,44
2021-07-06,44
2021-07-06,44
2021-07-06,44
2021-07-06,44
2021-07-07,44
2021-07-07,44
2021-07-07,44
2021-07-07,44
2021-07-07,44
2021-07-08,44
2021-07-08,44
2021-07-08,44
2021-07-08,44
2021-07-08,44
2021-07-09,44
2021-07-09,44
2021-07-09,44
2021-07-09,44
2021-07-09,44
2021-07-12,44
2021-07-12,44
2021-07-12,44
2021-07-12,44
2021-07-12,44
2021-07-13,44
2021-07-13,44
2021-07-15,44
2021-07-15,44
2021-07-15,44
2021-07-15,44
2021-07-15,44
2021-07-16,44
2021-07-16,44
2021-07-16,44
2021-07-16,44
2021-07-16,44
2021-07-19,44
2021-07-19,44
2021-07-19,44
2021-07-19,44
2021-07-19,44
2021-07-20,44
2021-07-20,44
2021-07-20,44
2021-07-20,44
2021-07-20,44
2021-07-21,44
2021-07-21,44
2021-07-21,44
2021-07-21,44
2021-07-21,44
2021-07-22,44
2021-07-22,44
2021-07-22,44
2021-07-22,46
2021-07-22,46
2021-07-23,46
2021-07-23,46
2021-07-23,46
2021-07-23,46
2021-07-23,46
2021-07-26,46
2021-07-26,46
2021-07-26,46
2021-07-26,46
2021-07-26,46
2021-07-27,46
2021-07-27,46
2021-07-27,46
2021-07-27,46
2021-07-27,46
2021-07-28,46
2021-07-28,46
2021-07-28,46
2021-07-28,46
2021-07-28,46
2021-07-29,46
2021-07-29,46
2021-07-29,46
2021-07-29,46
2021-07-29,46
2021-07-30,46
2021-07-30,46
2021-07-30,46
2021-07-30,46
2021-07-30,46
2021-08-02,46
2021-08-02,46
2021-08-02,46
2021-08-02,46
2021-08-02,46
2021-08-03,46
2021-08-03,46
2021-08-03,46
2021-08-03,46
2021-08-03,46
2021-08-04,46
2021-08-04,46
2021-08-04,46
2021-08-04,46
2021-08-04,46
2021-08-05,46
2021-08-05,46
2021-08-05,46
2021-08-05,46
2021-08-05,46
2021-08-06,46
2021-08-06,46
2021-08-06,46
2021-08-06,46
2021-08-06,46
2021-08-09,46
2021-08-09,46
2021-08-09,46
2021-08-09,46
2021-08-09,46
2021-08-10,46
2021-08-10,46
2021-08-10,46
2021-08-10,46
2021-08-10,46
2021-08-11,46
2021-08-11,46
2021-08-11,46
2021-08-11,46
2021-08-11,46
2021-08-12,46
2021-08-12,46
2021-08-12,46
2021-08-12,46
2021-08-12,46
2021-08-13,46
2021-08-13,46
2021-08-13,46
2021-08-13,46
2021-08-13,46
2021-08-16,46
2021-08-16,46
2021-08-16,46
2021-08-16,46
2021-08-16,46
2021-08-17,46
2021-08-17,46
2021-08-17,46
2021-08-17,46
2021-08-17,46
2021-08-18,46
2021-08-18,46
2021-08-18,46
2021-08-18,46
2021-08-18,46
2021-08-19,46
2021-08-19,46
2021-08-19,46
2021-08-19,46
2021-08-19,46
2021-08-20,46
2021-08-20,46
2021-08-20,46
2021-08-20,46
2021-08-20,46
2021-08-23,46
2021-08-23,46
2021-08-23,46
2021-08-23,46
2021-08-23,46
2021-08-24,46
2021-08-24,46
2021-08-24,46
2021-08-24,46
2021-08-24,46
2021-08-25,46
2021-08-25,46
2021-08-25,46
2021-08-25,46
2021-08-25,46
2021-08-26,46
2021-08-26,46
2021-08-26,46
2021-08-26,46
2021-08-26,46
2021-08-27,46
2021-08-27,46
2021-08-27,46
2021-08-27,46
2021-08-27,46
2021-08-30,46
2021-08-30,46
2021-08-30,46
2021-08-30,46
2021-08-30,46
2021-08-31,46
2021-08-31,46
2021-08-31,46
2021-08-31,46
2021-08-31,46
2021-09-01,46
2021-09-01,46
2021-09-01,46
2021-09-01,46
2021-09-01,46
2021-09-02,46
2021-09-02,46
2021-09-02,46
2021-09-02,46
2021-09-02,46
2021-09-03,46
2021-09-03,46
2021-09-03,46
2021-09-03,46
2021-09-03,46
2021-09-06,46
2021-09-06,46
2021-09-06,46
2021-09-06,46
2021-09-06,46
2021-09-07,46
2021-09-07,46
2021-09-07,46
2021-09-07,46
2021-09-07,46
2021-09-08,46
2021-09-08,46
2021-09-08,46
2021-09-08,46
2021-09-08,46
2021-09-09,46
2021-09-09,46
2021-09-09,46
2021-09-09,46
2021-09-09,46
2021-09-10,46
2021-09-10,46
2021-09-10,46
2021-09-10,46
2021-09-10,46
2021-09-13,46
2021-09-13,46
2021-09-13,46
2021-09-13,48.3
2021-09-13,48.3
2021-09-14,48.3
2021-09-14,48.3
2021-09-14,48.3
2021-09-14,48.3
2021-09-14,48.3
2021-09-15,48.3
2021-09-15,48.3
2021-09-15,48.3
2021-09-15,48.3
2021-09-15,48.3
2021-09-20,48.3
2021-09-20,48.3
2021-09-20,48.3
2021-09-20,48.3
2021-09-20,48.3
2021-09-21,48.3
2021-09-21,48.3
2021-09-21,48.3
2021-09-21,48.3
2021-09-21,48.3
2021-09-22,48.3
2021-09-22,48.3
2021-09-22,48.3
2021-09-22,48.3
2021-09-22,48.3
2021-09-23,48.3
2021-09-23,48.3
2021-09-23,48.3
2021-09-23,48.3
2021-09-23,48.3
2021-09-24,48.3
2021-09-24,48.3
2021-09-24,48.3
2021-09-24,48.3
2021-09-24,48.3
2021-09-27,48.3
2021-09-27,48.3
2021-09-27,48.3
2021-09-27,48.3
2021-09-27,48.3
2021-09-28,48.3
2021-09-28,48.3
2021-09-28,48.3
2021-09-28,48.3
2021-09-28,48.3
2021-09-29,48.3
2021-09-29,48.3
2021-09-29,48.3
2021-09-29,48.3
2021-09-29,48.3
2021-09-30,48.3
2021-09-30,48.3
2021-09-30,48.3
2021-09-30,48.3
2021-09-30,48.3
2021-10-01,48.3
2021-10-01,48.3
2021-10-01,48.3
2021-10-01,48.3
2021-10-01,48.3
2021-10-04,48.3
2021-10-04,48.3
2021-10-04,48.3
2021-10-04,48.3
2021-10-04,48.3
2021-10-05,48.3
2021-10-05,48.3
2021-10-05,48.3
2021-10-05,48.3
2021-10-05,48.3
2021-10-06,48.3
2021-10-06,48.3
2021-10-06,48.3
2021-10-06,48.3
2021-10-06,48.3
2021-10-07,48.3
2021-10-07,48.3
2021-10-07,48.3
2021-10-07,48.3
2021-10-07,48.3
2021-10-08,48.3
2021-10-08,48.3
2021-10-08,48.3
2021-10-08,48.3
2021-10-08,48.3
2021-10-11,48.3
2021-10-11,48.3
2021-10-11,48.3
2021-10-11,48.3
2021-10-11,48.3
2021-10-12,48.3
2021-10-12,48.3
2021-10-12,48.3
2021-10-12,48.3
2021-10-12,48.3
2021-10-13,48.3
2021-10-13,48.3
2021-10-13,48.3
2021-10-13,48.3
2021-10-13,48.3
2021-10-14,48.3
2021-10-14,48.3
2021-10-14,48.3
2021-10-14,48.3
2021-10-14,48.3
2021-10-18,48.3
2021-10-18,48.3
2021-10-18,48.3
2021-10-18,48.3
2021-10-18,48.3
2021-10-19,48.3
2021-10-19,48.3
2021-10-19,48.3
2021-10-19,48.3
2021-10-19,48.3
2021-10-20,48.3
2021-10-20,48.3
2021-10-20,48.3
2021-10-20,48.3
2021-10-20,48.3
2021-10-21,48.3
2021-10-21,48.3
2021-10-21,48.3
2021-10-21,48.3
2021-10-21,48.3
2021-10-22,48.3
2021-10-22,48.3
2021-10-22,48.3
2021-10-22,48.3
2021-10-22,48.3
2021-10-25,48.3
2021-10-25,48.3
2021-10-25,48.3
2021-10-25,48.3
2021-10-25,48.3
2021-10-26,48.3
2021-10-26,48.3
2021-10-26,48.3
2021-10-26,48.3
2021-10-26,48.3
2021-10-28,48.3
2021-10-28,48.3
2021-10-28,48.3
2021-10-28,48.3
2021-10-28,48.3
2021-10-29,48.3
2021-10-29,48.3
2021-10-29,48.3
2021-10-29,48.3
2021-10-29,48.3
2021-11-02,48.3
2021-11-02,48.3
2021-11-02,48.3
2021-11-02,48.3
2021-11-02,48.3
2021-11-03,48.3
2021-11-03,48.3
2021-11-03,48.3
2021-11-03,48.3
2021-11-03,48.3
2021-11-04,48.3
2021-11-04,48.3
2021-11-04,48.3
2021-11-04,48.3
2021-11-04,48.3
2021-11-05,48.3
2021-11-05,48.3
2021-11-05,48.3
2021-11-05,48.3
2021-11-05,48.3
2021-11-08,48.3
2021-11-08,48.3
2021-11-08,48.3
2021-11-08,48.3
2021-11-08,48.3
2021-11-09,48.3
2021-11-09,48.3
2021-11-09,48.3
2021-11-09,48.3
2021-11-09,48.3
2021-11-10,48.3
2021-11-10,48.3
2021-11-10,48.3
2021-11-10,48.3
2021-11-10,48.3
2021-11-12,48.3
2021-11-12,48.3
2021-11-12,48.3
2021-11-12,48.3
2021-11-12,48.3
2021-11-15,48.3
2021-11-15,48.3
2021-11-15,48.3
2021-11-15,48.3
2021-11-15,48.3
2021-11-16,48.3
2021-11-16,48.3
2021-11-16,48.3
2021-11-16,48.3
2021-11-16,48.3
2021-11-17,48.3
2021-11-17,48.3
2021-11-17,48.3
2021-11-17,48.3
2021-11-17,48.3
2021-11-18,48.3
2021-11-18,48.3
2021-11-18,48.3
2021-11-18,48.3
2021-11-18,48.3
2021-11-19,48.3
2021-11-19,48.3
2021-11-19,48.3
2021-11-19,48.3
2021-11-19,48.3
2021-11-22,48.3
2021-11-22,48.3
2021-11-22,48.3
2021-11-22,48.3
2021-11-22,48.3
2021-11-23,48.3
2021-11-23,48.3
2021-11-23,48.3
2021-11-23,48.3
2021-11-23,48.3
2021-11-24,48.3
2021-11-24,48.3
2021-11-24,48.3
2021-11-24,48.3
2021-11-24,48.3
2021-11-25,48.3
2021-11-25,48.3
2021-11-25,48.3
2021-11-25,48.3
2021-11-25,48.3
2021-11-26,48.3
2021-11-26,48.3
2021-11-26,48.3
2021-11-26,48.3
2021-11-26,48.3
2021-11-29,48.3
2021-11-29,48.3
2021-11-29,48.3
2021-11-29,48.3
2021-11-29,48.3
2021-11-30,48.3
2021-11-30,48.3
2021-11-30,48.3
2021-11-30,48.3
2021-12-01,48.3
2021-12-01,48.3
2021-12-01,48.3
2021-12-01,48.3
2021-12-01,48.3
2021-12-02,48.3
2021-12-02,48.3
2021-12-02,48.3
2021-12-02,48.3
2021-12-02,48.3
2021-12-03,48.3
2021-12-03,48.3
2021-12-03,48.3
2021-12-03,48.3
2021-12-03,48.3
2021-12-06,48.3
2021-12-06,48.3
2021-12-06,48.3
2021-12-06,48.3
2021-12-06,48.3
2021-12-07,48.3
2021-12-07,48.3
2021-12-07,48.3
2021-12-07,48.3
2021-12-07,48.3
2021-12-08,48.3
2021-12-08,48.3
2021-12-08,48.3
2021-12-08,48.3
2021-12-08,48.3
2021-12-09,48.3
2021-12-09,48.3
2021-12-09,48.3
2021-12-09,48.3
2021-12-09,48.3
2021-12-10,48.3
2021-12-10,48.3
2021-12-10,48.3
2021-12-10,48.3
2021-12-10,48.3
2021-12-13,48.3
2021-12-13,48.3
2021-12-13,48.3
2021-12-13,48.3
2021-12-13,46
2021-12-14,46
2021-12-14,46
2021-12-14,46
2021-12-14,46
2021-12-14,46
2021-12-15,46
2021-12-15,46
2021-12-15,46
2021-12-15,46
2021-12-15,46
2021-12-16,46
2021-12-16,46
2021-12-16,46
2021-12-16,46
2021-12-16,46
2021-12-20,46
2021-12-20,46
2021-12-20,46
2021-12-20,46
2021-12-21,46
2021-12-21,46
2021-12-21,46
2021-12-21,46
2021-12-21,46
2021-12-23,46
2021-12-23,46
2021-12-23,46
2021-12-23,46
2021-12-23,46
2021-12-24,46
2021-12-24,46
2021-12-24,46
2021-12-24,46
2021-12-24,46
2021-12-27,46
2021-12-27,46
2021-12-27,46
2021-12-27,43.8
2021-12-27,43.8
2021-12-28,43.8
2021-12-28,44.05
2021-12-28,44.05
2021-12-28,43.85
2021-12-28,43
2021-12-29,43
2021-12-29,43
2021-12-29,43
2021-12-29,43
2021-12-29,43
2021-12-30,43
2021-12-30,43
2021-12-30,43
2021-12-30,43
2021-12-30,43
2021-12-31,43
2021-12-31,43
2021-12-31,43
2021-12-31,43
2021-12-31,43
2022-01-03,43.9
2022-01-03,43.9
2022-01-03,43.9
2022-01-03,43.9
2022-01-03,43.9
2022-01-04,43.9
2022-01-04,43.9
2022-01-04,43.9
2022-01-04,43.9
2022-01-04,43.9
2022-01-05,43.9
2022-01-05,43.9
2022-01-05,43.9
2022-01-05,43.9
2022-01-05,43.9
2022-01-06,43.9
2022-01-06,43.9
2022-01-06,43.9
2022-01-06,43.9
2022-01-06,43.9
2022-01-07,43.9
2022-01-07,43.9
2022-01-07,43.9
2022-01-07,43.9
2022-01-07,43.9
2022-01-10,43.9
2022-01-10,43.9
2022-01-10,43.9
2022-01-10,43.9
2022-01-10,43.9
2022-01-11,43.9
2022-01-11,43.9
2022-01-11,43.9
2022-01-11,43.9
2022-01-11,43.9
2022-01-12,44
2022-01-12,44
2022-01-12,44
2022-01-12,44
2022-01-12,44
2022-01-13,44
2022-01-13,44
2022-01-13,44
2022-01-13,44
2022-01-13,44
2022-01-14,44
2022-01-14,44
2022-01-14,44
2022-01-14,44
2022-01-14,44
2022-01-17,44
2022-01-17,44
2022-01-17,44
2022-01-17,44
2022-01-17,44
2022-01-18,44
2022-01-18,44
2022-01-18,44
2022-01-18,44
2022-01-18,44
2022-01-19,44
2022-01-19,44
2022-01-19,44
2022-01-19,44
2022-01-19,44
2022-01-20,44
2022-01-20,44
2022-01-20,44
2022-01-20,44
2022-01-20,44
2022-01-21,44
2022-01-21,44
2022-01-21,44
2022-01-21,44
2022-01-21,44
2022-01-24,44
2022-01-24,44
2022-01-24,44
2022-01-24,44
2022-01-24,44
2022-01-25,44
2022-01-25,44
2022-01-25,44
2022-01-25,44
2022-01-25,44
2022-01-26,44
2022-01-26,44
2022-01-26,44
2022-01-26,44
2022-01-26,44
2022-01-27,44
2022-01-27,44
2022-01-27,44
2022-01-27,44
2022-01-27,44
2022-01-28,44
2022-01-28,44
2022-01-28,44
2022-01-28,44
2022-01-28,44
2022-01-31,44
2022-01-31,44
2022-01-31,44
2022-01-31,44
2022-01-31,44
2022-02-01,44
2022-02-01,44
2022-02-01,44
2022-02-01,44
2022-02-01,44
2022-02-03,44
2022-02-03,44
2022-02-03,44
2022-02-03,44
2022-02-03,44
2022-02-04,44
2022-02-04,44
2022-02-04,44
2022-02-04,44
2022-02-04,44
2022-02-07,44
2022-02-07,44
2022-02-07,44
2022-02-07,44
2022-02-07,44
2022-02-08,44
2022-02-08,44
2022-02-08,44
2022-02-08,44
2022-02-08,44
2022-02-09,44
2022-02-09,44
2022-02-09,44
2022-02-09,44
2022-02-09,44
2022-02-10,44
2022-02-10,44
2022-02-10,44
2022-02-10,44
2022-02-10,44
2022-02-11,44
2022-02-11,44
2022-02-11,44
2022-02-11,44
2022-02-11,44
2022-02-14,44
2022-02-14,44
2022-02-14,44
2022-02-14,44
2022-02-14,44
2022-02-15,44
2022-02-15,44
2022-02-15,44
2022-02-15,44
2022-02-15,44
2022-02-16,44
2022-02-16,44
2022-02-16,44
2022-02-16,44
2022-02-16,44
2022-02-17,44
2022-02-17,43
2022-02-17,43
2022-02-17,43
2022-02-17,43
2022-02-18,43
2022-02-18,43
2022-02-18,43
2022-02-18,43
2022-02-18,43
2022-02-24,43
2022-02-24,43
2022-02-24,43
2022-02-24,43
2022-02-24,43
2022-02-25,43
2022-02-25,43
2022-02-25,43
2022-02-25,43
2022-02-25,43
2022-02-28,43
2022-02-28,43
2022-02-28,43
2022-02-28,43
2022-02-28,43
2022-03-01,43
2022-03-01,43
2022-03-01,43
2022-03-01,43
2022-03-01,43
2022-03-02,43
2022-03-02,43
2022-03-02,43
2022-03-02,43
2022-03-02,43
2022-03-07,43
2022-03-07,43
2022-03-07,43
2022-03-07,43
2022-03-07,43
2022-03-08,43
2022-03-08,43
2022-03-08,43
2022-03-08,43
2022-03-08,43
2022-03-09,43
2022-03-09,43
2022-03-09,43
2022-03-09,43
2022-03-09,43
2022-03-10,43
2022-03-10,43
2022-03-10,43
2022-03-10,43
2022-03-10,43
2022-03-11,43
2022-03-11,43
2022-03-11,43
2022-03-11,43
2022-03-11,43
2022-03-14,43
2022-03-14,43
2022-03-14,43
2022-03-14,43
2022-03-14,43
2022-03-15,43
2022-03-15,43
2022-03-15,43
2022-03-15,43
2022-03-15,43
2022-03-16,43
2022-03-16,43
2022-03-16,43
2022-03-16,43
2022-03-16,43
2022-03-17,43
2022-03-17,43
2022-03-17,43
2022-03-17,43
2022-03-17,43
2022-03-18,43
2022-03-18,43
2022-03-18,43
2022-03-18,43
2022-03-18,43
2022-03-21,43
2022-03-21,43
2022-03-21,43
2022-03-21,43
2022-03-21,43
2022-03-22,43
2022-03-22,43
2022-03-22,43
2022-03-22,43
2022-03-22,43
2022-03-23,43
2022-03-23,43
2022-03-23,43
2022-03-23,43
2022-03-23,43
2022-03-24,43.5
2022-03-24,43.5
2022-03-24,43.5
2022-03-24,43.5
2022-03-24,43.5
2022-03-25,43.5
2022-03-25,43.5
2022-03-25,43.5
2022-03-25,43.5
2022-03-25,43.5
2022-03-28,43.5
2022-03-28,43.5
2022-03-28,43.5
2022-03-28,43.5
2022-03-28,43.5
2022-03-29,43.5
2022-03-29,43.5
2022-03-29,43.5
2022-03-29,43.5
2022-03-29,43.5
2022-03-30,43.5
2022-03-30,43.5
2022-03-30,43.5
2022-03-30,43.5
2022-03-30,43.5
2022-03-31,43.5
2022-03-31,43.5
2022-03-31,43.5
2022-03-31,43.5
2022-03-31,43.5
2022-04-01,43.5
2022-04-01,43.5
2022-04-01,43.5
2022-04-01,43.5
2022-04-01,43.5
2022-04-04,43.5
2022-04-04,43.5
2022-04-04,43.5
2022-04-04,43.5
2022-04-04,43.5
2022-04-05,43.5
2022-04-05,43.5
2022-04-05,43.5
2022-04-05,45
2022-04-05,45
2022-04-06,45
2022-04-06,45
2022-04-06,45
2022-04-06,45
2022-04-06,45
2022-04-07,45
2022-04-07,45
2022-04-07,45
2022-04-07,45
2022-04-07,45
2022-04-08,45
2022-04-08,45
2022-04-08,45
2022-04-08,45
2022-04-08,45
2022-04-11,45
2022-04-11,45
2022-04-11,45
2022-04-11,45
2022-04-11,45
2022-04-12,45
2022-04-12,45
2022-04-12,45
2022-04-12,45
2022-04-12,45
2022-04-13,45
2022-04-13,45
2022-04-13,45
2022-04-13,45
2022-04-13,45
2022-04-14,45
2022-04-14,45
2022-04-14,45
2022-04-14,45
2022-04-15,45
2022-04-15,45
2022-04-15,45
2022-04-15,45
2022-04-15,45
2022-04-18,45
2022-04-18,45
2022-04-18,45
2022-04-18,45
2022-04-18,45
2022-04-19,45
2022-04-19,45
2022-04-19,45
2022-04-19,45
2022-04-19,45
2022-04-20,45
2022-04-20,45
2022-04-20,45
2022-04-20,45
2022-04-20,45
2022-04-21,45
2022-04-21,45
2022-04-21,45
2022-04-21,45
2022-04-21,45
2022-04-22,45
2022-04-22,45
2022-04-22,45
2022-04-22,45
2022-04-22,45
2022-04-25,45
2022-04-25,45
2022-04-25,45
2022-04-25,45
2022-04-25,45.5
2022-04-26,45.5
2022-04-26,45.5
2022-04-26,45.5
2022-04-26,45.5
2022-04-26,45.5
2022-04-27,45.5
2022-04-27,45.5
2022-04-27,45.5
2022-04-27,45.5
2022-04-27,45.5
2022-04-28,45.5
2022-04-28,45.5
2022-04-28,45.5
2022-04-28,45.5
2022-04-28,45.5
2022-04-29,45.5
2022-04-29,45.5
2022-04-29,45.5
2022-04-29,45.5
2022-04-29,45.5
2022-05-03,45.5
2022-05-03,45.5
2022-05-03,45.5
2022-05-03,45.5
2022-05-03,45.5
2022-05-04,45.5
2022-05-04,45.5
2022-05-04,45.5
2022-05-04,45.5
2022-05-04,45.5
2022-05-05,45.5
2022-05-05,45.5
2022-05-05,45.5
2022-05-05,45.5
2022-05-05,45.1
2022-05-06,45.1
2022-05-06,45.1
2022-05-06,45.1
2022-05-06,45.1
2022-05-06,45.1
2022-05-09,45.1
2022-05-09,45.1
2022-05-09,45.1
2022-05-09,45.1
2022-05-10,45.1
2022-05-10,45.1
2022-05-10,45.1
2022-05-10,45.1
2022-05-10,45.1
2022-05-12,45.1
2022-05-12,45.1
2022-05-12,45.1
2022-05-12,45.1
2022-05-12,45.1
2022-05-13,45.1
2022-05-13,45.1
2022-05-13,45.1
2022-05-13,45.1
2022-05-13,45.1
2022-05-16,45.1
2022-05-16,45.1
2022-05-16,45.1
2022-05-16,45.1
2022-05-16,45.1
2022-05-17,45.1
2022-05-17,45.1
2022-05-17,45.1
2022-05-17,45.1
2022-05-17,45.1
2022-05-18,45.1
2022-05-18,45.1
2022-05-18,45.1
2022-05-18,45.1
2022-05-18,45.1
2022-05-19,45.1
2022-05-19,45.1
2022-05-19,45.1
2022-05-19,45.1
2022-05-19,45.1
2022-05-20,45.1
2022-05-20,45.1
2022-05-20,45.1
2022-05-20,45.1
2022-05-20,45.1
2022-05-23,45.1
2022-05-23,45.1
2022-05-23,45.1
2022-05-23,45.1
2022-05-23,45.1
2022-05-24,45.1
2022-05-24,45.1
2022-05-24,45.1
2022-05-24,45.1
2022-05-24,43.5
2022-05-25,43.5
2022-05-25,43.5
2022-05-25,43.5
2022-05-25,43.5
2022-05-25,43.5
2022-05-26,43.5
2022-05-26,43.5
2022-05-26,43.5
2022-05-26,43.5
2022-05-26,43.5
2022-05-27,43.5
2022-05-27,43.5
2022-05-27,43.5
2022-05-27,43.5
2022-05-27,43.5
2022-05-30,43.5
2022-05-30,43.5
2022-05-30,43.5
2022-05-30,43.5
2022-05-30,43.5
2022-05-31,43.5
2022-05-31,43.5
2022-05-31,43.5
2022-05-31,43.5
2022-05-31,43.5
2022-06-01,43.5
2022-06-01,43.5
2022-06-01,43.5
2022-06-01,43.5
2022-06-01,43.5
2022-06-02,43.5
2022-06-02,43.5
2022-06-02,43.5
2022-06-02,43.5
2022-06-02,43.5
2022-06-03,43.5
2022-06-03,43.5
2022-06-03,43.5
2022-06-03,43.5
2022-06-03,43.5
2022-06-06,43.5
2022-06-06,43.5
2022-06-06,43.5
2022-06-06,43.5
2022-06-06,43.5
2022-06-07,43.5
2022-06-07,43.5
2022-06-07,43.5
2022-06-07,43.5
2022-06-07,43.5
2022-06-08,43.5
2022-06-08,43.5
2022-06-08,43.5
2022-06-08,43.5
2022-06-08,43.5
2022-06-09,43.5
2022-06-09,43.5
2022-06-09,43.5
2022-06-09,43.5
2022-06-09,43.5
2022-06-10,43.5
2022-06-10,43.5
2022-06-10,43.5
2022-06-10,43.5
2022-06-10,43.5
2022-06-13,43.5
2022-06-13,43.5
2022-06-13,43.5
2022-06-13,43.5
2022-06-13,43.5
2022-06-15,43.5
2022-06-15,43.5
2022-06-15,43.5
2022-06-15,43.5
2022-06-15,43.5
2022-06-16,43.5
2022-06-16,43.5
2022-06-16,43.5
2022-06-16,43.5
2022-06-16,43.5
2022-06-17,43.5
2022-06-17,43.5
2022-06-17,43.5
2022-06-17,43.5
2022-06-17,43.5
2022-06-20,43.5
2022-06-20,43.5
2022-06-20,43.5
2022-06-20,43.5
2022-06-20,43.5
2022-06-21,43.5
2022-06-21,43.5
2022-06-21,43.5
2022-06-21,43.5
2022-06-21,43.5
2022-06-22,43.5
2022-06-22,43.5
2022-06-22,43.5
2022-06-22,43.5
2022-06-22,43.5
2022-06-23,43.5
2022-06-23,43.5
2022-06-23,43.5
2022-06-23,43.5
2022-06-23,43.5
2022-06-24,43.5
2022-06-24,43.5
2022-06-24,43.5
2022-06-24,43.5
2022-06-24,43.5
2022-06-27,43.5
2022-06-27,43.5
2022-06-27,43.5
2022-06-27,43.5
2022-06-27,43.5
2022-06-28,43.5
2022-06-28,43.5
2022-06-28,43.5
2022-06-28,43.5
2022-06-28,43.5
2022-06-29,43.5
2022-06-29,43.5
2022-06-29,43.5
2022-06-29,43.5
2022-06-29,43.5
2022-06-30,43.5
2022-06-30,43.5
2022-06-30,43.5
2022-06-30,43.5
2022-06-30,43.5
2022-07-01,43.5
2022-07-01,43.5
2022-07-01,43.5
2022-07-01,43.5
2022-07-01,43.5
2022-07-04,43.5
2022-07-04,43.5
2022-07-04,41.32
2022-07-04,41.32
2022-07-04,41.32
2022-07-05,41.32
2022-07-05,41.32
2022-07-05,41.32
2022-07-05,41.32
2022-07-05,41.32
2022-07-06,41.32
2022-07-06,41.32
2022-07-06,41.32
2022-07-06,41.32
2022-07-06,41.32
2022-07-07,41.32
2022-07-07,41.32
2022-07-07,41.32
2022-07-07,41.32
2022-07-07,41.32
2022-07-08,41.32
2022-07-08,41.32
2022-07-08,41.32
2022-07-08,41.32
2022-07-08,41.32
2022-07-11,41.32
2022-07-11,41.32
2022-07-11,40
2022-07-11,40
2022-07-11,40
2022-07-12,40
2022-07-12,40
2022-07-12,40
2022-07-12,40
2022-07-12,41
2022-07-13,41
2022-07-13,41
2022-07-13,41
2022-07-13,41
2022-07-13,41
2022-07-14,41
2022-07-14,41
2022-07-14,41
2022-07-14,41
2022-07-14,41
2022-07-15,41
2022-07-15,41
2022-07-15,41
2022-07-15,41
2022-07-15,41
2022-07-18,41
2022-07-18,41
2022-07-18,41
2022-07-18,41
2022-07-18,41
2022-07-19,43
2022-07-19,43
2022-07-19,43
2022-07-19,43
2022-07-19,43
2022-07-20,43
2022-07-20,43
2022-07-20,43
2022-07-20,43
2022-07-20,43
2022-07-21,43
2022-07-21,43
2022-07-21,43
2022-07-21,43
2022-07-21,43
2022-07-22,43
2022-07-22,43
2022-07-22,43
2022-07-22,43
2022-07-22,43
2022-07-25,43
2022-07-25,43
2022-07-25,43
2022-07-25,43
2022-07-25,43
2022-07-26,43
2022-07-26,43
2022-07-26,43
2022-07-26,43
2022-07-26,43
2022-07-27,43
2022-07-27,43
2022-07-27,43
2022-07-27,43
2022-07-27,43
2022-07-28,43
2022-07-28,43
2022-07-28,43
2022-07-28,43
2022-07-28,43
2022-07-29,43
2022-07-29,43
2022-07-29,43
2022-07-29,43
2022-07-29,43
2022-08-02,43
2022-08-02,43
2022-08-02,43
2022-08-02,43
2022-08-02,43
2022-08-03,43
2022-08-03,43
2022-08-03,43
2022-08-03,43
2022-08-03,43
2022-08-04,43
2022-08-04,43
2022-08-04,43
2022-08-04,43
2022-08-04,43
2022-08-05,43
2022-08-05,43
2022-08-05,43
2022-08-05,43
2022-08-05,43
2022-08-08,43
2022-08-08,43
2022-08-08,43
2022-08-08,43
2022-08-08,43
2022-08-09,43
2022-08-09,43
2022-08-09,43
2022-08-09,43
2022-08-09,43
2022-08-10,43
2022-08-10,43
2022-08-10,43
2022-08-10,43
2022-08-10,43
2022-08-11,43
2022-08-11,43
2022-08-11,43
2022-08-11,43
2022-08-11,43
2022-08-12,43
2022-08-12,43
2022-08-12,43
2022-08-12,43
2022-08-12,43
2022-08-15,43
2022-08-15,43
2022-08-15,43
2022-08-15,43
2022-08-15,43
2022-08-16,43
2022-08-16,43
2022-08-16,43
2022-08-16,43
2022-08-16,43
2022-08-17,43
2022-08-17,43
2022-08-17,43
2022-08-17,43
2022-08-17,43
2022-08-18,43
2022-08-18,43
2022-08-18,43
2022-08-18,43
2022-08-18,43
2022-08-19,43
2022-08-19,43
2022-08-19,43
2022-08-19,43
2022-08-19,43
2022-08-22,44
2022-08-22,44
2022-08-22,44
2022-08-22,44
2022-08-22,44
2022-08-23,44
2022-08-23,44
2022-08-23,44
2022-08-23,44
2022-08-23,44
2022-08-24,44
2022-08-24,44
2022-08-24,44
2022-08-24,44
2022-08-24,44
2022-08-25,44
2022-08-25,44
2022-08-25,44
2022-08-25,44
2022-08-25,44
2022-08-26,44
2022-08-26,44
2022-08-26,44
2022-08-26,44
2022-08-26,44
2022-08-29,44
2022-08-29,44
2022-08-29,44
2022-08-29,44
2022-08-29,44
2022-08-30,44
2022-08-30,44
2022-08-30,44
2022-08-30,44
2022-08-30,44
2022-08-31,44
2022-08-31,44
2022-08-31,44
2022-08-31,44
2022-08-31,44
2022-09-01,44
2022-09-01,44
2022-09-01,44
2022-09-01,44
2022-09-01,44
2022-09-02,42
2022-09-02,42
2022-09-02,42
2022-09-02,42
2022-09-02,42
2022-09-05,42
2022-09-05,42
2022-09-05,42
2022-09-05,42
2022-09-05,42
2022-09-06,42
2022-09-06,42
2022-09-06,42
2022-09-06,42
2022-09-06,42
2022-09-07,42
2022-09-07,42
2022-09-07,42
2022-09-07,42
2022-09-07,42
2022-09-08,42
2022-09-08,42
2022-09-08,42
2022-09-08,42
2022-09-08,42
2022-09-09,42
2022-09-09,42
2022-09-09,42
2022-09-09,42
2022-09-09,42
2022-09-12,42
2022-09-12,42
2022-09-12,42
2022-09-12,42
2022-09-12,42
2022-09-13,42
2022-09-13,42
2022-09-13,42
2022-09-13,42
2022-09-13,42
2022-09-14,42
2022-09-14,42
2022-09-14,42
2022-09-14,42
2022-09-14,42
2022-09-15,42
2022-09-15,42
2022-09-15,42
2022-09-15,42
2022-09-15,42
2022-09-16,42
2022-09-16,42
2022-09-16,42
2022-09-16,42
2022-09-16,42
2022-09-19,42
2022-09-19,42
2022-09-19,42
2022-09-19,42
2022-09-19,42
2022-09-20,42
2022-09-20,42
2022-09-20,42
2022-09-20,42
2022-09-20,42
2022-09-21,42
2022-09-21,42
2022-09-21,42
2022-09-21,42
2022-09-21,42
2022-09-22,42
2022-09-22,42
2022-09-22,42
2022-09-22,42
2022-09-22,42
2022-09-26,42
2022-09-26,42
2022-09-26,42
2022-09-26,42
2022-09-26,42
2022-09-27,42
2022-09-27,42
2022-09-27,42
2022-09-27,42
2022-09-27,42
2022-09-28,42
2022-09-28,42
2022-09-28,42
2022-09-28,42
2022-09-28,42
2022-09-29,42
2022-09-29,42
2022-09-29,42
2022-09-29,42
2022-09-29,42
2022-10-03,42
2022-10-03,42
2022-10-03,42
2022-10-03,42
2022-10-03,42
2022-10-07,42
2022-10-07,42
2022-10-07,42
2022-10-07,42
2022-10-07,42
2022-10-10,42
2022-10-10,42
2022-10-10,42
2022-10-10,42
2022-10-10,41
2022-10-11,41
2022-10-11,41
2022-10-11,41
2022-10-11,41
2022-10-11,41
2022-10-12,41
2022-10-12,41
2022-10-12,41
2022-10-12,41
2022-10-12,41
2022-10-13,41
2022-10-13,41
2022-10-13,41
2022-10-13,41
2022-10-13,41
2022-10-14,41
2022-10-14,41
2022-10-14,41
2022-10-14,41
2022-10-14,41
2022-10-17,41
2022-10-17,41
2022-10-17,41
2022-10-17,41
2022-10-17,41
2022-10-18,41
2022-10-18,41
2022-10-18,41
2022-10-18,41
2022-10-18,41
2022-10-19,41
2022-10-19,39
2022-10-19,39
2022-10-19,39
2022-10-19,39
2022-10-20,39
2022-10-20,39
2022-10-20,39
2022-10-20,40
2022-10-20,40
2022-10-21,40
2022-10-21,40
2022-10-21,40
2022-10-21,40
2022-10-21,40
2022-10-24,40
2022-10-24,40
2022-10-24,40
2022-10-24,40
2022-10-24,40
2022-10-25,40
2022-10-25,40
2022-10-25,40
2022-10-25,40
2022-10-25,40
2022-10-26,40
2022-10-26,40
2022-10-26,40
2022-10-26,40
2022-10-26,40
2022-10-27,40
2022-10-27,40
2022-10-27,40
2022-10-27,40
2022-10-27,40
2022-10-28,40
2022-10-28,40
2022-10-28,40
2022-10-28,40
2022-10-28,40
2022-10-31,40
2022-10-31,40
2022-10-31,40
2022-10-31,40
2022-10-31,40
2022-11-02,40
2022-11-02,40
2022-11-02,40
2022-11-02,40
2022-11-02,40
2022-11-03,40
2022-11-03,40
2022-11-03,40
2022-11-03,40
2022-11-03,40
2022-11-04,40
2022-11-04,40
2022-11-04,40
2022-11-04,40
2022-11-04,40
2022-11-07,40
2022-11-07,40
2022-11-07,40
2022-11-07,40
2022-11-07,40
2022-11-08,40
2022-11-08,40
2022-11-08,40
2022-11-08,40
2022-11-08,40
2022-11-09,40
2022-11-09,40
2022-11-09,40
2022-11-09,40
2022-11-09,40
2022-11-10,40
2022-11-10,40
2022-11-10,40
2022-11-10,40
2022-11-10,40
2022-11-14,40
2022-11-14,40
2022-11-14,40
2022-11-14,40
2022-11-14,40
2022-11-16,40
2022-11-16,40
2022-11-16,40
2022-11-16,40
2022-11-16,40
2022-11-17,40
2022-11-17,40
2022-11-17,40
2022-11-17,40
2022-11-17,40
2022-11-18,40
2022-11-18,40
2022-11-18,40
2022-11-18,40
2022-11-18,40
2022-11-21,40
2022-11-21,40
2022-11-21,40
2022-11-21,40
2022-11-21,40
2022-11-22,40
2022-11-22,40
2022-11-22,40
2022-11-22,40
2022-11-22,40
2022-11-23,40
2022-11-23,40
2022-11-23,40
2022-11-23,40
2022-11-23,40
2022-11-24,40
2022-11-24,40
2022-11-24,40
2022-11-24,40
2022-11-24,40
2022-11-25,40
2022-11-25,40
2022-11-25,40
2022-11-25,40
2022-11-25,40
2022-11-28,40
2022-11-28,40
2022-11-28,40
2022-11-28,40
2022-11-28,40
2022-11-29,40
2022-11-29,40
2022-11-29,40
2022-11-29,40
2022-11-29,40
2022-11-30,40
2022-11-30,40
2022-11-30,40
2022-11-30,40
2022-11-30,40
2022-12-01,40
2022-12-01,40
2022-12-01,40
2022-12-01,40
2022-12-01,40
2022-12-02,40
2022-12-02,40
2022-12-02,40
2022-12-02,40
2022-12-02,40
2022-12-05,40
2022-12-05,40
2022-12-06,40
2022-12-06,40
2022-12-06,40
2022-12-06,40
2022-12-06,40
2022-12-07,40
2022-12-07,40
2022-12-07,40
2022-12-07,40
2022-12-07,40
2022-12-08,40
2022-12-08,40
2022-12-08,40
2022-12-08,40
2022-12-08,40
2022-12-09,40
2022-12-09,40
2022-12-09,40
2022-12-09,40
2022-12-09,40
2022-12-12,40
2022-12-12,40
2022-12-12,40
2022-12-12,40
2022-12-12,40
2022-12-13,40
2022-12-13,40
2022-12-13,40
2022-12-13,40
2022-12-13,40
2022-12-14,40
2022-12-14,40
2022-12-14,40
2022-12-14,40
2022-12-14,40
2022-12-15,40
2022-12-15,40
2022-12-15,40
2022-12-15,40
2022-12-15,40
2022-12-16,40
2022-12-16,40
2022-12-16,40
2022-12-16,40
2022-12-16,40
2022-12-19,40
2022-12-19,40
2022-12-19,40
2022-12-19,40
2022-12-19,40
2022-12-20,40
2022-12-20,40
2022-12-20,40
2022-12-20,40
2022-12-20,40
2022-12-21,40
2022-12-21,40
2022-12-21,40
2022-12-21,40
2022-12-21,40
2022-12-22,40
2022-12-22,40
2022-12-22,40
2022-12-22,40
2022-12-22,40
2022-12-23,40
2022-12-23,40
2022-12-23,40
2022-12-23,40
2022-12-23,40
2022-12-26,40
2022-12-26,40
2022-12-26,40
2022-12-26,40
2022-12-26,40
2022-12-27,40
2022-12-27,40
2022-12-27,40
2022-12-27,40
2022-12-27,40
2022-12-28,40
2022-12-28,40
2022-12-28,40
2022-12-28,40
2022-12-28,40
2022-12-29,40
2022-12-29,40
2022-12-29,40
2022-12-29,40
2022-12-29,40
2022-12-30,40
2022-12-30,40
2022-12-30,40
2022-12-30,40
2022-12-30,40
2023-01-03,41
2023-01-03,41
2023-01-03,41
2023-01-03,41
2023-01-03,41
2023-01-04,41
2023-01-04,41
2023-01-04,41
2023-01-04,41
2023-01-04,41
2023-01-05,41
2023-01-05,41
2023-01-05,41
2023-01-05,41
2023-01-05,41
2023-01-06,41
2023-01-06,41
2023-01-06,41
2023-01-06,41
2023-01-06,41
2023-01-09,41
2023-01-09,41
2023-01-09,41
2023-01-09,41
2023-01-09,41
2023-01-10,41
2023-01-10,41
2023-01-10,41
2023-01-10,41
2023-01-10,40
2023-01-11,40
2023-01-11,40
2023-01-11,40
2023-01-11,40
2023-01-11,40
2023-01-12,40
2023-01-12,40
2023-01-12,40
2023-01-12,40
2023-01-12,40
2023-01-13,40
2023-01-13,40
2023-01-13,40
2023-01-13,40
2023-01-13,40
2023-01-16,40
2023-01-16,40
2023-01-16,40
2023-01-16,40
2023-01-16,40
2023-01-17,40
2023-01-17,40
2023-01-17,40
2023-01-17,40
2023-01-17,40
2023-01-18,40
2023-01-18,40
2023-01-18,40
2023-01-18,40
2023-01-18,40
2023-01-19,40
2023-01-19,40
2023-01-19,40
2023-01-19,40
2023-01-19,40
2023-01-20,40
2023-01-20,40
2023-01-20,40
2023-01-20,40
2023-01-20,40
2023-01-23,40
2023-01-23,40
2023-01-23,40
2023-01-23,40
2023-01-23,40
2023-01-24,40
2023-01-24,40
2023-01-24,40
2023-01-24,40
2023-01-24,40
2023-01-25,40
2023-01-25,40
2023-01-25,40
2023-01-25,40
2023-01-25,40
2023-01-26,40
2023-01-26,40
2023-01-26,40
2023-01-26,40
2023-01-26,40
2023-01-27,40
2023-01-27,40
2023-01-27,42
2023-01-27,42
2023-01-27,42
2023-01-30,42
2023-01-30,42
2023-01-30,42
2023-01-30,42
2023-01-30,42
2023-01-31,42
2023-01-31,42
2023-01-31,42
2023-01-31,42
2023-01-31,42
2023-02-01,42
2023-02-01,42
2023-02-01,42
2023-02-01,42
2023-02-01,42
2023-02-02,42
2023-02-02,42
2023-02-02,42
2023-02-02,42
2023-02-02,42
2023-02-03,42
2023-02-03,42
2023-02-03,42
2023-02-03,42
2023-02-03,42
2023-02-06,42
2023-02-06,42
2023-02-06,42
2023-02-06,42
2023-02-06,42
2023-02-07,42
2023-02-07,42
2023-02-07,42
2023-02-07,42
2023-02-07,42
2023-02-08,42
2023-02-08,42
2023-02-08,42
2023-02-08,42
2023-02-08,42
2023-02-09,42
2023-02-09,42
2023-02-09,42
2023-02-09,42
2023-02-09,42
2023-02-10,42
2023-02-10,42
2023-02-10,42
2023-02-10,42
2023-02-10,42
2023-02-13,42
2023-02-13,42
2023-02-13,42
2023-02-13,42
2023-02-13,42
2023-02-14,42
2023-02-14,42
2023-02-14,42
2023-02-14,42
2023-02-14,42
2023-02-15,42
2023-02-15,42
2023-02-15,42
2023-02-15,42
2023-02-15,42
2023-02-16,42
2023-02-16,42
2023-02-16,42
2023-02-16,42
2023-02-16,42
2023-02-17,42
2023-02-17,42
2023-02-17,40
2023-02-17,40
2023-02-17,40
2023-02-20,40
2023-02-20,40
2023-02-20,40
2023-02-20,40
2023-02-20,40
2023-02-24,40
2023-02-24,40
2023-02-24,40
2023-02-24,40
2023-02-24,40
2023-02-27,40
2023-02-27,40
2023-02-27,40
2023-02-27,40
2023-02-27,40
2023-02-28,40
2023-02-28,40
2023-02-28,40
2023-02-28,40
2023-02-28,40
2023-03-01,40
2023-03-01,40
2023-03-01,40
2023-03-01,40
2023-03-01,40
2023-03-02,40
2023-03-02,40
2023-03-02,40
2023-03-02,40
2023-03-02,40
2023-03-03,40
2023-03-03,40
2023-03-03,40
2023-03-03,40
2023-03-03,40
2023-03-06,40
2023-03-06,40
2023-03-06,40
2023-03-06,40
2023-03-06,40
2023-03-07,40
2023-03-07,40
2023-03-07,40
2023-03-07,40
2023-03-07,40
2023-03-08,40
2023-03-08,40
2023-03-08,40
2023-03-08,40
2023-03-08,40
2023-03-09,40
2023-03-09,40
2023-03-09,40
2023-03-09,40
2023-03-09,40
2023-03-10,40
2023-03-10,40
2023-03-10,40
2023-03-10,40
2023-03-10,40
2023-03-13,40
2023-03-13,40
2023-03-13,40
2023-03-13,40
2023-03-13,40
2023-03-14,40
2023-03-14,40
2023-03-14,40
2023-03-14,40
2023-03-14,40
2023-03-15,40
2023-03-15,40
2023-03-15,40
2023-03-15,40
2023-03-15,40
2023-03-16,40
2023-03-16,40
2023-03-16,40
2023-03-16,40
2023-03-16,40
2023-03-17,40
2023-03-17,40
2023-03-17,40
2023-03-17,40
2023-03-17,40
2023-03-20,40
2023-03-20,40
2023-03-20,40
2023-03-20,40
2023-03-20,40
2023-03-21,40
2023-03-21,40
2023-03-21,40
2023-03-21,40
2023-03-21,40
2023-03-22,37.33
2023-03-22,37.33
2023-03-22,37.33
2023-03-22,37.33
2023-03-22,37.33
2023-03-23,37.33
2023-03-23,37.33
2023-03-23,37.33
2023-03-23,37.33
2023-03-23,37.33
2023-03-24,37.33
2023-03-24,37.33
2023-03-24,37.33
2023-03-24,37.33
2023-03-24,37.33
2023-03-27,37.33
2023-03-27,37.33
2023-03-27,37.33
2023-03-27,37.33
2023-03-27,37.33
2023-03-28,37.33
2023-03-28,37.33
2023-03-28,37.33
2023-03-28,37.33
2023-03-28,37.33
2023-03-29,37.33
2023-03-29,37.33
2023-03-29,37.33
2023-03-29,37.33
2023-03-29,37.33
2023-03-30,37.33
2023-03-30,37.33
2023-03-30,37.33
2023-03-30,37.33
2023-03-30,37.33
2023-03-31,37.33
2023-03-31,37.33
2023-03-31,37.33
2023-03-31,37.33
2023-03-31,37.33
2023-04-03,37.33
2023-04-03,37.33
2023-04-03,37.33
2023-04-03,37.33
2023-04-03,37.33
2023-04-04,37.33
2023-04-04,37.33
2023-04-04,37.33
2023-04-04,37.33
2023-04-04,37.33
2023-04-05,36
2023-04-05,36
2023-04-05,36
2023-04-05,36
2023-04-05,36
2023-04-06,36
2023-04-06,36
2023-04-06,36
2023-04-06,36
2023-04-06,36
2023-04-07,36
2023-04-07,36
2023-04-07,36
2023-04-07,36
2023-04-07,36
2023-04-10,36
2023-04-10,36
2023-04-10,36
2023-04-10,36
2023-04-10,36
2023-04-11,36
2023-04-11,36
2023-04-11,36
2023-04-11,36
2023-04-11,36
2023-04-12,36
2023-04-12,36
2023-04-12,36
2023-04-12,36
2023-04-12,34.5
2023-04-13,34.5
2023-04-13,34.5
2023-04-13,34.5
2023-04-13,34.5
2023-04-13,34.5
2023-04-14,34.5
2023-04-14,34.5
2023-04-14,34.5
2023-04-14,34.5
2023-04-14,34.5
2023-04-17,34.5
2023-04-17,34.5
2023-04-17,34.5
2023-04-17,34.5
2023-04-17,34.5
2023-04-18,34.5
2023-04-18,34.5
2023-04-18,34.5
2023-04-18,34.5
2023-04-18,34.5
2023-04-19,34.5
2023-04-19,34.5
2023-04-19,34.5
2023-04-19,34.5
2023-04-19,34.5
2023-04-21,34.5
2023-04-21,34.5
2023-04-21,34.5
2023-04-21,34.5
2023-04-21,34.5
2023-04-24,34.5
2023-04-24,34.5
2023-04-24,34.5
2023-04-24,34.5
2023-04-24,34.5
2023-04-25,34.5
2023-04-25,34.5
2023-04-25,34.5
2023-04-25,34.5
2023-04-25,34.5
2023-04-26,34.5
2023-04-26,34.5
2023-04-26,34.5
2023-04-26,34.5
2023-04-26,34.5
2023-04-27,34.5
2023-04-27,34.5
2023-04-27,34.5
2023-04-27,34.5
2023-04-27,34.5
2023-04-28,34.5
2023-04-28,34.5
2023-04-28,34.5
2023-04-28,34.5
2023-04-28,34.5
2023-05-01,34.5
2023-05-01,34.5
2023-05-01,34.5
2023-05-01,34.5
2023-05-01,34.5
2023-05-03,34.5
2023-05-03,34.5
2023-05-03,34.5
2023-05-03,34.5
2023-05-03,34.5
2023-05-04,34.5
2023-05-04,34.5
2023-05-04,34.5
2023-05-04,34.5
2023-05-04,34.5
2023-05-05,34.5
2023-05-05,34.5
2023-05-05,34.5
2023-05-05,34.5
2023-05-05,34.5
2023-05-08,34.5
2023-05-08,34.5
2023-05-08,34.5
2023-05-08,34.5
2023-05-08,34.5
2023-05-09,34
2023-05-09,34
2023-05-09,34
2023-05-09,34
2023-05-09,34
2023-05-10,34
2023-05-10,34
2023-05-10,34
2023-05-10,34
2023-05-10,34
2023-05-11,34
2023-05-11,34
2023-05-11,34
2023-05-11,34
2023-05-11,34
2023-05-12,34
2023-05-12,34
2023-05-12,34
2023-05-12,34
2023-05-12,34
2023-05-15,34
2023-05-15,34
2023-05-15,34
2023-05-15,34
2023-05-15,34
2023-05-16,34
2023-05-16,34
2023-05-16,34
2023-05-16,34
2023-05-16,34
2023-05-17,34
2023-05-17,34
2023-05-17,34
2023-05-17,34
2023-05-17,34
2023-05-18,34
2023-05-18,34
2023-05-18,34
2023-05-18,34
2023-05-18,34
2023-05-19,34
2023-05-19,34
2023-05-19,34
2023-05-19,34
2023-05-19,34
2023-05-22,34
2023-05-22,34
2023-05-22,34
2023-05-22,34
2023-05-22,34
2023-05-23,34
2023-05-23,34
2023-05-23,34
2023-05-23,34
2023-05-23,34
2023-05-24,34
2023-05-24,34
2023-05-24,34
2023-05-24,34
2023-05-24,34
2023-05-25,34
2023-05-25,34
2023-05-25,34
2023-05-25,35.5
2023-05-25,35.5
2023-05-26,35.5
2023-05-26,35.5
2023-05-26,35.5
2023-05-26,35.5
2023-05-26,35.5
2023-05-29,35.5
2023-05-29,35.5
2023-05-29,35.5
2023-05-29,35.5
2023-05-29,35.5
2023-05-30,35.5
2023-05-30,35.5
2023-05-30,35.5
2023-05-30,35.5
2023-05-30,35.5
2023-05-31,35.5
2023-05-31,35.5
2023-05-31,35.5
2023-05-31,35.5
2023-05-31,35.5
2023-06-01,35.5
2023-06-01,35.5
2023-06-01,35.5
2023-06-01,35.5
2023-06-01,35.5
2023-06-02,35.5
2023-06-02,35.5
2023-06-02,35.5
2023-06-02,35.5
2023-06-02,35.5
2023-06-05,35.5
2023-06-05,35.5
2023-06-05,35.5
2023-06-05,35.5
2023-06-05,35.5
2023-06-06,35.5
2023-06-06,35.5
2023-06-06,35.5
2023-06-06,35.5
2023-06-06,34.05
2023-06-07,34.05
2023-06-07,34.05
2023-06-07,34.05
2023-06-07,34.05
2023-06-07,34.05
2023-06-08,34.05
2023-06-08,34.05
2023-06-08,34.05
2023-06-08,34.05
2023-06-08,34.05
2023-06-09,34.05
2023-06-09,34.05
2023-06-09,34.05
2023-06-09,34.05
2023-06-09,34.05
2023-06-12,34.05
2023-06-12,34.05
2023-06-12,34.05
2023-06-12,34.05
2023-06-12,34.05
2023-06-13,34.05
2023-06-13,34.05
2023-06-13,34.05
2023-06-13,34.05
2023-06-13,34.05
2023-06-14,34.05
2023-06-14,34.05
2023-06-14,34.05
2023-06-14,34.05
2023-06-14,34.05
2023-06-15,34.05
2023-06-15,34.05
2023-06-15,34.05
2023-06-15,34.05
2023-06-15,34.05
2023-06-16,34.05
2023-06-16,34.05
2023-06-16,34.05
2023-06-16,34.05
2023-06-16,34.05
2023-06-19,34.05
2023-06-19,34.05
2023-06-19,34.05
2023-06-19,34.05
2023-06-19,34.05
2023-06-20,34.05
2023-06-20,34.05
2023-06-20,34.05
2023-06-20,34.05
2023-06-20,34.05
2023-06-21,34.05
2023-06-21,34.05
2023-06-21,34.05
2023-06-21,34.05
2023-06-21,34.05
2023-06-22,34.05
2023-06-22,34.05
2023-06-22,34.05
2023-06-22,33
2023-06-22,33
2023-06-23,33
2023-06-23,33
2023-06-23,33
2023-06-23,33
2023-06-23,33
2023-06-26,33
2023-06-26,33
2023-06-26,33
2023-06-26,33
2023-06-26,33
2023-06-27,33
2023-06-27,33
2023-06-27,33
2023-06-27,33
2023-06-27,33
2023-06-29,33
2023-06-29,33
2023-06-29,33
2023-06-29,33
2023-06-29,33
2023-06-30,33
2023-06-30,33
2023-06-30,33
2023-06-30,33
2023-06-30,33
2023-07-03,33
2023-07-03,33
2023-07-03,33
2023-07-03,33
2023-07-03,33
2023-07-04,33
2023-07-04,33
2023-07-04,33
2023-07-04,33
2023-07-04,33
2023-07-05,33
2023-07-05,33
2023-07-05,33
2023-07-05,33
2023-07-05,33
2023-07-06,33
2023-07-06,33
2023-07-06,33
2023-07-06,33
2023-07-06,33
2023-07-07,33
2023-07-07,33
2023-07-07,33
2023-07-07,33
2023-07-07,33
2023-07-10,33
2023-07-10,33
2023-07-10,33
2023-07-10,33
2023-07-10,33
2023-07-11,33
2023-07-11,33
2023-07-11,33
2023-07-11,33
2023-07-11,33
2023-07-12,33
2023-07-12,33
2023-07-12,33
2023-07-12,33
2023-07-12,33
2023-07-13,33
2023-07-13,33
2023-07-13,33
2023-07-13,33
2023-07-13,33
2023-07-14,33
2023-07-14,33
2023-07-14,33
2023-07-14,33
2023-07-14,33
2023-07-17,33
2023-07-17,33
2023-07-17,33
2023-07-17,33
2023-07-17,33
2023-07-18,33
2023-07-18,33
2023-07-18,33
2023-07-18,33
2023-07-18,33
2023-07-19,33
2023-07-19,33
2023-07-19,33
2023-07-19,33
2023-07-19,33
2023-07-20,33
2023-07-20,33
2023-07-20,33
2023-07-20,33
2023-07-20,33
2023-07-24,33
2023-07-24,33
2023-07-25,33
2023-07-25,33
2023-07-25,33
2023-07-25,33
2023-07-25,33
2023-07-26,33
2023-07-26,33
2023-07-26,33
2023-07-26,33
2023-07-26,33
2023-07-27,33
2023-07-27,33
2023-07-27,33
2023-07-27,33
2023-07-27,33
2023-07-28,33
2023-07-28,33
2023-07-28,33
2023-07-28,33
2023-07-28,33
2023-07-31,33
2023-07-31,33
2023-07-31,33
2023-07-31,33
2023-07-31,33
2023-08-01,33
2023-08-01,33
2023-08-01,33
2023-08-01,33
2023-08-01,33
2023-08-02,33
2023-08-02,33
2023-08-02,33
2023-08-02,33
2023-08-02,33
2023-08-03,33
2023-08-03,33
2023-08-03,33
2023-08-03,33
2023-08-03,33
2023-08-04,33
2023-08-04,33
2023-08-04,33
2023-08-04,33
2023-08-04,33
2023-08-07,34.67
2023-08-07,34.67
2023-08-07,34.67
2023-08-07,39.87
2023-08-07,39.87
2023-08-08,39.87
2023-08-08,39.87
2023-08-08,39.87
2023-08-08,39.87
2023-08-08,39.87
2023-08-09,39.87
2023-08-09,39.87
2023-08-09,39.87
2023-08-09,39.87
2023-08-09,39.87
2023-08-10,39.87
2023-08-10,39.87
2023-08-10,39.87
2023-08-10,39.87
2023-08-10,39.87
2023-08-11,39.87
2023-08-11,39.87
2023-08-11,39.87
2023-08-11,39.87
2023-08-11,39.87
2023-08-14,39.87
2023-08-14,39.87
2023-08-14,39.87
2023-08-14,39.87
2023-08-14,39.87
2023-08-15,39.87
2023-08-15,39.87
2023-08-15,39.87
2023-08-15,39.87
2023-08-15,39.87
2023-08-16,39.87
2023-08-16,39.87
2023-08-16,39.87
2023-08-16,39.87
2023-08-16,39.87
2023-08-17,39.87
2023-08-17,39.87
2023-08-17,39.87
2023-08-17,39.87
2023-08-17,39.87
2023-08-18,39.87
2023-08-18,39.87
2023-08-18,39.87
2023-08-18,39.87
2023-08-18,39.87
2023-08-21,39.87
2023-08-21,39.87
2023-08-21,39.87
2023-08-21,39.87
2023-08-21,36.14
2023-08-22,36.14
2023-08-22,36.14
2023-08-22,36.14
2023-08-22,36.14
2023-08-22,36.14
2023-08-23,36.14
2023-08-23,36.14
2023-08-23,36.14
2023-08-23,36.14
2023-08-23,36.14
2023-08-24,36.14
2023-08-24,36.14
2023-08-24,36.14
2023-08-24,36.14
2023-08-24,36.14
2023-08-25,36.14
2023-08-25,36.14
2023-08-25,36.14
2023-08-25,36.14
2023-08-25,36.14
2023-08-28,36.14
2023-08-28,36.14
2023-08-28,36.14
2023-08-28,36.14
2023-08-28,38.5
2023-08-29,38.5
2023-08-29,38.5
2023-08-29,38.5
2023-08-29,38.5
2023-08-29,38.5
2023-08-30,38.5
2023-08-30,38.5
2023-08-30,38.5
2023-08-30,38.5
2023-08-30,38.5
2023-08-31,38.5
2023-08-31,38.5
2023-08-31,38.5
2023-08-31,38.5
2023-08-31,38.5
2023-09-01,38.5
2023-09-01,38.5
2023-09-01,38.5
2023-09-01,38.5
2023-09-01,38.5
2023-09-04,38.5
2023-09-04,38.5
2023-09-04,38.5
2023-09-04,38.5
2023-09-04,38.5
2023-09-05,38.5
2023-09-05,38.5
2023-09-05,38.5
2023-09-05,38.5
2023-09-05,38.5
2023-09-06,38.5
2023-09-06,38.5
2023-09-06,38.5
2023-09-06,38.5
2023-09-06,38.5
2023-09-07,38.5
2023-09-07,38.5
2023-09-07,38.5
2023-09-07,38.5
2023-09-07,38.5
2023-09-08,38.5
2023-09-08,38.5
2023-09-08,38.5
2023-09-08,38.5
2023-09-08,38.5
2023-09-11,38.5
2023-09-11,38.5
2023-09-11,38.5
2023-09-11,38.5
2023-09-11,38.5
2023-09-12,38.5
2023-09-12,38.5
2023-09-12,38.5
2023-09-12,38.5
2023-09-12,38.5
2023-09-13,38.5
2023-09-13,38.5
2023-09-13,38.5
2023-09-13,38.5
2023-09-13,38.5
2023-09-14,38.5
2023-09-14,38.5
2023-09-14,38.5
2023-09-14,38.5
2023-09-14,38.5
2023-09-15,38.5
2023-09-15,38.5
2023-09-15,38.5
2023-09-15,38.5
2023-09-15,38.5
2023-09-18,38.5
2023-09-18,38.5
2023-09-18,38.5
2023-09-18,38.5
2023-09-18,38.5
2023-09-19,38.5
2023-09-19,38.5
2023-09-19,38.5
2023-09-19,38.5
2023-09-19,38.5
2023-09-21,38.5
2023-09-21,38.5
2023-09-21,38.5
2023-09-21,38.5
2023-09-21,38.5
2023-09-22,38.5
2023-09-22,38.5
2023-09-22,38.5
2023-09-22,38.5
2023-09-22,38.5
2023-09-27,38.5
2023-09-27,38.5
2023-09-27,38.5
2023-09-27,38.5
2023-09-27,38.5
2023-09-28,38.5
2023-09-28,38.5
2023-09-28,38.5
2023-09-28,38.5
2023-09-28,38.5
2023-09-29,38.5
2023-09-29,38.5
2023-09-29,38.5
2023-09-29,38.5
2023-09-29,38.5
2023-10-02,38.5
2023-10-02,38.5
2023-10-02,38.5
2023-10-02,38.5
2023-10-02,38.5
2023-10-03,38.5
2023-10-03,38.5
2023-10-03,38.5
2023-10-03,38.5
2023-10-03,40
2023-10-04,40
2023-10-04,40
2023-10-04,40
2023-10-04,40
2023-10-04,39.44
2023-10-05,39.44
2023-10-05,39.44
2023-10-05,39.44
2023-10-05,39.44
2023-10-05,39.44
2023-10-06,39.44
2023-10-06,39.44
2023-10-06,39.44
2023-10-06,39.44
2023-10-06,39.44
2023-10-09,39.44
2023-10-09,39.44
2023-10-09,39.44
2023-10-09,39.44
2023-10-09,39.44
2023-10-10,39.44
2023-10-10,39.44
2023-10-10,39.44
2023-10-10,39.44
2023-10-10,39.44
2023-10-11,39.44
2023-10-11,39.44
2023-10-11,39.44
2023-10-11,39.44
2023-10-11,39.44
2023-10-12,39.44
2023-10-12,39.44
2023-10-12,39.44
2023-10-12,39.44
2023-10-12,39.44
2023-10-13,39.44
2023-10-13,39.44
2023-10-13,39.44
2023-10-13,39.44
2023-10-13,39.44
2023-10-16,39.44
2023-10-16,39.44
2023-10-16,39.44
2023-10-16,39.44
2023-10-16,39.44
2023-10-17,39.44
2023-10-17,39.44
2023-10-17,39.44
2023-10-17,39.44
2023-10-17,39.44
2023-10-18,39.44
2023-10-18,39.44
2023-10-18,39.44
2023-10-18,39.44
2023-10-18,39.44
2023-10-19,39.44
2023-10-19,39.44
2023-10-19,39.44
2023-10-19,39.44
2023-10-19,39.44
2023-10-20,39.44
2023-10-20,39.44
2023-10-20,39.44
2023-10-20,39.44
2023-10-20,39.44
2023-10-23,39.44
2023-10-23,39.44
2023-10-23,39.44
2023-10-23,39.44
2023-10-23,39.44
2023-10-25,39.44
2023-10-25,39.44
2023-10-25,39.44
2023-10-25,39.44
2023-10-26,39.44
2023-10-26,39.44
2023-10-26,39.44
2023-10-26,39.44
2023-10-26,39.44
2023-10-27,39.44
2023-10-27,39.44
2023-10-27,39.44
2023-10-27,39.44
2023-10-27,39.44
2023-10-30,39.44
2023-10-30,39.44
2023-10-30,39.44
2023-10-30,39.44
2023-10-30,39.52
2023-10-31,39.52
2023-10-31,39.52
2023-10-31,39.52
2023-10-31,39.52
2023-10-31,39.52
2023-11-02,39.52
2023-11-02,39.52
2023-11-02,39.52
2023-11-02,39.52
2023-11-02,39.52
2023-11-03,39.52
2023-11-03,39.52
2023-11-03,39.52
2023-11-03,39.52
2023-11-03,39
2023-11-06,39
2023-11-06,39
2023-11-06,39
2023-11-06,39
2023-11-06,39
2023-11-07,39
2023-11-07,39
2023-11-07,39
2023-11-07,39
2023-11-07,38.61
2023-11-08,38.61
2023-11-08,38.61
2023-11-08,38.61
2023-11-08,38.61
2023-11-08,38.5
2023-11-09,38.5
2023-11-09,38.5
2023-11-09,38.5
2023-11-09,38.5
2023-11-09,38.5
2023-11-10,38.5
2023-11-10,38.5
2023-11-10,38.5
2023-11-10,38.5
2023-11-10,38.5
2023-11-13,38.5
2023-11-13,38.5
2023-11-13,38.5
2023-11-13,38.5
2023-11-13,38.5
2023-11-14,38.5
2023-11-14,38.5
2023-11-14,38.5
2023-11-14,38.5
2023-11-14,38.5
2023-11-15,38.5
2023-11-15,38.5
2023-11-15,38.5
2023-11-15,38.5
2023-11-15,38.5
2023-11-16,38.5
2023-11-16,38.5
2023-11-16,38.5
2023-11-16,38.5
2023-11-16,38.5
2023-11-17,38.5
2023-11-17,38.5
2023-11-17,38.5
2023-11-17,38.5
2023-11-17,38.5
2023-11-20,38.5
2023-11-20,38.5
2023-11-20,38.5
2023-11-20,38.5
2023-11-20,38.5
2023-11-21,38.5
2023-11-21,38.5
2023-11-21,38.5
2023-11-21,38.5
2023-11-21,38.5
2023-11-22,38.5
2023-11-22,38.5
2023-11-22,38.5
2023-11-22,38.5
2023-11-22,38.5
2023-11-23,38.5
2023-11-23,38.5
2023-11-23,38.5
2023-11-23,38.5
2023-11-23,38.5
2023-11-24,38.5
2023-11-24,38.5
2023-11-24,38.5
2023-11-24,38.5
2023-11-24,38.5
2023-11-27,38.5
2023-11-27,38.5
2023-11-27,38.5
2023-11-27,38.5
2023-11-27,38.5
2023-11-28,38.5
2023-11-28,38.5
2023-11-28,38.5
2023-11-28,38.5
2023-11-28,38.5
2023-11-29,38.5
2023-11-29,38.5
2023-11-29,38.5
2023-11-29,38.5
2023-11-29,38.5
2023-12-01,38.5
2023-12-01,38.5
2023-12-01,38.5
2023-12-01,38.5
2023-12-04,38.5
2023-12-04,38.5
2023-12-04,38.5
2023-12-04,38.5
2023-12-04,38.5
2023-12-05,38.5
2023-12-05,38.5
2023-12-05,38.5
2023-12-05,38.5
2023-12-05,40.32
2023-12-06,40.32
2023-12-06,40.32
2023-12-06,40.32
2023-12-06,40.32
2023-12-06,40.32
2023-12-07,40.32
2023-12-07,40.32
2023-12-07,40.32
2023-12-07,40.32
2023-12-07,40.32
2023-12-08,40.32
2023-12-08,40.32
2023-12-08,40.32
2023-12-08,40.32
2023-12-08,40.32
2023-12-11,40.32
2023-12-11,40.32
2023-12-11,40.32
2023-12-11,40.32
2023-12-11,40.32
2023-12-12,40.32
2023-12-12,40.32
2023-12-12,40.32
2023-12-12,40.32
2023-12-12,40.32
2023-12-13,40.32
2023-12-13,40.32
2023-12-13,40.32
2023-12-13,40.32
2023-12-13,40.32
2023-12-14,40.32
2023-12-14,40.32
2023-12-14,40.32
2023-12-14,40.32
2023-12-14,41.32
2023-12-15,41.32
2023-12-15,41.32
2023-12-15,41.32
2023-12-15,41.32
2023-12-15,41.32
2023-12-18,41.32
2023-12-18,41.32
2023-12-18,41.32
2023-12-18,41.32
2023-12-18,40.6
2023-12-19,40.6
2023-12-19,40.6
2023-12-19,40.6
2023-12-19,40.6
2023-12-19,40.6
2023-12-20,40.6
2023-12-20,40.6
2023-12-20,40.6
2023-12-20,40.6
2023-12-20,40.6
2023-12-21,40.6
2023-12-21,40.6
2023-12-21,40.6
2023-12-21,40.6
2023-12-21,40.6
2023-12-22,40.6
2023-12-22,40.6
2023-12-22,40.6
2023-12-22,40.6
2023-12-22,40.6
2023-12-25,40.6
2023-12-25,40.6
2023-12-25,40.6
2023-12-25,40.6
2023-12-25,41
2023-12-26,41
2023-12-26,41
2023-12-26,41
2023-12-26,41
2023-12-26,41
2023-12-27,41
2023-12-27,41
2023-12-27,41
2023-12-27,41
2023-12-27,41
2023-12-28,41
2023-12-28,41
2023-12-28,41
2023-12-28,41
2023-12-28,41
2023-12-29,41
2023-12-29,41
2023-12-29,41
2023-12-29,41
2023-12-29,41
2024-01-01,41
2024-01-01,41
2024-01-01,41
2024-01-01,41
2024-01-01,41
2024-01-03,41
2024-01-03,41
2024-01-03,41
2024-01-03,41
2024-01-03,41
2024-01-04,41
2024-01-04,41
2024-01-04,41
2024-01-04,41
2024-01-04,40.79
2024-01-05,40.79
2024-01-05,40.79
2024-01-05,40.79
2024-01-05,40.79
2024-01-05,40.79
2024-01-08,40.79
2024-01-08,40.79
2024-01-08,40.79
2024-01-08,40.79
2024-01-08,40.79
2024-01-10,40.79
2024-01-10,40.79
2024-01-10,40.79
2024-01-10,40.79
2024-01-10,40.79
2024-01-11,40.79
2024-01-11,40.79
2024-01-11,40.79
2024-01-11,40.79
2024-01-11,40.79
2024-01-15,40.79
2024-01-15,40.79
2024-01-15,40.79
2024-01-15,40.79
2024-01-15,40.79
2024-01-16,40.79
2024-01-16,40.79
2024-01-16,40.79
2024-01-16,40.79
2024-01-16,40.79
2024-01-17,40.79
2024-01-17,40.79
2024-01-17,40.79
2024-01-17,40.79
2024-01-17,40.79
2024-01-18,40.79
2024-01-18,40.79
2024-01-18,40.79
2024-01-18,40.79
2024-01-18,40.79
2024-01-19,40.79
2024-01-19,40.79
2024-01-19,40.79
2024-01-19,40.79
2024-01-19,40.79
2024-01-22,40.79
2024-01-22,40.79
2024-01-22,40.79
2024-01-22,40.79
2024-01-22,40.79
2024-01-23,40.79
2024-01-23,40.79
2024-01-23,40.79
2024-01-23,40.79
2024-01-23,40.79
2024-01-24,40.79
2024-01-24,40.79
2024-01-24,40.79
2024-01-24,40.79
2024-01-24,44.25
2024-01-25,44.25
2024-01-25,44.25
2024-01-25,44.25
2024-01-25,44.25
2024-01-25,44.25
2024-01-26,44.25
2024-01-26,44.25
2024-01-26,44.25
2024-01-26,44.25
2024-01-26,44.25
2024-01-29,44.25
2024-01-29,44.25
2024-01-29,44.25
2024-01-29,44.25
2024-01-29,44.25
2024-01-30,44.25
2024-01-30,44.25
2024-01-30,44.25
2024-01-30,44.25
2024-01-30,45.03
2024-01-31,45.03
2024-01-31,45.03
2024-01-31,45.03
2024-01-31,45.03
2024-01-31,45.03
2024-02-01,45.03
2024-02-01,45.03
2024-02-01,45.03
2024-02-01,45.03
2024-02-01,45.03
2024-02-02,45.03
2024-02-02,45.03
2024-02-02,45.03
2024-02-02,45.03
2024-02-02,45.03
2024-02-05,45.03
2024-02-05,45.03
2024-02-05,45.03
2024-02-05,45.03
2024-02-05,45.03
2024-02-06,45.03
2024-02-06,45.03
2024-02-06,45.03
2024-02-06,45.03
2024-02-06,45.03
2024-02-07,45.03
2024-02-07,45.03
2024-02-07,45.03
2024-02-07,45.03
2024-02-07,45.03
2024-02-08,45.03
2024-02-08,45.03
2024-02-08,45.03
2024-02-08,45.03
2024-02-08,45.03
2024-02-09,45.03
2024-02-09,45.03
2024-02-09,45.03
2024-02-09,45.03
2024-02-09,45.03
2024-02-12,45.03
2024-02-12,45.03
2024-02-12,45.03
2024-02-12,45.03
2024-02-12,45.03
2024-02-13,45.03
2024-02-13,45.03
2024-02-13,45.03
2024-02-13,45.03
2024-02-13,45.03
2024-02-14,45.03
2024-02-14,45.03
2024-02-14,45.03
2024-02-14,45.03
2024-02-14,45.03
2024-02-15,45.03
2024-02-15,45.03
2024-02-15,45.03
2024-02-15,45.03
2024-02-15,45.03
2024-02-16,45.03
2024-02-16,45.03
2024-02-16,45.03
2024-02-16,45.03
2024-02-16,46.26
2024-02-19,46.26
2024-02-19,46.26
2024-02-19,46.26
2024-02-19,46.26
2024-02-19,46.26
2024-02-20,46.26
2024-02-20,46.26
2024-02-20,46.26
2024-02-20,46.26
2024-02-20,46.26
2024-02-26,46.26
2024-02-26,46.26
2024-02-26,46.26
2024-02-26,46.26
2024-02-26,46.26
2024-02-27,46.26
2024-02-27,46.26
2024-02-27,46.26
2024-02-27,46.26
2024-02-27,46.26
2024-02-28,46.26
2024-02-28,46.26
2024-02-28,46.26
2024-02-28,46.26
2024-02-28,46.26
2024-02-29,46.26
2024-02-29,46.26
2024-02-29,46.26
2024-02-29,46.26
2024-02-29,46.26
2024-03-01,46.26
2024-03-01,46.26
2024-03-01,46.26
2024-03-01,46.26
2024-03-01,46.26
2024-03-04,46.26
2024-03-04,46.26
2024-03-04,46.26
2024-03-04,46.26
2024-03-04,46.26
2024-03-05,46.26
2024-03-05,46.26
2024-03-05,46.26
2024-03-05,46.26
2024-03-05,46.26
2024-03-06,46.26
2024-03-06,46.26
2024-03-06,46.26
2024-03-06,46.26
2024-03-06,46.26
2024-03-07,46.26
2024-03-07,46.26
2024-03-07,46.26
2024-03-07,46.26
2024-03-07,46.26
2024-03-08,46.26
2024-03-08,46.26
2024-03-08,46.26
2024-03-08,46.26
2024-03-08,46.26
2024-03-11,46.26
2024-03-11,46.26
2024-03-11,46.26
2024-03-11,46.26
2024-03-11,46.26
2024-03-12,46.26
2024-03-12,46.26
2024-03-12,46.26
2024-03-12,46.26
2024-03-12,46.26
2024-03-13,46.26
2024-03-13,46.26
2024-03-13,46.26
2024-03-13,46.26
2024-03-13,46.26
2024-03-14,46.26
2024-03-14,46.26
2024-03-14,46.26
2024-03-14,46.26
2024-03-14,46.26
2024-03-15,46.26
2024-03-15,46.26
2024-03-15,46.26
2024-03-15,46.26
2024-03-15,46.26
2024-03-18,46.26
2024-03-18,46.26
2024-03-18,46.26
2024-03-18,46.26
2024-03-18,46.26
2024-03-19,46.26
2024-03-19,46.26
2024-03-19,46.26
2024-03-19,46.26
2024-03-19,46.26
2024-03-20,46.26
2024-03-20,46.26
2024-03-20,46.26
2024-03-20,46.26
2024-03-20,46.26
2024-03-21,46.26
2024-03-21,46.26
2024-03-21,46.26
2024-03-21,46.26
2024-03-21,50
2024-03-22,50
2024-03-22,50
2024-03-22,50
2024-03-22,50
2024-03-22,50
2024-03-25,50
2024-03-25,50
2024-03-25,50
2024-03-25,50
2024-03-25,50
2024-03-26,50
2024-03-26,50
2024-03-26,50
2024-03-26,50
2024-03-26,50
2024-03-27,50
2024-03-27,50
2024-03-27,50
2024-03-27,50
2024-03-27,53.19
2024-03-28,53.19
2024-03-28,53.19
2024-03-28,53.19
2024-03-28,53.19
2024-03-28,55.12
2024-03-29,55.12
2024-03-29,55.12
2024-03-29,55.12
2024-03-29,55.12
2024-03-29,55.08
2024-04-01,55.08
2024-04-01,55.08
2024-04-01,55.08
2024-04-01,55.08
2024-04-01,53.2
2024-04-02,53.2
2024-04-02,53.2
2024-04-02,53.2
2024-04-02,53.2
2024-04-02,53.2
2024-04-03,53.2
2024-04-03,53.2
2024-04-03,53.2
2024-04-03,53.2
2024-04-03,53.2
2024-04-04,53.2
2024-04-04,53.2
2024-04-04,53.2
2024-04-04,53.2
2024-04-04,54.05
2024-04-05,54.05
2024-04-05,54.05
2024-04-05,54.05
2024-04-05,54.05
2024-04-05,57.06
2024-04-08,57.06
2024-04-08,57.06
2024-04-08,57.06
2024-04-08,57.06
2024-04-08,59.66
2024-04-09,59.66
2024-04-09,59.66
2024-04-09,59.66
2024-04-09,59.66
2024-04-09,60.93
2024-04-10,60.93
2024-04-10,60.93
2024-04-10,60.93
2024-04-10,60.93
2024-04-10,60.93
2024-04-11,60.93
2024-04-11,60.93
2024-04-11,60.93
2024-04-11,60.93
2024-04-11,60.93
2024-04-12,60.93
2024-04-12,60.93
2024-04-12,60.93
2024-04-12,60.93
2024-04-12,60.93
2024-04-15,60.93
2024-04-15,60.93
2024-04-15,60.93
2024-04-15,60.93
2024-04-15,60.93
2024-04-16,60.93
2024-04-16,60.93
2024-04-16,60.93
2024-04-16,60.93
2024-04-16,60.93
2024-04-17,60.93
2024-04-17,60.93
2024-04-17,60.93
2024-04-17,60.93
2024-04-17,60.93
2024-04-19,60.93
2024-04-19,60.93
2024-04-19,60.93
2024-04-19,60.93
2024-04-19,60.93
2024-04-22,60.93
2024-04-22,60.93
2024-04-22,60.93
2024-04-22,60.93
2024-04-22,58.24
2024-04-23,58.24
2024-04-23,58.24
2024-04-23,58.24
2024-04-23,58.24
2024-04-23,58.24
2024-04-24,58.24
2024-04-24,58.24
2024-04-24,58.24
2024-04-24,58.24
2024-04-24,58.21
2024-04-25,48.51
2024-04-25,48.51
2024-04-25,48.51
2024-04-25,48.51
2024-04-25,48.51
2024-04-26,48.51
2024-04-26,48.51
2024-04-26,48.51
2024-04-26,48.51
2024-04-26,48
2024-04-29,48
2024-04-29,48
2024-04-29,48
2024-04-29,48
2024-04-29,48
2024-04-30,48
2024-04-30,48
2024-04-30,48
2024-04-30,48
2024-04-30,48
2024-05-01,48
2024-05-01,48
2024-05-01,48
2024-05-01,48
2024-05-01,43.16
2024-05-03,43.16
2024-05-03,43.16
2024-05-03,43.16
2024-05-03,43.16
2024-05-03,43.16
2024-05-06,43.16
2024-05-06,43.16
2024-05-06,43.16
2024-05-06,43.16
2024-05-06,42.36
2024-05-07,42.36
2024-05-07,42.36
2024-05-07,42.36
2024-05-07,42.36
2024-05-07,41.42
2024-05-08,41.42
2024-05-08,41.42
2024-05-08,41.42
2024-05-08,41.42
2024-05-08,40.06
2024-05-09,40.06
2024-05-09,40.06
2024-05-09,40.06
2024-05-09,40.06
2024-05-09,40.06
2024-05-10,40.06
2024-05-10,40.06
2024-05-10,40.06
2024-05-10,40.06
2024-05-10,40.06
2024-05-13,40.06
2024-05-13,40.06
2024-05-13,40.06
2024-05-13,40.06
2024-05-13,40.06
2024-05-14,40.06
2024-05-14,40.06
2024-05-14,40.06
2024-05-14,40.06
2024-05-14,40.06
2024-05-15,40.06
2024-05-15,40.06
2024-05-15,40.06
2024-05-15,40.06
2024-05-15,40.06
2024-05-16,40.06
2024-05-16,40.06
2024-05-16,40.06
2024-05-16,40.06
2024-05-16,40.06
2024-05-17,40.06
2024-05-17,40.06
2024-05-17,40.06
2024-05-17,40.06
2024-05-17,40.06
2024-05-20,40.06
2024-05-20,40.06
2024-05-20,40.06
2024-05-20,40.06
2024-05-20,40.06
2024-05-21,40.06
2024-05-21,40.06
2024-05-21,40.06
2024-05-21,40.06
2024-05-21,40.06
2024-05-22,40.06
2024-05-22,40.06
2024-05-22,40.06
2024-05-22,40.06
2024-05-22,40.06
2024-05-24,40.06
2024-05-24,40.06
2024-05-24,40.06
2024-05-24,40.06
2024-05-24,40.06
2024-05-27,40.06
2024-05-27,40.06
2024-05-27,40.06
2024-05-27,40.06
2024-05-27,40.06
2024-05-28,40.06
2024-05-28,40.06
2024-05-28,40.06
2024-05-28,40.06
2024-05-28,40.06
2024-05-29,40.06
2024-05-29,40.06
2024-05-29,40.06
2024-05-29,40.06
2024-05-29,42
2024-05-30,42
2024-05-30,42
2024-05-30,42
2024-05-30,42
2024-05-30,42
2024-05-31,42
2024-05-31,42
2024-05-31,42
2024-05-31,42
2024-05-31,42
2024-06-03,42
2024-06-03,42
2024-06-03,42
2024-06-03,42
2024-06-03,42
2024-06-04,42
2024-06-04,42
2024-06-04,42
2024-06-04,42
2024-06-04,42
2024-06-05,42
2024-06-05,42
2024-06-05,42
2024-06-05,42
2024-06-05,42
2024-06-06,42
2024-06-06,42
2024-06-06,42
2024-06-06,42
2024-06-06,41.5
2024-06-07,41.5
2024-06-07,41.5
2024-06-07,41.5
2024-06-07,41.5
2024-06-07,41.5
2024-06-10,41.5
2024-06-10,41.5
2024-06-10,41.5
2024-06-10,41.5
2024-06-10,41.5
2024-06-11,41.5
2024-06-11,41.5
2024-06-11,41.5
2024-06-11,41.5
2024-06-11,41.5
2024-06-12,41.5
2024-06-12,41.5
2024-06-12,41.5
2024-06-12,41.5
2024-06-12,41.5
2024-06-13,41.5
2024-06-13,41.5
2024-06-13,41.5
2024-06-13,41.5
2024-06-13,41.5
2024-06-14,41.5
2024-06-14,41.5
2024-06-14,41.5
2024-06-14,41.5
2024-06-14,41.5
2024-06-17,41.5
2024-06-17,41.5
2024-06-17,41.5
2024-06-17,41.5
2024-06-17,41.5
2024-06-18,41.5
2024-06-18,41.5
2024-06-18,41.5
2024-06-18,41.5
2024-06-18,41.5
2024-06-19,41.5
2024-06-19,41.5
2024-06-19,41.5
2024-06-19,41.5
2024-06-19,41.5
2024-06-20,41.5
2024-06-20,41.5
2024-06-20,41.5
2024-06-20,41.5
2024-06-20,41
2024-06-21,41
2024-06-21,41
2024-06-21,41
2024-06-21,41
2024-06-21,41
2024-06-24,41
2024-06-24,41
2024-06-24,41
2024-06-24,41
2024-06-24,41
2024-06-25,41
2024-06-25,41
2024-06-25,41
2024-06-25,41
2024-06-25,41.51
2024-06-26,41.51
2024-06-26,41.51
2024-06-26,41.51
2024-06-26,41.51
2024-06-26,41.51
2024-06-27,41.51
2024-06-27,41.51
2024-06-27,41.51
2024-06-27,41.51
2024-06-27,41
2024-06-28,41
2024-06-28,41
2024-06-28,41
2024-06-28,41
2024-06-28,41
2024-07-01,41
2024-07-01,41
2024-07-01,41
2024-07-01,41
2024-07-01,41
2024-07-02,41
2024-07-02,41
2024-07-02,41
2024-07-02,41
2024-07-02,41.07
2024-07-03,41.07
2024-07-03,41.07
2024-07-03,41.07
2024-07-03,41.07
2024-07-03,41.07
2024-07-04,41.07
2024-07-04,41.07
2024-07-04,41.07
2024-07-04,41.07
2024-07-04,40.01
2024-07-05,40.01
2024-07-05,40.01
2024-07-05,40.01
2024-07-05,40.01
2024-07-05,40.01
2024-07-08,40.01
2024-07-08,40.01
2024-07-08,40.01
2024-07-08,40.01
2024-07-08,40.01
2024-07-09,40.01
2024-07-09,40.01
2024-07-09,40.01
2024-07-09,40.01
2024-07-09,40.01
2024-07-11,40.01
2024-07-11,40.01
2024-07-11,40.01
2024-07-11,40.01
2024-07-11,39.99
2024-07-12,39.99
2024-07-12,39.99
2024-07-12,39.99
2024-07-12,39.99
2024-07-12,39.54
2024-07-15,39.54
2024-07-15,39.54
2024-07-15,39.54
2024-07-15,39.54
2024-07-15,39.54
2024-07-16,39.54
2024-07-16,39.54
2024-07-16,39.54
2024-07-16,39.54
2024-07-16,39.54
2024-07-17,39.54
2024-07-17,39.54
2024-07-17,39.54
2024-07-17,39.54
2024-07-17,39.54
2024-07-18,39.54
2024-07-18,39.54
2024-07-18,39.54
2024-07-18,39.54
2024-07-18,39.54
2024-07-19,39.54
2024-07-19,39.54
2024-07-19,39.54
2024-07-19,39.54
2024-07-19,39.54
2024-07-22,39.54
2024-07-22,39.54
2024-07-22,39.54
2024-07-22,39.54
2024-07-22,39.26
2024-07-23,39.26
2024-07-23,39.26
2024-07-23,39.26
2024-07-23,39.26
2024-07-23,39.16
2024-07-24,39.16
2024-07-24,39.16
2024-07-24,39.16
2024-07-24,39.16
2024-07-24,39
2024-07-25,39
2024-07-25,39
2024-07-25,39
2024-07-25,39
2024-07-25,39
2024-07-26,39
2024-07-26,39
2024-07-26,39
2024-07-26,39
2024-07-26,39.18
2024-07-29,39.18
2024-07-29,39.18
2024-07-29,39.18
2024-07-29,39.18
2024-07-29,39.1
2024-07-30,39.1
2024-07-30,39.1
2024-07-30,39.1
2024-07-30,39.1
2024-07-30,39.1
2024-07-31,39.1
2024-07-31,39.1
2024-07-31,39.1
2024-07-31,39.1
2024-07-31,39.1
2024-08-01,39.1
2024-08-01,39.1
2024-08-01,39.1
2024-08-01,39.1
2024-08-01,39.1
2024-08-02,39.1
2024-08-02,39.1
2024-08-02,39.1
2024-08-02,39.1
2024-08-02,39.1
2024-08-05,39.1
2024-08-05,39.1
2024-08-05,39.1
2024-08-05,39.1
2024-08-05,39.1
2024-08-06,39.1
2024-08-06,39.1
2024-08-06,39.1
2024-08-06,39.1
2024-08-06,39.12
2024-08-07,39.12
2024-08-07,39.12
2024-08-07,39.12
2024-08-07,39.12
2024-08-07,39.12
2024-08-08,39.12
2024-08-08,39.12
2024-08-08,39.12
2024-08-08,39.12
2024-08-08,39.12
2024-08-09,39.12
2024-08-09,39.12
2024-08-09,39.12
2024-08-09,39.12
2024-08-09,39.12
2024-08-12,39.12
2024-08-12,39.12
2024-08-12,39.12
2024-08-12,39.12
2024-08-12,39.12
2024-08-13,39.12
2024-08-13,39.12
2024-08-13,39.12
2024-08-13,39.12
2024-08-13,39.12
2024-08-14,39.12
2024-08-14,39.12
2024-08-14,39.12
2024-08-14,39.12
2024-08-14,39.12
2024-08-15,39.12
2024-08-15,39.12
2024-08-15,39.12
2024-08-15,39.12
2024-08-15,39.12
2024-08-16,39.12
2024-08-16,39.12
2024-08-16,39.12
2024-08-16,39.12
2024-08-16,39.12
2024-08-19,39.12
2024-08-19,39.12
2024-08-19,39.12
2024-08-19,39.12
2024-08-19,39.12
2024-08-20,39.12
2024-08-20,39.12
2024-08-20,39.12
2024-08-20,39.12
2024-08-20,39.12
2024-08-21,39.12
2024-08-21,39.12
2024-08-21,39.12
2024-08-21,39.12
2024-08-21,39.12
2024-08-22,39.12
2024-08-22,39.12
2024-08-22,39.12
2024-08-22,39.12
2024-08-22,39.12
2024-08-23,39.12
2024-08-23,39.12
2024-08-23,39.12
2024-08-23,39.12
2024-08-23,40
2024-08-26,40
2024-08-26,40
2024-08-26,40
2024-08-26,40
2024-08-26,40
2024-08-27,40
2024-08-27,40
2024-08-27,40
2024-08-27,40
2024-08-27,40
2024-08-28,40
2024-08-28,40
2024-08-28,40
2024-08-28,40
2024-08-28,40
2024-08-29,40
2024-08-29,40
2024-08-29,40
2024-08-29,40
2024-08-29,40
2024-08-30,40
2024-08-30,40
2024-08-30,40
2024-08-30,40
2024-08-30,40
2024-09-02,40
2024-09-02,40
2024-09-02,40
2024-09-02,40
2024-09-02,40
2024-09-03,40
2024-09-03,40
2024-09-03,40
2024-09-03,40
2024-09-03,40
2024-09-04,40
2024-09-04,40
2024-09-04,40
2024-09-04,40
2024-09-04,40
2024-09-05,40
2024-09-05,40
2024-09-05,40
2024-09-05,40
2024-09-05,40
2024-09-06,40
2024-09-06,40
2024-09-06,40
2024-09-06,40
2024-09-06,40
2024-09-10,40
2024-09-10,40
2024-09-10,40
2024-09-10,40
2024-09-10,40
2024-09-11,40
2024-09-11,40
2024-09-11,40
2024-09-11,40
2024-09-11,40
2024-09-12,40
2024-09-12,40
2024-09-12,40
2024-09-12,40
2024-09-12,40
2024-09-16,40
2024-09-16,40
2024-09-16,40
2024-09-16,40
2024-09-16,41.62
2024-09-17,41.62
2024-09-17,41.62
2024-09-17,41.62
2024-09-17,41.62
2024-09-17,40.5
2024-09-18,40.5
2024-09-18,40.5
2024-09-18,40.5
2024-09-18,40.5
2024-09-18,40.06
2024-09-19,40.06
2024-09-19,40.06
2024-09-19,40.06
2024-09-19,40.06
2024-09-19,40.06
2024-09-20,40.06
2024-09-20,40.06
2024-09-20,40.06
2024-09-20,40.06
2024-09-20,40.06
2024-09-24,40.06
2024-09-24,40.06
2024-09-24,40.06
2024-09-24,40.06
2024-09-24,40.06
2024-09-25,40.06
2024-09-25,40.06
2024-09-25,40.06
2024-09-25,40.06
2024-09-25,42.18
2024-09-26,42.18
2024-09-26,42.18
2024-09-26,42.18
2024-09-26,42.18
2024-09-26,42.18
2024-09-27,42.18
2024-09-27,42.18
2024-09-27,42.18
2024-09-27,42.18
2024-09-27,42.18
2024-09-30,42.18
2024-09-30,42.18
2024-09-30,42.18
2024-09-30,42.18
2024-09-30,42.18
2024-10-01,42.18
2024-10-01,42.18
2024-10-01,42.18
2024-10-01,42.18
2024-10-01,42.18
2024-10-02,42.18
2024-10-02,42.18
2024-10-02,42.18
2024-10-02,42.18
2024-10-02,42.18
2024-10-03,42.18
2024-10-03,42.18
2024-10-03,42.18
2024-10-03,42.18
2024-10-03,42.18
2024-10-04,42.18
2024-10-04,42.18
2024-10-04,42.18
2024-10-04,42.18
2024-10-04,42.18
2024-10-07,42.18
2024-10-07,42.18
2024-10-07,42.18
2024-10-07,42.18
2024-10-07,42.18
2024-10-08,42.18
2024-10-08,42.18
2024-10-08,42.18
2024-10-08,42.18
2024-10-08,41.95
2024-10-09,41.95
2024-10-09,41.95
2024-10-09,41.95
2024-10-09,41.95
2024-10-09,41.95
2024-10-10,41.95
2024-10-10,41.95
2024-10-10,41.95
2024-10-10,41.95
2024-10-10,41.95
2024-10-11,41.95
2024-10-11,41.95
2024-10-11,41.95
2024-10-11,41.95
2024-10-11,41.95
2024-10-14,41.95
2024-10-14,41.95
2024-10-14,41.95
2024-10-14,41.95
2024-10-14,41.95
2024-10-15,41.95
2024-10-15,41.95
2024-10-15,41.95
2024-10-15,41.95
2024-10-15,41.95
2024-10-16,41.95
2024-10-16,41.95
2024-10-16,41.95
2024-10-16,41.95
2024-10-16,41.95
2024-10-17,41.95
2024-10-17,41.95
2024-10-17,41.95
2024-10-17,41.95
2024-10-17,41.95
2024-10-18,41.95
2024-10-18,41.95
2024-10-18,41.95
2024-10-18,41.95
2024-10-18,41.95
2024-10-21,41.95
2024-10-21,41.95
2024-10-21,41.95
2024-10-21,41.95
2024-10-21,41.95
2024-10-22,41.95
2024-10-22,41.95
2024-10-22,41.95
2024-10-22,41.95
2024-10-22,41.95
2024-10-23,41.95
2024-10-23,41.95
2024-10-23,41.95
2024-10-23,41.95
2024-10-23,41.95
2024-10-24,41.95
2024-10-24,41.95
2024-10-24,41.95
2024-10-24,41.95
2024-10-24,41.95
2024-10-25,41.95
2024-10-25,41.95
2024-10-25,41.95
2024-10-25,41.95
2024-10-25,41.95
2024-10-28,41.95
2024-10-28,41.95
2024-10-28,41.95
2024-10-28,41.95
2024-10-28,41.5
2024-10-29,41.5
2024-10-29,41.5
2024-10-29,41.5
2024-10-29,41.5
2024-10-29,41.5
2024-10-30,41.5
2024-10-30,41.5
2024-10-30,41.5
2024-10-30,41.5
2024-10-30,41.5
2024-10-31,41.5
2024-10-31,41.5
2024-10-31,41.5
2024-10-31,41.5
2024-10-31,41.5
2024-11-04,41.5
2024-11-04,41.5
2024-11-04,41.5
2024-11-04,41.5
2024-11-04,41.05
2024-11-05,41.05
2024-11-05,41.05
2024-11-05,41.05
2024-11-05,41.05
2024-11-05,41.05
2024-11-06,41.05
2024-11-06,41.05
2024-11-06,41.05
2024-11-06,41.05
2024-11-06,41.05
2024-11-07,41.05
2024-11-07,41.05
2024-11-07,41.05
2024-11-07,41.05
2024-11-07,41.05
2024-11-08,41.05
2024-11-08,41.05
2024-11-08,41.05
2024-11-08,41.05
2024-11-08,41.05
2024-11-12,41.05
2024-11-12,41.05
2024-11-12,41.05
2024-11-12,41.05
2024-11-12,41
2024-11-13,41
2024-11-13,41
2024-11-13,41
2024-11-13,41
2024-11-13,41
2024-11-14,41
2024-11-14,41
2024-11-14,41
2024-11-14,41
2024-11-14,41
2024-11-15,41
2024-11-15,41
2024-11-15,41
2024-11-15,41
2024-11-15,41
2024-11-18,41
2024-11-18,41
2024-11-18,41
2024-11-18,41
2024-11-18,41.95
2024-11-19,41.95
2024-11-19,41.95
2024-11-19,41.95
2024-11-19,41.95
2024-11-19,41.95
2024-11-20,41.95
2024-11-20,41.95
2024-11-20,41.95
2024-11-20,41.95
2024-11-20,41.95
2024-11-21,41.95
2024-11-21,41.95
2024-11-21,41.95
2024-11-21,41.95
2024-11-21,41.95
2024-11-22,41.95
2024-11-22,41.95
2024-11-22,41.95
2024-11-22,41.95
2024-11-22,41.95
2024-11-25,41.95
2024-11-25,41.95
2024-11-25,41.95
2024-11-25,41.95
2024-11-25,41.55
2024-11-26,41.55
2024-11-26,41.55
2024-11-26,41.55
2024-11-26,41.55
2024-11-26,41.55
2024-11-27,41.55
2024-11-27,41.55
2024-11-27,41.55
2024-11-27,41.55
2024-11-27,41.55
2024-11-28,41.55
2024-11-28,41.55
2024-11-28,41.55
2024-11-28,41.55
2024-11-28,41.55
2024-11-29,41.55
2024-11-29,41.55
2024-11-29,41.55
2024-11-29,41.55
2024-11-29,41.55
2024-12-02,41.55
2024-12-02,41.55
2024-12-02,41.55
2024-12-02,41.55
2024-12-02,41.55
2024-12-03,41.55
2024-12-03,41.55
2024-12-03,41.55
2024-12-03,41.55
2024-12-03,41.55
2024-12-04,41.55
2024-12-04,41.55
2024-12-04,41.55
2024-12-04,41.55
2024-12-04,41.56
2024-12-05,41.56
2024-12-05,41.56
2024-12-05,41.56
2024-12-05,41.56
2024-12-05,41.56
2024-12-06,41.56
2024-12-06,41.56
2024-12-06,41.56
2024-12-06,41.56
2024-12-06,41.56
2024-12-09,41.56
2024-12-09,41.56
2024-12-09,41.56
2024-12-09,41.56
2024-12-09,41.56
2024-12-10,41.56
2024-12-10,41.56
2024-12-10,41.56
2024-12-10,41.56
2024-12-10,41.56
2024-12-11,41.56
2024-12-11,41.56
2024-12-11,41.56
2024-12-11,41.56
2024-12-11,41.56
2024-12-12,41.56
2024-12-12,41.56
2024-12-12,41.56
2024-12-12,41.56
2024-12-12,41.56
2024-12-13,41.56
2024-12-13,41.56
2024-12-13,41.56
2024-12-13,41.56
2024-12-13,41.56
2024-12-16,41.56
2024-12-16,41.56
2024-12-16,41.56
2024-12-16,41.56
2024-12-16,41.91
2024-12-18,41.91
2024-12-18,41.91
2024-12-18,41.91
2024-12-18,41.91
2024-12-18,41.91
2024-12-19,41.91
2024-12-19,41.91
2024-12-19,41.91
2024-12-19,41.91
2024-12-19,41.91
2024-12-20,41.91
2024-12-20,41.91
2024-12-20,41.91
2024-12-20,41.91
2024-12-20,41.91
2024-12-23,41.91
2024-12-23,41.91
2024-12-23,41.91
2024-12-23,41.91
2024-12-23,41.91
2024-12-24,41.91
2024-12-24,41.91
2024-12-24,41.91
2024-12-24,41.91
2024-12-24,41.91
2024-12-25,41.91
2024-12-25,41.91
2024-12-25,41.91
2024-12-25,41.91
2024-12-25,41.91
2024-12-26,41.91
2024-12-26,41.91
2024-12-26,41.91
2024-12-26,41.91
2024-12-26,41.91
2024-12-27,41.91
2024-12-27,41.91
2024-12-27,41.91
2024-12-27,41.91
2024-12-27,41.91
2024-12-30,41.91
2024-12-30,41.91
2024-12-30,41.91
2024-12-30,41.91
2024-12-30,41.91
2024-12-31,41.91
2024-12-31,41.91
2024-12-31,41.91
2024-12-31,41.91
2024-12-31,41.94
2025-01-01,41.94
2025-01-01,41.94
2025-01-01,41.94
2025-01-01,41.94
2025-01-01,41.74
2025-01-03,41.74
2025-01-03,41.74
2025-01-03,41.74
2025-01-03,41.74
2025-01-03,41.74
2025-01-06,41.74
2025-01-06,41.74
2025-01-06,41.74
2025-01-06,41.74
2025-01-06,41.74
2025-01-07,41.74
2025-01-07,41.74
2025-01-07,41.74
2025-01-07,41.74
2025-01-07,41.74
2025-01-08,41.74
2025-01-08,41.74
2025-01-08,41.74
2025-01-08,41.74
2025-01-08,41.74
2025-01-09,41.74
2025-01-09,41.74
2025-01-09,41.74
2025-01-09,41.74
2025-01-09,41.74
2025-01-10,41.74
2025-01-10,41.74
2025-01-10,41.74
2025-01-10,41.74
2025-01-10,41.74
2025-01-13,41.74
2025-01-13,41.74
2025-01-13,41.74
2025-01-13,41.74
2025-01-13,41.74
2025-01-14,41.74
2025-01-14,41.74
2025-01-14,41.74
2025-01-14,41.74
2025-01-14,41.74
2025-01-15,41.74
2025-01-15,41.74
2025-01-15,41.74
2025-01-15,41.74
2025-01-15,41.74
2025-01-16,41.74
2025-01-16,41.74
2025-01-16,41.74
2025-01-16,41.74
2025-01-16,41.74
2025-01-17,41.74
2025-01-17,41.74
2025-01-17,41.74
2025-01-17,41.74
2025-01-17,41.74
2025-01-20,41.74
2025-01-20,41.74
2025-01-20,41.74
2025-01-20,41.74
2025-01-20,41.74
2025-01-21,41.74
2025-01-21,41.74
2025-01-21,41.74
2025-01-21,41.74
2025-01-21,41.56
2025-01-22,41.56
2025-01-22,41.56
2025-01-22,41.56
2025-01-22,41.56
2025-01-22,41.56
2025-01-23,41.56
2025-01-23,41.56
2025-01-23,41.56
2025-01-23,41.56
2025-01-23,41.48
2025-01-24,41.48
2025-01-24,41.48
2025-01-24,41.48
2025-01-24,41.48
2025-01-27,41.48
2025-01-27,41.48
2025-01-27,41.48
2025-01-27,41.48
2025-01-27,40.26
2025-01-28,40.26
2025-01-28,40.26
2025-01-28,40.26
2025-01-28,40.26
2025-01-28,40.01
2025-01-29,40.01
2025-01-29,40.01
2025-01-29,40.01
2025-01-29,40.01
2025-01-29,40.01
2025-01-31,40.01
2025-01-31,40.01
2025-01-31,40.01
2025-01-31,40.01
2025-01-31,41
2025-02-03,41
2025-02-03,41
2025-02-03,41
2025-02-03,41
2025-02-03,41
2025-02-04,41
2025-02-04,41
2025-02-04,41
2025-02-04,41
2025-02-04,41
2025-02-05,41
2025-02-05,41
2025-02-05,41
2025-02-05,41
2025-02-05,41
2025-02-06,41
2025-02-06,41
2025-02-06,41
2025-02-06,41
2025-02-06,41
2025-02-07,41
2025-02-07,41
2025-02-07,41
2025-02-07,41
2025-02-07,41
2025-02-10,41
2025-02-10,41
2025-02-10,41
2025-02-10,41
2025-02-10,40.11
2025-02-11,40.11
2025-02-11,40.11
2025-02-11,40.11
2025-02-11,40.11
2025-02-11,40.11
2025-02-12,40.11
2025-02-12,40.11
2025-02-12,40.11
2025-02-12,40.11
2025-02-12,40.11
2025-02-13,40.11
2025-02-13,40.11
2025-02-13,40.11
2025-02-13,40.11
2025-02-13,40.11
2025-02-14,40.11
2025-02-14,40.11
2025-02-14,40.11
2025-02-14,40.11
2025-02-14,40.11
2025-02-17,40.11
2025-02-17,40.11
2025-02-17,40.11
2025-02-17,40.11
2025-02-17,40.11
2025-02-18,40.11
2025-02-18,40.11
2025-02-18,40.11
2025-02-18,40.11
2025-02-18,40.11
2025-02-19,40.11
2025-02-19,40.11
2025-02-19,40.11
2025-02-19,40.11
2025-02-19,40.11
2025-02-20,40.11
2025-02-20,40.11
2025-02-20,40.11
2025-02-20,40.11
2025-02-20,40.11
2025-02-24,40.11
2025-02-24,40.11
2025-02-24,40.11
2025-02-24,40.11
2025-02-24,40.11
2025-02-25,40.11
2025-02-25,40.11
2025-02-25,40.11
2025-02-25,40.11
2025-02-25,40.11
2025-02-26,40.11
2025-02-26,40.11
2025-02-26,40.11
2025-02-26,40.11
2025-02-26,40.11
2025-02-27,40.11
2025-02-27,40.11
2025-02-27,40.11
2025-02-27,40.11
2025-02-27,40.11
2025-03-03,40.11
2025-03-03,40.11
2025-03-03,40.11
2025-03-03,40.11
2025-03-03,40.61
2025-03-04,40.61
2025-03-04,40.61
2025-03-04,40.61
2025-03-04,40.61
2025-03-04,40.61
2025-03-05,40.61
2025-03-05,40.61
2025-03-05,40.61
2025-03-05,40.61
2025-03-05,40.99
2025-03-06,40.99
2025-03-06,40.99
2025-03-06,40.99
2025-03-06,40.99
2025-03-06,40.99
2025-03-07,40.99
2025-03-07,40.99
2025-03-07,40.99
2025-03-07,40.99
2025-03-07,40.99
2025-03-10,40.99
2025-03-10,40.99
2025-03-10,40.99
2025-03-10,40.99
2025-03-10,42.45
2025-03-11,42.45
2025-03-11,42.45
2025-03-11,42.45
2025-03-11,42.45
2025-03-11,42.45
2025-03-12,42.45
2025-03-12,42.45
2025-03-12,42.45
2025-03-12,42.45
2025-03-12,42.45
2025-03-13,42.45
2025-03-13,42.45
2025-03-13,42.45
2025-03-13,42.45
2025-03-13,44.52
2025-03-14,44.52
2025-03-14,44.52
2025-03-14,44.52
2025-03-14,44.52
2025-03-14,46.72
2025-03-17,46.72
2025-03-17,46.72
2025-03-17,46.72
2025-03-17,46.72
2025-03-17,53.35
2025-03-18,53.35
2025-03-18,53.35
2025-03-18,53.35
2025-03-18,53.35
2025-03-18,54.93
2025-03-19,54.93
2025-03-19,54.93
2025-03-19,54.93
2025-03-19,54.93
2025-03-19,52.19
2025-03-20,52.19
2025-03-20,52.19
2025-03-20,52.19
2025-03-20,52.19
2025-03-20,48.98
2025-03-21,48.98
2025-03-21,48.98
2025-03-21,48.98
2025-03-21,48.98
2025-03-21,48.98
2025-03-24,48.98
2025-03-24,48.98
2025-03-24,48.98
2025-03-24,48.98
2025-03-24,49.48
2025-03-25,49.48
2025-03-25,49.48
2025-03-26,49.48
2025-03-26,49.48
2025-03-26,49.48
2025-03-26,49.48
2025-03-26,49.48
2025-03-27,49.48
2025-03-27,49.48
2025-03-27,49.48
2025-03-27,49.48
2025-03-27,49.48
2025-03-28,49.48
2025-03-28,49.48
2025-03-28,49.48
2025-03-28,49.48
2025-03-28,49.48
2025-03-31,49.48
2025-03-31,49.48
2025-03-31,49.48
2025-03-31,49.48
2025-03-31,49.48
2025-04-01,49.48
2025-04-01,49.48
2025-04-01,49.48
2025-04-01,49.48
2025-04-01,49.48
2025-04-02,49.48
2025-04-02,49.48
2025-04-02,49.48
2025-04-02,49.48
2025-04-02,49.48
2025-04-03,49.48
2025-04-03,49.48
2025-04-03,49.48
2025-04-03,49.48
2025-04-03,49.48
2025-04-04,49.48
2025-04-04,49.48
2025-04-04,49.48
2025-04-04,49.48
2025-04-04,49.48
2025-04-07,49.48
2025-04-07,49.48
2025-04-07,49.48
2025-04-07,49.48
2025-04-07,49.48
2025-04-08,49.48
2025-04-08,49.48
2025-04-08,49.48
2025-04-08,49.48
2025-04-08,49.48
2025-04-09,49.48
2025-04-09,49.48
2025-04-09,49.48
2025-04-09,49.48
2025-04-09,49.48
2025-04-10,49.48
2025-04-10,49.48
2025-04-10,49.48
2025-04-10,49.48
2025-04-10,49.48
2025-04-11,49.48
2025-04-11,49.48
2025-04-11,49.48
2025-04-11,49.48
2025-04-11,49.48
2025-04-14,49.48
2025-04-14,49.48
2025-04-14,49.48
2025-04-14,49.48
2025-04-14,50.55
2025-04-15,50.55
2025-04-15,50.55
2025-04-15,50.55
2025-04-15,50.55
2025-04-15,50.55
2025-04-16,50.55
2025-04-16,50.55
2025-04-16,50.55
2025-04-16,50.55
2025-04-16,50.09
2025-04-17,45.54
2025-04-17,45.54
2025-04-17,45.54
2025-04-17,45.54
2025-04-17,45.54
2025-04-18,45.54
2025-04-18,45.54
2025-04-18,45.54
2025-04-18,45.54
2025-04-18,45.54
2025-04-21,45.54
2025-04-21,45.54
2025-04-21,45.54
2025-04-21,45.54
2025-04-21,45.54
2025-04-22,45.54
2025-04-22,45.54
2025-04-22,45.54
2025-04-22,45.54
2025-04-22,45.54
2025-04-23,45.54
2025-04-23,45.54
2025-04-23,45.54
2025-04-23,45.54
2025-04-23,45.54
2025-04-24,45.54
2025-04-24,45.54
2025-04-24,45.54
2025-04-24,45.54
2025-04-24,45.54
2025-04-25,45.54
2025-04-25,45.54
2025-04-25,45.54
2025-04-25,45.54
2025-04-25,45.54
2025-04-28,45.54
2025-04-28,45.54
2025-04-28,45.54
2025-04-28,45.54
2025-04-28,45.54
2025-04-29,45.54
2025-04-29,45.54
2025-04-29,45.54
2025-04-29,45.54
2025-04-29,45.54
2025-04-30,45.54
2025-04-30,45.54
2025-04-30,45.54
2025-04-30,45.54
2025-04-30,45.54
2025-05-01,45.54
2025-05-01,45.54
2025-05-01,45.54
2025-05-01,45.54
2025-05-01,45.22
2025-05-05,45.22
2025-05-05,45.22
2025-05-05,45.22
2025-05-05,45.29
2025-05-06,45.29
2025-05-06,45.29
2025-05-06,45.29
2025-05-06,45.29
2025-05-08,45.29
2025-05-08,45.29
2025-05-08,45.29
2025-05-08,45.29
2025-05-09,45.29
2025-05-09,45.29
2025-05-09,45.29
2025-05-09,45.29
2025-05-09,45.29
2025-05-12,45.29
2025-05-12,45.29
2025-05-12,45.29
2025-05-12,45.29
2025-05-12,45.29
2025-05-13,45.29
2025-05-13,45.29
2025-05-13,45.29
2025-05-13,45.29
2025-05-13,45.29
2025-05-14,45.29
2025-05-14,45.29
2025-05-14,45.29
2025-05-14,45.29
2025-05-14,40
2025-05-15,40
2025-05-15,40
2025-05-15,40
2025-05-15,40
2025-05-15,40
2025-05-16,40
2025-05-16,40
2025-05-16,40
2025-05-16,40
2025-05-16,40
2025-05-19,40
2025-05-19,40
2025-05-19,40
2025-05-19,40
2025-05-19,40
2025-05-20,40
2025-05-20,40
2025-05-20,40
2025-05-20,40
2025-05-20,40
2025-05-21,40
2025-05-21,40
2025-05-21,40
2025-05-21,40
2025-05-21,40
2025-05-22,40
2025-05-22,40
2025-05-22,40
2025-05-22,40
2025-05-22,45.36
2025-05-23,45.36
2025-05-23,45.36
2025-05-23,45.36
2025-05-23,45.36
2025-05-23,46.44
2025-05-26,46.44
2025-05-26,46.44
2025-05-26,46.44
2025-05-26,46.44
2025-05-26,46.35
2025-05-27,40.29
2025-05-27,40.29
2025-05-27,40.29
2025-05-27,40.29
2025-05-27,39.96
2025-05-28,39.96
2025-05-28,39.96
2025-05-28,39.96
2025-05-28,39.96
2025-05-28,39.96
2025-05-29,39.96
2025-05-29,39.96
2025-05-29,39.96
2025-05-29,39.96
2025-05-29,43.71
2025-05-30,43.71
2025-05-30,43.71
2025-05-30,43.71
2025-05-30,43.71
2025-05-30,43.71
2025-06-02,43.71
2025-06-02,43.71
2025-06-02,43.71
2025-06-02,43.71
2025-06-02,43.71
2025-06-03,43.71
2025-06-03,43.71
2025-06-03,43.71
2025-06-03,43.71
2025-06-03,43.71
2025-06-04,43.71
2025-06-04,43.71
2025-06-04,43.71
2025-06-04,43.71
2025-06-04,43.71
2025-06-05,43.71
2025-06-05,43.71
2025-06-05,43.71
2025-06-05,43.71
2025-06-05,43.71
2025-06-06,43.71
2025-06-06,43.71
2025-06-06,43.71
2025-06-06,43.71
2025-06-06,43.71
2025-06-09,43.71
2025-06-09,43.71
2025-06-09,43.71
2025-06-09,43.71
2025-06-09,43.71
2025-06-10,43.71
2025-06-10,43.71
2025-06-10,43.71
2025-06-10,43.71
2025-06-10,43.71
2025-06-12,43.71
2025-06-12,43.71
2025-06-12,43.71
2025-06-12,43.71
2025-06-12,43.71
2025-06-13,43.71
2025-06-13,43.71
2025-06-13,43.71
2025-06-13,43.71
2025-06-13,43.71
2025-06-16,43.71
2025-06-16,43.71
2025-06-16,43.71
2025-06-16,43.71
2025-06-16,43.71
2025-06-17,43.71
2025-06-17,43.71
2025-06-17,43.71
2025-06-17,43.71
2025-06-17,43.71
2025-06-18,43.71
2025-06-18,43.71
2025-06-18,43.71
2025-06-18,43.71
2025-06-18,43.71
2025-06-19,43.71
2025-06-19,43.71
2025-06-19,43.71
2025-06-19,43.71
2025-06-19,43.71
2025-06-20,43.71
2025-06-20,43.71
2025-06-20,43.71
2025-06-20,43.71
2025-06-20,43.71
2025-06-23,43.71
2025-06-23,43.71
2025-06-23,43.71
2025-06-23,43.71
2025-06-23,43.71
2025-06-24,43.71
2025-06-24,43.71
2025-06-24,43.71
2025-06-24,43.71
2025-06-24,43.71
2025-06-25,43.71
2025-06-25,43.71
2025-06-25,43.71
2025-06-25,43.71
2025-06-25,43.71
2025-06-26,43.71
2025-06-26,43.71
2025-06-26,43.71
2025-06-26,43.71
2025-06-26,43.71
2025-06-27,43.71
2025-06-27,43.71
2025-06-27,43.71
2025-06-27,43.71
2025-06-27,43.71
2025-06-30,43.71
2025-06-30,43.71
2025-06-30,43.71
2025-06-30,43.71
2025-06-30,43.71
2025-07-01,43.71
2025-07-01,43.71
2025-07-01,43.71
2025-07-01,43.71
2025-07-01,43.71
2025-07-02,43.71
2025-07-02,43.71
2025-07-02,43.71
2025-07-02,43.71
2025-07-02,43.71
2025-07-03,43.71
2025-07-03,43.71
2025-07-03,43.71
2025-07-03,43.71
2025-07-03,43.71
2025-07-04,43.71
2025-07-04,43.71
2025-07-04,43.71
2025-07-04,43.71
2025-07-04,43.71
2025-07-07,43.71
2025-07-07,43.71
2025-07-07,43.71
2025-07-07,43.71
2025-07-07,43.71
2025-07-08,43.71
2025-07-08,43.71
2025-07-08,43.71
2025-07-08,43.71
2025-07-08,43.71
2025-07-09,43.71
2025-07-09,43.71
2025-07-09,43.71
2025-07-09,43.71
2025-07-09,43.71
2025-07-10,43.71
2025-07-10,43.71
2025-07-10,43.71
2025-07-10,43.71
2025-07-10,43.71
2025-07-11,43.71
2025-07-11,43.71
2025-07-11,43.71
2025-07-11,43.71
2025-07-11,43.71
2025-07-14,43.71
2025-07-14,43.71
2025-07-14,43.71
2025-07-14,43.71
2025-07-14,43.71
2025-07-15,43.71
2025-07-15,43.71
2025-07-15,43.71
2025-07-15,43.71
2025-07-15,43.71
2025-07-16,43.71
2025-07-16,43.71
2025-07-16,43.71
2025-07-16,43.71
2025-07-16,43.71
2025-07-17,43.71
2025-07-17,43.71
2025-07-17,43.71
2025-07-17,43.71
2025-07-17,43.71
2025-07-18,43.71
2025-07-18,43.71
2025-07-18,43.71
2025-07-18,43.71
2025-07-18,43.71
2025-07-21,43.71
2025-07-21,43.71
2025-07-21,43.71
2025-07-21,43.71
2025-07-21,43.71
2025-07-22,43.71
2025-07-22,43.71
2025-07-22,43.71
2025-07-22,43.71
2025-07-22,43.71
2025-07-23,43.71
2025-07-23,43.71
2025-07-23,43.71
2025-07-23,43.71
2025-07-23,43.71
2025-07-24,43.71
2025-07-24,43.71
2025-07-24,43.71
2025-07-24,43.71
2025-07-24,43.71
2025-07-25,43.71
2025-07-25,43.71
2025-07-25,43.71
2025-07-25,43.71
2025-07-25,43.71
2025-07-29,43.71
2025-07-29,43.71
2025-07-29,43.71
2025-07-29,43.71
2025-07-29,43.71
2025-07-30,43.71
2025-07-30,43.71
2025-07-30,43.71
2025-07-30,43.71
2025-07-30,43.71
2025-07-31,43.71
2025-07-31,43.71
2025-07-31,43.71
2025-07-31,43.71
2025-07-31,43.71
2025-08-01,43.71
2025-08-01,43.71
2025-08-01,43.71
2025-08-01,43.71
2025-08-01,43.71
2025-08-04,43.71
2025-08-04,43.71
2025-08-04,43.71
2025-08-04,43.71
2025-08-04,43.71
2025-08-05,43.71
2025-08-05,43.71
2025-08-05,43.71
2025-08-05,43.71
2025-08-05,43.71
2025-08-06,43.71
2025-08-06,43.71
2025-08-06,43.71
2025-08-06,43.71
2025-08-06,43.71
2025-08-07,43.71
2025-08-07,43.71
2025-08-07,43.71
2025-08-07,43.71
2025-08-07,43.71
2025-08-08,43.71
2025-08-08,43.71
2025-08-08,43.71
2025-08-08,43.71
2025-08-08,43.71
2025-08-11,43.71
2025-08-11,43.71
2025-08-11,43.71
2025-08-11,43.71
2025-08-11,43.71
2025-08-12,43.71
2025-08-12,43.71
2025-08-12,43.71
2025-08-12,43.71
2025-08-12,43.71
2025-08-13,43.71
2025-08-13,43.71
2025-08-13,43.71
2025-08-13,43.71
2025-08-13,43.71
2025-08-14,43.71
2025-08-14,43.71
2025-08-14,43.71
2025-08-14,43.71
2025-08-14,43.71
2025-08-15,43.71
2025-08-15,43.71
2025-08-15,43.71
2025-08-15,43.71
2025-08-15,43.71
2025-08-18,43.71
2025-08-18,43.71
2025-08-18,43.71
2025-08-18,43.71
2025-08-18,37.15
2025-08-19,37.15
2025-08-19,37.15
2025-08-19,37.15
2025-08-19,37.15
2025-08-19,37.15
2025-08-20,37.15
2025-08-20,37.15
2025-08-20,37.15
2025-08-20,37.15
2025-08-20,34.45
2025-08-21,34.45
2025-08-21,34.45
2025-08-21,34.45
2025-08-21,34.45
2025-08-21,33.31
2025-08-22,33.31
2025-08-22,33.31
2025-08-22,33.31
2025-08-22,33.31
2025-08-22,33.31
2025-08-25,33.31
2025-08-25,33.31
2025-08-25,33.31
2025-08-25,33.31
2025-08-25,33.31
2025-08-26,33.31
2025-08-26,33.31
2025-08-26,33.31
2025-08-26,33.31
2025-08-26,33.31
2025-08-27,33.31
2025-08-27,33.31
2025-08-27,33.31
2025-08-27,33.31
2025-08-27,33.31
2025-08-28,33.31
2025-08-28,33.31
2025-08-28,33.31
2025-08-28,33.31
2025-08-28,33.31
2025-08-29,33.31
2025-08-29,33.31
2025-08-29,33.31
2025-08-29,33.31
2025-08-29,32.58
2025-09-01,32.58
2025-09-01,32.58
2025-09-01,32.58
2025-09-01,32.58
2025-09-01,32.9
2025-09-02,32.9
2025-09-02,32.9
2025-09-02,32.9
2025-09-02,32.9
2025-09-02,32.9
2025-09-03,32.9
2025-09-03,32.9
2025-09-03,32.9
2025-09-03,32.9
2025-09-03,32.92
2025-09-04,32.92
2025-09-04,32.92
2025-09-04,32.92
2025-09-04,32.92
2025-09-04,32.92
2025-09-05,32.92
2025-09-05,32.92
2025-09-05,32.92
2025-09-05,32.92
2025-09-05,32.92
2025-09-08,32.92
2025-09-08,32.92
2025-09-08,32.92
2025-09-08,32.92
2025-09-08,32.92
2025-09-09,32.92
2025-09-09,32.92
2025-09-09,32.92
2025-09-09,32.92
2025-09-09,32.92
2025-09-10,32.92
2025-09-10,32.92
2025-09-10,32.92
2025-09-10,32.92
2025-09-10,32.92
2025-09-11,32.92
2025-09-11,32.92
2025-09-11,32.92
2025-09-11,32.92
2025-09-11,32.92
2025-09-12,32.92
2025-09-12,32.92
2025-09-12,32.92
2025-09-12,32.92
2025-09-12,32.92
2025-09-15,32.92
2025-09-15,32.92
2025-09-15,32.92
2025-09-15,32.92
2025-09-15,32.92
2025-09-16,32.92
2025-09-16,32.92
2025-09-16,32.92
2025-09-16,32.92
2025-09-16,32.92
2025-09-17,32.92
2025-09-17,32.92
2025-09-17,32.92
2025-09-17,32.92
2025-09-17,32.02
2025-09-18,32.02
2025-09-18,32.02
2025-09-18,32.02
2025-09-18,32.02
2025-09-18,31.95
2025-09-19,31.95
2025-09-19,31.95
2025-09-19,31.95
2025-09-19,31.95
2025-09-19,31.08
2025-09-22,31.08
2025-09-22,31.08
2025-09-22,31.08
2025-09-22,31.08
2025-09-22,31.53
2025-09-24,31.53
2025-09-24,31.53
2025-09-24,31.53
2025-09-24,31.53
2025-09-25,31.53
2025-09-25,31.53
2025-09-25,31.53
2025-09-25,31.53
2025-09-25,31.53
2025-09-26,31.53
2025-09-26,31.53
2025-09-26,31.53
2025-09-26,31.53
2025-09-26,31.53
2025-09-29,31.53
2025-09-29,31.53
2025-09-29,31.53
2025-09-29,31.53
2025-09-29,31.18
2025-09-30,31.18
2025-09-30,31.18
2025-09-30,31.18
2025-09-30,31.18
2025-09-30,31.18
2025-10-01,31.18
2025-10-01,31.18
2025-10-01,31.18
2025-10-01,31.18
2025-10-01,31.18
2025-10-06,31.18
2025-10-06,31.18
2025-10-06,31.18
2025-10-06,31.18
2025-10-06,31.18
2025-10-07,31.18
2025-10-07,31.18
2025-10-07,31.18
2025-10-07,31.18
2025-10-07,31.57
2025-10-08,31.57
2025-10-08,31.57
2025-10-08,31.57
2025-10-08,31.57
2025-10-08,31.57
2025-10-09,31.57
2025-10-09,31.57
2025-10-09,31.57
2025-10-09,31.57
2025-10-09,31.42
2025-10-10,31.42
2025-10-10,31.42
2025-10-10,31.42
2025-10-10,31.42
2025-10-10,31.42
2025-10-13,31.42
2025-10-13,31.42
2025-10-13,31.42
2025-10-13,31.42
2025-10-13,31.7
2025-10-14,31.7
2025-10-14,31.7
2025-10-14,31.7
2025-10-14,31.7
2025-10-14,31.7
2025-10-15,31.7
2025-10-15,31.7
2025-10-15,31.7
2025-10-15,31.7
2025-10-15,31.7
2025-10-16,31.7
2025-10-16,31.7
2025-10-16,31.7
2025-10-16,31.7
2025-10-16,31.77
2025-10-17,31.77
2025-10-17,31.77
2025-10-17,31.77
2025-10-17,31.77
2025-10-17,31.77
2025-10-20,31.77
2025-10-20,31.77
2025-10-20,31.77
2025-10-20,31.77
2025-10-20,31.77
2025-10-21,31.77
2025-10-21,31.77
2025-10-21,31.77
2025-10-21,31.77
2025-10-21,31.55
2025-10-22,31.55
2025-10-22,31.55
2025-10-22,31.55
2025-10-22,31.55
2025-10-22,31.55
2025-10-23,31.55
2025-10-23,31.55
2025-10-23,31.55
2025-10-23,31.55
2025-10-23,31.55
2025-10-24,31.55
2025-10-24,31.55
2025-10-24,31.55
2025-10-24,31.55
2025-10-24,31.55
2025-10-27,31.55
2025-10-27,31.55
2025-10-27,31.55
2025-10-27,31.55
2025-10-27,31.6
2025-10-28,31.6
2025-10-28,31.6
2025-10-28,31.6
2025-10-28,31.6
2025-10-28,31.47
2025-10-29,31.47
2025-10-29,31.47
2025-10-29,31.47
2025-10-29,31.47
2025-10-29,31.47
2025-10-30,31.47
2025-10-30,31.47
2025-10-30,31.47
2025-10-30,31.47
2025-10-30,31.47
2025-10-31,31.47
2025-10-31,31.47
2025-10-31,31.47
2025-10-31,31.47
2025-10-31,31.47
2025-11-03,31.47
2025-11-03,31.47
2025-11-03,31.47
2025-11-03,31.47
2025-11-03,31.6
2025-11-04,31.6
2025-11-04,31.6
2025-11-04,31.6
2025-11-04,31.6
2025-11-04,31.6
2025-11-05,31.6
2025-11-05,31.6
2025-11-05,31.6
2025-11-05,31.6
2025-11-05,31.61
2025-11-06,31.61
2025-11-06,31.61
2025-11-06,31.61
2025-11-06,31.61
2025-11-06,31.61
2025-11-07,31.61
2025-11-07,31.61
2025-11-07,31.61
2025-11-07,31.61
2025-11-07,31.61
2025-11-10,31.61
2025-11-10,31.61
2025-11-10,31.61
2025-11-10,31.61
2025-11-10,31.61
2025-11-17,31.61
2025-11-17,31.61
2025-11-17,31.61
2025-11-17,31.61
2025-11-17,31.61
2025-11-18,31.61
2025-11-18,31.61
2025-11-18,31.61
2025-11-18,31.61
2025-11-18,31.61
2025-11-19,31.61
2025-11-19,31.61
2025-11-19,31.61
2025-11-19,31.61
2025-11-19,31.61
2025-11-20,31.61
2025-11-20,31.61
2025-11-20,31.61
2025-11-20,31.61
2025-11-20,31.61
2025-11-21,31.61
2025-11-21,31.61
2025-11-21,31.61
2025-11-21,31.61
2025-11-21,31.61
2025-11-24,31.61
2025-11-24,31.61
2025-11-24,31.61
2025-11-24,31.61
2025-11-24,31.61
2025-11-25,31.61
2025-11-25,31.61
2025-11-25,31.61
2025-11-25,31.61
2025-11-25,31.61
2025-11-26,31.61
2025-11-26,31.61
2025-11-26,31.61
2025-11-26,31.61
2025-11-26,31.61
2025-11-27,31.61
2025-11-27,31.61
2025-11-27,31.61
2025-11-27,31.61
2025-11-27,31.61
2025-11-28,31.61
2025-11-28,31.61
2025-11-28,31.61
2025-11-28,31.61
2025-11-28,31.61
2025-12-01,31.61
2025-12-01,31.61
2025-12-01,31.61
2025-12-01,31.61
2025-12-01,31.61
2025-12-02,31.61
2025-12-02,31.61
2025-12-02,31.61
2025-12-02,31.61
2025-12-02,31.61
2025-12-03,31.61
2025-12-03,31.61
2025-12-03,31.61
2025-12-03,31.61
2025-12-03,31.61
2025-12-04,31.61
2025-12-04,31.61
2025-12-04,31.61
2025-12-04,31.61
2025-12-04,31.61
2025-12-05,31.61
2025-12-05,31.61
2025-12-05,31.61
2025-12-05,31.61
2025-12-05,31.61
2025-12-08,31.61
2025-12-08,31.61
2025-12-08,31.61
2025-12-08,31.61
2025-12-08,31.61
2025-12-09,31.61
2025-12-09,31.61
2025-12-09,31.61
2025-12-09,31.61
2025-12-09,31.61
2025-12-10,31.61
2025-12-10,31.61
2025-12-10,31.61
2025-12-10,31.61
2025-12-10,31.51
2025-12-11,31.51
2025-12-11,31.51
2025-12-11,31.51
2025-12-11,31.51
2025-12-11,31.6
2025-12-12,31.6
2025-12-12,31.6
2025-12-12,31.6
2025-12-12,31.6
2025-12-12,31.6
2025-12-15,31.6
2025-12-15,31.6
2025-12-15,31.6
2025-12-15,31.6
2025-12-15,31.6
2025-12-16,31.6
2025-12-16,31.6
2025-12-16,31.6
2025-12-16,31.6
2025-12-16,31.6
2025-12-18,31.6
2025-12-18,31.6
2025-12-18,31.6
2025-12-18,31.6
2025-12-18,31.59
2025-12-19,31.59
2025-12-19,31.59
2025-12-19,31.59
2025-12-19,31.59
2025-12-19,31.59
2025-12-22,31.59
2025-12-22,31.59
2025-12-22,31.59
2025-12-22,31.59
2025-12-22,31.59
2025-12-23,31.59
2025-12-23,31.59
2025-12-23,31.59
2025-12-23,31.59
2025-12-23,31.59
2025-12-24,31.59
2025-12-24,31.59
2025-12-24,31.59
2025-12-24,31.59
2025-12-24,31.59
2025-12-25,31.59
2025-12-25,31.59
2025-12-25,31.59
2025-12-25,31.59
2025-12-25,31.59
2025-12-26,31.59
2025-12-26,31.59
2025-12-26,31.59
2025-12-26,31.59
2025-12-26,31.75
2025-12-29,31.75
2025-12-29,31.75
2025-12-29,31.75
2025-12-29,31.75
2025-12-29,31.75
2025-12-30,31.75
2025-12-30,31.75
2025-12-30,31.75
2025-12-30,31.75
2025-12-30,31.75
2025-12-31,31.75
2025-12-31,31.75
2025-12-31,31.75
2025-12-31,31.75
2025-12-31,31.75
2026-01-01,31.75
2026-01-01,31.75
2026-01-01,31.75
2026-01-01,31.75
2026-01-01,31.75
2026-01-05,31.75
2026-01-05,31.75
2026-01-05,31.75
2026-01-05,31.75
2026-01-05,31.75
2026-01-06,31.75
2026-01-06,31.75
2026-01-06,31.75
2026-01-06,31.75
2026-01-06,31.75
2026-01-07,31.75
2026-01-07,31.75
2026-01-07,31.75
2026-01-07,31.75
2026-01-07,31.75
2026-01-08,31.75
2026-01-08,31.75
2026-01-08,31.75
2026-01-08,31.75
2026-01-08,31.75
2026-01-09,31.75
2026-01-09,31.75
2026-01-09,31.75
2026-01-09,31.75
2026-01-09,31.75
2026-01-12,31.75
2026-01-12,31.75
2026-01-12,31.75
2026-01-12,31.75
2026-01-12,31.75
2026-01-13,31.75
2026-01-13,31.75
2026-01-13,31.75
2026-01-13,31.75
2026-01-13,31.02
2026-01-14,31.02
2026-01-14,31.02
2026-01-14,31.02
2026-01-14,31.02
2026-01-14,31.02
2026-01-15,31.02
2026-01-15,31.02
2026-01-15,31.02
2026-01-15,31.02
2026-01-15,31.02
2026-01-16,31.02
2026-01-16,31.02
2026-01-16,31.02
2026-01-16,31.02
2026-01-16,31.02
2026-01-20,31.02
2026-01-20,31.02
2026-01-20,31.02
2026-01-20,31.02
2026-01-20,31.02
2026-01-21,31.02
2026-01-21,31.02
2026-01-21,31.02
2026-01-21,31.02
2026-01-21,31.02
2026-01-22,31.02
2026-01-22,31.02
2026-01-22,31.02
2026-01-22,31.02
2026-01-22,30.84
2026-01-23,30.84
2026-01-23,30.84
2026-01-23,30.84
2026-01-23,30.84
2026-01-23,30.84
2026-01-26,30.84
2026-01-26,30.84
2026-01-26,30.84
2026-01-26,30.84
2026-01-26,30.84
2026-01-27,30.84
2026-01-27,30.84
2026-01-27,30.84
2026-01-27,30.84
2026-01-27,30.84
2026-01-28,30.84
2026-01-28,30.84
2026-01-28,30.84
2026-01-28,30.84
2026-01-28,30.84
2026-01-29,30.84
2026-01-29,30.84
2026-01-29,30.84
2026-01-29,30.84
2026-01-29,30.84
2026-01-30,30.84
2026-01-30,30.84
2026-01-30,30.84
2026-01-30,30.84
2026-01-30,30.84
2026-02-02,30.84
2026-02-02,30.84
2026-02-02,30.84
2026-02-02,30.84
2026-02-02,30.84
2026-02-03,30.84
2026-02-03,30.84
2026-02-03,30.84
2026-02-03,30.84
2026-02-03,30.84
2026-02-04,30.84
2026-02-04,30.84
2026-02-04,30.84
2026-02-04,30.84
2026-02-04,30.84
2026-02-05,30.84
2026-02-05,30.84
2026-02-05,30.84
2026-02-05,30.84
2026-02-05,30.6
2026-02-06,30.6
2026-02-06,30.6
2026-02-06,30.6
2026-02-06,30.6
2026-02-06,30.6
2026-02-09,30.6
2026-02-09,30.6
2026-02-09,30.6
2026-02-09,30.6
2026-02-09,30.6
2026-02-10,30.6
2026-02-10,30.6
2026-02-10,30.6
2026-02-10,30.6
2026-02-10,30.6
2026-02-11,30.6
2026-02-11,30.6
2026-02-11,30.6
2026-02-11,30.6
2026-02-11,30.6
2026-02-12,30.6
2026-02-12,30.6
2026-02-12,30.6
2026-02-12,30.6
2026-02-12,30.6
2026-02-13,30.6
2026-02-13,30.6
2026-02-13,30.6
2026-02-13,30.6
2026-02-13,30.6
2026-02-16,30.6
2026-02-16,30.6
2026-02-16,30.6
2026-02-16,30.6
2026-02-16,30.6
2026-02-17,30.6
2026-02-17,30.6
2026-02-17,30.6
2026-02-17,30.6
2026-02-17,30.6
2026-02-20,30.6
2026-02-20,30.6
2026-02-20,30.6
2026-02-20,30.6
2026-02-20,30.6
2026-02-24,30.6
2026-02-24,30.6
2026-02-24,30.6
2026-02-24,30.6
2026-02-24,30.51
2026-02-25,30.51
2026-02-25,30.51
2026-02-25,30.51
2026-02-25,30.51
2026-02-25,30.51
2026-02-26,30.51
2026-02-26,30.51
2026-02-26,30.51
2026-02-26,30.51
2026-02-26,30.51
2026-02-27,30.51
2026-02-27,30.51
2026-02-27,30.51
2026-02-27,30.51
2026-02-27,30.51
2026-03-02,30.51
2026-03-02,30.51
2026-03-02,30.51
2026-03-02,30.51
2026-03-02,30.51
2026-03-03,30.51
2026-03-03,30.51
2026-03-03,30.51
2026-03-03,30.51
2026-03-03,30.51
2026-03-04,30.51
2026-03-04,30.51
2026-03-04,30.51
2026-03-04,30.51
2026-03-04,30.51
2026-03-05,30.51
2026-03-05,30.51
2026-03-05,30.51
2026-03-05,30.51
2026-03-05,30.51
2026-03-06,30.51
2026-03-06,30.51
2026-03-06,30.51
2026-03-06,30.51
2026-03-06,30.51
2026-03-09,30.51
2026-03-09,30.51
2026-03-09,30.51
2026-03-09,30.51
2026-03-09,30.51
2026-03-10,30.51
2026-03-10,30.51
2026-03-10,30.51
2026-03-10,30.51
2026-03-10,30.51
2026-03-11,30.51
2026-03-11,30.51
2026-03-11,30.51
2026-03-11,30.51
2026-03-11,30.51
2026-03-12,30.51
2026-03-12,30.51
2026-03-12,30.51
2026-03-12,30.51
2026-03-12,30.51
2026-03-13,30.51
2026-03-13,30.51
2026-03-13,30.51
2026-03-13,30.51
2026-03-13,30.51
2026-03-16,30.51
2026-03-16,30.51
2026-03-16,30.51
2026-03-16,30.51
2026-03-16,30.51
2026-03-17,30.51
2026-03-17,30.51
2026-03-17,30.51
2026-03-17,30.51
2026-03-17,30.51
2026-03-18,30.51
2026-03-18,30.51
2026-03-18,30.51
2026-03-18,30.51
2026-03-18,30.51
2026-03-19,30.51
2026-03-19,30.51
2026-03-19,30.51
2026-03-19,30.51
2026-03-19,30.51
2026-03-20,30.51
2026-03-20,30.51
2026-03-20,30.51
2026-03-20,30.51
2026-03-20,30.51
2026-03-23,30.51
2026-03-23,30.51
2026-03-23,30.51
2026-03-23,30.51
2026-03-23,30.51
2026-03-24,30.51
2026-03-24,30.51
2026-03-24,30.51
2026-03-24,30.51
2026-03-24,30.51
2026-03-25,30.51
2026-03-25,30.51
2026-03-25,30.51
2026-03-25,30.51
2026-03-25,30.51
2026-03-26,30.51
2026-03-26,30.51
2026-03-26,30.51
2026-03-26,30.51
2026-03-26,30.51
2026-03-27,30
2026-03-27,30
2026-03-27,30
2026-03-27,30
2026-03-27,30.27
2026-03-30,30.27
2026-03-30,31
2026-03-30,31
2026-03-30,32
2026-03-30,31.56
2026-03-31,31.56
2026-03-31,31.56
2026-03-31,31.56
2026-03-31,31.56
2026-03-31,31.56
2026-04-01,31.56
2026-04-01,31.56
2026-04-01,31.56
2026-04-01,31.56
2026-04-01,31.56
2026-04-02,31.56
2026-04-02,31.56
2026-04-02,31.56
2026-04-02,31.56
2026-04-02,31.56
2026-04-03,31.56
2026-04-03,31.56
2026-04-03,31.56
2026-04-03,31.56
2026-04-06,31.56
2026-04-06,31.56
2026-04-06,31.56
2026-04-06,31.56
2026-04-06,31.56
2026-04-07,31.56
2026-04-07,31.56
2026-04-07,31.56
2026-04-07,31.56
2026-04-07,31.56
2026-04-08,31.56
2026-04-08,31.56
2026-04-08,31.56
2026-04-08,31.56
2026-04-08,31.56
2026-04-09,31.56
2026-04-09,31.56
2026-04-09,31.56
2026-04-09,31.56
2026-04-09,31.56
2026-04-10,31.56
2026-04-10,31.56
2026-04-10,31.56
2026-04-10,31.56
2026-04-10,31.56
2026-04-13,31.56
2026-04-13,31.56
2026-04-13,31.56
2026-04-13,31.56
2026-04-13,31.56
2026-04-14,31.56
2026-04-14,31.56
2026-04-14,31.56
2026-04-14,31.56
2026-04-14,31.56
2026-04-15,31.56
2026-04-15,31.56
2026-04-15,31.56
2026-04-15,31.56
2026-04-15,31.56
2026-04-16,31.56
2026-04-16,31.56
2026-04-16,31.56
2026-04-16,31.56
2026-04-16,31.56
2026-04-17,31.56
2026-04-17,31.56
2026-04-17,31.56
2026-04-17,31.56
2026-04-17,31.56
2026-04-20,31.56
2026-04-20,31.56
2026-04-20,31.56
2026-04-20,31.56
2026-04-20,31.56
2026-04-21,31.56
2026-04-21,31.56
2026-04-21,31.56
2026-04-21,31.56
2026-04-21,31.56
2026-04-22,32.07
2026-04-22,32.07
2026-04-22,32.07
2026-04-22,32.07
2026-04-22,32.07
2026-04-23,32.07
2026-04-23,32.07
2026-04-23,32.07
2026-04-23,32.07
2026-04-23,32.07
2026-04-24,32.07
2026-04-24,32.07
2026-04-24,32.07
2026-04-24,32.07
2026-04-24,32.07
2026-04-27,32.07
2026-04-27,32.07
2026-04-27,32.07
2026-04-27,32.07
2026-04-27,32.07
2026-04-28,32.07
2026-04-28,32.07
2026-04-28,32.07
2026-04-28,32.07
2026-04-28,32.07
2026-04-29,32.07
2026-04-29,32.07
2026-04-29,32.07
2026-04-29,32.07
2026-04-29,32.07
2026-04-30,32.07
2026-04-30,32.07
2026-04-30,32.07
2026-04-30,32.07
2026-04-30,32.07
2026-05-01,32.07
2026-05-01,32.07
2026-05-01,32.07
2026-05-01,32.07
2026-05-01,32.07
2026-05-04,32.07
2026-05-04,32.07
2026-05-04,32.07
2026-05-04,32.07
2026-05-04,32.07
2026-05-05,32.07
2026-05-05,32.07
2026-05-05,32.07
2026-05-05,32.07
2026-05-05,32.07
2026-05-06,32.07
2026-05-06,32.07
2026-05-06,32.07
2026-05-06,32.07
2026-05-06,32.07
2026-05-07,32.07
2026-05-07,32.07
2026-05-07,30
2026-05-07,30
2026-05-07,30
2026-05-08,30
2026-05-08,30
2026-05-08,30
2026-05-08,30
2026-05-08,30