Date,Close Price
2020-04-23,15.7
2020-04-23,15.7
2020-04-24,16.09
2020-04-24,16.49
2020-04-27,16.49
2020-04-27,16.55
2020-04-28,16.9
2020-04-28,16.49
2020-04-29,16.49
2020-04-29,16.49
2020-04-30,16.85
2020-04-30,16.5
2020-05-01,16.5
2020-05-01,16.4
2020-05-04,16.4
2020-05-04,16
2020-05-05,16
2020-05-05,16
2020-05-06,16
2020-05-06,15.65
2020-05-07,15.65
2020-05-07,15.65
2020-05-08,15.65
2020-05-08,15.65
2020-05-11,15.65
2020-05-11,15.65
2020-05-12,15.65
2020-05-12,15.65
2020-05-13,15.27
2020-05-13,15.27
2020-05-14,15.27
2020-05-14,15.27
2020-05-15,15.27
2020-05-15,15.27
2020-05-18,15.65
2020-05-18,16.04
2020-05-19,16.44
2020-05-19,16.44
2020-05-20,16.44
2020-05-20,16.44
2020-05-21,16.44
2020-05-21,16.44
2020-05-22,16.44
2020-05-22,16.44
2020-05-25,16.44
2020-05-25,16.44
2020-05-26,16.44
2020-05-26,16.44
2020-05-27,16.44
2020-05-27,16.44
2020-05-28,16.44
2020-05-28,16.44
2020-05-29,16.44
2020-05-29,16.03
2020-06-01,16.03
2020-06-01,16.03
2020-06-02,15.63
2020-06-02,15.63
2020-06-03,15.25
2020-06-03,15.25
2020-06-04,15.25
2020-06-04,15.25
2020-06-08,15.25
2020-06-08,15.25
2020-06-09,15.63
2020-06-09,15.63
2020-06-10,15.63
2020-06-10,15.63
2020-06-11,15.63
2020-06-11,15.63
2020-06-12,15.63
2020-06-12,15.63
2020-06-15,15.63
2020-06-15,15.63
2020-06-16,15.63
2020-06-16,15.63
2020-06-17,15.63
2020-06-17,15.63
2020-06-18,15.63
2020-06-18,15.63
2020-06-19,15.63
2020-06-19,15.24
2020-06-22,15.24
2020-06-22,15.24
2020-06-23,15.24
2020-06-23,15.24
2020-06-24,15.24
2020-06-24,14.85
2020-06-25,14.85
2020-06-25,14.85
2020-06-26,14.48
2020-06-26,14.48
2020-06-29,14.48
2020-06-29,14.48
2020-07-01,14.48
2020-07-01,14.48
2020-07-02,14.48
2020-07-02,14.48
2020-07-03,14.48
2020-07-03,14.48
2020-07-06,14.25
2020-07-06,14.25
2020-07-07,14.25
2020-07-07,14.25
2020-07-08,14.25
2020-07-08,14.25
2020-07-09,14.25
2020-07-09,14.25
2020-07-10,14.25
2020-07-10,14.25
2020-07-13,14.25
2020-07-13,14.25
2020-07-14,14.25
2020-07-14,14.25
2020-07-15,14.25
2020-07-15,14.25
2020-07-16,14.25
2020-07-16,14.25
2020-07-17,14.95
2020-07-17,14.95
2020-07-20,14.95
2020-07-20,14.95
2020-07-21,14.95
2020-07-21,14.95
2020-07-22,14.95
2020-07-22,14.5
2020-07-23,14.5
2020-07-23,14.5
2020-07-27,14.5
2020-07-27,14.5
2020-07-28,14.5
2020-07-28,14.5
2020-07-29,14.5
2020-07-29,14.5
2020-07-30,15
2020-07-30,15
2020-07-31,15
2020-07-31,14.75
2020-08-03,15
2020-08-03,15
2020-08-04,15
2020-08-04,15
2020-08-05,15
2020-08-05,15
2020-08-06,15
2020-08-06,15
2020-08-07,15
2020-08-07,15
2020-08-10,15
2020-08-10,15
2020-08-10,15
2020-08-10,15
2020-08-10,15
2020-08-11,15
2020-08-11,15
2020-08-11,15
2020-08-11,15
2020-08-11,15
2020-08-12,15
2020-08-12,15
2020-08-12,15
2020-08-12,14.8
2020-08-12,14.8
2020-08-13,14.8
2020-08-13,14.8
2020-08-13,14.8
2020-08-13,14.8
2020-08-13,14.8
2020-08-14,14.8
2020-08-14,14.8
2020-08-14,14.8
2020-08-14,14.8
2020-08-14,14.8
2020-08-17,14.8
2020-08-17,14.8
2020-08-17,14.8
2020-08-17,14.8
2020-08-17,14.8
2020-08-18,14.8
2020-08-18,14.8
2020-08-18,14.8
2020-08-18,14.8
2020-08-18,14.8
2020-08-19,14.8
2020-08-19,14.8
2020-08-19,14.8
2020-08-19,14.8
2020-08-19,14.8
2020-08-20,14.8
2020-08-20,14.8
2020-08-20,14.8
2020-08-20,14.8
2020-08-20,14.8
2020-08-21,14.8
2020-08-21,14.8
2020-08-21,14.8
2020-08-21,14.8
2020-08-21,14.8
2020-08-24,14.8
2020-08-24,14.8
2020-08-24,14.8
2020-08-24,14.8
2020-08-24,14.8
2020-08-25,14.8
2020-08-25,14.8
2020-08-25,14.8
2020-08-25,14.8
2020-08-25,14.8
2020-08-26,14.8
2020-08-26,14.8
2020-08-26,14.8
2020-08-26,14.8
2020-08-26,14.8
2020-08-27,14.8
2020-08-27,14.8
2020-08-27,14.8
2020-08-27,14.8
2020-08-27,14.8
2020-08-28,14.8
2020-08-28,14.8
2020-08-28,14.8
2020-08-28,14.8
2020-08-28,14.8
2020-08-31,14.8
2020-08-31,14.8
2020-08-31,14.8
2020-08-31,14.8
2020-08-31,14.8
2020-09-01,14.8
2020-09-01,14.8
2020-09-01,14.8
2020-09-01,14.8
2020-09-01,14.8
2020-09-02,14.8
2020-09-02,14.8
2020-09-02,14.8
2020-09-02,14.8
2020-09-02,14.8
2020-09-03,14.8
2020-09-03,14.8
2020-09-03,14.8
2020-09-03,14.8
2020-09-03,14.8
2020-09-04,14.8
2020-09-04,14.8
2020-09-04,14.8
2020-09-04,14.8
2020-09-04,14.8
2020-09-07,14.8
2020-09-07,14.8
2020-09-07,14.8
2020-09-07,14.8
2020-09-07,14.8
2020-09-08,14.8
2020-09-08,14.8
2020-09-08,14.8
2020-09-08,14.8
2020-09-08,14.8
2020-09-09,14.8
2020-09-09,14.8
2020-09-09,14.8
2020-09-09,14.8
2020-09-09,14.8
2020-09-10,14.8
2020-09-10,14.8
2020-09-10,14.8
2020-09-10,14.8
2020-09-10,14.8
2020-09-11,14.8
2020-09-11,14.8
2020-09-11,14.8
2020-09-11,14.8
2020-09-11,14.8
2020-09-14,14.8
2020-09-14,14.8
2020-09-14,14.8
2020-09-14,14.8
2020-09-14,14.8
2020-09-15,14.8
2020-09-15,14.8
2020-09-15,14.8
2020-09-15,14.8
2020-09-15,14.8
2020-09-16,14.8
2020-09-16,14.8
2020-09-16,14.8
2020-09-16,14.8
2020-09-16,14.8
2020-09-17,14.8
2020-09-17,14.8
2020-09-17,14.8
2020-09-17,14.8
2020-09-17,14.8
2020-09-18,14.8
2020-09-18,14.8
2020-09-18,14.75
2020-09-18,14.75
2020-09-18,14.75
2020-09-21,14.75
2020-09-21,14.75
2020-09-21,14.75
2020-09-21,14.75
2020-09-21,14.75
2020-09-24,14.75
2020-09-24,15
2020-09-24,15
2020-09-24,15
2020-09-24,15
2020-09-25,15
2020-09-25,15
2020-09-25,15
2020-09-25,15
2020-09-25,15
2020-09-29,15
2020-09-29,15
2020-09-29,15
2020-09-29,15
2020-09-29,15
2020-09-30,15
2020-09-30,15
2020-09-30,15
2020-09-30,15
2020-09-30,15
2020-10-01,15
2020-10-01,15
2020-10-01,15
2020-10-01,15
2020-10-01,15
2020-10-02,15
2020-10-02,15
2020-10-02,15
2020-10-02,15
2020-10-02,15
2020-10-05,15
2020-10-05,15
2020-10-05,15
2020-10-05,15
2020-10-05,15
2020-10-06,15
2020-10-06,15
2020-10-06,15
2020-10-06,15
2020-10-06,15
2020-10-07,15
2020-10-07,15
2020-10-07,15
2020-10-07,15
2020-10-07,15
2020-10-08,15
2020-10-08,15
2020-10-08,15
2020-10-08,15
2020-10-08,15
2020-10-09,15
2020-10-09,15
2020-10-09,15
2020-10-09,15
2020-10-09,15
2020-10-12,15
2020-10-12,15
2020-10-12,15
2020-10-12,15
2020-10-12,15
2020-10-13,15
2020-10-13,15
2020-10-13,15
2020-10-13,15
2020-10-13,15
2020-10-14,15
2020-10-14,15
2020-10-14,15
2020-10-14,15
2020-10-14,15
2020-10-15,15
2020-10-15,15
2020-10-15,15
2020-10-15,15
2020-10-15,15
2020-10-16,15
2020-10-16,15
2020-10-16,15
2020-10-16,15
2020-10-16,15
2020-10-19,15
2020-10-19,15
2020-10-19,15
2020-10-19,15
2020-10-19,15
2020-10-20,15
2020-10-20,15.75
2020-10-20,15.75
2020-10-20,15.75
2020-10-20,15.75
2020-10-21,15.75
2020-10-21,15.75
2020-10-21,15.75
2020-10-21,15.75
2020-10-21,15.75
2020-10-22,15.75
2020-10-22,15.75
2020-10-22,15.75
2020-10-22,15
2020-10-22,15
2020-10-23,15
2020-10-23,15
2020-10-23,15
2020-10-23,15
2020-10-23,15
2020-10-27,15
2020-10-27,15
2020-10-27,15
2020-10-27,15
2020-10-27,15
2020-10-28,15
2020-10-28,15
2020-10-28,15
2020-10-28,15
2020-10-28,15
2020-10-29,15
2020-10-29,15
2020-10-29,15
2020-10-29,15
2020-10-29,15
2020-10-30,15
2020-10-30,14.4
2020-10-30,14.4
2020-10-30,14.4
2020-10-30,14.4
2020-11-02,14.4
2020-11-02,14.4
2020-11-02,14.25
2020-11-02,14.25
2020-11-02,14.25
2020-11-03,14.25
2020-11-03,14.25
2020-11-03,14.25
2020-11-03,14.25
2020-11-03,14.25
2020-11-04,14.25
2020-11-04,14.25
2020-11-04,14.25
2020-11-04,14.25
2020-11-04,14.25
2020-11-05,14.25
2020-11-05,14.25
2020-11-05,14.25
2020-11-05,14.25
2020-11-05,14.25
2020-11-06,14.25
2020-11-06,14.25
2020-11-06,14.25
2020-11-06,14.25
2020-11-06,14.25
2020-11-09,14.25
2020-11-09,14.25
2020-11-09,14.25
2020-11-09,14.25
2020-11-09,14.25
2020-11-10,14.25
2020-11-10,14.25
2020-11-10,14.25
2020-11-10,14.25
2020-11-10,14.25
2020-11-12,14.25
2020-11-12,14.25
2020-11-12,14.25
2020-11-12,14.25
2020-11-12,14.25
2020-11-13,14.25
2020-11-13,14.25
2020-11-13,14.25
2020-11-13,14.25
2020-11-13,14.25
2020-11-16,14.25
2020-11-16,14.25
2020-11-16,14.25
2020-11-16,14.25
2020-11-16,14.25
2020-11-17,14.25
2020-11-17,14.25
2020-11-17,14.25
2020-11-17,14.25
2020-11-17,14.25
2020-11-18,14.25
2020-11-18,14.25
2020-11-18,14.25
2020-11-18,14.25
2020-11-18,14.25
2020-11-19,14.25
2020-11-19,14.25
2020-11-19,14.25
2020-11-19,14.25
2020-11-19,14.25
2020-11-20,13.6
2020-11-20,13.6
2020-11-20,14.25
2020-11-20,14.25
2020-11-20,14.25
2020-11-23,14.25
2020-11-23,14.25
2020-11-23,14
2020-11-23,14
2020-11-23,14
2020-11-24,14
2020-11-24,14
2020-11-24,14
2020-11-24,14
2020-11-24,14
2020-11-25,14
2020-11-25,14
2020-11-25,14
2020-11-25,14
2020-11-25,14
2020-11-26,14
2020-11-26,14
2020-11-26,14
2020-11-26,13.7
2020-11-26,13.7
2020-11-27,13.7
2020-11-27,13.7
2020-11-27,13.7
2020-11-27,13.7
2020-11-27,13.7
2020-11-30,13.7
2020-11-30,13.7
2020-11-30,13.7
2020-11-30,13.7
2020-11-30,13.7
2020-12-01,13.7
2020-12-01,13.7
2020-12-01,13.7
2020-12-01,13.7
2020-12-01,13.54
2020-12-02,13.54
2020-12-02,13.54
2020-12-02,13.54
2020-12-02,13.54
2020-12-02,13.5
2020-12-03,13.5
2020-12-03,13.5
2020-12-03,13.5
2020-12-03,13.5
2020-12-03,13.5
2020-12-04,13.5
2020-12-04,13.5
2020-12-04,13.5
2020-12-04,13.5
2020-12-04,13.5
2020-12-07,13.5
2020-12-07,13.5
2020-12-07,13.5
2020-12-07,13.5
2020-12-07,13.5
2020-12-08,13.5
2020-12-08,13.5
2020-12-08,13.5
2020-12-08,13.5
2020-12-08,13.5
2020-12-09,13.5
2020-12-09,13.5
2020-12-09,13.5
2020-12-09,13.5
2020-12-09,13.5
2020-12-10,13.5
2020-12-10,13.5
2020-12-10,13.5
2020-12-10,13.5
2020-12-10,12.9
2020-12-11,12.9
2020-12-11,12.9
2020-12-11,12.9
2020-12-11,12.85
2020-12-11,12.85
2020-12-14,12.85
2020-12-14,12.85
2020-12-14,12.85
2020-12-14,12.85
2020-12-14,12.85
2020-12-15,12.85
2020-12-15,12.85
2020-12-15,12.85
2020-12-15,12.85
2020-12-15,12.85
2020-12-16,12.83
2020-12-16,13
2020-12-16,13
2020-12-16,13
2020-12-16,13
2020-12-18,13
2020-12-18,13
2020-12-18,13
2020-12-18,12.75
2020-12-18,12.75
2020-12-21,12.5
2020-12-21,12.5
2020-12-21,12.5
2020-12-21,12.5
2020-12-21,12.5
2020-12-22,13.6
2020-12-22,13.6
2020-12-22,13.6
2020-12-23,12.5
2020-12-23,12.5
2020-12-23,12.5
2020-12-23,12.5
2020-12-24,12.5
2020-12-24,12.5
2020-12-24,12.5
2020-12-24,12.5
2020-12-24,12.5
2020-12-25,12.5
2020-12-25,12.5
2020-12-25,12.5
2020-12-25,12.5
2020-12-25,12.5
2020-12-28,12.5
2020-12-28,12.5
2020-12-28,12.55
2020-12-28,13
2020-12-28,13
2020-12-29,13
2020-12-29,13
2020-12-29,13
2020-12-29,13
2020-12-29,13
2020-12-30,13
2020-12-30,13.65
2020-12-30,13.65
2020-12-30,13.65
2020-12-30,13.65
2020-12-31,13.65
2020-12-31,13.65
2020-12-31,13.65
2020-12-31,13.65
2020-12-31,13.65
2021-01-01,13.65
2021-01-01,13.95
2021-01-01,13.95
2021-01-01,13.95
2021-01-01,13.95
2021-01-04,13.95
2021-01-04,14.3
2021-01-04,14.3
2021-01-04,14.3
2021-01-04,14.3
2021-01-05,14.3
2021-01-05,14.3
2021-01-05,14.3
2021-01-05,14.3
2021-01-05,14.3
2021-01-06,14.3
2021-01-06,14.3
2021-01-06,14.3
2021-01-06,14.3
2021-01-06,14.3
2021-01-07,14.3
2021-01-07,14.3
2021-01-07,14.3
2021-01-07,14.3
2021-01-07,14.3
2021-01-08,14.3
2021-01-08,14.3
2021-01-08,14.3
2021-01-08,14.95
2021-01-08,14.95
2021-01-11,14.95
2021-01-11,14.95
2021-01-11,14.95
2021-01-11,14.95
2021-01-11,14.95
2021-01-12,14.95
2021-01-12,14.95
2021-01-12,14.95
2021-01-12,14.95
2021-01-12,14.95
2021-01-13,14.95
2021-01-13,14.95
2021-01-13,14.95
2021-01-13,14.95
2021-01-13,14.95
2021-01-15,14.95
2021-01-15,14.95
2021-01-15,14.95
2021-01-15,14.95
2021-01-15,15
2021-01-18,15
2021-01-18,15
2021-01-18,15
2021-01-18,15
2021-01-18,15
2021-01-19,15
2021-01-19,15
2021-01-19,15
2021-01-19,15
2021-01-19,15
2021-01-20,14.95
2021-01-20,14.95
2021-01-20,14.95
2021-01-20,14.95
2021-01-20,14.95
2021-01-21,14.95
2021-01-21,14.95
2021-01-21,14.95
2021-01-21,14.95
2021-01-21,14.95
2021-01-22,14.95
2021-01-22,14.95
2021-01-22,14.95
2021-01-22,15
2021-01-22,15
2021-01-25,15
2021-01-25,15
2021-01-25,15
2021-01-25,15
2021-01-25,15
2021-01-26,15
2021-01-26,15
2021-01-26,15
2021-01-26,15
2021-01-26,15
2021-01-27,15
2021-01-27,15
2021-01-27,15
2021-01-27,15
2021-01-27,15
2021-01-28,15
2021-01-28,15
2021-01-28,15
2021-01-28,15
2021-01-28,15
2021-01-29,15
2021-01-29,15
2021-01-29,15
2021-01-29,15
2021-01-29,15
2021-02-01,15
2021-02-01,15
2021-02-01,14.25
2021-02-01,14.25
2021-02-01,14.25
2021-02-02,14.25
2021-02-02,14.25
2021-02-02,14.25
2021-02-02,14.25
2021-02-02,14.25
2021-02-03,14.25
2021-02-03,14.25
2021-02-03,14.25
2021-02-03,14.25
2021-02-03,14.25
2021-02-04,14.25
2021-02-04,14.25
2021-02-04,14.25
2021-02-04,14.25
2021-02-04,14.25
2021-02-05,14.25
2021-02-05,14.25
2021-02-05,14.25
2021-02-05,14.25
2021-02-05,14.25
2021-02-08,14.25
2021-02-08,14.25
2021-02-08,14.25
2021-02-08,14.25
2021-02-08,14.25
2021-02-09,14.25
2021-02-09,14.25
2021-02-09,14.25
2021-02-09,14.25
2021-02-09,14.25
2021-02-10,14.25
2021-02-10,14.25
2021-02-10,14.25
2021-02-10,14.25
2021-02-10,13.55
2021-02-11,13.55
2021-02-11,13.55
2021-02-11,13.55
2021-02-11,13.55
2021-02-11,13.55
2021-02-15,13
2021-02-15,13
2021-02-15,13
2021-02-15,13
2021-02-15,13
2021-02-16,13
2021-02-16,13
2021-02-16,13.65
2021-02-16,13.65
2021-02-16,13.65
2021-02-17,13.65
2021-02-17,13.65
2021-02-17,13.65
2021-02-17,13.65
2021-02-17,13.65
2021-02-18,13.65
2021-02-18,13.65
2021-02-18,13.65
2021-02-18,13.65
2021-02-18,13.65
2021-02-19,13.65
2021-02-19,13.65
2021-02-19,13.65
2021-02-19,13.65
2021-02-19,13
2021-02-24,13
2021-02-24,13
2021-02-24,13
2021-02-24,13
2021-02-24,13
2021-02-25,13
2021-02-25,13
2021-02-25,13
2021-02-25,13
2021-02-25,13
2021-02-26,13
2021-02-26,13
2021-02-26,12.5
2021-02-26,12.5
2021-02-26,12.5
2021-03-01,12.5
2021-03-01,12.5
2021-03-01,12.5
2021-03-01,12.5
2021-03-01,12.5
2021-03-02,12.4
2021-03-02,12.4
2021-03-02,12.4
2021-03-02,12.4
2021-03-02,13.02
2021-03-03,13.02
2021-03-03,13.02
2021-03-03,13.03
2021-03-03,13.65
2021-03-03,13.65
2021-03-04,13.65
2021-03-04,13.65
2021-03-04,13.65
2021-03-04,13.65
2021-03-04,13.65
2021-03-05,13.65
2021-03-05,14.33
2021-03-05,14.33
2021-03-05,15
2021-03-05,15
2021-03-08,15.5
2021-03-08,15.5
2021-03-08,15.5
2021-03-08,15.5
2021-03-08,15.95
2021-03-09,15.95
2021-03-09,15.95
2021-03-09,15.5
2021-03-09,15.5
2021-03-09,15.95
2021-03-10,15.95
2021-03-10,15.95
2021-03-10,15.95
2021-03-10,15.95
2021-03-10,16.7
2021-03-11,16.7
2021-03-11,16.7
2021-03-11,16.7
2021-03-11,16.7
2021-03-11,16.7
2021-03-12,16.7
2021-03-12,16.7
2021-03-12,16.7
2021-03-12,16.7
2021-03-12,16.7
2021-03-15,16
2021-03-15,16
2021-03-15,16
2021-03-15,16
2021-03-15,16
2021-03-16,16
2021-03-16,16
2021-03-16,16
2021-03-16,16
2021-03-16,16
2021-03-17,16
2021-03-17,16
2021-03-17,16
2021-03-17,16
2021-03-17,16
2021-03-18,16
2021-03-18,16
2021-03-18,16
2021-03-18,16
2021-03-18,16
2021-03-19,16
2021-03-19,16
2021-03-19,16
2021-03-19,16
2021-03-19,16
2021-03-22,16
2021-03-22,16
2021-03-22,16
2021-03-22,16
2021-03-22,16
2021-03-23,16
2021-03-23,16
2021-03-23,16
2021-03-23,16
2021-03-23,16
2021-03-24,16
2021-03-24,16
2021-03-24,16
2021-03-24,16
2021-03-24,16
2021-03-25,16
2021-03-25,16
2021-03-25,16
2021-03-25,16
2021-03-25,16
2021-03-26,16
2021-03-26,16
2021-03-26,16
2021-03-26,16
2021-03-26,16
2021-03-29,16
2021-03-29,16
2021-03-29,16
2021-03-29,16
2021-03-29,15.2
2021-03-30,15.2
2021-03-30,15.2
2021-03-30,15.2
2021-03-30,15.2
2021-03-30,15.2
2021-03-31,15.2
2021-03-31,15.2
2021-03-31,15.2
2021-03-31,15.2
2021-03-31,15.2
2021-04-01,15.2
2021-04-01,15.2
2021-04-01,15.95
2021-04-01,15.95
2021-04-01,15.95
2021-04-02,15.95
2021-04-02,15.95
2021-04-02,15.95
2021-04-02,15.95
2021-04-02,15.7
2021-04-05,15.7
2021-04-05,15.5
2021-04-05,15.5
2021-04-05,15.5
2021-04-05,15.5
2021-04-06,15.5
2021-04-06,15.5
2021-04-06,15.5
2021-04-06,15.5
2021-04-06,15.5
2021-04-07,15.5
2021-04-07,15.5
2021-04-07,15.5
2021-04-07,15.5
2021-04-07,15.5
2021-04-08,15.5
2021-04-08,15.5
2021-04-08,15.5
2021-04-08,15.5
2021-04-08,15.5
2021-04-09,15.5
2021-04-09,15.5
2021-04-09,15.5
2021-04-09,15.5
2021-04-09,15.5
2021-04-12,15.5
2021-04-12,15.5
2021-04-12,15.5
2021-04-12,15.5
2021-04-12,15.5
2021-04-13,15.5
2021-04-13,15.5
2021-04-13,15.5
2021-04-13,15.5
2021-04-13,15.5
2021-04-14,15.5
2021-04-14,15
2021-04-14,15
2021-04-14,15
2021-04-14,15
2021-04-15,15
2021-04-15,15
2021-04-15,15
2021-04-15,15
2021-04-15,15
2021-04-16,15
2021-04-16,15
2021-04-16,15
2021-04-16,15
2021-04-16,15
2021-04-19,15
2021-04-19,15
2021-04-19,15
2021-04-19,15
2021-04-19,15
2021-04-20,15
2021-04-20,15
2021-04-20,15
2021-04-20,15
2021-04-20,15
2021-04-21,15
2021-04-21,15
2021-04-21,15.25
2021-04-21,15.25
2021-04-21,15.25
2021-04-23,15.25
2021-04-23,15.25
2021-04-23,15.25
2021-04-26,15.25
2021-04-26,15.25
2021-04-26,15.25
2021-04-26,15.25
2021-04-26,15.25
2021-04-27,15.25
2021-04-27,15.25
2021-04-27,15.25
2021-04-27,15.25
2021-04-27,15.25
2021-04-29,15.25
2021-04-29,15.25
2021-04-29,15.25
2021-04-29,15.25
2021-04-29,15.25
2021-04-30,15.1
2021-04-30,15.1
2021-04-30,15.1
2021-04-30,15.1
2021-04-30,15.1
2021-05-03,15.1
2021-05-03,15.1
2021-05-03,15.1
2021-05-03,15.1
2021-05-03,15.1
2021-05-04,15.1
2021-05-04,15.1
2021-05-04,15.1
2021-05-04,15.12
2021-05-04,15.12
2021-05-05,15.12
2021-05-05,15.3
2021-05-05,15.3
2021-05-05,15.3
2021-05-05,15.3
2021-05-06,15.3
2021-05-06,15.3
2021-05-06,15.3
2021-05-06,15.3
2021-05-06,15.3
2021-05-07,15.3
2021-05-07,15.3
2021-05-07,15.3
2021-05-07,15.3
2021-05-07,16
2021-05-10,16
2021-05-10,16
2021-05-10,16
2021-05-10,16
2021-05-10,16
2021-05-11,16
2021-05-11,16
2021-05-11,16
2021-05-11,16
2021-05-11,16
2021-05-12,16
2021-05-12,16
2021-05-12,16
2021-05-12,16
2021-05-12,16
2021-05-13,16
2021-05-13,16
2021-05-13,16
2021-05-13,16
2021-05-13,16
2021-05-14,16
2021-05-14,16
2021-05-14,16
2021-05-14,16
2021-05-14,16
2021-05-17,16
2021-05-17,16
2021-05-17,16
2021-05-17,16
2021-05-17,16
2021-05-18,16
2021-05-18,16
2021-05-18,16
2021-05-18,16
2021-05-18,16
2021-05-19,16
2021-05-19,16
2021-05-19,16
2021-05-19,16
2021-05-19,16
2021-05-20,16
2021-05-20,16
2021-05-20,16
2021-05-20,16
2021-05-20,16
2021-05-21,16
2021-05-21,16
2021-05-21,16
2021-05-21,16
2021-05-21,16
2021-05-24,16
2021-05-24,16
2021-05-24,16
2021-05-24,16
2021-05-24,15.2
2021-05-25,15.2
2021-05-25,15.2
2021-05-25,15.2
2021-05-25,15.2
2021-05-25,15.2
2021-05-27,15.2
2021-05-27,15.2
2021-05-27,15.2
2021-05-27,15.2
2021-05-27,15.2
2021-05-28,15.2
2021-05-28,15.2
2021-05-28,15.2
2021-05-28,15.2
2021-05-28,15.2
2021-05-31,15.2
2021-05-31,15.2
2021-05-31,15.2
2021-05-31,15.2
2021-05-31,15.2
2021-06-01,15.2
2021-06-01,15.2
2021-06-01,15.2
2021-06-01,15.2
2021-06-01,15.2
2021-06-02,15.2
2021-06-02,15.2
2021-06-02,15.2
2021-06-02,15.2
2021-06-02,15.2
2021-06-03,15.2
2021-06-03,15.2
2021-06-03,15.2
2021-06-03,15.2
2021-06-03,15.2
2021-06-04,15.2
2021-06-04,15.2
2021-06-04,15.2
2021-06-04,15.2
2021-06-04,15.2
2021-06-07,15.2
2021-06-07,15.2
2021-06-07,15.2
2021-06-07,15.2
2021-06-07,15.2
2021-06-08,15.2
2021-06-08,15.2
2021-06-08,15.2
2021-06-08,15.2
2021-06-08,15.2
2021-06-09,15.2
2021-06-09,15.2
2021-06-09,15.2
2021-06-09,15.2
2021-06-09,15.2
2021-06-10,15.2
2021-06-10,15.2
2021-06-10,15.2
2021-06-10,15.2
2021-06-10,15.2
2021-06-11,15.2
2021-06-11,15.2
2021-06-11,15.2
2021-06-11,15.2
2021-06-11,15.2
2021-06-14,15.2
2021-06-14,15.2
2021-06-14,15.2
2021-06-14,15.2
2021-06-14,15.2
2021-06-15,15.2
2021-06-15,15.2
2021-06-15,15.2
2021-06-15,15.2
2021-06-15,15.2
2021-06-16,15.2
2021-06-16,15.2
2021-06-16,15.2
2021-06-16,15.2
2021-06-16,15.2
2021-06-17,15.2
2021-06-17,15.2
2021-06-17,15.2
2021-06-17,15.2
2021-06-17,15.2
2021-06-18,15.2
2021-06-18,15.5
2021-06-18,15.5
2021-06-18,15.5
2021-06-18,15.5
2021-06-21,15.5
2021-06-21,15.5
2021-06-21,15.5
2021-06-21,15.5
2021-06-21,15.5
2021-06-22,15.5
2021-06-22,15.5
2021-06-22,15.5
2021-06-22,15.5
2021-06-22,15.5
2021-06-23,15.5
2021-06-23,15.5
2021-06-23,15.5
2021-06-23,15.5
2021-06-23,15.5
2021-06-24,15.5
2021-06-24,15.5
2021-06-24,15.5
2021-06-24,15.5
2021-06-24,15.5
2021-06-25,15.5
2021-06-25,15.5
2021-06-25,15.5
2021-06-25,15.5
2021-06-25,15.5
2021-06-28,15.5
2021-06-28,15.5
2021-06-28,15.5
2021-06-28,15.5
2021-06-28,15.5
2021-06-29,15.5
2021-06-29,15.5
2021-06-29,15.5
2021-06-29,15.5
2021-06-29,15.5
2021-06-30,15.5
2021-06-30,15.5
2021-06-30,15.5
2021-06-30,15.5
2021-06-30,15.5
2021-07-01,15.5
2021-07-01,15.5
2021-07-01,15.5
2021-07-01,15.5
2021-07-01,15.5
2021-07-02,15.5
2021-07-02,15.5
2021-07-02,15.5
2021-07-02,15.5
2021-07-02,15.5
2021-07-05,15.5
2021-07-05,15.5
2021-07-05,16
2021-07-05,16
2021-07-05,16
2021-07-06,16
2021-07-06,16
2021-07-06,16
2021-07-06,16
2021-07-06,16
2021-07-07,16
2021-07-07,16
2021-07-07,16
2021-07-07,16
2021-07-07,16
2021-07-08,16
2021-07-08,16
2021-07-08,16
2021-07-08,16
2021-07-08,16
2021-07-09,16
2021-07-09,16
2021-07-09,16
2021-07-09,16
2021-07-09,16
2021-07-12,16.8
2021-07-12,16.8
2021-07-12,16.8
2021-07-12,16.8
2021-07-12,16.8
2021-07-13,16.5
2021-07-13,16.5
2021-07-15,16.5
2021-07-15,16.5
2021-07-15,16.5
2021-07-15,16.5
2021-07-15,16.5
2021-07-16,16.5
2021-07-16,16.5
2021-07-16,16.5
2021-07-16,16.5
2021-07-16,16.5
2021-07-19,16.5
2021-07-19,16.5
2021-07-19,16.5
2021-07-19,16.5
2021-07-19,16.01
2021-07-20,16.01
2021-07-20,16.01
2021-07-20,16.01
2021-07-20,16.01
2021-07-20,16.01
2021-07-21,16.01
2021-07-21,16.01
2021-07-21,16.01
2021-07-21,16.01
2021-07-21,16.01
2021-07-22,16.01
2021-07-22,16.01
2021-07-22,16.01
2021-07-22,16.01
2021-07-22,16.01
2021-07-23,16.01
2021-07-23,16.01
2021-07-23,16.01
2021-07-23,16.01
2021-07-23,16.01
2021-07-26,16.01
2021-07-26,16.01
2021-07-26,16.01
2021-07-26,16.8
2021-07-26,16.8
2021-07-27,16.8
2021-07-27,16.8
2021-07-27,16.8
2021-07-27,16.8
2021-07-27,16.8
2021-07-28,16.8
2021-07-28,16.8
2021-07-28,16.8
2021-07-28,16.8
2021-07-28,16.8
2021-07-29,16.8
2021-07-29,17
2021-07-29,17
2021-07-29,17
2021-07-29,17.5
2021-07-30,17.5
2021-07-30,17.5
2021-07-30,17.5
2021-07-30,17.5
2021-07-30,17.5
2021-08-02,17.5
2021-08-02,17.5
2021-08-02,17.5
2021-08-02,17.5
2021-08-02,17.5
2021-08-03,17.5
2021-08-03,17.5
2021-08-03,17.5
2021-08-03,17.5
2021-08-03,17
2021-08-04,17
2021-08-04,17
2021-08-04,17
2021-08-04,17
2021-08-04,17
2021-08-05,17
2021-08-05,17
2021-08-05,17
2021-08-05,17
2021-08-05,17
2021-08-06,17
2021-08-06,17
2021-08-06,17
2021-08-06,17
2021-08-06,17
2021-08-09,17
2021-08-09,17
2021-08-09,17
2021-08-09,17
2021-08-09,17
2021-08-10,17
2021-08-10,17
2021-08-10,17
2021-08-10,17
2021-08-10,17
2021-08-11,17
2021-08-11,17
2021-08-11,17
2021-08-11,17
2021-08-11,17
2021-08-12,17
2021-08-12,17
2021-08-12,17
2021-08-12,17
2021-08-12,17
2021-08-13,17
2021-08-13,17
2021-08-13,17
2021-08-13,17
2021-08-13,17
2021-08-16,17
2021-08-16,17
2021-08-16,17
2021-08-16,17
2021-08-16,17
2021-08-17,17
2021-08-17,16.16
2021-08-17,16.16
2021-08-17,16.16
2021-08-17,16.16
2021-08-18,16.16
2021-08-18,16.16
2021-08-18,16.16
2021-08-18,16.16
2021-08-18,16.16
2021-08-19,16.16
2021-08-19,16.16
2021-08-19,16.16
2021-08-19,16.16
2021-08-19,16.16
2021-08-20,16.16
2021-08-20,16.16
2021-08-20,16.16
2021-08-20,16.16
2021-08-20,16.16
2021-08-23,16.16
2021-08-23,16.16
2021-08-23,16.16
2021-08-23,16.16
2021-08-23,16.16
2021-08-24,16.16
2021-08-24,16.16
2021-08-24,16.16
2021-08-24,16.16
2021-08-24,16.16
2021-08-25,16.16
2021-08-25,16.16
2021-08-25,16.16
2021-08-25,16.16
2021-08-25,16.16
2021-08-26,16.16
2021-08-26,16.16
2021-08-26,16.16
2021-08-26,16.16
2021-08-26,16.16
2021-08-27,16.16
2021-08-27,16.16
2021-08-27,16.16
2021-08-27,16.16
2021-08-27,16.16
2021-08-30,16.16
2021-08-30,16.16
2021-08-30,16.16
2021-08-30,16.16
2021-08-30,16.16
2021-08-31,16.16
2021-08-31,16.16
2021-08-31,16.16
2021-08-31,16.16
2021-08-31,16.16
2021-09-01,16.16
2021-09-01,16.16
2021-09-01,16.16
2021-09-01,16.16
2021-09-01,16.5
2021-09-02,16.5
2021-09-02,16.5
2021-09-02,16.5
2021-09-02,16.5
2021-09-02,16.5
2021-09-03,16.5
2021-09-03,16.5
2021-09-03,16.5
2021-09-03,16.5
2021-09-03,16.5
2021-09-06,16.5
2021-09-06,16.5
2021-09-06,16.5
2021-09-06,16.5
2021-09-06,16.5
2021-09-07,16.5
2021-09-07,16.5
2021-09-07,16.5
2021-09-07,16.5
2021-09-07,16.5
2021-09-08,16.5
2021-09-08,16.5
2021-09-08,16.5
2021-09-08,16.5
2021-09-08,16.5
2021-09-09,16.5
2021-09-09,16.5
2021-09-09,16.5
2021-09-09,16.5
2021-09-09,16.5
2021-09-10,16.5
2021-09-10,16.5
2021-09-10,16.5
2021-09-10,16.5
2021-09-10,16.5
2021-09-13,16.5
2021-09-13,16.5
2021-09-13,16.5
2021-09-13,16.5
2021-09-13,16.5
2021-09-14,16.5
2021-09-14,16.5
2021-09-14,16.5
2021-09-14,16.5
2021-09-14,16.5
2021-09-15,16.5
2021-09-15,16.5
2021-09-15,16.5
2021-09-15,16.5
2021-09-15,16.5
2021-09-20,16.5
2021-09-20,16.5
2021-09-20,16.5
2021-09-20,16.5
2021-09-20,16.5
2021-09-21,16.5
2021-09-21,16.5
2021-09-21,16.5
2021-09-21,16.5
2021-09-21,16.5
2021-09-22,16.5
2021-09-22,16.5
2021-09-22,16.5
2021-09-22,16.5
2021-09-22,16.5
2021-09-23,16.5
2021-09-23,16.5
2021-09-23,16.5
2021-09-23,16.5
2021-09-23,16.5
2021-09-24,16.5
2021-09-24,16.5
2021-09-24,16.5
2021-09-24,16.5
2021-09-24,16.5
2021-09-27,16.5
2021-09-27,16.5
2021-09-27,16.5
2021-09-27,16.5
2021-09-27,16.5
2021-09-28,16.5
2021-09-28,16.5
2021-09-28,16.5
2021-09-28,16.5
2021-09-28,16.5
2021-09-29,16.5
2021-09-29,16.5
2021-09-29,16.5
2021-09-29,16.5
2021-09-29,16.5
2021-09-30,16.5
2021-09-30,16.5
2021-09-30,16.5
2021-09-30,16.5
2021-09-30,16.5
2021-10-01,16.5
2021-10-01,16.5
2021-10-01,16.5
2021-10-01,16.5
2021-10-01,16.5
2021-10-04,16.5
2021-10-04,16.5
2021-10-04,16.5
2021-10-04,16.5
2021-10-04,16.5
2021-10-05,16.5
2021-10-05,16.5
2021-10-05,16.5
2021-10-05,16.5
2021-10-05,16.5
2021-10-06,16.5
2021-10-06,16.5
2021-10-06,16.5
2021-10-06,16.5
2021-10-06,16.5
2021-10-07,16.5
2021-10-07,16.5
2021-10-07,16.5
2021-10-07,16.5
2021-10-07,16.5
2021-10-08,16.5
2021-10-08,16.5
2021-10-08,16.5
2021-10-08,16.5
2021-10-08,16.5
2021-10-11,16.5
2021-10-11,16.5
2021-10-11,16.5
2021-10-11,16.5
2021-10-11,16.5
2021-10-12,16.5
2021-10-12,16.5
2021-10-12,16.5
2021-10-12,16.5
2021-10-12,16.5
2021-10-13,16.5
2021-10-13,16.5
2021-10-13,16.5
2021-10-13,16.5
2021-10-13,16.5
2021-10-14,16.5
2021-10-14,16.5
2021-10-14,16.5
2021-10-14,16.5
2021-10-14,16.5
2021-10-18,16.5
2021-10-18,16.5
2021-10-18,16.5
2021-10-18,16.5
2021-10-18,16.5
2021-10-19,16.5
2021-10-19,16.5
2021-10-19,16.5
2021-10-19,16.5
2021-10-19,16.5
2021-10-20,16.5
2021-10-20,16.5
2021-10-20,16.5
2021-10-20,16.5
2021-10-20,16.5
2021-10-21,16.5
2021-10-21,16.5
2021-10-21,16.5
2021-10-21,16.5
2021-10-21,16.5
2021-10-22,16.5
2021-10-22,16.5
2021-10-22,16.5
2021-10-22,16.5
2021-10-22,16.5
2021-10-25,16.5
2021-10-25,16.5
2021-10-25,16.5
2021-10-25,16.5
2021-10-25,16.5
2021-10-26,16.5
2021-10-26,16.5
2021-10-26,16.5
2021-10-26,16.5
2021-10-26,16.5
2021-10-28,16.5
2021-10-28,16.5
2021-10-28,16.5
2021-10-28,16.5
2021-10-28,16.5
2021-10-29,16.9
2021-10-29,16.9
2021-10-29,16.9
2021-10-29,16.9
2021-10-29,16.9
2021-11-02,16.9
2021-11-02,16.9
2021-11-02,16.9
2021-11-02,16.9
2021-11-02,16.9
2021-11-03,16.9
2021-11-03,16.9
2021-11-03,16.9
2021-11-03,16.9
2021-11-03,16.9
2021-11-04,16.9
2021-11-04,16.9
2021-11-04,16.9
2021-11-04,16.9
2021-11-04,16.9
2021-11-05,16.9
2021-11-05,16.9
2021-11-05,16.9
2021-11-05,16.9
2021-11-05,16.9
2021-11-08,16.55
2021-11-08,16.55
2021-11-08,16.55
2021-11-08,16.55
2021-11-08,16.55
2021-11-09,16.55
2021-11-09,16.55
2021-11-09,16.55
2021-11-09,16.55
2021-11-09,16.55
2021-11-10,16.55
2021-11-10,16.55
2021-11-10,16.55
2021-11-10,16.55
2021-11-10,16.55
2021-11-12,16.55
2021-11-12,16.55
2021-11-12,16.55
2021-11-12,16.55
2021-11-12,16.55
2021-11-15,16.55
2021-11-15,16.55
2021-11-15,16.55
2021-11-15,16.55
2021-11-15,16.55
2021-11-16,16.55
2021-11-16,16.55
2021-11-16,16.55
2021-11-16,16.55
2021-11-16,16.55
2021-11-17,16.55
2021-11-17,16.55
2021-11-17,16.55
2021-11-17,16.55
2021-11-17,16.55
2021-11-18,16.55
2021-11-18,16.55
2021-11-18,16.55
2021-11-18,16.55
2021-11-18,16.55
2021-11-19,16.55
2021-11-19,16.55
2021-11-19,16.55
2021-11-19,16.55
2021-11-19,16.55
2021-11-22,16.55
2021-11-22,16.55
2021-11-22,16.55
2021-11-22,16.55
2021-11-22,16.55
2021-11-23,16.55
2021-11-23,16.55
2021-11-23,16.55
2021-11-23,16.55
2021-11-23,16.55
2021-11-24,16.55
2021-11-24,16.55
2021-11-24,16.55
2021-11-24,16.55
2021-11-24,16.55
2021-11-25,16.55
2021-11-25,16.55
2021-11-25,16.55
2021-11-25,16.55
2021-11-25,16.55
2021-11-26,16.55
2021-11-26,16.55
2021-11-26,16.55
2021-11-26,16.55
2021-11-26,16.55
2021-11-29,16.55
2021-11-29,16.55
2021-11-29,16.55
2021-11-29,16.55
2021-11-29,16.55
2021-11-30,16.55
2021-11-30,16.55
2021-11-30,16.55
2021-11-30,16.55
2021-12-01,16.55
2021-12-01,16.55
2021-12-01,16.55
2021-12-01,16.55
2021-12-01,16.55
2021-12-02,16.55
2021-12-02,16.55
2021-12-02,16.55
2021-12-02,16.55
2021-12-02,16.55
2021-12-03,16.55
2021-12-03,16.55
2021-12-03,16.55
2021-12-03,16.55
2021-12-03,16.55
2021-12-06,16.55
2021-12-06,16.55
2021-12-06,16.55
2021-12-06,16.55
2021-12-06,16.55
2021-12-07,16.55
2021-12-07,16.55
2021-12-07,16.55
2021-12-07,16.55
2021-12-07,16.55
2021-12-08,16.55
2021-12-08,16.55
2021-12-08,16.55
2021-12-08,16.55
2021-12-08,16.55
2021-12-09,16.55
2021-12-09,16.55
2021-12-09,16.55
2021-12-09,16.55
2021-12-09,16.55
2021-12-10,16.55
2021-12-10,16.55
2021-12-10,16.55
2021-12-10,16.55
2021-12-10,16.55
2021-12-13,16.55
2021-12-13,16.55
2021-12-13,16.55
2021-12-13,16.55
2021-12-13,16.55
2021-12-14,16.55
2021-12-14,16.55
2021-12-14,16.55
2021-12-14,16.55
2021-12-14,16.55
2021-12-15,16.55
2021-12-15,16.55
2021-12-15,16.55
2021-12-15,16.55
2021-12-15,16.55
2021-12-16,16.55
2021-12-16,16.55
2021-12-16,16.55
2021-12-16,16.55
2021-12-16,16.55
2021-12-20,16.55
2021-12-20,16.55
2021-12-20,16.55
2021-12-20,16.55
2021-12-21,16.55
2021-12-21,16.55
2021-12-21,16.55
2021-12-21,16.55
2021-12-21,16.55
2021-12-23,16.55
2021-12-23,16.55
2021-12-23,16.55
2021-12-23,16.55
2021-12-23,16.55
2021-12-24,16.55
2021-12-24,16.55
2021-12-24,16.55
2021-12-24,16.55
2021-12-24,16.55
2021-12-27,16.55
2021-12-27,16.55
2021-12-27,16.55
2021-12-27,16.5
2021-12-27,16.5
2021-12-28,16.5
2021-12-28,16.5
2021-12-28,16.5
2021-12-28,16.5
2021-12-28,16.5
2021-12-29,16.5
2021-12-29,16.5
2021-12-29,16.5
2021-12-29,16.5
2021-12-29,16.5
2021-12-30,16.5
2021-12-30,16.5
2021-12-30,16.5
2021-12-30,16.5
2021-12-30,16.5
2021-12-31,16.5
2021-12-31,16.5
2021-12-31,16.5
2021-12-31,16.5
2021-12-31,16.5
2022-01-03,16.5
2022-01-03,16.5
2022-01-03,16.5
2022-01-03,16.5
2022-01-03,16.5
2022-01-04,16.5
2022-01-04,16.5
2022-01-04,16.5
2022-01-04,16.5
2022-01-04,16.5
2022-01-05,16.5
2022-01-05,16.5
2022-01-05,16.5
2022-01-05,16.5
2022-01-05,16.5
2022-01-06,16.5
2022-01-06,16.5
2022-01-06,16.5
2022-01-06,16.5
2022-01-06,16.5
2022-01-07,16.5
2022-01-07,16.5
2022-01-07,16.5
2022-01-07,16.5
2022-01-07,16.5
2022-01-10,16.5
2022-01-10,16.5
2022-01-10,16.5
2022-01-10,16.5
2022-01-10,16.5
2022-01-11,16.5
2022-01-11,16.5
2022-01-11,16.5
2022-01-11,16.5
2022-01-11,16.5
2022-01-12,16.5
2022-01-12,16.5
2022-01-12,15.8
2022-01-12,15.8
2022-01-12,15.8
2022-01-13,15.8
2022-01-13,15.8
2022-01-13,15.02
2022-01-13,15.02
2022-01-13,15.02
2022-01-14,15.02
2022-01-14,15.02
2022-01-14,15.02
2022-01-14,15.5
2022-01-14,15.5
2022-01-17,15.5
2022-01-17,15.5
2022-01-17,15.5
2022-01-17,15.5
2022-01-17,15.5
2022-01-18,15.5
2022-01-18,15.5
2022-01-18,15.5
2022-01-18,15.5
2022-01-18,15.5
2022-01-19,15.5
2022-01-19,15.5
2022-01-19,15.5
2022-01-19,15.5
2022-01-19,15.5
2022-01-20,15.5
2022-01-20,15.5
2022-01-20,15.5
2022-01-20,15.5
2022-01-20,15.5
2022-01-21,15.5
2022-01-21,15.5
2022-01-21,15.5
2022-01-21,15.5
2022-01-21,15.5
2022-01-24,15.5
2022-01-24,15.5
2022-01-24,15
2022-01-24,15
2022-01-24,15
2022-01-25,15
2022-01-25,15
2022-01-25,15
2022-01-25,15
2022-01-25,15
2022-01-26,15
2022-01-26,15
2022-01-26,15
2022-01-26,15
2022-01-26,15
2022-01-27,15
2022-01-27,15
2022-01-27,15
2022-01-27,15
2022-01-27,15
2022-01-28,15
2022-01-28,15
2022-01-28,15
2022-01-28,15
2022-01-28,15
2022-01-31,15
2022-01-31,15
2022-01-31,15
2022-01-31,15
2022-01-31,15
2022-02-01,15
2022-02-01,15
2022-02-01,15
2022-02-01,15
2022-02-01,15
2022-02-03,15
2022-02-03,15
2022-02-03,15
2022-02-03,15
2022-02-03,15
2022-02-04,15
2022-02-04,15
2022-02-04,15
2022-02-04,15
2022-02-04,15
2022-02-07,15
2022-02-07,15
2022-02-07,15
2022-02-07,15
2022-02-07,15
2022-02-08,15
2022-02-08,15
2022-02-08,15
2022-02-08,15
2022-02-08,15
2022-02-09,15
2022-02-09,15
2022-02-09,15
2022-02-09,15
2022-02-09,15
2022-02-10,15
2022-02-10,15
2022-02-10,15
2022-02-10,15
2022-02-10,15
2022-02-11,15
2022-02-11,15
2022-02-11,15.75
2022-02-11,15.75
2022-02-11,15.75
2022-02-14,16.54
2022-02-14,16.54
2022-02-14,16.54
2022-02-14,16.54
2022-02-14,16.54
2022-02-15,16.54
2022-02-15,16.54
2022-02-15,16.54
2022-02-15,16.54
2022-02-15,16.54
2022-02-16,16.54
2022-02-16,16.54
2022-02-16,16.54
2022-02-16,16.54
2022-02-16,16.54
2022-02-17,16.54
2022-02-17,16.54
2022-02-17,16.54
2022-02-17,16.54
2022-02-17,16.54
2022-02-18,16.54
2022-02-18,16.54
2022-02-18,16.54
2022-02-18,16.54
2022-02-18,15.71
2022-02-24,15.71
2022-02-24,15.71
2022-02-24,15.71
2022-02-24,15.71
2022-02-24,15.71
2022-02-25,15.71
2022-02-25,15.71
2022-02-25,15.71
2022-02-25,15.71
2022-02-25,15.71
2022-02-28,15.71
2022-02-28,15.71
2022-02-28,15.71
2022-02-28,15.71
2022-02-28,15.71
2022-03-01,15.71
2022-03-01,15.71
2022-03-01,15.71
2022-03-01,15.71
2022-03-01,15.71
2022-03-02,15.71
2022-03-02,15.71
2022-03-02,15.71
2022-03-02,15.71
2022-03-02,15.71
2022-03-07,15.71
2022-03-07,15.71
2022-03-07,15.71
2022-03-07,15.71
2022-03-07,15.71
2022-03-08,15.71
2022-03-08,15.71
2022-03-08,15.71
2022-03-08,15.71
2022-03-08,15.71
2022-03-09,15.71
2022-03-09,15.71
2022-03-09,15.71
2022-03-09,15.71
2022-03-09,15.71
2022-03-10,15.71
2022-03-10,15.71
2022-03-10,15.71
2022-03-10,15.71
2022-03-10,15.71
2022-03-11,15.71
2022-03-11,15.71
2022-03-11,15.71
2022-03-11,15.71
2022-03-11,15.71
2022-03-14,15.71
2022-03-14,15.71
2022-03-14,15.71
2022-03-14,15.71
2022-03-14,15.71
2022-03-15,15.71
2022-03-15,15.71
2022-03-15,15.71
2022-03-15,15.71
2022-03-15,15.71
2022-03-16,15.71
2022-03-16,15.71
2022-03-16,15.71
2022-03-16,15.71
2022-03-16,15.71
2022-03-17,15.71
2022-03-17,15.71
2022-03-17,15.71
2022-03-17,15.71
2022-03-17,15.71
2022-03-18,15.71
2022-03-18,15.71
2022-03-18,15.71
2022-03-18,15.71
2022-03-18,15.71
2022-03-21,15.71
2022-03-21,15.71
2022-03-21,15.71
2022-03-21,15.71
2022-03-21,15.71
2022-03-22,15.71
2022-03-22,15.71
2022-03-22,15.71
2022-03-22,15.71
2022-03-22,15.71
2022-03-23,15.71
2022-03-23,15.71
2022-03-23,15.71
2022-03-23,15.71
2022-03-23,15.71
2022-03-24,15.71
2022-03-24,15.71
2022-03-24,15.71
2022-03-24,15.71
2022-03-24,15.71
2022-03-25,15.71
2022-03-25,15.71
2022-03-25,15.71
2022-03-25,15.71
2022-03-25,15.71
2022-03-28,15.71
2022-03-28,15.71
2022-03-28,15.71
2022-03-28,15.71
2022-03-28,15.71
2022-03-29,15.71
2022-03-29,15.71
2022-03-29,15.71
2022-03-29,15.71
2022-03-29,15.71
2022-03-30,15.71
2022-03-30,15.71
2022-03-30,15.71
2022-03-30,15.71
2022-03-30,15.71
2022-03-31,15.71
2022-03-31,15.71
2022-03-31,15.71
2022-03-31,15.71
2022-03-31,15.71
2022-04-01,15.71
2022-04-01,15.71
2022-04-01,15.71
2022-04-01,15.71
2022-04-01,15.71
2022-04-04,15.71
2022-04-04,15.71
2022-04-04,15.71
2022-04-04,15.71
2022-04-04,15.71
2022-04-05,15.71
2022-04-05,15.71
2022-04-05,15.71
2022-04-05,15.71
2022-04-05,15.71
2022-04-06,15.71
2022-04-06,15.71
2022-04-06,15.71
2022-04-06,15.71
2022-04-06,15.71
2022-04-07,15.71
2022-04-07,15.71
2022-04-07,15.71
2022-04-07,15.71
2022-04-07,15.71
2022-04-08,15.71
2022-04-08,15.71
2022-04-08,15.71
2022-04-08,15.71
2022-04-08,15.71
2022-04-11,15.71
2022-04-11,15.71
2022-04-11,15.71
2022-04-11,15.71
2022-04-11,15.71
2022-04-12,15.71
2022-04-12,15.71
2022-04-12,15.71
2022-04-12,15.71
2022-04-12,15.71
2022-04-13,15.71
2022-04-13,15.71
2022-04-13,15.71
2022-04-13,15.71
2022-04-13,15.71
2022-04-14,15.71
2022-04-14,15.71
2022-04-14,15.71
2022-04-14,15.71
2022-04-15,15.71
2022-04-15,15.71
2022-04-15,15.71
2022-04-15,15.71
2022-04-15,15.71
2022-04-18,16.5
2022-04-18,16.5
2022-04-18,16.5
2022-04-18,16.5
2022-04-18,16.5
2022-04-19,16.5
2022-04-19,16.5
2022-04-19,16.5
2022-04-19,16.5
2022-04-19,16.5
2022-04-20,16.5
2022-04-20,16.5
2022-04-20,16.5
2022-04-20,16.5
2022-04-20,16.5
2022-04-21,16.5
2022-04-21,16.5
2022-04-21,16.5
2022-04-21,16.5
2022-04-21,16.5
2022-04-22,16.5
2022-04-22,16.5
2022-04-22,16.5
2022-04-22,16.5
2022-04-22,16.5
2022-04-25,16.5
2022-04-25,16.5
2022-04-25,16.5
2022-04-25,16.5
2022-04-25,16.5
2022-04-26,16.5
2022-04-26,16.5
2022-04-26,16.5
2022-04-26,16.5
2022-04-26,16.5
2022-04-27,16.5
2022-04-27,16.5
2022-04-27,16.5
2022-04-27,16.5
2022-04-27,15.71
2022-04-28,15.71
2022-04-28,15.71
2022-04-28,16.5
2022-04-28,16.5
2022-04-28,16.5
2022-04-29,16.5
2022-04-29,16.5
2022-04-29,16.5
2022-04-29,16.5
2022-04-29,16.5
2022-05-03,16.5
2022-05-03,16.5
2022-05-03,16.5
2022-05-03,16.5
2022-05-03,16.5
2022-05-04,16.5
2022-05-04,16.5
2022-05-04,16.5
2022-05-04,15.71
2022-05-04,15.71
2022-05-05,15.71
2022-05-05,15.71
2022-05-05,15.71
2022-05-05,15.71
2022-05-05,15.71
2022-05-06,15.71
2022-05-06,15.71
2022-05-06,15.71
2022-05-06,15.71
2022-05-06,15.71
2022-05-09,16
2022-05-09,16
2022-05-09,16
2022-05-09,16
2022-05-10,16
2022-05-10,16
2022-05-10,16
2022-05-10,16
2022-05-10,16
2022-05-12,16
2022-05-12,16
2022-05-12,16
2022-05-12,16
2022-05-12,16
2022-05-13,16
2022-05-13,16
2022-05-13,16
2022-05-13,16
2022-05-13,16
2022-05-16,16
2022-05-16,16
2022-05-16,16
2022-05-16,16
2022-05-16,16
2022-05-17,16
2022-05-17,16
2022-05-17,16
2022-05-17,16
2022-05-17,16
2022-05-18,16
2022-05-18,16
2022-05-18,16
2022-05-18,16
2022-05-18,16
2022-05-19,15.71
2022-05-19,15.71
2022-05-19,15.71
2022-05-19,15.71
2022-05-19,15.71
2022-05-20,15.71
2022-05-20,15.71
2022-05-20,15.71
2022-05-20,15.71
2022-05-20,15.71
2022-05-23,15.71
2022-05-23,15.71
2022-05-23,15.71
2022-05-23,15.71
2022-05-23,15.71
2022-05-24,15.71
2022-05-24,15.71
2022-05-24,15.71
2022-05-24,15.71
2022-05-24,15.71
2022-05-25,15.71
2022-05-25,15.71
2022-05-25,15.71
2022-05-25,15.71
2022-05-25,15.71
2022-05-26,15.71
2022-05-26,15.71
2022-05-26,15.71
2022-05-26,15.71
2022-05-26,15.71
2022-05-27,15.71
2022-05-27,15.71
2022-05-27,15.71
2022-05-27,15.71
2022-05-27,15.71
2022-05-30,15.71
2022-05-30,15.71
2022-05-30,15.71
2022-05-30,15.71
2022-05-30,15.71
2022-05-31,15.71
2022-05-31,15.71
2022-05-31,15.71
2022-05-31,15.71
2022-05-31,15.71
2022-06-01,15.71
2022-06-01,15.71
2022-06-01,15.2
2022-06-01,15.2
2022-06-01,15.2
2022-06-02,15.2
2022-06-02,15.2
2022-06-02,15.2
2022-06-02,15.2
2022-06-02,15.2
2022-06-03,15.2
2022-06-03,15.2
2022-06-03,15.2
2022-06-03,15.2
2022-06-03,15.2
2022-06-06,15.2
2022-06-06,15.2
2022-06-06,15.2
2022-06-06,15.2
2022-06-06,15.2
2022-06-07,15.2
2022-06-07,15.2
2022-06-07,14.44
2022-06-07,14.44
2022-06-07,14.44
2022-06-08,14.44
2022-06-08,14.44
2022-06-08,14.44
2022-06-08,14.44
2022-06-08,14.44
2022-06-09,14.44
2022-06-09,14.44
2022-06-09,14.44
2022-06-09,14.44
2022-06-09,14.44
2022-06-10,14.44
2022-06-10,14.44
2022-06-10,14.44
2022-06-10,14.44
2022-06-10,14.44
2022-06-13,14.44
2022-06-13,14.44
2022-06-13,14.44
2022-06-13,14.44
2022-06-13,14.44
2022-06-15,14
2022-06-15,14
2022-06-15,14
2022-06-15,14
2022-06-15,14
2022-06-16,14
2022-06-16,14
2022-06-16,14
2022-06-16,14
2022-06-16,14
2022-06-17,14
2022-06-17,14
2022-06-17,14
2022-06-17,14
2022-06-17,14
2022-06-20,14
2022-06-20,14
2022-06-20,14
2022-06-20,14
2022-06-20,14
2022-06-21,14
2022-06-21,14
2022-06-21,14
2022-06-21,14
2022-06-21,14
2022-06-22,14
2022-06-22,14
2022-06-22,14
2022-06-22,14
2022-06-22,14
2022-06-23,14
2022-06-23,14
2022-06-23,14
2022-06-23,13.75
2022-06-23,13.75
2022-06-24,13.75
2022-06-24,13.75
2022-06-24,13.75
2022-06-24,13.75
2022-06-24,13.75
2022-06-27,13.75
2022-06-27,13.75
2022-06-27,13.75
2022-06-27,13.75
2022-06-27,13.75
2022-06-28,13.75
2022-06-28,13.75
2022-06-28,13.75
2022-06-28,13.75
2022-06-28,13.75
2022-06-29,13.75
2022-06-29,13.75
2022-06-29,13.75
2022-06-29,13.75
2022-06-29,13.75
2022-06-30,13.75
2022-06-30,13.75
2022-06-30,13.75
2022-06-30,13.75
2022-06-30,13.75
2022-07-01,13.75
2022-07-01,13.75
2022-07-01,13.75
2022-07-01,13.75
2022-07-01,13.75
2022-07-04,13.75
2022-07-04,13.75
2022-07-04,13.75
2022-07-04,13.75
2022-07-04,13.75
2022-07-05,13.75
2022-07-05,13.75
2022-07-05,13.75
2022-07-05,13.75
2022-07-05,13.75
2022-07-06,13.75
2022-07-06,13.75
2022-07-06,13.75
2022-07-06,13.75
2022-07-06,13.75
2022-07-07,13.75
2022-07-07,13.75
2022-07-07,13.75
2022-07-07,13.75
2022-07-07,13.75
2022-07-08,13.75
2022-07-08,13.75
2022-07-08,13.75
2022-07-08,13.75
2022-07-08,13.75
2022-07-11,13.75
2022-07-11,13.06
2022-07-11,13.06
2022-07-11,13
2022-07-11,13
2022-07-12,13
2022-07-12,13
2022-07-12,13
2022-07-12,13
2022-07-12,13
2022-07-13,13
2022-07-13,13
2022-07-13,13
2022-07-13,13
2022-07-13,13
2022-07-14,13
2022-07-14,13
2022-07-14,13
2022-07-14,13
2022-07-14,13
2022-07-15,13
2022-07-15,13
2022-07-15,13
2022-07-15,13
2022-07-15,13
2022-07-18,13
2022-07-18,13
2022-07-18,13
2022-07-18,13
2022-07-18,13
2022-07-19,13
2022-07-19,13
2022-07-19,13
2022-07-19,13
2022-07-19,13
2022-07-20,13
2022-07-20,13
2022-07-20,13
2022-07-20,13
2022-07-20,13
2022-07-21,13
2022-07-21,13
2022-07-21,13
2022-07-21,13
2022-07-21,13
2022-07-22,13
2022-07-22,13
2022-07-22,13
2022-07-22,13
2022-07-22,13
2022-07-25,13
2022-07-25,13
2022-07-25,13
2022-07-25,13
2022-07-25,13
2022-07-26,13
2022-07-26,13
2022-07-26,13
2022-07-26,13
2022-07-26,13
2022-07-27,13
2022-07-27,13
2022-07-27,13
2022-07-27,13
2022-07-27,13
2022-07-28,13
2022-07-28,13
2022-07-28,13
2022-07-28,13
2022-07-28,13
2022-07-29,13
2022-07-29,13
2022-07-29,13
2022-07-29,13
2022-07-29,13
2022-08-02,13
2022-08-02,13
2022-08-02,13
2022-08-02,13
2022-08-02,13
2022-08-03,13
2022-08-03,13
2022-08-03,13
2022-08-03,13
2022-08-03,13
2022-08-04,13
2022-08-04,13
2022-08-04,13.01
2022-08-04,13.01
2022-08-04,13.01
2022-08-05,13.01
2022-08-05,13.01
2022-08-05,13.01
2022-08-05,13.01
2022-08-05,13.01
2022-08-08,13.01
2022-08-08,13.01
2022-08-08,13.01
2022-08-08,13.01
2022-08-08,13.01
2022-08-09,13.01
2022-08-09,13.01
2022-08-09,13.01
2022-08-09,13.01
2022-08-09,13.01
2022-08-10,13.01
2022-08-10,13.01
2022-08-10,13.01
2022-08-10,13.01
2022-08-10,13.01
2022-08-11,13.01
2022-08-11,13.01
2022-08-11,13.01
2022-08-11,13.01
2022-08-11,13.01
2022-08-12,13.01
2022-08-12,13
2022-08-12,13
2022-08-12,13
2022-08-12,13
2022-08-15,13
2022-08-15,13
2022-08-15,13
2022-08-15,13
2022-08-15,13
2022-08-16,13
2022-08-16,13
2022-08-16,13
2022-08-16,13
2022-08-16,13
2022-08-17,13
2022-08-17,13
2022-08-17,13
2022-08-17,13
2022-08-17,13
2022-08-18,13
2022-08-18,13
2022-08-18,13
2022-08-18,13
2022-08-18,13
2022-08-19,13
2022-08-19,13
2022-08-19,13
2022-08-19,13
2022-08-19,13
2022-08-22,13
2022-08-22,13
2022-08-22,13
2022-08-22,13
2022-08-22,13
2022-08-23,13
2022-08-23,13
2022-08-23,13
2022-08-23,13.65
2022-08-23,13.65
2022-08-24,13.65
2022-08-24,13.65
2022-08-24,13.65
2022-08-24,13.65
2022-08-24,13.65
2022-08-25,13.65
2022-08-25,13.65
2022-08-25,13.65
2022-08-25,13.65
2022-08-25,13.65
2022-08-26,13.65
2022-08-26,13.65
2022-08-26,13.65
2022-08-26,13.65
2022-08-26,13.65
2022-08-29,13.65
2022-08-29,13.65
2022-08-29,13.65
2022-08-29,13.65
2022-08-29,13.65
2022-08-30,13.65
2022-08-30,13.65
2022-08-30,13.01
2022-08-30,13.01
2022-08-30,13.01
2022-08-31,13.01
2022-08-31,13.01
2022-08-31,13.01
2022-08-31,13.01
2022-08-31,13.01
2022-09-01,13.01
2022-09-01,13.01
2022-09-01,13.01
2022-09-01,13.01
2022-09-01,13.01
2022-09-02,13.01
2022-09-02,13.01
2022-09-02,13.01
2022-09-02,13.01
2022-09-02,13.01
2022-09-05,13.01
2022-09-05,13.01
2022-09-05,13.01
2022-09-05,13.01
2022-09-05,13.01
2022-09-06,13.01
2022-09-06,13.01
2022-09-06,13.01
2022-09-06,13.01
2022-09-06,13.01
2022-09-07,13.01
2022-09-07,13.01
2022-09-07,13.01
2022-09-07,13.01
2022-09-07,13.01
2022-09-08,13.01
2022-09-08,13.01
2022-09-08,13.01
2022-09-08,13.01
2022-09-08,13.01
2022-09-09,13.01
2022-09-09,13.01
2022-09-09,13.01
2022-09-09,13.01
2022-09-09,13.01
2022-09-12,13.01
2022-09-12,13.01
2022-09-12,13.01
2022-09-12,12.36
2022-09-12,12.36
2022-09-13,12.36
2022-09-13,12.36
2022-09-13,12.36
2022-09-13,12.36
2022-09-13,12.36
2022-09-14,12.36
2022-09-14,12.36
2022-09-14,12.36
2022-09-14,12.36
2022-09-14,12.36
2022-09-15,12.36
2022-09-15,12.36
2022-09-15,12.36
2022-09-15,12.36
2022-09-15,12.36
2022-09-16,12.36
2022-09-16,12.36
2022-09-16,12.36
2022-09-16,12.36
2022-09-16,12.36
2022-09-19,11.8
2022-09-19,11.8
2022-09-19,11.8
2022-09-19,11.8
2022-09-19,11.8
2022-09-20,11.8
2022-09-20,11.8
2022-09-20,11.8
2022-09-20,11.8
2022-09-20,11.8
2022-09-21,11.8
2022-09-21,11.8
2022-09-21,11.8
2022-09-21,11.8
2022-09-21,11.8
2022-09-22,11.8
2022-09-22,11.8
2022-09-22,11.8
2022-09-22,11.8
2022-09-22,11.8
2022-09-26,11.8
2022-09-26,11.8
2022-09-26,11.8
2022-09-26,11.8
2022-09-26,11.8
2022-09-27,11.8
2022-09-27,11.8
2022-09-27,11.8
2022-09-27,11.8
2022-09-27,11.8
2022-09-28,11.8
2022-09-28,11.8
2022-09-28,11.8
2022-09-28,11.8
2022-09-28,11.8
2022-09-29,11.8
2022-09-29,11.8
2022-09-29,11.8
2022-09-29,11.8
2022-09-29,11.8
2022-10-03,12.2
2022-10-03,12.2
2022-10-03,12.2
2022-10-03,12.2
2022-10-03,12.2
2022-10-07,12.2
2022-10-07,12.2
2022-10-07,12.2
2022-10-07,12.2
2022-10-07,12.81
2022-10-10,13.45
2022-10-10,13.45
2022-10-10,13.45
2022-10-10,13.45
2022-10-10,13.45
2022-10-11,14.12
2022-10-11,14.12
2022-10-11,14.12
2022-10-11,14.12
2022-10-11,14.83
2022-10-12,14.83
2022-10-12,14.83
2022-10-12,14.83
2022-10-12,14.83
2022-10-12,14.83
2022-10-13,15.57
2022-10-13,15.57
2022-10-13,15.57
2022-10-13,15.57
2022-10-13,15.57
2022-10-14,16.35
2022-10-14,16.35
2022-10-14,16.35
2022-10-14,16.35
2022-10-14,16.35
2022-10-17,16.5
2022-10-17,16.5
2022-10-17,16.5
2022-10-17,16.5
2022-10-17,16.5
2022-10-18,16.5
2022-10-18,16.5
2022-10-18,16.5
2022-10-18,16.5
2022-10-18,16.5
2022-10-19,16.5
2022-10-19,16.5
2022-10-19,16.5
2022-10-19,16.5
2022-10-19,16.5
2022-10-20,16.5
2022-10-20,16.5
2022-10-20,16.5
2022-10-20,16.5
2022-10-20,16.3
2022-10-21,16.35
2022-10-21,16.35
2022-10-21,16.35
2022-10-21,16.35
2022-10-21,16.35
2022-10-24,16.35
2022-10-24,16.35
2022-10-24,16.35
2022-10-24,16.35
2022-10-24,16.35
2022-10-25,16.35
2022-10-25,16.35
2022-10-25,16.35
2022-10-25,16.35
2022-10-25,16.35
2022-10-26,16.35
2022-10-26,16.35
2022-10-26,15.67
2022-10-26,15.67
2022-10-26,15.67
2022-10-27,15.67
2022-10-27,15.67
2022-10-27,15.67
2022-10-27,15.67
2022-10-27,15.67
2022-10-28,15.67
2022-10-28,15.67
2022-10-28,15.67
2022-10-28,15.67
2022-10-28,15.67
2022-10-31,15.67
2022-10-31,14.89
2022-10-31,14.89
2022-10-31,14.89
2022-10-31,14.89
2022-11-02,14.89
2022-11-02,14.89
2022-11-02,14.89
2022-11-02,14.89
2022-11-02,14.89
2022-11-03,14.89
2022-11-03,14.89
2022-11-03,14.89
2022-11-03,14.89
2022-11-03,14.89
2022-11-04,14.89
2022-11-04,14.89
2022-11-04,14.89
2022-11-04,14.89
2022-11-04,14.89
2022-11-07,14.89
2022-11-07,14.89
2022-11-07,14.89
2022-11-07,14.89
2022-11-07,14.89
2022-11-08,14.89
2022-11-08,14.89
2022-11-08,14.89
2022-11-08,14.89
2022-11-08,14.89
2022-11-09,14.89
2022-11-09,14.89
2022-11-09,14.89
2022-11-09,14.89
2022-11-09,14.89
2022-11-10,14.89
2022-11-10,14.89
2022-11-10,14.89
2022-11-10,14.89
2022-11-10,14.89
2022-11-14,14.89
2022-11-14,14.89
2022-11-14,14.89
2022-11-14,14.89
2022-11-14,14.89
2022-11-16,14.89
2022-11-16,14.89
2022-11-16,14.89
2022-11-16,14.89
2022-11-16,14.89
2022-11-17,14.89
2022-11-17,14.89
2022-11-17,14.89
2022-11-17,14.89
2022-11-17,14.89
2022-11-18,14.89
2022-11-18,14.89
2022-11-18,14.89
2022-11-18,14.89
2022-11-18,14.89
2022-11-21,14.89
2022-11-21,14.89
2022-11-21,14.89
2022-11-21,14.89
2022-11-21,14.89
2022-11-22,14.89
2022-11-22,14.89
2022-11-22,14.89
2022-11-22,14.89
2022-11-22,14.89
2022-11-23,14.89
2022-11-23,14.89
2022-11-23,14.89
2022-11-23,14.89
2022-11-23,14.89
2022-11-24,14.89
2022-11-24,14.89
2022-11-24,14.89
2022-11-24,15
2022-11-24,15
2022-11-25,15
2022-11-25,15
2022-11-25,15
2022-11-25,15
2022-11-25,15
2022-11-28,15
2022-11-28,15
2022-11-28,15
2022-11-28,15
2022-11-28,15
2022-11-29,15
2022-11-29,15
2022-11-29,15
2022-11-29,15
2022-11-29,15
2022-11-30,15
2022-11-30,15
2022-11-30,15
2022-11-30,15
2022-11-30,15
2022-12-01,15
2022-12-01,15
2022-12-01,15
2022-12-01,15
2022-12-01,15
2022-12-02,15
2022-12-02,15
2022-12-02,15
2022-12-02,15
2022-12-02,15
2022-12-05,15
2022-12-05,15
2022-12-06,15
2022-12-06,15
2022-12-06,15
2022-12-06,15
2022-12-06,15
2022-12-07,15
2022-12-07,15
2022-12-07,15
2022-12-07,15
2022-12-07,15
2022-12-08,15
2022-12-08,15
2022-12-08,15
2022-12-08,15
2022-12-08,15
2022-12-09,15
2022-12-09,15
2022-12-09,15
2022-12-09,15
2022-12-09,15
2022-12-12,15
2022-12-12,15
2022-12-12,15
2022-12-12,15
2022-12-12,15
2022-12-13,15
2022-12-13,15
2022-12-13,15
2022-12-13,15
2022-12-13,15
2022-12-14,15
2022-12-14,15
2022-12-14,15
2022-12-14,15
2022-12-14,15
2022-12-15,15
2022-12-15,15
2022-12-15,15
2022-12-15,15
2022-12-15,15
2022-12-16,15
2022-12-16,15
2022-12-16,15
2022-12-16,15
2022-12-16,15
2022-12-19,15
2022-12-19,15
2022-12-19,15
2022-12-19,15
2022-12-19,15
2022-12-20,15
2022-12-20,15
2022-12-20,15
2022-12-20,15
2022-12-20,15
2022-12-21,15
2022-12-21,15
2022-12-21,15
2022-12-21,15
2022-12-21,15
2022-12-22,15
2022-12-22,15
2022-12-22,15
2022-12-22,15
2022-12-22,15
2022-12-23,15
2022-12-23,15
2022-12-23,15
2022-12-23,15
2022-12-23,15
2022-12-26,15
2022-12-26,15
2022-12-26,15
2022-12-26,15
2022-12-26,15
2022-12-27,15
2022-12-27,15
2022-12-27,15
2022-12-27,15
2022-12-27,15
2022-12-28,15
2022-12-28,15
2022-12-28,15
2022-12-28,15
2022-12-28,15
2022-12-29,15
2022-12-29,15
2022-12-29,15
2022-12-29,15
2022-12-29,15
2022-12-30,15
2022-12-30,15
2022-12-30,15
2022-12-30,15
2022-12-30,15
2023-01-03,15
2023-01-03,15
2023-01-03,15
2023-01-03,15
2023-01-03,15
2023-01-04,15
2023-01-04,15
2023-01-04,15
2023-01-04,15
2023-01-04,15
2023-01-05,15
2023-01-05,15
2023-01-05,15
2023-01-05,15
2023-01-05,15
2023-01-06,15
2023-01-06,15
2023-01-06,15
2023-01-06,14.25
2023-01-06,14.25
2023-01-09,14.55
2023-01-09,14.55
2023-01-09,14.55
2023-01-09,14.55
2023-01-09,14.55
2023-01-10,14.55
2023-01-10,14.55
2023-01-10,14.55
2023-01-10,14.55
2023-01-10,14.55
2023-01-11,14.55
2023-01-11,14.55
2023-01-11,14.55
2023-01-11,14.55
2023-01-11,14.55
2023-01-12,14.55
2023-01-12,14.55
2023-01-12,14.55
2023-01-12,14.55
2023-01-12,14.55
2023-01-13,14.55
2023-01-13,14.55
2023-01-13,14.55
2023-01-13,14.55
2023-01-13,14.55
2023-01-16,14.55
2023-01-16,14.55
2023-01-16,14.55
2023-01-16,14.55
2023-01-16,14.55
2023-01-17,14.55
2023-01-17,14.55
2023-01-17,14.55
2023-01-17,14.55
2023-01-17,14.55
2023-01-18,14.55
2023-01-18,14.55
2023-01-18,14.55
2023-01-18,14.55
2023-01-18,14.55
2023-01-19,14.55
2023-01-19,14.55
2023-01-19,14.55
2023-01-19,14.55
2023-01-19,14.55
2023-01-20,14.55
2023-01-20,14.55
2023-01-20,14.55
2023-01-20,14.55
2023-01-20,14.55
2023-01-23,14.55
2023-01-23,14.55
2023-01-23,14.55
2023-01-23,14.55
2023-01-23,14.55
2023-01-24,14.55
2023-01-24,14.55
2023-01-24,14.55
2023-01-24,14.55
2023-01-24,14.55
2023-01-25,14.55
2023-01-25,14.55
2023-01-25,14.55
2023-01-25,14.55
2023-01-25,14.55
2023-01-26,14.55
2023-01-26,14.55
2023-01-26,14.55
2023-01-26,14.55
2023-01-26,14.55
2023-01-27,14.55
2023-01-27,14.55
2023-01-27,14.55
2023-01-27,14.55
2023-01-27,14.55
2023-01-30,14.55
2023-01-30,14.55
2023-01-30,14.55
2023-01-30,14.55
2023-01-30,14.55
2023-01-31,14.55
2023-01-31,14.55
2023-01-31,14.55
2023-01-31,14.55
2023-01-31,14.55
2023-02-01,14.55
2023-02-01,14.55
2023-02-01,14.55
2023-02-01,14.55
2023-02-01,14.55
2023-02-02,14.55
2023-02-02,14.55
2023-02-02,14.55
2023-02-02,14.55
2023-02-02,14.55
2023-02-03,14.55
2023-02-03,14.55
2023-02-03,14.55
2023-02-03,14.55
2023-02-03,14.55
2023-02-06,14.55
2023-02-06,14.55
2023-02-06,14.55
2023-02-06,14.55
2023-02-06,14.55
2023-02-07,14.55
2023-02-07,14.55
2023-02-07,14.55
2023-02-07,14.55
2023-02-07,14.55
2023-02-08,14.55
2023-02-08,14.55
2023-02-08,14.55
2023-02-08,14.55
2023-02-08,14.55
2023-02-09,14.55
2023-02-09,14.55
2023-02-09,14.55
2023-02-09,14.55
2023-02-09,14.55
2023-02-10,14.55
2023-02-10,14.55
2023-02-10,14.55
2023-02-10,14.55
2023-02-10,14.55
2023-02-13,14.55
2023-02-13,14.55
2023-02-13,14.55
2023-02-13,14.55
2023-02-13,14.55
2023-02-14,14.55
2023-02-14,14.55
2023-02-14,14.55
2023-02-14,14.55
2023-02-14,14.55
2023-02-15,14.55
2023-02-15,14.55
2023-02-15,14.55
2023-02-15,14.55
2023-02-15,14.55
2023-02-16,14.55
2023-02-16,14.55
2023-02-16,14.55
2023-02-16,14.55
2023-02-16,14.55
2023-02-17,14.55
2023-02-17,14.55
2023-02-17,14.55
2023-02-17,14.55
2023-02-17,14.55
2023-02-20,14.55
2023-02-20,14.55
2023-02-20,14.55
2023-02-20,14.55
2023-02-20,14.55
2023-02-24,14.55
2023-02-24,14.55
2023-02-24,14.55
2023-02-24,14.55
2023-02-24,14.55
2023-02-27,14.55
2023-02-27,14.55
2023-02-27,14.55
2023-02-27,14.55
2023-02-27,14.55
2023-02-28,14.55
2023-02-28,14.55
2023-02-28,14.55
2023-02-28,14.55
2023-02-28,14.55
2023-03-01,14.55
2023-03-01,14.55
2023-03-01,14.55
2023-03-01,14.55
2023-03-01,14.55
2023-03-02,14.55
2023-03-02,14.55
2023-03-02,14.55
2023-03-02,14.55
2023-03-02,14.55
2023-03-03,14.55
2023-03-03,14.55
2023-03-03,14.55
2023-03-03,14.55
2023-03-03,14.55
2023-03-06,14.55
2023-03-06,14.55
2023-03-06,14.55
2023-03-06,14.55
2023-03-06,14.55
2023-03-07,14
2023-03-07,14
2023-03-07,14
2023-03-07,14
2023-03-07,14
2023-03-08,14
2023-03-08,14
2023-03-08,14
2023-03-08,14
2023-03-08,14
2023-03-09,14
2023-03-09,14
2023-03-09,14
2023-03-09,14
2023-03-09,14
2023-03-10,14
2023-03-10,14
2023-03-10,14
2023-03-10,14
2023-03-10,14
2023-03-13,14
2023-03-13,14
2023-03-13,14
2023-03-13,14
2023-03-13,14
2023-03-14,14
2023-03-14,14
2023-03-14,14
2023-03-14,14
2023-03-14,14
2023-03-15,14
2023-03-15,14
2023-03-15,14
2023-03-15,14
2023-03-15,14
2023-03-16,14
2023-03-16,14
2023-03-16,14
2023-03-16,14
2023-03-16,14
2023-03-17,14
2023-03-17,14
2023-03-17,14
2023-03-17,14
2023-03-17,14
2023-03-20,14
2023-03-20,14
2023-03-20,14
2023-03-20,14
2023-03-20,14
2023-03-21,14
2023-03-21,14
2023-03-21,14
2023-03-21,14
2023-03-21,14
2023-03-22,14
2023-03-22,14
2023-03-22,14
2023-03-22,14
2023-03-22,14
2023-03-23,14
2023-03-23,14
2023-03-23,14
2023-03-23,14
2023-03-23,14
2023-03-24,14
2023-03-24,14
2023-03-24,14
2023-03-24,14
2023-03-24,14
2023-03-27,14
2023-03-27,14
2023-03-27,14
2023-03-27,14
2023-03-27,14
2023-03-28,14
2023-03-28,14
2023-03-28,14
2023-03-28,14
2023-03-28,14
2023-03-29,14
2023-03-29,14
2023-03-29,14
2023-03-29,14
2023-03-29,14
2023-03-30,14
2023-03-30,14
2023-03-30,14
2023-03-30,14
2023-03-30,14
2023-03-31,14
2023-03-31,14
2023-03-31,14
2023-03-31,14
2023-03-31,14
2023-04-03,14
2023-04-03,14
2023-04-03,14
2023-04-03,14
2023-04-03,14
2023-04-04,14
2023-04-04,14
2023-04-04,14
2023-04-04,14
2023-04-04,14
2023-04-05,14
2023-04-05,14
2023-04-05,14
2023-04-05,14
2023-04-05,14
2023-04-06,14
2023-04-06,14
2023-04-06,14
2023-04-06,14
2023-04-06,14
2023-04-07,14
2023-04-07,14
2023-04-07,14
2023-04-07,14
2023-04-07,14
2023-04-10,13.3
2023-04-10,13.3
2023-04-10,13.3
2023-04-10,13.3
2023-04-10,13.3
2023-04-11,13.3
2023-04-11,13.3
2023-04-11,13.3
2023-04-11,13.3
2023-04-11,13.3
2023-04-12,13.3
2023-04-12,13.3
2023-04-12,13.3
2023-04-12,13.3
2023-04-12,13.3
2023-04-13,13.3
2023-04-13,13.3
2023-04-13,13.3
2023-04-13,13.3
2023-04-13,13.3
2023-04-14,13.3
2023-04-14,13.3
2023-04-14,13.3
2023-04-14,13.3
2023-04-14,13.3
2023-04-17,13.3
2023-04-17,13.3
2023-04-17,13.3
2023-04-17,13.3
2023-04-17,13.3
2023-04-18,13.3
2023-04-18,13.3
2023-04-18,13.3
2023-04-18,12.63
2023-04-18,12.63
2023-04-19,12.63
2023-04-19,12.63
2023-04-19,12.63
2023-04-19,12.63
2023-04-19,12.63
2023-04-21,12.63
2023-04-21,12.63
2023-04-21,12.63
2023-04-21,12.63
2023-04-21,12.63
2023-04-24,12.63
2023-04-24,12.63
2023-04-24,12.63
2023-04-24,12.63
2023-04-24,12.63
2023-04-25,12
2023-04-25,12
2023-04-25,12
2023-04-25,12
2023-04-25,12
2023-04-26,11.4
2023-04-26,11.4
2023-04-26,11.4
2023-04-26,11.4
2023-04-26,11.4
2023-04-27,11.4
2023-04-27,11.4
2023-04-27,11.4
2023-04-27,11.4
2023-04-27,11.4
2023-04-28,11.4
2023-04-28,11.4
2023-04-28,11.4
2023-04-28,11.4
2023-04-28,11.4
2023-05-01,11.4
2023-05-01,11.4
2023-05-01,11.4
2023-05-01,11.4
2023-05-01,11.4
2023-05-03,11.4
2023-05-03,11.4
2023-05-03,11.4
2023-05-03,11.4
2023-05-03,11.4
2023-05-04,11.4
2023-05-04,11.4
2023-05-04,11.4
2023-05-04,11.4
2023-05-04,11.4
2023-05-05,11.4
2023-05-05,11.4
2023-05-05,11.4
2023-05-05,11.4
2023-05-05,11.4
2023-05-08,11.4
2023-05-08,11.4
2023-05-08,11.4
2023-05-08,11.4
2023-05-08,11.4
2023-05-09,11.4
2023-05-09,11.4
2023-05-09,11.4
2023-05-09,11.4
2023-05-09,11.4
2023-05-10,11.4
2023-05-10,11.4
2023-05-10,11.4
2023-05-10,11.4
2023-05-10,11.4
2023-05-11,11.4
2023-05-11,11.4
2023-05-11,11.4
2023-05-11,11.4
2023-05-11,11.4
2023-05-12,11.4
2023-05-12,11.4
2023-05-12,11.4
2023-05-12,11.4
2023-05-12,11.4
2023-05-15,11.4
2023-05-15,11.4
2023-05-15,11.4
2023-05-15,11.4
2023-05-15,11.4
2023-05-16,11.4
2023-05-16,11.4
2023-05-16,11.4
2023-05-16,11.4
2023-05-16,11.4
2023-05-17,11.4
2023-05-17,11.4
2023-05-17,11.4
2023-05-17,11.4
2023-05-17,11.4
2023-05-18,11.4
2023-05-18,11.4
2023-05-18,11.4
2023-05-18,11.4
2023-05-18,11.4
2023-05-19,11.4
2023-05-19,11.4
2023-05-19,11.4
2023-05-19,11.4
2023-05-19,11.4
2023-05-22,11.4
2023-05-22,11.4
2023-05-22,11.4
2023-05-22,11.4
2023-05-22,11.4
2023-05-23,11.4
2023-05-23,11.4
2023-05-23,11.4
2023-05-23,11.4
2023-05-23,11.4
2023-05-24,11.4
2023-05-24,11.4
2023-05-24,11.4
2023-05-24,11.4
2023-05-24,11.4
2023-05-25,11.4
2023-05-25,11.4
2023-05-25,11.4
2023-05-25,11.4
2023-05-25,11.4
2023-05-26,11.4
2023-05-26,11.4
2023-05-26,11.4
2023-05-26,11.4
2023-05-26,11.4
2023-05-29,11.97
2023-05-29,11.97
2023-05-29,11.97
2023-05-29,11.97
2023-05-29,11.97
2023-05-30,11.97
2023-05-30,11.97
2023-05-30,11.97
2023-05-30,11.97
2023-05-30,11.97
2023-05-31,11.97
2023-05-31,11.97
2023-05-31,11.97
2023-05-31,11.97
2023-05-31,11.97
2023-06-01,11.97
2023-06-01,11.97
2023-06-01,11.97
2023-06-01,11.97
2023-06-01,11.97
2023-06-02,11.97
2023-06-02,11.97
2023-06-02,11.97
2023-06-02,11.97
2023-06-02,11.97
2023-06-05,11.97
2023-06-05,11.97
2023-06-05,11.97
2023-06-05,11.97
2023-06-05,11.97
2023-06-06,11.97
2023-06-06,11.97
2023-06-06,11.97
2023-06-06,11.97
2023-06-06,11.97
2023-06-07,11.97
2023-06-07,11.97
2023-06-07,11.97
2023-06-07,11.97
2023-06-07,11.97
2023-06-08,11.97
2023-06-08,11.97
2023-06-08,11.97
2023-06-08,11.97
2023-06-08,11.97
2023-06-09,11.97
2023-06-09,11.97
2023-06-09,11.97
2023-06-09,11.97
2023-06-09,11.97
2023-06-12,11.97
2023-06-12,11.97
2023-06-12,11.97
2023-06-12,11.97
2023-06-12,11.97
2023-06-13,11.97
2023-06-13,11.97
2023-06-13,11.97
2023-06-13,11.97
2023-06-13,11.97
2023-06-14,11.97
2023-06-14,11.97
2023-06-14,11.97
2023-06-14,11.97
2023-06-14,11.97
2023-06-15,11.97
2023-06-15,11.97
2023-06-15,11.97
2023-06-15,11.97
2023-06-15,11.97
2023-06-16,11.97
2023-06-16,11.97
2023-06-16,11.97
2023-06-16,11.97
2023-06-16,11.97
2023-06-19,11.97
2023-06-19,11.97
2023-06-19,11.97
2023-06-19,11.97
2023-06-19,11.97
2023-06-20,11.97
2023-06-20,11.97
2023-06-20,11.97
2023-06-20,11.97
2023-06-20,11.97
2023-06-21,11.97
2023-06-21,11.97
2023-06-21,11.97
2023-06-21,11.97
2023-06-21,11.97
2023-06-22,11.97
2023-06-22,11.97
2023-06-22,11.97
2023-06-22,11.97
2023-06-22,11.97
2023-06-23,11.97
2023-06-23,11.97
2023-06-23,11.97
2023-06-23,11.97
2023-06-23,11.97
2023-06-26,11.97
2023-06-26,11.97
2023-06-26,11.97
2023-06-26,11.97
2023-06-26,11.97
2023-06-27,11.97
2023-06-27,11.97
2023-06-27,11.97
2023-06-27,11.97
2023-06-27,11.97
2023-06-29,11.97
2023-06-29,11.97
2023-06-29,11.97
2023-06-29,11.97
2023-06-29,11.97
2023-06-30,11.97
2023-06-30,11.97
2023-06-30,11.97
2023-06-30,11.97
2023-06-30,11.97
2023-07-03,11.97
2023-07-03,11.97
2023-07-03,11.97
2023-07-03,11.97
2023-07-03,11.97
2023-07-04,11.97
2023-07-04,11.97
2023-07-04,11.97
2023-07-04,11.97
2023-07-04,11.97
2023-07-05,11.97
2023-07-05,11.97
2023-07-05,11.97
2023-07-05,11.97
2023-07-05,11.97
2023-07-06,11.97
2023-07-06,11.97
2023-07-06,11.97
2023-07-06,11.97
2023-07-06,11.97
2023-07-07,11.97
2023-07-07,11.97
2023-07-07,11.97
2023-07-07,11.97
2023-07-07,11.97
2023-07-10,11.97
2023-07-10,11.97
2023-07-10,11.97
2023-07-10,11.97
2023-07-10,11.97
2023-07-11,11.97
2023-07-11,11.97
2023-07-11,11.97
2023-07-11,11.5
2023-07-11,11.5
2023-07-12,11
2023-07-12,11
2023-07-12,11
2023-07-12,11
2023-07-12,11.55
2023-07-13,11.55
2023-07-13,11.55
2023-07-13,11.55
2023-07-13,11.55
2023-07-13,11.55
2023-07-14,11.55
2023-07-14,11.55
2023-07-14,11.55
2023-07-14,11.55
2023-07-14,11.55
2023-07-17,11.97
2023-07-17,11.97
2023-07-17,11.97
2023-07-17,11.97
2023-07-17,11.97
2023-07-18,11.97
2023-07-18,11.97
2023-07-18,11.97
2023-07-18,11.97
2023-07-18,12.12
2023-07-19,12.12
2023-07-19,12.12
2023-07-19,12.12
2023-07-19,12.12
2023-07-19,12.12
2023-07-20,12.12
2023-07-20,12.12
2023-07-20,12.12
2023-07-20,12.12
2023-07-20,12.12
2023-07-24,12.12
2023-07-24,12.12
2023-07-25,12.12
2023-07-25,12.12
2023-07-25,12.12
2023-07-25,12.12
2023-07-25,12.12
2023-07-26,12.12
2023-07-26,12.12
2023-07-26,12.12
2023-07-26,12.12
2023-07-26,12.12
2023-07-27,12.12
2023-07-27,12.12
2023-07-27,12.12
2023-07-27,12.12
2023-07-27,12.12
2023-07-28,12.12
2023-07-28,12.12
2023-07-28,12.12
2023-07-28,12.12
2023-07-28,12.12
2023-07-31,12.12
2023-07-31,12.12
2023-07-31,12.12
2023-07-31,12.12
2023-07-31,12.12
2023-08-01,12.12
2023-08-01,12.12
2023-08-01,12.12
2023-08-01,12.12
2023-08-01,12.12
2023-08-02,12.12
2023-08-02,12.12
2023-08-02,12.12
2023-08-02,12.12
2023-08-02,12.12
2023-08-03,12.12
2023-08-03,12.12
2023-08-03,12.12
2023-08-03,12.12
2023-08-03,12.12
2023-08-04,12.12
2023-08-04,12.12
2023-08-04,12.12
2023-08-04,12.12
2023-08-04,12.12
2023-08-07,12.12
2023-08-07,12.12
2023-08-07,12.12
2023-08-07,12.12
2023-08-07,12.12
2023-08-08,12.12
2023-08-08,12.12
2023-08-08,12.12
2023-08-08,12.12
2023-08-08,12.12
2023-08-09,12.12
2023-08-09,12.12
2023-08-09,12.12
2023-08-09,12.12
2023-08-09,12.12
2023-08-10,12.12
2023-08-10,12.12
2023-08-10,12.12
2023-08-10,12.12
2023-08-10,12.1
2023-08-11,12.1
2023-08-11,12.1
2023-08-11,12.1
2023-08-11,12.1
2023-08-11,12.1
2023-08-14,12.1
2023-08-14,12.1
2023-08-14,12.1
2023-08-14,12.1
2023-08-14,12.1
2023-08-15,12.1
2023-08-15,12.1
2023-08-15,12.1
2023-08-15,12.1
2023-08-15,12.1
2023-08-16,12.1
2023-08-16,12.1
2023-08-16,12.1
2023-08-16,12.1
2023-08-16,12.1
2023-08-17,12.1
2023-08-17,12.1
2023-08-17,12.1
2023-08-17,12.1
2023-08-17,12.1
2023-08-18,12.1
2023-08-18,12.1
2023-08-18,12.1
2023-08-18,12.1
2023-08-18,12.1
2023-08-21,12.1
2023-08-21,12.1
2023-08-21,12.1
2023-08-21,12.1
2023-08-21,12.1
2023-08-22,12.1
2023-08-22,12.1
2023-08-22,12.1
2023-08-22,12.1
2023-08-22,12.1
2023-08-23,12.1
2023-08-23,12.1
2023-08-23,12.1
2023-08-23,12.1
2023-08-23,12.1
2023-08-24,12.1
2023-08-24,12.1
2023-08-24,12.1
2023-08-24,12.1
2023-08-24,11
2023-08-25,11
2023-08-25,11
2023-08-25,11
2023-08-25,11
2023-08-25,11
2023-08-28,11
2023-08-28,11
2023-08-28,11
2023-08-28,11
2023-08-28,11
2023-08-29,11
2023-08-29,11
2023-08-29,11
2023-08-29,11
2023-08-29,11
2023-08-30,11
2023-08-30,11
2023-08-30,11
2023-08-30,11
2023-08-30,11
2023-08-31,11
2023-08-31,11
2023-08-31,11
2023-08-31,11
2023-08-31,11
2023-09-01,11
2023-09-01,11
2023-09-01,11
2023-09-01,11
2023-09-01,11
2023-09-04,11
2023-09-04,11
2023-09-04,11
2023-09-04,11
2023-09-04,11
2023-09-05,11
2023-09-05,11
2023-09-05,11
2023-09-05,11
2023-09-05,11
2023-09-06,11
2023-09-06,11
2023-09-06,11
2023-09-06,11
2023-09-06,11
2023-09-07,11
2023-09-07,11
2023-09-07,11
2023-09-07,11
2023-09-07,11
2023-09-08,11
2023-09-08,11
2023-09-08,11
2023-09-08,11
2023-09-08,11
2023-09-11,11
2023-09-11,11
2023-09-11,11
2023-09-11,11
2023-09-11,11
2023-09-12,11
2023-09-12,11
2023-09-12,11
2023-09-12,11
2023-09-12,11
2023-09-13,11
2023-09-13,11
2023-09-13,11
2023-09-13,11
2023-09-13,11
2023-09-14,11
2023-09-14,11
2023-09-14,11
2023-09-14,11
2023-09-14,11
2023-09-15,11
2023-09-15,11
2023-09-15,11
2023-09-15,11
2023-09-15,11
2023-09-18,11
2023-09-18,11
2023-09-18,11
2023-09-18,11
2023-09-18,11
2023-09-19,11
2023-09-19,11
2023-09-19,11
2023-09-19,11
2023-09-19,11
2023-09-21,11
2023-09-21,11
2023-09-21,11
2023-09-21,11
2023-09-21,11
2023-09-22,11
2023-09-22,11
2023-09-22,11
2023-09-22,11
2023-09-22,11
2023-09-27,11
2023-09-27,11
2023-09-27,11
2023-09-27,11
2023-09-27,11
2023-09-28,11
2023-09-28,11
2023-09-28,11
2023-09-28,11
2023-09-28,11
2023-09-29,11
2023-09-29,11
2023-09-29,11
2023-09-29,11
2023-09-29,11
2023-10-02,11
2023-10-02,11
2023-10-02,11
2023-10-02,11
2023-10-02,11
2023-10-03,11
2023-10-03,11
2023-10-03,11
2023-10-03,11
2023-10-03,11
2023-10-04,11
2023-10-04,11
2023-10-04,11
2023-10-04,11
2023-10-04,11
2023-10-05,11
2023-10-05,11
2023-10-05,11
2023-10-05,11
2023-10-05,11
2023-10-06,11
2023-10-06,11
2023-10-06,11
2023-10-06,11
2023-10-06,11
2023-10-09,11
2023-10-09,11
2023-10-09,11
2023-10-09,11
2023-10-09,11
2023-10-10,11
2023-10-10,11
2023-10-10,11
2023-10-10,11
2023-10-10,11
2023-10-11,11
2023-10-11,11
2023-10-11,11
2023-10-11,11
2023-10-11,11
2023-10-12,11
2023-10-12,11
2023-10-12,11
2023-10-12,11
2023-10-12,11
2023-10-13,11
2023-10-13,11
2023-10-13,11
2023-10-13,11
2023-10-13,11
2023-10-16,11
2023-10-16,11
2023-10-16,11
2023-10-16,11
2023-10-16,11
2023-10-17,11
2023-10-17,11
2023-10-17,11
2023-10-17,11
2023-10-17,11
2023-10-18,11
2023-10-18,11
2023-10-18,11
2023-10-18,11
2023-10-18,11
2023-10-19,11
2023-10-19,11
2023-10-19,11
2023-10-19,11
2023-10-19,11.73
2023-10-20,11.73
2023-10-20,11.73
2023-10-20,11.73
2023-10-20,11.73
2023-10-20,11.73
2023-10-23,11.73
2023-10-23,11.73
2023-10-23,11.73
2023-10-23,11.73
2023-10-23,11.73
2023-10-25,11.73
2023-10-25,11.73
2023-10-25,11.73
2023-10-25,11.73
2023-10-26,11.73
2023-10-26,11.73
2023-10-26,11.73
2023-10-26,11.73
2023-10-26,11.73
2023-10-27,11.73
2023-10-27,11.73
2023-10-27,11.73
2023-10-27,11.73
2023-10-27,11.73
2023-10-30,11.73
2023-10-30,11.73
2023-10-30,11.73
2023-10-30,11.73
2023-10-30,11.73
2023-10-31,11.73
2023-10-31,11.73
2023-10-31,11.73
2023-10-31,11.73
2023-10-31,11.73
2023-11-02,11.73
2023-11-02,11.73
2023-11-02,11.73
2023-11-02,11.73
2023-11-02,12.1
2023-11-03,12.1
2023-11-03,12.1
2023-11-03,12.1
2023-11-03,12.1
2023-11-03,12.49
2023-11-06,12.49
2023-11-06,12.49
2023-11-06,12.49
2023-11-06,12.49
2023-11-06,12.49
2023-11-07,12.49
2023-11-07,12.49
2023-11-07,12.49
2023-11-07,12.49
2023-11-07,12.49
2023-11-08,12.49
2023-11-08,12.49
2023-11-08,12.49
2023-11-08,12.49
2023-11-08,12.49
2023-11-09,12.49
2023-11-09,12.49
2023-11-09,12.49
2023-11-09,12.49
2023-11-09,12.49
2023-11-10,12.49
2023-11-10,12.49
2023-11-10,12.49
2023-11-10,12.49
2023-11-10,12.49
2023-11-13,12.49
2023-11-13,12.49
2023-11-13,12.49
2023-11-13,12.49
2023-11-13,12.49
2023-11-14,12.49
2023-11-14,12.49
2023-11-14,12.49
2023-11-14,12.49
2023-11-14,12.5
2023-11-15,12.5
2023-11-15,12.5
2023-11-15,12.5
2023-11-15,12.5
2023-11-15,12.5
2023-11-16,12.5
2023-11-16,12.5
2023-11-16,12.5
2023-11-16,12.5
2023-11-16,12
2023-11-17,12
2023-11-17,12
2023-11-17,12
2023-11-17,12
2023-11-17,12
2023-11-20,12
2023-11-20,12
2023-11-20,12
2023-11-20,12
2023-11-20,12
2023-11-21,12
2023-11-21,12
2023-11-21,12
2023-11-21,12
2023-11-21,12
2023-11-22,12
2023-11-22,12
2023-11-22,12
2023-11-22,12
2023-11-22,12
2023-11-23,12
2023-11-23,12
2023-11-23,12
2023-11-23,12
2023-11-23,12
2023-11-24,12
2023-11-24,12
2023-11-24,12
2023-11-24,12
2023-11-24,12
2023-11-27,12
2023-11-27,12
2023-11-27,12
2023-11-27,12
2023-11-27,12
2023-11-28,12
2023-11-28,12
2023-11-28,12
2023-11-28,12
2023-11-28,12
2023-11-29,12
2023-11-29,12
2023-11-29,12
2023-11-29,12
2023-11-29,12
2023-12-01,12
2023-12-01,12
2023-12-01,12
2023-12-01,12
2023-12-04,12
2023-12-04,12
2023-12-04,12
2023-12-04,12
2023-12-04,12
2023-12-05,12
2023-12-05,12
2023-12-05,12
2023-12-05,12
2023-12-05,12
2023-12-06,12
2023-12-06,12
2023-12-06,12
2023-12-06,12
2023-12-06,12
2023-12-07,12
2023-12-07,12
2023-12-07,12
2023-12-07,12
2023-12-07,12
2023-12-08,12
2023-12-08,12
2023-12-08,12
2023-12-08,12
2023-12-08,11.88
2023-12-11,11.88
2023-12-11,11.88
2023-12-11,11.88
2023-12-11,11.88
2023-12-11,11.88
2023-12-12,11.88
2023-12-12,11.88
2023-12-12,11.88
2023-12-12,11.88
2023-12-12,11.88
2023-12-13,11.88
2023-12-13,11.88
2023-12-13,11.88
2023-12-13,11.88
2023-12-13,11.88
2023-12-14,11.88
2023-12-14,11.88
2023-12-14,11.88
2023-12-14,11.88
2023-12-14,11.88
2023-12-15,11.88
2023-12-15,11.88
2023-12-15,11.88
2023-12-15,11.88
2023-12-15,11.88
2023-12-18,11.88
2023-12-18,11.88
2023-12-18,11.88
2023-12-18,11.88
2023-12-18,11.88
2023-12-19,11.88
2023-12-19,11.88
2023-12-19,11.88
2023-12-19,11.88
2023-12-19,11.6
2023-12-20,11.6
2023-12-20,11.6
2023-12-20,11.6
2023-12-20,11.6
2023-12-20,11.6
2023-12-21,11.6
2023-12-21,11.6
2023-12-21,11.6
2023-12-21,11.6
2023-12-21,11.6
2023-12-22,11.6
2023-12-22,11.6
2023-12-22,11.6
2023-12-22,11.6
2023-12-22,11.5
2023-12-25,11.5
2023-12-25,11.5
2023-12-25,11.5
2023-12-25,11.5
2023-12-25,11.5
2023-12-26,11.5
2023-12-26,11.5
2023-12-26,11.5
2023-12-26,11.5
2023-12-26,11.5
2023-12-27,11.5
2023-12-27,11.5
2023-12-27,11.5
2023-12-27,11.5
2023-12-27,11
2023-12-28,11
2023-12-28,11
2023-12-28,11
2023-12-28,11
2023-12-28,11
2023-12-29,11
2023-12-29,11
2023-12-29,11
2023-12-29,11
2023-12-29,11
2024-01-01,11
2024-01-01,11
2024-01-01,11
2024-01-01,11
2024-01-01,11
2024-01-03,11
2024-01-03,11
2024-01-03,11
2024-01-03,11
2024-01-03,11
2024-01-04,11
2024-01-04,11
2024-01-04,11
2024-01-04,11
2024-01-04,12.48
2024-01-05,12.48
2024-01-05,12.48
2024-01-05,12.48
2024-01-05,12.48
2024-01-05,12.48
2024-01-08,12.48
2024-01-08,12.48
2024-01-08,12.48
2024-01-08,12.48
2024-01-08,12.57
2024-01-10,12.57
2024-01-10,12.57
2024-01-10,12.57
2024-01-10,12.57
2024-01-10,12.57
2024-01-11,12.57
2024-01-11,12.57
2024-01-11,12.57
2024-01-11,12.57
2024-01-11,12.57
2024-01-15,12.57
2024-01-15,12.57
2024-01-15,12.57
2024-01-15,12.57
2024-01-15,12.57
2024-01-16,12.57
2024-01-16,12.57
2024-01-16,12.57
2024-01-16,12.57
2024-01-16,12.57
2024-01-17,12.57
2024-01-17,12.57
2024-01-17,12.57
2024-01-17,12.57
2024-01-17,12.57
2024-01-18,12.57
2024-01-18,12.57
2024-01-18,12.57
2024-01-18,12.57
2024-01-18,12.57
2024-01-19,12.57
2024-01-19,12.57
2024-01-19,12.57
2024-01-19,12.57
2024-01-19,12.57
2024-01-22,12.57
2024-01-22,12.57
2024-01-22,12.57
2024-01-22,12.57
2024-01-22,12.57
2024-01-23,12.57
2024-01-23,12.57
2024-01-23,12.57
2024-01-23,12.57
2024-01-23,12.57
2024-01-24,12.57
2024-01-24,12.57
2024-01-24,12.57
2024-01-24,12.57
2024-01-24,12.57
2024-01-25,12.57
2024-01-25,12.57
2024-01-25,12.57
2024-01-25,12.57
2024-01-25,14.46
2024-01-26,14.46
2024-01-26,14.46
2024-01-26,14.46
2024-01-26,14.46
2024-01-26,14.46
2024-01-29,14.46
2024-01-29,14.46
2024-01-29,14.46
2024-01-29,14.46
2024-01-29,14.46
2024-01-30,14.46
2024-01-30,14.46
2024-01-30,14.46
2024-01-30,14.46
2024-01-30,14.49
2024-01-31,14.49
2024-01-31,14.49
2024-01-31,14.49
2024-01-31,14.49
2024-01-31,14.49
2024-02-01,14.49
2024-02-01,14.49
2024-02-01,14.49
2024-02-01,14.49
2024-02-01,14.49
2024-02-02,14.49
2024-02-02,14.49
2024-02-02,14.49
2024-02-02,14.49
2024-02-02,14.49
2024-02-05,14.49
2024-02-05,14.49
2024-02-05,14.49
2024-02-05,14.49
2024-02-05,15.45
2024-02-06,15.45
2024-02-06,15.45
2024-02-06,15.45
2024-02-06,15.45
2024-02-06,15.45
2024-02-07,15.45
2024-02-07,15.45
2024-02-07,15.45
2024-02-07,15.45
2024-02-07,15.45
2024-02-08,15.45
2024-02-08,15.45
2024-02-08,15.45
2024-02-08,15.45
2024-02-08,15.48
2024-02-09,15.48
2024-02-09,15.48
2024-02-09,15.48
2024-02-09,15.48
2024-02-09,16.03
2024-02-12,16.03
2024-02-12,16.03
2024-02-12,16.03
2024-02-12,16.03
2024-02-12,16
2024-02-13,16
2024-02-13,16
2024-02-13,16
2024-02-13,16
2024-02-13,16
2024-02-14,16
2024-02-14,16
2024-02-14,16
2024-02-14,16
2024-02-14,16
2024-02-15,16
2024-02-15,16
2024-02-15,16
2024-02-15,16
2024-02-15,16
2024-02-16,16
2024-02-16,16
2024-02-16,16
2024-02-16,16
2024-02-16,16
2024-02-19,16
2024-02-19,16
2024-02-19,16
2024-02-19,16
2024-02-19,16
2024-02-20,16
2024-02-20,16
2024-02-20,16
2024-02-20,16
2024-02-20,16
2024-02-26,16
2024-02-26,16
2024-02-26,16
2024-02-26,16
2024-02-26,16
2024-02-27,16
2024-02-27,16
2024-02-27,16
2024-02-27,16
2024-02-27,16
2024-02-28,16
2024-02-28,16
2024-02-28,16
2024-02-28,16
2024-02-28,16
2024-02-29,16
2024-02-29,16
2024-02-29,16
2024-02-29,16
2024-02-29,16
2024-03-01,16
2024-03-01,16
2024-03-01,16
2024-03-01,16
2024-03-01,16
2024-03-04,16
2024-03-04,16
2024-03-04,16
2024-03-04,16
2024-03-04,17.49
2024-03-05,17.49
2024-03-05,17.49
2024-03-05,17.49
2024-03-05,17.49
2024-03-05,18
2024-03-06,18
2024-03-06,18
2024-03-06,18
2024-03-06,18
2024-03-06,18
2024-03-07,18
2024-03-07,18
2024-03-07,18
2024-03-07,18
2024-03-07,18
2024-03-08,18
2024-03-08,18
2024-03-08,18
2024-03-08,18
2024-03-08,18
2024-03-11,18
2024-03-11,18
2024-03-11,18
2024-03-11,18
2024-03-11,18
2024-03-12,18
2024-03-12,18
2024-03-12,18
2024-03-12,18
2024-03-12,18
2024-03-13,18
2024-03-13,18
2024-03-13,18
2024-03-13,18
2024-03-13,18
2024-03-14,18
2024-03-14,18
2024-03-14,18
2024-03-14,18
2024-03-14,18
2024-03-15,18
2024-03-15,18
2024-03-15,18
2024-03-15,18
2024-03-15,18
2024-03-18,18
2024-03-18,18
2024-03-18,18
2024-03-18,18
2024-03-18,18
2024-03-19,18
2024-03-19,18
2024-03-19,18
2024-03-19,18
2024-03-19,18
2024-03-20,18
2024-03-20,18
2024-03-20,18
2024-03-20,18
2024-03-20,18
2024-03-21,18
2024-03-21,18
2024-03-21,18
2024-03-21,18
2024-03-21,18
2024-03-22,18
2024-03-22,18
2024-03-22,18
2024-03-22,18
2024-03-22,18
2024-03-25,18
2024-03-25,18
2024-03-25,18
2024-03-25,18
2024-03-25,18
2024-03-26,18
2024-03-26,18
2024-03-26,18
2024-03-26,18
2024-03-26,18
2024-03-27,18
2024-03-27,18
2024-03-27,18
2024-03-27,18
2024-03-27,18
2024-03-28,18
2024-03-28,18
2024-03-28,18
2024-03-28,18
2024-03-28,18
2024-03-29,18
2024-03-29,18
2024-03-29,18
2024-03-29,18
2024-03-29,15.5
2024-04-01,15.5
2024-04-01,15.5
2024-04-01,15.5
2024-04-01,15.5
2024-04-01,15.5
2024-04-02,15.5
2024-04-02,15.5
2024-04-02,15.5
2024-04-02,15.5
2024-04-02,15.5
2024-04-03,15.5
2024-04-03,15.5
2024-04-03,15.5
2024-04-03,15.5
2024-04-03,15.5
2024-04-04,15.5
2024-04-04,15.5
2024-04-04,15.5
2024-04-04,15.5
2024-04-04,13.66
2024-04-05,13.66
2024-04-05,13.66
2024-04-05,13.66
2024-04-05,13.66
2024-04-05,13.66
2024-04-08,13.66
2024-04-08,13.66
2024-04-08,13.66
2024-04-08,13.66
2024-04-08,13.66
2024-04-09,13.66
2024-04-09,13.66
2024-04-09,13.66
2024-04-09,13.66
2024-04-09,13.66
2024-04-10,13.66
2024-04-10,13.66
2024-04-10,13.66
2024-04-10,13.66
2024-04-10,14
2024-04-11,14
2024-04-11,14
2024-04-11,14
2024-04-11,14
2024-04-11,14
2024-04-12,14
2024-04-12,14
2024-04-12,14
2024-04-12,14
2024-04-12,14
2024-04-15,14
2024-04-15,14
2024-04-15,14
2024-04-15,14
2024-04-15,13
2024-04-16,13
2024-04-16,13
2024-04-16,13
2024-04-16,13
2024-04-16,14
2024-04-17,14
2024-04-17,14
2024-04-17,14
2024-04-17,14
2024-04-17,14
2024-04-19,14
2024-04-19,14
2024-04-19,14
2024-04-19,14
2024-04-19,14
2024-04-22,14
2024-04-22,14
2024-04-22,14
2024-04-22,14
2024-04-22,13.78
2024-04-23,13.78
2024-04-23,13.78
2024-04-23,13.78
2024-04-23,13.78
2024-04-23,13.78
2024-04-24,13.78
2024-04-24,13.78
2024-04-24,13.78
2024-04-24,13.78
2024-04-24,13.78
2024-04-25,13.78
2024-04-25,13.78
2024-04-25,13.78
2024-04-25,13.78
2024-04-25,13.78
2024-04-26,13.78
2024-04-26,13.78
2024-04-26,13.78
2024-04-26,13.78
2024-04-26,13.78
2024-04-29,13.78
2024-04-29,13.78
2024-04-29,13.78
2024-04-29,13.78
2024-04-29,13.78
2024-04-30,13.78
2024-04-30,13.78
2024-04-30,13.78
2024-04-30,13.78
2024-04-30,13.78
2024-05-01,13.78
2024-05-01,13.78
2024-05-01,13.78
2024-05-01,13.78
2024-05-01,13.78
2024-05-03,13.78
2024-05-03,13.78
2024-05-03,13.78
2024-05-03,13.78
2024-05-03,13.78
2024-05-06,13.78
2024-05-06,13.78
2024-05-06,13.78
2024-05-06,13.78
2024-05-06,13.78
2024-05-07,13.78
2024-05-07,13.78
2024-05-07,13.78
2024-05-07,13.78
2024-05-07,13.78
2024-05-08,13.78
2024-05-08,13.78
2024-05-08,13.78
2024-05-08,13.78
2024-05-08,12.04
2024-05-09,12.04
2024-05-09,12.04
2024-05-09,12.04
2024-05-09,12.04
2024-05-09,12.04
2024-05-10,12.04
2024-05-10,12.04
2024-05-10,12.04
2024-05-10,12.04
2024-05-10,12.04
2024-05-13,12.04
2024-05-13,12.04
2024-05-13,12.04
2024-05-13,12.04
2024-05-13,12.04
2024-05-14,12.04
2024-05-14,12.04
2024-05-14,12.04
2024-05-14,12.04
2024-05-14,12.04
2024-05-15,12.04
2024-05-15,12.04
2024-05-15,12.04
2024-05-15,12.04
2024-05-15,12.04
2024-05-16,12.04
2024-05-16,12.04
2024-05-16,12.04
2024-05-16,12.04
2024-05-16,12.04
2024-05-17,12.04
2024-05-17,12.04
2024-05-17,12.04
2024-05-17,12.04
2024-05-17,12.04
2024-05-20,12.04
2024-05-20,12.04
2024-05-20,12.04
2024-05-20,12.04
2024-05-20,12.04
2024-05-21,12.04
2024-05-21,12.04
2024-05-21,12.04
2024-05-21,12.04
2024-05-21,12.04
2024-05-22,12.04
2024-05-22,12.04
2024-05-22,12.04
2024-05-22,12.04
2024-05-22,12
2024-05-24,12
2024-05-24,12
2024-05-24,12
2024-05-24,12
2024-05-24,12
2024-05-27,12
2024-05-27,12
2024-05-27,12
2024-05-27,12
2024-05-27,12
2024-05-28,12
2024-05-28,12
2024-05-28,12
2024-05-28,12
2024-05-28,12
2024-05-29,12
2024-05-29,12
2024-05-29,12
2024-05-29,12
2024-05-29,12
2024-05-30,12
2024-05-30,12
2024-05-30,12
2024-05-30,12
2024-05-30,12
2024-05-31,12
2024-05-31,12
2024-05-31,12
2024-05-31,12
2024-05-31,12
2024-06-03,12
2024-06-03,12
2024-06-03,12
2024-06-03,12
2024-06-03,12
2024-06-04,12
2024-06-04,12
2024-06-04,12
2024-06-04,12
2024-06-04,12
2024-06-05,12
2024-06-05,12
2024-06-05,12
2024-06-05,12
2024-06-05,12
2024-06-06,12
2024-06-06,12
2024-06-06,12
2024-06-06,12
2024-06-06,12
2024-06-07,12
2024-06-07,12
2024-06-07,12
2024-06-07,12
2024-06-07,12.09
2024-06-10,12.09
2024-06-10,12.09
2024-06-10,12.09
2024-06-10,12.09
2024-06-10,12.09
2024-06-11,12.09
2024-06-11,12.09
2024-06-11,12.09
2024-06-11,12.09
2024-06-11,12.09
2024-06-12,12.09
2024-06-12,12.09
2024-06-12,12.09
2024-06-12,12.09
2024-06-12,12.09
2024-06-13,12.09
2024-06-13,12.09
2024-06-13,12.09
2024-06-13,12.09
2024-06-13,12.09
2024-06-14,12.09
2024-06-14,12.09
2024-06-14,12.09
2024-06-14,12.09
2024-06-14,12.09
2024-06-17,12.09
2024-06-17,12.09
2024-06-17,12.09
2024-06-17,12.09
2024-06-17,12.09
2024-06-18,12.09
2024-06-18,12.09
2024-06-18,12.09
2024-06-18,12.09
2024-06-18,12.09
2024-06-19,12.09
2024-06-19,12.09
2024-06-19,12.09
2024-06-19,12.09
2024-06-19,12.09
2024-06-20,12.09
2024-06-20,12.09
2024-06-20,12.09
2024-06-20,12.09
2024-06-20,12.09
2024-06-21,12.09
2024-06-21,12.09
2024-06-21,12.09
2024-06-21,12.09
2024-06-21,12
2024-06-24,12
2024-06-24,12
2024-06-24,12
2024-06-24,12
2024-06-24,12
2024-06-25,12
2024-06-25,12
2024-06-25,12
2024-06-25,12
2024-06-25,12
2024-06-26,12
2024-06-26,12
2024-06-26,12
2024-06-26,12
2024-06-26,12
2024-06-27,12
2024-06-27,12
2024-06-27,12
2024-06-27,12
2024-06-27,12
2024-06-28,12
2024-06-28,12
2024-06-28,12
2024-06-28,12
2024-06-28,12
2024-07-01,12
2024-07-01,12
2024-07-01,12
2024-07-01,12
2024-07-01,12.5
2024-07-02,12.5
2024-07-02,12.5
2024-07-02,12.5
2024-07-02,12.5
2024-07-02,12.5
2024-07-03,12.5
2024-07-03,12.5
2024-07-03,12.5
2024-07-03,12.5
2024-07-03,13.49
2024-07-04,13.49
2024-07-04,13.49
2024-07-04,13.49
2024-07-04,13.49
2024-07-04,13.49
2024-07-05,13.49
2024-07-05,13.49
2024-07-05,13.49
2024-07-05,13.49
2024-07-05,12.5
2024-07-08,12.5
2024-07-08,12.5
2024-07-08,12.5
2024-07-08,12.5
2024-07-08,11.68
2024-07-09,11.68
2024-07-09,11.68
2024-07-09,11.68
2024-07-09,11.68
2024-07-09,11.68
2024-07-11,11.68
2024-07-11,11.68
2024-07-11,11.68
2024-07-11,11.68
2024-07-11,11.68
2024-07-12,11.68
2024-07-12,11.68
2024-07-12,11.68
2024-07-12,11.68
2024-07-12,11.68
2024-07-15,11.68
2024-07-15,11.68
2024-07-15,11.68
2024-07-15,11.68
2024-07-15,11.68
2024-07-16,11.68
2024-07-16,11.68
2024-07-16,11.68
2024-07-16,11.68
2024-07-16,11.68
2024-07-17,11.68
2024-07-17,11.68
2024-07-17,11.68
2024-07-17,11.68
2024-07-17,11.68
2024-07-18,11.68
2024-07-18,11.68
2024-07-18,11.68
2024-07-18,11.68
2024-07-18,11.68
2024-07-19,11.68
2024-07-19,11.68
2024-07-19,11.68
2024-07-19,11.68
2024-07-19,11.68
2024-07-22,11.68
2024-07-22,11.68
2024-07-22,11.68
2024-07-22,11.68
2024-07-22,11.68
2024-07-23,11.68
2024-07-23,11.68
2024-07-23,11.68
2024-07-23,11.68
2024-07-23,11.68
2024-07-24,11.68
2024-07-24,11.68
2024-07-24,11.68
2024-07-24,11.68
2024-07-24,11.68
2024-07-25,11.68
2024-07-25,11.68
2024-07-25,11.68
2024-07-25,11.68
2024-07-25,11.68
2024-07-26,11.68
2024-07-26,11.68
2024-07-26,11.68
2024-07-26,11.68
2024-07-26,11.5
2024-07-29,11.5
2024-07-29,11.5
2024-07-29,11.5
2024-07-29,11.5
2024-07-29,11.5
2024-07-30,11.5
2024-07-30,11.5
2024-07-30,11.5
2024-07-30,11.5
2024-07-30,11.5
2024-07-31,11.5
2024-07-31,11.5
2024-07-31,11.5
2024-07-31,11.5
2024-07-31,11.5
2024-08-01,11.5
2024-08-01,11.5
2024-08-01,11.5
2024-08-01,11.5
2024-08-01,11.5
2024-08-02,11.5
2024-08-02,11.5
2024-08-02,11.5
2024-08-02,11.5
2024-08-02,11.5
2024-08-05,11.5
2024-08-05,11.5
2024-08-05,11.5
2024-08-05,11.5
2024-08-05,11.5
2024-08-06,11.5
2024-08-06,11.5
2024-08-06,11.5
2024-08-06,11.5
2024-08-06,11.5
2024-08-07,11.5
2024-08-07,11.5
2024-08-07,11.5
2024-08-07,11.5
2024-08-07,11.5
2024-08-08,11.5
2024-08-08,11.5
2024-08-08,11.5
2024-08-08,11.5
2024-08-08,11.5
2024-08-09,11.5
2024-08-09,11.5
2024-08-09,11.5
2024-08-09,11.5
2024-08-09,11.5
2024-08-12,11.5
2024-08-12,11.5
2024-08-12,11.5
2024-08-12,11.5
2024-08-12,11.5
2024-08-13,11.5
2024-08-13,11.5
2024-08-13,11.5
2024-08-13,11.5
2024-08-13,11.5
2024-08-14,11.5
2024-08-14,11.5
2024-08-14,11.5
2024-08-14,11.5
2024-08-14,11.5
2024-08-15,11.5
2024-08-15,11.5
2024-08-15,11.5
2024-08-15,11.5
2024-08-15,11.5
2024-08-16,11.5
2024-08-16,11.5
2024-08-16,11.5
2024-08-16,11.5
2024-08-16,11.5
2024-08-19,11.5
2024-08-19,11.5
2024-08-19,11.5
2024-08-19,11.5
2024-08-19,11.81
2024-08-20,11.81
2024-08-20,11.81
2024-08-20,11.81
2024-08-20,11.81
2024-08-20,11.81
2024-08-21,11.81
2024-08-21,11.81
2024-08-21,11.81
2024-08-21,11.81
2024-08-21,12.5
2024-08-22,12.5
2024-08-22,12.5
2024-08-22,12.5
2024-08-22,12.5
2024-08-22,12.5
2024-08-23,12.5
2024-08-23,12.5
2024-08-23,12.5
2024-08-23,12.5
2024-08-23,12.48
2024-08-26,12.48
2024-08-26,12.48
2024-08-26,12.48
2024-08-26,12.48
2024-08-26,12.48
2024-08-27,12.48
2024-08-27,12.48
2024-08-27,12.48
2024-08-27,12.48
2024-08-27,12.48
2024-08-28,12.48
2024-08-28,12.48
2024-08-28,12.48
2024-08-28,12.48
2024-08-28,12.48
2024-08-29,12.48
2024-08-29,12.48
2024-08-29,12.48
2024-08-29,12.48
2024-08-29,12.48
2024-08-30,12.48
2024-08-30,12.48
2024-08-30,12.48
2024-08-30,12.48
2024-08-30,12.48
2024-09-02,12.48
2024-09-02,12.48
2024-09-02,12.48
2024-09-02,12.48
2024-09-02,12.48
2024-09-03,12.48
2024-09-03,12.48
2024-09-03,12.48
2024-09-03,12.48
2024-09-03,12.48
2024-09-04,12.48
2024-09-04,12.48
2024-09-04,12.48
2024-09-04,12.48
2024-09-04,12.48
2024-09-05,12.48
2024-09-05,12.48
2024-09-05,12.48
2024-09-05,12.48
2024-09-05,12.48
2024-09-06,12.48
2024-09-06,12.48
2024-09-06,12.48
2024-09-06,12.48
2024-09-06,12.48
2024-09-10,12.48
2024-09-10,12.48
2024-09-10,12.48
2024-09-10,12.48
2024-09-10,12.48
2024-09-11,12.48
2024-09-11,12.48
2024-09-11,12.48
2024-09-11,12.48
2024-09-11,12.48
2024-09-12,12.48
2024-09-12,12.48
2024-09-12,12.48
2024-09-12,12.48
2024-09-12,12.48
2024-09-16,12.48
2024-09-16,12.48
2024-09-16,12.48
2024-09-16,12.48
2024-09-16,12.48
2024-09-17,12.48
2024-09-17,12.48
2024-09-17,12.48
2024-09-17,12.48
2024-09-17,12.48
2024-09-18,12.48
2024-09-18,12.48
2024-09-18,12.48
2024-09-18,12.48
2024-09-18,12.48
2024-09-19,12.48
2024-09-19,12.48
2024-09-19,12.48
2024-09-19,12.48
2024-09-19,12.5
2024-09-20,12.5
2024-09-20,12.5
2024-09-20,12.5
2024-09-20,12.5
2024-09-20,12.5
2024-09-24,12.5
2024-09-24,12.5
2024-09-24,12.5
2024-09-24,12.5
2024-09-24,12.5
2024-09-25,12.5
2024-09-25,12.5
2024-09-25,12.5
2024-09-25,12.5
2024-09-25,12.5
2024-09-26,12.5
2024-09-26,12.5
2024-09-26,12.5
2024-09-26,12.5
2024-09-26,12.15
2024-09-27,12.15
2024-09-27,12.15
2024-09-27,12.15
2024-09-27,12.15
2024-09-27,12.15
2024-09-30,12.15
2024-09-30,12.15
2024-09-30,12.15
2024-09-30,12.15
2024-09-30,12.15
2024-10-01,12.15
2024-10-01,12.15
2024-10-01,12.15
2024-10-01,12.15
2024-10-01,12.5
2024-10-02,12.5
2024-10-02,12.5
2024-10-02,12.5
2024-10-02,12.5
2024-10-02,12.5
2024-10-03,12.5
2024-10-03,12.5
2024-10-03,12.5
2024-10-03,12.5
2024-10-03,12.5
2024-10-04,12.5
2024-10-04,12.5
2024-10-04,12.5
2024-10-04,12.5
2024-10-04,12.5
2024-10-07,12.5
2024-10-07,12.5
2024-10-07,12.5
2024-10-07,12.5
2024-10-07,12.46
2024-10-08,12.46
2024-10-08,12.46
2024-10-08,12.46
2024-10-08,12.46
2024-10-08,12.2
2024-10-09,12.2
2024-10-09,12.2
2024-10-09,12.2
2024-10-09,12.2
2024-10-09,12.2
2024-10-10,12.2
2024-10-10,12.2
2024-10-10,12.2
2024-10-10,12.2
2024-10-10,12.2
2024-10-11,12.2
2024-10-11,12.2
2024-10-11,12.2
2024-10-11,12.2
2024-10-11,12.2
2024-10-14,12.2
2024-10-14,12.2
2024-10-14,12.2
2024-10-14,12.2
2024-10-14,12.2
2024-10-15,12.2
2024-10-15,12.2
2024-10-15,12.2
2024-10-15,12.2
2024-10-15,12.2
2024-10-16,12.2
2024-10-16,12.2
2024-10-16,12.2
2024-10-16,12.2
2024-10-16,12.2
2024-10-17,12.2
2024-10-17,12.2
2024-10-17,12.2
2024-10-17,12.2
2024-10-17,12.2
2024-10-18,12.2
2024-10-18,12.2
2024-10-18,12.2
2024-10-18,12.2
2024-10-18,12.2
2024-10-21,12.2
2024-10-21,12.2
2024-10-21,12.2
2024-10-21,12.2
2024-10-21,12.2
2024-10-22,12.2
2024-10-22,12.2
2024-10-22,12.2
2024-10-22,12.2
2024-10-22,12.2
2024-10-23,12.2
2024-10-23,12.2
2024-10-23,12.2
2024-10-23,12.2
2024-10-23,12.2
2024-10-24,12.2
2024-10-24,12.2
2024-10-24,12.2
2024-10-24,12.2
2024-10-24,12
2024-10-25,12
2024-10-25,12
2024-10-25,12
2024-10-25,12
2024-10-25,12.2
2024-10-28,12.2
2024-10-28,12.2
2024-10-28,12.2
2024-10-28,12.2
2024-10-28,12.2
2024-10-29,12.2
2024-10-29,12.2
2024-10-29,12.2
2024-10-29,12.2
2024-10-29,12.2
2024-10-30,12.2
2024-10-30,12.2
2024-10-30,12.2
2024-10-30,12.2
2024-10-30,12.2
2024-10-31,12.2
2024-10-31,12.2
2024-10-31,12.2
2024-10-31,12.2
2024-10-31,12.2
2024-11-04,12.2
2024-11-04,12.2
2024-11-04,12.2
2024-11-04,12.2
2024-11-04,12.2
2024-11-05,12.2
2024-11-05,12.2
2024-11-05,12.2
2024-11-05,12.2
2024-11-05,12.2
2024-11-06,12.2
2024-11-06,12.2
2024-11-06,12.2
2024-11-06,12.2
2024-11-06,12.2
2024-11-07,12.2
2024-11-07,12.2
2024-11-07,12.2
2024-11-07,12.2
2024-11-07,12.2
2024-11-08,12.2
2024-11-08,12.2
2024-11-08,12.2
2024-11-08,12.2
2024-11-08,12.2
2024-11-12,12.2
2024-11-12,12.2
2024-11-12,12.2
2024-11-12,12.2
2024-11-12,12.2
2024-11-13,12.2
2024-11-13,12.2
2024-11-13,12.2
2024-11-13,12.2
2024-11-13,12.2
2024-11-14,12.2
2024-11-14,12.2
2024-11-14,12.2
2024-11-14,12.2
2024-11-14,12.2
2024-11-15,12.2
2024-11-15,12.2
2024-11-15,12.2
2024-11-15,12.2
2024-11-15,12.2
2024-11-18,12.2
2024-11-18,12.2
2024-11-18,12.2
2024-11-18,12.2
2024-11-18,12.2
2024-11-19,12.2
2024-11-19,12.2
2024-11-19,12.2
2024-11-19,12.2
2024-11-19,12.2
2024-11-20,12.2
2024-11-20,12.2
2024-11-20,12.2
2024-11-20,12.2
2024-11-20,12.2
2024-11-21,12.2
2024-11-21,12.2
2024-11-21,12.2
2024-11-21,12.2
2024-11-21,12.01
2024-11-22,12.01
2024-11-22,12.01
2024-11-22,12.01
2024-11-22,12.01
2024-11-22,12.01
2024-11-25,12.01
2024-11-25,12.01
2024-11-25,12.01
2024-11-25,12.01
2024-11-25,12.01
2024-11-26,12.01
2024-11-26,12.01
2024-11-26,12.01
2024-11-26,12.01
2024-11-26,12.01
2024-11-27,12.01
2024-11-27,12.01
2024-11-27,12.01
2024-11-27,12.01
2024-11-27,12.01
2024-11-28,12.01
2024-11-28,12.01
2024-11-28,12.01
2024-11-28,12.01
2024-11-28,12.01
2024-11-29,12.01
2024-11-29,12.01
2024-11-29,12.01
2024-11-29,12.01
2024-11-29,12.01
2024-12-02,12.01
2024-12-02,12.01
2024-12-02,12.01
2024-12-02,12.01
2024-12-02,12.01
2024-12-03,12.01
2024-12-03,12.01
2024-12-03,12.01
2024-12-03,12.01
2024-12-03,12.01
2024-12-04,12.01
2024-12-04,12.01
2024-12-04,12.01
2024-12-04,12.01
2024-12-04,12.01
2024-12-05,12.01
2024-12-05,12.01
2024-12-05,12.01
2024-12-05,12.01
2024-12-05,12.01
2024-12-06,12.01
2024-12-06,12.01
2024-12-06,12.01
2024-12-06,12.01
2024-12-06,12.01
2024-12-09,12.01
2024-12-09,12.01
2024-12-09,12.01
2024-12-09,12.01
2024-12-09,12.01
2024-12-10,12.01
2024-12-10,12.01
2024-12-10,12.01
2024-12-10,12.01
2024-12-10,12.01
2024-12-11,12.01
2024-12-11,12.01
2024-12-11,12.01
2024-12-11,12.01
2024-12-11,12.01
2024-12-12,12.01
2024-12-12,12.01
2024-12-12,12.01
2024-12-12,12.01
2024-12-12,12.01
2024-12-13,12.01
2024-12-13,12.01
2024-12-13,12.01
2024-12-13,12.01
2024-12-13,12.01
2024-12-16,12.01
2024-12-16,12.01
2024-12-16,12.01
2024-12-16,12.01
2024-12-16,12.01
2024-12-18,12.01
2024-12-18,12.01
2024-12-18,12.01
2024-12-18,12.01
2024-12-18,12.01
2024-12-19,12.01
2024-12-19,12.01
2024-12-19,12.01
2024-12-19,12.01
2024-12-19,12.01
2024-12-20,12.01
2024-12-20,12.01
2024-12-20,12.01
2024-12-20,12.01
2024-12-20,12.01
2024-12-23,12.01
2024-12-23,12.01
2024-12-23,12.01
2024-12-23,12.01
2024-12-23,12.01
2024-12-24,12.01
2024-12-24,12.01
2024-12-24,12.01
2024-12-24,12.01
2024-12-24,12.01
2024-12-25,12.01
2024-12-25,12.01
2024-12-25,12.01
2024-12-25,12.01
2024-12-25,12.01
2024-12-26,12.01
2024-12-26,12.01
2024-12-26,12.01
2024-12-26,12.01
2024-12-26,12.01
2024-12-27,12.01
2024-12-27,12.01
2024-12-27,12.01
2024-12-27,12.01
2024-12-27,12.01
2024-12-30,12.01
2024-12-30,12.01
2024-12-30,12.01
2024-12-30,12.01
2024-12-30,12.01
2024-12-31,12.01
2024-12-31,12.01
2024-12-31,12.01
2024-12-31,12.01
2024-12-31,12.03
2025-01-01,12.03
2025-01-01,12.03
2025-01-01,12.03
2025-01-01,12.03
2025-01-01,12.03
2025-01-03,12.03
2025-01-03,12.03
2025-01-03,12.03
2025-01-03,12.03
2025-01-03,12.03
2025-01-06,12.03
2025-01-06,12.03
2025-01-06,12.03
2025-01-06,12.03
2025-01-06,12.03
2025-01-07,12.03
2025-01-07,12.03
2025-01-07,12.03
2025-01-07,12.03
2025-01-07,12.03
2025-01-08,12.03
2025-01-08,12.03
2025-01-08,12.03
2025-01-08,12.03
2025-01-08,12.03
2025-01-09,12.03
2025-01-09,12.03
2025-01-09,12.03
2025-01-09,12.03
2025-01-09,12.03
2025-01-10,12.03
2025-01-10,12.03
2025-01-10,12.03
2025-01-10,12.03
2025-01-10,13.41
2025-01-13,13.41
2025-01-13,13.41
2025-01-13,13.41
2025-01-13,13.41
2025-01-13,13.41
2025-01-14,13.41
2025-01-14,13.41
2025-01-14,13.41
2025-01-14,13.41
2025-01-14,13.41
2025-01-15,13.41
2025-01-15,13.41
2025-01-15,13.41
2025-01-15,13.41
2025-01-15,13.41
2025-01-16,13.41
2025-01-16,13.41
2025-01-16,13.41
2025-01-16,13.41
2025-01-16,13.41
2025-01-17,13.41
2025-01-17,13.41
2025-01-17,13.41
2025-01-17,13.41
2025-01-17,13
2025-01-20,13
2025-01-20,13
2025-01-20,13
2025-01-20,13
2025-01-20,13
2025-01-21,13
2025-01-21,13
2025-01-21,13
2025-01-21,13
2025-01-21,13
2025-01-22,13
2025-01-22,13
2025-01-22,13
2025-01-22,13
2025-01-22,13.5
2025-01-23,13.5
2025-01-23,13.5
2025-01-23,13.5
2025-01-23,13.5
2025-01-23,13.5
2025-01-24,13.5
2025-01-24,13.5
2025-01-24,13.5
2025-01-24,13.5
2025-01-27,13.5
2025-01-27,13.5
2025-01-27,13.5
2025-01-27,13.5
2025-01-27,13.5
2025-01-28,13.5
2025-01-28,13.5
2025-01-28,13.5
2025-01-28,13.5
2025-01-28,13.5
2025-01-29,13.5
2025-01-29,13.5
2025-01-29,13.5
2025-01-29,13.5
2025-01-29,13.5
2025-01-31,13.5
2025-01-31,13.5
2025-01-31,13.5
2025-01-31,13.5
2025-01-31,13.5
2025-02-03,13.5
2025-02-03,13.5
2025-02-03,13.5
2025-02-03,13.5
2025-02-03,13.5
2025-02-04,13.5
2025-02-04,13.5
2025-02-04,13.5
2025-02-04,13.5
2025-02-04,13.5
2025-02-05,13.5
2025-02-05,13.5
2025-02-05,13.5
2025-02-05,13.5
2025-02-05,13.5
2025-02-06,13.5
2025-02-06,13.5
2025-02-06,13.5
2025-02-06,13.5
2025-02-06,13.5
2025-02-07,13.5
2025-02-07,13.5
2025-02-07,13.5
2025-02-07,13.5
2025-02-07,13.5
2025-02-10,13.5
2025-02-10,13.5
2025-02-10,13.5
2025-02-10,13.5
2025-02-10,13.5
2025-02-11,13.5
2025-02-11,13.5
2025-02-11,13.5
2025-02-11,13.5
2025-02-11,13.5
2025-02-12,13.5
2025-02-12,13.5
2025-02-12,13.5
2025-02-12,13.5
2025-02-12,13.5
2025-02-13,13.5
2025-02-13,13.5
2025-02-13,13.5
2025-02-13,13.5
2025-02-13,13.5
2025-02-14,13.5
2025-02-14,13.5
2025-02-14,13.5
2025-02-14,13.5
2025-02-14,13.5
2025-02-17,13.5
2025-02-17,13.5
2025-02-17,13.5
2025-02-17,13.5
2025-02-17,13.5
2025-02-18,13.5
2025-02-18,13.5
2025-02-18,13.5
2025-02-18,13.5
2025-02-18,13.5
2025-02-19,13.5
2025-02-19,13.5
2025-02-19,13.5
2025-02-19,13.5
2025-02-19,13.5
2025-02-20,13.5
2025-02-20,13.5
2025-02-20,13.5
2025-02-20,13.5
2025-02-20,13.5
2025-02-24,13.5
2025-02-24,13.5
2025-02-24,13.5
2025-02-24,13.5
2025-02-24,13.5
2025-02-25,13.5
2025-02-25,13.5
2025-02-25,13.5
2025-02-25,13.5
2025-02-25,13.5
2025-02-26,13.5
2025-02-26,13.5
2025-02-26,13.5
2025-02-26,13.5
2025-02-26,13.5
2025-02-27,13.5
2025-02-27,13.5
2025-02-27,13.5
2025-02-27,13.5
2025-02-27,13.5
2025-03-03,13.5
2025-03-03,13.5
2025-03-03,13.5
2025-03-03,13.5
2025-03-03,13.5
2025-03-04,13.5
2025-03-04,13.5
2025-03-04,13.5
2025-03-04,13.5
2025-03-04,13.5
2025-03-05,13.5
2025-03-05,13.5
2025-03-05,13.5
2025-03-05,13.5
2025-03-05,13.5
2025-03-06,13.5
2025-03-06,13.5
2025-03-06,13.5
2025-03-06,13.5
2025-03-06,13.5
2025-03-07,13.5
2025-03-07,13.5
2025-03-07,13.5
2025-03-07,13.5
2025-03-07,13.5
2025-03-10,13.5
2025-03-10,13.5
2025-03-10,13.5
2025-03-10,13.5
2025-03-10,13.5
2025-03-11,13.5
2025-03-11,13.5
2025-03-11,13.5
2025-03-11,13.5
2025-03-11,13.5
2025-03-12,13.5
2025-03-12,13.5
2025-03-12,13.5
2025-03-12,13.5
2025-03-12,14
2025-03-13,14
2025-03-13,14
2025-03-13,14
2025-03-13,14
2025-03-13,14.5
2025-03-14,14.5
2025-03-14,14.5
2025-03-14,14.5
2025-03-14,14.5
2025-03-14,14.5
2025-03-17,14.5
2025-03-17,14.5
2025-03-17,14.5
2025-03-17,14.5
2025-03-17,14.5
2025-03-18,14.5
2025-03-18,14.5
2025-03-18,14.5
2025-03-18,14.5
2025-03-18,14.5
2025-03-19,14.5
2025-03-19,14.5
2025-03-19,14.5
2025-03-19,14.5
2025-03-19,14.5
2025-03-20,14.5
2025-03-20,14.5
2025-03-20,14.5
2025-03-20,14.5
2025-03-20,14.5
2025-03-21,14.5
2025-03-21,14.5
2025-03-21,14.5
2025-03-21,14.5
2025-03-21,14.5
2025-03-24,14.5
2025-03-24,14.5
2025-03-24,14.5
2025-03-24,14.5
2025-03-24,12.5
2025-03-25,12.5
2025-03-25,12.5
2025-03-26,12.5
2025-03-26,12.5
2025-03-26,12.5
2025-03-26,12.5
2025-03-26,12.5
2025-03-27,12.5
2025-03-27,12.5
2025-03-27,12.5
2025-03-27,12.5
2025-03-27,12.5
2025-03-28,12.5
2025-03-28,12.5
2025-03-28,12.5
2025-03-28,12.5
2025-03-28,12.5
2025-03-31,12.5
2025-03-31,12.5
2025-03-31,12.5
2025-03-31,12.5
2025-03-31,12.5
2025-04-01,12.5
2025-04-01,12.5
2025-04-01,12.5
2025-04-01,12.5
2025-04-01,12.5
2025-04-02,12.5
2025-04-02,12.5
2025-04-02,12.5
2025-04-02,12.5
2025-04-02,12.5
2025-04-03,12.5
2025-04-03,12.5
2025-04-03,12.5
2025-04-03,12.5
2025-04-03,12.54
2025-04-04,12.54
2025-04-04,12.54
2025-04-04,12.54
2025-04-04,12.54
2025-04-04,12.5
2025-04-07,12.5
2025-04-07,12.5
2025-04-07,12.5
2025-04-07,12.5
2025-04-07,12.5
2025-04-08,12.5
2025-04-08,12.5
2025-04-08,12.5
2025-04-08,12.5
2025-04-08,12.5
2025-04-09,12.5
2025-04-09,12.5
2025-04-09,12.5
2025-04-09,12.5
2025-04-09,12.5
2025-04-10,12.5
2025-04-10,12.5
2025-04-10,12.5
2025-04-10,12.5
2025-04-10,12.5
2025-04-11,12.5
2025-04-11,12.5
2025-04-11,12.5
2025-04-11,12.5
2025-04-11,12.5
2025-04-14,12.5
2025-04-14,12.5
2025-04-14,12.5
2025-04-14,12.5
2025-04-14,12.5
2025-04-15,12.5
2025-04-15,12.5
2025-04-15,12.5
2025-04-15,12.5
2025-04-15,12.5
2025-04-16,12.5
2025-04-16,12.5
2025-04-16,12.5
2025-04-16,12.5
2025-04-16,12.5
2025-04-17,12.5
2025-04-17,12.5
2025-04-17,12.5
2025-04-17,12.5
2025-04-17,12.5
2025-04-18,12.5
2025-04-18,12.5
2025-04-18,12.5
2025-04-18,12.5
2025-04-18,12.5
2025-04-21,12.5
2025-04-21,12.5
2025-04-21,12.5
2025-04-21,12.5
2025-04-21,12.5
2025-04-22,12.5
2025-04-22,12.5
2025-04-22,12.5
2025-04-22,12.5
2025-04-22,12.5
2025-04-23,12.5
2025-04-23,12.5
2025-04-23,12.5
2025-04-23,12.5
2025-04-23,12.5
2025-04-24,12.5
2025-04-24,12.5
2025-04-24,12.5
2025-04-24,12.5
2025-04-24,12.5
2025-04-25,12.5
2025-04-25,12.5
2025-04-25,12.5
2025-04-25,12.5
2025-04-25,12.5
2025-04-28,12.5
2025-04-28,12.5
2025-04-28,12.5
2025-04-28,12.5
2025-04-28,12.5
2025-04-29,12.5
2025-04-29,12.5
2025-04-29,12.5
2025-04-29,12.5
2025-04-29,12.5
2025-04-30,12.5
2025-04-30,12.5
2025-04-30,12.5
2025-04-30,12.5
2025-04-30,12.5
2025-05-01,12.5
2025-05-01,12.5
2025-05-01,12.5
2025-05-01,12.5
2025-05-01,12.5
2025-05-05,12.5
2025-05-05,12.5
2025-05-05,12.5
2025-05-05,11.36
2025-05-06,11.36
2025-05-06,11.36
2025-05-06,11.36
2025-05-06,11.36
2025-05-08,11.36
2025-05-08,11.36
2025-05-08,11.36
2025-05-08,11.36
2025-05-09,11.36
2025-05-09,11.36
2025-05-09,11.36
2025-05-09,11.36
2025-05-09,11.36
2025-05-12,11.36
2025-05-12,11.36
2025-05-12,11.36
2025-05-12,11.36
2025-05-12,11.36
2025-05-13,11.36
2025-05-13,11.36
2025-05-13,11.36
2025-05-13,11.36
2025-05-13,11.36
2025-05-14,11.36
2025-05-14,11.36
2025-05-14,11.36
2025-05-14,11.36
2025-05-14,11.36
2025-05-15,11.36
2025-05-15,11.36
2025-05-15,11.36
2025-05-15,11.36
2025-05-15,11.36
2025-05-16,11.36
2025-05-16,11.36
2025-05-16,11.36
2025-05-16,11.36
2025-05-16,11.36
2025-05-19,11.36
2025-05-19,11.36
2025-05-19,11.36
2025-05-19,11.36
2025-05-19,11.36
2025-05-20,11.36
2025-05-20,11.36
2025-05-20,11.36
2025-05-20,11.36
2025-05-20,11.36
2025-05-21,11.36
2025-05-21,11.36
2025-05-21,11.36
2025-05-21,11.36
2025-05-21,11.36
2025-05-22,11.36
2025-05-22,11.36
2025-05-22,11.36
2025-05-22,11.36
2025-05-22,11.36
2025-05-23,11.36
2025-05-23,11.36
2025-05-23,11.36
2025-05-23,11.36
2025-05-23,11.36
2025-05-26,11.36
2025-05-26,11.36
2025-05-26,11.36
2025-05-26,11.36
2025-05-26,11.36
2025-05-27,11.36
2025-05-27,11.36
2025-05-27,11.36
2025-05-27,11.36
2025-05-27,11.36
2025-05-28,11.36
2025-05-28,11.36
2025-05-28,11.36
2025-05-28,11.36
2025-05-28,11.36
2025-05-29,11.36
2025-05-29,11.36
2025-05-29,11.36
2025-05-29,11.36
2025-05-29,11.36
2025-05-30,11.36
2025-05-30,11.36
2025-05-30,11.36
2025-05-30,11.36
2025-05-30,11.36
2025-06-02,11.36
2025-06-02,11.36
2025-06-02,11.36
2025-06-02,11.36
2025-06-02,11.36
2025-06-03,11.36
2025-06-03,11.36
2025-06-03,11.36
2025-06-03,11.36
2025-06-03,11.36
2025-06-04,11.36
2025-06-04,11.36
2025-06-04,11.36
2025-06-04,11.36
2025-06-04,11.36
2025-06-05,11.36
2025-06-05,11.36
2025-06-05,11.36
2025-06-05,11.36
2025-06-05,11.36
2025-06-06,11.36
2025-06-06,11.36
2025-06-06,11.36
2025-06-06,11.36
2025-06-06,11.36
2025-06-09,11.36
2025-06-09,11.36
2025-06-09,11.36
2025-06-09,11.36
2025-06-09,11.02
2025-06-10,11.02
2025-06-10,11.02
2025-06-10,11.02
2025-06-10,11.02
2025-06-10,11.02
2025-06-12,11.02
2025-06-12,11.02
2025-06-12,11.02
2025-06-12,11.02
2025-06-12,11.02
2025-06-13,11.02
2025-06-13,11.02
2025-06-13,11.02
2025-06-13,11.02
2025-06-13,11.02
2025-06-16,11.02
2025-06-16,11.02
2025-06-16,11.02
2025-06-16,11.02
2025-06-16,11.02
2025-06-17,11.02
2025-06-17,11.02
2025-06-17,11.02
2025-06-17,11.02
2025-06-17,11.02
2025-06-18,11.02
2025-06-18,11.02
2025-06-18,11.02
2025-06-18,11.02
2025-06-18,11.02
2025-06-19,11.02
2025-06-19,11.02
2025-06-19,11.02
2025-06-19,11.02
2025-06-19,11.02
2025-06-20,11.02
2025-06-20,11.02
2025-06-20,11.02
2025-06-20,11.02
2025-06-20,11.02
2025-06-23,11.02
2025-06-23,11.02
2025-06-23,11.02
2025-06-23,11.02
2025-06-23,11.02
2025-06-24,11.02
2025-06-24,11.02
2025-06-24,11.02
2025-06-24,11.02
2025-06-24,11.02
2025-06-25,11.02
2025-06-25,11.02
2025-06-25,11.02
2025-06-25,11.02
2025-06-25,11.02
2025-06-26,11.02
2025-06-26,11.02
2025-06-26,11.02
2025-06-26,11.02
2025-06-26,11.02
2025-06-27,11.02
2025-06-27,11.02
2025-06-27,11.02
2025-06-27,11.02
2025-06-27,11.02
2025-06-30,11.02
2025-06-30,11.02
2025-06-30,11.02
2025-06-30,11.02
2025-06-30,11.02
2025-07-01,11.02
2025-07-01,11.02
2025-07-01,11.02
2025-07-01,11.02
2025-07-01,11.02
2025-07-02,11.02
2025-07-02,11.02
2025-07-02,11.02
2025-07-02,11.02
2025-07-02,11.02
2025-07-03,11.02
2025-07-03,11.02
2025-07-03,11.02
2025-07-03,11.02
2025-07-03,11.02
2025-07-04,11.02
2025-07-04,11.02
2025-07-04,11.02
2025-07-04,11.02
2025-07-04,11.02
2025-07-07,11.02
2025-07-07,11.02
2025-07-07,11.02
2025-07-07,11.02
2025-07-07,10.95
2025-07-08,10.95
2025-07-08,10.95
2025-07-08,10.95
2025-07-08,10.95
2025-07-08,10.95
2025-07-09,10.95
2025-07-09,10.95
2025-07-09,10.95
2025-07-09,10.95
2025-07-09,10.95
2025-07-10,10.95
2025-07-10,10.95
2025-07-10,10.95
2025-07-10,10.95
2025-07-10,10.95
2025-07-11,10.95
2025-07-11,10.95
2025-07-11,10.95
2025-07-11,10.95
2025-07-11,10.95
2025-07-14,10.95
2025-07-14,10.95
2025-07-14,10.95
2025-07-14,10.95
2025-07-14,10.95
2025-07-15,10.95
2025-07-15,10.95
2025-07-15,10.95
2025-07-15,10.95
2025-07-15,10.95
2025-07-16,10.95
2025-07-16,10.95
2025-07-16,10.95
2025-07-16,10.95
2025-07-16,10.95
2025-07-17,10.95
2025-07-17,10.95
2025-07-17,10.95
2025-07-17,10.95
2025-07-17,10.5
2025-07-18,10.5
2025-07-18,10.5
2025-07-18,10.5
2025-07-18,10.5
2025-07-18,10.5
2025-07-21,10.5
2025-07-21,10.5
2025-07-21,10.5
2025-07-21,10.5
2025-07-21,10.2
2025-07-22,10.2
2025-07-22,10.2
2025-07-22,10.2
2025-07-22,10.2
2025-07-22,10.2
2025-07-23,10.2
2025-07-23,10.2
2025-07-23,10.2
2025-07-23,10.2
2025-07-23,10.2
2025-07-24,10.2
2025-07-24,10.2
2025-07-24,10.2
2025-07-24,10.2
2025-07-24,10.2
2025-07-25,10.2
2025-07-25,10.2
2025-07-25,10.2
2025-07-25,10.2
2025-07-25,10.2
2025-07-29,10.2
2025-07-29,10.2
2025-07-29,10.2
2025-07-29,10.2
2025-07-29,10.2
2025-07-30,10.2
2025-07-30,10.2
2025-07-30,10.2
2025-07-30,10.2
2025-07-30,10.2
2025-07-31,10.2
2025-07-31,10.2
2025-07-31,10.2
2025-07-31,10.2
2025-07-31,11.5
2025-08-01,11.5
2025-08-01,11.5
2025-08-01,11.5
2025-08-01,11.5
2025-08-01,11.5
2025-08-04,11.5
2025-08-04,11.5
2025-08-04,11.5
2025-08-04,11.5
2025-08-04,11.5
2025-08-05,11.5
2025-08-05,11.5
2025-08-05,11.5
2025-08-05,11.5
2025-08-05,11.5
2025-08-06,11.5
2025-08-06,11.5
2025-08-06,11.5
2025-08-06,11.5
2025-08-06,11.5
2025-08-07,11.5
2025-08-07,11.5
2025-08-07,11.5
2025-08-07,11.5
2025-08-07,11.5
2025-08-08,11.5
2025-08-08,11.5
2025-08-08,11.5
2025-08-08,11.5
2025-08-08,11.5
2025-08-11,11.5
2025-08-11,11.5
2025-08-11,11.5
2025-08-11,11.5
2025-08-11,11.5
2025-08-12,11.5
2025-08-12,11.5
2025-08-12,11.5
2025-08-12,11.5
2025-08-12,11.5
2025-08-13,11.5
2025-08-13,11.5
2025-08-13,11.5
2025-08-13,11.5
2025-08-13,11.5
2025-08-14,11.5
2025-08-14,11.5
2025-08-14,11.5
2025-08-14,11.5
2025-08-14,11.5
2025-08-15,11.5
2025-08-15,11.5
2025-08-15,11.5
2025-08-15,11.5
2025-08-15,11.5
2025-08-18,11.5
2025-08-18,11.5
2025-08-18,11.5
2025-08-18,11.5
2025-08-18,11.5
2025-08-19,11.5
2025-08-19,11.5
2025-08-19,11.5
2025-08-19,11.5
2025-08-19,11.5
2025-08-20,11.5
2025-08-20,11.5
2025-08-20,11.5
2025-08-20,11.5
2025-08-20,11.5
2025-08-21,11.5
2025-08-21,11.5
2025-08-21,11.5
2025-08-21,11.5
2025-08-21,11.5
2025-08-22,11.5
2025-08-22,11.5
2025-08-22,11.5
2025-08-22,11.5
2025-08-22,11.5
2025-08-25,11.5
2025-08-25,11.5
2025-08-25,11.5
2025-08-25,11.5
2025-08-25,11.5
2025-08-26,11.5
2025-08-26,11.5
2025-08-26,11.5
2025-08-26,11.5
2025-08-26,11.5
2025-08-27,11.5
2025-08-27,11.5
2025-08-27,11.5
2025-08-27,11.5
2025-08-27,11.5
2025-08-28,11.5
2025-08-28,11.5
2025-08-28,11.5
2025-08-28,11.5
2025-08-28,11.5
2025-08-29,11.5
2025-08-29,11.5
2025-08-29,11.5
2025-08-29,11.5
2025-08-29,11.5
2025-09-01,11.5
2025-09-01,11.5
2025-09-01,11.5
2025-09-01,11.5
2025-09-01,11.5
2025-09-02,11.5
2025-09-02,11.5
2025-09-02,11.5
2025-09-02,11.5
2025-09-02,11.5
2025-09-03,11.5
2025-09-03,11.5
2025-09-03,11.5
2025-09-03,11.5
2025-09-03,11.5
2025-09-04,11.5
2025-09-04,11.5
2025-09-04,11.5
2025-09-04,11.5
2025-09-04,11.5
2025-09-05,11.5
2025-09-05,11.5
2025-09-05,11.5
2025-09-05,11.5
2025-09-05,11.5
2025-09-08,11.5
2025-09-08,11.5
2025-09-08,11.5
2025-09-08,11.5
2025-09-08,11.5
2025-09-09,11.5
2025-09-09,11.5
2025-09-09,11.5
2025-09-09,11.5
2025-09-09,11.5
2025-09-10,11.5
2025-09-10,11.5
2025-09-10,11.5
2025-09-10,11.5
2025-09-10,11.5
2025-09-11,11.5
2025-09-11,11.5
2025-09-11,11.5
2025-09-11,11.5
2025-09-11,11.5
2025-09-12,11.5
2025-09-12,11.5
2025-09-12,11.5
2025-09-12,11.5
2025-09-12,11.5
2025-09-15,11.5
2025-09-15,11.5
2025-09-15,11.5
2025-09-15,11.5
2025-09-15,11.5
2025-09-16,11.5
2025-09-16,11.5
2025-09-16,11.5
2025-09-16,11.5
2025-09-16,11.5
2025-09-17,11.5
2025-09-17,11.5
2025-09-17,11.5
2025-09-17,11.5
2025-09-17,11.5
2025-09-18,11.5
2025-09-18,11.5
2025-09-18,11.5
2025-09-18,11.5
2025-09-18,11.51
2025-09-19,11.51
2025-09-19,11.51
2025-09-19,11.51
2025-09-19,11.51
2025-09-19,11.51
2025-09-22,11.51
2025-09-22,11.51
2025-09-22,11.51
2025-09-22,11.51
2025-09-22,11.51
2025-09-24,11.51
2025-09-24,11.51
2025-09-24,11.51
2025-09-24,11.5
2025-09-25,11.5
2025-09-25,11.5
2025-09-25,11.5
2025-09-25,11.5
2025-09-25,11.5
2025-09-26,11.5
2025-09-26,11.5
2025-09-26,11.5
2025-09-26,11.5
2025-09-26,11.5
2025-09-29,11.5
2025-09-29,11.5
2025-09-29,11.5
2025-09-29,11.5
2025-09-29,11.5
2025-09-30,11.5
2025-09-30,11.5
2025-09-30,11.5
2025-09-30,11.5
2025-09-30,11.5
2025-10-01,11.5
2025-10-01,11.5
2025-10-01,11.5
2025-10-01,11.5
2025-10-01,11.5
2025-10-06,11.5
2025-10-06,11.5
2025-10-06,11.5
2025-10-06,11.5
2025-10-06,11.5
2025-10-07,11.5
2025-10-07,11.5
2025-10-07,11.5
2025-10-07,11.5
2025-10-07,11.5
2025-10-08,11.5
2025-10-08,11.5
2025-10-08,11.5
2025-10-08,11.5
2025-10-08,11.5
2025-10-09,11.5
2025-10-09,11.5
2025-10-09,11.5
2025-10-09,11.5
2025-10-09,11.5
2025-10-10,11.5
2025-10-10,11.5
2025-10-10,11.5
2025-10-10,11.5
2025-10-10,11.44
2025-10-13,11.44
2025-10-13,11.44
2025-10-13,11.44
2025-10-13,11.44
2025-10-13,11.44
2025-10-14,11.44
2025-10-14,11.44
2025-10-14,11.44
2025-10-14,11.44
2025-10-14,10.25
2025-10-15,10.25
2025-10-15,10.25
2025-10-15,10.25
2025-10-15,10.25
2025-10-15,10.25
2025-10-16,10.25
2025-10-16,10.25
2025-10-16,10.25
2025-10-16,10.25
2025-10-16,10.2
2025-10-17,10.2
2025-10-17,10.2
2025-10-17,10.2
2025-10-17,10.2
2025-10-17,10.2
2025-10-20,10.2
2025-10-20,10.2
2025-10-20,10.2
2025-10-20,10.2
2025-10-20,10.2
2025-10-21,10.2
2025-10-21,10.2
2025-10-21,10.2
2025-10-21,10.2
2025-10-21,10.2
2025-10-22,10.2
2025-10-22,10.2
2025-10-22,10.2
2025-10-22,10.2
2025-10-22,10.2
2025-10-23,10.2
2025-10-23,10.2
2025-10-23,10.2
2025-10-23,10.2
2025-10-23,10.2
2025-10-24,10.2
2025-10-24,10.2
2025-10-24,10.2
2025-10-24,10.2
2025-10-24,10.2
2025-10-27,10.2
2025-10-27,10.2
2025-10-27,10.2
2025-10-27,10.2
2025-10-27,10.2
2025-10-28,10.2
2025-10-28,10.2
2025-10-28,10.2
2025-10-28,10.2
2025-10-28,10.2
2025-10-29,10.2
2025-10-29,10.2
2025-10-29,10.2
2025-10-29,10.2
2025-10-29,10.2
2025-10-30,10.2
2025-10-30,10.2
2025-10-30,10.2
2025-10-30,10.2
2025-10-30,10.2
2025-10-31,10.2
2025-10-31,10.2
2025-10-31,10.2
2025-10-31,10.2
2025-10-31,10.2
2025-11-03,10.2
2025-11-03,10.2
2025-11-03,10.2
2025-11-03,10.2
2025-11-03,10.2
2025-11-04,10.2
2025-11-04,10.2
2025-11-04,10.2
2025-11-04,10.2
2025-11-04,10.2
2025-11-05,10.2
2025-11-05,10.2
2025-11-05,10.2
2025-11-05,10.2
2025-11-05,10.2
2025-11-06,10.2
2025-11-06,10.2
2025-11-06,10.2
2025-11-06,10.2
2025-11-06,10.2
2025-11-07,10.2
2025-11-07,10.2
2025-11-07,10.2
2025-11-07,10.2
2025-11-07,10.2
2025-11-10,10.2
2025-11-10,10.2
2025-11-10,10.2
2025-11-10,10.2
2025-11-10,10.2
2025-11-17,10.2
2025-11-17,10.2
2025-11-17,10.2
2025-11-17,10.2
2025-11-17,10.2
2025-11-18,10.2
2025-11-18,10.2
2025-11-18,10.2
2025-11-18,10.2
2025-11-18,10.2
2025-11-19,10.2
2025-11-19,10.2
2025-11-19,10.2
2025-11-19,10.2
2025-11-19,10.2
2025-11-20,10.2
2025-11-20,10.2
2025-11-20,10.2
2025-11-20,10.2
2025-11-20,10.2
2025-11-21,10.2
2025-11-21,10.2
2025-11-21,10.2
2025-11-21,10.2
2025-11-21,10.2
2025-11-24,10.2
2025-11-24,10.2
2025-11-24,10.2
2025-11-24,10.2
2025-11-24,10.2
2025-11-25,10.2
2025-11-25,10.2
2025-11-25,10.2
2025-11-25,10.2
2025-11-25,10.2
2025-11-26,10.2
2025-11-26,10.2
2025-11-26,10.2
2025-11-26,10.2
2025-11-26,10.2
2025-11-27,10.2
2025-11-27,10.2
2025-11-27,10.2
2025-11-27,10.2
2025-11-27,10.2
2025-11-28,10.2
2025-11-28,10.2
2025-11-28,10.2
2025-11-28,10.2
2025-11-28,10.2
2025-12-01,10.2
2025-12-01,10.2
2025-12-01,10.2
2025-12-01,10.2
2025-12-01,10.2
2025-12-02,10.2
2025-12-02,10.2
2025-12-02,10.2
2025-12-02,10.2
2025-12-02,10.2
2025-12-03,10.2
2025-12-03,10.2
2025-12-03,10.2
2025-12-03,10.2
2025-12-03,10.2
2025-12-04,10.2
2025-12-04,10.2
2025-12-04,10.2
2025-12-04,10.2
2025-12-04,10.2
2025-12-05,10.2
2025-12-05,10.2
2025-12-05,10.2
2025-12-05,10.2
2025-12-05,10.2
2025-12-08,10.2
2025-12-08,10.2
2025-12-08,10.2
2025-12-08,10.2
2025-12-08,10.2
2025-12-09,10.2
2025-12-09,10.2
2025-12-09,10.2
2025-12-09,10.2
2025-12-09,10.2
2025-12-10,10.2
2025-12-10,10.2
2025-12-10,10.2
2025-12-10,10.2
2025-12-10,10.2
2025-12-11,10.2
2025-12-11,10.2
2025-12-11,10.2
2025-12-11,10.2
2025-12-11,10.2
2025-12-12,10.2
2025-12-12,10.2
2025-12-12,10.2
2025-12-12,10.2
2025-12-12,10.2
2025-12-15,10.2
2025-12-15,10.2
2025-12-15,10.2
2025-12-15,10.2
2025-12-15,10.2
2025-12-16,10.2
2025-12-16,10.2
2025-12-16,10.2
2025-12-16,10.2
2025-12-16,10.2
2025-12-18,10.2
2025-12-18,10.2
2025-12-18,10.2
2025-12-18,10.2
2025-12-18,10.2
2025-12-19,10.2
2025-12-19,10.2
2025-12-19,10.2
2025-12-19,10.2
2025-12-19,10.2
2025-12-22,10.2
2025-12-22,10.2
2025-12-22,10.2
2025-12-22,10.2
2025-12-22,10.2
2025-12-23,10.2
2025-12-23,10.2
2025-12-23,10.2
2025-12-23,10.2
2025-12-23,10.2
2025-12-24,10.2
2025-12-24,10.2
2025-12-24,10.2
2025-12-24,10.2
2025-12-24,10.2
2025-12-25,10.2
2025-12-25,10.2
2025-12-25,10.2
2025-12-25,10.2
2025-12-25,10.2
2025-12-26,10.2
2025-12-26,10.2
2025-12-26,10.2
2025-12-26,10.2
2025-12-26,10.21
2025-12-29,10.21
2025-12-29,10.21
2025-12-29,10.21
2025-12-29,10.21
2025-12-29,10.2
2025-12-30,10.2
2025-12-30,10.2
2025-12-30,10.2
2025-12-30,10.2
2025-12-30,10.2
2025-12-31,10.2
2025-12-31,10.2
2025-12-31,10.2
2025-12-31,10.2
2025-12-31,10.2
2026-01-01,10.2
2026-01-01,10.2
2026-01-01,10.2
2026-01-01,10.2
2026-01-01,10.2
2026-01-05,10.2
2026-01-05,10.2
2026-01-05,10.2
2026-01-05,10.2
2026-01-05,10.2
2026-01-06,10.2
2026-01-06,10.2
2026-01-06,10.2
2026-01-06,10.2
2026-01-06,10.2
2026-01-07,10.2
2026-01-07,10.2
2026-01-07,10.2
2026-01-07,10.2
2026-01-07,10.2
2026-01-08,10.2
2026-01-08,10.2
2026-01-08,10.2
2026-01-08,10.2
2026-01-08,10.2
2026-01-09,10.2
2026-01-09,10.2
2026-01-09,10.2
2026-01-09,10.2
2026-01-09,10.2
2026-01-12,10.2
2026-01-12,10.2
2026-01-12,10.2
2026-01-12,10.2
2026-01-12,10.2
2026-01-13,10.2
2026-01-13,10.2
2026-01-13,10.2
2026-01-13,10.2
2026-01-13,10.2
2026-01-14,10.2
2026-01-14,10.2
2026-01-14,10.2
2026-01-14,10.2
2026-01-14,10.2
2026-01-15,10.2
2026-01-15,10.2
2026-01-15,10.2
2026-01-15,10.2
2026-01-15,9.78
2026-01-16,9.78
2026-01-16,9.78
2026-01-16,9.78
2026-01-16,9.78
2026-01-16,9.78
2026-01-20,9.78
2026-01-20,9.78
2026-01-20,9.78
2026-01-20,9.78
2026-01-20,9.78
2026-01-21,9.78
2026-01-21,9.78
2026-01-21,9.78
2026-01-21,9.78
2026-01-21,9.78
2026-01-22,9.78
2026-01-22,9.78
2026-01-22,9.78
2026-01-22,9.78
2026-01-22,9.78
2026-01-23,9.78
2026-01-23,9.78
2026-01-23,9.78
2026-01-23,9.78
2026-01-23,9.78
2026-01-26,9.78
2026-01-26,9.78
2026-01-26,9.78
2026-01-26,9.78
2026-01-26,9.78
2026-01-27,9.78
2026-01-27,9.78
2026-01-27,9.78
2026-01-27,9.78
2026-01-27,9.78
2026-01-28,9.78
2026-01-28,9.78
2026-01-28,9.78
2026-01-28,9.78
2026-01-28,9.78
2026-01-29,9.78
2026-01-29,9.78
2026-01-29,9.78
2026-01-29,9.78
2026-01-29,9.77
2026-01-30,9.77
2026-01-30,9.77
2026-01-30,9.77
2026-01-30,9.77
2026-01-30,9.77
2026-02-02,9.77
2026-02-02,9.77
2026-02-02,9.77
2026-02-02,9.77
2026-02-02,9.77
2026-02-03,9.77
2026-02-03,9.77
2026-02-03,9.77
2026-02-03,9.77
2026-02-03,9.77
2026-02-04,9.77
2026-02-04,9.77
2026-02-04,9.77
2026-02-04,9.77
2026-02-04,9.77
2026-02-05,9.77
2026-02-05,9.77
2026-02-05,9.77
2026-02-05,9.77
2026-02-05,9.77
2026-02-06,9.77
2026-02-06,9.77
2026-02-06,9.77
2026-02-06,9.77
2026-02-06,9.77
2026-02-09,9.77
2026-02-09,9.77
2026-02-09,9.77
2026-02-09,9.77
2026-02-09,9.77
2026-02-10,9.77
2026-02-10,9.77
2026-02-10,9.77
2026-02-10,9.77
2026-02-10,9.77
2026-02-11,9.77
2026-02-11,9.77
2026-02-11,9.77
2026-02-11,9.77
2026-02-11,9.77
2026-02-12,9.77
2026-02-12,9.77
2026-02-12,9.77
2026-02-12,9.77
2026-02-12,9.77
2026-02-13,9.77
2026-02-13,9.77
2026-02-13,9.77
2026-02-13,9.77
2026-02-13,9.77
2026-02-16,9.77
2026-02-16,9.77
2026-02-16,9.77
2026-02-16,9.77
2026-02-16,9.77
2026-02-17,9.77
2026-02-17,9.77
2026-02-17,9.77
2026-02-17,9.77
2026-02-17,9.77
2026-02-20,9.77
2026-02-20,9.77
2026-02-20,9.77
2026-02-20,9.77
2026-02-20,9.77
2026-02-24,9.77
2026-02-24,9.77
2026-02-24,9.77
2026-02-24,9.77
2026-02-24,9.77
2026-02-25,9.77
2026-02-25,9.77
2026-02-25,9.77
2026-02-25,9.77
2026-02-25,9.77
2026-02-26,9.77
2026-02-26,9.77
2026-02-26,9.77
2026-02-26,9.77
2026-02-26,9.77
2026-02-27,9.77
2026-02-27,9.77
2026-02-27,9.77
2026-02-27,9.77
2026-02-27,9.77
2026-03-02,9.77
2026-03-02,9.77
2026-03-02,9.77
2026-03-02,9.77
2026-03-02,9.77
2026-03-03,9.77
2026-03-03,9.77
2026-03-03,9.77
2026-03-03,9.77
2026-03-03,9.77
2026-03-04,9.77
2026-03-04,9.77
2026-03-04,9.77
2026-03-04,9.77
2026-03-04,9.77
2026-03-05,9.77
2026-03-05,9.77
2026-03-05,9.77
2026-03-05,9.77
2026-03-05,9.77
2026-03-06,9.77
2026-03-06,9.77
2026-03-06,9.77
2026-03-06,9.77
2026-03-06,9.77
2026-03-09,9.77
2026-03-09,9.77
2026-03-09,9.77
2026-03-09,9.77
2026-03-09,9.77
2026-03-10,9.77
2026-03-10,9.77
2026-03-10,9.77
2026-03-10,9.77
2026-03-10,9.77
2026-03-11,9.77
2026-03-11,9.77
2026-03-11,9.77
2026-03-11,9.77
2026-03-11,9.77
2026-03-12,9.77
2026-03-12,9.77
2026-03-12,9.77
2026-03-12,9.77
2026-03-12,9.77
2026-03-13,9.77
2026-03-13,9.77
2026-03-13,9.77
2026-03-13,9.77
2026-03-13,9.77
2026-03-16,9.77
2026-03-16,9.77
2026-03-16,9.77
2026-03-16,9.77
2026-03-16,9.77
2026-03-17,9.77
2026-03-17,9.77
2026-03-17,9.77
2026-03-17,9.77
2026-03-17,9.77
2026-03-18,9.77
2026-03-18,9.77
2026-03-18,9.77
2026-03-18,9.77
2026-03-18,9.77
2026-03-19,9.77
2026-03-19,9.77
2026-03-19,9.77
2026-03-19,9.77
2026-03-19,9.77
2026-03-20,9.77
2026-03-20,9.77
2026-03-20,9.77
2026-03-20,9.77
2026-03-20,9.77
2026-03-23,9.77
2026-03-23,9.77
2026-03-23,9.77
2026-03-23,9.77
2026-03-23,9.77
2026-03-24,9.77
2026-03-24,9.77
2026-03-24,9.77
2026-03-24,9.77
2026-03-24,9.77
2026-03-25,9.77
2026-03-25,9.77
2026-03-25,9.77
2026-03-25,9.77
2026-03-25,9.77
2026-03-26,9.77
2026-03-26,9.77
2026-03-26,9.77
2026-03-26,9.77
2026-03-26,9.77
2026-03-27,9.77
2026-03-27,9.77
2026-03-27,9.77
2026-03-27,9.77
2026-03-27,9.77
2026-03-30,9.77
2026-03-30,9.77
2026-03-30,9.77
2026-03-30,9.77
2026-03-30,9.77
2026-03-31,9.77
2026-03-31,9.77
2026-03-31,9.77
2026-03-31,9.77
2026-03-31,9.77
2026-04-01,9.77
2026-04-01,9.77
2026-04-01,9.77
2026-04-01,9.77
2026-04-01,9.77
2026-04-02,9.77
2026-04-02,9.77
2026-04-02,9.77
2026-04-02,9.77
2026-04-02,9.77
2026-04-03,9.77
2026-04-03,9.77
2026-04-03,9.77
2026-04-03,9.77
2026-04-06,9.77
2026-04-06,9.77
2026-04-06,9.77
2026-04-06,9.77
2026-04-06,9.77
2026-04-07,9.77
2026-04-07,9.77
2026-04-07,9.77
2026-04-07,9.77
2026-04-07,9.77
2026-04-08,9.77
2026-04-08,9.77
2026-04-08,9.77
2026-04-08,9.77
2026-04-08,9.77
2026-04-09,9.77
2026-04-09,9.77
2026-04-09,9.77
2026-04-09,9.77
2026-04-09,9.77
2026-04-10,9.77
2026-04-10,9.77
2026-04-10,9.77
2026-04-10,9.77
2026-04-10,9.77
2026-04-13,9.77
2026-04-13,9.77
2026-04-13,9.77
2026-04-13,9.77
2026-04-13,9.77
2026-04-14,9.77
2026-04-14,9.77
2026-04-14,9.77
2026-04-14,9.77
2026-04-14,9.77
2026-04-15,9.77
2026-04-15,9.77
2026-04-15,9.77
2026-04-15,9.77
2026-04-15,9.77
2026-04-16,9.77
2026-04-16,9.77
2026-04-16,9.77
2026-04-16,9.77
2026-04-16,9.77
2026-04-17,9.77
2026-04-17,9.77
2026-04-17,9.77
2026-04-17,9.77
2026-04-17,9.77
2026-04-20,9.77
2026-04-20,9.77
2026-04-20,9.77
2026-04-20,9.77
2026-04-20,9.77
2026-04-21,9.77
2026-04-21,9.77
2026-04-21,9.77
2026-04-21,9.77
2026-04-21,9.77
2026-04-22,9.77
2026-04-22,9.77
2026-04-22,9.77
2026-04-22,9.77
2026-04-22,9.77
2026-04-23,9.77
2026-04-23,9.77
2026-04-23,9.77
2026-04-23,9.77
2026-04-23,9.77
2026-04-24,9.77
2026-04-24,9.77
2026-04-24,9.77
2026-04-24,9.77
2026-04-24,9.77
2026-04-27,9
2026-04-27,9
2026-04-27,9
2026-04-27,9
2026-04-27,9
2026-04-28,9
2026-04-28,9
2026-04-28,9
2026-04-28,9
2026-04-28,9
2026-04-29,9
2026-04-29,9
2026-04-29,9
2026-04-29,9
2026-04-29,9
2026-04-30,9
2026-04-30,9
2026-04-30,9
2026-04-30,9
2026-04-30,9
2026-05-01,9
2026-05-01,9
2026-05-01,9
2026-05-01,9
2026-05-01,9
2026-05-04,9
2026-05-04,9
2026-05-04,9
2026-05-04,9
2026-05-04,9
2026-05-05,9
2026-05-05,9
2026-05-05,9
2026-05-05,9
2026-05-05,9
2026-05-06,9
2026-05-06,9
2026-05-06,9
2026-05-06,9
2026-05-06,9
2026-05-07,9
2026-05-07,9
2026-05-07,9
2026-05-07,9
2026-05-07,9
2026-05-08,9
2026-05-08,9
2026-05-08,9
2026-05-08,9
2026-05-08,9