Date,Close Price
2020-04-23,58.19
2020-04-23,58.19
2020-04-24,58.19
2020-04-24,58.19
2020-04-27,58.19
2020-04-27,58.19
2020-04-28,58.19
2020-04-28,58.19
2020-04-29,58.19
2020-04-29,58.19
2020-04-30,58.19
2020-04-30,58.19
2020-05-01,58.19
2020-05-01,58.19
2020-05-04,58.19
2020-05-04,58.19
2020-05-05,58.19
2020-05-05,58.19
2020-05-06,58.19
2020-05-06,58.19
2020-05-07,58.19
2020-05-07,58.19
2020-05-08,58.19
2020-05-08,58.19
2020-05-11,58.19
2020-05-11,58.19
2020-05-12,58.19
2020-05-12,58.19
2020-05-13,58.19
2020-05-13,58.19
2020-05-14,58.19
2020-05-14,58.19
2020-05-15,58.19
2020-05-15,58.19
2020-05-18,58.19
2020-05-18,58.19
2020-05-19,58.19
2020-05-19,58.19
2020-05-20,58.19
2020-05-20,58.19
2020-05-21,58.19
2020-05-21,58.19
2020-05-22,58.19
2020-05-22,58.19
2020-05-25,58.19
2020-05-25,58.19
2020-05-26,58.19
2020-05-26,58.19
2020-05-27,58.19
2020-05-27,58.19
2020-05-28,58.19
2020-05-28,58.19
2020-05-29,58.19
2020-05-29,58.19
2020-06-01,58.19
2020-06-01,58.19
2020-06-02,58.19
2020-06-02,58.19
2020-06-03,58.19
2020-06-03,58.19
2020-06-04,58.19
2020-06-04,58.19
2020-06-08,58.19
2020-06-08,58.19
2020-06-09,58.19
2020-06-09,58.19
2020-06-10,58.19
2020-06-10,58.19
2020-06-11,58.19
2020-06-11,58.19
2020-06-12,58.19
2020-06-12,58.19
2020-06-15,58.19
2020-06-15,58.19
2020-06-16,58.19
2020-06-16,58.19
2020-06-17,58.19
2020-06-17,58.19
2020-06-18,58.19
2020-06-18,58.19
2020-06-19,58.19
2020-06-19,58.19
2020-06-22,58.19
2020-06-22,58.19
2020-06-23,58.19
2020-06-23,58.19
2020-06-24,58.19
2020-06-24,58.19
2020-06-25,58.19
2020-06-25,58.19
2020-06-26,58.19
2020-06-26,58.19
2020-06-29,58.19
2020-06-29,58.19
2020-07-01,58.19
2020-07-01,58.19
2020-07-02,58.19
2020-07-02,58.19
2020-07-03,58.19
2020-07-03,58.19
2020-07-06,58.19
2020-07-06,58.19
2020-07-07,58.19
2020-07-07,58.19
2020-07-08,58.19
2020-07-08,58.19
2020-07-09,58.19
2020-07-09,58.19
2020-07-10,58.19
2020-07-10,58.19
2020-07-13,58.19
2020-07-13,58.19
2020-07-14,58.19
2020-07-14,58.19
2020-07-15,58.19
2020-07-15,58.19
2020-07-16,58.19
2020-07-16,58.19
2020-07-17,58.19
2020-07-17,58.19
2020-07-20,58.19
2020-07-20,58.19
2020-07-21,58.19
2020-07-21,58.19
2020-07-22,58.19
2020-07-22,58.19
2020-07-23,58.19
2020-07-23,58.19
2020-07-27,58.19
2020-07-27,58.19
2020-07-28,58.19
2020-07-28,58.19
2020-07-29,58.19
2020-07-29,58.19
2020-07-30,58.19
2020-07-30,58.19
2020-07-31,58.19
2020-07-31,58.19
2020-08-03,58.19
2020-08-03,58.19
2020-08-04,58.19
2020-08-04,58.19
2020-08-05,58.19
2020-08-05,58.19
2020-08-06,58.19
2020-08-06,58.19
2020-08-07,58.19
2020-08-07,58.19
2020-08-10,58.19
2020-08-10,58.19
2020-08-10,58.19
2020-08-10,58.19
2020-08-10,58.19
2020-08-11,58.19
2020-08-11,58.19
2020-08-11,58.19
2020-08-11,58.19
2020-08-11,58.19
2020-08-12,58.19
2020-08-12,58.19
2020-08-12,58.19
2020-08-12,58.19
2020-08-12,58.19
2020-08-13,58.19
2020-08-13,58.19
2020-08-13,58.19
2020-08-13,58.19
2020-08-13,58.19
2020-08-14,58.19
2020-08-14,58.19
2020-08-14,58.19
2020-08-14,58.19
2020-08-14,58.19
2020-08-17,58.19
2020-08-17,58.19
2020-08-17,58.19
2020-08-17,58.19
2020-08-17,58.19
2020-08-18,58.19
2020-08-18,58.19
2020-08-18,58.19
2020-08-18,58.19
2020-08-18,58.19
2020-08-19,58.19
2020-08-19,58.19
2020-08-19,58.19
2020-08-19,58.19
2020-08-19,58.19
2020-08-20,58.19
2020-08-20,58.19
2020-08-20,58.19
2020-08-20,58.19
2020-08-20,58.19
2020-08-21,58.19
2020-08-21,58.19
2020-08-21,58.19
2020-08-21,58.19
2020-08-21,58.19
2020-08-24,58.19
2020-08-24,58.19
2020-08-24,58.19
2020-08-24,58.19
2020-08-24,58.19
2020-08-25,58.19
2020-08-25,58.19
2020-08-25,58.19
2020-08-25,58.19
2020-08-25,58.19
2020-08-26,58.19
2020-08-26,58.19
2020-08-26,58.19
2020-08-26,58.19
2020-08-26,58.19
2020-08-27,58.19
2020-08-27,58.19
2020-08-27,58.19
2020-08-27,58.19
2020-08-27,58.19
2020-08-28,58.19
2020-08-28,58.19
2020-08-28,58.19
2020-08-28,58.19
2020-08-28,58.19
2020-08-31,58.19
2020-08-31,58.19
2020-08-31,58.19
2020-08-31,58.19
2020-08-31,58.19
2020-09-01,58.19
2020-09-01,58.19
2020-09-01,58.19
2020-09-01,58.19
2020-09-01,58.19
2020-09-02,58.19
2020-09-02,58.19
2020-09-02,58.19
2020-09-02,58.19
2020-09-02,58.19
2020-09-03,58.19
2020-09-03,58.19
2020-09-03,58.19
2020-09-03,58.19
2020-09-03,58.19
2020-09-04,58.19
2020-09-04,58.19
2020-09-04,58.19
2020-09-04,58.19
2020-09-04,58.19
2020-09-07,58.19
2020-09-07,58.19
2020-09-07,58.19
2020-09-07,58.19
2020-09-07,58.19
2020-09-08,58.19
2020-09-08,58.19
2020-09-08,58.19
2020-09-08,58.19
2020-09-08,58.19
2020-09-09,58.19
2020-09-09,58.19
2020-09-09,58.19
2020-09-09,58.19
2020-09-09,58.19
2020-09-10,58.19
2020-09-10,58.19
2020-09-10,58.19
2020-09-10,58.19
2020-09-10,58.19
2020-09-11,58.19
2020-09-11,58.19
2020-09-11,58.19
2020-09-11,58.19
2020-09-11,58.19
2020-09-14,58.19
2020-09-14,58.19
2020-09-14,58.19
2020-09-14,58.19
2020-09-14,58.19
2020-09-15,58.19
2020-09-15,58.19
2020-09-15,58.19
2020-09-15,58.19
2020-09-15,58.19
2020-09-16,58.19
2020-09-16,58.19
2020-09-16,58.19
2020-09-16,58.19
2020-09-16,58.19
2020-09-17,58.19
2020-09-17,58.19
2020-09-17,58.19
2020-09-17,58.19
2020-09-17,58.19
2020-09-18,58.19
2020-09-18,58.19
2020-09-18,58.19
2020-09-18,58.19
2020-09-18,58.19
2020-09-21,58.19
2020-09-21,58.19
2020-09-21,58.19
2020-09-21,58.19
2020-09-21,58.19
2020-09-24,58.19
2020-09-24,58.19
2020-09-24,58.19
2020-09-24,58.19
2020-09-24,58.19
2020-09-25,58.19
2020-09-25,58.19
2020-09-25,58.19
2020-09-25,58.19
2020-09-25,58.19
2020-09-29,58.19
2020-09-29,58.19
2020-09-29,58.19
2020-09-29,58.19
2020-09-29,58.19
2020-09-30,58.19
2020-09-30,58.19
2020-09-30,58.19
2020-09-30,58.19
2020-09-30,58.19
2020-10-01,58.19
2020-10-01,58.19
2020-10-01,58.19
2020-10-01,58.19
2020-10-01,58.19
2020-10-02,58.19
2020-10-02,58.19
2020-10-02,58.19
2020-10-02,58.19
2020-10-02,58.19
2020-10-05,58.19
2020-10-05,58.19
2020-10-05,58.19
2020-10-05,58.19
2020-10-05,58.19
2020-10-06,58.19
2020-10-06,58.19
2020-10-06,58.19
2020-10-06,58.19
2020-10-06,58.19
2020-10-07,48.02
2020-10-07,48.02
2020-10-07,48.02
2020-10-07,48.02
2020-10-07,48.02
2020-10-08,48.02
2020-10-08,48.02
2020-10-08,48.02
2020-10-08,48.02
2020-10-08,48.02
2020-10-09,48.02
2020-10-09,48.02
2020-10-09,48.02
2020-10-09,48.02
2020-10-09,48.02
2020-10-12,48.02
2020-10-12,48.02
2020-10-12,48.02
2020-10-12,48.02
2020-10-12,48.02
2020-10-13,48.02
2020-10-13,48.02
2020-10-13,48.02
2020-10-13,48.02
2020-10-13,48.02
2020-10-14,48.02
2020-10-14,48.02
2020-10-14,48.02
2020-10-14,48.02
2020-10-14,48.02
2020-10-15,48.02
2020-10-15,48.02
2020-10-15,48.02
2020-10-15,48.02
2020-10-15,48.02
2020-10-16,48.02
2020-10-16,48.02
2020-10-16,48.02
2020-10-16,48.02
2020-10-16,48.02
2020-10-19,48.02
2020-10-19,48.02
2020-10-19,48.02
2020-10-19,48.02
2020-10-19,48.02
2020-10-20,48.02
2020-10-20,48.02
2020-10-20,48.02
2020-10-20,48.02
2020-10-20,48.02
2020-10-21,48.02
2020-10-21,48.02
2020-10-21,48.02
2020-10-21,48.02
2020-10-21,48.02
2020-10-22,48.02
2020-10-22,48.02
2020-10-22,48.02
2020-10-22,48.02
2020-10-22,48.02
2020-10-23,48.02
2020-10-23,48.02
2020-10-23,48.02
2020-10-23,48.02
2020-10-23,48.02
2020-10-27,48.02
2020-10-27,48.02
2020-10-27,48.02
2020-10-27,48.02
2020-10-27,48.02
2020-10-28,48.02
2020-10-28,48.02
2020-10-28,48.02
2020-10-28,48.02
2020-10-28,48.02
2020-10-29,48.02
2020-10-29,48.02
2020-10-29,48.02
2020-10-29,48.02
2020-10-29,48.02
2020-10-30,48.02
2020-10-30,48.02
2020-10-30,48.02
2020-10-30,48.02
2020-10-30,48.02
2020-11-02,48.02
2020-11-02,48.02
2020-11-02,48.02
2020-11-02,48.02
2020-11-02,48.02
2020-11-03,48.02
2020-11-03,48.02
2020-11-03,48.02
2020-11-03,48.02
2020-11-03,48.02
2020-11-04,48.02
2020-11-04,48.02
2020-11-04,48.02
2020-11-04,48.02
2020-11-04,48.02
2020-11-05,48.02
2020-11-05,48.02
2020-11-05,48.02
2020-11-05,48.02
2020-11-05,48.02
2020-11-06,48.02
2020-11-06,48.02
2020-11-06,48.02
2020-11-06,48.02
2020-11-06,48.02
2020-11-09,48.02
2020-11-09,48.02
2020-11-09,48.02
2020-11-09,48.02
2020-11-09,48.02
2020-11-10,48.02
2020-11-10,48.02
2020-11-10,48.02
2020-11-10,48.02
2020-11-10,48.02
2020-11-12,48.02
2020-11-12,48.02
2020-11-12,48.02
2020-11-12,48.02
2020-11-12,48.02
2020-11-13,48.02
2020-11-13,48.02
2020-11-13,48.02
2020-11-13,48.02
2020-11-13,48.02
2020-11-16,48.02
2020-11-16,48.02
2020-11-16,48.02
2020-11-16,48.02
2020-11-16,48.02
2020-11-17,48.02
2020-11-17,48.02
2020-11-17,48.02
2020-11-17,48.02
2020-11-17,48.02
2020-11-18,48.02
2020-11-18,48.02
2020-11-18,48.02
2020-11-18,48.02
2020-11-18,48.02
2020-11-19,48.02
2020-11-19,48.02
2020-11-19,48.02
2020-11-19,48.02
2020-11-19,48.02
2020-11-20,72
2020-11-20,72
2020-11-20,48.02
2020-11-20,48.02
2020-11-20,48.02
2020-11-23,48.02
2020-11-23,48.02
2020-11-23,48.02
2020-11-23,48.02
2020-11-23,48.02
2020-11-24,48.02
2020-11-24,48.02
2020-11-24,48.02
2020-11-24,48.02
2020-11-24,48.02
2020-11-25,48.02
2020-11-25,48.02
2020-11-25,48.02
2020-11-25,48.02
2020-11-25,48.02
2020-11-26,48.02
2020-11-26,48.02
2020-11-26,48.02
2020-11-26,48.02
2020-11-26,48.02
2020-11-27,48.02
2020-11-27,48.02
2020-11-27,48.02
2020-11-27,48.02
2020-11-27,48.02
2020-11-30,48.02
2020-11-30,48.02
2020-11-30,48.02
2020-11-30,48.02
2020-11-30,48.02
2020-12-01,48.02
2020-12-01,48.02
2020-12-01,48.02
2020-12-01,48.02
2020-12-01,48.02
2020-12-02,48.02
2020-12-02,48.02
2020-12-02,48.02
2020-12-02,48.02
2020-12-02,48.02
2020-12-03,48.02
2020-12-03,48.02
2020-12-03,48.02
2020-12-03,48.02
2020-12-03,48.02
2020-12-04,48.02
2020-12-04,48.02
2020-12-04,48.02
2020-12-04,48.02
2020-12-04,48.02
2020-12-07,48.02
2020-12-07,48.02
2020-12-07,48.02
2020-12-07,48.02
2020-12-07,48.02
2020-12-08,48.02
2020-12-08,48.02
2020-12-08,48.02
2020-12-08,48.02
2020-12-08,48.02
2020-12-09,48.02
2020-12-09,48.02
2020-12-09,48.02
2020-12-09,48.02
2020-12-09,48.02
2020-12-10,48.02
2020-12-10,48.02
2020-12-10,48.02
2020-12-10,48.02
2020-12-10,48.02
2020-12-11,48.02
2020-12-11,48.02
2020-12-11,48.02
2020-12-11,48.02
2020-12-11,48.02
2020-12-14,48.02
2020-12-14,48.02
2020-12-14,48.02
2020-12-14,48.02
2020-12-14,48.02
2020-12-15,48.02
2020-12-15,48.02
2020-12-15,48.02
2020-12-15,48.02
2020-12-15,48.02
2020-12-16,48.02
2020-12-16,48.02
2020-12-16,48.02
2020-12-16,48.02
2020-12-16,48.02
2020-12-18,48.02
2020-12-18,48.02
2020-12-18,48.02
2020-12-18,48.02
2020-12-18,48.02
2020-12-21,48.02
2020-12-21,48.02
2020-12-21,48.02
2020-12-21,48.02
2020-12-21,48.02
2020-12-22,72
2020-12-22,72
2020-12-22,72
2020-12-23,48.02
2020-12-23,48.02
2020-12-23,48.02
2020-12-23,48.02
2020-12-24,48.02
2020-12-24,48.02
2020-12-24,48.02
2020-12-24,48.02
2020-12-24,48.02
2020-12-25,48.02
2020-12-25,48.02
2020-12-25,48.02
2020-12-25,48.02
2020-12-25,48.02
2020-12-28,48.02
2020-12-28,48.02
2020-12-28,48.02
2020-12-28,48.02
2020-12-28,48.02
2020-12-29,48.02
2020-12-29,48.02
2020-12-29,48.02
2020-12-29,48.02
2020-12-29,48.02
2020-12-30,48.02
2020-12-30,48.02
2020-12-30,48.02
2020-12-30,48.02
2020-12-30,48.02
2020-12-31,48.02
2020-12-31,48.02
2020-12-31,48.02
2020-12-31,48.02
2020-12-31,48.02
2021-01-01,48.02
2021-01-01,48.02
2021-01-01,48.02
2021-01-01,48.02
2021-01-01,48.02
2021-01-04,48.02
2021-01-04,48.02
2021-01-04,48.02
2021-01-04,48.02
2021-01-04,48.02
2021-01-05,48.02
2021-01-05,48.02
2021-01-05,48.02
2021-01-05,48.02
2021-01-05,48.02
2021-01-06,48.02
2021-01-06,48.02
2021-01-06,48.02
2021-01-06,48.02
2021-01-06,48.02
2021-01-07,48.02
2021-01-07,48.02
2021-01-07,48.02
2021-01-07,48.02
2021-01-07,48.02
2021-01-08,48.02
2021-01-08,48.02
2021-01-08,48.02
2021-01-08,48.02
2021-01-08,48.02
2021-01-11,48.02
2021-01-11,48.02
2021-01-11,48.02
2021-01-11,48.02
2021-01-11,48.02
2021-01-12,48.02
2021-01-12,48.02
2021-01-12,48.02
2021-01-12,48.02
2021-01-12,48.02
2021-01-13,48.02
2021-01-13,48.02
2021-01-13,48.02
2021-01-13,48.02
2021-01-13,48.02
2021-01-15,48.02
2021-01-15,48.02
2021-01-15,48.02
2021-01-15,48.02
2021-01-15,48.02
2021-01-18,48.02
2021-01-18,48.02
2021-01-18,48.02
2021-01-18,48.02
2021-01-18,48.02
2021-01-19,48.02
2021-01-19,48.02
2021-01-19,48.02
2021-01-19,48.02
2021-01-19,48.02
2021-01-20,48.02
2021-01-20,48.02
2021-01-20,48.02
2021-01-20,48.02
2021-01-20,48.02
2021-01-21,48.02
2021-01-21,48.02
2021-01-21,48.02
2021-01-21,48.02
2021-01-21,48.02
2021-01-22,48.02
2021-01-22,48.02
2021-01-22,48.02
2021-01-22,48.02
2021-01-22,48.02
2021-01-25,48.02
2021-01-25,48.02
2021-01-25,48.02
2021-01-25,48.02
2021-01-25,48.02
2021-01-26,48.02
2021-01-26,48.02
2021-01-26,48.02
2021-01-26,48.02
2021-01-26,48.02
2021-01-27,48.02
2021-01-27,48.02
2021-01-27,48.02
2021-01-27,48.02
2021-01-27,48.02
2021-01-28,48.02
2021-01-28,48.02
2021-01-28,48.02
2021-01-28,48.02
2021-01-28,48.02
2021-01-29,48.02
2021-01-29,48.02
2021-01-29,48.02
2021-01-29,48.02
2021-01-29,48.02
2021-02-01,48.02
2021-02-01,48.02
2021-02-01,48.02
2021-02-01,48.02
2021-02-01,48.02
2021-02-02,48.02
2021-02-02,48.02
2021-02-02,48.02
2021-02-02,48.02
2021-02-02,48.02
2021-02-03,48.02
2021-02-03,48.02
2021-02-03,48.02
2021-02-03,48.02
2021-02-03,48.02
2021-02-04,48.02
2021-02-04,48.02
2021-02-04,48.02
2021-02-04,48.02
2021-02-04,48.02
2021-02-05,48.02
2021-02-05,48.02
2021-02-05,48.02
2021-02-05,48.02
2021-02-05,48.02
2021-02-08,48.02
2021-02-08,48.02
2021-02-08,48.02
2021-02-08,48.02
2021-02-08,48.02
2021-02-09,48.02
2021-02-09,48.02
2021-02-09,48.02
2021-02-09,48.02
2021-02-09,48.02
2021-02-10,48.02
2021-02-10,48.02
2021-02-10,48.02
2021-02-10,48.02
2021-02-10,48.02
2021-02-11,48.02
2021-02-11,48.02
2021-02-11,48.02
2021-02-11,48.02
2021-02-11,48.02
2021-02-15,48.02
2021-02-15,48.02
2021-02-15,48.02
2021-02-15,48.02
2021-02-15,48.02
2021-02-16,48.02
2021-02-16,48.02
2021-02-16,48.02
2021-02-16,48.02
2021-02-16,48.02
2021-02-17,48.02
2021-02-17,48.02
2021-02-17,48.02
2021-02-17,48.02
2021-02-17,48.02
2021-02-18,48.02
2021-02-18,48.02
2021-02-18,48.02
2021-02-18,48.02
2021-02-18,48.02
2021-02-19,48.02
2021-02-19,48.02
2021-02-19,48.02
2021-02-19,48.02
2021-02-19,48.02
2021-02-24,48.02
2021-02-24,48.02
2021-02-24,48.02
2021-02-24,48.02
2021-02-24,48.02
2021-02-25,48.02
2021-02-25,48.02
2021-02-25,48.02
2021-02-25,48.02
2021-02-25,48.02
2021-02-26,48.02
2021-02-26,48.02
2021-02-26,48.02
2021-02-26,48.02
2021-02-26,48.02
2021-03-01,48.02
2021-03-01,48.02
2021-03-01,48.02
2021-03-01,48.02
2021-03-01,48.02
2021-03-02,48.02
2021-03-02,48.02
2021-03-02,48.02
2021-03-02,48.02
2021-03-02,48.02
2021-03-03,48.02
2021-03-03,48.02
2021-03-03,48.02
2021-03-03,48.02
2021-03-03,48.02
2021-03-04,48.02
2021-03-04,48.02
2021-03-04,48.02
2021-03-04,48.02
2021-03-04,48.02
2021-03-05,48.02
2021-03-05,48.02
2021-03-05,48.02
2021-03-05,48.02
2021-03-05,48.02
2021-03-08,48.02
2021-03-08,48.02
2021-03-08,48.02
2021-03-08,48.02
2021-03-08,48.02
2021-03-09,48.02
2021-03-09,48.02
2021-03-09,48.02
2021-03-09,48.02
2021-03-09,48.02
2021-03-10,48.02
2021-03-10,48.02
2021-03-10,48.02
2021-03-10,48.02
2021-03-10,48.02
2021-03-11,48.02
2021-03-11,48.02
2021-03-11,48.02
2021-03-11,48.02
2021-03-11,48.02
2021-03-12,48.02
2021-03-12,42.94
2021-03-12,42.94
2021-03-12,42.94
2021-03-12,42.94
2021-03-15,42.94
2021-03-15,42.94
2021-03-15,42.94
2021-03-15,42.94
2021-03-15,42.94
2021-03-16,42.94
2021-03-16,42.94
2021-03-16,42.94
2021-03-16,42.94
2021-03-16,42.94
2021-03-17,42.94
2021-03-17,42.94
2021-03-17,42.94
2021-03-17,42.94
2021-03-17,42.94
2021-03-18,42.94
2021-03-18,42.94
2021-03-18,42.94
2021-03-18,42.94
2021-03-18,42.94
2021-03-19,42.94
2021-03-19,42.94
2021-03-19,42.94
2021-03-19,42.94
2021-03-19,42.94
2021-03-22,42.94
2021-03-22,42.94
2021-03-22,42.94
2021-03-22,42.94
2021-03-22,42.94
2021-03-23,42.94
2021-03-23,42.94
2021-03-23,42.94
2021-03-23,42.94
2021-03-23,42.94
2021-03-24,42.94
2021-03-24,42.94
2021-03-24,42.94
2021-03-24,42.94
2021-03-24,42.94
2021-03-25,42.94
2021-03-25,42.94
2021-03-25,42.94
2021-03-25,42.94
2021-03-25,42.94
2021-03-26,42.94
2021-03-26,42.94
2021-03-26,42.94
2021-03-26,42.94
2021-03-26,42.94
2021-03-29,42.94
2021-03-29,42.94
2021-03-29,42.94
2021-03-29,42.94
2021-03-29,42.94
2021-03-30,42.94
2021-03-30,42.94
2021-03-30,42.94
2021-03-30,42.94
2021-03-30,42.94
2021-03-31,42.94
2021-03-31,42.94
2021-03-31,42.94
2021-03-31,42.94
2021-03-31,42.94
2021-04-01,42.94
2021-04-01,42.94
2021-04-01,42.94
2021-04-01,42.94
2021-04-01,42.94
2021-04-02,42.94
2021-04-02,42.94
2021-04-02,42.94
2021-04-02,42.94
2021-04-02,42.94
2021-04-05,42.94
2021-04-05,42.94
2021-04-05,42.94
2021-04-05,42.94
2021-04-05,42.94
2021-04-06,42.94
2021-04-06,42.94
2021-04-06,42.94
2021-04-06,42.94
2021-04-06,42.94
2021-04-07,42.94
2021-04-07,42.94
2021-04-07,42.94
2021-04-07,42.94
2021-04-07,42.94
2021-04-08,42.94
2021-04-08,42.94
2021-04-08,42.94
2021-04-08,42.94
2021-04-08,42.94
2021-04-09,42.94
2021-04-09,42.94
2021-04-09,42.94
2021-04-09,42.94
2021-04-09,42.94
2021-04-12,42.94
2021-04-12,42.94
2021-04-12,42.94
2021-04-12,42.94
2021-04-12,42.94
2021-04-13,42.94
2021-04-13,42.94
2021-04-13,42.94
2021-04-13,42.94
2021-04-13,42.94
2021-04-14,42.94
2021-04-14,42.94
2021-04-14,42.94
2021-04-14,42.94
2021-04-14,42.94
2021-04-15,42.94
2021-04-15,42.94
2021-04-15,42.94
2021-04-15,42.94
2021-04-15,42.94
2021-04-16,42.94
2021-04-16,42.94
2021-04-16,42.94
2021-04-16,42.94
2021-04-16,42.94
2021-04-19,42.94
2021-04-19,42.94
2021-04-19,42.94
2021-04-19,42.94
2021-04-19,42.94
2021-04-20,42.94
2021-04-20,42.94
2021-04-20,42.94
2021-04-20,42.94
2021-04-20,42.94
2021-04-21,42.94
2021-04-21,42.94
2021-04-21,42.94
2021-04-21,42.94
2021-04-21,42.94
2021-04-23,42.94
2021-04-23,42.94
2021-04-23,42.94
2021-04-26,42.94
2021-04-26,42.94
2021-04-26,42.94
2021-04-26,42.94
2021-04-26,42.94
2021-04-27,42.94
2021-04-27,42.94
2021-04-27,42.94
2021-04-27,42.94
2021-04-27,42.94
2021-04-29,42.94
2021-04-29,42.94
2021-04-29,42.94
2021-04-29,42.94
2021-04-29,42.94
2021-04-30,42.94
2021-04-30,42.94
2021-04-30,42.94
2021-04-30,42.94
2021-04-30,42.94
2021-05-03,42.94
2021-05-03,42.94
2021-05-03,42.94
2021-05-03,42.94
2021-05-03,42.94
2021-05-04,42.94
2021-05-04,42.94
2021-05-04,42.94
2021-05-04,42.94
2021-05-04,42.94
2021-05-05,42.94
2021-05-05,42.94
2021-05-05,42.94
2021-05-05,42.94
2021-05-05,42.94
2021-05-06,42.94
2021-05-06,42.94
2021-05-06,42.94
2021-05-06,42.94
2021-05-06,42.94
2021-05-07,42.94
2021-05-07,42.94
2021-05-07,42.94
2021-05-07,42.94
2021-05-07,42.94
2021-05-10,42.94
2021-05-10,42.94
2021-05-10,42.94
2021-05-10,42.94
2021-05-10,42.94
2021-05-11,42.94
2021-05-11,42.94
2021-05-11,42.94
2021-05-11,42.94
2021-05-11,42.94
2021-05-12,42.94
2021-05-12,42.94
2021-05-12,42.94
2021-05-12,42.94
2021-05-12,42.94
2021-05-13,42.94
2021-05-13,42.94
2021-05-13,42.94
2021-05-13,42.94
2021-05-13,42.94
2021-05-14,42.94
2021-05-14,42.94
2021-05-14,42.94
2021-05-14,42.94
2021-05-14,42.94
2021-05-17,42.94
2021-05-17,42.94
2021-05-17,42.94
2021-05-17,42.94
2021-05-17,42.94
2021-05-18,42.94
2021-05-18,42.94
2021-05-18,42.94
2021-05-18,42.94
2021-05-18,42.94
2021-05-19,42.94
2021-05-19,42.94
2021-05-19,42.94
2021-05-19,42.94
2021-05-19,42.94
2021-05-20,42.94
2021-05-20,42.94
2021-05-20,42.94
2021-05-20,42.94
2021-05-20,42.94
2021-05-21,42.94
2021-05-21,42.94
2021-05-21,42.94
2021-05-21,42.94
2021-05-21,42.94
2021-05-24,42.94
2021-05-24,42.94
2021-05-24,42.94
2021-05-24,42.94
2021-05-24,42.94
2021-05-25,42.94
2021-05-25,42.94
2021-05-25,42.94
2021-05-25,42.94
2021-05-25,42.94
2021-05-27,42.94
2021-05-27,42.94
2021-05-27,42.94
2021-05-27,42.94
2021-05-27,42.94
2021-05-28,42.94
2021-05-28,42.94
2021-05-28,42.94
2021-05-28,42.94
2021-05-28,42.94
2021-05-31,42.94
2021-05-31,42.94
2021-05-31,42.94
2021-05-31,42.94
2021-05-31,42.94
2021-06-01,42.94
2021-06-01,42.94
2021-06-01,42.94
2021-06-01,42.94
2021-06-01,42.94
2021-06-02,42.94
2021-06-02,42.94
2021-06-02,42.94
2021-06-02,42.94
2021-06-02,42.94
2021-06-03,42.94
2021-06-03,42.94
2021-06-03,42.94
2021-06-03,42.94
2021-06-03,42.94
2021-06-04,42.94
2021-06-04,42.94
2021-06-04,42.94
2021-06-04,42.94
2021-06-04,42.94
2021-06-07,42.94
2021-06-07,42.94
2021-06-07,42.94
2021-06-07,42.94
2021-06-07,42.94
2021-06-08,42.94
2021-06-08,42.94
2021-06-08,42.94
2021-06-08,42.94
2021-06-08,42.94
2021-06-09,42.94
2021-06-09,42.94
2021-06-09,42.94
2021-06-09,42.94
2021-06-09,42.94
2021-06-10,42.94
2021-06-10,42.94
2021-06-10,42.94
2021-06-10,42.94
2021-06-10,42.94
2021-06-11,42.94
2021-06-11,42.94
2021-06-11,42.94
2021-06-11,42.94
2021-06-11,42.94
2021-06-14,42.94
2021-06-14,42.94
2021-06-14,42.94
2021-06-14,42.94
2021-06-14,42.94
2021-06-15,42.94
2021-06-15,42.94
2021-06-15,42.94
2021-06-15,42.94
2021-06-15,42.94
2021-06-16,42.94
2021-06-16,42.94
2021-06-16,42.94
2021-06-16,42.94
2021-06-16,42.94
2021-06-17,42.94
2021-06-17,42.94
2021-06-17,42.94
2021-06-17,42.94
2021-06-17,42.94
2021-06-18,42.94
2021-06-18,42.94
2021-06-18,42.94
2021-06-18,42.94
2021-06-18,42.94
2021-06-21,42.94
2021-06-21,42.94
2021-06-21,42.94
2021-06-21,42.94
2021-06-21,42.94
2021-06-22,42.94
2021-06-22,42.94
2021-06-22,42.94
2021-06-22,42.94
2021-06-22,42.94
2021-06-23,42.94
2021-06-23,42.94
2021-06-23,42.94
2021-06-23,42.94
2021-06-23,42.94
2021-06-24,42.94
2021-06-24,42.94
2021-06-24,42.94
2021-06-24,42.94
2021-06-24,42.94
2021-06-25,42.94
2021-06-25,42.94
2021-06-25,42.94
2021-06-25,42.94
2021-06-25,42.94
2021-06-28,42.94
2021-06-28,42.94
2021-06-28,42.94
2021-06-28,42.94
2021-06-28,42.94
2021-06-29,42.94
2021-06-29,42.94
2021-06-29,42.94
2021-06-29,42.94
2021-06-29,42.94
2021-06-30,42.94
2021-06-30,42.94
2021-06-30,42.94
2021-06-30,42.94
2021-06-30,42.94
2021-07-01,42.94
2021-07-01,42.94
2021-07-01,42.94
2021-07-01,42.94
2021-07-01,42.94
2021-07-02,42.94
2021-07-02,42.94
2021-07-02,42.94
2021-07-02,42.94
2021-07-02,42.94
2021-07-05,42.94
2021-07-05,42.94
2021-07-05,42.94
2021-07-05,42.94
2021-07-05,42.94
2021-07-06,42.94
2021-07-06,42.94
2021-07-06,42.94
2021-07-06,42.94
2021-07-06,42.94
2021-07-07,42.94
2021-07-07,42.94
2021-07-07,42.94
2021-07-07,42.94
2021-07-07,42.94
2021-07-08,42.94
2021-07-08,42.94
2021-07-08,42.94
2021-07-08,42.94
2021-07-08,42.94
2021-07-09,42.94
2021-07-09,42.94
2021-07-09,42.94
2021-07-09,42.94
2021-07-09,42.94
2021-07-12,42.94
2021-07-12,42.94
2021-07-12,42.94
2021-07-12,42.94
2021-07-12,42.94
2021-07-13,42.94
2021-07-13,42.94
2021-07-15,42.94
2021-07-15,42.94
2021-07-15,42.94
2021-07-15,42.94
2021-07-15,42.94
2021-07-16,42.94
2021-07-16,42.94
2021-07-16,42.94
2021-07-16,42.94
2021-07-16,42.94
2021-07-19,42.94
2021-07-19,42.94
2021-07-19,42.94
2021-07-19,42.94
2021-07-19,42.94
2021-07-20,42.94
2021-07-20,42.94
2021-07-20,42.94
2021-07-20,42.94
2021-07-20,42.94
2021-07-21,42.94
2021-07-21,42.94
2021-07-21,42.94
2021-07-21,42.94
2021-07-21,42.94
2021-07-22,42.94
2021-07-22,42.94
2021-07-22,42.94
2021-07-22,42.94
2021-07-22,42.94
2021-07-23,42.94
2021-07-23,42.94
2021-07-23,42.94
2021-07-23,42.94
2021-07-23,42.94
2021-07-26,42.94
2021-07-26,42.94
2021-07-26,42.94
2021-07-26,42.94
2021-07-26,42.94
2021-07-27,42.94
2021-07-27,42.94
2021-07-27,42.94
2021-07-27,42.94
2021-07-27,42.94
2021-07-28,42.94
2021-07-28,42.94
2021-07-28,42.94
2021-07-28,42.94
2021-07-28,42.94
2021-07-29,42.94
2021-07-29,42.94
2021-07-29,42.94
2021-07-29,42.94
2021-07-29,42.94
2021-07-30,42.94
2021-07-30,42.94
2021-07-30,42.94
2021-07-30,42.94
2021-07-30,42.94
2021-08-02,42.94
2021-08-02,42.94
2021-08-02,42.94
2021-08-02,42.94
2021-08-02,42.94
2021-08-03,42.94
2021-08-03,42.94
2021-08-03,42.94
2021-08-03,42.94
2021-08-03,42.94
2021-08-04,42.94
2021-08-04,42.94
2021-08-04,42.94
2021-08-04,42.94
2021-08-04,42.94
2021-08-05,42.94
2021-08-05,42.94
2021-08-05,42.94
2021-08-05,42.94
2021-08-05,42.94
2021-08-06,42.94
2021-08-06,42.94
2021-08-06,42.94
2021-08-06,42.94
2021-08-06,42.94
2021-08-09,42.94
2021-08-09,42.94
2021-08-09,42.94
2021-08-09,42.94
2021-08-09,42.94
2021-08-10,42.94
2021-08-10,42.94
2021-08-10,42.94
2021-08-10,42.94
2021-08-10,42.94
2021-08-11,42.94
2021-08-11,42.94
2021-08-11,42.94
2021-08-11,42.94
2021-08-11,42.94
2021-08-12,42.94
2021-08-12,42.94
2021-08-12,42.94
2021-08-12,42.94
2021-08-12,42.94
2021-08-13,42.94
2021-08-13,42.94
2021-08-13,42.94
2021-08-13,42.94
2021-08-13,42.94
2021-08-16,42.94
2021-08-16,42.94
2021-08-16,42.94
2021-08-16,42.94
2021-08-16,42.94
2021-08-17,42.94
2021-08-17,42.94
2021-08-17,42.94
2021-08-17,42.94
2021-08-17,42.94
2021-08-18,42.94
2021-08-18,42.94
2021-08-18,42.94
2021-08-18,42.94
2021-08-18,42.94
2021-08-19,42.94
2021-08-19,42.94
2021-08-19,42.94
2021-08-19,42.94
2021-08-19,42.94
2021-08-20,42.94
2021-08-20,42.94
2021-08-20,42.94
2021-08-20,42.94
2021-08-20,42.94
2021-08-23,42.94
2021-08-23,42.94
2021-08-23,42.94
2021-08-23,42.94
2021-08-23,42.94
2021-08-24,42.94
2021-08-24,42.94
2021-08-24,42.94
2021-08-24,42.94
2021-08-24,42.94
2021-08-25,42.94
2021-08-25,42.94
2021-08-25,42.94
2021-08-25,42.94
2021-08-25,42.94
2021-08-26,42.94
2021-08-26,42.94
2021-08-26,42.94
2021-08-26,42.94
2021-08-26,42.94
2021-08-27,42.94
2021-08-27,42.94
2021-08-27,42.94
2021-08-27,42.94
2021-08-27,42.94
2021-08-30,42.94
2021-08-30,42.94
2021-08-30,42.94
2021-08-30,42.94
2021-08-30,42.94
2021-08-31,42.94
2021-08-31,42.94
2021-08-31,42.94
2021-08-31,42.94
2021-08-31,42.94
2021-09-01,42.94
2021-09-01,42.94
2021-09-01,42.94
2021-09-01,42.94
2021-09-01,42.94
2021-09-02,42.94
2021-09-02,42.94
2021-09-02,42.94
2021-09-02,42.94
2021-09-02,42.94
2021-09-03,42.94
2021-09-03,42.94
2021-09-03,42.94
2021-09-03,42.94
2021-09-03,42.94
2021-09-06,42.94
2021-09-06,42.94
2021-09-06,42.94
2021-09-06,42.94
2021-09-06,42.94
2021-09-07,42.94
2021-09-07,42.94
2021-09-07,42.94
2021-09-07,42.94
2021-09-07,42.94
2021-09-08,42.94
2021-09-08,42.94
2021-09-08,42.94
2021-09-08,42.94
2021-09-08,42.94
2021-09-09,42.94
2021-09-09,42.94
2021-09-09,42.94
2021-09-09,42.94
2021-09-09,42.94
2021-09-10,42.94
2021-09-10,42.94
2021-09-10,42.94
2021-09-10,42.94
2021-09-10,42.94
2021-09-13,42.94
2021-09-13,42.94
2021-09-13,42.94
2021-09-13,42.94
2021-09-13,42.94
2021-09-14,42.94
2021-09-14,42.94
2021-09-14,42.94
2021-09-14,42.94
2021-09-14,42.94
2021-09-15,42.94
2021-09-15,42.94
2021-09-15,42.94
2021-09-15,42.94
2021-09-15,42.94
2021-09-20,42.94
2021-09-20,42.94
2021-09-20,42.94
2021-09-20,42.94
2021-09-20,42.94
2021-09-21,42.94
2021-09-21,42.94
2021-09-21,42.94
2021-09-21,42.94
2021-09-21,42.94
2021-09-22,42.94
2021-09-22,42.94
2021-09-22,42.94
2021-09-22,42.94
2021-09-22,42.94
2021-09-23,42.94
2021-09-23,42.94
2021-09-23,42.94
2021-09-23,42.94
2021-09-23,42.94
2021-09-24,42.94
2021-09-24,42.94
2021-09-24,42.94
2021-09-24,42.94
2021-09-24,42.94
2021-09-27,42.94
2021-09-27,42.94
2021-09-27,42.94
2021-09-27,42.94
2021-09-27,42.94
2021-09-28,42.94
2021-09-28,42.94
2021-09-28,42.94
2021-09-28,42.94
2021-09-28,42.94
2021-09-29,42.94
2021-09-29,42.94
2021-09-29,42.94
2021-09-29,42.94
2021-09-29,42.94
2021-09-30,42.94
2021-09-30,42.94
2021-09-30,42.94
2021-09-30,42.94
2021-09-30,42.94
2021-10-01,42.94
2021-10-01,42.94
2021-10-01,42.94
2021-10-01,42.94
2021-10-01,42.94
2021-10-04,42.94
2021-10-04,42.94
2021-10-04,42.94
2021-10-04,42.94
2021-10-04,42.94
2021-10-05,42.94
2021-10-05,42.94
2021-10-05,42.94
2021-10-05,42.94
2021-10-05,42.94
2021-10-06,42.94
2021-10-06,42.94
2021-10-06,42.94
2021-10-06,42.94
2021-10-06,42.94
2021-10-07,42.94
2021-10-07,42.94
2021-10-07,42.94
2021-10-07,42.94
2021-10-07,42.94
2021-10-08,42.94
2021-10-08,42.94
2021-10-08,42.94
2021-10-08,42.94
2021-10-08,42.94
2021-10-11,42.94
2021-10-11,42.94
2021-10-11,42.94
2021-10-11,42.94
2021-10-11,42.94
2021-10-12,42.94
2021-10-12,42.94
2021-10-12,42.94
2021-10-12,42.94
2021-10-12,42.94
2021-10-13,42.94
2021-10-13,42.94
2021-10-13,42.94
2021-10-13,42.94
2021-10-13,42.94
2021-10-14,42.94
2021-10-14,42.94
2021-10-14,42.94
2021-10-14,42.94
2021-10-14,42.94
2021-10-18,42.94
2021-10-18,42.94
2021-10-18,42.94
2021-10-18,42.94
2021-10-18,42.94
2021-10-19,42.94
2021-10-19,42.94
2021-10-19,42.94
2021-10-19,42.94
2021-10-19,42.94
2021-10-20,42.94
2021-10-20,42.94
2021-10-20,42.94
2021-10-20,42.94
2021-10-20,42.94
2021-10-21,42.94
2021-10-21,42.94
2021-10-21,42.94
2021-10-21,42.94
2021-10-21,42.94
2021-10-22,42.94
2021-10-22,42.94
2021-10-22,42.94
2021-10-22,42.94
2021-10-22,42.94
2021-10-25,42.94
2021-10-25,42.94
2021-10-25,42.94
2021-10-25,42.94
2021-10-25,42.94
2021-10-26,42.94
2021-10-26,42.94
2021-10-26,42.94
2021-10-26,42.94
2021-10-26,42.94
2021-10-28,42.94
2021-10-28,42.94
2021-10-28,42.94
2021-10-28,42.94
2021-10-28,42.94
2021-10-29,42.94
2021-10-29,42.94
2021-10-29,42.94
2021-10-29,42.94
2021-10-29,42.94
2021-11-02,42.94
2021-11-02,42.94
2021-11-02,42.94
2021-11-02,42.94
2021-11-02,42.94
2021-11-03,42.94
2021-11-03,42.94
2021-11-03,42.94
2021-11-03,42.94
2021-11-03,42.94
2021-11-04,42.94
2021-11-04,42.94
2021-11-04,42.94
2021-11-04,42.94
2021-11-04,42.94
2021-11-05,42.94
2021-11-05,42.94
2021-11-05,42.94
2021-11-05,42.94
2021-11-05,42.94
2021-11-08,42.94
2021-11-08,42.94
2021-11-08,42.94
2021-11-08,42.94
2021-11-08,42.94
2021-11-09,42.94
2021-11-09,42.94
2021-11-09,42.94
2021-11-09,42.94
2021-11-09,42.94
2021-11-10,42.94
2021-11-10,42.94
2021-11-10,42.94
2021-11-10,42.94
2021-11-10,42.94
2021-11-12,42.94
2021-11-12,42.94
2021-11-12,42.94
2021-11-12,42.94
2021-11-12,42.94
2021-11-15,42.94
2021-11-15,42.94
2021-11-15,42.94
2021-11-15,42.94
2021-11-15,42.94
2021-11-16,42.94
2021-11-16,42.94
2021-11-16,42.94
2021-11-16,42.94
2021-11-16,42.94
2021-11-17,42.94
2021-11-17,42.94
2021-11-17,42.94
2021-11-17,42.94
2021-11-17,42.94
2021-11-18,42.94
2021-11-18,42.94
2021-11-18,42.94
2021-11-18,42.94
2021-11-18,42.94
2021-11-19,42.94
2021-11-19,42.94
2021-11-19,42.94
2021-11-19,42.94
2021-11-19,42.94
2021-11-22,42.94
2021-11-22,42.94
2021-11-22,42.94
2021-11-22,42.94
2021-11-22,42.94
2021-11-23,42.94
2021-11-23,42.94
2021-11-23,42.94
2021-11-23,42.94
2021-11-23,42.94
2021-11-24,42.94
2021-11-24,42.94
2021-11-24,42.94
2021-11-24,42.94
2021-11-24,42.94
2021-11-25,42.94
2021-11-25,42.94
2021-11-25,42.94
2021-11-25,42.94
2021-11-25,42.94
2021-11-26,42.94
2021-11-26,42.94
2021-11-26,42.94
2021-11-26,42.94
2021-11-26,42.94
2021-11-29,42.94
2021-11-29,42.94
2021-11-29,42.94
2021-11-29,42.94
2021-11-29,42.94
2021-11-30,42.94
2021-11-30,42.94
2021-11-30,42.94
2021-11-30,42.94
2021-12-01,42.94
2021-12-01,42.94
2021-12-01,42.94
2021-12-01,42.94
2021-12-01,42.94
2021-12-02,42.94
2021-12-02,42.94
2021-12-02,42.94
2021-12-02,42.94
2021-12-02,42.94
2021-12-03,42.94
2021-12-03,42.94
2021-12-03,42.94
2021-12-03,42.94
2021-12-03,42.94
2021-12-06,42.94
2021-12-06,42.94
2021-12-06,42.94
2021-12-06,42.94
2021-12-06,42.94
2021-12-07,42.94
2021-12-07,42.94
2021-12-07,42.94
2021-12-07,42.94
2021-12-07,42.94
2021-12-08,42.94
2021-12-08,42.94
2021-12-08,42.94
2021-12-08,42.94
2021-12-08,42.94
2021-12-09,42.94
2021-12-09,42.94
2021-12-09,42.94
2021-12-09,42.94
2021-12-09,42.94
2021-12-10,42.94
2021-12-10,42.94
2021-12-10,42.94
2021-12-10,42.94
2021-12-10,42.94
2021-12-13,42.94
2021-12-13,42.94
2021-12-13,42.94
2021-12-13,42.94
2021-12-13,42.94
2021-12-14,42.94
2021-12-14,42.94
2021-12-14,42.94
2021-12-14,42.94
2021-12-14,42.94
2021-12-15,42.94
2021-12-15,42.94
2021-12-15,42.94
2021-12-15,42.94
2021-12-15,42.94
2021-12-16,42.94
2021-12-16,42.94
2021-12-16,42.94
2021-12-16,42.94
2021-12-16,42.94
2021-12-20,42.94
2021-12-20,42.94
2021-12-20,42.94
2021-12-20,42.94
2021-12-21,42.94
2021-12-21,42.94
2021-12-21,42.94
2021-12-21,42.94
2021-12-21,42.94
2021-12-23,42.94
2021-12-23,42.94
2021-12-23,42.94
2021-12-23,42.94
2021-12-23,42.94
2021-12-24,42.94
2021-12-24,42.94
2021-12-24,42.94
2021-12-24,42.94
2021-12-24,42.94
2021-12-27,42.94
2021-12-27,42.94
2021-12-27,42.94
2021-12-27,42.94
2021-12-27,42.94
2021-12-28,42.94
2021-12-28,42.94
2021-12-28,45.09
2021-12-28,45.09
2021-12-28,45.09
2021-12-29,45.09
2021-12-29,45.09
2021-12-29,45.09
2021-12-29,45.09
2021-12-29,45.09
2021-12-30,45.09
2021-12-30,45.09
2021-12-30,45.09
2021-12-30,45.09
2021-12-30,45.09
2021-12-31,45.09
2021-12-31,45.09
2021-12-31,45.09
2021-12-31,45.09
2021-12-31,45.09
2022-01-03,45.09
2022-01-03,45.09
2022-01-03,45.09
2022-01-03,45.09
2022-01-03,45.09
2022-01-04,45.09
2022-01-04,45.09
2022-01-04,45.09
2022-01-04,45.09
2022-01-04,45.09
2022-01-05,45.09
2022-01-05,45.09
2022-01-05,45.09
2022-01-05,45.09
2022-01-05,45.09
2022-01-06,45.09
2022-01-06,45.09
2022-01-06,45.09
2022-01-06,45.09
2022-01-06,45.09
2022-01-07,45.09
2022-01-07,45.09
2022-01-07,45.09
2022-01-07,45.09
2022-01-07,45.09
2022-01-10,45.09
2022-01-10,45.09
2022-01-10,45.09
2022-01-10,45.09
2022-01-10,45.09
2022-01-11,45.09
2022-01-11,45.09
2022-01-11,45.09
2022-01-11,45.09
2022-01-11,45.09
2022-01-12,45.09
2022-01-12,45.09
2022-01-12,45.09
2022-01-12,45.09
2022-01-12,45.09
2022-01-13,45.09
2022-01-13,45.09
2022-01-13,45.09
2022-01-13,45.09
2022-01-13,45.09
2022-01-14,45.09
2022-01-14,45.09
2022-01-14,45.09
2022-01-14,45.09
2022-01-14,45.09
2022-01-17,45.09
2022-01-17,45.09
2022-01-17,45.09
2022-01-17,45.09
2022-01-17,45.09
2022-01-18,45.09
2022-01-18,45.09
2022-01-18,45.09
2022-01-18,45.09
2022-01-18,45.09
2022-01-19,45.09
2022-01-19,45.09
2022-01-19,45.09
2022-01-19,45.09
2022-01-19,45.09
2022-01-20,45.09
2022-01-20,45.09
2022-01-20,45.09
2022-01-20,45.09
2022-01-20,45.09
2022-01-21,45.09
2022-01-21,45.09
2022-01-21,45.09
2022-01-21,45.09
2022-01-21,45.09
2022-01-24,45.09
2022-01-24,45.09
2022-01-24,45.09
2022-01-24,45.09
2022-01-24,45.09
2022-01-25,45.09
2022-01-25,45.09
2022-01-25,45.09
2022-01-25,45.09
2022-01-25,45.09
2022-01-26,45.09
2022-01-26,45.09
2022-01-26,45.09
2022-01-26,45.09
2022-01-26,45.09
2022-01-27,45.09
2022-01-27,45.09
2022-01-27,45.09
2022-01-27,45.09
2022-01-27,45.09
2022-01-28,45.09
2022-01-28,45.09
2022-01-28,45.09
2022-01-28,45.09
2022-01-28,45.09
2022-01-31,45.09
2022-01-31,45.09
2022-01-31,45.09
2022-01-31,45.09
2022-01-31,45.09
2022-02-01,45.09
2022-02-01,45.09
2022-02-01,45.09
2022-02-01,45.09
2022-02-01,45.09
2022-02-03,45.09
2022-02-03,45.09
2022-02-03,45.09
2022-02-03,45.09
2022-02-03,45.09
2022-02-04,45.09
2022-02-04,45.09
2022-02-04,45.09
2022-02-04,45.09
2022-02-04,45.09
2022-02-07,45.09
2022-02-07,45.09
2022-02-07,45.09
2022-02-07,45.09
2022-02-07,45.09
2022-02-08,45.09
2022-02-08,45.09
2022-02-08,45.09
2022-02-08,45.09
2022-02-08,45.09
2022-02-09,45.09
2022-02-09,45.09
2022-02-09,45.09
2022-02-09,45.09
2022-02-09,45.09
2022-02-10,45.09
2022-02-10,45.09
2022-02-10,45.09
2022-02-10,45.09
2022-02-10,45.09
2022-02-11,45.09
2022-02-11,45.09
2022-02-11,45.09
2022-02-11,45.09
2022-02-11,45.09
2022-02-14,45.09
2022-02-14,45.09
2022-02-14,45.09
2022-02-14,45.09
2022-02-14,45.09
2022-02-15,45.09
2022-02-15,45.09
2022-02-15,45.09
2022-02-15,45.09
2022-02-15,45.09
2022-02-16,45.09
2022-02-16,45.09
2022-02-16,45.09
2022-02-16,45.09
2022-02-16,45.09
2022-02-17,45.09
2022-02-17,45.09
2022-02-17,45.09
2022-02-17,45.09
2022-02-17,45.09
2022-02-18,45.09
2022-02-18,45.09
2022-02-18,45.09
2022-02-18,45.09
2022-02-18,45.09
2022-02-24,45.09
2022-02-24,45.09
2022-02-24,45.09
2022-02-24,45.09
2022-02-24,45.09
2022-02-25,45.09
2022-02-25,45.09
2022-02-25,45.09
2022-02-25,45.09
2022-02-25,45.09
2022-02-28,45.09
2022-02-28,45.09
2022-02-28,45.09
2022-02-28,45.09
2022-02-28,45.09
2022-03-01,45.09
2022-03-01,45.09
2022-03-01,45.09
2022-03-01,45.09
2022-03-01,45.09
2022-03-02,45.09
2022-03-02,45.09
2022-03-02,45.09
2022-03-02,45.09
2022-03-02,45.09
2022-03-07,45.09
2022-03-07,45.09
2022-03-07,45.09
2022-03-07,45.09
2022-03-07,45.09
2022-03-08,45.09
2022-03-08,45.09
2022-03-08,45.09
2022-03-08,45.09
2022-03-08,45.09
2022-03-09,45.09
2022-03-09,45.09
2022-03-09,45.09
2022-03-09,45.09
2022-03-09,45.09
2022-03-10,45.09
2022-03-10,45.09
2022-03-10,45.09
2022-03-10,45.09
2022-03-10,45.09
2022-03-11,45.09
2022-03-11,45.09
2022-03-11,45.09
2022-03-11,45.09
2022-03-11,45.09
2022-03-14,45.09
2022-03-14,45.09
2022-03-14,45.09
2022-03-14,45.09
2022-03-14,45.09
2022-03-15,45.09
2022-03-15,45.09
2022-03-15,45.09
2022-03-15,45.09
2022-03-15,45.09
2022-03-16,45.09
2022-03-16,45.09
2022-03-16,45.09
2022-03-16,45.09
2022-03-16,45.09
2022-03-17,45.09
2022-03-17,45.09
2022-03-17,45.09
2022-03-17,45.09
2022-03-17,45.09
2022-03-18,45.09
2022-03-18,45.09
2022-03-18,45.09
2022-03-18,45.09
2022-03-18,45.09
2022-03-21,45.09
2022-03-21,45.09
2022-03-21,45.09
2022-03-21,45.09
2022-03-21,45.09
2022-03-22,45.09
2022-03-22,45.09
2022-03-22,45.09
2022-03-22,45.09
2022-03-22,45.09
2022-03-23,45.09
2022-03-23,45.09
2022-03-23,45.09
2022-03-23,45.09
2022-03-23,45.09
2022-03-24,45.09
2022-03-24,45.09
2022-03-24,45.09
2022-03-24,45.09
2022-03-24,45.09
2022-03-25,45.09
2022-03-25,45.09
2022-03-25,45.09
2022-03-25,45.09
2022-03-25,45.09
2022-03-28,45.09
2022-03-28,45.09
2022-03-28,45.09
2022-03-28,45.09
2022-03-28,45.09
2022-03-29,45.09
2022-03-29,45.09
2022-03-29,45.09
2022-03-29,45.09
2022-03-29,45.09
2022-03-30,45.09
2022-03-30,45.09
2022-03-30,45.09
2022-03-30,45.09
2022-03-30,45.09
2022-03-31,45.09
2022-03-31,45.09
2022-03-31,45.09
2022-03-31,45.09
2022-03-31,45.09
2022-04-01,45.09
2022-04-01,45.09
2022-04-01,45.09
2022-04-01,45.09
2022-04-01,45.09
2022-04-04,45.09
2022-04-04,45.09
2022-04-04,45.09
2022-04-04,45.09
2022-04-04,45.09
2022-04-05,45.09
2022-04-05,45.09
2022-04-05,45.09
2022-04-05,45.09
2022-04-05,45.09
2022-04-06,45.09
2022-04-06,45.09
2022-04-06,45.09
2022-04-06,45.09
2022-04-06,45.09
2022-04-07,45.09
2022-04-07,45.09
2022-04-07,45.09
2022-04-07,45.09
2022-04-07,45.09
2022-04-08,45.09
2022-04-08,45.09
2022-04-08,45.09
2022-04-08,45.09
2022-04-08,45.09
2022-04-11,45.09
2022-04-11,45.09
2022-04-11,45.09
2022-04-11,45.09
2022-04-11,45.09
2022-04-12,45.09
2022-04-12,45.09
2022-04-12,45.09
2022-04-12,45.09
2022-04-12,45.09
2022-04-13,45.09
2022-04-13,45.09
2022-04-13,45.09
2022-04-13,45.09
2022-04-13,45.09
2022-04-14,45.09
2022-04-14,45.09
2022-04-14,45.09
2022-04-14,45.09
2022-04-15,45.09
2022-04-15,45.09
2022-04-15,45.09
2022-04-15,45.09
2022-04-15,45.09
2022-04-18,45.09
2022-04-18,45.09
2022-04-18,45.09
2022-04-18,45.09
2022-04-18,45.09
2022-04-19,45.09
2022-04-19,45.09
2022-04-19,45.09
2022-04-19,45.09
2022-04-19,45.09
2022-04-20,45.09
2022-04-20,45.09
2022-04-20,45.09
2022-04-20,45.09
2022-04-20,45.09
2022-04-21,45.09
2022-04-21,45.09
2022-04-21,45.09
2022-04-21,45.09
2022-04-21,45.09
2022-04-22,45.09
2022-04-22,45.09
2022-04-22,45.09
2022-04-22,45.09
2022-04-22,45.09
2022-04-25,45.09
2022-04-25,45.09
2022-04-25,45.09
2022-04-25,45.09
2022-04-25,45.09
2022-04-26,45.09
2022-04-26,45.09
2022-04-26,45.09
2022-04-26,45.09
2022-04-26,45.09
2022-04-27,45.09
2022-04-27,45.09
2022-04-27,45.09
2022-04-27,45.09
2022-04-27,45.09
2022-04-28,45.09
2022-04-28,45.09
2022-04-28,45.09
2022-04-28,45.09
2022-04-28,45.09
2022-04-29,45.09
2022-04-29,45.09
2022-04-29,45.09
2022-04-29,45.09
2022-04-29,45.09
2022-05-03,45.09
2022-05-03,45.09
2022-05-03,45.09
2022-05-03,45.09
2022-05-03,45.09
2022-05-04,45.09
2022-05-04,45.09
2022-05-04,45.09
2022-05-04,45.09
2022-05-04,45.09
2022-05-05,45.09
2022-05-05,45.09
2022-05-05,45.09
2022-05-05,45.09
2022-05-05,45.09
2022-05-06,45.09
2022-05-06,45.09
2022-05-06,45.09
2022-05-06,45.09
2022-05-06,45.09
2022-05-09,45.09
2022-05-09,45.09
2022-05-09,45.09
2022-05-09,45.09
2022-05-10,45.09
2022-05-10,45.09
2022-05-10,45.09
2022-05-10,45.09
2022-05-10,45.09
2022-05-12,45.09
2022-05-12,45.09
2022-05-12,45.09
2022-05-12,45.09
2022-05-12,45.09
2022-05-13,45.09
2022-05-13,45.09
2022-05-13,45.09
2022-05-13,45.09
2022-05-13,45.09
2022-05-16,45.09
2022-05-16,45.09
2022-05-16,45.09
2022-05-16,45.09
2022-05-16,45.09
2022-05-17,45.09
2022-05-17,45.09
2022-05-17,45.09
2022-05-17,45.09
2022-05-17,45.09
2022-05-18,45.09
2022-05-18,45.09
2022-05-18,45.09
2022-05-18,45.09
2022-05-18,45.09
2022-05-19,45.09
2022-05-19,45.09
2022-05-19,45.09
2022-05-19,45.09
2022-05-19,45.09
2022-05-20,45.09
2022-05-20,45.09
2022-05-20,45.09
2022-05-20,45.09
2022-05-20,45.09
2022-05-23,45.09
2022-05-23,45.09
2022-05-23,45.09
2022-05-23,45.09
2022-05-23,45.09
2022-05-24,45.09
2022-05-24,45.09
2022-05-24,45.09
2022-05-24,34.09
2022-05-24,34.09
2022-05-25,34.09
2022-05-25,34.09
2022-05-25,34.09
2022-05-25,34.09
2022-05-25,34.09
2022-05-26,34.09
2022-05-26,34.09
2022-05-26,34.09
2022-05-26,34.09
2022-05-26,34.09
2022-05-27,34.09
2022-05-27,34.09
2022-05-27,34.09
2022-05-27,34.09
2022-05-27,34.09
2022-05-30,34.09
2022-05-30,34.09
2022-05-30,34.09
2022-05-30,34.09
2022-05-30,34.09
2022-05-31,34.09
2022-05-31,34.09
2022-05-31,34.09
2022-05-31,34.09
2022-05-31,34.09
2022-06-01,34.09
2022-06-01,34.09
2022-06-01,34.09
2022-06-01,34.09
2022-06-01,34.09
2022-06-02,34.09
2022-06-02,34.09
2022-06-02,34.09
2022-06-02,34.09
2022-06-02,34.09
2022-06-03,34.09
2022-06-03,34.09
2022-06-03,34.09
2022-06-03,34.09
2022-06-03,34.09
2022-06-06,34.09
2022-06-06,34.09
2022-06-06,34.09
2022-06-06,34.09
2022-06-06,34.09
2022-06-07,34.09
2022-06-07,34.09
2022-06-07,34.09
2022-06-07,34.09
2022-06-07,34.09
2022-06-08,34.09
2022-06-08,34.09
2022-06-08,34.09
2022-06-08,34.09
2022-06-08,34.09
2022-06-09,34.09
2022-06-09,34.09
2022-06-09,34.09
2022-06-09,34.09
2022-06-09,34.09
2022-06-10,34.09
2022-06-10,34.09
2022-06-10,34.09
2022-06-10,34.09
2022-06-10,34.09
2022-06-13,34.09
2022-06-13,34.09
2022-06-13,34.09
2022-06-13,34.09
2022-06-13,34.09
2022-06-15,34.09
2022-06-15,34.09
2022-06-15,34.09
2022-06-15,34.09
2022-06-15,34.09
2022-06-16,34.09
2022-06-16,34.09
2022-06-16,34.09
2022-06-16,34.09
2022-06-16,34.09
2022-06-17,34.09
2022-06-17,34.09
2022-06-17,34.09
2022-06-17,34.09
2022-06-17,34.09
2022-06-20,34.09
2022-06-20,34.09
2022-06-20,34.09
2022-06-20,34.09
2022-06-20,34.09
2022-06-21,34.09
2022-06-21,34.09
2022-06-21,34.09
2022-06-21,34.09
2022-06-21,34.09
2022-06-22,34.09
2022-06-22,34.09
2022-06-22,34.09
2022-06-22,34.09
2022-06-22,34.09
2022-06-23,34.09
2022-06-23,34.09
2022-06-23,34.09
2022-06-23,34.09
2022-06-23,34.09
2022-06-24,34.09
2022-06-24,34.09
2022-06-24,34.09
2022-06-24,34.09
2022-06-24,34.09
2022-06-27,34.09
2022-06-27,34.09
2022-06-27,34.09
2022-06-27,34.09
2022-06-27,34.09
2022-06-28,34.09
2022-06-28,34.09
2022-06-28,34.09
2022-06-28,34.09
2022-06-28,34.09
2022-06-29,34.09
2022-06-29,34.09
2022-06-29,34.09
2022-06-29,34.09
2022-06-29,34.09
2022-06-30,34.09
2022-06-30,34.09
2022-06-30,34.09
2022-06-30,34.09
2022-06-30,34.09
2022-07-01,34.09
2022-07-01,34.09
2022-07-01,34.09
2022-07-01,34.09
2022-07-01,34.09
2022-07-04,34.09
2022-07-04,34.09
2022-07-04,34.09
2022-07-04,34.09
2022-07-04,34.09
2022-07-05,34.09
2022-07-05,34.09
2022-07-05,34.09
2022-07-05,34.09
2022-07-05,34.09
2022-07-06,34.09
2022-07-06,34.09
2022-07-06,34.09
2022-07-06,34.09
2022-07-06,34.09
2022-07-07,34.09
2022-07-07,34.09
2022-07-07,34.09
2022-07-07,34.09
2022-07-07,34.09
2022-07-08,34.09
2022-07-08,34.09
2022-07-08,34.09
2022-07-08,34.09
2022-07-08,34.09
2022-07-11,34.09
2022-07-11,34.09
2022-07-11,34.09
2022-07-11,34.09
2022-07-11,34.09
2022-07-12,34.09
2022-07-12,34.09
2022-07-12,34.09
2022-07-12,34.09
2022-07-12,34.09
2022-07-13,34.09
2022-07-13,34.09
2022-07-13,34.09
2022-07-13,34.09
2022-07-13,34.09
2022-07-14,34.09
2022-07-14,34.09
2022-07-14,34.09
2022-07-14,34.09
2022-07-14,34.09
2022-07-15,34.09
2022-07-15,34.09
2022-07-15,34.09
2022-07-15,34.09
2022-07-15,34.09
2022-07-18,34.09
2022-07-18,34.09
2022-07-18,34.09
2022-07-18,34.09
2022-07-18,34.09
2022-07-19,34.09
2022-07-19,34.09
2022-07-19,34.09
2022-07-19,34.09
2022-07-19,34.09
2022-07-20,34.09
2022-07-20,34.09
2022-07-20,34.09
2022-07-20,34.09
2022-07-20,34.09
2022-07-21,34.09
2022-07-21,34.09
2022-07-21,34.09
2022-07-21,34.09
2022-07-21,34.09
2022-07-22,34.09
2022-07-22,34.09
2022-07-22,34.09
2022-07-22,34.09
2022-07-22,34.09
2022-07-25,34.09
2022-07-25,34.09
2022-07-25,34.09
2022-07-25,34.09
2022-07-25,34.09
2022-07-26,34.09
2022-07-26,34.09
2022-07-26,34.09
2022-07-26,34.09
2022-07-26,34.09
2022-07-27,34.09
2022-07-27,34.09
2022-07-27,34.09
2022-07-27,34.09
2022-07-27,34.09
2022-07-28,34.09
2022-07-28,34.09
2022-07-28,34.09
2022-07-28,34.09
2022-07-28,34.09
2022-07-29,34.09
2022-07-29,34.09
2022-07-29,34.09
2022-07-29,34.09
2022-07-29,34.09
2022-08-02,34.09
2022-08-02,34.09
2022-08-02,34.09
2022-08-02,34.09
2022-08-02,34.09
2022-08-03,34.09
2022-08-03,34.09
2022-08-03,34.09
2022-08-03,34.09
2022-08-03,34.09
2022-08-04,34.09
2022-08-04,34.09
2022-08-04,34.09
2022-08-04,34.09
2022-08-04,34.09
2022-08-05,34.09
2022-08-05,34.09
2022-08-05,34.09
2022-08-05,34.09
2022-08-05,34.09
2022-08-08,34.09
2022-08-08,34.09
2022-08-08,34.09
2022-08-08,34.09
2022-08-08,34.09
2022-08-09,34.09
2022-08-09,34.09
2022-08-09,34.09
2022-08-09,34.09
2022-08-09,34.09
2022-08-10,34.09
2022-08-10,34.09
2022-08-10,34.09
2022-08-10,34.09
2022-08-10,34.09
2022-08-11,34.09
2022-08-11,34.09
2022-08-11,34.09
2022-08-11,34.09
2022-08-11,34.09
2022-08-12,34.09
2022-08-12,34.09
2022-08-12,34.09
2022-08-12,34.09
2022-08-12,34.09
2022-08-15,34.09
2022-08-15,34.09
2022-08-15,34.09
2022-08-15,34.09
2022-08-15,34.09
2022-08-16,34.09
2022-08-16,34.09
2022-08-16,34.09
2022-08-16,34.09
2022-08-16,34.09
2022-08-17,34.09
2022-08-17,34.09
2022-08-17,34.09
2022-08-17,34.09
2022-08-17,34.09
2022-08-18,34.09
2022-08-18,34.09
2022-08-18,34.09
2022-08-18,34.09
2022-08-18,34.09
2022-08-19,34.09
2022-08-19,34.09
2022-08-19,34.09
2022-08-19,34.09
2022-08-19,34.09
2022-08-22,34.09
2022-08-22,34.09
2022-08-22,34.09
2022-08-22,34.09
2022-08-22,34.09
2022-08-23,34.09
2022-08-23,34.09
2022-08-23,34.09
2022-08-23,34.09
2022-08-23,34.09
2022-08-24,34.09
2022-08-24,34.09
2022-08-24,34.09
2022-08-24,34.09
2022-08-24,34.09
2022-08-25,34.09
2022-08-25,34.09
2022-08-25,34.09
2022-08-25,34.09
2022-08-25,34.09
2022-08-26,34.09
2022-08-26,34.09
2022-08-26,34.09
2022-08-26,34.09
2022-08-26,34.09
2022-08-29,34.09
2022-08-29,34.09
2022-08-29,34.09
2022-08-29,34.09
2022-08-29,34.09
2022-08-30,34.09
2022-08-30,34.09
2022-08-30,34.09
2022-08-30,34.09
2022-08-30,34.09
2022-08-31,34.09
2022-08-31,34.09
2022-08-31,34.09
2022-08-31,34.09
2022-08-31,34.09
2022-09-01,34.09
2022-09-01,34.09
2022-09-01,34.09
2022-09-01,34.09
2022-09-01,34.09
2022-09-02,34.09
2022-09-02,34.09
2022-09-02,34.09
2022-09-02,34.09
2022-09-02,34.09
2022-09-05,34.09
2022-09-05,34.09
2022-09-05,34.09
2022-09-05,34.09
2022-09-05,34.09
2022-09-06,34.09
2022-09-06,34.09
2022-09-06,34.09
2022-09-06,34.09
2022-09-06,34.09
2022-09-07,34.09
2022-09-07,34.09
2022-09-07,34.09
2022-09-07,34.09
2022-09-07,34.09
2022-09-08,34.09
2022-09-08,34.09
2022-09-08,34.09
2022-09-08,34.09
2022-09-08,34.09
2022-09-09,34.09
2022-09-09,34.09
2022-09-09,34.09
2022-09-09,34.09
2022-09-09,34.09
2022-09-12,34.09
2022-09-12,34.09
2022-09-12,34.09
2022-09-12,34.09
2022-09-12,34.09
2022-09-13,34.09
2022-09-13,34.09
2022-09-13,34.09
2022-09-13,34.09
2022-09-13,34.09
2022-09-14,34.09
2022-09-14,34.09
2022-09-14,34.09
2022-09-14,34.09
2022-09-14,34.09
2022-09-15,34.09
2022-09-15,34.09
2022-09-15,34.09
2022-09-15,34.09
2022-09-15,34.09
2022-09-16,34.09
2022-09-16,34.09
2022-09-16,34.09
2022-09-16,34.09
2022-09-16,34.09
2022-09-19,34.09
2022-09-19,34.09
2022-09-19,34.09
2022-09-19,34.09
2022-09-19,34.09
2022-09-20,34.09
2022-09-20,34.09
2022-09-20,34.09
2022-09-20,34.09
2022-09-20,34.09
2022-09-21,34.09
2022-09-21,34.09
2022-09-21,34.09
2022-09-21,34.09
2022-09-21,34.09
2022-09-22,34.09
2022-09-22,34.09
2022-09-22,34.09
2022-09-22,34.09
2022-09-22,34.09
2022-09-26,34.09
2022-09-26,34.09
2022-09-26,34.09
2022-09-26,34.09
2022-09-26,34.09
2022-09-27,34.09
2022-09-27,34.09
2022-09-27,34.09
2022-09-27,34.09
2022-09-27,34.09
2022-09-28,34.09
2022-09-28,34.09
2022-09-28,34.09
2022-09-28,34.09
2022-09-28,34.09
2022-09-29,34.09
2022-09-29,34.09
2022-09-29,34.09
2022-09-29,34.09
2022-09-29,34.09
2022-10-03,34.09
2022-10-03,34.09
2022-10-03,34.09
2022-10-03,34.09
2022-10-03,34.09
2022-10-07,34.09
2022-10-07,34.09
2022-10-07,34.09
2022-10-07,34.09
2022-10-07,34.09
2022-10-10,34.09
2022-10-10,34.09
2022-10-10,34.09
2022-10-10,34.09
2022-10-10,34.09
2022-10-11,34.09
2022-10-11,34.09
2022-10-11,34.09
2022-10-11,34.09
2022-10-11,34.09
2022-10-12,34.09
2022-10-12,34.09
2022-10-12,34.09
2022-10-12,34.09
2022-10-12,34.09
2022-10-13,34.09
2022-10-13,34.09
2022-10-13,34.09
2022-10-13,34.09
2022-10-13,34.09
2022-10-14,34.09
2022-10-14,34.09
2022-10-14,34.09
2022-10-14,34.09
2022-10-14,34.09
2022-10-17,34.09
2022-10-17,34.09
2022-10-17,34.09
2022-10-17,34.09
2022-10-17,34.09
2022-10-18,34.09
2022-10-18,34.09
2022-10-18,34.09
2022-10-18,34.09
2022-10-18,34.09
2022-10-19,34.09
2022-10-19,34.09
2022-10-19,34.09
2022-10-19,34.09
2022-10-19,34.09
2022-10-20,34.09
2022-10-20,34.09
2022-10-20,34.09
2022-10-20,34.09
2022-10-20,34.09
2022-10-21,34.09
2022-10-21,34.09
2022-10-21,34.09
2022-10-21,34.09
2022-10-21,34.09
2022-10-24,34.09
2022-10-24,34.09
2022-10-24,34.09
2022-10-24,34.09
2022-10-24,34.09
2022-10-25,34.09
2022-10-25,34.09
2022-10-25,34.09
2022-10-25,34.09
2022-10-25,34.09
2022-10-26,34.09
2022-10-26,34.09
2022-10-26,34.09
2022-10-26,34.09
2022-10-26,34.09
2022-10-27,34.09
2022-10-27,34.09
2022-10-27,34.09
2022-10-27,34.09
2022-10-27,34.09
2022-10-28,34.09
2022-10-28,34.09
2022-10-28,34.09
2022-10-28,34.09
2022-10-28,34.09
2022-10-31,34.09
2022-10-31,34.09
2022-10-31,34.09
2022-10-31,34.09
2022-10-31,34.09
2022-11-02,34.09
2022-11-02,34.09
2022-11-02,34.09
2022-11-02,34.09
2022-11-02,34.09
2022-11-03,34.09
2022-11-03,34.09
2022-11-03,34.09
2022-11-03,34.09
2022-11-03,34.09
2022-11-04,34.09
2022-11-04,34.09
2022-11-04,34.09
2022-11-04,34.09
2022-11-04,34.09
2022-11-07,34.09
2022-11-07,34.09
2022-11-07,34.09
2022-11-07,34.09
2022-11-07,34.09
2022-11-08,34.09
2022-11-08,34.09
2022-11-08,34.09
2022-11-08,34.09
2022-11-08,34.09
2022-11-09,34.09
2022-11-09,34.09
2022-11-09,34.09
2022-11-09,34.09
2022-11-09,34.09
2022-11-10,34.09
2022-11-10,34.09
2022-11-10,34.09
2022-11-10,34.09
2022-11-10,34.09
2022-11-14,34.09
2022-11-14,34.09
2022-11-14,34.09
2022-11-14,34.09
2022-11-14,34.09
2022-11-16,34.09
2022-11-16,34.09
2022-11-16,34.09
2022-11-16,34.09
2022-11-16,34.09
2022-11-17,34.09
2022-11-17,34.09
2022-11-17,34.09
2022-11-17,34.09
2022-11-17,34.09
2022-11-18,34.09
2022-11-18,34.09
2022-11-18,34.09
2022-11-18,34.09
2022-11-18,34.09
2022-11-21,34.09
2022-11-21,34.09
2022-11-21,34.09
2022-11-21,34.09
2022-11-21,34.09
2022-11-22,34.09
2022-11-22,34.09
2022-11-22,34.09
2022-11-22,34.09
2022-11-22,34.09
2022-11-23,34.09
2022-11-23,34.09
2022-11-23,34.09
2022-11-23,34.09
2022-11-23,34.09
2022-11-24,34.09
2022-11-24,34.09
2022-11-24,34.09
2022-11-24,34.09
2022-11-24,34.09
2022-11-25,34.09
2022-11-25,34.09
2022-11-25,34.09
2022-11-25,34.09
2022-11-25,34.09
2022-11-28,34.09
2022-11-28,34.09
2022-11-28,34.09
2022-11-28,34.09
2022-11-28,34.09
2022-11-29,34.09
2022-11-29,34.09
2022-11-29,34.09
2022-11-29,34.09
2022-11-29,34.09
2022-11-30,34.09
2022-11-30,34.09
2022-11-30,34.09
2022-11-30,34.09
2022-11-30,34.09
2022-12-01,34.09
2022-12-01,34.09
2022-12-01,34.09
2022-12-01,34.09
2022-12-01,34.09
2022-12-02,34.09
2022-12-02,34.09
2022-12-02,34.09
2022-12-02,34.09
2022-12-02,34.09
2022-12-05,34.09
2022-12-05,34.09
2022-12-06,34.09
2022-12-06,34.09
2022-12-06,34.09
2022-12-06,34.09
2022-12-06,34.09
2022-12-07,34.09
2022-12-07,34.09
2022-12-07,34.09
2022-12-07,34.09
2022-12-07,34.09
2022-12-08,34.09
2022-12-08,34.09
2022-12-08,34.09
2022-12-08,34.09
2022-12-08,34.09
2022-12-09,34.09
2022-12-09,34.09
2022-12-09,34.09
2022-12-09,34.09
2022-12-09,34.09
2022-12-12,34.09
2022-12-12,34.09
2022-12-12,34.09
2022-12-12,34.09
2022-12-12,34.09
2022-12-13,34.09
2022-12-13,34.09
2022-12-13,34.09
2022-12-13,34.09
2022-12-13,34.09
2022-12-14,34.09
2022-12-14,34.09
2022-12-14,34.09
2022-12-14,34.09
2022-12-14,34.09
2022-12-15,34.09
2022-12-15,34.09
2022-12-15,34.09
2022-12-15,34.09
2022-12-15,34.09
2022-12-16,34.09
2022-12-16,34.09
2022-12-16,34.09
2022-12-16,34.09
2022-12-16,34.09
2022-12-19,34.09
2022-12-19,34.09
2022-12-19,34.09
2022-12-19,34.09
2022-12-19,34.09
2022-12-20,34.09
2022-12-20,34.09
2022-12-20,34.09
2022-12-20,34.09
2022-12-20,34.09
2022-12-21,34.09
2022-12-21,34.09
2022-12-21,34.09
2022-12-21,34.09
2022-12-21,34.09
2022-12-22,34.09
2022-12-22,34.09
2022-12-22,34.09
2022-12-22,34.09
2022-12-22,34.09
2022-12-23,34.09
2022-12-23,34.09
2022-12-23,34.09
2022-12-23,34.09
2022-12-23,34.09
2022-12-26,34.09
2022-12-26,34.09
2022-12-26,34.09
2022-12-26,34.09
2022-12-26,34.09
2022-12-27,34.09
2022-12-27,34.09
2022-12-27,34.09
2022-12-27,34.09
2022-12-27,34.09
2022-12-28,34.09
2022-12-28,34.09
2022-12-28,34.09
2022-12-28,34.09
2022-12-28,34.09
2022-12-29,34.09
2022-12-29,34.09
2022-12-29,34.09
2022-12-29,34.09
2022-12-29,34.09
2022-12-30,34.09
2022-12-30,34.09
2022-12-30,34.09
2022-12-30,34.09
2022-12-30,34.09
2023-01-03,34.09
2023-01-03,34.09
2023-01-03,34.09
2023-01-03,34.09
2023-01-03,34.09
2023-01-04,34.09
2023-01-04,34.09
2023-01-04,34.09
2023-01-04,34.09
2023-01-04,34.09
2023-01-05,34.09
2023-01-05,34.09
2023-01-05,34.09
2023-01-05,34.09
2023-01-05,34.09
2023-01-06,34.09
2023-01-06,34.09
2023-01-06,34.09
2023-01-06,34.09
2023-01-06,34.09
2023-01-09,34.09
2023-01-09,34.09
2023-01-09,34.09
2023-01-09,34.09
2023-01-09,34.09
2023-01-10,34.09
2023-01-10,34.09
2023-01-10,34.09
2023-01-10,34.09
2023-01-10,34.09
2023-01-11,34.09
2023-01-11,34.09
2023-01-11,34.09
2023-01-11,34.09
2023-01-11,34.09
2023-01-12,34.09
2023-01-12,34.09
2023-01-12,34.09
2023-01-12,34.09
2023-01-12,34.09
2023-01-13,34.09
2023-01-13,34.09
2023-01-13,34.09
2023-01-13,34.09
2023-01-13,34.09
2023-01-16,34.09
2023-01-16,34.09
2023-01-16,34.09
2023-01-16,34.09
2023-01-16,34.09
2023-01-17,34.09
2023-01-17,34.09
2023-01-17,34.09
2023-01-17,34.09
2023-01-17,34.09
2023-01-18,34.09
2023-01-18,34.09
2023-01-18,34.09
2023-01-18,34.09
2023-01-18,34.09
2023-01-19,34.09
2023-01-19,34.09
2023-01-19,34.09
2023-01-19,34.09
2023-01-19,34.09
2023-01-20,34.09
2023-01-20,34.09
2023-01-20,34.09
2023-01-20,34.09
2023-01-20,34.09
2023-01-23,34.09
2023-01-23,34.09
2023-01-23,34.09
2023-01-23,34.09
2023-01-23,34.09
2023-01-24,34.09
2023-01-24,34.09
2023-01-24,34.09
2023-01-24,34.09
2023-01-24,34.09
2023-01-25,34.09
2023-01-25,34.09
2023-01-25,34.09
2023-01-25,34.09
2023-01-25,34.09
2023-01-26,34.09
2023-01-26,34.09
2023-01-26,34.09
2023-01-26,34.09
2023-01-26,34.09
2023-01-27,40.55
2023-01-27,40.55
2023-01-27,40.55
2023-01-27,40.55
2023-01-27,40.55
2023-01-30,40.55
2023-01-30,40.55
2023-01-30,40.55
2023-01-30,40.55
2023-01-30,40.55
2023-01-31,40.55
2023-01-31,40.55
2023-01-31,40.55
2023-01-31,40.55
2023-01-31,40.55
2023-02-01,40.55
2023-02-01,40.55
2023-02-01,40.55
2023-02-01,40.55
2023-02-01,40.55
2023-02-02,40.55
2023-02-02,40.55
2023-02-02,40.55
2023-02-02,40.55
2023-02-02,40.55
2023-02-03,40.55
2023-02-03,40.55
2023-02-03,40.55
2023-02-03,40.55
2023-02-03,40.55
2023-02-06,40.55
2023-02-06,40.55
2023-02-06,40.55
2023-02-06,40.55
2023-02-06,40.55
2023-02-07,40.55
2023-02-07,40.55
2023-02-07,40.55
2023-02-07,40.55
2023-02-07,40.55
2023-02-08,40.55
2023-02-08,40.55
2023-02-08,40.55
2023-02-08,40.55
2023-02-08,40.55
2023-02-09,40.55
2023-02-09,40.55
2023-02-09,40.55
2023-02-09,40.55
2023-02-09,40.55
2023-02-10,40.55
2023-02-10,40.55
2023-02-10,40.55
2023-02-10,40.55
2023-02-10,40.55
2023-02-13,40.55
2023-02-13,40.55
2023-02-13,40.55
2023-02-13,40.55
2023-02-13,40.55
2023-02-14,40.55
2023-02-14,40.55
2023-02-14,40.55
2023-02-14,40.55
2023-02-14,40.55
2023-02-15,40.55
2023-02-15,40.55
2023-02-15,40.55
2023-02-15,40.55
2023-02-15,40.55
2023-02-16,40.55
2023-02-16,40.55
2023-02-16,40.55
2023-02-16,40.55
2023-02-16,40.55
2023-02-17,40.55
2023-02-17,40.55
2023-02-17,40.55
2023-02-17,40.55
2023-02-17,40.55
2023-02-20,40.55
2023-02-20,40.55
2023-02-20,40.55
2023-02-20,40.55
2023-02-20,40.55
2023-02-24,40.55
2023-02-24,40.55
2023-02-24,40.55
2023-02-24,40.55
2023-02-24,40.55
2023-02-27,40.55
2023-02-27,40.55
2023-02-27,40.55
2023-02-27,40.55
2023-02-27,40.55
2023-02-28,40.55
2023-02-28,40.55
2023-02-28,40.55
2023-02-28,40.55
2023-02-28,40.55
2023-03-01,40.55
2023-03-01,40.55
2023-03-01,40.55
2023-03-01,40.55
2023-03-01,40.55
2023-03-02,40.55
2023-03-02,40.55
2023-03-02,40.55
2023-03-02,40.55
2023-03-02,40.55
2023-03-03,40.55
2023-03-03,40.55
2023-03-03,40.55
2023-03-03,40.55
2023-03-03,40.55
2023-03-06,40.55
2023-03-06,40.55
2023-03-06,40.55
2023-03-06,40.55
2023-03-06,40.55
2023-03-07,40.55
2023-03-07,40.55
2023-03-07,40.55
2023-03-07,40.55
2023-03-07,40.55
2023-03-08,40.55
2023-03-08,40.55
2023-03-08,40.55
2023-03-08,40.55
2023-03-08,40.55
2023-03-09,40.55
2023-03-09,40.55
2023-03-09,40.55
2023-03-09,40.55
2023-03-09,40.55
2023-03-10,40.55
2023-03-10,40.55
2023-03-10,40.55
2023-03-10,40.55
2023-03-10,40.55
2023-03-13,40.55
2023-03-13,40.55
2023-03-13,40.55
2023-03-13,40.55
2023-03-13,40.55
2023-03-14,40.55
2023-03-14,40.55
2023-03-14,40.55
2023-03-14,40.55
2023-03-14,40.55
2023-03-15,40.55
2023-03-15,40.55
2023-03-15,40.55
2023-03-15,40.55
2023-03-15,40.55
2023-03-16,40.55
2023-03-16,40.55
2023-03-16,40.55
2023-03-16,40.55
2023-03-16,40.55
2023-03-17,40.55
2023-03-17,40.55
2023-03-17,40.55
2023-03-17,40.55
2023-03-17,40.55
2023-03-20,40.55
2023-03-20,40.55
2023-03-20,40.55
2023-03-20,40.55
2023-03-20,40.55
2023-03-21,40.55
2023-03-21,40.55
2023-03-21,40.55
2023-03-21,40.55
2023-03-21,40.55
2023-03-22,40.55
2023-03-22,40.55
2023-03-22,40.55
2023-03-22,40.55
2023-03-22,40.55
2023-03-23,40.55
2023-03-23,40.55
2023-03-23,40.55
2023-03-23,40.55
2023-03-23,40.55
2023-03-24,40.55
2023-03-24,40.55
2023-03-24,40.55
2023-03-24,40.55
2023-03-24,40.55
2023-03-27,40.55
2023-03-27,40.55
2023-03-27,40.55
2023-03-27,40.55
2023-03-27,40.55
2023-03-28,40.55
2023-03-28,40.55
2023-03-28,40.55
2023-03-28,40.55
2023-03-28,40.55
2023-03-29,40.55
2023-03-29,40.55
2023-03-29,40.55
2023-03-29,40.55
2023-03-29,40.55
2023-03-30,40.55
2023-03-30,40.55
2023-03-30,40.55
2023-03-30,40.55
2023-03-30,40.55
2023-03-31,40.55
2023-03-31,40.55
2023-03-31,40.55
2023-03-31,40.55
2023-03-31,40.55
2023-04-03,40.55
2023-04-03,40.55
2023-04-03,40.55
2023-04-03,40.55
2023-04-03,40.55
2023-04-04,40.55
2023-04-04,40.55
2023-04-04,40.55
2023-04-04,40.55
2023-04-04,40.55
2023-04-05,40.55
2023-04-05,40.55
2023-04-05,40.55
2023-04-05,40.55
2023-04-05,40.55
2023-04-06,40.55
2023-04-06,40.55
2023-04-06,40.55
2023-04-06,40.55
2023-04-06,40.55
2023-04-07,29.55
2023-04-07,29.55
2023-04-07,29.55
2023-04-07,29.55
2023-04-07,29.55
2023-04-10,29.55
2023-04-10,29.55
2023-04-10,29.55
2023-04-10,29.55
2023-04-10,29.55
2023-04-11,29.55
2023-04-11,29.55
2023-04-11,29.55
2023-04-11,29.55
2023-04-11,29.55
2023-04-12,29.55
2023-04-12,29.55
2023-04-12,29.55
2023-04-12,29.55
2023-04-12,29.55
2023-04-13,29.55
2023-04-13,29.55
2023-04-13,29.55
2023-04-13,29.55
2023-04-13,29.55
2023-04-14,31.03
2023-04-14,31.03
2023-04-14,31.03
2023-04-14,31.03
2023-04-14,31.03
2023-04-17,31.03
2023-04-17,31.03
2023-04-17,31.03
2023-04-17,31.03
2023-04-17,31.03
2023-04-18,31.03
2023-04-18,31.03
2023-04-18,31.03
2023-04-18,31.03
2023-04-18,31.03
2023-04-19,31.03
2023-04-19,31.03
2023-04-19,31.03
2023-04-19,31.03
2023-04-19,31.03
2023-04-21,31.03
2023-04-21,31.03
2023-04-21,31.03
2023-04-21,31.03
2023-04-21,31.03
2023-04-24,31.03
2023-04-24,31.03
2023-04-24,31.03
2023-04-24,31.03
2023-04-24,31.03
2023-04-25,31.03
2023-04-25,31.03
2023-04-25,31.03
2023-04-25,31.03
2023-04-25,31.03
2023-04-26,31.03
2023-04-26,31.03
2023-04-26,31.03
2023-04-26,31.03
2023-04-26,31.03
2023-04-27,31.03
2023-04-27,31.03
2023-04-27,31.03
2023-04-27,31.03
2023-04-27,31.03
2023-04-28,31.03
2023-04-28,31.03
2023-04-28,31.03
2023-04-28,31.03
2023-04-28,31.03
2023-05-01,31.03
2023-05-01,31.03
2023-05-01,31.03
2023-05-01,31.03
2023-05-01,31.03
2023-05-03,31.03
2023-05-03,31.03
2023-05-03,31.03
2023-05-03,31.03
2023-05-03,31.03
2023-05-04,31.03
2023-05-04,31.03
2023-05-04,31.03
2023-05-04,31.03
2023-05-04,31.03
2023-05-05,31.03
2023-05-05,31.03
2023-05-05,31.03
2023-05-05,31.03
2023-05-05,31.03
2023-05-08,31.03
2023-05-08,31.03
2023-05-08,31.03
2023-05-08,31.03
2023-05-08,31.03
2023-05-09,31.03
2023-05-09,31.03
2023-05-09,31.03
2023-05-09,31.03
2023-05-09,31.03
2023-05-10,31.03
2023-05-10,31.03
2023-05-10,31.03
2023-05-10,31.03
2023-05-10,31.03
2023-05-11,31.03
2023-05-11,31.03
2023-05-11,31.03
2023-05-11,31.03
2023-05-11,31.03
2023-05-12,31.03
2023-05-12,31.03
2023-05-12,31.03
2023-05-12,31.03
2023-05-12,31.03
2023-05-15,31.03
2023-05-15,31.03
2023-05-15,31.03
2023-05-15,31.03
2023-05-15,31.03
2023-05-16,31.03
2023-05-16,31.03
2023-05-16,31.03
2023-05-16,31.03
2023-05-16,31.03
2023-05-17,31.03
2023-05-17,31.03
2023-05-17,31.03
2023-05-17,31.03
2023-05-17,31.03
2023-05-18,31.03
2023-05-18,31.03
2023-05-18,31.03
2023-05-18,31.03
2023-05-18,31.03
2023-05-19,31.03
2023-05-19,31.03
2023-05-19,31.03
2023-05-19,31.03
2023-05-19,31.03
2023-05-22,31.03
2023-05-22,31.03
2023-05-22,31.03
2023-05-22,31.03
2023-05-22,31.03
2023-05-23,31.03
2023-05-23,31.03
2023-05-23,31.03
2023-05-23,31.03
2023-05-23,31.03
2023-05-24,31.03
2023-05-24,31.03
2023-05-24,31.03
2023-05-24,31.03
2023-05-24,31.03
2023-05-25,31.03
2023-05-25,31.03
2023-05-25,31.03
2023-05-25,31.03
2023-05-25,31.03
2023-05-26,31.03
2023-05-26,31.03
2023-05-26,31.03
2023-05-26,31.03
2023-05-26,31.03
2023-05-29,31.03
2023-05-29,31.03
2023-05-29,31.03
2023-05-29,31.03
2023-05-29,31.03
2023-05-30,31.03
2023-05-30,31.03
2023-05-30,31.03
2023-05-30,31.03
2023-05-30,31.03
2023-05-31,31.03
2023-05-31,31.03
2023-05-31,31.03
2023-05-31,31.03
2023-05-31,31.03
2023-06-01,31.03
2023-06-01,31.03
2023-06-01,31.03
2023-06-01,31.03
2023-06-01,31.03
2023-06-02,31.03
2023-06-02,31.03
2023-06-02,31.03
2023-06-02,31.03
2023-06-02,31.03
2023-06-05,31.03
2023-06-05,31.03
2023-06-05,31.03
2023-06-05,31.03
2023-06-05,31.03
2023-06-06,31.03
2023-06-06,31.03
2023-06-06,31.03
2023-06-06,31.03
2023-06-06,31.03
2023-06-07,31.03
2023-06-07,31.03
2023-06-07,31.03
2023-06-07,31.03
2023-06-07,31.03
2023-06-08,31.03
2023-06-08,31.03
2023-06-08,31.03
2023-06-08,31.03
2023-06-08,31.03
2023-06-09,31.03
2023-06-09,31.03
2023-06-09,31.03
2023-06-09,31.03
2023-06-09,31.03
2023-06-12,31.03
2023-06-12,31.03
2023-06-12,31.03
2023-06-12,31.03
2023-06-12,31.03
2023-06-13,31.03
2023-06-13,31.03
2023-06-13,31.03
2023-06-13,31.03
2023-06-13,31.03
2023-06-14,31.03
2023-06-14,31.03
2023-06-14,31.03
2023-06-14,31.03
2023-06-14,31.03
2023-06-15,31.03
2023-06-15,31.03
2023-06-15,31.03
2023-06-15,31.03
2023-06-15,31.03
2023-06-16,31.03
2023-06-16,31.03
2023-06-16,31.03
2023-06-16,31.03
2023-06-16,31.03
2023-06-19,31.03
2023-06-19,31.03
2023-06-19,31.03
2023-06-19,31.03
2023-06-19,31.03
2023-06-20,31.03
2023-06-20,31.03
2023-06-20,31.03
2023-06-20,31.03
2023-06-20,31.03
2023-06-21,31.03
2023-06-21,31.03
2023-06-21,31.03
2023-06-21,31.03
2023-06-21,31.03
2023-06-22,31.03
2023-06-22,31.03
2023-06-22,31.03
2023-06-22,31.03
2023-06-22,31.03
2023-06-23,31.03
2023-06-23,31.03
2023-06-23,31.03
2023-06-23,31.03
2023-06-23,31.03
2023-06-26,31.03
2023-06-26,31.03
2023-06-26,31.03
2023-06-26,31.03
2023-06-26,31.03
2023-06-27,31.03
2023-06-27,31.03
2023-06-27,31.03
2023-06-27,31.03
2023-06-27,31.03
2023-06-29,31.03
2023-06-29,31.03
2023-06-29,31.03
2023-06-29,31.03
2023-06-29,31.03
2023-06-30,31.03
2023-06-30,31.03
2023-06-30,31.03
2023-06-30,31.03
2023-06-30,31.03
2023-07-03,31.03
2023-07-03,31.03
2023-07-03,31.03
2023-07-03,31.03
2023-07-03,31.03
2023-07-04,31.03
2023-07-04,31.03
2023-07-04,31.03
2023-07-04,31.03
2023-07-04,31.03
2023-07-05,31.03
2023-07-05,31.03
2023-07-05,31.03
2023-07-05,31.03
2023-07-05,31.03
2023-07-06,31.03
2023-07-06,31.03
2023-07-06,31.03
2023-07-06,31.03
2023-07-06,31.03
2023-07-07,31.03
2023-07-07,31.03
2023-07-07,31.03
2023-07-07,31.03
2023-07-07,31.03
2023-07-10,31.03
2023-07-10,31.03
2023-07-10,31.03
2023-07-10,31.03
2023-07-10,31.03
2023-07-11,31.03
2023-07-11,31.03
2023-07-11,31.03
2023-07-11,31.03
2023-07-11,31.03
2023-07-12,31.03
2023-07-12,31.03
2023-07-12,31.03
2023-07-12,31.03
2023-07-12,31.03
2023-07-13,31.03
2023-07-13,31.03
2023-07-13,31.03
2023-07-13,31.03
2023-07-13,31.03
2023-07-14,31.03
2023-07-14,31.03
2023-07-14,31.03
2023-07-14,31.03
2023-07-14,31.03
2023-07-17,31.03
2023-07-17,31.03
2023-07-17,31.03
2023-07-17,31.03
2023-07-17,31.03
2023-07-18,31.03
2023-07-18,31.03
2023-07-18,31.03
2023-07-18,31.03
2023-07-18,31.03
2023-07-19,31.03
2023-07-19,31.03
2023-07-19,31.03
2023-07-19,31.03
2023-07-19,31.03
2023-07-20,31.03
2023-07-20,31.03
2023-07-20,31.03
2023-07-20,31.03
2023-07-20,31.03
2023-07-24,31.03
2023-07-24,31.03
2023-07-25,31.03
2023-07-25,31.03
2023-07-25,31.03
2023-07-25,31.03
2023-07-25,31.03
2023-07-26,31.03
2023-07-26,31.03
2023-07-26,31.03
2023-07-26,31.03
2023-07-26,31.03
2023-07-27,31.03
2023-07-27,31.03
2023-07-27,31.03
2023-07-27,31.03
2023-07-27,31.03
2023-07-28,31.03
2023-07-28,31.03
2023-07-28,31.03
2023-07-28,31.03
2023-07-28,31.03
2023-07-31,31.03
2023-07-31,31.03
2023-07-31,31.03
2023-07-31,31.03
2023-07-31,31.03
2023-08-01,31.03
2023-08-01,31.03
2023-08-01,31.03
2023-08-01,44.5
2023-08-01,44.5
2023-08-02,44.5
2023-08-02,44.5
2023-08-02,44.5
2023-08-02,44.5
2023-08-02,44.5
2023-08-03,44.5
2023-08-03,44.5
2023-08-03,44.5
2023-08-03,44.5
2023-08-03,44.5
2023-08-04,44.5
2023-08-04,44.5
2023-08-04,44.5
2023-08-04,44.5
2023-08-04,44.5
2023-08-07,44.5
2023-08-07,44.5
2023-08-07,44.5
2023-08-07,44.5
2023-08-07,44.5
2023-08-08,44.5
2023-08-08,44.5
2023-08-08,44.5
2023-08-08,44.5
2023-08-08,44.5
2023-08-09,44.5
2023-08-09,44.5
2023-08-09,44.5
2023-08-09,44.5
2023-08-09,44.5
2023-08-10,44.5
2023-08-10,44.5
2023-08-10,44.5
2023-08-10,44.5
2023-08-10,44.5
2023-08-11,44.5
2023-08-11,44.5
2023-08-11,44.5
2023-08-11,44.5
2023-08-11,44.5
2023-08-14,44.5
2023-08-14,44.5
2023-08-14,44.5
2023-08-14,44.5
2023-08-14,44.5
2023-08-15,44.5
2023-08-15,44.5
2023-08-15,44.5
2023-08-15,44.5
2023-08-15,44.5
2023-08-16,44.5
2023-08-16,44.5
2023-08-16,44.5
2023-08-16,44.5
2023-08-16,44.5
2023-08-17,44.5
2023-08-17,44.5
2023-08-17,44.5
2023-08-17,44.5
2023-08-17,44.5
2023-08-18,44.5
2023-08-18,44.5
2023-08-18,44.5
2023-08-18,44.5
2023-08-18,44.5
2023-08-21,44.5
2023-08-21,44.5
2023-08-21,44.5
2023-08-21,44.5
2023-08-21,44.5
2023-08-22,44.5
2023-08-22,44.5
2023-08-22,44.5
2023-08-22,44.5
2023-08-22,44.5
2023-08-23,44.5
2023-08-23,44.5
2023-08-23,44.5
2023-08-23,44.5
2023-08-23,44.5
2023-08-24,44.5
2023-08-24,44.5
2023-08-24,44.5
2023-08-24,44.5
2023-08-24,44.5
2023-08-25,44.5
2023-08-25,44.5
2023-08-25,44.5
2023-08-25,44.5
2023-08-25,44.5
2023-08-28,44.5
2023-08-28,44.5
2023-08-28,44.5
2023-08-28,44.5
2023-08-28,44.5
2023-08-29,44.5
2023-08-29,44.5
2023-08-29,44.5
2023-08-29,44.5
2023-08-29,44.5
2023-08-30,44.5
2023-08-30,44.5
2023-08-30,44.5
2023-08-30,44.5
2023-08-30,44.5
2023-08-31,44.5
2023-08-31,44.5
2023-08-31,44.5
2023-08-31,44.5
2023-08-31,44.5
2023-09-01,44.5
2023-09-01,44.5
2023-09-01,44.5
2023-09-01,44.5
2023-09-01,44.5
2023-09-04,44.5
2023-09-04,44.5
2023-09-04,44.5
2023-09-04,44.5
2023-09-04,44.5
2023-09-05,44.5
2023-09-05,44.5
2023-09-05,44.5
2023-09-05,44.5
2023-09-05,44.5
2023-09-06,44.5
2023-09-06,44.5
2023-09-06,44.5
2023-09-06,44.5
2023-09-06,44.5
2023-09-07,44.5
2023-09-07,44.5
2023-09-07,44.5
2023-09-07,44.5
2023-09-07,44.5
2023-09-08,44.5
2023-09-08,44.5
2023-09-08,44.5
2023-09-08,44.5
2023-09-08,44.5
2023-09-11,44.5
2023-09-11,44.5
2023-09-11,44.5
2023-09-11,44.5
2023-09-11,44.5
2023-09-12,44.5
2023-09-12,44.5
2023-09-12,44.5
2023-09-12,44.5
2023-09-12,44.5
2023-09-13,44.5
2023-09-13,44.5
2023-09-13,44.5
2023-09-13,44.5
2023-09-13,44.5
2023-09-14,44.5
2023-09-14,44.5
2023-09-14,44.5
2023-09-14,44.5
2023-09-14,44.5
2023-09-15,44.5
2023-09-15,44.5
2023-09-15,44.5
2023-09-15,44.5
2023-09-15,44.5
2023-09-18,44.5
2023-09-18,44.5
2023-09-18,44.5
2023-09-18,44.5
2023-09-18,44.5
2023-09-19,44.5
2023-09-19,44.5
2023-09-19,44.5
2023-09-19,44.5
2023-09-19,44.5
2023-09-21,44.5
2023-09-21,44.5
2023-09-21,44.5
2023-09-21,44.5
2023-09-21,44.5
2023-09-22,44.5
2023-09-22,44.5
2023-09-22,44.5
2023-09-22,44.5
2023-09-22,44.5
2023-09-27,44.5
2023-09-27,44.5
2023-09-27,44.5
2023-09-27,44.5
2023-09-27,44.5
2023-09-28,44.5
2023-09-28,44.5
2023-09-28,44.5
2023-09-28,44.5
2023-09-28,44.5
2023-09-29,44.5
2023-09-29,44.5
2023-09-29,44.5
2023-09-29,44.5
2023-09-29,44.5
2023-10-02,44.5
2023-10-02,44.5
2023-10-02,44.5
2023-10-02,44.5
2023-10-02,44.5
2023-10-03,44.5
2023-10-03,44.5
2023-10-03,44.5
2023-10-03,44.5
2023-10-03,44.5
2023-10-04,44.5
2023-10-04,44.5
2023-10-04,44.5
2023-10-04,44.5
2023-10-04,44.5
2023-10-05,44.5
2023-10-05,44.5
2023-10-05,44.5
2023-10-05,44.5
2023-10-05,44.5
2023-10-06,44.5
2023-10-06,44.5
2023-10-06,44.5
2023-10-06,44.5
2023-10-06,44.5
2023-10-09,44.5
2023-10-09,44.5
2023-10-09,44.5
2023-10-09,44.5
2023-10-09,44.5
2023-10-10,44.5
2023-10-10,44.5
2023-10-10,44.5
2023-10-10,44.5
2023-10-10,44.5
2023-10-11,44.5
2023-10-11,44.5
2023-10-11,44.5
2023-10-11,44.5
2023-10-11,44.5
2023-10-12,44.5
2023-10-12,44.5
2023-10-12,44.5
2023-10-12,44.5
2023-10-12,44.5
2023-10-13,44.5
2023-10-13,44.5
2023-10-13,44.5
2023-10-13,44.5
2023-10-13,44.5
2023-10-16,44.5
2023-10-16,44.5
2023-10-16,44.5
2023-10-16,44.5
2023-10-16,44.5
2023-10-17,44.5
2023-10-17,44.5
2023-10-17,44.5
2023-10-17,44.5
2023-10-17,44.5
2023-10-18,44.5
2023-10-18,44.5
2023-10-18,44.5
2023-10-18,44.5
2023-10-18,44.5
2023-10-19,44.5
2023-10-19,44.5
2023-10-19,44.5
2023-10-19,44.5
2023-10-19,44.5
2023-10-20,44.5
2023-10-20,44.5
2023-10-20,44.5
2023-10-20,44.5
2023-10-20,44.5
2023-10-23,44.5
2023-10-23,44.5
2023-10-23,44.5
2023-10-23,44.5
2023-10-23,44.5
2023-10-25,44.5
2023-10-25,44.5
2023-10-25,44.5
2023-10-25,44.5
2023-10-26,44.5
2023-10-26,44.5
2023-10-26,44.5
2023-10-26,44.5
2023-10-26,44.5
2023-10-27,44.5
2023-10-27,44.5
2023-10-27,44.5
2023-10-27,44.5
2023-10-27,44.5
2023-10-30,44.5
2023-10-30,44.5
2023-10-30,44.5
2023-10-30,44.5
2023-10-30,44.5
2023-10-31,44.5
2023-10-31,44.5
2023-10-31,44.5
2023-10-31,44.5
2023-10-31,44.5
2023-11-02,44.5
2023-11-02,44.5
2023-11-02,44.5
2023-11-02,44.5
2023-11-02,44.5
2023-11-03,44.5
2023-11-03,44.5
2023-11-03,44.5
2023-11-03,44.5
2023-11-03,44.5
2023-11-06,44.5
2023-11-06,44.5
2023-11-06,44.5
2023-11-06,44.5
2023-11-06,44.5
2023-11-07,44.5
2023-11-07,44.5
2023-11-07,44.5
2023-11-07,44.5
2023-11-07,44.5
2023-11-08,44.5
2023-11-08,44.5
2023-11-08,44.5
2023-11-08,44.5
2023-11-08,44.5
2023-11-09,44.5
2023-11-09,44.5
2023-11-09,44.5
2023-11-09,44.5
2023-11-09,44.5
2023-11-10,44.5
2023-11-10,44.5
2023-11-10,44.5
2023-11-10,44.5
2023-11-10,44.5
2023-11-13,44.5
2023-11-13,44.5
2023-11-13,44.5
2023-11-13,44.5
2023-11-13,44.5
2023-11-14,44.5
2023-11-14,44.5
2023-11-14,44.5
2023-11-14,44.5
2023-11-14,44.5
2023-11-15,44.5
2023-11-15,44.5
2023-11-15,44.5
2023-11-15,44.5
2023-11-15,44.5
2023-11-16,44.5
2023-11-16,44.5
2023-11-16,44.5
2023-11-16,44.5
2023-11-16,44.5
2023-11-17,44.5
2023-11-17,44.5
2023-11-17,44.5
2023-11-17,44.5
2023-11-17,44.5
2023-11-20,44.5
2023-11-20,44.5
2023-11-20,44.5
2023-11-20,44.5
2023-11-20,44.5
2023-11-21,44.5
2023-11-21,44.5
2023-11-21,44.5
2023-11-21,44.5
2023-11-21,44.5
2023-11-22,44.5
2023-11-22,44.5
2023-11-22,44.5
2023-11-22,44.5
2023-11-22,44.5
2023-11-23,44.5
2023-11-23,44.5
2023-11-23,44.5
2023-11-23,44.5
2023-11-23,44.5
2023-11-24,44.5
2023-11-24,44.5
2023-11-24,44.5
2023-11-24,44.5
2023-11-24,44.5
2023-11-27,44.5
2023-11-27,44.5
2023-11-27,44.5
2023-11-27,44.5
2023-11-27,44.5
2023-11-28,44.5
2023-11-28,44.5
2023-11-28,44.5
2023-11-28,44.5
2023-11-28,44.5
2023-11-29,44.5
2023-11-29,44.5
2023-11-29,44.5
2023-11-29,44.5
2023-11-29,44.5
2023-12-01,44.5
2023-12-01,44.5
2023-12-01,44.5
2023-12-01,44.5
2023-12-04,44.5
2023-12-04,44.5
2023-12-04,44.5
2023-12-04,44.5
2023-12-04,44.5
2023-12-05,44.5
2023-12-05,44.5
2023-12-05,44.5
2023-12-05,44.5
2023-12-05,44.5
2023-12-06,44.5
2023-12-06,44.5
2023-12-06,51.24
2023-12-06,51.24
2023-12-06,51.24
2023-12-07,51.24
2023-12-07,51.24
2023-12-07,51.24
2023-12-07,51.24
2023-12-07,51.24
2023-12-08,51.24
2023-12-08,51.24
2023-12-08,51.24
2023-12-08,51.24
2023-12-08,51.24
2023-12-11,51.24
2023-12-11,51.24
2023-12-11,51.24
2023-12-11,51.24
2023-12-11,51.24
2023-12-12,51.24
2023-12-12,51.24
2023-12-12,51.24
2023-12-12,51.24
2023-12-12,51.24
2023-12-13,51.24
2023-12-13,51.24
2023-12-13,51.24
2023-12-13,51.24
2023-12-13,51.24
2023-12-14,51.24
2023-12-14,51.24
2023-12-14,51.24
2023-12-14,51.24
2023-12-14,51.24
2023-12-15,51.24
2023-12-15,51.24
2023-12-15,51.24
2023-12-15,51.24
2023-12-15,51.24
2023-12-18,51.24
2023-12-18,51.24
2023-12-18,51.24
2023-12-18,51.24
2023-12-18,51.24
2023-12-19,51.24
2023-12-19,51.24
2023-12-19,51.24
2023-12-19,51.24
2023-12-19,51.24
2023-12-20,51.24
2023-12-20,51.24
2023-12-20,51.24
2023-12-20,51.24
2023-12-20,51.24
2023-12-21,51.24
2023-12-21,51.24
2023-12-21,51.24
2023-12-21,51.24
2023-12-21,51.24
2023-12-22,51.24
2023-12-22,51.24
2023-12-22,51.24
2023-12-22,51.24
2023-12-22,51.24
2023-12-25,51.24
2023-12-25,51.24
2023-12-25,51.24
2023-12-25,51.24
2023-12-25,51.24
2023-12-26,51.24
2023-12-26,51.24
2023-12-26,51.24
2023-12-26,51.24
2023-12-26,51.24
2023-12-27,51.24
2023-12-27,51.24
2023-12-27,51.24
2023-12-27,51.24
2023-12-27,51.24
2023-12-28,51.24
2023-12-28,51.24
2023-12-28,51.24
2023-12-28,51.24
2023-12-28,51.24
2023-12-29,51.24
2023-12-29,51.24
2023-12-29,51.24
2023-12-29,51.24
2023-12-29,51.24
2024-01-01,51.24
2024-01-01,51.24
2024-01-01,51.24
2024-01-01,51.24
2024-01-01,51.24
2024-01-03,51.24
2024-01-03,51.24
2024-01-03,51.24
2024-01-03,51.24
2024-01-03,51.24
2024-01-04,51.24
2024-01-04,51.24
2024-01-04,51.24
2024-01-04,51.24
2024-01-04,51.24
2024-01-05,51.24
2024-01-05,51.24
2024-01-05,51.24
2024-01-05,51.24
2024-01-05,51.24
2024-01-08,51.24
2024-01-08,51.24
2024-01-08,51.24
2024-01-08,51.24
2024-01-08,51.24
2024-01-10,51.24
2024-01-10,51.24
2024-01-10,51.24
2024-01-10,51.24
2024-01-10,51.24
2024-01-11,51.24
2024-01-11,51.24
2024-01-11,51.24
2024-01-11,51.24
2024-01-11,51.24
2024-01-15,51.24
2024-01-15,51.24
2024-01-15,51.24
2024-01-15,51.24
2024-01-15,51.24
2024-01-16,51.24
2024-01-16,51.24
2024-01-16,51.24
2024-01-16,51.24
2024-01-16,51.24
2024-01-17,51.24
2024-01-17,51.24
2024-01-17,51.24
2024-01-17,51.24
2024-01-17,51.24
2024-01-18,51.24
2024-01-18,51.24
2024-01-18,51.24
2024-01-18,51.24
2024-01-18,51.24
2024-01-19,51.24
2024-01-19,51.24
2024-01-19,51.24
2024-01-19,51.24
2024-01-19,51.24
2024-01-22,51.24
2024-01-22,51.24
2024-01-22,51.24
2024-01-22,51.24
2024-01-22,51.24
2024-01-23,51.24
2024-01-23,51.24
2024-01-23,51.24
2024-01-23,51.24
2024-01-23,51.24
2024-01-24,51.24
2024-01-24,51.24
2024-01-24,51.24
2024-01-24,51.24
2024-01-24,51.24
2024-01-25,51.24
2024-01-25,51.24
2024-01-25,51.24
2024-01-25,51.24
2024-01-25,51.24
2024-01-26,51.24
2024-01-26,51.24
2024-01-26,51.24
2024-01-26,51.24
2024-01-26,51.24
2024-01-29,51.24
2024-01-29,51.24
2024-01-29,51.24
2024-01-29,51.24
2024-01-29,51.24
2024-01-30,51.24
2024-01-30,51.24
2024-01-30,51.24
2024-01-30,51.24
2024-01-30,51.24
2024-01-31,51.24
2024-01-31,51.24
2024-01-31,51.24
2024-01-31,51.24
2024-01-31,51.24
2024-02-01,51.24
2024-02-01,51.24
2024-02-01,51.24
2024-02-01,51.24
2024-02-01,51.24
2024-02-02,51.24
2024-02-02,51.24
2024-02-02,51.24
2024-02-02,51.24
2024-02-02,51.24
2024-02-05,51.24
2024-02-05,51.24
2024-02-05,51.24
2024-02-05,51.24
2024-02-05,51.24
2024-02-06,51.24
2024-02-06,51.24
2024-02-06,51.24
2024-02-06,51.24
2024-02-06,51.24
2024-02-07,51.24
2024-02-07,51.24
2024-02-07,51.24
2024-02-07,51.24
2024-02-07,51.24
2024-02-08,51.24
2024-02-08,51.24
2024-02-08,51.24
2024-02-08,51.24
2024-02-08,51.24
2024-02-09,51.24
2024-02-09,51.24
2024-02-09,51.24
2024-02-09,51.24
2024-02-09,51.24
2024-02-12,51.24
2024-02-12,51.24
2024-02-12,51.24
2024-02-12,51.24
2024-02-12,51.24
2024-02-13,51.24
2024-02-13,51.24
2024-02-13,51.24
2024-02-13,51.24
2024-02-13,51.24
2024-02-14,51.24
2024-02-14,51.24
2024-02-14,51.24
2024-02-14,51.24
2024-02-14,51.24
2024-02-15,51.24
2024-02-15,51.24
2024-02-15,51.24
2024-02-15,51.24
2024-02-15,51.24
2024-02-16,51.24
2024-02-16,51.24
2024-02-16,51.24
2024-02-16,51.24
2024-02-16,51.24
2024-02-19,51.24
2024-02-19,51.24
2024-02-19,51.24
2024-02-19,51.24
2024-02-19,51.24
2024-02-20,51.24
2024-02-20,51.24
2024-02-20,51.24
2024-02-20,51.24
2024-02-20,51.24
2024-02-26,51.24
2024-02-26,51.24
2024-02-26,51.24
2024-02-26,51.24
2024-02-26,51.24
2024-02-27,51.24
2024-02-27,51.24
2024-02-27,51.24
2024-02-27,51.24
2024-02-27,51.24
2024-02-28,51.24
2024-02-28,51.24
2024-02-28,51.24
2024-02-28,51.24
2024-02-28,51.24
2024-02-29,51.24
2024-02-29,51.24
2024-02-29,51.24
2024-02-29,51.24
2024-02-29,51.24
2024-03-01,51.24
2024-03-01,51.24
2024-03-01,51.24
2024-03-01,51.24
2024-03-01,51.24
2024-03-04,51.24
2024-03-04,51.24
2024-03-04,51.24
2024-03-04,51.24
2024-03-04,51.24
2024-03-05,51.24
2024-03-05,51.24
2024-03-05,51.24
2024-03-05,51.24
2024-03-05,51.24
2024-03-06,51.24
2024-03-06,51.24
2024-03-06,51.24
2024-03-06,51.24
2024-03-06,51.24
2024-03-07,51.24
2024-03-07,51.24
2024-03-07,51.24
2024-03-07,51.24
2024-03-07,51.24
2024-03-08,51.24
2024-03-08,51.24
2024-03-08,51.24
2024-03-08,51.24
2024-03-08,51.24
2024-03-11,51.24
2024-03-11,51.24
2024-03-11,51.24
2024-03-11,51.24
2024-03-11,51.24
2024-03-12,51.24
2024-03-12,51.24
2024-03-12,51.24
2024-03-12,51.24
2024-03-12,51.24
2024-03-13,51.24
2024-03-13,51.24
2024-03-13,51.24
2024-03-13,51.24
2024-03-13,51.24
2024-03-14,51.24
2024-03-14,51.24
2024-03-14,51.24
2024-03-14,51.24
2024-03-14,51.24
2024-03-15,51.24
2024-03-15,51.24
2024-03-15,51.24
2024-03-15,51.24
2024-03-15,51.24
2024-03-18,51.24
2024-03-18,51.24
2024-03-18,51.24
2024-03-18,51.24
2024-03-18,51.24
2024-03-19,51.24
2024-03-19,51.24
2024-03-19,51.24
2024-03-19,51.24
2024-03-19,51.24
2024-03-20,51.24
2024-03-20,51.24
2024-03-20,51.24
2024-03-20,51.24
2024-03-20,51.24
2024-03-21,51.24
2024-03-21,51.24
2024-03-21,51.24
2024-03-21,51.24
2024-03-21,51.24
2024-03-22,51.24
2024-03-22,51.24
2024-03-22,51.24
2024-03-22,51.24
2024-03-22,51.24
2024-03-25,51.24
2024-03-25,51.24
2024-03-25,51.24
2024-03-25,51.24
2024-03-25,51.24
2024-03-26,51.24
2024-03-26,51.24
2024-03-26,51.24
2024-03-26,51.24
2024-03-26,51.24
2024-03-27,51.24
2024-03-27,51.24
2024-03-27,51.24
2024-03-27,51.24
2024-03-27,51.24
2024-03-28,51.24
2024-03-28,51.24
2024-03-28,51.24
2024-03-28,51.24
2024-03-28,51.24
2024-03-29,51.24
2024-03-29,51.24
2024-03-29,51.24
2024-03-29,51.24
2024-03-29,51.24
2024-04-01,51.24
2024-04-01,51.24
2024-04-01,51.24
2024-04-01,51.24
2024-04-01,51.24
2024-04-02,51.24
2024-04-02,51.24
2024-04-02,51.24
2024-04-02,51.24
2024-04-02,51.24
2024-04-03,51.24
2024-04-03,51.24
2024-04-03,51.24
2024-04-03,51.24
2024-04-03,51.24
2024-04-04,51.24
2024-04-04,51.24
2024-04-04,51.24
2024-04-04,51.24
2024-04-04,51.24
2024-04-05,51.24
2024-04-05,51.24
2024-04-05,51.24
2024-04-05,51.24
2024-04-05,51.24
2024-04-08,51.24
2024-04-08,51.24
2024-04-08,51.24
2024-04-08,51.24
2024-04-08,51.24
2024-04-09,51.24
2024-04-09,51.24
2024-04-09,51.24
2024-04-09,51.24
2024-04-09,51.24
2024-04-10,51.24
2024-04-10,51.24
2024-04-10,51.24
2024-04-10,51.24
2024-04-10,51.24
2024-04-11,51.24
2024-04-11,51.24
2024-04-11,51.24
2024-04-11,51.24
2024-04-11,51.24
2024-04-12,51.24
2024-04-12,51.24
2024-04-12,51.24
2024-04-12,51.24
2024-04-12,51.24
2024-04-15,51.24
2024-04-15,51.24
2024-04-15,51.24
2024-04-15,51.24
2024-04-15,51.24
2024-04-16,51.24
2024-04-16,51.24
2024-04-16,51.24
2024-04-16,51.24
2024-04-16,51.24
2024-04-17,51.24
2024-04-17,51.24
2024-04-17,51.24
2024-04-17,51.24
2024-04-17,51.24
2024-04-19,51.24
2024-04-19,51.24
2024-04-19,51.24
2024-04-19,51.24
2024-04-19,51.24
2024-04-22,51.24
2024-04-22,51.24
2024-04-22,51.24
2024-04-22,51.24
2024-04-22,51.24
2024-04-23,51.24
2024-04-23,51.24
2024-04-23,51.24
2024-04-23,51.24
2024-04-23,51.24
2024-04-24,51.24
2024-04-24,51.24
2024-04-24,51.24
2024-04-24,51.24
2024-04-24,51.24
2024-04-25,51.24
2024-04-25,51.24
2024-04-25,51.24
2024-04-25,51.24
2024-04-25,51.24
2024-04-26,51.24
2024-04-26,51.24
2024-04-26,51.24
2024-04-26,51.24
2024-04-26,51.24
2024-04-29,51.24
2024-04-29,51.24
2024-04-29,51.24
2024-04-29,51.24
2024-04-29,51.24
2024-04-30,51.24
2024-04-30,51.24
2024-04-30,51.24
2024-04-30,51.24
2024-04-30,51.24
2024-05-01,51.24
2024-05-01,51.24
2024-05-01,51.24
2024-05-01,51.24
2024-05-01,51.24
2024-05-03,51.24
2024-05-03,51.24
2024-05-03,51.24
2024-05-03,51.24
2024-05-03,51.24
2024-05-06,51.24
2024-05-06,51.24
2024-05-06,51.24
2024-05-06,51.24
2024-05-06,51.24
2024-05-07,51.24
2024-05-07,51.24
2024-05-07,51.24
2024-05-07,51.24
2024-05-07,51.24
2024-05-08,51.24
2024-05-08,51.24
2024-05-08,51.24
2024-05-08,51.24
2024-05-08,51.24
2024-05-09,51.24
2024-05-09,51.24
2024-05-09,51.24
2024-05-09,51.24
2024-05-09,51.24
2024-05-10,51.24
2024-05-10,51.24
2024-05-10,51.24
2024-05-10,51.24
2024-05-10,51.24
2024-05-13,51.24
2024-05-13,51.24
2024-05-13,51.24
2024-05-13,51.24
2024-05-13,51.24
2024-05-14,51.24
2024-05-14,51.24
2024-05-14,51.24
2024-05-14,51.24
2024-05-14,51.24
2024-05-15,51.24
2024-05-15,51.24
2024-05-15,51.24
2024-05-15,51.24
2024-05-15,51.24
2024-05-16,51.24
2024-05-16,51.24
2024-05-16,51.24
2024-05-16,51.24
2024-05-16,51.24
2024-05-17,51.24
2024-05-17,51.24
2024-05-17,51.24
2024-05-17,51.24
2024-05-17,51.24
2024-05-20,51.24
2024-05-20,51.24
2024-05-20,51.24
2024-05-20,51.24
2024-05-20,51.24
2024-05-21,51.24
2024-05-21,51.24
2024-05-21,51.24
2024-05-21,51.24
2024-05-21,51.24
2024-05-22,51.24
2024-05-22,51.24
2024-05-22,51.24
2024-05-22,51.24
2024-05-22,51.24
2024-05-24,51.24
2024-05-24,51.24
2024-05-24,51.24
2024-05-24,51.24
2024-05-24,51.24
2024-05-27,51.24
2024-05-27,51.24
2024-05-27,51.24
2024-05-27,51.24
2024-05-27,51.24
2024-05-28,51.24
2024-05-28,51.24
2024-05-28,51.24
2024-05-28,51.24
2024-05-28,51.24
2024-05-29,51.24
2024-05-29,51.24
2024-05-29,51.24
2024-05-29,51.24
2024-05-29,51.24
2024-05-30,51.24
2024-05-30,51.24
2024-05-30,51.24
2024-05-30,51.24
2024-05-30,51.24
2024-05-31,51.24
2024-05-31,51.24
2024-05-31,51.24
2024-05-31,51.24
2024-05-31,51.24
2024-06-03,51.24
2024-06-03,51.24
2024-06-03,51.24
2024-06-03,51.24
2024-06-03,51.24
2024-06-04,51.24
2024-06-04,51.24
2024-06-04,51.24
2024-06-04,51.24
2024-06-04,51.24
2024-06-05,51.24
2024-06-05,51.24
2024-06-05,51.24
2024-06-05,51.24
2024-06-05,51.24
2024-06-06,51.24
2024-06-06,51.24
2024-06-06,51.24
2024-06-06,51.24
2024-06-06,51.24
2024-06-07,51.24
2024-06-07,51.24
2024-06-07,51.24
2024-06-07,51.24
2024-06-07,51.24
2024-06-10,51.24
2024-06-10,51.24
2024-06-10,51.24
2024-06-10,51.24
2024-06-10,51.24
2024-06-11,51.24
2024-06-11,51.24
2024-06-11,51.24
2024-06-11,51.24
2024-06-11,51.24
2024-06-12,51.24
2024-06-12,51.24
2024-06-12,51.24
2024-06-12,51.24
2024-06-12,51.24
2024-06-13,51.24
2024-06-13,51.24
2024-06-13,51.24
2024-06-13,51.24
2024-06-13,51.24
2024-06-14,51.24
2024-06-14,51.24
2024-06-14,51.24
2024-06-14,51.24
2024-06-14,51.24
2024-06-17,51.24
2024-06-17,51.24
2024-06-17,51.24
2024-06-17,51.24
2024-06-17,51.24
2024-06-18,51.24
2024-06-18,51.24
2024-06-18,51.24
2024-06-18,51.24
2024-06-18,51.24
2024-06-19,51.24
2024-06-19,51.24
2024-06-19,51.24
2024-06-19,51.24
2024-06-19,51.24
2024-06-20,51.24
2024-06-20,51.24
2024-06-20,51.24
2024-06-20,51.24
2024-06-20,51.24
2024-06-21,51.24
2024-06-21,51.24
2024-06-21,51.24
2024-06-21,51.24
2024-06-21,51.24
2024-06-24,51.24
2024-06-24,51.24
2024-06-24,51.24
2024-06-24,51.24
2024-06-24,51.24
2024-06-25,51.24
2024-06-25,51.24
2024-06-25,51.24
2024-06-25,51.24
2024-06-25,51.24
2024-06-26,51.24
2024-06-26,51.24
2024-06-26,51.24
2024-06-26,51.24
2024-06-26,51.24
2024-06-27,51.24
2024-06-27,51.24
2024-06-27,51.24
2024-06-27,51.24
2024-06-27,51.24
2024-06-28,51.24
2024-06-28,51.24
2024-06-28,51.24
2024-06-28,51.24
2024-06-28,51.24
2024-07-01,51.24
2024-07-01,51.24
2024-07-01,51.24
2024-07-01,51.24
2024-07-01,51.24
2024-07-02,51.24
2024-07-02,51.24
2024-07-02,51.24
2024-07-02,51.24
2024-07-02,51.24
2024-07-03,51.24
2024-07-03,51.24
2024-07-03,51.24
2024-07-03,51.24
2024-07-03,51.24
2024-07-04,51.24
2024-07-04,51.24
2024-07-04,51.24
2024-07-04,51.24
2024-07-04,51.24
2024-07-05,51.24
2024-07-05,51.24
2024-07-05,51.24
2024-07-05,51.24
2024-07-05,51.24
2024-07-08,51.24
2024-07-08,51.24
2024-07-08,51.24
2024-07-08,51.24
2024-07-08,51.24
2024-07-09,51.24
2024-07-09,51.24
2024-07-09,51.24
2024-07-09,51.24
2024-07-09,51.24
2024-07-11,51.24
2024-07-11,51.24
2024-07-11,51.24
2024-07-11,51.24
2024-07-11,51.24
2024-07-12,51.24
2024-07-12,51.24
2024-07-12,51.24
2024-07-12,51.24
2024-07-12,51.24
2024-07-15,51.24
2024-07-15,51.24
2024-07-15,51.24
2024-07-15,51.24
2024-07-15,51.24
2024-07-16,51.24
2024-07-16,51.24
2024-07-16,51.24
2024-07-16,51.24
2024-07-16,51.24
2024-07-17,51.24
2024-07-17,51.24
2024-07-17,51.24
2024-07-17,51.24
2024-07-17,51.24
2024-07-18,51.24
2024-07-18,51.24
2024-07-18,51.24
2024-07-18,51.24
2024-07-18,51.24
2024-07-19,51.24
2024-07-19,51.24
2024-07-19,51.24
2024-07-19,51.24
2024-07-19,51.24
2024-07-22,51.24
2024-07-22,51.24
2024-07-22,51.24
2024-07-22,51.24
2024-07-22,51.24
2024-07-23,51.24
2024-07-23,51.24
2024-07-23,51.24
2024-07-23,51.24
2024-07-23,51.24
2024-07-24,51.24
2024-07-24,51.24
2024-07-24,51.24
2024-07-24,51.24
2024-07-24,51.24
2024-07-25,51.24
2024-07-25,51.24
2024-07-25,51.24
2024-07-25,51.24
2024-07-25,51.24
2024-07-26,51.24
2024-07-26,51.24
2024-07-26,51.24
2024-07-26,51.24
2024-07-26,51.24
2024-07-29,51.24
2024-07-29,51.24
2024-07-29,51.24
2024-07-29,51.24
2024-07-29,51.24
2024-07-30,51.24
2024-07-30,51.24
2024-07-30,51.24
2024-07-30,51.24
2024-07-30,51.24
2024-07-31,51.24
2024-07-31,51.24
2024-07-31,51.24
2024-07-31,51.24
2024-07-31,51.24
2024-08-01,51.24
2024-08-01,51.24
2024-08-01,51.24
2024-08-01,51.24
2024-08-01,51.24
2024-08-02,51.24
2024-08-02,51.24
2024-08-02,51.24
2024-08-02,51.24
2024-08-02,51.24
2024-08-05,51.24
2024-08-05,51.24
2024-08-05,51.24
2024-08-05,51.24
2024-08-05,51.24
2024-08-06,51.24
2024-08-06,51.24
2024-08-06,51.24
2024-08-06,51.24
2024-08-06,51.24
2024-08-07,51.24
2024-08-07,51.24
2024-08-07,51.24
2024-08-07,51.24
2024-08-07,51.24
2024-08-08,51.24
2024-08-08,51.24
2024-08-08,51.24
2024-08-08,51.24
2024-08-08,51.24
2024-08-09,51.24
2024-08-09,51.24
2024-08-09,51.24
2024-08-09,51.24
2024-08-09,51.24
2024-08-12,51.24
2024-08-12,51.24
2024-08-12,51.24
2024-08-12,51.24
2024-08-12,51.24
2024-08-13,51.24
2024-08-13,51.24
2024-08-13,51.24
2024-08-13,51.24
2024-08-13,51.24
2024-08-14,51.24
2024-08-14,51.24
2024-08-14,51.24
2024-08-14,51.24
2024-08-14,51.24
2024-08-15,51.24
2024-08-15,51.24
2024-08-15,51.24
2024-08-15,51.24
2024-08-15,51.24
2024-08-16,51.24
2024-08-16,51.24
2024-08-16,51.24
2024-08-16,51.24
2024-08-16,51.24
2024-08-19,51.24
2024-08-19,51.24
2024-08-19,51.24
2024-08-19,51.24
2024-08-19,51.24
2024-08-20,51.24
2024-08-20,51.24
2024-08-20,51.24
2024-08-20,51.24
2024-08-20,51.24
2024-08-21,51.24
2024-08-21,51.24
2024-08-21,51.24
2024-08-21,51.24
2024-08-21,51.24
2024-08-22,51.24
2024-08-22,51.24
2024-08-22,51.24
2024-08-22,51.24
2024-08-22,51.24
2024-08-23,51.24
2024-08-23,51.24
2024-08-23,51.24
2024-08-23,51.24
2024-08-23,51.24
2024-08-26,51.24
2024-08-26,51.24
2024-08-26,51.24
2024-08-26,51.24
2024-08-26,51.24
2024-08-27,51.24
2024-08-27,51.24
2024-08-27,51.24
2024-08-27,51.24
2024-08-27,51.24
2024-08-28,51.24
2024-08-28,51.24
2024-08-28,51.24
2024-08-28,51.24
2024-08-28,51.24
2024-08-29,51.24
2024-08-29,51.24
2024-08-29,51.24
2024-08-29,51.24
2024-08-29,51.24
2024-08-30,51.24
2024-08-30,51.24
2024-08-30,51.24
2024-08-30,51.24
2024-08-30,51.24
2024-09-02,51.24
2024-09-02,51.24
2024-09-02,51.24
2024-09-02,51.24
2024-09-02,51.24
2024-09-03,51.24
2024-09-03,51.24
2024-09-03,51.24
2024-09-03,51.24
2024-09-03,51.24
2024-09-04,51.24
2024-09-04,51.24
2024-09-04,51.24
2024-09-04,51.24
2024-09-04,51.24
2024-09-05,51.24
2024-09-05,51.24
2024-09-05,51.24
2024-09-05,51.24
2024-09-05,51.24
2024-09-06,51.24
2024-09-06,51.24
2024-09-06,51.24
2024-09-06,51.24
2024-09-06,51.24
2024-09-10,51.24
2024-09-10,51.24
2024-09-10,51.24
2024-09-10,51.24
2024-09-10,51.24
2024-09-11,51.24
2024-09-11,51.24
2024-09-11,51.24
2024-09-11,51.24
2024-09-11,51.24
2024-09-12,51.24
2024-09-12,51.24
2024-09-12,51.24
2024-09-12,51.24
2024-09-12,51.24
2024-09-16,51.24
2024-09-16,51.24
2024-09-16,51.24
2024-09-16,51.24
2024-09-16,51.24
2024-09-17,51.24
2024-09-17,51.24
2024-09-17,51.24
2024-09-17,51.24
2024-09-17,51.24
2024-09-18,51.24
2024-09-18,51.24
2024-09-18,51.24
2024-09-18,51.24
2024-09-18,51.24
2024-09-19,51.24
2024-09-19,51.24
2024-09-19,51.24
2024-09-19,51.24
2024-09-19,51.24
2024-09-20,51.24
2024-09-20,51.24
2024-09-20,51.24
2024-09-20,51.24
2024-09-20,51.24
2024-09-24,51.24
2024-09-24,51.24
2024-09-24,51.24
2024-09-24,51.24
2024-09-24,51.24
2024-09-25,51.24
2024-09-25,51.24
2024-09-25,51.24
2024-09-25,51.24
2024-09-25,51.24
2024-09-26,51.24
2024-09-26,51.24
2024-09-26,51.24
2024-09-26,51.24
2024-09-26,51.24
2024-09-27,51.24
2024-09-27,51.24
2024-09-27,51.24
2024-09-27,51.24
2024-09-27,51.24
2024-09-30,51.24
2024-09-30,51.24
2024-09-30,51.24
2024-09-30,51.24
2024-09-30,51.24
2024-10-01,51.24
2024-10-01,51.24
2024-10-01,51.24
2024-10-01,51.24
2024-10-01,51.24
2024-10-02,51.24
2024-10-02,51.24
2024-10-02,51.24
2024-10-02,51.24
2024-10-02,51.24
2024-10-03,51.24
2024-10-03,51.24
2024-10-03,51.24
2024-10-03,51.24
2024-10-03,51.24
2024-10-04,51.24
2024-10-04,51.24
2024-10-04,51.24
2024-10-04,51.24
2024-10-04,51.24
2024-10-07,51.24
2024-10-07,51.24
2024-10-07,51.24
2024-10-07,51.24
2024-10-07,51.24
2024-10-08,51.24
2024-10-08,51.24
2024-10-08,51.24
2024-10-08,51.24
2024-10-08,51.24
2024-10-09,51.24
2024-10-09,51.24
2024-10-09,51.24
2024-10-09,51.24
2024-10-09,51.24
2024-10-10,51.24
2024-10-10,51.24
2024-10-10,51.24
2024-10-10,51.24
2024-10-10,51.24
2024-10-11,51.24
2024-10-11,51.24
2024-10-11,51.24
2024-10-11,51.24
2024-10-11,51.24
2024-10-14,51.24
2024-10-14,51.24
2024-10-14,51.24
2024-10-14,51.24
2024-10-14,51.24
2024-10-15,51.24
2024-10-15,51.24
2024-10-15,51.24
2024-10-15,51.24
2024-10-15,51.24
2024-10-16,51.24
2024-10-16,51.24
2024-10-16,51.24
2024-10-16,51.24
2024-10-16,51.24
2024-10-17,51.24
2024-10-17,51.24
2024-10-17,51.24
2024-10-17,51.24
2024-10-17,51.24
2024-10-18,51.24
2024-10-18,51.24
2024-10-18,51.24
2024-10-18,51.24
2024-10-18,51.24
2024-10-21,51.24
2024-10-21,51.24
2024-10-21,51.24
2024-10-21,51.24
2024-10-21,51.24
2024-10-22,51.24
2024-10-22,51.24
2024-10-22,51.24
2024-10-22,51.24
2024-10-22,51.24
2024-10-23,51.24
2024-10-23,51.24
2024-10-23,51.24
2024-10-23,51.24
2024-10-23,51.24
2024-10-24,51.24
2024-10-24,51.24
2024-10-24,51.24
2024-10-24,51.24
2024-10-24,51.24
2024-10-25,51.24
2024-10-25,51.24
2024-10-25,51.24
2024-10-25,51.24
2024-10-25,51.24
2024-10-28,51.24
2024-10-28,51.24
2024-10-28,51.24
2024-10-28,51.24
2024-10-28,51.24
2024-10-29,51.24
2024-10-29,51.24
2024-10-29,51.24
2024-10-29,51.24
2024-10-29,51.24
2024-10-30,51.24
2024-10-30,51.24
2024-10-30,51.24
2024-10-30,51.24
2024-10-30,51.24
2024-10-31,49.17
2024-10-31,49.17
2024-10-31,49.17
2024-10-31,49.17
2024-10-31,49.17
2024-11-04,49.17
2024-11-04,49.17
2024-11-04,49.17
2024-11-04,49.17
2024-11-04,49.17
2024-11-05,49.17
2024-11-05,49.17
2024-11-05,49.17
2024-11-05,49.17
2024-11-05,49.17
2024-11-06,49.17
2024-11-06,49.17
2024-11-06,49.17
2024-11-06,49.17
2024-11-06,49.17
2024-11-07,49.17
2024-11-07,49.17
2024-11-07,49.17
2024-11-07,49.17
2024-11-07,49.17
2024-11-08,49.17
2024-11-08,49.17
2024-11-08,49.17
2024-11-08,49.17
2024-11-08,49.17
2024-11-12,49.17
2024-11-12,49.17
2024-11-12,49.17
2024-11-12,49.17
2024-11-12,49.17
2024-11-13,49.17
2024-11-13,49.17
2024-11-13,49.17
2024-11-13,49.17
2024-11-13,49.17
2024-11-14,49.17
2024-11-14,49.17
2024-11-14,49.17
2024-11-14,49.17
2024-11-14,49.17
2024-11-15,49.17
2024-11-15,49.17
2024-11-15,49.17
2024-11-15,49.17
2024-11-15,49.17
2024-11-18,49.17
2024-11-18,49.17
2024-11-18,49.17
2024-11-18,49.17
2024-11-18,49.17
2024-11-19,49.17
2024-11-19,49.17
2024-11-19,49.17
2024-11-19,49.17
2024-11-19,49.17
2024-11-20,49.17
2024-11-20,49.17
2024-11-20,49.17
2024-11-20,49.17
2024-11-20,49.17
2024-11-21,49.17
2024-11-21,49.17
2024-11-21,49.17
2024-11-21,49.17
2024-11-21,49.17
2024-11-22,49.17
2024-11-22,49.17
2024-11-22,49.17
2024-11-22,49.17
2024-11-22,49.17
2024-11-25,49.17
2024-11-25,49.17
2024-11-25,49.17
2024-11-25,49.17
2024-11-25,49.17
2024-11-26,49.17
2024-11-26,49.17
2024-11-26,49.17
2024-11-26,49.17
2024-11-26,49.17
2024-11-27,49.17
2024-11-27,49.17
2024-11-27,49.17
2024-11-27,49.17
2024-11-27,49.17
2024-11-28,49.17
2024-11-28,49.17
2024-11-28,49.17
2024-11-28,49.17
2024-11-28,49.17
2024-11-29,49.17
2024-11-29,49.17
2024-11-29,49.17
2024-11-29,49.17
2024-11-29,49.17
2024-12-02,49.17
2024-12-02,49.17
2024-12-02,49.17
2024-12-02,49.17
2024-12-02,49.17
2024-12-03,49.17
2024-12-03,49.17
2024-12-03,49.17
2024-12-03,49.17
2024-12-03,49.17
2024-12-04,49.17
2024-12-04,49.17
2024-12-04,49.17
2024-12-04,49.17
2024-12-04,49.17
2024-12-05,49.17
2024-12-05,49.17
2024-12-05,49.17
2024-12-05,49.17
2024-12-05,49.17
2024-12-06,49.17
2024-12-06,49.17
2024-12-06,49.17
2024-12-06,49.17
2024-12-06,49.17
2024-12-09,49.17
2024-12-09,49.17
2024-12-09,49.17
2024-12-09,49.17
2024-12-09,49.17
2024-12-10,49.17
2024-12-10,49.17
2024-12-10,49.17
2024-12-10,49.17
2024-12-10,49.17
2024-12-11,49.17
2024-12-11,49.17
2024-12-11,49.17
2024-12-11,49.17
2024-12-11,49.17
2024-12-12,49.17
2024-12-12,49.17
2024-12-12,49.17
2024-12-12,49.17
2024-12-12,49.17
2024-12-13,49.17
2024-12-13,49.17
2024-12-13,49.17
2024-12-13,49.17
2024-12-13,49.17
2024-12-16,49.17
2024-12-16,49.17
2024-12-16,49.17
2024-12-16,49.17
2024-12-16,49.17
2024-12-18,49.17
2024-12-18,49.17
2024-12-18,49.17
2024-12-18,49.17
2024-12-18,49.17
2024-12-19,49.17
2024-12-19,49.17
2024-12-19,49.17
2024-12-19,49.17
2024-12-19,49.17
2024-12-20,49.17
2024-12-20,49.17
2024-12-20,49.17
2024-12-20,49.17
2024-12-20,49.17
2024-12-23,49.17
2024-12-23,49.17
2024-12-23,49.17
2024-12-23,49.17
2024-12-23,49.17
2024-12-24,49.17
2024-12-24,49.17
2024-12-24,49.17
2024-12-24,49.17
2024-12-24,49.17
2024-12-25,49.17
2024-12-25,49.17
2024-12-25,49.17
2024-12-25,49.17
2024-12-25,49.17
2024-12-26,49.17
2024-12-26,49.17
2024-12-26,49.17
2024-12-26,49.17
2024-12-26,49.17
2024-12-27,49.17
2024-12-27,49.17
2024-12-27,49.17
2024-12-27,49.17
2024-12-27,49.17
2024-12-30,49.17
2024-12-30,49.17
2024-12-30,49.17
2024-12-30,49.17
2024-12-30,49.17
2024-12-31,49.17
2024-12-31,49.17
2024-12-31,49.17
2024-12-31,49.17
2024-12-31,49.17
2025-01-01,49.17
2025-01-01,49.17
2025-01-01,49.17
2025-01-01,49.17
2025-01-01,49.17
2025-01-03,49.17
2025-01-03,49.17
2025-01-03,49.17
2025-01-03,49.17
2025-01-03,49.17
2025-01-06,49.17
2025-01-06,49.17
2025-01-06,49.17
2025-01-06,49.17
2025-01-06,49.17
2025-01-07,49.17
2025-01-07,49.17
2025-01-07,49.17
2025-01-07,49.17
2025-01-07,49.17
2025-01-08,49.17
2025-01-08,49.17
2025-01-08,49.17
2025-01-08,49.17
2025-01-08,49.17
2025-01-09,49.17
2025-01-09,49.17
2025-01-09,49.17
2025-01-09,49.17
2025-01-09,49.17
2025-01-10,49.17
2025-01-10,49.17
2025-01-10,49.17
2025-01-10,49.17
2025-01-10,49.17
2025-01-13,49.17
2025-01-13,49.17
2025-01-13,49.17
2025-01-13,49.17
2025-01-13,49.17
2025-01-14,49.17
2025-01-14,49.17
2025-01-14,49.17
2025-01-14,49.17
2025-01-14,49.17
2025-01-15,49.17
2025-01-15,49.17
2025-01-15,49.17
2025-01-15,49.17
2025-01-15,49.17
2025-01-16,49.17
2025-01-16,49.17
2025-01-16,49.17
2025-01-16,49.17
2025-01-16,49.17
2025-01-17,49.17
2025-01-17,49.17
2025-01-17,49.17
2025-01-17,49.17
2025-01-17,49.17
2025-01-20,49.17
2025-01-20,49.17
2025-01-20,49.17
2025-01-20,49.17
2025-01-20,49.17
2025-01-21,49.17
2025-01-21,49.17
2025-01-21,49.17
2025-01-21,49.17
2025-01-21,49.17
2025-01-22,49.17
2025-01-22,49.17
2025-01-22,49.17
2025-01-22,49.17
2025-01-22,49.17
2025-01-23,49.17
2025-01-23,49.17
2025-01-23,49.17
2025-01-23,49.17
2025-01-23,49.17
2025-01-24,49.17
2025-01-24,49.17
2025-01-24,49.17
2025-01-24,49.17
2025-01-27,49.17
2025-01-27,49.17
2025-01-27,49.17
2025-01-27,49.17
2025-01-27,49.17
2025-01-28,49.17
2025-01-28,49.17
2025-01-28,49.17
2025-01-28,49.17
2025-01-28,49.17
2025-01-29,49.17
2025-01-29,49.17
2025-01-29,49.17
2025-01-29,49.17
2025-01-29,49.17
2025-01-31,49.17
2025-01-31,49.17
2025-01-31,49.17
2025-01-31,49.17
2025-01-31,49.17
2025-02-03,48.14
2025-02-03,48.14
2025-02-03,48.14
2025-02-03,48.14
2025-02-03,48.14
2025-02-04,48.14
2025-02-04,48.14
2025-02-04,48.14
2025-02-04,48.14
2025-02-04,48.14
2025-02-05,48.14
2025-02-05,48.14
2025-02-05,48.14
2025-02-05,48.14
2025-02-05,48.14
2025-02-06,48.14
2025-02-06,48.14
2025-02-06,48.14
2025-02-06,48.14
2025-02-06,48.14
2025-02-07,48.14
2025-02-07,48.14
2025-02-07,48.14
2025-02-07,48.14
2025-02-07,48.14
2025-02-10,48.14
2025-02-10,48.14
2025-02-10,48.14
2025-02-10,48.14
2025-02-10,48.14
2025-02-11,48.14
2025-02-11,48.14
2025-02-11,48.14
2025-02-11,48.14
2025-02-11,48.14
2025-02-12,48.14
2025-02-12,48.14
2025-02-12,48.14
2025-02-12,48.14
2025-02-12,48.14
2025-02-13,48.14
2025-02-13,48.14
2025-02-13,48.14
2025-02-13,48.14
2025-02-13,48.14
2025-02-14,48.14
2025-02-14,48.14
2025-02-14,48.14
2025-02-14,48.14
2025-02-14,48.14
2025-02-17,48.14
2025-02-17,48.14
2025-02-17,48.14
2025-02-17,48.14
2025-02-17,48.14
2025-02-18,48.14
2025-02-18,48.14
2025-02-18,48.14
2025-02-18,48.14
2025-02-18,48.14
2025-02-19,48.14
2025-02-19,48.14
2025-02-19,48.14
2025-02-19,48.14
2025-02-19,48.14
2025-02-20,48.14
2025-02-20,48.14
2025-02-20,48.14
2025-02-20,48.14
2025-02-20,48.14
2025-02-24,48.14
2025-02-24,48.14
2025-02-24,48.14
2025-02-24,48.14
2025-02-24,48.14
2025-02-25,48.14
2025-02-25,48.14
2025-02-25,48.14
2025-02-25,48.14
2025-02-25,48.14
2025-02-26,48.14
2025-02-26,48.14
2025-02-26,48.14
2025-02-26,48.14
2025-02-26,48.14
2025-02-27,48.14
2025-02-27,48.14
2025-02-27,48.14
2025-02-27,48.14
2025-02-27,48.14
2025-03-03,48.14
2025-03-03,48.14
2025-03-03,48.14
2025-03-03,48.14
2025-03-03,48.14
2025-03-04,48.14
2025-03-04,48.14
2025-03-04,48.14
2025-03-04,48.14
2025-03-04,48.14
2025-03-05,48.14
2025-03-05,48.14
2025-03-05,48.14
2025-03-05,48.14
2025-03-05,48.14
2025-03-06,48.14
2025-03-06,48.14
2025-03-06,48.14
2025-03-06,48.14
2025-03-06,48.14
2025-03-07,48.14
2025-03-07,48.14
2025-03-07,48.14
2025-03-07,48.14
2025-03-07,48.14
2025-03-10,48.14
2025-03-10,48.14
2025-03-10,48.14
2025-03-10,48.14
2025-03-10,48.14
2025-03-11,48.14
2025-03-11,48.14
2025-03-11,48.14
2025-03-11,48.14
2025-03-11,48.14
2025-03-12,48.14
2025-03-12,48.14
2025-03-12,48.14
2025-03-12,48.14
2025-03-12,48.14
2025-03-13,48.14
2025-03-13,48.14
2025-03-13,48.14
2025-03-13,48.14
2025-03-13,48.14
2025-03-14,48.14
2025-03-14,48.14
2025-03-14,48.14
2025-03-14,48.14
2025-03-14,48.14
2025-03-17,48.14
2025-03-17,48.14
2025-03-17,48.14
2025-03-17,48.14
2025-03-17,48.14
2025-03-18,48.14
2025-03-18,48.14
2025-03-18,48.14
2025-03-18,48.14
2025-03-18,48.14
2025-03-19,48.14
2025-03-19,48.14
2025-03-19,48.14
2025-03-19,48.14
2025-03-19,48.14
2025-03-20,48.14
2025-03-20,48.14
2025-03-20,48.14
2025-03-20,48.14
2025-03-20,48.14
2025-03-21,48.14
2025-03-21,48.14
2025-03-21,48.14
2025-03-21,48.14
2025-03-21,48.14
2025-03-24,48.14
2025-03-24,48.14
2025-03-24,48.14
2025-03-24,48.14
2025-03-24,48.14
2025-03-25,48.14
2025-03-25,48.14
2025-03-26,48.14
2025-03-26,48.14
2025-03-26,48.14
2025-03-26,48.14
2025-03-26,48.14
2025-03-27,48.14
2025-03-27,48.14
2025-03-27,48.14
2025-03-27,48.14
2025-03-27,48.14
2025-03-28,48.14
2025-03-28,48.14
2025-03-28,48.14
2025-03-28,48.14
2025-03-28,48.14
2025-03-31,48.14
2025-03-31,48.14
2025-03-31,48.14
2025-03-31,48.14
2025-03-31,48.14
2025-04-01,48.14
2025-04-01,48.14
2025-04-01,48.14
2025-04-01,48.14
2025-04-01,48.14
2025-04-02,48.14
2025-04-02,48.14
2025-04-02,48.14
2025-04-02,48.14
2025-04-02,48.14
2025-04-03,48.14
2025-04-03,48.14
2025-04-03,48.14
2025-04-03,48.14
2025-04-03,48.14
2025-04-04,48.14
2025-04-04,48.14
2025-04-04,48.14
2025-04-04,48.14
2025-04-04,48.14
2025-04-07,48.14
2025-04-07,48.14
2025-04-07,48.14
2025-04-07,48.14
2025-04-07,48.14
2025-04-08,48.14
2025-04-08,48.14
2025-04-08,48.14
2025-04-08,48.14
2025-04-08,48.14
2025-04-09,48.14
2025-04-09,48.14
2025-04-09,48.14
2025-04-09,48.14
2025-04-09,48.14
2025-04-10,48.14
2025-04-10,48.14
2025-04-10,48.14
2025-04-10,48.14
2025-04-10,48.14
2025-04-11,48.14
2025-04-11,48.14
2025-04-11,48.14
2025-04-11,48.14
2025-04-11,48.14
2025-04-14,48.14
2025-04-14,48.14
2025-04-14,48.14
2025-04-14,48.14
2025-04-14,48.14
2025-04-15,48.14
2025-04-15,48.14
2025-04-15,48.14
2025-04-15,48.14
2025-04-15,48.14
2025-04-16,48.14
2025-04-16,48.14
2025-04-16,48.14
2025-04-16,48.14
2025-04-16,48.14
2025-04-17,48.14
2025-04-17,48.14
2025-04-17,48.14
2025-04-17,48.14
2025-04-17,48.14
2025-04-18,48.14
2025-04-18,48.14
2025-04-18,48.14
2025-04-18,48.14
2025-04-18,48.14
2025-04-21,48.14
2025-04-21,48.14
2025-04-21,48.14
2025-04-21,48.14
2025-04-21,48.14
2025-04-22,48.14
2025-04-22,48.14
2025-04-22,48.14
2025-04-22,48.14
2025-04-22,48.14
2025-04-23,48.14
2025-04-23,48.14
2025-04-23,48.14
2025-04-23,48.14
2025-04-23,48.14
2025-04-24,48.14
2025-04-24,48.14
2025-04-24,48.14
2025-04-24,48.14
2025-04-24,48.14
2025-04-25,48.14
2025-04-25,48.14
2025-04-25,48.14
2025-04-25,48.14
2025-04-25,48.14
2025-04-28,48.14
2025-04-28,48.14
2025-04-28,48.14
2025-04-28,48.14
2025-04-28,48.14
2025-04-29,48.14
2025-04-29,48.14
2025-04-29,48.14
2025-04-29,48.14
2025-04-29,48.14
2025-04-30,48.14
2025-04-30,48.14
2025-04-30,48.14
2025-04-30,48.14
2025-04-30,48.14
2025-05-01,48.14
2025-05-01,48.14
2025-05-01,48.14
2025-05-01,48.14
2025-05-01,48.14
2025-05-05,47.62
2025-05-05,47.62
2025-05-05,47.62
2025-05-05,47.62
2025-05-06,47.62
2025-05-06,47.62
2025-05-06,47.62
2025-05-06,47.62
2025-05-08,47.62
2025-05-08,47.62
2025-05-08,47.62
2025-05-08,47.62
2025-05-09,47.62
2025-05-09,47.62
2025-05-09,47.62
2025-05-09,47.62
2025-05-09,47.62
2025-05-12,47.62
2025-05-12,47.62
2025-05-12,47.62
2025-05-12,47.62
2025-05-12,47.62
2025-05-13,47.62
2025-05-13,47.62
2025-05-13,47.62
2025-05-13,47.62
2025-05-13,47.62
2025-05-14,47.62
2025-05-14,47.62
2025-05-14,47.62
2025-05-14,47.62
2025-05-14,47.62
2025-05-15,47.62
2025-05-15,47.62
2025-05-15,47.62
2025-05-15,47.62
2025-05-15,47.62
2025-05-16,47.62
2025-05-16,47.62
2025-05-16,47.62
2025-05-16,47.62
2025-05-16,47.62
2025-05-19,47.62
2025-05-19,47.62
2025-05-19,47.62
2025-05-19,47.62
2025-05-19,47.62
2025-05-20,47.62
2025-05-20,47.62
2025-05-20,47.62
2025-05-20,47.62
2025-05-20,47.62
2025-05-21,47.62
2025-05-21,47.62
2025-05-21,47.62
2025-05-21,47.62
2025-05-21,47.62
2025-05-22,47.62
2025-05-22,47.62
2025-05-22,47.62
2025-05-22,47.62
2025-05-22,47.62
2025-05-23,47.62
2025-05-23,47.62
2025-05-23,47.62
2025-05-23,47.62
2025-05-23,47.62
2025-05-26,47.62
2025-05-26,47.62
2025-05-26,47.62
2025-05-26,47.62
2025-05-26,47.62
2025-05-27,47.62
2025-05-27,47.62
2025-05-27,47.62
2025-05-27,47.62
2025-05-27,47.62
2025-05-28,47.62
2025-05-28,47.62
2025-05-28,47.62
2025-05-28,47.62
2025-05-28,47.62
2025-05-29,47.62
2025-05-29,47.62
2025-05-29,47.62
2025-05-29,47.62
2025-05-29,47.62
2025-05-30,47.62
2025-05-30,47.62
2025-05-30,47.62
2025-05-30,47.62
2025-05-30,47.62
2025-06-02,47.62
2025-06-02,47.62
2025-06-02,47.62
2025-06-02,47.62
2025-06-02,47.62
2025-06-03,47.62
2025-06-03,47.62
2025-06-03,47.62
2025-06-03,47.62
2025-06-03,47.62
2025-06-04,47.62
2025-06-04,47.62
2025-06-04,47.62
2025-06-04,47.62
2025-06-04,47.62
2025-06-05,47.62
2025-06-05,47.62
2025-06-05,47.62
2025-06-05,47.62
2025-06-05,47.62
2025-06-06,47.62
2025-06-06,47.62
2025-06-06,47.62
2025-06-06,47.62
2025-06-06,47.62
2025-06-09,47.62
2025-06-09,47.62
2025-06-09,47.62
2025-06-09,47.62
2025-06-09,47.62
2025-06-10,47.62
2025-06-10,47.62
2025-06-10,47.62
2025-06-10,47.62
2025-06-10,47.62
2025-06-12,47.62
2025-06-12,47.62
2025-06-12,47.62
2025-06-12,47.62
2025-06-12,47.62
2025-06-13,47.62
2025-06-13,47.62
2025-06-13,47.62
2025-06-13,47.62
2025-06-13,47.62
2025-06-16,47.62
2025-06-16,47.62
2025-06-16,47.62
2025-06-16,47.62
2025-06-16,47.62
2025-06-17,47.62
2025-06-17,47.62
2025-06-17,47.62
2025-06-17,47.62
2025-06-17,47.62
2025-06-18,47.62
2025-06-18,47.62
2025-06-18,47.62
2025-06-18,47.62
2025-06-18,47.62
2025-06-19,47.62
2025-06-19,47.62
2025-06-19,47.62
2025-06-19,47.62
2025-06-19,47.62
2025-06-20,47.62
2025-06-20,47.62
2025-06-20,47.62
2025-06-20,47.62
2025-06-20,47.62
2025-06-23,47.62
2025-06-23,47.62
2025-06-23,47.62
2025-06-23,47.62
2025-06-23,47.62
2025-06-24,47.62
2025-06-24,47.62
2025-06-24,47.62
2025-06-24,47.62
2025-06-24,47.62
2025-06-25,47.62
2025-06-25,47.62
2025-06-25,47.62
2025-06-25,47.62
2025-06-25,47.62
2025-06-26,47.62
2025-06-26,47.62
2025-06-26,47.62
2025-06-26,47.62
2025-06-26,47.62
2025-06-27,47.62
2025-06-27,47.62
2025-06-27,47.62
2025-06-27,47.62
2025-06-27,47.62
2025-06-30,47.62
2025-06-30,47.62
2025-06-30,47.62
2025-06-30,47.62
2025-06-30,47.62
2025-07-01,47.62
2025-07-01,47.62
2025-07-01,47.62
2025-07-01,47.62
2025-07-01,47.62
2025-07-02,47.62
2025-07-02,47.62
2025-07-02,47.62
2025-07-02,47.62
2025-07-02,47.62
2025-07-03,47.62
2025-07-03,47.62
2025-07-03,47.62
2025-07-03,47.62
2025-07-03,47.62
2025-07-04,47.62
2025-07-04,47.62
2025-07-04,47.62
2025-07-04,47.62
2025-07-04,47.62
2025-07-07,47.62
2025-07-07,47.62
2025-07-07,47.62
2025-07-07,47.62
2025-07-07,47.62
2025-07-08,47.62
2025-07-08,47.62
2025-07-08,47.62
2025-07-08,47.62
2025-07-08,47.62
2025-07-09,47.62
2025-07-09,47.62
2025-07-09,47.62
2025-07-09,47.62
2025-07-09,47.62
2025-07-10,47.62
2025-07-10,47.62
2025-07-10,47.62
2025-07-10,47.62
2025-07-10,47.62
2025-07-11,47.62
2025-07-11,47.62
2025-07-11,47.62
2025-07-11,47.62
2025-07-11,47.62
2025-07-14,47.62
2025-07-14,47.62
2025-07-14,47.62
2025-07-14,47.62
2025-07-14,47.62
2025-07-15,47.62
2025-07-15,47.62
2025-07-15,47.62
2025-07-15,47.62
2025-07-15,47.62
2025-07-16,47.62
2025-07-16,47.62
2025-07-16,47.62
2025-07-16,47.62
2025-07-16,47.62
2025-07-17,47.62
2025-07-17,47.62
2025-07-17,47.62
2025-07-17,47.62
2025-07-17,47.62
2025-07-18,47.62
2025-07-18,47.62
2025-07-18,47.62
2025-07-18,47.62
2025-07-18,47.62
2025-07-21,47.62
2025-07-21,47.62
2025-07-21,47.62
2025-07-21,47.62
2025-07-21,47.62
2025-07-22,47.62
2025-07-22,47.62
2025-07-22,47.62
2025-07-22,47.62
2025-07-22,47.62
2025-07-23,47.62
2025-07-23,47.62
2025-07-23,47.62
2025-07-23,47.62
2025-07-23,47.62
2025-07-24,47.62
2025-07-24,47.62
2025-07-24,47.62
2025-07-24,47.62
2025-07-24,47.62
2025-07-25,47.62
2025-07-25,47.62
2025-07-25,47.62
2025-07-25,47.62
2025-07-25,47.62
2025-07-29,47.62
2025-07-29,47.62
2025-07-29,47.62
2025-07-29,47.62
2025-07-29,47.62
2025-07-30,47.62
2025-07-30,47.62
2025-07-30,47.62
2025-07-30,47.62
2025-07-30,47.62
2025-07-31,47.62
2025-07-31,47.62
2025-07-31,47.62
2025-07-31,47.62
2025-07-31,47.62
2025-08-01,47.62
2025-08-01,47.62
2025-08-01,47.62
2025-08-01,47.62
2025-08-01,47.62
2025-08-04,47.62
2025-08-04,47.62
2025-08-04,47.62
2025-08-04,47.62
2025-08-04,47.62
2025-08-05,47.62
2025-08-05,47.62
2025-08-05,47.62
2025-08-05,47.62
2025-08-05,47.62
2025-08-06,37.75
2025-08-06,37.75
2025-08-06,37.75
2025-08-06,37.75
2025-08-06,37.75
2025-08-07,37.75
2025-08-07,37.75
2025-08-07,37.75
2025-08-07,37.75
2025-08-07,37.75
2025-08-08,37.75
2025-08-08,37.75
2025-08-08,37.75
2025-08-08,37.75
2025-08-08,37.75
2025-08-11,37.75
2025-08-11,37.75
2025-08-11,37.75
2025-08-11,37.75
2025-08-11,37.75
2025-08-12,37.75
2025-08-12,37.75
2025-08-12,37.75
2025-08-12,37.75
2025-08-12,37.75
2025-08-13,37.75
2025-08-13,37.75
2025-08-13,37.75
2025-08-13,37.75
2025-08-13,37.75
2025-08-14,37.75
2025-08-14,37.75
2025-08-14,37.75
2025-08-14,37.75
2025-08-14,37.75
2025-08-15,37.75
2025-08-15,37.75
2025-08-15,37.75
2025-08-15,37.75
2025-08-15,37.75
2025-08-18,37.75
2025-08-18,37.75
2025-08-18,37.75
2025-08-18,37.75
2025-08-18,37.75
2025-08-19,37.75
2025-08-19,37.75
2025-08-19,37.75
2025-08-19,37.75
2025-08-19,37.75
2025-08-20,37.75
2025-08-20,37.75
2025-08-20,37.75
2025-08-20,37.75
2025-08-20,37.75
2025-08-21,37.75
2025-08-21,37.75
2025-08-21,37.75
2025-08-21,37.75
2025-08-21,37.75
2025-08-22,37.75
2025-08-22,37.75
2025-08-22,37.75
2025-08-22,37.75
2025-08-22,37.75
2025-08-25,37.75
2025-08-25,37.75
2025-08-25,37.75
2025-08-25,37.75
2025-08-25,37.75
2025-08-26,37.75
2025-08-26,37.75
2025-08-26,37.75
2025-08-26,37.75
2025-08-26,37.75
2025-08-27,37.75
2025-08-27,37.75
2025-08-27,37.75
2025-08-27,37.75
2025-08-27,37.75
2025-08-28,37.75
2025-08-28,37.75
2025-08-28,37.75
2025-08-28,37.75
2025-08-28,37.75
2025-08-29,37.75
2025-08-29,37.75
2025-08-29,37.75
2025-08-29,37.75
2025-08-29,37.75
2025-09-01,37.75
2025-09-01,37.75
2025-09-01,37.75
2025-09-01,37.75
2025-09-01,37.75
2025-09-02,37.75
2025-09-02,37.75
2025-09-02,37.75
2025-09-02,37.75
2025-09-02,37.75
2025-09-03,37.75
2025-09-03,37.75
2025-09-03,37.75
2025-09-03,37.75
2025-09-03,37.75
2025-09-04,37.75
2025-09-04,37.75
2025-09-04,37.75
2025-09-04,37.75
2025-09-04,37.75
2025-09-05,37.75
2025-09-05,37.75
2025-09-05,37.75
2025-09-05,37.75
2025-09-05,37.75
2025-09-08,37.75
2025-09-08,37.75
2025-09-08,37.75
2025-09-08,37.75
2025-09-08,37.75
2025-09-09,37.75
2025-09-09,37.75
2025-09-09,37.75
2025-09-09,37.75
2025-09-09,37.75
2025-09-10,37.75
2025-09-10,37.75
2025-09-10,37.75
2025-09-10,37.75
2025-09-10,37.75
2025-09-11,37.75
2025-09-11,37.75
2025-09-11,37.75
2025-09-11,37.75
2025-09-11,37.75
2025-09-12,37.75
2025-09-12,37.75
2025-09-12,37.75
2025-09-12,37.75
2025-09-12,37.75
2025-09-15,37.75
2025-09-15,37.75
2025-09-15,37.75
2025-09-15,37.75
2025-09-15,37.75
2025-09-16,37.75
2025-09-16,37.75
2025-09-16,37.75
2025-09-16,37.75
2025-09-16,37.75
2025-09-17,37.75
2025-09-17,37.75
2025-09-17,37.75
2025-09-17,37.75
2025-09-17,37.75
2025-09-18,37.75
2025-09-18,37.75
2025-09-18,37.75
2025-09-18,37.75
2025-09-18,37.75
2025-09-19,37.75
2025-09-19,37.75
2025-09-19,37.75
2025-09-19,37.75
2025-09-19,37.75
2025-09-22,37.75
2025-09-22,37.75
2025-09-22,37.75
2025-09-22,37.75
2025-09-22,37.75
2025-09-24,37.75
2025-09-24,37.75
2025-09-24,37.75
2025-09-24,37.75
2025-09-25,37.75
2025-09-25,37.75
2025-09-25,37.75
2025-09-25,37.75
2025-09-25,37.75
2025-09-26,37.75
2025-09-26,37.75
2025-09-26,37.75
2025-09-26,37.75
2025-09-26,37.75
2025-09-29,37.75
2025-09-29,37.75
2025-09-29,37.75
2025-09-29,37.75
2025-09-29,37.75
2025-09-30,37.75
2025-09-30,37.75
2025-09-30,37.75
2025-09-30,37.75
2025-09-30,37.75
2025-10-01,37.75
2025-10-01,37.75
2025-10-01,37.75
2025-10-01,37.75
2025-10-01,37.75
2025-10-06,37.75
2025-10-06,37.75
2025-10-06,37.75
2025-10-06,37.75
2025-10-06,37.75
2025-10-07,37.75
2025-10-07,37.75
2025-10-07,37.75
2025-10-07,37.75
2025-10-07,37.75
2025-10-08,37.75
2025-10-08,37.75
2025-10-08,37.75
2025-10-08,37.75
2025-10-08,37.75
2025-10-09,37.75
2025-10-09,37.75
2025-10-09,37.75
2025-10-09,37.75
2025-10-09,37.75
2025-10-10,37.75
2025-10-10,37.75
2025-10-10,37.75
2025-10-10,37.75
2025-10-10,37.75
2025-10-13,37.75
2025-10-13,37.75
2025-10-13,37.75
2025-10-13,37.75
2025-10-13,37.75
2025-10-14,37.75
2025-10-14,37.75
2025-10-14,37.75
2025-10-14,37.75
2025-10-14,37.75
2025-10-15,37.75
2025-10-15,37.75
2025-10-15,37.75
2025-10-15,37.75
2025-10-15,37.75
2025-10-16,37.75
2025-10-16,37.75
2025-10-16,37.75
2025-10-16,37.75
2025-10-16,37.75
2025-10-17,37.75
2025-10-17,37.75
2025-10-17,37.75
2025-10-17,37.75
2025-10-17,37.75
2025-10-20,37.75
2025-10-20,37.75
2025-10-20,37.75
2025-10-20,37.75
2025-10-20,37.75
2025-10-21,37.75
2025-10-21,37.75
2025-10-21,37.75
2025-10-21,37.75
2025-10-21,37.75
2025-10-22,37.75
2025-10-22,37.75
2025-10-22,37.75
2025-10-22,37.75
2025-10-22,37.75
2025-10-23,37.75
2025-10-23,37.75
2025-10-23,37.75
2025-10-23,37.75
2025-10-23,37.75
2025-10-24,37.75
2025-10-24,37.75
2025-10-24,37.75
2025-10-24,37.75
2025-10-24,37.75
2025-10-27,37.75
2025-10-27,37.75
2025-10-27,37.75
2025-10-27,37.75
2025-10-27,37.75
2025-10-28,37.75
2025-10-28,37.75
2025-10-28,37.75
2025-10-28,37.75
2025-10-28,37.75
2025-10-29,37.75
2025-10-29,37.75
2025-10-29,37.75
2025-10-29,37.75
2025-10-29,37.75
2025-10-30,37.75
2025-10-30,37.75
2025-10-30,37.75
2025-10-30,37.75
2025-10-30,37.75
2025-10-31,37.75
2025-10-31,37.75
2025-10-31,37.75
2025-10-31,37.75
2025-10-31,37.75
2025-11-03,37.75
2025-11-03,37.75
2025-11-03,37.75
2025-11-03,37.75
2025-11-03,37.75
2025-11-04,37.75
2025-11-04,37.75
2025-11-04,37.75
2025-11-04,37.75
2025-11-04,37.75
2025-11-05,37.75
2025-11-05,37.75
2025-11-05,37.75
2025-11-05,37.75
2025-11-05,37.75
2025-11-06,37.75
2025-11-06,37.75
2025-11-06,37.75
2025-11-06,37.75
2025-11-06,37.75
2025-11-07,32.82
2025-11-07,32.82
2025-11-07,32.82
2025-11-07,32.82
2025-11-07,32.82
2025-11-10,32.82
2025-11-10,32.82
2025-11-10,32.82
2025-11-10,32.82
2025-11-10,32.82
2025-11-17,32.82
2025-11-17,32.82
2025-11-17,32.82
2025-11-17,32.82
2025-11-17,32.82
2025-11-18,32.82
2025-11-18,32.82
2025-11-18,32.82
2025-11-18,32.82
2025-11-18,32.82
2025-11-19,32.82
2025-11-19,32.82
2025-11-19,32.82
2025-11-19,32.82
2025-11-19,32.82
2025-11-20,32.82
2025-11-20,32.82
2025-11-20,32.82
2025-11-20,32.82
2025-11-20,32.82
2025-11-21,32.82
2025-11-21,32.82
2025-11-21,32.82
2025-11-21,32.82
2025-11-21,32.82
2025-11-24,32.82
2025-11-24,32.82
2025-11-24,32.82
2025-11-24,32.82
2025-11-24,37.74
2025-11-25,37.74
2025-11-25,37.74
2025-11-25,37.74
2025-11-25,37.74
2025-11-25,37.74
2025-11-26,37.74
2025-11-26,37.74
2025-11-26,37.74
2025-11-26,37.74
2025-11-26,37.74
2025-11-27,37.74
2025-11-27,37.74
2025-11-27,37.74
2025-11-27,37.74
2025-11-27,37.74
2025-11-28,37.74
2025-11-28,37.74
2025-11-28,37.74
2025-11-28,37.74
2025-11-28,37.74
2025-12-01,37.74
2025-12-01,37.74
2025-12-01,37.74
2025-12-01,37.74
2025-12-01,37.74
2025-12-02,37.74
2025-12-02,37.74
2025-12-02,37.74
2025-12-02,37.74
2025-12-02,37.74
2025-12-03,37.74
2025-12-03,37.74
2025-12-03,37.74
2025-12-03,37.74
2025-12-03,37.74
2025-12-04,37.74
2025-12-04,37.74
2025-12-04,37.74
2025-12-04,37.74
2025-12-04,37.74
2025-12-05,37.74
2025-12-05,37.74
2025-12-05,37.74
2025-12-05,37.74
2025-12-05,37.74
2025-12-08,37.74
2025-12-08,37.74
2025-12-08,37.74
2025-12-08,37.74
2025-12-08,37.74
2025-12-09,37.74
2025-12-09,37.74
2025-12-09,37.74
2025-12-09,37.74
2025-12-09,37.74
2025-12-10,37.74
2025-12-10,37.74
2025-12-10,37.74
2025-12-10,37.74
2025-12-10,37.74
2025-12-11,37.74
2025-12-11,37.74
2025-12-11,37.74
2025-12-11,37.74
2025-12-11,37.74
2025-12-12,37.74
2025-12-12,37.74
2025-12-12,37.74
2025-12-12,37.74
2025-12-12,37.74
2025-12-15,37.74
2025-12-15,37.74
2025-12-15,37.74
2025-12-15,37.74
2025-12-15,37.74
2025-12-16,37.74
2025-12-16,37.74
2025-12-16,37.74
2025-12-16,37.74
2025-12-16,43.4
2025-12-18,43.4
2025-12-18,43.4
2025-12-18,43.4
2025-12-18,43.4
2025-12-18,43.4
2025-12-19,43.4
2025-12-19,43.4
2025-12-19,43.4
2025-12-19,43.4
2025-12-19,43.4
2025-12-22,43.4
2025-12-22,43.4
2025-12-22,43.4
2025-12-22,43.4
2025-12-22,43.4
2025-12-23,43.4
2025-12-23,43.4
2025-12-23,43.4
2025-12-23,43.4
2025-12-23,43.4
2025-12-24,43.4
2025-12-24,43.4
2025-12-24,43.4
2025-12-24,43.4
2025-12-24,43.4
2025-12-25,43.4
2025-12-25,43.4
2025-12-25,43.4
2025-12-25,43.4
2025-12-25,43.4
2025-12-26,43.4
2025-12-26,43.4
2025-12-26,43.4
2025-12-26,43.4
2025-12-26,43.4
2025-12-29,43.4
2025-12-29,43.4
2025-12-29,43.4
2025-12-29,43.4
2025-12-29,43.4
2025-12-30,43.4
2025-12-30,43.4
2025-12-30,43.4
2025-12-30,43.4
2025-12-30,43.4
2025-12-31,43.4
2025-12-31,43.4
2025-12-31,43.4
2025-12-31,43.4
2025-12-31,43.4
2026-01-01,43.4
2026-01-01,43.4
2026-01-01,43.4
2026-01-01,43.4
2026-01-01,43.4
2026-01-05,43.4
2026-01-05,43.4
2026-01-05,43.4
2026-01-05,43.4
2026-01-05,49.91
2026-01-06,49.91
2026-01-06,49.91
2026-01-06,49.91
2026-01-06,49.91
2026-01-06,49.91
2026-01-07,49.91
2026-01-07,49.91
2026-01-07,49.91
2026-01-07,49.91
2026-01-07,49.91
2026-01-08,49.91
2026-01-08,49.91
2026-01-08,49.91
2026-01-08,49.91
2026-01-08,49.91
2026-01-09,49.91
2026-01-09,49.91
2026-01-09,49.91
2026-01-09,49.91
2026-01-09,49.91
2026-01-12,49.91
2026-01-12,49.91
2026-01-12,49.91
2026-01-12,49.91
2026-01-12,49.91
2026-01-13,49.91
2026-01-13,49.91
2026-01-13,49.91
2026-01-13,49.91
2026-01-13,49.91
2026-01-14,49.91
2026-01-14,49.91
2026-01-14,49.91
2026-01-14,49.91
2026-01-14,49.91
2026-01-15,49.91
2026-01-15,49.91
2026-01-15,49.91
2026-01-15,49.91
2026-01-15,49.91
2026-01-16,49.91
2026-01-16,49.91
2026-01-16,49.91
2026-01-16,49.91
2026-01-16,49.91
2026-01-20,49.91
2026-01-20,49.91
2026-01-20,49.91
2026-01-20,49.91
2026-01-20,49.91
2026-01-21,49.91
2026-01-21,49.91
2026-01-21,49.91
2026-01-21,49.91
2026-01-21,49.91
2026-01-22,49.91
2026-01-22,49.91
2026-01-22,49.91
2026-01-22,49.91
2026-01-22,49.91
2026-01-23,49.91
2026-01-23,49.91
2026-01-23,49.91
2026-01-23,49.91
2026-01-23,49.91
2026-01-26,49.91
2026-01-26,49.91
2026-01-26,49.91
2026-01-26,49.91
2026-01-26,49.91
2026-01-27,49.91
2026-01-27,49.91
2026-01-27,49.91
2026-01-27,49.91
2026-01-27,49.91
2026-01-28,49.91
2026-01-28,49.91
2026-01-28,49.91
2026-01-28,49.91
2026-01-28,49.91
2026-01-29,49.91
2026-01-29,49.91
2026-01-29,49.91
2026-01-29,49.91
2026-01-29,49.91
2026-01-30,49.91
2026-01-30,49.91
2026-01-30,49.91
2026-01-30,49.91
2026-01-30,49.91
2026-02-02,49.91
2026-02-02,49.91
2026-02-02,49.91
2026-02-02,49.91
2026-02-02,49.91
2026-02-03,49.91
2026-02-03,49.91
2026-02-03,49.91
2026-02-03,49.91
2026-02-03,49.91
2026-02-04,49.91
2026-02-04,49.91
2026-02-04,49.91
2026-02-04,49.91
2026-02-04,49.91
2026-02-05,49.91
2026-02-05,49.91
2026-02-05,49.91
2026-02-05,49.91
2026-02-05,49.91
2026-02-06,49.91
2026-02-06,49.91
2026-02-06,49.91
2026-02-06,49.91
2026-02-06,49.91
2026-02-09,49.91
2026-02-09,49.91
2026-02-09,49.91
2026-02-09,49.91
2026-02-09,49.91
2026-02-10,49.91
2026-02-10,49.91
2026-02-10,49.91
2026-02-10,49.91
2026-02-10,49.91
2026-02-11,49.91
2026-02-11,49.91
2026-02-11,49.91
2026-02-11,49.91
2026-02-11,49.91
2026-02-12,49.91
2026-02-12,49.91
2026-02-12,49.91
2026-02-12,49.91
2026-02-12,49.91
2026-02-13,49.91
2026-02-13,49.91
2026-02-13,49.91
2026-02-13,49.91
2026-02-13,49.91
2026-02-16,49.91
2026-02-16,49.91
2026-02-16,49.91
2026-02-16,49.91
2026-02-16,49.91
2026-02-17,49.91
2026-02-17,49.91
2026-02-17,49.91
2026-02-17,49.91
2026-02-17,49.91
2026-02-20,49.91
2026-02-20,49.91
2026-02-20,49.91
2026-02-20,49.91
2026-02-20,49.91
2026-02-24,49.91
2026-02-24,49.91
2026-02-24,49.91
2026-02-24,49.91
2026-02-24,49.91
2026-02-25,49.91
2026-02-25,49.91
2026-02-25,49.91
2026-02-25,49.91
2026-02-25,49.91
2026-02-26,49.91
2026-02-26,49.91
2026-02-26,49.91
2026-02-26,49.91
2026-02-26,49.91
2026-02-27,49.91
2026-02-27,49.91
2026-02-27,49.91
2026-02-27,49.91
2026-02-27,49.91
2026-03-02,49.91
2026-03-02,49.91
2026-03-02,49.91
2026-03-02,49.91
2026-03-02,49.91
2026-03-03,49.91
2026-03-03,49.91
2026-03-03,49.91
2026-03-03,49.91
2026-03-03,49.91
2026-03-04,49.91
2026-03-04,49.91
2026-03-04,49.91
2026-03-04,49.91
2026-03-04,49.91
2026-03-05,49.91
2026-03-05,49.91
2026-03-05,49.91
2026-03-05,49.91
2026-03-05,49.91
2026-03-06,49.91
2026-03-06,49.91
2026-03-06,49.91
2026-03-06,49.91
2026-03-06,49.91
2026-03-09,49.91
2026-03-09,49.91
2026-03-09,49.91
2026-03-09,49.91
2026-03-09,49.91
2026-03-10,49.91
2026-03-10,49.91
2026-03-10,49.91
2026-03-10,49.91
2026-03-10,49.91
2026-03-11,49.91
2026-03-11,49.91
2026-03-11,49.91
2026-03-11,49.91
2026-03-11,49.91
2026-03-12,49.91
2026-03-12,49.91
2026-03-12,49.91
2026-03-12,49.91
2026-03-12,49.91
2026-03-13,49.91
2026-03-13,49.91
2026-03-13,49.91
2026-03-13,49.91
2026-03-13,49.91
2026-03-16,49.91
2026-03-16,49.91
2026-03-16,49.91
2026-03-16,49.91
2026-03-16,49.91
2026-03-17,49.91
2026-03-17,49.91
2026-03-17,49.91
2026-03-17,49.91
2026-03-17,49.91
2026-03-18,49.91
2026-03-18,49.91
2026-03-18,49.91
2026-03-18,49.91
2026-03-18,49.91
2026-03-19,49.91
2026-03-19,49.91
2026-03-19,49.91
2026-03-19,49.91
2026-03-19,49.91
2026-03-20,49.91
2026-03-20,49.91
2026-03-20,49.91
2026-03-20,49.91
2026-03-20,49.91
2026-03-23,49.91
2026-03-23,49.91
2026-03-23,49.91
2026-03-23,49.91
2026-03-23,49.91
2026-03-24,49.91
2026-03-24,49.91
2026-03-24,49.91
2026-03-24,49.91
2026-03-24,49.91
2026-03-25,49.91
2026-03-25,49.91
2026-03-25,49.91
2026-03-25,49.91
2026-03-25,49.91
2026-03-26,49.91
2026-03-26,49.91
2026-03-26,49.91
2026-03-26,49.91
2026-03-26,49.91
2026-03-27,49.91
2026-03-27,49.91
2026-03-27,49.91
2026-03-27,49.91
2026-03-27,49.91
2026-03-30,49.91
2026-03-30,49.91
2026-03-30,49.91
2026-03-30,49.91
2026-03-30,49.91
2026-03-31,49.91
2026-03-31,49.91
2026-03-31,49.91
2026-03-31,49.91
2026-03-31,49.91
2026-04-01,49.91
2026-04-01,49.91
2026-04-01,49.91
2026-04-01,49.91
2026-04-01,49.91
2026-04-02,49.91
2026-04-02,49.91
2026-04-02,49.91
2026-04-02,49.91
2026-04-02,49.91
2026-04-03,49.91
2026-04-03,49.91
2026-04-03,49.91
2026-04-03,49.91
2026-04-06,49.91
2026-04-06,49.91
2026-04-06,49.91
2026-04-06,49.91
2026-04-06,49.91
2026-04-07,49.91
2026-04-07,49.91
2026-04-07,49.91
2026-04-07,49.91
2026-04-07,49.91
2026-04-08,49.91
2026-04-08,49.91
2026-04-08,49.91
2026-04-08,49.91
2026-04-08,49.91
2026-04-09,57.4
2026-04-09,66.01
2026-04-09,66.01
2026-04-09,66.01
2026-04-09,61.71
2026-04-10,61.71
2026-04-10,61.71
2026-04-10,61.71
2026-04-10,61.71
2026-04-10,61.71
2026-04-13,61.71
2026-04-13,61.71
2026-04-13,61.71
2026-04-13,61.71
2026-04-13,61.71
2026-04-14,61.71
2026-04-14,61.71
2026-04-14,61.71
2026-04-14,61.71
2026-04-14,61.71
2026-04-15,70.97
2026-04-15,70.97
2026-04-15,70.97
2026-04-15,70.97
2026-04-15,70.97
2026-04-16,70.97
2026-04-16,70.97
2026-04-16,70.97
2026-04-16,70.97
2026-04-16,70.97
2026-04-17,70.97
2026-04-17,70.97
2026-04-17,70.97
2026-04-17,70.97
2026-04-17,70.97
2026-04-20,70.97
2026-04-20,70.97
2026-04-20,70.97
2026-04-20,70.97
2026-04-20,70.97
2026-04-21,70.97
2026-04-21,70.97
2026-04-21,70.97
2026-04-21,70.97
2026-04-21,70.97
2026-04-22,70.97
2026-04-22,70.97
2026-04-22,70.97
2026-04-22,70.97
2026-04-22,70.97
2026-04-23,70.97
2026-04-23,70.97
2026-04-23,70.97
2026-04-23,70.97
2026-04-23,70.97
2026-04-24,70.97
2026-04-24,70.97
2026-04-24,70.97
2026-04-24,70.97
2026-04-24,70.97
2026-04-27,70.97
2026-04-27,70.97
2026-04-27,70.97
2026-04-27,70.97
2026-04-27,70.97
2026-04-28,70.97
2026-04-28,70.97
2026-04-28,70.97
2026-04-28,70.97
2026-04-28,70.97
2026-04-29,70.97
2026-04-29,70.97
2026-04-29,70.97
2026-04-29,70.97
2026-04-29,70.97
2026-04-30,70.97
2026-04-30,70.97
2026-04-30,70.97
2026-04-30,70.97
2026-04-30,70.97
2026-05-01,70.97
2026-05-01,70.97
2026-05-01,70.97
2026-05-01,70.97
2026-05-01,70.97
2026-05-04,70.97
2026-05-04,70.97
2026-05-04,70.97
2026-05-04,70.97
2026-05-04,70.97
2026-05-05,70.97
2026-05-05,70.97
2026-05-05,70.97
2026-05-05,70.97
2026-05-05,70.97
2026-05-06,70.97
2026-05-06,70.97
2026-05-06,70.97
2026-05-06,70.97
2026-05-06,70.97
2026-05-07,70.97
2026-05-07,70.97
2026-05-07,70.97
2026-05-07,70.97
2026-05-07,70.97
2026-05-08,70.97
2026-05-08,70.97
2026-05-08,70.97
2026-05-08,70.97
2026-05-08,70.97