Date,Close Price
2020-04-23,16.55
2020-04-23,16.55
2020-04-24,16.13
2020-04-24,16.13
2020-04-27,16.13
2020-04-27,16.13
2020-04-28,16.13
2020-04-28,16.13
2020-04-29,16.13
2020-04-29,16.13
2020-04-30,15.73
2020-04-30,15.73
2020-05-01,15.73
2020-05-01,15.73
2020-05-04,15.73
2020-05-04,15.73
2020-05-05,15.73
2020-05-05,15.73
2020-05-06,15.73
2020-05-06,15.73
2020-05-07,15.73
2020-05-07,15.73
2020-05-08,15.73
2020-05-08,15.73
2020-05-11,15.73
2020-05-11,15.73
2020-05-12,15.73
2020-05-12,15.73
2020-05-13,15.73
2020-05-13,15.73
2020-05-14,15.33
2020-05-14,15.33
2020-05-15,14.95
2020-05-15,14.95
2020-05-18,14.58
2020-05-18,14.58
2020-05-19,14.21
2020-05-19,13.86
2020-05-20,13.52
2020-05-20,13.52
2020-05-21,13.52
2020-05-21,13.85
2020-05-22,13.85
2020-05-22,13.85
2020-05-25,13.85
2020-05-25,13.85
2020-05-26,13.85
2020-05-26,13.85
2020-05-27,13.85
2020-05-27,13.85
2020-05-28,13.85
2020-05-28,13.85
2020-05-29,13.85
2020-05-29,13.85
2020-06-01,13.85
2020-06-01,13.85
2020-06-02,13.85
2020-06-02,13.85
2020-06-03,13.85
2020-06-03,13.85
2020-06-04,13.85
2020-06-04,13.85
2020-06-08,13.85
2020-06-08,13.85
2020-06-09,13.85
2020-06-09,13.51
2020-06-10,13.51
2020-06-10,13.51
2020-06-11,13.51
2020-06-11,13.51
2020-06-12,13.51
2020-06-12,13.51
2020-06-15,13.51
2020-06-15,13.51
2020-06-16,13.18
2020-06-16,13.18
2020-06-17,13.18
2020-06-17,13.18
2020-06-18,13.18
2020-06-18,13.18
2020-06-19,13.18
2020-06-19,13.18
2020-06-22,13.18
2020-06-22,12.86
2020-06-23,12.86
2020-06-23,13.18
2020-06-24,13.18
2020-06-24,13.18
2020-06-25,12.86
2020-06-25,12.86
2020-06-26,12.86
2020-06-26,12.86
2020-06-29,12.86
2020-06-29,12.86
2020-07-01,12.86
2020-07-01,12.86
2020-07-02,12.86
2020-07-02,12.86
2020-07-03,12.86
2020-07-03,12.86
2020-07-06,13.5
2020-07-06,13.5
2020-07-07,13.5
2020-07-07,13.5
2020-07-08,13.5
2020-07-08,13.5
2020-07-09,13.5
2020-07-09,13.5
2020-07-10,13.5
2020-07-10,13.5
2020-07-13,13.5
2020-07-13,13.5
2020-07-14,13.5
2020-07-14,13.5
2020-07-15,13.5
2020-07-15,13.5
2020-07-16,13.5
2020-07-16,13.5
2020-07-17,14
2020-07-17,14
2020-07-20,14
2020-07-20,14
2020-07-21,14
2020-07-21,14
2020-07-22,14
2020-07-22,14
2020-07-23,14
2020-07-23,14
2020-07-27,14
2020-07-27,14
2020-07-28,14
2020-07-28,14
2020-07-29,14
2020-07-29,14
2020-07-30,14
2020-07-30,14
2020-07-31,14
2020-07-31,14
2020-08-03,14
2020-08-03,14
2020-08-04,14
2020-08-04,14
2020-08-05,14
2020-08-05,14
2020-08-06,14
2020-08-06,14
2020-08-07,14
2020-08-07,14.7
2020-08-10,14.7
2020-08-10,14.7
2020-08-10,14.7
2020-08-10,14.7
2020-08-10,14.7
2020-08-11,14.7
2020-08-11,14.7
2020-08-11,14.7
2020-08-11,14.7
2020-08-11,14.7
2020-08-12,14.7
2020-08-12,14.7
2020-08-12,14.7
2020-08-12,14.7
2020-08-12,14.7
2020-08-13,14.7
2020-08-13,14.7
2020-08-13,14.7
2020-08-13,14.7
2020-08-13,14.7
2020-08-14,14.7
2020-08-14,14.7
2020-08-14,14.7
2020-08-14,14.7
2020-08-14,14.7
2020-08-17,14.7
2020-08-17,14.7
2020-08-17,14.7
2020-08-17,14.7
2020-08-17,14.7
2020-08-18,14.7
2020-08-18,14.7
2020-08-18,14.7
2020-08-18,14.7
2020-08-18,14.7
2020-08-19,14.7
2020-08-19,14.7
2020-08-19,14.7
2020-08-19,14.7
2020-08-19,14.7
2020-08-20,14.7
2020-08-20,14.7
2020-08-20,14.7
2020-08-20,14.7
2020-08-20,14.7
2020-08-21,14.7
2020-08-21,14.7
2020-08-21,14.7
2020-08-21,14.7
2020-08-21,14.7
2020-08-24,14.7
2020-08-24,14.7
2020-08-24,14.7
2020-08-24,14.7
2020-08-24,14.7
2020-08-25,14.7
2020-08-25,14.7
2020-08-25,14.7
2020-08-25,14.7
2020-08-25,14.7
2020-08-26,14.7
2020-08-26,14.7
2020-08-26,14.7
2020-08-26,14.7
2020-08-26,14.7
2020-08-27,14.7
2020-08-27,14.7
2020-08-27,14.7
2020-08-27,14.7
2020-08-27,14.7
2020-08-28,14.7
2020-08-28,14.7
2020-08-28,14.7
2020-08-28,14.7
2020-08-28,14.7
2020-08-31,14.7
2020-08-31,14.7
2020-08-31,14.7
2020-08-31,14.7
2020-08-31,14.7
2020-09-01,14.7
2020-09-01,14.7
2020-09-01,14.7
2020-09-01,14.7
2020-09-01,14.7
2020-09-02,14.7
2020-09-02,14.7
2020-09-02,14.7
2020-09-02,14.7
2020-09-02,14.7
2020-09-03,14.7
2020-09-03,14.7
2020-09-03,14.7
2020-09-03,14.7
2020-09-03,14.7
2020-09-04,14.7
2020-09-04,14.7
2020-09-04,14.7
2020-09-04,14.7
2020-09-04,14.7
2020-09-07,14.7
2020-09-07,14.7
2020-09-07,14.7
2020-09-07,14.7
2020-09-07,14.7
2020-09-08,14.7
2020-09-08,14.7
2020-09-08,14.7
2020-09-08,14.7
2020-09-08,14.7
2020-09-09,14.7
2020-09-09,14.7
2020-09-09,14.7
2020-09-09,14.7
2020-09-09,14.7
2020-09-10,14.7
2020-09-10,14.7
2020-09-10,14.7
2020-09-10,14.7
2020-09-10,14.7
2020-09-11,14.7
2020-09-11,14.7
2020-09-11,14.7
2020-09-11,14.7
2020-09-11,14.7
2020-09-14,14.7
2020-09-14,14.7
2020-09-14,14.7
2020-09-14,14.7
2020-09-14,14.7
2020-09-15,14.7
2020-09-15,14.7
2020-09-15,14.7
2020-09-15,14.7
2020-09-15,14.7
2020-09-16,14.7
2020-09-16,14.7
2020-09-16,14.7
2020-09-16,14.7
2020-09-16,14.7
2020-09-17,14.7
2020-09-17,14.7
2020-09-17,14.7
2020-09-17,14
2020-09-17,14
2020-09-18,14
2020-09-18,14
2020-09-18,14
2020-09-18,14
2020-09-18,14
2020-09-21,14
2020-09-21,14
2020-09-21,14
2020-09-21,14
2020-09-21,14
2020-09-24,14
2020-09-24,14
2020-09-24,14
2020-09-24,14
2020-09-24,14
2020-09-25,14
2020-09-25,14
2020-09-25,14
2020-09-25,14
2020-09-25,14
2020-09-29,14
2020-09-29,14
2020-09-29,14
2020-09-29,14
2020-09-29,14
2020-09-30,14
2020-09-30,14
2020-09-30,14
2020-09-30,14
2020-09-30,14
2020-10-01,14
2020-10-01,14
2020-10-01,14
2020-10-01,14
2020-10-01,14
2020-10-02,14
2020-10-02,14
2020-10-02,14
2020-10-02,14
2020-10-02,14
2020-10-05,14
2020-10-05,14
2020-10-05,14
2020-10-05,14
2020-10-05,14
2020-10-06,14
2020-10-06,14
2020-10-06,14
2020-10-06,14
2020-10-06,14
2020-10-07,14
2020-10-07,14
2020-10-07,14
2020-10-07,14
2020-10-07,14
2020-10-08,14
2020-10-08,14
2020-10-08,14
2020-10-08,14
2020-10-08,14
2020-10-09,14
2020-10-09,14
2020-10-09,14
2020-10-09,14
2020-10-09,14
2020-10-12,14
2020-10-12,14
2020-10-12,14
2020-10-12,14
2020-10-12,14
2020-10-13,14
2020-10-13,14
2020-10-13,14
2020-10-13,14
2020-10-13,14
2020-10-14,14
2020-10-14,14
2020-10-14,14
2020-10-14,14
2020-10-14,14
2020-10-15,14
2020-10-15,14
2020-10-15,14
2020-10-15,14
2020-10-15,14
2020-10-16,14
2020-10-16,14
2020-10-16,14
2020-10-16,14
2020-10-16,14
2020-10-19,14
2020-10-19,14
2020-10-19,14.7
2020-10-19,14.7
2020-10-19,14.7
2020-10-20,14.7
2020-10-20,14.7
2020-10-20,14.7
2020-10-20,14.7
2020-10-20,14.7
2020-10-21,14.7
2020-10-21,14.7
2020-10-21,14.7
2020-10-21,14.7
2020-10-21,14.7
2020-10-22,14.7
2020-10-22,14.7
2020-10-22,14.7
2020-10-22,14.7
2020-10-22,14.7
2020-10-23,14.7
2020-10-23,14.7
2020-10-23,14.7
2020-10-23,14.7
2020-10-23,14.7
2020-10-27,14.7
2020-10-27,14.7
2020-10-27,14.7
2020-10-27,14.7
2020-10-27,14.7
2020-10-28,14.7
2020-10-28,14.7
2020-10-28,14.7
2020-10-28,14.7
2020-10-28,14.7
2020-10-29,14.7
2020-10-29,14.7
2020-10-29,14.7
2020-10-29,14.7
2020-10-29,14.7
2020-10-30,14.7
2020-10-30,14.7
2020-10-30,14.7
2020-10-30,14.7
2020-10-30,14.7
2020-11-02,14.7
2020-11-02,14.7
2020-11-02,14.7
2020-11-02,14.7
2020-11-02,14.7
2020-11-03,14.7
2020-11-03,14.7
2020-11-03,14.7
2020-11-03,14.7
2020-11-03,14.7
2020-11-04,14.7
2020-11-04,14.7
2020-11-04,14.7
2020-11-04,14.7
2020-11-04,14.7
2020-11-05,14.7
2020-11-05,14.7
2020-11-05,14.7
2020-11-05,14.7
2020-11-05,14.7
2020-11-06,14.7
2020-11-06,14.7
2020-11-06,14.7
2020-11-06,14.7
2020-11-06,14.7
2020-11-09,14.7
2020-11-09,14.7
2020-11-09,14.7
2020-11-09,14.7
2020-11-09,14.7
2020-11-10,14.7
2020-11-10,14.7
2020-11-10,14.7
2020-11-10,14.7
2020-11-10,14.7
2020-11-12,14.7
2020-11-12,14.7
2020-11-12,14.7
2020-11-12,14.7
2020-11-12,14.7
2020-11-13,14.7
2020-11-13,14.7
2020-11-13,14.7
2020-11-13,14.7
2020-11-13,14.7
2020-11-16,14.7
2020-11-16,14.7
2020-11-16,14.7
2020-11-16,14.7
2020-11-16,14.7
2020-11-17,14.7
2020-11-17,14.7
2020-11-17,14.7
2020-11-17,14.7
2020-11-17,14.7
2020-11-18,14.7
2020-11-18,14.7
2020-11-18,14.7
2020-11-18,14.7
2020-11-18,14.7
2020-11-19,14.7
2020-11-19,14.7
2020-11-19,14.7
2020-11-19,14.7
2020-11-19,14.7
2020-11-20,11.45
2020-11-20,11.45
2020-11-20,14.7
2020-11-20,14.7
2020-11-20,14.7
2020-11-23,14.7
2020-11-23,14.7
2020-11-23,14.7
2020-11-23,14.7
2020-11-23,14.7
2020-11-24,14.7
2020-11-24,14.7
2020-11-24,14.7
2020-11-24,14.7
2020-11-24,14.7
2020-11-25,14.7
2020-11-25,14.7
2020-11-25,14.7
2020-11-25,14.7
2020-11-25,14.7
2020-11-26,14.7
2020-11-26,14.7
2020-11-26,14.7
2020-11-26,14.7
2020-11-26,14.7
2020-11-27,14.7
2020-11-27,14.7
2020-11-27,14.7
2020-11-27,14.7
2020-11-27,14.7
2020-11-30,14.7
2020-11-30,14.7
2020-11-30,14.7
2020-11-30,14.7
2020-11-30,14.7
2020-12-01,14.7
2020-12-01,14.7
2020-12-01,14.7
2020-12-01,14.7
2020-12-01,14.7
2020-12-02,14.7
2020-12-02,14.7
2020-12-02,14.7
2020-12-02,14.7
2020-12-02,14.7
2020-12-03,14.7
2020-12-03,14.7
2020-12-03,14.7
2020-12-03,14.7
2020-12-03,14.7
2020-12-04,14.7
2020-12-04,14.7
2020-12-04,14.7
2020-12-04,14.7
2020-12-04,14.7
2020-12-07,14.7
2020-12-07,14.7
2020-12-07,14
2020-12-07,14
2020-12-07,14
2020-12-08,14
2020-12-08,14
2020-12-08,14
2020-12-08,14
2020-12-08,14
2020-12-09,14
2020-12-09,14
2020-12-09,14
2020-12-09,14
2020-12-09,14
2020-12-10,14
2020-12-10,14
2020-12-10,14
2020-12-10,14
2020-12-10,14
2020-12-11,14
2020-12-11,14
2020-12-11,14
2020-12-11,14
2020-12-11,14
2020-12-14,14
2020-12-14,14
2020-12-14,14
2020-12-14,14
2020-12-14,14
2020-12-15,14
2020-12-15,14
2020-12-15,14
2020-12-15,14
2020-12-15,14
2020-12-16,14
2020-12-16,14
2020-12-16,14
2020-12-16,14
2020-12-16,14
2020-12-18,14
2020-12-18,14
2020-12-18,14
2020-12-18,14
2020-12-18,14
2020-12-21,14
2020-12-21,14
2020-12-21,14
2020-12-21,14
2020-12-21,14
2020-12-22,11.45
2020-12-22,11.45
2020-12-22,11.45
2020-12-23,14
2020-12-23,14
2020-12-23,14
2020-12-23,14
2020-12-24,14
2020-12-24,14
2020-12-24,14
2020-12-24,14
2020-12-24,14
2020-12-25,14
2020-12-25,14
2020-12-25,14
2020-12-25,14
2020-12-25,14
2020-12-28,14
2020-12-28,14
2020-12-28,14
2020-12-28,14
2020-12-28,14
2020-12-29,14
2020-12-29,14
2020-12-29,14
2020-12-29,14
2020-12-29,14
2020-12-30,14
2020-12-30,14
2020-12-30,14
2020-12-30,14
2020-12-30,14
2020-12-31,14
2020-12-31,14
2020-12-31,14
2020-12-31,14
2020-12-31,14
2021-01-01,14
2021-01-01,14
2021-01-01,14
2021-01-01,14
2021-01-01,14
2021-01-04,14
2021-01-04,14
2021-01-04,14
2021-01-04,14
2021-01-04,14
2021-01-05,14
2021-01-05,14
2021-01-05,14
2021-01-05,14
2021-01-05,14
2021-01-06,14
2021-01-06,14
2021-01-06,14
2021-01-06,14
2021-01-06,14
2021-01-07,14
2021-01-07,14
2021-01-07,14
2021-01-07,14
2021-01-07,14
2021-01-08,14
2021-01-08,14
2021-01-08,14
2021-01-08,14
2021-01-08,14
2021-01-11,14
2021-01-11,14
2021-01-11,14
2021-01-11,14
2021-01-11,14
2021-01-12,14
2021-01-12,14
2021-01-12,14
2021-01-12,14
2021-01-12,14
2021-01-13,14
2021-01-13,14
2021-01-13,14
2021-01-13,14
2021-01-13,14
2021-01-15,14
2021-01-15,14
2021-01-15,14
2021-01-15,14
2021-01-15,14
2021-01-18,14
2021-01-18,14
2021-01-18,14
2021-01-18,14
2021-01-18,14
2021-01-19,14
2021-01-19,14
2021-01-19,14
2021-01-19,14
2021-01-19,14
2021-01-20,13.95
2021-01-20,13.95
2021-01-20,13.95
2021-01-20,13.95
2021-01-20,13.95
2021-01-21,13.95
2021-01-21,13.95
2021-01-21,13.95
2021-01-21,13.95
2021-01-21,13.95
2021-01-22,13.95
2021-01-22,13.95
2021-01-22,13.95
2021-01-22,13.95
2021-01-22,13.95
2021-01-25,13.95
2021-01-25,13.95
2021-01-25,13.95
2021-01-25,13.95
2021-01-25,13.95
2021-01-26,13.95
2021-01-26,13.95
2021-01-26,13.95
2021-01-26,13.95
2021-01-26,13.95
2021-01-27,13.95
2021-01-27,13.95
2021-01-27,13.95
2021-01-27,13.95
2021-01-27,13.95
2021-01-28,13.95
2021-01-28,13.95
2021-01-28,13.95
2021-01-28,13.95
2021-01-28,13.95
2021-01-29,13.95
2021-01-29,13.95
2021-01-29,13.95
2021-01-29,13.95
2021-01-29,13.95
2021-02-01,13.95
2021-02-01,13.95
2021-02-01,13.95
2021-02-01,13.95
2021-02-01,13.95
2021-02-02,13.95
2021-02-02,13.95
2021-02-02,13.95
2021-02-02,13.95
2021-02-02,13.95
2021-02-03,13.95
2021-02-03,13.95
2021-02-03,13.95
2021-02-03,13.95
2021-02-03,13.95
2021-02-04,13.95
2021-02-04,13.95
2021-02-04,13.95
2021-02-04,13.95
2021-02-04,13.95
2021-02-05,13.95
2021-02-05,13.95
2021-02-05,13.95
2021-02-05,13.95
2021-02-05,13.95
2021-02-08,13.95
2021-02-08,13.95
2021-02-08,13.95
2021-02-08,13.95
2021-02-08,13.95
2021-02-09,13.95
2021-02-09,13.95
2021-02-09,13.95
2021-02-09,13.95
2021-02-09,13.95
2021-02-10,13.95
2021-02-10,13.95
2021-02-10,13.95
2021-02-10,13.95
2021-02-10,13.95
2021-02-11,13.95
2021-02-11,13.95
2021-02-11,13.95
2021-02-11,13.95
2021-02-11,13.95
2021-02-15,13.95
2021-02-15,13.95
2021-02-15,13.95
2021-02-15,13.95
2021-02-15,13.95
2021-02-16,13.95
2021-02-16,13.95
2021-02-16,13.95
2021-02-16,13.95
2021-02-16,13.95
2021-02-17,13.95
2021-02-17,13.95
2021-02-17,13.95
2021-02-17,13.95
2021-02-17,13.95
2021-02-18,13.95
2021-02-18,13.95
2021-02-18,13.95
2021-02-18,13.95
2021-02-18,13.95
2021-02-19,13.95
2021-02-19,13.95
2021-02-19,13.95
2021-02-19,13.95
2021-02-19,13.95
2021-02-24,13.95
2021-02-24,13.95
2021-02-24,13.95
2021-02-24,13.95
2021-02-24,13.95
2021-02-25,13.95
2021-02-25,13.95
2021-02-25,13.95
2021-02-25,13.95
2021-02-25,13.95
2021-02-26,13.95
2021-02-26,13.95
2021-02-26,13.95
2021-02-26,13.95
2021-02-26,13.95
2021-03-01,13.95
2021-03-01,13.95
2021-03-01,13.95
2021-03-01,13.95
2021-03-01,13.95
2021-03-02,13.95
2021-03-02,13.95
2021-03-02,13.95
2021-03-02,13.95
2021-03-02,13.95
2021-03-03,13.95
2021-03-03,13.95
2021-03-03,13.95
2021-03-03,13.95
2021-03-03,13.95
2021-03-04,13.95
2021-03-04,13.95
2021-03-04,13.95
2021-03-04,13.95
2021-03-04,13.95
2021-03-05,13.95
2021-03-05,13.95
2021-03-05,13.95
2021-03-05,13.95
2021-03-05,13.95
2021-03-08,13.95
2021-03-08,13.95
2021-03-08,13.95
2021-03-08,13.95
2021-03-08,13.95
2021-03-09,13.95
2021-03-09,13.95
2021-03-09,13.95
2021-03-09,13.95
2021-03-09,13.95
2021-03-10,13.95
2021-03-10,13.95
2021-03-10,13.95
2021-03-10,13.95
2021-03-10,13.95
2021-03-11,13.95
2021-03-11,13.95
2021-03-11,13.95
2021-03-11,13.95
2021-03-11,13.95
2021-03-12,13.95
2021-03-12,13.95
2021-03-12,13.95
2021-03-12,13.95
2021-03-12,13.95
2021-03-15,13.95
2021-03-15,13.95
2021-03-15,13.95
2021-03-15,13.95
2021-03-15,13.95
2021-03-16,13.95
2021-03-16,13.95
2021-03-16,13.95
2021-03-16,13.95
2021-03-16,13.95
2021-03-17,13.95
2021-03-17,13.95
2021-03-17,13.95
2021-03-17,13.95
2021-03-17,13.95
2021-03-18,13.95
2021-03-18,13.95
2021-03-18,13.95
2021-03-18,13.95
2021-03-18,13.95
2021-03-19,13.95
2021-03-19,13.95
2021-03-19,13.95
2021-03-19,13.95
2021-03-19,13.95
2021-03-22,13.95
2021-03-22,13.95
2021-03-22,13.95
2021-03-22,13.95
2021-03-22,13.95
2021-03-23,13.95
2021-03-23,13.95
2021-03-23,13.95
2021-03-23,13.95
2021-03-23,13.95
2021-03-24,13.95
2021-03-24,13.95
2021-03-24,13.95
2021-03-24,13.95
2021-03-24,13.95
2021-03-25,13.95
2021-03-25,13.95
2021-03-25,13.95
2021-03-25,13.95
2021-03-25,13.95
2021-03-26,13.95
2021-03-26,13.95
2021-03-26,13.95
2021-03-26,13.95
2021-03-26,13.95
2021-03-29,13.95
2021-03-29,13.95
2021-03-29,13.95
2021-03-29,13.95
2021-03-29,13.95
2021-03-30,13.95
2021-03-30,13.95
2021-03-30,13.95
2021-03-30,13.95
2021-03-30,13.95
2021-03-31,13.95
2021-03-31,13.95
2021-03-31,13.95
2021-03-31,13.95
2021-03-31,13.95
2021-04-01,13.95
2021-04-01,13.95
2021-04-01,13.95
2021-04-01,13.95
2021-04-01,13.95
2021-04-02,13.95
2021-04-02,13.95
2021-04-02,13.95
2021-04-02,13.95
2021-04-02,13.95
2021-04-05,13.95
2021-04-05,13.95
2021-04-05,13.95
2021-04-05,13.95
2021-04-05,13.95
2021-04-06,13.95
2021-04-06,13.95
2021-04-06,13.95
2021-04-06,13.95
2021-04-06,13.95
2021-04-07,13.95
2021-04-07,14.64
2021-04-07,14.64
2021-04-07,14.64
2021-04-07,14.64
2021-04-08,14.64
2021-04-08,14.64
2021-04-08,14.64
2021-04-08,14.64
2021-04-08,14.64
2021-04-09,14.64
2021-04-09,14.64
2021-04-09,14.64
2021-04-09,15.37
2021-04-09,15.37
2021-04-12,16.14
2021-04-12,16.14
2021-04-12,16.14
2021-04-12,16.14
2021-04-12,16.14
2021-04-13,16.14
2021-04-13,16.14
2021-04-13,16.14
2021-04-13,16.14
2021-04-13,16.14
2021-04-14,16.14
2021-04-14,16.14
2021-04-14,16.14
2021-04-14,16.14
2021-04-14,16.14
2021-04-15,16.14
2021-04-15,16.14
2021-04-15,16.14
2021-04-15,16.14
2021-04-15,16.14
2021-04-16,16.14
2021-04-16,16.14
2021-04-16,16.14
2021-04-16,16.14
2021-04-16,16.14
2021-04-19,16.14
2021-04-19,16.14
2021-04-19,16.14
2021-04-19,16.14
2021-04-19,16.14
2021-04-20,16.14
2021-04-20,16.14
2021-04-20,16.14
2021-04-20,16.14
2021-04-20,16.14
2021-04-21,16.14
2021-04-21,16.14
2021-04-21,16.14
2021-04-21,16.14
2021-04-21,16.14
2021-04-23,16.14
2021-04-23,16.14
2021-04-23,16.14
2021-04-26,16.14
2021-04-26,16.14
2021-04-26,16.46
2021-04-26,16.46
2021-04-26,16.46
2021-04-27,16.46
2021-04-27,16.46
2021-04-27,16.46
2021-04-27,16.46
2021-04-27,16.46
2021-04-29,16.46
2021-04-29,16.46
2021-04-29,16.46
2021-04-29,16.46
2021-04-29,16.46
2021-04-30,16.46
2021-04-30,16.46
2021-04-30,16.46
2021-04-30,16.46
2021-04-30,16.46
2021-05-03,16.46
2021-05-03,16.46
2021-05-03,16.46
2021-05-03,17.28
2021-05-03,17.28
2021-05-04,17.28
2021-05-04,17.28
2021-05-04,17.28
2021-05-04,18.14
2021-05-04,18.14
2021-05-05,18.14
2021-05-05,18.14
2021-05-05,18.14
2021-05-05,18.14
2021-05-05,18.14
2021-05-06,18
2021-05-06,18
2021-05-06,18
2021-05-06,18
2021-05-06,18.5
2021-05-07,18.5
2021-05-07,18.5
2021-05-07,18.5
2021-05-07,18.5
2021-05-07,18.5
2021-05-10,18.5
2021-05-10,18.5
2021-05-10,18.5
2021-05-10,18.5
2021-05-10,18.5
2021-05-11,18.5
2021-05-11,18.5
2021-05-11,18.5
2021-05-11,18.5
2021-05-11,18.5
2021-05-12,18.5
2021-05-12,18.5
2021-05-12,18.5
2021-05-12,18.5
2021-05-12,18.5
2021-05-13,18.5
2021-05-13,18.5
2021-05-13,18.5
2021-05-13,18.5
2021-05-13,18.5
2021-05-14,18.5
2021-05-14,18.5
2021-05-14,18.5
2021-05-14,18.5
2021-05-14,18.5
2021-05-17,18.5
2021-05-17,18.5
2021-05-17,18.5
2021-05-17,18.5
2021-05-17,18.5
2021-05-18,18.5
2021-05-18,18.5
2021-05-18,18.5
2021-05-18,18.5
2021-05-18,18.5
2021-05-19,18.5
2021-05-19,18.5
2021-05-19,18.5
2021-05-19,18.5
2021-05-19,18.5
2021-05-20,18.5
2021-05-20,18.5
2021-05-20,18.5
2021-05-20,18.5
2021-05-20,18.5
2021-05-21,18.5
2021-05-21,18.5
2021-05-21,18.5
2021-05-21,18.5
2021-05-21,18.5
2021-05-24,18.5
2021-05-24,18.5
2021-05-24,18.5
2021-05-24,18.5
2021-05-24,18.5
2021-05-25,18.5
2021-05-25,18.5
2021-05-25,18.5
2021-05-25,18.5
2021-05-25,18.5
2021-05-27,18.5
2021-05-27,18.5
2021-05-27,18.5
2021-05-27,18.5
2021-05-27,18.5
2021-05-28,18.5
2021-05-28,18.5
2021-05-28,18.5
2021-05-28,18.5
2021-05-28,18.5
2021-05-31,18.5
2021-05-31,18.5
2021-05-31,18.5
2021-05-31,18.5
2021-05-31,18.5
2021-06-01,18.5
2021-06-01,18.5
2021-06-01,18.5
2021-06-01,18.5
2021-06-01,18.5
2021-06-02,18.5
2021-06-02,18.5
2021-06-02,18.5
2021-06-02,18.5
2021-06-02,18.5
2021-06-03,18.5
2021-06-03,18.5
2021-06-03,18.5
2021-06-03,18.5
2021-06-03,18.5
2021-06-04,18.5
2021-06-04,18.5
2021-06-04,18.5
2021-06-04,18.5
2021-06-04,18.5
2021-06-07,18.5
2021-06-07,18.5
2021-06-07,18.5
2021-06-07,18.5
2021-06-07,18.5
2021-06-08,18.5
2021-06-08,18.5
2021-06-08,18.5
2021-06-08,18.5
2021-06-08,18.5
2021-06-09,18.5
2021-06-09,18.5
2021-06-09,18.5
2021-06-09,18.5
2021-06-09,18.5
2021-06-10,18.5
2021-06-10,18.5
2021-06-10,18.5
2021-06-10,18.5
2021-06-10,18.5
2021-06-11,18.5
2021-06-11,18.5
2021-06-11,18.5
2021-06-11,18.5
2021-06-11,18.5
2021-06-14,18.5
2021-06-14,18.5
2021-06-14,18.5
2021-06-14,18.5
2021-06-14,18.5
2021-06-15,18.5
2021-06-15,18.5
2021-06-15,18.5
2021-06-15,18.5
2021-06-15,18.5
2021-06-16,18.5
2021-06-16,18.5
2021-06-16,18.5
2021-06-16,18.5
2021-06-16,18.5
2021-06-17,18.5
2021-06-17,18.5
2021-06-17,18.5
2021-06-17,18.5
2021-06-17,18.5
2021-06-18,18.5
2021-06-18,18.5
2021-06-18,18.5
2021-06-18,18.5
2021-06-18,18.5
2021-06-21,18.5
2021-06-21,18.5
2021-06-21,18.5
2021-06-21,18.5
2021-06-21,18.5
2021-06-22,18.5
2021-06-22,18.5
2021-06-22,18.5
2021-06-22,18.5
2021-06-22,18.5
2021-06-23,18.5
2021-06-23,18.5
2021-06-23,18.5
2021-06-23,18.5
2021-06-23,18.5
2021-06-24,18.5
2021-06-24,18.5
2021-06-24,18.5
2021-06-24,18.5
2021-06-24,18.5
2021-06-25,18.5
2021-06-25,18.5
2021-06-25,18.5
2021-06-25,18.5
2021-06-25,18.5
2021-06-28,18.5
2021-06-28,18.5
2021-06-28,18.5
2021-06-28,18.5
2021-06-28,18.5
2021-06-29,18.5
2021-06-29,18.5
2021-06-29,18.5
2021-06-29,18.5
2021-06-29,18.5
2021-06-30,18.5
2021-06-30,18.5
2021-06-30,18.5
2021-06-30,18.5
2021-06-30,18.5
2021-07-01,18.5
2021-07-01,18.5
2021-07-01,18.5
2021-07-01,18.5
2021-07-01,18.5
2021-07-02,18.5
2021-07-02,18.5
2021-07-02,18.5
2021-07-02,18.5
2021-07-02,18.5
2021-07-05,18.5
2021-07-05,18.5
2021-07-05,18.5
2021-07-05,18.5
2021-07-05,18.5
2021-07-06,18.5
2021-07-06,18.5
2021-07-06,18.5
2021-07-06,18.5
2021-07-06,18.5
2021-07-07,18.5
2021-07-07,18.5
2021-07-07,18.5
2021-07-07,18.5
2021-07-07,18.5
2021-07-08,18.5
2021-07-08,18.5
2021-07-08,18.5
2021-07-08,18.5
2021-07-08,18.5
2021-07-09,18.5
2021-07-09,18.5
2021-07-09,18.5
2021-07-09,18.5
2021-07-09,18.5
2021-07-12,18.5
2021-07-12,18.5
2021-07-12,18.5
2021-07-12,18.5
2021-07-12,18.5
2021-07-13,18.5
2021-07-13,18.5
2021-07-15,18.5
2021-07-15,18.5
2021-07-15,18.5
2021-07-15,18.5
2021-07-15,18.5
2021-07-16,18.5
2021-07-16,18.5
2021-07-16,18.5
2021-07-16,18.5
2021-07-16,18.5
2021-07-19,18.5
2021-07-19,18.5
2021-07-19,18.5
2021-07-19,18.5
2021-07-19,18.5
2021-07-20,18.5
2021-07-20,18.5
2021-07-20,18.5
2021-07-20,18.5
2021-07-20,18.5
2021-07-21,18.5
2021-07-21,18.5
2021-07-21,18.5
2021-07-21,18.5
2021-07-21,18.5
2021-07-22,18.5
2021-07-22,18.5
2021-07-22,18.5
2021-07-22,18.5
2021-07-22,18.5
2021-07-23,18.5
2021-07-23,18.5
2021-07-23,18.5
2021-07-23,19.43
2021-07-23,19.43
2021-07-26,19.43
2021-07-26,19.43
2021-07-26,19.43
2021-07-26,19.43
2021-07-26,19.43
2021-07-27,19.43
2021-07-27,19.43
2021-07-27,19.43
2021-07-27,19.43
2021-07-27,19.43
2021-07-28,19.43
2021-07-28,19.43
2021-07-28,19.43
2021-07-28,19.43
2021-07-28,19.43
2021-07-29,19.43
2021-07-29,19.43
2021-07-29,19.43
2021-07-29,19.43
2021-07-29,19.43
2021-07-30,19.43
2021-07-30,19.43
2021-07-30,19.43
2021-07-30,19.43
2021-07-30,19.43
2021-08-02,19.43
2021-08-02,19.43
2021-08-02,19.43
2021-08-02,19.43
2021-08-02,19.43
2021-08-03,19.43
2021-08-03,19.43
2021-08-03,19.43
2021-08-03,19.43
2021-08-03,19.43
2021-08-04,19.43
2021-08-04,19.43
2021-08-04,19.43
2021-08-04,19.43
2021-08-04,19.43
2021-08-05,19.43
2021-08-05,19.43
2021-08-05,19.43
2021-08-05,19.43
2021-08-05,19.43
2021-08-06,19.43
2021-08-06,19.43
2021-08-06,19.43
2021-08-06,19.43
2021-08-06,19.43
2021-08-09,19.43
2021-08-09,19.43
2021-08-09,19.43
2021-08-09,19.43
2021-08-09,19.43
2021-08-10,19.43
2021-08-10,19.43
2021-08-10,19.43
2021-08-10,19.43
2021-08-10,19.43
2021-08-11,19.43
2021-08-11,19.43
2021-08-11,19.43
2021-08-11,19.43
2021-08-11,19.43
2021-08-12,19.43
2021-08-12,19.43
2021-08-12,19.43
2021-08-12,19.43
2021-08-12,19.43
2021-08-13,19.43
2021-08-13,19.43
2021-08-13,19.43
2021-08-13,19.43
2021-08-13,19.43
2021-08-16,19.43
2021-08-16,19.43
2021-08-16,19.43
2021-08-16,19.43
2021-08-16,19.43
2021-08-17,19.43
2021-08-17,19.43
2021-08-17,19.43
2021-08-17,19.43
2021-08-17,19.43
2021-08-18,19.43
2021-08-18,19.43
2021-08-18,19.43
2021-08-18,19.43
2021-08-18,19.43
2021-08-19,19.43
2021-08-19,19.43
2021-08-19,19.43
2021-08-19,19.43
2021-08-19,19.43
2021-08-20,19.43
2021-08-20,19.43
2021-08-20,19.43
2021-08-20,19.43
2021-08-20,19.43
2021-08-23,19.43
2021-08-23,19.43
2021-08-23,19.43
2021-08-23,19.43
2021-08-23,19.43
2021-08-24,19.43
2021-08-24,19.43
2021-08-24,19.43
2021-08-24,19.43
2021-08-24,19.43
2021-08-25,19.43
2021-08-25,19.43
2021-08-25,19.43
2021-08-25,19.43
2021-08-25,19.43
2021-08-26,19.43
2021-08-26,19.43
2021-08-26,19.43
2021-08-26,19.43
2021-08-26,19.43
2021-08-27,19.43
2021-08-27,19.43
2021-08-27,19.43
2021-08-27,19.43
2021-08-27,19.43
2021-08-30,19.43
2021-08-30,19.43
2021-08-30,19.43
2021-08-30,19.43
2021-08-30,19.43
2021-08-31,19.43
2021-08-31,19.43
2021-08-31,19.43
2021-08-31,19.43
2021-08-31,19.43
2021-09-01,19.43
2021-09-01,19.43
2021-09-01,19.43
2021-09-01,19.43
2021-09-01,19.43
2021-09-02,19.43
2021-09-02,19.43
2021-09-02,19.43
2021-09-02,19.43
2021-09-02,19.43
2021-09-03,19.43
2021-09-03,19.43
2021-09-03,19.43
2021-09-03,19.43
2021-09-03,19.43
2021-09-06,19.43
2021-09-06,19.43
2021-09-06,19.43
2021-09-06,19.43
2021-09-06,19.43
2021-09-07,19.43
2021-09-07,19.43
2021-09-07,19.43
2021-09-07,19.43
2021-09-07,19.43
2021-09-08,19.43
2021-09-08,19.43
2021-09-08,19.43
2021-09-08,19.43
2021-09-08,19.43
2021-09-09,19.43
2021-09-09,19.43
2021-09-09,19.43
2021-09-09,19.43
2021-09-09,19.43
2021-09-10,19.43
2021-09-10,19.43
2021-09-10,19.43
2021-09-10,19.43
2021-09-10,19.43
2021-09-13,19.43
2021-09-13,19.43
2021-09-13,19.43
2021-09-13,20.4
2021-09-13,20.4
2021-09-14,20.4
2021-09-14,20.4
2021-09-14,20.4
2021-09-14,20.4
2021-09-14,20.4
2021-09-15,20.4
2021-09-15,20.4
2021-09-15,20.4
2021-09-15,20.4
2021-09-15,20.4
2021-09-20,20.4
2021-09-20,20.4
2021-09-20,20.4
2021-09-20,20.4
2021-09-20,20.4
2021-09-21,20.4
2021-09-21,20.4
2021-09-21,20.4
2021-09-21,20.4
2021-09-21,20.4
2021-09-22,20.4
2021-09-22,20.4
2021-09-22,20.4
2021-09-22,20.4
2021-09-22,20.4
2021-09-23,20.4
2021-09-23,20.4
2021-09-23,20.4
2021-09-23,20.4
2021-09-23,20.4
2021-09-24,20.4
2021-09-24,20.4
2021-09-24,20.4
2021-09-24,20.4
2021-09-24,20.4
2021-09-27,20.4
2021-09-27,20.4
2021-09-27,20.4
2021-09-27,20.4
2021-09-27,20.4
2021-09-28,20.4
2021-09-28,20.4
2021-09-28,20.4
2021-09-28,20.4
2021-09-28,20.4
2021-09-29,20.4
2021-09-29,20.4
2021-09-29,20.4
2021-09-29,20.4
2021-09-29,20.4
2021-09-30,20.4
2021-09-30,20.4
2021-09-30,20.4
2021-09-30,20.4
2021-09-30,20.4
2021-10-01,20.4
2021-10-01,20.4
2021-10-01,20.4
2021-10-01,20.4
2021-10-01,20.4
2021-10-04,20.4
2021-10-04,20.4
2021-10-04,20.4
2021-10-04,20.4
2021-10-04,20.4
2021-10-05,20.4
2021-10-05,20.4
2021-10-05,20.4
2021-10-05,20.4
2021-10-05,20.4
2021-10-06,20.4
2021-10-06,20.4
2021-10-06,20.4
2021-10-06,20.4
2021-10-06,21.42
2021-10-07,22.49
2021-10-07,22.49
2021-10-07,22.49
2021-10-07,22.49
2021-10-07,23.61
2021-10-08,24.79
2021-10-08,24.79
2021-10-08,24.79
2021-10-08,24.79
2021-10-08,24.79
2021-10-11,24.79
2021-10-11,24.79
2021-10-11,24.79
2021-10-11,24.79
2021-10-11,24.79
2021-10-12,24.79
2021-10-12,24.79
2021-10-12,24.79
2021-10-12,24.79
2021-10-12,24.79
2021-10-13,26.03
2021-10-13,26.03
2021-10-13,26.03
2021-10-13,26.03
2021-10-13,26.03
2021-10-14,26.03
2021-10-14,26.03
2021-10-14,26.03
2021-10-14,26.03
2021-10-14,26.03
2021-10-18,26.03
2021-10-18,26.03
2021-10-18,26.03
2021-10-18,26.03
2021-10-18,26.03
2021-10-19,27.33
2021-10-19,27.33
2021-10-19,28.7
2021-10-19,29.8
2021-10-19,30.14
2021-10-20,30.14
2021-10-20,30.14
2021-10-20,30.14
2021-10-20,30.14
2021-10-20,30.14
2021-10-21,30.14
2021-10-21,30.14
2021-10-21,30.14
2021-10-21,30.14
2021-10-21,30.14
2021-10-22,30.14
2021-10-22,30.14
2021-10-22,30.14
2021-10-22,30.14
2021-10-22,31.64
2021-10-25,31.64
2021-10-25,33.22
2021-10-25,33.22
2021-10-25,33.22
2021-10-25,33.22
2021-10-26,34.8
2021-10-26,34.8
2021-10-26,34.8
2021-10-26,34.8
2021-10-26,34.8
2021-10-28,34.8
2021-10-28,34.8
2021-10-28,34.8
2021-10-28,34.8
2021-10-28,34.8
2021-10-29,34.8
2021-10-29,34.8
2021-10-29,34.8
2021-10-29,36.54
2021-10-29,38.37
2021-11-02,40
2021-11-02,42
2021-11-02,42
2021-11-02,42
2021-11-02,42
2021-11-03,42
2021-11-03,42
2021-11-03,42
2021-11-03,42
2021-11-03,44
2021-11-04,44
2021-11-04,44
2021-11-04,44
2021-11-04,44
2021-11-04,46.2
2021-11-05,45.2
2021-11-05,45.2
2021-11-05,45.2
2021-11-05,47
2021-11-05,47
2021-11-08,49.35
2021-11-08,49.35
2021-11-08,49.35
2021-11-08,49.35
2021-11-08,49.35
2021-11-09,49.35
2021-11-09,49.35
2021-11-09,49.35
2021-11-09,49.35
2021-11-09,49.35
2021-11-10,50.77
2021-11-10,50.77
2021-11-10,50.77
2021-11-10,50.77
2021-11-10,50.77
2021-11-12,50.77
2021-11-12,50.77
2021-11-12,50.77
2021-11-12,50.77
2021-11-12,50.5
2021-11-15,50
2021-11-15,50
2021-11-15,50
2021-11-15,50
2021-11-15,50
2021-11-16,50
2021-11-16,50
2021-11-16,50
2021-11-16,50
2021-11-16,50
2021-11-17,50
2021-11-17,50
2021-11-17,50
2021-11-17,50
2021-11-17,50
2021-11-18,50
2021-11-18,50
2021-11-18,50
2021-11-18,50
2021-11-18,50
2021-11-19,50
2021-11-19,50
2021-11-19,50
2021-11-19,50
2021-11-19,50
2021-11-22,50
2021-11-22,50
2021-11-22,50
2021-11-22,50
2021-11-22,50
2021-11-23,50
2021-11-23,50
2021-11-23,50
2021-11-23,50
2021-11-23,50
2021-11-24,50
2021-11-24,50
2021-11-24,50
2021-11-24,50
2021-11-24,50
2021-11-25,50
2021-11-25,50
2021-11-25,50
2021-11-25,50
2021-11-25,50
2021-11-26,50
2021-11-26,50
2021-11-26,50
2021-11-26,47.5
2021-11-26,47.5
2021-11-29,47.5
2021-11-29,47.5
2021-11-29,47.5
2021-11-29,47.5
2021-11-29,47.5
2021-11-30,47.5
2021-11-30,47.5
2021-11-30,47.5
2021-11-30,47.5
2021-12-01,47.5
2021-12-01,47.5
2021-12-01,47.5
2021-12-01,47.5
2021-12-01,47.5
2021-12-02,47.5
2021-12-02,47.5
2021-12-02,47.5
2021-12-02,47.5
2021-12-02,47.5
2021-12-03,47.5
2021-12-03,47.5
2021-12-03,47.5
2021-12-03,47.5
2021-12-03,47.5
2021-12-06,47.5
2021-12-06,47.5
2021-12-06,47.5
2021-12-06,47.5
2021-12-06,47.5
2021-12-07,47.5
2021-12-07,47.5
2021-12-07,47.5
2021-12-07,47.5
2021-12-07,47.5
2021-12-08,47.5
2021-12-08,47.5
2021-12-08,47.5
2021-12-08,47.5
2021-12-08,47.5
2021-12-09,47.5
2021-12-09,47.5
2021-12-09,47.5
2021-12-09,47.5
2021-12-09,47.5
2021-12-10,47.5
2021-12-10,47.5
2021-12-10,47.5
2021-12-10,47.5
2021-12-10,47.5
2021-12-13,45.13
2021-12-13,45.13
2021-12-13,45.13
2021-12-13,45.13
2021-12-13,45.13
2021-12-14,45.13
2021-12-14,45.13
2021-12-14,45.13
2021-12-14,45.13
2021-12-14,45.13
2021-12-15,45.13
2021-12-15,45.13
2021-12-15,45.13
2021-12-15,45.13
2021-12-15,45.13
2021-12-16,45.13
2021-12-16,45.13
2021-12-16,45.13
2021-12-16,45.13
2021-12-16,45.13
2021-12-20,45.13
2021-12-20,45.13
2021-12-20,45.13
2021-12-20,45.13
2021-12-21,45.13
2021-12-21,45.13
2021-12-21,45.13
2021-12-21,45.13
2021-12-21,45.13
2021-12-23,45.13
2021-12-23,45.13
2021-12-23,45.13
2021-12-23,45.13
2021-12-23,45.13
2021-12-24,45.13
2021-12-24,45.13
2021-12-24,45.13
2021-12-24,45.13
2021-12-24,45.13
2021-12-27,45.13
2021-12-27,45.13
2021-12-27,45.13
2021-12-27,45.13
2021-12-27,45.13
2021-12-28,45.13
2021-12-28,45.13
2021-12-28,45.13
2021-12-28,45.13
2021-12-28,45.13
2021-12-29,45.13
2021-12-29,45.13
2021-12-29,45.13
2021-12-29,45.13
2021-12-29,45.13
2021-12-30,45.13
2021-12-30,45.13
2021-12-30,45.13
2021-12-30,45.13
2021-12-30,45.13
2021-12-31,45.13
2021-12-31,45.13
2021-12-31,45.13
2021-12-31,45.13
2021-12-31,45.13
2022-01-03,45.13
2022-01-03,45.13
2022-01-03,45.13
2022-01-03,45.13
2022-01-03,45.13
2022-01-04,45.13
2022-01-04,45.13
2022-01-04,45.13
2022-01-04,45.13
2022-01-04,45.13
2022-01-05,45.13
2022-01-05,45.13
2022-01-05,45.13
2022-01-05,45.13
2022-01-05,45.13
2022-01-06,45.13
2022-01-06,45.13
2022-01-06,45.13
2022-01-06,45.13
2022-01-06,45.13
2022-01-07,45.13
2022-01-07,45.13
2022-01-07,45.13
2022-01-07,45.13
2022-01-07,45.13
2022-01-10,42.9
2022-01-10,42.9
2022-01-10,42.9
2022-01-10,42.9
2022-01-10,42.9
2022-01-11,42.9
2022-01-11,42.9
2022-01-11,42.9
2022-01-11,42.9
2022-01-11,42.9
2022-01-12,42.9
2022-01-12,42.9
2022-01-12,42.9
2022-01-12,42.9
2022-01-12,42.9
2022-01-13,42.9
2022-01-13,42.9
2022-01-13,42.9
2022-01-13,42.9
2022-01-13,42.9
2022-01-14,42.9
2022-01-14,42.9
2022-01-14,42.9
2022-01-14,42.9
2022-01-14,42.9
2022-01-17,42.9
2022-01-17,42.9
2022-01-17,42.9
2022-01-17,42.9
2022-01-17,42.9
2022-01-18,42.9
2022-01-18,42.9
2022-01-18,42.9
2022-01-18,42.9
2022-01-18,42.9
2022-01-19,42.9
2022-01-19,42.9
2022-01-19,42.9
2022-01-19,42.9
2022-01-19,42.9
2022-01-20,42.9
2022-01-20,42.9
2022-01-20,42.9
2022-01-20,42.9
2022-01-20,42.9
2022-01-21,42.9
2022-01-21,42.9
2022-01-21,42.9
2022-01-21,42.9
2022-01-21,42.9
2022-01-24,42.9
2022-01-24,42.9
2022-01-24,42.9
2022-01-24,42.9
2022-01-24,42.9
2022-01-25,42.9
2022-01-25,42.9
2022-01-25,42.9
2022-01-25,42.9
2022-01-25,42.9
2022-01-26,42.9
2022-01-26,42.9
2022-01-26,42.9
2022-01-26,42.9
2022-01-26,42.9
2022-01-27,42.9
2022-01-27,42.9
2022-01-27,42.9
2022-01-27,42.9
2022-01-27,42.9
2022-01-28,42.9
2022-01-28,42.9
2022-01-28,42.9
2022-01-28,42.9
2022-01-28,42.9
2022-01-31,42.9
2022-01-31,42.9
2022-01-31,42.9
2022-01-31,42.9
2022-01-31,42.9
2022-02-01,42.9
2022-02-01,42.9
2022-02-01,42.9
2022-02-01,42.9
2022-02-01,42.9
2022-02-03,42.9
2022-02-03,42.9
2022-02-03,42.9
2022-02-03,42.9
2022-02-03,42.9
2022-02-04,42.9
2022-02-04,42.9
2022-02-04,42.9
2022-02-04,42.9
2022-02-04,42.9
2022-02-07,42.9
2022-02-07,42.9
2022-02-07,42.9
2022-02-07,42.9
2022-02-07,42.9
2022-02-08,42.9
2022-02-08,42.9
2022-02-08,42.9
2022-02-08,42.9
2022-02-08,42.9
2022-02-09,42.9
2022-02-09,42.9
2022-02-09,42.9
2022-02-09,42.9
2022-02-09,42.9
2022-02-10,42.9
2022-02-10,42.9
2022-02-10,42.9
2022-02-10,42.9
2022-02-10,42.9
2022-02-11,42.9
2022-02-11,42.9
2022-02-11,42.9
2022-02-11,42.9
2022-02-11,42.9
2022-02-14,42.9
2022-02-14,42.9
2022-02-14,42.9
2022-02-14,42.9
2022-02-14,42.9
2022-02-15,42.9
2022-02-15,42.9
2022-02-15,42.9
2022-02-15,42.9
2022-02-15,42.9
2022-02-16,42.9
2022-02-16,42.9
2022-02-16,42.9
2022-02-16,42.9
2022-02-16,42.9
2022-02-17,42.9
2022-02-17,42.9
2022-02-17,42.9
2022-02-17,42.9
2022-02-17,42.9
2022-02-18,42.9
2022-02-18,42.9
2022-02-18,42.9
2022-02-18,42.9
2022-02-18,42.9
2022-02-24,42.9
2022-02-24,42.9
2022-02-24,42.9
2022-02-24,42.9
2022-02-24,42.9
2022-02-25,42.9
2022-02-25,42.9
2022-02-25,42.9
2022-02-25,42.9
2022-02-25,42.9
2022-02-28,42.9
2022-02-28,42.9
2022-02-28,42.9
2022-02-28,42.9
2022-02-28,42.9
2022-03-01,42.9
2022-03-01,42.9
2022-03-01,42.9
2022-03-01,42.9
2022-03-01,42.9
2022-03-02,42.9
2022-03-02,42.9
2022-03-02,42.9
2022-03-02,42.9
2022-03-02,42.9
2022-03-07,42.9
2022-03-07,42.9
2022-03-07,42.9
2022-03-07,42.9
2022-03-07,42.9
2022-03-08,42.9
2022-03-08,42.9
2022-03-08,42.9
2022-03-08,42.9
2022-03-08,42.9
2022-03-09,42.9
2022-03-09,42.9
2022-03-09,42.9
2022-03-09,42.9
2022-03-09,42.9
2022-03-10,42.9
2022-03-10,42.9
2022-03-10,42.9
2022-03-10,42.9
2022-03-10,42.9
2022-03-11,42.9
2022-03-11,42.9
2022-03-11,42.9
2022-03-11,42.9
2022-03-11,42.9
2022-03-14,42.9
2022-03-14,42.9
2022-03-14,42.9
2022-03-14,42.9
2022-03-14,42.9
2022-03-15,42.9
2022-03-15,42.9
2022-03-15,42.9
2022-03-15,42.9
2022-03-15,42.9
2022-03-16,42.9
2022-03-16,42.9
2022-03-16,42.9
2022-03-16,42.9
2022-03-16,42.9
2022-03-17,42.9
2022-03-17,42.9
2022-03-17,42.9
2022-03-17,42.9
2022-03-17,42.9
2022-03-18,42.9
2022-03-18,42.9
2022-03-18,42.9
2022-03-18,42.9
2022-03-18,42.9
2022-03-21,42.9
2022-03-21,42.9
2022-03-21,42.9
2022-03-21,42.9
2022-03-21,42.9
2022-03-22,42.9
2022-03-22,42.9
2022-03-22,42.9
2022-03-22,42.9
2022-03-22,42.9
2022-03-23,42.9
2022-03-23,42.9
2022-03-23,42.9
2022-03-23,42.9
2022-03-23,42.9
2022-03-24,42.9
2022-03-24,42.9
2022-03-24,42.9
2022-03-24,42.9
2022-03-24,42.9
2022-03-25,42.9
2022-03-25,42.9
2022-03-25,42.9
2022-03-25,42.9
2022-03-25,42.9
2022-03-28,42.9
2022-03-28,42.9
2022-03-28,42.9
2022-03-28,42.9
2022-03-28,42.9
2022-03-29,42.9
2022-03-29,42.9
2022-03-29,42.9
2022-03-29,42.9
2022-03-29,42.9
2022-03-30,42.9
2022-03-30,42.9
2022-03-30,42.9
2022-03-30,42.9
2022-03-30,42.9
2022-03-31,42.9
2022-03-31,42.9
2022-03-31,42.9
2022-03-31,42.9
2022-03-31,42.9
2022-04-01,42.9
2022-04-01,42.9
2022-04-01,42.9
2022-04-01,42.9
2022-04-01,42.9
2022-04-04,42.9
2022-04-04,42.9
2022-04-04,42.9
2022-04-04,42.9
2022-04-04,42.9
2022-04-05,42.9
2022-04-05,42.9
2022-04-05,42.9
2022-04-05,42.9
2022-04-05,42.9
2022-04-06,42.9
2022-04-06,42.9
2022-04-06,42.9
2022-04-06,42.9
2022-04-06,42.9
2022-04-07,42.9
2022-04-07,42.9
2022-04-07,42.9
2022-04-07,42.9
2022-04-07,42.9
2022-04-08,42.9
2022-04-08,42.9
2022-04-08,42.9
2022-04-08,42.9
2022-04-08,42.9
2022-04-11,42.9
2022-04-11,42.9
2022-04-11,42.9
2022-04-11,42.9
2022-04-11,42.9
2022-04-12,42.9
2022-04-12,42.9
2022-04-12,42.9
2022-04-12,42.9
2022-04-12,42.9
2022-04-13,42.9
2022-04-13,42.9
2022-04-13,42.9
2022-04-13,42.9
2022-04-13,42.9
2022-04-14,42.9
2022-04-14,42.9
2022-04-14,42.9
2022-04-14,42.9
2022-04-15,42.9
2022-04-15,42.9
2022-04-15,42.9
2022-04-15,42.9
2022-04-15,42.9
2022-04-18,42.9
2022-04-18,42.9
2022-04-18,42.9
2022-04-18,42.9
2022-04-18,42.9
2022-04-19,42.9
2022-04-19,42.9
2022-04-19,42.9
2022-04-19,42.9
2022-04-19,42.9
2022-04-20,42.9
2022-04-20,42.9
2022-04-20,42.9
2022-04-20,42.9
2022-04-20,42.9
2022-04-21,42.9
2022-04-21,42.9
2022-04-21,42.9
2022-04-21,42.9
2022-04-21,42.9
2022-04-22,42
2022-04-22,42
2022-04-22,42
2022-04-22,42
2022-04-22,42
2022-04-25,42
2022-04-25,42
2022-04-25,42
2022-04-25,42
2022-04-25,42
2022-04-26,42
2022-04-26,42
2022-04-26,42
2022-04-26,42
2022-04-26,42
2022-04-27,42.5
2022-04-27,42.5
2022-04-27,42.5
2022-04-27,42.5
2022-04-27,42.5
2022-04-28,42.5
2022-04-28,42.5
2022-04-28,42.5
2022-04-28,42.5
2022-04-28,42.5
2022-04-29,42.5
2022-04-29,42.5
2022-04-29,42.5
2022-04-29,42.5
2022-04-29,42.5
2022-05-03,42.5
2022-05-03,42.5
2022-05-03,42.5
2022-05-03,42.5
2022-05-03,42.5
2022-05-04,42.5
2022-05-04,42.5
2022-05-04,42.5
2022-05-04,42.5
2022-05-04,42.5
2022-05-05,42.5
2022-05-05,42.5
2022-05-05,42.5
2022-05-05,42.5
2022-05-05,42.5
2022-05-06,42.5
2022-05-06,42.5
2022-05-06,42.5
2022-05-06,41
2022-05-06,41
2022-05-09,41
2022-05-09,41
2022-05-09,41
2022-05-09,41
2022-05-10,41
2022-05-10,41
2022-05-10,41
2022-05-10,41
2022-05-10,41
2022-05-12,41
2022-05-12,41
2022-05-12,41
2022-05-12,41
2022-05-12,41
2022-05-13,40
2022-05-13,40
2022-05-13,40
2022-05-13,40
2022-05-13,40
2022-05-16,40
2022-05-16,40
2022-05-16,40
2022-05-16,40
2022-05-16,40
2022-05-17,40
2022-05-17,40
2022-05-17,40
2022-05-17,40
2022-05-17,40
2022-05-18,40
2022-05-18,40
2022-05-18,40
2022-05-18,40
2022-05-18,40
2022-05-19,40
2022-05-19,40
2022-05-19,40
2022-05-19,40
2022-05-19,40
2022-05-20,40
2022-05-20,40
2022-05-20,40
2022-05-20,40
2022-05-20,40
2022-05-23,38.2
2022-05-23,38.2
2022-05-23,38.2
2022-05-23,38.2
2022-05-23,38.2
2022-05-24,38.2
2022-05-24,38.2
2022-05-24,38.2
2022-05-24,38.2
2022-05-24,38.2
2022-05-25,38.2
2022-05-25,38.2
2022-05-25,38.2
2022-05-25,38.2
2022-05-25,38.2
2022-05-26,38.2
2022-05-26,38.2
2022-05-26,38.2
2022-05-26,38.2
2022-05-26,38.2
2022-05-27,38.2
2022-05-27,38.2
2022-05-27,38.2
2022-05-27,38.2
2022-05-27,38.2
2022-05-30,38.2
2022-05-30,38.2
2022-05-30,38.2
2022-05-30,38.2
2022-05-30,38.2
2022-05-31,38.2
2022-05-31,38.2
2022-05-31,36.29
2022-05-31,36.29
2022-05-31,36.29
2022-06-01,36.29
2022-06-01,36.29
2022-06-01,36.29
2022-06-01,36.29
2022-06-01,36.29
2022-06-02,36.29
2022-06-02,36.29
2022-06-02,36.29
2022-06-02,36.29
2022-06-02,36.29
2022-06-03,36.29
2022-06-03,36.29
2022-06-03,36.29
2022-06-03,36.29
2022-06-03,36.29
2022-06-06,36.29
2022-06-06,36.29
2022-06-06,36.29
2022-06-06,36.29
2022-06-06,36.29
2022-06-07,36.29
2022-06-07,36.29
2022-06-07,36.29
2022-06-07,36.29
2022-06-07,36.29
2022-06-08,36.29
2022-06-08,36.29
2022-06-08,36.29
2022-06-08,36.29
2022-06-08,36.29
2022-06-09,36.29
2022-06-09,36.29
2022-06-09,36.29
2022-06-09,36.29
2022-06-09,36.29
2022-06-10,36.29
2022-06-10,36.29
2022-06-10,36.29
2022-06-10,36.29
2022-06-10,36.29
2022-06-13,36.29
2022-06-13,36.29
2022-06-13,36.29
2022-06-13,36.29
2022-06-13,36.29
2022-06-15,36.29
2022-06-15,36.29
2022-06-15,36.29
2022-06-15,36.29
2022-06-15,36.29
2022-06-16,36.29
2022-06-16,36.29
2022-06-16,36.29
2022-06-16,36.29
2022-06-16,36.29
2022-06-17,36.29
2022-06-17,36.29
2022-06-17,36.29
2022-06-17,36.29
2022-06-17,36.29
2022-06-20,36.29
2022-06-20,36.29
2022-06-20,36.29
2022-06-20,36.29
2022-06-20,36.29
2022-06-21,36.29
2022-06-21,36.29
2022-06-21,36.29
2022-06-21,36.29
2022-06-21,36.29
2022-06-22,36.29
2022-06-22,36.29
2022-06-22,36.29
2022-06-22,36.29
2022-06-22,36.29
2022-06-23,36.29
2022-06-23,36.29
2022-06-23,36.29
2022-06-23,36.29
2022-06-23,36.29
2022-06-24,36.29
2022-06-24,36.29
2022-06-24,36.29
2022-06-24,36.29
2022-06-24,36.29
2022-06-27,36.29
2022-06-27,36.29
2022-06-27,36.29
2022-06-27,36.29
2022-06-27,36.29
2022-06-28,36.29
2022-06-28,36.29
2022-06-28,36.29
2022-06-28,36.29
2022-06-28,36.29
2022-06-29,36.29
2022-06-29,36.29
2022-06-29,36.29
2022-06-29,36.29
2022-06-29,36.29
2022-06-30,36.29
2022-06-30,36.29
2022-06-30,36.29
2022-06-30,36.29
2022-06-30,36.29
2022-07-01,36.29
2022-07-01,36.29
2022-07-01,36.29
2022-07-01,36.29
2022-07-01,36.29
2022-07-04,36.29
2022-07-04,36.29
2022-07-04,36.29
2022-07-04,36.29
2022-07-04,36.29
2022-07-05,36.29
2022-07-05,36.29
2022-07-05,36.29
2022-07-05,36.29
2022-07-05,36.29
2022-07-06,36.29
2022-07-06,36.29
2022-07-06,36.29
2022-07-06,36.29
2022-07-06,36.29
2022-07-07,36.29
2022-07-07,36.29
2022-07-07,36.29
2022-07-07,36.29
2022-07-07,36.29
2022-07-08,36.29
2022-07-08,36.29
2022-07-08,36.29
2022-07-08,36.29
2022-07-08,36.29
2022-07-11,36.29
2022-07-11,36.29
2022-07-11,36.29
2022-07-11,36.29
2022-07-11,36.29
2022-07-12,36.29
2022-07-12,36.29
2022-07-12,36.29
2022-07-12,36.29
2022-07-12,36.29
2022-07-13,36.29
2022-07-13,36.29
2022-07-13,36.29
2022-07-13,36.29
2022-07-13,36.29
2022-07-14,36.29
2022-07-14,36.29
2022-07-14,36.29
2022-07-14,36.29
2022-07-14,36.29
2022-07-15,36.29
2022-07-15,36.29
2022-07-15,36.29
2022-07-15,36.29
2022-07-15,36.29
2022-07-18,36.29
2022-07-18,36.29
2022-07-18,36.29
2022-07-18,36.29
2022-07-18,36.29
2022-07-19,36.29
2022-07-19,36.29
2022-07-19,36.29
2022-07-19,36.29
2022-07-19,36.29
2022-07-20,36.29
2022-07-20,36.29
2022-07-20,36.29
2022-07-20,36.29
2022-07-20,36.29
2022-07-21,36.29
2022-07-21,36.29
2022-07-21,36.29
2022-07-21,36.29
2022-07-21,36.29
2022-07-22,36.29
2022-07-22,36.29
2022-07-22,36.29
2022-07-22,36.29
2022-07-22,36.29
2022-07-25,36.29
2022-07-25,36.29
2022-07-25,36.29
2022-07-25,36.29
2022-07-25,36.29
2022-07-26,36.29
2022-07-26,36.29
2022-07-26,36.29
2022-07-26,36.29
2022-07-26,36.29
2022-07-27,36.29
2022-07-27,36.29
2022-07-27,36.29
2022-07-27,36.29
2022-07-27,36.29
2022-07-28,36.29
2022-07-28,36.29
2022-07-28,36.29
2022-07-28,36.29
2022-07-28,36.29
2022-07-29,36.29
2022-07-29,36.29
2022-07-29,36.29
2022-07-29,36.29
2022-07-29,36.29
2022-08-02,36.29
2022-08-02,36.29
2022-08-02,36.29
2022-08-02,36.29
2022-08-02,36.29
2022-08-03,36.29
2022-08-03,36.29
2022-08-03,36.29
2022-08-03,36.29
2022-08-03,36.29
2022-08-04,36.29
2022-08-04,36.29
2022-08-04,36.29
2022-08-04,36.29
2022-08-04,36.29
2022-08-05,36.29
2022-08-05,36.29
2022-08-05,36.29
2022-08-05,36.29
2022-08-05,36.29
2022-08-08,36.29
2022-08-08,36.29
2022-08-08,36.29
2022-08-08,36.29
2022-08-08,36.29
2022-08-09,36.29
2022-08-09,36.29
2022-08-09,36.29
2022-08-09,36.29
2022-08-09,36.29
2022-08-10,36.29
2022-08-10,36.29
2022-08-10,36.29
2022-08-10,36.29
2022-08-10,36.29
2022-08-11,36.29
2022-08-11,36.29
2022-08-11,36.29
2022-08-11,36.29
2022-08-11,36.29
2022-08-12,36.29
2022-08-12,36.29
2022-08-12,36.29
2022-08-12,36.29
2022-08-12,36.29
2022-08-15,36.29
2022-08-15,36.29
2022-08-15,36.29
2022-08-15,36.29
2022-08-15,36.29
2022-08-16,36.29
2022-08-16,36.29
2022-08-16,36.29
2022-08-16,36.29
2022-08-16,36.29
2022-08-17,36.29
2022-08-17,36.29
2022-08-17,36.29
2022-08-17,36.29
2022-08-17,36.29
2022-08-18,36.29
2022-08-18,36.29
2022-08-18,36.29
2022-08-18,36.29
2022-08-18,36.29
2022-08-19,36.29
2022-08-19,36.29
2022-08-19,36.29
2022-08-19,36.29
2022-08-19,36.29
2022-08-22,36.29
2022-08-22,36.29
2022-08-22,36.29
2022-08-22,36.29
2022-08-22,36.29
2022-08-23,36.29
2022-08-23,36.29
2022-08-23,36.29
2022-08-23,36.29
2022-08-23,35
2022-08-24,35
2022-08-24,35
2022-08-24,35
2022-08-24,35
2022-08-24,35
2022-08-25,35
2022-08-25,35
2022-08-25,35
2022-08-25,35
2022-08-25,35
2022-08-26,35
2022-08-26,35
2022-08-26,35
2022-08-26,35
2022-08-26,35
2022-08-29,35
2022-08-29,35
2022-08-29,35
2022-08-29,35
2022-08-29,35
2022-08-30,35
2022-08-30,35
2022-08-30,35
2022-08-30,35
2022-08-30,35
2022-08-31,35
2022-08-31,35
2022-08-31,35
2022-08-31,35
2022-08-31,35
2022-09-01,35
2022-09-01,35
2022-09-01,35
2022-09-01,35
2022-09-01,35
2022-09-02,35
2022-09-02,35
2022-09-02,35
2022-09-02,35
2022-09-02,35
2022-09-05,35
2022-09-05,35
2022-09-05,35
2022-09-05,35
2022-09-05,35
2022-09-06,35
2022-09-06,35
2022-09-06,35
2022-09-06,35
2022-09-06,35
2022-09-07,35
2022-09-07,35
2022-09-07,35
2022-09-07,35
2022-09-07,35
2022-09-08,35
2022-09-08,35
2022-09-08,35
2022-09-08,35
2022-09-08,35
2022-09-09,35
2022-09-09,35
2022-09-09,35
2022-09-09,35
2022-09-09,35
2022-09-12,35
2022-09-12,35
2022-09-12,35
2022-09-12,35
2022-09-12,35
2022-09-13,35
2022-09-13,35
2022-09-13,35
2022-09-13,35
2022-09-13,35
2022-09-14,35
2022-09-14,35
2022-09-14,35
2022-09-14,35
2022-09-14,35
2022-09-15,35
2022-09-15,35
2022-09-15,35
2022-09-15,35
2022-09-15,35
2022-09-16,35
2022-09-16,35
2022-09-16,35
2022-09-16,35
2022-09-16,35
2022-09-19,35
2022-09-19,35
2022-09-19,35
2022-09-19,35
2022-09-19,35
2022-09-20,35
2022-09-20,35
2022-09-20,35
2022-09-20,35
2022-09-20,35
2022-09-21,35
2022-09-21,35
2022-09-21,35
2022-09-21,35
2022-09-21,35
2022-09-22,35
2022-09-22,35
2022-09-22,35
2022-09-22,35
2022-09-22,35
2022-09-26,35
2022-09-26,35
2022-09-26,35
2022-09-26,35
2022-09-26,35
2022-09-27,35
2022-09-27,35
2022-09-27,35
2022-09-27,35
2022-09-27,35
2022-09-28,35
2022-09-28,35
2022-09-28,35
2022-09-28,35
2022-09-28,35
2022-09-29,35
2022-09-29,35
2022-09-29,35
2022-09-29,35
2022-09-29,35
2022-10-03,35
2022-10-03,35
2022-10-03,35
2022-10-03,35
2022-10-03,35
2022-10-07,35
2022-10-07,35
2022-10-07,35
2022-10-07,35
2022-10-07,35
2022-10-10,35
2022-10-10,35
2022-10-10,35
2022-10-10,35
2022-10-10,35
2022-10-11,35
2022-10-11,35
2022-10-11,35
2022-10-11,35
2022-10-11,35
2022-10-12,35
2022-10-12,35
2022-10-12,35
2022-10-12,35
2022-10-12,35
2022-10-13,35
2022-10-13,35
2022-10-13,35
2022-10-13,35
2022-10-13,35
2022-10-14,35
2022-10-14,35
2022-10-14,35
2022-10-14,35
2022-10-14,35
2022-10-17,33.25
2022-10-17,33.25
2022-10-17,33.25
2022-10-17,33.25
2022-10-17,33.25
2022-10-18,33.25
2022-10-18,33.25
2022-10-18,33.25
2022-10-18,33.25
2022-10-18,33.25
2022-10-19,33.25
2022-10-19,33.25
2022-10-19,33.25
2022-10-19,33
2022-10-19,33
2022-10-20,33
2022-10-20,33
2022-10-20,33
2022-10-20,31.5
2022-10-20,31.5
2022-10-21,31.5
2022-10-21,31.5
2022-10-21,31.5
2022-10-21,31.5
2022-10-21,31.5
2022-10-24,31.5
2022-10-24,31.5
2022-10-24,31.5
2022-10-24,31.5
2022-10-24,31.5
2022-10-25,31.5
2022-10-25,31.5
2022-10-25,31.5
2022-10-25,31.5
2022-10-25,31.5
2022-10-26,31.5
2022-10-26,31.5
2022-10-26,31.5
2022-10-26,31.5
2022-10-26,31.5
2022-10-27,31.5
2022-10-27,31.5
2022-10-27,31.5
2022-10-27,31.5
2022-10-27,31.5
2022-10-28,31.5
2022-10-28,31.5
2022-10-28,31.5
2022-10-28,31.5
2022-10-28,31.5
2022-10-31,31.5
2022-10-31,31.5
2022-10-31,31.5
2022-10-31,31.5
2022-10-31,31.5
2022-11-02,31.5
2022-11-02,31.5
2022-11-02,31.5
2022-11-02,31.5
2022-11-02,31.5
2022-11-03,31.5
2022-11-03,31.5
2022-11-03,31.5
2022-11-03,31.5
2022-11-03,31.5
2022-11-04,31.5
2022-11-04,31.5
2022-11-04,31.5
2022-11-04,31.5
2022-11-04,31.5
2022-11-07,31.5
2022-11-07,31.5
2022-11-07,31.5
2022-11-07,31.5
2022-11-07,31.5
2022-11-08,31.5
2022-11-08,31.5
2022-11-08,31.5
2022-11-08,31.5
2022-11-08,31.5
2022-11-09,31.5
2022-11-09,31.5
2022-11-09,31.5
2022-11-09,31.5
2022-11-09,31.5
2022-11-10,31.5
2022-11-10,31.5
2022-11-10,31.5
2022-11-10,31.5
2022-11-10,31.5
2022-11-14,31.5
2022-11-14,31.5
2022-11-14,31.5
2022-11-14,31.5
2022-11-14,31.5
2022-11-16,31.5
2022-11-16,31.5
2022-11-16,31.5
2022-11-16,31.5
2022-11-16,31.5
2022-11-17,31.5
2022-11-17,31.5
2022-11-17,31.5
2022-11-17,31.5
2022-11-17,31.5
2022-11-18,31.5
2022-11-18,31.5
2022-11-18,31.5
2022-11-18,31.5
2022-11-18,31.5
2022-11-21,31.5
2022-11-21,31.5
2022-11-21,31.5
2022-11-21,31.5
2022-11-21,31.5
2022-11-22,31.5
2022-11-22,31.5
2022-11-22,31.5
2022-11-22,31.5
2022-11-22,31.5
2022-11-23,31.5
2022-11-23,31.5
2022-11-23,31.5
2022-11-23,31.5
2022-11-23,31.5
2022-11-24,31.5
2022-11-24,31.5
2022-11-24,31.5
2022-11-24,31.5
2022-11-24,31.5
2022-11-25,31.5
2022-11-25,31.5
2022-11-25,31.5
2022-11-25,31.5
2022-11-25,31.5
2022-11-28,31.5
2022-11-28,31.5
2022-11-28,31.5
2022-11-28,31.5
2022-11-28,31.5
2022-11-29,31.5
2022-11-29,31.5
2022-11-29,31.5
2022-11-29,31.5
2022-11-29,31.5
2022-11-30,31.5
2022-11-30,31.5
2022-11-30,31.5
2022-11-30,31.5
2022-11-30,31.5
2022-12-01,31.5
2022-12-01,31.5
2022-12-01,31.5
2022-12-01,31.5
2022-12-01,31.5
2022-12-02,31.5
2022-12-02,31.5
2022-12-02,31.5
2022-12-02,31.5
2022-12-02,31.5
2022-12-05,31.5
2022-12-05,31.5
2022-12-06,31.5
2022-12-06,31.5
2022-12-06,31.5
2022-12-06,31.5
2022-12-06,31.5
2022-12-07,31.5
2022-12-07,31.5
2022-12-07,31.5
2022-12-07,31.5
2022-12-07,31.5
2022-12-08,31.5
2022-12-08,31.5
2022-12-08,31.5
2022-12-08,31.5
2022-12-08,31.5
2022-12-09,31.5
2022-12-09,31.5
2022-12-09,31.5
2022-12-09,31.5
2022-12-09,31.5
2022-12-12,31.5
2022-12-12,31.5
2022-12-12,31.5
2022-12-12,31.5
2022-12-12,31.5
2022-12-13,31.5
2022-12-13,31.5
2022-12-13,31.5
2022-12-13,31.5
2022-12-13,31.5
2022-12-14,31.5
2022-12-14,31.5
2022-12-14,31.5
2022-12-14,31.5
2022-12-14,31.5
2022-12-15,31.5
2022-12-15,31.5
2022-12-15,31.5
2022-12-15,31.5
2022-12-15,31.5
2022-12-16,31.5
2022-12-16,31.5
2022-12-16,31.5
2022-12-16,31.5
2022-12-16,31.5
2022-12-19,31.5
2022-12-19,31.5
2022-12-19,31.5
2022-12-19,31.5
2022-12-19,31.5
2022-12-20,31.5
2022-12-20,31.5
2022-12-20,31.5
2022-12-20,31.5
2022-12-20,31.5
2022-12-21,31.5
2022-12-21,31.5
2022-12-21,31.5
2022-12-21,31.5
2022-12-21,31.5
2022-12-22,31.5
2022-12-22,31.5
2022-12-22,31.5
2022-12-22,31.5
2022-12-22,31.5
2022-12-23,31.5
2022-12-23,31.5
2022-12-23,31.5
2022-12-23,31.5
2022-12-23,31.5
2022-12-26,31.5
2022-12-26,31.5
2022-12-26,31.5
2022-12-26,31.5
2022-12-26,31.5
2022-12-27,31.5
2022-12-27,31.5
2022-12-27,31.5
2022-12-27,31.5
2022-12-27,31.5
2022-12-28,31.5
2022-12-28,31.5
2022-12-28,31.5
2022-12-28,31.5
2022-12-28,31.5
2022-12-29,31.5
2022-12-29,31.5
2022-12-29,31.5
2022-12-29,31.5
2022-12-29,31.5
2022-12-30,31.5
2022-12-30,31.5
2022-12-30,31.5
2022-12-30,29.92
2022-12-30,29.92
2023-01-03,30
2023-01-03,30
2023-01-03,30
2023-01-03,30
2023-01-03,30
2023-01-04,30
2023-01-04,30
2023-01-04,30
2023-01-04,30
2023-01-04,30
2023-01-05,31.5
2023-01-05,31.5
2023-01-05,31.5
2023-01-05,31.5
2023-01-05,31.5
2023-01-06,31.5
2023-01-06,31.5
2023-01-06,31.5
2023-01-06,31.5
2023-01-06,31.5
2023-01-09,31.5
2023-01-09,31.5
2023-01-09,31.5
2023-01-09,31.5
2023-01-09,30
2023-01-10,30
2023-01-10,30
2023-01-10,30
2023-01-10,30
2023-01-10,30
2023-01-11,30
2023-01-11,30
2023-01-11,30
2023-01-11,30
2023-01-11,30
2023-01-12,30
2023-01-12,30
2023-01-12,30
2023-01-12,30
2023-01-12,30
2023-01-13,30
2023-01-13,30
2023-01-13,30
2023-01-13,30
2023-01-13,30
2023-01-16,30
2023-01-16,30
2023-01-16,30
2023-01-16,30
2023-01-16,30
2023-01-17,30
2023-01-17,30
2023-01-17,30
2023-01-17,30
2023-01-17,30
2023-01-18,30
2023-01-18,30
2023-01-18,30
2023-01-18,30
2023-01-18,30
2023-01-19,30
2023-01-19,30
2023-01-19,30
2023-01-19,30
2023-01-19,30
2023-01-20,30
2023-01-20,30
2023-01-20,30
2023-01-20,30
2023-01-20,30
2023-01-23,30
2023-01-23,30
2023-01-23,30
2023-01-23,30
2023-01-23,30
2023-01-24,30
2023-01-24,30
2023-01-24,30
2023-01-24,30
2023-01-24,30
2023-01-25,30
2023-01-25,30
2023-01-25,30
2023-01-25,30
2023-01-25,30
2023-01-26,30
2023-01-26,30
2023-01-26,30
2023-01-26,30
2023-01-26,30
2023-01-27,30
2023-01-27,30
2023-01-27,30
2023-01-27,30
2023-01-27,30
2023-01-30,30
2023-01-30,30
2023-01-30,30
2023-01-30,30
2023-01-30,30
2023-01-31,30
2023-01-31,30
2023-01-31,30
2023-01-31,30
2023-01-31,30
2023-02-01,30
2023-02-01,30
2023-02-01,30
2023-02-01,30
2023-02-01,30
2023-02-02,30
2023-02-02,30
2023-02-02,30
2023-02-02,30
2023-02-02,30
2023-02-03,30
2023-02-03,30
2023-02-03,30
2023-02-03,30
2023-02-03,30
2023-02-06,30
2023-02-06,30
2023-02-06,30
2023-02-06,30
2023-02-06,30
2023-02-07,30
2023-02-07,30
2023-02-07,30
2023-02-07,30
2023-02-07,30
2023-02-08,30
2023-02-08,30
2023-02-08,30
2023-02-08,30
2023-02-08,30
2023-02-09,30
2023-02-09,30
2023-02-09,30
2023-02-09,30
2023-02-09,30
2023-02-10,30
2023-02-10,30
2023-02-10,30
2023-02-10,30
2023-02-10,29
2023-02-13,29
2023-02-13,29
2023-02-13,29
2023-02-13,29
2023-02-13,29
2023-02-14,29
2023-02-14,29
2023-02-14,29
2023-02-14,29
2023-02-14,29
2023-02-15,29
2023-02-15,29
2023-02-15,29
2023-02-15,29
2023-02-15,29
2023-02-16,29
2023-02-16,29
2023-02-16,29
2023-02-16,29
2023-02-16,29
2023-02-17,29
2023-02-17,29
2023-02-17,29
2023-02-17,29
2023-02-17,29
2023-02-20,29
2023-02-20,29
2023-02-20,29
2023-02-20,29
2023-02-20,29
2023-02-24,29
2023-02-24,29
2023-02-24,29
2023-02-24,29
2023-02-24,29
2023-02-27,29
2023-02-27,29
2023-02-27,29
2023-02-27,29
2023-02-27,29
2023-02-28,29
2023-02-28,29
2023-02-28,29
2023-02-28,29
2023-02-28,29
2023-03-01,29
2023-03-01,29
2023-03-01,29
2023-03-01,29
2023-03-01,29
2023-03-02,29
2023-03-02,27.55
2023-03-02,27.55
2023-03-02,28
2023-03-02,28
2023-03-03,28
2023-03-03,28
2023-03-03,28
2023-03-03,28
2023-03-03,28
2023-03-06,28
2023-03-06,28
2023-03-06,28
2023-03-06,28
2023-03-06,28
2023-03-07,28
2023-03-07,28
2023-03-07,28
2023-03-07,28
2023-03-07,28
2023-03-08,28
2023-03-08,28
2023-03-08,28
2023-03-08,28
2023-03-08,28
2023-03-09,28
2023-03-09,28
2023-03-09,28
2023-03-09,28
2023-03-09,28
2023-03-10,28
2023-03-10,28
2023-03-10,28
2023-03-10,28
2023-03-10,28
2023-03-13,28
2023-03-13,28
2023-03-13,28
2023-03-13,28
2023-03-13,28
2023-03-14,28
2023-03-14,28
2023-03-14,28
2023-03-14,28
2023-03-14,28
2023-03-15,28
2023-03-15,28
2023-03-15,28
2023-03-15,28
2023-03-15,28
2023-03-16,28
2023-03-16,28
2023-03-16,28
2023-03-16,28
2023-03-16,28
2023-03-17,28
2023-03-17,28
2023-03-17,28
2023-03-17,28
2023-03-17,28
2023-03-20,28
2023-03-20,28
2023-03-20,28
2023-03-20,28
2023-03-20,28
2023-03-21,28
2023-03-21,28
2023-03-21,28
2023-03-21,28
2023-03-21,28
2023-03-22,28
2023-03-22,28
2023-03-22,28
2023-03-22,28
2023-03-22,28
2023-03-23,28
2023-03-23,28
2023-03-23,28
2023-03-23,28
2023-03-23,28
2023-03-24,28
2023-03-24,28
2023-03-24,28
2023-03-24,28
2023-03-24,28
2023-03-27,28
2023-03-27,28
2023-03-27,28
2023-03-27,28
2023-03-27,28
2023-03-28,28
2023-03-28,28
2023-03-28,28
2023-03-28,28
2023-03-28,28
2023-03-29,28
2023-03-29,28
2023-03-29,28
2023-03-29,28
2023-03-29,28
2023-03-30,28
2023-03-30,28
2023-03-30,28
2023-03-30,28
2023-03-30,28
2023-03-31,28
2023-03-31,28
2023-03-31,28
2023-03-31,28
2023-03-31,28
2023-04-03,28
2023-04-03,28
2023-04-03,28
2023-04-03,28
2023-04-03,28
2023-04-04,27
2023-04-04,27
2023-04-04,27
2023-04-04,27
2023-04-04,27
2023-04-05,27
2023-04-05,27
2023-04-05,27
2023-04-05,27
2023-04-05,27
2023-04-06,27
2023-04-06,27
2023-04-06,27
2023-04-06,27
2023-04-06,25.7
2023-04-07,25.7
2023-04-07,25.7
2023-04-07,25.7
2023-04-07,25.7
2023-04-07,25.7
2023-04-10,25.7
2023-04-10,25.7
2023-04-10,25.7
2023-04-10,25.7
2023-04-10,25.7
2023-04-11,25.7
2023-04-11,25.7
2023-04-11,25.7
2023-04-11,25.7
2023-04-11,25.7
2023-04-12,25.7
2023-04-12,25.7
2023-04-12,25.7
2023-04-12,25.7
2023-04-12,25.7
2023-04-13,25.7
2023-04-13,25.7
2023-04-13,25.7
2023-04-13,25.7
2023-04-13,25.7
2023-04-14,25.7
2023-04-14,25.7
2023-04-14,25.7
2023-04-14,25.7
2023-04-14,25.7
2023-04-17,25.7
2023-04-17,25.7
2023-04-17,25.7
2023-04-17,25.7
2023-04-17,25.7
2023-04-18,25.7
2023-04-18,25.7
2023-04-18,25.7
2023-04-18,25.7
2023-04-18,25.7
2023-04-19,25.7
2023-04-19,25.7
2023-04-19,25.7
2023-04-19,25.7
2023-04-19,25.7
2023-04-21,25.7
2023-04-21,25.7
2023-04-21,25.7
2023-04-21,25.7
2023-04-21,25.7
2023-04-24,25.7
2023-04-24,25.7
2023-04-24,25.7
2023-04-24,25.7
2023-04-24,25.7
2023-04-25,25.7
2023-04-25,25.7
2023-04-25,25.7
2023-04-25,25.7
2023-04-25,25.7
2023-04-26,25.7
2023-04-26,25.7
2023-04-26,25.7
2023-04-26,25.7
2023-04-26,25.7
2023-04-27,25.7
2023-04-27,25.7
2023-04-27,25.7
2023-04-27,25.7
2023-04-27,25.7
2023-04-28,25.7
2023-04-28,25.7
2023-04-28,25.7
2023-04-28,25.7
2023-04-28,25.7
2023-05-01,25.7
2023-05-01,25.7
2023-05-01,25.7
2023-05-01,25.7
2023-05-01,25.7
2023-05-03,25.7
2023-05-03,25.7
2023-05-03,25.7
2023-05-03,25.7
2023-05-03,25.7
2023-05-04,25.7
2023-05-04,25.7
2023-05-04,25.7
2023-05-04,25.7
2023-05-04,25.7
2023-05-05,25.7
2023-05-05,25.7
2023-05-05,25.7
2023-05-05,25.7
2023-05-05,25.7
2023-05-08,25.7
2023-05-08,25.7
2023-05-08,25.7
2023-05-08,25.7
2023-05-08,25.7
2023-05-09,25.7
2023-05-09,25.7
2023-05-09,25.7
2023-05-09,25.7
2023-05-09,25.7
2023-05-10,25.7
2023-05-10,25.7
2023-05-10,25.7
2023-05-10,25.7
2023-05-10,25.7
2023-05-11,25.7
2023-05-11,25.7
2023-05-11,25.7
2023-05-11,25.7
2023-05-11,25.7
2023-05-12,25.7
2023-05-12,25.7
2023-05-12,25.7
2023-05-12,25.7
2023-05-12,25.7
2023-05-15,25.7
2023-05-15,25.7
2023-05-15,25.7
2023-05-15,25.7
2023-05-15,25.7
2023-05-16,25.7
2023-05-16,25.7
2023-05-16,25.7
2023-05-16,25.7
2023-05-16,25.7
2023-05-17,25.7
2023-05-17,25.7
2023-05-17,25.7
2023-05-17,25.7
2023-05-17,25.7
2023-05-18,25.7
2023-05-18,25.7
2023-05-18,25.7
2023-05-18,25.7
2023-05-18,25.7
2023-05-19,25.7
2023-05-19,25.7
2023-05-19,25.7
2023-05-19,25.7
2023-05-19,25.7
2023-05-22,25.7
2023-05-22,25.7
2023-05-22,25.7
2023-05-22,25.7
2023-05-22,25.7
2023-05-23,25.7
2023-05-23,25.7
2023-05-23,25.7
2023-05-23,25.7
2023-05-23,25.7
2023-05-24,25.7
2023-05-24,25.7
2023-05-24,25.7
2023-05-24,25.7
2023-05-24,25.7
2023-05-25,25.7
2023-05-25,25.7
2023-05-25,25.7
2023-05-25,25.7
2023-05-25,25.7
2023-05-26,25.7
2023-05-26,25.7
2023-05-26,25.7
2023-05-26,25.7
2023-05-26,25.7
2023-05-29,25.7
2023-05-29,25.7
2023-05-29,25.7
2023-05-29,25.7
2023-05-29,25.7
2023-05-30,25.7
2023-05-30,25.7
2023-05-30,25.7
2023-05-30,25.7
2023-05-30,25.7
2023-05-31,25.7
2023-05-31,25.7
2023-05-31,25.7
2023-05-31,25.7
2023-05-31,25.7
2023-06-01,25.7
2023-06-01,25.7
2023-06-01,25.7
2023-06-01,25.7
2023-06-01,25.7
2023-06-02,25.7
2023-06-02,25.7
2023-06-02,25.7
2023-06-02,25.7
2023-06-02,25.7
2023-06-05,25.7
2023-06-05,25.7
2023-06-05,25.7
2023-06-05,25.7
2023-06-05,25.7
2023-06-06,25.7
2023-06-06,25.7
2023-06-06,25.7
2023-06-06,25.7
2023-06-06,25.7
2023-06-07,25.7
2023-06-07,25.7
2023-06-07,25.7
2023-06-07,25.7
2023-06-07,25.7
2023-06-08,25.7
2023-06-08,25.7
2023-06-08,25.7
2023-06-08,25.7
2023-06-08,25.7
2023-06-09,25.7
2023-06-09,25.7
2023-06-09,25.7
2023-06-09,25.7
2023-06-09,25.7
2023-06-12,25.7
2023-06-12,25.7
2023-06-12,25.7
2023-06-12,25.7
2023-06-12,25.7
2023-06-13,25.7
2023-06-13,25.7
2023-06-13,25.7
2023-06-13,25.7
2023-06-13,25.7
2023-06-14,25.7
2023-06-14,25.7
2023-06-14,25.7
2023-06-14,25.7
2023-06-14,25.7
2023-06-15,25.7
2023-06-15,25.7
2023-06-15,25.7
2023-06-15,25.7
2023-06-15,25.7
2023-06-16,25.7
2023-06-16,25.7
2023-06-16,25.7
2023-06-16,25.7
2023-06-16,25.7
2023-06-19,25.7
2023-06-19,25.7
2023-06-19,25.7
2023-06-19,25.7
2023-06-19,25.7
2023-06-20,25.7
2023-06-20,25.7
2023-06-20,25.7
2023-06-20,25.7
2023-06-20,25.7
2023-06-21,25.7
2023-06-21,25.7
2023-06-21,25.7
2023-06-21,25.7
2023-06-21,25.7
2023-06-22,25.7
2023-06-22,25.7
2023-06-22,25.7
2023-06-22,25.7
2023-06-22,25.7
2023-06-23,25.7
2023-06-23,25.7
2023-06-23,25.7
2023-06-23,25.7
2023-06-23,25.7
2023-06-26,25.7
2023-06-26,25.7
2023-06-26,25.7
2023-06-26,25.7
2023-06-26,25.7
2023-06-27,25.7
2023-06-27,25.7
2023-06-27,25.7
2023-06-27,25.7
2023-06-27,25.7
2023-06-29,25.7
2023-06-29,25.7
2023-06-29,25.7
2023-06-29,25.7
2023-06-29,25.7
2023-06-30,25.7
2023-06-30,25.7
2023-06-30,25.7
2023-06-30,25.7
2023-06-30,25.7
2023-07-03,25.7
2023-07-03,25.7
2023-07-03,25.7
2023-07-03,25.7
2023-07-03,25.7
2023-07-04,25.7
2023-07-04,25.7
2023-07-04,25.7
2023-07-04,25.7
2023-07-04,25.7
2023-07-05,25.7
2023-07-05,25.7
2023-07-05,25.7
2023-07-05,25.7
2023-07-05,25.7
2023-07-06,25.7
2023-07-06,25.7
2023-07-06,25.7
2023-07-06,25.7
2023-07-06,25.7
2023-07-07,25.7
2023-07-07,25.7
2023-07-07,25.7
2023-07-07,25.7
2023-07-07,25.7
2023-07-10,25.7
2023-07-10,25.7
2023-07-10,25.7
2023-07-10,25.7
2023-07-10,25.7
2023-07-11,25.7
2023-07-11,25.7
2023-07-11,25.7
2023-07-11,25.7
2023-07-11,25.7
2023-07-12,25.7
2023-07-12,25.7
2023-07-12,25.7
2023-07-12,25.7
2023-07-12,25.7
2023-07-13,25.7
2023-07-13,25.7
2023-07-13,25.7
2023-07-13,25.7
2023-07-13,25.7
2023-07-14,25.7
2023-07-14,25.7
2023-07-14,25.7
2023-07-14,25.7
2023-07-14,25.7
2023-07-17,25.7
2023-07-17,25.7
2023-07-17,25.7
2023-07-17,25.7
2023-07-17,25.7
2023-07-18,25.7
2023-07-18,25.7
2023-07-18,25.7
2023-07-18,25.7
2023-07-18,25.7
2023-07-19,25.7
2023-07-19,25.7
2023-07-19,25.7
2023-07-19,25.7
2023-07-19,25.7
2023-07-20,25.7
2023-07-20,25.7
2023-07-20,25.7
2023-07-20,25.7
2023-07-20,25.7
2023-07-24,25.7
2023-07-24,25.7
2023-07-25,25.7
2023-07-25,25.7
2023-07-25,25.7
2023-07-25,25.7
2023-07-25,25.7
2023-07-26,25.7
2023-07-26,25.7
2023-07-26,25.7
2023-07-26,25.7
2023-07-26,25.7
2023-07-27,25.7
2023-07-27,25.7
2023-07-27,25.7
2023-07-27,25.7
2023-07-27,25.7
2023-07-28,25.7
2023-07-28,25.7
2023-07-28,25.7
2023-07-28,25.7
2023-07-28,25.7
2023-07-31,25.7
2023-07-31,25.7
2023-07-31,25.7
2023-07-31,25.7
2023-07-31,25.7
2023-08-01,25.7
2023-08-01,25.7
2023-08-01,25.7
2023-08-01,25.7
2023-08-01,25.7
2023-08-02,25.7
2023-08-02,25.7
2023-08-02,25.7
2023-08-02,25.7
2023-08-02,25.7
2023-08-03,25.7
2023-08-03,25.7
2023-08-03,25.7
2023-08-03,25.7
2023-08-03,25.7
2023-08-04,25.7
2023-08-04,25.7
2023-08-04,25.7
2023-08-04,25.7
2023-08-04,25.7
2023-08-07,25.7
2023-08-07,25.7
2023-08-07,25.7
2023-08-07,25.7
2023-08-07,25.7
2023-08-08,25.7
2023-08-08,25.7
2023-08-08,25.7
2023-08-08,25.7
2023-08-08,25.7
2023-08-09,25.7
2023-08-09,25.7
2023-08-09,25.7
2023-08-09,25.7
2023-08-09,25.7
2023-08-10,25.7
2023-08-10,25.7
2023-08-10,25.7
2023-08-10,25.7
2023-08-10,25.7
2023-08-11,25.7
2023-08-11,25.7
2023-08-11,25.7
2023-08-11,25.7
2023-08-11,25.7
2023-08-14,25.7
2023-08-14,25.7
2023-08-14,25.7
2023-08-14,25.7
2023-08-14,25.7
2023-08-15,25.7
2023-08-15,25.7
2023-08-15,25.7
2023-08-15,25.7
2023-08-15,25.7
2023-08-16,25.7
2023-08-16,25.7
2023-08-16,25.7
2023-08-16,25.7
2023-08-16,25.7
2023-08-17,25.7
2023-08-17,25.7
2023-08-17,25.7
2023-08-17,25.7
2023-08-17,25.7
2023-08-18,25.7
2023-08-18,25.7
2023-08-18,25.7
2023-08-18,25.7
2023-08-18,25.7
2023-08-21,25.7
2023-08-21,25.7
2023-08-21,25.7
2023-08-21,25.7
2023-08-21,25.7
2023-08-22,25.7
2023-08-22,25.7
2023-08-22,25.7
2023-08-22,25.7
2023-08-22,25.7
2023-08-23,25.7
2023-08-23,25.7
2023-08-23,25.7
2023-08-23,25.7
2023-08-23,25.7
2023-08-24,25.7
2023-08-24,25.7
2023-08-24,25.7
2023-08-24,25.7
2023-08-24,25.7
2023-08-25,25.7
2023-08-25,25.7
2023-08-25,25.7
2023-08-25,25.7
2023-08-25,25.7
2023-08-28,25.7
2023-08-28,25.7
2023-08-28,25.7
2023-08-28,25.7
2023-08-28,25.7
2023-08-29,25.7
2023-08-29,25.7
2023-08-29,25.7
2023-08-29,25.7
2023-08-29,25.7
2023-08-30,25.7
2023-08-30,25.7
2023-08-30,25.7
2023-08-30,25.7
2023-08-30,25.7
2023-08-31,25.7
2023-08-31,25.7
2023-08-31,25.7
2023-08-31,25.7
2023-08-31,25.7
2023-09-01,25.7
2023-09-01,25.7
2023-09-01,25.7
2023-09-01,25.7
2023-09-01,25.7
2023-09-04,25.7
2023-09-04,25.7
2023-09-04,25.7
2023-09-04,25.7
2023-09-04,25.7
2023-09-05,25.7
2023-09-05,25.7
2023-09-05,25.7
2023-09-05,25.7
2023-09-05,25.7
2023-09-06,25.7
2023-09-06,25.7
2023-09-06,25.7
2023-09-06,25.7
2023-09-06,25.7
2023-09-07,25.7
2023-09-07,25.7
2023-09-07,25.7
2023-09-07,25.7
2023-09-07,25.7
2023-09-08,25.7
2023-09-08,25.7
2023-09-08,25.7
2023-09-08,25.7
2023-09-08,25.7
2023-09-11,25.7
2023-09-11,25.7
2023-09-11,25.7
2023-09-11,25.7
2023-09-11,25.7
2023-09-12,25.7
2023-09-12,25.7
2023-09-12,25.7
2023-09-12,25.7
2023-09-12,25.7
2023-09-13,25.7
2023-09-13,25.7
2023-09-13,25.7
2023-09-13,25.7
2023-09-13,25.7
2023-09-14,25.7
2023-09-14,25.7
2023-09-14,25.7
2023-09-14,25.7
2023-09-14,25.7
2023-09-15,25.7
2023-09-15,25.7
2023-09-15,25.7
2023-09-15,25.7
2023-09-15,25.7
2023-09-18,25.7
2023-09-18,25.7
2023-09-18,25.7
2023-09-18,25.7
2023-09-18,25.7
2023-09-19,25.7
2023-09-19,25.7
2023-09-19,25.7
2023-09-19,25.7
2023-09-19,25.95
2023-09-21,25.95
2023-09-21,25.95
2023-09-21,25.95
2023-09-21,25.95
2023-09-21,25.95
2023-09-22,25.95
2023-09-22,25.95
2023-09-22,25.95
2023-09-22,25.95
2023-09-22,25.95
2023-09-27,25.95
2023-09-27,25.95
2023-09-27,25.95
2023-09-27,25.95
2023-09-27,25.95
2023-09-28,25.95
2023-09-28,25.95
2023-09-28,25.95
2023-09-28,25.95
2023-09-28,25.95
2023-09-29,25.95
2023-09-29,25.95
2023-09-29,25.95
2023-09-29,25.95
2023-09-29,25.95
2023-10-02,25.95
2023-10-02,25.95
2023-10-02,25.95
2023-10-02,25.95
2023-10-02,25.95
2023-10-03,25.95
2023-10-03,25.95
2023-10-03,25.95
2023-10-03,25.95
2023-10-03,25.95
2023-10-04,25.95
2023-10-04,25.95
2023-10-04,25.95
2023-10-04,25.95
2023-10-04,25.99
2023-10-05,25.99
2023-10-05,25.99
2023-10-05,25.99
2023-10-05,25.99
2023-10-05,26
2023-10-06,26
2023-10-06,26
2023-10-06,26
2023-10-06,26
2023-10-06,26
2023-10-09,26
2023-10-09,26
2023-10-09,26
2023-10-09,26
2023-10-09,26
2023-10-10,26
2023-10-10,26
2023-10-10,26
2023-10-10,26
2023-10-10,25.59
2023-10-11,25.59
2023-10-11,25.59
2023-10-11,25.59
2023-10-11,25.59
2023-10-11,25
2023-10-12,25
2023-10-12,25
2023-10-12,25
2023-10-12,25
2023-10-12,25
2023-10-13,25
2023-10-13,25
2023-10-13,25
2023-10-13,25
2023-10-13,25
2023-10-16,25
2023-10-16,25
2023-10-16,25
2023-10-16,25
2023-10-16,25
2023-10-17,25
2023-10-17,25
2023-10-17,25
2023-10-17,25
2023-10-17,25
2023-10-18,25
2023-10-18,25
2023-10-18,25
2023-10-18,25
2023-10-18,25
2023-10-19,25
2023-10-19,25
2023-10-19,25
2023-10-19,25
2023-10-19,25
2023-10-20,25
2023-10-20,25
2023-10-20,25
2023-10-20,25
2023-10-20,28.75
2023-10-23,28.75
2023-10-23,28.75
2023-10-23,28.75
2023-10-23,28.75
2023-10-23,28.75
2023-10-25,28.75
2023-10-25,28.75
2023-10-25,28.75
2023-10-25,30
2023-10-26,30
2023-10-26,30
2023-10-26,30
2023-10-26,30
2023-10-26,30
2023-10-27,30
2023-10-27,30
2023-10-27,30
2023-10-27,30
2023-10-27,30
2023-10-30,30
2023-10-30,30
2023-10-30,30
2023-10-30,30
2023-10-30,30
2023-10-31,30
2023-10-31,30
2023-10-31,30
2023-10-31,30
2023-10-31,30
2023-11-02,30
2023-11-02,30
2023-11-02,30
2023-11-02,30
2023-11-02,30
2023-11-03,30
2023-11-03,30
2023-11-03,30
2023-11-03,30
2023-11-03,30
2023-11-06,30
2023-11-06,30
2023-11-06,30
2023-11-06,30
2023-11-06,30
2023-11-07,30
2023-11-07,30
2023-11-07,30
2023-11-07,30
2023-11-07,30
2023-11-08,30
2023-11-08,30
2023-11-08,30
2023-11-08,30
2023-11-08,30
2023-11-09,30
2023-11-09,30
2023-11-09,30
2023-11-09,30
2023-11-09,30
2023-11-10,30
2023-11-10,30
2023-11-10,30
2023-11-10,30
2023-11-10,30
2023-11-13,30
2023-11-13,30
2023-11-13,30
2023-11-13,30
2023-11-13,30
2023-11-14,30
2023-11-14,30
2023-11-14,30
2023-11-14,30
2023-11-14,30
2023-11-15,30
2023-11-15,30
2023-11-15,30
2023-11-15,30
2023-11-15,30
2023-11-16,30
2023-11-16,30
2023-11-16,30
2023-11-16,30
2023-11-16,30
2023-11-17,30
2023-11-17,30
2023-11-17,30
2023-11-17,30
2023-11-17,30
2023-11-20,30
2023-11-20,30
2023-11-20,30
2023-11-20,30
2023-11-20,30
2023-11-21,30
2023-11-21,30
2023-11-21,30
2023-11-21,30
2023-11-21,30
2023-11-22,30
2023-11-22,30
2023-11-22,30
2023-11-22,30
2023-11-22,30
2023-11-23,30
2023-11-23,30
2023-11-23,30
2023-11-23,30
2023-11-23,30
2023-11-24,30
2023-11-24,30
2023-11-24,30
2023-11-24,30
2023-11-24,30
2023-11-27,30
2023-11-27,30
2023-11-27,30
2023-11-27,30
2023-11-27,30
2023-11-28,30
2023-11-28,30
2023-11-28,30
2023-11-28,30
2023-11-28,30
2023-11-29,30
2023-11-29,30
2023-11-29,30
2023-11-29,30
2023-11-29,30
2023-12-01,30
2023-12-01,30
2023-12-01,30
2023-12-01,30
2023-12-04,30
2023-12-04,30
2023-12-04,30
2023-12-04,30
2023-12-04,30
2023-12-05,30
2023-12-05,30
2023-12-05,30
2023-12-05,30
2023-12-05,30
2023-12-06,30
2023-12-06,30
2023-12-06,30
2023-12-06,30
2023-12-06,30
2023-12-07,30
2023-12-07,30
2023-12-07,30
2023-12-07,30
2023-12-07,30
2023-12-08,30
2023-12-08,30
2023-12-08,30
2023-12-08,30
2023-12-08,30
2023-12-11,30
2023-12-11,30
2023-12-11,30
2023-12-11,30
2023-12-11,30
2023-12-12,30
2023-12-12,30
2023-12-12,30
2023-12-12,30
2023-12-12,30
2023-12-13,30
2023-12-13,30
2023-12-13,30
2023-12-13,30
2023-12-13,30
2023-12-14,30
2023-12-14,30
2023-12-14,30
2023-12-14,30
2023-12-14,34.5
2023-12-15,34.5
2023-12-15,34.5
2023-12-15,34.5
2023-12-15,34.5
2023-12-15,34.5
2023-12-18,34.5
2023-12-18,34.5
2023-12-18,34.5
2023-12-18,34.5
2023-12-18,34.5
2023-12-19,34.5
2023-12-19,34.5
2023-12-19,34.5
2023-12-19,34.5
2023-12-19,34.5
2023-12-20,34.5
2023-12-20,34.5
2023-12-20,34.5
2023-12-20,34.5
2023-12-20,34.5
2023-12-21,34.5
2023-12-21,34.5
2023-12-21,34.5
2023-12-21,34.5
2023-12-21,34.5
2023-12-22,34.5
2023-12-22,34.5
2023-12-22,34.5
2023-12-22,34.5
2023-12-22,34.5
2023-12-25,34.5
2023-12-25,34.5
2023-12-25,34.5
2023-12-25,34.5
2023-12-25,34.5
2023-12-26,34.5
2023-12-26,34.5
2023-12-26,34.5
2023-12-26,34.5
2023-12-26,34.5
2023-12-27,34.5
2023-12-27,34.5
2023-12-27,34.5
2023-12-27,34.5
2023-12-27,35
2023-12-28,35
2023-12-28,35
2023-12-28,35
2023-12-28,35
2023-12-28,35
2023-12-29,35
2023-12-29,35
2023-12-29,35
2023-12-29,35
2023-12-29,35
2024-01-01,35
2024-01-01,35
2024-01-01,35
2024-01-01,35
2024-01-01,35
2024-01-03,35
2024-01-03,35
2024-01-03,35
2024-01-03,35
2024-01-03,35
2024-01-04,35
2024-01-04,35
2024-01-04,35
2024-01-04,35
2024-01-04,35
2024-01-05,35
2024-01-05,35
2024-01-05,35
2024-01-05,35
2024-01-05,35
2024-01-08,35
2024-01-08,35
2024-01-08,35
2024-01-08,35
2024-01-08,35
2024-01-10,35
2024-01-10,35
2024-01-10,35
2024-01-10,35
2024-01-10,35
2024-01-11,35
2024-01-11,35
2024-01-11,35
2024-01-11,35
2024-01-11,35
2024-01-15,35
2024-01-15,35
2024-01-15,35
2024-01-15,35
2024-01-15,35
2024-01-16,35
2024-01-16,35
2024-01-16,35
2024-01-16,35
2024-01-16,35
2024-01-17,35
2024-01-17,35
2024-01-17,35
2024-01-17,35
2024-01-17,35
2024-01-18,35
2024-01-18,35
2024-01-18,35
2024-01-18,35
2024-01-18,35
2024-01-19,35
2024-01-19,35
2024-01-19,35
2024-01-19,35
2024-01-19,35
2024-01-22,35
2024-01-22,35
2024-01-22,35
2024-01-22,35
2024-01-22,35
2024-01-23,35
2024-01-23,35
2024-01-23,35
2024-01-23,35
2024-01-23,35
2024-01-24,35
2024-01-24,35
2024-01-24,35
2024-01-24,35
2024-01-24,35
2024-01-25,35
2024-01-25,35
2024-01-25,35
2024-01-25,35
2024-01-25,35
2024-01-26,35
2024-01-26,35
2024-01-26,35
2024-01-26,35
2024-01-26,35
2024-01-29,35
2024-01-29,35
2024-01-29,35
2024-01-29,35
2024-01-29,35
2024-01-30,35
2024-01-30,35
2024-01-30,35
2024-01-30,35
2024-01-30,35
2024-01-31,35
2024-01-31,35
2024-01-31,35
2024-01-31,35
2024-01-31,35
2024-02-01,35
2024-02-01,35
2024-02-01,35
2024-02-01,35
2024-02-01,40
2024-02-02,40
2024-02-02,40
2024-02-02,40
2024-02-02,40
2024-02-02,40
2024-02-05,40
2024-02-05,40
2024-02-05,40
2024-02-05,40
2024-02-05,40
2024-02-06,40
2024-02-06,40
2024-02-06,40
2024-02-06,40
2024-02-06,40
2024-02-07,40
2024-02-07,40
2024-02-07,40
2024-02-07,40
2024-02-07,40
2024-02-08,40
2024-02-08,40
2024-02-08,40
2024-02-08,40
2024-02-08,40
2024-02-09,40
2024-02-09,40
2024-02-09,40
2024-02-09,40
2024-02-09,40
2024-02-12,40
2024-02-12,40
2024-02-12,40
2024-02-12,40
2024-02-12,40
2024-02-13,40
2024-02-13,40
2024-02-13,40
2024-02-13,40
2024-02-13,40
2024-02-14,40
2024-02-14,40
2024-02-14,40
2024-02-14,40
2024-02-14,40
2024-02-15,40
2024-02-15,40
2024-02-15,40
2024-02-15,40
2024-02-15,40
2024-02-16,40
2024-02-16,40
2024-02-16,40
2024-02-16,40
2024-02-16,40
2024-02-19,40
2024-02-19,40
2024-02-19,40
2024-02-19,40
2024-02-19,40
2024-02-20,40
2024-02-20,40
2024-02-20,40
2024-02-20,40
2024-02-20,40
2024-02-26,40
2024-02-26,40
2024-02-26,40
2024-02-26,40
2024-02-26,40
2024-02-27,40
2024-02-27,40
2024-02-27,40
2024-02-27,40
2024-02-27,40
2024-02-28,40
2024-02-28,40
2024-02-28,40
2024-02-28,40
2024-02-28,40
2024-02-29,40
2024-02-29,40
2024-02-29,40
2024-02-29,40
2024-02-29,40
2024-03-01,40
2024-03-01,40
2024-03-01,40
2024-03-01,40
2024-03-01,40
2024-03-04,40
2024-03-04,40
2024-03-04,40
2024-03-04,40
2024-03-04,40
2024-03-05,40
2024-03-05,40
2024-03-05,40
2024-03-05,40
2024-03-05,40
2024-03-06,40
2024-03-06,40
2024-03-06,40
2024-03-06,40
2024-03-06,40
2024-03-07,40
2024-03-07,40
2024-03-07,40
2024-03-07,40
2024-03-07,40
2024-03-08,40
2024-03-08,40
2024-03-08,40
2024-03-08,40
2024-03-08,40
2024-03-11,40
2024-03-11,40
2024-03-11,40
2024-03-11,40
2024-03-11,40
2024-03-12,40
2024-03-12,40
2024-03-12,40
2024-03-12,40
2024-03-12,40
2024-03-13,40
2024-03-13,40
2024-03-13,40
2024-03-13,40
2024-03-13,38.57
2024-03-14,38.57
2024-03-14,38.57
2024-03-14,38.57
2024-03-14,38.57
2024-03-14,35
2024-03-15,35
2024-03-15,35
2024-03-15,35
2024-03-15,35
2024-03-15,35
2024-03-18,35
2024-03-18,35
2024-03-18,35
2024-03-18,35
2024-03-18,35
2024-03-19,35
2024-03-19,35
2024-03-19,35
2024-03-19,35
2024-03-19,35
2024-03-20,35
2024-03-20,35
2024-03-20,35
2024-03-20,35
2024-03-20,35
2024-03-21,35
2024-03-21,35
2024-03-21,35
2024-03-21,35
2024-03-21,35
2024-03-22,35
2024-03-22,35
2024-03-22,35
2024-03-22,35
2024-03-22,35
2024-03-25,35
2024-03-25,35
2024-03-25,35
2024-03-25,35
2024-03-25,35
2024-03-26,35
2024-03-26,35
2024-03-26,35
2024-03-26,35
2024-03-26,35
2024-03-27,35
2024-03-27,35
2024-03-27,35
2024-03-27,35
2024-03-27,39.5
2024-03-28,39.5
2024-03-28,39.5
2024-03-28,39.5
2024-03-28,39.5
2024-03-28,39.5
2024-03-29,39.5
2024-03-29,39.5
2024-03-29,39.5
2024-03-29,39.5
2024-03-29,39.5
2024-04-01,39.5
2024-04-01,39.5
2024-04-01,39.5
2024-04-01,39.5
2024-04-01,39.5
2024-04-02,39.5
2024-04-02,39.5
2024-04-02,39.5
2024-04-02,39.5
2024-04-02,36.71
2024-04-03,36.71
2024-04-03,36.71
2024-04-03,36.71
2024-04-03,36.71
2024-04-03,34.23
2024-04-04,34.23
2024-04-04,34.23
2024-04-04,34.23
2024-04-04,34.23
2024-04-04,31.64
2024-04-05,31.64
2024-04-05,31.64
2024-04-05,31.64
2024-04-05,31.64
2024-04-05,31.64
2024-04-08,31.64
2024-04-08,31.64
2024-04-08,31.64
2024-04-08,31.64
2024-04-08,31.64
2024-04-09,31.64
2024-04-09,31.64
2024-04-09,31.64
2024-04-09,31.64
2024-04-09,31.64
2024-04-10,31.64
2024-04-10,31.64
2024-04-10,31.64
2024-04-10,31.64
2024-04-10,31.64
2024-04-11,31.64
2024-04-11,31.64
2024-04-11,31.64
2024-04-11,31.64
2024-04-11,31.64
2024-04-12,31.64
2024-04-12,31.64
2024-04-12,31.64
2024-04-12,31.64
2024-04-12,31.64
2024-04-15,31.64
2024-04-15,31.64
2024-04-15,31.64
2024-04-15,31.64
2024-04-15,31.64
2024-04-16,31.64
2024-04-16,31.64
2024-04-16,31.64
2024-04-16,31.64
2024-04-16,31.64
2024-04-17,31.64
2024-04-17,31.64
2024-04-17,31.64
2024-04-17,31.64
2024-04-17,31.64
2024-04-19,31.64
2024-04-19,31.64
2024-04-19,31.64
2024-04-19,31.64
2024-04-19,31.64
2024-04-22,31.64
2024-04-22,31.64
2024-04-22,31.64
2024-04-22,31.64
2024-04-22,31.64
2024-04-23,31.64
2024-04-23,31.64
2024-04-23,31.64
2024-04-23,31.64
2024-04-23,31.64
2024-04-24,31.64
2024-04-24,31.64
2024-04-24,31.64
2024-04-24,31.64
2024-04-24,31.64
2024-04-25,31.64
2024-04-25,31.64
2024-04-25,31.64
2024-04-25,31.64
2024-04-25,31.64
2024-04-26,31.64
2024-04-26,31.64
2024-04-26,31.64
2024-04-26,31.64
2024-04-26,31.64
2024-04-29,31.64
2024-04-29,31.64
2024-04-29,31.64
2024-04-29,31.64
2024-04-29,31.64
2024-04-30,31.64
2024-04-30,31.64
2024-04-30,31.64
2024-04-30,31.64
2024-04-30,31.64
2024-05-01,31.64
2024-05-01,31.64
2024-05-01,31.64
2024-05-01,31.64
2024-05-01,31.64
2024-05-03,31.64
2024-05-03,31.64
2024-05-03,31.64
2024-05-03,31.64
2024-05-03,31.64
2024-05-06,31.64
2024-05-06,31.64
2024-05-06,31.64
2024-05-06,31.64
2024-05-06,31.64
2024-05-07,31.64
2024-05-07,31.64
2024-05-07,31.64
2024-05-07,31.64
2024-05-07,31.64
2024-05-08,31.64
2024-05-08,31.64
2024-05-08,31.64
2024-05-08,31.64
2024-05-08,31.64
2024-05-09,31.64
2024-05-09,31.64
2024-05-09,31.64
2024-05-09,31.64
2024-05-09,31.64
2024-05-10,31.64
2024-05-10,31.64
2024-05-10,31.64
2024-05-10,31.64
2024-05-10,31.64
2024-05-13,31.64
2024-05-13,31.64
2024-05-13,31.64
2024-05-13,31.64
2024-05-13,31.64
2024-05-14,31.64
2024-05-14,31.64
2024-05-14,31.64
2024-05-14,31.64
2024-05-14,31.64
2024-05-15,31.64
2024-05-15,31.64
2024-05-15,31.64
2024-05-15,31.64
2024-05-15,31.64
2024-05-16,31.64
2024-05-16,31.64
2024-05-16,31.64
2024-05-16,31.64
2024-05-16,31.64
2024-05-17,31.64
2024-05-17,31.64
2024-05-17,31.64
2024-05-17,31.64
2024-05-17,31.64
2024-05-20,31.64
2024-05-20,31.64
2024-05-20,31.64
2024-05-20,31.64
2024-05-20,31.64
2024-05-21,31.64
2024-05-21,31.64
2024-05-21,31.64
2024-05-21,31.64
2024-05-21,31.64
2024-05-22,31.64
2024-05-22,31.64
2024-05-22,31.64
2024-05-22,31.64
2024-05-22,31.64
2024-05-24,31.64
2024-05-24,31.64
2024-05-24,31.64
2024-05-24,31.64
2024-05-24,31.64
2024-05-27,31.64
2024-05-27,31.64
2024-05-27,31.64
2024-05-27,31.64
2024-05-27,31.64
2024-05-28,31.64
2024-05-28,31.64
2024-05-28,31.64
2024-05-28,31.64
2024-05-28,31.64
2024-05-29,31.64
2024-05-29,31.64
2024-05-29,31.64
2024-05-29,31.64
2024-05-29,31.64
2024-05-30,31.64
2024-05-30,31.64
2024-05-30,31.64
2024-05-30,31.64
2024-05-30,31.64
2024-05-31,31.64
2024-05-31,31.64
2024-05-31,31.64
2024-05-31,31.64
2024-05-31,31.64
2024-06-03,31.64
2024-06-03,31.64
2024-06-03,31.64
2024-06-03,31.64
2024-06-03,31.64
2024-06-04,31.64
2024-06-04,31.64
2024-06-04,31.64
2024-06-04,31.64
2024-06-04,31.64
2024-06-05,31.64
2024-06-05,31.64
2024-06-05,31.64
2024-06-05,31.64
2024-06-05,31.64
2024-06-06,31.64
2024-06-06,31.64
2024-06-06,31.64
2024-06-06,31.64
2024-06-06,31.64
2024-06-07,31.64
2024-06-07,31.64
2024-06-07,31.64
2024-06-07,31.64
2024-06-07,31.64
2024-06-10,31.64
2024-06-10,31.64
2024-06-10,31.64
2024-06-10,31.64
2024-06-10,31.64
2024-06-11,31.64
2024-06-11,31.64
2024-06-11,31.64
2024-06-11,31.64
2024-06-11,31.64
2024-06-12,31.64
2024-06-12,31.64
2024-06-12,31.64
2024-06-12,31.64
2024-06-12,31.64
2024-06-13,31.64
2024-06-13,31.64
2024-06-13,31.64
2024-06-13,31.64
2024-06-13,31.64
2024-06-14,31.64
2024-06-14,31.64
2024-06-14,31.64
2024-06-14,31.64
2024-06-14,31.64
2024-06-17,31.64
2024-06-17,31.64
2024-06-17,31.64
2024-06-17,31.64
2024-06-17,31.64
2024-06-18,31.64
2024-06-18,31.64
2024-06-18,31.64
2024-06-18,31.64
2024-06-18,31.64
2024-06-19,31.64
2024-06-19,31.64
2024-06-19,31.64
2024-06-19,31.64
2024-06-19,31.64
2024-06-20,31.64
2024-06-20,31.64
2024-06-20,31.64
2024-06-20,31.64
2024-06-20,31.64
2024-06-21,31.64
2024-06-21,31.64
2024-06-21,31.64
2024-06-21,31.64
2024-06-21,31.64
2024-06-24,31.64
2024-06-24,31.64
2024-06-24,31.64
2024-06-24,31.64
2024-06-24,31.64
2024-06-25,31.64
2024-06-25,31.64
2024-06-25,31.64
2024-06-25,31.64
2024-06-25,31.64
2024-06-26,31.64
2024-06-26,31.64
2024-06-26,31.64
2024-06-26,31.64
2024-06-26,31.64
2024-06-27,31.64
2024-06-27,31.64
2024-06-27,31.64
2024-06-27,31.64
2024-06-27,31.64
2024-06-28,31.64
2024-06-28,31.64
2024-06-28,31.64
2024-06-28,31.64
2024-06-28,31.6
2024-07-01,31.6
2024-07-01,31.6
2024-07-01,31.6
2024-07-01,31.6
2024-07-01,31.6
2024-07-02,31.6
2024-07-02,31.6
2024-07-02,31.6
2024-07-02,31.6
2024-07-02,31.6
2024-07-03,31.6
2024-07-03,31.6
2024-07-03,31.6
2024-07-03,31.6
2024-07-03,31.6
2024-07-04,31.6
2024-07-04,31.6
2024-07-04,31.6
2024-07-04,31.6
2024-07-04,31.6
2024-07-05,31.6
2024-07-05,31.6
2024-07-05,31.6
2024-07-05,31.6
2024-07-05,31.6
2024-07-08,31.6
2024-07-08,31.6
2024-07-08,31.6
2024-07-08,31.6
2024-07-08,31.6
2024-07-09,31.6
2024-07-09,31.6
2024-07-09,31.6
2024-07-09,31.6
2024-07-09,31.6
2024-07-11,31.6
2024-07-11,31.6
2024-07-11,31.6
2024-07-11,31.6
2024-07-11,31.6
2024-07-12,31.6
2024-07-12,31.6
2024-07-12,31.6
2024-07-12,31.6
2024-07-12,31.6
2024-07-15,31.6
2024-07-15,31.6
2024-07-15,31.6
2024-07-15,31.6
2024-07-15,31.6
2024-07-16,31.6
2024-07-16,31.6
2024-07-16,31.6
2024-07-16,31.6
2024-07-16,31.6
2024-07-17,31.6
2024-07-17,31.6
2024-07-17,31.6
2024-07-17,31.6
2024-07-17,31.6
2024-07-18,31.6
2024-07-18,31.6
2024-07-18,31.6
2024-07-18,31.6
2024-07-18,31.6
2024-07-19,31.6
2024-07-19,31.6
2024-07-19,31.6
2024-07-19,31.6
2024-07-19,31.6
2024-07-22,31.6
2024-07-22,31.6
2024-07-22,31.6
2024-07-22,31.6
2024-07-22,31.6
2024-07-23,31.6
2024-07-23,31.6
2024-07-23,31.6
2024-07-23,31.6
2024-07-23,28
2024-07-24,28
2024-07-24,28
2024-07-24,28
2024-07-24,28
2024-07-24,28
2024-07-25,28
2024-07-25,28
2024-07-25,28
2024-07-25,28
2024-07-25,28
2024-07-26,28
2024-07-26,28
2024-07-26,28
2024-07-26,28
2024-07-26,28
2024-07-29,28
2024-07-29,28
2024-07-29,28
2024-07-29,28
2024-07-29,28
2024-07-30,28
2024-07-30,28
2024-07-30,28
2024-07-30,28
2024-07-30,28
2024-07-31,28
2024-07-31,28
2024-07-31,28
2024-07-31,28
2024-07-31,28
2024-08-01,28
2024-08-01,28
2024-08-01,28
2024-08-01,28
2024-08-01,28.26
2024-08-02,28.26
2024-08-02,28.26
2024-08-02,28.26
2024-08-02,28.26
2024-08-02,28.26
2024-08-05,28.26
2024-08-05,28.26
2024-08-05,28.26
2024-08-05,28.26
2024-08-05,28.26
2024-08-06,28.26
2024-08-06,28.26
2024-08-06,28.26
2024-08-06,28.26
2024-08-06,28.26
2024-08-07,28.26
2024-08-07,28.26
2024-08-07,28.26
2024-08-07,28.26
2024-08-07,28.26
2024-08-08,28.26
2024-08-08,28.26
2024-08-08,28.26
2024-08-08,28.26
2024-08-08,28.5
2024-08-09,28.5
2024-08-09,28.5
2024-08-09,28.5
2024-08-09,28.5
2024-08-09,28.5
2024-08-12,28.5
2024-08-12,28.5
2024-08-12,28.5
2024-08-12,28.5
2024-08-12,28.5
2024-08-13,28.5
2024-08-13,28.5
2024-08-13,28.5
2024-08-13,28.5
2024-08-13,28.5
2024-08-14,28.5
2024-08-14,28.5
2024-08-14,28.5
2024-08-14,28.5
2024-08-14,28.5
2024-08-15,28.5
2024-08-15,28.5
2024-08-15,28.5
2024-08-15,28.5
2024-08-15,28.5
2024-08-16,28.5
2024-08-16,28.5
2024-08-16,28.5
2024-08-16,28.5
2024-08-16,28.5
2024-08-19,28.5
2024-08-19,28.5
2024-08-19,28.5
2024-08-19,28.5
2024-08-19,28.5
2024-08-20,28.5
2024-08-20,28.5
2024-08-20,28.5
2024-08-20,28.5
2024-08-20,28.5
2024-08-21,28.5
2024-08-21,28.5
2024-08-21,28.5
2024-08-21,28.5
2024-08-21,28.5
2024-08-22,28.5
2024-08-22,28.5
2024-08-22,28.5
2024-08-22,28.5
2024-08-22,28.5
2024-08-23,28.5
2024-08-23,28.5
2024-08-23,28.5
2024-08-23,28.5
2024-08-23,28.5
2024-08-26,28.5
2024-08-26,28.5
2024-08-26,28.5
2024-08-26,28.5
2024-08-26,28.5
2024-08-27,28.5
2024-08-27,28.5
2024-08-27,28.5
2024-08-27,28.5
2024-08-27,29.5
2024-08-28,29.5
2024-08-28,29.5
2024-08-28,29.5
2024-08-28,29.5
2024-08-28,29.5
2024-08-29,29.5
2024-08-29,29.5
2024-08-29,29.5
2024-08-29,29.5
2024-08-29,29.5
2024-08-30,29.5
2024-08-30,29.5
2024-08-30,29.5
2024-08-30,29.5
2024-08-30,29.5
2024-09-02,29.5
2024-09-02,29.5
2024-09-02,29.5
2024-09-02,29.5
2024-09-02,29.5
2024-09-03,29.5
2024-09-03,29.5
2024-09-03,29.5
2024-09-03,29.5
2024-09-03,29.5
2024-09-04,29.5
2024-09-04,29.5
2024-09-04,29.5
2024-09-04,29.5
2024-09-04,29.5
2024-09-05,29.5
2024-09-05,29.5
2024-09-05,29.5
2024-09-05,29.5
2024-09-05,29.5
2024-09-06,29.5
2024-09-06,29.5
2024-09-06,29.5
2024-09-06,29.5
2024-09-06,28.5
2024-09-10,28.5
2024-09-10,28.5
2024-09-10,28.5
2024-09-10,28.5
2024-09-10,28.5
2024-09-11,28.5
2024-09-11,28.5
2024-09-11,28.5
2024-09-11,28.5
2024-09-11,29.5
2024-09-12,29.5
2024-09-12,29.5
2024-09-12,29.5
2024-09-12,29.5
2024-09-12,29.5
2024-09-16,29.5
2024-09-16,29.5
2024-09-16,29.5
2024-09-16,29.5
2024-09-16,29.75
2024-09-17,29.75
2024-09-17,29.75
2024-09-17,29.75
2024-09-17,29.75
2024-09-17,29.75
2024-09-18,29.75
2024-09-18,29.75
2024-09-18,29.75
2024-09-18,29.75
2024-09-18,29.75
2024-09-19,29.75
2024-09-19,29.75
2024-09-19,29.75
2024-09-19,29.75
2024-09-19,29.75
2024-09-20,29.75
2024-09-20,29.75
2024-09-20,29.75
2024-09-20,29.75
2024-09-20,29.75
2024-09-24,29.75
2024-09-24,29.75
2024-09-24,29.75
2024-09-24,29.75
2024-09-24,29.75
2024-09-25,29.75
2024-09-25,29.75
2024-09-25,29.75
2024-09-25,29.75
2024-09-25,27.5
2024-09-26,27.5
2024-09-26,27.5
2024-09-26,27.5
2024-09-26,27.5
2024-09-26,27.5
2024-09-27,27.5
2024-09-27,27.5
2024-09-27,27.5
2024-09-27,27.5
2024-09-27,27.5
2024-09-30,27.5
2024-09-30,27.5
2024-09-30,27.5
2024-09-30,27.5
2024-09-30,27.5
2024-10-01,27.5
2024-10-01,27.5
2024-10-01,27.5
2024-10-01,27.5
2024-10-01,27.5
2024-10-02,27.5
2024-10-02,27.5
2024-10-02,27.5
2024-10-02,27.5
2024-10-02,27.5
2024-10-03,27.5
2024-10-03,27.5
2024-10-03,27.5
2024-10-03,27.5
2024-10-03,27.5
2024-10-04,27.5
2024-10-04,27.5
2024-10-04,27.5
2024-10-04,27.5
2024-10-04,27.5
2024-10-07,27.5
2024-10-07,27.5
2024-10-07,27.5
2024-10-07,27.5
2024-10-07,27.5
2024-10-08,27.5
2024-10-08,27.5
2024-10-08,27.5
2024-10-08,27.5
2024-10-08,27.5
2024-10-09,27.5
2024-10-09,27.5
2024-10-09,27.5
2024-10-09,27.5
2024-10-09,27.5
2024-10-10,27.5
2024-10-10,27.5
2024-10-10,27.5
2024-10-10,27.5
2024-10-10,27.65
2024-10-11,27.65
2024-10-11,27.65
2024-10-11,27.65
2024-10-11,27.65
2024-10-11,27.65
2024-10-14,27.65
2024-10-14,27.65
2024-10-14,27.65
2024-10-14,27.65
2024-10-14,27.65
2024-10-15,27.65
2024-10-15,27.65
2024-10-15,27.65
2024-10-15,27.65
2024-10-15,27.65
2024-10-16,27.65
2024-10-16,27.65
2024-10-16,27.65
2024-10-16,27.65
2024-10-16,28
2024-10-17,28
2024-10-17,28
2024-10-17,28
2024-10-17,28
2024-10-17,28
2024-10-18,28
2024-10-18,28
2024-10-18,28
2024-10-18,28
2024-10-18,28
2024-10-21,28
2024-10-21,28
2024-10-21,28
2024-10-21,28
2024-10-21,28
2024-10-22,28
2024-10-22,28
2024-10-22,28
2024-10-22,28
2024-10-22,28
2024-10-23,28
2024-10-23,28
2024-10-23,28
2024-10-23,28
2024-10-23,28
2024-10-24,28
2024-10-24,28
2024-10-24,28
2024-10-24,28
2024-10-24,28
2024-10-25,28
2024-10-25,28
2024-10-25,28
2024-10-25,28
2024-10-25,28
2024-10-28,28
2024-10-28,28
2024-10-28,28
2024-10-28,28
2024-10-28,28
2024-10-29,28
2024-10-29,28
2024-10-29,28
2024-10-29,28
2024-10-29,28
2024-10-30,28
2024-10-30,28
2024-10-30,28
2024-10-30,28
2024-10-30,28
2024-10-31,28
2024-10-31,28
2024-10-31,28
2024-10-31,28
2024-10-31,28
2024-11-04,28
2024-11-04,28
2024-11-04,28
2024-11-04,28
2024-11-04,28
2024-11-05,28
2024-11-05,28
2024-11-05,28
2024-11-05,28
2024-11-05,27.6
2024-11-06,27.6
2024-11-06,27.6
2024-11-06,27.6
2024-11-06,27.6
2024-11-06,26.68
2024-11-07,26.68
2024-11-07,26.68
2024-11-07,26.68
2024-11-07,26.68
2024-11-07,26.68
2024-11-08,26.68
2024-11-08,26.68
2024-11-08,26.68
2024-11-08,26.68
2024-11-08,26.68
2024-11-12,26.68
2024-11-12,26.68
2024-11-12,26.68
2024-11-12,26.68
2024-11-12,26.68
2024-11-13,26.68
2024-11-13,26.68
2024-11-13,26.68
2024-11-13,26.68
2024-11-13,26.68
2024-11-14,26.68
2024-11-14,26.68
2024-11-14,26.68
2024-11-14,26.68
2024-11-14,26.68
2024-11-15,26.68
2024-11-15,26.68
2024-11-15,26.68
2024-11-15,26.68
2024-11-15,26.68
2024-11-18,26.68
2024-11-18,26.68
2024-11-18,26.68
2024-11-18,26.68
2024-11-18,26.68
2024-11-19,26.68
2024-11-19,26.68
2024-11-19,26.68
2024-11-19,26.68
2024-11-19,26.68
2024-11-20,26.68
2024-11-20,26.68
2024-11-20,26.68
2024-11-20,26.68
2024-11-20,26.68
2024-11-21,26.68
2024-11-21,26.68
2024-11-21,26.68
2024-11-21,26.68
2024-11-21,26.68
2024-11-22,26.68
2024-11-22,26.68
2024-11-22,26.68
2024-11-22,26.68
2024-11-22,26.68
2024-11-25,26.68
2024-11-25,26.68
2024-11-25,26.68
2024-11-25,26.68
2024-11-25,25.15
2024-11-26,25.15
2024-11-26,25.15
2024-11-26,25.15
2024-11-26,25.15
2024-11-26,25.15
2024-11-27,25.15
2024-11-27,25.15
2024-11-27,25.15
2024-11-27,25.15
2024-11-27,25.15
2024-11-28,25.15
2024-11-28,25.15
2024-11-28,25.15
2024-11-28,25.15
2024-11-28,25.15
2024-11-29,25.15
2024-11-29,25.15
2024-11-29,25.15
2024-11-29,25.15
2024-11-29,25.15
2024-12-02,25.15
2024-12-02,25.15
2024-12-02,25.15
2024-12-02,25.15
2024-12-02,25.15
2024-12-03,25.15
2024-12-03,25.15
2024-12-03,25.15
2024-12-03,25.15
2024-12-03,25.15
2024-12-04,25.15
2024-12-04,25.15
2024-12-04,25.15
2024-12-04,25.15
2024-12-04,25.15
2024-12-05,25.15
2024-12-05,25.15
2024-12-05,25.15
2024-12-05,25.15
2024-12-05,25.15
2024-12-06,25.15
2024-12-06,25.15
2024-12-06,25.15
2024-12-06,25.15
2024-12-06,25.01
2024-12-09,25.01
2024-12-09,25.01
2024-12-09,25.01
2024-12-09,25.01
2024-12-09,25.01
2024-12-10,25.01
2024-12-10,25.01
2024-12-10,25.01
2024-12-10,25.01
2024-12-10,25.01
2024-12-11,25.01
2024-12-11,25.01
2024-12-11,25.01
2024-12-11,25.01
2024-12-11,25.01
2024-12-12,25.01
2024-12-12,25.01
2024-12-12,25.01
2024-12-12,25.01
2024-12-12,25.5
2024-12-13,25.5
2024-12-13,25.5
2024-12-13,25.5
2024-12-13,25.5
2024-12-13,25.5
2024-12-16,25.5
2024-12-16,25.5
2024-12-16,25.5
2024-12-16,25.5
2024-12-16,25.5
2024-12-18,25.5
2024-12-18,25.5
2024-12-18,25.5
2024-12-18,25.5
2024-12-18,25.5
2024-12-19,25.5
2024-12-19,25.5
2024-12-19,25.5
2024-12-19,25.5
2024-12-19,25.5
2024-12-20,25.5
2024-12-20,25.5
2024-12-20,25.5
2024-12-20,25.5
2024-12-20,24.1
2024-12-23,24.1
2024-12-23,24.1
2024-12-23,24.1
2024-12-23,24.1
2024-12-23,24.1
2024-12-24,24.1
2024-12-24,24.1
2024-12-24,24.1
2024-12-24,24.1
2024-12-24,24.1
2024-12-25,24.1
2024-12-25,24.1
2024-12-25,24.1
2024-12-25,24.1
2024-12-25,24.1
2024-12-26,24.1
2024-12-26,24.1
2024-12-26,24.1
2024-12-26,24.1
2024-12-26,24.1
2024-12-27,24.1
2024-12-27,24.1
2024-12-27,24.1
2024-12-27,24.1
2024-12-27,24.1
2024-12-30,24.1
2024-12-30,24.1
2024-12-30,24.1
2024-12-30,24.1
2024-12-30,24.1
2024-12-31,24.1
2024-12-31,24.1
2024-12-31,24.1
2024-12-31,24.1
2024-12-31,24.1
2025-01-01,24.1
2025-01-01,24.1
2025-01-01,24.1
2025-01-01,24.1
2025-01-01,24.1
2025-01-03,24.1
2025-01-03,24.1
2025-01-03,24.1
2025-01-03,24.1
2025-01-03,24.1
2025-01-06,24.1
2025-01-06,24.1
2025-01-06,24.1
2025-01-06,24.1
2025-01-06,24.5
2025-01-07,24.5
2025-01-07,24.5
2025-01-07,24.5
2025-01-07,24.5
2025-01-07,24.5
2025-01-08,24.5
2025-01-08,24.5
2025-01-08,24.5
2025-01-08,24.5
2025-01-08,24.5
2025-01-09,24.5
2025-01-09,24.5
2025-01-09,24.5
2025-01-09,24.5
2025-01-09,24.5
2025-01-10,24.5
2025-01-10,24.5
2025-01-10,24.5
2025-01-10,24.5
2025-01-10,24.5
2025-01-13,24.5
2025-01-13,24.5
2025-01-13,24.5
2025-01-13,24.5
2025-01-13,25.76
2025-01-14,25.76
2025-01-14,25.76
2025-01-14,25.76
2025-01-14,25.76
2025-01-14,25.76
2025-01-15,25.76
2025-01-15,25.76
2025-01-15,25.76
2025-01-15,25.76
2025-01-15,25.76
2025-01-16,25.76
2025-01-16,25.76
2025-01-16,25.76
2025-01-16,25.76
2025-01-16,25.76
2025-01-17,25.76
2025-01-17,25.76
2025-01-17,25.76
2025-01-17,25.76
2025-01-17,25.76
2025-01-20,25.76
2025-01-20,25.76
2025-01-20,25.76
2025-01-20,25.76
2025-01-20,25.76
2025-01-21,25.76
2025-01-21,25.76
2025-01-21,25.76
2025-01-21,25.76
2025-01-21,25.76
2025-01-22,25.76
2025-01-22,25.76
2025-01-22,25.76
2025-01-22,25.76
2025-01-22,25.76
2025-01-23,25.76
2025-01-23,25.76
2025-01-23,25.76
2025-01-23,25.76
2025-01-23,25.76
2025-01-24,25.76
2025-01-24,25.76
2025-01-24,25.76
2025-01-24,25.76
2025-01-27,25.76
2025-01-27,25.76
2025-01-27,25.76
2025-01-27,25.76
2025-01-27,25.76
2025-01-28,25.76
2025-01-28,25.76
2025-01-28,25.76
2025-01-28,25.76
2025-01-28,25.76
2025-01-29,25.76
2025-01-29,25.76
2025-01-29,25.76
2025-01-29,25.76
2025-01-29,25.76
2025-01-31,25.76
2025-01-31,25.76
2025-01-31,25.76
2025-01-31,25.76
2025-01-31,25.76
2025-02-03,25.76
2025-02-03,25.76
2025-02-03,25.76
2025-02-03,25.76
2025-02-03,25.76
2025-02-04,25.76
2025-02-04,25.76
2025-02-04,25.76
2025-02-04,25.76
2025-02-04,25.76
2025-02-05,25.76
2025-02-05,25.76
2025-02-05,25.76
2025-02-05,25.76
2025-02-05,25.76
2025-02-06,25.76
2025-02-06,25.76
2025-02-06,25.76
2025-02-06,25.76
2025-02-06,25.76
2025-02-07,25.76
2025-02-07,25.76
2025-02-07,25.76
2025-02-07,25.76
2025-02-07,25.76
2025-02-10,25.76
2025-02-10,25.76
2025-02-10,25.76
2025-02-10,25.76
2025-02-10,25.76
2025-02-11,25.76
2025-02-11,25.76
2025-02-11,25.76
2025-02-11,25.76
2025-02-11,25.76
2025-02-12,25.76
2025-02-12,25.76
2025-02-12,25.76
2025-02-12,25.76
2025-02-12,25.76
2025-02-13,25.76
2025-02-13,25.76
2025-02-13,25.76
2025-02-13,25.76
2025-02-13,25.76
2025-02-14,25.76
2025-02-14,25.76
2025-02-14,25.76
2025-02-14,25.76
2025-02-14,25.76
2025-02-17,25.76
2025-02-17,25.76
2025-02-17,25.76
2025-02-17,25.76
2025-02-17,25.76
2025-02-18,25.76
2025-02-18,25.76
2025-02-18,25.76
2025-02-18,25.76
2025-02-18,25.76
2025-02-19,25.76
2025-02-19,25.76
2025-02-19,25.76
2025-02-19,25.76
2025-02-19,25.76
2025-02-20,25.76
2025-02-20,25.76
2025-02-20,25.76
2025-02-20,25.76
2025-02-20,25.76
2025-02-24,25.76
2025-02-24,25.76
2025-02-24,25.76
2025-02-24,25.76
2025-02-24,25.76
2025-02-25,25.76
2025-02-25,25.76
2025-02-25,25.76
2025-02-25,25.76
2025-02-25,25.76
2025-02-26,25.76
2025-02-26,25.76
2025-02-26,25.76
2025-02-26,25.76
2025-02-26,25.76
2025-02-27,25.76
2025-02-27,25.76
2025-02-27,25.76
2025-02-27,25.76
2025-02-27,25.76
2025-03-03,25.76
2025-03-03,25.76
2025-03-03,25.76
2025-03-03,25.76
2025-03-03,25.76
2025-03-04,25.76
2025-03-04,25.76
2025-03-04,25.76
2025-03-04,25.76
2025-03-04,25.76
2025-03-05,25.76
2025-03-05,25.76
2025-03-05,25.76
2025-03-05,25.76
2025-03-05,25.76
2025-03-06,25.76
2025-03-06,25.76
2025-03-06,25.76
2025-03-06,25.76
2025-03-06,25.76
2025-03-07,25.76
2025-03-07,25.76
2025-03-07,25.76
2025-03-07,25.76
2025-03-07,25.76
2025-03-10,25.76
2025-03-10,25.76
2025-03-10,25.76
2025-03-10,25.76
2025-03-10,25.76
2025-03-11,25.76
2025-03-11,25.76
2025-03-11,25.76
2025-03-11,25.76
2025-03-11,25.76
2025-03-12,25.76
2025-03-12,25.76
2025-03-12,25.76
2025-03-12,25.76
2025-03-12,25.76
2025-03-13,25.76
2025-03-13,25.76
2025-03-13,25.76
2025-03-13,25.76
2025-03-13,25.76
2025-03-14,25.76
2025-03-14,25.76
2025-03-14,25.76
2025-03-14,25.76
2025-03-14,25.79
2025-03-17,25.79
2025-03-17,25.79
2025-03-17,25.79
2025-03-17,25.79
2025-03-17,25.79
2025-03-18,25.79
2025-03-18,25.79
2025-03-18,25.79
2025-03-18,25.79
2025-03-18,25.79
2025-03-19,25.79
2025-03-19,25.79
2025-03-19,25.79
2025-03-19,25.79
2025-03-19,25.76
2025-03-20,25.76
2025-03-20,25.76
2025-03-20,25.76
2025-03-20,25.76
2025-03-20,25
2025-03-21,25
2025-03-21,25
2025-03-21,25
2025-03-21,25
2025-03-21,25
2025-03-24,25
2025-03-24,25
2025-03-24,25
2025-03-24,25
2025-03-24,25
2025-03-25,25
2025-03-25,25
2025-03-26,25
2025-03-26,25
2025-03-26,25
2025-03-26,25
2025-03-26,25
2025-03-27,25
2025-03-27,25
2025-03-27,25
2025-03-27,25
2025-03-27,25
2025-03-28,25
2025-03-28,25
2025-03-28,25
2025-03-28,25
2025-03-28,28.75
2025-03-31,28.75
2025-03-31,28.75
2025-03-31,28.75
2025-03-31,28.75
2025-03-31,33.06
2025-04-01,33.06
2025-04-01,33.06
2025-04-01,33.06
2025-04-01,33.06
2025-04-01,38.02
2025-04-02,38.02
2025-04-02,38.02
2025-04-02,38.02
2025-04-02,38.02
2025-04-02,39.9
2025-04-03,39.9
2025-04-03,39.9
2025-04-03,39.9
2025-04-03,39.9
2025-04-03,35.11
2025-04-04,35.11
2025-04-04,35.11
2025-04-04,35.11
2025-04-04,35.11
2025-04-04,36.32
2025-04-07,36.32
2025-04-07,36.32
2025-04-07,36.32
2025-04-07,36.32
2025-04-07,34.62
2025-04-08,34.62
2025-04-08,34.62
2025-04-08,34.62
2025-04-08,34.62
2025-04-08,33.27
2025-04-09,33.27
2025-04-09,33.27
2025-04-09,33.27
2025-04-09,33.27
2025-04-09,36.87
2025-04-10,24.58
2025-04-10,24.58
2025-04-10,24.58
2025-04-10,24.58
2025-04-10,24.58
2025-04-11,24.58
2025-04-11,24.58
2025-04-11,24.58
2025-04-11,24.58
2025-04-11,22.87
2025-04-14,22.87
2025-04-14,22.87
2025-04-14,22.87
2025-04-14,22.87
2025-04-14,20.07
2025-04-15,20.07
2025-04-15,20.07
2025-04-15,20.07
2025-04-15,20.07
2025-04-15,20.07
2025-04-16,20.07
2025-04-16,20.07
2025-04-16,20.07
2025-04-16,20.07
2025-04-16,17.5
2025-04-17,17.5
2025-04-17,17.5
2025-04-17,17.5
2025-04-17,17.5
2025-04-17,17.5
2025-04-18,17.5
2025-04-18,17.5
2025-04-18,17.5
2025-04-18,17.5
2025-04-18,17.5
2025-04-21,17.5
2025-04-21,17.5
2025-04-21,17.5
2025-04-21,17.5
2025-04-21,17.5
2025-04-22,17.5
2025-04-22,17.5
2025-04-22,17.5
2025-04-22,17.5
2025-04-22,18
2025-04-23,18
2025-04-23,18
2025-04-23,18
2025-04-23,18
2025-04-23,18
2025-04-24,18
2025-04-24,18
2025-04-24,18
2025-04-24,18
2025-04-24,18
2025-04-25,18
2025-04-25,18
2025-04-25,18
2025-04-25,18
2025-04-25,18
2025-04-28,18
2025-04-28,18
2025-04-28,18
2025-04-28,18
2025-04-28,18
2025-04-29,18
2025-04-29,18
2025-04-29,18
2025-04-29,18
2025-04-29,18
2025-04-30,18
2025-04-30,18
2025-04-30,18
2025-04-30,18
2025-04-30,18
2025-05-01,18
2025-05-01,18
2025-05-01,18
2025-05-01,18
2025-05-01,18
2025-05-05,18
2025-05-05,18
2025-05-05,18
2025-05-05,18
2025-05-06,18
2025-05-06,18
2025-05-06,18
2025-05-06,18
2025-05-08,18
2025-05-08,18
2025-05-08,18
2025-05-08,19.9
2025-05-09,19.9
2025-05-09,19.9
2025-05-09,19.9
2025-05-09,19.9
2025-05-09,19.9
2025-05-12,19.9
2025-05-12,19.9
2025-05-12,19.9
2025-05-12,19.9
2025-05-12,19.9
2025-05-13,19.9
2025-05-13,19.9
2025-05-13,19.9
2025-05-13,19.9
2025-05-13,19.9
2025-05-14,19.9
2025-05-14,19.9
2025-05-14,19.9
2025-05-14,19.9
2025-05-14,19.9
2025-05-15,19.9
2025-05-15,19.9
2025-05-15,19.9
2025-05-15,19.9
2025-05-15,19.9
2025-05-16,19.9
2025-05-16,19.9
2025-05-16,19.9
2025-05-16,19.9
2025-05-16,19.9
2025-05-19,19.9
2025-05-19,19.9
2025-05-19,19.9
2025-05-19,19.9
2025-05-19,19.9
2025-05-20,19.9
2025-05-20,19.9
2025-05-20,19.9
2025-05-20,19.9
2025-05-20,19.9
2025-05-21,19.9
2025-05-21,19.9
2025-05-21,19.9
2025-05-21,19.9
2025-05-21,19.9
2025-05-22,19.9
2025-05-22,19.9
2025-05-22,19.9
2025-05-22,19.9
2025-05-22,19.9
2025-05-23,19.9
2025-05-23,19.9
2025-05-23,19.9
2025-05-23,19.9
2025-05-23,19.9
2025-05-26,19.9
2025-05-26,19.9
2025-05-26,19.9
2025-05-26,19.9
2025-05-26,18.06
2025-05-27,18.06
2025-05-27,18.06
2025-05-27,18.06
2025-05-27,18.06
2025-05-27,18.06
2025-05-28,18.06
2025-05-28,18.06
2025-05-28,18.06
2025-05-28,18.06
2025-05-28,17.49
2025-05-29,17.49
2025-05-29,17.49
2025-05-29,17.49
2025-05-29,17.49
2025-05-29,17.49
2025-05-30,17.49
2025-05-30,17.49
2025-05-30,17.49
2025-05-30,17.49
2025-05-30,17.49
2025-06-02,17.49
2025-06-02,17.49
2025-06-02,17.49
2025-06-02,17.49
2025-06-02,17.66
2025-06-03,17.66
2025-06-03,17.66
2025-06-03,17.66
2025-06-03,17.66
2025-06-03,17.66
2025-06-04,17.66
2025-06-04,17.66
2025-06-04,17.66
2025-06-04,17.66
2025-06-04,17.66
2025-06-05,17.66
2025-06-05,17.66
2025-06-05,17.66
2025-06-05,17.66
2025-06-05,17.66
2025-06-06,17.66
2025-06-06,17.66
2025-06-06,17.66
2025-06-06,17.66
2025-06-06,17.66
2025-06-09,17.66
2025-06-09,17.66
2025-06-09,17.66
2025-06-09,17.66
2025-06-09,17.66
2025-06-10,17.66
2025-06-10,17.66
2025-06-10,17.66
2025-06-10,17.66
2025-06-10,17.66
2025-06-12,17.66
2025-06-12,17.66
2025-06-12,17.66
2025-06-12,17.66
2025-06-12,17.66
2025-06-13,17.66
2025-06-13,17.66
2025-06-13,17.66
2025-06-13,17.66
2025-06-13,17.66
2025-06-16,17.66
2025-06-16,17.66
2025-06-16,17.66
2025-06-16,17.66
2025-06-16,17.66
2025-06-17,17.66
2025-06-17,17.66
2025-06-17,17.66
2025-06-17,17.66
2025-06-17,17.66
2025-06-18,17.66
2025-06-18,17.66
2025-06-18,17.66
2025-06-18,17.66
2025-06-18,17.66
2025-06-19,17.66
2025-06-19,17.66
2025-06-19,17.66
2025-06-19,17.66
2025-06-19,17.66
2025-06-20,17.66
2025-06-20,17.66
2025-06-20,17.66
2025-06-20,17.66
2025-06-20,17.66
2025-06-23,17.66
2025-06-23,17.66
2025-06-23,17.66
2025-06-23,17.66
2025-06-23,17.66
2025-06-24,17.66
2025-06-24,17.66
2025-06-24,17.66
2025-06-24,17.66
2025-06-24,17.66
2025-06-25,17.66
2025-06-25,17.66
2025-06-25,17.66
2025-06-25,17.66
2025-06-25,17.66
2025-06-26,17.66
2025-06-26,17.66
2025-06-26,17.66
2025-06-26,17.66
2025-06-26,17.66
2025-06-27,17.66
2025-06-27,17.66
2025-06-27,17.66
2025-06-27,17.66
2025-06-27,17.66
2025-06-30,17.66
2025-06-30,17.66
2025-06-30,17.66
2025-06-30,17.66
2025-06-30,17.66
2025-07-01,17.66
2025-07-01,17.66
2025-07-01,17.66
2025-07-01,17.66
2025-07-01,17.66
2025-07-02,17.66
2025-07-02,17.66
2025-07-02,17.66
2025-07-02,17.66
2025-07-02,17.66
2025-07-03,17.66
2025-07-03,17.66
2025-07-03,17.66
2025-07-03,17.66
2025-07-03,17.66
2025-07-04,17.66
2025-07-04,17.66
2025-07-04,17.66
2025-07-04,17.66
2025-07-04,17.66
2025-07-07,17.66
2025-07-07,17.66
2025-07-07,17.66
2025-07-07,17.66
2025-07-07,17.66
2025-07-08,17.66
2025-07-08,17.66
2025-07-08,17.66
2025-07-08,17.66
2025-07-08,17.66
2025-07-09,17.66
2025-07-09,17.66
2025-07-09,17.66
2025-07-09,17.66
2025-07-09,17.66
2025-07-10,17.66
2025-07-10,17.66
2025-07-10,17.66
2025-07-10,17.66
2025-07-10,17.66
2025-07-11,17.66
2025-07-11,17.66
2025-07-11,17.66
2025-07-11,17.66
2025-07-11,17.66
2025-07-14,17.66
2025-07-14,17.66
2025-07-14,17.66
2025-07-14,17.66
2025-07-14,17.66
2025-07-15,17.66
2025-07-15,17.66
2025-07-15,17.66
2025-07-15,17.66
2025-07-15,17.66
2025-07-16,17.66
2025-07-16,17.66
2025-07-16,17.66
2025-07-16,17.66
2025-07-16,17.66
2025-07-17,17.66
2025-07-17,17.66
2025-07-17,17.66
2025-07-17,17.66
2025-07-17,17.66
2025-07-18,17.66
2025-07-18,17.66
2025-07-18,17.66
2025-07-18,17.66
2025-07-18,17.66
2025-07-21,17.66
2025-07-21,17.66
2025-07-21,17.66
2025-07-21,17.66
2025-07-21,17.66
2025-07-22,17.66
2025-07-22,17.66
2025-07-22,17.66
2025-07-22,17.66
2025-07-22,17.66
2025-07-23,17.66
2025-07-23,17.66
2025-07-23,17.66
2025-07-23,17.66
2025-07-23,17.66
2025-07-24,17.66
2025-07-24,17.66
2025-07-24,17.66
2025-07-24,17.66
2025-07-24,17.66
2025-07-25,17.66
2025-07-25,17.66
2025-07-25,17.66
2025-07-25,17.66
2025-07-25,17.66
2025-07-29,17.66
2025-07-29,17.66
2025-07-29,17.66
2025-07-29,17.66
2025-07-29,17.66
2025-07-30,17.66
2025-07-30,17.66
2025-07-30,17.66
2025-07-30,17.66
2025-07-30,17.66
2025-07-31,17.66
2025-07-31,17.66
2025-07-31,17.66
2025-07-31,17.66
2025-07-31,17.66
2025-08-01,17.66
2025-08-01,17.66
2025-08-01,17.66
2025-08-01,17.66
2025-08-01,17.66
2025-08-04,17.66
2025-08-04,17.66
2025-08-04,17.66
2025-08-04,17.66
2025-08-04,17.66
2025-08-05,17.66
2025-08-05,17.66
2025-08-05,17.66
2025-08-05,17.66
2025-08-05,17.66
2025-08-06,17.66
2025-08-06,17.66
2025-08-06,17.66
2025-08-06,17.66
2025-08-06,17.96
2025-08-07,17.96
2025-08-07,17.96
2025-08-07,17.96
2025-08-07,17.96
2025-08-07,17.99
2025-08-08,17.99
2025-08-08,17.99
2025-08-08,17.99
2025-08-08,17.99
2025-08-08,17.99
2025-08-11,17.99
2025-08-11,17.99
2025-08-11,17.99
2025-08-11,17.99
2025-08-11,18
2025-08-12,18
2025-08-12,18
2025-08-12,18
2025-08-12,18
2025-08-12,18.01
2025-08-13,18.01
2025-08-13,18.01
2025-08-13,18.01
2025-08-13,18.01
2025-08-13,18.01
2025-08-14,18.01
2025-08-14,18.01
2025-08-14,18.01
2025-08-14,18.01
2025-08-14,18
2025-08-15,18
2025-08-15,18
2025-08-15,18
2025-08-15,18
2025-08-15,18
2025-08-18,18
2025-08-18,18
2025-08-18,18
2025-08-18,18
2025-08-18,18
2025-08-19,18
2025-08-19,18
2025-08-19,18
2025-08-19,18
2025-08-19,18
2025-08-20,18
2025-08-20,18
2025-08-20,18
2025-08-20,18
2025-08-20,18
2025-08-21,18
2025-08-21,18
2025-08-21,18
2025-08-21,18
2025-08-21,18
2025-08-22,18
2025-08-22,18
2025-08-22,18
2025-08-22,18
2025-08-22,18
2025-08-25,18
2025-08-25,18
2025-08-25,18
2025-08-25,18
2025-08-25,18
2025-08-26,18
2025-08-26,18
2025-08-26,18
2025-08-26,18
2025-08-26,18
2025-08-27,18
2025-08-27,18
2025-08-27,18
2025-08-27,18
2025-08-27,18
2025-08-28,18
2025-08-28,18
2025-08-28,18
2025-08-28,18
2025-08-28,18
2025-08-29,18
2025-08-29,18
2025-08-29,18
2025-08-29,18
2025-08-29,18
2025-09-01,18
2025-09-01,18
2025-09-01,18
2025-09-01,18
2025-09-01,18
2025-09-02,18
2025-09-02,18
2025-09-02,18
2025-09-02,18
2025-09-02,18
2025-09-03,18
2025-09-03,18
2025-09-03,18
2025-09-03,18
2025-09-03,18
2025-09-04,18
2025-09-04,18
2025-09-04,18
2025-09-04,18
2025-09-04,18
2025-09-05,18
2025-09-05,18
2025-09-05,18
2025-09-05,18
2025-09-05,18
2025-09-08,18
2025-09-08,18
2025-09-08,18
2025-09-08,18
2025-09-08,17.95
2025-09-09,17.95
2025-09-09,17.95
2025-09-09,17.95
2025-09-09,17.95
2025-09-09,17.95
2025-09-10,17.95
2025-09-10,17.95
2025-09-10,17.95
2025-09-10,17.95
2025-09-10,17.95
2025-09-11,17.95
2025-09-11,17.95
2025-09-11,17.95
2025-09-11,17.95
2025-09-11,17.95
2025-09-12,17.95
2025-09-12,17.95
2025-09-12,17.95
2025-09-12,17.95
2025-09-12,17.95
2025-09-15,17.95
2025-09-15,17.95
2025-09-15,17.95
2025-09-15,17.95
2025-09-15,17.77
2025-09-16,17.77
2025-09-16,17.77
2025-09-16,17.77
2025-09-16,17.77
2025-09-16,17.77
2025-09-17,17.77
2025-09-17,17.77
2025-09-17,17.77
2025-09-17,17.77
2025-09-17,17.77
2025-09-18,17.77
2025-09-18,17.77
2025-09-18,17.77
2025-09-18,17.77
2025-09-18,17.77
2025-09-19,17.77
2025-09-19,17.77
2025-09-19,17.77
2025-09-19,17.77
2025-09-19,17.77
2025-09-22,17.77
2025-09-22,17.77
2025-09-22,17.77
2025-09-22,17.77
2025-09-22,17.77
2025-09-24,17.77
2025-09-24,17.77
2025-09-24,17.77
2025-09-24,17.08
2025-09-25,17.08
2025-09-25,17.08
2025-09-25,17.08
2025-09-25,17.08
2025-09-25,17
2025-09-26,17
2025-09-26,17
2025-09-26,17
2025-09-26,17
2025-09-26,17
2025-09-29,17
2025-09-29,17
2025-09-29,17
2025-09-29,17
2025-09-29,17
2025-09-30,17
2025-09-30,17
2025-09-30,17
2025-09-30,17
2025-09-30,17
2025-10-01,17
2025-10-01,17
2025-10-01,17
2025-10-01,17
2025-10-01,17
2025-10-06,17
2025-10-06,17
2025-10-06,17
2025-10-06,17
2025-10-06,17
2025-10-07,17
2025-10-07,17
2025-10-07,17
2025-10-07,17
2025-10-07,17
2025-10-08,17
2025-10-08,17
2025-10-08,17
2025-10-08,17
2025-10-08,17
2025-10-09,17
2025-10-09,17
2025-10-09,17
2025-10-09,17
2025-10-09,17
2025-10-10,17
2025-10-10,17
2025-10-10,17
2025-10-10,17
2025-10-10,17
2025-10-13,17
2025-10-13,17
2025-10-13,17
2025-10-13,17
2025-10-13,17
2025-10-14,17
2025-10-14,17
2025-10-14,17
2025-10-14,17
2025-10-14,17
2025-10-15,17
2025-10-15,17
2025-10-15,17
2025-10-15,17
2025-10-15,17
2025-10-16,17
2025-10-16,17
2025-10-16,17
2025-10-16,17
2025-10-16,17
2025-10-17,17
2025-10-17,17
2025-10-17,17
2025-10-17,17
2025-10-17,17
2025-10-20,17
2025-10-20,17
2025-10-20,17
2025-10-20,17
2025-10-20,17
2025-10-21,17
2025-10-21,17
2025-10-21,17
2025-10-21,17
2025-10-21,17
2025-10-22,17
2025-10-22,17
2025-10-22,17
2025-10-22,17
2025-10-22,17
2025-10-23,17
2025-10-23,17
2025-10-23,17
2025-10-23,17
2025-10-23,17
2025-10-24,17
2025-10-24,17
2025-10-24,17
2025-10-24,17
2025-10-24,17
2025-10-27,17
2025-10-27,17
2025-10-27,17
2025-10-27,17
2025-10-27,17
2025-10-28,17
2025-10-28,17
2025-10-28,17
2025-10-28,17
2025-10-28,17
2025-10-29,17
2025-10-29,17
2025-10-29,17
2025-10-29,17
2025-10-29,17
2025-10-30,17
2025-10-30,17
2025-10-30,17
2025-10-30,17
2025-10-30,17
2025-10-31,17
2025-10-31,17
2025-10-31,17
2025-10-31,17
2025-10-31,17
2025-11-03,17
2025-11-03,17
2025-11-03,17
2025-11-03,17
2025-11-03,17
2025-11-04,17
2025-11-04,17
2025-11-04,17
2025-11-04,17
2025-11-04,17
2025-11-05,17
2025-11-05,17
2025-11-05,17
2025-11-05,17
2025-11-05,17
2025-11-06,17
2025-11-06,17
2025-11-06,17
2025-11-06,17
2025-11-06,17
2025-11-07,17
2025-11-07,17
2025-11-07,17
2025-11-07,17
2025-11-07,17
2025-11-10,17
2025-11-10,17
2025-11-10,17
2025-11-10,17
2025-11-10,17
2025-11-17,17
2025-11-17,17
2025-11-17,17
2025-11-17,17
2025-11-17,17
2025-11-18,17
2025-11-18,17
2025-11-18,17
2025-11-18,17
2025-11-18,17
2025-11-19,17
2025-11-19,17
2025-11-19,17
2025-11-19,17
2025-11-19,17
2025-11-20,17
2025-11-20,17
2025-11-20,17
2025-11-20,17
2025-11-20,17
2025-11-21,17
2025-11-21,17
2025-11-21,17
2025-11-21,17
2025-11-21,17
2025-11-24,17
2025-11-24,17
2025-11-24,17
2025-11-24,17
2025-11-24,17
2025-11-25,17
2025-11-25,17
2025-11-25,17
2025-11-25,17
2025-11-25,17
2025-11-26,17
2025-11-26,17
2025-11-26,17
2025-11-26,17
2025-11-26,17
2025-11-27,17
2025-11-27,17
2025-11-27,17
2025-11-27,17
2025-11-27,17
2025-11-28,17
2025-11-28,17
2025-11-28,17
2025-11-28,17
2025-11-28,17
2025-12-01,17
2025-12-01,17
2025-12-01,17
2025-12-01,17
2025-12-01,17
2025-12-02,17
2025-12-02,17
2025-12-02,17
2025-12-02,17
2025-12-02,17
2025-12-03,17
2025-12-03,17
2025-12-03,17
2025-12-03,17
2025-12-03,17
2025-12-04,17
2025-12-04,17
2025-12-04,17
2025-12-04,17
2025-12-04,17
2025-12-05,17
2025-12-05,17
2025-12-05,17
2025-12-05,17
2025-12-05,17
2025-12-08,17
2025-12-08,17
2025-12-08,17
2025-12-08,17
2025-12-08,17
2025-12-09,17
2025-12-09,17
2025-12-09,17
2025-12-09,17
2025-12-09,17
2025-12-10,17
2025-12-10,17
2025-12-10,17
2025-12-10,17
2025-12-10,17
2025-12-11,17
2025-12-11,17
2025-12-11,17
2025-12-11,17
2025-12-11,16
2025-12-12,16
2025-12-12,16
2025-12-12,16
2025-12-12,16
2025-12-12,16
2025-12-15,16
2025-12-15,16
2025-12-15,16
2025-12-15,16
2025-12-15,16
2025-12-16,16
2025-12-16,16
2025-12-16,16
2025-12-16,16
2025-12-16,16
2025-12-18,16
2025-12-18,16
2025-12-18,16
2025-12-18,16
2025-12-18,16
2025-12-19,16
2025-12-19,16
2025-12-19,16
2025-12-19,16
2025-12-19,16
2025-12-22,16
2025-12-22,16
2025-12-22,16
2025-12-22,16
2025-12-22,16
2025-12-23,16
2025-12-23,16
2025-12-23,16
2025-12-23,16
2025-12-23,16
2025-12-24,16
2025-12-24,16
2025-12-24,16
2025-12-24,16
2025-12-24,16
2025-12-25,16
2025-12-25,16
2025-12-25,16
2025-12-25,16
2025-12-25,16
2025-12-26,16
2025-12-26,16
2025-12-26,16
2025-12-26,16
2025-12-26,16
2025-12-29,16
2025-12-29,16
2025-12-29,16
2025-12-29,16
2025-12-29,16
2025-12-30,16
2025-12-30,16
2025-12-30,16
2025-12-30,16
2025-12-30,16
2025-12-31,16
2025-12-31,16
2025-12-31,16
2025-12-31,16
2025-12-31,16
2026-01-01,16
2026-01-01,16
2026-01-01,16
2026-01-01,16
2026-01-01,16
2026-01-05,16
2026-01-05,16
2026-01-05,16
2026-01-05,16
2026-01-05,16
2026-01-06,16
2026-01-06,16
2026-01-06,16
2026-01-06,16
2026-01-06,16
2026-01-07,16
2026-01-07,16
2026-01-07,16
2026-01-07,16
2026-01-07,16
2026-01-08,16
2026-01-08,16
2026-01-08,16
2026-01-08,16
2026-01-08,16
2026-01-09,16
2026-01-09,16
2026-01-09,16
2026-01-09,16
2026-01-09,16
2026-01-12,16
2026-01-12,16
2026-01-12,16
2026-01-12,16
2026-01-12,16
2026-01-13,16
2026-01-13,16
2026-01-13,16
2026-01-13,16
2026-01-13,16
2026-01-14,16
2026-01-14,16
2026-01-14,16
2026-01-14,16
2026-01-14,16
2026-01-15,16
2026-01-15,16
2026-01-15,16
2026-01-15,16
2026-01-15,16
2026-01-16,16
2026-01-16,16
2026-01-16,16
2026-01-16,16
2026-01-16,16
2026-01-20,16
2026-01-20,16
2026-01-20,16
2026-01-20,16
2026-01-20,16
2026-01-21,16
2026-01-21,16
2026-01-21,16
2026-01-21,16
2026-01-21,16
2026-01-22,16
2026-01-22,16
2026-01-22,16
2026-01-22,16
2026-01-22,16
2026-01-23,16
2026-01-23,16
2026-01-23,16
2026-01-23,16
2026-01-23,16
2026-01-26,16
2026-01-26,16
2026-01-26,16
2026-01-26,16
2026-01-26,16
2026-01-27,16
2026-01-27,16
2026-01-27,16
2026-01-27,16
2026-01-27,16
2026-01-28,16
2026-01-28,16
2026-01-28,16
2026-01-28,16
2026-01-28,16
2026-01-29,16
2026-01-29,16
2026-01-29,16
2026-01-29,16
2026-01-29,16
2026-01-30,16
2026-01-30,16
2026-01-30,16
2026-01-30,16
2026-01-30,16
2026-02-02,16
2026-02-02,16
2026-02-02,16
2026-02-02,16
2026-02-02,16
2026-02-03,16
2026-02-03,16
2026-02-03,16
2026-02-03,16
2026-02-03,16
2026-02-04,16
2026-02-04,16
2026-02-04,16
2026-02-04,16
2026-02-04,16
2026-02-05,16
2026-02-05,16
2026-02-05,16
2026-02-05,16
2026-02-05,16
2026-02-06,16
2026-02-06,16
2026-02-06,16
2026-02-06,16
2026-02-06,16
2026-02-09,16
2026-02-09,16
2026-02-09,16
2026-02-09,16
2026-02-09,16
2026-02-10,16
2026-02-10,16
2026-02-10,16
2026-02-10,16
2026-02-10,16
2026-02-11,16
2026-02-11,16
2026-02-11,16
2026-02-11,16
2026-02-11,16
2026-02-12,16
2026-02-12,16
2026-02-12,16
2026-02-12,16
2026-02-12,16
2026-02-13,16
2026-02-13,16
2026-02-13,16
2026-02-13,16
2026-02-13,16
2026-02-16,16
2026-02-16,16
2026-02-16,16
2026-02-16,16
2026-02-16,16
2026-02-17,16
2026-02-17,16
2026-02-17,16
2026-02-17,16
2026-02-17,16
2026-02-20,16
2026-02-20,16
2026-02-20,16
2026-02-20,16
2026-02-20,16
2026-02-24,16
2026-02-24,16
2026-02-24,16
2026-02-24,16
2026-02-24,16
2026-02-25,16
2026-02-25,16
2026-02-25,16
2026-02-25,16
2026-02-25,16
2026-02-26,16
2026-02-26,16
2026-02-26,16
2026-02-26,16
2026-02-26,16
2026-02-27,16
2026-02-27,16
2026-02-27,16
2026-02-27,16
2026-02-27,14.05
2026-03-02,14.05
2026-03-02,14.05
2026-03-02,14.05
2026-03-02,14.05
2026-03-02,14.05
2026-03-03,14.05
2026-03-03,14.05
2026-03-03,14.05
2026-03-03,14.05
2026-03-03,14.05
2026-03-04,14.05
2026-03-04,14.05
2026-03-04,14.05
2026-03-04,14.05
2026-03-04,14.05
2026-03-05,14.05
2026-03-05,14.05
2026-03-05,14.05
2026-03-05,14.05
2026-03-05,14.05
2026-03-06,14.05
2026-03-06,14.05
2026-03-06,14.05
2026-03-06,14.05
2026-03-06,14.05
2026-03-09,14.05
2026-03-09,14.05
2026-03-09,14.05
2026-03-09,14.05
2026-03-09,14.05
2026-03-10,14.05
2026-03-10,14.05
2026-03-10,14.05
2026-03-10,14.05
2026-03-10,14.05
2026-03-11,14.05
2026-03-11,14.05
2026-03-11,14.05
2026-03-11,14.05
2026-03-11,14.05
2026-03-12,14.05
2026-03-12,14.05
2026-03-12,14.05
2026-03-12,14.05
2026-03-12,14.05
2026-03-13,14.05
2026-03-13,14.05
2026-03-13,14.05
2026-03-13,14.05
2026-03-13,14.05
2026-03-16,14.05
2026-03-16,14.05
2026-03-16,14.05
2026-03-16,14.05
2026-03-16,14.05
2026-03-17,14.05
2026-03-17,14.05
2026-03-17,14.05
2026-03-17,14.05
2026-03-17,14.05
2026-03-18,14.05
2026-03-18,14.05
2026-03-18,14.05
2026-03-18,14.05
2026-03-18,14.05
2026-03-19,14.05
2026-03-19,14.05
2026-03-19,14.05
2026-03-19,14.05
2026-03-19,14.05
2026-03-20,14.05
2026-03-20,14.05
2026-03-20,14.05
2026-03-20,14.05
2026-03-20,14.05
2026-03-23,14.05
2026-03-23,14.05
2026-03-23,14.05
2026-03-23,14.05
2026-03-23,14.05
2026-03-24,14.05
2026-03-24,14.05
2026-03-24,14.05
2026-03-24,14.05
2026-03-24,14.05
2026-03-25,14.05
2026-03-25,14.05
2026-03-25,14.05
2026-03-25,14.05
2026-03-25,14.05
2026-03-26,14.05
2026-03-26,14.05
2026-03-26,14.05
2026-03-26,14.05
2026-03-26,14.05
2026-03-27,14.05
2026-03-27,14.05
2026-03-27,14.05
2026-03-27,14.05
2026-03-27,14.05
2026-03-30,14.05
2026-03-30,14.05
2026-03-30,14.05
2026-03-30,14.05
2026-03-30,14.05
2026-03-31,14.05
2026-03-31,14.05
2026-03-31,14.05
2026-03-31,14.05
2026-03-31,14.05
2026-04-01,14.05
2026-04-01,14.05
2026-04-01,14.05
2026-04-01,14.05
2026-04-01,14.05
2026-04-02,14.05
2026-04-02,14.05
2026-04-02,14.05
2026-04-02,14.05
2026-04-02,14.05
2026-04-03,14.05
2026-04-03,14.05
2026-04-03,14.05
2026-04-03,14.05
2026-04-06,14.05
2026-04-06,14.05
2026-04-06,14.05
2026-04-06,14.05
2026-04-06,14.05
2026-04-07,14.05
2026-04-07,14.05
2026-04-07,14.05
2026-04-07,14.05
2026-04-07,14.05
2026-04-08,14.05
2026-04-08,14.05
2026-04-08,14.05
2026-04-08,14.05
2026-04-08,14.05
2026-04-09,14.05
2026-04-09,14.05
2026-04-09,14.05
2026-04-09,14.05
2026-04-09,14.05
2026-04-10,14.05
2026-04-10,14.05
2026-04-10,14.05
2026-04-10,14.05
2026-04-10,14.05
2026-04-13,14.05
2026-04-13,14.05
2026-04-13,14.05
2026-04-13,14.05
2026-04-13,14.05
2026-04-14,14.05
2026-04-14,14.05
2026-04-14,14.05
2026-04-14,14.05
2026-04-14,14.05
2026-04-15,14.05
2026-04-15,14.05
2026-04-15,14.05
2026-04-15,14.05
2026-04-15,14.05
2026-04-16,14.05
2026-04-16,14.05
2026-04-16,14.05
2026-04-16,14.05
2026-04-16,14.05
2026-04-17,14.05
2026-04-17,14.05
2026-04-17,14.05
2026-04-17,14.05
2026-04-17,14.05
2026-04-20,14.05
2026-04-20,14.05
2026-04-20,14.05
2026-04-20,14.05
2026-04-20,14.05
2026-04-21,14.05
2026-04-21,14.05
2026-04-21,14.05
2026-04-21,14.05
2026-04-21,14.05
2026-04-22,14.05
2026-04-22,14.05
2026-04-22,14.05
2026-04-22,14.05
2026-04-22,14.05
2026-04-23,14.05
2026-04-23,14.05
2026-04-23,14.05
2026-04-23,14.05
2026-04-23,14.05
2026-04-24,14.05
2026-04-24,14.05
2026-04-24,14.05
2026-04-24,14.05
2026-04-24,14.05
2026-04-27,14.05
2026-04-27,14.05
2026-04-27,14.05
2026-04-27,14.05
2026-04-27,14.5
2026-04-28,14.5
2026-04-28,14.5
2026-04-28,14.5
2026-04-28,14.5
2026-04-28,14.5
2026-04-29,14.5
2026-04-29,14.5
2026-04-29,14.5
2026-04-29,14.5
2026-04-29,14.5
2026-04-30,14.5
2026-04-30,14.5
2026-04-30,14.5
2026-04-30,14.5
2026-04-30,14.5
2026-05-01,14.5
2026-05-01,14.5
2026-05-01,14.5
2026-05-01,14.5
2026-05-01,14.5
2026-05-04,14.5
2026-05-04,14.5
2026-05-04,14.5
2026-05-04,14.5
2026-05-04,14.5
2026-05-05,14.5
2026-05-05,14.5
2026-05-05,14.5
2026-05-05,14.5
2026-05-05,14.5
2026-05-06,14.5
2026-05-06,14.5
2026-05-06,14.5
2026-05-06,14.5
2026-05-06,14.5
2026-05-07,14.5
2026-05-07,14.5
2026-05-07,14.5
2026-05-07,14.5
2026-05-07,14.5
2026-05-08,14.5
2026-05-08,14.5
2026-05-08,14.5
2026-05-08,14.5
2026-05-08,14.5
2026-05-11,14.5
2026-05-11,14.5
2026-05-11,14.5
2026-05-11,14.5
2026-05-11,14.5
2026-05-12,14.5
2026-05-12,14.5
2026-05-12,14.5
2026-05-12,14.5
2026-05-12,14.5
2026-05-13,14.5
2026-05-13,14.5
2026-05-13,14.5
2026-05-13,14.5
2026-05-13,14.5
2026-05-14,14.5
2026-05-14,14.5
2026-05-14,14.5
2026-05-14,14.5
2026-05-14,14
2026-05-15,14
2026-05-15,14
2026-05-15,14
2026-05-15,14
2026-05-15,14
2026-05-18,14
2026-05-18,14
2026-05-18,14
2026-05-18,14
2026-05-18,14
2026-05-19,14
2026-05-19,14
2026-05-19,14
2026-05-19,14
2026-05-19,14
2026-05-20,14
2026-05-20,14
2026-05-20,14
2026-05-20,14
2026-05-20,14
2026-05-21,14
2026-05-21,14
2026-05-21,14
2026-05-21,14
2026-05-21,14
2026-05-22,14
2026-05-22,14
2026-05-22,14
2026-05-22,14
2026-05-22,14
2026-05-25,14
2026-05-25,14
2026-05-25,14
2026-05-25,14
2026-05-25,14
2026-05-26,14
2026-05-26,14
2026-05-26,14
2026-05-26,14
2026-05-26,14
2026-05-27,14
2026-05-27,14
2026-05-27,14
2026-05-27,14
2026-05-27,14