Company,Date,Close,lag_1,lag_2,lag_3,lag_5,lag_10,diff_1,diff_2,diff_3,return_1,return_2,return_3,log_return_1,log_return_2,sma_3,sma_5,sma_10,ema_3,ema_5,ema_10,volatility_3,volatility_5,volatility_10,momentum_3,roc_3,momentum_5,roc_5,momentum_10,roc_10,roll_min_3,roll_max_3,roll_min_5,roll_max_5,roll_min_10,roll_max_10,range_position_3,range_position_5,range_position_10,day_of_week,month,day,future_close,future_diff,target,target_class
BFAL,2020-04-23,118.73,,,,,,,,,,,,,,,,,118.73,118.73,118.73,,,,,,,,,,,,,,,,,,,3,4,23,118.73,0.0,SAME,1.0
BFAL,2020-04-24,118.73,118.73,,,,,0.0,,,0.0,,,0.0,,,,,118.73,118.73,118.73,,,,,,,,,,,,,,,,,,,4,4,24,118.73,0.0,SAME,1.0
BFAL,2020-04-27,118.73,118.73,118.73,,,,0.0,0.0,,0.0,0.0,,0.0,0.0,118.73,,,118.73,118.73,118.73,,,,,,,,,,118.73,118.73,,,,,,,,0,4,27,118.73,0.0,SAME,1.0
BFAL,2020-04-28,118.73,118.73,118.73,118.73,,,0.0,0.0,0.0,0.0,0.0,0.0,0.0,0.0,118.73,,,118.73,118.73,118.73,0.0,,,0.0,0.0,,,,,118.73,118.73,,,,,,,,1,4,28,118.73,0.0,SAME,1.0
BFAL,2020-04-29,118.73,118.73,118.73,118.73,,,0.0,0.0,0.0,0.0,0.0,0.0,0.0,0.0,118.73,118.73,,118.73,118.73,118.73,0.0,,,0.0,0.0,,,,,118.73,118.73,118.73,118.73,,,,,,2,4,29,118.73,0.0,SAME,1.0
BFAL,2020-04-30,118.73,118.73,118.73,118.73,118.73,,0.0,0.0,0.0,0.0,0.0,0.0,0.0,0.0,118.73,118.73,,118.73,118.73,118.73,0.0,0.0,,0.0,0.0,0.0,0.0,,,118.73,118.73,118.73,118.73,,,,,,3,4,30,118.73,0.0,SAME,1.0
BFAL,2020-05-01,118.73,118.73,118.73,118.73,118.73,,0.0,0.0,0.0,0.0,0.0,0.0,0.0,0.0,118.73,118.73,,118.73,118.73,118.73,0.0,0.0,,0.0,0.0,0.0,0.0,,,118.73,118.73,118.73,118.73,,,,,,4,5,1,118.73,0.0,SAME,1.0
BFAL,2020-05-04,118.73,118.73,118.73,118.73,118.73,,0.0,0.0,0.0,0.0,0.0,0.0,0.0,0.0,118.73,118.73,,118.73,118.73,118.73,0.0,0.0,,0.0,0.0,0.0,0.0,,,118.73,118.73,118.73,118.73,,,,,,0,5,4,118.73,0.0,SAME,1.0
BFAL,2020-05-05,118.73,118.73,118.73,118.73,118.73,,0.0,0.0,0.0,0.0,0.0,0.0,0.0,0.0,118.73,118.73,,118.73,118.73,118.73,0.0,0.0,,0.0,0.0,0.0,0.0,,,118.73,118.73,118.73,118.73,,,,,,1,5,5,118.73,0.0,SAME,1.0
BFAL,2020-05-06,118.73,118.73,118.73,118.73,118.73,,0.0,0.0,0.0,0.0,0.0,0.0,0.0,0.0,118.73,118.73,118.73,118.73,118.73,118.73,0.0,0.0,,0.0,0.0,0.0,0.0,,,118.73,118.73,118.73,118.73,118.73,118.73,,,,2,5,6,118.73,0.0,SAME,1.0
BFAL,2020-05-07,118.73,118.73,118.73,118.73,118.73,118.73,0.0,0.0,0.0,0.0,0.0,0.0,0.0,0.0,118.73,118.73,118.73,118.73,118.73,118.73,0.0,0.0,0.0,0.0,0.0,0.0,0.0,0.0,0.0,118.73,118.73,118.73,118.73,118.73,118.73,,,,3,5,7,118.73,0.0,SAME,1.0
BFAL,2020-05-08,118.73,118.73,118.73,118.73,118.73,118.73,0.0,0.0,0.0,0.0,0.0,0.0,0.0,0.0,118.73,118.73,118.73,118.73,118.73,118.73,0.0,0.0,0.0,0.0,0.0,0.0,0.0,0.0,0.0,118.73,118.73,118.73,118.73,118.73,118.73,,,,4,5,8,118.73,0.0,SAME,1.0
BFAL,2020-05-11,118.73,118.73,118.73,118.73,118.73,118.73,0.0,0.0,0.0,0.0,0.0,0.0,0.0,0.0,118.73,118.73,118.73,118.73,118.73,118.73,0.0,0.0,0.0,0.0,0.0,0.0,0.0,0.0,0.0,118.73,118.73,118.73,118.73,118.73,118.73,,,,0,5,11,118.73,0.0,SAME,1.0
BFAL,2020-05-12,118.73,118.73,118.73,118.73,118.73,118.73,0.0,0.0,0.0,0.0,0.0,0.0,0.0,0.0,118.73,118.73,118.73,118.73,118.73,118.73,0.0,0.0,0.0,0.0,0.0,0.0,0.0,0.0,0.0,118.73,118.73,118.73,118.73,118.73,118.73,,,,1,5,12,118.73,0.0,SAME,1.0
BFAL,2020-05-13,118.73,118.73,118.73,118.73,118.73,118.73,0.0,0.0,0.0,0.0,0.0,0.0,0.0,0.0,118.73,118.73,118.73,118.73,118.73,118.73,0.0,0.0,0.0,0.0,0.0,0.0,0.0,0.0,0.0,118.73,118.73,118.73,118.73,118.73,118.73,,,,2,5,13,118.73,0.0,SAME,1.0
BFAL,2020-05-14,118.73,118.73,118.73,118.73,118.73,118.73,0.0,0.0,0.0,0.0,0.0,0.0,0.0,0.0,118.73,118.73,118.73,118.73,118.73,118.73,0.0,0.0,0.0,0.0,0.0,0.0,0.0,0.0,0.0,118.73,118.73,118.73,118.73,118.73,118.73,,,,3,5,14,118.73,0.0,SAME,1.0
BFAL,2020-05-15,118.73,118.73,118.73,118.73,118.73,118.73,0.0,0.0,0.0,0.0,0.0,0.0,0.0,0.0,118.73,118.73,118.73,118.73,118.73,118.73,0.0,0.0,0.0,0.0,0.0,0.0,0.0,0.0,0.0,118.73,118.73,118.73,118.73,118.73,118.73,,,,4,5,15,118.73,0.0,SAME,1.0
BFAL,2020-05-18,118.73,118.73,118.73,118.73,118.73,118.73,0.0,0.0,0.0,0.0,0.0,0.0,0.0,0.0,118.73,118.73,118.73,118.73,118.73,118.73,0.0,0.0,0.0,0.0,0.0,0.0,0.0,0.0,0.0,118.73,118.73,118.73,118.73,118.73,118.73,,,,0,5,18,118.73,0.0,SAME,1.0
BFAL,2020-05-19,118.73,118.73,118.73,118.73,118.73,118.73,0.0,0.0,0.0,0.0,0.0,0.0,0.0,0.0,118.73,118.73,118.73,118.73,118.73,118.73,0.0,0.0,0.0,0.0,0.0,0.0,0.0,0.0,0.0,118.73,118.73,118.73,118.73,118.73,118.73,,,,1,5,19,118.73,0.0,SAME,1.0
BFAL,2020-05-20,118.73,118.73,118.73,118.73,118.73,118.73,0.0,0.0,0.0,0.0,0.0,0.0,0.0,0.0,118.73,118.73,118.73,118.73,118.73,118.73,0.0,0.0,0.0,0.0,0.0,0.0,0.0,0.0,0.0,118.73,118.73,118.73,118.73,118.73,118.73,,,,2,5,20,118.73,0.0,SAME,1.0
BFAL,2020-05-21,118.73,118.73,118.73,118.73,118.73,118.73,0.0,0.0,0.0,0.0,0.0,0.0,0.0,0.0,118.73,118.73,118.73,118.73,118.73,118.73,0.0,0.0,0.0,0.0,0.0,0.0,0.0,0.0,0.0,118.73,118.73,118.73,118.73,118.73,118.73,,,,3,5,21,118.73,0.0,SAME,1.0
BFAL,2020-05-22,118.73,118.73,118.73,118.73,118.73,118.73,0.0,0.0,0.0,0.0,0.0,0.0,0.0,0.0,118.73,118.73,118.73,118.73,118.73,118.73,0.0,0.0,0.0,0.0,0.0,0.0,0.0,0.0,0.0,118.73,118.73,118.73,118.73,118.73,118.73,,,,4,5,22,118.73,0.0,SAME,1.0
BFAL,2020-05-25,118.73,118.73,118.73,118.73,118.73,118.73,0.0,0.0,0.0,0.0,0.0,0.0,0.0,0.0,118.73,118.73,118.73,118.73,118.73,118.73,0.0,0.0,0.0,0.0,0.0,0.0,0.0,0.0,0.0,118.73,118.73,118.73,118.73,118.73,118.73,,,,0,5,25,118.73,0.0,SAME,1.0
BFAL,2020-05-26,118.73,118.73,118.73,118.73,118.73,118.73,0.0,0.0,0.0,0.0,0.0,0.0,0.0,0.0,118.73,118.73,118.73,118.73,118.73,118.73,0.0,0.0,0.0,0.0,0.0,0.0,0.0,0.0,0.0,118.73,118.73,118.73,118.73,118.73,118.73,,,,1,5,26,118.73,0.0,SAME,1.0
BFAL,2020-05-27,118.73,118.73,118.73,118.73,118.73,118.73,0.0,0.0,0.0,0.0,0.0,0.0,0.0,0.0,118.73,118.73,118.73,118.73,118.73,118.73,0.0,0.0,0.0,0.0,0.0,0.0,0.0,0.0,0.0,118.73,118.73,118.73,118.73,118.73,118.73,,,,2,5,27,118.73,0.0,SAME,1.0
BFAL,2020-05-28,118.73,118.73,118.73,118.73,118.73,118.73,0.0,0.0,0.0,0.0,0.0,0.0,0.0,0.0,118.73,118.73,118.73,118.73,118.73,118.73,0.0,0.0,0.0,0.0,0.0,0.0,0.0,0.0,0.0,118.73,118.73,118.73,118.73,118.73,118.73,,,,3,5,28,118.73,0.0,SAME,1.0
BFAL,2020-05-29,118.73,118.73,118.73,118.73,118.73,118.73,0.0,0.0,0.0,0.0,0.0,0.0,0.0,0.0,118.73,118.73,118.73,118.73,118.73,118.73,0.0,0.0,0.0,0.0,0.0,0.0,0.0,0.0,0.0,118.73,118.73,118.73,118.73,118.73,118.73,,,,4,5,29,118.73,0.0,SAME,1.0
BFAL,2020-06-01,118.73,118.73,118.73,118.73,118.73,118.73,0.0,0.0,0.0,0.0,0.0,0.0,0.0,0.0,118.73,118.73,118.73,118.73,118.73,118.73,0.0,0.0,0.0,0.0,0.0,0.0,0.0,0.0,0.0,118.73,118.73,118.73,118.73,118.73,118.73,,,,0,6,1,118.73,0.0,SAME,1.0
BFAL,2020-06-02,118.73,118.73,118.73,118.73,118.73,118.73,0.0,0.0,0.0,0.0,0.0,0.0,0.0,0.0,118.73,118.73,118.73,118.73,118.73,118.73,0.0,0.0,0.0,0.0,0.0,0.0,0.0,0.0,0.0,118.73,118.73,118.73,118.73,118.73,118.73,,,,1,6,2,118.73,0.0,SAME,1.0
BFAL,2020-06-03,118.73,118.73,118.73,118.73,118.73,118.73,0.0,0.0,0.0,0.0,0.0,0.0,0.0,0.0,118.73,118.73,118.73,118.73,118.73,118.73,0.0,0.0,0.0,0.0,0.0,0.0,0.0,0.0,0.0,118.73,118.73,118.73,118.73,118.73,118.73,,,,2,6,3,118.73,0.0,SAME,1.0
BFAL,2020-06-04,118.73,118.73,118.73,118.73,118.73,118.73,0.0,0.0,0.0,0.0,0.0,0.0,0.0,0.0,118.73,118.73,118.73,118.73,118.73,118.73,0.0,0.0,0.0,0.0,0.0,0.0,0.0,0.0,0.0,118.73,118.73,118.73,118.73,118.73,118.73,,,,3,6,4,118.73,0.0,SAME,1.0
BFAL,2020-06-08,118.73,118.73,118.73,118.73,118.73,118.73,0.0,0.0,0.0,0.0,0.0,0.0,0.0,0.0,118.73,118.73,118.73,118.73,118.73,118.73,0.0,0.0,0.0,0.0,0.0,0.0,0.0,0.0,0.0,118.73,118.73,118.73,118.73,118.73,118.73,,,,0,6,8,118.73,0.0,SAME,1.0
BFAL,2020-06-09,118.73,118.73,118.73,118.73,118.73,118.73,0.0,0.0,0.0,0.0,0.0,0.0,0.0,0.0,118.73,118.73,118.73,118.73,118.73,118.73,0.0,0.0,0.0,0.0,0.0,0.0,0.0,0.0,0.0,118.73,118.73,118.73,118.73,118.73,118.73,,,,1,6,9,118.73,0.0,SAME,1.0
BFAL,2020-06-10,118.73,118.73,118.73,118.73,118.73,118.73,0.0,0.0,0.0,0.0,0.0,0.0,0.0,0.0,118.73,118.73,118.73,118.73,118.73,118.73,0.0,0.0,0.0,0.0,0.0,0.0,0.0,0.0,0.0,118.73,118.73,118.73,118.73,118.73,118.73,,,,2,6,10,118.73,0.0,SAME,1.0
BFAL,2020-06-11,118.73,118.73,118.73,118.73,118.73,118.73,0.0,0.0,0.0,0.0,0.0,0.0,0.0,0.0,118.73,118.73,118.73,118.73,118.73,118.73,0.0,0.0,0.0,0.0,0.0,0.0,0.0,0.0,0.0,118.73,118.73,118.73,118.73,118.73,118.73,,,,3,6,11,118.73,0.0,SAME,1.0
BFAL,2020-06-12,118.73,118.73,118.73,118.73,118.73,118.73,0.0,0.0,0.0,0.0,0.0,0.0,0.0,0.0,118.73,118.73,118.73,118.73,118.73,118.73,0.0,0.0,0.0,0.0,0.0,0.0,0.0,0.0,0.0,118.73,118.73,118.73,118.73,118.73,118.73,,,,4,6,12,118.73,0.0,SAME,1.0
BFAL,2020-06-15,118.73,118.73,118.73,118.73,118.73,118.73,0.0,0.0,0.0,0.0,0.0,0.0,0.0,0.0,118.73,118.73,118.73,118.73,118.73,118.73,0.0,0.0,0.0,0.0,0.0,0.0,0.0,0.0,0.0,118.73,118.73,118.73,118.73,118.73,118.73,,,,0,6,15,118.73,0.0,SAME,1.0
BFAL,2020-06-16,118.73,118.73,118.73,118.73,118.73,118.73,0.0,0.0,0.0,0.0,0.0,0.0,0.0,0.0,118.73,118.73,118.73,118.73,118.73,118.73,0.0,0.0,0.0,0.0,0.0,0.0,0.0,0.0,0.0,118.73,118.73,118.73,118.73,118.73,118.73,,,,1,6,16,118.73,0.0,SAME,1.0
BFAL,2020-06-17,118.73,118.73,118.73,118.73,118.73,118.73,0.0,0.0,0.0,0.0,0.0,0.0,0.0,0.0,118.73,118.73,118.73,118.73,118.73,118.73,0.0,0.0,0.0,0.0,0.0,0.0,0.0,0.0,0.0,118.73,118.73,118.73,118.73,118.73,118.73,,,,2,6,17,118.73,0.0,SAME,1.0
BFAL,2020-06-18,118.73,118.73,118.73,118.73,118.73,118.73,0.0,0.0,0.0,0.0,0.0,0.0,0.0,0.0,118.73,118.73,118.73,118.73,118.73,118.73,0.0,0.0,0.0,0.0,0.0,0.0,0.0,0.0,0.0,118.73,118.73,118.73,118.73,118.73,118.73,,,,3,6,18,118.73,0.0,SAME,1.0
BFAL,2020-06-19,118.73,118.73,118.73,118.73,118.73,118.73,0.0,0.0,0.0,0.0,0.0,0.0,0.0,0.0,118.73,118.73,118.73,118.73,118.73,118.73,0.0,0.0,0.0,0.0,0.0,0.0,0.0,0.0,0.0,118.73,118.73,118.73,118.73,118.73,118.73,,,,4,6,19,118.73,0.0,SAME,1.0
BFAL,2020-06-22,118.73,118.73,118.73,118.73,118.73,118.73,0.0,0.0,0.0,0.0,0.0,0.0,0.0,0.0,118.73,118.73,118.73,118.73,118.73,118.73,0.0,0.0,0.0,0.0,0.0,0.0,0.0,0.0,0.0,118.73,118.73,118.73,118.73,118.73,118.73,,,,0,6,22,118.73,0.0,SAME,1.0
BFAL,2020-06-23,118.73,118.73,118.73,118.73,118.73,118.73,0.0,0.0,0.0,0.0,0.0,0.0,0.0,0.0,118.73,118.73,118.73,118.73,118.73,118.73,0.0,0.0,0.0,0.0,0.0,0.0,0.0,0.0,0.0,118.73,118.73,118.73,118.73,118.73,118.73,,,,1,6,23,118.73,0.0,SAME,1.0
BFAL,2020-06-24,118.73,118.73,118.73,118.73,118.73,118.73,0.0,0.0,0.0,0.0,0.0,0.0,0.0,0.0,118.73,118.73,118.73,118.73,118.73,118.73,0.0,0.0,0.0,0.0,0.0,0.0,0.0,0.0,0.0,118.73,118.73,118.73,118.73,118.73,118.73,,,,2,6,24,118.73,0.0,SAME,1.0
BFAL,2020-06-25,118.73,118.73,118.73,118.73,118.73,118.73,0.0,0.0,0.0,0.0,0.0,0.0,0.0,0.0,118.73,118.73,118.73,118.73,118.73,118.73,0.0,0.0,0.0,0.0,0.0,0.0,0.0,0.0,0.0,118.73,118.73,118.73,118.73,118.73,118.73,,,,3,6,25,118.73,0.0,SAME,1.0
BFAL,2020-06-26,118.73,118.73,118.73,118.73,118.73,118.73,0.0,0.0,0.0,0.0,0.0,0.0,0.0,0.0,118.73,118.73,118.73,118.73,118.73,118.73,0.0,0.0,0.0,0.0,0.0,0.0,0.0,0.0,0.0,118.73,118.73,118.73,118.73,118.73,118.73,,,,4,6,26,118.73,0.0,SAME,1.0
BFAL,2020-06-29,118.73,118.73,118.73,118.73,118.73,118.73,0.0,0.0,0.0,0.0,0.0,0.0,0.0,0.0,118.73,118.73,118.73,118.73,118.73,118.73,0.0,0.0,0.0,0.0,0.0,0.0,0.0,0.0,0.0,118.73,118.73,118.73,118.73,118.73,118.73,,,,0,6,29,118.73,0.0,SAME,1.0
BFAL,2020-07-01,118.73,118.73,118.73,118.73,118.73,118.73,0.0,0.0,0.0,0.0,0.0,0.0,0.0,0.0,118.73,118.73,118.73,118.73,118.73,118.73,0.0,0.0,0.0,0.0,0.0,0.0,0.0,0.0,0.0,118.73,118.73,118.73,118.73,118.73,118.73,,,,2,7,1,118.73,0.0,SAME,1.0
BFAL,2020-07-02,118.73,118.73,118.73,118.73,118.73,118.73,0.0,0.0,0.0,0.0,0.0,0.0,0.0,0.0,118.73,118.73,118.73,118.73,118.73,118.73,0.0,0.0,0.0,0.0,0.0,0.0,0.0,0.0,0.0,118.73,118.73,118.73,118.73,118.73,118.73,,,,3,7,2,118.73,0.0,SAME,1.0
BFAL,2020-07-03,118.73,118.73,118.73,118.73,118.73,118.73,0.0,0.0,0.0,0.0,0.0,0.0,0.0,0.0,118.73,118.73,118.73,118.73,118.73,118.73,0.0,0.0,0.0,0.0,0.0,0.0,0.0,0.0,0.0,118.73,118.73,118.73,118.73,118.73,118.73,,,,4,7,3,118.73,0.0,SAME,1.0
BFAL,2020-07-06,118.73,118.73,118.73,118.73,118.73,118.73,0.0,0.0,0.0,0.0,0.0,0.0,0.0,0.0,118.73,118.73,118.73,118.73,118.73,118.73,0.0,0.0,0.0,0.0,0.0,0.0,0.0,0.0,0.0,118.73,118.73,118.73,118.73,118.73,118.73,,,,0,7,6,118.73,0.0,SAME,1.0
BFAL,2020-07-07,118.73,118.73,118.73,118.73,118.73,118.73,0.0,0.0,0.0,0.0,0.0,0.0,0.0,0.0,118.73,118.73,118.73,118.73,118.73,118.73,0.0,0.0,0.0,0.0,0.0,0.0,0.0,0.0,0.0,118.73,118.73,118.73,118.73,118.73,118.73,,,,1,7,7,118.73,0.0,SAME,1.0
BFAL,2020-07-08,118.73,118.73,118.73,118.73,118.73,118.73,0.0,0.0,0.0,0.0,0.0,0.0,0.0,0.0,118.73,118.73,118.73,118.73,118.73,118.73,0.0,0.0,0.0,0.0,0.0,0.0,0.0,0.0,0.0,118.73,118.73,118.73,118.73,118.73,118.73,,,,2,7,8,118.73,0.0,SAME,1.0
BFAL,2020-07-09,118.73,118.73,118.73,118.73,118.73,118.73,0.0,0.0,0.0,0.0,0.0,0.0,0.0,0.0,118.73,118.73,118.73,118.73,118.73,118.73,0.0,0.0,0.0,0.0,0.0,0.0,0.0,0.0,0.0,118.73,118.73,118.73,118.73,118.73,118.73,,,,3,7,9,118.73,0.0,SAME,1.0
BFAL,2020-07-10,118.73,118.73,118.73,118.73,118.73,118.73,0.0,0.0,0.0,0.0,0.0,0.0,0.0,0.0,118.73,118.73,118.73,118.73,118.73,118.73,0.0,0.0,0.0,0.0,0.0,0.0,0.0,0.0,0.0,118.73,118.73,118.73,118.73,118.73,118.73,,,,4,7,10,118.73,0.0,SAME,1.0
BFAL,2020-07-13,118.73,118.73,118.73,118.73,118.73,118.73,0.0,0.0,0.0,0.0,0.0,0.0,0.0,0.0,118.73,118.73,118.73,118.73,118.73,118.73,0.0,0.0,0.0,0.0,0.0,0.0,0.0,0.0,0.0,118.73,118.73,118.73,118.73,118.73,118.73,,,,0,7,13,118.73,0.0,SAME,1.0
BFAL,2020-07-14,118.73,118.73,118.73,118.73,118.73,118.73,0.0,0.0,0.0,0.0,0.0,0.0,0.0,0.0,118.73,118.73,118.73,118.73,118.73,118.73,0.0,0.0,0.0,0.0,0.0,0.0,0.0,0.0,0.0,118.73,118.73,118.73,118.73,118.73,118.73,,,,1,7,14,118.73,0.0,SAME,1.0
BFAL,2020-07-15,118.73,118.73,118.73,118.73,118.73,118.73,0.0,0.0,0.0,0.0,0.0,0.0,0.0,0.0,118.73,118.73,118.73,118.73,118.73,118.73,0.0,0.0,0.0,0.0,0.0,0.0,0.0,0.0,0.0,118.73,118.73,118.73,118.73,118.73,118.73,,,,2,7,15,118.73,0.0,SAME,1.0
BFAL,2020-07-16,118.73,118.73,118.73,118.73,118.73,118.73,0.0,0.0,0.0,0.0,0.0,0.0,0.0,0.0,118.73,118.73,118.73,118.73,118.73,118.73,0.0,0.0,0.0,0.0,0.0,0.0,0.0,0.0,0.0,118.73,118.73,118.73,118.73,118.73,118.73,,,,3,7,16,118.73,0.0,SAME,1.0
BFAL,2020-07-17,118.73,118.73,118.73,118.73,118.73,118.73,0.0,0.0,0.0,0.0,0.0,0.0,0.0,0.0,118.73,118.73,118.73,118.73,118.73,118.73,0.0,0.0,0.0,0.0,0.0,0.0,0.0,0.0,0.0,118.73,118.73,118.73,118.73,118.73,118.73,,,,4,7,17,118.73,0.0,SAME,1.0
BFAL,2020-07-20,118.73,118.73,118.73,118.73,118.73,118.73,0.0,0.0,0.0,0.0,0.0,0.0,0.0,0.0,118.73,118.73,118.73,118.73,118.73,118.73,0.0,0.0,0.0,0.0,0.0,0.0,0.0,0.0,0.0,118.73,118.73,118.73,118.73,118.73,118.73,,,,0,7,20,118.73,0.0,SAME,1.0
BFAL,2020-07-21,118.73,118.73,118.73,118.73,118.73,118.73,0.0,0.0,0.0,0.0,0.0,0.0,0.0,0.0,118.73,118.73,118.73,118.73,118.73,118.73,0.0,0.0,0.0,0.0,0.0,0.0,0.0,0.0,0.0,118.73,118.73,118.73,118.73,118.73,118.73,,,,1,7,21,118.73,0.0,SAME,1.0
BFAL,2020-07-22,118.73,118.73,118.73,118.73,118.73,118.73,0.0,0.0,0.0,0.0,0.0,0.0,0.0,0.0,118.73,118.73,118.73,118.73,118.73,118.73,0.0,0.0,0.0,0.0,0.0,0.0,0.0,0.0,0.0,118.73,118.73,118.73,118.73,118.73,118.73,,,,2,7,22,118.73,0.0,SAME,1.0
BFAL,2020-07-23,118.73,118.73,118.73,118.73,118.73,118.73,0.0,0.0,0.0,0.0,0.0,0.0,0.0,0.0,118.73,118.73,118.73,118.73,118.73,118.73,0.0,0.0,0.0,0.0,0.0,0.0,0.0,0.0,0.0,118.73,118.73,118.73,118.73,118.73,118.73,,,,3,7,23,118.73,0.0,SAME,1.0
BFAL,2020-07-27,118.73,118.73,118.73,118.73,118.73,118.73,0.0,0.0,0.0,0.0,0.0,0.0,0.0,0.0,118.73,118.73,118.73,118.73,118.73,118.73,0.0,0.0,0.0,0.0,0.0,0.0,0.0,0.0,0.0,118.73,118.73,118.73,118.73,118.73,118.73,,,,0,7,27,118.73,0.0,SAME,1.0
BFAL,2020-07-28,118.73,118.73,118.73,118.73,118.73,118.73,0.0,0.0,0.0,0.0,0.0,0.0,0.0,0.0,118.73,118.73,118.73,118.73,118.73,118.73,0.0,0.0,0.0,0.0,0.0,0.0,0.0,0.0,0.0,118.73,118.73,118.73,118.73,118.73,118.73,,,,1,7,28,118.73,0.0,SAME,1.0
BFAL,2020-07-29,118.73,118.73,118.73,118.73,118.73,118.73,0.0,0.0,0.0,0.0,0.0,0.0,0.0,0.0,118.73,118.73,118.73,118.73,118.73,118.73,0.0,0.0,0.0,0.0,0.0,0.0,0.0,0.0,0.0,118.73,118.73,118.73,118.73,118.73,118.73,,,,2,7,29,118.73,0.0,SAME,1.0
BFAL,2020-07-30,118.73,118.73,118.73,118.73,118.73,118.73,0.0,0.0,0.0,0.0,0.0,0.0,0.0,0.0,118.73,118.73,118.73,118.73,118.73,118.73,0.0,0.0,0.0,0.0,0.0,0.0,0.0,0.0,0.0,118.73,118.73,118.73,118.73,118.73,118.73,,,,3,7,30,118.73,0.0,SAME,1.0
BFAL,2020-07-31,118.73,118.73,118.73,118.73,118.73,118.73,0.0,0.0,0.0,0.0,0.0,0.0,0.0,0.0,118.73,118.73,118.73,118.73,118.73,118.73,0.0,0.0,0.0,0.0,0.0,0.0,0.0,0.0,0.0,118.73,118.73,118.73,118.73,118.73,118.73,,,,4,7,31,118.73,0.0,SAME,1.0
BFAL,2020-08-03,118.73,118.73,118.73,118.73,118.73,118.73,0.0,0.0,0.0,0.0,0.0,0.0,0.0,0.0,118.73,118.73,118.73,118.73,118.73,118.73,0.0,0.0,0.0,0.0,0.0,0.0,0.0,0.0,0.0,118.73,118.73,118.73,118.73,118.73,118.73,,,,0,8,3,118.73,0.0,SAME,1.0
BFAL,2020-08-04,118.73,118.73,118.73,118.73,118.73,118.73,0.0,0.0,0.0,0.0,0.0,0.0,0.0,0.0,118.73,118.73,118.73,118.73,118.73,118.73,0.0,0.0,0.0,0.0,0.0,0.0,0.0,0.0,0.0,118.73,118.73,118.73,118.73,118.73,118.73,,,,1,8,4,118.73,0.0,SAME,1.0
BFAL,2020-08-05,118.73,118.73,118.73,118.73,118.73,118.73,0.0,0.0,0.0,0.0,0.0,0.0,0.0,0.0,118.73,118.73,118.73,118.73,118.73,118.73,0.0,0.0,0.0,0.0,0.0,0.0,0.0,0.0,0.0,118.73,118.73,118.73,118.73,118.73,118.73,,,,2,8,5,118.73,0.0,SAME,1.0
BFAL,2020-08-06,118.73,118.73,118.73,118.73,118.73,118.73,0.0,0.0,0.0,0.0,0.0,0.0,0.0,0.0,118.73,118.73,118.73,118.73,118.73,118.73,0.0,0.0,0.0,0.0,0.0,0.0,0.0,0.0,0.0,118.73,118.73,118.73,118.73,118.73,118.73,,,,3,8,6,118.73,0.0,SAME,1.0
BFAL,2020-08-07,118.73,118.73,118.73,118.73,118.73,118.73,0.0,0.0,0.0,0.0,0.0,0.0,0.0,0.0,118.73,118.73,118.73,118.73,118.73,118.73,0.0,0.0,0.0,0.0,0.0,0.0,0.0,0.0,0.0,118.73,118.73,118.73,118.73,118.73,118.73,,,,4,8,7,118.73,0.0,SAME,1.0
BFAL,2020-08-10,118.73,118.73,118.73,118.73,118.73,118.73,0.0,0.0,0.0,0.0,0.0,0.0,0.0,0.0,118.73,118.73,118.73,118.73,118.73,118.73,0.0,0.0,0.0,0.0,0.0,0.0,0.0,0.0,0.0,118.73,118.73,118.73,118.73,118.73,118.73,,,,0,8,10,118.73,0.0,SAME,1.0
BFAL,2020-08-11,118.73,118.73,118.73,118.73,118.73,118.73,0.0,0.0,0.0,0.0,0.0,0.0,0.0,0.0,118.73,118.73,118.73,118.73,118.73,118.73,0.0,0.0,0.0,0.0,0.0,0.0,0.0,0.0,0.0,118.73,118.73,118.73,118.73,118.73,118.73,,,,1,8,11,118.73,0.0,SAME,1.0
BFAL,2020-08-12,118.73,118.73,118.73,118.73,118.73,118.73,0.0,0.0,0.0,0.0,0.0,0.0,0.0,0.0,118.73,118.73,118.73,118.73,118.73,118.73,0.0,0.0,0.0,0.0,0.0,0.0,0.0,0.0,0.0,118.73,118.73,118.73,118.73,118.73,118.73,,,,2,8,12,118.73,0.0,SAME,1.0
BFAL,2020-08-13,118.73,118.73,118.73,118.73,118.73,118.73,0.0,0.0,0.0,0.0,0.0,0.0,0.0,0.0,118.73,118.73,118.73,118.73,118.73,118.73,0.0,0.0,0.0,0.0,0.0,0.0,0.0,0.0,0.0,118.73,118.73,118.73,118.73,118.73,118.73,,,,3,8,13,118.73,0.0,SAME,1.0
BFAL,2020-08-14,118.73,118.73,118.73,118.73,118.73,118.73,0.0,0.0,0.0,0.0,0.0,0.0,0.0,0.0,118.73,118.73,118.73,118.73,118.73,118.73,0.0,0.0,0.0,0.0,0.0,0.0,0.0,0.0,0.0,118.73,118.73,118.73,118.73,118.73,118.73,,,,4,8,14,118.73,0.0,SAME,1.0
BFAL,2020-08-17,118.73,118.73,118.73,118.73,118.73,118.73,0.0,0.0,0.0,0.0,0.0,0.0,0.0,0.0,118.73,118.73,118.73,118.73,118.73,118.73,0.0,0.0,0.0,0.0,0.0,0.0,0.0,0.0,0.0,118.73,118.73,118.73,118.73,118.73,118.73,,,,0,8,17,118.73,0.0,SAME,1.0
BFAL,2020-08-18,118.73,118.73,118.73,118.73,118.73,118.73,0.0,0.0,0.0,0.0,0.0,0.0,0.0,0.0,118.73,118.73,118.73,118.73,118.73,118.73,0.0,0.0,0.0,0.0,0.0,0.0,0.0,0.0,0.0,118.73,118.73,118.73,118.73,118.73,118.73,,,,1,8,18,118.73,0.0,SAME,1.0
BFAL,2020-08-19,118.73,118.73,118.73,118.73,118.73,118.73,0.0,0.0,0.0,0.0,0.0,0.0,0.0,0.0,118.73,118.73,118.73,118.73,118.73,118.73,0.0,0.0,0.0,0.0,0.0,0.0,0.0,0.0,0.0,118.73,118.73,118.73,118.73,118.73,118.73,,,,2,8,19,118.73,0.0,SAME,1.0
BFAL,2020-08-20,118.73,118.73,118.73,118.73,118.73,118.73,0.0,0.0,0.0,0.0,0.0,0.0,0.0,0.0,118.73,118.73,118.73,118.73,118.73,118.73,0.0,0.0,0.0,0.0,0.0,0.0,0.0,0.0,0.0,118.73,118.73,118.73,118.73,118.73,118.73,,,,3,8,20,118.73,0.0,SAME,1.0
BFAL,2020-08-21,118.73,118.73,118.73,118.73,118.73,118.73,0.0,0.0,0.0,0.0,0.0,0.0,0.0,0.0,118.73,118.73,118.73,118.73,118.73,118.73,0.0,0.0,0.0,0.0,0.0,0.0,0.0,0.0,0.0,118.73,118.73,118.73,118.73,118.73,118.73,,,,4,8,21,118.73,0.0,SAME,1.0
BFAL,2020-08-24,118.73,118.73,118.73,118.73,118.73,118.73,0.0,0.0,0.0,0.0,0.0,0.0,0.0,0.0,118.73,118.73,118.73,118.73,118.73,118.73,0.0,0.0,0.0,0.0,0.0,0.0,0.0,0.0,0.0,118.73,118.73,118.73,118.73,118.73,118.73,,,,0,8,24,118.73,0.0,SAME,1.0
BFAL,2020-08-25,118.73,118.73,118.73,118.73,118.73,118.73,0.0,0.0,0.0,0.0,0.0,0.0,0.0,0.0,118.73,118.73,118.73,118.73,118.73,118.73,0.0,0.0,0.0,0.0,0.0,0.0,0.0,0.0,0.0,118.73,118.73,118.73,118.73,118.73,118.73,,,,1,8,25,118.73,0.0,SAME,1.0
BFAL,2020-08-26,118.73,118.73,118.73,118.73,118.73,118.73,0.0,0.0,0.0,0.0,0.0,0.0,0.0,0.0,118.73,118.73,118.73,118.73,118.73,118.73,0.0,0.0,0.0,0.0,0.0,0.0,0.0,0.0,0.0,118.73,118.73,118.73,118.73,118.73,118.73,,,,2,8,26,118.73,0.0,SAME,1.0
BFAL,2020-08-27,118.73,118.73,118.73,118.73,118.73,118.73,0.0,0.0,0.0,0.0,0.0,0.0,0.0,0.0,118.73,118.73,118.73,118.73,118.73,118.73,0.0,0.0,0.0,0.0,0.0,0.0,0.0,0.0,0.0,118.73,118.73,118.73,118.73,118.73,118.73,,,,3,8,27,118.73,0.0,SAME,1.0
BFAL,2020-08-28,118.73,118.73,118.73,118.73,118.73,118.73,0.0,0.0,0.0,0.0,0.0,0.0,0.0,0.0,118.73,118.73,118.73,118.73,118.73,118.73,0.0,0.0,0.0,0.0,0.0,0.0,0.0,0.0,0.0,118.73,118.73,118.73,118.73,118.73,118.73,,,,4,8,28,118.73,0.0,SAME,1.0
BFAL,2020-08-31,118.73,118.73,118.73,118.73,118.73,118.73,0.0,0.0,0.0,0.0,0.0,0.0,0.0,0.0,118.73,118.73,118.73,118.73,118.73,118.73,0.0,0.0,0.0,0.0,0.0,0.0,0.0,0.0,0.0,118.73,118.73,118.73,118.73,118.73,118.73,,,,0,8,31,118.73,0.0,SAME,1.0
BFAL,2020-09-01,118.73,118.73,118.73,118.73,118.73,118.73,0.0,0.0,0.0,0.0,0.0,0.0,0.0,0.0,118.73,118.73,118.73,118.73,118.73,118.73,0.0,0.0,0.0,0.0,0.0,0.0,0.0,0.0,0.0,118.73,118.73,118.73,118.73,118.73,118.73,,,,1,9,1,118.73,0.0,SAME,1.0
BFAL,2020-09-02,118.73,118.73,118.73,118.73,118.73,118.73,0.0,0.0,0.0,0.0,0.0,0.0,0.0,0.0,118.73,118.73,118.73,118.73,118.73,118.73,0.0,0.0,0.0,0.0,0.0,0.0,0.0,0.0,0.0,118.73,118.73,118.73,118.73,118.73,118.73,,,,2,9,2,118.73,0.0,SAME,1.0
BFAL,2020-09-03,118.73,118.73,118.73,118.73,118.73,118.73,0.0,0.0,0.0,0.0,0.0,0.0,0.0,0.0,118.73,118.73,118.73,118.73,118.73,118.73,0.0,0.0,0.0,0.0,0.0,0.0,0.0,0.0,0.0,118.73,118.73,118.73,118.73,118.73,118.73,,,,3,9,3,118.73,0.0,SAME,1.0
BFAL,2020-09-04,118.73,118.73,118.73,118.73,118.73,118.73,0.0,0.0,0.0,0.0,0.0,0.0,0.0,0.0,118.73,118.73,118.73,118.73,118.73,118.73,0.0,0.0,0.0,0.0,0.0,0.0,0.0,0.0,0.0,118.73,118.73,118.73,118.73,118.73,118.73,,,,4,9,4,118.73,0.0,SAME,1.0
BFAL,2020-09-07,118.73,118.73,118.73,118.73,118.73,118.73,0.0,0.0,0.0,0.0,0.0,0.0,0.0,0.0,118.73,118.73,118.73,118.73,118.73,118.73,0.0,0.0,0.0,0.0,0.0,0.0,0.0,0.0,0.0,118.73,118.73,118.73,118.73,118.73,118.73,,,,0,9,7,118.73,0.0,SAME,1.0
BFAL,2020-09-08,118.73,118.73,118.73,118.73,118.73,118.73,0.0,0.0,0.0,0.0,0.0,0.0,0.0,0.0,118.73,118.73,118.73,118.73,118.73,118.73,0.0,0.0,0.0,0.0,0.0,0.0,0.0,0.0,0.0,118.73,118.73,118.73,118.73,118.73,118.73,,,,1,9,8,118.73,0.0,SAME,1.0
BFAL,2020-09-09,118.73,118.73,118.73,118.73,118.73,118.73,0.0,0.0,0.0,0.0,0.0,0.0,0.0,0.0,118.73,118.73,118.73,118.73,118.73,118.73,0.0,0.0,0.0,0.0,0.0,0.0,0.0,0.0,0.0,118.73,118.73,118.73,118.73,118.73,118.73,,,,2,9,9,118.73,0.0,SAME,1.0
BFAL,2020-09-10,118.73,118.73,118.73,118.73,118.73,118.73,0.0,0.0,0.0,0.0,0.0,0.0,0.0,0.0,118.73,118.73,118.73,118.73,118.73,118.73,0.0,0.0,0.0,0.0,0.0,0.0,0.0,0.0,0.0,118.73,118.73,118.73,118.73,118.73,118.73,,,,3,9,10,118.73,0.0,SAME,1.0
BFAL,2020-09-11,118.73,118.73,118.73,118.73,118.73,118.73,0.0,0.0,0.0,0.0,0.0,0.0,0.0,0.0,118.73,118.73,118.73,118.73,118.73,118.73,0.0,0.0,0.0,0.0,0.0,0.0,0.0,0.0,0.0,118.73,118.73,118.73,118.73,118.73,118.73,,,,4,9,11,118.73,0.0,SAME,1.0
BFAL,2020-09-14,118.73,118.73,118.73,118.73,118.73,118.73,0.0,0.0,0.0,0.0,0.0,0.0,0.0,0.0,118.73,118.73,118.73,118.73,118.73,118.73,0.0,0.0,0.0,0.0,0.0,0.0,0.0,0.0,0.0,118.73,118.73,118.73,118.73,118.73,118.73,,,,0,9,14,118.73,0.0,SAME,1.0
BFAL,2020-09-15,118.73,118.73,118.73,118.73,118.73,118.73,0.0,0.0,0.0,0.0,0.0,0.0,0.0,0.0,118.73,118.73,118.73,118.73,118.73,118.73,0.0,0.0,0.0,0.0,0.0,0.0,0.0,0.0,0.0,118.73,118.73,118.73,118.73,118.73,118.73,,,,1,9,15,118.73,0.0,SAME,1.0
BFAL,2020-09-16,118.73,118.73,118.73,118.73,118.73,118.73,0.0,0.0,0.0,0.0,0.0,0.0,0.0,0.0,118.73,118.73,118.73,118.73,118.73,118.73,0.0,0.0,0.0,0.0,0.0,0.0,0.0,0.0,0.0,118.73,118.73,118.73,118.73,118.73,118.73,,,,2,9,16,118.73,0.0,SAME,1.0
BFAL,2020-09-17,118.73,118.73,118.73,118.73,118.73,118.73,0.0,0.0,0.0,0.0,0.0,0.0,0.0,0.0,118.73,118.73,118.73,118.73,118.73,118.73,0.0,0.0,0.0,0.0,0.0,0.0,0.0,0.0,0.0,118.73,118.73,118.73,118.73,118.73,118.73,,,,3,9,17,118.73,0.0,SAME,1.0
BFAL,2020-09-18,118.73,118.73,118.73,118.73,118.73,118.73,0.0,0.0,0.0,0.0,0.0,0.0,0.0,0.0,118.73,118.73,118.73,118.73,118.73,118.73,0.0,0.0,0.0,0.0,0.0,0.0,0.0,0.0,0.0,118.73,118.73,118.73,118.73,118.73,118.73,,,,4,9,18,118.73,0.0,SAME,1.0
BFAL,2020-09-21,118.73,118.73,118.73,118.73,118.73,118.73,0.0,0.0,0.0,0.0,0.0,0.0,0.0,0.0,118.73,118.73,118.73,118.73,118.73,118.73,0.0,0.0,0.0,0.0,0.0,0.0,0.0,0.0,0.0,118.73,118.73,118.73,118.73,118.73,118.73,,,,0,9,21,118.73,0.0,SAME,1.0
BFAL,2020-09-24,118.73,118.73,118.73,118.73,118.73,118.73,0.0,0.0,0.0,0.0,0.0,0.0,0.0,0.0,118.73,118.73,118.73,118.73,118.73,118.73,0.0,0.0,0.0,0.0,0.0,0.0,0.0,0.0,0.0,118.73,118.73,118.73,118.73,118.73,118.73,,,,3,9,24,118.73,0.0,SAME,1.0
BFAL,2020-09-25,118.73,118.73,118.73,118.73,118.73,118.73,0.0,0.0,0.0,0.0,0.0,0.0,0.0,0.0,118.73,118.73,118.73,118.73,118.73,118.73,0.0,0.0,0.0,0.0,0.0,0.0,0.0,0.0,0.0,118.73,118.73,118.73,118.73,118.73,118.73,,,,4,9,25,118.73,0.0,SAME,1.0
BFAL,2020-09-29,118.73,118.73,118.73,118.73,118.73,118.73,0.0,0.0,0.0,0.0,0.0,0.0,0.0,0.0,118.73,118.73,118.73,118.73,118.73,118.73,0.0,0.0,0.0,0.0,0.0,0.0,0.0,0.0,0.0,118.73,118.73,118.73,118.73,118.73,118.73,,,,1,9,29,118.73,0.0,SAME,1.0
BFAL,2020-09-30,118.73,118.73,118.73,118.73,118.73,118.73,0.0,0.0,0.0,0.0,0.0,0.0,0.0,0.0,118.73,118.73,118.73,118.73,118.73,118.73,0.0,0.0,0.0,0.0,0.0,0.0,0.0,0.0,0.0,118.73,118.73,118.73,118.73,118.73,118.73,,,,2,9,30,118.73,0.0,SAME,1.0
BFAL,2020-10-01,118.73,118.73,118.73,118.73,118.73,118.73,0.0,0.0,0.0,0.0,0.0,0.0,0.0,0.0,118.73,118.73,118.73,118.73,118.73,118.73,0.0,0.0,0.0,0.0,0.0,0.0,0.0,0.0,0.0,118.73,118.73,118.73,118.73,118.73,118.73,,,,3,10,1,118.73,0.0,SAME,1.0
BFAL,2020-10-02,118.73,118.73,118.73,118.73,118.73,118.73,0.0,0.0,0.0,0.0,0.0,0.0,0.0,0.0,118.73,118.73,118.73,118.73,118.73,118.73,0.0,0.0,0.0,0.0,0.0,0.0,0.0,0.0,0.0,118.73,118.73,118.73,118.73,118.73,118.73,,,,4,10,2,118.73,0.0,SAME,1.0
BFAL,2020-10-05,118.73,118.73,118.73,118.73,118.73,118.73,0.0,0.0,0.0,0.0,0.0,0.0,0.0,0.0,118.73,118.73,118.73,118.73,118.73,118.73,0.0,0.0,0.0,0.0,0.0,0.0,0.0,0.0,0.0,118.73,118.73,118.73,118.73,118.73,118.73,,,,0,10,5,118.73,0.0,SAME,1.0
BFAL,2020-10-06,118.73,118.73,118.73,118.73,118.73,118.73,0.0,0.0,0.0,0.0,0.0,0.0,0.0,0.0,118.73,118.73,118.73,118.73,118.73,118.73,0.0,0.0,0.0,0.0,0.0,0.0,0.0,0.0,0.0,118.73,118.73,118.73,118.73,118.73,118.73,,,,1,10,6,118.73,0.0,SAME,1.0
BFAL,2020-10-07,118.73,118.73,118.73,118.73,118.73,118.73,0.0,0.0,0.0,0.0,0.0,0.0,0.0,0.0,118.73,118.73,118.73,118.73,118.73,118.73,0.0,0.0,0.0,0.0,0.0,0.0,0.0,0.0,0.0,118.73,118.73,118.73,118.73,118.73,118.73,,,,2,10,7,118.73,0.0,SAME,1.0
BFAL,2020-10-08,118.73,118.73,118.73,118.73,118.73,118.73,0.0,0.0,0.0,0.0,0.0,0.0,0.0,0.0,118.73,118.73,118.73,118.73,118.73,118.73,0.0,0.0,0.0,0.0,0.0,0.0,0.0,0.0,0.0,118.73,118.73,118.73,118.73,118.73,118.73,,,,3,10,8,118.73,0.0,SAME,1.0
BFAL,2020-10-09,118.73,118.73,118.73,118.73,118.73,118.73,0.0,0.0,0.0,0.0,0.0,0.0,0.0,0.0,118.73,118.73,118.73,118.73,118.73,118.73,0.0,0.0,0.0,0.0,0.0,0.0,0.0,0.0,0.0,118.73,118.73,118.73,118.73,118.73,118.73,,,,4,10,9,118.73,0.0,SAME,1.0
BFAL,2020-10-12,118.73,118.73,118.73,118.73,118.73,118.73,0.0,0.0,0.0,0.0,0.0,0.0,0.0,0.0,118.73,118.73,118.73,118.73,118.73,118.73,0.0,0.0,0.0,0.0,0.0,0.0,0.0,0.0,0.0,118.73,118.73,118.73,118.73,118.73,118.73,,,,0,10,12,118.73,0.0,SAME,1.0
BFAL,2020-10-13,118.73,118.73,118.73,118.73,118.73,118.73,0.0,0.0,0.0,0.0,0.0,0.0,0.0,0.0,118.73,118.73,118.73,118.73,118.73,118.73,0.0,0.0,0.0,0.0,0.0,0.0,0.0,0.0,0.0,118.73,118.73,118.73,118.73,118.73,118.73,,,,1,10,13,118.73,0.0,SAME,1.0
BFAL,2020-10-14,118.73,118.73,118.73,118.73,118.73,118.73,0.0,0.0,0.0,0.0,0.0,0.0,0.0,0.0,118.73,118.73,118.73,118.73,118.73,118.73,0.0,0.0,0.0,0.0,0.0,0.0,0.0,0.0,0.0,118.73,118.73,118.73,118.73,118.73,118.73,,,,2,10,14,118.73,0.0,SAME,1.0
BFAL,2020-10-15,118.73,118.73,118.73,118.73,118.73,118.73,0.0,0.0,0.0,0.0,0.0,0.0,0.0,0.0,118.73,118.73,118.73,118.73,118.73,118.73,0.0,0.0,0.0,0.0,0.0,0.0,0.0,0.0,0.0,118.73,118.73,118.73,118.73,118.73,118.73,,,,3,10,15,118.73,0.0,SAME,1.0
BFAL,2020-10-16,118.73,118.73,118.73,118.73,118.73,118.73,0.0,0.0,0.0,0.0,0.0,0.0,0.0,0.0,118.73,118.73,118.73,118.73,118.73,118.73,0.0,0.0,0.0,0.0,0.0,0.0,0.0,0.0,0.0,118.73,118.73,118.73,118.73,118.73,118.73,,,,4,10,16,118.73,0.0,SAME,1.0
BFAL,2020-10-19,118.73,118.73,118.73,118.73,118.73,118.73,0.0,0.0,0.0,0.0,0.0,0.0,0.0,0.0,118.73,118.73,118.73,118.73,118.73,118.73,0.0,0.0,0.0,0.0,0.0,0.0,0.0,0.0,0.0,118.73,118.73,118.73,118.73,118.73,118.73,,,,0,10,19,118.73,0.0,SAME,1.0
BFAL,2020-10-20,118.73,118.73,118.73,118.73,118.73,118.73,0.0,0.0,0.0,0.0,0.0,0.0,0.0,0.0,118.73,118.73,118.73,118.73,118.73,118.73,0.0,0.0,0.0,0.0,0.0,0.0,0.0,0.0,0.0,118.73,118.73,118.73,118.73,118.73,118.73,,,,1,10,20,118.73,0.0,SAME,1.0
BFAL,2020-10-21,118.73,118.73,118.73,118.73,118.73,118.73,0.0,0.0,0.0,0.0,0.0,0.0,0.0,0.0,118.73,118.73,118.73,118.73,118.73,118.73,0.0,0.0,0.0,0.0,0.0,0.0,0.0,0.0,0.0,118.73,118.73,118.73,118.73,118.73,118.73,,,,2,10,21,118.73,0.0,SAME,1.0
BFAL,2020-10-22,118.73,118.73,118.73,118.73,118.73,118.73,0.0,0.0,0.0,0.0,0.0,0.0,0.0,0.0,118.73,118.73,118.73,118.73,118.73,118.73,0.0,0.0,0.0,0.0,0.0,0.0,0.0,0.0,0.0,118.73,118.73,118.73,118.73,118.73,118.73,,,,3,10,22,118.73,0.0,SAME,1.0
BFAL,2020-10-23,118.73,118.73,118.73,118.73,118.73,118.73,0.0,0.0,0.0,0.0,0.0,0.0,0.0,0.0,118.73,118.73,118.73,118.73,118.73,118.73,0.0,0.0,0.0,0.0,0.0,0.0,0.0,0.0,0.0,118.73,118.73,118.73,118.73,118.73,118.73,,,,4,10,23,118.73,0.0,SAME,1.0
BFAL,2020-10-27,118.73,118.73,118.73,118.73,118.73,118.73,0.0,0.0,0.0,0.0,0.0,0.0,0.0,0.0,118.73,118.73,118.73,118.73,118.73,118.73,0.0,0.0,0.0,0.0,0.0,0.0,0.0,0.0,0.0,118.73,118.73,118.73,118.73,118.73,118.73,,,,1,10,27,118.73,0.0,SAME,1.0
BFAL,2020-10-28,118.73,118.73,118.73,118.73,118.73,118.73,0.0,0.0,0.0,0.0,0.0,0.0,0.0,0.0,118.73,118.73,118.73,118.73,118.73,118.73,0.0,0.0,0.0,0.0,0.0,0.0,0.0,0.0,0.0,118.73,118.73,118.73,118.73,118.73,118.73,,,,2,10,28,118.73,0.0,SAME,1.0
BFAL,2020-10-29,118.73,118.73,118.73,118.73,118.73,118.73,0.0,0.0,0.0,0.0,0.0,0.0,0.0,0.0,118.73,118.73,118.73,118.73,118.73,118.73,0.0,0.0,0.0,0.0,0.0,0.0,0.0,0.0,0.0,118.73,118.73,118.73,118.73,118.73,118.73,,,,3,10,29,118.73,0.0,SAME,1.0
BFAL,2020-10-30,118.73,118.73,118.73,118.73,118.73,118.73,0.0,0.0,0.0,0.0,0.0,0.0,0.0,0.0,118.73,118.73,118.73,118.73,118.73,118.73,0.0,0.0,0.0,0.0,0.0,0.0,0.0,0.0,0.0,118.73,118.73,118.73,118.73,118.73,118.73,,,,4,10,30,118.73,0.0,SAME,1.0
BFAL,2020-11-02,118.73,118.73,118.73,118.73,118.73,118.73,0.0,0.0,0.0,0.0,0.0,0.0,0.0,0.0,118.73,118.73,118.73,118.73,118.73,118.73,0.0,0.0,0.0,0.0,0.0,0.0,0.0,0.0,0.0,118.73,118.73,118.73,118.73,118.73,118.73,,,,0,11,2,118.73,0.0,SAME,1.0
BFAL,2020-11-03,118.73,118.73,118.73,118.73,118.73,118.73,0.0,0.0,0.0,0.0,0.0,0.0,0.0,0.0,118.73,118.73,118.73,118.73,118.73,118.73,0.0,0.0,0.0,0.0,0.0,0.0,0.0,0.0,0.0,118.73,118.73,118.73,118.73,118.73,118.73,,,,1,11,3,118.73,0.0,SAME,1.0
BFAL,2020-11-04,118.73,118.73,118.73,118.73,118.73,118.73,0.0,0.0,0.0,0.0,0.0,0.0,0.0,0.0,118.73,118.73,118.73,118.73,118.73,118.73,0.0,0.0,0.0,0.0,0.0,0.0,0.0,0.0,0.0,118.73,118.73,118.73,118.73,118.73,118.73,,,,2,11,4,118.73,0.0,SAME,1.0
BFAL,2020-11-05,118.73,118.73,118.73,118.73,118.73,118.73,0.0,0.0,0.0,0.0,0.0,0.0,0.0,0.0,118.73,118.73,118.73,118.73,118.73,118.73,0.0,0.0,0.0,0.0,0.0,0.0,0.0,0.0,0.0,118.73,118.73,118.73,118.73,118.73,118.73,,,,3,11,5,118.73,0.0,SAME,1.0
BFAL,2020-11-06,118.73,118.73,118.73,118.73,118.73,118.73,0.0,0.0,0.0,0.0,0.0,0.0,0.0,0.0,118.73,118.73,118.73,118.73,118.73,118.73,0.0,0.0,0.0,0.0,0.0,0.0,0.0,0.0,0.0,118.73,118.73,118.73,118.73,118.73,118.73,,,,4,11,6,118.73,0.0,SAME,1.0
BFAL,2020-11-09,118.73,118.73,118.73,118.73,118.73,118.73,0.0,0.0,0.0,0.0,0.0,0.0,0.0,0.0,118.73,118.73,118.73,118.73,118.73,118.73,0.0,0.0,0.0,0.0,0.0,0.0,0.0,0.0,0.0,118.73,118.73,118.73,118.73,118.73,118.73,,,,0,11,9,118.73,0.0,SAME,1.0
BFAL,2020-11-10,118.73,118.73,118.73,118.73,118.73,118.73,0.0,0.0,0.0,0.0,0.0,0.0,0.0,0.0,118.73,118.73,118.73,118.73,118.73,118.73,0.0,0.0,0.0,0.0,0.0,0.0,0.0,0.0,0.0,118.73,118.73,118.73,118.73,118.73,118.73,,,,1,11,10,118.73,0.0,SAME,1.0
BFAL,2020-11-12,118.73,118.73,118.73,118.73,118.73,118.73,0.0,0.0,0.0,0.0,0.0,0.0,0.0,0.0,118.73,118.73,118.73,118.73,118.73,118.73,0.0,0.0,0.0,0.0,0.0,0.0,0.0,0.0,0.0,118.73,118.73,118.73,118.73,118.73,118.73,,,,3,11,12,118.73,0.0,SAME,1.0
BFAL,2020-11-13,118.73,118.73,118.73,118.73,118.73,118.73,0.0,0.0,0.0,0.0,0.0,0.0,0.0,0.0,118.73,118.73,118.73,118.73,118.73,118.73,0.0,0.0,0.0,0.0,0.0,0.0,0.0,0.0,0.0,118.73,118.73,118.73,118.73,118.73,118.73,,,,4,11,13,118.73,0.0,SAME,1.0
BFAL,2020-11-16,118.73,118.73,118.73,118.73,118.73,118.73,0.0,0.0,0.0,0.0,0.0,0.0,0.0,0.0,118.73,118.73,118.73,118.73,118.73,118.73,0.0,0.0,0.0,0.0,0.0,0.0,0.0,0.0,0.0,118.73,118.73,118.73,118.73,118.73,118.73,,,,0,11,16,118.73,0.0,SAME,1.0
BFAL,2020-11-17,118.73,118.73,118.73,118.73,118.73,118.73,0.0,0.0,0.0,0.0,0.0,0.0,0.0,0.0,118.73,118.73,118.73,118.73,118.73,118.73,0.0,0.0,0.0,0.0,0.0,0.0,0.0,0.0,0.0,118.73,118.73,118.73,118.73,118.73,118.73,,,,1,11,17,118.73,0.0,SAME,1.0
BFAL,2020-11-18,118.73,118.73,118.73,118.73,118.73,118.73,0.0,0.0,0.0,0.0,0.0,0.0,0.0,0.0,118.73,118.73,118.73,118.73,118.73,118.73,0.0,0.0,0.0,0.0,0.0,0.0,0.0,0.0,0.0,118.73,118.73,118.73,118.73,118.73,118.73,,,,2,11,18,118.73,0.0,SAME,1.0
BFAL,2020-11-19,118.73,118.73,118.73,118.73,118.73,118.73,0.0,0.0,0.0,0.0,0.0,0.0,0.0,0.0,118.73,118.73,118.73,118.73,118.73,118.73,0.0,0.0,0.0,0.0,0.0,0.0,0.0,0.0,0.0,118.73,118.73,118.73,118.73,118.73,118.73,,,,3,11,19,118.73,0.0,SAME,1.0
BFAL,2020-11-20,118.73,118.73,118.73,118.73,118.73,118.73,0.0,0.0,0.0,0.0,0.0,0.0,0.0,0.0,118.73,118.73,118.73,118.73,118.73,118.73,0.0,0.0,0.0,0.0,0.0,0.0,0.0,0.0,0.0,118.73,118.73,118.73,118.73,118.73,118.73,,,,4,11,20,118.73,0.0,SAME,1.0
BFAL,2020-11-23,118.73,118.73,118.73,118.73,118.73,118.73,0.0,0.0,0.0,0.0,0.0,0.0,0.0,0.0,118.73,118.73,118.73,118.73,118.73,118.73,0.0,0.0,0.0,0.0,0.0,0.0,0.0,0.0,0.0,118.73,118.73,118.73,118.73,118.73,118.73,,,,0,11,23,118.73,0.0,SAME,1.0
BFAL,2020-11-24,118.73,118.73,118.73,118.73,118.73,118.73,0.0,0.0,0.0,0.0,0.0,0.0,0.0,0.0,118.73,118.73,118.73,118.73,118.73,118.73,0.0,0.0,0.0,0.0,0.0,0.0,0.0,0.0,0.0,118.73,118.73,118.73,118.73,118.73,118.73,,,,1,11,24,118.73,0.0,SAME,1.0
BFAL,2020-11-25,118.73,118.73,118.73,118.73,118.73,118.73,0.0,0.0,0.0,0.0,0.0,0.0,0.0,0.0,118.73,118.73,118.73,118.73,118.73,118.73,0.0,0.0,0.0,0.0,0.0,0.0,0.0,0.0,0.0,118.73,118.73,118.73,118.73,118.73,118.73,,,,2,11,25,118.73,0.0,SAME,1.0
BFAL,2020-11-26,118.73,118.73,118.73,118.73,118.73,118.73,0.0,0.0,0.0,0.0,0.0,0.0,0.0,0.0,118.73,118.73,118.73,118.73,118.73,118.73,0.0,0.0,0.0,0.0,0.0,0.0,0.0,0.0,0.0,118.73,118.73,118.73,118.73,118.73,118.73,,,,3,11,26,118.73,0.0,SAME,1.0
BFAL,2020-11-27,118.73,118.73,118.73,118.73,118.73,118.73,0.0,0.0,0.0,0.0,0.0,0.0,0.0,0.0,118.73,118.73,118.73,118.73,118.73,118.73,0.0,0.0,0.0,0.0,0.0,0.0,0.0,0.0,0.0,118.73,118.73,118.73,118.73,118.73,118.73,,,,4,11,27,118.73,0.0,SAME,1.0
BFAL,2020-11-30,118.73,118.73,118.73,118.73,118.73,118.73,0.0,0.0,0.0,0.0,0.0,0.0,0.0,0.0,118.73,118.73,118.73,118.73,118.73,118.73,0.0,0.0,0.0,0.0,0.0,0.0,0.0,0.0,0.0,118.73,118.73,118.73,118.73,118.73,118.73,,,,0,11,30,118.73,0.0,SAME,1.0
BFAL,2020-12-01,118.73,118.73,118.73,118.73,118.73,118.73,0.0,0.0,0.0,0.0,0.0,0.0,0.0,0.0,118.73,118.73,118.73,118.73,118.73,118.73,0.0,0.0,0.0,0.0,0.0,0.0,0.0,0.0,0.0,118.73,118.73,118.73,118.73,118.73,118.73,,,,1,12,1,118.73,0.0,SAME,1.0
BFAL,2020-12-02,118.73,118.73,118.73,118.73,118.73,118.73,0.0,0.0,0.0,0.0,0.0,0.0,0.0,0.0,118.73,118.73,118.73,118.73,118.73,118.73,0.0,0.0,0.0,0.0,0.0,0.0,0.0,0.0,0.0,118.73,118.73,118.73,118.73,118.73,118.73,,,,2,12,2,118.73,0.0,SAME,1.0
BFAL,2020-12-03,118.73,118.73,118.73,118.73,118.73,118.73,0.0,0.0,0.0,0.0,0.0,0.0,0.0,0.0,118.73,118.73,118.73,118.73,118.73,118.73,0.0,0.0,0.0,0.0,0.0,0.0,0.0,0.0,0.0,118.73,118.73,118.73,118.73,118.73,118.73,,,,3,12,3,118.73,0.0,SAME,1.0
BFAL,2020-12-04,118.73,118.73,118.73,118.73,118.73,118.73,0.0,0.0,0.0,0.0,0.0,0.0,0.0,0.0,118.73,118.73,118.73,118.73,118.73,118.73,0.0,0.0,0.0,0.0,0.0,0.0,0.0,0.0,0.0,118.73,118.73,118.73,118.73,118.73,118.73,,,,4,12,4,118.73,0.0,SAME,1.0
BFAL,2020-12-07,118.73,118.73,118.73,118.73,118.73,118.73,0.0,0.0,0.0,0.0,0.0,0.0,0.0,0.0,118.73,118.73,118.73,118.73,118.73,118.73,0.0,0.0,0.0,0.0,0.0,0.0,0.0,0.0,0.0,118.73,118.73,118.73,118.73,118.73,118.73,,,,0,12,7,118.73,0.0,SAME,1.0
BFAL,2020-12-08,118.73,118.73,118.73,118.73,118.73,118.73,0.0,0.0,0.0,0.0,0.0,0.0,0.0,0.0,118.73,118.73,118.73,118.73,118.73,118.73,0.0,0.0,0.0,0.0,0.0,0.0,0.0,0.0,0.0,118.73,118.73,118.73,118.73,118.73,118.73,,,,1,12,8,118.73,0.0,SAME,1.0
BFAL,2020-12-09,118.73,118.73,118.73,118.73,118.73,118.73,0.0,0.0,0.0,0.0,0.0,0.0,0.0,0.0,118.73,118.73,118.73,118.73,118.73,118.73,0.0,0.0,0.0,0.0,0.0,0.0,0.0,0.0,0.0,118.73,118.73,118.73,118.73,118.73,118.73,,,,2,12,9,118.73,0.0,SAME,1.0
BFAL,2020-12-10,118.73,118.73,118.73,118.73,118.73,118.73,0.0,0.0,0.0,0.0,0.0,0.0,0.0,0.0,118.73,118.73,118.73,118.73,118.73,118.73,0.0,0.0,0.0,0.0,0.0,0.0,0.0,0.0,0.0,118.73,118.73,118.73,118.73,118.73,118.73,,,,3,12,10,118.73,0.0,SAME,1.0
BFAL,2020-12-11,118.73,118.73,118.73,118.73,118.73,118.73,0.0,0.0,0.0,0.0,0.0,0.0,0.0,0.0,118.73,118.73,118.73,118.73,118.73,118.73,0.0,0.0,0.0,0.0,0.0,0.0,0.0,0.0,0.0,118.73,118.73,118.73,118.73,118.73,118.73,,,,4,12,11,118.73,0.0,SAME,1.0
BFAL,2020-12-14,118.73,118.73,118.73,118.73,118.73,118.73,0.0,0.0,0.0,0.0,0.0,0.0,0.0,0.0,118.73,118.73,118.73,118.73,118.73,118.73,0.0,0.0,0.0,0.0,0.0,0.0,0.0,0.0,0.0,118.73,118.73,118.73,118.73,118.73,118.73,,,,0,12,14,118.73,0.0,SAME,1.0
BFAL,2020-12-15,118.73,118.73,118.73,118.73,118.73,118.73,0.0,0.0,0.0,0.0,0.0,0.0,0.0,0.0,118.73,118.73,118.73,118.73,118.73,118.73,0.0,0.0,0.0,0.0,0.0,0.0,0.0,0.0,0.0,118.73,118.73,118.73,118.73,118.73,118.73,,,,1,12,15,118.73,0.0,SAME,1.0
BFAL,2020-12-16,118.73,118.73,118.73,118.73,118.73,118.73,0.0,0.0,0.0,0.0,0.0,0.0,0.0,0.0,118.73,118.73,118.73,118.73,118.73,118.73,0.0,0.0,0.0,0.0,0.0,0.0,0.0,0.0,0.0,118.73,118.73,118.73,118.73,118.73,118.73,,,,2,12,16,118.73,0.0,SAME,1.0
BFAL,2020-12-18,118.73,118.73,118.73,118.73,118.73,118.73,0.0,0.0,0.0,0.0,0.0,0.0,0.0,0.0,118.73,118.73,118.73,118.73,118.73,118.73,0.0,0.0,0.0,0.0,0.0,0.0,0.0,0.0,0.0,118.73,118.73,118.73,118.73,118.73,118.73,,,,4,12,18,118.73,0.0,SAME,1.0
BFAL,2020-12-21,118.73,118.73,118.73,118.73,118.73,118.73,0.0,0.0,0.0,0.0,0.0,0.0,0.0,0.0,118.73,118.73,118.73,118.73,118.73,118.73,0.0,0.0,0.0,0.0,0.0,0.0,0.0,0.0,0.0,118.73,118.73,118.73,118.73,118.73,118.73,,,,0,12,21,118.73,0.0,SAME,1.0
BFAL,2020-12-22,118.73,118.73,118.73,118.73,118.73,118.73,0.0,0.0,0.0,0.0,0.0,0.0,0.0,0.0,118.73,118.73,118.73,118.73,118.73,118.73,0.0,0.0,0.0,0.0,0.0,0.0,0.0,0.0,0.0,118.73,118.73,118.73,118.73,118.73,118.73,,,,1,12,22,118.73,0.0,SAME,1.0
BFAL,2020-12-23,118.73,118.73,118.73,118.73,118.73,118.73,0.0,0.0,0.0,0.0,0.0,0.0,0.0,0.0,118.73,118.73,118.73,118.73,118.73,118.73,0.0,0.0,0.0,0.0,0.0,0.0,0.0,0.0,0.0,118.73,118.73,118.73,118.73,118.73,118.73,,,,2,12,23,118.73,0.0,SAME,1.0
BFAL,2020-12-24,118.73,118.73,118.73,118.73,118.73,118.73,0.0,0.0,0.0,0.0,0.0,0.0,0.0,0.0,118.73,118.73,118.73,118.73,118.73,118.73,0.0,0.0,0.0,0.0,0.0,0.0,0.0,0.0,0.0,118.73,118.73,118.73,118.73,118.73,118.73,,,,3,12,24,118.73,0.0,SAME,1.0
BFAL,2020-12-25,118.73,118.73,118.73,118.73,118.73,118.73,0.0,0.0,0.0,0.0,0.0,0.0,0.0,0.0,118.73,118.73,118.73,118.73,118.73,118.73,0.0,0.0,0.0,0.0,0.0,0.0,0.0,0.0,0.0,118.73,118.73,118.73,118.73,118.73,118.73,,,,4,12,25,118.73,0.0,SAME,1.0
BFAL,2020-12-28,118.73,118.73,118.73,118.73,118.73,118.73,0.0,0.0,0.0,0.0,0.0,0.0,0.0,0.0,118.73,118.73,118.73,118.73,118.73,118.73,0.0,0.0,0.0,0.0,0.0,0.0,0.0,0.0,0.0,118.73,118.73,118.73,118.73,118.73,118.73,,,,0,12,28,118.73,0.0,SAME,1.0
BFAL,2020-12-29,118.73,118.73,118.73,118.73,118.73,118.73,0.0,0.0,0.0,0.0,0.0,0.0,0.0,0.0,118.73,118.73,118.73,118.73,118.73,118.73,0.0,0.0,0.0,0.0,0.0,0.0,0.0,0.0,0.0,118.73,118.73,118.73,118.73,118.73,118.73,,,,1,12,29,118.73,0.0,SAME,1.0
BFAL,2020-12-30,118.73,118.73,118.73,118.73,118.73,118.73,0.0,0.0,0.0,0.0,0.0,0.0,0.0,0.0,118.73,118.73,118.73,118.73,118.73,118.73,0.0,0.0,0.0,0.0,0.0,0.0,0.0,0.0,0.0,118.73,118.73,118.73,118.73,118.73,118.73,,,,2,12,30,118.73,0.0,SAME,1.0
BFAL,2020-12-31,118.73,118.73,118.73,118.73,118.73,118.73,0.0,0.0,0.0,0.0,0.0,0.0,0.0,0.0,118.73,118.73,118.73,118.73,118.73,118.73,0.0,0.0,0.0,0.0,0.0,0.0,0.0,0.0,0.0,118.73,118.73,118.73,118.73,118.73,118.73,,,,3,12,31,118.73,0.0,SAME,1.0
BFAL,2021-01-01,118.73,118.73,118.73,118.73,118.73,118.73,0.0,0.0,0.0,0.0,0.0,0.0,0.0,0.0,118.73,118.73,118.73,118.73,118.73,118.73,0.0,0.0,0.0,0.0,0.0,0.0,0.0,0.0,0.0,118.73,118.73,118.73,118.73,118.73,118.73,,,,4,1,1,118.73,0.0,SAME,1.0
BFAL,2021-01-04,118.73,118.73,118.73,118.73,118.73,118.73,0.0,0.0,0.0,0.0,0.0,0.0,0.0,0.0,118.73,118.73,118.73,118.73,118.73,118.73,0.0,0.0,0.0,0.0,0.0,0.0,0.0,0.0,0.0,118.73,118.73,118.73,118.73,118.73,118.73,,,,0,1,4,118.73,0.0,SAME,1.0
BFAL,2021-01-05,118.73,118.73,118.73,118.73,118.73,118.73,0.0,0.0,0.0,0.0,0.0,0.0,0.0,0.0,118.73,118.73,118.73,118.73,118.73,118.73,0.0,0.0,0.0,0.0,0.0,0.0,0.0,0.0,0.0,118.73,118.73,118.73,118.73,118.73,118.73,,,,1,1,5,118.73,0.0,SAME,1.0
BFAL,2021-01-06,118.73,118.73,118.73,118.73,118.73,118.73,0.0,0.0,0.0,0.0,0.0,0.0,0.0,0.0,118.73,118.73,118.73,118.73,118.73,118.73,0.0,0.0,0.0,0.0,0.0,0.0,0.0,0.0,0.0,118.73,118.73,118.73,118.73,118.73,118.73,,,,2,1,6,118.73,0.0,SAME,1.0
BFAL,2021-01-07,118.73,118.73,118.73,118.73,118.73,118.73,0.0,0.0,0.0,0.0,0.0,0.0,0.0,0.0,118.73,118.73,118.73,118.73,118.73,118.73,0.0,0.0,0.0,0.0,0.0,0.0,0.0,0.0,0.0,118.73,118.73,118.73,118.73,118.73,118.73,,,,3,1,7,118.73,0.0,SAME,1.0
BFAL,2021-01-08,118.73,118.73,118.73,118.73,118.73,118.73,0.0,0.0,0.0,0.0,0.0,0.0,0.0,0.0,118.73,118.73,118.73,118.73,118.73,118.73,0.0,0.0,0.0,0.0,0.0,0.0,0.0,0.0,0.0,118.73,118.73,118.73,118.73,118.73,118.73,,,,4,1,8,118.73,0.0,SAME,1.0
BFAL,2021-01-11,118.73,118.73,118.73,118.73,118.73,118.73,0.0,0.0,0.0,0.0,0.0,0.0,0.0,0.0,118.73,118.73,118.73,118.73,118.73,118.73,0.0,0.0,0.0,0.0,0.0,0.0,0.0,0.0,0.0,118.73,118.73,118.73,118.73,118.73,118.73,,,,0,1,11,118.73,0.0,SAME,1.0
BFAL,2021-01-12,118.73,118.73,118.73,118.73,118.73,118.73,0.0,0.0,0.0,0.0,0.0,0.0,0.0,0.0,118.73,118.73,118.73,118.73,118.73,118.73,0.0,0.0,0.0,0.0,0.0,0.0,0.0,0.0,0.0,118.73,118.73,118.73,118.73,118.73,118.73,,,,1,1,12,118.73,0.0,SAME,1.0
BFAL,2021-01-13,118.73,118.73,118.73,118.73,118.73,118.73,0.0,0.0,0.0,0.0,0.0,0.0,0.0,0.0,118.73,118.73,118.73,118.73,118.73,118.73,0.0,0.0,0.0,0.0,0.0,0.0,0.0,0.0,0.0,118.73,118.73,118.73,118.73,118.73,118.73,,,,2,1,13,118.73,0.0,SAME,1.0
BFAL,2021-01-15,118.73,118.73,118.73,118.73,118.73,118.73,0.0,0.0,0.0,0.0,0.0,0.0,0.0,0.0,118.73,118.73,118.73,118.73,118.73,118.73,0.0,0.0,0.0,0.0,0.0,0.0,0.0,0.0,0.0,118.73,118.73,118.73,118.73,118.73,118.73,,,,4,1,15,118.73,0.0,SAME,1.0
BFAL,2021-01-18,118.73,118.73,118.73,118.73,118.73,118.73,0.0,0.0,0.0,0.0,0.0,0.0,0.0,0.0,118.73,118.73,118.73,118.73,118.73,118.73,0.0,0.0,0.0,0.0,0.0,0.0,0.0,0.0,0.0,118.73,118.73,118.73,118.73,118.73,118.73,,,,0,1,18,118.73,0.0,SAME,1.0
BFAL,2021-01-19,118.73,118.73,118.73,118.73,118.73,118.73,0.0,0.0,0.0,0.0,0.0,0.0,0.0,0.0,118.73,118.73,118.73,118.73,118.73,118.73,0.0,0.0,0.0,0.0,0.0,0.0,0.0,0.0,0.0,118.73,118.73,118.73,118.73,118.73,118.73,,,,1,1,19,118.73,0.0,SAME,1.0
BFAL,2021-01-20,118.73,118.73,118.73,118.73,118.73,118.73,0.0,0.0,0.0,0.0,0.0,0.0,0.0,0.0,118.73,118.73,118.73,118.73,118.73,118.73,0.0,0.0,0.0,0.0,0.0,0.0,0.0,0.0,0.0,118.73,118.73,118.73,118.73,118.73,118.73,,,,2,1,20,118.73,0.0,SAME,1.0
BFAL,2021-01-21,118.73,118.73,118.73,118.73,118.73,118.73,0.0,0.0,0.0,0.0,0.0,0.0,0.0,0.0,118.73,118.73,118.73,118.73,118.73,118.73,0.0,0.0,0.0,0.0,0.0,0.0,0.0,0.0,0.0,118.73,118.73,118.73,118.73,118.73,118.73,,,,3,1,21,118.73,0.0,SAME,1.0
BFAL,2021-01-22,118.73,118.73,118.73,118.73,118.73,118.73,0.0,0.0,0.0,0.0,0.0,0.0,0.0,0.0,118.73,118.73,118.73,118.73,118.73,118.73,0.0,0.0,0.0,0.0,0.0,0.0,0.0,0.0,0.0,118.73,118.73,118.73,118.73,118.73,118.73,,,,4,1,22,118.73,0.0,SAME,1.0
BFAL,2021-01-25,118.73,118.73,118.73,118.73,118.73,118.73,0.0,0.0,0.0,0.0,0.0,0.0,0.0,0.0,118.73,118.73,118.73,118.73,118.73,118.73,0.0,0.0,0.0,0.0,0.0,0.0,0.0,0.0,0.0,118.73,118.73,118.73,118.73,118.73,118.73,,,,0,1,25,118.73,0.0,SAME,1.0
BFAL,2021-01-26,118.73,118.73,118.73,118.73,118.73,118.73,0.0,0.0,0.0,0.0,0.0,0.0,0.0,0.0,118.73,118.73,118.73,118.73,118.73,118.73,0.0,0.0,0.0,0.0,0.0,0.0,0.0,0.0,0.0,118.73,118.73,118.73,118.73,118.73,118.73,,,,1,1,26,118.73,0.0,SAME,1.0
BFAL,2021-01-27,118.73,118.73,118.73,118.73,118.73,118.73,0.0,0.0,0.0,0.0,0.0,0.0,0.0,0.0,118.73,118.73,118.73,118.73,118.73,118.73,0.0,0.0,0.0,0.0,0.0,0.0,0.0,0.0,0.0,118.73,118.73,118.73,118.73,118.73,118.73,,,,2,1,27,118.73,0.0,SAME,1.0
BFAL,2021-01-28,118.73,118.73,118.73,118.73,118.73,118.73,0.0,0.0,0.0,0.0,0.0,0.0,0.0,0.0,118.73,118.73,118.73,118.73,118.73,118.73,0.0,0.0,0.0,0.0,0.0,0.0,0.0,0.0,0.0,118.73,118.73,118.73,118.73,118.73,118.73,,,,3,1,28,118.73,0.0,SAME,1.0
BFAL,2021-01-29,118.73,118.73,118.73,118.73,118.73,118.73,0.0,0.0,0.0,0.0,0.0,0.0,0.0,0.0,118.73,118.73,118.73,118.73,118.73,118.73,0.0,0.0,0.0,0.0,0.0,0.0,0.0,0.0,0.0,118.73,118.73,118.73,118.73,118.73,118.73,,,,4,1,29,118.73,0.0,SAME,1.0
BFAL,2021-02-01,118.73,118.73,118.73,118.73,118.73,118.73,0.0,0.0,0.0,0.0,0.0,0.0,0.0,0.0,118.73,118.73,118.73,118.73,118.73,118.73,0.0,0.0,0.0,0.0,0.0,0.0,0.0,0.0,0.0,118.73,118.73,118.73,118.73,118.73,118.73,,,,0,2,1,118.73,0.0,SAME,1.0
BFAL,2021-02-02,118.73,118.73,118.73,118.73,118.73,118.73,0.0,0.0,0.0,0.0,0.0,0.0,0.0,0.0,118.73,118.73,118.73,118.73,118.73,118.73,0.0,0.0,0.0,0.0,0.0,0.0,0.0,0.0,0.0,118.73,118.73,118.73,118.73,118.73,118.73,,,,1,2,2,118.73,0.0,SAME,1.0
BFAL,2021-02-03,118.73,118.73,118.73,118.73,118.73,118.73,0.0,0.0,0.0,0.0,0.0,0.0,0.0,0.0,118.73,118.73,118.73,118.73,118.73,118.73,0.0,0.0,0.0,0.0,0.0,0.0,0.0,0.0,0.0,118.73,118.73,118.73,118.73,118.73,118.73,,,,2,2,3,118.73,0.0,SAME,1.0
BFAL,2021-02-04,118.73,118.73,118.73,118.73,118.73,118.73,0.0,0.0,0.0,0.0,0.0,0.0,0.0,0.0,118.73,118.73,118.73,118.73,118.73,118.73,0.0,0.0,0.0,0.0,0.0,0.0,0.0,0.0,0.0,118.73,118.73,118.73,118.73,118.73,118.73,,,,3,2,4,118.73,0.0,SAME,1.0
BFAL,2021-02-05,118.73,118.73,118.73,118.73,118.73,118.73,0.0,0.0,0.0,0.0,0.0,0.0,0.0,0.0,118.73,118.73,118.73,118.73,118.73,118.73,0.0,0.0,0.0,0.0,0.0,0.0,0.0,0.0,0.0,118.73,118.73,118.73,118.73,118.73,118.73,,,,4,2,5,118.73,0.0,SAME,1.0
BFAL,2021-02-08,118.73,118.73,118.73,118.73,118.73,118.73,0.0,0.0,0.0,0.0,0.0,0.0,0.0,0.0,118.73,118.73,118.73,118.73,118.73,118.73,0.0,0.0,0.0,0.0,0.0,0.0,0.0,0.0,0.0,118.73,118.73,118.73,118.73,118.73,118.73,,,,0,2,8,118.73,0.0,SAME,1.0
BFAL,2021-02-09,118.73,118.73,118.73,118.73,118.73,118.73,0.0,0.0,0.0,0.0,0.0,0.0,0.0,0.0,118.73,118.73,118.73,118.73,118.73,118.73,0.0,0.0,0.0,0.0,0.0,0.0,0.0,0.0,0.0,118.73,118.73,118.73,118.73,118.73,118.73,,,,1,2,9,118.73,0.0,SAME,1.0
BFAL,2021-02-10,118.73,118.73,118.73,118.73,118.73,118.73,0.0,0.0,0.0,0.0,0.0,0.0,0.0,0.0,118.73,118.73,118.73,118.73,118.73,118.73,0.0,0.0,0.0,0.0,0.0,0.0,0.0,0.0,0.0,118.73,118.73,118.73,118.73,118.73,118.73,,,,2,2,10,118.73,0.0,SAME,1.0
BFAL,2021-02-11,118.73,118.73,118.73,118.73,118.73,118.73,0.0,0.0,0.0,0.0,0.0,0.0,0.0,0.0,118.73,118.73,118.73,118.73,118.73,118.73,0.0,0.0,0.0,0.0,0.0,0.0,0.0,0.0,0.0,118.73,118.73,118.73,118.73,118.73,118.73,,,,3,2,11,118.73,0.0,SAME,1.0
BFAL,2021-02-15,118.73,118.73,118.73,118.73,118.73,118.73,0.0,0.0,0.0,0.0,0.0,0.0,0.0,0.0,118.73,118.73,118.73,118.73,118.73,118.73,0.0,0.0,0.0,0.0,0.0,0.0,0.0,0.0,0.0,118.73,118.73,118.73,118.73,118.73,118.73,,,,0,2,15,118.73,0.0,SAME,1.0
BFAL,2021-02-16,118.73,118.73,118.73,118.73,118.73,118.73,0.0,0.0,0.0,0.0,0.0,0.0,0.0,0.0,118.73,118.73,118.73,118.73,118.73,118.73,0.0,0.0,0.0,0.0,0.0,0.0,0.0,0.0,0.0,118.73,118.73,118.73,118.73,118.73,118.73,,,,1,2,16,118.73,0.0,SAME,1.0
BFAL,2021-02-17,118.73,118.73,118.73,118.73,118.73,118.73,0.0,0.0,0.0,0.0,0.0,0.0,0.0,0.0,118.73,118.73,118.73,118.73,118.73,118.73,0.0,0.0,0.0,0.0,0.0,0.0,0.0,0.0,0.0,118.73,118.73,118.73,118.73,118.73,118.73,,,,2,2,17,118.73,0.0,SAME,1.0
BFAL,2021-02-18,118.73,118.73,118.73,118.73,118.73,118.73,0.0,0.0,0.0,0.0,0.0,0.0,0.0,0.0,118.73,118.73,118.73,118.73,118.73,118.73,0.0,0.0,0.0,0.0,0.0,0.0,0.0,0.0,0.0,118.73,118.73,118.73,118.73,118.73,118.73,,,,3,2,18,118.73,0.0,SAME,1.0
BFAL,2021-02-19,118.73,118.73,118.73,118.73,118.73,118.73,0.0,0.0,0.0,0.0,0.0,0.0,0.0,0.0,118.73,118.73,118.73,118.73,118.73,118.73,0.0,0.0,0.0,0.0,0.0,0.0,0.0,0.0,0.0,118.73,118.73,118.73,118.73,118.73,118.73,,,,4,2,19,118.73,0.0,SAME,1.0
BFAL,2021-02-24,118.73,118.73,118.73,118.73,118.73,118.73,0.0,0.0,0.0,0.0,0.0,0.0,0.0,0.0,118.73,118.73,118.73,118.73,118.73,118.73,0.0,0.0,0.0,0.0,0.0,0.0,0.0,0.0,0.0,118.73,118.73,118.73,118.73,118.73,118.73,,,,2,2,24,118.73,0.0,SAME,1.0
BFAL,2021-02-25,118.73,118.73,118.73,118.73,118.73,118.73,0.0,0.0,0.0,0.0,0.0,0.0,0.0,0.0,118.73,118.73,118.73,118.73,118.73,118.73,0.0,0.0,0.0,0.0,0.0,0.0,0.0,0.0,0.0,118.73,118.73,118.73,118.73,118.73,118.73,,,,3,2,25,118.73,0.0,SAME,1.0
BFAL,2021-02-26,118.73,118.73,118.73,118.73,118.73,118.73,0.0,0.0,0.0,0.0,0.0,0.0,0.0,0.0,118.73,118.73,118.73,118.73,118.73,118.73,0.0,0.0,0.0,0.0,0.0,0.0,0.0,0.0,0.0,118.73,118.73,118.73,118.73,118.73,118.73,,,,4,2,26,118.73,0.0,SAME,1.0
BFAL,2021-03-01,118.73,118.73,118.73,118.73,118.73,118.73,0.0,0.0,0.0,0.0,0.0,0.0,0.0,0.0,118.73,118.73,118.73,118.73,118.73,118.73,0.0,0.0,0.0,0.0,0.0,0.0,0.0,0.0,0.0,118.73,118.73,118.73,118.73,118.73,118.73,,,,0,3,1,118.73,0.0,SAME,1.0
BFAL,2021-03-02,118.73,118.73,118.73,118.73,118.73,118.73,0.0,0.0,0.0,0.0,0.0,0.0,0.0,0.0,118.73,118.73,118.73,118.73,118.73,118.73,0.0,0.0,0.0,0.0,0.0,0.0,0.0,0.0,0.0,118.73,118.73,118.73,118.73,118.73,118.73,,,,1,3,2,118.73,0.0,SAME,1.0
BFAL,2021-03-03,118.73,118.73,118.73,118.73,118.73,118.73,0.0,0.0,0.0,0.0,0.0,0.0,0.0,0.0,118.73,118.73,118.73,118.73,118.73,118.73,0.0,0.0,0.0,0.0,0.0,0.0,0.0,0.0,0.0,118.73,118.73,118.73,118.73,118.73,118.73,,,,2,3,3,118.73,0.0,SAME,1.0
BFAL,2021-03-04,118.73,118.73,118.73,118.73,118.73,118.73,0.0,0.0,0.0,0.0,0.0,0.0,0.0,0.0,118.73,118.73,118.73,118.73,118.73,118.73,0.0,0.0,0.0,0.0,0.0,0.0,0.0,0.0,0.0,118.73,118.73,118.73,118.73,118.73,118.73,,,,3,3,4,118.73,0.0,SAME,1.0
BFAL,2021-03-05,118.73,118.73,118.73,118.73,118.73,118.73,0.0,0.0,0.0,0.0,0.0,0.0,0.0,0.0,118.73,118.73,118.73,118.73,118.73,118.73,0.0,0.0,0.0,0.0,0.0,0.0,0.0,0.0,0.0,118.73,118.73,118.73,118.73,118.73,118.73,,,,4,3,5,118.73,0.0,SAME,1.0
BFAL,2021-03-08,118.73,118.73,118.73,118.73,118.73,118.73,0.0,0.0,0.0,0.0,0.0,0.0,0.0,0.0,118.73,118.73,118.73,118.73,118.73,118.73,0.0,0.0,0.0,0.0,0.0,0.0,0.0,0.0,0.0,118.73,118.73,118.73,118.73,118.73,118.73,,,,0,3,8,118.73,0.0,SAME,1.0
BFAL,2021-03-09,118.73,118.73,118.73,118.73,118.73,118.73,0.0,0.0,0.0,0.0,0.0,0.0,0.0,0.0,118.73,118.73,118.73,118.73,118.73,118.73,0.0,0.0,0.0,0.0,0.0,0.0,0.0,0.0,0.0,118.73,118.73,118.73,118.73,118.73,118.73,,,,1,3,9,118.73,0.0,SAME,1.0
BFAL,2021-03-10,118.73,118.73,118.73,118.73,118.73,118.73,0.0,0.0,0.0,0.0,0.0,0.0,0.0,0.0,118.73,118.73,118.73,118.73,118.73,118.73,0.0,0.0,0.0,0.0,0.0,0.0,0.0,0.0,0.0,118.73,118.73,118.73,118.73,118.73,118.73,,,,2,3,10,118.73,0.0,SAME,1.0
BFAL,2021-03-11,118.73,118.73,118.73,118.73,118.73,118.73,0.0,0.0,0.0,0.0,0.0,0.0,0.0,0.0,118.73,118.73,118.73,118.73,118.73,118.73,0.0,0.0,0.0,0.0,0.0,0.0,0.0,0.0,0.0,118.73,118.73,118.73,118.73,118.73,118.73,,,,3,3,11,118.73,0.0,SAME,1.0
BFAL,2021-03-12,118.73,118.73,118.73,118.73,118.73,118.73,0.0,0.0,0.0,0.0,0.0,0.0,0.0,0.0,118.73,118.73,118.73,118.73,118.73,118.73,0.0,0.0,0.0,0.0,0.0,0.0,0.0,0.0,0.0,118.73,118.73,118.73,118.73,118.73,118.73,,,,4,3,12,118.73,0.0,SAME,1.0
BFAL,2021-03-15,118.73,118.73,118.73,118.73,118.73,118.73,0.0,0.0,0.0,0.0,0.0,0.0,0.0,0.0,118.73,118.73,118.73,118.73,118.73,118.73,0.0,0.0,0.0,0.0,0.0,0.0,0.0,0.0,0.0,118.73,118.73,118.73,118.73,118.73,118.73,,,,0,3,15,118.73,0.0,SAME,1.0
BFAL,2021-03-16,118.73,118.73,118.73,118.73,118.73,118.73,0.0,0.0,0.0,0.0,0.0,0.0,0.0,0.0,118.73,118.73,118.73,118.73,118.73,118.73,0.0,0.0,0.0,0.0,0.0,0.0,0.0,0.0,0.0,118.73,118.73,118.73,118.73,118.73,118.73,,,,1,3,16,118.73,0.0,SAME,1.0
BFAL,2021-03-17,118.73,118.73,118.73,118.73,118.73,118.73,0.0,0.0,0.0,0.0,0.0,0.0,0.0,0.0,118.73,118.73,118.73,118.73,118.73,118.73,0.0,0.0,0.0,0.0,0.0,0.0,0.0,0.0,0.0,118.73,118.73,118.73,118.73,118.73,118.73,,,,2,3,17,118.73,0.0,SAME,1.0
BFAL,2021-03-18,118.73,118.73,118.73,118.73,118.73,118.73,0.0,0.0,0.0,0.0,0.0,0.0,0.0,0.0,118.73,118.73,118.73,118.73,118.73,118.73,0.0,0.0,0.0,0.0,0.0,0.0,0.0,0.0,0.0,118.73,118.73,118.73,118.73,118.73,118.73,,,,3,3,18,118.73,0.0,SAME,1.0
BFAL,2021-03-19,118.73,118.73,118.73,118.73,118.73,118.73,0.0,0.0,0.0,0.0,0.0,0.0,0.0,0.0,118.73,118.73,118.73,118.73,118.73,118.73,0.0,0.0,0.0,0.0,0.0,0.0,0.0,0.0,0.0,118.73,118.73,118.73,118.73,118.73,118.73,,,,4,3,19,118.73,0.0,SAME,1.0
BFAL,2021-03-22,118.73,118.73,118.73,118.73,118.73,118.73,0.0,0.0,0.0,0.0,0.0,0.0,0.0,0.0,118.73,118.73,118.73,118.73,118.73,118.73,0.0,0.0,0.0,0.0,0.0,0.0,0.0,0.0,0.0,118.73,118.73,118.73,118.73,118.73,118.73,,,,0,3,22,118.73,0.0,SAME,1.0
BFAL,2021-03-23,118.73,118.73,118.73,118.73,118.73,118.73,0.0,0.0,0.0,0.0,0.0,0.0,0.0,0.0,118.73,118.73,118.73,118.73,118.73,118.73,0.0,0.0,0.0,0.0,0.0,0.0,0.0,0.0,0.0,118.73,118.73,118.73,118.73,118.73,118.73,,,,1,3,23,118.73,0.0,SAME,1.0
BFAL,2021-03-24,118.73,118.73,118.73,118.73,118.73,118.73,0.0,0.0,0.0,0.0,0.0,0.0,0.0,0.0,118.73,118.73,118.73,118.73,118.73,118.73,0.0,0.0,0.0,0.0,0.0,0.0,0.0,0.0,0.0,118.73,118.73,118.73,118.73,118.73,118.73,,,,2,3,24,118.73,0.0,SAME,1.0
BFAL,2021-03-25,118.73,118.73,118.73,118.73,118.73,118.73,0.0,0.0,0.0,0.0,0.0,0.0,0.0,0.0,118.73,118.73,118.73,118.73,118.73,118.73,0.0,0.0,0.0,0.0,0.0,0.0,0.0,0.0,0.0,118.73,118.73,118.73,118.73,118.73,118.73,,,,3,3,25,118.73,0.0,SAME,1.0
BFAL,2021-03-26,118.73,118.73,118.73,118.73,118.73,118.73,0.0,0.0,0.0,0.0,0.0,0.0,0.0,0.0,118.73,118.73,118.73,118.73,118.73,118.73,0.0,0.0,0.0,0.0,0.0,0.0,0.0,0.0,0.0,118.73,118.73,118.73,118.73,118.73,118.73,,,,4,3,26,118.73,0.0,SAME,1.0
BFAL,2021-03-29,118.73,118.73,118.73,118.73,118.73,118.73,0.0,0.0,0.0,0.0,0.0,0.0,0.0,0.0,118.73,118.73,118.73,118.73,118.73,118.73,0.0,0.0,0.0,0.0,0.0,0.0,0.0,0.0,0.0,118.73,118.73,118.73,118.73,118.73,118.73,,,,0,3,29,118.73,0.0,SAME,1.0
BFAL,2021-03-30,118.73,118.73,118.73,118.73,118.73,118.73,0.0,0.0,0.0,0.0,0.0,0.0,0.0,0.0,118.73,118.73,118.73,118.73,118.73,118.73,0.0,0.0,0.0,0.0,0.0,0.0,0.0,0.0,0.0,118.73,118.73,118.73,118.73,118.73,118.73,,,,1,3,30,118.73,0.0,SAME,1.0
BFAL,2021-03-31,118.73,118.73,118.73,118.73,118.73,118.73,0.0,0.0,0.0,0.0,0.0,0.0,0.0,0.0,118.73,118.73,118.73,118.73,118.73,118.73,0.0,0.0,0.0,0.0,0.0,0.0,0.0,0.0,0.0,118.73,118.73,118.73,118.73,118.73,118.73,,,,2,3,31,118.73,0.0,SAME,1.0
BFAL,2021-04-01,118.73,118.73,118.73,118.73,118.73,118.73,0.0,0.0,0.0,0.0,0.0,0.0,0.0,0.0,118.73,118.73,118.73,118.73,118.73,118.73,0.0,0.0,0.0,0.0,0.0,0.0,0.0,0.0,0.0,118.73,118.73,118.73,118.73,118.73,118.73,,,,3,4,1,118.73,0.0,SAME,1.0
BFAL,2021-04-02,118.73,118.73,118.73,118.73,118.73,118.73,0.0,0.0,0.0,0.0,0.0,0.0,0.0,0.0,118.73,118.73,118.73,118.73,118.73,118.73,0.0,0.0,0.0,0.0,0.0,0.0,0.0,0.0,0.0,118.73,118.73,118.73,118.73,118.73,118.73,,,,4,4,2,118.73,0.0,SAME,1.0
BFAL,2021-04-05,118.73,118.73,118.73,118.73,118.73,118.73,0.0,0.0,0.0,0.0,0.0,0.0,0.0,0.0,118.73,118.73,118.73,118.73,118.73,118.73,0.0,0.0,0.0,0.0,0.0,0.0,0.0,0.0,0.0,118.73,118.73,118.73,118.73,118.73,118.73,,,,0,4,5,118.73,0.0,SAME,1.0
BFAL,2021-04-06,118.73,118.73,118.73,118.73,118.73,118.73,0.0,0.0,0.0,0.0,0.0,0.0,0.0,0.0,118.73,118.73,118.73,118.73,118.73,118.73,0.0,0.0,0.0,0.0,0.0,0.0,0.0,0.0,0.0,118.73,118.73,118.73,118.73,118.73,118.73,,,,1,4,6,118.73,0.0,SAME,1.0
BFAL,2021-04-07,118.73,118.73,118.73,118.73,118.73,118.73,0.0,0.0,0.0,0.0,0.0,0.0,0.0,0.0,118.73,118.73,118.73,118.73,118.73,118.73,0.0,0.0,0.0,0.0,0.0,0.0,0.0,0.0,0.0,118.73,118.73,118.73,118.73,118.73,118.73,,,,2,4,7,118.73,0.0,SAME,1.0
BFAL,2021-04-08,118.73,118.73,118.73,118.73,118.73,118.73,0.0,0.0,0.0,0.0,0.0,0.0,0.0,0.0,118.73,118.73,118.73,118.73,118.73,118.73,0.0,0.0,0.0,0.0,0.0,0.0,0.0,0.0,0.0,118.73,118.73,118.73,118.73,118.73,118.73,,,,3,4,8,118.73,0.0,SAME,1.0
BFAL,2021-04-09,118.73,118.73,118.73,118.73,118.73,118.73,0.0,0.0,0.0,0.0,0.0,0.0,0.0,0.0,118.73,118.73,118.73,118.73,118.73,118.73,0.0,0.0,0.0,0.0,0.0,0.0,0.0,0.0,0.0,118.73,118.73,118.73,118.73,118.73,118.73,,,,4,4,9,118.73,0.0,SAME,1.0
BFAL,2021-04-12,118.73,118.73,118.73,118.73,118.73,118.73,0.0,0.0,0.0,0.0,0.0,0.0,0.0,0.0,118.73,118.73,118.73,118.73,118.73,118.73,0.0,0.0,0.0,0.0,0.0,0.0,0.0,0.0,0.0,118.73,118.73,118.73,118.73,118.73,118.73,,,,0,4,12,118.73,0.0,SAME,1.0
BFAL,2021-04-13,118.73,118.73,118.73,118.73,118.73,118.73,0.0,0.0,0.0,0.0,0.0,0.0,0.0,0.0,118.73,118.73,118.73,118.73,118.73,118.73,0.0,0.0,0.0,0.0,0.0,0.0,0.0,0.0,0.0,118.73,118.73,118.73,118.73,118.73,118.73,,,,1,4,13,118.73,0.0,SAME,1.0
BFAL,2021-04-14,118.73,118.73,118.73,118.73,118.73,118.73,0.0,0.0,0.0,0.0,0.0,0.0,0.0,0.0,118.73,118.73,118.73,118.73,118.73,118.73,0.0,0.0,0.0,0.0,0.0,0.0,0.0,0.0,0.0,118.73,118.73,118.73,118.73,118.73,118.73,,,,2,4,14,118.73,0.0,SAME,1.0
BFAL,2021-04-15,118.73,118.73,118.73,118.73,118.73,118.73,0.0,0.0,0.0,0.0,0.0,0.0,0.0,0.0,118.73,118.73,118.73,118.73,118.73,118.73,0.0,0.0,0.0,0.0,0.0,0.0,0.0,0.0,0.0,118.73,118.73,118.73,118.73,118.73,118.73,,,,3,4,15,118.73,0.0,SAME,1.0
BFAL,2021-04-16,118.73,118.73,118.73,118.73,118.73,118.73,0.0,0.0,0.0,0.0,0.0,0.0,0.0,0.0,118.73,118.73,118.73,118.73,118.73,118.73,0.0,0.0,0.0,0.0,0.0,0.0,0.0,0.0,0.0,118.73,118.73,118.73,118.73,118.73,118.73,,,,4,4,16,118.73,0.0,SAME,1.0
BFAL,2021-04-19,118.73,118.73,118.73,118.73,118.73,118.73,0.0,0.0,0.0,0.0,0.0,0.0,0.0,0.0,118.73,118.73,118.73,118.73,118.73,118.73,0.0,0.0,0.0,0.0,0.0,0.0,0.0,0.0,0.0,118.73,118.73,118.73,118.73,118.73,118.73,,,,0,4,19,118.73,0.0,SAME,1.0
BFAL,2021-04-20,118.73,118.73,118.73,118.73,118.73,118.73,0.0,0.0,0.0,0.0,0.0,0.0,0.0,0.0,118.73,118.73,118.73,118.73,118.73,118.73,0.0,0.0,0.0,0.0,0.0,0.0,0.0,0.0,0.0,118.73,118.73,118.73,118.73,118.73,118.73,,,,1,4,20,118.73,0.0,SAME,1.0
BFAL,2021-04-21,118.73,118.73,118.73,118.73,118.73,118.73,0.0,0.0,0.0,0.0,0.0,0.0,0.0,0.0,118.73,118.73,118.73,118.73,118.73,118.73,0.0,0.0,0.0,0.0,0.0,0.0,0.0,0.0,0.0,118.73,118.73,118.73,118.73,118.73,118.73,,,,2,4,21,118.73,0.0,SAME,1.0
BFAL,2021-04-23,118.73,118.73,118.73,118.73,118.73,118.73,0.0,0.0,0.0,0.0,0.0,0.0,0.0,0.0,118.73,118.73,118.73,118.73,118.73,118.73,0.0,0.0,0.0,0.0,0.0,0.0,0.0,0.0,0.0,118.73,118.73,118.73,118.73,118.73,118.73,,,,4,4,23,118.73,0.0,SAME,1.0
BFAL,2021-04-26,118.73,118.73,118.73,118.73,118.73,118.73,0.0,0.0,0.0,0.0,0.0,0.0,0.0,0.0,118.73,118.73,118.73,118.73,118.73,118.73,0.0,0.0,0.0,0.0,0.0,0.0,0.0,0.0,0.0,118.73,118.73,118.73,118.73,118.73,118.73,,,,0,4,26,118.73,0.0,SAME,1.0
BFAL,2021-04-27,118.73,118.73,118.73,118.73,118.73,118.73,0.0,0.0,0.0,0.0,0.0,0.0,0.0,0.0,118.73,118.73,118.73,118.73,118.73,118.73,0.0,0.0,0.0,0.0,0.0,0.0,0.0,0.0,0.0,118.73,118.73,118.73,118.73,118.73,118.73,,,,1,4,27,118.73,0.0,SAME,1.0
BFAL,2021-04-29,118.73,118.73,118.73,118.73,118.73,118.73,0.0,0.0,0.0,0.0,0.0,0.0,0.0,0.0,118.73,118.73,118.73,118.73,118.73,118.73,0.0,0.0,0.0,0.0,0.0,0.0,0.0,0.0,0.0,118.73,118.73,118.73,118.73,118.73,118.73,,,,3,4,29,118.73,0.0,SAME,1.0
BFAL,2021-04-30,118.73,118.73,118.73,118.73,118.73,118.73,0.0,0.0,0.0,0.0,0.0,0.0,0.0,0.0,118.73,118.73,118.73,118.73,118.73,118.73,0.0,0.0,0.0,0.0,0.0,0.0,0.0,0.0,0.0,118.73,118.73,118.73,118.73,118.73,118.73,,,,4,4,30,118.73,0.0,SAME,1.0
BFAL,2021-05-03,118.73,118.73,118.73,118.73,118.73,118.73,0.0,0.0,0.0,0.0,0.0,0.0,0.0,0.0,118.73,118.73,118.73,118.73,118.73,118.73,0.0,0.0,0.0,0.0,0.0,0.0,0.0,0.0,0.0,118.73,118.73,118.73,118.73,118.73,118.73,,,,0,5,3,118.73,0.0,SAME,1.0
BFAL,2021-05-04,118.73,118.73,118.73,118.73,118.73,118.73,0.0,0.0,0.0,0.0,0.0,0.0,0.0,0.0,118.73,118.73,118.73,118.73,118.73,118.73,0.0,0.0,0.0,0.0,0.0,0.0,0.0,0.0,0.0,118.73,118.73,118.73,118.73,118.73,118.73,,,,1,5,4,118.73,0.0,SAME,1.0
BFAL,2021-05-05,118.73,118.73,118.73,118.73,118.73,118.73,0.0,0.0,0.0,0.0,0.0,0.0,0.0,0.0,118.73,118.73,118.73,118.73,118.73,118.73,0.0,0.0,0.0,0.0,0.0,0.0,0.0,0.0,0.0,118.73,118.73,118.73,118.73,118.73,118.73,,,,2,5,5,118.73,0.0,SAME,1.0
BFAL,2021-05-06,118.73,118.73,118.73,118.73,118.73,118.73,0.0,0.0,0.0,0.0,0.0,0.0,0.0,0.0,118.73,118.73,118.73,118.73,118.73,118.73,0.0,0.0,0.0,0.0,0.0,0.0,0.0,0.0,0.0,118.73,118.73,118.73,118.73,118.73,118.73,,,,3,5,6,118.73,0.0,SAME,1.0
BFAL,2021-05-07,118.73,118.73,118.73,118.73,118.73,118.73,0.0,0.0,0.0,0.0,0.0,0.0,0.0,0.0,118.73,118.73,118.73,118.73,118.73,118.73,0.0,0.0,0.0,0.0,0.0,0.0,0.0,0.0,0.0,118.73,118.73,118.73,118.73,118.73,118.73,,,,4,5,7,118.73,0.0,SAME,1.0
BFAL,2021-05-10,118.73,118.73,118.73,118.73,118.73,118.73,0.0,0.0,0.0,0.0,0.0,0.0,0.0,0.0,118.73,118.73,118.73,118.73,118.73,118.73,0.0,0.0,0.0,0.0,0.0,0.0,0.0,0.0,0.0,118.73,118.73,118.73,118.73,118.73,118.73,,,,0,5,10,118.73,0.0,SAME,1.0
BFAL,2021-05-11,118.73,118.73,118.73,118.73,118.73,118.73,0.0,0.0,0.0,0.0,0.0,0.0,0.0,0.0,118.73,118.73,118.73,118.73,118.73,118.73,0.0,0.0,0.0,0.0,0.0,0.0,0.0,0.0,0.0,118.73,118.73,118.73,118.73,118.73,118.73,,,,1,5,11,118.73,0.0,SAME,1.0
BFAL,2021-05-12,118.73,118.73,118.73,118.73,118.73,118.73,0.0,0.0,0.0,0.0,0.0,0.0,0.0,0.0,118.73,118.73,118.73,118.73,118.73,118.73,0.0,0.0,0.0,0.0,0.0,0.0,0.0,0.0,0.0,118.73,118.73,118.73,118.73,118.73,118.73,,,,2,5,12,118.73,0.0,SAME,1.0
BFAL,2021-05-13,118.73,118.73,118.73,118.73,118.73,118.73,0.0,0.0,0.0,0.0,0.0,0.0,0.0,0.0,118.73,118.73,118.73,118.73,118.73,118.73,0.0,0.0,0.0,0.0,0.0,0.0,0.0,0.0,0.0,118.73,118.73,118.73,118.73,118.73,118.73,,,,3,5,13,118.73,0.0,SAME,1.0
BFAL,2021-05-14,118.73,118.73,118.73,118.73,118.73,118.73,0.0,0.0,0.0,0.0,0.0,0.0,0.0,0.0,118.73,118.73,118.73,118.73,118.73,118.73,0.0,0.0,0.0,0.0,0.0,0.0,0.0,0.0,0.0,118.73,118.73,118.73,118.73,118.73,118.73,,,,4,5,14,118.73,0.0,SAME,1.0
BFAL,2021-05-17,118.73,118.73,118.73,118.73,118.73,118.73,0.0,0.0,0.0,0.0,0.0,0.0,0.0,0.0,118.73,118.73,118.73,118.73,118.73,118.73,0.0,0.0,0.0,0.0,0.0,0.0,0.0,0.0,0.0,118.73,118.73,118.73,118.73,118.73,118.73,,,,0,5,17,118.73,0.0,SAME,1.0
BFAL,2021-05-18,118.73,118.73,118.73,118.73,118.73,118.73,0.0,0.0,0.0,0.0,0.0,0.0,0.0,0.0,118.73,118.73,118.73,118.73,118.73,118.73,0.0,0.0,0.0,0.0,0.0,0.0,0.0,0.0,0.0,118.73,118.73,118.73,118.73,118.73,118.73,,,,1,5,18,118.73,0.0,SAME,1.0
BFAL,2021-05-19,118.73,118.73,118.73,118.73,118.73,118.73,0.0,0.0,0.0,0.0,0.0,0.0,0.0,0.0,118.73,118.73,118.73,118.73,118.73,118.73,0.0,0.0,0.0,0.0,0.0,0.0,0.0,0.0,0.0,118.73,118.73,118.73,118.73,118.73,118.73,,,,2,5,19,118.73,0.0,SAME,1.0
BFAL,2021-05-20,118.73,118.73,118.73,118.73,118.73,118.73,0.0,0.0,0.0,0.0,0.0,0.0,0.0,0.0,118.73,118.73,118.73,118.73,118.73,118.73,0.0,0.0,0.0,0.0,0.0,0.0,0.0,0.0,0.0,118.73,118.73,118.73,118.73,118.73,118.73,,,,3,5,20,118.73,0.0,SAME,1.0
BFAL,2021-05-21,118.73,118.73,118.73,118.73,118.73,118.73,0.0,0.0,0.0,0.0,0.0,0.0,0.0,0.0,118.73,118.73,118.73,118.73,118.73,118.73,0.0,0.0,0.0,0.0,0.0,0.0,0.0,0.0,0.0,118.73,118.73,118.73,118.73,118.73,118.73,,,,4,5,21,118.73,0.0,SAME,1.0
BFAL,2021-05-24,118.73,118.73,118.73,118.73,118.73,118.73,0.0,0.0,0.0,0.0,0.0,0.0,0.0,0.0,118.73,118.73,118.73,118.73,118.73,118.73,0.0,0.0,0.0,0.0,0.0,0.0,0.0,0.0,0.0,118.73,118.73,118.73,118.73,118.73,118.73,,,,0,5,24,118.73,0.0,SAME,1.0
BFAL,2021-05-25,118.73,118.73,118.73,118.73,118.73,118.73,0.0,0.0,0.0,0.0,0.0,0.0,0.0,0.0,118.73,118.73,118.73,118.73,118.73,118.73,0.0,0.0,0.0,0.0,0.0,0.0,0.0,0.0,0.0,118.73,118.73,118.73,118.73,118.73,118.73,,,,1,5,25,118.73,0.0,SAME,1.0
BFAL,2021-05-27,118.73,118.73,118.73,118.73,118.73,118.73,0.0,0.0,0.0,0.0,0.0,0.0,0.0,0.0,118.73,118.73,118.73,118.73,118.73,118.73,0.0,0.0,0.0,0.0,0.0,0.0,0.0,0.0,0.0,118.73,118.73,118.73,118.73,118.73,118.73,,,,3,5,27,118.73,0.0,SAME,1.0
BFAL,2021-05-28,118.73,118.73,118.73,118.73,118.73,118.73,0.0,0.0,0.0,0.0,0.0,0.0,0.0,0.0,118.73,118.73,118.73,118.73,118.73,118.73,0.0,0.0,0.0,0.0,0.0,0.0,0.0,0.0,0.0,118.73,118.73,118.73,118.73,118.73,118.73,,,,4,5,28,118.73,0.0,SAME,1.0
BFAL,2021-05-31,118.73,118.73,118.73,118.73,118.73,118.73,0.0,0.0,0.0,0.0,0.0,0.0,0.0,0.0,118.73,118.73,118.73,118.73,118.73,118.73,0.0,0.0,0.0,0.0,0.0,0.0,0.0,0.0,0.0,118.73,118.73,118.73,118.73,118.73,118.73,,,,0,5,31,118.73,0.0,SAME,1.0
BFAL,2021-06-01,118.73,118.73,118.73,118.73,118.73,118.73,0.0,0.0,0.0,0.0,0.0,0.0,0.0,0.0,118.73,118.73,118.73,118.73,118.73,118.73,0.0,0.0,0.0,0.0,0.0,0.0,0.0,0.0,0.0,118.73,118.73,118.73,118.73,118.73,118.73,,,,1,6,1,118.73,0.0,SAME,1.0
BFAL,2021-06-02,118.73,118.73,118.73,118.73,118.73,118.73,0.0,0.0,0.0,0.0,0.0,0.0,0.0,0.0,118.73,118.73,118.73,118.73,118.73,118.73,0.0,0.0,0.0,0.0,0.0,0.0,0.0,0.0,0.0,118.73,118.73,118.73,118.73,118.73,118.73,,,,2,6,2,118.73,0.0,SAME,1.0
BFAL,2021-06-03,118.73,118.73,118.73,118.73,118.73,118.73,0.0,0.0,0.0,0.0,0.0,0.0,0.0,0.0,118.73,118.73,118.73,118.73,118.73,118.73,0.0,0.0,0.0,0.0,0.0,0.0,0.0,0.0,0.0,118.73,118.73,118.73,118.73,118.73,118.73,,,,3,6,3,118.73,0.0,SAME,1.0
BFAL,2021-06-04,118.73,118.73,118.73,118.73,118.73,118.73,0.0,0.0,0.0,0.0,0.0,0.0,0.0,0.0,118.73,118.73,118.73,118.73,118.73,118.73,0.0,0.0,0.0,0.0,0.0,0.0,0.0,0.0,0.0,118.73,118.73,118.73,118.73,118.73,118.73,,,,4,6,4,118.73,0.0,SAME,1.0
BFAL,2021-06-07,118.73,118.73,118.73,118.73,118.73,118.73,0.0,0.0,0.0,0.0,0.0,0.0,0.0,0.0,118.73,118.73,118.73,118.73,118.73,118.73,0.0,0.0,0.0,0.0,0.0,0.0,0.0,0.0,0.0,118.73,118.73,118.73,118.73,118.73,118.73,,,,0,6,7,118.73,0.0,SAME,1.0
BFAL,2021-06-08,118.73,118.73,118.73,118.73,118.73,118.73,0.0,0.0,0.0,0.0,0.0,0.0,0.0,0.0,118.73,118.73,118.73,118.73,118.73,118.73,0.0,0.0,0.0,0.0,0.0,0.0,0.0,0.0,0.0,118.73,118.73,118.73,118.73,118.73,118.73,,,,1,6,8,118.73,0.0,SAME,1.0
BFAL,2021-06-09,118.73,118.73,118.73,118.73,118.73,118.73,0.0,0.0,0.0,0.0,0.0,0.0,0.0,0.0,118.73,118.73,118.73,118.73,118.73,118.73,0.0,0.0,0.0,0.0,0.0,0.0,0.0,0.0,0.0,118.73,118.73,118.73,118.73,118.73,118.73,,,,2,6,9,118.73,0.0,SAME,1.0
BFAL,2021-06-10,118.73,118.73,118.73,118.73,118.73,118.73,0.0,0.0,0.0,0.0,0.0,0.0,0.0,0.0,118.73,118.73,118.73,118.73,118.73,118.73,0.0,0.0,0.0,0.0,0.0,0.0,0.0,0.0,0.0,118.73,118.73,118.73,118.73,118.73,118.73,,,,3,6,10,118.73,0.0,SAME,1.0
BFAL,2021-06-11,118.73,118.73,118.73,118.73,118.73,118.73,0.0,0.0,0.0,0.0,0.0,0.0,0.0,0.0,118.73,118.73,118.73,118.73,118.73,118.73,0.0,0.0,0.0,0.0,0.0,0.0,0.0,0.0,0.0,118.73,118.73,118.73,118.73,118.73,118.73,,,,4,6,11,118.73,0.0,SAME,1.0
BFAL,2021-06-14,118.73,118.73,118.73,118.73,118.73,118.73,0.0,0.0,0.0,0.0,0.0,0.0,0.0,0.0,118.73,118.73,118.73,118.73,118.73,118.73,0.0,0.0,0.0,0.0,0.0,0.0,0.0,0.0,0.0,118.73,118.73,118.73,118.73,118.73,118.73,,,,0,6,14,118.73,0.0,SAME,1.0
BFAL,2021-06-15,118.73,118.73,118.73,118.73,118.73,118.73,0.0,0.0,0.0,0.0,0.0,0.0,0.0,0.0,118.73,118.73,118.73,118.73,118.73,118.73,0.0,0.0,0.0,0.0,0.0,0.0,0.0,0.0,0.0,118.73,118.73,118.73,118.73,118.73,118.73,,,,1,6,15,118.73,0.0,SAME,1.0
BFAL,2021-06-16,118.73,118.73,118.73,118.73,118.73,118.73,0.0,0.0,0.0,0.0,0.0,0.0,0.0,0.0,118.73,118.73,118.73,118.73,118.73,118.73,0.0,0.0,0.0,0.0,0.0,0.0,0.0,0.0,0.0,118.73,118.73,118.73,118.73,118.73,118.73,,,,2,6,16,118.73,0.0,SAME,1.0
BFAL,2021-06-17,118.73,118.73,118.73,118.73,118.73,118.73,0.0,0.0,0.0,0.0,0.0,0.0,0.0,0.0,118.73,118.73,118.73,118.73,118.73,118.73,0.0,0.0,0.0,0.0,0.0,0.0,0.0,0.0,0.0,118.73,118.73,118.73,118.73,118.73,118.73,,,,3,6,17,118.73,0.0,SAME,1.0
BFAL,2021-06-18,118.73,118.73,118.73,118.73,118.73,118.73,0.0,0.0,0.0,0.0,0.0,0.0,0.0,0.0,118.73,118.73,118.73,118.73,118.73,118.73,0.0,0.0,0.0,0.0,0.0,0.0,0.0,0.0,0.0,118.73,118.73,118.73,118.73,118.73,118.73,,,,4,6,18,118.73,0.0,SAME,1.0
BFAL,2021-06-21,118.73,118.73,118.73,118.73,118.73,118.73,0.0,0.0,0.0,0.0,0.0,0.0,0.0,0.0,118.73,118.73,118.73,118.73,118.73,118.73,0.0,0.0,0.0,0.0,0.0,0.0,0.0,0.0,0.0,118.73,118.73,118.73,118.73,118.73,118.73,,,,0,6,21,118.73,0.0,SAME,1.0
BFAL,2021-06-22,118.73,118.73,118.73,118.73,118.73,118.73,0.0,0.0,0.0,0.0,0.0,0.0,0.0,0.0,118.73,118.73,118.73,118.73,118.73,118.73,0.0,0.0,0.0,0.0,0.0,0.0,0.0,0.0,0.0,118.73,118.73,118.73,118.73,118.73,118.73,,,,1,6,22,118.73,0.0,SAME,1.0
BFAL,2021-06-23,118.73,118.73,118.73,118.73,118.73,118.73,0.0,0.0,0.0,0.0,0.0,0.0,0.0,0.0,118.73,118.73,118.73,118.73,118.73,118.73,0.0,0.0,0.0,0.0,0.0,0.0,0.0,0.0,0.0,118.73,118.73,118.73,118.73,118.73,118.73,,,,2,6,23,118.73,0.0,SAME,1.0
BFAL,2021-06-24,118.73,118.73,118.73,118.73,118.73,118.73,0.0,0.0,0.0,0.0,0.0,0.0,0.0,0.0,118.73,118.73,118.73,118.73,118.73,118.73,0.0,0.0,0.0,0.0,0.0,0.0,0.0,0.0,0.0,118.73,118.73,118.73,118.73,118.73,118.73,,,,3,6,24,118.73,0.0,SAME,1.0
BFAL,2021-06-25,118.73,118.73,118.73,118.73,118.73,118.73,0.0,0.0,0.0,0.0,0.0,0.0,0.0,0.0,118.73,118.73,118.73,118.73,118.73,118.73,0.0,0.0,0.0,0.0,0.0,0.0,0.0,0.0,0.0,118.73,118.73,118.73,118.73,118.73,118.73,,,,4,6,25,118.73,0.0,SAME,1.0
BFAL,2021-06-28,118.73,118.73,118.73,118.73,118.73,118.73,0.0,0.0,0.0,0.0,0.0,0.0,0.0,0.0,118.73,118.73,118.73,118.73,118.73,118.73,0.0,0.0,0.0,0.0,0.0,0.0,0.0,0.0,0.0,118.73,118.73,118.73,118.73,118.73,118.73,,,,0,6,28,118.73,0.0,SAME,1.0
BFAL,2021-06-29,118.73,118.73,118.73,118.73,118.73,118.73,0.0,0.0,0.0,0.0,0.0,0.0,0.0,0.0,118.73,118.73,118.73,118.73,118.73,118.73,0.0,0.0,0.0,0.0,0.0,0.0,0.0,0.0,0.0,118.73,118.73,118.73,118.73,118.73,118.73,,,,1,6,29,118.73,0.0,SAME,1.0
BFAL,2021-06-30,118.73,118.73,118.73,118.73,118.73,118.73,0.0,0.0,0.0,0.0,0.0,0.0,0.0,0.0,118.73,118.73,118.73,118.73,118.73,118.73,0.0,0.0,0.0,0.0,0.0,0.0,0.0,0.0,0.0,118.73,118.73,118.73,118.73,118.73,118.73,,,,2,6,30,118.73,0.0,SAME,1.0
BFAL,2021-07-01,118.73,118.73,118.73,118.73,118.73,118.73,0.0,0.0,0.0,0.0,0.0,0.0,0.0,0.0,118.73,118.73,118.73,118.73,118.73,118.73,0.0,0.0,0.0,0.0,0.0,0.0,0.0,0.0,0.0,118.73,118.73,118.73,118.73,118.73,118.73,,,,3,7,1,118.73,0.0,SAME,1.0
BFAL,2021-07-02,118.73,118.73,118.73,118.73,118.73,118.73,0.0,0.0,0.0,0.0,0.0,0.0,0.0,0.0,118.73,118.73,118.73,118.73,118.73,118.73,0.0,0.0,0.0,0.0,0.0,0.0,0.0,0.0,0.0,118.73,118.73,118.73,118.73,118.73,118.73,,,,4,7,2,118.73,0.0,SAME,1.0
BFAL,2021-07-05,118.73,118.73,118.73,118.73,118.73,118.73,0.0,0.0,0.0,0.0,0.0,0.0,0.0,0.0,118.73,118.73,118.73,118.73,118.73,118.73,0.0,0.0,0.0,0.0,0.0,0.0,0.0,0.0,0.0,118.73,118.73,118.73,118.73,118.73,118.73,,,,0,7,5,118.73,0.0,SAME,1.0
BFAL,2021-07-06,118.73,118.73,118.73,118.73,118.73,118.73,0.0,0.0,0.0,0.0,0.0,0.0,0.0,0.0,118.73,118.73,118.73,118.73,118.73,118.73,0.0,0.0,0.0,0.0,0.0,0.0,0.0,0.0,0.0,118.73,118.73,118.73,118.73,118.73,118.73,,,,1,7,6,118.73,0.0,SAME,1.0
BFAL,2021-07-07,118.73,118.73,118.73,118.73,118.73,118.73,0.0,0.0,0.0,0.0,0.0,0.0,0.0,0.0,118.73,118.73,118.73,118.73,118.73,118.73,0.0,0.0,0.0,0.0,0.0,0.0,0.0,0.0,0.0,118.73,118.73,118.73,118.73,118.73,118.73,,,,2,7,7,118.73,0.0,SAME,1.0
BFAL,2021-07-08,118.73,118.73,118.73,118.73,118.73,118.73,0.0,0.0,0.0,0.0,0.0,0.0,0.0,0.0,118.73,118.73,118.73,118.73,118.73,118.73,0.0,0.0,0.0,0.0,0.0,0.0,0.0,0.0,0.0,118.73,118.73,118.73,118.73,118.73,118.73,,,,3,7,8,118.73,0.0,SAME,1.0
BFAL,2021-07-09,118.73,118.73,118.73,118.73,118.73,118.73,0.0,0.0,0.0,0.0,0.0,0.0,0.0,0.0,118.73,118.73,118.73,118.73,118.73,118.73,0.0,0.0,0.0,0.0,0.0,0.0,0.0,0.0,0.0,118.73,118.73,118.73,118.73,118.73,118.73,,,,4,7,9,118.73,0.0,SAME,1.0
BFAL,2021-07-12,118.73,118.73,118.73,118.73,118.73,118.73,0.0,0.0,0.0,0.0,0.0,0.0,0.0,0.0,118.73,118.73,118.73,118.73,118.73,118.73,0.0,0.0,0.0,0.0,0.0,0.0,0.0,0.0,0.0,118.73,118.73,118.73,118.73,118.73,118.73,,,,0,7,12,118.73,0.0,SAME,1.0
BFAL,2021-07-13,118.73,118.73,118.73,118.73,118.73,118.73,0.0,0.0,0.0,0.0,0.0,0.0,0.0,0.0,118.73,118.73,118.73,118.73,118.73,118.73,0.0,0.0,0.0,0.0,0.0,0.0,0.0,0.0,0.0,118.73,118.73,118.73,118.73,118.73,118.73,,,,1,7,13,118.73,0.0,SAME,1.0
BFAL,2021-07-15,118.73,118.73,118.73,118.73,118.73,118.73,0.0,0.0,0.0,0.0,0.0,0.0,0.0,0.0,118.73,118.73,118.73,118.73,118.73,118.73,0.0,0.0,0.0,0.0,0.0,0.0,0.0,0.0,0.0,118.73,118.73,118.73,118.73,118.73,118.73,,,,3,7,15,118.73,0.0,SAME,1.0
BFAL,2021-07-16,118.73,118.73,118.73,118.73,118.73,118.73,0.0,0.0,0.0,0.0,0.0,0.0,0.0,0.0,118.73,118.73,118.73,118.73,118.73,118.73,0.0,0.0,0.0,0.0,0.0,0.0,0.0,0.0,0.0,118.73,118.73,118.73,118.73,118.73,118.73,,,,4,7,16,118.73,0.0,SAME,1.0
BFAL,2021-07-19,118.73,118.73,118.73,118.73,118.73,118.73,0.0,0.0,0.0,0.0,0.0,0.0,0.0,0.0,118.73,118.73,118.73,118.73,118.73,118.73,0.0,0.0,0.0,0.0,0.0,0.0,0.0,0.0,0.0,118.73,118.73,118.73,118.73,118.73,118.73,,,,0,7,19,118.73,0.0,SAME,1.0
BFAL,2021-07-20,118.73,118.73,118.73,118.73,118.73,118.73,0.0,0.0,0.0,0.0,0.0,0.0,0.0,0.0,118.73,118.73,118.73,118.73,118.73,118.73,0.0,0.0,0.0,0.0,0.0,0.0,0.0,0.0,0.0,118.73,118.73,118.73,118.73,118.73,118.73,,,,1,7,20,118.73,0.0,SAME,1.0
BFAL,2021-07-21,118.73,118.73,118.73,118.73,118.73,118.73,0.0,0.0,0.0,0.0,0.0,0.0,0.0,0.0,118.73,118.73,118.73,118.73,118.73,118.73,0.0,0.0,0.0,0.0,0.0,0.0,0.0,0.0,0.0,118.73,118.73,118.73,118.73,118.73,118.73,,,,2,7,21,118.73,0.0,SAME,1.0
BFAL,2021-07-22,118.73,118.73,118.73,118.73,118.73,118.73,0.0,0.0,0.0,0.0,0.0,0.0,0.0,0.0,118.73,118.73,118.73,118.73,118.73,118.73,0.0,0.0,0.0,0.0,0.0,0.0,0.0,0.0,0.0,118.73,118.73,118.73,118.73,118.73,118.73,,,,3,7,22,118.73,0.0,SAME,1.0
BFAL,2021-07-23,118.73,118.73,118.73,118.73,118.73,118.73,0.0,0.0,0.0,0.0,0.0,0.0,0.0,0.0,118.73,118.73,118.73,118.73,118.73,118.73,0.0,0.0,0.0,0.0,0.0,0.0,0.0,0.0,0.0,118.73,118.73,118.73,118.73,118.73,118.73,,,,4,7,23,118.73,0.0,SAME,1.0
BFAL,2021-07-26,118.73,118.73,118.73,118.73,118.73,118.73,0.0,0.0,0.0,0.0,0.0,0.0,0.0,0.0,118.73,118.73,118.73,118.73,118.73,118.73,0.0,0.0,0.0,0.0,0.0,0.0,0.0,0.0,0.0,118.73,118.73,118.73,118.73,118.73,118.73,,,,0,7,26,118.73,0.0,SAME,1.0
BFAL,2021-07-27,118.73,118.73,118.73,118.73,118.73,118.73,0.0,0.0,0.0,0.0,0.0,0.0,0.0,0.0,118.73,118.73,118.73,118.73,118.73,118.73,0.0,0.0,0.0,0.0,0.0,0.0,0.0,0.0,0.0,118.73,118.73,118.73,118.73,118.73,118.73,,,,1,7,27,118.73,0.0,SAME,1.0
BFAL,2021-07-28,118.73,118.73,118.73,118.73,118.73,118.73,0.0,0.0,0.0,0.0,0.0,0.0,0.0,0.0,118.73,118.73,118.73,118.73,118.73,118.73,0.0,0.0,0.0,0.0,0.0,0.0,0.0,0.0,0.0,118.73,118.73,118.73,118.73,118.73,118.73,,,,2,7,28,118.73,0.0,SAME,1.0
BFAL,2021-07-29,118.73,118.73,118.73,118.73,118.73,118.73,0.0,0.0,0.0,0.0,0.0,0.0,0.0,0.0,118.73,118.73,118.73,118.73,118.73,118.73,0.0,0.0,0.0,0.0,0.0,0.0,0.0,0.0,0.0,118.73,118.73,118.73,118.73,118.73,118.73,,,,3,7,29,118.73,0.0,SAME,1.0
BFAL,2021-07-30,118.73,118.73,118.73,118.73,118.73,118.73,0.0,0.0,0.0,0.0,0.0,0.0,0.0,0.0,118.73,118.73,118.73,118.73,118.73,118.73,0.0,0.0,0.0,0.0,0.0,0.0,0.0,0.0,0.0,118.73,118.73,118.73,118.73,118.73,118.73,,,,4,7,30,118.73,0.0,SAME,1.0
BFAL,2021-08-02,118.73,118.73,118.73,118.73,118.73,118.73,0.0,0.0,0.0,0.0,0.0,0.0,0.0,0.0,118.73,118.73,118.73,118.73,118.73,118.73,0.0,0.0,0.0,0.0,0.0,0.0,0.0,0.0,0.0,118.73,118.73,118.73,118.73,118.73,118.73,,,,0,8,2,118.73,0.0,SAME,1.0
BFAL,2021-08-03,118.73,118.73,118.73,118.73,118.73,118.73,0.0,0.0,0.0,0.0,0.0,0.0,0.0,0.0,118.73,118.73,118.73,118.73,118.73,118.73,0.0,0.0,0.0,0.0,0.0,0.0,0.0,0.0,0.0,118.73,118.73,118.73,118.73,118.73,118.73,,,,1,8,3,118.73,0.0,SAME,1.0
BFAL,2021-08-04,118.73,118.73,118.73,118.73,118.73,118.73,0.0,0.0,0.0,0.0,0.0,0.0,0.0,0.0,118.73,118.73,118.73,118.73,118.73,118.73,0.0,0.0,0.0,0.0,0.0,0.0,0.0,0.0,0.0,118.73,118.73,118.73,118.73,118.73,118.73,,,,2,8,4,118.73,0.0,SAME,1.0
BFAL,2021-08-05,118.73,118.73,118.73,118.73,118.73,118.73,0.0,0.0,0.0,0.0,0.0,0.0,0.0,0.0,118.73,118.73,118.73,118.73,118.73,118.73,0.0,0.0,0.0,0.0,0.0,0.0,0.0,0.0,0.0,118.73,118.73,118.73,118.73,118.73,118.73,,,,3,8,5,118.73,0.0,SAME,1.0
BFAL,2021-08-06,118.73,118.73,118.73,118.73,118.73,118.73,0.0,0.0,0.0,0.0,0.0,0.0,0.0,0.0,118.73,118.73,118.73,118.73,118.73,118.73,0.0,0.0,0.0,0.0,0.0,0.0,0.0,0.0,0.0,118.73,118.73,118.73,118.73,118.73,118.73,,,,4,8,6,118.73,0.0,SAME,1.0
BFAL,2021-08-09,118.73,118.73,118.73,118.73,118.73,118.73,0.0,0.0,0.0,0.0,0.0,0.0,0.0,0.0,118.73,118.73,118.73,118.73,118.73,118.73,0.0,0.0,0.0,0.0,0.0,0.0,0.0,0.0,0.0,118.73,118.73,118.73,118.73,118.73,118.73,,,,0,8,9,118.73,0.0,SAME,1.0
BFAL,2021-08-10,118.73,118.73,118.73,118.73,118.73,118.73,0.0,0.0,0.0,0.0,0.0,0.0,0.0,0.0,118.73,118.73,118.73,118.73,118.73,118.73,0.0,0.0,0.0,0.0,0.0,0.0,0.0,0.0,0.0,118.73,118.73,118.73,118.73,118.73,118.73,,,,1,8,10,118.73,0.0,SAME,1.0
BFAL,2021-08-11,118.73,118.73,118.73,118.73,118.73,118.73,0.0,0.0,0.0,0.0,0.0,0.0,0.0,0.0,118.73,118.73,118.73,118.73,118.73,118.73,0.0,0.0,0.0,0.0,0.0,0.0,0.0,0.0,0.0,118.73,118.73,118.73,118.73,118.73,118.73,,,,2,8,11,118.73,0.0,SAME,1.0
BFAL,2021-08-12,118.73,118.73,118.73,118.73,118.73,118.73,0.0,0.0,0.0,0.0,0.0,0.0,0.0,0.0,118.73,118.73,118.73,118.73,118.73,118.73,0.0,0.0,0.0,0.0,0.0,0.0,0.0,0.0,0.0,118.73,118.73,118.73,118.73,118.73,118.73,,,,3,8,12,118.73,0.0,SAME,1.0
BFAL,2021-08-13,118.73,118.73,118.73,118.73,118.73,118.73,0.0,0.0,0.0,0.0,0.0,0.0,0.0,0.0,118.73,118.73,118.73,118.73,118.73,118.73,0.0,0.0,0.0,0.0,0.0,0.0,0.0,0.0,0.0,118.73,118.73,118.73,118.73,118.73,118.73,,,,4,8,13,118.73,0.0,SAME,1.0
BFAL,2021-08-16,118.73,118.73,118.73,118.73,118.73,118.73,0.0,0.0,0.0,0.0,0.0,0.0,0.0,0.0,118.73,118.73,118.73,118.73,118.73,118.73,0.0,0.0,0.0,0.0,0.0,0.0,0.0,0.0,0.0,118.73,118.73,118.73,118.73,118.73,118.73,,,,0,8,16,118.73,0.0,SAME,1.0
BFAL,2021-08-17,118.73,118.73,118.73,118.73,118.73,118.73,0.0,0.0,0.0,0.0,0.0,0.0,0.0,0.0,118.73,118.73,118.73,118.73,118.73,118.73,0.0,0.0,0.0,0.0,0.0,0.0,0.0,0.0,0.0,118.73,118.73,118.73,118.73,118.73,118.73,,,,1,8,17,118.73,0.0,SAME,1.0
BFAL,2021-08-18,118.73,118.73,118.73,118.73,118.73,118.73,0.0,0.0,0.0,0.0,0.0,0.0,0.0,0.0,118.73,118.73,118.73,118.73,118.73,118.73,0.0,0.0,0.0,0.0,0.0,0.0,0.0,0.0,0.0,118.73,118.73,118.73,118.73,118.73,118.73,,,,2,8,18,118.73,0.0,SAME,1.0
BFAL,2021-08-19,118.73,118.73,118.73,118.73,118.73,118.73,0.0,0.0,0.0,0.0,0.0,0.0,0.0,0.0,118.73,118.73,118.73,118.73,118.73,118.73,0.0,0.0,0.0,0.0,0.0,0.0,0.0,0.0,0.0,118.73,118.73,118.73,118.73,118.73,118.73,,,,3,8,19,118.73,0.0,SAME,1.0
BFAL,2021-08-20,118.73,118.73,118.73,118.73,118.73,118.73,0.0,0.0,0.0,0.0,0.0,0.0,0.0,0.0,118.73,118.73,118.73,118.73,118.73,118.73,0.0,0.0,0.0,0.0,0.0,0.0,0.0,0.0,0.0,118.73,118.73,118.73,118.73,118.73,118.73,,,,4,8,20,118.73,0.0,SAME,1.0
BFAL,2021-08-23,118.73,118.73,118.73,118.73,118.73,118.73,0.0,0.0,0.0,0.0,0.0,0.0,0.0,0.0,118.73,118.73,118.73,118.73,118.73,118.73,0.0,0.0,0.0,0.0,0.0,0.0,0.0,0.0,0.0,118.73,118.73,118.73,118.73,118.73,118.73,,,,0,8,23,118.73,0.0,SAME,1.0
BFAL,2021-08-24,118.73,118.73,118.73,118.73,118.73,118.73,0.0,0.0,0.0,0.0,0.0,0.0,0.0,0.0,118.73,118.73,118.73,118.73,118.73,118.73,0.0,0.0,0.0,0.0,0.0,0.0,0.0,0.0,0.0,118.73,118.73,118.73,118.73,118.73,118.73,,,,1,8,24,118.73,0.0,SAME,1.0
BFAL,2021-08-25,118.73,118.73,118.73,118.73,118.73,118.73,0.0,0.0,0.0,0.0,0.0,0.0,0.0,0.0,118.73,118.73,118.73,118.73,118.73,118.73,0.0,0.0,0.0,0.0,0.0,0.0,0.0,0.0,0.0,118.73,118.73,118.73,118.73,118.73,118.73,,,,2,8,25,118.73,0.0,SAME,1.0
BFAL,2021-08-26,118.73,118.73,118.73,118.73,118.73,118.73,0.0,0.0,0.0,0.0,0.0,0.0,0.0,0.0,118.73,118.73,118.73,118.73,118.73,118.73,0.0,0.0,0.0,0.0,0.0,0.0,0.0,0.0,0.0,118.73,118.73,118.73,118.73,118.73,118.73,,,,3,8,26,118.73,0.0,SAME,1.0
BFAL,2021-08-27,118.73,118.73,118.73,118.73,118.73,118.73,0.0,0.0,0.0,0.0,0.0,0.0,0.0,0.0,118.73,118.73,118.73,118.73,118.73,118.73,0.0,0.0,0.0,0.0,0.0,0.0,0.0,0.0,0.0,118.73,118.73,118.73,118.73,118.73,118.73,,,,4,8,27,118.73,0.0,SAME,1.0
BFAL,2021-08-30,118.73,118.73,118.73,118.73,118.73,118.73,0.0,0.0,0.0,0.0,0.0,0.0,0.0,0.0,118.73,118.73,118.73,118.73,118.73,118.73,0.0,0.0,0.0,0.0,0.0,0.0,0.0,0.0,0.0,118.73,118.73,118.73,118.73,118.73,118.73,,,,0,8,30,118.73,0.0,SAME,1.0
BFAL,2021-08-31,118.73,118.73,118.73,118.73,118.73,118.73,0.0,0.0,0.0,0.0,0.0,0.0,0.0,0.0,118.73,118.73,118.73,118.73,118.73,118.73,0.0,0.0,0.0,0.0,0.0,0.0,0.0,0.0,0.0,118.73,118.73,118.73,118.73,118.73,118.73,,,,1,8,31,118.73,0.0,SAME,1.0
BFAL,2021-09-01,118.73,118.73,118.73,118.73,118.73,118.73,0.0,0.0,0.0,0.0,0.0,0.0,0.0,0.0,118.73,118.73,118.73,118.73,118.73,118.73,0.0,0.0,0.0,0.0,0.0,0.0,0.0,0.0,0.0,118.73,118.73,118.73,118.73,118.73,118.73,,,,2,9,1,118.73,0.0,SAME,1.0
BFAL,2021-09-02,118.73,118.73,118.73,118.73,118.73,118.73,0.0,0.0,0.0,0.0,0.0,0.0,0.0,0.0,118.73,118.73,118.73,118.73,118.73,118.73,0.0,0.0,0.0,0.0,0.0,0.0,0.0,0.0,0.0,118.73,118.73,118.73,118.73,118.73,118.73,,,,3,9,2,118.73,0.0,SAME,1.0
BFAL,2021-09-03,118.73,118.73,118.73,118.73,118.73,118.73,0.0,0.0,0.0,0.0,0.0,0.0,0.0,0.0,118.73,118.73,118.73,118.73,118.73,118.73,0.0,0.0,0.0,0.0,0.0,0.0,0.0,0.0,0.0,118.73,118.73,118.73,118.73,118.73,118.73,,,,4,9,3,118.73,0.0,SAME,1.0
BFAL,2021-09-06,118.73,118.73,118.73,118.73,118.73,118.73,0.0,0.0,0.0,0.0,0.0,0.0,0.0,0.0,118.73,118.73,118.73,118.73,118.73,118.73,0.0,0.0,0.0,0.0,0.0,0.0,0.0,0.0,0.0,118.73,118.73,118.73,118.73,118.73,118.73,,,,0,9,6,118.73,0.0,SAME,1.0
BFAL,2021-09-07,118.73,118.73,118.73,118.73,118.73,118.73,0.0,0.0,0.0,0.0,0.0,0.0,0.0,0.0,118.73,118.73,118.73,118.73,118.73,118.73,0.0,0.0,0.0,0.0,0.0,0.0,0.0,0.0,0.0,118.73,118.73,118.73,118.73,118.73,118.73,,,,1,9,7,118.73,0.0,SAME,1.0
BFAL,2021-09-08,118.73,118.73,118.73,118.73,118.73,118.73,0.0,0.0,0.0,0.0,0.0,0.0,0.0,0.0,118.73,118.73,118.73,118.73,118.73,118.73,0.0,0.0,0.0,0.0,0.0,0.0,0.0,0.0,0.0,118.73,118.73,118.73,118.73,118.73,118.73,,,,2,9,8,118.73,0.0,SAME,1.0
BFAL,2021-09-09,118.73,118.73,118.73,118.73,118.73,118.73,0.0,0.0,0.0,0.0,0.0,0.0,0.0,0.0,118.73,118.73,118.73,118.73,118.73,118.73,0.0,0.0,0.0,0.0,0.0,0.0,0.0,0.0,0.0,118.73,118.73,118.73,118.73,118.73,118.73,,,,3,9,9,118.73,0.0,SAME,1.0
BFAL,2021-09-10,118.73,118.73,118.73,118.73,118.73,118.73,0.0,0.0,0.0,0.0,0.0,0.0,0.0,0.0,118.73,118.73,118.73,118.73,118.73,118.73,0.0,0.0,0.0,0.0,0.0,0.0,0.0,0.0,0.0,118.73,118.73,118.73,118.73,118.73,118.73,,,,4,9,10,118.73,0.0,SAME,1.0
BFAL,2021-09-13,118.73,118.73,118.73,118.73,118.73,118.73,0.0,0.0,0.0,0.0,0.0,0.0,0.0,0.0,118.73,118.73,118.73,118.73,118.73,118.73,0.0,0.0,0.0,0.0,0.0,0.0,0.0,0.0,0.0,118.73,118.73,118.73,118.73,118.73,118.73,,,,0,9,13,118.73,0.0,SAME,1.0
BFAL,2021-09-14,118.73,118.73,118.73,118.73,118.73,118.73,0.0,0.0,0.0,0.0,0.0,0.0,0.0,0.0,118.73,118.73,118.73,118.73,118.73,118.73,0.0,0.0,0.0,0.0,0.0,0.0,0.0,0.0,0.0,118.73,118.73,118.73,118.73,118.73,118.73,,,,1,9,14,118.73,0.0,SAME,1.0
BFAL,2021-09-15,118.73,118.73,118.73,118.73,118.73,118.73,0.0,0.0,0.0,0.0,0.0,0.0,0.0,0.0,118.73,118.73,118.73,118.73,118.73,118.73,0.0,0.0,0.0,0.0,0.0,0.0,0.0,0.0,0.0,118.73,118.73,118.73,118.73,118.73,118.73,,,,2,9,15,118.73,0.0,SAME,1.0
BFAL,2021-09-20,118.73,118.73,118.73,118.73,118.73,118.73,0.0,0.0,0.0,0.0,0.0,0.0,0.0,0.0,118.73,118.73,118.73,118.73,118.73,118.73,0.0,0.0,0.0,0.0,0.0,0.0,0.0,0.0,0.0,118.73,118.73,118.73,118.73,118.73,118.73,,,,0,9,20,118.73,0.0,SAME,1.0
BFAL,2021-09-21,118.73,118.73,118.73,118.73,118.73,118.73,0.0,0.0,0.0,0.0,0.0,0.0,0.0,0.0,118.73,118.73,118.73,118.73,118.73,118.73,0.0,0.0,0.0,0.0,0.0,0.0,0.0,0.0,0.0,118.73,118.73,118.73,118.73,118.73,118.73,,,,1,9,21,118.73,0.0,SAME,1.0
BFAL,2021-09-22,118.73,118.73,118.73,118.73,118.73,118.73,0.0,0.0,0.0,0.0,0.0,0.0,0.0,0.0,118.73,118.73,118.73,118.73,118.73,118.73,0.0,0.0,0.0,0.0,0.0,0.0,0.0,0.0,0.0,118.73,118.73,118.73,118.73,118.73,118.73,,,,2,9,22,118.73,0.0,SAME,1.0
BFAL,2021-09-23,118.73,118.73,118.73,118.73,118.73,118.73,0.0,0.0,0.0,0.0,0.0,0.0,0.0,0.0,118.73,118.73,118.73,118.73,118.73,118.73,0.0,0.0,0.0,0.0,0.0,0.0,0.0,0.0,0.0,118.73,118.73,118.73,118.73,118.73,118.73,,,,3,9,23,118.73,0.0,SAME,1.0
BFAL,2021-09-24,118.73,118.73,118.73,118.73,118.73,118.73,0.0,0.0,0.0,0.0,0.0,0.0,0.0,0.0,118.73,118.73,118.73,118.73,118.73,118.73,0.0,0.0,0.0,0.0,0.0,0.0,0.0,0.0,0.0,118.73,118.73,118.73,118.73,118.73,118.73,,,,4,9,24,118.73,0.0,SAME,1.0
BFAL,2021-09-27,118.73,118.73,118.73,118.73,118.73,118.73,0.0,0.0,0.0,0.0,0.0,0.0,0.0,0.0,118.73,118.73,118.73,118.73,118.73,118.73,0.0,0.0,0.0,0.0,0.0,0.0,0.0,0.0,0.0,118.73,118.73,118.73,118.73,118.73,118.73,,,,0,9,27,118.73,0.0,SAME,1.0
BFAL,2021-09-28,118.73,118.73,118.73,118.73,118.73,118.73,0.0,0.0,0.0,0.0,0.0,0.0,0.0,0.0,118.73,118.73,118.73,118.73,118.73,118.73,0.0,0.0,0.0,0.0,0.0,0.0,0.0,0.0,0.0,118.73,118.73,118.73,118.73,118.73,118.73,,,,1,9,28,118.73,0.0,SAME,1.0
BFAL,2021-09-29,118.73,118.73,118.73,118.73,118.73,118.73,0.0,0.0,0.0,0.0,0.0,0.0,0.0,0.0,118.73,118.73,118.73,118.73,118.73,118.73,0.0,0.0,0.0,0.0,0.0,0.0,0.0,0.0,0.0,118.73,118.73,118.73,118.73,118.73,118.73,,,,2,9,29,118.73,0.0,SAME,1.0
BFAL,2021-09-30,118.73,118.73,118.73,118.73,118.73,118.73,0.0,0.0,0.0,0.0,0.0,0.0,0.0,0.0,118.73,118.73,118.73,118.73,118.73,118.73,0.0,0.0,0.0,0.0,0.0,0.0,0.0,0.0,0.0,118.73,118.73,118.73,118.73,118.73,118.73,,,,3,9,30,118.73,0.0,SAME,1.0
BFAL,2021-10-01,118.73,118.73,118.73,118.73,118.73,118.73,0.0,0.0,0.0,0.0,0.0,0.0,0.0,0.0,118.73,118.73,118.73,118.73,118.73,118.73,0.0,0.0,0.0,0.0,0.0,0.0,0.0,0.0,0.0,118.73,118.73,118.73,118.73,118.73,118.73,,,,4,10,1,118.73,0.0,SAME,1.0
BFAL,2021-10-04,118.73,118.73,118.73,118.73,118.73,118.73,0.0,0.0,0.0,0.0,0.0,0.0,0.0,0.0,118.73,118.73,118.73,118.73,118.73,118.73,0.0,0.0,0.0,0.0,0.0,0.0,0.0,0.0,0.0,118.73,118.73,118.73,118.73,118.73,118.73,,,,0,10,4,118.73,0.0,SAME,1.0
BFAL,2021-10-05,118.73,118.73,118.73,118.73,118.73,118.73,0.0,0.0,0.0,0.0,0.0,0.0,0.0,0.0,118.73,118.73,118.73,118.73,118.73,118.73,0.0,0.0,0.0,0.0,0.0,0.0,0.0,0.0,0.0,118.73,118.73,118.73,118.73,118.73,118.73,,,,1,10,5,113.73,-5.0,DOWN,0.0
BFAL,2021-10-06,113.73,118.73,118.73,118.73,118.73,118.73,-5.0,-5.0,-5.0,-0.042112355765181464,-0.042112355765181464,-0.042112355765181464,-0.043024789481347664,-0.043024789481347664,117.06333333333333,117.72999999999999,118.22999999999999,116.23,117.06333333333335,117.82090909090908,0.024313579937236807,0.018833218036720185,0.01331709618532964,-5.0,-0.042112355765181506,-5.0,-0.042112355765181506,-5.0,-0.042112355765181506,113.73,118.73,113.73,118.73,113.73,118.73,0.0,0.0,0.0,2,10,6,113.73,0.0,SAME,1.0
BFAL,2021-10-07,113.73,113.73,118.73,118.73,118.73,118.73,0.0,-5.0,-5.0,0.0,-0.042112355765181464,-0.042112355765181464,0.0,-0.043024789481347664,115.39666666666666,116.72999999999999,117.72999999999999,114.98,115.95222222222223,117.07710743801653,0.024313579937236807,0.018833218036720185,0.01331709618532964,-5.0,-0.042112355765181506,-5.0,-0.042112355765181506,-5.0,-0.042112355765181506,113.73,118.73,113.73,118.73,113.73,118.73,0.0,0.0,0.0,3,10,7,113.73,0.0,SAME,1.0
BFAL,2021-10-08,113.73,113.73,113.73,118.73,118.73,118.73,0.0,0.0,-5.0,0.0,0.0,-0.042112355765181464,0.0,0.0,113.73,115.72999999999999,117.22999999999999,114.355,115.2114814814815,116.46854244928625,0.024313579937236807,0.018833218036720185,0.01331709618532964,-5.0,-0.042112355765181506,-5.0,-0.042112355765181506,-5.0,-0.042112355765181506,113.73,113.73,113.73,118.73,113.73,118.73,,0.0,0.0,4,10,8,113.73,0.0,SAME,1.0
BFAL,2021-10-11,113.73,113.73,113.73,113.73,118.73,118.73,0.0,0.0,0.0,0.0,0.0,0.0,0.0,0.0,113.73,114.73000000000002,116.72999999999999,114.0425,114.71765432098768,115.9706256403251,0.0,0.018833218036720185,0.01331709618532964,0.0,0.0,-5.0,-0.042112355765181506,-5.0,-0.042112355765181506,113.73,113.73,113.73,118.73,113.73,118.73,,0.0,0.0,0,10,11,113.73,0.0,SAME,1.0
BFAL,2021-10-12,113.73,113.73,113.73,113.73,118.73,118.73,0.0,0.0,0.0,0.0,0.0,0.0,0.0,0.0,113.73,113.73,116.22999999999999,113.88625,114.3884362139918,115.563239160266,0.0,0.018833218036720185,0.01331709618532964,0.0,0.0,-5.0,-0.042112355765181506,-5.0,-0.042112355765181506,113.73,113.73,113.73,113.73,113.73,118.73,,,0.0,1,10,12,113.73,0.0,SAME,1.0
BFAL,2021-10-13,113.73,113.73,113.73,113.73,113.73,118.73,0.0,0.0,0.0,0.0,0.0,0.0,0.0,0.0,113.73,113.73,115.72999999999999,113.808125,114.16895747599453,115.22992294930853,0.0,0.0,0.01331709618532964,0.0,0.0,0.0,0.0,-5.0,-0.042112355765181506,113.73,113.73,113.73,113.73,113.73,118.73,,,0.0,2,10,13,113.73,0.0,SAME,1.0
BFAL,2021-10-14,113.73,113.73,113.73,113.73,113.73,118.73,0.0,0.0,0.0,0.0,0.0,0.0,0.0,0.0,113.73,113.73,115.22999999999999,113.7690625,114.0226383173297,114.95720968579789,0.0,0.0,0.01331709618532964,0.0,0.0,0.0,0.0,-5.0,-0.042112355765181506,113.73,113.73,113.73,113.73,113.73,118.73,,,0.0,3,10,14,113.73,0.0,SAME,1.0
BFAL,2021-10-18,113.73,113.73,113.73,113.73,113.73,118.73,0.0,0.0,0.0,0.0,0.0,0.0,0.0,0.0,113.73,113.73,114.72999999999999,113.74953125,113.92509221155314,114.73408065201644,0.0,0.0,0.01331709618532964,0.0,0.0,0.0,0.0,-5.0,-0.042112355765181506,113.73,113.73,113.73,113.73,113.73,118.73,,,0.0,0,10,18,113.73,0.0,SAME,1.0
BFAL,2021-10-19,113.73,113.73,113.73,113.73,113.73,118.73,0.0,0.0,0.0,0.0,0.0,0.0,0.0,0.0,113.73,113.73,114.22999999999999,113.739765625,113.86006147436876,114.551520533468,0.0,0.0,0.01331709618532964,0.0,0.0,0.0,0.0,-5.0,-0.042112355765181506,113.73,113.73,113.73,113.73,113.73,118.73,,,0.0,1,10,19,113.73,0.0,SAME,1.0
BFAL,2021-10-20,113.73,113.73,113.73,113.73,113.73,118.73,0.0,0.0,0.0,0.0,0.0,0.0,0.0,0.0,113.73,113.73,113.73,113.7348828125,113.81670764957919,114.40215316374653,0.0,0.0,0.01331709618532964,0.0,0.0,0.0,0.0,-5.0,-0.042112355765181506,113.73,113.73,113.73,113.73,113.73,113.73,,,,2,10,20,113.73,0.0,SAME,1.0
BFAL,2021-10-21,113.73,113.73,113.73,113.73,113.73,113.73,0.0,0.0,0.0,0.0,0.0,0.0,0.0,0.0,113.73,113.73,113.73,113.73244140625,113.78780509971946,114.27994349761079,0.0,0.0,0.0,0.0,0.0,0.0,0.0,0.0,0.0,113.73,113.73,113.73,113.73,113.73,113.73,,,,3,10,21,113.73,0.0,SAME,1.0
BFAL,2021-10-22,113.73,113.73,113.73,113.73,113.73,113.73,0.0,0.0,0.0,0.0,0.0,0.0,0.0,0.0,113.73,113.73,113.73,113.731220703125,113.76853673314632,114.17995377077247,0.0,0.0,0.0,0.0,0.0,0.0,0.0,0.0,0.0,113.73,113.73,113.73,113.73,113.73,113.73,,,,4,10,22,113.73,0.0,SAME,1.0
BFAL,2021-10-25,113.73,113.73,113.73,113.73,113.73,113.73,0.0,0.0,0.0,0.0,0.0,0.0,0.0,0.0,113.73,113.73,113.73,113.7306103515625,113.75569115543088,114.09814399426838,0.0,0.0,0.0,0.0,0.0,0.0,0.0,0.0,0.0,113.73,113.73,113.73,113.73,113.73,113.73,,,,0,10,25,113.73,0.0,SAME,1.0
BFAL,2021-10-26,113.73,113.73,113.73,113.73,113.73,113.73,0.0,0.0,0.0,0.0,0.0,0.0,0.0,0.0,113.73,113.73,113.73,113.73030517578125,113.74712743695393,114.03120872258322,0.0,0.0,0.0,0.0,0.0,0.0,0.0,0.0,0.0,113.73,113.73,113.73,113.73,113.73,113.73,,,,1,10,26,113.73,0.0,SAME,1.0
BFAL,2021-10-28,113.73,113.73,113.73,113.73,113.73,113.73,0.0,0.0,0.0,0.0,0.0,0.0,0.0,0.0,113.73,113.73,113.73,113.73015258789063,113.74141829130262,113.97644350029535,0.0,0.0,0.0,0.0,0.0,0.0,0.0,0.0,0.0,113.73,113.73,113.73,113.73,113.73,113.73,,,,3,10,28,113.73,0.0,SAME,1.0
BFAL,2021-10-29,113.73,113.73,113.73,113.73,113.73,113.73,0.0,0.0,0.0,0.0,0.0,0.0,0.0,0.0,113.73,113.73,113.73,113.73007629394532,113.73761219420176,113.93163559115072,0.0,0.0,0.0,0.0,0.0,0.0,0.0,0.0,0.0,113.73,113.73,113.73,113.73,113.73,113.73,,,,4,10,29,113.73,0.0,SAME,1.0
BFAL,2021-11-02,113.73,113.73,113.73,113.73,113.73,113.73,0.0,0.0,0.0,0.0,0.0,0.0,0.0,0.0,113.73,113.73,113.73,113.73003814697266,113.73507479613451,113.89497457457787,0.0,0.0,0.0,0.0,0.0,0.0,0.0,0.0,0.0,113.73,113.73,113.73,113.73,113.73,113.73,,,,1,11,2,113.73,0.0,SAME,1.0
BFAL,2021-11-03,113.73,113.73,113.73,113.73,113.73,113.73,0.0,0.0,0.0,0.0,0.0,0.0,0.0,0.0,113.73,113.73,113.73,113.73001907348633,113.73338319742301,113.8649791973819,0.0,0.0,0.0,0.0,0.0,0.0,0.0,0.0,0.0,113.73,113.73,113.73,113.73,113.73,113.73,,,,2,11,3,113.73,0.0,SAME,1.0
BFAL,2021-11-04,113.73,113.73,113.73,113.73,113.73,113.73,0.0,0.0,0.0,0.0,0.0,0.0,0.0,0.0,113.73,113.73,113.73,113.73000953674317,113.73225546494868,113.84043752513065,0.0,0.0,0.0,0.0,0.0,0.0,0.0,0.0,0.0,113.73,113.73,113.73,113.73,113.73,113.73,,,,3,11,4,113.73,0.0,SAME,1.0
BFAL,2021-11-05,113.73,113.73,113.73,113.73,113.73,113.73,0.0,0.0,0.0,0.0,0.0,0.0,0.0,0.0,113.73,113.73,113.73,113.73000476837159,113.73150364329912,113.8203579751069,0.0,0.0,0.0,0.0,0.0,0.0,0.0,0.0,0.0,113.73,113.73,113.73,113.73,113.73,113.73,,,,4,11,5,113.73,0.0,SAME,1.0
BFAL,2021-11-08,113.73,113.73,113.73,113.73,113.73,113.73,0.0,0.0,0.0,0.0,0.0,0.0,0.0,0.0,113.73,113.73,113.73,113.7300023841858,113.73100242886609,113.80392925236018,0.0,0.0,0.0,0.0,0.0,0.0,0.0,0.0,0.0,113.73,113.73,113.73,113.73,113.73,113.73,,,,0,11,8,113.73,0.0,SAME,1.0
BFAL,2021-11-09,113.73,113.73,113.73,113.73,113.73,113.73,0.0,0.0,0.0,0.0,0.0,0.0,0.0,0.0,113.73,113.73,113.73,113.7300011920929,113.73066828591074,113.79048757011287,0.0,0.0,0.0,0.0,0.0,0.0,0.0,0.0,0.0,113.73,113.73,113.73,113.73,113.73,113.73,,,,1,11,9,113.73,0.0,SAME,1.0
BFAL,2021-11-10,113.73,113.73,113.73,113.73,113.73,113.73,0.0,0.0,0.0,0.0,0.0,0.0,0.0,0.0,113.73,113.73,113.73,113.73000059604645,113.7304455239405,113.77948983009236,0.0,0.0,0.0,0.0,0.0,0.0,0.0,0.0,0.0,113.73,113.73,113.73,113.73,113.73,113.73,,,,2,11,10,113.73,0.0,SAME,1.0
BFAL,2021-11-12,113.73,113.73,113.73,113.73,113.73,113.73,0.0,0.0,0.0,0.0,0.0,0.0,0.0,0.0,113.73,113.73,113.73,113.73000029802323,113.73029701596035,113.77049167916647,0.0,0.0,0.0,0.0,0.0,0.0,0.0,0.0,0.0,113.73,113.73,113.73,113.73,113.73,113.73,,,,4,11,12,113.73,0.0,SAME,1.0
BFAL,2021-11-15,113.73,113.73,113.73,113.73,113.73,113.73,0.0,0.0,0.0,0.0,0.0,0.0,0.0,0.0,113.73,113.73,113.73,113.73000014901162,113.73019801064024,113.76312955568164,0.0,0.0,0.0,0.0,0.0,0.0,0.0,0.0,0.0,113.73,113.73,113.73,113.73,113.73,113.73,,,,0,11,15,113.73,0.0,SAME,1.0
BFAL,2021-11-16,113.73,113.73,113.73,113.73,113.73,113.73,0.0,0.0,0.0,0.0,0.0,0.0,0.0,0.0,113.73,113.73,113.73,113.73000007450581,113.7301320070935,113.75710600010316,0.0,0.0,0.0,0.0,0.0,0.0,0.0,0.0,0.0,113.73,113.73,113.73,113.73,113.73,113.73,,,,1,11,16,113.73,0.0,SAME,1.0
BFAL,2021-11-17,113.73,113.73,113.73,113.73,113.73,113.73,0.0,0.0,0.0,0.0,0.0,0.0,0.0,0.0,113.73,113.73,113.73,113.7300000372529,113.73008800472901,113.75217763644804,0.0,0.0,0.0,0.0,0.0,0.0,0.0,0.0,0.0,113.73,113.73,113.73,113.73,113.73,113.73,,,,2,11,17,113.73,0.0,SAME,1.0
BFAL,2021-11-18,113.73,113.73,113.73,113.73,113.73,113.73,0.0,0.0,0.0,0.0,0.0,0.0,0.0,0.0,113.73,113.73,113.73,113.73000001862646,113.73005866981934,113.74814533891202,0.0,0.0,0.0,0.0,0.0,0.0,0.0,0.0,0.0,113.73,113.73,113.73,113.73,113.73,113.73,,,,3,11,18,113.73,0.0,SAME,1.0
BFAL,2021-11-19,113.73,113.73,113.73,113.73,113.73,113.73,0.0,0.0,0.0,0.0,0.0,0.0,0.0,0.0,113.73,113.73,113.73,113.73000000931323,113.7300391132129,113.74484618638257,0.0,0.0,0.0,0.0,0.0,0.0,0.0,0.0,0.0,113.73,113.73,113.73,113.73,113.73,113.73,,,,4,11,19,113.73,0.0,SAME,1.0
BFAL,2021-11-22,113.73,113.73,113.73,113.73,113.73,113.73,0.0,0.0,0.0,0.0,0.0,0.0,0.0,0.0,113.73,113.73,113.73,113.73000000465662,113.73002607547527,113.74214687976755,0.0,0.0,0.0,0.0,0.0,0.0,0.0,0.0,0.0,113.73,113.73,113.73,113.73,113.73,113.73,,,,0,11,22,113.73,0.0,SAME,1.0
BFAL,2021-11-23,113.73,113.73,113.73,113.73,113.73,113.73,0.0,0.0,0.0,0.0,0.0,0.0,0.0,0.0,113.73,113.73,113.73,113.73000000232831,113.73001738365018,113.73993835617344,0.0,0.0,0.0,0.0,0.0,0.0,0.0,0.0,0.0,113.73,113.73,113.73,113.73,113.73,113.73,,,,1,11,23,113.73,0.0,SAME,1.0
BFAL,2021-11-24,113.73,113.73,113.73,113.73,113.73,113.73,0.0,0.0,0.0,0.0,0.0,0.0,0.0,0.0,113.73,113.73,113.73,113.73000000116416,113.73001158910013,113.73813138232373,0.0,0.0,0.0,0.0,0.0,0.0,0.0,0.0,0.0,113.73,113.73,113.73,113.73,113.73,113.73,,,,2,11,24,113.73,0.0,SAME,1.0
BFAL,2021-11-25,113.73,113.73,113.73,113.73,113.73,113.73,0.0,0.0,0.0,0.0,0.0,0.0,0.0,0.0,113.73,113.73,113.73,113.73000000058208,113.73000772606676,113.73665294917396,0.0,0.0,0.0,0.0,0.0,0.0,0.0,0.0,0.0,113.73,113.73,113.73,113.73,113.73,113.73,,,,3,11,25,113.73,0.0,SAME,1.0
BFAL,2021-11-26,113.73,113.73,113.73,113.73,113.73,113.73,0.0,0.0,0.0,0.0,0.0,0.0,0.0,0.0,113.73,113.73,113.73,113.73000000029104,113.73000515071118,113.73544332205142,0.0,0.0,0.0,0.0,0.0,0.0,0.0,0.0,0.0,113.73,113.73,113.73,113.73,113.73,113.73,,,,4,11,26,113.73,0.0,SAME,1.0
BFAL,2021-11-29,113.73,113.73,113.73,113.73,113.73,113.73,0.0,0.0,0.0,0.0,0.0,0.0,0.0,0.0,113.73,113.73,113.73,113.73000000014552,113.73000343380745,113.73445362713298,0.0,0.0,0.0,0.0,0.0,0.0,0.0,0.0,0.0,113.73,113.73,113.73,113.73,113.73,113.73,,,,0,11,29,113.73,0.0,SAME,1.0
BFAL,2021-11-30,113.73,113.73,113.73,113.73,113.73,113.73,0.0,0.0,0.0,0.0,0.0,0.0,0.0,0.0,113.73,113.73,113.73,113.73000000007276,113.73000228920498,113.73364387674516,0.0,0.0,0.0,0.0,0.0,0.0,0.0,0.0,0.0,113.73,113.73,113.73,113.73,113.73,113.73,,,,1,11,30,113.73,0.0,SAME,1.0
BFAL,2021-12-01,113.73,113.73,113.73,113.73,113.73,113.73,0.0,0.0,0.0,0.0,0.0,0.0,0.0,0.0,113.73,113.73,113.73,113.73000000003638,113.73000152613666,113.73298135370058,0.0,0.0,0.0,0.0,0.0,0.0,0.0,0.0,0.0,113.73,113.73,113.73,113.73,113.73,113.73,,,,2,12,1,113.73,0.0,SAME,1.0
BFAL,2021-12-02,113.73,113.73,113.73,113.73,113.73,113.73,0.0,0.0,0.0,0.0,0.0,0.0,0.0,0.0,113.73,113.73,113.73,113.7300000000182,113.73000101742444,113.73243928939138,0.0,0.0,0.0,0.0,0.0,0.0,0.0,0.0,0.0,113.73,113.73,113.73,113.73,113.73,113.73,,,,3,12,2,113.73,0.0,SAME,1.0
BFAL,2021-12-03,113.73,113.73,113.73,113.73,113.73,113.73,0.0,0.0,0.0,0.0,0.0,0.0,0.0,0.0,113.73,113.73,113.73,113.7300000000091,113.73000067828296,113.73199578222932,0.0,0.0,0.0,0.0,0.0,0.0,0.0,0.0,0.0,113.73,113.73,113.73,113.73,113.73,113.73,,,,4,12,3,113.73,0.0,SAME,1.0
BFAL,2021-12-06,113.73,113.73,113.73,113.73,113.73,113.73,0.0,0.0,0.0,0.0,0.0,0.0,0.0,0.0,113.73,113.73,113.73,113.73000000000455,113.73000045218865,113.73163291273306,0.0,0.0,0.0,0.0,0.0,0.0,0.0,0.0,0.0,113.73,113.73,113.73,113.73,113.73,113.73,,,,0,12,6,113.73,0.0,SAME,1.0
BFAL,2021-12-07,113.73,113.73,113.73,113.73,113.73,113.73,0.0,0.0,0.0,0.0,0.0,0.0,0.0,0.0,113.73,113.73,113.73,113.73000000000228,113.7300003014591,113.73133601950886,0.0,0.0,0.0,0.0,0.0,0.0,0.0,0.0,0.0,113.73,113.73,113.73,113.73,113.73,113.73,,,,1,12,7,113.73,0.0,SAME,1.0
BFAL,2021-12-08,113.73,113.73,113.73,113.73,113.73,113.73,0.0,0.0,0.0,0.0,0.0,0.0,0.0,0.0,113.73,113.73,113.73,113.73000000000114,113.73000020097274,113.73109310687087,0.0,0.0,0.0,0.0,0.0,0.0,0.0,0.0,0.0,113.73,113.73,113.73,113.73,113.73,113.73,,,,2,12,8,113.73,0.0,SAME,1.0
BFAL,2021-12-09,113.73,113.73,113.73,113.73,113.73,113.73,0.0,0.0,0.0,0.0,0.0,0.0,0.0,0.0,113.73,113.73,113.73,113.73000000000057,113.73000013398183,113.73089436016707,0.0,0.0,0.0,0.0,0.0,0.0,0.0,0.0,0.0,113.73,113.73,113.73,113.73,113.73,113.73,,,,3,12,9,113.73,0.0,SAME,1.0
BFAL,2021-12-10,113.73,113.73,113.73,113.73,113.73,113.73,0.0,0.0,0.0,0.0,0.0,0.0,0.0,0.0,113.73,113.73,113.73,113.73000000000029,113.73000008932122,113.7307317492276,0.0,0.0,0.0,0.0,0.0,0.0,0.0,0.0,0.0,113.73,113.73,113.73,113.73,113.73,113.73,,,,4,12,10,113.73,0.0,SAME,1.0
BFAL,2021-12-13,113.73,113.73,113.73,113.73,113.73,113.73,0.0,0.0,0.0,0.0,0.0,0.0,0.0,0.0,113.73,113.73,113.73,113.73000000000015,113.73000005954749,113.7305987039135,0.0,0.0,0.0,0.0,0.0,0.0,0.0,0.0,0.0,113.73,113.73,113.73,113.73,113.73,113.73,,,,0,12,13,113.73,0.0,SAME,1.0
BFAL,2021-12-14,113.73,113.73,113.73,113.73,113.73,113.73,0.0,0.0,0.0,0.0,0.0,0.0,0.0,0.0,113.73,113.73,113.73,113.73000000000008,113.73000003969834,113.7304898486565,0.0,0.0,0.0,0.0,0.0,0.0,0.0,0.0,0.0,113.73,113.73,113.73,113.73,113.73,113.73,,,,1,12,14,113.73,0.0,SAME,1.0
BFAL,2021-12-15,113.73,113.73,113.73,113.73,113.73,113.73,0.0,0.0,0.0,0.0,0.0,0.0,0.0,0.0,113.73,113.73,113.73,113.73000000000005,113.73000002646556,113.73040078526441,0.0,0.0,0.0,0.0,0.0,0.0,0.0,0.0,0.0,113.73,113.73,113.73,113.73,113.73,113.73,,,,2,12,15,113.73,0.0,SAME,1.0
BFAL,2021-12-16,113.73,113.73,113.73,113.73,113.73,113.73,0.0,0.0,0.0,0.0,0.0,0.0,0.0,0.0,113.73,113.73,113.73,113.73000000000002,113.73000001764372,113.73032791521632,0.0,0.0,0.0,0.0,0.0,0.0,0.0,0.0,0.0,113.73,113.73,113.73,113.73,113.73,113.73,,,,3,12,16,113.73,0.0,SAME,1.0
BFAL,2021-12-20,113.73,113.73,113.73,113.73,113.73,113.73,0.0,0.0,0.0,0.0,0.0,0.0,0.0,0.0,113.73,113.73,113.73,113.73000000000002,113.73000001176248,113.73026829426789,0.0,0.0,0.0,0.0,0.0,0.0,0.0,0.0,0.0,113.73,113.73,113.73,113.73,113.73,113.73,,,,0,12,20,113.73,0.0,SAME,1.0
BFAL,2021-12-21,113.73,113.73,113.73,113.73,113.73,113.73,0.0,0.0,0.0,0.0,0.0,0.0,0.0,0.0,113.73,113.73,113.73,113.73000000000002,113.73000000784167,113.7302195134919,0.0,0.0,0.0,0.0,0.0,0.0,0.0,0.0,0.0,113.73,113.73,113.73,113.73,113.73,113.73,,,,1,12,21,113.73,0.0,SAME,1.0
BFAL,2021-12-23,113.73,113.73,113.73,113.73,113.73,113.73,0.0,0.0,0.0,0.0,0.0,0.0,0.0,0.0,113.73,113.73,113.73,113.73000000000002,113.73000000522778,113.73017960194792,0.0,0.0,0.0,0.0,0.0,0.0,0.0,0.0,0.0,113.73,113.73,113.73,113.73,113.73,113.73,,,,3,12,23,113.73,0.0,SAME,1.0
BFAL,2021-12-24,113.73,113.73,113.73,113.73,113.73,113.73,0.0,0.0,0.0,0.0,0.0,0.0,0.0,0.0,113.73,113.73,113.73,113.73000000000002,113.73000000348519,113.7301469470483,0.0,0.0,0.0,0.0,0.0,0.0,0.0,0.0,0.0,113.73,113.73,113.73,113.73,113.73,113.73,,,,4,12,24,113.73,0.0,SAME,1.0
BFAL,2021-12-27,113.73,113.73,113.73,113.73,113.73,113.73,0.0,0.0,0.0,0.0,0.0,0.0,0.0,0.0,113.73,113.73,113.73,113.73000000000002,113.73000000232346,113.73012022940316,0.0,0.0,0.0,0.0,0.0,0.0,0.0,0.0,0.0,113.73,113.73,113.73,113.73,113.73,113.73,,,,0,12,27,113.73,0.0,SAME,1.0
BFAL,2021-12-28,113.73,113.73,113.73,113.73,113.73,113.73,0.0,0.0,0.0,0.0,0.0,0.0,0.0,0.0,113.73,113.73,113.73,113.73000000000002,113.73000000154899,113.73009836951167,0.0,0.0,0.0,0.0,0.0,0.0,0.0,0.0,0.0,113.73,113.73,113.73,113.73,113.73,113.73,,,,1,12,28,113.73,0.0,SAME,1.0
BFAL,2021-12-29,113.73,113.73,113.73,113.73,113.73,113.73,0.0,0.0,0.0,0.0,0.0,0.0,0.0,0.0,113.73,113.73,113.73,113.73000000000002,113.73000000103266,113.7300804841459,0.0,0.0,0.0,0.0,0.0,0.0,0.0,0.0,0.0,113.73,113.73,113.73,113.73,113.73,113.73,,,,2,12,29,113.73,0.0,SAME,1.0
BFAL,2021-12-30,113.73,113.73,113.73,113.73,113.73,113.73,0.0,0.0,0.0,0.0,0.0,0.0,0.0,0.0,113.73,113.73,113.73,113.73000000000002,113.73000000068845,113.73006585066483,0.0,0.0,0.0,0.0,0.0,0.0,0.0,0.0,0.0,113.73,113.73,113.73,113.73,113.73,113.73,,,,3,12,30,113.73,0.0,SAME,1.0
BFAL,2021-12-31,113.73,113.73,113.73,113.73,113.73,113.73,0.0,0.0,0.0,0.0,0.0,0.0,0.0,0.0,113.73,113.73,113.73,113.73000000000002,113.73000000045897,113.73005387781669,0.0,0.0,0.0,0.0,0.0,0.0,0.0,0.0,0.0,113.73,113.73,113.73,113.73,113.73,113.73,,,,4,12,31,113.73,0.0,SAME,1.0
BFAL,2022-01-03,113.73,113.73,113.73,113.73,113.73,113.73,0.0,0.0,0.0,0.0,0.0,0.0,0.0,0.0,113.73,113.73,113.73,113.73000000000002,113.73000000030599,113.73004408185002,0.0,0.0,0.0,0.0,0.0,0.0,0.0,0.0,0.0,113.73,113.73,113.73,113.73,113.73,113.73,,,,0,1,3,113.73,0.0,SAME,1.0
BFAL,2022-01-04,113.73,113.73,113.73,113.73,113.73,113.73,0.0,0.0,0.0,0.0,0.0,0.0,0.0,0.0,113.73,113.73,113.73,113.73000000000002,113.730000000204,113.73003606696821,0.0,0.0,0.0,0.0,0.0,0.0,0.0,0.0,0.0,113.73,113.73,113.73,113.73,113.73,113.73,,,,1,1,4,113.73,0.0,SAME,1.0
BFAL,2022-01-05,113.73,113.73,113.73,113.73,113.73,113.73,0.0,0.0,0.0,0.0,0.0,0.0,0.0,0.0,113.73,113.73,113.73,113.73000000000002,113.730000000136,113.73002950933761,0.0,0.0,0.0,0.0,0.0,0.0,0.0,0.0,0.0,113.73,113.73,113.73,113.73,113.73,113.73,,,,2,1,5,113.73,0.0,SAME,1.0
BFAL,2022-01-06,113.73,113.73,113.73,113.73,113.73,113.73,0.0,0.0,0.0,0.0,0.0,0.0,0.0,0.0,113.73,113.73,113.73,113.73000000000002,113.73000000009067,113.7300241440035,0.0,0.0,0.0,0.0,0.0,0.0,0.0,0.0,0.0,113.73,113.73,113.73,113.73,113.73,113.73,,,,3,1,6,113.73,0.0,SAME,1.0
BFAL,2022-01-07,113.73,113.73,113.73,113.73,113.73,113.73,0.0,0.0,0.0,0.0,0.0,0.0,0.0,0.0,113.73,113.73,113.73,113.73000000000002,113.73000000006046,113.73001975418467,0.0,0.0,0.0,0.0,0.0,0.0,0.0,0.0,0.0,113.73,113.73,113.73,113.73,113.73,113.73,,,,4,1,7,113.73,0.0,SAME,1.0
BFAL,2022-01-10,113.73,113.73,113.73,113.73,113.73,113.73,0.0,0.0,0.0,0.0,0.0,0.0,0.0,0.0,113.73,113.73,113.73,113.73000000000002,113.7300000000403,113.73001616251472,0.0,0.0,0.0,0.0,0.0,0.0,0.0,0.0,0.0,113.73,113.73,113.73,113.73,113.73,113.73,,,,0,1,10,113.73,0.0,SAME,1.0
BFAL,2022-01-11,113.73,113.73,113.73,113.73,113.73,113.73,0.0,0.0,0.0,0.0,0.0,0.0,0.0,0.0,113.73,113.73,113.73,113.73000000000002,113.73000000002688,113.73001322387566,0.0,0.0,0.0,0.0,0.0,0.0,0.0,0.0,0.0,113.73,113.73,113.73,113.73,113.73,113.73,,,,1,1,11,113.73,0.0,SAME,1.0
BFAL,2022-01-12,113.73,113.73,113.73,113.73,113.73,113.73,0.0,0.0,0.0,0.0,0.0,0.0,0.0,0.0,113.73,113.73,113.73,113.73000000000002,113.73000000001792,113.73001081953461,0.0,0.0,0.0,0.0,0.0,0.0,0.0,0.0,0.0,113.73,113.73,113.73,113.73,113.73,113.73,,,,2,1,12,113.73,0.0,SAME,1.0
BFAL,2022-01-13,113.73,113.73,113.73,113.73,113.73,113.73,0.0,0.0,0.0,0.0,0.0,0.0,0.0,0.0,113.73,113.73,113.73,113.73000000000002,113.73000000001196,113.73000885234649,0.0,0.0,0.0,0.0,0.0,0.0,0.0,0.0,0.0,113.73,113.73,113.73,113.73,113.73,113.73,,,,3,1,13,113.73,0.0,SAME,1.0
BFAL,2022-01-14,113.73,113.73,113.73,113.73,113.73,113.73,0.0,0.0,0.0,0.0,0.0,0.0,0.0,0.0,113.73,113.73,113.73,113.73000000000002,113.73000000000798,113.73000724282895,0.0,0.0,0.0,0.0,0.0,0.0,0.0,0.0,0.0,113.73,113.73,113.73,113.73,113.73,113.73,,,,4,1,14,113.73,0.0,SAME,1.0
BFAL,2022-01-17,113.73,113.73,113.73,113.73,113.73,113.73,0.0,0.0,0.0,0.0,0.0,0.0,0.0,0.0,113.73,113.73,113.73,113.73000000000002,113.73000000000532,113.73000592595096,0.0,0.0,0.0,0.0,0.0,0.0,0.0,0.0,0.0,113.73,113.73,113.73,113.73,113.73,113.73,,,,0,1,17,113.73,0.0,SAME,1.0
BFAL,2022-01-18,113.73,113.73,113.73,113.73,113.73,113.73,0.0,0.0,0.0,0.0,0.0,0.0,0.0,0.0,113.73,113.73,113.73,113.73000000000002,113.73000000000356,113.73000484850533,0.0,0.0,0.0,0.0,0.0,0.0,0.0,0.0,0.0,113.73,113.73,113.73,113.73,113.73,113.73,,,,1,1,18,113.73,0.0,SAME,1.0
BFAL,2022-01-19,113.73,113.73,113.73,113.73,113.73,113.73,0.0,0.0,0.0,0.0,0.0,0.0,0.0,0.0,113.73,113.73,113.73,113.73000000000002,113.73000000000238,113.73000396695889,0.0,0.0,0.0,0.0,0.0,0.0,0.0,0.0,0.0,113.73,113.73,113.73,113.73,113.73,113.73,,,,2,1,19,113.73,0.0,SAME,1.0
BFAL,2022-01-20,113.73,113.73,113.73,113.73,113.73,113.73,0.0,0.0,0.0,0.0,0.0,0.0,0.0,0.0,113.73,113.73,113.73,113.73000000000002,113.7300000000016,113.73000324569364,0.0,0.0,0.0,0.0,0.0,0.0,0.0,0.0,0.0,113.73,113.73,113.73,113.73,113.73,113.73,,,,3,1,20,113.73,0.0,SAME,1.0
BFAL,2022-01-21,113.73,113.73,113.73,113.73,113.73,113.73,0.0,0.0,0.0,0.0,0.0,0.0,0.0,0.0,113.73,113.73,113.73,113.73000000000002,113.73000000000107,113.73000265556752,0.0,0.0,0.0,0.0,0.0,0.0,0.0,0.0,0.0,113.73,113.73,113.73,113.73,113.73,113.73,,,,4,1,21,113.73,0.0,SAME,1.0
BFAL,2022-01-24,113.73,113.73,113.73,113.73,113.73,113.73,0.0,0.0,0.0,0.0,0.0,0.0,0.0,0.0,113.73,113.73,113.73,113.73000000000002,113.73000000000071,113.73000217273704,0.0,0.0,0.0,0.0,0.0,0.0,0.0,0.0,0.0,113.73,113.73,113.73,113.73,113.73,113.73,,,,0,1,24,113.73,0.0,SAME,1.0
BFAL,2022-01-25,113.73,113.73,113.73,113.73,113.73,113.73,0.0,0.0,0.0,0.0,0.0,0.0,0.0,0.0,113.73,113.73,113.73,113.73000000000002,113.73000000000049,113.73000177769393,0.0,0.0,0.0,0.0,0.0,0.0,0.0,0.0,0.0,113.73,113.73,113.73,113.73,113.73,113.73,,,,1,1,25,113.73,0.0,SAME,1.0
BFAL,2022-01-26,113.73,113.73,113.73,113.73,113.73,113.73,0.0,0.0,0.0,0.0,0.0,0.0,0.0,0.0,113.73,113.73,113.73,113.73000000000002,113.73000000000033,113.73000145447685,0.0,0.0,0.0,0.0,0.0,0.0,0.0,0.0,0.0,113.73,113.73,113.73,113.73,113.73,113.73,,,,2,1,26,113.73,0.0,SAME,1.0
BFAL,2022-01-27,113.73,113.73,113.73,113.73,113.73,113.73,0.0,0.0,0.0,0.0,0.0,0.0,0.0,0.0,113.73,113.73,113.73,113.73000000000002,113.73000000000023,113.73000119002651,0.0,0.0,0.0,0.0,0.0,0.0,0.0,0.0,0.0,113.73,113.73,113.73,113.73,113.73,113.73,,,,3,1,27,113.73,0.0,SAME,1.0
BFAL,2022-01-28,113.73,113.73,113.73,113.73,113.73,113.73,0.0,0.0,0.0,0.0,0.0,0.0,0.0,0.0,113.73,113.73,113.73,113.73000000000002,113.73000000000016,113.73000097365806,0.0,0.0,0.0,0.0,0.0,0.0,0.0,0.0,0.0,113.73,113.73,113.73,113.73,113.73,113.73,,,,4,1,28,113.73,0.0,SAME,1.0
BFAL,2022-01-31,113.73,113.73,113.73,113.73,113.73,113.73,0.0,0.0,0.0,0.0,0.0,0.0,0.0,0.0,113.73,113.73,113.73,113.73000000000002,113.73000000000012,113.73000079662933,0.0,0.0,0.0,0.0,0.0,0.0,0.0,0.0,0.0,113.73,113.73,113.73,113.73,113.73,113.73,,,,0,1,31,113.73,0.0,SAME,1.0
BFAL,2022-02-01,113.73,113.73,113.73,113.73,113.73,113.73,0.0,0.0,0.0,0.0,0.0,0.0,0.0,0.0,113.73,113.73,113.73,113.73000000000002,113.73000000000009,113.73000065178763,0.0,0.0,0.0,0.0,0.0,0.0,0.0,0.0,0.0,113.73,113.73,113.73,113.73,113.73,113.73,,,,1,2,1,113.73,0.0,SAME,1.0
BFAL,2022-02-03,113.73,113.73,113.73,113.73,113.73,113.73,0.0,0.0,0.0,0.0,0.0,0.0,0.0,0.0,113.73,113.73,113.73,113.73000000000002,113.73000000000006,113.73000053328079,0.0,0.0,0.0,0.0,0.0,0.0,0.0,0.0,0.0,113.73,113.73,113.73,113.73,113.73,113.73,,,,3,2,3,113.73,0.0,SAME,1.0
BFAL,2022-02-04,113.73,113.73,113.73,113.73,113.73,113.73,0.0,0.0,0.0,0.0,0.0,0.0,0.0,0.0,113.73,113.73,113.73,113.73000000000002,113.73000000000005,113.73000043632064,0.0,0.0,0.0,0.0,0.0,0.0,0.0,0.0,0.0,113.73,113.73,113.73,113.73,113.73,113.73,,,,4,2,4,113.73,0.0,SAME,1.0
BFAL,2022-02-07,113.73,113.73,113.73,113.73,113.73,113.73,0.0,0.0,0.0,0.0,0.0,0.0,0.0,0.0,113.73,113.73,113.73,113.73000000000002,113.73000000000003,113.73000035698962,0.0,0.0,0.0,0.0,0.0,0.0,0.0,0.0,0.0,113.73,113.73,113.73,113.73,113.73,113.73,,,,0,2,7,113.73,0.0,SAME,1.0
BFAL,2022-02-08,113.73,113.73,113.73,113.73,113.73,113.73,0.0,0.0,0.0,0.0,0.0,0.0,0.0,0.0,113.73,113.73,113.73,113.73000000000002,113.73000000000003,113.73000029208242,0.0,0.0,0.0,0.0,0.0,0.0,0.0,0.0,0.0,113.73,113.73,113.73,113.73,113.73,113.73,,,,1,2,8,113.73,0.0,SAME,1.0
BFAL,2022-02-09,113.73,113.73,113.73,113.73,113.73,113.73,0.0,0.0,0.0,0.0,0.0,0.0,0.0,0.0,113.73,113.73,113.73,113.73000000000002,113.73000000000003,113.73000023897652,0.0,0.0,0.0,0.0,0.0,0.0,0.0,0.0,0.0,113.73,113.73,113.73,113.73,113.73,113.73,,,,2,2,9,113.73,0.0,SAME,1.0
BFAL,2022-02-10,113.73,113.73,113.73,113.73,113.73,113.73,0.0,0.0,0.0,0.0,0.0,0.0,0.0,0.0,113.73,113.73,113.73,113.73000000000002,113.73000000000003,113.73000019552623,0.0,0.0,0.0,0.0,0.0,0.0,0.0,0.0,0.0,113.73,113.73,113.73,113.73,113.73,113.73,,,,3,2,10,113.73,0.0,SAME,1.0
BFAL,2022-02-11,113.73,113.73,113.73,113.73,113.73,113.73,0.0,0.0,0.0,0.0,0.0,0.0,0.0,0.0,113.73,113.73,113.73,113.73000000000002,113.73000000000003,113.73000015997602,0.0,0.0,0.0,0.0,0.0,0.0,0.0,0.0,0.0,113.73,113.73,113.73,113.73,113.73,113.73,,,,4,2,11,113.73,0.0,SAME,1.0
BFAL,2022-02-14,113.73,113.73,113.73,113.73,113.73,113.73,0.0,0.0,0.0,0.0,0.0,0.0,0.0,0.0,113.73,113.73,113.73,113.73000000000002,113.73000000000003,113.73000013088947,0.0,0.0,0.0,0.0,0.0,0.0,0.0,0.0,0.0,113.73,113.73,113.73,113.73,113.73,113.73,,,,0,2,14,113.73,0.0,SAME,1.0
BFAL,2022-02-15,113.73,113.73,113.73,113.73,113.73,113.73,0.0,0.0,0.0,0.0,0.0,0.0,0.0,0.0,113.73,113.73,113.73,113.73000000000002,113.73000000000003,113.73000010709137,0.0,0.0,0.0,0.0,0.0,0.0,0.0,0.0,0.0,113.73,113.73,113.73,113.73,113.73,113.73,,,,1,2,15,113.73,0.0,SAME,1.0
BFAL,2022-02-16,113.73,113.73,113.73,113.73,113.73,113.73,0.0,0.0,0.0,0.0,0.0,0.0,0.0,0.0,113.73,113.73,113.73,113.73000000000002,113.73000000000003,113.7300000876202,0.0,0.0,0.0,0.0,0.0,0.0,0.0,0.0,0.0,113.73,113.73,113.73,113.73,113.73,113.73,,,,2,2,16,113.73,0.0,SAME,1.0
BFAL,2022-02-17,113.73,113.73,113.73,113.73,113.73,113.73,0.0,0.0,0.0,0.0,0.0,0.0,0.0,0.0,113.73,113.73,113.73,113.73000000000002,113.73000000000003,113.73000007168926,0.0,0.0,0.0,0.0,0.0,0.0,0.0,0.0,0.0,113.73,113.73,113.73,113.73,113.73,113.73,,,,3,2,17,113.73,0.0,SAME,1.0
BFAL,2022-02-18,113.73,113.73,113.73,113.73,113.73,113.73,0.0,0.0,0.0,0.0,0.0,0.0,0.0,0.0,113.73,113.73,113.73,113.73000000000002,113.73000000000003,113.73000005865484,0.0,0.0,0.0,0.0,0.0,0.0,0.0,0.0,0.0,113.73,113.73,113.73,113.73,113.73,113.73,,,,4,2,18,113.73,0.0,SAME,1.0
BFAL,2022-02-24,113.73,113.73,113.73,113.73,113.73,113.73,0.0,0.0,0.0,0.0,0.0,0.0,0.0,0.0,113.73,113.73,113.73,113.73000000000002,113.73000000000003,113.73000004799033,0.0,0.0,0.0,0.0,0.0,0.0,0.0,0.0,0.0,113.73,113.73,113.73,113.73,113.73,113.73,,,,3,2,24,113.73,0.0,SAME,1.0
BFAL,2022-02-25,113.73,113.73,113.73,113.73,113.73,113.73,0.0,0.0,0.0,0.0,0.0,0.0,0.0,0.0,113.73,113.73,113.73,113.73000000000002,113.73000000000003,113.73000003926481,0.0,0.0,0.0,0.0,0.0,0.0,0.0,0.0,0.0,113.73,113.73,113.73,113.73,113.73,113.73,,,,4,2,25,113.73,0.0,SAME,1.0
BFAL,2022-02-28,113.73,113.73,113.73,113.73,113.73,113.73,0.0,0.0,0.0,0.0,0.0,0.0,0.0,0.0,113.73,113.73,113.73,113.73000000000002,113.73000000000003,113.73000003212576,0.0,0.0,0.0,0.0,0.0,0.0,0.0,0.0,0.0,113.73,113.73,113.73,113.73,113.73,113.73,,,,0,2,28,113.73,0.0,SAME,1.0
BFAL,2022-03-01,113.73,113.73,113.73,113.73,113.73,113.73,0.0,0.0,0.0,0.0,0.0,0.0,0.0,0.0,113.73,113.73,113.73,113.73000000000002,113.73000000000003,113.7300000262847,0.0,0.0,0.0,0.0,0.0,0.0,0.0,0.0,0.0,113.73,113.73,113.73,113.73,113.73,113.73,,,,1,3,1,113.73,0.0,SAME,1.0
BFAL,2022-03-02,113.73,113.73,113.73,113.73,113.73,113.73,0.0,0.0,0.0,0.0,0.0,0.0,0.0,0.0,113.73,113.73,113.73,113.73000000000002,113.73000000000003,113.73000002150565,0.0,0.0,0.0,0.0,0.0,0.0,0.0,0.0,0.0,113.73,113.73,113.73,113.73,113.73,113.73,,,,2,3,2,83.73,-30.0,DOWN,0.0
BFAL,2022-03-07,83.73,113.73,113.73,113.73,113.73,113.73,-30.0,-30.0,-30.0,-0.2637826431020839,-0.2637826431020839,-0.2637826431020839,-0.30622988198001266,-0.30622988198001266,103.73,107.72999999999999,110.72999999999999,98.73000000000002,103.73000000000003,108.27545456305006,0.1522949800025391,0.11796718425216511,0.08341539594218884,-30.0,-0.2637826431020839,-30.0,-0.2637826431020839,-30.0,-0.2637826431020839,83.73,113.73,83.73,113.73,83.73,113.73,0.0,0.0,0.0,0,3,7,83.73,0.0,SAME,1.0
BFAL,2022-03-08,83.73,83.73,113.73,113.73,113.73,113.73,0.0,-30.0,-30.0,0.0,-0.2637826431020839,-0.2637826431020839,0.0,-0.30622988198001266,93.73,101.72999999999999,107.72999999999999,91.23000000000002,97.06333333333336,103.8126446424955,0.1522949800025391,0.11796718425216511,0.08341539594218884,-30.0,-0.2637826431020839,-30.0,-0.2637826431020839,-30.0,-0.2637826431020839,83.73,113.73,83.73,113.73,83.73,113.73,0.0,0.0,0.0,1,3,8,83.73,0.0,SAME,1.0
BFAL,2022-03-09,83.73,83.73,83.73,113.73,113.73,113.73,0.0,0.0,-30.0,0.0,0.0,-0.2637826431020839,0.0,0.0,83.73,95.72999999999999,104.72999999999999,87.48000000000002,92.61888888888892,100.16125470749631,0.1522949800025391,0.11796718425216511,0.08341539594218884,-30.0,-0.2637826431020839,-30.0,-0.2637826431020839,-30.0,-0.2637826431020839,83.73,83.73,83.73,113.73,83.73,113.73,,0.0,0.0,2,3,9,83.73,0.0,SAME,1.0
BFAL,2022-03-10,83.73,83.73,83.73,83.73,113.73,113.73,0.0,0.0,0.0,0.0,0.0,0.0,0.0,0.0,83.73,89.73,101.72999999999999,85.60500000000002,89.65592592592596,97.17375385158788,0.0,0.11796718425216511,0.08341539594218884,0.0,0.0,-30.0,-0.2637826431020839,-30.0,-0.2637826431020839,83.73,83.73,83.73,113.73,83.73,113.73,,0.0,0.0,3,3,10,83.73,0.0,SAME,1.0
BFAL,2022-03-11,83.73,83.73,83.73,83.73,113.73,113.73,0.0,0.0,0.0,0.0,0.0,0.0,0.0,0.0,83.73,83.73,98.72999999999999,84.66750000000002,87.68061728395064,94.72943496948098,0.0,0.11796718425216511,0.08341539594218884,0.0,0.0,-30.0,-0.2637826431020839,-30.0,-0.2637826431020839,83.73,83.73,83.73,83.73,83.73,113.73,,,0.0,4,3,11,83.73,0.0,SAME,1.0
BFAL,2022-03-14,83.73,83.73,83.73,83.73,83.73,113.73,0.0,0.0,0.0,0.0,0.0,0.0,0.0,0.0,83.73,83.73,95.72999999999999,84.19875000000002,86.3637448559671,92.72953770230261,0.0,0.0,0.08341539594218884,0.0,0.0,0.0,0.0,-30.0,-0.2637826431020839,83.73,83.73,83.73,83.73,83.73,113.73,,,0.0,0,3,14,83.73,0.0,SAME,1.0
BFAL,2022-03-15,83.73,83.73,83.73,83.73,83.73,113.73,0.0,0.0,0.0,0.0,0.0,0.0,0.0,0.0,83.73,83.73,92.73,83.96437500000002,85.48582990397807,91.09325812006576,0.0,0.0,0.08341539594218884,0.0,0.0,0.0,0.0,-30.0,-0.2637826431020839,83.73,83.73,83.73,83.73,83.73,113.73,,,0.0,1,3,15,83.73,0.0,SAME,1.0
BFAL,2022-03-16,83.73,83.73,83.73,83.73,83.73,113.73,0.0,0.0,0.0,0.0,0.0,0.0,0.0,0.0,83.73,83.73,89.73,83.84718750000002,84.90055326931872,89.75448391641743,0.0,0.0,0.08341539594218884,0.0,0.0,0.0,0.0,-30.0,-0.2637826431020839,83.73,83.73,83.73,83.73,83.73,113.73,,,0.0,2,3,16,83.73,0.0,SAME,1.0
BFAL,2022-03-17,83.73,83.73,83.73,83.73,83.73,113.73,0.0,0.0,0.0,0.0,0.0,0.0,0.0,0.0,83.73,83.73,86.73,83.78859375000002,84.51036884621249,88.65912320434153,0.0,0.0,0.08341539594218884,0.0,0.0,0.0,0.0,-30.0,-0.2637826431020839,83.73,83.73,83.73,83.73,83.73,113.73,,,0.0,3,3,17,83.73,0.0,SAME,1.0
BFAL,2022-03-18,83.73,83.73,83.73,83.73,83.73,113.73,0.0,0.0,0.0,0.0,0.0,0.0,0.0,0.0,83.73,83.73,83.73,83.75929687500002,84.250245897475,87.76291898537033,0.0,0.0,0.08341539594218884,0.0,0.0,0.0,0.0,-30.0,-0.2637826431020839,83.73,83.73,83.73,83.73,83.73,83.73,,,,4,3,18,83.73,0.0,SAME,1.0
BFAL,2022-03-21,83.73,83.73,83.73,83.73,83.73,83.73,0.0,0.0,0.0,0.0,0.0,0.0,0.0,0.0,83.73,83.73,83.73,83.74464843750002,84.07683059831668,87.02966098803026,0.0,0.0,0.0,0.0,0.0,0.0,0.0,0.0,0.0,83.73,83.73,83.73,83.73,83.73,83.73,,,,0,3,21,83.73,0.0,SAME,1.0
BFAL,2022-03-22,83.73,83.73,83.73,83.73,83.73,83.73,0.0,0.0,0.0,0.0,0.0,0.0,0.0,0.0,83.73,83.73,83.73,83.73732421875002,83.96122039887778,86.4297226265702,0.0,0.0,0.0,0.0,0.0,0.0,0.0,0.0,0.0,83.73,83.73,83.73,83.73,83.73,83.73,,,,1,3,22,83.73,0.0,SAME,1.0
BFAL,2022-03-23,83.73,83.73,83.73,83.73,83.73,83.73,0.0,0.0,0.0,0.0,0.0,0.0,0.0,0.0,83.73,83.73,83.73,83.73366210937502,83.8841469325852,85.93886396719378,0.0,0.0,0.0,0.0,0.0,0.0,0.0,0.0,0.0,83.73,83.73,83.73,83.73,83.73,83.73,,,,2,3,23,83.73,0.0,SAME,1.0
BFAL,2022-03-24,83.73,83.73,83.73,83.73,83.73,83.73,0.0,0.0,0.0,0.0,0.0,0.0,0.0,0.0,83.73,83.73,83.73,83.73183105468752,83.83276462172347,85.53725233679491,0.0,0.0,0.0,0.0,0.0,0.0,0.0,0.0,0.0,83.73,83.73,83.73,83.73,83.73,83.73,,,,3,3,24,83.73,0.0,SAME,1.0
BFAL,2022-03-25,83.73,83.73,83.73,83.73,83.73,83.73,0.0,0.0,0.0,0.0,0.0,0.0,0.0,0.0,83.73,83.73,83.73,83.73091552734377,83.79850974781566,85.20866100283219,0.0,0.0,0.0,0.0,0.0,0.0,0.0,0.0,0.0,83.73,83.73,83.73,83.73,83.73,83.73,,,,4,3,25,83.73,0.0,SAME,1.0
BFAL,2022-03-28,83.73,83.73,83.73,83.73,83.73,83.73,0.0,0.0,0.0,0.0,0.0,0.0,0.0,0.0,83.73,83.73,83.73,83.7304577636719,83.77567316521045,84.93981354777178,0.0,0.0,0.0,0.0,0.0,0.0,0.0,0.0,0.0,83.73,83.73,83.73,83.73,83.73,83.73,,,,0,3,28,83.73,0.0,SAME,1.0
BFAL,2022-03-29,83.73,83.73,83.73,83.73,83.73,83.73,0.0,0.0,0.0,0.0,0.0,0.0,0.0,0.0,83.73,83.73,83.73,83.73022888183596,83.76044877680697,84.71984744817689,0.0,0.0,0.0,0.0,0.0,0.0,0.0,0.0,0.0,83.73,83.73,83.73,83.73,83.73,83.73,,,,1,3,29,83.73,0.0,SAME,1.0
BFAL,2022-03-30,83.73,83.73,83.73,83.73,83.73,83.73,0.0,0.0,0.0,0.0,0.0,0.0,0.0,0.0,83.73,83.73,83.73,83.73011444091799,83.75029918453798,84.53987518487199,0.0,0.0,0.0,0.0,0.0,0.0,0.0,0.0,0.0,83.73,83.73,83.73,83.73,83.73,83.73,,,,2,3,30,83.73,0.0,SAME,1.0
BFAL,2022-03-31,83.73,83.73,83.73,83.73,83.73,83.73,0.0,0.0,0.0,0.0,0.0,0.0,0.0,0.0,83.73,83.73,83.73,83.730057220459,83.743532789692,84.39262515125888,0.0,0.0,0.0,0.0,0.0,0.0,0.0,0.0,0.0,83.73,83.73,83.73,83.73,83.73,83.73,,,,3,3,31,83.73,0.0,SAME,1.0
BFAL,2022-04-01,83.73,83.73,83.73,83.73,83.73,83.73,0.0,0.0,0.0,0.0,0.0,0.0,0.0,0.0,83.73,83.73,83.73,83.73002861022951,83.73902185979468,84.27214785102998,0.0,0.0,0.0,0.0,0.0,0.0,0.0,0.0,0.0,83.73,83.73,83.73,83.73,83.73,83.73,,,,4,4,1,83.73,0.0,SAME,1.0
BFAL,2022-04-04,83.73,83.73,83.73,83.73,83.73,83.73,0.0,0.0,0.0,0.0,0.0,0.0,0.0,0.0,83.73,83.73,83.73,83.73001430511476,83.73601457319646,84.17357551447907,0.0,0.0,0.0,0.0,0.0,0.0,0.0,0.0,0.0,83.73,83.73,83.73,83.73,83.73,83.73,,,,0,4,4,83.73,0.0,SAME,1.0
BFAL,2022-04-05,83.73,83.73,83.73,83.73,83.73,83.73,0.0,0.0,0.0,0.0,0.0,0.0,0.0,0.0,83.73,83.73,83.73,83.73000715255739,83.73400971546431,84.0929254209374,0.0,0.0,0.0,0.0,0.0,0.0,0.0,0.0,0.0,83.73,83.73,83.73,83.73,83.73,83.73,,,,1,4,5,83.73,0.0,SAME,1.0
BFAL,2022-04-06,83.73,83.73,83.73,83.73,83.73,83.73,0.0,0.0,0.0,0.0,0.0,0.0,0.0,0.0,83.73,83.73,83.73,83.7300035762787,83.73267314364288,84.02693898076696,0.0,0.0,0.0,0.0,0.0,0.0,0.0,0.0,0.0,83.73,83.73,83.73,83.73,83.73,83.73,,,,2,4,6,83.73,0.0,SAME,1.0
BFAL,2022-04-07,83.73,83.73,83.73,83.73,83.73,83.73,0.0,0.0,0.0,0.0,0.0,0.0,0.0,0.0,83.73,83.73,83.73,83.73000178813936,83.73178209576193,83.97295007517296,0.0,0.0,0.0,0.0,0.0,0.0,0.0,0.0,0.0,83.73,83.73,83.73,83.73,83.73,83.73,,,,3,4,7,83.73,0.0,SAME,1.0
BFAL,2022-04-08,83.73,83.73,83.73,83.73,83.73,83.73,0.0,0.0,0.0,0.0,0.0,0.0,0.0,0.0,83.73,83.73,83.73,83.73000089406969,83.73118806384129,83.92877733423241,0.0,0.0,0.0,0.0,0.0,0.0,0.0,0.0,0.0,83.73,83.73,83.73,83.73,83.73,83.73,,,,4,4,8,83.73,0.0,SAME,1.0
BFAL,2022-04-11,83.73,83.73,83.73,83.73,83.73,83.73,0.0,0.0,0.0,0.0,0.0,0.0,0.0,0.0,83.73,83.73,83.73,83.73000044703485,83.73079204256086,83.89263600073559,0.0,0.0,0.0,0.0,0.0,0.0,0.0,0.0,0.0,83.73,83.73,83.73,83.73,83.73,83.73,,,,0,4,11,83.73,0.0,SAME,1.0
BFAL,2022-04-12,83.73,83.73,83.73,83.73,83.73,83.73,0.0,0.0,0.0,0.0,0.0,0.0,0.0,0.0,83.73,83.73,83.73,83.73000022351744,83.73052802837391,83.86306581878365,0.0,0.0,0.0,0.0,0.0,0.0,0.0,0.0,0.0,83.73,83.73,83.73,83.73,83.73,83.73,,,,1,4,12,83.73,0.0,SAME,1.0
BFAL,2022-04-13,83.73,83.73,83.73,83.73,83.73,83.73,0.0,0.0,0.0,0.0,0.0,0.0,0.0,0.0,83.73,83.73,83.73,83.73000011175873,83.73035201891595,83.83887203355025,0.0,0.0,0.0,0.0,0.0,0.0,0.0,0.0,0.0,83.73,83.73,83.73,83.73,83.73,83.73,,,,2,4,13,83.73,0.0,SAME,1.0
BFAL,2022-04-14,83.73,83.73,83.73,83.73,83.73,83.73,0.0,0.0,0.0,0.0,0.0,0.0,0.0,0.0,83.73,83.73,83.73,83.73000005587937,83.7302346792773,83.81907711835929,0.0,0.0,0.0,0.0,0.0,0.0,0.0,0.0,0.0,83.73,83.73,83.73,83.73,83.73,83.73,,,,3,4,14,83.73,0.0,SAME,1.0
BFAL,2022-04-15,83.73,83.73,83.73,83.73,83.73,83.73,0.0,0.0,0.0,0.0,0.0,0.0,0.0,0.0,83.73,83.73,83.73,83.7300000279397,83.73015645285155,83.8028812786576,0.0,0.0,0.0,0.0,0.0,0.0,0.0,0.0,0.0,83.73,83.73,83.73,83.73,83.73,83.73,,,,4,4,15,83.73,0.0,SAME,1.0
BFAL,2022-04-18,83.73,83.73,83.73,83.73,83.73,83.73,0.0,0.0,0.0,0.0,0.0,0.0,0.0,0.0,83.73,83.73,83.73,83.73000001396986,83.73010430190104,83.78963013708348,0.0,0.0,0.0,0.0,0.0,0.0,0.0,0.0,0.0,83.73,83.73,83.73,83.73,83.73,83.73,,,,0,4,18,83.73,0.0,SAME,1.0
BFAL,2022-04-19,83.73,83.73,83.73,83.73,83.73,83.73,0.0,0.0,0.0,0.0,0.0,0.0,0.0,0.0,83.73,83.73,83.73,83.73000000698494,83.7300695346007,83.77878829397739,0.0,0.0,0.0,0.0,0.0,0.0,0.0,0.0,0.0,83.73,83.73,83.73,83.73,83.73,83.73,,,,1,4,19,83.73,0.0,SAME,1.0
BFAL,2022-04-20,83.73,83.73,83.73,83.73,83.73,83.73,0.0,0.0,0.0,0.0,0.0,0.0,0.0,0.0,83.73,83.73,83.73,83.73000000349248,83.73004635640048,83.7699176950724,0.0,0.0,0.0,0.0,0.0,0.0,0.0,0.0,0.0,83.73,83.73,83.73,83.73,83.73,83.73,,,,2,4,20,83.73,0.0,SAME,1.0
BFAL,2022-04-21,83.73,83.73,83.73,83.73,83.73,83.73,0.0,0.0,0.0,0.0,0.0,0.0,0.0,0.0,83.73,83.73,83.73,83.73000000174625,83.730030904267,83.76265993233194,0.0,0.0,0.0,0.0,0.0,0.0,0.0,0.0,0.0,83.73,83.73,83.73,83.73,83.73,83.73,,,,3,4,21,83.73,0.0,SAME,1.0
BFAL,2022-04-22,83.73,83.73,83.73,83.73,83.73,83.73,0.0,0.0,0.0,0.0,0.0,0.0,0.0,0.0,83.73,83.73,83.73,83.73000000087313,83.73002060284468,83.75672176281704,0.0,0.0,0.0,0.0,0.0,0.0,0.0,0.0,0.0,83.73,83.73,83.73,83.73,83.73,83.73,,,,4,4,22,83.73,0.0,SAME,1.0
BFAL,2022-04-25,83.73,83.73,83.73,83.73,83.73,83.73,0.0,0.0,0.0,0.0,0.0,0.0,0.0,0.0,83.73,83.73,83.73,83.73000000043658,83.73001373522979,83.75186326048666,0.0,0.0,0.0,0.0,0.0,0.0,0.0,0.0,0.0,83.73,83.73,83.73,83.73,83.73,83.73,,,,0,4,25,83.73,0.0,SAME,1.0
BFAL,2022-04-26,83.73,83.73,83.73,83.73,83.73,83.73,0.0,0.0,0.0,0.0,0.0,0.0,0.0,0.0,83.73,83.73,83.73,83.7300000002183,83.73000915681986,83.74788812221635,0.0,0.0,0.0,0.0,0.0,0.0,0.0,0.0,0.0,83.73,83.73,83.73,83.73,83.73,83.73,,,,1,4,26,83.73,0.0,SAME,1.0
BFAL,2022-04-27,83.73,83.73,83.73,83.73,83.73,83.73,0.0,0.0,0.0,0.0,0.0,0.0,0.0,0.0,83.73,83.73,83.73,83.73000000010916,83.73000610454658,83.74463573635883,0.0,0.0,0.0,0.0,0.0,0.0,0.0,0.0,0.0,83.73,83.73,83.73,83.73,83.73,83.73,,,,2,4,27,83.73,0.0,SAME,1.0
BFAL,2022-04-28,83.73,83.73,83.73,83.73,83.73,83.73,0.0,0.0,0.0,0.0,0.0,0.0,0.0,0.0,83.73,83.73,83.73,83.73000000005459,83.73000406969773,83.74197469338449,0.0,0.0,0.0,0.0,0.0,0.0,0.0,0.0,0.0,83.73,83.73,83.73,83.73,83.73,83.73,,,,3,4,28,83.73,0.0,SAME,1.0
BFAL,2022-04-29,83.73,83.73,83.73,83.73,83.73,83.73,0.0,0.0,0.0,0.0,0.0,0.0,0.0,0.0,83.73,83.73,83.73,83.7300000000273,83.73000271313182,83.73979747640549,0.0,0.0,0.0,0.0,0.0,0.0,0.0,0.0,0.0,83.73,83.73,83.73,83.73,83.73,83.73,,,,4,4,29,83.73,0.0,SAME,1.0
BFAL,2022-05-03,83.73,83.73,83.73,83.73,83.73,83.73,0.0,0.0,0.0,0.0,0.0,0.0,0.0,0.0,83.73,83.73,83.73,83.73000000001366,83.73000180875455,83.73801611705902,0.0,0.0,0.0,0.0,0.0,0.0,0.0,0.0,0.0,83.73,83.73,83.73,83.73,83.73,83.73,,,,1,5,3,83.73,0.0,SAME,1.0
BFAL,2022-05-04,83.73,83.73,83.73,83.73,83.73,83.73,0.0,0.0,0.0,0.0,0.0,0.0,0.0,0.0,83.73,83.73,83.73,83.73000000000684,83.73000120583637,83.73655864123009,0.0,0.0,0.0,0.0,0.0,0.0,0.0,0.0,0.0,83.73,83.73,83.73,83.73,83.73,83.73,,,,2,5,4,83.73,0.0,SAME,1.0
BFAL,2022-05-05,83.73,83.73,83.73,83.73,83.73,83.73,0.0,0.0,0.0,0.0,0.0,0.0,0.0,0.0,83.73,83.73,83.73,83.73000000000343,83.73000080389092,83.73536616100643,0.0,0.0,0.0,0.0,0.0,0.0,0.0,0.0,0.0,83.73,83.73,83.73,83.73,83.73,83.73,,,,3,5,5,83.73,0.0,SAME,1.0
BFAL,2022-05-06,83.73,83.73,83.73,83.73,83.73,83.73,0.0,0.0,0.0,0.0,0.0,0.0,0.0,0.0,83.73,83.73,83.73,83.73000000000172,83.73000053592729,83.73439049536888,0.0,0.0,0.0,0.0,0.0,0.0,0.0,0.0,0.0,83.73,83.73,83.73,83.73,83.73,83.73,,,,4,5,6,83.73,0.0,SAME,1.0
BFAL,2022-05-09,83.73,83.73,83.73,83.73,83.73,83.73,0.0,0.0,0.0,0.0,0.0,0.0,0.0,0.0,83.73,83.73,83.73,83.73000000000087,83.73000035728487,83.73359222348363,0.0,0.0,0.0,0.0,0.0,0.0,0.0,0.0,0.0,83.73,83.73,83.73,83.73,83.73,83.73,,,,0,5,9,83.73,0.0,SAME,1.0
BFAL,2022-05-10,83.73,83.73,83.73,83.73,83.73,83.73,0.0,0.0,0.0,0.0,0.0,0.0,0.0,0.0,83.73,83.73,83.73,83.73000000000044,83.73000023818992,83.73293909194113,0.0,0.0,0.0,0.0,0.0,0.0,0.0,0.0,0.0,83.73,83.73,83.73,83.73,83.73,83.73,,,,1,5,10,83.73,0.0,SAME,1.0
BFAL,2022-05-12,83.73,83.73,83.73,83.73,83.73,83.73,0.0,0.0,0.0,0.0,0.0,0.0,0.0,0.0,83.73,83.73,83.73,83.73000000000022,83.73000015879329,83.73240471158819,0.0,0.0,0.0,0.0,0.0,0.0,0.0,0.0,0.0,83.73,83.73,83.73,83.73,83.73,83.73,,,,3,5,12,83.73,0.0,SAME,1.0
BFAL,2022-05-13,83.73,83.73,83.73,83.73,83.73,83.73,0.0,0.0,0.0,0.0,0.0,0.0,0.0,0.0,83.73,83.73,83.73,83.7300000000001,83.7300001058622,83.73196749129941,0.0,0.0,0.0,0.0,0.0,0.0,0.0,0.0,0.0,83.73,83.73,83.73,83.73,83.73,83.73,,,,4,5,13,83.73,0.0,SAME,1.0
BFAL,2022-05-16,83.73,83.73,83.73,83.73,83.73,83.73,0.0,0.0,0.0,0.0,0.0,0.0,0.0,0.0,83.73,83.73,83.73,83.73000000000005,83.7300000705748,83.7316097656086,0.0,0.0,0.0,0.0,0.0,0.0,0.0,0.0,0.0,83.73,83.73,83.73,83.73,83.73,83.73,,,,0,5,16,83.73,0.0,SAME,1.0
BFAL,2022-05-17,83.73,83.73,83.73,83.73,83.73,83.73,0.0,0.0,0.0,0.0,0.0,0.0,0.0,0.0,83.73,83.73,83.73,83.73000000000002,83.73000004704987,83.73131708095248,0.0,0.0,0.0,0.0,0.0,0.0,0.0,0.0,0.0,83.73,83.73,83.73,83.73,83.73,83.73,,,,1,5,17,83.73,0.0,SAME,1.0
BFAL,2022-05-18,83.73,83.73,83.73,83.73,83.73,83.73,0.0,0.0,0.0,0.0,0.0,0.0,0.0,0.0,83.73,83.73,83.73,83.73000000000002,83.73000003136659,83.73107761168838,0.0,0.0,0.0,0.0,0.0,0.0,0.0,0.0,0.0,83.73,83.73,83.73,83.73,83.73,83.73,,,,2,5,18,83.73,0.0,SAME,1.0
BFAL,2022-05-19,83.73,83.73,83.73,83.73,83.73,83.73,0.0,0.0,0.0,0.0,0.0,0.0,0.0,0.0,83.73,83.73,83.73,83.73000000000002,83.73000002091106,83.73088168229049,0.0,0.0,0.0,0.0,0.0,0.0,0.0,0.0,0.0,83.73,83.73,83.73,83.73,83.73,83.73,,,,3,5,19,83.73,0.0,SAME,1.0
BFAL,2022-05-20,83.73,83.73,83.73,83.73,83.73,83.73,0.0,0.0,0.0,0.0,0.0,0.0,0.0,0.0,83.73,83.73,83.73,83.73000000000002,83.73000001394071,83.73072137641948,0.0,0.0,0.0,0.0,0.0,0.0,0.0,0.0,0.0,83.73,83.73,83.73,83.73,83.73,83.73,,,,4,5,20,83.73,0.0,SAME,1.0
BFAL,2022-05-23,83.73,83.73,83.73,83.73,83.73,83.73,0.0,0.0,0.0,0.0,0.0,0.0,0.0,0.0,83.73,83.73,83.73,83.73000000000002,83.73000000929382,83.73059021707047,0.0,0.0,0.0,0.0,0.0,0.0,0.0,0.0,0.0,83.73,83.73,83.73,83.73,83.73,83.73,,,,0,5,23,83.73,0.0,SAME,1.0
BFAL,2022-05-24,83.73,83.73,83.73,83.73,83.73,83.73,0.0,0.0,0.0,0.0,0.0,0.0,0.0,0.0,83.73,83.73,83.73,83.73000000000002,83.73000000619588,83.73048290487583,0.0,0.0,0.0,0.0,0.0,0.0,0.0,0.0,0.0,83.73,83.73,83.73,83.73,83.73,83.73,,,,1,5,24,83.73,0.0,SAME,1.0
BFAL,2022-05-25,83.73,83.73,83.73,83.73,83.73,83.73,0.0,0.0,0.0,0.0,0.0,0.0,0.0,0.0,83.73,83.73,83.73,83.73000000000002,83.73000000413059,83.73039510398931,0.0,0.0,0.0,0.0,0.0,0.0,0.0,0.0,0.0,83.73,83.73,83.73,83.73,83.73,83.73,,,,2,5,25,83.73,0.0,SAME,1.0
BFAL,2022-05-26,83.73,83.73,83.73,83.73,83.73,83.73,0.0,0.0,0.0,0.0,0.0,0.0,0.0,0.0,83.73,83.73,83.73,83.73000000000002,83.73000000275373,83.73032326690033,0.0,0.0,0.0,0.0,0.0,0.0,0.0,0.0,0.0,83.73,83.73,83.73,83.73,83.73,83.73,,,,3,5,26,83.73,0.0,SAME,1.0
BFAL,2022-05-27,83.73,83.73,83.73,83.73,83.73,83.73,0.0,0.0,0.0,0.0,0.0,0.0,0.0,0.0,83.73,83.73,83.73,83.73000000000002,83.73000000183582,83.73026449110026,0.0,0.0,0.0,0.0,0.0,0.0,0.0,0.0,0.0,83.73,83.73,83.73,83.73,83.73,83.73,,,,4,5,27,83.73,0.0,SAME,1.0
BFAL,2022-05-30,83.73,83.73,83.73,83.73,83.73,83.73,0.0,0.0,0.0,0.0,0.0,0.0,0.0,0.0,83.73,83.73,83.73,83.73000000000002,83.73000000122389,83.73021640180929,0.0,0.0,0.0,0.0,0.0,0.0,0.0,0.0,0.0,83.73,83.73,83.73,83.73,83.73,83.73,,,,0,5,30,83.73,0.0,SAME,1.0
BFAL,2022-05-31,83.73,83.73,83.73,83.73,83.73,83.73,0.0,0.0,0.0,0.0,0.0,0.0,0.0,0.0,83.73,83.73,83.73,83.73000000000002,83.73000000081593,83.73017705602577,0.0,0.0,0.0,0.0,0.0,0.0,0.0,0.0,0.0,83.73,83.73,83.73,83.73,83.73,83.73,,,,1,5,31,83.73,0.0,SAME,1.0
BFAL,2022-06-01,83.73,83.73,83.73,83.73,83.73,83.73,0.0,0.0,0.0,0.0,0.0,0.0,0.0,0.0,83.73,83.73,83.73,83.73000000000002,83.73000000054397,83.73014486402107,0.0,0.0,0.0,0.0,0.0,0.0,0.0,0.0,0.0,83.73,83.73,83.73,83.73,83.73,83.73,,,,2,6,1,83.73,0.0,SAME,1.0
BFAL,2022-06-02,83.73,83.73,83.73,83.73,83.73,83.73,0.0,0.0,0.0,0.0,0.0,0.0,0.0,0.0,83.73,83.73,83.73,83.73000000000002,83.73000000036265,83.73011852510814,0.0,0.0,0.0,0.0,0.0,0.0,0.0,0.0,0.0,83.73,83.73,83.73,83.73,83.73,83.73,,,,3,6,2,83.73,0.0,SAME,1.0
BFAL,2022-06-03,83.73,83.73,83.73,83.73,83.73,83.73,0.0,0.0,0.0,0.0,0.0,0.0,0.0,0.0,83.73,83.73,83.73,83.73000000000002,83.73000000024177,83.73009697508847,0.0,0.0,0.0,0.0,0.0,0.0,0.0,0.0,0.0,83.73,83.73,83.73,83.73,83.73,83.73,,,,4,6,3,83.73,0.0,SAME,1.0
BFAL,2022-06-06,83.73,83.73,83.73,83.73,83.73,83.73,0.0,0.0,0.0,0.0,0.0,0.0,0.0,0.0,83.73,83.73,83.73,83.73000000000002,83.73000000016118,83.73007934325419,0.0,0.0,0.0,0.0,0.0,0.0,0.0,0.0,0.0,83.73,83.73,83.73,83.73,83.73,83.73,,,,0,6,6,83.73,0.0,SAME,1.0
BFAL,2022-06-07,83.73,83.73,83.73,83.73,83.73,83.73,0.0,0.0,0.0,0.0,0.0,0.0,0.0,0.0,83.73,83.73,83.73,83.73000000000002,83.73000000010747,83.73006491720797,0.0,0.0,0.0,0.0,0.0,0.0,0.0,0.0,0.0,83.73,83.73,83.73,83.73,83.73,83.73,,,,1,6,7,83.73,0.0,SAME,1.0
BFAL,2022-06-08,83.73,83.73,83.73,83.73,83.73,83.73,0.0,0.0,0.0,0.0,0.0,0.0,0.0,0.0,83.73,83.73,83.73,83.73000000000002,83.73000000007166,83.73005311407924,0.0,0.0,0.0,0.0,0.0,0.0,0.0,0.0,0.0,83.73,83.73,83.73,83.73,83.73,83.73,,,,2,6,8,83.73,0.0,SAME,1.0
BFAL,2022-06-09,83.73,83.73,83.73,83.73,83.73,83.73,0.0,0.0,0.0,0.0,0.0,0.0,0.0,0.0,83.73,83.73,83.73,83.73000000000002,83.73000000004778,83.73004345697392,0.0,0.0,0.0,0.0,0.0,0.0,0.0,0.0,0.0,83.73,83.73,83.73,83.73,83.73,83.73,,,,3,6,9,83.73,0.0,SAME,1.0
BFAL,2022-06-10,83.73,83.73,83.73,83.73,83.73,83.73,0.0,0.0,0.0,0.0,0.0,0.0,0.0,0.0,83.73,83.73,83.73,83.73000000000002,83.73000000003186,83.73003555570592,0.0,0.0,0.0,0.0,0.0,0.0,0.0,0.0,0.0,83.73,83.73,83.73,83.73,83.73,83.73,,,,4,6,10,83.73,0.0,SAME,1.0
BFAL,2022-06-13,83.73,83.73,83.73,83.73,83.73,83.73,0.0,0.0,0.0,0.0,0.0,0.0,0.0,0.0,83.73,83.73,83.73,83.73000000000002,83.73000000002125,83.73002909103211,0.0,0.0,0.0,0.0,0.0,0.0,0.0,0.0,0.0,83.73,83.73,83.73,83.73,83.73,83.73,,,,0,6,13,83.73,0.0,SAME,1.0
BFAL,2022-06-15,83.73,83.73,83.73,83.73,83.73,83.73,0.0,0.0,0.0,0.0,0.0,0.0,0.0,0.0,83.73,83.73,83.73,83.73000000000002,83.73000000001417,83.73002380175353,0.0,0.0,0.0,0.0,0.0,0.0,0.0,0.0,0.0,83.73,83.73,83.73,83.73,83.73,83.73,,,,2,6,15,83.73,0.0,SAME,1.0
BFAL,2022-06-16,83.73,83.73,83.73,83.73,83.73,83.73,0.0,0.0,0.0,0.0,0.0,0.0,0.0,0.0,83.73,83.73,83.73,83.73000000000002,83.73000000000945,83.73001947416198,0.0,0.0,0.0,0.0,0.0,0.0,0.0,0.0,0.0,83.73,83.73,83.73,83.73,83.73,83.73,,,,3,6,16,83.73,0.0,SAME,1.0
BFAL,2022-06-17,83.73,83.73,83.73,83.73,83.73,83.73,0.0,0.0,0.0,0.0,0.0,0.0,0.0,0.0,83.73,83.73,83.73,83.73000000000002,83.73000000000631,83.73001593340524,0.0,0.0,0.0,0.0,0.0,0.0,0.0,0.0,0.0,83.73,83.73,83.73,83.73,83.73,83.73,,,,4,6,17,83.73,0.0,SAME,1.0
BFAL,2022-06-20,83.73,83.73,83.73,83.73,83.73,83.73,0.0,0.0,0.0,0.0,0.0,0.0,0.0,0.0,83.73,83.73,83.73,83.73000000000002,83.73000000000421,83.73001303642246,0.0,0.0,0.0,0.0,0.0,0.0,0.0,0.0,0.0,83.73,83.73,83.73,83.73,83.73,83.73,,,,0,6,20,83.73,0.0,SAME,1.0
BFAL,2022-06-21,83.73,83.73,83.73,83.73,83.73,83.73,0.0,0.0,0.0,0.0,0.0,0.0,0.0,0.0,83.73,83.73,83.73,83.73000000000002,83.73000000000282,83.73001066616382,0.0,0.0,0.0,0.0,0.0,0.0,0.0,0.0,0.0,83.73,83.73,83.73,83.73,83.73,83.73,,,,1,6,21,83.73,0.0,SAME,1.0
BFAL,2022-06-22,83.73,83.73,83.73,83.73,83.73,83.73,0.0,0.0,0.0,0.0,0.0,0.0,0.0,0.0,83.73,83.73,83.73,83.73000000000002,83.73000000000188,83.7300087268613,0.0,0.0,0.0,0.0,0.0,0.0,0.0,0.0,0.0,83.73,83.73,83.73,83.73,83.73,83.73,,,,2,6,22,83.73,0.0,SAME,1.0
BFAL,2022-06-23,83.73,83.73,83.73,83.73,83.73,83.73,0.0,0.0,0.0,0.0,0.0,0.0,0.0,0.0,83.73,83.73,83.73,83.73000000000002,83.73000000000125,83.73000714015923,0.0,0.0,0.0,0.0,0.0,0.0,0.0,0.0,0.0,83.73,83.73,83.73,83.73,83.73,83.73,,,,3,6,23,83.73,0.0,SAME,1.0
BFAL,2022-06-24,83.73,83.73,83.73,83.73,83.73,83.73,0.0,0.0,0.0,0.0,0.0,0.0,0.0,0.0,83.73,83.73,83.73,83.73000000000002,83.73000000000084,83.73000584194845,0.0,0.0,0.0,0.0,0.0,0.0,0.0,0.0,0.0,83.73,83.73,83.73,83.73,83.73,83.73,,,,4,6,24,83.73,0.0,SAME,1.0
BFAL,2022-06-27,83.73,83.73,83.73,83.73,83.73,83.73,0.0,0.0,0.0,0.0,0.0,0.0,0.0,0.0,83.73,83.73,83.73,83.73000000000002,83.73000000000057,83.730004779776,0.0,0.0,0.0,0.0,0.0,0.0,0.0,0.0,0.0,83.73,83.73,83.73,83.73,83.73,83.73,,,,0,6,27,83.73,0.0,SAME,1.0
BFAL,2022-06-28,83.73,83.73,83.73,83.73,83.73,83.73,0.0,0.0,0.0,0.0,0.0,0.0,0.0,0.0,83.73,83.73,83.73,83.73000000000002,83.73000000000039,83.7300039107258,0.0,0.0,0.0,0.0,0.0,0.0,0.0,0.0,0.0,83.73,83.73,83.73,83.73,83.73,83.73,,,,1,6,28,83.73,0.0,SAME,1.0
BFAL,2022-06-29,83.73,83.73,83.73,83.73,83.73,83.73,0.0,0.0,0.0,0.0,0.0,0.0,0.0,0.0,83.73,83.73,83.73,83.73000000000002,83.73000000000026,83.73000319968473,0.0,0.0,0.0,0.0,0.0,0.0,0.0,0.0,0.0,83.73,83.73,83.73,83.73,83.73,83.73,,,,2,6,29,83.73,0.0,SAME,1.0
BFAL,2022-06-30,83.73,83.73,83.73,83.73,83.73,83.73,0.0,0.0,0.0,0.0,0.0,0.0,0.0,0.0,83.73,83.73,83.73,83.73000000000002,83.73000000000017,83.73000261792386,0.0,0.0,0.0,0.0,0.0,0.0,0.0,0.0,0.0,83.73,83.73,83.73,83.73,83.73,83.73,,,,3,6,30,83.73,0.0,SAME,1.0
BFAL,2022-07-01,83.73,83.73,83.73,83.73,83.73,83.73,0.0,0.0,0.0,0.0,0.0,0.0,0.0,0.0,83.73,83.73,83.73,83.73000000000002,83.73000000000012,83.73000214193769,0.0,0.0,0.0,0.0,0.0,0.0,0.0,0.0,0.0,83.73,83.73,83.73,83.73,83.73,83.73,,,,4,7,1,83.73,0.0,SAME,1.0
BFAL,2022-07-04,83.73,83.73,83.73,83.73,83.73,83.73,0.0,0.0,0.0,0.0,0.0,0.0,0.0,0.0,83.73,83.73,83.73,83.73000000000002,83.73000000000009,83.73000175249446,0.0,0.0,0.0,0.0,0.0,0.0,0.0,0.0,0.0,83.73,83.73,83.73,83.73,83.73,83.73,,,,0,7,4,83.73,0.0,SAME,1.0
BFAL,2022-07-05,83.73,83.73,83.73,83.73,83.73,83.73,0.0,0.0,0.0,0.0,0.0,0.0,0.0,0.0,83.73,83.73,83.73,83.73000000000002,83.73000000000006,83.73000143385909,0.0,0.0,0.0,0.0,0.0,0.0,0.0,0.0,0.0,83.73,83.73,83.73,83.73,83.73,83.73,,,,1,7,5,83.73,0.0,SAME,1.0
BFAL,2022-07-06,83.73,83.73,83.73,83.73,83.73,83.73,0.0,0.0,0.0,0.0,0.0,0.0,0.0,0.0,83.73,83.73,83.73,83.73000000000002,83.73000000000005,83.73000117315742,0.0,0.0,0.0,0.0,0.0,0.0,0.0,0.0,0.0,83.73,83.73,83.73,83.73,83.73,83.73,,,,2,7,6,83.73,0.0,SAME,1.0
BFAL,2022-07-07,83.73,83.73,83.73,83.73,83.73,83.73,0.0,0.0,0.0,0.0,0.0,0.0,0.0,0.0,83.73,83.73,83.73,83.73000000000002,83.73000000000003,83.73000095985606,0.0,0.0,0.0,0.0,0.0,0.0,0.0,0.0,0.0,83.73,83.73,83.73,83.73,83.73,83.73,,,,3,7,7,83.73,0.0,SAME,1.0
BFAL,2022-07-08,83.73,83.73,83.73,83.73,83.73,83.73,0.0,0.0,0.0,0.0,0.0,0.0,0.0,0.0,83.73,83.73,83.73,83.73000000000002,83.73000000000003,83.73000078533677,0.0,0.0,0.0,0.0,0.0,0.0,0.0,0.0,0.0,83.73,83.73,83.73,83.73,83.73,83.73,,,,4,7,8,83.73,0.0,SAME,1.0
BFAL,2022-07-11,83.73,83.73,83.73,83.73,83.73,83.73,0.0,0.0,0.0,0.0,0.0,0.0,0.0,0.0,83.73,83.73,83.73,83.73000000000002,83.73000000000003,83.73000064254826,0.0,0.0,0.0,0.0,0.0,0.0,0.0,0.0,0.0,83.73,83.73,83.73,83.73,83.73,83.73,,,,0,7,11,83.73,0.0,SAME,1.0
BFAL,2022-07-12,83.73,83.73,83.73,83.73,83.73,83.73,0.0,0.0,0.0,0.0,0.0,0.0,0.0,0.0,83.73,83.73,83.73,83.73000000000002,83.73000000000003,83.7300005257213,0.0,0.0,0.0,0.0,0.0,0.0,0.0,0.0,0.0,83.73,83.73,83.73,83.73,83.73,83.73,,,,1,7,12,83.73,0.0,SAME,1.0
BFAL,2022-07-13,83.73,83.73,83.73,83.73,83.73,83.73,0.0,0.0,0.0,0.0,0.0,0.0,0.0,0.0,83.73,83.73,83.73,83.73000000000002,83.73000000000003,83.73000043013559,0.0,0.0,0.0,0.0,0.0,0.0,0.0,0.0,0.0,83.73,83.73,83.73,83.73,83.73,83.73,,,,2,7,13,83.73,0.0,SAME,1.0
BFAL,2022-07-14,83.73,83.73,83.73,83.73,83.73,83.73,0.0,0.0,0.0,0.0,0.0,0.0,0.0,0.0,83.73,83.73,83.73,83.73000000000002,83.73000000000003,83.7300003519291,0.0,0.0,0.0,0.0,0.0,0.0,0.0,0.0,0.0,83.73,83.73,83.73,83.73,83.73,83.73,,,,3,7,14,83.73,0.0,SAME,1.0
BFAL,2022-07-15,83.73,83.73,83.73,83.73,83.73,83.73,0.0,0.0,0.0,0.0,0.0,0.0,0.0,0.0,83.73,83.73,83.73,83.73000000000002,83.73000000000003,83.73000028794199,0.0,0.0,0.0,0.0,0.0,0.0,0.0,0.0,0.0,83.73,83.73,83.73,83.73,83.73,83.73,,,,4,7,15,83.73,0.0,SAME,1.0
BFAL,2022-07-18,83.73,83.73,83.73,83.73,83.73,83.73,0.0,0.0,0.0,0.0,0.0,0.0,0.0,0.0,83.73,83.73,83.73,83.73000000000002,83.73000000000003,83.73000023558889,0.0,0.0,0.0,0.0,0.0,0.0,0.0,0.0,0.0,83.73,83.73,83.73,83.73,83.73,83.73,,,,0,7,18,83.73,0.0,SAME,1.0
BFAL,2022-07-19,83.73,83.73,83.73,83.73,83.73,83.73,0.0,0.0,0.0,0.0,0.0,0.0,0.0,0.0,83.73,83.73,83.73,83.73000000000002,83.73000000000003,83.73000019275453,0.0,0.0,0.0,0.0,0.0,0.0,0.0,0.0,0.0,83.73,83.73,83.73,83.73,83.73,83.73,,,,1,7,19,83.73,0.0,SAME,1.0
BFAL,2022-07-20,83.73,83.73,83.73,83.73,83.73,83.73,0.0,0.0,0.0,0.0,0.0,0.0,0.0,0.0,83.73,83.73,83.73,83.73000000000002,83.73000000000003,83.73000015770825,0.0,0.0,0.0,0.0,0.0,0.0,0.0,0.0,0.0,83.73,83.73,83.73,83.73,83.73,83.73,,,,2,7,20,83.73,0.0,SAME,1.0
BFAL,2022-07-21,83.73,83.73,83.73,83.73,83.73,83.73,0.0,0.0,0.0,0.0,0.0,0.0,0.0,0.0,83.73,83.73,83.73,83.73000000000002,83.73000000000003,83.73000012903401,0.0,0.0,0.0,0.0,0.0,0.0,0.0,0.0,0.0,83.73,83.73,83.73,83.73,83.73,83.73,,,,3,7,21,83.73,0.0,SAME,1.0
BFAL,2022-07-22,83.73,83.73,83.73,83.73,83.73,83.73,0.0,0.0,0.0,0.0,0.0,0.0,0.0,0.0,83.73,83.73,83.73,83.73000000000002,83.73000000000003,83.73000010557327,0.0,0.0,0.0,0.0,0.0,0.0,0.0,0.0,0.0,83.73,83.73,83.73,83.73,83.73,83.73,,,,4,7,22,83.73,0.0,SAME,1.0
BFAL,2022-07-25,83.73,83.73,83.73,83.73,83.73,83.73,0.0,0.0,0.0,0.0,0.0,0.0,0.0,0.0,83.73,83.73,83.73,83.73000000000002,83.73000000000003,83.73000008637811,0.0,0.0,0.0,0.0,0.0,0.0,0.0,0.0,0.0,83.73,83.73,83.73,83.73,83.73,83.73,,,,0,7,25,83.73,0.0,SAME,1.0
BFAL,2022-07-26,83.73,83.73,83.73,83.73,83.73,83.73,0.0,0.0,0.0,0.0,0.0,0.0,0.0,0.0,83.73,83.73,83.73,83.73000000000002,83.73000000000003,83.73000007067299,0.0,0.0,0.0,0.0,0.0,0.0,0.0,0.0,0.0,83.73,83.73,83.73,83.73,83.73,83.73,,,,1,7,26,83.73,0.0,SAME,1.0
BFAL,2022-07-27,83.73,83.73,83.73,83.73,83.73,83.73,0.0,0.0,0.0,0.0,0.0,0.0,0.0,0.0,83.73,83.73,83.73,83.73000000000002,83.73000000000003,83.73000005782335,0.0,0.0,0.0,0.0,0.0,0.0,0.0,0.0,0.0,83.73,83.73,83.73,83.73,83.73,83.73,,,,2,7,27,83.73,0.0,SAME,1.0
BFAL,2022-07-28,83.73,83.73,83.73,83.73,83.73,83.73,0.0,0.0,0.0,0.0,0.0,0.0,0.0,0.0,83.73,83.73,83.73,83.73000000000002,83.73000000000003,83.73000004731,0.0,0.0,0.0,0.0,0.0,0.0,0.0,0.0,0.0,83.73,83.73,83.73,83.73,83.73,83.73,,,,3,7,28,83.73,0.0,SAME,1.0
BFAL,2022-07-29,83.73,83.73,83.73,83.73,83.73,83.73,0.0,0.0,0.0,0.0,0.0,0.0,0.0,0.0,83.73,83.73,83.73,83.73000000000002,83.73000000000003,83.73000003870817,0.0,0.0,0.0,0.0,0.0,0.0,0.0,0.0,0.0,83.73,83.73,83.73,83.73,83.73,83.73,,,,4,7,29,83.73,0.0,SAME,1.0
BFAL,2022-08-02,83.73,83.73,83.73,83.73,83.73,83.73,0.0,0.0,0.0,0.0,0.0,0.0,0.0,0.0,83.73,83.73,83.73,83.73000000000002,83.73000000000003,83.73000003167031,0.0,0.0,0.0,0.0,0.0,0.0,0.0,0.0,0.0,83.73,83.73,83.73,83.73,83.73,83.73,,,,1,8,2,83.73,0.0,SAME,1.0
BFAL,2022-08-03,83.73,83.73,83.73,83.73,83.73,83.73,0.0,0.0,0.0,0.0,0.0,0.0,0.0,0.0,83.73,83.73,83.73,83.73000000000002,83.73000000000003,83.73000002591206,0.0,0.0,0.0,0.0,0.0,0.0,0.0,0.0,0.0,83.73,83.73,83.73,83.73,83.73,83.73,,,,2,8,3,83.73,0.0,SAME,1.0
BFAL,2022-08-04,83.73,83.73,83.73,83.73,83.73,83.73,0.0,0.0,0.0,0.0,0.0,0.0,0.0,0.0,83.73,83.73,83.73,83.73000000000002,83.73000000000003,83.73000002120077,0.0,0.0,0.0,0.0,0.0,0.0,0.0,0.0,0.0,83.73,83.73,83.73,83.73,83.73,83.73,,,,3,8,4,83.73,0.0,SAME,1.0
BFAL,2022-08-05,83.73,83.73,83.73,83.73,83.73,83.73,0.0,0.0,0.0,0.0,0.0,0.0,0.0,0.0,83.73,83.73,83.73,83.73000000000002,83.73000000000003,83.73000001734607,0.0,0.0,0.0,0.0,0.0,0.0,0.0,0.0,0.0,83.73,83.73,83.73,83.73,83.73,83.73,,,,4,8,5,83.73,0.0,SAME,1.0
BFAL,2022-08-08,83.73,83.73,83.73,83.73,83.73,83.73,0.0,0.0,0.0,0.0,0.0,0.0,0.0,0.0,83.73,83.73,83.73,83.73000000000002,83.73000000000003,83.73000001419223,0.0,0.0,0.0,0.0,0.0,0.0,0.0,0.0,0.0,83.73,83.73,83.73,83.73,83.73,83.73,,,,0,8,8,83.73,0.0,SAME,1.0
BFAL,2022-08-09,83.73,83.73,83.73,83.73,83.73,83.73,0.0,0.0,0.0,0.0,0.0,0.0,0.0,0.0,83.73,83.73,83.73,83.73000000000002,83.73000000000003,83.7300000116118,0.0,0.0,0.0,0.0,0.0,0.0,0.0,0.0,0.0,83.73,83.73,83.73,83.73,83.73,83.73,,,,1,8,9,83.73,0.0,SAME,1.0
BFAL,2022-08-10,83.73,83.73,83.73,83.73,83.73,83.73,0.0,0.0,0.0,0.0,0.0,0.0,0.0,0.0,83.73,83.73,83.73,83.73000000000002,83.73000000000003,83.73000000950056,0.0,0.0,0.0,0.0,0.0,0.0,0.0,0.0,0.0,83.73,83.73,83.73,83.73,83.73,83.73,,,,2,8,10,83.73,0.0,SAME,1.0
BFAL,2022-08-11,83.73,83.73,83.73,83.73,83.73,83.73,0.0,0.0,0.0,0.0,0.0,0.0,0.0,0.0,83.73,83.73,83.73,83.73000000000002,83.73000000000003,83.73000000777317,0.0,0.0,0.0,0.0,0.0,0.0,0.0,0.0,0.0,83.73,83.73,83.73,83.73,83.73,83.73,,,,3,8,11,83.73,0.0,SAME,1.0
BFAL,2022-08-12,83.73,83.73,83.73,83.73,83.73,83.73,0.0,0.0,0.0,0.0,0.0,0.0,0.0,0.0,83.73,83.73,83.73,83.73000000000002,83.73000000000003,83.73000000635986,0.0,0.0,0.0,0.0,0.0,0.0,0.0,0.0,0.0,83.73,83.73,83.73,83.73,83.73,83.73,,,,4,8,12,83.73,0.0,SAME,1.0
BFAL,2022-08-15,83.73,83.73,83.73,83.73,83.73,83.73,0.0,0.0,0.0,0.0,0.0,0.0,0.0,0.0,83.73,83.73,83.73,83.73000000000002,83.73000000000003,83.73000000520351,0.0,0.0,0.0,0.0,0.0,0.0,0.0,0.0,0.0,83.73,83.73,83.73,83.73,83.73,83.73,,,,0,8,15,83.73,0.0,SAME,1.0
BFAL,2022-08-16,83.73,83.73,83.73,83.73,83.73,83.73,0.0,0.0,0.0,0.0,0.0,0.0,0.0,0.0,83.73,83.73,83.73,83.73000000000002,83.73000000000003,83.7300000042574,0.0,0.0,0.0,0.0,0.0,0.0,0.0,0.0,0.0,83.73,83.73,83.73,83.73,83.73,83.73,,,,1,8,16,83.73,0.0,SAME,1.0
BFAL,2022-08-17,83.73,83.73,83.73,83.73,83.73,83.73,0.0,0.0,0.0,0.0,0.0,0.0,0.0,0.0,83.73,83.73,83.73,83.73000000000002,83.73000000000003,83.73000000348333,0.0,0.0,0.0,0.0,0.0,0.0,0.0,0.0,0.0,83.73,83.73,83.73,83.73,83.73,83.73,,,,2,8,17,83.73,0.0,SAME,1.0
BFAL,2022-08-18,83.73,83.73,83.73,83.73,83.73,83.73,0.0,0.0,0.0,0.0,0.0,0.0,0.0,0.0,83.73,83.73,83.73,83.73000000000002,83.73000000000003,83.73000000284999,0.0,0.0,0.0,0.0,0.0,0.0,0.0,0.0,0.0,83.73,83.73,83.73,83.73,83.73,83.73,,,,3,8,18,83.73,0.0,SAME,1.0
BFAL,2022-08-19,83.73,83.73,83.73,83.73,83.73,83.73,0.0,0.0,0.0,0.0,0.0,0.0,0.0,0.0,83.73,83.73,83.73,83.73000000000002,83.73000000000003,83.7300000023318,0.0,0.0,0.0,0.0,0.0,0.0,0.0,0.0,0.0,83.73,83.73,83.73,83.73,83.73,83.73,,,,4,8,19,83.73,0.0,SAME,1.0
BFAL,2022-08-22,83.73,83.73,83.73,83.73,83.73,83.73,0.0,0.0,0.0,0.0,0.0,0.0,0.0,0.0,83.73,83.73,83.73,83.73000000000002,83.73000000000003,83.73000000190783,0.0,0.0,0.0,0.0,0.0,0.0,0.0,0.0,0.0,83.73,83.73,83.73,83.73,83.73,83.73,,,,0,8,22,83.73,0.0,SAME,1.0
BFAL,2022-08-23,83.73,83.73,83.73,83.73,83.73,83.73,0.0,0.0,0.0,0.0,0.0,0.0,0.0,0.0,83.73,83.73,83.73,83.73000000000002,83.73000000000003,83.73000000156094,0.0,0.0,0.0,0.0,0.0,0.0,0.0,0.0,0.0,83.73,83.73,83.73,83.73,83.73,83.73,,,,1,8,23,83.73,0.0,SAME,1.0
BFAL,2022-08-24,83.73,83.73,83.73,83.73,83.73,83.73,0.0,0.0,0.0,0.0,0.0,0.0,0.0,0.0,83.73,83.73,83.73,83.73000000000002,83.73000000000003,83.73000000127712,0.0,0.0,0.0,0.0,0.0,0.0,0.0,0.0,0.0,83.73,83.73,83.73,83.73,83.73,83.73,,,,2,8,24,83.73,0.0,SAME,1.0
BFAL,2022-08-25,83.73,83.73,83.73,83.73,83.73,83.73,0.0,0.0,0.0,0.0,0.0,0.0,0.0,0.0,83.73,83.73,83.73,83.73000000000002,83.73000000000003,83.7300000010449,0.0,0.0,0.0,0.0,0.0,0.0,0.0,0.0,0.0,83.73,83.73,83.73,83.73,83.73,83.73,,,,3,8,25,83.73,0.0,SAME,1.0
BFAL,2022-08-26,83.73,83.73,83.73,83.73,83.73,83.73,0.0,0.0,0.0,0.0,0.0,0.0,0.0,0.0,83.73,83.73,83.73,83.73000000000002,83.73000000000003,83.73000000085491,0.0,0.0,0.0,0.0,0.0,0.0,0.0,0.0,0.0,83.73,83.73,83.73,83.73,83.73,83.73,,,,4,8,26,83.73,0.0,SAME,1.0
BFAL,2022-08-29,83.73,83.73,83.73,83.73,83.73,83.73,0.0,0.0,0.0,0.0,0.0,0.0,0.0,0.0,83.73,83.73,83.73,83.73000000000002,83.73000000000003,83.73000000069946,0.0,0.0,0.0,0.0,0.0,0.0,0.0,0.0,0.0,83.73,83.73,83.73,83.73,83.73,83.73,,,,0,8,29,83.73,0.0,SAME,1.0
BFAL,2022-08-30,83.73,83.73,83.73,83.73,83.73,83.73,0.0,0.0,0.0,0.0,0.0,0.0,0.0,0.0,83.73,83.73,83.73,83.73000000000002,83.73000000000003,83.73000000057228,0.0,0.0,0.0,0.0,0.0,0.0,0.0,0.0,0.0,83.73,83.73,83.73,83.73,83.73,83.73,,,,1,8,30,83.73,0.0,SAME,1.0
BFAL,2022-08-31,83.73,83.73,83.73,83.73,83.73,83.73,0.0,0.0,0.0,0.0,0.0,0.0,0.0,0.0,83.73,83.73,83.73,83.73000000000002,83.73000000000003,83.73000000046821,0.0,0.0,0.0,0.0,0.0,0.0,0.0,0.0,0.0,83.73,83.73,83.73,83.73,83.73,83.73,,,,2,8,31,83.73,0.0,SAME,1.0
BFAL,2022-09-01,83.73,83.73,83.73,83.73,83.73,83.73,0.0,0.0,0.0,0.0,0.0,0.0,0.0,0.0,83.73,83.73,83.73,83.73000000000002,83.73000000000003,83.73000000038307,0.0,0.0,0.0,0.0,0.0,0.0,0.0,0.0,0.0,83.73,83.73,83.73,83.73,83.73,83.73,,,,3,9,1,83.73,0.0,SAME,1.0
BFAL,2022-09-02,83.73,83.73,83.73,83.73,83.73,83.73,0.0,0.0,0.0,0.0,0.0,0.0,0.0,0.0,83.73,83.73,83.73,83.73000000000002,83.73000000000003,83.73000000031341,0.0,0.0,0.0,0.0,0.0,0.0,0.0,0.0,0.0,83.73,83.73,83.73,83.73,83.73,83.73,,,,4,9,2,83.73,0.0,SAME,1.0
BFAL,2022-09-05,83.73,83.73,83.73,83.73,83.73,83.73,0.0,0.0,0.0,0.0,0.0,0.0,0.0,0.0,83.73,83.73,83.73,83.73000000000002,83.73000000000003,83.73000000025641,0.0,0.0,0.0,0.0,0.0,0.0,0.0,0.0,0.0,83.73,83.73,83.73,83.73,83.73,83.73,,,,0,9,5,83.73,0.0,SAME,1.0
BFAL,2022-09-06,83.73,83.73,83.73,83.73,83.73,83.73,0.0,0.0,0.0,0.0,0.0,0.0,0.0,0.0,83.73,83.73,83.73,83.73000000000002,83.73000000000003,83.73000000020978,0.0,0.0,0.0,0.0,0.0,0.0,0.0,0.0,0.0,83.73,83.73,83.73,83.73,83.73,83.73,,,,1,9,6,83.73,0.0,SAME,1.0
BFAL,2022-09-07,83.73,83.73,83.73,83.73,83.73,83.73,0.0,0.0,0.0,0.0,0.0,0.0,0.0,0.0,83.73,83.73,83.73,83.73000000000002,83.73000000000003,83.73000000017163,0.0,0.0,0.0,0.0,0.0,0.0,0.0,0.0,0.0,83.73,83.73,83.73,83.73,83.73,83.73,,,,2,9,7,83.73,0.0,SAME,1.0
BFAL,2022-09-08,83.73,83.73,83.73,83.73,83.73,83.73,0.0,0.0,0.0,0.0,0.0,0.0,0.0,0.0,83.73,83.73,83.73,83.73000000000002,83.73000000000003,83.73000000014041,0.0,0.0,0.0,0.0,0.0,0.0,0.0,0.0,0.0,83.73,83.73,83.73,83.73,83.73,83.73,,,,3,9,8,83.73,0.0,SAME,1.0
BFAL,2022-09-09,83.73,83.73,83.73,83.73,83.73,83.73,0.0,0.0,0.0,0.0,0.0,0.0,0.0,0.0,83.73,83.73,83.73,83.73000000000002,83.73000000000003,83.73000000011487,0.0,0.0,0.0,0.0,0.0,0.0,0.0,0.0,0.0,83.73,83.73,83.73,83.73,83.73,83.73,,,,4,9,9,83.73,0.0,SAME,1.0
BFAL,2022-09-12,83.73,83.73,83.73,83.73,83.73,83.73,0.0,0.0,0.0,0.0,0.0,0.0,0.0,0.0,83.73,83.73,83.73,83.73000000000002,83.73000000000003,83.73000000009398,0.0,0.0,0.0,0.0,0.0,0.0,0.0,0.0,0.0,83.73,83.73,83.73,83.73,83.73,83.73,,,,0,9,12,83.73,0.0,SAME,1.0
BFAL,2022-09-13,83.73,83.73,83.73,83.73,83.73,83.73,0.0,0.0,0.0,0.0,0.0,0.0,0.0,0.0,83.73,83.73,83.73,83.73000000000002,83.73000000000003,83.73000000007688,0.0,0.0,0.0,0.0,0.0,0.0,0.0,0.0,0.0,83.73,83.73,83.73,83.73,83.73,83.73,,,,1,9,13,83.73,0.0,SAME,1.0
BFAL,2022-09-14,83.73,83.73,83.73,83.73,83.73,83.73,0.0,0.0,0.0,0.0,0.0,0.0,0.0,0.0,83.73,83.73,83.73,83.73000000000002,83.73000000000003,83.7300000000629,0.0,0.0,0.0,0.0,0.0,0.0,0.0,0.0,0.0,83.73,83.73,83.73,83.73,83.73,83.73,,,,2,9,14,83.73,0.0,SAME,1.0
BFAL,2022-09-15,83.73,83.73,83.73,83.73,83.73,83.73,0.0,0.0,0.0,0.0,0.0,0.0,0.0,0.0,83.73,83.73,83.73,83.73000000000002,83.73000000000003,83.73000000005146,0.0,0.0,0.0,0.0,0.0,0.0,0.0,0.0,0.0,83.73,83.73,83.73,83.73,83.73,83.73,,,,3,9,15,83.73,0.0,SAME,1.0
BFAL,2022-09-16,83.73,83.73,83.73,83.73,83.73,83.73,0.0,0.0,0.0,0.0,0.0,0.0,0.0,0.0,83.73,83.73,83.73,83.73000000000002,83.73000000000003,83.7300000000421,0.0,0.0,0.0,0.0,0.0,0.0,0.0,0.0,0.0,83.73,83.73,83.73,83.73,83.73,83.73,,,,4,9,16,83.73,0.0,SAME,1.0
BFAL,2022-09-19,83.73,83.73,83.73,83.73,83.73,83.73,0.0,0.0,0.0,0.0,0.0,0.0,0.0,0.0,83.73,83.73,83.73,83.73000000000002,83.73000000000003,83.73000000003444,0.0,0.0,0.0,0.0,0.0,0.0,0.0,0.0,0.0,83.73,83.73,83.73,83.73,83.73,83.73,,,,0,9,19,83.73,0.0,SAME,1.0
BFAL,2022-09-20,83.73,83.73,83.73,83.73,83.73,83.73,0.0,0.0,0.0,0.0,0.0,0.0,0.0,0.0,83.73,83.73,83.73,83.73000000000002,83.73000000000003,83.73000000002817,0.0,0.0,0.0,0.0,0.0,0.0,0.0,0.0,0.0,83.73,83.73,83.73,83.73,83.73,83.73,,,,1,9,20,83.73,0.0,SAME,1.0
BFAL,2022-09-21,83.73,83.73,83.73,83.73,83.73,83.73,0.0,0.0,0.0,0.0,0.0,0.0,0.0,0.0,83.73,83.73,83.73,83.73000000000002,83.73000000000003,83.73000000002304,0.0,0.0,0.0,0.0,0.0,0.0,0.0,0.0,0.0,83.73,83.73,83.73,83.73,83.73,83.73,,,,2,9,21,83.73,0.0,SAME,1.0
BFAL,2022-09-22,83.73,83.73,83.73,83.73,83.73,83.73,0.0,0.0,0.0,0.0,0.0,0.0,0.0,0.0,83.73,83.73,83.73,83.73000000000002,83.73000000000003,83.73000000001885,0.0,0.0,0.0,0.0,0.0,0.0,0.0,0.0,0.0,83.73,83.73,83.73,83.73,83.73,83.73,,,,3,9,22,83.73,0.0,SAME,1.0
BFAL,2022-09-26,83.73,83.73,83.73,83.73,83.73,83.73,0.0,0.0,0.0,0.0,0.0,0.0,0.0,0.0,83.73,83.73,83.73,83.73000000000002,83.73000000000003,83.73000000001541,0.0,0.0,0.0,0.0,0.0,0.0,0.0,0.0,0.0,83.73,83.73,83.73,83.73,83.73,83.73,,,,0,9,26,83.73,0.0,SAME,1.0
BFAL,2022-09-27,83.73,83.73,83.73,83.73,83.73,83.73,0.0,0.0,0.0,0.0,0.0,0.0,0.0,0.0,83.73,83.73,83.73,83.73000000000002,83.73000000000003,83.7300000000126,0.0,0.0,0.0,0.0,0.0,0.0,0.0,0.0,0.0,83.73,83.73,83.73,83.73,83.73,83.73,,,,1,9,27,83.73,0.0,SAME,1.0
BFAL,2022-09-28,83.73,83.73,83.73,83.73,83.73,83.73,0.0,0.0,0.0,0.0,0.0,0.0,0.0,0.0,83.73,83.73,83.73,83.73000000000002,83.73000000000003,83.73000000001029,0.0,0.0,0.0,0.0,0.0,0.0,0.0,0.0,0.0,83.73,83.73,83.73,83.73,83.73,83.73,,,,2,9,28,83.73,0.0,SAME,1.0
BFAL,2022-09-29,83.73,83.73,83.73,83.73,83.73,83.73,0.0,0.0,0.0,0.0,0.0,0.0,0.0,0.0,83.73,83.73,83.73,83.73000000000002,83.73000000000003,83.73000000000842,0.0,0.0,0.0,0.0,0.0,0.0,0.0,0.0,0.0,83.73,83.73,83.73,83.73,83.73,83.73,,,,3,9,29,83.73,0.0,SAME,1.0
BFAL,2022-10-03,83.73,83.73,83.73,83.73,83.73,83.73,0.0,0.0,0.0,0.0,0.0,0.0,0.0,0.0,83.73,83.73,83.73,83.73000000000002,83.73000000000003,83.73000000000688,0.0,0.0,0.0,0.0,0.0,0.0,0.0,0.0,0.0,83.73,83.73,83.73,83.73,83.73,83.73,,,,0,10,3,83.73,0.0,SAME,1.0
BFAL,2022-10-07,83.73,83.73,83.73,83.73,83.73,83.73,0.0,0.0,0.0,0.0,0.0,0.0,0.0,0.0,83.73,83.73,83.73,83.73000000000002,83.73000000000003,83.73000000000562,0.0,0.0,0.0,0.0,0.0,0.0,0.0,0.0,0.0,83.73,83.73,83.73,83.73,83.73,83.73,,,,4,10,7,83.73,0.0,SAME,1.0
BFAL,2022-10-10,83.73,83.73,83.73,83.73,83.73,83.73,0.0,0.0,0.0,0.0,0.0,0.0,0.0,0.0,83.73,83.73,83.73,83.73000000000002,83.73000000000003,83.73000000000458,0.0,0.0,0.0,0.0,0.0,0.0,0.0,0.0,0.0,83.73,83.73,83.73,83.73,83.73,83.73,,,,0,10,10,83.73,0.0,SAME,1.0
BFAL,2022-10-11,83.73,83.73,83.73,83.73,83.73,83.73,0.0,0.0,0.0,0.0,0.0,0.0,0.0,0.0,83.73,83.73,83.73,83.73000000000002,83.73000000000003,83.73000000000374,0.0,0.0,0.0,0.0,0.0,0.0,0.0,0.0,0.0,83.73,83.73,83.73,83.73,83.73,83.73,,,,1,10,11,83.73,0.0,SAME,1.0
BFAL,2022-10-12,83.73,83.73,83.73,83.73,83.73,83.73,0.0,0.0,0.0,0.0,0.0,0.0,0.0,0.0,83.73,83.73,83.73,83.73000000000002,83.73000000000003,83.73000000000305,0.0,0.0,0.0,0.0,0.0,0.0,0.0,0.0,0.0,83.73,83.73,83.73,83.73,83.73,83.73,,,,2,10,12,83.73,0.0,SAME,1.0
BFAL,2022-10-13,83.73,83.73,83.73,83.73,83.73,83.73,0.0,0.0,0.0,0.0,0.0,0.0,0.0,0.0,83.73,83.73,83.73,83.73000000000002,83.73000000000003,83.73000000000248,0.0,0.0,0.0,0.0,0.0,0.0,0.0,0.0,0.0,83.73,83.73,83.73,83.73,83.73,83.73,,,,3,10,13,83.73,0.0,SAME,1.0
BFAL,2022-10-14,83.73,83.73,83.73,83.73,83.73,83.73,0.0,0.0,0.0,0.0,0.0,0.0,0.0,0.0,83.73,83.73,83.73,83.73000000000002,83.73000000000003,83.73000000000202,0.0,0.0,0.0,0.0,0.0,0.0,0.0,0.0,0.0,83.73,83.73,83.73,83.73,83.73,83.73,,,,4,10,14,83.73,0.0,SAME,1.0
BFAL,2022-10-17,83.73,83.73,83.73,83.73,83.73,83.73,0.0,0.0,0.0,0.0,0.0,0.0,0.0,0.0,83.73,83.73,83.73,83.73000000000002,83.73000000000003,83.73000000000164,0.0,0.0,0.0,0.0,0.0,0.0,0.0,0.0,0.0,83.73,83.73,83.73,83.73,83.73,83.73,,,,0,10,17,83.73,0.0,SAME,1.0
BFAL,2022-10-18,83.73,83.73,83.73,83.73,83.73,83.73,0.0,0.0,0.0,0.0,0.0,0.0,0.0,0.0,83.73,83.73,83.73,83.73000000000002,83.73000000000003,83.73000000000133,0.0,0.0,0.0,0.0,0.0,0.0,0.0,0.0,0.0,83.73,83.73,83.73,83.73,83.73,83.73,,,,1,10,18,83.73,0.0,SAME,1.0
BFAL,2022-10-19,83.73,83.73,83.73,83.73,83.73,83.73,0.0,0.0,0.0,0.0,0.0,0.0,0.0,0.0,83.73,83.73,83.73,83.73000000000002,83.73000000000003,83.73000000000107,0.0,0.0,0.0,0.0,0.0,0.0,0.0,0.0,0.0,83.73,83.73,83.73,83.73,83.73,83.73,,,,2,10,19,83.73,0.0,SAME,1.0
BFAL,2022-10-20,83.73,83.73,83.73,83.73,83.73,83.73,0.0,0.0,0.0,0.0,0.0,0.0,0.0,0.0,83.73,83.73,83.73,83.73000000000002,83.73000000000003,83.73000000000087,0.0,0.0,0.0,0.0,0.0,0.0,0.0,0.0,0.0,83.73,83.73,83.73,83.73,83.73,83.73,,,,3,10,20,83.73,0.0,SAME,1.0
BFAL,2022-10-21,83.73,83.73,83.73,83.73,83.73,83.73,0.0,0.0,0.0,0.0,0.0,0.0,0.0,0.0,83.73,83.73,83.73,83.73000000000002,83.73000000000003,83.7300000000007,0.0,0.0,0.0,0.0,0.0,0.0,0.0,0.0,0.0,83.73,83.73,83.73,83.73,83.73,83.73,,,,4,10,21,83.73,0.0,SAME,1.0
BFAL,2022-10-24,83.73,83.73,83.73,83.73,83.73,83.73,0.0,0.0,0.0,0.0,0.0,0.0,0.0,0.0,83.73,83.73,83.73,83.73000000000002,83.73000000000003,83.73000000000056,0.0,0.0,0.0,0.0,0.0,0.0,0.0,0.0,0.0,83.73,83.73,83.73,83.73,83.73,83.73,,,,0,10,24,83.73,0.0,SAME,1.0
BFAL,2022-10-25,83.73,83.73,83.73,83.73,83.73,83.73,0.0,0.0,0.0,0.0,0.0,0.0,0.0,0.0,83.73,83.73,83.73,83.73000000000002,83.73000000000003,83.73000000000044,0.0,0.0,0.0,0.0,0.0,0.0,0.0,0.0,0.0,83.73,83.73,83.73,83.73,83.73,83.73,,,,1,10,25,83.73,0.0,SAME,1.0
BFAL,2022-10-26,83.73,83.73,83.73,83.73,83.73,83.73,0.0,0.0,0.0,0.0,0.0,0.0,0.0,0.0,83.73,83.73,83.73,83.73000000000002,83.73000000000003,83.73000000000036,0.0,0.0,0.0,0.0,0.0,0.0,0.0,0.0,0.0,83.73,83.73,83.73,83.73,83.73,83.73,,,,2,10,26,83.73,0.0,SAME,1.0
BFAL,2022-10-27,83.73,83.73,83.73,83.73,83.73,83.73,0.0,0.0,0.0,0.0,0.0,0.0,0.0,0.0,83.73,83.73,83.73,83.73000000000002,83.73000000000003,83.73000000000029,0.0,0.0,0.0,0.0,0.0,0.0,0.0,0.0,0.0,83.73,83.73,83.73,83.73,83.73,83.73,,,,3,10,27,83.73,0.0,SAME,1.0
BFAL,2022-10-28,83.73,83.73,83.73,83.73,83.73,83.73,0.0,0.0,0.0,0.0,0.0,0.0,0.0,0.0,83.73,83.73,83.73,83.73000000000002,83.73000000000003,83.73000000000023,0.0,0.0,0.0,0.0,0.0,0.0,0.0,0.0,0.0,83.73,83.73,83.73,83.73,83.73,83.73,,,,4,10,28,83.73,0.0,SAME,1.0
BFAL,2022-10-31,83.73,83.73,83.73,83.73,83.73,83.73,0.0,0.0,0.0,0.0,0.0,0.0,0.0,0.0,83.73,83.73,83.73,83.73000000000002,83.73000000000003,83.73000000000017,0.0,0.0,0.0,0.0,0.0,0.0,0.0,0.0,0.0,83.73,83.73,83.73,83.73,83.73,83.73,,,,0,10,31,83.73,0.0,SAME,1.0
BFAL,2022-11-02,83.73,83.73,83.73,83.73,83.73,83.73,0.0,0.0,0.0,0.0,0.0,0.0,0.0,0.0,83.73,83.73,83.73,83.73000000000002,83.73000000000003,83.73000000000013,0.0,0.0,0.0,0.0,0.0,0.0,0.0,0.0,0.0,83.73,83.73,83.73,83.73,83.73,83.73,,,,2,11,2,83.73,0.0,SAME,1.0
BFAL,2022-11-03,83.73,83.73,83.73,83.73,83.73,83.73,0.0,0.0,0.0,0.0,0.0,0.0,0.0,0.0,83.73,83.73,83.73,83.73000000000002,83.73000000000003,83.7300000000001,0.0,0.0,0.0,0.0,0.0,0.0,0.0,0.0,0.0,83.73,83.73,83.73,83.73,83.73,83.73,,,,3,11,3,83.73,0.0,SAME,1.0
BFAL,2022-11-04,83.73,83.73,83.73,83.73,83.73,83.73,0.0,0.0,0.0,0.0,0.0,0.0,0.0,0.0,83.73,83.73,83.73,83.73000000000002,83.73000000000003,83.73000000000008,0.0,0.0,0.0,0.0,0.0,0.0,0.0,0.0,0.0,83.73,83.73,83.73,83.73,83.73,83.73,,,,4,11,4,83.73,0.0,SAME,1.0
BFAL,2022-11-07,83.73,83.73,83.73,83.73,83.73,83.73,0.0,0.0,0.0,0.0,0.0,0.0,0.0,0.0,83.73,83.73,83.73,83.73000000000002,83.73000000000003,83.73000000000005,0.0,0.0,0.0,0.0,0.0,0.0,0.0,0.0,0.0,83.73,83.73,83.73,83.73,83.73,83.73,,,,0,11,7,83.73,0.0,SAME,1.0
BFAL,2022-11-08,83.73,83.73,83.73,83.73,83.73,83.73,0.0,0.0,0.0,0.0,0.0,0.0,0.0,0.0,83.73,83.73,83.73,83.73000000000002,83.73000000000003,83.73000000000003,0.0,0.0,0.0,0.0,0.0,0.0,0.0,0.0,0.0,83.73,83.73,83.73,83.73,83.73,83.73,,,,1,11,8,83.73,0.0,SAME,1.0
BFAL,2022-11-09,83.73,83.73,83.73,83.73,83.73,83.73,0.0,0.0,0.0,0.0,0.0,0.0,0.0,0.0,83.73,83.73,83.73,83.73000000000002,83.73000000000003,83.73000000000002,0.0,0.0,0.0,0.0,0.0,0.0,0.0,0.0,0.0,83.73,83.73,83.73,83.73,83.73,83.73,,,,2,11,9,83.73,0.0,SAME,1.0
BFAL,2022-11-10,83.73,83.73,83.73,83.73,83.73,83.73,0.0,0.0,0.0,0.0,0.0,0.0,0.0,0.0,83.73,83.73,83.73,83.73000000000002,83.73000000000003,83.73,0.0,0.0,0.0,0.0,0.0,0.0,0.0,0.0,0.0,83.73,83.73,83.73,83.73,83.73,83.73,,,,3,11,10,83.73,0.0,SAME,1.0
BFAL,2022-11-14,83.73,83.73,83.73,83.73,83.73,83.73,0.0,0.0,0.0,0.0,0.0,0.0,0.0,0.0,83.73,83.73,83.73,83.73000000000002,83.73000000000003,83.73,0.0,0.0,0.0,0.0,0.0,0.0,0.0,0.0,0.0,83.73,83.73,83.73,83.73,83.73,83.73,,,,0,11,14,83.73,0.0,SAME,1.0
BFAL,2022-11-16,83.73,83.73,83.73,83.73,83.73,83.73,0.0,0.0,0.0,0.0,0.0,0.0,0.0,0.0,83.73,83.73,83.73,83.73000000000002,83.73000000000003,83.73,0.0,0.0,0.0,0.0,0.0,0.0,0.0,0.0,0.0,83.73,83.73,83.73,83.73,83.73,83.73,,,,2,11,16,83.73,0.0,SAME,1.0
BFAL,2022-11-17,83.73,83.73,83.73,83.73,83.73,83.73,0.0,0.0,0.0,0.0,0.0,0.0,0.0,0.0,83.73,83.73,83.73,83.73000000000002,83.73000000000003,83.73,0.0,0.0,0.0,0.0,0.0,0.0,0.0,0.0,0.0,83.73,83.73,83.73,83.73,83.73,83.73,,,,3,11,17,83.73,0.0,SAME,1.0
BFAL,2022-11-18,83.73,83.73,83.73,83.73,83.73,83.73,0.0,0.0,0.0,0.0,0.0,0.0,0.0,0.0,83.73,83.73,83.73,83.73000000000002,83.73000000000003,83.73,0.0,0.0,0.0,0.0,0.0,0.0,0.0,0.0,0.0,83.73,83.73,83.73,83.73,83.73,83.73,,,,4,11,18,83.73,0.0,SAME,1.0
BFAL,2022-11-21,83.73,83.73,83.73,83.73,83.73,83.73,0.0,0.0,0.0,0.0,0.0,0.0,0.0,0.0,83.73,83.73,83.73,83.73000000000002,83.73000000000003,83.73,0.0,0.0,0.0,0.0,0.0,0.0,0.0,0.0,0.0,83.73,83.73,83.73,83.73,83.73,83.73,,,,0,11,21,83.73,0.0,SAME,1.0
BFAL,2022-11-22,83.73,83.73,83.73,83.73,83.73,83.73,0.0,0.0,0.0,0.0,0.0,0.0,0.0,0.0,83.73,83.73,83.73,83.73000000000002,83.73000000000003,83.73,0.0,0.0,0.0,0.0,0.0,0.0,0.0,0.0,0.0,83.73,83.73,83.73,83.73,83.73,83.73,,,,1,11,22,83.73,0.0,SAME,1.0
BFAL,2022-11-23,83.73,83.73,83.73,83.73,83.73,83.73,0.0,0.0,0.0,0.0,0.0,0.0,0.0,0.0,83.73,83.73,83.73,83.73000000000002,83.73000000000003,83.73,0.0,0.0,0.0,0.0,0.0,0.0,0.0,0.0,0.0,83.73,83.73,83.73,83.73,83.73,83.73,,,,2,11,23,83.73,0.0,SAME,1.0
BFAL,2022-11-24,83.73,83.73,83.73,83.73,83.73,83.73,0.0,0.0,0.0,0.0,0.0,0.0,0.0,0.0,83.73,83.73,83.73,83.73000000000002,83.73000000000003,83.73,0.0,0.0,0.0,0.0,0.0,0.0,0.0,0.0,0.0,83.73,83.73,83.73,83.73,83.73,83.73,,,,3,11,24,83.73,0.0,SAME,1.0
BFAL,2022-11-25,83.73,83.73,83.73,83.73,83.73,83.73,0.0,0.0,0.0,0.0,0.0,0.0,0.0,0.0,83.73,83.73,83.73,83.73000000000002,83.73000000000003,83.73,0.0,0.0,0.0,0.0,0.0,0.0,0.0,0.0,0.0,83.73,83.73,83.73,83.73,83.73,83.73,,,,4,11,25,83.73,0.0,SAME,1.0
BFAL,2022-11-28,83.73,83.73,83.73,83.73,83.73,83.73,0.0,0.0,0.0,0.0,0.0,0.0,0.0,0.0,83.73,83.73,83.73,83.73000000000002,83.73000000000003,83.73,0.0,0.0,0.0,0.0,0.0,0.0,0.0,0.0,0.0,83.73,83.73,83.73,83.73,83.73,83.73,,,,0,11,28,83.73,0.0,SAME,1.0
BFAL,2022-11-29,83.73,83.73,83.73,83.73,83.73,83.73,0.0,0.0,0.0,0.0,0.0,0.0,0.0,0.0,83.73,83.73,83.73,83.73000000000002,83.73000000000003,83.73,0.0,0.0,0.0,0.0,0.0,0.0,0.0,0.0,0.0,83.73,83.73,83.73,83.73,83.73,83.73,,,,1,11,29,83.73,0.0,SAME,1.0
BFAL,2022-11-30,83.73,83.73,83.73,83.73,83.73,83.73,0.0,0.0,0.0,0.0,0.0,0.0,0.0,0.0,83.73,83.73,83.73,83.73000000000002,83.73000000000003,83.73,0.0,0.0,0.0,0.0,0.0,0.0,0.0,0.0,0.0,83.73,83.73,83.73,83.73,83.73,83.73,,,,2,11,30,83.73,0.0,SAME,1.0
BFAL,2022-12-01,83.73,83.73,83.73,83.73,83.73,83.73,0.0,0.0,0.0,0.0,0.0,0.0,0.0,0.0,83.73,83.73,83.73,83.73000000000002,83.73000000000003,83.73,0.0,0.0,0.0,0.0,0.0,0.0,0.0,0.0,0.0,83.73,83.73,83.73,83.73,83.73,83.73,,,,3,12,1,83.73,0.0,SAME,1.0
BFAL,2022-12-02,83.73,83.73,83.73,83.73,83.73,83.73,0.0,0.0,0.0,0.0,0.0,0.0,0.0,0.0,83.73,83.73,83.73,83.73000000000002,83.73000000000003,83.73,0.0,0.0,0.0,0.0,0.0,0.0,0.0,0.0,0.0,83.73,83.73,83.73,83.73,83.73,83.73,,,,4,12,2,83.73,0.0,SAME,1.0
BFAL,2022-12-05,83.73,83.73,83.73,83.73,83.73,83.73,0.0,0.0,0.0,0.0,0.0,0.0,0.0,0.0,83.73,83.73,83.73,83.73000000000002,83.73000000000003,83.73,0.0,0.0,0.0,0.0,0.0,0.0,0.0,0.0,0.0,83.73,83.73,83.73,83.73,83.73,83.73,,,,0,12,5,83.73,0.0,SAME,1.0
BFAL,2022-12-06,83.73,83.73,83.73,83.73,83.73,83.73,0.0,0.0,0.0,0.0,0.0,0.0,0.0,0.0,83.73,83.73,83.73,83.73000000000002,83.73000000000003,83.73,0.0,0.0,0.0,0.0,0.0,0.0,0.0,0.0,0.0,83.73,83.73,83.73,83.73,83.73,83.73,,,,1,12,6,83.73,0.0,SAME,1.0
BFAL,2022-12-07,83.73,83.73,83.73,83.73,83.73,83.73,0.0,0.0,0.0,0.0,0.0,0.0,0.0,0.0,83.73,83.73,83.73,83.73000000000002,83.73000000000003,83.73,0.0,0.0,0.0,0.0,0.0,0.0,0.0,0.0,0.0,83.73,83.73,83.73,83.73,83.73,83.73,,,,2,12,7,83.73,0.0,SAME,1.0
BFAL,2022-12-08,83.73,83.73,83.73,83.73,83.73,83.73,0.0,0.0,0.0,0.0,0.0,0.0,0.0,0.0,83.73,83.73,83.73,83.73000000000002,83.73000000000003,83.73,0.0,0.0,0.0,0.0,0.0,0.0,0.0,0.0,0.0,83.73,83.73,83.73,83.73,83.73,83.73,,,,3,12,8,83.73,0.0,SAME,1.0
BFAL,2022-12-09,83.73,83.73,83.73,83.73,83.73,83.73,0.0,0.0,0.0,0.0,0.0,0.0,0.0,0.0,83.73,83.73,83.73,83.73000000000002,83.73000000000003,83.73,0.0,0.0,0.0,0.0,0.0,0.0,0.0,0.0,0.0,83.73,83.73,83.73,83.73,83.73,83.73,,,,4,12,9,83.73,0.0,SAME,1.0
BFAL,2022-12-12,83.73,83.73,83.73,83.73,83.73,83.73,0.0,0.0,0.0,0.0,0.0,0.0,0.0,0.0,83.73,83.73,83.73,83.73000000000002,83.73000000000003,83.73,0.0,0.0,0.0,0.0,0.0,0.0,0.0,0.0,0.0,83.73,83.73,83.73,83.73,83.73,83.73,,,,0,12,12,83.73,0.0,SAME,1.0
BFAL,2022-12-13,83.73,83.73,83.73,83.73,83.73,83.73,0.0,0.0,0.0,0.0,0.0,0.0,0.0,0.0,83.73,83.73,83.73,83.73000000000002,83.73000000000003,83.73,0.0,0.0,0.0,0.0,0.0,0.0,0.0,0.0,0.0,83.73,83.73,83.73,83.73,83.73,83.73,,,,1,12,13,83.73,0.0,SAME,1.0
BFAL,2022-12-14,83.73,83.73,83.73,83.73,83.73,83.73,0.0,0.0,0.0,0.0,0.0,0.0,0.0,0.0,83.73,83.73,83.73,83.73000000000002,83.73000000000003,83.73,0.0,0.0,0.0,0.0,0.0,0.0,0.0,0.0,0.0,83.73,83.73,83.73,83.73,83.73,83.73,,,,2,12,14,83.73,0.0,SAME,1.0
BFAL,2022-12-15,83.73,83.73,83.73,83.73,83.73,83.73,0.0,0.0,0.0,0.0,0.0,0.0,0.0,0.0,83.73,83.73,83.73,83.73000000000002,83.73000000000003,83.73,0.0,0.0,0.0,0.0,0.0,0.0,0.0,0.0,0.0,83.73,83.73,83.73,83.73,83.73,83.73,,,,3,12,15,83.73,0.0,SAME,1.0
BFAL,2022-12-16,83.73,83.73,83.73,83.73,83.73,83.73,0.0,0.0,0.0,0.0,0.0,0.0,0.0,0.0,83.73,83.73,83.73,83.73000000000002,83.73000000000003,83.73,0.0,0.0,0.0,0.0,0.0,0.0,0.0,0.0,0.0,83.73,83.73,83.73,83.73,83.73,83.73,,,,4,12,16,83.73,0.0,SAME,1.0
BFAL,2022-12-19,83.73,83.73,83.73,83.73,83.73,83.73,0.0,0.0,0.0,0.0,0.0,0.0,0.0,0.0,83.73,83.73,83.73,83.73000000000002,83.73000000000003,83.73,0.0,0.0,0.0,0.0,0.0,0.0,0.0,0.0,0.0,83.73,83.73,83.73,83.73,83.73,83.73,,,,0,12,19,83.73,0.0,SAME,1.0
BFAL,2022-12-20,83.73,83.73,83.73,83.73,83.73,83.73,0.0,0.0,0.0,0.0,0.0,0.0,0.0,0.0,83.73,83.73,83.73,83.73000000000002,83.73000000000003,83.73,0.0,0.0,0.0,0.0,0.0,0.0,0.0,0.0,0.0,83.73,83.73,83.73,83.73,83.73,83.73,,,,1,12,20,83.73,0.0,SAME,1.0
BFAL,2022-12-21,83.73,83.73,83.73,83.73,83.73,83.73,0.0,0.0,0.0,0.0,0.0,0.0,0.0,0.0,83.73,83.73,83.73,83.73000000000002,83.73000000000003,83.73,0.0,0.0,0.0,0.0,0.0,0.0,0.0,0.0,0.0,83.73,83.73,83.73,83.73,83.73,83.73,,,,2,12,21,83.73,0.0,SAME,1.0
BFAL,2022-12-22,83.73,83.73,83.73,83.73,83.73,83.73,0.0,0.0,0.0,0.0,0.0,0.0,0.0,0.0,83.73,83.73,83.73,83.73000000000002,83.73000000000003,83.73,0.0,0.0,0.0,0.0,0.0,0.0,0.0,0.0,0.0,83.73,83.73,83.73,83.73,83.73,83.73,,,,3,12,22,83.73,0.0,SAME,1.0
BFAL,2022-12-23,83.73,83.73,83.73,83.73,83.73,83.73,0.0,0.0,0.0,0.0,0.0,0.0,0.0,0.0,83.73,83.73,83.73,83.73000000000002,83.73000000000003,83.73,0.0,0.0,0.0,0.0,0.0,0.0,0.0,0.0,0.0,83.73,83.73,83.73,83.73,83.73,83.73,,,,4,12,23,83.73,0.0,SAME,1.0
BFAL,2022-12-26,83.73,83.73,83.73,83.73,83.73,83.73,0.0,0.0,0.0,0.0,0.0,0.0,0.0,0.0,83.73,83.73,83.73,83.73000000000002,83.73000000000003,83.73,0.0,0.0,0.0,0.0,0.0,0.0,0.0,0.0,0.0,83.73,83.73,83.73,83.73,83.73,83.73,,,,0,12,26,83.73,0.0,SAME,1.0
BFAL,2022-12-27,83.73,83.73,83.73,83.73,83.73,83.73,0.0,0.0,0.0,0.0,0.0,0.0,0.0,0.0,83.73,83.73,83.73,83.73000000000002,83.73000000000003,83.73,0.0,0.0,0.0,0.0,0.0,0.0,0.0,0.0,0.0,83.73,83.73,83.73,83.73,83.73,83.73,,,,1,12,27,83.73,0.0,SAME,1.0
BFAL,2022-12-28,83.73,83.73,83.73,83.73,83.73,83.73,0.0,0.0,0.0,0.0,0.0,0.0,0.0,0.0,83.73,83.73,83.73,83.73000000000002,83.73000000000003,83.73,0.0,0.0,0.0,0.0,0.0,0.0,0.0,0.0,0.0,83.73,83.73,83.73,83.73,83.73,83.73,,,,2,12,28,83.73,0.0,SAME,1.0
BFAL,2022-12-29,83.73,83.73,83.73,83.73,83.73,83.73,0.0,0.0,0.0,0.0,0.0,0.0,0.0,0.0,83.73,83.73,83.73,83.73000000000002,83.73000000000003,83.73,0.0,0.0,0.0,0.0,0.0,0.0,0.0,0.0,0.0,83.73,83.73,83.73,83.73,83.73,83.73,,,,3,12,29,83.73,0.0,SAME,1.0
BFAL,2022-12-30,83.73,83.73,83.73,83.73,83.73,83.73,0.0,0.0,0.0,0.0,0.0,0.0,0.0,0.0,83.73,83.73,83.73,83.73000000000002,83.73000000000003,83.73,0.0,0.0,0.0,0.0,0.0,0.0,0.0,0.0,0.0,83.73,83.73,83.73,83.73,83.73,83.73,,,,4,12,30,83.73,0.0,SAME,1.0
BFAL,2023-01-03,83.73,83.73,83.73,83.73,83.73,83.73,0.0,0.0,0.0,0.0,0.0,0.0,0.0,0.0,83.73,83.73,83.73,83.73000000000002,83.73000000000003,83.73,0.0,0.0,0.0,0.0,0.0,0.0,0.0,0.0,0.0,83.73,83.73,83.73,83.73,83.73,83.73,,,,1,1,3,83.73,0.0,SAME,1.0
BFAL,2023-01-04,83.73,83.73,83.73,83.73,83.73,83.73,0.0,0.0,0.0,0.0,0.0,0.0,0.0,0.0,83.73,83.73,83.73,83.73000000000002,83.73000000000003,83.73,0.0,0.0,0.0,0.0,0.0,0.0,0.0,0.0,0.0,83.73,83.73,83.73,83.73,83.73,83.73,,,,2,1,4,83.73,0.0,SAME,1.0
BFAL,2023-01-05,83.73,83.73,83.73,83.73,83.73,83.73,0.0,0.0,0.0,0.0,0.0,0.0,0.0,0.0,83.73,83.73,83.73,83.73000000000002,83.73000000000003,83.73,0.0,0.0,0.0,0.0,0.0,0.0,0.0,0.0,0.0,83.73,83.73,83.73,83.73,83.73,83.73,,,,3,1,5,83.73,0.0,SAME,1.0
BFAL,2023-01-06,83.73,83.73,83.73,83.73,83.73,83.73,0.0,0.0,0.0,0.0,0.0,0.0,0.0,0.0,83.73,83.73,83.73,83.73000000000002,83.73000000000003,83.73,0.0,0.0,0.0,0.0,0.0,0.0,0.0,0.0,0.0,83.73,83.73,83.73,83.73,83.73,83.73,,,,4,1,6,83.73,0.0,SAME,1.0
BFAL,2023-01-09,83.73,83.73,83.73,83.73,83.73,83.73,0.0,0.0,0.0,0.0,0.0,0.0,0.0,0.0,83.73,83.73,83.73,83.73000000000002,83.73000000000003,83.73,0.0,0.0,0.0,0.0,0.0,0.0,0.0,0.0,0.0,83.73,83.73,83.73,83.73,83.73,83.73,,,,0,1,9,83.73,0.0,SAME,1.0
BFAL,2023-01-10,83.73,83.73,83.73,83.73,83.73,83.73,0.0,0.0,0.0,0.0,0.0,0.0,0.0,0.0,83.73,83.73,83.73,83.73000000000002,83.73000000000003,83.73,0.0,0.0,0.0,0.0,0.0,0.0,0.0,0.0,0.0,83.73,83.73,83.73,83.73,83.73,83.73,,,,1,1,10,83.73,0.0,SAME,1.0
BFAL,2023-01-11,83.73,83.73,83.73,83.73,83.73,83.73,0.0,0.0,0.0,0.0,0.0,0.0,0.0,0.0,83.73,83.73,83.73,83.73000000000002,83.73000000000003,83.73,0.0,0.0,0.0,0.0,0.0,0.0,0.0,0.0,0.0,83.73,83.73,83.73,83.73,83.73,83.73,,,,2,1,11,83.73,0.0,SAME,1.0
BFAL,2023-01-12,83.73,83.73,83.73,83.73,83.73,83.73,0.0,0.0,0.0,0.0,0.0,0.0,0.0,0.0,83.73,83.73,83.73,83.73000000000002,83.73000000000003,83.73,0.0,0.0,0.0,0.0,0.0,0.0,0.0,0.0,0.0,83.73,83.73,83.73,83.73,83.73,83.73,,,,3,1,12,83.73,0.0,SAME,1.0
BFAL,2023-01-13,83.73,83.73,83.73,83.73,83.73,83.73,0.0,0.0,0.0,0.0,0.0,0.0,0.0,0.0,83.73,83.73,83.73,83.73000000000002,83.73000000000003,83.73,0.0,0.0,0.0,0.0,0.0,0.0,0.0,0.0,0.0,83.73,83.73,83.73,83.73,83.73,83.73,,,,4,1,13,83.73,0.0,SAME,1.0
BFAL,2023-01-16,83.73,83.73,83.73,83.73,83.73,83.73,0.0,0.0,0.0,0.0,0.0,0.0,0.0,0.0,83.73,83.73,83.73,83.73000000000002,83.73000000000003,83.73,0.0,0.0,0.0,0.0,0.0,0.0,0.0,0.0,0.0,83.73,83.73,83.73,83.73,83.73,83.73,,,,0,1,16,83.73,0.0,SAME,1.0
BFAL,2023-01-17,83.73,83.73,83.73,83.73,83.73,83.73,0.0,0.0,0.0,0.0,0.0,0.0,0.0,0.0,83.73,83.73,83.73,83.73000000000002,83.73000000000003,83.73,0.0,0.0,0.0,0.0,0.0,0.0,0.0,0.0,0.0,83.73,83.73,83.73,83.73,83.73,83.73,,,,1,1,17,83.73,0.0,SAME,1.0
BFAL,2023-01-18,83.73,83.73,83.73,83.73,83.73,83.73,0.0,0.0,0.0,0.0,0.0,0.0,0.0,0.0,83.73,83.73,83.73,83.73000000000002,83.73000000000003,83.73,0.0,0.0,0.0,0.0,0.0,0.0,0.0,0.0,0.0,83.73,83.73,83.73,83.73,83.73,83.73,,,,2,1,18,83.73,0.0,SAME,1.0
BFAL,2023-01-19,83.73,83.73,83.73,83.73,83.73,83.73,0.0,0.0,0.0,0.0,0.0,0.0,0.0,0.0,83.73,83.73,83.73,83.73000000000002,83.73000000000003,83.73,0.0,0.0,0.0,0.0,0.0,0.0,0.0,0.0,0.0,83.73,83.73,83.73,83.73,83.73,83.73,,,,3,1,19,83.73,0.0,SAME,1.0
BFAL,2023-01-20,83.73,83.73,83.73,83.73,83.73,83.73,0.0,0.0,0.0,0.0,0.0,0.0,0.0,0.0,83.73,83.73,83.73,83.73000000000002,83.73000000000003,83.73,0.0,0.0,0.0,0.0,0.0,0.0,0.0,0.0,0.0,83.73,83.73,83.73,83.73,83.73,83.73,,,,4,1,20,83.73,0.0,SAME,1.0
BFAL,2023-01-23,83.73,83.73,83.73,83.73,83.73,83.73,0.0,0.0,0.0,0.0,0.0,0.0,0.0,0.0,83.73,83.73,83.73,83.73000000000002,83.73000000000003,83.73,0.0,0.0,0.0,0.0,0.0,0.0,0.0,0.0,0.0,83.73,83.73,83.73,83.73,83.73,83.73,,,,0,1,23,83.73,0.0,SAME,1.0
BFAL,2023-01-24,83.73,83.73,83.73,83.73,83.73,83.73,0.0,0.0,0.0,0.0,0.0,0.0,0.0,0.0,83.73,83.73,83.73,83.73000000000002,83.73000000000003,83.73,0.0,0.0,0.0,0.0,0.0,0.0,0.0,0.0,0.0,83.73,83.73,83.73,83.73,83.73,83.73,,,,1,1,24,83.73,0.0,SAME,1.0
BFAL,2023-01-25,83.73,83.73,83.73,83.73,83.73,83.73,0.0,0.0,0.0,0.0,0.0,0.0,0.0,0.0,83.73,83.73,83.73,83.73000000000002,83.73000000000003,83.73,0.0,0.0,0.0,0.0,0.0,0.0,0.0,0.0,0.0,83.73,83.73,83.73,83.73,83.73,83.73,,,,2,1,25,83.73,0.0,SAME,1.0
BFAL,2023-01-26,83.73,83.73,83.73,83.73,83.73,83.73,0.0,0.0,0.0,0.0,0.0,0.0,0.0,0.0,83.73,83.73,83.73,83.73000000000002,83.73000000000003,83.73,0.0,0.0,0.0,0.0,0.0,0.0,0.0,0.0,0.0,83.73,83.73,83.73,83.73,83.73,83.73,,,,3,1,26,127.48,43.75,UP,2.0
BFAL,2023-01-27,127.48,83.73,83.73,83.73,83.73,83.73,43.75,43.75,43.75,0.5225128388868983,0.5225128388868983,0.5225128388868983,0.4203621533327951,0.4203621533327951,98.31333333333333,92.47999999999999,88.10499999999999,105.60500000000002,98.31333333333336,91.68454545454546,0.3016729281863863,0.23367484537350003,0.1652330677563198,43.75,0.5225128388868984,43.75,0.5225128388868984,43.75,0.5225128388868984,83.73,127.48,83.73,127.48,83.73,127.48,1.0,1.0,1.0,4,1,27,127.48,0.0,SAME,1.0
BFAL,2023-01-30,127.48,127.48,83.73,83.73,83.73,83.73,0.0,43.75,43.75,0.0,0.5225128388868983,0.5225128388868983,0.0,0.4203621533327951,112.89666666666666,101.22999999999999,92.48,116.54250000000002,108.03555555555559,98.19280991735536,0.3016729281863863,0.23367484537350003,0.1652330677563198,43.75,0.5225128388868984,43.75,0.5225128388868984,43.75,0.5225128388868984,83.73,127.48,83.73,127.48,83.73,127.48,1.0,1.0,1.0,0,1,30,127.48,0.0,SAME,1.0
BFAL,2023-01-31,127.48,127.48,127.48,83.73,83.73,83.73,0.0,0.0,43.75,0.0,0.0,0.5225128388868983,0.0,0.0,127.48,109.98000000000002,96.855,122.01125000000002,114.51703703703706,103.51775356874529,0.3016729281863863,0.23367484537350003,0.1652330677563198,43.75,0.5225128388868984,43.75,0.5225128388868984,43.75,0.5225128388868984,127.48,127.48,83.73,127.48,83.73,127.48,,1.0,1.0,1,1,31,127.48,0.0,SAME,1.0
BFAL,2023-02-01,127.48,127.48,127.48,127.48,83.73,83.73,0.0,0.0,0.0,0.0,0.0,0.0,0.0,0.0,127.48,118.72999999999999,101.23,124.74562500000002,118.83802469135804,107.87452564715522,0.0,0.23367484537350003,0.1652330677563198,0.0,0.0,43.75,0.5225128388868984,43.75,0.5225128388868984,127.48,127.48,83.73,127.48,83.73,127.48,,1.0,1.0,2,2,1,127.48,0.0,SAME,1.0
BFAL,2023-02-02,127.48,127.48,127.48,127.48,83.73,83.73,0.0,0.0,0.0,0.0,0.0,0.0,0.0,0.0,127.48,127.48,105.60499999999999,126.11281250000002,121.71868312757204,111.43915734767245,0.0,0.23367484537350003,0.1652330677563198,0.0,0.0,43.75,0.5225128388868984,43.75,0.5225128388868984,127.48,127.48,127.48,127.48,83.73,127.48,,,1.0,3,2,2,127.48,0.0,SAME,1.0
BFAL,2023-02-03,127.48,127.48,127.48,127.48,127.48,83.73,0.0,0.0,0.0,0.0,0.0,0.0,0.0,0.0,127.48,127.48,109.97999999999999,126.79640625000002,123.63912208504803,114.35567419355019,0.0,0.0,0.1652330677563198,0.0,0.0,0.0,0.0,43.75,0.5225128388868984,127.48,127.48,127.48,127.48,83.73,127.48,,,1.0,4,2,3,127.48,0.0,SAME,1.0
BFAL,2023-02-06,127.48,127.48,127.48,127.48,127.48,83.73,0.0,0.0,0.0,0.0,0.0,0.0,0.0,0.0,127.48,127.48,114.35499999999999,127.13820312500002,124.91941472336535,116.74191524926832,0.0,0.0,0.1652330677563198,0.0,0.0,0.0,0.0,43.75,0.5225128388868984,127.48,127.48,127.48,127.48,83.73,127.48,,,1.0,0,2,6,127.48,0.0,SAME,1.0
BFAL,2023-02-07,127.48,127.48,127.48,127.48,127.48,83.73,0.0,0.0,0.0,0.0,0.0,0.0,0.0,0.0,127.48,127.48,118.72999999999999,127.30910156250002,125.77294314891023,118.6942942948559,0.0,0.0,0.1652330677563198,0.0,0.0,0.0,0.0,43.75,0.5225128388868984,127.48,127.48,127.48,127.48,83.73,127.48,,,1.0,1,2,7,127.48,0.0,SAME,1.0
BFAL,2023-02-08,127.48,127.48,127.48,127.48,127.48,83.73,0.0,0.0,0.0,0.0,0.0,0.0,0.0,0.0,127.48,127.48,123.10499999999999,127.39455078125002,126.3419620992735,120.2916953321548,0.0,0.0,0.1652330677563198,0.0,0.0,0.0,0.0,43.75,0.5225128388868984,127.48,127.48,127.48,127.48,83.73,127.48,,,1.0,2,2,8,127.48,0.0,SAME,1.0
BFAL,2023-02-09,127.48,127.48,127.48,127.48,127.48,83.73,0.0,0.0,0.0,0.0,0.0,0.0,0.0,0.0,127.48,127.48,127.48,127.43727539062502,126.72130806618233,121.59865981721757,0.0,0.0,0.1652330677563198,0.0,0.0,0.0,0.0,43.75,0.5225128388868984,127.48,127.48,127.48,127.48,127.48,127.48,,,,3,2,9,127.48,0.0,SAME,1.0
BFAL,2023-02-10,127.48,127.48,127.48,127.48,127.48,127.48,0.0,0.0,0.0,0.0,0.0,0.0,0.0,0.0,127.48,127.48,127.48,127.45863769531252,126.9742053774549,122.66799439590528,0.0,0.0,0.0,0.0,0.0,0.0,0.0,0.0,0.0,127.48,127.48,127.48,127.48,127.48,127.48,,,,4,2,10,127.48,0.0,SAME,1.0
BFAL,2023-02-13,127.48,127.48,127.48,127.48,127.48,127.48,0.0,0.0,0.0,0.0,0.0,0.0,0.0,0.0,127.48,127.48,127.48,127.46931884765627,127.14280358496993,123.54290450574067,0.0,0.0,0.0,0.0,0.0,0.0,0.0,0.0,0.0,127.48,127.48,127.48,127.48,127.48,127.48,,,,0,2,13,127.48,0.0,SAME,1.0
BFAL,2023-02-14,127.48,127.48,127.48,127.48,127.48,127.48,0.0,0.0,0.0,0.0,0.0,0.0,0.0,0.0,127.48,127.48,127.48,127.47465942382814,127.25520238997996,124.25874005015146,0.0,0.0,0.0,0.0,0.0,0.0,0.0,0.0,0.0,127.48,127.48,127.48,127.48,127.48,127.48,,,,1,2,14,127.48,0.0,SAME,1.0
BFAL,2023-02-15,127.48,127.48,127.48,127.48,127.48,127.48,0.0,0.0,0.0,0.0,0.0,0.0,0.0,0.0,127.48,127.48,127.48,127.47732971191408,127.3301349266533,124.84442367739663,0.0,0.0,0.0,0.0,0.0,0.0,0.0,0.0,0.0,127.48,127.48,127.48,127.48,127.48,127.48,,,,2,2,15,127.48,0.0,SAME,1.0
BFAL,2023-02-16,127.48,127.48,127.48,127.48,127.48,127.48,0.0,0.0,0.0,0.0,0.0,0.0,0.0,0.0,127.48,127.48,127.48,127.47866485595705,127.3800899511022,125.32361937241541,0.0,0.0,0.0,0.0,0.0,0.0,0.0,0.0,0.0,127.48,127.48,127.48,127.48,127.48,127.48,,,,3,2,16,127.48,0.0,SAME,1.0
BFAL,2023-02-17,127.48,127.48,127.48,127.48,127.48,127.48,0.0,0.0,0.0,0.0,0.0,0.0,0.0,0.0,127.48,127.48,127.48,127.47933242797853,127.41339330073481,125.71568857743077,0.0,0.0,0.0,0.0,0.0,0.0,0.0,0.0,0.0,127.48,127.48,127.48,127.48,127.48,127.48,,,,4,2,17,127.48,0.0,SAME,1.0
BFAL,2023-02-20,127.48,127.48,127.48,127.48,127.48,127.48,0.0,0.0,0.0,0.0,0.0,0.0,0.0,0.0,127.48,127.48,127.48,127.47966621398928,127.4355955338232,126.03647247244334,0.0,0.0,0.0,0.0,0.0,0.0,0.0,0.0,0.0,127.48,127.48,127.48,127.48,127.48,127.48,,,,0,2,20,127.48,0.0,SAME,1.0
BFAL,2023-02-24,127.48,127.48,127.48,127.48,127.48,127.48,0.0,0.0,0.0,0.0,0.0,0.0,0.0,0.0,127.48,127.48,127.48,127.47983310699465,127.4503970225488,126.29893202290819,0.0,0.0,0.0,0.0,0.0,0.0,0.0,0.0,0.0,127.48,127.48,127.48,127.48,127.48,127.48,,,,4,2,24,127.48,0.0,SAME,1.0
BFAL,2023-02-27,127.48,127.48,127.48,127.48,127.48,127.48,0.0,0.0,0.0,0.0,0.0,0.0,0.0,0.0,127.48,127.48,127.48,127.47991655349733,127.46026468169921,126.51367165510669,0.0,0.0,0.0,0.0,0.0,0.0,0.0,0.0,0.0,127.48,127.48,127.48,127.48,127.48,127.48,,,,0,2,27,127.48,0.0,SAME,1.0
BFAL,2023-02-28,127.48,127.48,127.48,127.48,127.48,127.48,0.0,0.0,0.0,0.0,0.0,0.0,0.0,0.0,127.48,127.48,127.48,127.47995827674868,127.46684312113283,126.68936771781455,0.0,0.0,0.0,0.0,0.0,0.0,0.0,0.0,0.0,127.48,127.48,127.48,127.48,127.48,127.48,,,,1,2,28,127.48,0.0,SAME,1.0
BFAL,2023-03-01,127.48,127.48,127.48,127.48,127.48,127.48,0.0,0.0,0.0,0.0,0.0,0.0,0.0,0.0,127.48,127.48,127.48,127.47997913837435,127.47122874742189,126.83311904184825,0.0,0.0,0.0,0.0,0.0,0.0,0.0,0.0,0.0,127.48,127.48,127.48,127.48,127.48,127.48,,,,2,3,1,127.48,0.0,SAME,1.0
BFAL,2023-03-02,127.48,127.48,127.48,127.48,127.48,127.48,0.0,0.0,0.0,0.0,0.0,0.0,0.0,0.0,127.48,127.48,127.48,127.47998956918718,127.47415249828126,126.9507337615122,0.0,0.0,0.0,0.0,0.0,0.0,0.0,0.0,0.0,127.48,127.48,127.48,127.48,127.48,127.48,,,,3,3,2,127.48,0.0,SAME,1.0
BFAL,2023-03-03,127.48,127.48,127.48,127.48,127.48,127.48,0.0,0.0,0.0,0.0,0.0,0.0,0.0,0.0,127.48,127.48,127.48,127.4799947845936,127.47610166552084,127.0469639866918,0.0,0.0,0.0,0.0,0.0,0.0,0.0,0.0,0.0,127.48,127.48,127.48,127.48,127.48,127.48,,,,4,3,3,127.48,0.0,SAME,1.0
BFAL,2023-03-06,127.48,127.48,127.48,127.48,127.48,127.48,0.0,0.0,0.0,0.0,0.0,0.0,0.0,0.0,127.48,127.48,127.48,127.47999739229681,127.47740111034724,127.12569780729328,0.0,0.0,0.0,0.0,0.0,0.0,0.0,0.0,0.0,127.48,127.48,127.48,127.48,127.48,127.48,,,,0,3,6,127.48,0.0,SAME,1.0
BFAL,2023-03-07,127.48,127.48,127.48,127.48,127.48,127.48,0.0,0.0,0.0,0.0,0.0,0.0,0.0,0.0,127.48,127.48,127.48,127.47999869614841,127.47826740689817,127.1901163877854,0.0,0.0,0.0,0.0,0.0,0.0,0.0,0.0,0.0,127.48,127.48,127.48,127.48,127.48,127.48,,,,1,3,7,127.48,0.0,SAME,1.0
BFAL,2023-03-08,127.48,127.48,127.48,127.48,127.48,127.48,0.0,0.0,0.0,0.0,0.0,0.0,0.0,0.0,127.48,127.48,127.48,127.47999934807422,127.47884493793211,127.24282249909714,0.0,0.0,0.0,0.0,0.0,0.0,0.0,0.0,0.0,127.48,127.48,127.48,127.48,127.48,127.48,,,,2,3,8,127.48,0.0,SAME,1.0
BFAL,2023-03-09,127.48,127.48,127.48,127.48,127.48,127.48,0.0,0.0,0.0,0.0,0.0,0.0,0.0,0.0,127.48,127.48,127.48,127.47999967403712,127.4792299586214,127.28594568107948,0.0,0.0,0.0,0.0,0.0,0.0,0.0,0.0,0.0,127.48,127.48,127.48,127.48,127.48,127.48,,,,3,3,9,127.48,0.0,SAME,1.0
BFAL,2023-03-10,127.48,127.48,127.48,127.48,127.48,127.48,0.0,0.0,0.0,0.0,0.0,0.0,0.0,0.0,127.48,127.48,127.48,127.47999983701857,127.47948663908093,127.32122828451958,0.0,0.0,0.0,0.0,0.0,0.0,0.0,0.0,0.0,127.48,127.48,127.48,127.48,127.48,127.48,,,,4,3,10,127.48,0.0,SAME,1.0
BFAL,2023-03-13,127.48,127.48,127.48,127.48,127.48,127.48,0.0,0.0,0.0,0.0,0.0,0.0,0.0,0.0,127.48,127.48,127.48,127.4799999185093,127.4796577593873,127.35009586915237,0.0,0.0,0.0,0.0,0.0,0.0,0.0,0.0,0.0,127.48,127.48,127.48,127.48,127.48,127.48,,,,0,3,13,127.48,0.0,SAME,1.0
BFAL,2023-03-14,127.48,127.48,127.48,127.48,127.48,127.48,0.0,0.0,0.0,0.0,0.0,0.0,0.0,0.0,127.48,127.48,127.48,127.47999995925466,127.47977183959154,127.37371480203376,0.0,0.0,0.0,0.0,0.0,0.0,0.0,0.0,0.0,127.48,127.48,127.48,127.48,127.48,127.48,,,,1,3,14,127.48,0.0,SAME,1.0
BFAL,2023-03-15,127.48,127.48,127.48,127.48,127.48,127.48,0.0,0.0,0.0,0.0,0.0,0.0,0.0,0.0,127.48,127.48,127.48,127.47999997962734,127.47984789306102,127.39303938348215,0.0,0.0,0.0,0.0,0.0,0.0,0.0,0.0,0.0,127.48,127.48,127.48,127.48,127.48,127.48,,,,2,3,15,92.48,-35.0,DOWN,0.0
BFAL,2023-03-16,92.48,127.48,127.48,127.48,127.48,127.48,-35.0,-35.0,-35.0,-0.27455287103859427,-0.27455287103859427,-0.27455287103859427,-0.3209670846250683,-0.3209670846250683,115.81333333333333,120.47999999999999,123.98000000000002,109.97999998981368,115.81323192870735,121.04521404103083,0.158513174000917,0.12278377661200601,0.08682124106204367,-35.0,-0.27455287103859427,-35.0,-0.27455287103859427,-35.0,-0.27455287103859427,92.48,127.48,92.48,127.48,92.48,127.48,0.0,0.0,0.0,3,3,16,92.48,0.0,SAME,1.0
BFAL,2023-03-17,92.48,92.48,127.48,127.48,127.48,127.48,0.0,-35.0,-35.0,0.0,-0.27455287103859427,-0.27455287103859427,0.0,-0.3209670846250683,104.14666666666666,113.47999999999999,120.48000000000002,101.22999999490685,108.03548795247158,115.8515387608434,0.158513174000917,0.12278377661200601,0.08682124106204367,-35.0,-0.27455287103859427,-35.0,-0.27455287103859427,-35.0,-0.27455287103859427,92.48,127.48,92.48,127.48,92.48,127.48,0.0,0.0,0.0,4,3,17,92.48,0.0,SAME,1.0
BFAL,2023-03-20,92.48,92.48,92.48,127.48,127.48,127.48,0.0,0.0,-35.0,0.0,0.0,-0.27455287103859427,0.0,0.0,92.48,106.47999999999999,116.98000000000002,96.85499999745343,102.85032530164773,111.60216807705368,0.158513174000917,0.12278377661200601,0.08682124106204367,-35.0,-0.27455287103859427,-35.0,-0.27455287103859427,-35.0,-0.27455287103859427,92.48,92.48,92.48,127.48,92.48,127.48,,0.0,0.0,0,3,20,92.48,0.0,SAME,1.0
BFAL,2023-03-21,92.48,92.48,92.48,92.48,127.48,127.48,0.0,0.0,0.0,0.0,0.0,0.0,0.0,0.0,92.48,99.48,113.48000000000002,94.66749999872673,99.39355020109849,108.1254102448621,0.0,0.12278377661200601,0.08682124106204367,0.0,0.0,-35.0,-0.27455287103859427,-35.0,-0.27455287103859427,92.48,92.48,92.48,127.48,92.48,127.48,,0.0,0.0,1,3,21,92.48,0.0,SAME,1.0
BFAL,2023-03-22,92.48,92.48,92.48,92.48,127.48,127.48,0.0,0.0,0.0,0.0,0.0,0.0,0.0,0.0,92.48,92.48,109.97999999999999,93.57374999936337,97.089033467399,105.28079020034171,0.0,0.12278377661200601,0.08682124106204367,0.0,0.0,-35.0,-0.27455287103859427,-35.0,-0.27455287103859427,92.48,92.48,92.48,92.48,92.48,127.48,,,0.0,2,3,22,92.48,0.0,SAME,1.0
BFAL,2023-03-23,92.48,92.48,92.48,92.48,92.48,127.48,0.0,0.0,0.0,0.0,0.0,0.0,0.0,0.0,92.48,92.48,106.47999999999999,93.0268749996817,95.55268897826602,102.95337380027958,0.0,0.0,0.08682124106204367,0.0,0.0,0.0,0.0,-35.0,-0.27455287103859427,92.48,92.48,92.48,92.48,92.48,127.48,,,0.0,3,3,23,92.48,0.0,SAME,1.0
BFAL,2023-03-24,92.48,92.48,92.48,92.48,92.48,127.48,0.0,0.0,0.0,0.0,0.0,0.0,0.0,0.0,92.48,92.48,102.97999999999999,92.75343749984086,94.52845931884403,101.04912401841055,0.0,0.0,0.08682124106204367,0.0,0.0,0.0,0.0,-35.0,-0.27455287103859427,92.48,92.48,92.48,92.48,92.48,127.48,,,0.0,4,3,24,92.48,0.0,SAME,1.0
BFAL,2023-03-27,92.48,92.48,92.48,92.48,92.48,127.48,0.0,0.0,0.0,0.0,0.0,0.0,0.0,0.0,92.48,92.48,99.47999999999999,92.61671874992044,93.84563954589603,99.49110146960862,0.0,0.0,0.08682124106204367,0.0,0.0,0.0,0.0,-35.0,-0.27455287103859427,92.48,92.48,92.48,92.48,92.48,127.48,,,0.0,0,3,27,92.48,0.0,SAME,1.0
BFAL,2023-03-28,92.48,92.48,92.48,92.48,92.48,127.48,0.0,0.0,0.0,0.0,0.0,0.0,0.0,0.0,92.48,92.48,95.97999999999999,92.54835937496023,93.3904263639307,98.2163557478616,0.0,0.0,0.08682124106204367,0.0,0.0,0.0,0.0,-35.0,-0.27455287103859427,92.48,92.48,92.48,92.48,92.48,127.48,,,0.0,1,3,28,92.48,0.0,SAME,1.0
BFAL,2023-03-29,92.48,92.48,92.48,92.48,92.48,127.48,0.0,0.0,0.0,0.0,0.0,0.0,0.0,0.0,92.48,92.48,92.48,92.51417968748012,93.08695090928714,97.17338197552311,0.0,0.0,0.08682124106204367,0.0,0.0,0.0,0.0,-35.0,-0.27455287103859427,92.48,92.48,92.48,92.48,92.48,92.48,,,,2,3,29,92.48,0.0,SAME,1.0
BFAL,2023-03-30,92.48,92.48,92.48,92.48,92.48,92.48,0.0,0.0,0.0,0.0,0.0,0.0,0.0,0.0,92.48,92.48,92.48,92.49708984374007,92.88463393952478,96.32003979815526,0.0,0.0,0.0,0.0,0.0,0.0,0.0,0.0,0.0,92.48,92.48,92.48,92.48,92.48,92.48,,,,3,3,30,92.48,0.0,SAME,1.0
BFAL,2023-03-31,92.48,92.48,92.48,92.48,92.48,92.48,0.0,0.0,0.0,0.0,0.0,0.0,0.0,0.0,92.48,92.48,92.48,92.48854492187004,92.7497559596832,95.6218507439452,0.0,0.0,0.0,0.0,0.0,0.0,0.0,0.0,0.0,92.48,92.48,92.48,92.48,92.48,92.48,,,,4,3,31,92.48,0.0,SAME,1.0
BFAL,2023-04-03,92.48,92.48,92.48,92.48,92.48,92.48,0.0,0.0,0.0,0.0,0.0,0.0,0.0,0.0,92.48,92.48,92.48,92.48427246093502,92.65983730645547,95.05060515413697,0.0,0.0,0.0,0.0,0.0,0.0,0.0,0.0,0.0,92.48,92.48,92.48,92.48,92.48,92.48,,,,0,4,3,92.48,0.0,SAME,1.0
BFAL,2023-04-04,92.48,92.48,92.48,92.48,92.48,92.48,0.0,0.0,0.0,0.0,0.0,0.0,0.0,0.0,92.48,92.48,92.48,92.48213623046752,92.59989153763699,94.58322239883934,0.0,0.0,0.0,0.0,0.0,0.0,0.0,0.0,0.0,92.48,92.48,92.48,92.48,92.48,92.48,,,,1,4,4,92.48,0.0,SAME,1.0
BFAL,2023-04-05,92.48,92.48,92.48,92.48,92.48,92.48,0.0,0.0,0.0,0.0,0.0,0.0,0.0,0.0,92.48,92.48,92.48,92.48106811523377,92.559927691758,94.20081832632309,0.0,0.0,0.0,0.0,0.0,0.0,0.0,0.0,0.0,92.48,92.48,92.48,92.48,92.48,92.48,,,,2,4,5,92.48,0.0,SAME,1.0
BFAL,2023-04-06,92.48,92.48,92.48,92.48,92.48,92.48,0.0,0.0,0.0,0.0,0.0,0.0,0.0,0.0,92.48,92.48,92.48,92.4805340576169,92.53328512783868,93.88794226699162,0.0,0.0,0.0,0.0,0.0,0.0,0.0,0.0,0.0,92.48,92.48,92.48,92.48,92.48,92.48,,,,3,4,6,92.48,0.0,SAME,1.0
BFAL,2023-04-07,92.48,92.48,92.48,92.48,92.48,92.48,0.0,0.0,0.0,0.0,0.0,0.0,0.0,0.0,92.48,92.48,92.48,92.48026702880844,92.51552341855913,93.63195276390222,0.0,0.0,0.0,0.0,0.0,0.0,0.0,0.0,0.0,92.48,92.48,92.48,92.48,92.48,92.48,,,,4,4,7,92.48,0.0,SAME,1.0
BFAL,2023-04-10,92.48,92.48,92.48,92.48,92.48,92.48,0.0,0.0,0.0,0.0,0.0,0.0,0.0,0.0,92.48,92.48,92.48,92.48013351440423,92.50368227903942,93.42250680682908,0.0,0.0,0.0,0.0,0.0,0.0,0.0,0.0,0.0,92.48,92.48,92.48,92.48,92.48,92.48,,,,0,4,10,92.48,0.0,SAME,1.0
BFAL,2023-04-11,92.48,92.48,92.48,92.48,92.48,92.48,0.0,0.0,0.0,0.0,0.0,0.0,0.0,0.0,92.48,92.48,92.48,92.48006675720211,92.49578818602629,93.25114193286015,0.0,0.0,0.0,0.0,0.0,0.0,0.0,0.0,0.0,92.48,92.48,92.48,92.48,92.48,92.48,,,,1,4,11,92.48,0.0,SAME,1.0
BFAL,2023-04-12,92.48,92.48,92.48,92.48,92.48,92.48,0.0,0.0,0.0,0.0,0.0,0.0,0.0,0.0,92.48,92.48,92.48,92.48003337860106,92.49052545735087,93.11093430870375,0.0,0.0,0.0,0.0,0.0,0.0,0.0,0.0,0.0,92.48,92.48,92.48,92.48,92.48,92.48,,,,2,4,12,92.48,0.0,SAME,1.0
BFAL,2023-04-13,92.48,92.48,92.48,92.48,92.48,92.48,0.0,0.0,0.0,0.0,0.0,0.0,0.0,0.0,92.48,92.48,92.48,92.48001668930053,92.48701697156726,92.9962189798485,0.0,0.0,0.0,0.0,0.0,0.0,0.0,0.0,0.0,92.48,92.48,92.48,92.48,92.48,92.48,,,,3,4,13,92.48,0.0,SAME,1.0
BFAL,2023-04-14,92.48,92.48,92.48,92.48,92.48,92.48,0.0,0.0,0.0,0.0,0.0,0.0,0.0,0.0,92.48,92.48,92.48,92.48000834465026,92.48467798104485,92.90236098351241,0.0,0.0,0.0,0.0,0.0,0.0,0.0,0.0,0.0,92.48,92.48,92.48,92.48,92.48,92.48,,,,4,4,14,92.48,0.0,SAME,1.0
BFAL,2023-04-17,92.48,92.48,92.48,92.48,92.48,92.48,0.0,0.0,0.0,0.0,0.0,0.0,0.0,0.0,92.48,92.48,92.48,92.48000417232512,92.48311865402991,92.82556807741923,0.0,0.0,0.0,0.0,0.0,0.0,0.0,0.0,0.0,92.48,92.48,92.48,92.48,92.48,92.48,,,,0,4,17,92.48,0.0,SAME,1.0
BFAL,2023-04-18,92.48,92.48,92.48,92.48,92.48,92.48,0.0,0.0,0.0,0.0,0.0,0.0,0.0,0.0,92.48,92.48,92.48,92.48000208616256,92.48207910268661,92.76273751788845,0.0,0.0,0.0,0.0,0.0,0.0,0.0,0.0,0.0,92.48,92.48,92.48,92.48,92.48,92.48,,,,1,4,18,92.48,0.0,SAME,1.0
BFAL,2023-04-19,92.48,92.48,92.48,92.48,92.48,92.48,0.0,0.0,0.0,0.0,0.0,0.0,0.0,0.0,92.48,92.48,92.48,92.48000104308127,92.48138606845775,92.71133069645418,0.0,0.0,0.0,0.0,0.0,0.0,0.0,0.0,0.0,92.48,92.48,92.48,92.48,92.48,92.48,,,,2,4,19,92.48,0.0,SAME,1.0
BFAL,2023-04-21,92.48,92.48,92.48,92.48,92.48,92.48,0.0,0.0,0.0,0.0,0.0,0.0,0.0,0.0,92.48,92.48,92.48,92.48000052154063,92.48092404563852,92.66927056982614,0.0,0.0,0.0,0.0,0.0,0.0,0.0,0.0,0.0,92.48,92.48,92.48,92.48,92.48,92.48,,,,4,4,21,92.48,0.0,SAME,1.0
BFAL,2023-04-24,92.48,92.48,92.48,92.48,92.48,92.48,0.0,0.0,0.0,0.0,0.0,0.0,0.0,0.0,92.48,92.48,92.48,92.48000026077031,92.4806160304257,92.63485773894865,0.0,0.0,0.0,0.0,0.0,0.0,0.0,0.0,0.0,92.48,92.48,92.48,92.48,92.48,92.48,,,,0,4,24,92.48,0.0,SAME,1.0
BFAL,2023-04-25,92.48,92.48,92.48,92.48,92.48,92.48,0.0,0.0,0.0,0.0,0.0,0.0,0.0,0.0,92.48,92.48,92.48,92.48000013038515,92.48041068695048,92.60670178641253,0.0,0.0,0.0,0.0,0.0,0.0,0.0,0.0,0.0,92.48,92.48,92.48,92.48,92.48,92.48,,,,1,4,25,92.48,0.0,SAME,1.0
BFAL,2023-04-26,92.48,92.48,92.48,92.48,92.48,92.48,0.0,0.0,0.0,0.0,0.0,0.0,0.0,0.0,92.48,92.48,92.48,92.48000006519257,92.48027379130033,92.58366509797388,0.0,0.0,0.0,0.0,0.0,0.0,0.0,0.0,0.0,92.48,92.48,92.48,92.48,92.48,92.48,,,,2,4,26,92.48,0.0,SAME,1.0
BFAL,2023-04-27,92.48,92.48,92.48,92.48,92.48,92.48,0.0,0.0,0.0,0.0,0.0,0.0,0.0,0.0,92.48,92.48,92.48,92.48000003259628,92.48018252753357,92.56481689834226,0.0,0.0,0.0,0.0,0.0,0.0,0.0,0.0,0.0,92.48,92.48,92.48,92.48,92.48,92.48,,,,3,4,27,92.48,0.0,SAME,1.0
BFAL,2023-04-28,92.48,92.48,92.48,92.48,92.48,92.48,0.0,0.0,0.0,0.0,0.0,0.0,0.0,0.0,92.48,92.48,92.48,92.48000001629813,92.4801216850224,92.5493956440982,0.0,0.0,0.0,0.0,0.0,0.0,0.0,0.0,0.0,92.48,92.48,92.48,92.48,92.48,92.48,,,,4,4,28,92.48,0.0,SAME,1.0
BFAL,2023-05-01,92.48,92.48,92.48,92.48,92.48,92.48,0.0,0.0,0.0,0.0,0.0,0.0,0.0,0.0,92.48,92.48,92.48,92.48000000814906,92.48008112334827,92.53677825426216,0.0,0.0,0.0,0.0,0.0,0.0,0.0,0.0,0.0,92.48,92.48,92.48,92.48,92.48,92.48,,,,0,5,1,92.48,0.0,SAME,1.0
BFAL,2023-05-03,92.48,92.48,92.48,92.48,92.48,92.48,0.0,0.0,0.0,0.0,0.0,0.0,0.0,0.0,92.48,92.48,92.48,92.48000000407453,92.48005408223219,92.5264549353054,0.0,0.0,0.0,0.0,0.0,0.0,0.0,0.0,0.0,92.48,92.48,92.48,92.48,92.48,92.48,,,,2,5,3,92.48,0.0,SAME,1.0
BFAL,2023-05-04,92.48,92.48,92.48,92.48,92.48,92.48,0.0,0.0,0.0,0.0,0.0,0.0,0.0,0.0,92.48,92.48,92.48,92.48000000203726,92.48003605482147,92.51800858343168,0.0,0.0,0.0,0.0,0.0,0.0,0.0,0.0,0.0,92.48,92.48,92.48,92.48,92.48,92.48,,,,3,5,4,92.48,0.0,SAME,1.0
BFAL,2023-05-05,92.48,92.48,92.48,92.48,92.48,92.48,0.0,0.0,0.0,0.0,0.0,0.0,0.0,0.0,92.48,92.48,92.48,92.48000000101862,92.48002403654766,92.51109793189865,0.0,0.0,0.0,0.0,0.0,0.0,0.0,0.0,0.0,92.48,92.48,92.48,92.48,92.48,92.48,,,,4,5,5,92.48,0.0,SAME,1.0
BFAL,2023-05-08,92.48,92.48,92.48,92.48,92.48,92.48,0.0,0.0,0.0,0.0,0.0,0.0,0.0,0.0,92.48,92.48,92.48,92.4800000005093,92.48001602436511,92.50544376246252,0.0,0.0,0.0,0.0,0.0,0.0,0.0,0.0,0.0,92.48,92.48,92.48,92.48,92.48,92.48,,,,0,5,8,92.48,0.0,SAME,1.0
BFAL,2023-05-09,92.48,92.48,92.48,92.48,92.48,92.48,0.0,0.0,0.0,0.0,0.0,0.0,0.0,0.0,92.48,92.48,92.48,92.48000000025465,92.48001068291009,92.50081762383296,0.0,0.0,0.0,0.0,0.0,0.0,0.0,0.0,0.0,92.48,92.48,92.48,92.48,92.48,92.48,,,,1,5,9,92.48,0.0,SAME,1.0
BFAL,2023-05-10,92.48,92.48,92.48,92.48,92.48,92.48,0.0,0.0,0.0,0.0,0.0,0.0,0.0,0.0,92.48,92.48,92.48,92.48000000012732,92.48000712194008,92.49703260131787,0.0,0.0,0.0,0.0,0.0,0.0,0.0,0.0,0.0,92.48,92.48,92.48,92.48,92.48,92.48,,,,2,5,10,92.48,0.0,SAME,1.0
BFAL,2023-05-11,92.48,92.48,92.48,92.48,92.48,92.48,0.0,0.0,0.0,0.0,0.0,0.0,0.0,0.0,92.48,92.48,92.48,92.48000000006365,92.48000474796007,92.4939357647146,0.0,0.0,0.0,0.0,0.0,0.0,0.0,0.0,0.0,92.48,92.48,92.48,92.48,92.48,92.48,,,,3,5,11,92.48,0.0,SAME,1.0
BFAL,2023-05-12,92.48,92.48,92.48,92.48,92.48,92.48,0.0,0.0,0.0,0.0,0.0,0.0,0.0,0.0,92.48,92.48,92.48,92.48000000003182,92.48000316530673,92.49140198931194,0.0,0.0,0.0,0.0,0.0,0.0,0.0,0.0,0.0,92.48,92.48,92.48,92.48,92.48,92.48,,,,4,5,12,92.48,0.0,SAME,1.0
BFAL,2023-05-15,92.48,92.48,92.48,92.48,92.48,92.48,0.0,0.0,0.0,0.0,0.0,0.0,0.0,0.0,92.48,92.48,92.48,92.4800000000159,92.4800021102045,92.48932890034612,0.0,0.0,0.0,0.0,0.0,0.0,0.0,0.0,0.0,92.48,92.48,92.48,92.48,92.48,92.48,,,,0,5,15,92.48,0.0,SAME,1.0
BFAL,2023-05-16,92.48,92.48,92.48,92.48,92.48,92.48,0.0,0.0,0.0,0.0,0.0,0.0,0.0,0.0,92.48,92.48,92.48,92.48000000000795,92.48000140680301,92.48763273664682,0.0,0.0,0.0,0.0,0.0,0.0,0.0,0.0,0.0,92.48,92.48,92.48,92.48,92.48,92.48,,,,1,5,16,92.48,0.0,SAME,1.0
BFAL,2023-05-17,92.48,92.48,92.48,92.48,92.48,92.48,0.0,0.0,0.0,0.0,0.0,0.0,0.0,0.0,92.48,92.48,92.48,92.48000000000397,92.48000093786868,92.48624496634739,0.0,0.0,0.0,0.0,0.0,0.0,0.0,0.0,0.0,92.48,92.48,92.48,92.48,92.48,92.48,,,,2,5,17,92.48,0.0,SAME,1.0
BFAL,2023-05-18,92.48,92.48,92.48,92.48,92.48,92.48,0.0,0.0,0.0,0.0,0.0,0.0,0.0,0.0,92.48,92.48,92.48,92.48000000000198,92.4800006252458,92.48510951792058,0.0,0.0,0.0,0.0,0.0,0.0,0.0,0.0,0.0,92.48,92.48,92.48,92.48,92.48,92.48,,,,3,5,18,92.48,0.0,SAME,1.0
BFAL,2023-05-19,92.48,92.48,92.48,92.48,92.48,92.48,0.0,0.0,0.0,0.0,0.0,0.0,0.0,0.0,92.48,92.48,92.48,92.48000000000098,92.48000041683053,92.48418051466228,0.0,0.0,0.0,0.0,0.0,0.0,0.0,0.0,0.0,92.48,92.48,92.48,92.48,92.48,92.48,,,,4,5,19,92.48,0.0,SAME,1.0
BFAL,2023-05-22,92.48,92.48,92.48,92.48,92.48,92.48,0.0,0.0,0.0,0.0,0.0,0.0,0.0,0.0,92.48,92.48,92.48,92.4800000000005,92.48000027788703,92.48342042108732,0.0,0.0,0.0,0.0,0.0,0.0,0.0,0.0,0.0,92.48,92.48,92.48,92.48,92.48,92.48,,,,0,5,22,92.48,0.0,SAME,1.0
BFAL,2023-05-23,92.48,92.48,92.48,92.48,92.48,92.48,0.0,0.0,0.0,0.0,0.0,0.0,0.0,0.0,92.48,92.48,92.48,92.48000000000025,92.48000018525804,92.48279852634415,0.0,0.0,0.0,0.0,0.0,0.0,0.0,0.0,0.0,92.48,92.48,92.48,92.48,92.48,92.48,,,,1,5,23,92.48,0.0,SAME,1.0
BFAL,2023-05-24,92.48,92.48,92.48,92.48,92.48,92.48,0.0,0.0,0.0,0.0,0.0,0.0,0.0,0.0,92.48,92.48,92.48,92.48000000000013,92.48000012350536,92.48228970337249,0.0,0.0,0.0,0.0,0.0,0.0,0.0,0.0,0.0,92.48,92.48,92.48,92.48,92.48,92.48,,,,2,5,24,92.48,0.0,SAME,1.0
BFAL,2023-05-25,92.48,92.48,92.48,92.48,92.48,92.48,0.0,0.0,0.0,0.0,0.0,0.0,0.0,0.0,92.48,92.48,92.48,92.48000000000008,92.48000008233691,92.4818733936684,0.0,0.0,0.0,0.0,0.0,0.0,0.0,0.0,0.0,92.48,92.48,92.48,92.48,92.48,92.48,,,,3,5,25,92.48,0.0,SAME,1.0
BFAL,2023-05-26,92.48,92.48,92.48,92.48,92.48,92.48,0.0,0.0,0.0,0.0,0.0,0.0,0.0,0.0,92.48,92.48,92.48,92.48000000000005,92.48000005489129,92.48153277663776,0.0,0.0,0.0,0.0,0.0,0.0,0.0,0.0,0.0,92.48,92.48,92.48,92.48,92.48,92.48,,,,4,5,26,92.48,0.0,SAME,1.0
BFAL,2023-05-29,92.48,92.48,92.48,92.48,92.48,92.48,0.0,0.0,0.0,0.0,0.0,0.0,0.0,0.0,92.48,92.48,92.48,92.48000000000002,92.4800000365942,92.48125408997635,0.0,0.0,0.0,0.0,0.0,0.0,0.0,0.0,0.0,92.48,92.48,92.48,92.48,92.48,92.48,,,,0,5,29,92.48,0.0,SAME,1.0
BFAL,2023-05-30,92.48,92.48,92.48,92.48,92.48,92.48,0.0,0.0,0.0,0.0,0.0,0.0,0.0,0.0,92.48,92.48,92.48,92.48000000000002,92.48000002439615,92.481026073617,0.0,0.0,0.0,0.0,0.0,0.0,0.0,0.0,0.0,92.48,92.48,92.48,92.48,92.48,92.48,,,,1,5,30,92.48,0.0,SAME,1.0
BFAL,2023-05-31,92.48,92.48,92.48,92.48,92.48,92.48,0.0,0.0,0.0,0.0,0.0,0.0,0.0,0.0,92.48,92.48,92.48,92.48000000000002,92.48000001626411,92.48083951477754,0.0,0.0,0.0,0.0,0.0,0.0,0.0,0.0,0.0,92.48,92.48,92.48,92.48,92.48,92.48,,,,2,5,31,92.48,0.0,SAME,1.0
BFAL,2023-06-01,92.48,92.48,92.48,92.48,92.48,92.48,0.0,0.0,0.0,0.0,0.0,0.0,0.0,0.0,92.48,92.48,92.48,92.48000000000002,92.48000001084276,92.48068687572707,0.0,0.0,0.0,0.0,0.0,0.0,0.0,0.0,0.0,92.48,92.48,92.48,92.48,92.48,92.48,,,,3,6,1,92.48,0.0,SAME,1.0
BFAL,2023-06-02,92.48,92.48,92.48,92.48,92.48,92.48,0.0,0.0,0.0,0.0,0.0,0.0,0.0,0.0,92.48,92.48,92.48,92.48000000000002,92.48000000722851,92.48056198923123,0.0,0.0,0.0,0.0,0.0,0.0,0.0,0.0,0.0,92.48,92.48,92.48,92.48,92.48,92.48,,,,4,6,2,92.48,0.0,SAME,1.0
BFAL,2023-06-05,92.48,92.48,92.48,92.48,92.48,92.48,0.0,0.0,0.0,0.0,0.0,0.0,0.0,0.0,92.48,92.48,92.48,92.48000000000002,92.48000000481902,92.480459809371,0.0,0.0,0.0,0.0,0.0,0.0,0.0,0.0,0.0,92.48,92.48,92.48,92.48,92.48,92.48,,,,0,6,5,92.48,0.0,SAME,1.0
BFAL,2023-06-06,92.48,92.48,92.48,92.48,92.48,92.48,0.0,0.0,0.0,0.0,0.0,0.0,0.0,0.0,92.48,92.48,92.48,92.48000000000002,92.4800000032127,92.48037620766718,0.0,0.0,0.0,0.0,0.0,0.0,0.0,0.0,0.0,92.48,92.48,92.48,92.48,92.48,92.48,,,,1,6,6,92.48,0.0,SAME,1.0
BFAL,2023-06-07,92.48,92.48,92.48,92.48,92.48,92.48,0.0,0.0,0.0,0.0,0.0,0.0,0.0,0.0,92.48,92.48,92.48,92.48000000000002,92.48000000214181,92.48030780627313,0.0,0.0,0.0,0.0,0.0,0.0,0.0,0.0,0.0,92.48,92.48,92.48,92.48,92.48,92.48,,,,2,6,7,92.48,0.0,SAME,1.0
BFAL,2023-06-08,92.48,92.48,92.48,92.48,92.48,92.48,0.0,0.0,0.0,0.0,0.0,0.0,0.0,0.0,92.48,92.48,92.48,92.48000000000002,92.48000000142788,92.4802518414962,0.0,0.0,0.0,0.0,0.0,0.0,0.0,0.0,0.0,92.48,92.48,92.48,92.48,92.48,92.48,,,,3,6,8,92.48,0.0,SAME,1.0
BFAL,2023-06-09,92.48,92.48,92.48,92.48,92.48,92.48,0.0,0.0,0.0,0.0,0.0,0.0,0.0,0.0,92.48,92.48,92.48,92.48000000000002,92.48000000095193,92.48020605213324,0.0,0.0,0.0,0.0,0.0,0.0,0.0,0.0,0.0,92.48,92.48,92.48,92.48,92.48,92.48,,,,4,6,9,92.48,0.0,SAME,1.0
BFAL,2023-06-12,92.48,92.48,92.48,92.48,92.48,92.48,0.0,0.0,0.0,0.0,0.0,0.0,0.0,0.0,92.48,92.48,92.48,92.48000000000002,92.48000000063463,92.48016858810901,0.0,0.0,0.0,0.0,0.0,0.0,0.0,0.0,0.0,92.48,92.48,92.48,92.48,92.48,92.48,,,,0,6,12,92.48,0.0,SAME,1.0
BFAL,2023-06-13,92.48,92.48,92.48,92.48,92.48,92.48,0.0,0.0,0.0,0.0,0.0,0.0,0.0,0.0,92.48,92.48,92.48,92.48000000000002,92.4800000004231,92.48013793572555,0.0,0.0,0.0,0.0,0.0,0.0,0.0,0.0,0.0,92.48,92.48,92.48,92.48,92.48,92.48,,,,1,6,13,92.48,0.0,SAME,1.0
BFAL,2023-06-14,92.48,92.48,92.48,92.48,92.48,92.48,0.0,0.0,0.0,0.0,0.0,0.0,0.0,0.0,92.48,92.48,92.48,92.48000000000002,92.48000000028208,92.48011285650271,0.0,0.0,0.0,0.0,0.0,0.0,0.0,0.0,0.0,92.48,92.48,92.48,92.48,92.48,92.48,,,,2,6,14,92.48,0.0,SAME,1.0
BFAL,2023-06-15,92.48,92.48,92.48,92.48,92.48,92.48,0.0,0.0,0.0,0.0,0.0,0.0,0.0,0.0,92.48,92.48,92.48,92.48000000000002,92.48000000018806,92.48009233713857,0.0,0.0,0.0,0.0,0.0,0.0,0.0,0.0,0.0,92.48,92.48,92.48,92.48,92.48,92.48,,,,3,6,15,92.48,0.0,SAME,1.0
BFAL,2023-06-16,92.48,92.48,92.48,92.48,92.48,92.48,0.0,0.0,0.0,0.0,0.0,0.0,0.0,0.0,92.48,92.48,92.48,92.48000000000002,92.48000000012539,92.48007554856791,0.0,0.0,0.0,0.0,0.0,0.0,0.0,0.0,0.0,92.48,92.48,92.48,92.48,92.48,92.48,,,,4,6,16,92.48,0.0,SAME,1.0
BFAL,2023-06-19,92.48,92.48,92.48,92.48,92.48,92.48,0.0,0.0,0.0,0.0,0.0,0.0,0.0,0.0,92.48,92.48,92.48,92.48000000000002,92.4800000000836,92.48006181246464,0.0,0.0,0.0,0.0,0.0,0.0,0.0,0.0,0.0,92.48,92.48,92.48,92.48,92.48,92.48,,,,0,6,19,92.48,0.0,SAME,1.0
BFAL,2023-06-20,92.48,92.48,92.48,92.48,92.48,92.48,0.0,0.0,0.0,0.0,0.0,0.0,0.0,0.0,92.48,92.48,92.48,92.48000000000002,92.48000000005575,92.4800505738347,0.0,0.0,0.0,0.0,0.0,0.0,0.0,0.0,0.0,92.48,92.48,92.48,92.48,92.48,92.48,,,,1,6,20,92.48,0.0,SAME,1.0
BFAL,2023-06-21,92.48,92.48,92.48,92.48,92.48,92.48,0.0,0.0,0.0,0.0,0.0,0.0,0.0,0.0,92.48,92.48,92.48,92.48000000000002,92.48000000003718,92.48004137859202,0.0,0.0,0.0,0.0,0.0,0.0,0.0,0.0,0.0,92.48,92.48,92.48,92.48,92.48,92.48,,,,2,6,21,92.48,0.0,SAME,1.0
BFAL,2023-06-22,92.48,92.48,92.48,92.48,92.48,92.48,0.0,0.0,0.0,0.0,0.0,0.0,0.0,0.0,92.48,92.48,92.48,92.48000000000002,92.4800000000248,92.48003385521164,0.0,0.0,0.0,0.0,0.0,0.0,0.0,0.0,0.0,92.48,92.48,92.48,92.48,92.48,92.48,,,,3,6,22,92.48,0.0,SAME,1.0
BFAL,2023-06-23,92.48,92.48,92.48,92.48,92.48,92.48,0.0,0.0,0.0,0.0,0.0,0.0,0.0,0.0,92.48,92.48,92.48,92.48000000000002,92.48000000001655,92.4800276997186,0.0,0.0,0.0,0.0,0.0,0.0,0.0,0.0,0.0,92.48,92.48,92.48,92.48,92.48,92.48,,,,4,6,23,92.48,0.0,SAME,1.0
BFAL,2023-06-26,92.48,92.48,92.48,92.48,92.48,92.48,0.0,0.0,0.0,0.0,0.0,0.0,0.0,0.0,92.48,92.48,92.48,92.48000000000002,92.48000000001105,92.48002266340612,0.0,0.0,0.0,0.0,0.0,0.0,0.0,0.0,0.0,92.48,92.48,92.48,92.48,92.48,92.48,,,,0,6,26,92.48,0.0,SAME,1.0
BFAL,2023-06-27,92.48,92.48,92.48,92.48,92.48,92.48,0.0,0.0,0.0,0.0,0.0,0.0,0.0,0.0,92.48,92.48,92.48,92.48000000000002,92.48000000000738,92.48001854278682,0.0,0.0,0.0,0.0,0.0,0.0,0.0,0.0,0.0,92.48,92.48,92.48,92.48,92.48,92.48,,,,1,6,27,92.48,0.0,SAME,1.0
BFAL,2023-06-29,92.48,92.48,92.48,92.48,92.48,92.48,0.0,0.0,0.0,0.0,0.0,0.0,0.0,0.0,92.48,92.48,92.48,92.48000000000002,92.48000000000494,92.48001517137104,0.0,0.0,0.0,0.0,0.0,0.0,0.0,0.0,0.0,92.48,92.48,92.48,92.48,92.48,92.48,,,,3,6,29,92.48,0.0,SAME,1.0
BFAL,2023-06-30,92.48,92.48,92.48,92.48,92.48,92.48,0.0,0.0,0.0,0.0,0.0,0.0,0.0,0.0,92.48,92.48,92.48,92.48000000000002,92.4800000000033,92.48001241293993,0.0,0.0,0.0,0.0,0.0,0.0,0.0,0.0,0.0,92.48,92.48,92.48,92.48,92.48,92.48,,,,4,6,30,92.48,0.0,SAME,1.0
BFAL,2023-07-03,92.48,92.48,92.48,92.48,92.48,92.48,0.0,0.0,0.0,0.0,0.0,0.0,0.0,0.0,92.48,92.48,92.48,92.48000000000002,92.4800000000022,92.48001015604176,0.0,0.0,0.0,0.0,0.0,0.0,0.0,0.0,0.0,92.48,92.48,92.48,92.48,92.48,92.48,,,,0,7,3,92.48,0.0,SAME,1.0
BFAL,2023-07-04,92.48,92.48,92.48,92.48,92.48,92.48,0.0,0.0,0.0,0.0,0.0,0.0,0.0,0.0,92.48,92.48,92.48,92.48000000000002,92.48000000000148,92.48000830948871,0.0,0.0,0.0,0.0,0.0,0.0,0.0,0.0,0.0,92.48,92.48,92.48,92.48,92.48,92.48,,,,1,7,4,92.48,0.0,SAME,1.0
BFAL,2023-07-05,92.48,92.48,92.48,92.48,92.48,92.48,0.0,0.0,0.0,0.0,0.0,0.0,0.0,0.0,92.48,92.48,92.48,92.48000000000002,92.480000000001,92.48000679867258,0.0,0.0,0.0,0.0,0.0,0.0,0.0,0.0,0.0,92.48,92.48,92.48,92.48,92.48,92.48,,,,2,7,5,92.48,0.0,SAME,1.0
BFAL,2023-07-06,92.48,92.48,92.48,92.48,92.48,92.48,0.0,0.0,0.0,0.0,0.0,0.0,0.0,0.0,92.48,92.48,92.48,92.48000000000002,92.48000000000067,92.48000556255029,0.0,0.0,0.0,0.0,0.0,0.0,0.0,0.0,0.0,92.48,92.48,92.48,92.48,92.48,92.48,,,,3,7,6,92.48,0.0,SAME,1.0
BFAL,2023-07-07,92.48,92.48,92.48,92.48,92.48,92.48,0.0,0.0,0.0,0.0,0.0,0.0,0.0,0.0,92.48,92.48,92.48,92.48000000000002,92.48000000000046,92.4800045511775,0.0,0.0,0.0,0.0,0.0,0.0,0.0,0.0,0.0,92.48,92.48,92.48,92.48,92.48,92.48,,,,4,7,7,92.48,0.0,SAME,1.0
BFAL,2023-07-10,92.48,92.48,92.48,92.48,92.48,92.48,0.0,0.0,0.0,0.0,0.0,0.0,0.0,0.0,92.48,92.48,92.48,92.48000000000002,92.48000000000032,92.48000372369067,0.0,0.0,0.0,0.0,0.0,0.0,0.0,0.0,0.0,92.48,92.48,92.48,92.48,92.48,92.48,,,,0,7,10,92.48,0.0,SAME,1.0
BFAL,2023-07-11,92.48,92.48,92.48,92.48,92.48,92.48,0.0,0.0,0.0,0.0,0.0,0.0,0.0,0.0,92.48,92.48,92.48,92.48000000000002,92.48000000000022,92.480003046656,0.0,0.0,0.0,0.0,0.0,0.0,0.0,0.0,0.0,92.48,92.48,92.48,92.48,92.48,92.48,,,,1,7,11,92.48,0.0,SAME,1.0
BFAL,2023-07-12,92.48,92.48,92.48,92.48,92.48,92.48,0.0,0.0,0.0,0.0,0.0,0.0,0.0,0.0,92.48,92.48,92.48,92.48000000000002,92.48000000000016,92.48000249271854,0.0,0.0,0.0,0.0,0.0,0.0,0.0,0.0,0.0,92.48,92.48,92.48,92.48,92.48,92.48,,,,2,7,12,92.48,0.0,SAME,1.0
BFAL,2023-07-13,92.48,92.48,92.48,92.48,92.48,92.48,0.0,0.0,0.0,0.0,0.0,0.0,0.0,0.0,92.48,92.48,92.48,92.48000000000002,92.48000000000012,92.48000203949698,0.0,0.0,0.0,0.0,0.0,0.0,0.0,0.0,0.0,92.48,92.48,92.48,92.48,92.48,92.48,,,,3,7,13,92.48,0.0,SAME,1.0
BFAL,2023-07-14,92.48,92.48,92.48,92.48,92.48,92.48,0.0,0.0,0.0,0.0,0.0,0.0,0.0,0.0,92.48,92.48,92.48,92.48000000000002,92.48000000000009,92.48000166867934,0.0,0.0,0.0,0.0,0.0,0.0,0.0,0.0,0.0,92.48,92.48,92.48,92.48,92.48,92.48,,,,4,7,14,92.48,0.0,SAME,1.0
BFAL,2023-07-17,92.48,92.48,92.48,92.48,92.48,92.48,0.0,0.0,0.0,0.0,0.0,0.0,0.0,0.0,92.48,92.48,92.48,92.48000000000002,92.48000000000008,92.48000136528309,0.0,0.0,0.0,0.0,0.0,0.0,0.0,0.0,0.0,92.48,92.48,92.48,92.48,92.48,92.48,,,,0,7,17,92.48,0.0,SAME,1.0
BFAL,2023-07-18,92.48,92.48,92.48,92.48,92.48,92.48,0.0,0.0,0.0,0.0,0.0,0.0,0.0,0.0,92.48,92.48,92.48,92.48000000000002,92.48000000000006,92.4800011170498,0.0,0.0,0.0,0.0,0.0,0.0,0.0,0.0,0.0,92.48,92.48,92.48,92.48,92.48,92.48,,,,1,7,18,92.48,0.0,SAME,1.0
BFAL,2023-07-19,92.48,92.48,92.48,92.48,92.48,92.48,0.0,0.0,0.0,0.0,0.0,0.0,0.0,0.0,92.48,92.48,92.48,92.48000000000002,92.48000000000005,92.48000091394982,0.0,0.0,0.0,0.0,0.0,0.0,0.0,0.0,0.0,92.48,92.48,92.48,92.48,92.48,92.48,,,,2,7,19,92.48,0.0,SAME,1.0
BFAL,2023-07-20,92.48,92.48,92.48,92.48,92.48,92.48,0.0,0.0,0.0,0.0,0.0,0.0,0.0,0.0,92.48,92.48,92.48,92.48000000000002,92.48000000000005,92.48000074777713,0.0,0.0,0.0,0.0,0.0,0.0,0.0,0.0,0.0,92.48,92.48,92.48,92.48,92.48,92.48,,,,3,7,20,92.48,0.0,SAME,1.0
BFAL,2023-07-24,92.48,92.48,92.48,92.48,92.48,92.48,0.0,0.0,0.0,0.0,0.0,0.0,0.0,0.0,92.48,92.48,92.48,92.48000000000002,92.48000000000005,92.48000061181764,0.0,0.0,0.0,0.0,0.0,0.0,0.0,0.0,0.0,92.48,92.48,92.48,92.48,92.48,92.48,,,,0,7,24,92.48,0.0,SAME,1.0
BFAL,2023-07-25,92.48,92.48,92.48,92.48,92.48,92.48,0.0,0.0,0.0,0.0,0.0,0.0,0.0,0.0,92.48,92.48,92.48,92.48000000000002,92.48000000000005,92.48000050057807,0.0,0.0,0.0,0.0,0.0,0.0,0.0,0.0,0.0,92.48,92.48,92.48,92.48,92.48,92.48,,,,1,7,25,92.48,0.0,SAME,1.0
BFAL,2023-07-26,92.48,92.48,92.48,92.48,92.48,92.48,0.0,0.0,0.0,0.0,0.0,0.0,0.0,0.0,92.48,92.48,92.48,92.48000000000002,92.48000000000005,92.48000040956387,0.0,0.0,0.0,0.0,0.0,0.0,0.0,0.0,0.0,92.48,92.48,92.48,92.48,92.48,92.48,,,,2,7,26,92.48,0.0,SAME,1.0
BFAL,2023-07-27,92.48,92.48,92.48,92.48,92.48,92.48,0.0,0.0,0.0,0.0,0.0,0.0,0.0,0.0,92.48,92.48,92.48,92.48000000000002,92.48000000000005,92.4800003350977,0.0,0.0,0.0,0.0,0.0,0.0,0.0,0.0,0.0,92.48,92.48,92.48,92.48,92.48,92.48,,,,3,7,27,92.48,0.0,SAME,1.0
BFAL,2023-07-28,92.48,92.48,92.48,92.48,92.48,92.48,0.0,0.0,0.0,0.0,0.0,0.0,0.0,0.0,92.48,92.48,92.48,92.48000000000002,92.48000000000005,92.48000027417083,0.0,0.0,0.0,0.0,0.0,0.0,0.0,0.0,0.0,92.48,92.48,92.48,92.48,92.48,92.48,,,,4,7,28,92.48,0.0,SAME,1.0
BFAL,2023-07-31,92.48,92.48,92.48,92.48,92.48,92.48,0.0,0.0,0.0,0.0,0.0,0.0,0.0,0.0,92.48,92.48,92.48,92.48000000000002,92.48000000000005,92.48000022432159,0.0,0.0,0.0,0.0,0.0,0.0,0.0,0.0,0.0,92.48,92.48,92.48,92.48,92.48,92.48,,,,0,7,31,114.02,21.539999999999992,UP,2.0
BFAL,2023-08-01,114.02,92.48,92.48,92.48,92.48,92.48,21.539999999999992,21.539999999999992,21.539999999999992,0.2329152249134947,0.2329152249134947,0.2329152249134947,0.20938146667936838,0.20938146667936838,99.66000000000001,96.788,94.634,103.25,99.66000000000003,96.39636381989948,0.13447366780216846,0.10416285518024535,0.07365426124570378,21.539999999999992,0.2329152249134947,21.539999999999992,0.2329152249134947,21.539999999999992,0.2329152249134947,92.48,114.02,92.48,114.02,92.48,114.02,1.0,1.0,1.0,1,8,1,114.02,0.0,SAME,1.0
BFAL,2023-08-02,114.02,114.02,92.48,92.48,92.48,92.48,0.0,21.539999999999992,21.539999999999992,0.0,0.2329152249134947,0.2329152249134947,0.0,0.20938146667936838,106.83999999999999,101.096,96.788,108.63499999999999,104.44666666666669,99.60066130719048,0.13447366780216846,0.10416285518024535,0.07365426124570378,21.539999999999992,0.2329152249134947,21.539999999999992,0.2329152249134947,21.539999999999992,0.2329152249134947,92.48,114.02,92.48,114.02,92.48,114.02,1.0,1.0,1.0,2,8,2,114.02,0.0,SAME,1.0
BFAL,2023-08-03,114.02,114.02,114.02,92.48,92.48,92.48,0.0,0.0,21.539999999999992,0.0,0.0,0.2329152249134947,0.0,0.0,114.02,105.404,98.942,111.32749999999999,107.6377777777778,102.22235925133766,0.13447366780216846,0.10416285518024535,0.07365426124570378,21.539999999999992,0.2329152249134947,21.539999999999992,0.2329152249134947,21.539999999999992,0.2329152249134947,114.02,114.02,92.48,114.02,92.48,114.02,,1.0,1.0,3,8,3,114.02,0.0,SAME,1.0
BFAL,2023-08-04,114.02,114.02,114.02,114.02,92.48,92.48,0.0,0.0,0.0,0.0,0.0,0.0,0.0,0.0,114.02,109.71199999999999,101.096,112.67374999999998,109.7651851851852,104.36738484200355,0.0,0.10416285518024535,0.07365426124570378,0.0,0.0,21.539999999999992,0.2329152249134947,21.539999999999992,0.2329152249134947,114.02,114.02,92.48,114.02,92.48,114.02,,1.0,1.0,4,8,4,114.02,0.0,SAME,1.0
BFAL,2023-08-07,114.02,114.02,114.02,114.02,92.48,92.48,0.0,0.0,0.0,0.0,0.0,0.0,0.0,0.0,114.02,114.02,103.25,113.34687499999998,111.18345679012347,106.12240577982108,0.0,0.10416285518024535,0.07365426124570378,0.0,0.0,21.539999999999992,0.2329152249134947,21.539999999999992,0.2329152249134947,114.02,114.02,114.02,114.02,92.48,114.02,,,1.0,0,8,7,114.02,0.0,SAME,1.0
BFAL,2023-08-08,114.02,114.02,114.02,114.02,114.02,92.48,0.0,0.0,0.0,0.0,0.0,0.0,0.0,0.0,114.02,114.02,105.404,113.6834375,112.12897119341565,107.55833200167179,0.0,0.0,0.07365426124570378,0.0,0.0,0.0,0.0,21.539999999999992,0.2329152249134947,114.02,114.02,114.02,114.02,92.48,114.02,,,1.0,1,8,8,114.02,0.0,SAME,1.0
BFAL,2023-08-09,114.02,114.02,114.02,114.02,114.02,92.48,0.0,0.0,0.0,0.0,0.0,0.0,0.0,0.0,114.02,114.02,107.55799999999999,113.85171875,112.75931412894377,108.73318072864055,0.0,0.0,0.07365426124570378,0.0,0.0,0.0,0.0,21.539999999999992,0.2329152249134947,114.02,114.02,114.02,114.02,92.48,114.02,,,1.0,2,8,9,114.02,0.0,SAME,1.0
BFAL,2023-08-10,114.02,114.02,114.02,114.02,114.02,92.48,0.0,0.0,0.0,0.0,0.0,0.0,0.0,0.0,114.02,114.02,109.71199999999999,113.935859375,113.17954275262919,109.69442059616044,0.0,0.0,0.07365426124570378,0.0,0.0,0.0,0.0,21.539999999999992,0.2329152249134947,114.02,114.02,114.02,114.02,92.48,114.02,,,1.0,3,8,10,114.02,0.0,SAME,1.0
BFAL,2023-08-11,114.02,114.02,114.02,114.02,114.02,92.48,0.0,0.0,0.0,0.0,0.0,0.0,0.0,0.0,114.02,114.02,111.86599999999999,113.9779296875,113.45969516841946,110.48088957867672,0.0,0.0,0.07365426124570378,0.0,0.0,0.0,0.0,21.539999999999992,0.2329152249134947,114.02,114.02,114.02,114.02,92.48,114.02,,,1.0,4,8,11,114.02,0.0,SAME,1.0
BFAL,2023-08-14,114.02,114.02,114.02,114.02,114.02,92.48,0.0,0.0,0.0,0.0,0.0,0.0,0.0,0.0,114.02,114.02,114.02,113.99896484375,113.64646344561298,111.1243642007355,0.0,0.0,0.07365426124570378,0.0,0.0,0.0,0.0,21.539999999999992,0.2329152249134947,114.02,114.02,114.02,114.02,114.02,114.02,,,,0,8,14,114.02,0.0,SAME,1.0
BFAL,2023-08-15,114.02,114.02,114.02,114.02,114.02,114.02,0.0,0.0,0.0,0.0,0.0,0.0,0.0,0.0,114.02,114.02,114.02,114.00948242187499,113.77097563040866,111.6508434369654,0.0,0.0,0.0,0.0,0.0,0.0,0.0,0.0,0.0,114.02,114.02,114.02,114.02,114.02,114.02,,,,1,8,15,114.02,0.0,SAME,1.0
BFAL,2023-08-16,114.02,114.02,114.02,114.02,114.02,114.02,0.0,0.0,0.0,0.0,0.0,0.0,0.0,0.0,114.02,114.02,114.02,114.0147412109375,113.85398375360577,112.08159917569897,0.0,0.0,0.0,0.0,0.0,0.0,0.0,0.0,0.0,114.02,114.02,114.02,114.02,114.02,114.02,,,,2,8,16,114.02,0.0,SAME,1.0
BFAL,2023-08-17,114.02,114.02,114.02,114.02,114.02,114.02,0.0,0.0,0.0,0.0,0.0,0.0,0.0,0.0,114.02,114.02,114.02,114.01737060546876,113.90932250240385,112.43403568920824,0.0,0.0,0.0,0.0,0.0,0.0,0.0,0.0,0.0,114.02,114.02,114.02,114.02,114.02,114.02,,,,3,8,17,114.02,0.0,SAME,1.0
BFAL,2023-08-18,114.02,114.02,114.02,114.02,114.02,114.02,0.0,0.0,0.0,0.0,0.0,0.0,0.0,0.0,114.02,114.02,114.02,114.01868530273438,113.94621500160257,112.72239283662492,0.0,0.0,0.0,0.0,0.0,0.0,0.0,0.0,0.0,114.02,114.02,114.02,114.02,114.02,114.02,,,,4,8,18,114.02,0.0,SAME,1.0
BFAL,2023-08-21,114.02,114.02,114.02,114.02,114.02,114.02,0.0,0.0,0.0,0.0,0.0,0.0,0.0,0.0,114.02,114.02,114.02,114.0193426513672,113.97081000106839,112.95832141178403,0.0,0.0,0.0,0.0,0.0,0.0,0.0,0.0,0.0,114.02,114.02,114.02,114.02,114.02,114.02,,,,0,8,21,114.02,0.0,SAME,1.0
BFAL,2023-08-22,114.02,114.02,114.02,114.02,114.02,114.02,0.0,0.0,0.0,0.0,0.0,0.0,0.0,0.0,114.02,114.02,114.02,114.01967132568359,113.98720666737893,113.15135388236875,0.0,0.0,0.0,0.0,0.0,0.0,0.0,0.0,0.0,114.02,114.02,114.02,114.02,114.02,114.02,,,,1,8,22,114.02,0.0,SAME,1.0
BFAL,2023-08-23,114.02,114.02,114.02,114.02,114.02,114.02,0.0,0.0,0.0,0.0,0.0,0.0,0.0,0.0,114.02,114.02,114.02,114.01983566284179,113.99813777825263,113.30928954011989,0.0,0.0,0.0,0.0,0.0,0.0,0.0,0.0,0.0,114.02,114.02,114.02,114.02,114.02,114.02,,,,2,8,23,114.02,0.0,SAME,1.0
BFAL,2023-08-24,114.02,114.02,114.02,114.02,114.02,114.02,0.0,0.0,0.0,0.0,0.0,0.0,0.0,0.0,114.02,114.02,114.02,114.01991783142088,114.00542518550175,113.43850962373445,0.0,0.0,0.0,0.0,0.0,0.0,0.0,0.0,0.0,114.02,114.02,114.02,114.02,114.02,114.02,,,,3,8,24,114.02,0.0,SAME,1.0
BFAL,2023-08-25,114.02,114.02,114.02,114.02,114.02,114.02,0.0,0.0,0.0,0.0,0.0,0.0,0.0,0.0,114.02,114.02,114.02,114.01995891571045,114.01028345700117,113.54423514669182,0.0,0.0,0.0,0.0,0.0,0.0,0.0,0.0,0.0,114.02,114.02,114.02,114.02,114.02,114.02,,,,4,8,25,114.02,0.0,SAME,1.0
BFAL,2023-08-28,114.02,114.02,114.02,114.02,114.02,114.02,0.0,0.0,0.0,0.0,0.0,0.0,0.0,0.0,114.02,114.02,114.02,114.01997945785521,114.01352230466745,113.6307378472933,0.0,0.0,0.0,0.0,0.0,0.0,0.0,0.0,0.0,114.02,114.02,114.02,114.02,114.02,114.02,,,,0,8,28,114.02,0.0,SAME,1.0
BFAL,2023-08-29,114.02,114.02,114.02,114.02,114.02,114.02,0.0,0.0,0.0,0.0,0.0,0.0,0.0,0.0,114.02,114.02,114.02,114.01998972892761,114.01568153644497,113.70151278414906,0.0,0.0,0.0,0.0,0.0,0.0,0.0,0.0,0.0,114.02,114.02,114.02,114.02,114.02,114.02,,,,1,8,29,114.02,0.0,SAME,1.0
BFAL,2023-08-30,114.02,114.02,114.02,114.02,114.02,114.02,0.0,0.0,0.0,0.0,0.0,0.0,0.0,0.0,114.02,114.02,114.02,114.0199948644638,114.01712102429666,113.7594195506674,0.0,0.0,0.0,0.0,0.0,0.0,0.0,0.0,0.0,114.02,114.02,114.02,114.02,114.02,114.02,,,,2,8,30,114.02,0.0,SAME,1.0
BFAL,2023-08-31,114.02,114.02,114.02,114.02,114.02,114.02,0.0,0.0,0.0,0.0,0.0,0.0,0.0,0.0,114.02,114.02,114.02,114.01999743223189,114.01808068286444,113.80679781418242,0.0,0.0,0.0,0.0,0.0,0.0,0.0,0.0,0.0,114.02,114.02,114.02,114.02,114.02,114.02,,,,3,8,31,114.02,0.0,SAME,1.0
BFAL,2023-09-01,114.02,114.02,114.02,114.02,114.02,114.02,0.0,0.0,0.0,0.0,0.0,0.0,0.0,0.0,114.02,114.02,114.02,114.01999871611594,114.01872045524296,113.84556184796743,0.0,0.0,0.0,0.0,0.0,0.0,0.0,0.0,0.0,114.02,114.02,114.02,114.02,114.02,114.02,,,,4,9,1,114.02,0.0,SAME,1.0
BFAL,2023-09-04,114.02,114.02,114.02,114.02,114.02,114.02,0.0,0.0,0.0,0.0,0.0,0.0,0.0,0.0,114.02,114.02,114.02,114.01999935805796,114.01914697016197,113.8772778756097,0.0,0.0,0.0,0.0,0.0,0.0,0.0,0.0,0.0,114.02,114.02,114.02,114.02,114.02,114.02,,,,0,9,4,114.02,0.0,SAME,1.0
BFAL,2023-09-05,114.02,114.02,114.02,114.02,114.02,114.02,0.0,0.0,0.0,0.0,0.0,0.0,0.0,0.0,114.02,114.02,114.02,114.01999967902898,114.01943131344132,113.90322735277158,0.0,0.0,0.0,0.0,0.0,0.0,0.0,0.0,0.0,114.02,114.02,114.02,114.02,114.02,114.02,,,,1,9,5,114.02,0.0,SAME,1.0
BFAL,2023-09-06,114.02,114.02,114.02,114.02,114.02,114.02,0.0,0.0,0.0,0.0,0.0,0.0,0.0,0.0,114.02,114.02,114.02,114.0199998395145,114.01962087562755,113.92445874317674,0.0,0.0,0.0,0.0,0.0,0.0,0.0,0.0,0.0,114.02,114.02,114.02,114.02,114.02,114.02,,,,2,9,6,114.02,0.0,SAME,1.0
BFAL,2023-09-07,114.02,114.02,114.02,114.02,114.02,114.02,0.0,0.0,0.0,0.0,0.0,0.0,0.0,0.0,114.02,114.02,114.02,114.01999991975725,114.01974725041838,113.94182988078097,0.0,0.0,0.0,0.0,0.0,0.0,0.0,0.0,0.0,114.02,114.02,114.02,114.02,114.02,114.02,,,,3,9,7,114.02,0.0,SAME,1.0
BFAL,2023-09-08,114.02,114.02,114.02,114.02,114.02,114.02,0.0,0.0,0.0,0.0,0.0,0.0,0.0,0.0,114.02,114.02,114.02,114.01999995987862,114.01983150027893,113.95604262972988,0.0,0.0,0.0,0.0,0.0,0.0,0.0,0.0,0.0,114.02,114.02,114.02,114.02,114.02,114.02,,,,4,9,8,114.02,0.0,SAME,1.0
BFAL,2023-09-11,114.02,114.02,114.02,114.02,114.02,114.02,0.0,0.0,0.0,0.0,0.0,0.0,0.0,0.0,114.02,114.02,114.02,114.01999997993931,114.01988766685263,113.96767124250626,0.0,0.0,0.0,0.0,0.0,0.0,0.0,0.0,0.0,114.02,114.02,114.02,114.02,114.02,114.02,,,,0,9,11,114.02,0.0,SAME,1.0
BFAL,2023-09-12,114.02,114.02,114.02,114.02,114.02,114.02,0.0,0.0,0.0,0.0,0.0,0.0,0.0,0.0,114.02,114.02,114.02,114.01999998996965,114.01992511123508,113.97718556205056,0.0,0.0,0.0,0.0,0.0,0.0,0.0,0.0,0.0,114.02,114.02,114.02,114.02,114.02,114.02,,,,1,9,12,114.02,0.0,SAME,1.0
BFAL,2023-09-13,114.02,114.02,114.02,114.02,114.02,114.02,0.0,0.0,0.0,0.0,0.0,0.0,0.0,0.0,114.02,114.02,114.02,114.01999999498483,114.01995007415672,113.9849700053141,0.0,0.0,0.0,0.0,0.0,0.0,0.0,0.0,0.0,114.02,114.02,114.02,114.02,114.02,114.02,,,,2,9,13,114.02,0.0,SAME,1.0
BFAL,2023-09-14,114.02,114.02,114.02,114.02,114.02,114.02,0.0,0.0,0.0,0.0,0.0,0.0,0.0,0.0,114.02,114.02,114.02,114.01999999749242,114.01996671610449,113.99133909525699,0.0,0.0,0.0,0.0,0.0,0.0,0.0,0.0,0.0,114.02,114.02,114.02,114.02,114.02,114.02,,,,3,9,14,114.02,0.0,SAME,1.0
BFAL,2023-09-15,114.02,114.02,114.02,114.02,114.02,114.02,0.0,0.0,0.0,0.0,0.0,0.0,0.0,0.0,114.02,114.02,114.02,114.01999999874621,114.01997781073634,113.99655016884662,0.0,0.0,0.0,0.0,0.0,0.0,0.0,0.0,0.0,114.02,114.02,114.02,114.02,114.02,114.02,,,,4,9,15,114.02,0.0,SAME,1.0
BFAL,2023-09-18,114.02,114.02,114.02,114.02,114.02,114.02,0.0,0.0,0.0,0.0,0.0,0.0,0.0,0.0,114.02,114.02,114.02,114.01999999937311,114.01998520715756,114.00081377451087,0.0,0.0,0.0,0.0,0.0,0.0,0.0,0.0,0.0,114.02,114.02,114.02,114.02,114.02,114.02,,,,0,9,18,114.02,0.0,SAME,1.0
BFAL,2023-09-19,114.02,114.02,114.02,114.02,114.02,114.02,0.0,0.0,0.0,0.0,0.0,0.0,0.0,0.0,114.02,114.02,114.02,114.01999999968655,114.01999013810504,114.00430217914526,0.0,0.0,0.0,0.0,0.0,0.0,0.0,0.0,0.0,114.02,114.02,114.02,114.02,114.02,114.02,,,,1,9,19,114.02,0.0,SAME,1.0
BFAL,2023-09-21,114.02,114.02,114.02,114.02,114.02,114.02,0.0,0.0,0.0,0.0,0.0,0.0,0.0,0.0,114.02,114.02,114.02,114.01999999984326,114.01999342540337,114.00715632839157,0.0,0.0,0.0,0.0,0.0,0.0,0.0,0.0,0.0,114.02,114.02,114.02,114.02,114.02,114.02,,,,3,9,21,114.02,0.0,SAME,1.0
BFAL,2023-09-22,114.02,114.02,114.02,114.02,114.02,114.02,0.0,0.0,0.0,0.0,0.0,0.0,0.0,0.0,114.02,114.02,114.02,114.01999999992162,114.01999561693559,114.00949154141128,0.0,0.0,0.0,0.0,0.0,0.0,0.0,0.0,0.0,114.02,114.02,114.02,114.02,114.02,114.02,,,,4,9,22,114.02,0.0,SAME,1.0
BFAL,2023-09-27,114.02,114.02,114.02,114.02,114.02,114.02,0.0,0.0,0.0,0.0,0.0,0.0,0.0,0.0,114.02,114.02,114.02,114.01999999996082,114.01999707795706,114.01140217024559,0.0,0.0,0.0,0.0,0.0,0.0,0.0,0.0,0.0,114.02,114.02,114.02,114.02,114.02,114.02,,,,2,9,27,114.02,0.0,SAME,1.0
BFAL,2023-09-28,114.02,114.02,114.02,114.02,114.02,114.02,0.0,0.0,0.0,0.0,0.0,0.0,0.0,0.0,114.02,114.02,114.02,114.0199999999804,114.01999805197137,114.01296541201911,0.0,0.0,0.0,0.0,0.0,0.0,0.0,0.0,0.0,114.02,114.02,114.02,114.02,114.02,114.02,,,,3,9,28,114.02,0.0,SAME,1.0
BFAL,2023-09-29,114.02,114.02,114.02,114.02,114.02,114.02,0.0,0.0,0.0,0.0,0.0,0.0,0.0,0.0,114.02,114.02,114.02,114.0199999999902,114.01999870131425,114.01424442801563,0.0,0.0,0.0,0.0,0.0,0.0,0.0,0.0,0.0,114.02,114.02,114.02,114.02,114.02,114.02,,,,4,9,29,114.02,0.0,SAME,1.0
BFAL,2023-10-02,114.02,114.02,114.02,114.02,114.02,114.02,0.0,0.0,0.0,0.0,0.0,0.0,0.0,0.0,114.02,114.02,114.02,114.0199999999951,114.0199991342095,114.01529089564914,0.0,0.0,0.0,0.0,0.0,0.0,0.0,0.0,0.0,114.02,114.02,114.02,114.02,114.02,114.02,,,,0,10,2,114.02,0.0,SAME,1.0
BFAL,2023-10-03,114.02,114.02,114.02,114.02,114.02,114.02,0.0,0.0,0.0,0.0,0.0,0.0,0.0,0.0,114.02,114.02,114.02,114.01999999999754,114.01999942280634,114.0161470964402,0.0,0.0,0.0,0.0,0.0,0.0,0.0,0.0,0.0,114.02,114.02,114.02,114.02,114.02,114.02,,,,1,10,3,114.02,0.0,SAME,1.0
BFAL,2023-10-04,114.02,114.02,114.02,114.02,114.02,114.02,0.0,0.0,0.0,0.0,0.0,0.0,0.0,0.0,114.02,114.02,114.02,114.01999999999876,114.01999961520423,114.01684762436017,0.0,0.0,0.0,0.0,0.0,0.0,0.0,0.0,0.0,114.02,114.02,114.02,114.02,114.02,114.02,,,,2,10,4,114.02,0.0,SAME,1.0
BFAL,2023-10-05,114.02,114.02,114.02,114.02,114.02,114.02,0.0,0.0,0.0,0.0,0.0,0.0,0.0,0.0,114.02,114.02,114.02,114.01999999999938,114.01999974346948,114.0174207835674,0.0,0.0,0.0,0.0,0.0,0.0,0.0,0.0,0.0,114.02,114.02,114.02,114.02,114.02,114.02,,,,3,10,5,114.02,0.0,SAME,1.0
BFAL,2023-10-06,114.02,114.02,114.02,114.02,114.02,114.02,0.0,0.0,0.0,0.0,0.0,0.0,0.0,0.0,114.02,114.02,114.02,114.0199999999997,114.01999982897966,114.01788973200969,0.0,0.0,0.0,0.0,0.0,0.0,0.0,0.0,0.0,114.02,114.02,114.02,114.02,114.02,114.02,,,,4,10,6,114.02,0.0,SAME,1.0
BFAL,2023-10-09,114.02,114.02,114.02,114.02,114.02,114.02,0.0,0.0,0.0,0.0,0.0,0.0,0.0,0.0,114.02,114.02,114.02,114.01999999999984,114.01999988598645,114.01827341709884,0.0,0.0,0.0,0.0,0.0,0.0,0.0,0.0,0.0,114.02,114.02,114.02,114.02,114.02,114.02,,,,0,10,9,114.02,0.0,SAME,1.0
BFAL,2023-10-10,114.02,114.02,114.02,114.02,114.02,114.02,0.0,0.0,0.0,0.0,0.0,0.0,0.0,0.0,114.02,114.02,114.02,114.01999999999992,114.01999992399097,114.01858734126269,0.0,0.0,0.0,0.0,0.0,0.0,0.0,0.0,0.0,114.02,114.02,114.02,114.02,114.02,114.02,,,,1,10,10,114.02,0.0,SAME,1.0
BFAL,2023-10-11,114.02,114.02,114.02,114.02,114.02,114.02,0.0,0.0,0.0,0.0,0.0,0.0,0.0,0.0,114.02,114.02,114.02,114.01999999999995,114.01999994932731,114.01884418830583,0.0,0.0,0.0,0.0,0.0,0.0,0.0,0.0,0.0,114.02,114.02,114.02,114.02,114.02,114.02,,,,2,10,11,114.02,0.0,SAME,1.0
BFAL,2023-10-12,114.02,114.02,114.02,114.02,114.02,114.02,0.0,0.0,0.0,0.0,0.0,0.0,0.0,0.0,114.02,114.02,114.02,114.01999999999998,114.01999996621821,114.0190543358866,0.0,0.0,0.0,0.0,0.0,0.0,0.0,0.0,0.0,114.02,114.02,114.02,114.02,114.02,114.02,,,,3,10,12,114.02,0.0,SAME,1.0
BFAL,2023-10-13,114.02,114.02,114.02,114.02,114.02,114.02,0.0,0.0,0.0,0.0,0.0,0.0,0.0,0.0,114.02,114.02,114.02,114.01999999999998,114.0199999774788,114.0192262748163,0.0,0.0,0.0,0.0,0.0,0.0,0.0,0.0,0.0,114.02,114.02,114.02,114.02,114.02,114.02,,,,4,10,13,114.02,0.0,SAME,1.0
BFAL,2023-10-16,114.02,114.02,114.02,114.02,114.02,114.02,0.0,0.0,0.0,0.0,0.0,0.0,0.0,0.0,114.02,114.02,114.02,114.01999999999998,114.01999998498587,114.01936695212243,0.0,0.0,0.0,0.0,0.0,0.0,0.0,0.0,0.0,114.02,114.02,114.02,114.02,114.02,114.02,,,,0,10,16,114.02,0.0,SAME,1.0
BFAL,2023-10-17,114.02,114.02,114.02,114.02,114.02,114.02,0.0,0.0,0.0,0.0,0.0,0.0,0.0,0.0,114.02,114.02,114.02,114.01999999999998,114.01999998999058,114.01948205173653,0.0,0.0,0.0,0.0,0.0,0.0,0.0,0.0,0.0,114.02,114.02,114.02,114.02,114.02,114.02,,,,1,10,17,114.02,0.0,SAME,1.0
BFAL,2023-10-18,114.02,114.02,114.02,114.02,114.02,114.02,0.0,0.0,0.0,0.0,0.0,0.0,0.0,0.0,114.02,114.02,114.02,114.01999999999998,114.01999999332706,114.01957622414807,0.0,0.0,0.0,0.0,0.0,0.0,0.0,0.0,0.0,114.02,114.02,114.02,114.02,114.02,114.02,,,,2,10,18,114.02,0.0,SAME,1.0
BFAL,2023-10-19,114.02,114.02,114.02,114.02,114.02,114.02,0.0,0.0,0.0,0.0,0.0,0.0,0.0,0.0,114.02,114.02,114.02,114.01999999999998,114.01999999555137,114.01965327430297,0.0,0.0,0.0,0.0,0.0,0.0,0.0,0.0,0.0,114.02,114.02,114.02,114.02,114.02,114.02,,,,3,10,19,114.02,0.0,SAME,1.0
BFAL,2023-10-20,114.02,114.02,114.02,114.02,114.02,114.02,0.0,0.0,0.0,0.0,0.0,0.0,0.0,0.0,114.02,114.02,114.02,114.01999999999998,114.01999999703425,114.01971631533878,0.0,0.0,0.0,0.0,0.0,0.0,0.0,0.0,0.0,114.02,114.02,114.02,114.02,114.02,114.02,,,,4,10,20,114.02,0.0,SAME,1.0
BFAL,2023-10-23,114.02,114.02,114.02,114.02,114.02,114.02,0.0,0.0,0.0,0.0,0.0,0.0,0.0,0.0,114.02,114.02,114.02,114.01999999999998,114.01999999802284,114.01976789436809,0.0,0.0,0.0,0.0,0.0,0.0,0.0,0.0,0.0,114.02,114.02,114.02,114.02,114.02,114.02,,,,0,10,23,114.02,0.0,SAME,1.0
BFAL,2023-10-25,114.02,114.02,114.02,114.02,114.02,114.02,0.0,0.0,0.0,0.0,0.0,0.0,0.0,0.0,114.02,114.02,114.02,114.01999999999998,114.0199999986819,114.01981009539207,0.0,0.0,0.0,0.0,0.0,0.0,0.0,0.0,0.0,114.02,114.02,114.02,114.02,114.02,114.02,,,,2,10,25,114.02,0.0,SAME,1.0
BFAL,2023-10-26,114.02,114.02,114.02,114.02,114.02,114.02,0.0,0.0,0.0,0.0,0.0,0.0,0.0,0.0,114.02,114.02,114.02,114.01999999999998,114.01999999912127,114.0198446235026,0.0,0.0,0.0,0.0,0.0,0.0,0.0,0.0,0.0,114.02,114.02,114.02,114.02,114.02,114.02,,,,3,10,26,114.02,0.0,SAME,1.0
BFAL,2023-10-27,114.02,114.02,114.02,114.02,114.02,114.02,0.0,0.0,0.0,0.0,0.0,0.0,0.0,0.0,114.02,114.02,114.02,114.01999999999998,114.01999999941418,114.01987287377486,0.0,0.0,0.0,0.0,0.0,0.0,0.0,0.0,0.0,114.02,114.02,114.02,114.02,114.02,114.02,,,,4,10,27,114.02,0.0,SAME,1.0
BFAL,2023-10-30,114.02,114.02,114.02,114.02,114.02,114.02,0.0,0.0,0.0,0.0,0.0,0.0,0.0,0.0,114.02,114.02,114.02,114.01999999999998,114.01999999960945,114.01989598763397,0.0,0.0,0.0,0.0,0.0,0.0,0.0,0.0,0.0,114.02,114.02,114.02,114.02,114.02,114.02,,,,0,10,30,114.02,0.0,SAME,1.0
BFAL,2023-10-31,114.02,114.02,114.02,114.02,114.02,114.02,0.0,0.0,0.0,0.0,0.0,0.0,0.0,0.0,114.02,114.02,114.02,114.01999999999998,114.01999999973964,114.01991489897324,0.0,0.0,0.0,0.0,0.0,0.0,0.0,0.0,0.0,114.02,114.02,114.02,114.02,114.02,114.02,,,,1,10,31,114.02,0.0,SAME,1.0
BFAL,2023-11-02,114.02,114.02,114.02,114.02,114.02,114.02,0.0,0.0,0.0,0.0,0.0,0.0,0.0,0.0,114.02,114.02,114.02,114.01999999999998,114.01999999982642,114.0199303718872,0.0,0.0,0.0,0.0,0.0,0.0,0.0,0.0,0.0,114.02,114.02,114.02,114.02,114.02,114.02,,,,3,11,2,114.02,0.0,SAME,1.0
BFAL,2023-11-03,114.02,114.02,114.02,114.02,114.02,114.02,0.0,0.0,0.0,0.0,0.0,0.0,0.0,0.0,114.02,114.02,114.02,114.01999999999998,114.01999999988429,114.01994303154407,0.0,0.0,0.0,0.0,0.0,0.0,0.0,0.0,0.0,114.02,114.02,114.02,114.02,114.02,114.02,,,,4,11,3,114.02,0.0,SAME,1.0
BFAL,2023-11-06,114.02,114.02,114.02,114.02,114.02,114.02,0.0,0.0,0.0,0.0,0.0,0.0,0.0,0.0,114.02,114.02,114.02,114.01999999999998,114.01999999992286,114.01995338944515,0.0,0.0,0.0,0.0,0.0,0.0,0.0,0.0,0.0,114.02,114.02,114.02,114.02,114.02,114.02,,,,0,11,6,114.02,0.0,SAME,1.0
BFAL,2023-11-07,114.02,114.02,114.02,114.02,114.02,114.02,0.0,0.0,0.0,0.0,0.0,0.0,0.0,0.0,114.02,114.02,114.02,114.01999999999998,114.01999999994858,114.01996186409148,0.0,0.0,0.0,0.0,0.0,0.0,0.0,0.0,0.0,114.02,114.02,114.02,114.02,114.02,114.02,,,,1,11,7,114.02,0.0,SAME,1.0
BFAL,2023-11-08,114.02,114.02,114.02,114.02,114.02,114.02,0.0,0.0,0.0,0.0,0.0,0.0,0.0,0.0,114.02,114.02,114.02,114.01999999999998,114.01999999996572,114.01996879789303,0.0,0.0,0.0,0.0,0.0,0.0,0.0,0.0,0.0,114.02,114.02,114.02,114.02,114.02,114.02,,,,2,11,8,114.02,0.0,SAME,1.0
BFAL,2023-11-09,114.02,114.02,114.02,114.02,114.02,114.02,0.0,0.0,0.0,0.0,0.0,0.0,0.0,0.0,114.02,114.02,114.02,114.01999999999998,114.01999999997714,114.01997447100338,0.0,0.0,0.0,0.0,0.0,0.0,0.0,0.0,0.0,114.02,114.02,114.02,114.02,114.02,114.02,,,,3,11,9,114.02,0.0,SAME,1.0
BFAL,2023-11-10,114.02,114.02,114.02,114.02,114.02,114.02,0.0,0.0,0.0,0.0,0.0,0.0,0.0,0.0,114.02,114.02,114.02,114.01999999999998,114.01999999998476,114.01997911263912,0.0,0.0,0.0,0.0,0.0,0.0,0.0,0.0,0.0,114.02,114.02,114.02,114.02,114.02,114.02,,,,4,11,10,114.02,0.0,SAME,1.0
BFAL,2023-11-13,114.02,114.02,114.02,114.02,114.02,114.02,0.0,0.0,0.0,0.0,0.0,0.0,0.0,0.0,114.02,114.02,114.02,114.01999999999998,114.01999999998985,114.0199829103411,0.0,0.0,0.0,0.0,0.0,0.0,0.0,0.0,0.0,114.02,114.02,114.02,114.02,114.02,114.02,,,,0,11,13,114.02,0.0,SAME,1.0
BFAL,2023-11-14,114.02,114.02,114.02,114.02,114.02,114.02,0.0,0.0,0.0,0.0,0.0,0.0,0.0,0.0,114.02,114.02,114.02,114.01999999999998,114.01999999999323,114.0199860175518,0.0,0.0,0.0,0.0,0.0,0.0,0.0,0.0,0.0,114.02,114.02,114.02,114.02,114.02,114.02,,,,1,11,14,114.02,0.0,SAME,1.0
BFAL,2023-11-15,114.02,114.02,114.02,114.02,114.02,114.02,0.0,0.0,0.0,0.0,0.0,0.0,0.0,0.0,114.02,114.02,114.02,114.01999999999998,114.01999999999549,114.0199885598151,0.0,0.0,0.0,0.0,0.0,0.0,0.0,0.0,0.0,114.02,114.02,114.02,114.02,114.02,114.02,,,,2,11,15,114.02,0.0,SAME,1.0
BFAL,2023-11-16,114.02,114.02,114.02,114.02,114.02,114.02,0.0,0.0,0.0,0.0,0.0,0.0,0.0,0.0,114.02,114.02,114.02,114.01999999999998,114.019999999997,114.01999063984871,0.0,0.0,0.0,0.0,0.0,0.0,0.0,0.0,0.0,114.02,114.02,114.02,114.02,114.02,114.02,,,,3,11,16,114.02,0.0,SAME,1.0
BFAL,2023-11-17,114.02,114.02,114.02,114.02,114.02,114.02,0.0,0.0,0.0,0.0,0.0,0.0,0.0,0.0,114.02,114.02,114.02,114.01999999999998,114.019999999998,114.0199923416944,0.0,0.0,0.0,0.0,0.0,0.0,0.0,0.0,0.0,114.02,114.02,114.02,114.02,114.02,114.02,,,,4,11,17,114.02,0.0,SAME,1.0
BFAL,2023-11-20,114.02,114.02,114.02,114.02,114.02,114.02,0.0,0.0,0.0,0.0,0.0,0.0,0.0,0.0,114.02,114.02,114.02,114.01999999999998,114.01999999999867,114.0199937341136,0.0,0.0,0.0,0.0,0.0,0.0,0.0,0.0,0.0,114.02,114.02,114.02,114.02,114.02,114.02,,,,0,11,20,114.02,0.0,SAME,1.0
BFAL,2023-11-21,114.02,114.02,114.02,114.02,114.02,114.02,0.0,0.0,0.0,0.0,0.0,0.0,0.0,0.0,114.02,114.02,114.02,114.01999999999998,114.01999999999911,114.01999487336566,0.0,0.0,0.0,0.0,0.0,0.0,0.0,0.0,0.0,114.02,114.02,114.02,114.02,114.02,114.02,,,,1,11,21,114.02,0.0,SAME,1.0
BFAL,2023-11-22,114.02,114.02,114.02,114.02,114.02,114.02,0.0,0.0,0.0,0.0,0.0,0.0,0.0,0.0,114.02,114.02,114.02,114.01999999999998,114.01999999999941,114.01999580548099,0.0,0.0,0.0,0.0,0.0,0.0,0.0,0.0,0.0,114.02,114.02,114.02,114.02,114.02,114.02,,,,2,11,22,114.02,0.0,SAME,1.0
BFAL,2023-11-23,114.02,114.02,114.02,114.02,114.02,114.02,0.0,0.0,0.0,0.0,0.0,0.0,0.0,0.0,114.02,114.02,114.02,114.01999999999998,114.01999999999961,114.0199965681208,0.0,0.0,0.0,0.0,0.0,0.0,0.0,0.0,0.0,114.02,114.02,114.02,114.02,114.02,114.02,,,,3,11,23,114.02,0.0,SAME,1.0
BFAL,2023-11-24,114.02,114.02,114.02,114.02,114.02,114.02,0.0,0.0,0.0,0.0,0.0,0.0,0.0,0.0,114.02,114.02,114.02,114.01999999999998,114.01999999999974,114.01999719209884,0.0,0.0,0.0,0.0,0.0,0.0,0.0,0.0,0.0,114.02,114.02,114.02,114.02,114.02,114.02,,,,4,11,24,114.02,0.0,SAME,1.0
BFAL,2023-11-27,114.02,114.02,114.02,114.02,114.02,114.02,0.0,0.0,0.0,0.0,0.0,0.0,0.0,0.0,114.02,114.02,114.02,114.01999999999998,114.01999999999983,114.01999770262633,0.0,0.0,0.0,0.0,0.0,0.0,0.0,0.0,0.0,114.02,114.02,114.02,114.02,114.02,114.02,,,,0,11,27,114.02,0.0,SAME,1.0
BFAL,2023-11-28,114.02,114.02,114.02,114.02,114.02,114.02,0.0,0.0,0.0,0.0,0.0,0.0,0.0,0.0,114.02,114.02,114.02,114.01999999999998,114.01999999999988,114.01999812033063,0.0,0.0,0.0,0.0,0.0,0.0,0.0,0.0,0.0,114.02,114.02,114.02,114.02,114.02,114.02,,,,1,11,28,114.02,0.0,SAME,1.0
BFAL,2023-11-29,114.02,114.02,114.02,114.02,114.02,114.02,0.0,0.0,0.0,0.0,0.0,0.0,0.0,0.0,114.02,114.02,114.02,114.01999999999998,114.01999999999992,114.0199984620887,0.0,0.0,0.0,0.0,0.0,0.0,0.0,0.0,0.0,114.02,114.02,114.02,114.02,114.02,114.02,,,,2,11,29,114.02,0.0,SAME,1.0
BFAL,2023-12-01,114.02,114.02,114.02,114.02,114.02,114.02,0.0,0.0,0.0,0.0,0.0,0.0,0.0,0.0,114.02,114.02,114.02,114.01999999999998,114.01999999999995,114.01999874170893,0.0,0.0,0.0,0.0,0.0,0.0,0.0,0.0,0.0,114.02,114.02,114.02,114.02,114.02,114.02,,,,4,12,1,114.02,0.0,SAME,1.0
BFAL,2023-12-04,114.02,114.02,114.02,114.02,114.02,114.02,0.0,0.0,0.0,0.0,0.0,0.0,0.0,0.0,114.02,114.02,114.02,114.01999999999998,114.01999999999997,114.01999897048913,0.0,0.0,0.0,0.0,0.0,0.0,0.0,0.0,0.0,114.02,114.02,114.02,114.02,114.02,114.02,,,,0,12,4,114.02,0.0,SAME,1.0
BFAL,2023-12-05,114.02,114.02,114.02,114.02,114.02,114.02,0.0,0.0,0.0,0.0,0.0,0.0,0.0,0.0,114.02,114.02,114.02,114.01999999999998,114.01999999999998,114.01999915767291,0.0,0.0,0.0,0.0,0.0,0.0,0.0,0.0,0.0,114.02,114.02,114.02,114.02,114.02,114.02,,,,1,12,5,114.02,0.0,SAME,1.0
BFAL,2023-12-06,114.02,114.02,114.02,114.02,114.02,114.02,0.0,0.0,0.0,0.0,0.0,0.0,0.0,0.0,114.02,114.02,114.02,114.01999999999998,114.02,114.0199993108233,0.0,0.0,0.0,0.0,0.0,0.0,0.0,0.0,0.0,114.02,114.02,114.02,114.02,114.02,114.02,,,,2,12,6,124.79,10.77000000000001,UP,2.0
BFAL,2023-12-07,124.79,114.02,114.02,114.02,114.02,114.02,10.77000000000001,10.77000000000001,10.77000000000001,0.09445711278723046,0.09445711278723046,0.09445711278723046,0.09025845291632728,0.09025845291632728,117.61,116.174,115.09699999999998,119.405,117.61,115.97818125430996,0.05453483949458248,0.04224250503012238,0.02986996176110638,10.77000000000001,0.0944571127872304,10.77000000000001,0.0944571127872304,10.77000000000001,0.0944571127872304,114.02,124.79,114.02,124.79,114.02,124.79,1.0,1.0,1.0,3,12,7,124.79,0.0,SAME,1.0
BFAL,2023-12-08,124.79,124.79,114.02,114.02,114.02,114.02,0.0,10.77000000000001,10.77000000000001,0.0,0.09445711278723046,0.09445711278723046,0.0,0.09025845291632728,121.2,118.328,116.174,122.0975,120.00333333333334,117.58033011716269,0.05453483949458248,0.04224250503012238,0.02986996176110638,10.77000000000001,0.0944571127872304,10.77000000000001,0.0944571127872304,10.77000000000001,0.0944571127872304,114.02,124.79,114.02,124.79,114.02,124.79,1.0,1.0,1.0,4,12,8,124.79,0.0,SAME,1.0
BFAL,2023-12-11,124.79,124.79,124.79,114.02,114.02,114.02,0.0,0.0,10.77000000000001,0.0,0.0,0.09445711278723046,0.0,0.0,124.79,120.48200000000001,117.251,123.44375,121.59888888888891,118.89117918676946,0.05453483949458248,0.04224250503012238,0.02986996176110638,10.77000000000001,0.0944571127872304,10.77000000000001,0.0944571127872304,10.77000000000001,0.0944571127872304,124.79,124.79,114.02,124.79,114.02,124.79,,1.0,1.0,0,12,11,124.79,0.0,SAME,1.0
BFAL,2023-12-12,124.79,124.79,124.79,124.79,114.02,114.02,0.0,0.0,0.0,0.0,0.0,0.0,0.0,0.0,124.79,122.63600000000001,118.328,124.116875,122.66259259259262,119.96369206190228,0.0,0.04224250503012238,0.02986996176110638,0.0,0.0,10.77000000000001,0.0944571127872304,10.77000000000001,0.0944571127872304,124.79,124.79,114.02,124.79,114.02,124.79,,1.0,1.0,1,12,12,124.79,0.0,SAME,1.0
BFAL,2023-12-13,124.79,124.79,124.79,124.79,114.02,114.02,0.0,0.0,0.0,0.0,0.0,0.0,0.0,0.0,124.79,124.79,119.405,124.4534375,123.37172839506175,120.84120259610185,0.0,0.04224250503012238,0.02986996176110638,0.0,0.0,10.77000000000001,0.0944571127872304,10.77000000000001,0.0944571127872304,124.79,124.79,124.79,124.79,114.02,124.79,,,1.0,2,12,13,124.79,0.0,SAME,1.0
BFAL,2023-12-14,124.79,124.79,124.79,124.79,124.79,114.02,0.0,0.0,0.0,0.0,0.0,0.0,0.0,0.0,124.79,124.79,120.482,124.62171875000001,123.84448559670784,121.55916576044696,0.0,0.0,0.02986996176110638,0.0,0.0,0.0,0.0,10.77000000000001,0.0944571127872304,124.79,124.79,124.79,124.79,114.02,124.79,,,1.0,3,12,14,124.79,0.0,SAME,1.0
BFAL,2023-12-15,124.79,124.79,124.79,124.79,124.79,114.02,0.0,0.0,0.0,0.0,0.0,0.0,0.0,0.0,124.79,124.79,121.55900000000001,124.70585937500002,124.1596570644719,122.14659016763841,0.0,0.0,0.02986996176110638,0.0,0.0,0.0,0.0,10.77000000000001,0.0944571127872304,124.79,124.79,124.79,124.79,114.02,124.79,,,1.0,4,12,15,124.79,0.0,SAME,1.0
BFAL,2023-12-18,124.79,124.79,124.79,124.79,124.79,114.02,0.0,0.0,0.0,0.0,0.0,0.0,0.0,0.0,124.79,124.79,122.63600000000001,124.7479296875,124.3697713763146,122.62721013715868,0.0,0.0,0.02986996176110638,0.0,0.0,0.0,0.0,10.77000000000001,0.0944571127872304,124.79,124.79,124.79,124.79,114.02,124.79,,,1.0,0,12,18,124.79,0.0,SAME,1.0
BFAL,2023-12-19,124.79,124.79,124.79,124.79,124.79,114.02,0.0,0.0,0.0,0.0,0.0,0.0,0.0,0.0,124.79,124.79,123.71300000000001,124.76896484375001,124.50984758420974,123.02044465767528,0.0,0.0,0.02986996176110638,0.0,0.0,0.0,0.0,10.77000000000001,0.0944571127872304,124.79,124.79,124.79,124.79,114.02,124.79,,,1.0,1,12,19,124.79,0.0,SAME,1.0
BFAL,2023-12-20,124.79,124.79,124.79,124.79,124.79,114.02,0.0,0.0,0.0,0.0,0.0,0.0,0.0,0.0,124.79,124.79,124.79,124.779482421875,124.6032317228065,123.3421819926434,0.0,0.0,0.02986996176110638,0.0,0.0,0.0,0.0,10.77000000000001,0.0944571127872304,124.79,124.79,124.79,124.79,124.79,124.79,,,,2,12,20,124.79,0.0,SAME,1.0
BFAL,2023-12-21,124.79,124.79,124.79,124.79,124.79,124.79,0.0,0.0,0.0,0.0,0.0,0.0,0.0,0.0,124.79,124.79,124.79,124.78474121093751,124.66548781520434,123.6054216303446,0.0,0.0,0.0,0.0,0.0,0.0,0.0,0.0,0.0,124.79,124.79,124.79,124.79,124.79,124.79,,,,3,12,21,124.79,0.0,SAME,1.0
BFAL,2023-12-22,124.79,124.79,124.79,124.79,124.79,124.79,0.0,0.0,0.0,0.0,0.0,0.0,0.0,0.0,124.79,124.79,124.79,124.78737060546877,124.7069918768029,123.82079951573648,0.0,0.0,0.0,0.0,0.0,0.0,0.0,0.0,0.0,124.79,124.79,124.79,124.79,124.79,124.79,,,,4,12,22,124.79,0.0,SAME,1.0
BFAL,2023-12-25,124.79,124.79,124.79,124.79,124.79,124.79,0.0,0.0,0.0,0.0,0.0,0.0,0.0,0.0,124.79,124.79,124.79,124.7886853027344,124.73466125120194,123.99701778560257,0.0,0.0,0.0,0.0,0.0,0.0,0.0,0.0,0.0,124.79,124.79,124.79,124.79,124.79,124.79,,,,0,12,25,124.79,0.0,SAME,1.0
BFAL,2023-12-26,124.79,124.79,124.79,124.79,124.79,124.79,0.0,0.0,0.0,0.0,0.0,0.0,0.0,0.0,124.79,124.79,124.79,124.7893426513672,124.7531075008013,124.14119637003846,0.0,0.0,0.0,0.0,0.0,0.0,0.0,0.0,0.0,124.79,124.79,124.79,124.79,124.79,124.79,,,,1,12,26,124.79,0.0,SAME,1.0
BFAL,2023-12-27,124.79,124.79,124.79,124.79,124.79,124.79,0.0,0.0,0.0,0.0,0.0,0.0,0.0,0.0,124.79,124.79,124.79,124.7896713256836,124.76540500053422,124.25916066639509,0.0,0.0,0.0,0.0,0.0,0.0,0.0,0.0,0.0,124.79,124.79,124.79,124.79,124.79,124.79,,,,2,12,27,124.79,0.0,SAME,1.0
BFAL,2023-12-28,124.79,124.79,124.79,124.79,124.79,124.79,0.0,0.0,0.0,0.0,0.0,0.0,0.0,0.0,124.79,124.79,124.79,124.7898356628418,124.77360333368948,124.3556769088687,0.0,0.0,0.0,0.0,0.0,0.0,0.0,0.0,0.0,124.79,124.79,124.79,124.79,124.79,124.79,,,,3,12,28,124.79,0.0,SAME,1.0
BFAL,2023-12-29,124.79,124.79,124.79,124.79,124.79,124.79,0.0,0.0,0.0,0.0,0.0,0.0,0.0,0.0,124.79,124.79,124.79,124.7899178314209,124.77906888912632,124.43464474361984,0.0,0.0,0.0,0.0,0.0,0.0,0.0,0.0,0.0,124.79,124.79,124.79,124.79,124.79,124.79,,,,4,12,29,124.79,0.0,SAME,1.0
BFAL,2024-01-01,124.79,124.79,124.79,124.79,124.79,124.79,0.0,0.0,0.0,0.0,0.0,0.0,0.0,0.0,124.79,124.79,124.79,124.78995891571046,124.78271259275088,124.4992547902344,0.0,0.0,0.0,0.0,0.0,0.0,0.0,0.0,0.0,124.79,124.79,124.79,124.79,124.79,124.79,,,,0,1,1,124.79,0.0,SAME,1.0
BFAL,2024-01-03,124.79,124.79,124.79,124.79,124.79,124.79,0.0,0.0,0.0,0.0,0.0,0.0,0.0,0.0,124.79,124.79,124.79,124.78997945785522,124.78514172850059,124.55211755564632,0.0,0.0,0.0,0.0,0.0,0.0,0.0,0.0,0.0,124.79,124.79,124.79,124.79,124.79,124.79,,,,2,1,3,124.79,0.0,SAME,1.0
BFAL,2024-01-04,124.79,124.79,124.79,124.79,124.79,124.79,0.0,0.0,0.0,0.0,0.0,0.0,0.0,0.0,124.79,124.79,124.79,124.78998972892762,124.78676115233374,124.59536890916516,0.0,0.0,0.0,0.0,0.0,0.0,0.0,0.0,0.0,124.79,124.79,124.79,124.79,124.79,124.79,,,,3,1,4,124.79,0.0,SAME,1.0
BFAL,2024-01-05,124.79,124.79,124.79,124.79,124.79,124.79,0.0,0.0,0.0,0.0,0.0,0.0,0.0,0.0,124.79,124.79,124.79,124.78999486446381,124.7878407682225,124.63075638022603,0.0,0.0,0.0,0.0,0.0,0.0,0.0,0.0,0.0,124.79,124.79,124.79,124.79,124.79,124.79,,,,4,1,5,124.79,0.0,SAME,1.0
BFAL,2024-01-08,124.79,124.79,124.79,124.79,124.79,124.79,0.0,0.0,0.0,0.0,0.0,0.0,0.0,0.0,124.79,124.79,124.79,124.7899974322319,124.78856051214834,124.65970976563948,0.0,0.0,0.0,0.0,0.0,0.0,0.0,0.0,0.0,124.79,124.79,124.79,124.79,124.79,124.79,,,,0,1,8,124.79,0.0,SAME,1.0
BFAL,2024-01-10,124.79,124.79,124.79,124.79,124.79,124.79,0.0,0.0,0.0,0.0,0.0,0.0,0.0,0.0,124.79,124.79,124.79,124.78999871611595,124.78904034143223,124.68339889915956,0.0,0.0,0.0,0.0,0.0,0.0,0.0,0.0,0.0,124.79,124.79,124.79,124.79,124.79,124.79,,,,2,1,10,124.79,0.0,SAME,1.0
BFAL,2024-01-11,124.79,124.79,124.79,124.79,124.79,124.79,0.0,0.0,0.0,0.0,0.0,0.0,0.0,0.0,124.79,124.79,124.79,124.78999935805797,124.78936022762149,124.70278091749417,0.0,0.0,0.0,0.0,0.0,0.0,0.0,0.0,0.0,124.79,124.79,124.79,124.79,124.79,124.79,,,,3,1,11,124.79,0.0,SAME,1.0
BFAL,2024-01-15,124.79,124.79,124.79,124.79,124.79,124.79,0.0,0.0,0.0,0.0,0.0,0.0,0.0,0.0,124.79,124.79,124.79,124.789999679029,124.789573485081,124.71863893249522,0.0,0.0,0.0,0.0,0.0,0.0,0.0,0.0,0.0,124.79,124.79,124.79,124.79,124.79,124.79,,,,0,1,15,124.79,0.0,SAME,1.0
BFAL,2024-01-16,124.79,124.79,124.79,124.79,124.79,124.79,0.0,0.0,0.0,0.0,0.0,0.0,0.0,0.0,124.79,124.79,124.79,124.78999983951451,124.78971565672067,124.73161367204153,0.0,0.0,0.0,0.0,0.0,0.0,0.0,0.0,0.0,124.79,124.79,124.79,124.79,124.79,124.79,,,,1,1,16,124.79,0.0,SAME,1.0
BFAL,2024-01-17,124.79,124.79,124.79,124.79,124.79,124.79,0.0,0.0,0.0,0.0,0.0,0.0,0.0,0.0,124.79,124.79,124.79,124.78999991975726,124.78981043781378,124.74222936803397,0.0,0.0,0.0,0.0,0.0,0.0,0.0,0.0,0.0,124.79,124.79,124.79,124.79,124.79,124.79,,,,2,1,17,124.79,0.0,SAME,1.0
BFAL,2024-01-18,124.79,124.79,124.79,124.79,124.79,124.79,0.0,0.0,0.0,0.0,0.0,0.0,0.0,0.0,124.79,124.79,124.79,124.78999995987863,124.7898736252092,124.75091493748234,0.0,0.0,0.0,0.0,0.0,0.0,0.0,0.0,0.0,124.79,124.79,124.79,124.79,124.79,124.79,,,,3,1,18,124.79,0.0,SAME,1.0
BFAL,2024-01-19,124.79,124.79,124.79,124.79,124.79,124.79,0.0,0.0,0.0,0.0,0.0,0.0,0.0,0.0,124.79,124.79,124.79,124.78999997993932,124.78991575013947,124.75802131248554,0.0,0.0,0.0,0.0,0.0,0.0,0.0,0.0,0.0,124.79,124.79,124.79,124.79,124.79,124.79,,,,4,1,19,124.79,0.0,SAME,1.0
BFAL,2024-01-22,124.79,124.79,124.79,124.79,124.79,124.79,0.0,0.0,0.0,0.0,0.0,0.0,0.0,0.0,124.79,124.79,124.79,124.78999998996966,124.78994383342632,124.76383561930633,0.0,0.0,0.0,0.0,0.0,0.0,0.0,0.0,0.0,124.79,124.79,124.79,124.79,124.79,124.79,,,,0,1,22,124.79,0.0,SAME,1.0
BFAL,2024-01-23,124.79,124.79,124.79,124.79,124.79,124.79,0.0,0.0,0.0,0.0,0.0,0.0,0.0,0.0,124.79,124.79,124.79,124.78999999498484,124.78996255561755,124.76859277943245,0.0,0.0,0.0,0.0,0.0,0.0,0.0,0.0,0.0,124.79,124.79,124.79,124.79,124.79,124.79,,,,1,1,23,124.79,0.0,SAME,1.0
BFAL,2024-01-24,124.79,124.79,124.79,124.79,124.79,124.79,0.0,0.0,0.0,0.0,0.0,0.0,0.0,0.0,124.79,124.79,124.79,124.78999999749243,124.78997503707838,124.77248500135381,0.0,0.0,0.0,0.0,0.0,0.0,0.0,0.0,0.0,124.79,124.79,124.79,124.79,124.79,124.79,,,,2,1,24,124.79,0.0,SAME,1.0
BFAL,2024-01-25,124.79,124.79,124.79,124.79,124.79,124.79,0.0,0.0,0.0,0.0,0.0,0.0,0.0,0.0,124.79,124.79,124.79,124.78999999874623,124.78998335805225,124.7756695465622,0.0,0.0,0.0,0.0,0.0,0.0,0.0,0.0,0.0,124.79,124.79,124.79,124.79,124.79,124.79,,,,3,1,25,124.79,0.0,SAME,1.0
BFAL,2024-01-26,124.79,124.79,124.79,124.79,124.79,124.79,0.0,0.0,0.0,0.0,0.0,0.0,0.0,0.0,124.79,124.79,124.79,124.78999999937312,124.78998890536818,124.77827508355088,0.0,0.0,0.0,0.0,0.0,0.0,0.0,0.0,0.0,124.79,124.79,124.79,124.79,124.79,124.79,,,,4,1,26,124.79,0.0,SAME,1.0
BFAL,2024-01-29,124.79,124.79,124.79,124.79,124.79,124.79,0.0,0.0,0.0,0.0,0.0,0.0,0.0,0.0,124.79,124.79,124.79,124.78999999968656,124.7899926035788,124.78040688654163,0.0,0.0,0.0,0.0,0.0,0.0,0.0,0.0,0.0,124.79,124.79,124.79,124.79,124.79,124.79,,,,0,1,29,124.79,0.0,SAME,1.0
BFAL,2024-01-30,124.79,124.79,124.79,124.79,124.79,124.79,0.0,0.0,0.0,0.0,0.0,0.0,0.0,0.0,124.79,124.79,124.79,124.78999999984327,124.78999506905254,124.7821510889886,0.0,0.0,0.0,0.0,0.0,0.0,0.0,0.0,0.0,124.79,124.79,124.79,124.79,124.79,124.79,,,,1,1,30,124.79,0.0,SAME,1.0
BFAL,2024-01-31,124.79,124.79,124.79,124.79,124.79,124.79,0.0,0.0,0.0,0.0,0.0,0.0,0.0,0.0,124.79,124.79,124.79,124.78999999992163,124.7899967127017,124.78357816371793,0.0,0.0,0.0,0.0,0.0,0.0,0.0,0.0,0.0,124.79,124.79,124.79,124.79,124.79,124.79,,,,2,1,31,124.79,0.0,SAME,1.0
BFAL,2024-02-01,124.79,124.79,124.79,124.79,124.79,124.79,0.0,0.0,0.0,0.0,0.0,0.0,0.0,0.0,124.79,124.79,124.79,124.78999999996083,124.7899978084678,124.78474577031466,0.0,0.0,0.0,0.0,0.0,0.0,0.0,0.0,0.0,124.79,124.79,124.79,124.79,124.79,124.79,,,,3,2,1,124.79,0.0,SAME,1.0
BFAL,2024-02-02,124.79,124.79,124.79,124.79,124.79,124.79,0.0,0.0,0.0,0.0,0.0,0.0,0.0,0.0,124.79,124.79,124.79,124.78999999998041,124.78999853897854,124.7857010848029,0.0,0.0,0.0,0.0,0.0,0.0,0.0,0.0,0.0,124.79,124.79,124.79,124.79,124.79,124.79,,,,4,2,2,124.79,0.0,SAME,1.0
BFAL,2024-02-05,124.79,124.79,124.79,124.79,124.79,124.79,0.0,0.0,0.0,0.0,0.0,0.0,0.0,0.0,124.79,124.79,124.79,124.78999999999021,124.7899990259857,124.78648270574782,0.0,0.0,0.0,0.0,0.0,0.0,0.0,0.0,0.0,124.79,124.79,124.79,124.79,124.79,124.79,,,,0,2,5,124.79,0.0,SAME,1.0
BFAL,2024-02-06,124.79,124.79,124.79,124.79,124.79,124.79,0.0,0.0,0.0,0.0,0.0,0.0,0.0,0.0,124.79,124.79,124.79,124.7899999999951,124.78999935065714,124.78712221379365,0.0,0.0,0.0,0.0,0.0,0.0,0.0,0.0,0.0,124.79,124.79,124.79,124.79,124.79,124.79,,,,1,2,6,124.79,0.0,SAME,1.0
BFAL,2024-02-07,124.79,124.79,124.79,124.79,124.79,124.79,0.0,0.0,0.0,0.0,0.0,0.0,0.0,0.0,124.79,124.79,124.79,124.78999999999755,124.78999956710477,124.78764544764934,0.0,0.0,0.0,0.0,0.0,0.0,0.0,0.0,0.0,124.79,124.79,124.79,124.79,124.79,124.79,,,,2,2,7,124.79,0.0,SAME,1.0
BFAL,2024-02-08,124.79,124.79,124.79,124.79,124.79,124.79,0.0,0.0,0.0,0.0,0.0,0.0,0.0,0.0,124.79,124.79,124.79,124.78999999999877,124.78999971140318,124.78807354807672,0.0,0.0,0.0,0.0,0.0,0.0,0.0,0.0,0.0,124.79,124.79,124.79,124.79,124.79,124.79,,,,3,2,8,124.79,0.0,SAME,1.0
BFAL,2024-02-09,124.79,124.79,124.79,124.79,124.79,124.79,0.0,0.0,0.0,0.0,0.0,0.0,0.0,0.0,124.79,124.79,124.79,124.7899999999994,124.78999980760213,124.78842381206276,0.0,0.0,0.0,0.0,0.0,0.0,0.0,0.0,0.0,124.79,124.79,124.79,124.79,124.79,124.79,,,,4,2,9,124.79,0.0,SAME,1.0
BFAL,2024-02-12,124.79,124.79,124.79,124.79,124.79,124.79,0.0,0.0,0.0,0.0,0.0,0.0,0.0,0.0,124.79,124.79,124.79,124.78999999999971,124.78999987173476,124.7887103916877,0.0,0.0,0.0,0.0,0.0,0.0,0.0,0.0,0.0,124.79,124.79,124.79,124.79,124.79,124.79,,,,0,2,12,124.79,0.0,SAME,1.0
BFAL,2024-02-13,124.79,124.79,124.79,124.79,124.79,124.79,0.0,0.0,0.0,0.0,0.0,0.0,0.0,0.0,124.79,124.79,124.79,124.78999999999985,124.78999991448985,124.7889448659263,0.0,0.0,0.0,0.0,0.0,0.0,0.0,0.0,0.0,124.79,124.79,124.79,124.79,124.79,124.79,,,,1,2,13,124.79,0.0,SAME,1.0
BFAL,2024-02-14,124.79,124.79,124.79,124.79,124.79,124.79,0.0,0.0,0.0,0.0,0.0,0.0,0.0,0.0,124.79,124.79,124.79,124.78999999999994,124.78999994299325,124.78913670848515,0.0,0.0,0.0,0.0,0.0,0.0,0.0,0.0,0.0,124.79,124.79,124.79,124.79,124.79,124.79,,,,2,2,14,124.79,0.0,SAME,1.0
BFAL,2024-02-15,124.79,124.79,124.79,124.79,124.79,124.79,0.0,0.0,0.0,0.0,0.0,0.0,0.0,0.0,124.79,124.79,124.79,124.78999999999996,124.7899999619955,124.78929367057874,0.0,0.0,0.0,0.0,0.0,0.0,0.0,0.0,0.0,124.79,124.79,124.79,124.79,124.79,124.79,,,,3,2,15,124.79,0.0,SAME,1.0
BFAL,2024-02-16,124.79,124.79,124.79,124.79,124.79,124.79,0.0,0.0,0.0,0.0,0.0,0.0,0.0,0.0,124.79,124.79,124.79,124.78999999999999,124.78999997466367,124.78942209410987,0.0,0.0,0.0,0.0,0.0,0.0,0.0,0.0,0.0,124.79,124.79,124.79,124.79,124.79,124.79,,,,4,2,16,124.79,0.0,SAME,1.0
BFAL,2024-02-19,124.79,124.79,124.79,124.79,124.79,124.79,0.0,0.0,0.0,0.0,0.0,0.0,0.0,0.0,124.79,124.79,124.79,124.78999999999999,124.78999998310913,124.78952716790806,0.0,0.0,0.0,0.0,0.0,0.0,0.0,0.0,0.0,124.79,124.79,124.79,124.79,124.79,124.79,,,,0,2,19,124.79,0.0,SAME,1.0
BFAL,2024-02-20,124.79,124.79,124.79,124.79,124.79,124.79,0.0,0.0,0.0,0.0,0.0,0.0,0.0,0.0,124.79,124.79,124.79,124.78999999999999,124.78999998873942,124.78961313737932,0.0,0.0,0.0,0.0,0.0,0.0,0.0,0.0,0.0,124.79,124.79,124.79,124.79,124.79,124.79,,,,1,2,20,124.79,0.0,SAME,1.0
BFAL,2024-02-26,124.79,124.79,124.79,124.79,124.79,124.79,0.0,0.0,0.0,0.0,0.0,0.0,0.0,0.0,124.79,124.79,124.79,124.78999999999999,124.78999999249295,124.78968347603761,0.0,0.0,0.0,0.0,0.0,0.0,0.0,0.0,0.0,124.79,124.79,124.79,124.79,124.79,124.79,,,,0,2,26,124.79,0.0,SAME,1.0
BFAL,2024-02-27,124.79,124.79,124.79,124.79,124.79,124.79,0.0,0.0,0.0,0.0,0.0,0.0,0.0,0.0,124.79,124.79,124.79,124.78999999999999,124.78999999499531,124.78974102584894,0.0,0.0,0.0,0.0,0.0,0.0,0.0,0.0,0.0,124.79,124.79,124.79,124.79,124.79,124.79,,,,1,2,27,124.79,0.0,SAME,1.0
BFAL,2024-02-28,124.79,124.79,124.79,124.79,124.79,124.79,0.0,0.0,0.0,0.0,0.0,0.0,0.0,0.0,124.79,124.79,124.79,124.78999999999999,124.78999999666355,124.78978811205822,0.0,0.0,0.0,0.0,0.0,0.0,0.0,0.0,0.0,124.79,124.79,124.79,124.79,124.79,124.79,,,,2,2,28,124.79,0.0,SAME,1.0
BFAL,2024-02-29,124.79,124.79,124.79,124.79,124.79,124.79,0.0,0.0,0.0,0.0,0.0,0.0,0.0,0.0,124.79,124.79,124.79,124.78999999999999,124.78999999777571,124.78982663713853,0.0,0.0,0.0,0.0,0.0,0.0,0.0,0.0,0.0,124.79,124.79,124.79,124.79,124.79,124.79,,,,3,2,29,124.79,0.0,SAME,1.0
BFAL,2024-03-01,124.79,124.79,124.79,124.79,124.79,124.79,0.0,0.0,0.0,0.0,0.0,0.0,0.0,0.0,124.79,124.79,124.79,124.78999999999999,124.78999999851715,124.78985815765878,0.0,0.0,0.0,0.0,0.0,0.0,0.0,0.0,0.0,124.79,124.79,124.79,124.79,124.79,124.79,,,,4,3,1,124.79,0.0,SAME,1.0
BFAL,2024-03-04,124.79,124.79,124.79,124.79,124.79,124.79,0.0,0.0,0.0,0.0,0.0,0.0,0.0,0.0,124.79,124.79,124.79,124.78999999999999,124.78999999901144,124.78988394717535,0.0,0.0,0.0,0.0,0.0,0.0,0.0,0.0,0.0,124.79,124.79,124.79,124.79,124.79,124.79,,,,0,3,4,124.79,0.0,SAME,1.0
BFAL,2024-03-05,124.79,124.79,124.79,124.79,124.79,124.79,0.0,0.0,0.0,0.0,0.0,0.0,0.0,0.0,124.79,124.79,124.79,124.78999999999999,124.78999999934096,124.78990504768892,0.0,0.0,0.0,0.0,0.0,0.0,0.0,0.0,0.0,124.79,124.79,124.79,124.79,124.79,124.79,,,,1,3,5,124.79,0.0,SAME,1.0
BFAL,2024-03-06,124.79,124.79,124.79,124.79,124.79,124.79,0.0,0.0,0.0,0.0,0.0,0.0,0.0,0.0,124.79,124.79,124.79,124.78999999999999,124.78999999956065,124.78992231174547,0.0,0.0,0.0,0.0,0.0,0.0,0.0,0.0,0.0,124.79,124.79,124.79,124.79,124.79,124.79,,,,2,3,6,130.18,5.390000000000001,UP,2.0
BFAL,2024-03-07,130.18,124.79,124.79,124.79,124.79,124.79,5.390000000000001,5.390000000000001,5.390000000000001,0.043192563506691206,0.043192563506691206,0.043192563506691206,0.04228578362447827,0.04228578362447827,126.58666666666666,125.86800000000001,125.329,127.485,126.58666666637377,125.76993643688266,0.024937238167578448,0.019316301624687646,0.013658687866261359,5.390000000000001,0.04319256350669124,5.390000000000001,0.04319256350669124,5.390000000000001,0.04319256350669124,124.79,130.18,124.79,130.18,124.79,130.18,1.0,1.0,1.0,3,3,7,130.18,0.0,SAME,1.0
BFAL,2024-03-08,130.18,130.18,124.79,124.79,124.79,124.79,0.0,5.390000000000001,5.390000000000001,0.0,0.043192563506691206,0.043192563506691206,0.0,0.04228578362447827,128.38333333333333,126.946,125.86800000000001,128.8325,127.78444444424919,126.57176617563127,0.024937238167578448,0.019316301624687646,0.013658687866261359,5.390000000000001,0.04319256350669124,5.390000000000001,0.04319256350669124,5.390000000000001,0.04319256350669124,124.79,130.18,124.79,130.18,124.79,130.18,1.0,1.0,1.0,4,3,8,130.18,0.0,SAME,1.0
BFAL,2024-03-11,130.18,130.18,130.18,124.79,124.79,124.79,0.0,0.0,5.390000000000001,0.0,0.0,0.043192563506691206,0.0,0.0,130.18,128.024,126.40700000000001,129.50625000000002,128.5829629628328,127.22780868915285,0.024937238167578448,0.019316301624687646,0.013658687866261359,5.390000000000001,0.04319256350669124,5.390000000000001,0.04319256350669124,5.390000000000001,0.04319256350669124,130.18,130.18,124.79,130.18,124.79,130.18,,1.0,1.0,0,3,11,130.18,0.0,SAME,1.0
BFAL,2024-03-12,130.18,130.18,130.18,130.18,124.79,124.79,0.0,0.0,0.0,0.0,0.0,0.0,0.0,0.0,130.18,129.102,126.946,129.84312500000001,129.11530864188853,127.76457074567051,0.0,0.019316301624687646,0.013658687866261359,0.0,0.0,5.390000000000001,0.04319256350669124,5.390000000000001,0.04319256350669124,130.18,130.18,124.79,130.18,124.79,130.18,,1.0,1.0,1,3,12,130.18,0.0,SAME,1.0
BFAL,2024-03-13,130.18,130.18,130.18,130.18,124.79,124.79,0.0,0.0,0.0,0.0,0.0,0.0,0.0,0.0,130.18,130.18,127.48500000000001,130.01156250000003,129.47020576125902,128.20373970100314,0.0,0.019316301624687646,0.013658687866261359,0.0,0.0,5.390000000000001,0.04319256350669124,5.390000000000001,0.04319256350669124,130.18,130.18,130.18,130.18,124.79,130.18,,,1.0,2,3,13,130.18,0.0,SAME,1.0
BFAL,2024-03-14,130.18,130.18,130.18,130.18,130.18,124.79,0.0,0.0,0.0,0.0,0.0,0.0,0.0,0.0,130.18,130.18,128.024,130.09578125000002,129.70680384083937,128.5630597553662,0.0,0.0,0.013658687866261359,0.0,0.0,0.0,0.0,5.390000000000001,0.04319256350669124,130.18,130.18,130.18,130.18,124.79,130.18,,,1.0,3,3,14,130.18,0.0,SAME,1.0
BFAL,2024-03-15,130.18,130.18,130.18,130.18,130.18,124.79,0.0,0.0,0.0,0.0,0.0,0.0,0.0,0.0,130.18,130.18,128.56300000000002,130.137890625,129.86453589389293,128.85704889075416,0.0,0.0,0.013658687866261359,0.0,0.0,0.0,0.0,5.390000000000001,0.04319256350669124,130.18,130.18,130.18,130.18,124.79,130.18,,,1.0,4,3,15,130.18,0.0,SAME,1.0
BFAL,2024-03-18,130.18,130.18,130.18,130.18,130.18,124.79,0.0,0.0,0.0,0.0,0.0,0.0,0.0,0.0,130.18,130.18,129.102,130.1589453125,129.96969059592863,129.09758545607158,0.0,0.0,0.013658687866261359,0.0,0.0,0.0,0.0,5.390000000000001,0.04319256350669124,130.18,130.18,130.18,130.18,124.79,130.18,,,1.0,0,3,18,130.18,0.0,SAME,1.0
BFAL,2024-03-19,130.18,130.18,130.18,130.18,130.18,124.79,0.0,0.0,0.0,0.0,0.0,0.0,0.0,0.0,130.18,130.18,129.64100000000002,130.16947265625,130.0397937306191,129.2943881004222,0.0,0.0,0.013658687866261359,0.0,0.0,0.0,0.0,5.390000000000001,0.04319256350669124,130.18,130.18,130.18,130.18,124.79,130.18,,,1.0,1,3,19,130.18,0.0,SAME,1.0
BFAL,2024-03-20,130.18,130.18,130.18,130.18,130.18,124.79,0.0,0.0,0.0,0.0,0.0,0.0,0.0,0.0,130.18,130.18,130.18,130.174736328125,130.08652915374608,129.45540844579997,0.0,0.0,0.013658687866261359,0.0,0.0,0.0,0.0,5.390000000000001,0.04319256350669124,130.18,130.18,130.18,130.18,130.18,130.18,,,,2,3,20,130.18,0.0,SAME,1.0
BFAL,2024-03-21,130.18,130.18,130.18,130.18,130.18,130.18,0.0,0.0,0.0,0.0,0.0,0.0,0.0,0.0,130.18,130.18,130.18,130.1773681640625,130.1176861024974,129.58715236474544,0.0,0.0,0.0,0.0,0.0,0.0,0.0,0.0,0.0,130.18,130.18,130.18,130.18,130.18,130.18,,,,3,3,21,130.18,0.0,SAME,1.0
BFAL,2024-03-22,130.18,130.18,130.18,130.18,130.18,130.18,0.0,0.0,0.0,0.0,0.0,0.0,0.0,0.0,130.18,130.18,130.18,130.17868408203125,130.13845740166494,129.69494284388264,0.0,0.0,0.0,0.0,0.0,0.0,0.0,0.0,0.0,130.18,130.18,130.18,130.18,130.18,130.18,,,,4,3,22,130.18,0.0,SAME,1.0
BFAL,2024-03-25,130.18,130.18,130.18,130.18,130.18,130.18,0.0,0.0,0.0,0.0,0.0,0.0,0.0,0.0,130.18,130.18,130.18,130.17934204101562,130.1523049344433,129.7831350540858,0.0,0.0,0.0,0.0,0.0,0.0,0.0,0.0,0.0,130.18,130.18,130.18,130.18,130.18,130.18,,,,0,3,25,130.18,0.0,SAME,1.0
BFAL,2024-03-26,130.18,130.18,130.18,130.18,130.18,130.18,0.0,0.0,0.0,0.0,0.0,0.0,0.0,0.0,130.18,130.18,130.18,130.1796710205078,130.16153662296222,129.85529231697927,0.0,0.0,0.0,0.0,0.0,0.0,0.0,0.0,0.0,130.18,130.18,130.18,130.18,130.18,130.18,,,,1,3,26,130.18,0.0,SAME,1.0
BFAL,2024-03-27,130.18,130.18,130.18,130.18,130.18,130.18,0.0,0.0,0.0,0.0,0.0,0.0,0.0,0.0,130.18,130.18,130.18,130.1798355102539,130.16769108197482,129.9143300775285,0.0,0.0,0.0,0.0,0.0,0.0,0.0,0.0,0.0,130.18,130.18,130.18,130.18,130.18,130.18,,,,2,3,27,130.18,0.0,SAME,1.0
BFAL,2024-03-28,130.18,130.18,130.18,130.18,130.18,130.18,0.0,0.0,0.0,0.0,0.0,0.0,0.0,0.0,130.18,130.18,130.18,130.17991775512695,130.1717940546499,129.96263369979602,0.0,0.0,0.0,0.0,0.0,0.0,0.0,0.0,0.0,130.18,130.18,130.18,130.18,130.18,130.18,,,,3,3,28,130.18,0.0,SAME,1.0
BFAL,2024-03-29,130.18,130.18,130.18,130.18,130.18,130.18,0.0,0.0,0.0,0.0,0.0,0.0,0.0,0.0,130.18,130.18,130.18,130.17995887756348,130.17452936976662,130.00215484528763,0.0,0.0,0.0,0.0,0.0,0.0,0.0,0.0,0.0,130.18,130.18,130.18,130.18,130.18,130.18,,,,4,3,29,130.18,0.0,SAME,1.0
BFAL,2024-04-01,130.18,130.18,130.18,130.18,130.18,130.18,0.0,0.0,0.0,0.0,0.0,0.0,0.0,0.0,130.18,130.18,130.18,130.17997943878174,130.17635291317777,130.0344903279626,0.0,0.0,0.0,0.0,0.0,0.0,0.0,0.0,0.0,130.18,130.18,130.18,130.18,130.18,130.18,,,,0,4,1,130.18,0.0,SAME,1.0
BFAL,2024-04-02,130.18,130.18,130.18,130.18,130.18,130.18,0.0,0.0,0.0,0.0,0.0,0.0,0.0,0.0,130.18,130.18,130.18,130.17998971939087,130.17756860878518,130.0609466319694,0.0,0.0,0.0,0.0,0.0,0.0,0.0,0.0,0.0,130.18,130.18,130.18,130.18,130.18,130.18,,,,1,4,2,130.18,0.0,SAME,1.0
BFAL,2024-04-03,130.18,130.18,130.18,130.18,130.18,130.18,0.0,0.0,0.0,0.0,0.0,0.0,0.0,0.0,130.18,130.18,130.18,130.17999485969546,130.17837907252346,130.08259269888404,0.0,0.0,0.0,0.0,0.0,0.0,0.0,0.0,0.0,130.18,130.18,130.18,130.18,130.18,130.18,,,,2,4,3,130.18,0.0,SAME,1.0
BFAL,2024-04-04,130.18,130.18,130.18,130.18,130.18,130.18,0.0,0.0,0.0,0.0,0.0,0.0,0.0,0.0,130.18,130.18,130.18,130.17999742984773,130.1789193816823,130.10030311726877,0.0,0.0,0.0,0.0,0.0,0.0,0.0,0.0,0.0,130.18,130.18,130.18,130.18,130.18,130.18,,,,3,4,4,130.18,0.0,SAME,1.0
BFAL,2024-04-05,130.18,130.18,130.18,130.18,130.18,130.18,0.0,0.0,0.0,0.0,0.0,0.0,0.0,0.0,130.18,130.18,130.18,130.17999871492387,130.17927958778822,130.11479345958352,0.0,0.0,0.0,0.0,0.0,0.0,0.0,0.0,0.0,130.18,130.18,130.18,130.18,130.18,130.18,,,,4,4,5,130.18,0.0,SAME,1.0
BFAL,2024-04-08,130.18,130.18,130.18,130.18,130.18,130.18,0.0,0.0,0.0,0.0,0.0,0.0,0.0,0.0,130.18,130.18,130.18,130.17999935746195,130.17951972519216,130.1266491942047,0.0,0.0,0.0,0.0,0.0,0.0,0.0,0.0,0.0,130.18,130.18,130.18,130.18,130.18,130.18,,,,0,4,8,130.18,0.0,SAME,1.0
BFAL,2024-04-09,130.18,130.18,130.18,130.18,130.18,130.18,0.0,0.0,0.0,0.0,0.0,0.0,0.0,0.0,130.18,130.18,130.18,130.17999967873098,130.1796798167948,130.13634934071294,0.0,0.0,0.0,0.0,0.0,0.0,0.0,0.0,0.0,130.18,130.18,130.18,130.18,130.18,130.18,,,,1,4,9,120.18,-10.0,DOWN,0.0
BFAL,2024-04-10,120.18,130.18,130.18,130.18,130.18,130.18,-10.0,-10.0,-10.0,-0.07681671531725298,-0.07681671531725298,-0.07681671531725298,-0.07992748923845931,-0.07992748923845931,126.84666666666665,128.18,129.18,125.1799998393655,126.84645321119653,128.32610400603787,0.044350151266678996,0.0343534794515254,0.02429157827752633,-10.0,-0.07681671531725304,-10.0,-0.07681671531725304,-10.0,-0.07681671531725304,120.18,130.18,120.18,130.18,120.18,130.18,0.0,0.0,0.0,2,4,10,120.18,0.0,SAME,1.0
BFAL,2024-04-11,120.18,120.18,130.18,130.18,130.18,130.18,0.0,-10.0,-10.0,0.0,-0.07681671531725298,-0.07681671531725298,0.0,-0.07992748923845931,123.51333333333332,126.18000000000002,128.18,122.67999991968276,124.6243021407977,126.84499418675824,0.044350151266678996,0.0343534794515254,0.02429157827752633,-10.0,-0.07681671531725304,-10.0,-0.07681671531725304,-10.0,-0.07681671531725304,120.18,130.18,120.18,130.18,120.18,130.18,0.0,0.0,0.0,3,4,11,120.18,0.0,SAME,1.0
BFAL,2024-04-12,120.18,120.18,120.18,130.18,130.18,130.18,0.0,0.0,-10.0,0.0,0.0,-0.07681671531725298,0.0,0.0,120.18,124.18000000000002,127.18000000000002,121.42999995984138,123.14286809386515,125.6331770618931,0.044350151266678996,0.0343534794515254,0.02429157827752633,-10.0,-0.07681671531725304,-10.0,-0.07681671531725304,-10.0,-0.07681671531725304,120.18,120.18,120.18,130.18,120.18,130.18,,0.0,0.0,4,4,12,120.18,0.0,SAME,1.0
BFAL,2024-04-15,120.18,120.18,120.18,120.18,130.18,130.18,0.0,0.0,0.0,0.0,0.0,0.0,0.0,0.0,120.18,122.18000000000002,126.17999999999999,120.8049999799207,122.15524539591011,124.64169032336707,0.0,0.0343534794515254,0.02429157827752633,0.0,0.0,-10.0,-0.07681671531725304,-10.0,-0.07681671531725304,120.18,120.18,120.18,130.18,120.18,130.18,,0.0,0.0,0,4,15,120.18,0.0,SAME,1.0
BFAL,2024-04-16,120.18,120.18,120.18,120.18,130.18,130.18,0.0,0.0,0.0,0.0,0.0,0.0,0.0,0.0,120.18,120.18,125.17999999999999,120.49249998996035,121.49683026394008,123.83047390093668,0.0,0.0343534794515254,0.02429157827752633,0.0,0.0,-10.0,-0.07681671531725304,-10.0,-0.07681671531725304,120.18,120.18,120.18,120.18,120.18,130.18,,,0.0,1,4,16,120.18,0.0,SAME,1.0
BFAL,2024-04-17,120.18,120.18,120.18,120.18,120.18,130.18,0.0,0.0,0.0,0.0,0.0,0.0,0.0,0.0,120.18,120.18,124.18000000000002,120.33624999498018,121.05788684262673,123.16675137349364,0.0,0.0,0.02429157827752633,0.0,0.0,0.0,0.0,-10.0,-0.07681671531725304,120.18,120.18,120.18,120.18,120.18,130.18,,,0.0,2,4,17,120.18,0.0,SAME,1.0
BFAL,2024-04-19,120.18,120.18,120.18,120.18,120.18,130.18,0.0,0.0,0.0,0.0,0.0,0.0,0.0,0.0,120.18,120.18,123.18000000000002,120.25812499749009,120.7652578950845,122.62370566922206,0.0,0.0,0.02429157827752633,0.0,0.0,0.0,0.0,-10.0,-0.07681671531725304,120.18,120.18,120.18,120.18,120.18,130.18,,,0.0,4,4,19,120.18,0.0,SAME,1.0
BFAL,2024-04-22,120.18,120.18,120.18,120.18,120.18,130.18,0.0,0.0,0.0,0.0,0.0,0.0,0.0,0.0,120.18,120.18,122.17999999999999,120.21906249874505,120.57017193005635,122.17939554754531,0.0,0.0,0.02429157827752633,0.0,0.0,0.0,0.0,-10.0,-0.07681671531725304,120.18,120.18,120.18,120.18,120.18,130.18,,,0.0,0,4,22,120.18,0.0,SAME,1.0
BFAL,2024-04-23,120.18,120.18,120.18,120.18,120.18,130.18,0.0,0.0,0.0,0.0,0.0,0.0,0.0,0.0,120.18,120.18,121.17999999999999,120.19953124937253,120.44011462003758,121.81586908435526,0.0,0.0,0.02429157827752633,0.0,0.0,0.0,0.0,-10.0,-0.07681671531725304,120.18,120.18,120.18,120.18,120.18,130.18,,,0.0,1,4,23,120.18,0.0,SAME,1.0
BFAL,2024-04-24,120.18,120.18,120.18,120.18,120.18,130.18,0.0,0.0,0.0,0.0,0.0,0.0,0.0,0.0,120.18,120.18,120.18,120.18976562468626,120.35340974669172,121.5184383417452,0.0,0.0,0.02429157827752633,0.0,0.0,0.0,0.0,-10.0,-0.07681671531725304,120.18,120.18,120.18,120.18,120.18,120.18,,,,2,4,24,120.18,0.0,SAME,1.0
BFAL,2024-04-25,120.18,120.18,120.18,120.18,120.18,120.18,0.0,0.0,0.0,0.0,0.0,0.0,0.0,0.0,120.18,120.18,120.18,120.18488281234313,120.2956064977945,121.27508591597334,0.0,0.0,0.0,0.0,0.0,0.0,0.0,0.0,0.0,120.18,120.18,120.18,120.18,120.18,120.18,,,,3,4,25,120.18,0.0,SAME,1.0
BFAL,2024-04-26,120.18,120.18,120.18,120.18,120.18,120.18,0.0,0.0,0.0,0.0,0.0,0.0,0.0,0.0,120.18,120.18,120.18,120.18244140617156,120.25707099852967,121.07597938579636,0.0,0.0,0.0,0.0,0.0,0.0,0.0,0.0,0.0,120.18,120.18,120.18,120.18,120.18,120.18,,,,4,4,26,120.18,0.0,SAME,1.0
BFAL,2024-04-29,120.18,120.18,120.18,120.18,120.18,120.18,0.0,0.0,0.0,0.0,0.0,0.0,0.0,0.0,120.18,120.18,120.18,120.18122070308578,120.23138066568646,120.91307404292428,0.0,0.0,0.0,0.0,0.0,0.0,0.0,0.0,0.0,120.18,120.18,120.18,120.18,120.18,120.18,,,,0,4,29,120.18,0.0,SAME,1.0
BFAL,2024-04-30,120.18,120.18,120.18,120.18,120.18,120.18,0.0,0.0,0.0,0.0,0.0,0.0,0.0,0.0,120.18,120.18,120.18,120.1806103515429,120.21425377712431,120.77978785330168,0.0,0.0,0.0,0.0,0.0,0.0,0.0,0.0,0.0,120.18,120.18,120.18,120.18,120.18,120.18,,,,1,4,30,138.21,18.03,UP,2.0
BFAL,2024-05-01,138.21,120.18,120.18,120.18,120.18,120.18,18.03,18.03,18.03,0.15002496255616582,0.15002496255616582,0.15002496255616582,0.13978364871015347,0.13978364871015347,126.19,123.78600000000002,121.98300000000002,129.19530517577147,126.21283585141623,123.94891733451956,0.08661695251696595,0.06709320291948948,0.04744205875589608,18.03,0.15002496255616576,18.03,0.15002496255616576,18.03,0.15002496255616576,120.18,138.21,120.18,138.21,120.18,138.21,1.0,1.0,1.0,2,5,1,138.21,0.0,SAME,1.0
BFAL,2024-05-03,138.21,138.21,120.18,120.18,120.18,120.18,0.0,18.03,18.03,0.0,0.15002496255616582,0.15002496255616582,0.0,0.13978364871015347,132.20000000000002,127.39200000000001,123.78600000000002,133.70265258788572,130.21189056761082,126.54184145551599,0.08661695251696595,0.06709320291948948,0.04744205875589608,18.03,0.15002496255616576,18.03,0.15002496255616576,18.03,0.15002496255616576,120.18,138.21,120.18,138.21,120.18,138.21,1.0,1.0,1.0,4,5,3,138.21,0.0,SAME,1.0
BFAL,2024-05-06,138.21,138.21,138.21,120.18,120.18,120.18,0.0,0.0,18.03,0.0,0.0,0.15002496255616582,0.0,0.0,138.21,130.998,125.58900000000001,135.95632629394288,132.8779270450739,128.66332482724036,0.08661695251696595,0.06709320291948948,0.04744205875589608,18.03,0.15002496255616576,18.03,0.15002496255616576,18.03,0.15002496255616576,138.21,138.21,120.18,138.21,120.18,138.21,,1.0,1.0,0,5,6,138.21,0.0,SAME,1.0
BFAL,2024-05-07,138.21,138.21,138.21,138.21,120.18,120.18,0.0,0.0,0.0,0.0,0.0,0.0,0.0,0.0,138.21,134.60399999999998,127.39200000000001,137.08316314697146,134.65528469671594,130.3990839495603,0.0,0.06709320291948948,0.04744205875589608,0.0,0.0,18.03,0.15002496255616576,18.03,0.15002496255616576,138.21,138.21,120.18,138.21,120.18,138.21,,1.0,1.0,1,5,7,138.21,0.0,SAME,1.0
BFAL,2024-05-08,138.21,138.21,138.21,138.21,120.18,120.18,0.0,0.0,0.0,0.0,0.0,0.0,0.0,0.0,138.21,138.21,129.195,137.64658157348572,135.84018979781064,131.8192505041857,0.0,0.06709320291948948,0.04744205875589608,0.0,0.0,18.03,0.15002496255616576,18.03,0.15002496255616576,138.21,138.21,138.21,138.21,120.18,138.21,,,1.0,2,5,8,138.21,0.0,SAME,1.0
BFAL,2024-05-09,138.21,138.21,138.21,138.21,138.21,120.18,0.0,0.0,0.0,0.0,0.0,0.0,0.0,0.0,138.21,138.21,130.998,137.92829078674288,136.63012653187377,132.9812049579701,0.0,0.0,0.04744205875589608,0.0,0.0,0.0,0.0,18.03,0.15002496255616576,138.21,138.21,138.21,138.21,120.18,138.21,,,1.0,3,5,9,138.21,0.0,SAME,1.0
BFAL,2024-05-10,138.21,138.21,138.21,138.21,138.21,120.18,0.0,0.0,0.0,0.0,0.0,0.0,0.0,0.0,138.21,138.21,132.80100000000002,138.06914539337146,137.1567510212492,133.9318949656119,0.0,0.0,0.04744205875589608,0.0,0.0,0.0,0.0,18.03,0.15002496255616576,138.21,138.21,138.21,138.21,120.18,138.21,,,1.0,4,5,10,138.21,0.0,SAME,1.0
BFAL,2024-05-13,138.21,138.21,138.21,138.21,138.21,120.18,0.0,0.0,0.0,0.0,0.0,0.0,0.0,0.0,138.21,138.21,134.604,138.13957269668572,137.50783401416615,134.70973224459155,0.0,0.0,0.04744205875589608,0.0,0.0,0.0,0.0,18.03,0.15002496255616576,138.21,138.21,138.21,138.21,120.18,138.21,,,1.0,0,5,13,138.21,0.0,SAME,1.0
BFAL,2024-05-14,138.21,138.21,138.21,138.21,138.21,120.18,0.0,0.0,0.0,0.0,0.0,0.0,0.0,0.0,138.21,138.21,136.407,138.17478634834288,137.74188934277745,135.34614456375672,0.0,0.0,0.04744205875589608,0.0,0.0,0.0,0.0,18.03,0.15002496255616576,138.21,138.21,138.21,138.21,120.18,138.21,,,1.0,1,5,14,138.21,0.0,SAME,1.0
BFAL,2024-05-15,138.21,138.21,138.21,138.21,138.21,120.18,0.0,0.0,0.0,0.0,0.0,0.0,0.0,0.0,138.21,138.21,138.21,138.19239317417146,137.89792622851832,135.8668455521646,0.0,0.0,0.04744205875589608,0.0,0.0,0.0,0.0,18.03,0.15002496255616576,138.21,138.21,138.21,138.21,138.21,138.21,,,,2,5,15,138.21,0.0,SAME,1.0
BFAL,2024-05-16,138.21,138.21,138.21,138.21,138.21,138.21,0.0,0.0,0.0,0.0,0.0,0.0,0.0,0.0,138.21,138.21,138.21,138.20119658708575,138.00195081901222,136.2928736335892,0.0,0.0,0.0,0.0,0.0,0.0,0.0,0.0,0.0,138.21,138.21,138.21,138.21,138.21,138.21,,,,3,5,16,138.21,0.0,SAME,1.0
BFAL,2024-05-17,138.21,138.21,138.21,138.21,138.21,138.21,0.0,0.0,0.0,0.0,0.0,0.0,0.0,0.0,138.21,138.21,138.21,138.2055982935429,138.07130054600816,136.64144206384572,0.0,0.0,0.0,0.0,0.0,0.0,0.0,0.0,0.0,138.21,138.21,138.21,138.21,138.21,138.21,,,,4,5,17,138.21,0.0,SAME,1.0
BFAL,2024-05-20,138.21,138.21,138.21,138.21,138.21,138.21,0.0,0.0,0.0,0.0,0.0,0.0,0.0,0.0,138.21,138.21,138.21,138.20779914677144,138.11753369733879,136.92663441587376,0.0,0.0,0.0,0.0,0.0,0.0,0.0,0.0,0.0,138.21,138.21,138.21,138.21,138.21,138.21,,,,0,5,20,138.21,0.0,SAME,1.0
BFAL,2024-05-21,138.21,138.21,138.21,138.21,138.21,138.21,0.0,0.0,0.0,0.0,0.0,0.0,0.0,0.0,138.21,138.21,138.21,138.20889957338574,138.14835579822588,137.1599736129876,0.0,0.0,0.0,0.0,0.0,0.0,0.0,0.0,0.0,138.21,138.21,138.21,138.21,138.21,138.21,,,,1,5,21,138.21,0.0,SAME,1.0
BFAL,2024-05-22,138.21,138.21,138.21,138.21,138.21,138.21,0.0,0.0,0.0,0.0,0.0,0.0,0.0,0.0,138.21,138.21,138.21,138.20944978669286,138.16890386548394,137.3508875015353,0.0,0.0,0.0,0.0,0.0,0.0,0.0,0.0,0.0,138.21,138.21,138.21,138.21,138.21,138.21,,,,2,5,22,138.21,0.0,SAME,1.0
BFAL,2024-05-24,138.21,138.21,138.21,138.21,138.21,138.21,0.0,0.0,0.0,0.0,0.0,0.0,0.0,0.0,138.21,138.21,138.21,138.20972489334645,138.1826025769893,137.50708977398344,0.0,0.0,0.0,0.0,0.0,0.0,0.0,0.0,0.0,138.21,138.21,138.21,138.21,138.21,138.21,,,,4,5,24,138.21,0.0,SAME,1.0
BFAL,2024-05-27,138.21,138.21,138.21,138.21,138.21,138.21,0.0,0.0,0.0,0.0,0.0,0.0,0.0,0.0,138.21,138.21,138.21,138.20986244667324,138.19173505132622,137.63489163325917,0.0,0.0,0.0,0.0,0.0,0.0,0.0,0.0,0.0,138.21,138.21,138.21,138.21,138.21,138.21,,,,0,5,27,138.21,0.0,SAME,1.0
BFAL,2024-05-28,138.21,138.21,138.21,138.21,138.21,138.21,0.0,0.0,0.0,0.0,0.0,0.0,0.0,0.0,138.21,138.21,138.21,138.20993122333664,138.19782336755082,137.7394567908484,0.0,0.0,0.0,0.0,0.0,0.0,0.0,0.0,0.0,138.21,138.21,138.21,138.21,138.21,138.21,,,,1,5,28,138.21,0.0,SAME,1.0
BFAL,2024-05-29,138.21,138.21,138.21,138.21,138.21,138.21,0.0,0.0,0.0,0.0,0.0,0.0,0.0,0.0,138.21,138.21,138.21,138.20996561166834,138.2018822450339,137.82501010160323,0.0,0.0,0.0,0.0,0.0,0.0,0.0,0.0,0.0,138.21,138.21,138.21,138.21,138.21,138.21,,,,2,5,29,138.21,0.0,SAME,1.0
BFAL,2024-05-30,138.21,138.21,138.21,138.21,138.21,138.21,0.0,0.0,0.0,0.0,0.0,0.0,0.0,0.0,138.21,138.21,138.21,138.20998280583416,138.20458816335594,137.8950082649481,0.0,0.0,0.0,0.0,0.0,0.0,0.0,0.0,0.0,138.21,138.21,138.21,138.21,138.21,138.21,,,,3,5,30,138.21,0.0,SAME,1.0
BFAL,2024-05-31,138.21,138.21,138.21,138.21,138.21,138.21,0.0,0.0,0.0,0.0,0.0,0.0,0.0,0.0,138.21,138.21,138.21,138.20999140291707,138.20639210890397,137.95227948950298,0.0,0.0,0.0,0.0,0.0,0.0,0.0,0.0,0.0,138.21,138.21,138.21,138.21,138.21,138.21,,,,4,5,31,138.21,0.0,SAME,1.0
BFAL,2024-06-03,138.21,138.21,138.21,138.21,138.21,138.21,0.0,0.0,0.0,0.0,0.0,0.0,0.0,0.0,138.21,138.21,138.21,138.20999570145852,138.20759473926933,137.9991377641388,0.0,0.0,0.0,0.0,0.0,0.0,0.0,0.0,0.0,138.21,138.21,138.21,138.21,138.21,138.21,,,,0,6,3,138.21,0.0,SAME,1.0
BFAL,2024-06-04,138.21,138.21,138.21,138.21,138.21,138.21,0.0,0.0,0.0,0.0,0.0,0.0,0.0,0.0,138.21,138.21,138.21,138.20999785072928,138.20839649284622,138.0374763524772,0.0,0.0,0.0,0.0,0.0,0.0,0.0,0.0,0.0,138.21,138.21,138.21,138.21,138.21,138.21,,,,1,6,4,138.21,0.0,SAME,1.0
BFAL,2024-06-05,138.21,138.21,138.21,138.21,138.21,138.21,0.0,0.0,0.0,0.0,0.0,0.0,0.0,0.0,138.21,138.21,138.21,138.20999892536463,138.20893099523082,138.06884428839044,0.0,0.0,0.0,0.0,0.0,0.0,0.0,0.0,0.0,138.21,138.21,138.21,138.21,138.21,138.21,,,,2,6,5,138.21,0.0,SAME,1.0
BFAL,2024-06-06,138.21,138.21,138.21,138.21,138.21,138.21,0.0,0.0,0.0,0.0,0.0,0.0,0.0,0.0,138.21,138.21,138.21,138.20999946268233,138.2092873301539,138.09450896322855,0.0,0.0,0.0,0.0,0.0,0.0,0.0,0.0,0.0,138.21,138.21,138.21,138.21,138.21,138.21,,,,3,6,6,138.21,0.0,SAME,1.0
BFAL,2024-06-07,138.21,138.21,138.21,138.21,138.21,138.21,0.0,0.0,0.0,0.0,0.0,0.0,0.0,0.0,138.21,138.21,138.21,138.20999973134116,138.2095248867693,138.11550733355062,0.0,0.0,0.0,0.0,0.0,0.0,0.0,0.0,0.0,138.21,138.21,138.21,138.21,138.21,138.21,,,,4,6,7,138.21,0.0,SAME,1.0
BFAL,2024-06-10,138.21,138.21,138.21,138.21,138.21,138.21,0.0,0.0,0.0,0.0,0.0,0.0,0.0,0.0,138.21,138.21,138.21,138.20999986567057,138.2096832578462,138.13268781835959,0.0,0.0,0.0,0.0,0.0,0.0,0.0,0.0,0.0,138.21,138.21,138.21,138.21,138.21,138.21,,,,0,6,10,138.21,0.0,SAME,1.0
BFAL,2024-06-11,138.21,138.21,138.21,138.21,138.21,138.21,0.0,0.0,0.0,0.0,0.0,0.0,0.0,0.0,138.21,138.21,138.21,138.20999993283527,138.20978883856415,138.14674457865783,0.0,0.0,0.0,0.0,0.0,0.0,0.0,0.0,0.0,138.21,138.21,138.21,138.21,138.21,138.21,,,,1,6,11,138.21,0.0,SAME,1.0
BFAL,2024-06-12,138.21,138.21,138.21,138.21,138.21,138.21,0.0,0.0,0.0,0.0,0.0,0.0,0.0,0.0,138.21,138.21,138.21,138.20999996641763,138.20985922570944,138.1582455643564,0.0,0.0,0.0,0.0,0.0,0.0,0.0,0.0,0.0,138.21,138.21,138.21,138.21,138.21,138.21,,,,2,6,12,138.21,0.0,SAME,1.0
BFAL,2024-06-13,138.21,138.21,138.21,138.21,138.21,138.21,0.0,0.0,0.0,0.0,0.0,0.0,0.0,0.0,138.21,138.21,138.21,138.20999998320883,138.20990615047296,138.16765546174614,0.0,0.0,0.0,0.0,0.0,0.0,0.0,0.0,0.0,138.21,138.21,138.21,138.21,138.21,138.21,,,,3,6,13,138.21,0.0,SAME,1.0
BFAL,2024-06-14,138.21,138.21,138.21,138.21,138.21,138.21,0.0,0.0,0.0,0.0,0.0,0.0,0.0,0.0,138.21,138.21,138.21,138.20999999160443,138.20993743364866,138.17535446870139,0.0,0.0,0.0,0.0,0.0,0.0,0.0,0.0,0.0,138.21,138.21,138.21,138.21,138.21,138.21,,,,4,6,14,138.21,0.0,SAME,1.0
BFAL,2024-06-17,138.21,138.21,138.21,138.21,138.21,138.21,0.0,0.0,0.0,0.0,0.0,0.0,0.0,0.0,138.21,138.21,138.21,138.2099999958022,138.20995828909912,138.18165365621022,0.0,0.0,0.0,0.0,0.0,0.0,0.0,0.0,0.0,138.21,138.21,138.21,138.21,138.21,138.21,,,,0,6,17,138.21,0.0,SAME,1.0
BFAL,2024-06-18,138.21,138.21,138.21,138.21,138.21,138.21,0.0,0.0,0.0,0.0,0.0,0.0,0.0,0.0,138.21,138.21,138.21,138.2099999979011,138.20997219273275,138.18680753689927,0.0,0.0,0.0,0.0,0.0,0.0,0.0,0.0,0.0,138.21,138.21,138.21,138.21,138.21,138.21,,,,1,6,18,138.21,0.0,SAME,1.0
BFAL,2024-06-19,138.21,138.21,138.21,138.21,138.21,138.21,0.0,0.0,0.0,0.0,0.0,0.0,0.0,0.0,138.21,138.21,138.21,138.20999999895054,138.20998146182185,138.1910243483721,0.0,0.0,0.0,0.0,0.0,0.0,0.0,0.0,0.0,138.21,138.21,138.21,138.21,138.21,138.21,,,,2,6,19,138.21,0.0,SAME,1.0
BFAL,2024-06-20,138.21,138.21,138.21,138.21,138.21,138.21,0.0,0.0,0.0,0.0,0.0,0.0,0.0,0.0,138.21,138.21,138.21,138.20999999947526,138.20998764121458,138.1944744668499,0.0,0.0,0.0,0.0,0.0,0.0,0.0,0.0,0.0,138.21,138.21,138.21,138.21,138.21,138.21,,,,3,6,20,138.21,0.0,SAME,1.0
BFAL,2024-06-21,138.21,138.21,138.21,138.21,138.21,138.21,0.0,0.0,0.0,0.0,0.0,0.0,0.0,0.0,138.21,138.21,138.21,138.20999999973765,138.20999176080974,138.19729729105902,0.0,0.0,0.0,0.0,0.0,0.0,0.0,0.0,0.0,138.21,138.21,138.21,138.21,138.21,138.21,,,,4,6,21,138.21,0.0,SAME,1.0
BFAL,2024-06-24,138.21,138.21,138.21,138.21,138.21,138.21,0.0,0.0,0.0,0.0,0.0,0.0,0.0,0.0,138.21,138.21,138.21,138.20999999986884,138.20999450720652,138.19960687450282,0.0,0.0,0.0,0.0,0.0,0.0,0.0,0.0,0.0,138.21,138.21,138.21,138.21,138.21,138.21,,,,0,6,24,138.21,0.0,SAME,1.0
BFAL,2024-06-25,138.21,138.21,138.21,138.21,138.21,138.21,0.0,0.0,0.0,0.0,0.0,0.0,0.0,0.0,138.21,138.21,138.21,138.20999999993444,138.2099963381377,138.20149653368412,0.0,0.0,0.0,0.0,0.0,0.0,0.0,0.0,0.0,138.21,138.21,138.21,138.21,138.21,138.21,,,,1,6,25,138.21,0.0,SAME,1.0
BFAL,2024-06-26,138.21,138.21,138.21,138.21,138.21,138.21,0.0,0.0,0.0,0.0,0.0,0.0,0.0,0.0,138.21,138.21,138.21,138.20999999996724,138.2099975587585,138.20304261846883,0.0,0.0,0.0,0.0,0.0,0.0,0.0,0.0,0.0,138.21,138.21,138.21,138.21,138.21,138.21,,,,2,6,26,138.21,0.0,SAME,1.0
BFAL,2024-06-27,138.21,138.21,138.21,138.21,138.21,138.21,0.0,0.0,0.0,0.0,0.0,0.0,0.0,0.0,138.21,138.21,138.21,138.2099999999836,138.20999837250568,138.20430759692903,0.0,0.0,0.0,0.0,0.0,0.0,0.0,0.0,0.0,138.21,138.21,138.21,138.21,138.21,138.21,,,,3,6,27,138.21,0.0,SAME,1.0
BFAL,2024-06-28,138.21,138.21,138.21,138.21,138.21,138.21,0.0,0.0,0.0,0.0,0.0,0.0,0.0,0.0,138.21,138.21,138.21,138.2099999999918,138.2099989150038,138.20534257930555,0.0,0.0,0.0,0.0,0.0,0.0,0.0,0.0,0.0,138.21,138.21,138.21,138.21,138.21,138.21,,,,4,6,28,138.21,0.0,SAME,1.0
BFAL,2024-07-01,138.21,138.21,138.21,138.21,138.21,138.21,0.0,0.0,0.0,0.0,0.0,0.0,0.0,0.0,138.21,138.21,138.21,138.2099999999959,138.2099992766692,138.20618938306816,0.0,0.0,0.0,0.0,0.0,0.0,0.0,0.0,0.0,138.21,138.21,138.21,138.21,138.21,138.21,,,,0,7,1,138.21,0.0,SAME,1.0
BFAL,2024-07-02,138.21,138.21,138.21,138.21,138.21,138.21,0.0,0.0,0.0,0.0,0.0,0.0,0.0,0.0,138.21,138.21,138.21,138.20999999999793,138.2099995177795,138.2068822225103,0.0,0.0,0.0,0.0,0.0,0.0,0.0,0.0,0.0,138.21,138.21,138.21,138.21,138.21,138.21,,,,1,7,2,138.21,0.0,SAME,1.0
BFAL,2024-07-03,138.21,138.21,138.21,138.21,138.21,138.21,0.0,0.0,0.0,0.0,0.0,0.0,0.0,0.0,138.21,138.21,138.21,138.20999999999896,138.20999967851967,138.20744909114478,0.0,0.0,0.0,0.0,0.0,0.0,0.0,0.0,0.0,138.21,138.21,138.21,138.21,138.21,138.21,,,,2,7,3,138.21,0.0,SAME,1.0
BFAL,2024-07-04,138.21,138.21,138.21,138.21,138.21,138.21,0.0,0.0,0.0,0.0,0.0,0.0,0.0,0.0,138.21,138.21,138.21,138.20999999999947,138.2099997856798,138.20791289275482,0.0,0.0,0.0,0.0,0.0,0.0,0.0,0.0,0.0,138.21,138.21,138.21,138.21,138.21,138.21,,,,3,7,4,138.21,0.0,SAME,1.0
BFAL,2024-07-05,138.21,138.21,138.21,138.21,138.21,138.21,0.0,0.0,0.0,0.0,0.0,0.0,0.0,0.0,138.21,138.21,138.21,138.20999999999975,138.20999985711987,138.20829236679938,0.0,0.0,0.0,0.0,0.0,0.0,0.0,0.0,0.0,138.21,138.21,138.21,138.21,138.21,138.21,,,,4,7,5,138.21,0.0,SAME,1.0
BFAL,2024-07-08,138.21,138.21,138.21,138.21,138.21,138.21,0.0,0.0,0.0,0.0,0.0,0.0,0.0,0.0,138.21,138.21,138.21,138.20999999999987,138.20999990474658,138.20860284556312,0.0,0.0,0.0,0.0,0.0,0.0,0.0,0.0,0.0,138.21,138.21,138.21,138.21,138.21,138.21,,,,0,7,8,138.21,0.0,SAME,1.0
BFAL,2024-07-09,138.21,138.21,138.21,138.21,138.21,138.21,0.0,0.0,0.0,0.0,0.0,0.0,0.0,0.0,138.21,138.21,138.21,138.20999999999992,138.20999993649772,138.20885687364256,0.0,0.0,0.0,0.0,0.0,0.0,0.0,0.0,0.0,138.21,138.21,138.21,138.21,138.21,138.21,,,,1,7,9,138.21,0.0,SAME,1.0
BFAL,2024-07-11,138.21,138.21,138.21,138.21,138.21,138.21,0.0,0.0,0.0,0.0,0.0,0.0,0.0,0.0,138.21,138.21,138.21,138.20999999999998,138.20999995766516,138.20906471479844,0.0,0.0,0.0,0.0,0.0,0.0,0.0,0.0,0.0,138.21,138.21,138.21,138.21,138.21,138.21,,,,3,7,11,138.21,0.0,SAME,1.0
BFAL,2024-07-12,138.21,138.21,138.21,138.21,138.21,138.21,0.0,0.0,0.0,0.0,0.0,0.0,0.0,0.0,138.21,138.21,138.21,138.20999999999998,138.2099999717768,138.20923476665328,0.0,0.0,0.0,0.0,0.0,0.0,0.0,0.0,0.0,138.21,138.21,138.21,138.21,138.21,138.21,,,,4,7,12,138.21,0.0,SAME,1.0
BFAL,2024-07-15,138.21,138.21,138.21,138.21,138.21,138.21,0.0,0.0,0.0,0.0,0.0,0.0,0.0,0.0,138.21,138.21,138.21,138.20999999999998,138.20999998118455,138.20937389998903,0.0,0.0,0.0,0.0,0.0,0.0,0.0,0.0,0.0,138.21,138.21,138.21,138.21,138.21,138.21,,,,0,7,15,138.21,0.0,SAME,1.0
BFAL,2024-07-16,138.21,138.21,138.21,138.21,138.21,138.21,0.0,0.0,0.0,0.0,0.0,0.0,0.0,0.0,138.21,138.21,138.21,138.20999999999998,138.20999998745637,138.20948773635465,0.0,0.0,0.0,0.0,0.0,0.0,0.0,0.0,0.0,138.21,138.21,138.21,138.21,138.21,138.21,,,,1,7,16,138.21,0.0,SAME,1.0
BFAL,2024-07-17,138.21,138.21,138.21,138.21,138.21,138.21,0.0,0.0,0.0,0.0,0.0,0.0,0.0,0.0,138.21,138.21,138.21,138.20999999999998,138.2099999916376,138.20958087519926,0.0,0.0,0.0,0.0,0.0,0.0,0.0,0.0,0.0,138.21,138.21,138.21,138.21,138.21,138.21,,,,2,7,17,138.21,0.0,SAME,1.0
BFAL,2024-07-18,138.21,138.21,138.21,138.21,138.21,138.21,0.0,0.0,0.0,0.0,0.0,0.0,0.0,0.0,138.21,138.21,138.21,138.20999999999998,138.2099999944251,138.20965707970848,0.0,0.0,0.0,0.0,0.0,0.0,0.0,0.0,0.0,138.21,138.21,138.21,138.21,138.21,138.21,,,,3,7,18,138.21,0.0,SAME,1.0
BFAL,2024-07-19,138.21,138.21,138.21,138.21,138.21,138.21,0.0,0.0,0.0,0.0,0.0,0.0,0.0,0.0,138.21,138.21,138.21,138.20999999999998,138.20999999628341,138.2097194288524,0.0,0.0,0.0,0.0,0.0,0.0,0.0,0.0,0.0,138.21,138.21,138.21,138.21,138.21,138.21,,,,4,7,19,138.21,0.0,SAME,1.0
BFAL,2024-07-22,138.21,138.21,138.21,138.21,138.21,138.21,0.0,0.0,0.0,0.0,0.0,0.0,0.0,0.0,138.21,138.21,138.21,138.20999999999998,138.2099999975223,138.20977044178832,0.0,0.0,0.0,0.0,0.0,0.0,0.0,0.0,0.0,138.21,138.21,138.21,138.21,138.21,138.21,,,,0,7,22,138.21,0.0,SAME,1.0
BFAL,2024-07-23,138.21,138.21,138.21,138.21,138.21,138.21,0.0,0.0,0.0,0.0,0.0,0.0,0.0,0.0,138.21,138.21,138.21,138.20999999999998,138.2099999983482,138.20981217964498,0.0,0.0,0.0,0.0,0.0,0.0,0.0,0.0,0.0,138.21,138.21,138.21,138.21,138.21,138.21,,,,1,7,23,138.21,0.0,SAME,1.0
BFAL,2024-07-24,138.21,138.21,138.21,138.21,138.21,138.21,0.0,0.0,0.0,0.0,0.0,0.0,0.0,0.0,138.21,138.21,138.21,138.20999999999998,138.2099999988988,138.20984632880044,0.0,0.0,0.0,0.0,0.0,0.0,0.0,0.0,0.0,138.21,138.21,138.21,138.21,138.21,138.21,,,,2,7,24,138.21,0.0,SAME,1.0
BFAL,2024-07-25,138.21,138.21,138.21,138.21,138.21,138.21,0.0,0.0,0.0,0.0,0.0,0.0,0.0,0.0,138.21,138.21,138.21,138.20999999999998,138.20999999926588,138.20987426901854,0.0,0.0,0.0,0.0,0.0,0.0,0.0,0.0,0.0,138.21,138.21,138.21,138.21,138.21,138.21,,,,3,7,25,138.21,0.0,SAME,1.0
BFAL,2024-07-26,138.21,138.21,138.21,138.21,138.21,138.21,0.0,0.0,0.0,0.0,0.0,0.0,0.0,0.0,138.21,138.21,138.21,138.20999999999998,138.2099999995106,138.20989712919697,0.0,0.0,0.0,0.0,0.0,0.0,0.0,0.0,0.0,138.21,138.21,138.21,138.21,138.21,138.21,,,,4,7,26,138.21,0.0,SAME,1.0
BFAL,2024-07-29,138.21,138.21,138.21,138.21,138.21,138.21,0.0,0.0,0.0,0.0,0.0,0.0,0.0,0.0,138.21,138.21,138.21,138.20999999999998,138.20999999967373,138.20991583297933,0.0,0.0,0.0,0.0,0.0,0.0,0.0,0.0,0.0,138.21,138.21,138.21,138.21,138.21,138.21,,,,0,7,29,138.21,0.0,SAME,1.0
BFAL,2024-07-30,138.21,138.21,138.21,138.21,138.21,138.21,0.0,0.0,0.0,0.0,0.0,0.0,0.0,0.0,138.21,138.21,138.21,138.20999999999998,138.2099999997825,138.209931136074,0.0,0.0,0.0,0.0,0.0,0.0,0.0,0.0,0.0,138.21,138.21,138.21,138.21,138.21,138.21,,,,1,7,30,138.21,0.0,SAME,1.0
BFAL,2024-07-31,138.21,138.21,138.21,138.21,138.21,138.21,0.0,0.0,0.0,0.0,0.0,0.0,0.0,0.0,138.21,138.21,138.21,138.20999999999998,138.209999999855,138.20994365678783,0.0,0.0,0.0,0.0,0.0,0.0,0.0,0.0,0.0,138.21,138.21,138.21,138.21,138.21,138.21,,,,2,7,31,138.21,0.0,SAME,1.0
BFAL,2024-08-01,138.21,138.21,138.21,138.21,138.21,138.21,0.0,0.0,0.0,0.0,0.0,0.0,0.0,0.0,138.21,138.21,138.21,138.20999999999998,138.20999999990335,138.20995390100822,0.0,0.0,0.0,0.0,0.0,0.0,0.0,0.0,0.0,138.21,138.21,138.21,138.21,138.21,138.21,,,,3,8,1,138.21,0.0,SAME,1.0
BFAL,2024-08-02,138.21,138.21,138.21,138.21,138.21,138.21,0.0,0.0,0.0,0.0,0.0,0.0,0.0,0.0,138.21,138.21,138.21,138.20999999999998,138.20999999993558,138.2099622826431,0.0,0.0,0.0,0.0,0.0,0.0,0.0,0.0,0.0,138.21,138.21,138.21,138.21,138.21,138.21,,,,4,8,2,138.21,0.0,SAME,1.0
BFAL,2024-08-05,138.21,138.21,138.21,138.21,138.21,138.21,0.0,0.0,0.0,0.0,0.0,0.0,0.0,0.0,138.21,138.21,138.21,138.20999999999998,138.20999999995706,138.20996914034436,0.0,0.0,0.0,0.0,0.0,0.0,0.0,0.0,0.0,138.21,138.21,138.21,138.21,138.21,138.21,,,,0,8,5,138.21,0.0,SAME,1.0
BFAL,2024-08-06,138.21,138.21,138.21,138.21,138.21,138.21,0.0,0.0,0.0,0.0,0.0,0.0,0.0,0.0,138.21,138.21,138.21,138.20999999999998,138.2099999999714,138.20997475119083,0.0,0.0,0.0,0.0,0.0,0.0,0.0,0.0,0.0,138.21,138.21,138.21,138.21,138.21,138.21,,,,1,8,6,138.21,0.0,SAME,1.0
BFAL,2024-08-07,138.21,138.21,138.21,138.21,138.21,138.21,0.0,0.0,0.0,0.0,0.0,0.0,0.0,0.0,138.21,138.21,138.21,138.20999999999998,138.20999999998094,138.2099793418834,0.0,0.0,0.0,0.0,0.0,0.0,0.0,0.0,0.0,138.21,138.21,138.21,138.21,138.21,138.21,,,,2,8,7,138.21,0.0,SAME,1.0
BFAL,2024-08-08,138.21,138.21,138.21,138.21,138.21,138.21,0.0,0.0,0.0,0.0,0.0,0.0,0.0,0.0,138.21,138.21,138.21,138.20999999999998,138.2099999999873,138.2099830979046,0.0,0.0,0.0,0.0,0.0,0.0,0.0,0.0,0.0,138.21,138.21,138.21,138.21,138.21,138.21,,,,3,8,8,138.21,0.0,SAME,1.0
BFAL,2024-08-09,138.21,138.21,138.21,138.21,138.21,138.21,0.0,0.0,0.0,0.0,0.0,0.0,0.0,0.0,138.21,138.21,138.21,138.20999999999998,138.20999999999154,138.20998617101284,0.0,0.0,0.0,0.0,0.0,0.0,0.0,0.0,0.0,138.21,138.21,138.21,138.21,138.21,138.21,,,,4,8,9,138.21,0.0,SAME,1.0
BFAL,2024-08-12,138.21,138.21,138.21,138.21,138.21,138.21,0.0,0.0,0.0,0.0,0.0,0.0,0.0,0.0,138.21,138.21,138.21,138.20999999999998,138.20999999999438,138.20998868537413,0.0,0.0,0.0,0.0,0.0,0.0,0.0,0.0,0.0,138.21,138.21,138.21,138.21,138.21,138.21,,,,0,8,12,138.21,0.0,SAME,1.0
BFAL,2024-08-13,138.21,138.21,138.21,138.21,138.21,138.21,0.0,0.0,0.0,0.0,0.0,0.0,0.0,0.0,138.21,138.21,138.21,138.20999999999998,138.20999999999626,138.20999074257884,0.0,0.0,0.0,0.0,0.0,0.0,0.0,0.0,0.0,138.21,138.21,138.21,138.21,138.21,138.21,,,,1,8,13,138.21,0.0,SAME,1.0
BFAL,2024-08-14,138.21,138.21,138.21,138.21,138.21,138.21,0.0,0.0,0.0,0.0,0.0,0.0,0.0,0.0,138.21,138.21,138.21,138.20999999999998,138.2099999999975,138.20999242574632,0.0,0.0,0.0,0.0,0.0,0.0,0.0,0.0,0.0,138.21,138.21,138.21,138.21,138.21,138.21,,,,2,8,14,138.21,0.0,SAME,1.0
BFAL,2024-08-15,138.21,138.21,138.21,138.21,138.21,138.21,0.0,0.0,0.0,0.0,0.0,0.0,0.0,0.0,138.21,138.21,138.21,138.20999999999998,138.20999999999836,138.20999380288336,0.0,0.0,0.0,0.0,0.0,0.0,0.0,0.0,0.0,138.21,138.21,138.21,138.21,138.21,138.21,,,,3,8,15,138.21,0.0,SAME,1.0
BFAL,2024-08-16,138.21,138.21,138.21,138.21,138.21,138.21,0.0,0.0,0.0,0.0,0.0,0.0,0.0,0.0,138.21,138.21,138.21,138.20999999999998,138.20999999999893,138.20999492963185,0.0,0.0,0.0,0.0,0.0,0.0,0.0,0.0,0.0,138.21,138.21,138.21,138.21,138.21,138.21,,,,4,8,16,138.21,0.0,SAME,1.0
BFAL,2024-08-19,138.21,138.21,138.21,138.21,138.21,138.21,0.0,0.0,0.0,0.0,0.0,0.0,0.0,0.0,138.21,138.21,138.21,138.20999999999998,138.2099999999993,138.20999585151696,0.0,0.0,0.0,0.0,0.0,0.0,0.0,0.0,0.0,138.21,138.21,138.21,138.21,138.21,138.21,,,,0,8,19,138.21,0.0,SAME,1.0
BFAL,2024-08-20,138.21,138.21,138.21,138.21,138.21,138.21,0.0,0.0,0.0,0.0,0.0,0.0,0.0,0.0,138.21,138.21,138.21,138.20999999999998,138.20999999999955,138.2099966057866,0.0,0.0,0.0,0.0,0.0,0.0,0.0,0.0,0.0,138.21,138.21,138.21,138.21,138.21,138.21,,,,1,8,20,138.21,0.0,SAME,1.0
BFAL,2024-08-21,138.21,138.21,138.21,138.21,138.21,138.21,0.0,0.0,0.0,0.0,0.0,0.0,0.0,0.0,138.21,138.21,138.21,138.20999999999998,138.20999999999972,138.20999722291631,0.0,0.0,0.0,0.0,0.0,0.0,0.0,0.0,0.0,138.21,138.21,138.21,138.21,138.21,138.21,,,,2,8,21,138.21,0.0,SAME,1.0
BFAL,2024-08-22,138.21,138.21,138.21,138.21,138.21,138.21,0.0,0.0,0.0,0.0,0.0,0.0,0.0,0.0,138.21,138.21,138.21,138.20999999999998,138.20999999999984,138.20999772784063,0.0,0.0,0.0,0.0,0.0,0.0,0.0,0.0,0.0,138.21,138.21,138.21,138.21,138.21,138.21,,,,3,8,22,138.21,0.0,SAME,1.0
BFAL,2024-08-23,138.21,138.21,138.21,138.21,138.21,138.21,0.0,0.0,0.0,0.0,0.0,0.0,0.0,0.0,138.21,138.21,138.21,138.20999999999998,138.2099999999999,138.20999814096052,0.0,0.0,0.0,0.0,0.0,0.0,0.0,0.0,0.0,138.21,138.21,138.21,138.21,138.21,138.21,,,,4,8,23,138.21,0.0,SAME,1.0
BFAL,2024-08-26,138.21,138.21,138.21,138.21,138.21,138.21,0.0,0.0,0.0,0.0,0.0,0.0,0.0,0.0,138.21,138.21,138.21,138.20999999999998,138.20999999999995,138.2099984789677,0.0,0.0,0.0,0.0,0.0,0.0,0.0,0.0,0.0,138.21,138.21,138.21,138.21,138.21,138.21,,,,0,8,26,138.21,0.0,SAME,1.0
BFAL,2024-08-27,138.21,138.21,138.21,138.21,138.21,138.21,0.0,0.0,0.0,0.0,0.0,0.0,0.0,0.0,138.21,138.21,138.21,138.20999999999998,138.20999999999998,138.20999875551902,0.0,0.0,0.0,0.0,0.0,0.0,0.0,0.0,0.0,138.21,138.21,138.21,138.21,138.21,138.21,,,,1,8,27,138.21,0.0,SAME,1.0
BFAL,2024-08-28,138.21,138.21,138.21,138.21,138.21,138.21,0.0,0.0,0.0,0.0,0.0,0.0,0.0,0.0,138.21,138.21,138.21,138.20999999999998,138.21,138.2099989817883,0.0,0.0,0.0,0.0,0.0,0.0,0.0,0.0,0.0,138.21,138.21,138.21,138.21,138.21,138.21,,,,2,8,28,138.21,0.0,SAME,1.0
BFAL,2024-08-29,138.21,138.21,138.21,138.21,138.21,138.21,0.0,0.0,0.0,0.0,0.0,0.0,0.0,0.0,138.21,138.21,138.21,138.20999999999998,138.21,138.2099991669177,0.0,0.0,0.0,0.0,0.0,0.0,0.0,0.0,0.0,138.21,138.21,138.21,138.21,138.21,138.21,,,,3,8,29,138.21,0.0,SAME,1.0
BFAL,2024-08-30,138.21,138.21,138.21,138.21,138.21,138.21,0.0,0.0,0.0,0.0,0.0,0.0,0.0,0.0,138.21,138.21,138.21,138.20999999999998,138.21,138.2099993183872,0.0,0.0,0.0,0.0,0.0,0.0,0.0,0.0,0.0,138.21,138.21,138.21,138.21,138.21,138.21,,,,4,8,30,138.21,0.0,SAME,1.0
BFAL,2024-09-02,138.21,138.21,138.21,138.21,138.21,138.21,0.0,0.0,0.0,0.0,0.0,0.0,0.0,0.0,138.21,138.21,138.21,138.20999999999998,138.21,138.20999944231679,0.0,0.0,0.0,0.0,0.0,0.0,0.0,0.0,0.0,138.21,138.21,138.21,138.21,138.21,138.21,,,,0,9,2,138.21,0.0,SAME,1.0
BFAL,2024-09-03,138.21,138.21,138.21,138.21,138.21,138.21,0.0,0.0,0.0,0.0,0.0,0.0,0.0,0.0,138.21,138.21,138.21,138.20999999999998,138.21,138.20999954371374,0.0,0.0,0.0,0.0,0.0,0.0,0.0,0.0,0.0,138.21,138.21,138.21,138.21,138.21,138.21,,,,1,9,3,138.21,0.0,SAME,1.0
BFAL,2024-09-04,138.21,138.21,138.21,138.21,138.21,138.21,0.0,0.0,0.0,0.0,0.0,0.0,0.0,0.0,138.21,138.21,138.21,138.20999999999998,138.21,138.20999962667486,0.0,0.0,0.0,0.0,0.0,0.0,0.0,0.0,0.0,138.21,138.21,138.21,138.21,138.21,138.21,,,,2,9,4,138.21,0.0,SAME,1.0
BFAL,2024-09-05,138.21,138.21,138.21,138.21,138.21,138.21,0.0,0.0,0.0,0.0,0.0,0.0,0.0,0.0,138.21,138.21,138.21,138.20999999999998,138.21,138.20999969455215,0.0,0.0,0.0,0.0,0.0,0.0,0.0,0.0,0.0,138.21,138.21,138.21,138.21,138.21,138.21,,,,3,9,5,138.21,0.0,SAME,1.0
BFAL,2024-09-06,138.21,138.21,138.21,138.21,138.21,138.21,0.0,0.0,0.0,0.0,0.0,0.0,0.0,0.0,138.21,138.21,138.21,138.20999999999998,138.21,138.20999975008812,0.0,0.0,0.0,0.0,0.0,0.0,0.0,0.0,0.0,138.21,138.21,138.21,138.21,138.21,138.21,,,,4,9,6,138.21,0.0,SAME,1.0
BFAL,2024-09-10,138.21,138.21,138.21,138.21,138.21,138.21,0.0,0.0,0.0,0.0,0.0,0.0,0.0,0.0,138.21,138.21,138.21,138.20999999999998,138.21,138.20999979552664,0.0,0.0,0.0,0.0,0.0,0.0,0.0,0.0,0.0,138.21,138.21,138.21,138.21,138.21,138.21,,,,1,9,10,138.21,0.0,SAME,1.0
BFAL,2024-09-11,138.21,138.21,138.21,138.21,138.21,138.21,0.0,0.0,0.0,0.0,0.0,0.0,0.0,0.0,138.21,138.21,138.21,138.20999999999998,138.21,138.2099998327036,0.0,0.0,0.0,0.0,0.0,0.0,0.0,0.0,0.0,138.21,138.21,138.21,138.21,138.21,138.21,,,,2,9,11,138.21,0.0,SAME,1.0
BFAL,2024-09-12,138.21,138.21,138.21,138.21,138.21,138.21,0.0,0.0,0.0,0.0,0.0,0.0,0.0,0.0,138.21,138.21,138.21,138.20999999999998,138.21,138.2099998631211,0.0,0.0,0.0,0.0,0.0,0.0,0.0,0.0,0.0,138.21,138.21,138.21,138.21,138.21,138.21,,,,3,9,12,138.21,0.0,SAME,1.0
BFAL,2024-09-16,138.21,138.21,138.21,138.21,138.21,138.21,0.0,0.0,0.0,0.0,0.0,0.0,0.0,0.0,138.21,138.21,138.21,138.20999999999998,138.21,138.20999988800818,0.0,0.0,0.0,0.0,0.0,0.0,0.0,0.0,0.0,138.21,138.21,138.21,138.21,138.21,138.21,,,,0,9,16,158.94,20.72999999999999,UP,2.0
BFAL,2024-09-17,158.94,138.21,138.21,138.21,138.21,138.21,20.72999999999999,20.72999999999999,20.72999999999999,0.14998914695029297,0.14998914695029297,0.14998914695029297,0.13975250489609797,0.13975250489609797,145.12,142.356,140.28300000000002,148.575,145.12,141.97909081746124,0.08659627436727407,0.06707718569361207,0.04743073286686236,20.72999999999999,0.14998914695029295,20.72999999999999,0.14998914695029295,20.72999999999999,0.14998914695029295,138.21,158.94,138.21,158.94,138.21,158.94,1.0,1.0,1.0,1,9,17,158.94,0.0,SAME,1.0
BFAL,2024-09-18,158.94,158.94,138.21,138.21,138.21,138.21,0.0,20.72999999999999,20.72999999999999,0.0,0.14998914695029297,0.14998914695029297,0.0,0.13975250489609797,152.02999999999997,146.502,142.356,153.7575,149.7266666666667,145.06289248701373,0.08659627436727407,0.06707718569361207,0.04743073286686236,20.72999999999999,0.14998914695029295,20.72999999999999,0.14998914695029295,20.72999999999999,0.14998914695029295,138.21,158.94,138.21,158.94,138.21,158.94,1.0,1.0,1.0,2,9,18,158.94,0.0,SAME,1.0
BFAL,2024-09-19,158.94,158.94,158.94,138.21,138.21,138.21,0.0,0.0,20.72999999999999,0.0,0.0,0.14998914695029297,0.0,0.0,158.94,150.648,144.429,156.34875,152.7977777777778,147.5860029439203,0.08659627436727407,0.06707718569361207,0.04743073286686236,20.72999999999999,0.14998914695029295,20.72999999999999,0.14998914695029295,20.72999999999999,0.14998914695029295,158.94,158.94,138.21,158.94,138.21,158.94,,1.0,1.0,3,9,19,158.94,0.0,SAME,1.0
BFAL,2024-09-20,158.94,158.94,158.94,158.94,138.21,138.21,0.0,0.0,0.0,0.0,0.0,0.0,0.0,0.0,158.94,154.794,146.502,157.644375,154.84518518518522,149.6503660450257,0.0,0.06707718569361207,0.04743073286686236,0.0,0.0,20.72999999999999,0.14998914695029295,20.72999999999999,0.14998914695029295,158.94,158.94,138.21,158.94,138.21,158.94,,1.0,1.0,4,9,20,158.94,0.0,SAME,1.0
BFAL,2024-09-24,158.94,158.94,158.94,158.94,138.21,138.21,0.0,0.0,0.0,0.0,0.0,0.0,0.0,0.0,158.94,158.94,148.575,158.2921875,156.21012345679014,151.33939040047557,0.0,0.06707718569361207,0.04743073286686236,0.0,0.0,20.72999999999999,0.14998914695029295,20.72999999999999,0.14998914695029295,158.94,158.94,158.94,158.94,138.21,158.94,,,1.0,1,9,24,158.94,0.0,SAME,1.0
BFAL,2024-09-25,158.94,158.94,158.94,158.94,158.94,138.21,0.0,0.0,0.0,0.0,0.0,0.0,0.0,0.0,158.94,158.94,150.648,158.61609375,157.12008230452676,152.7213194185709,0.0,0.0,0.04743073286686236,0.0,0.0,0.0,0.0,20.72999999999999,0.14998914695029295,158.94,158.94,158.94,158.94,138.21,158.94,,,1.0,2,9,25,158.94,0.0,SAME,1.0
BFAL,2024-09-26,158.94,158.94,158.94,158.94,158.94,138.21,0.0,0.0,0.0,0.0,0.0,0.0,0.0,0.0,158.94,158.94,152.721,158.778046875,157.7267215363512,153.8519886151944,0.0,0.0,0.04743073286686236,0.0,0.0,0.0,0.0,20.72999999999999,0.14998914695029295,158.94,158.94,158.94,158.94,138.21,158.94,,,1.0,3,9,26,158.94,0.0,SAME,1.0
BFAL,2024-09-27,158.94,158.94,158.94,158.94,158.94,138.21,0.0,0.0,0.0,0.0,0.0,0.0,0.0,0.0,158.94,158.94,154.794,158.8590234375,158.1311476909008,154.77708159424995,0.0,0.0,0.04743073286686236,0.0,0.0,0.0,0.0,20.72999999999999,0.14998914695029295,158.94,158.94,158.94,158.94,138.21,158.94,,,1.0,4,9,27,158.94,0.0,SAME,1.0
BFAL,2024-09-30,158.94,158.94,158.94,158.94,158.94,138.21,0.0,0.0,0.0,0.0,0.0,0.0,0.0,0.0,158.94,158.94,156.86700000000002,158.89951171875,158.40076512726722,155.53397584984086,0.0,0.0,0.04743073286686236,0.0,0.0,0.0,0.0,20.72999999999999,0.14998914695029295,158.94,158.94,158.94,158.94,138.21,158.94,,,1.0,0,9,30,158.94,0.0,SAME,1.0
BFAL,2024-10-01,158.94,158.94,158.94,158.94,158.94,138.21,0.0,0.0,0.0,0.0,0.0,0.0,0.0,0.0,158.94,158.94,158.94,158.91975585937502,158.58051008484483,156.1532529680516,0.0,0.0,0.04743073286686236,0.0,0.0,0.0,0.0,20.72999999999999,0.14998914695029295,158.94,158.94,158.94,158.94,158.94,158.94,,,,1,10,1,158.94,0.0,SAME,1.0
BFAL,2024-10-02,158.94,158.94,158.94,158.94,158.94,158.94,0.0,0.0,0.0,0.0,0.0,0.0,0.0,0.0,158.94,158.94,158.94,158.9298779296875,158.70034005656322,156.65993424658765,0.0,0.0,0.0,0.0,0.0,0.0,0.0,0.0,0.0,158.94,158.94,158.94,158.94,158.94,158.94,,,,2,10,2,158.94,0.0,SAME,1.0
BFAL,2024-10-03,158.94,158.94,158.94,158.94,158.94,158.94,0.0,0.0,0.0,0.0,0.0,0.0,0.0,0.0,158.94,158.94,158.94,158.93493896484375,158.78022670437548,157.074491656299,0.0,0.0,0.0,0.0,0.0,0.0,0.0,0.0,0.0,158.94,158.94,158.94,158.94,158.94,158.94,,,,3,10,3,158.94,0.0,SAME,1.0
BFAL,2024-10-04,158.94,158.94,158.94,158.94,158.94,158.94,0.0,0.0,0.0,0.0,0.0,0.0,0.0,0.0,158.94,158.94,158.94,158.93746948242188,158.83348446958365,157.41367499151735,0.0,0.0,0.0,0.0,0.0,0.0,0.0,0.0,0.0,158.94,158.94,158.94,158.94,158.94,158.94,,,,4,10,4,158.94,0.0,SAME,1.0
BFAL,2024-10-07,158.94,158.94,158.94,158.94,158.94,158.94,0.0,0.0,0.0,0.0,0.0,0.0,0.0,0.0,158.94,158.94,158.94,158.93873474121094,158.8689896463891,157.6911886294233,0.0,0.0,0.0,0.0,0.0,0.0,0.0,0.0,0.0,158.94,158.94,158.94,158.94,158.94,158.94,,,,0,10,7,158.94,0.0,SAME,1.0
BFAL,2024-10-08,158.94,158.94,158.94,158.94,158.94,158.94,0.0,0.0,0.0,0.0,0.0,0.0,0.0,0.0,158.94,158.94,158.94,158.93936737060545,158.8926597642594,157.9182452422554,0.0,0.0,0.0,0.0,0.0,0.0,0.0,0.0,0.0,158.94,158.94,158.94,158.94,158.94,158.94,,,,1,10,8,158.94,0.0,SAME,1.0
BFAL,2024-10-09,158.94,158.94,158.94,158.94,158.94,158.94,0.0,0.0,0.0,0.0,0.0,0.0,0.0,0.0,158.94,158.94,158.94,158.93968368530273,158.9084398428396,158.1040188345726,0.0,0.0,0.0,0.0,0.0,0.0,0.0,0.0,0.0,158.94,158.94,158.94,158.94,158.94,158.94,,,,2,10,9,158.94,0.0,SAME,1.0
BFAL,2024-10-10,158.94,158.94,158.94,158.94,158.94,158.94,0.0,0.0,0.0,0.0,0.0,0.0,0.0,0.0,158.94,158.94,158.94,158.93984184265136,158.9189598952264,158.25601541010485,0.0,0.0,0.0,0.0,0.0,0.0,0.0,0.0,0.0,158.94,158.94,158.94,158.94,158.94,158.94,,,,3,10,10,158.94,0.0,SAME,1.0
BFAL,2024-10-11,158.94,158.94,158.94,158.94,158.94,158.94,0.0,0.0,0.0,0.0,0.0,0.0,0.0,0.0,158.94,158.94,158.94,158.93992092132567,158.92597326348428,158.38037624463124,0.0,0.0,0.0,0.0,0.0,0.0,0.0,0.0,0.0,158.94,158.94,158.94,158.94,158.94,158.94,,,,4,10,11,158.94,0.0,SAME,1.0
BFAL,2024-10-14,158.94,158.94,158.94,158.94,158.94,158.94,0.0,0.0,0.0,0.0,0.0,0.0,0.0,0.0,158.94,158.94,158.94,158.93996046066283,158.93064884232285,158.48212601833464,0.0,0.0,0.0,0.0,0.0,0.0,0.0,0.0,0.0,158.94,158.94,158.94,158.94,158.94,158.94,,,,0,10,14,158.94,0.0,SAME,1.0
BFAL,2024-10-15,158.94,158.94,158.94,158.94,158.94,158.94,0.0,0.0,0.0,0.0,0.0,0.0,0.0,0.0,158.94,158.94,158.94,158.9399802303314,158.9337658948819,158.56537583318288,0.0,0.0,0.0,0.0,0.0,0.0,0.0,0.0,0.0,158.94,158.94,158.94,158.94,158.94,158.94,,,,1,10,15,158.94,0.0,SAME,1.0
BFAL,2024-10-16,158.94,158.94,158.94,158.94,158.94,158.94,0.0,0.0,0.0,0.0,0.0,0.0,0.0,0.0,158.94,158.94,158.94,158.9399901151657,158.93584392992128,158.6334893180587,0.0,0.0,0.0,0.0,0.0,0.0,0.0,0.0,0.0,158.94,158.94,158.94,158.94,158.94,158.94,,,,2,10,16,158.94,0.0,SAME,1.0
BFAL,2024-10-17,158.94,158.94,158.94,158.94,158.94,158.94,0.0,0.0,0.0,0.0,0.0,0.0,0.0,0.0,158.94,158.94,158.94,158.93999505758285,158.93722928661418,158.6892185329571,0.0,0.0,0.0,0.0,0.0,0.0,0.0,0.0,0.0,158.94,158.94,158.94,158.94,158.94,158.94,,,,3,10,17,158.94,0.0,SAME,1.0
BFAL,2024-10-18,158.94,158.94,158.94,158.94,158.94,158.94,0.0,0.0,0.0,0.0,0.0,0.0,0.0,0.0,158.94,158.94,158.94,158.93999752879142,158.9381528577428,158.73481516332853,0.0,0.0,0.0,0.0,0.0,0.0,0.0,0.0,0.0,158.94,158.94,158.94,158.94,158.94,158.94,,,,4,10,18,158.94,0.0,SAME,1.0
BFAL,2024-10-21,158.94,158.94,158.94,158.94,158.94,158.94,0.0,0.0,0.0,0.0,0.0,0.0,0.0,0.0,158.94,158.94,158.94,158.9399987643957,158.93876857182855,158.77212149726878,0.0,0.0,0.0,0.0,0.0,0.0,0.0,0.0,0.0,158.94,158.94,158.94,158.94,158.94,158.94,,,,0,10,21,158.94,0.0,SAME,1.0
BFAL,2024-10-22,158.94,158.94,158.94,158.94,158.94,158.94,0.0,0.0,0.0,0.0,0.0,0.0,0.0,0.0,158.94,158.94,158.94,158.93999938219787,158.93917904788572,158.80264486140172,0.0,0.0,0.0,0.0,0.0,0.0,0.0,0.0,0.0,158.94,158.94,158.94,158.94,158.94,158.94,,,,1,10,22,158.94,0.0,SAME,1.0
BFAL,2024-10-23,158.94,158.94,158.94,158.94,158.94,158.94,0.0,0.0,0.0,0.0,0.0,0.0,0.0,0.0,158.94,158.94,158.94,158.93999969109893,158.9394526985905,158.82761852296503,0.0,0.0,0.0,0.0,0.0,0.0,0.0,0.0,0.0,158.94,158.94,158.94,158.94,158.94,158.94,,,,2,10,23,158.94,0.0,SAME,1.0
BFAL,2024-10-24,158.94,158.94,158.94,158.94,158.94,158.94,0.0,0.0,0.0,0.0,0.0,0.0,0.0,0.0,158.94,158.94,158.94,158.93999984554947,158.93963513239368,158.84805151878956,0.0,0.0,0.0,0.0,0.0,0.0,0.0,0.0,0.0,158.94,158.94,158.94,158.94,158.94,158.94,,,,3,10,24,158.94,0.0,SAME,1.0
BFAL,2024-10-25,158.94,158.94,158.94,158.94,158.94,158.94,0.0,0.0,0.0,0.0,0.0,0.0,0.0,0.0,158.94,158.94,158.94,158.93999992277475,158.93975675492914,158.86476942446419,0.0,0.0,0.0,0.0,0.0,0.0,0.0,0.0,0.0,158.94,158.94,158.94,158.94,158.94,158.94,,,,4,10,25,158.94,0.0,SAME,1.0
BFAL,2024-10-28,158.94,158.94,158.94,158.94,158.94,158.94,0.0,0.0,0.0,0.0,0.0,0.0,0.0,0.0,158.94,158.94,158.94,158.93999996138737,158.93983783661943,158.87844771092523,0.0,0.0,0.0,0.0,0.0,0.0,0.0,0.0,0.0,158.94,158.94,158.94,158.94,158.94,158.94,,,,0,10,28,158.94,0.0,SAME,1.0
BFAL,2024-10-29,158.94,158.94,158.94,158.94,158.94,158.94,0.0,0.0,0.0,0.0,0.0,0.0,0.0,0.0,158.94,158.94,158.94,158.9399999806937,158.93989189107964,158.88963903621155,0.0,0.0,0.0,0.0,0.0,0.0,0.0,0.0,0.0,158.94,158.94,158.94,158.94,158.94,158.94,,,,1,10,29,158.94,0.0,SAME,1.0
BFAL,2024-10-30,158.94,158.94,158.94,158.94,158.94,158.94,0.0,0.0,0.0,0.0,0.0,0.0,0.0,0.0,158.94,158.94,158.94,158.93999999034685,158.93992792738644,158.89879557508218,0.0,0.0,0.0,0.0,0.0,0.0,0.0,0.0,0.0,158.94,158.94,158.94,158.94,158.94,158.94,,,,2,10,30,158.94,0.0,SAME,1.0
BFAL,2024-10-31,158.94,158.94,158.94,158.94,158.94,158.94,0.0,0.0,0.0,0.0,0.0,0.0,0.0,0.0,158.94,158.94,158.94,158.93999999517342,158.93995195159096,158.9062872887036,0.0,0.0,0.0,0.0,0.0,0.0,0.0,0.0,0.0,158.94,158.94,158.94,158.94,158.94,158.94,,,,3,10,31,158.94,0.0,SAME,1.0
BFAL,2024-11-04,158.94,158.94,158.94,158.94,158.94,158.94,0.0,0.0,0.0,0.0,0.0,0.0,0.0,0.0,158.94,158.94,158.94,158.9399999975867,158.9399679677273,158.91241687257568,0.0,0.0,0.0,0.0,0.0,0.0,0.0,0.0,0.0,158.94,158.94,158.94,158.94,158.94,158.94,,,,0,11,4,158.94,0.0,SAME,1.0
BFAL,2024-11-05,158.94,158.94,158.94,158.94,158.94,158.94,0.0,0.0,0.0,0.0,0.0,0.0,0.0,0.0,158.94,158.94,158.94,158.93999999879335,158.93997864515154,158.91743198665282,0.0,0.0,0.0,0.0,0.0,0.0,0.0,0.0,0.0,158.94,158.94,158.94,158.94,158.94,158.94,,,,1,11,5,158.94,0.0,SAME,1.0
BFAL,2024-11-06,158.94,158.94,158.94,158.94,158.94,158.94,0.0,0.0,0.0,0.0,0.0,0.0,0.0,0.0,158.94,158.94,158.94,158.93999999939666,158.93998576343438,158.92153526180684,0.0,0.0,0.0,0.0,0.0,0.0,0.0,0.0,0.0,158.94,158.94,158.94,158.94,158.94,158.94,,,,2,11,6,158.94,0.0,SAME,1.0
BFAL,2024-11-07,158.94,158.94,158.94,158.94,158.94,158.94,0.0,0.0,0.0,0.0,0.0,0.0,0.0,0.0,158.94,158.94,158.94,158.93999999969833,158.93999050895627,158.92489248693286,0.0,0.0,0.0,0.0,0.0,0.0,0.0,0.0,0.0,158.94,158.94,158.94,158.94,158.94,158.94,,,,3,11,7,158.94,0.0,SAME,1.0
BFAL,2024-11-08,158.94,158.94,158.94,158.94,158.94,158.94,0.0,0.0,0.0,0.0,0.0,0.0,0.0,0.0,158.94,158.94,158.94,158.93999999984916,158.9399936726375,158.92763930749052,0.0,0.0,0.0,0.0,0.0,0.0,0.0,0.0,0.0,158.94,158.94,158.94,158.94,158.94,158.94,,,,4,11,8,158.94,0.0,SAME,1.0
BFAL,2024-11-12,158.94,158.94,158.94,158.94,158.94,158.94,0.0,0.0,0.0,0.0,0.0,0.0,0.0,0.0,158.94,158.94,158.94,158.93999999992457,158.93999578175834,158.9298867061286,0.0,0.0,0.0,0.0,0.0,0.0,0.0,0.0,0.0,158.94,158.94,158.94,158.94,158.94,158.94,,,,1,11,12,158.94,0.0,SAME,1.0
BFAL,2024-11-13,158.94,158.94,158.94,158.94,158.94,158.94,0.0,0.0,0.0,0.0,0.0,0.0,0.0,0.0,158.94,158.94,158.94,158.93999999996228,158.9399971878389,158.93172548683248,0.0,0.0,0.0,0.0,0.0,0.0,0.0,0.0,0.0,158.94,158.94,158.94,158.94,158.94,158.94,,,,2,11,13,158.94,0.0,SAME,1.0
BFAL,2024-11-14,158.94,158.94,158.94,158.94,158.94,158.94,0.0,0.0,0.0,0.0,0.0,0.0,0.0,0.0,158.94,158.94,158.94,158.93999999998113,158.93999812522594,158.93322994377203,0.0,0.0,0.0,0.0,0.0,0.0,0.0,0.0,0.0,158.94,158.94,158.94,158.94,158.94,158.94,,,,3,11,14,158.94,0.0,SAME,1.0
BFAL,2024-11-15,158.94,158.94,158.94,158.94,158.94,158.94,0.0,0.0,0.0,0.0,0.0,0.0,0.0,0.0,158.94,158.94,158.94,158.93999999999056,158.93999875015064,158.9344608630862,0.0,0.0,0.0,0.0,0.0,0.0,0.0,0.0,0.0,158.94,158.94,158.94,158.94,158.94,158.94,,,,4,11,15,158.94,0.0,SAME,1.0
BFAL,2024-11-18,158.94,158.94,158.94,158.94,158.94,158.94,0.0,0.0,0.0,0.0,0.0,0.0,0.0,0.0,158.94,158.94,158.94,158.93999999999528,158.9399991667671,158.9354679788887,0.0,0.0,0.0,0.0,0.0,0.0,0.0,0.0,0.0,158.94,158.94,158.94,158.94,158.94,158.94,,,,0,11,18,158.94,0.0,SAME,1.0
BFAL,2024-11-19,158.94,158.94,158.94,158.94,158.94,158.94,0.0,0.0,0.0,0.0,0.0,0.0,0.0,0.0,158.94,158.94,158.94,158.93999999999764,158.93999944451141,158.9362919827271,0.0,0.0,0.0,0.0,0.0,0.0,0.0,0.0,0.0,158.94,158.94,158.94,158.94,158.94,158.94,,,,1,11,19,158.94,0.0,SAME,1.0
BFAL,2024-11-20,158.94,158.94,158.94,158.94,158.94,158.94,0.0,0.0,0.0,0.0,0.0,0.0,0.0,0.0,158.94,158.94,158.94,158.9399999999988,158.93999962967428,158.93696616768582,0.0,0.0,0.0,0.0,0.0,0.0,0.0,0.0,0.0,158.94,158.94,158.94,158.94,158.94,158.94,,,,2,11,20,158.94,0.0,SAME,1.0
BFAL,2024-11-21,158.94,158.94,158.94,158.94,158.94,158.94,0.0,0.0,0.0,0.0,0.0,0.0,0.0,0.0,158.94,158.94,158.94,158.9399999999994,158.93999975311618,158.93751777356113,0.0,0.0,0.0,0.0,0.0,0.0,0.0,0.0,0.0,158.94,158.94,158.94,158.94,158.94,158.94,,,,3,11,21,158.94,0.0,SAME,1.0
BFAL,2024-11-22,158.94,158.94,158.94,158.94,158.94,158.94,0.0,0.0,0.0,0.0,0.0,0.0,0.0,0.0,158.94,158.94,158.94,158.9399999999997,158.9399998354108,158.9379690874591,0.0,0.0,0.0,0.0,0.0,0.0,0.0,0.0,0.0,158.94,158.94,158.94,158.94,158.94,158.94,,,,4,11,22,158.94,0.0,SAME,1.0
BFAL,2024-11-25,158.94,158.94,158.94,158.94,158.94,158.94,0.0,0.0,0.0,0.0,0.0,0.0,0.0,0.0,158.94,158.94,158.94,158.93999999999986,158.93999989027387,158.93833834428472,0.0,0.0,0.0,0.0,0.0,0.0,0.0,0.0,0.0,158.94,158.94,158.94,158.94,158.94,158.94,,,,0,11,25,158.94,0.0,SAME,1.0
BFAL,2024-11-26,158.94,158.94,158.94,158.94,158.94,158.94,0.0,0.0,0.0,0.0,0.0,0.0,0.0,0.0,158.94,158.94,158.94,158.93999999999994,158.93999992684925,158.93864046350566,0.0,0.0,0.0,0.0,0.0,0.0,0.0,0.0,0.0,158.94,158.94,158.94,158.94,158.94,158.94,,,,1,11,26,158.94,0.0,SAME,1.0
BFAL,2024-11-27,158.94,158.94,158.94,158.94,158.94,158.94,0.0,0.0,0.0,0.0,0.0,0.0,0.0,0.0,158.94,158.94,158.94,158.93999999999997,158.93999995123283,158.93888765195916,0.0,0.0,0.0,0.0,0.0,0.0,0.0,0.0,0.0,158.94,158.94,158.94,158.94,158.94,158.94,,,,2,11,27,158.94,0.0,SAME,1.0
BFAL,2024-11-28,158.94,158.94,158.94,158.94,158.94,158.94,0.0,0.0,0.0,0.0,0.0,0.0,0.0,0.0,158.94,158.94,158.94,158.94,158.93999996748857,158.9390898970575,0.0,0.0,0.0,0.0,0.0,0.0,0.0,0.0,0.0,158.94,158.94,158.94,158.94,158.94,158.94,,,,3,11,28,158.94,0.0,SAME,1.0
BFAL,2024-11-29,158.94,158.94,158.94,158.94,158.94,158.94,0.0,0.0,0.0,0.0,0.0,0.0,0.0,0.0,158.94,158.94,158.94,158.94,158.93999997832572,158.93925537031976,0.0,0.0,0.0,0.0,0.0,0.0,0.0,0.0,0.0,158.94,158.94,158.94,158.94,158.94,158.94,,,,4,11,29,158.94,0.0,SAME,1.0
BFAL,2024-12-02,158.94,158.94,158.94,158.94,158.94,158.94,0.0,0.0,0.0,0.0,0.0,0.0,0.0,0.0,158.94,158.94,158.94,158.94,158.9399999855505,158.93939075753434,0.0,0.0,0.0,0.0,0.0,0.0,0.0,0.0,0.0,158.94,158.94,158.94,158.94,158.94,158.94,,,,0,12,2,158.94,0.0,SAME,1.0
BFAL,2024-12-03,158.94,158.94,158.94,158.94,158.94,158.94,0.0,0.0,0.0,0.0,0.0,0.0,0.0,0.0,158.94,158.94,158.94,158.94,158.939999990367,158.93950152889173,0.0,0.0,0.0,0.0,0.0,0.0,0.0,0.0,0.0,158.94,158.94,158.94,158.94,158.94,158.94,,,,1,12,3,158.94,0.0,SAME,1.0
BFAL,2024-12-04,158.94,158.94,158.94,158.94,158.94,158.94,0.0,0.0,0.0,0.0,0.0,0.0,0.0,0.0,158.94,158.94,158.94,158.94,158.939999993578,158.93959216000232,0.0,0.0,0.0,0.0,0.0,0.0,0.0,0.0,0.0,158.94,158.94,158.94,158.94,158.94,158.94,,,,2,12,4,158.94,0.0,SAME,1.0
BFAL,2024-12-05,158.94,158.94,158.94,158.94,158.94,158.94,0.0,0.0,0.0,0.0,0.0,0.0,0.0,0.0,158.94,158.94,158.94,158.94,158.93999999571867,158.93966631272917,0.0,0.0,0.0,0.0,0.0,0.0,0.0,0.0,0.0,158.94,158.94,158.94,158.94,158.94,158.94,,,,3,12,5,158.94,0.0,SAME,1.0
BFAL,2024-12-06,158.94,158.94,158.94,158.94,158.94,158.94,0.0,0.0,0.0,0.0,0.0,0.0,0.0,0.0,158.94,158.94,158.94,158.94,158.93999999714578,158.93972698314204,0.0,0.0,0.0,0.0,0.0,0.0,0.0,0.0,0.0,158.94,158.94,158.94,158.94,158.94,158.94,,,,4,12,6,158.94,0.0,SAME,1.0
BFAL,2024-12-09,158.94,158.94,158.94,158.94,158.94,158.94,0.0,0.0,0.0,0.0,0.0,0.0,0.0,0.0,158.94,158.94,158.94,158.94,158.9399999980972,158.93977662257075,0.0,0.0,0.0,0.0,0.0,0.0,0.0,0.0,0.0,158.94,158.94,158.94,158.94,158.94,158.94,,,,0,12,9,158.94,0.0,SAME,1.0
BFAL,2024-12-10,158.94,158.94,158.94,158.94,158.94,158.94,0.0,0.0,0.0,0.0,0.0,0.0,0.0,0.0,158.94,158.94,158.94,158.94,158.93999999873148,158.9398172366488,0.0,0.0,0.0,0.0,0.0,0.0,0.0,0.0,0.0,158.94,158.94,158.94,158.94,158.94,158.94,,,,1,12,10,158.94,0.0,SAME,1.0
BFAL,2024-12-11,158.94,158.94,158.94,158.94,158.94,158.94,0.0,0.0,0.0,0.0,0.0,0.0,0.0,0.0,158.94,158.94,158.94,158.94,158.93999999915434,158.93985046634901,0.0,0.0,0.0,0.0,0.0,0.0,0.0,0.0,0.0,158.94,158.94,158.94,158.94,158.94,158.94,,,,2,12,11,158.94,0.0,SAME,1.0
BFAL,2024-12-12,158.94,158.94,158.94,158.94,158.94,158.94,0.0,0.0,0.0,0.0,0.0,0.0,0.0,0.0,158.94,158.94,158.94,158.94,158.93999999943622,158.93987765428557,0.0,0.0,0.0,0.0,0.0,0.0,0.0,0.0,0.0,158.94,158.94,158.94,158.94,158.94,158.94,,,,3,12,12,158.94,0.0,SAME,1.0
BFAL,2024-12-13,158.94,158.94,158.94,158.94,158.94,158.94,0.0,0.0,0.0,0.0,0.0,0.0,0.0,0.0,158.94,158.94,158.94,158.94,158.93999999962415,158.9398998989609,0.0,0.0,0.0,0.0,0.0,0.0,0.0,0.0,0.0,158.94,158.94,158.94,158.94,158.94,158.94,,,,4,12,13,158.94,0.0,SAME,1.0
BFAL,2024-12-16,158.94,158.94,158.94,158.94,158.94,158.94,0.0,0.0,0.0,0.0,0.0,0.0,0.0,0.0,158.94,158.94,158.94,158.94,158.93999999974943,158.93991809914982,0.0,0.0,0.0,0.0,0.0,0.0,0.0,0.0,0.0,158.94,158.94,158.94,158.94,158.94,158.94,,,,0,12,16,158.94,0.0,SAME,1.0
BFAL,2024-12-18,158.94,158.94,158.94,158.94,158.94,158.94,0.0,0.0,0.0,0.0,0.0,0.0,0.0,0.0,158.94,158.94,158.94,158.94,158.93999999983296,158.9399329902135,0.0,0.0,0.0,0.0,0.0,0.0,0.0,0.0,0.0,158.94,158.94,158.94,158.94,158.94,158.94,,,,2,12,18,158.94,0.0,SAME,1.0
BFAL,2024-12-19,158.94,158.94,158.94,158.94,158.94,158.94,0.0,0.0,0.0,0.0,0.0,0.0,0.0,0.0,158.94,158.94,158.94,158.94,158.93999999988864,158.93994517381103,0.0,0.0,0.0,0.0,0.0,0.0,0.0,0.0,0.0,158.94,158.94,158.94,158.94,158.94,158.94,,,,3,12,19,158.94,0.0,SAME,1.0
BFAL,2024-12-20,158.94,158.94,158.94,158.94,158.94,158.94,0.0,0.0,0.0,0.0,0.0,0.0,0.0,0.0,158.94,158.94,158.94,158.94,158.93999999992576,158.93995514220902,0.0,0.0,0.0,0.0,0.0,0.0,0.0,0.0,0.0,158.94,158.94,158.94,158.94,158.94,158.94,,,,4,12,20,158.94,0.0,SAME,1.0
BFAL,2024-12-23,158.94,158.94,158.94,158.94,158.94,158.94,0.0,0.0,0.0,0.0,0.0,0.0,0.0,0.0,158.94,158.94,158.94,158.94,158.93999999995052,158.93996329817102,0.0,0.0,0.0,0.0,0.0,0.0,0.0,0.0,0.0,158.94,158.94,158.94,158.94,158.94,158.94,,,,0,12,23,158.94,0.0,SAME,1.0
BFAL,2024-12-24,158.94,158.94,158.94,158.94,158.94,158.94,0.0,0.0,0.0,0.0,0.0,0.0,0.0,0.0,158.94,158.94,158.94,158.94,158.93999999996703,158.93996997123082,0.0,0.0,0.0,0.0,0.0,0.0,0.0,0.0,0.0,158.94,158.94,158.94,158.94,158.94,158.94,,,,1,12,24,158.94,0.0,SAME,1.0
BFAL,2024-12-25,158.94,158.94,158.94,158.94,158.94,158.94,0.0,0.0,0.0,0.0,0.0,0.0,0.0,0.0,158.94,158.94,158.94,158.94,158.93999999997803,158.93997543100704,0.0,0.0,0.0,0.0,0.0,0.0,0.0,0.0,0.0,158.94,158.94,158.94,158.94,158.94,158.94,,,,2,12,25,158.94,0.0,SAME,1.0
BFAL,2024-12-26,158.94,158.94,158.94,158.94,158.94,158.94,0.0,0.0,0.0,0.0,0.0,0.0,0.0,0.0,158.94,158.94,158.94,158.94,158.93999999998536,158.93997989809668,0.0,0.0,0.0,0.0,0.0,0.0,0.0,0.0,0.0,158.94,158.94,158.94,158.94,158.94,158.94,,,,3,12,26,158.94,0.0,SAME,1.0
BFAL,2024-12-27,158.94,158.94,158.94,158.94,158.94,158.94,0.0,0.0,0.0,0.0,0.0,0.0,0.0,0.0,158.94,158.94,158.94,158.94,158.93999999999025,158.9399835529882,0.0,0.0,0.0,0.0,0.0,0.0,0.0,0.0,0.0,158.94,158.94,158.94,158.94,158.94,158.94,,,,4,12,27,158.94,0.0,SAME,1.0
BFAL,2024-12-30,158.94,158.94,158.94,158.94,158.94,158.94,0.0,0.0,0.0,0.0,0.0,0.0,0.0,0.0,158.94,158.94,158.94,158.94,158.93999999999352,158.93998654335397,0.0,0.0,0.0,0.0,0.0,0.0,0.0,0.0,0.0,158.94,158.94,158.94,158.94,158.94,158.94,,,,0,12,30,158.94,0.0,SAME,1.0
BFAL,2024-12-31,158.94,158.94,158.94,158.94,158.94,158.94,0.0,0.0,0.0,0.0,0.0,0.0,0.0,0.0,158.94,158.94,158.94,158.94,158.93999999999568,158.93998899001687,0.0,0.0,0.0,0.0,0.0,0.0,0.0,0.0,0.0,158.94,158.94,158.94,158.94,158.94,158.94,,,,1,12,31,158.94,0.0,SAME,1.0
BFAL,2025-01-01,158.94,158.94,158.94,158.94,158.94,158.94,0.0,0.0,0.0,0.0,0.0,0.0,0.0,0.0,158.94,158.94,158.94,158.94,158.93999999999713,158.939990991832,0.0,0.0,0.0,0.0,0.0,0.0,0.0,0.0,0.0,158.94,158.94,158.94,158.94,158.94,158.94,,,,2,1,1,158.94,0.0,SAME,1.0
BFAL,2025-01-03,158.94,158.94,158.94,158.94,158.94,158.94,0.0,0.0,0.0,0.0,0.0,0.0,0.0,0.0,158.94,158.94,158.94,158.94,158.9399999999981,158.93999262968072,0.0,0.0,0.0,0.0,0.0,0.0,0.0,0.0,0.0,158.94,158.94,158.94,158.94,158.94,158.94,,,,4,1,3,158.94,0.0,SAME,1.0
BFAL,2025-01-06,158.94,158.94,158.94,158.94,158.94,158.94,0.0,0.0,0.0,0.0,0.0,0.0,0.0,0.0,158.94,158.94,158.94,158.94,158.93999999999875,158.93999396973877,0.0,0.0,0.0,0.0,0.0,0.0,0.0,0.0,0.0,158.94,158.94,158.94,158.94,158.94,158.94,,,,0,1,6,158.94,0.0,SAME,1.0
BFAL,2025-01-07,158.94,158.94,158.94,158.94,158.94,158.94,0.0,0.0,0.0,0.0,0.0,0.0,0.0,0.0,158.94,158.94,158.94,158.94,158.93999999999917,158.9399950661499,0.0,0.0,0.0,0.0,0.0,0.0,0.0,0.0,0.0,158.94,158.94,158.94,158.94,158.94,158.94,,,,1,1,7,158.94,0.0,SAME,1.0
BFAL,2025-01-08,158.94,158.94,158.94,158.94,158.94,158.94,0.0,0.0,0.0,0.0,0.0,0.0,0.0,0.0,158.94,158.94,158.94,158.94,158.93999999999946,158.93999596321353,0.0,0.0,0.0,0.0,0.0,0.0,0.0,0.0,0.0,158.94,158.94,158.94,158.94,158.94,158.94,,,,2,1,8,158.94,0.0,SAME,1.0
BFAL,2025-01-09,158.94,158.94,158.94,158.94,158.94,158.94,0.0,0.0,0.0,0.0,0.0,0.0,0.0,0.0,158.94,158.94,158.94,158.94,158.93999999999966,158.9399966971747,0.0,0.0,0.0,0.0,0.0,0.0,0.0,0.0,0.0,158.94,158.94,158.94,158.94,158.94,158.94,,,,3,1,9,158.94,0.0,SAME,1.0
BFAL,2025-01-10,158.94,158.94,158.94,158.94,158.94,158.94,0.0,0.0,0.0,0.0,0.0,0.0,0.0,0.0,158.94,158.94,158.94,158.94,158.93999999999977,158.9399972976884,0.0,0.0,0.0,0.0,0.0,0.0,0.0,0.0,0.0,158.94,158.94,158.94,158.94,158.94,158.94,,,,4,1,10,158.94,0.0,SAME,1.0
BFAL,2025-01-13,158.94,158.94,158.94,158.94,158.94,158.94,0.0,0.0,0.0,0.0,0.0,0.0,0.0,0.0,158.94,158.94,158.94,158.94,158.93999999999986,158.93999778901778,0.0,0.0,0.0,0.0,0.0,0.0,0.0,0.0,0.0,158.94,158.94,158.94,158.94,158.94,158.94,,,,0,1,13,158.94,0.0,SAME,1.0
BFAL,2025-01-14,158.94,158.94,158.94,158.94,158.94,158.94,0.0,0.0,0.0,0.0,0.0,0.0,0.0,0.0,158.94,158.94,158.94,158.94,158.9399999999999,158.93999819101455,0.0,0.0,0.0,0.0,0.0,0.0,0.0,0.0,0.0,158.94,158.94,158.94,158.94,158.94,158.94,,,,1,1,14,133.81,-25.129999999999995,DOWN,0.0
BFAL,2025-01-15,133.81,158.94,158.94,158.94,158.94,158.94,-25.129999999999995,-25.129999999999995,-25.129999999999995,-0.1581099786082798,-0.1581099786082798,-0.1581099786082798,-0.17210588919513584,-0.17210588919513584,150.5633333333333,153.914,156.427,146.375,150.56333333333328,154.3709076108301,0.09128483871105639,0.07070893201783024,0.049998765320266356,-25.129999999999995,-0.15810997860827983,-25.129999999999995,-0.15810997860827983,-25.129999999999995,-0.15810997860827983,133.81,158.94,133.81,158.94,133.81,158.94,0.0,0.0,0.0,2,1,15,133.81,0.0,SAME,1.0
BFAL,2025-01-16,133.81,133.81,158.94,158.94,158.94,158.94,0.0,-25.129999999999995,-25.129999999999995,0.0,-0.1581099786082798,-0.1581099786082798,0.0,-0.17210588919513584,142.18666666666664,148.888,153.914,140.0925,144.97888888888886,150.63256077249736,0.09128483871105639,0.07070893201783024,0.049998765320266356,-25.129999999999995,-0.15810997860827983,-25.129999999999995,-0.15810997860827983,-25.129999999999995,-0.15810997860827983,133.81,158.94,133.81,158.94,133.81,158.94,0.0,0.0,0.0,3,1,16,133.81,0.0,SAME,1.0
BFAL,2025-01-17,133.81,133.81,133.81,158.94,158.94,158.94,0.0,0.0,-25.129999999999995,0.0,0.0,-0.1581099786082798,0.0,0.0,133.81,143.862,151.40099999999998,136.95125000000002,141.2559259259259,147.573913359316,0.09128483871105639,0.07070893201783024,0.049998765320266356,-25.129999999999995,-0.15810997860827983,-25.129999999999995,-0.15810997860827983,-25.129999999999995,-0.15810997860827983,133.81,133.81,133.81,158.94,133.81,158.94,,0.0,0.0,4,1,17,133.81,0.0,SAME,1.0
BFAL,2025-01-20,133.81,133.81,133.81,133.81,158.94,158.94,0.0,0.0,0.0,0.0,0.0,0.0,0.0,0.0,133.81,138.836,148.888,135.380625,138.77395061728396,145.0713836576222,0.0,0.07070893201783024,0.049998765320266356,0.0,0.0,-25.129999999999995,-0.15810997860827983,-25.129999999999995,-0.15810997860827983,133.81,133.81,133.81,158.94,133.81,158.94,,0.0,0.0,0,1,20,133.81,0.0,SAME,1.0
BFAL,2025-01-21,133.81,133.81,133.81,133.81,158.94,158.94,0.0,0.0,0.0,0.0,0.0,0.0,0.0,0.0,133.81,133.81,146.375,134.5953125,137.11930041152266,143.02385935623633,0.0,0.07070893201783024,0.049998765320266356,0.0,0.0,-25.129999999999995,-0.15810997860827983,-25.129999999999995,-0.15810997860827983,133.81,133.81,133.81,133.81,133.81,158.94,,,0.0,1,1,21,133.81,0.0,SAME,1.0
BFAL,2025-01-22,133.81,133.81,133.81,133.81,133.81,158.94,0.0,0.0,0.0,0.0,0.0,0.0,0.0,0.0,133.81,133.81,143.862,134.20265625000002,136.01620027434845,141.348612200557,0.0,0.0,0.049998765320266356,0.0,0.0,0.0,0.0,-25.129999999999995,-0.15810997860827983,133.81,133.81,133.81,133.81,133.81,158.94,,,0.0,2,1,22,133.81,0.0,SAME,1.0
BFAL,2025-01-23,133.81,133.81,133.81,133.81,133.81,158.94,0.0,0.0,0.0,0.0,0.0,0.0,0.0,0.0,133.81,133.81,141.349,134.006328125,135.280800182899,139.97795543681937,0.0,0.0,0.049998765320266356,0.0,0.0,0.0,0.0,-25.129999999999995,-0.15810997860827983,133.81,133.81,133.81,133.81,133.81,158.94,,,0.0,3,1,23,133.81,0.0,SAME,1.0
BFAL,2025-01-24,133.81,133.81,133.81,133.81,133.81,158.94,0.0,0.0,0.0,0.0,0.0,0.0,0.0,0.0,133.81,133.81,138.836,133.90816406250002,134.790533455266,138.8565089937613,0.0,0.0,0.049998765320266356,0.0,0.0,0.0,0.0,-25.129999999999995,-0.15810997860827983,133.81,133.81,133.81,133.81,133.81,158.94,,,0.0,4,1,24,133.81,0.0,SAME,1.0
BFAL,2025-01-27,133.81,133.81,133.81,133.81,133.81,158.94,0.0,0.0,0.0,0.0,0.0,0.0,0.0,0.0,133.81,133.81,136.323,133.85908203125,134.46368897017734,137.93896190398652,0.0,0.0,0.049998765320266356,0.0,0.0,0.0,0.0,-25.129999999999995,-0.15810997860827983,133.81,133.81,133.81,133.81,133.81,158.94,,,0.0,0,1,27,133.81,0.0,SAME,1.0
BFAL,2025-01-28,133.81,133.81,133.81,133.81,133.81,158.94,0.0,0.0,0.0,0.0,0.0,0.0,0.0,0.0,133.81,133.81,133.81,133.834541015625,134.2457926467849,137.18824155780715,0.0,0.0,0.049998765320266356,0.0,0.0,0.0,0.0,-25.129999999999995,-0.15810997860827983,133.81,133.81,133.81,133.81,133.81,133.81,,,,1,1,28,133.81,0.0,SAME,1.0
BFAL,2025-01-29,133.81,133.81,133.81,133.81,133.81,133.81,0.0,0.0,0.0,0.0,0.0,0.0,0.0,0.0,133.81,133.81,133.81,133.8222705078125,134.10052843118996,136.57401582002402,0.0,0.0,0.0,0.0,0.0,0.0,0.0,0.0,0.0,133.81,133.81,133.81,133.81,133.81,133.81,,,,2,1,29,133.81,0.0,SAME,1.0
BFAL,2025-01-31,133.81,133.81,133.81,133.81,133.81,133.81,0.0,0.0,0.0,0.0,0.0,0.0,0.0,0.0,133.81,133.81,133.81,133.81613525390625,134.0036856207933,136.07146748911055,0.0,0.0,0.0,0.0,0.0,0.0,0.0,0.0,0.0,133.81,133.81,133.81,133.81,133.81,133.81,,,,4,1,31,133.81,0.0,SAME,1.0
BFAL,2025-02-03,133.81,133.81,133.81,133.81,133.81,133.81,0.0,0.0,0.0,0.0,0.0,0.0,0.0,0.0,133.81,133.81,133.81,133.8130676269531,133.93912374719554,135.66029158199953,0.0,0.0,0.0,0.0,0.0,0.0,0.0,0.0,0.0,133.81,133.81,133.81,133.81,133.81,133.81,,,,0,2,3,133.81,0.0,SAME,1.0
BFAL,2025-02-04,133.81,133.81,133.81,133.81,133.81,133.81,0.0,0.0,0.0,0.0,0.0,0.0,0.0,0.0,133.81,133.81,133.81,133.81153381347656,133.89608249813037,135.32387493072687,0.0,0.0,0.0,0.0,0.0,0.0,0.0,0.0,0.0,133.81,133.81,133.81,133.81,133.81,133.81,,,,1,2,4,133.81,0.0,SAME,1.0
BFAL,2025-02-05,133.81,133.81,133.81,133.81,133.81,133.81,0.0,0.0,0.0,0.0,0.0,0.0,0.0,0.0,133.81,133.81,133.81,133.81076690673828,133.86738833208693,135.04862494332198,0.0,0.0,0.0,0.0,0.0,0.0,0.0,0.0,0.0,133.81,133.81,133.81,133.81,133.81,133.81,,,,2,2,5,133.81,0.0,SAME,1.0
BFAL,2025-02-06,133.81,133.81,133.81,133.81,133.81,133.81,0.0,0.0,0.0,0.0,0.0,0.0,0.0,0.0,133.81,133.81,133.81,133.81038345336913,133.84825888805796,134.82342040817252,0.0,0.0,0.0,0.0,0.0,0.0,0.0,0.0,0.0,133.81,133.81,133.81,133.81,133.81,133.81,,,,3,2,6,133.81,0.0,SAME,1.0
BFAL,2025-02-07,133.81,133.81,133.81,133.81,133.81,133.81,0.0,0.0,0.0,0.0,0.0,0.0,0.0,0.0,133.81,133.81,133.81,133.81019172668456,133.835505925372,134.63916215214115,0.0,0.0,0.0,0.0,0.0,0.0,0.0,0.0,0.0,133.81,133.81,133.81,133.81,133.81,133.81,,,,4,2,7,133.81,0.0,SAME,1.0
BFAL,2025-02-10,133.81,133.81,133.81,133.81,133.81,133.81,0.0,0.0,0.0,0.0,0.0,0.0,0.0,0.0,133.81,133.81,133.81,133.81009586334227,133.827003950248,134.4884053972064,0.0,0.0,0.0,0.0,0.0,0.0,0.0,0.0,0.0,133.81,133.81,133.81,133.81,133.81,133.81,,,,0,2,10,133.81,0.0,SAME,1.0
BFAL,2025-02-11,133.81,133.81,133.81,133.81,133.81,133.81,0.0,0.0,0.0,0.0,0.0,0.0,0.0,0.0,133.81,133.81,133.81,133.81004793167114,133.821335966832,134.36505896135068,0.0,0.0,0.0,0.0,0.0,0.0,0.0,0.0,0.0,133.81,133.81,133.81,133.81,133.81,133.81,,,,1,2,11,133.81,0.0,SAME,1.0
BFAL,2025-02-12,133.81,133.81,133.81,133.81,133.81,133.81,0.0,0.0,0.0,0.0,0.0,0.0,0.0,0.0,133.81,133.81,133.81,133.81002396583557,133.81755731122135,134.264139150196,0.0,0.0,0.0,0.0,0.0,0.0,0.0,0.0,0.0,133.81,133.81,133.81,133.81,133.81,133.81,,,,2,2,12,133.81,0.0,SAME,1.0
BFAL,2025-02-13,133.81,133.81,133.81,133.81,133.81,133.81,0.0,0.0,0.0,0.0,0.0,0.0,0.0,0.0,133.81,133.81,133.81,133.81001198291779,133.8150382074809,134.1815683956149,0.0,0.0,0.0,0.0,0.0,0.0,0.0,0.0,0.0,133.81,133.81,133.81,133.81,133.81,133.81,,,,3,2,13,133.81,0.0,SAME,1.0
BFAL,2025-02-14,133.81,133.81,133.81,133.81,133.81,133.81,0.0,0.0,0.0,0.0,0.0,0.0,0.0,0.0,133.81,133.81,133.81,133.8100059914589,133.81335880498727,134.1140105055031,0.0,0.0,0.0,0.0,0.0,0.0,0.0,0.0,0.0,133.81,133.81,133.81,133.81,133.81,133.81,,,,4,2,14,133.81,0.0,SAME,1.0
BFAL,2025-02-17,133.81,133.81,133.81,133.81,133.81,133.81,0.0,0.0,0.0,0.0,0.0,0.0,0.0,0.0,133.81,133.81,133.81,133.81000299572946,133.81223920332485,134.0587358681389,0.0,0.0,0.0,0.0,0.0,0.0,0.0,0.0,0.0,133.81,133.81,133.81,133.81,133.81,133.81,,,,0,2,17,133.81,0.0,SAME,1.0
BFAL,2025-02-18,133.81,133.81,133.81,133.81,133.81,133.81,0.0,0.0,0.0,0.0,0.0,0.0,0.0,0.0,133.81,133.81,133.81,133.81000149786473,133.81149280221658,134.01351116484093,0.0,0.0,0.0,0.0,0.0,0.0,0.0,0.0,0.0,133.81,133.81,133.81,133.81,133.81,133.81,,,,1,2,18,133.81,0.0,SAME,1.0
BFAL,2025-02-19,133.81,133.81,133.81,133.81,133.81,133.81,0.0,0.0,0.0,0.0,0.0,0.0,0.0,0.0,133.81,133.81,133.81,133.81000074893237,133.81099520147774,133.97650913486984,0.0,0.0,0.0,0.0,0.0,0.0,0.0,0.0,0.0,133.81,133.81,133.81,133.81,133.81,133.81,,,,2,2,19,133.81,0.0,SAME,1.0
BFAL,2025-02-20,133.81,133.81,133.81,133.81,133.81,133.81,0.0,0.0,0.0,0.0,0.0,0.0,0.0,0.0,133.81,133.81,133.81,133.8100003744662,133.81066346765184,133.9462347467117,0.0,0.0,0.0,0.0,0.0,0.0,0.0,0.0,0.0,133.81,133.81,133.81,133.81,133.81,133.81,,,,3,2,20,133.81,0.0,SAME,1.0
BFAL,2025-02-24,133.81,133.81,133.81,133.81,133.81,133.81,0.0,0.0,0.0,0.0,0.0,0.0,0.0,0.0,133.81,133.81,133.81,133.8100001872331,133.8104423117679,133.9214647927641,0.0,0.0,0.0,0.0,0.0,0.0,0.0,0.0,0.0,133.81,133.81,133.81,133.81,133.81,133.81,,,,0,2,24,133.81,0.0,SAME,1.0
BFAL,2025-02-25,133.81,133.81,133.81,133.81,133.81,133.81,0.0,0.0,0.0,0.0,0.0,0.0,0.0,0.0,133.81,133.81,133.81,133.81000009361657,133.81029487451195,133.901198466807,0.0,0.0,0.0,0.0,0.0,0.0,0.0,0.0,0.0,133.81,133.81,133.81,133.81,133.81,133.81,,,,1,2,25,133.81,0.0,SAME,1.0
BFAL,2025-02-26,133.81,133.81,133.81,133.81,133.81,133.81,0.0,0.0,0.0,0.0,0.0,0.0,0.0,0.0,133.81,133.81,133.81,133.81000004680828,133.81019658300798,133.88461692738753,0.0,0.0,0.0,0.0,0.0,0.0,0.0,0.0,0.0,133.81,133.81,133.81,133.81,133.81,133.81,,,,2,2,26,133.81,0.0,SAME,1.0
BFAL,2025-02-27,133.81,133.81,133.81,133.81,133.81,133.81,0.0,0.0,0.0,0.0,0.0,0.0,0.0,0.0,133.81,133.81,133.81,133.81000002340414,133.81013105533867,133.87105021331706,0.0,0.0,0.0,0.0,0.0,0.0,0.0,0.0,0.0,133.81,133.81,133.81,133.81,133.81,133.81,,,,3,2,27,133.81,0.0,SAME,1.0
BFAL,2025-03-03,133.81,133.81,133.81,133.81,133.81,133.81,0.0,0.0,0.0,0.0,0.0,0.0,0.0,0.0,133.81,133.81,133.81,133.81000001170207,133.8100873702258,133.85995017453214,0.0,0.0,0.0,0.0,0.0,0.0,0.0,0.0,0.0,133.81,133.81,133.81,133.81,133.81,133.81,,,,0,3,3,133.81,0.0,SAME,1.0
BFAL,2025-03-04,133.81,133.81,133.81,133.81,133.81,133.81,0.0,0.0,0.0,0.0,0.0,0.0,0.0,0.0,133.81,133.81,133.81,133.81000000585104,133.81005824681722,133.8508683246172,0.0,0.0,0.0,0.0,0.0,0.0,0.0,0.0,0.0,133.81,133.81,133.81,133.81,133.81,133.81,,,,1,3,4,133.81,0.0,SAME,1.0
BFAL,2025-03-05,133.81,133.81,133.81,133.81,133.81,133.81,0.0,0.0,0.0,0.0,0.0,0.0,0.0,0.0,133.81,133.81,133.81,133.8100000029255,133.8100388312115,133.84343772014134,0.0,0.0,0.0,0.0,0.0,0.0,0.0,0.0,0.0,133.81,133.81,133.81,133.81,133.81,133.81,,,,2,3,5,133.81,0.0,SAME,1.0
BFAL,2025-03-06,133.81,133.81,133.81,133.81,133.81,133.81,0.0,0.0,0.0,0.0,0.0,0.0,0.0,0.0,133.81,133.81,133.81,133.81000000146275,133.81002588747435,133.8373581346611,0.0,0.0,0.0,0.0,0.0,0.0,0.0,0.0,0.0,133.81,133.81,133.81,133.81,133.81,133.81,,,,3,3,6,133.81,0.0,SAME,1.0
BFAL,2025-03-07,133.81,133.81,133.81,133.81,133.81,133.81,0.0,0.0,0.0,0.0,0.0,0.0,0.0,0.0,133.81,133.81,133.81,133.81000000073138,133.81001725831624,133.83238392835906,0.0,0.0,0.0,0.0,0.0,0.0,0.0,0.0,0.0,133.81,133.81,133.81,133.81,133.81,133.81,,,,4,3,7,133.81,0.0,SAME,1.0
BFAL,2025-03-10,133.81,133.81,133.81,133.81,133.81,133.81,0.0,0.0,0.0,0.0,0.0,0.0,0.0,0.0,133.81,133.81,133.81,133.81000000036568,133.81001150554417,133.82831412320286,0.0,0.0,0.0,0.0,0.0,0.0,0.0,0.0,0.0,133.81,133.81,133.81,133.81,133.81,133.81,,,,0,3,10,133.81,0.0,SAME,1.0
BFAL,2025-03-11,133.81,133.81,133.81,133.81,133.81,133.81,0.0,0.0,0.0,0.0,0.0,0.0,0.0,0.0,133.81,133.81,133.81,133.81000000018284,133.81000767036278,133.8249842826205,0.0,0.0,0.0,0.0,0.0,0.0,0.0,0.0,0.0,133.81,133.81,133.81,133.81,133.81,133.81,,,,1,3,11,133.81,0.0,SAME,1.0
BFAL,2025-03-12,133.81,133.81,133.81,133.81,133.81,133.81,0.0,0.0,0.0,0.0,0.0,0.0,0.0,0.0,133.81,133.81,133.81,133.8100000000914,133.8100051135752,133.8222598675986,0.0,0.0,0.0,0.0,0.0,0.0,0.0,0.0,0.0,133.81,133.81,133.81,133.81,133.81,133.81,,,,2,3,12,133.81,0.0,SAME,1.0
BFAL,2025-03-13,133.81,133.81,133.81,133.81,133.81,133.81,0.0,0.0,0.0,0.0,0.0,0.0,0.0,0.0,133.81,133.81,133.81,133.8100000000457,133.81000340905013,133.82003080076248,0.0,0.0,0.0,0.0,0.0,0.0,0.0,0.0,0.0,133.81,133.81,133.81,133.81,133.81,133.81,,,,3,3,13,133.81,0.0,SAME,1.0
BFAL,2025-03-14,133.81,133.81,133.81,133.81,133.81,133.81,0.0,0.0,0.0,0.0,0.0,0.0,0.0,0.0,133.81,133.81,133.81,133.81000000002285,133.8100022727001,133.81820701880565,0.0,0.0,0.0,0.0,0.0,0.0,0.0,0.0,0.0,133.81,133.81,133.81,133.81,133.81,133.81,,,,4,3,14,133.81,0.0,SAME,1.0
BFAL,2025-03-17,133.81,133.81,133.81,133.81,133.81,133.81,0.0,0.0,0.0,0.0,0.0,0.0,0.0,0.0,133.81,133.81,133.81,133.81000000001143,133.81000151513342,133.81671483356826,0.0,0.0,0.0,0.0,0.0,0.0,0.0,0.0,0.0,133.81,133.81,133.81,133.81,133.81,133.81,,,,0,3,17,133.81,0.0,SAME,1.0
BFAL,2025-03-18,133.81,133.81,133.81,133.81,133.81,133.81,0.0,0.0,0.0,0.0,0.0,0.0,0.0,0.0,133.81,133.81,133.81,133.81000000000572,133.81000101008897,133.81549395473766,0.0,0.0,0.0,0.0,0.0,0.0,0.0,0.0,0.0,133.81,133.81,133.81,133.81,133.81,133.81,,,,1,3,18,133.81,0.0,SAME,1.0
BFAL,2025-03-19,133.81,133.81,133.81,133.81,133.81,133.81,0.0,0.0,0.0,0.0,0.0,0.0,0.0,0.0,133.81,133.81,133.81,133.81000000000284,133.81000067339266,133.81449505387627,0.0,0.0,0.0,0.0,0.0,0.0,0.0,0.0,0.0,133.81,133.81,133.81,133.81,133.81,133.81,,,,2,3,19,133.81,0.0,SAME,1.0
BFAL,2025-03-20,133.81,133.81,133.81,133.81,133.81,133.81,0.0,0.0,0.0,0.0,0.0,0.0,0.0,0.0,133.81,133.81,133.81,133.81000000000142,133.81000044892846,133.8136777713533,0.0,0.0,0.0,0.0,0.0,0.0,0.0,0.0,0.0,133.81,133.81,133.81,133.81,133.81,133.81,,,,3,3,20,133.81,0.0,SAME,1.0
BFAL,2025-03-21,133.81,133.81,133.81,133.81,133.81,133.81,0.0,0.0,0.0,0.0,0.0,0.0,0.0,0.0,133.81,133.81,133.81,133.8100000000007,133.81000029928566,133.8130090856527,0.0,0.0,0.0,0.0,0.0,0.0,0.0,0.0,0.0,133.81,133.81,133.81,133.81,133.81,133.81,,,,4,3,21,133.81,0.0,SAME,1.0
BFAL,2025-03-24,133.81,133.81,133.81,133.81,133.81,133.81,0.0,0.0,0.0,0.0,0.0,0.0,0.0,0.0,133.81,133.81,133.81,133.81000000000034,133.81000019952378,133.8124619791704,0.0,0.0,0.0,0.0,0.0,0.0,0.0,0.0,0.0,133.81,133.81,133.81,133.81,133.81,133.81,,,,0,3,24,133.81,0.0,SAME,1.0
BFAL,2025-03-25,133.81,133.81,133.81,133.81,133.81,133.81,0.0,0.0,0.0,0.0,0.0,0.0,0.0,0.0,133.81,133.81,133.81,133.81000000000017,133.81000013301588,133.81201434659397,0.0,0.0,0.0,0.0,0.0,0.0,0.0,0.0,0.0,133.81,133.81,133.81,133.81,133.81,133.81,,,,1,3,25,133.81,0.0,SAME,1.0
BFAL,2025-03-26,133.81,133.81,133.81,133.81,133.81,133.81,0.0,0.0,0.0,0.0,0.0,0.0,0.0,0.0,133.81,133.81,133.81,133.8100000000001,133.81000008867727,133.8116481017587,0.0,0.0,0.0,0.0,0.0,0.0,0.0,0.0,0.0,133.81,133.81,133.81,133.81,133.81,133.81,,,,2,3,26,133.81,0.0,SAME,1.0
BFAL,2025-03-27,133.81,133.81,133.81,133.81,133.81,133.81,0.0,0.0,0.0,0.0,0.0,0.0,0.0,0.0,133.81,133.81,133.81,133.81000000000006,133.81000005911818,133.81134844689348,0.0,0.0,0.0,0.0,0.0,0.0,0.0,0.0,0.0,133.81,133.81,133.81,133.81,133.81,133.81,,,,3,3,27,133.81,0.0,SAME,1.0
BFAL,2025-03-28,133.81,133.81,133.81,133.81,133.81,133.81,0.0,0.0,0.0,0.0,0.0,0.0,0.0,0.0,133.81,133.81,133.81,133.81000000000003,133.81000003941213,133.811103274731,0.0,0.0,0.0,0.0,0.0,0.0,0.0,0.0,0.0,133.81,133.81,133.81,133.81,133.81,133.81,,,,4,3,28,133.81,0.0,SAME,1.0
BFAL,2025-03-31,133.81,133.81,133.81,133.81,133.81,133.81,0.0,0.0,0.0,0.0,0.0,0.0,0.0,0.0,133.81,133.81,133.81,133.81,133.81000002627476,133.81090267932538,0.0,0.0,0.0,0.0,0.0,0.0,0.0,0.0,0.0,133.81,133.81,133.81,133.81,133.81,133.81,,,,0,3,31,133.81,0.0,SAME,1.0
BFAL,2025-04-01,133.81,133.81,133.81,133.81,133.81,133.81,0.0,0.0,0.0,0.0,0.0,0.0,0.0,0.0,133.81,133.81,133.81,133.81,133.81000001751653,133.81073855581167,0.0,0.0,0.0,0.0,0.0,0.0,0.0,0.0,0.0,133.81,133.81,133.81,133.81,133.81,133.81,,,,1,4,1,133.81,0.0,SAME,1.0
BFAL,2025-04-02,133.81,133.81,133.81,133.81,133.81,133.81,0.0,0.0,0.0,0.0,0.0,0.0,0.0,0.0,133.81,133.81,133.81,133.81,133.8100000116777,133.8106042729368,0.0,0.0,0.0,0.0,0.0,0.0,0.0,0.0,0.0,133.81,133.81,133.81,133.81,133.81,133.81,,,,2,4,2,128.31,-5.5,DOWN,0.0
BFAL,2025-04-03,128.31,133.81,133.81,133.81,133.81,133.81,-5.5,-5.5,-5.5,-0.04110305657275237,-0.04110305657275237,-0.04110305657275237,-0.04197167240997045,-0.04197167240997045,131.97666666666666,132.70999999999998,133.26,131.06,131.9766666744518,132.81049440513013,0.023730860776795346,0.018381845715938767,0.012997927756465194,-5.5,-0.04110305657275241,-5.5,-0.04110305657275241,-5.5,-0.04110305657275241,128.31,133.81,128.31,133.81,128.31,133.81,0.0,0.0,0.0,3,4,3,128.31,0.0,SAME,1.0
BFAL,2025-04-04,128.31,128.31,133.81,133.81,133.81,133.81,0.0,-5.5,-5.5,0.0,-0.04110305657275237,-0.04110305657275237,0.0,-0.04197167240997045,130.14333333333332,131.61,132.70999999999998,129.685,130.75444444963455,131.99222269510648,0.023730860776795346,0.018381845715938767,0.012997927756465194,-5.5,-0.04110305657275241,-5.5,-0.04110305657275241,-5.5,-0.04110305657275241,128.31,133.81,128.31,133.81,128.31,133.81,0.0,0.0,0.0,4,4,4,128.31,0.0,SAME,1.0
BFAL,2025-04-07,128.31,128.31,128.31,133.81,133.81,133.81,0.0,0.0,-5.5,0.0,0.0,-0.04110305657275237,0.0,0.0,128.31,130.51,132.16000000000003,128.9975,129.9396296330897,131.32272765963256,0.023730860776795346,0.018381845715938767,0.012997927756465194,-5.5,-0.04110305657275241,-5.5,-0.04110305657275241,-5.5,-0.04110305657275241,128.31,128.31,128.31,133.81,128.31,133.81,,0.0,0.0,0,4,7,128.31,0.0,SAME,1.0
BFAL,2025-04-08,128.31,128.31,128.31,128.31,133.81,133.81,0.0,0.0,0.0,0.0,0.0,0.0,0.0,0.0,128.31,129.41000000000003,131.60999999999999,128.65375,129.39641975539314,130.77495899424483,0.0,0.018381845715938767,0.012997927756465194,0.0,0.0,-5.5,-0.04110305657275241,-5.5,-0.04110305657275241,128.31,128.31,128.31,133.81,128.31,133.81,,0.0,0.0,1,4,8,128.31,0.0,SAME,1.0
BFAL,2025-04-09,128.31,128.31,128.31,128.31,133.81,133.81,0.0,0.0,0.0,0.0,0.0,0.0,0.0,0.0,128.31,128.31,131.06,128.481875,129.03427983692876,130.32678463165485,0.0,0.018381845715938767,0.012997927756465194,0.0,0.0,-5.5,-0.04110305657275241,-5.5,-0.04110305657275241,128.31,128.31,128.31,128.31,128.31,133.81,,,0.0,2,4,9,128.31,0.0,SAME,1.0
BFAL,2025-04-10,128.31,128.31,128.31,128.31,128.31,133.81,0.0,0.0,0.0,0.0,0.0,0.0,0.0,0.0,128.31,128.31,130.51,128.3959375,128.7928532246192,129.9600965168085,0.0,0.0,0.012997927756465194,0.0,0.0,0.0,0.0,-5.5,-0.04110305657275241,128.31,128.31,128.31,128.31,128.31,133.81,,,0.0,3,4,10,128.31,0.0,SAME,1.0
BFAL,2025-04-11,128.31,128.31,128.31,128.31,128.31,133.81,0.0,0.0,0.0,0.0,0.0,0.0,0.0,0.0,128.31,128.31,129.96,128.35296875,128.63190214974614,129.66007896829785,0.0,0.0,0.012997927756465194,0.0,0.0,0.0,0.0,-5.5,-0.04110305657275241,128.31,128.31,128.31,128.31,128.31,133.81,,,0.0,4,4,11,128.31,0.0,SAME,1.0
BFAL,2025-04-14,128.31,128.31,128.31,128.31,128.31,133.81,0.0,0.0,0.0,0.0,0.0,0.0,0.0,0.0,128.31,128.31,129.41,128.331484375,128.5246014331641,129.41461006497096,0.0,0.0,0.012997927756465194,0.0,0.0,0.0,0.0,-5.5,-0.04110305657275241,128.31,128.31,128.31,128.31,128.31,133.81,,,0.0,0,4,14,128.31,0.0,SAME,1.0
BFAL,2025-04-15,128.31,128.31,128.31,128.31,128.31,133.81,0.0,0.0,0.0,0.0,0.0,0.0,0.0,0.0,128.31,128.31,128.85999999999999,128.3207421875,128.45306762210942,129.21377187133987,0.0,0.0,0.012997927756465194,0.0,0.0,0.0,0.0,-5.5,-0.04110305657275241,128.31,128.31,128.31,128.31,128.31,133.81,,,0.0,1,4,15,128.31,0.0,SAME,1.0
BFAL,2025-04-16,128.31,128.31,128.31,128.31,128.31,133.81,0.0,0.0,0.0,0.0,0.0,0.0,0.0,0.0,128.31,128.31,128.31,128.31537109375,128.40537841473963,129.04944971291445,0.0,0.0,0.012997927756465194,0.0,0.0,0.0,0.0,-5.5,-0.04110305657275241,128.31,128.31,128.31,128.31,128.31,128.31,,,,2,4,16,128.31,0.0,SAME,1.0
BFAL,2025-04-17,128.31,128.31,128.31,128.31,128.31,128.31,0.0,0.0,0.0,0.0,0.0,0.0,0.0,0.0,128.31,128.31,128.31,128.312685546875,128.37358560982642,128.91500431056636,0.0,0.0,0.0,0.0,0.0,0.0,0.0,0.0,0.0,128.31,128.31,128.31,128.31,128.31,128.31,,,,3,4,17,128.31,0.0,SAME,1.0
BFAL,2025-04-18,128.31,128.31,128.31,128.31,128.31,128.31,0.0,0.0,0.0,0.0,0.0,0.0,0.0,0.0,128.31,128.31,128.31,128.3113427734375,128.35239040655097,128.80500352682702,0.0,0.0,0.0,0.0,0.0,0.0,0.0,0.0,0.0,128.31,128.31,128.31,128.31,128.31,128.31,,,,4,4,18,128.31,0.0,SAME,1.0
BFAL,2025-04-21,128.31,128.31,128.31,128.31,128.31,128.31,0.0,0.0,0.0,0.0,0.0,0.0,0.0,0.0,128.31,128.31,128.31,128.31067138671875,128.338260271034,128.71500288558573,0.0,0.0,0.0,0.0,0.0,0.0,0.0,0.0,0.0,128.31,128.31,128.31,128.31,128.31,128.31,,,,0,4,21,128.31,0.0,SAME,1.0
BFAL,2025-04-22,128.31,128.31,128.31,128.31,128.31,128.31,0.0,0.0,0.0,0.0,0.0,0.0,0.0,0.0,128.31,128.31,128.31,128.31033569335938,128.32884018068933,128.6413659972974,0.0,0.0,0.0,0.0,0.0,0.0,0.0,0.0,0.0,128.31,128.31,128.31,128.31,128.31,128.31,,,,1,4,22,128.31,0.0,SAME,1.0
BFAL,2025-04-23,128.31,128.31,128.31,128.31,128.31,128.31,0.0,0.0,0.0,0.0,0.0,0.0,0.0,0.0,128.31,128.31,128.31,128.3101678466797,128.32256012045957,128.58111763415243,0.0,0.0,0.0,0.0,0.0,0.0,0.0,0.0,0.0,128.31,128.31,128.31,128.31,128.31,128.31,,,,2,4,23,128.31,0.0,SAME,1.0
BFAL,2025-04-24,128.31,128.31,128.31,128.31,128.31,128.31,0.0,0.0,0.0,0.0,0.0,0.0,0.0,0.0,128.31,128.31,128.31,128.31008392333985,128.31837341363973,128.53182351885198,0.0,0.0,0.0,0.0,0.0,0.0,0.0,0.0,0.0,128.31,128.31,128.31,128.31,128.31,128.31,,,,3,4,24,128.31,0.0,SAME,1.0
BFAL,2025-04-25,128.31,128.31,128.31,128.31,128.31,128.31,0.0,0.0,0.0,0.0,0.0,0.0,0.0,0.0,128.31,128.31,128.31,128.31004196166992,128.31558227575982,128.4914919699698,0.0,0.0,0.0,0.0,0.0,0.0,0.0,0.0,0.0,128.31,128.31,128.31,128.31,128.31,128.31,,,,4,4,25,128.31,0.0,SAME,1.0
BFAL,2025-04-28,128.31,128.31,128.31,128.31,128.31,128.31,0.0,0.0,0.0,0.0,0.0,0.0,0.0,0.0,128.31,128.31,128.31,128.31002098083496,128.31372151717324,128.45849342997528,0.0,0.0,0.0,0.0,0.0,0.0,0.0,0.0,0.0,128.31,128.31,128.31,128.31,128.31,128.31,,,,0,4,28,128.31,0.0,SAME,1.0
BFAL,2025-04-29,128.31,128.31,128.31,128.31,128.31,128.31,0.0,0.0,0.0,0.0,0.0,0.0,0.0,0.0,128.31,128.31,128.31,128.31001049041748,128.31248101144882,128.43149462452521,0.0,0.0,0.0,0.0,0.0,0.0,0.0,0.0,0.0,128.31,128.31,128.31,128.31,128.31,128.31,,,,1,4,29,128.31,0.0,SAME,1.0
BFAL,2025-04-30,128.31,128.31,128.31,128.31,128.31,128.31,0.0,0.0,0.0,0.0,0.0,0.0,0.0,0.0,128.31,128.31,128.31,128.31000524520874,128.31165400763257,128.40940469279334,0.0,0.0,0.0,0.0,0.0,0.0,0.0,0.0,0.0,128.31,128.31,128.31,128.31,128.31,128.31,,,,2,4,30,128.31,0.0,SAME,1.0
BFAL,2025-05-01,128.31,128.31,128.31,128.31,128.31,128.31,0.0,0.0,0.0,0.0,0.0,0.0,0.0,0.0,128.31,128.31,128.31,128.31000262260437,128.31110267175507,128.39133111228546,0.0,0.0,0.0,0.0,0.0,0.0,0.0,0.0,0.0,128.31,128.31,128.31,128.31,128.31,128.31,,,,3,5,1,128.31,0.0,SAME,1.0
BFAL,2025-05-05,128.31,128.31,128.31,128.31,128.31,128.31,0.0,0.0,0.0,0.0,0.0,0.0,0.0,0.0,128.31,128.31,128.31,128.3100013113022,128.3107351145034,128.37654363732446,0.0,0.0,0.0,0.0,0.0,0.0,0.0,0.0,0.0,128.31,128.31,128.31,128.31,128.31,128.31,,,,0,5,5,128.31,0.0,SAME,1.0
BFAL,2025-05-06,128.31,128.31,128.31,128.31,128.31,128.31,0.0,0.0,0.0,0.0,0.0,0.0,0.0,0.0,128.31,128.31,128.31,128.3100006556511,128.3104900763356,128.36444479417455,0.0,0.0,0.0,0.0,0.0,0.0,0.0,0.0,0.0,128.31,128.31,128.31,128.31,128.31,128.31,,,,1,5,6,128.31,0.0,SAME,1.0
BFAL,2025-05-08,128.31,128.31,128.31,128.31,128.31,128.31,0.0,0.0,0.0,0.0,0.0,0.0,0.0,0.0,128.31,128.31,128.31,128.31000032782555,128.31032671755707,128.35454574068825,0.0,0.0,0.0,0.0,0.0,0.0,0.0,0.0,0.0,128.31,128.31,128.31,128.31,128.31,128.31,,,,3,5,8,128.31,0.0,SAME,1.0
BFAL,2025-05-09,128.31,128.31,128.31,128.31,128.31,128.31,0.0,0.0,0.0,0.0,0.0,0.0,0.0,0.0,128.31,128.31,128.31,128.31000016391278,128.31021781170472,128.34644651510857,0.0,0.0,0.0,0.0,0.0,0.0,0.0,0.0,0.0,128.31,128.31,128.31,128.31,128.31,128.31,,,,4,5,9,128.31,0.0,SAME,1.0
BFAL,2025-05-12,128.31,128.31,128.31,128.31,128.31,128.31,0.0,0.0,0.0,0.0,0.0,0.0,0.0,0.0,128.31,128.31,128.31,128.3100000819564,128.31014520780315,128.3398198759979,0.0,0.0,0.0,0.0,0.0,0.0,0.0,0.0,0.0,128.31,128.31,128.31,128.31,128.31,128.31,,,,0,5,12,128.31,0.0,SAME,1.0
BFAL,2025-05-13,128.31,128.31,128.31,128.31,128.31,128.31,0.0,0.0,0.0,0.0,0.0,0.0,0.0,0.0,128.31,128.31,128.31,128.3100000409782,128.3100968052021,128.33439808036192,0.0,0.0,0.0,0.0,0.0,0.0,0.0,0.0,0.0,128.31,128.31,128.31,128.31,128.31,128.31,,,,1,5,13,128.31,0.0,SAME,1.0
BFAL,2025-05-14,128.31,128.31,128.31,128.31,128.31,128.31,0.0,0.0,0.0,0.0,0.0,0.0,0.0,0.0,128.31,128.31,128.31,128.3100000204891,128.3100645368014,128.32996206575066,0.0,0.0,0.0,0.0,0.0,0.0,0.0,0.0,0.0,128.31,128.31,128.31,128.31,128.31,128.31,,,,2,5,14,128.31,0.0,SAME,1.0
BFAL,2025-05-15,128.31,128.31,128.31,128.31,128.31,128.31,0.0,0.0,0.0,0.0,0.0,0.0,0.0,0.0,128.31,128.31,128.31,128.31000001024455,128.31004302453428,128.32633259925055,0.0,0.0,0.0,0.0,0.0,0.0,0.0,0.0,0.0,128.31,128.31,128.31,128.31,128.31,128.31,,,,3,5,15,128.31,0.0,SAME,1.0
BFAL,2025-05-16,128.31,128.31,128.31,128.31,128.31,128.31,0.0,0.0,0.0,0.0,0.0,0.0,0.0,0.0,128.31,128.31,128.31,128.31000000512228,128.31002868302286,128.32336303575045,0.0,0.0,0.0,0.0,0.0,0.0,0.0,0.0,0.0,128.31,128.31,128.31,128.31,128.31,128.31,,,,4,5,16,128.31,0.0,SAME,1.0
BFAL,2025-05-19,128.31,128.31,128.31,128.31,128.31,128.31,0.0,0.0,0.0,0.0,0.0,0.0,0.0,0.0,128.31,128.31,128.31,128.31000000256114,128.31001912201526,128.32093339288673,0.0,0.0,0.0,0.0,0.0,0.0,0.0,0.0,0.0,128.31,128.31,128.31,128.31,128.31,128.31,,,,0,5,19,128.31,0.0,SAME,1.0
BFAL,2025-05-20,128.31,128.31,128.31,128.31,128.31,128.31,0.0,0.0,0.0,0.0,0.0,0.0,0.0,0.0,128.31,128.31,128.31,128.31000000128057,128.3100127480102,128.31894550327095,0.0,0.0,0.0,0.0,0.0,0.0,0.0,0.0,0.0,128.31,128.31,128.31,128.31,128.31,128.31,,,,1,5,20,128.31,0.0,SAME,1.0
BFAL,2025-05-21,128.31,128.31,128.31,128.31,128.31,128.31,0.0,0.0,0.0,0.0,0.0,0.0,0.0,0.0,128.31,128.31,128.31,128.3100000006403,128.31000849867348,128.31731904813077,0.0,0.0,0.0,0.0,0.0,0.0,0.0,0.0,0.0,128.31,128.31,128.31,128.31,128.31,128.31,,,,2,5,21,128.31,0.0,SAME,1.0
BFAL,2025-05-22,128.31,128.31,128.31,128.31,128.31,128.31,0.0,0.0,0.0,0.0,0.0,0.0,0.0,0.0,128.31,128.31,128.31,128.31000000032014,128.31000566578234,128.31598831210698,0.0,0.0,0.0,0.0,0.0,0.0,0.0,0.0,0.0,128.31,128.31,128.31,128.31,128.31,128.31,,,,3,5,22,128.31,0.0,SAME,1.0
BFAL,2025-05-23,128.31,128.31,128.31,128.31,128.31,128.31,0.0,0.0,0.0,0.0,0.0,0.0,0.0,0.0,128.31,128.31,128.31,128.31000000016007,128.31000377718823,128.31489952808752,0.0,0.0,0.0,0.0,0.0,0.0,0.0,0.0,0.0,128.31,128.31,128.31,128.31,128.31,128.31,,,,4,5,23,128.31,0.0,SAME,1.0
BFAL,2025-05-26,128.31,128.31,128.31,128.31,128.31,128.31,0.0,0.0,0.0,0.0,0.0,0.0,0.0,0.0,128.31,128.31,128.31,128.31000000008004,128.3100025181255,128.31400870479888,0.0,0.0,0.0,0.0,0.0,0.0,0.0,0.0,0.0,128.31,128.31,128.31,128.31,128.31,128.31,,,,0,5,26,128.31,0.0,SAME,1.0
BFAL,2025-05-27,128.31,128.31,128.31,128.31,128.31,128.31,0.0,0.0,0.0,0.0,0.0,0.0,0.0,0.0,128.31,128.31,128.31,128.31000000004002,128.31000167875033,128.3132798493809,0.0,0.0,0.0,0.0,0.0,0.0,0.0,0.0,0.0,128.31,128.31,128.31,128.31,128.31,128.31,,,,1,5,27,128.31,0.0,SAME,1.0
BFAL,2025-05-28,128.31,128.31,128.31,128.31,128.31,128.31,0.0,0.0,0.0,0.0,0.0,0.0,0.0,0.0,128.31,128.31,128.31,128.31000000002,128.31000111916688,128.31268351312983,0.0,0.0,0.0,0.0,0.0,0.0,0.0,0.0,0.0,128.31,128.31,128.31,128.31,128.31,128.31,,,,2,5,28,128.31,0.0,SAME,1.0
BFAL,2025-05-29,128.31,128.31,128.31,128.31,128.31,128.31,0.0,0.0,0.0,0.0,0.0,0.0,0.0,0.0,128.31,128.31,128.31,128.31000000001,128.31000074611126,128.31219560165167,0.0,0.0,0.0,0.0,0.0,0.0,0.0,0.0,0.0,128.31,128.31,128.31,128.31,128.31,128.31,,,,3,5,29,128.31,0.0,SAME,1.0
BFAL,2025-05-30,128.31,128.31,128.31,128.31,128.31,128.31,0.0,0.0,0.0,0.0,0.0,0.0,0.0,0.0,128.31,128.31,128.31,128.310000000005,128.31000049740751,128.31179640135136,0.0,0.0,0.0,0.0,0.0,0.0,0.0,0.0,0.0,128.31,128.31,128.31,128.31,128.31,128.31,,,,4,5,30,128.31,0.0,SAME,1.0
BFAL,2025-06-02,128.31,128.31,128.31,128.31,128.31,128.31,0.0,0.0,0.0,0.0,0.0,0.0,0.0,0.0,128.31,128.31,128.31,128.3100000000025,128.310000331605,128.31146978292384,0.0,0.0,0.0,0.0,0.0,0.0,0.0,0.0,0.0,128.31,128.31,128.31,128.31,128.31,128.31,,,,0,6,2,128.31,0.0,SAME,1.0
BFAL,2025-06-03,128.31,128.31,128.31,128.31,128.31,128.31,0.0,0.0,0.0,0.0,0.0,0.0,0.0,0.0,128.31,128.31,128.31,128.31000000000125,128.31000022107003,128.31120254966496,0.0,0.0,0.0,0.0,0.0,0.0,0.0,0.0,0.0,128.31,128.31,128.31,128.31,128.31,128.31,,,,1,6,3,128.31,0.0,SAME,1.0
BFAL,2025-06-04,128.31,128.31,128.31,128.31,128.31,128.31,0.0,0.0,0.0,0.0,0.0,0.0,0.0,0.0,128.31,128.31,128.31,128.31000000000063,128.31000014738004,128.31098390427132,0.0,0.0,0.0,0.0,0.0,0.0,0.0,0.0,0.0,128.31,128.31,128.31,128.31,128.31,128.31,,,,2,6,4,128.31,0.0,SAME,1.0
BFAL,2025-06-05,128.31,128.31,128.31,128.31,128.31,128.31,0.0,0.0,0.0,0.0,0.0,0.0,0.0,0.0,128.31,128.31,128.31,128.31000000000031,128.31000009825337,128.31080501258563,0.0,0.0,0.0,0.0,0.0,0.0,0.0,0.0,0.0,128.31,128.31,128.31,128.31,128.31,128.31,,,,3,6,5,128.31,0.0,SAME,1.0
BFAL,2025-06-06,128.31,128.31,128.31,128.31,128.31,128.31,0.0,0.0,0.0,0.0,0.0,0.0,0.0,0.0,128.31,128.31,128.31,128.31000000000017,128.31000006550227,128.31065864666098,0.0,0.0,0.0,0.0,0.0,0.0,0.0,0.0,0.0,128.31,128.31,128.31,128.31,128.31,128.31,,,,4,6,6,128.31,0.0,SAME,1.0
BFAL,2025-06-09,128.31,128.31,128.31,128.31,128.31,128.31,0.0,0.0,0.0,0.0,0.0,0.0,0.0,0.0,128.31,128.31,128.31,128.3100000000001,128.3100000436682,128.31053889272263,0.0,0.0,0.0,0.0,0.0,0.0,0.0,0.0,0.0,128.31,128.31,128.31,128.31,128.31,128.31,,,,0,6,9,128.31,0.0,SAME,1.0
BFAL,2025-06-10,128.31,128.31,128.31,128.31,128.31,128.31,0.0,0.0,0.0,0.0,0.0,0.0,0.0,0.0,128.31,128.31,128.31,128.31000000000006,128.31000002911213,128.31044091222762,0.0,0.0,0.0,0.0,0.0,0.0,0.0,0.0,0.0,128.31,128.31,128.31,128.31,128.31,128.31,,,,1,6,10,128.31,0.0,SAME,1.0
BFAL,2025-06-12,128.31,128.31,128.31,128.31,128.31,128.31,0.0,0.0,0.0,0.0,0.0,0.0,0.0,0.0,128.31,128.31,128.31,128.31000000000003,128.3100000194081,128.31036074636805,0.0,0.0,0.0,0.0,0.0,0.0,0.0,0.0,0.0,128.31,128.31,128.31,128.31,128.31,128.31,,,,3,6,12,128.31,0.0,SAME,1.0
BFAL,2025-06-13,128.31,128.31,128.31,128.31,128.31,128.31,0.0,0.0,0.0,0.0,0.0,0.0,0.0,0.0,128.31,128.31,128.31,128.31,128.31000001293876,128.3102951561193,0.0,0.0,0.0,0.0,0.0,0.0,0.0,0.0,0.0,128.31,128.31,128.31,128.31,128.31,128.31,,,,4,6,13,128.31,0.0,SAME,1.0
BFAL,2025-06-16,128.31,128.31,128.31,128.31,128.31,128.31,0.0,0.0,0.0,0.0,0.0,0.0,0.0,0.0,128.31,128.31,128.31,128.31,128.31000000862585,128.31024149137033,0.0,0.0,0.0,0.0,0.0,0.0,0.0,0.0,0.0,128.31,128.31,128.31,128.31,128.31,128.31,,,,0,6,16,128.31,0.0,SAME,1.0
BFAL,2025-06-17,128.31,128.31,128.31,128.31,128.31,128.31,0.0,0.0,0.0,0.0,0.0,0.0,0.0,0.0,128.31,128.31,128.31,128.31,128.31000000575057,128.31019758384846,0.0,0.0,0.0,0.0,0.0,0.0,0.0,0.0,0.0,128.31,128.31,128.31,128.31,128.31,128.31,,,,1,6,17,128.31,0.0,SAME,1.0
BFAL,2025-06-18,128.31,128.31,128.31,128.31,128.31,128.31,0.0,0.0,0.0,0.0,0.0,0.0,0.0,0.0,128.31,128.31,128.31,128.31,128.31000000383372,128.31016165951237,0.0,0.0,0.0,0.0,0.0,0.0,0.0,0.0,0.0,128.31,128.31,128.31,128.31,128.31,128.31,,,,2,6,18,128.31,0.0,SAME,1.0
BFAL,2025-06-19,128.31,128.31,128.31,128.31,128.31,128.31,0.0,0.0,0.0,0.0,0.0,0.0,0.0,0.0,128.31,128.31,128.31,128.31,128.31000000255582,128.31013226687375,0.0,0.0,0.0,0.0,0.0,0.0,0.0,0.0,0.0,128.31,128.31,128.31,128.31,128.31,128.31,,,,3,6,19,128.31,0.0,SAME,1.0
BFAL,2025-06-20,128.31,128.31,128.31,128.31,128.31,128.31,0.0,0.0,0.0,0.0,0.0,0.0,0.0,0.0,128.31,128.31,128.31,128.31,128.31000000170388,128.31010821835125,0.0,0.0,0.0,0.0,0.0,0.0,0.0,0.0,0.0,128.31,128.31,128.31,128.31,128.31,128.31,,,,4,6,20,128.31,0.0,SAME,1.0
BFAL,2025-06-23,128.31,128.31,128.31,128.31,128.31,128.31,0.0,0.0,0.0,0.0,0.0,0.0,0.0,0.0,128.31,128.31,128.31,128.31,128.31000000113593,128.3100885422874,0.0,0.0,0.0,0.0,0.0,0.0,0.0,0.0,0.0,128.31,128.31,128.31,128.31,128.31,128.31,,,,0,6,23,128.31,0.0,SAME,1.0
BFAL,2025-06-24,128.31,128.31,128.31,128.31,128.31,128.31,0.0,0.0,0.0,0.0,0.0,0.0,0.0,0.0,128.31,128.31,128.31,128.31,128.3100000007573,128.31007244368968,0.0,0.0,0.0,0.0,0.0,0.0,0.0,0.0,0.0,128.31,128.31,128.31,128.31,128.31,128.31,,,,1,6,24,128.31,0.0,SAME,1.0
BFAL,2025-06-25,128.31,128.31,128.31,128.31,128.31,128.31,0.0,0.0,0.0,0.0,0.0,0.0,0.0,0.0,128.31,128.31,128.31,128.31,128.31000000050489,128.31005927210973,0.0,0.0,0.0,0.0,0.0,0.0,0.0,0.0,0.0,128.31,128.31,128.31,128.31,128.31,128.31,,,,2,6,25,128.31,0.0,SAME,1.0
BFAL,2025-06-26,128.31,128.31,128.31,128.31,128.31,128.31,0.0,0.0,0.0,0.0,0.0,0.0,0.0,0.0,128.31,128.31,128.31,128.31,128.3100000003366,128.3100484953625,0.0,0.0,0.0,0.0,0.0,0.0,0.0,0.0,0.0,128.31,128.31,128.31,128.31,128.31,128.31,,,,3,6,26,128.31,0.0,SAME,1.0
BFAL,2025-06-27,128.31,128.31,128.31,128.31,128.31,128.31,0.0,0.0,0.0,0.0,0.0,0.0,0.0,0.0,128.31,128.31,128.31,128.31,128.31000000022442,128.31003967802386,0.0,0.0,0.0,0.0,0.0,0.0,0.0,0.0,0.0,128.31,128.31,128.31,128.31,128.31,128.31,,,,4,6,27,128.31,0.0,SAME,1.0
BFAL,2025-06-30,128.31,128.31,128.31,128.31,128.31,128.31,0.0,0.0,0.0,0.0,0.0,0.0,0.0,0.0,128.31,128.31,128.31,128.31,128.3100000001496,128.3100324638377,0.0,0.0,0.0,0.0,0.0,0.0,0.0,0.0,0.0,128.31,128.31,128.31,128.31,128.31,128.31,,,,0,6,30,128.31,0.0,SAME,1.0
BFAL,2025-07-01,128.31,128.31,128.31,128.31,128.31,128.31,0.0,0.0,0.0,0.0,0.0,0.0,0.0,0.0,128.31,128.31,128.31,128.31,128.31000000009976,128.31002656132176,0.0,0.0,0.0,0.0,0.0,0.0,0.0,0.0,0.0,128.31,128.31,128.31,128.31,128.31,128.31,,,,1,7,1,128.31,0.0,SAME,1.0
BFAL,2025-07-02,128.31,128.31,128.31,128.31,128.31,128.31,0.0,0.0,0.0,0.0,0.0,0.0,0.0,0.0,128.31,128.31,128.31,128.31,128.3100000000665,128.31002173199053,0.0,0.0,0.0,0.0,0.0,0.0,0.0,0.0,0.0,128.31,128.31,128.31,128.31,128.31,128.31,,,,2,7,2,128.31,0.0,SAME,1.0
BFAL,2025-07-03,128.31,128.31,128.31,128.31,128.31,128.31,0.0,0.0,0.0,0.0,0.0,0.0,0.0,0.0,128.31,128.31,128.31,128.31,128.31000000004434,128.31001778071953,0.0,0.0,0.0,0.0,0.0,0.0,0.0,0.0,0.0,128.31,128.31,128.31,128.31,128.31,128.31,,,,3,7,3,128.31,0.0,SAME,1.0
BFAL,2025-07-04,128.31,128.31,128.31,128.31,128.31,128.31,0.0,0.0,0.0,0.0,0.0,0.0,0.0,0.0,128.31,128.31,128.31,128.31,128.31000000002956,128.31001454786144,0.0,0.0,0.0,0.0,0.0,0.0,0.0,0.0,0.0,128.31,128.31,128.31,128.31,128.31,128.31,,,,4,7,4,128.31,0.0,SAME,1.0
BFAL,2025-07-07,128.31,128.31,128.31,128.31,128.31,128.31,0.0,0.0,0.0,0.0,0.0,0.0,0.0,0.0,128.31,128.31,128.31,128.31,128.31000000001973,128.31001190279574,0.0,0.0,0.0,0.0,0.0,0.0,0.0,0.0,0.0,128.31,128.31,128.31,128.31,128.31,128.31,,,,0,7,7,128.31,0.0,SAME,1.0
BFAL,2025-07-08,128.31,128.31,128.31,128.31,128.31,128.31,0.0,0.0,0.0,0.0,0.0,0.0,0.0,0.0,128.31,128.31,128.31,128.31,128.31000000001316,128.31000973865105,0.0,0.0,0.0,0.0,0.0,0.0,0.0,0.0,0.0,128.31,128.31,128.31,128.31,128.31,128.31,,,,1,7,8,128.31,0.0,SAME,1.0
BFAL,2025-07-09,128.31,128.31,128.31,128.31,128.31,128.31,0.0,0.0,0.0,0.0,0.0,0.0,0.0,0.0,128.31,128.31,128.31,128.31,128.31000000000878,128.31000796798722,0.0,0.0,0.0,0.0,0.0,0.0,0.0,0.0,0.0,128.31,128.31,128.31,128.31,128.31,128.31,,,,2,7,9,128.31,0.0,SAME,1.0
BFAL,2025-07-10,128.31,128.31,128.31,128.31,128.31,128.31,0.0,0.0,0.0,0.0,0.0,0.0,0.0,0.0,128.31,128.31,128.31,128.31,128.31000000000586,128.31000651926226,0.0,0.0,0.0,0.0,0.0,0.0,0.0,0.0,0.0,128.31,128.31,128.31,128.31,128.31,128.31,,,,3,7,10,128.31,0.0,SAME,1.0
BFAL,2025-07-11,128.31,128.31,128.31,128.31,128.31,128.31,0.0,0.0,0.0,0.0,0.0,0.0,0.0,0.0,128.31,128.31,128.31,128.31,128.31000000000392,128.31000533394186,0.0,0.0,0.0,0.0,0.0,0.0,0.0,0.0,0.0,128.31,128.31,128.31,128.31,128.31,128.31,,,,4,7,11,128.31,0.0,SAME,1.0
BFAL,2025-07-14,128.31,128.31,128.31,128.31,128.31,128.31,0.0,0.0,0.0,0.0,0.0,0.0,0.0,0.0,128.31,128.31,128.31,128.31,128.31000000000262,128.31000436413424,0.0,0.0,0.0,0.0,0.0,0.0,0.0,0.0,0.0,128.31,128.31,128.31,128.31,128.31,128.31,,,,0,7,14,128.31,0.0,SAME,1.0
BFAL,2025-07-15,128.31,128.31,128.31,128.31,128.31,128.31,0.0,0.0,0.0,0.0,0.0,0.0,0.0,0.0,128.31,128.31,128.31,128.31,128.31000000000176,128.31000357065528,0.0,0.0,0.0,0.0,0.0,0.0,0.0,0.0,0.0,128.31,128.31,128.31,128.31,128.31,128.31,,,,1,7,15,128.31,0.0,SAME,1.0
BFAL,2025-07-16,128.31,128.31,128.31,128.31,128.31,128.31,0.0,0.0,0.0,0.0,0.0,0.0,0.0,0.0,128.31,128.31,128.31,128.31,128.3100000000012,128.31000292144523,0.0,0.0,0.0,0.0,0.0,0.0,0.0,0.0,0.0,128.31,128.31,128.31,128.31,128.31,128.31,,,,2,7,16,128.31,0.0,SAME,1.0
BFAL,2025-07-17,128.31,128.31,128.31,128.31,128.31,128.31,0.0,0.0,0.0,0.0,0.0,0.0,0.0,0.0,128.31,128.31,128.31,128.31,128.3100000000008,128.31000239027338,0.0,0.0,0.0,0.0,0.0,0.0,0.0,0.0,0.0,128.31,128.31,128.31,128.31,128.31,128.31,,,,3,7,17,128.31,0.0,SAME,1.0
BFAL,2025-07-18,128.31,128.31,128.31,128.31,128.31,128.31,0.0,0.0,0.0,0.0,0.0,0.0,0.0,0.0,128.31,128.31,128.31,128.31,128.31000000000054,128.31000195567822,0.0,0.0,0.0,0.0,0.0,0.0,0.0,0.0,0.0,128.31,128.31,128.31,128.31,128.31,128.31,,,,4,7,18,128.31,0.0,SAME,1.0
BFAL,2025-07-21,128.31,128.31,128.31,128.31,128.31,128.31,0.0,0.0,0.0,0.0,0.0,0.0,0.0,0.0,128.31,128.31,128.31,128.31,128.31000000000037,128.31000160010035,0.0,0.0,0.0,0.0,0.0,0.0,0.0,0.0,0.0,128.31,128.31,128.31,128.31,128.31,128.31,,,,0,7,21,128.31,0.0,SAME,1.0
BFAL,2025-07-22,128.31,128.31,128.31,128.31,128.31,128.31,0.0,0.0,0.0,0.0,0.0,0.0,0.0,0.0,128.31,128.31,128.31,128.31,128.31000000000026,128.310001309173,0.0,0.0,0.0,0.0,0.0,0.0,0.0,0.0,0.0,128.31,128.31,128.31,128.31,128.31,128.31,,,,1,7,22,128.31,0.0,SAME,1.0
BFAL,2025-07-23,128.31,128.31,128.31,128.31,128.31,128.31,0.0,0.0,0.0,0.0,0.0,0.0,0.0,0.0,128.31,128.31,128.31,128.31,128.31000000000017,128.31000107114156,0.0,0.0,0.0,0.0,0.0,0.0,0.0,0.0,0.0,128.31,128.31,128.31,128.31,128.31,128.31,,,,2,7,23,128.31,0.0,SAME,1.0
BFAL,2025-07-24,128.31,128.31,128.31,128.31,128.31,128.31,0.0,0.0,0.0,0.0,0.0,0.0,0.0,0.0,128.31,128.31,128.31,128.31,128.31000000000012,128.31000087638856,0.0,0.0,0.0,0.0,0.0,0.0,0.0,0.0,0.0,128.31,128.31,128.31,128.31,128.31,128.31,,,,3,7,24,128.31,0.0,SAME,1.0
BFAL,2025-07-25,128.31,128.31,128.31,128.31,128.31,128.31,0.0,0.0,0.0,0.0,0.0,0.0,0.0,0.0,128.31,128.31,128.31,128.31,128.3100000000001,128.31000071704517,0.0,0.0,0.0,0.0,0.0,0.0,0.0,0.0,0.0,128.31,128.31,128.31,128.31,128.31,128.31,,,,4,7,25,128.31,0.0,SAME,1.0
BFAL,2025-07-29,128.31,128.31,128.31,128.31,128.31,128.31,0.0,0.0,0.0,0.0,0.0,0.0,0.0,0.0,128.31,128.31,128.31,128.31,128.31000000000006,128.3100005866733,0.0,0.0,0.0,0.0,0.0,0.0,0.0,0.0,0.0,128.31,128.31,128.31,128.31,128.31,128.31,,,,1,7,29,128.31,0.0,SAME,1.0
BFAL,2025-07-30,128.31,128.31,128.31,128.31,128.31,128.31,0.0,0.0,0.0,0.0,0.0,0.0,0.0,0.0,128.31,128.31,128.31,128.31,128.31000000000006,128.31000048000544,0.0,0.0,0.0,0.0,0.0,0.0,0.0,0.0,0.0,128.31,128.31,128.31,128.31,128.31,128.31,,,,2,7,30,128.31,0.0,SAME,1.0
BFAL,2025-07-31,128.31,128.31,128.31,128.31,128.31,128.31,0.0,0.0,0.0,0.0,0.0,0.0,0.0,0.0,128.31,128.31,128.31,128.31,128.31000000000006,128.31000039273172,0.0,0.0,0.0,0.0,0.0,0.0,0.0,0.0,0.0,128.31,128.31,128.31,128.31,128.31,128.31,,,,3,7,31,128.31,0.0,SAME,1.0
BFAL,2025-08-01,128.31,128.31,128.31,128.31,128.31,128.31,0.0,0.0,0.0,0.0,0.0,0.0,0.0,0.0,128.31,128.31,128.31,128.31,128.31000000000006,128.31000032132596,0.0,0.0,0.0,0.0,0.0,0.0,0.0,0.0,0.0,128.31,128.31,128.31,128.31,128.31,128.31,,,,4,8,1,128.31,0.0,SAME,1.0
BFAL,2025-08-04,128.31,128.31,128.31,128.31,128.31,128.31,0.0,0.0,0.0,0.0,0.0,0.0,0.0,0.0,128.31,128.31,128.31,128.31,128.31000000000006,128.31000026290306,0.0,0.0,0.0,0.0,0.0,0.0,0.0,0.0,0.0,128.31,128.31,128.31,128.31,128.31,128.31,,,,0,8,4,128.31,0.0,SAME,1.0
BFAL,2025-08-05,128.31,128.31,128.31,128.31,128.31,128.31,0.0,0.0,0.0,0.0,0.0,0.0,0.0,0.0,128.31,128.31,128.31,128.31,128.31000000000006,128.3100002151025,0.0,0.0,0.0,0.0,0.0,0.0,0.0,0.0,0.0,128.31,128.31,128.31,128.31,128.31,128.31,,,,1,8,5,128.31,0.0,SAME,1.0
BFAL,2025-08-06,128.31,128.31,128.31,128.31,128.31,128.31,0.0,0.0,0.0,0.0,0.0,0.0,0.0,0.0,128.31,128.31,128.31,128.31,128.31000000000006,128.31000017599294,0.0,0.0,0.0,0.0,0.0,0.0,0.0,0.0,0.0,128.31,128.31,128.31,128.31,128.31,128.31,,,,2,8,6,128.31,0.0,SAME,1.0
BFAL,2025-08-07,128.31,128.31,128.31,128.31,128.31,128.31,0.0,0.0,0.0,0.0,0.0,0.0,0.0,0.0,128.31,128.31,128.31,128.31,128.31000000000006,128.31000014399422,0.0,0.0,0.0,0.0,0.0,0.0,0.0,0.0,0.0,128.31,128.31,128.31,128.31,128.31,128.31,,,,3,8,7,128.31,0.0,SAME,1.0
BFAL,2025-08-08,128.31,128.31,128.31,128.31,128.31,128.31,0.0,0.0,0.0,0.0,0.0,0.0,0.0,0.0,128.31,128.31,128.31,128.31,128.31000000000006,128.31000011781344,0.0,0.0,0.0,0.0,0.0,0.0,0.0,0.0,0.0,128.31,128.31,128.31,128.31,128.31,128.31,,,,4,8,8,128.31,0.0,SAME,1.0
BFAL,2025-08-11,128.31,128.31,128.31,128.31,128.31,128.31,0.0,0.0,0.0,0.0,0.0,0.0,0.0,0.0,128.31,128.31,128.31,128.31,128.31000000000006,128.31000009639283,0.0,0.0,0.0,0.0,0.0,0.0,0.0,0.0,0.0,128.31,128.31,128.31,128.31,128.31,128.31,,,,0,8,11,128.31,0.0,SAME,1.0
BFAL,2025-08-12,128.31,128.31,128.31,128.31,128.31,128.31,0.0,0.0,0.0,0.0,0.0,0.0,0.0,0.0,128.31,128.31,128.31,128.31,128.31000000000006,128.31000007886686,0.0,0.0,0.0,0.0,0.0,0.0,0.0,0.0,0.0,128.31,128.31,128.31,128.31,128.31,128.31,,,,1,8,12,128.31,0.0,SAME,1.0
BFAL,2025-08-13,128.31,128.31,128.31,128.31,128.31,128.31,0.0,0.0,0.0,0.0,0.0,0.0,0.0,0.0,128.31,128.31,128.31,128.31,128.31000000000006,128.31000006452743,0.0,0.0,0.0,0.0,0.0,0.0,0.0,0.0,0.0,128.31,128.31,128.31,128.31,128.31,128.31,,,,2,8,13,128.31,0.0,SAME,1.0
BFAL,2025-08-14,128.31,128.31,128.31,128.31,128.31,128.31,0.0,0.0,0.0,0.0,0.0,0.0,0.0,0.0,128.31,128.31,128.31,128.31,128.31000000000006,128.31000005279517,0.0,0.0,0.0,0.0,0.0,0.0,0.0,0.0,0.0,128.31,128.31,128.31,128.31,128.31,128.31,,,,3,8,14,128.31,0.0,SAME,1.0
BFAL,2025-08-15,128.31,128.31,128.31,128.31,128.31,128.31,0.0,0.0,0.0,0.0,0.0,0.0,0.0,0.0,128.31,128.31,128.31,128.31,128.31000000000006,128.31000004319606,0.0,0.0,0.0,0.0,0.0,0.0,0.0,0.0,0.0,128.31,128.31,128.31,128.31,128.31,128.31,,,,4,8,15,128.31,0.0,SAME,1.0
BFAL,2025-08-18,128.31,128.31,128.31,128.31,128.31,128.31,0.0,0.0,0.0,0.0,0.0,0.0,0.0,0.0,128.31,128.31,128.31,128.31,128.31000000000006,128.31000003534223,0.0,0.0,0.0,0.0,0.0,0.0,0.0,0.0,0.0,128.31,128.31,128.31,128.31,128.31,128.31,,,,0,8,18,128.31,0.0,SAME,1.0
BFAL,2025-08-19,128.31,128.31,128.31,128.31,128.31,128.31,0.0,0.0,0.0,0.0,0.0,0.0,0.0,0.0,128.31,128.31,128.31,128.31,128.31000000000006,128.31000002891636,0.0,0.0,0.0,0.0,0.0,0.0,0.0,0.0,0.0,128.31,128.31,128.31,128.31,128.31,128.31,,,,1,8,19,128.31,0.0,SAME,1.0
BFAL,2025-08-20,128.31,128.31,128.31,128.31,128.31,128.31,0.0,0.0,0.0,0.0,0.0,0.0,0.0,0.0,128.31,128.31,128.31,128.31,128.31000000000006,128.31000002365883,0.0,0.0,0.0,0.0,0.0,0.0,0.0,0.0,0.0,128.31,128.31,128.31,128.31,128.31,128.31,,,,2,8,20,128.31,0.0,SAME,1.0
BFAL,2025-08-21,128.31,128.31,128.31,128.31,128.31,128.31,0.0,0.0,0.0,0.0,0.0,0.0,0.0,0.0,128.31,128.31,128.31,128.31,128.31000000000006,128.31000001935723,0.0,0.0,0.0,0.0,0.0,0.0,0.0,0.0,0.0,128.31,128.31,128.31,128.31,128.31,128.31,,,,3,8,21,128.31,0.0,SAME,1.0
BFAL,2025-08-22,128.31,128.31,128.31,128.31,128.31,128.31,0.0,0.0,0.0,0.0,0.0,0.0,0.0,0.0,128.31,128.31,128.31,128.31,128.31000000000006,128.31000001583774,0.0,0.0,0.0,0.0,0.0,0.0,0.0,0.0,0.0,128.31,128.31,128.31,128.31,128.31,128.31,,,,4,8,22,114.9,-13.409999999999997,DOWN,0.0
BFAL,2025-08-25,114.9,128.31,128.31,128.31,128.31,128.31,-13.409999999999997,-13.409999999999997,-13.409999999999997,-0.10451250876782792,-0.10451250876782792,-0.10451250876782792,-0.11038702605221695,-0.11038702605221695,123.83999999999999,125.628,126.96900000000001,121.605,123.84000000000005,125.87181819477632,0.060340325070788695,0.0467394148207812,0.033049757168465414,-13.409999999999997,-0.10451250876782789,-13.409999999999997,-0.10451250876782789,-13.409999999999997,-0.10451250876782789,114.9,128.31,114.9,128.31,114.9,128.31,0.0,0.0,0.0,0,8,25,114.9,0.0,SAME,1.0
BFAL,2025-08-26,114.9,114.9,128.31,128.31,128.31,128.31,0.0,-13.409999999999997,-13.409999999999997,0.0,-0.10451250876782792,-0.10451250876782792,0.0,-0.11038702605221695,119.37,122.946,125.62800000000001,118.2525,120.86000000000004,123.87694215936244,0.060340325070788695,0.0467394148207812,0.033049757168465414,-13.409999999999997,-0.10451250876782789,-13.409999999999997,-0.10451250876782789,-13.409999999999997,-0.10451250876782789,114.9,128.31,114.9,128.31,114.9,128.31,0.0,0.0,0.0,1,8,26,114.9,0.0,SAME,1.0
BFAL,2025-08-27,114.9,114.9,114.9,128.31,128.31,128.31,0.0,0.0,-13.409999999999997,0.0,0.0,-0.10451250876782792,0.0,0.0,114.9,120.26400000000001,124.28699999999999,116.57625,118.87333333333336,122.24477085766017,0.060340325070788695,0.0467394148207812,0.033049757168465414,-13.409999999999997,-0.10451250876782789,-13.409999999999997,-0.10451250876782789,-13.409999999999997,-0.10451250876782789,114.9,114.9,114.9,128.31,114.9,128.31,,0.0,0.0,2,8,27,114.9,0.0,SAME,1.0
BFAL,2025-08-28,114.9,114.9,114.9,114.9,128.31,128.31,0.0,0.0,0.0,0.0,0.0,0.0,0.0,0.0,114.9,117.58200000000002,122.946,115.738125,117.54888888888891,120.90935797444922,0.0,0.0467394148207812,0.033049757168465414,0.0,0.0,-13.409999999999997,-0.10451250876782789,-13.409999999999997,-0.10451250876782789,114.9,114.9,114.9,128.31,114.9,128.31,,0.0,0.0,3,8,28,114.9,0.0,SAME,1.0
BFAL,2025-08-29,114.9,114.9,114.9,114.9,128.31,128.31,0.0,0.0,0.0,0.0,0.0,0.0,0.0,0.0,114.9,114.9,121.60500000000002,115.3190625,116.66592592592595,119.81674743364026,0.0,0.0467394148207812,0.033049757168465414,0.0,0.0,-13.409999999999997,-0.10451250876782789,-13.409999999999997,-0.10451250876782789,114.9,114.9,114.9,114.9,114.9,128.31,,,0.0,4,8,29,114.9,0.0,SAME,1.0
BFAL,2025-09-01,114.9,114.9,114.9,114.9,114.9,128.31,0.0,0.0,0.0,0.0,0.0,0.0,0.0,0.0,114.9,114.9,120.26400000000001,115.10953125,116.0772839506173,118.92279335479657,0.0,0.0,0.033049757168465414,0.0,0.0,0.0,0.0,-13.409999999999997,-0.10451250876782789,114.9,114.9,114.9,114.9,114.9,128.31,,,0.0,0,9,1,114.9,0.0,SAME,1.0
BFAL,2025-09-02,114.9,114.9,114.9,114.9,114.9,128.31,0.0,0.0,0.0,0.0,0.0,0.0,0.0,0.0,114.9,114.9,118.923,115.004765625,115.6848559670782,118.19137638119719,0.0,0.0,0.033049757168465414,0.0,0.0,0.0,0.0,-13.409999999999997,-0.10451250876782789,114.9,114.9,114.9,114.9,114.9,128.31,,,0.0,1,9,2,114.9,0.0,SAME,1.0
BFAL,2025-09-03,114.9,114.9,114.9,114.9,114.9,128.31,0.0,0.0,0.0,0.0,0.0,0.0,0.0,0.0,114.9,114.9,117.58200000000002,114.9523828125,115.42323731138548,117.5929443118886,0.0,0.0,0.033049757168465414,0.0,0.0,0.0,0.0,-13.409999999999997,-0.10451250876782789,114.9,114.9,114.9,114.9,114.9,128.31,,,0.0,2,9,3,114.9,0.0,SAME,1.0
BFAL,2025-09-04,114.9,114.9,114.9,114.9,114.9,128.31,0.0,0.0,0.0,0.0,0.0,0.0,0.0,0.0,114.9,114.9,116.24100000000001,114.92619140625001,115.248824874257,117.1033180733634,0.0,0.0,0.033049757168465414,0.0,0.0,0.0,0.0,-13.409999999999997,-0.10451250876782789,114.9,114.9,114.9,114.9,114.9,128.31,,,0.0,3,9,4,114.9,0.0,SAME,1.0
BFAL,2025-09-05,114.9,114.9,114.9,114.9,114.9,128.31,0.0,0.0,0.0,0.0,0.0,0.0,0.0,0.0,114.9,114.9,114.9,114.91309570312501,115.13254991617134,116.70271478729732,0.0,0.0,0.033049757168465414,0.0,0.0,0.0,0.0,-13.409999999999997,-0.10451250876782789,114.9,114.9,114.9,114.9,114.9,114.9,,,,4,9,5,114.9,0.0,SAME,1.0
BFAL,2025-09-08,114.9,114.9,114.9,114.9,114.9,114.9,0.0,0.0,0.0,0.0,0.0,0.0,0.0,0.0,114.9,114.9,114.9,114.90654785156251,115.05503327744756,116.37494846233417,0.0,0.0,0.0,0.0,0.0,0.0,0.0,0.0,0.0,114.9,114.9,114.9,114.9,114.9,114.9,,,,0,9,8,114.9,0.0,SAME,1.0
BFAL,2025-09-09,114.9,114.9,114.9,114.9,114.9,114.9,0.0,0.0,0.0,0.0,0.0,0.0,0.0,0.0,114.9,114.9,114.9,114.90327392578126,115.00335551829838,116.10677601463705,0.0,0.0,0.0,0.0,0.0,0.0,0.0,0.0,0.0,114.9,114.9,114.9,114.9,114.9,114.9,,,,1,9,9,114.9,0.0,SAME,1.0
BFAL,2025-09-10,114.9,114.9,114.9,114.9,114.9,114.9,0.0,0.0,0.0,0.0,0.0,0.0,0.0,0.0,114.9,114.9,114.9,114.90163696289063,114.96890367886559,115.88736219379395,0.0,0.0,0.0,0.0,0.0,0.0,0.0,0.0,0.0,114.9,114.9,114.9,114.9,114.9,114.9,,,,2,9,10,114.9,0.0,SAME,1.0
BFAL,2025-09-11,114.9,114.9,114.9,114.9,114.9,114.9,0.0,0.0,0.0,0.0,0.0,0.0,0.0,0.0,114.9,114.9,114.9,114.90081848144533,114.9459357859104,115.70784179492232,0.0,0.0,0.0,0.0,0.0,0.0,0.0,0.0,0.0,114.9,114.9,114.9,114.9,114.9,114.9,,,,3,9,11,114.9,0.0,SAME,1.0
BFAL,2025-09-12,114.9,114.9,114.9,114.9,114.9,114.9,0.0,0.0,0.0,0.0,0.0,0.0,0.0,0.0,114.9,114.9,114.9,114.90040924072267,114.9306238572736,115.5609614685728,0.0,0.0,0.0,0.0,0.0,0.0,0.0,0.0,0.0,114.9,114.9,114.9,114.9,114.9,114.9,,,,4,9,12,114.9,0.0,SAME,1.0
BFAL,2025-09-15,114.9,114.9,114.9,114.9,114.9,114.9,0.0,0.0,0.0,0.0,0.0,0.0,0.0,0.0,114.9,114.9,114.9,114.90020462036134,114.92041590484908,115.440786656105,0.0,0.0,0.0,0.0,0.0,0.0,0.0,0.0,0.0,114.9,114.9,114.9,114.9,114.9,114.9,,,,0,9,15,114.9,0.0,SAME,1.0
BFAL,2025-09-16,114.9,114.9,114.9,114.9,114.9,114.9,0.0,0.0,0.0,0.0,0.0,0.0,0.0,0.0,114.9,114.9,114.9,114.90010231018067,114.91361060323273,115.34246180954045,0.0,0.0,0.0,0.0,0.0,0.0,0.0,0.0,0.0,114.9,114.9,114.9,114.9,114.9,114.9,,,,1,9,16,114.9,0.0,SAME,1.0
BFAL,2025-09-17,114.9,114.9,114.9,114.9,114.9,114.9,0.0,0.0,0.0,0.0,0.0,0.0,0.0,0.0,114.9,114.9,114.9,114.90005115509034,114.90907373548849,115.26201420780582,0.0,0.0,0.0,0.0,0.0,0.0,0.0,0.0,0.0,114.9,114.9,114.9,114.9,114.9,114.9,,,,2,9,17,114.9,0.0,SAME,1.0
BFAL,2025-09-18,114.9,114.9,114.9,114.9,114.9,114.9,0.0,0.0,0.0,0.0,0.0,0.0,0.0,0.0,114.9,114.9,114.9,114.90002557754516,114.90604915699234,115.19619344275021,0.0,0.0,0.0,0.0,0.0,0.0,0.0,0.0,0.0,114.9,114.9,114.9,114.9,114.9,114.9,,,,3,9,18,114.9,0.0,SAME,1.0
BFAL,2025-09-19,114.9,114.9,114.9,114.9,114.9,114.9,0.0,0.0,0.0,0.0,0.0,0.0,0.0,0.0,114.9,114.9,114.9,114.90001278877259,114.90403277132823,115.14234008952289,0.0,0.0,0.0,0.0,0.0,0.0,0.0,0.0,0.0,114.9,114.9,114.9,114.9,114.9,114.9,,,,4,9,19,114.9,0.0,SAME,1.0
BFAL,2025-09-22,114.9,114.9,114.9,114.9,114.9,114.9,0.0,0.0,0.0,0.0,0.0,0.0,0.0,0.0,114.9,114.9,114.9,114.9000063943863,114.90268851421882,115.09827825506417,0.0,0.0,0.0,0.0,0.0,0.0,0.0,0.0,0.0,114.9,114.9,114.9,114.9,114.9,114.9,,,,0,9,22,114.9,0.0,SAME,1.0
BFAL,2025-09-24,114.9,114.9,114.9,114.9,114.9,114.9,0.0,0.0,0.0,0.0,0.0,0.0,0.0,0.0,114.9,114.9,114.9,114.90000319719314,114.90179234281256,115.06222766323431,0.0,0.0,0.0,0.0,0.0,0.0,0.0,0.0,0.0,114.9,114.9,114.9,114.9,114.9,114.9,,,,2,9,24,114.9,0.0,SAME,1.0
BFAL,2025-09-25,114.9,114.9,114.9,114.9,114.9,114.9,0.0,0.0,0.0,0.0,0.0,0.0,0.0,0.0,114.9,114.9,114.9,114.90000159859657,114.90119489520838,115.03273172446443,0.0,0.0,0.0,0.0,0.0,0.0,0.0,0.0,0.0,114.9,114.9,114.9,114.9,114.9,114.9,,,,3,9,25,114.9,0.0,SAME,1.0
BFAL,2025-09-26,114.9,114.9,114.9,114.9,114.9,114.9,0.0,0.0,0.0,0.0,0.0,0.0,0.0,0.0,114.9,114.9,114.9,114.90000079929828,114.90079659680559,115.0085986836527,0.0,0.0,0.0,0.0,0.0,0.0,0.0,0.0,0.0,114.9,114.9,114.9,114.9,114.9,114.9,,,,4,9,26,114.9,0.0,SAME,1.0
BFAL,2025-09-29,114.9,114.9,114.9,114.9,114.9,114.9,0.0,0.0,0.0,0.0,0.0,0.0,0.0,0.0,114.9,114.9,114.9,114.90000039964914,114.90053106453706,114.98885346844311,0.0,0.0,0.0,0.0,0.0,0.0,0.0,0.0,0.0,114.9,114.9,114.9,114.9,114.9,114.9,,,,0,9,29,114.9,0.0,SAME,1.0
BFAL,2025-09-30,114.9,114.9,114.9,114.9,114.9,114.9,0.0,0.0,0.0,0.0,0.0,0.0,0.0,0.0,114.9,114.9,114.9,114.90000019982458,114.90035404302472,114.97269829236254,0.0,0.0,0.0,0.0,0.0,0.0,0.0,0.0,0.0,114.9,114.9,114.9,114.9,114.9,114.9,,,,1,9,30,114.9,0.0,SAME,1.0
BFAL,2025-10-01,114.9,114.9,114.9,114.9,114.9,114.9,0.0,0.0,0.0,0.0,0.0,0.0,0.0,0.0,114.9,114.9,114.9,114.90000009991229,114.90023602868315,114.95948042102388,0.0,0.0,0.0,0.0,0.0,0.0,0.0,0.0,0.0,114.9,114.9,114.9,114.9,114.9,114.9,,,,2,10,1,114.9,0.0,SAME,1.0
BFAL,2025-10-06,114.9,114.9,114.9,114.9,114.9,114.9,0.0,0.0,0.0,0.0,0.0,0.0,0.0,0.0,114.9,114.9,114.9,114.90000004995615,114.90015735245544,114.94866579901954,0.0,0.0,0.0,0.0,0.0,0.0,0.0,0.0,0.0,114.9,114.9,114.9,114.9,114.9,114.9,,,,0,10,6,114.9,0.0,SAME,1.0
BFAL,2025-10-07,114.9,114.9,114.9,114.9,114.9,114.9,0.0,0.0,0.0,0.0,0.0,0.0,0.0,0.0,114.9,114.9,114.9,114.90000002497808,114.90010490163696,114.93981747192507,0.0,0.0,0.0,0.0,0.0,0.0,0.0,0.0,0.0,114.9,114.9,114.9,114.9,114.9,114.9,,,,1,10,7,114.9,0.0,SAME,1.0
BFAL,2025-10-08,114.9,114.9,114.9,114.9,114.9,114.9,0.0,0.0,0.0,0.0,0.0,0.0,0.0,0.0,114.9,114.9,114.9,114.90000001248904,114.90006993442465,114.93257793157505,0.0,0.0,0.0,0.0,0.0,0.0,0.0,0.0,0.0,114.9,114.9,114.9,114.9,114.9,114.9,,,,2,10,8,114.9,0.0,SAME,1.0
BFAL,2025-10-09,114.9,114.9,114.9,114.9,114.9,114.9,0.0,0.0,0.0,0.0,0.0,0.0,0.0,0.0,114.9,114.9,114.9,114.90000000624453,114.90004662294977,114.92665467128867,0.0,0.0,0.0,0.0,0.0,0.0,0.0,0.0,0.0,114.9,114.9,114.9,114.9,114.9,114.9,,,,3,10,9,114.9,0.0,SAME,1.0
BFAL,2025-10-10,114.9,114.9,114.9,114.9,114.9,114.9,0.0,0.0,0.0,0.0,0.0,0.0,0.0,0.0,114.9,114.9,114.9,114.90000000312227,114.90003108196652,114.921808367418,0.0,0.0,0.0,0.0,0.0,0.0,0.0,0.0,0.0,114.9,114.9,114.9,114.9,114.9,114.9,,,,4,10,10,114.9,0.0,SAME,1.0
BFAL,2025-10-13,114.9,114.9,114.9,114.9,114.9,114.9,0.0,0.0,0.0,0.0,0.0,0.0,0.0,0.0,114.9,114.9,114.9,114.90000000156114,114.90002072131102,114.91784320970562,0.0,0.0,0.0,0.0,0.0,0.0,0.0,0.0,0.0,114.9,114.9,114.9,114.9,114.9,114.9,,,,0,10,13,114.9,0.0,SAME,1.0
BFAL,2025-10-14,114.9,114.9,114.9,114.9,114.9,114.9,0.0,0.0,0.0,0.0,0.0,0.0,0.0,0.0,114.9,114.9,114.9,114.90000000078058,114.90001381420736,114.91459898975914,0.0,0.0,0.0,0.0,0.0,0.0,0.0,0.0,0.0,114.9,114.9,114.9,114.9,114.9,114.9,,,,1,10,14,114.9,0.0,SAME,1.0
BFAL,2025-10-15,114.9,114.9,114.9,114.9,114.9,114.9,0.0,0.0,0.0,0.0,0.0,0.0,0.0,0.0,114.9,114.9,114.9,114.90000000039029,114.90000920947158,114.91194462798475,0.0,0.0,0.0,0.0,0.0,0.0,0.0,0.0,0.0,114.9,114.9,114.9,114.9,114.9,114.9,,,,2,10,15,114.9,0.0,SAME,1.0
BFAL,2025-10-16,114.9,114.9,114.9,114.9,114.9,114.9,0.0,0.0,0.0,0.0,0.0,0.0,0.0,0.0,114.9,114.9,114.9,114.90000000019515,114.90000613964773,114.90977287744207,0.0,0.0,0.0,0.0,0.0,0.0,0.0,0.0,0.0,114.9,114.9,114.9,114.9,114.9,114.9,,,,3,10,16,114.9,0.0,SAME,1.0
BFAL,2025-10-17,114.9,114.9,114.9,114.9,114.9,114.9,0.0,0.0,0.0,0.0,0.0,0.0,0.0,0.0,114.9,114.9,114.9,114.90000000009758,114.90000409309849,114.9079959906344,0.0,0.0,0.0,0.0,0.0,0.0,0.0,0.0,0.0,114.9,114.9,114.9,114.9,114.9,114.9,,,,4,10,17,114.9,0.0,SAME,1.0
BFAL,2025-10-20,114.9,114.9,114.9,114.9,114.9,114.9,0.0,0.0,0.0,0.0,0.0,0.0,0.0,0.0,114.9,114.9,114.9,114.90000000004879,114.90000272873233,114.90654217415542,0.0,0.0,0.0,0.0,0.0,0.0,0.0,0.0,0.0,114.9,114.9,114.9,114.9,114.9,114.9,,,,0,10,20,114.9,0.0,SAME,1.0
BFAL,2025-10-21,114.9,114.9,114.9,114.9,114.9,114.9,0.0,0.0,0.0,0.0,0.0,0.0,0.0,0.0,114.9,114.9,114.9,114.90000000002439,114.9000018191549,114.90535268794534,0.0,0.0,0.0,0.0,0.0,0.0,0.0,0.0,0.0,114.9,114.9,114.9,114.9,114.9,114.9,,,,1,10,21,114.9,0.0,SAME,1.0
BFAL,2025-10-22,114.9,114.9,114.9,114.9,114.9,114.9,0.0,0.0,0.0,0.0,0.0,0.0,0.0,0.0,114.9,114.9,114.9,114.9000000000122,114.90000121276994,114.90437947195527,0.0,0.0,0.0,0.0,0.0,0.0,0.0,0.0,0.0,114.9,114.9,114.9,114.9,114.9,114.9,,,,2,10,22,114.9,0.0,SAME,1.0
BFAL,2025-10-23,114.9,114.9,114.9,114.9,114.9,114.9,0.0,0.0,0.0,0.0,0.0,0.0,0.0,0.0,114.9,114.9,114.9,114.9000000000061,114.9000008085133,114.90358320432703,0.0,0.0,0.0,0.0,0.0,0.0,0.0,0.0,0.0,114.9,114.9,114.9,114.9,114.9,114.9,,,,3,10,23,114.9,0.0,SAME,1.0
BFAL,2025-10-24,114.9,114.9,114.9,114.9,114.9,114.9,0.0,0.0,0.0,0.0,0.0,0.0,0.0,0.0,114.9,114.9,114.9,114.90000000000305,114.90000053900887,114.9029317126312,0.0,0.0,0.0,0.0,0.0,0.0,0.0,0.0,0.0,114.9,114.9,114.9,114.9,114.9,114.9,,,,4,10,24,114.9,0.0,SAME,1.0
BFAL,2025-10-27,114.9,114.9,114.9,114.9,114.9,114.9,0.0,0.0,0.0,0.0,0.0,0.0,0.0,0.0,114.9,114.9,114.9,114.90000000000153,114.90000035933926,114.90239867397098,0.0,0.0,0.0,0.0,0.0,0.0,0.0,0.0,0.0,114.9,114.9,114.9,114.9,114.9,114.9,,,,0,10,27,114.9,0.0,SAME,1.0
BFAL,2025-10-28,114.9,114.9,114.9,114.9,114.9,114.9,0.0,0.0,0.0,0.0,0.0,0.0,0.0,0.0,114.9,114.9,114.9,114.90000000000077,114.90000023955952,114.9019625514308,0.0,0.0,0.0,0.0,0.0,0.0,0.0,0.0,0.0,114.9,114.9,114.9,114.9,114.9,114.9,,,,1,10,28,114.9,0.0,SAME,1.0
BFAL,2025-10-29,114.9,114.9,114.9,114.9,114.9,114.9,0.0,0.0,0.0,0.0,0.0,0.0,0.0,0.0,114.9,114.9,114.9,114.90000000000039,114.90000015970635,114.90160572389792,0.0,0.0,0.0,0.0,0.0,0.0,0.0,0.0,0.0,114.9,114.9,114.9,114.9,114.9,114.9,,,,2,10,29,114.9,0.0,SAME,1.0
BFAL,2025-10-30,114.9,114.9,114.9,114.9,114.9,114.9,0.0,0.0,0.0,0.0,0.0,0.0,0.0,0.0,114.9,114.9,114.9,114.9000000000002,114.90000010647091,114.90131377409828,0.0,0.0,0.0,0.0,0.0,0.0,0.0,0.0,0.0,114.9,114.9,114.9,114.9,114.9,114.9,,,,3,10,30,114.9,0.0,SAME,1.0
BFAL,2025-10-31,114.9,114.9,114.9,114.9,114.9,114.9,0.0,0.0,0.0,0.0,0.0,0.0,0.0,0.0,114.9,114.9,114.9,114.9000000000001,114.90000007098061,114.90107490608041,0.0,0.0,0.0,0.0,0.0,0.0,0.0,0.0,0.0,114.9,114.9,114.9,114.9,114.9,114.9,,,,4,10,31,114.9,0.0,SAME,1.0
BFAL,2025-11-03,114.9,114.9,114.9,114.9,114.9,114.9,0.0,0.0,0.0,0.0,0.0,0.0,0.0,0.0,114.9,114.9,114.9,114.90000000000006,114.90000004732042,114.90087946861124,0.0,0.0,0.0,0.0,0.0,0.0,0.0,0.0,0.0,114.9,114.9,114.9,114.9,114.9,114.9,,,,0,11,3,114.9,0.0,SAME,1.0
BFAL,2025-11-04,114.9,114.9,114.9,114.9,114.9,114.9,0.0,0.0,0.0,0.0,0.0,0.0,0.0,0.0,114.9,114.9,114.9,114.90000000000003,114.90000003154695,114.90071956522736,0.0,0.0,0.0,0.0,0.0,0.0,0.0,0.0,0.0,114.9,114.9,114.9,114.9,114.9,114.9,,,,1,11,4,114.9,0.0,SAME,1.0
BFAL,2025-11-05,114.9,114.9,114.9,114.9,114.9,114.9,0.0,0.0,0.0,0.0,0.0,0.0,0.0,0.0,114.9,114.9,114.9,114.90000000000002,114.9000000210313,114.90058873518602,0.0,0.0,0.0,0.0,0.0,0.0,0.0,0.0,0.0,114.9,114.9,114.9,114.9,114.9,114.9,,,,2,11,5,114.9,0.0,SAME,1.0
BFAL,2025-11-06,114.9,114.9,114.9,114.9,114.9,114.9,0.0,0.0,0.0,0.0,0.0,0.0,0.0,0.0,114.9,114.9,114.9,114.9,114.90000001402088,114.90048169242492,0.0,0.0,0.0,0.0,0.0,0.0,0.0,0.0,0.0,114.9,114.9,114.9,114.9,114.9,114.9,,,,3,11,6,114.9,0.0,SAME,1.0
BFAL,2025-11-07,114.9,114.9,114.9,114.9,114.9,114.9,0.0,0.0,0.0,0.0,0.0,0.0,0.0,0.0,114.9,114.9,114.9,114.9,114.90000000934725,114.90039411198401,0.0,0.0,0.0,0.0,0.0,0.0,0.0,0.0,0.0,114.9,114.9,114.9,114.9,114.9,114.9,,,,4,11,7,114.9,0.0,SAME,1.0
BFAL,2025-11-10,114.9,114.9,114.9,114.9,114.9,114.9,0.0,0.0,0.0,0.0,0.0,0.0,0.0,0.0,114.9,114.9,114.9,114.9,114.90000000623151,114.90032245525964,0.0,0.0,0.0,0.0,0.0,0.0,0.0,0.0,0.0,114.9,114.9,114.9,114.9,114.9,114.9,,,,0,11,10,114.9,0.0,SAME,1.0
BFAL,2025-11-17,114.9,114.9,114.9,114.9,114.9,114.9,0.0,0.0,0.0,0.0,0.0,0.0,0.0,0.0,114.9,114.9,114.9,114.9,114.90000000415435,114.90026382703061,0.0,0.0,0.0,0.0,0.0,0.0,0.0,0.0,0.0,114.9,114.9,114.9,114.9,114.9,114.9,,,,0,11,17,114.9,0.0,SAME,1.0
BFAL,2025-11-18,114.9,114.9,114.9,114.9,114.9,114.9,0.0,0.0,0.0,0.0,0.0,0.0,0.0,0.0,114.9,114.9,114.9,114.9,114.90000000276957,114.90021585847958,0.0,0.0,0.0,0.0,0.0,0.0,0.0,0.0,0.0,114.9,114.9,114.9,114.9,114.9,114.9,,,,1,11,18,114.9,0.0,SAME,1.0
BFAL,2025-11-19,114.9,114.9,114.9,114.9,114.9,114.9,0.0,0.0,0.0,0.0,0.0,0.0,0.0,0.0,114.9,114.9,114.9,114.9,114.9000000018464,114.90017661148329,0.0,0.0,0.0,0.0,0.0,0.0,0.0,0.0,0.0,114.9,114.9,114.9,114.9,114.9,114.9,,,,2,11,19,114.9,0.0,SAME,1.0
BFAL,2025-11-20,114.9,114.9,114.9,114.9,114.9,114.9,0.0,0.0,0.0,0.0,0.0,0.0,0.0,0.0,114.9,114.9,114.9,114.9,114.90000000123094,114.9001445003045,0.0,0.0,0.0,0.0,0.0,0.0,0.0,0.0,0.0,114.9,114.9,114.9,114.9,114.9,114.9,,,,3,11,20,114.9,0.0,SAME,1.0
BFAL,2025-11-21,114.9,114.9,114.9,114.9,114.9,114.9,0.0,0.0,0.0,0.0,0.0,0.0,0.0,0.0,114.9,114.9,114.9,114.9,114.90000000082063,114.90011822752186,0.0,0.0,0.0,0.0,0.0,0.0,0.0,0.0,0.0,114.9,114.9,114.9,114.9,114.9,114.9,,,,4,11,21,114.9,0.0,SAME,1.0
BFAL,2025-11-24,114.9,114.9,114.9,114.9,114.9,114.9,0.0,0.0,0.0,0.0,0.0,0.0,0.0,0.0,114.9,114.9,114.9,114.9,114.9000000005471,114.90009673160878,0.0,0.0,0.0,0.0,0.0,0.0,0.0,0.0,0.0,114.9,114.9,114.9,114.9,114.9,114.9,,,,0,11,24,114.9,0.0,SAME,1.0
BFAL,2025-11-25,114.9,114.9,114.9,114.9,114.9,114.9,0.0,0.0,0.0,0.0,0.0,0.0,0.0,0.0,114.9,114.9,114.9,114.9,114.90000000036474,114.90007914404354,0.0,0.0,0.0,0.0,0.0,0.0,0.0,0.0,0.0,114.9,114.9,114.9,114.9,114.9,114.9,,,,1,11,25,108.19,-6.710000000000008,DOWN,0.0
BFAL,2025-11-26,108.19,114.9,114.9,114.9,114.9,114.9,-6.710000000000008,-6.710000000000008,-6.710000000000008,-0.05839860748476944,-0.05839860748476944,-0.05839860748476944,-0.06017324415522803,-0.06017324415522803,112.66333333333334,113.55799999999999,114.22900000000001,111.545,112.6633333335765,113.68006475421744,0.033716451751631155,0.026116651225454496,0.018467261183402833,-6.710000000000008,-0.05839860748476943,-6.710000000000008,-0.05839860748476943,-6.710000000000008,-0.05839860748476943,108.19,114.9,108.19,114.9,108.19,114.9,0.0,0.0,0.0,2,11,26,108.19,0.0,SAME,1.0
BFAL,2025-11-27,108.19,108.19,114.9,114.9,114.9,114.9,0.0,-6.710000000000008,-6.710000000000008,0.0,-0.05839860748476944,-0.05839860748476944,0.0,-0.06017324415522803,110.42666666666666,112.21600000000001,113.55799999999999,109.8675,111.17222222238435,112.68187116254154,0.033716451751631155,0.026116651225454496,0.018467261183402833,-6.710000000000008,-0.05839860748476943,-6.710000000000008,-0.05839860748476943,-6.710000000000008,-0.05839860748476943,108.19,114.9,108.19,114.9,108.19,114.9,0.0,0.0,0.0,3,11,27,108.19,0.0,SAME,1.0
BFAL,2025-11-28,108.19,108.19,108.19,114.9,114.9,114.9,0.0,0.0,-6.710000000000008,0.0,0.0,-0.05839860748476944,0.0,0.0,108.19,110.874,112.88700000000001,109.02875,110.17814814825624,111.86516731480671,0.033716451751631155,0.026116651225454496,0.018467261183402833,-6.710000000000008,-0.05839860748476943,-6.710000000000008,-0.05839860748476943,-6.710000000000008,-0.05839860748476943,108.19,108.19,108.19,114.9,108.19,114.9,,0.0,0.0,4,11,28,108.19,0.0,SAME,1.0
BFAL,2025-12-01,108.19,108.19,108.19,108.19,114.9,114.9,0.0,0.0,0.0,0.0,0.0,0.0,0.0,0.0,108.19,109.53200000000001,112.21599999999998,108.609375,109.51543209883751,111.19695507575094,0.0,0.026116651225454496,0.018467261183402833,0.0,0.0,-6.710000000000008,-0.05839860748476943,-6.710000000000008,-0.05839860748476943,108.19,108.19,108.19,114.9,108.19,114.9,,0.0,0.0,0,12,1,108.19,0.0,SAME,1.0
BFAL,2025-12-02,108.19,108.19,108.19,108.19,114.9,114.9,0.0,0.0,0.0,0.0,0.0,0.0,0.0,0.0,108.19,108.19,111.545,108.3996875,109.07362139922502,110.65023597106894,0.0,0.026116651225454496,0.018467261183402833,0.0,0.0,-6.710000000000008,-0.05839860748476943,-6.710000000000008,-0.05839860748476943,108.19,108.19,108.19,108.19,108.19,114.9,,,0.0,1,12,2,108.19,0.0,SAME,1.0
BFAL,2025-12-03,108.19,108.19,108.19,108.19,108.19,114.9,0.0,0.0,0.0,0.0,0.0,0.0,0.0,0.0,108.19,108.19,110.874,108.29484375,108.77908093281668,110.20292033996549,0.0,0.0,0.018467261183402833,0.0,0.0,0.0,0.0,-6.710000000000008,-0.05839860748476943,108.19,108.19,108.19,108.19,108.19,114.9,,,0.0,2,12,3,108.19,0.0,SAME,1.0
BFAL,2025-12-04,108.19,108.19,108.19,108.19,108.19,114.9,0.0,0.0,0.0,0.0,0.0,0.0,0.0,0.0,108.19,108.19,110.203,108.24242187499999,108.5827206218778,109.83693482360812,0.0,0.0,0.018467261183402833,0.0,0.0,0.0,0.0,-6.710000000000008,-0.05839860748476943,108.19,108.19,108.19,108.19,108.19,114.9,,,0.0,3,12,4,108.19,0.0,SAME,1.0
BFAL,2025-12-05,108.19,108.19,108.19,108.19,108.19,114.9,0.0,0.0,0.0,0.0,0.0,0.0,0.0,0.0,108.19,108.19,109.532,108.2162109375,108.45181374791854,109.53749212840664,0.0,0.0,0.018467261183402833,0.0,0.0,0.0,0.0,-6.710000000000008,-0.05839860748476943,108.19,108.19,108.19,108.19,108.19,114.9,,,0.0,4,12,5,108.19,0.0,SAME,1.0
BFAL,2025-12-08,108.19,108.19,108.19,108.19,108.19,114.9,0.0,0.0,0.0,0.0,0.0,0.0,0.0,0.0,108.19,108.19,108.86099999999999,108.20310546875,108.36454249861237,109.29249355960543,0.0,0.0,0.018467261183402833,0.0,0.0,0.0,0.0,-6.710000000000008,-0.05839860748476943,108.19,108.19,108.19,108.19,108.19,114.9,,,0.0,0,12,8,108.19,0.0,SAME,1.0
BFAL,2025-12-09,108.19,108.19,108.19,108.19,108.19,114.9,0.0,0.0,0.0,0.0,0.0,0.0,0.0,0.0,108.19,108.19,108.19,108.19655273437499,108.30636166574159,109.09204018513171,0.0,0.0,0.018467261183402833,0.0,0.0,0.0,0.0,-6.710000000000008,-0.05839860748476943,108.19,108.19,108.19,108.19,108.19,108.19,,,,1,12,9,108.19,0.0,SAME,1.0
BFAL,2025-12-10,108.19,108.19,108.19,108.19,108.19,108.19,0.0,0.0,0.0,0.0,0.0,0.0,0.0,0.0,108.19,108.19,108.19,108.1932763671875,108.26757444382774,108.92803287874412,0.0,0.0,0.0,0.0,0.0,0.0,0.0,0.0,0.0,108.19,108.19,108.19,108.19,108.19,108.19,,,,2,12,10,108.19,0.0,SAME,1.0
BFAL,2025-12-11,108.19,108.19,108.19,108.19,108.19,108.19,0.0,0.0,0.0,0.0,0.0,0.0,0.0,0.0,108.19,108.19,108.19,108.19163818359374,108.24171629588517,108.79384508260883,0.0,0.0,0.0,0.0,0.0,0.0,0.0,0.0,0.0,108.19,108.19,108.19,108.19,108.19,108.19,,,,3,12,11,108.19,0.0,SAME,1.0
BFAL,2025-12-12,108.19,108.19,108.19,108.19,108.19,108.19,0.0,0.0,0.0,0.0,0.0,0.0,0.0,0.0,108.19,108.19,108.19,108.19081909179687,108.22447753059012,108.68405506758903,0.0,0.0,0.0,0.0,0.0,0.0,0.0,0.0,0.0,108.19,108.19,108.19,108.19,108.19,108.19,,,,4,12,12,108.19,0.0,SAME,1.0
BFAL,2025-12-15,108.19,108.19,108.19,108.19,108.19,108.19,0.0,0.0,0.0,0.0,0.0,0.0,0.0,0.0,108.19,108.19,108.19,108.19040954589843,108.21298502039342,108.59422687348193,0.0,0.0,0.0,0.0,0.0,0.0,0.0,0.0,0.0,108.19,108.19,108.19,108.19,108.19,108.19,,,,0,12,15,108.19,0.0,SAME,1.0
BFAL,2025-12-16,108.19,108.19,108.19,108.19,108.19,108.19,0.0,0.0,0.0,0.0,0.0,0.0,0.0,0.0,108.19,108.19,108.19,108.19020477294922,108.20532334692895,108.52073107830338,0.0,0.0,0.0,0.0,0.0,0.0,0.0,0.0,0.0,108.19,108.19,108.19,108.19,108.19,108.19,,,,1,12,16,108.19,0.0,SAME,1.0
BFAL,2025-12-18,108.19,108.19,108.19,108.19,108.19,108.19,0.0,0.0,0.0,0.0,0.0,0.0,0.0,0.0,108.19,108.19,108.19,108.1901023864746,108.20021556461931,108.46059815497549,0.0,0.0,0.0,0.0,0.0,0.0,0.0,0.0,0.0,108.19,108.19,108.19,108.19,108.19,108.19,,,,3,12,18,108.19,0.0,SAME,1.0
BFAL,2025-12-19,108.19,108.19,108.19,108.19,108.19,108.19,0.0,0.0,0.0,0.0,0.0,0.0,0.0,0.0,108.19,108.19,108.19,108.19005119323731,108.19681037641288,108.41139849043448,0.0,0.0,0.0,0.0,0.0,0.0,0.0,0.0,0.0,108.19,108.19,108.19,108.19,108.19,108.19,,,,4,12,19,108.19,0.0,SAME,1.0
BFAL,2025-12-22,108.19,108.19,108.19,108.19,108.19,108.19,0.0,0.0,0.0,0.0,0.0,0.0,0.0,0.0,108.19,108.19,108.19,108.19002559661865,108.19454025094193,108.37114421944639,0.0,0.0,0.0,0.0,0.0,0.0,0.0,0.0,0.0,108.19,108.19,108.19,108.19,108.19,108.19,,,,0,12,22,108.19,0.0,SAME,1.0
BFAL,2025-12-23,108.19,108.19,108.19,108.19,108.19,108.19,0.0,0.0,0.0,0.0,0.0,0.0,0.0,0.0,108.19,108.19,108.19,108.19001279830933,108.1930268339613,108.33820890681977,0.0,0.0,0.0,0.0,0.0,0.0,0.0,0.0,0.0,108.19,108.19,108.19,108.19,108.19,108.19,,,,1,12,23,108.19,0.0,SAME,1.0
BFAL,2025-12-24,108.19,108.19,108.19,108.19,108.19,108.19,0.0,0.0,0.0,0.0,0.0,0.0,0.0,0.0,108.19,108.19,108.19,108.19000639915467,108.19201788930754,108.31126183285254,0.0,0.0,0.0,0.0,0.0,0.0,0.0,0.0,0.0,108.19,108.19,108.19,108.19,108.19,108.19,,,,2,12,24,108.19,0.0,SAME,1.0
BFAL,2025-12-25,108.19,108.19,108.19,108.19,108.19,108.19,0.0,0.0,0.0,0.0,0.0,0.0,0.0,0.0,108.19,108.19,108.19,108.19000319957733,108.19134525953837,108.28921422687934,0.0,0.0,0.0,0.0,0.0,0.0,0.0,0.0,0.0,108.19,108.19,108.19,108.19,108.19,108.19,,,,3,12,25,108.19,0.0,SAME,1.0
BFAL,2025-12-26,108.19,108.19,108.19,108.19,108.19,108.19,0.0,0.0,0.0,0.0,0.0,0.0,0.0,0.0,108.19,108.19,108.19,108.19000159978867,108.19089683969226,108.27117527653763,0.0,0.0,0.0,0.0,0.0,0.0,0.0,0.0,0.0,108.19,108.19,108.19,108.19,108.19,108.19,,,,4,12,26,108.19,0.0,SAME,1.0
BFAL,2025-12-29,108.19,108.19,108.19,108.19,108.19,108.19,0.0,0.0,0.0,0.0,0.0,0.0,0.0,0.0,108.19,108.19,108.19,108.19000079989434,108.19059789312819,108.25641613534897,0.0,0.0,0.0,0.0,0.0,0.0,0.0,0.0,0.0,108.19,108.19,108.19,108.19,108.19,108.19,,,,0,12,29,108.19,0.0,SAME,1.0
BFAL,2025-12-30,108.19,108.19,108.19,108.19,108.19,108.19,0.0,0.0,0.0,0.0,0.0,0.0,0.0,0.0,108.19,108.19,108.19,108.19000039994717,108.1903985954188,108.24434047437643,0.0,0.0,0.0,0.0,0.0,0.0,0.0,0.0,0.0,108.19,108.19,108.19,108.19,108.19,108.19,,,,1,12,30,108.19,0.0,SAME,1.0
BFAL,2025-12-31,108.19,108.19,108.19,108.19,108.19,108.19,0.0,0.0,0.0,0.0,0.0,0.0,0.0,0.0,108.19,108.19,108.19,108.19000019997358,108.19026573027921,108.23446038812617,0.0,0.0,0.0,0.0,0.0,0.0,0.0,0.0,0.0,108.19,108.19,108.19,108.19,108.19,108.19,,,,2,12,31,108.19,0.0,SAME,1.0
BFAL,2026-01-01,108.19,108.19,108.19,108.19,108.19,108.19,0.0,0.0,0.0,0.0,0.0,0.0,0.0,0.0,108.19,108.19,108.19,108.19000009998679,108.19017715351949,108.22637668119413,0.0,0.0,0.0,0.0,0.0,0.0,0.0,0.0,0.0,108.19,108.19,108.19,108.19,108.19,108.19,,,,3,1,1,108.19,0.0,SAME,1.0
BFAL,2026-01-05,108.19,108.19,108.19,108.19,108.19,108.19,0.0,0.0,0.0,0.0,0.0,0.0,0.0,0.0,108.19,108.19,108.19,108.19000004999339,108.19011810234633,108.21976273915882,0.0,0.0,0.0,0.0,0.0,0.0,0.0,0.0,0.0,108.19,108.19,108.19,108.19,108.19,108.19,,,,0,1,5,108.19,0.0,SAME,1.0
BFAL,2026-01-06,108.19,108.19,108.19,108.19,108.19,108.19,0.0,0.0,0.0,0.0,0.0,0.0,0.0,0.0,108.19,108.19,108.19,108.19000002499669,108.19007873489757,108.21435133203903,0.0,0.0,0.0,0.0,0.0,0.0,0.0,0.0,0.0,108.19,108.19,108.19,108.19,108.19,108.19,,,,1,1,6,108.19,0.0,SAME,1.0
BFAL,2026-01-07,108.19,108.19,108.19,108.19,108.19,108.19,0.0,0.0,0.0,0.0,0.0,0.0,0.0,0.0,108.19,108.19,108.19,108.19000001249834,108.19005248993172,108.20992381712284,0.0,0.0,0.0,0.0,0.0,0.0,0.0,0.0,0.0,108.19,108.19,108.19,108.19,108.19,108.19,,,,2,1,7,108.19,0.0,SAME,1.0
BFAL,2026-01-08,108.19,108.19,108.19,108.19,108.19,108.19,0.0,0.0,0.0,0.0,0.0,0.0,0.0,0.0,108.19,108.19,108.19,108.19000000624916,108.19003499328782,108.20630130491868,0.0,0.0,0.0,0.0,0.0,0.0,0.0,0.0,0.0,108.19,108.19,108.19,108.19,108.19,108.19,,,,3,1,8,108.19,0.0,SAME,1.0
BFAL,2026-01-09,108.19,108.19,108.19,108.19,108.19,108.19,0.0,0.0,0.0,0.0,0.0,0.0,0.0,0.0,108.19,108.19,108.19,108.19000000312458,108.19002332885856,108.2033374312971,0.0,0.0,0.0,0.0,0.0,0.0,0.0,0.0,0.0,108.19,108.19,108.19,108.19,108.19,108.19,,,,4,1,9,108.19,0.0,SAME,1.0
BFAL,2026-01-12,108.19,108.19,108.19,108.19,108.19,108.19,0.0,0.0,0.0,0.0,0.0,0.0,0.0,0.0,108.19,108.19,108.19,108.19000000156228,108.19001555257238,108.20091244378852,0.0,0.0,0.0,0.0,0.0,0.0,0.0,0.0,0.0,108.19,108.19,108.19,108.19,108.19,108.19,,,,0,1,12,108.19,0.0,SAME,1.0
BFAL,2026-01-13,108.19,108.19,108.19,108.19,108.19,108.19,0.0,0.0,0.0,0.0,0.0,0.0,0.0,0.0,108.19,108.19,108.19,108.19000000078114,108.19001036838159,108.1989283630997,0.0,0.0,0.0,0.0,0.0,0.0,0.0,0.0,0.0,108.19,108.19,108.19,108.19,108.19,108.19,,,,1,1,13,108.19,0.0,SAME,1.0
BFAL,2026-01-14,108.19,108.19,108.19,108.19,108.19,108.19,0.0,0.0,0.0,0.0,0.0,0.0,0.0,0.0,108.19,108.19,108.19,108.19000000039057,108.1900069122544,108.19730502435429,0.0,0.0,0.0,0.0,0.0,0.0,0.0,0.0,0.0,108.19,108.19,108.19,108.19,108.19,108.19,,,,2,1,14,108.19,0.0,SAME,1.0
BFAL,2026-01-15,108.19,108.19,108.19,108.19,108.19,108.19,0.0,0.0,0.0,0.0,0.0,0.0,0.0,0.0,108.19,108.19,108.19,108.19000000019528,108.19000460816962,108.19597683810805,0.0,0.0,0.0,0.0,0.0,0.0,0.0,0.0,0.0,108.19,108.19,108.19,108.19,108.19,108.19,,,,3,1,15,108.19,0.0,SAME,1.0
BFAL,2026-01-16,108.19,108.19,108.19,108.19,108.19,108.19,0.0,0.0,0.0,0.0,0.0,0.0,0.0,0.0,108.19,108.19,108.19,108.19000000009764,108.19000307211309,108.19489014027022,0.0,0.0,0.0,0.0,0.0,0.0,0.0,0.0,0.0,108.19,108.19,108.19,108.19,108.19,108.19,,,,4,1,16,108.19,0.0,SAME,1.0
BFAL,2026-01-20,108.19,108.19,108.19,108.19,108.19,108.19,0.0,0.0,0.0,0.0,0.0,0.0,0.0,0.0,108.19,108.19,108.19,108.19000000004883,108.1900020480754,108.19400102385744,0.0,0.0,0.0,0.0,0.0,0.0,0.0,0.0,0.0,108.19,108.19,108.19,108.19,108.19,108.19,,,,1,1,20,108.19,0.0,SAME,1.0
BFAL,2026-01-21,108.19,108.19,108.19,108.19,108.19,108.19,0.0,0.0,0.0,0.0,0.0,0.0,0.0,0.0,108.19,108.19,108.19,108.19000000002441,108.19000136538361,108.19327356497426,0.0,0.0,0.0,0.0,0.0,0.0,0.0,0.0,0.0,108.19,108.19,108.19,108.19,108.19,108.19,,,,2,1,21,108.19,0.0,SAME,1.0
BFAL,2026-01-22,108.19,108.19,108.19,108.19,108.19,108.19,0.0,0.0,0.0,0.0,0.0,0.0,0.0,0.0,108.19,108.19,108.19,108.1900000000122,108.19000091025575,108.19267837134257,0.0,0.0,0.0,0.0,0.0,0.0,0.0,0.0,0.0,108.19,108.19,108.19,108.19,108.19,108.19,,,,3,1,22,108.19,0.0,SAME,1.0
BFAL,2026-01-23,108.19,108.19,108.19,108.19,108.19,108.19,0.0,0.0,0.0,0.0,0.0,0.0,0.0,0.0,108.19,108.19,108.19,108.19000000000611,108.19000060683717,108.19219139473482,0.0,0.0,0.0,0.0,0.0,0.0,0.0,0.0,0.0,108.19,108.19,108.19,108.19,108.19,108.19,,,,4,1,23,108.19,0.0,SAME,1.0
BFAL,2026-01-26,108.19,108.19,108.19,108.19,108.19,108.19,0.0,0.0,0.0,0.0,0.0,0.0,0.0,0.0,108.19,108.19,108.19,108.19000000000305,108.19000040455812,108.19179295932848,0.0,0.0,0.0,0.0,0.0,0.0,0.0,0.0,0.0,108.19,108.19,108.19,108.19,108.19,108.19,,,,0,1,26,108.19,0.0,SAME,1.0
BFAL,2026-01-27,108.19,108.19,108.19,108.19,108.19,108.19,0.0,0.0,0.0,0.0,0.0,0.0,0.0,0.0,108.19,108.19,108.19,108.19000000000153,108.19000026970542,108.1914669667233,0.0,0.0,0.0,0.0,0.0,0.0,0.0,0.0,0.0,108.19,108.19,108.19,108.19,108.19,108.19,,,,1,1,27,108.19,0.0,SAME,1.0
BFAL,2026-01-28,108.19,108.19,108.19,108.19,108.19,108.19,0.0,0.0,0.0,0.0,0.0,0.0,0.0,0.0,108.19,108.19,108.19,108.19000000000077,108.19000017980362,108.19120024550088,0.0,0.0,0.0,0.0,0.0,0.0,0.0,0.0,0.0,108.19,108.19,108.19,108.19,108.19,108.19,,,,2,1,28,108.19,0.0,SAME,1.0
BFAL,2026-01-29,108.19,108.19,108.19,108.19,108.19,108.19,0.0,0.0,0.0,0.0,0.0,0.0,0.0,0.0,108.19,108.19,108.19,108.19000000000038,108.19000011986908,108.19098201904617,0.0,0.0,0.0,0.0,0.0,0.0,0.0,0.0,0.0,108.19,108.19,108.19,108.19,108.19,108.19,,,,3,1,29,108.19,0.0,SAME,1.0
BFAL,2026-01-30,108.19,108.19,108.19,108.19,108.19,108.19,0.0,0.0,0.0,0.0,0.0,0.0,0.0,0.0,108.19,108.19,108.19,108.1900000000002,108.19000007991274,108.19080347012869,0.0,0.0,0.0,0.0,0.0,0.0,0.0,0.0,0.0,108.19,108.19,108.19,108.19,108.19,108.19,,,,4,1,30,108.19,0.0,SAME,1.0
BFAL,2026-02-02,108.19,108.19,108.19,108.19,108.19,108.19,0.0,0.0,0.0,0.0,0.0,0.0,0.0,0.0,108.19,108.19,108.19,108.1900000000001,108.19000005327517,108.19065738465073,0.0,0.0,0.0,0.0,0.0,0.0,0.0,0.0,0.0,108.19,108.19,108.19,108.19,108.19,108.19,,,,0,2,2,108.19,0.0,SAME,1.0
BFAL,2026-02-03,108.19,108.19,108.19,108.19,108.19,108.19,0.0,0.0,0.0,0.0,0.0,0.0,0.0,0.0,108.19,108.19,108.19,108.19000000000005,108.19000003551679,108.19053786016877,0.0,0.0,0.0,0.0,0.0,0.0,0.0,0.0,0.0,108.19,108.19,108.19,108.19,108.19,108.19,,,,1,2,3,108.19,0.0,SAME,1.0
BFAL,2026-02-04,108.19,108.19,108.19,108.19,108.19,108.19,0.0,0.0,0.0,0.0,0.0,0.0,0.0,0.0,108.19,108.19,108.19,108.19000000000003,108.19000002367787,108.1904400674108,0.0,0.0,0.0,0.0,0.0,0.0,0.0,0.0,0.0,108.19,108.19,108.19,108.19,108.19,108.19,,,,2,2,4,108.19,0.0,SAME,1.0
BFAL,2026-02-05,108.19,108.19,108.19,108.19,108.19,108.19,0.0,0.0,0.0,0.0,0.0,0.0,0.0,0.0,108.19,108.19,108.19,108.19000000000001,108.19000001578526,108.19036005515429,0.0,0.0,0.0,0.0,0.0,0.0,0.0,0.0,0.0,108.19,108.19,108.19,108.19,108.19,108.19,,,,3,2,5,108.19,0.0,SAME,1.0
BFAL,2026-02-06,108.19,108.19,108.19,108.19,108.19,108.19,0.0,0.0,0.0,0.0,0.0,0.0,0.0,0.0,108.19,108.19,108.19,108.19,108.19000001052352,108.19029459058078,0.0,0.0,0.0,0.0,0.0,0.0,0.0,0.0,0.0,108.19,108.19,108.19,108.19,108.19,108.19,,,,4,2,6,108.19,0.0,SAME,1.0
BFAL,2026-02-09,108.19,108.19,108.19,108.19,108.19,108.19,0.0,0.0,0.0,0.0,0.0,0.0,0.0,0.0,108.19,108.19,108.19,108.19,108.19000000701568,108.190241028657,0.0,0.0,0.0,0.0,0.0,0.0,0.0,0.0,0.0,108.19,108.19,108.19,108.19,108.19,108.19,,,,0,2,9,108.19,0.0,SAME,1.0
BFAL,2026-02-10,108.19,108.19,108.19,108.19,108.19,108.19,0.0,0.0,0.0,0.0,0.0,0.0,0.0,0.0,108.19,108.19,108.19,108.19,108.19000000467713,108.19019720526481,0.0,0.0,0.0,0.0,0.0,0.0,0.0,0.0,0.0,108.19,108.19,108.19,108.19,108.19,108.19,,,,1,2,10,108.19,0.0,SAME,1.0
BFAL,2026-02-11,108.19,108.19,108.19,108.19,108.19,108.19,0.0,0.0,0.0,0.0,0.0,0.0,0.0,0.0,108.19,108.19,108.19,108.19,108.1900000031181,108.1901613497621,0.0,0.0,0.0,0.0,0.0,0.0,0.0,0.0,0.0,108.19,108.19,108.19,108.19,108.19,108.19,,,,2,2,11,108.19,0.0,SAME,1.0
BFAL,2026-02-12,108.19,108.19,108.19,108.19,108.19,108.19,0.0,0.0,0.0,0.0,0.0,0.0,0.0,0.0,108.19,108.19,108.19,108.19,108.19000000207875,108.19013201344171,0.0,0.0,0.0,0.0,0.0,0.0,0.0,0.0,0.0,108.19,108.19,108.19,108.19,108.19,108.19,,,,3,2,12,108.19,0.0,SAME,1.0
BFAL,2026-02-13,108.19,108.19,108.19,108.19,108.19,108.19,0.0,0.0,0.0,0.0,0.0,0.0,0.0,0.0,108.19,108.19,108.19,108.19,108.19000000138584,108.19010801099776,0.0,0.0,0.0,0.0,0.0,0.0,0.0,0.0,0.0,108.19,108.19,108.19,108.19,108.19,108.19,,,,4,2,13,108.19,0.0,SAME,1.0
BFAL,2026-02-16,108.19,108.19,108.19,108.19,108.19,108.19,0.0,0.0,0.0,0.0,0.0,0.0,0.0,0.0,108.19,108.19,108.19,108.19,108.1900000009239,108.19008837263452,0.0,0.0,0.0,0.0,0.0,0.0,0.0,0.0,0.0,108.19,108.19,108.19,108.19,108.19,108.19,,,,0,2,16,108.19,0.0,SAME,1.0
BFAL,2026-02-17,108.19,108.19,108.19,108.19,108.19,108.19,0.0,0.0,0.0,0.0,0.0,0.0,0.0,0.0,108.19,108.19,108.19,108.19,108.19000000061594,108.19007230488279,0.0,0.0,0.0,0.0,0.0,0.0,0.0,0.0,0.0,108.19,108.19,108.19,108.19,108.19,108.19,,,,1,2,17,108.19,0.0,SAME,1.0
BFAL,2026-02-20,108.19,108.19,108.19,108.19,108.19,108.19,0.0,0.0,0.0,0.0,0.0,0.0,0.0,0.0,108.19,108.19,108.19,108.19,108.19000000041063,108.19005915854046,0.0,0.0,0.0,0.0,0.0,0.0,0.0,0.0,0.0,108.19,108.19,108.19,108.19,108.19,108.19,,,,4,2,20,108.19,0.0,SAME,1.0
BFAL,2026-02-24,108.19,108.19,108.19,108.19,108.19,108.19,0.0,0.0,0.0,0.0,0.0,0.0,0.0,0.0,108.19,108.19,108.19,108.19,108.19000000027377,108.19004840244219,0.0,0.0,0.0,0.0,0.0,0.0,0.0,0.0,0.0,108.19,108.19,108.19,108.19,108.19,108.19,,,,1,2,24,108.19,0.0,SAME,1.0
BFAL,2026-02-25,108.19,108.19,108.19,108.19,108.19,108.19,0.0,0.0,0.0,0.0,0.0,0.0,0.0,0.0,108.19,108.19,108.19,108.19,108.19000000018252,108.19003960199815,0.0,0.0,0.0,0.0,0.0,0.0,0.0,0.0,0.0,108.19,108.19,108.19,108.19,108.19,108.19,,,,2,2,25,108.19,0.0,SAME,1.0
BFAL,2026-02-26,108.19,108.19,108.19,108.19,108.19,108.19,0.0,0.0,0.0,0.0,0.0,0.0,0.0,0.0,108.19,108.19,108.19,108.19,108.19000000012169,108.19003240163485,0.0,0.0,0.0,0.0,0.0,0.0,0.0,0.0,0.0,108.19,108.19,108.19,108.19,108.19,108.19,,,,3,2,26,104.84,-3.3499999999999943,DOWN,0.0
BFAL,2026-02-27,104.84,108.19,108.19,108.19,108.19,108.19,-3.3499999999999943,-3.3499999999999943,-3.3499999999999943,-0.03096404473611236,-0.03096404473611236,-0.03096404473611236,-0.031453562244276416,-0.031453562244276416,107.07333333333332,107.52000000000001,107.85499999999999,106.515,107.07333333341447,107.5809356013376,0.01787709956359453,0.013847541777658356,0.009791690693746245,-3.3499999999999943,-0.030964044736112344,-3.3499999999999943,-0.030964044736112344,-3.3499999999999943,-0.030964044736112344,104.84,108.19,104.84,108.19,104.84,108.19,0.0,0.0,0.0,4,2,27,104.84,0.0,SAME,1.0
BFAL,2026-03-02,104.84,104.84,108.19,108.19,108.19,108.19,0.0,-3.3499999999999943,-3.3499999999999943,0.0,-0.03096404473611236,-0.03096404473611236,0.0,-0.031453562244276416,105.95666666666666,106.85,107.51999999999998,105.67750000000001,106.328888888943,107.08258367382167,0.01787709956359453,0.013847541777658356,0.009791690693746245,-3.3499999999999943,-0.030964044736112344,-3.3499999999999943,-0.030964044736112344,-3.3499999999999943,-0.030964044736112344,104.84,108.19,104.84,108.19,104.84,108.19,0.0,0.0,0.0,0,3,2,104.84,0.0,SAME,1.0
BFAL,2026-03-03,104.84,104.84,104.84,108.19,108.19,108.19,0.0,0.0,-3.3499999999999943,0.0,0.0,-0.03096404473611236,0.0,0.0,104.84,106.17999999999999,107.18499999999999,105.25875,105.83259259262869,106.67484118767227,0.01787709956359453,0.013847541777658356,0.009791690693746245,-3.3499999999999943,-0.030964044736112344,-3.3499999999999943,-0.030964044736112344,-3.3499999999999943,-0.030964044736112344,104.84,104.84,104.84,108.19,104.84,108.19,,0.0,0.0,1,3,3,104.84,0.0,SAME,1.0
BFAL,2026-03-04,104.84,104.84,104.84,104.84,108.19,108.19,0.0,0.0,0.0,0.0,0.0,0.0,0.0,0.0,104.84,105.50999999999999,106.85,105.049375,105.50172839508579,106.34123369900458,0.0,0.013847541777658356,0.009791690693746245,0.0,0.0,-3.3499999999999943,-0.030964044736112344,-3.3499999999999943,-0.030964044736112344,104.84,104.84,104.84,108.19,104.84,108.19,,0.0,0.0,2,3,4,104.84,0.0,SAME,1.0
BFAL,2026-03-05,104.84,104.84,104.84,104.84,108.19,108.19,0.0,0.0,0.0,0.0,0.0,0.0,0.0,0.0,104.84,104.84,106.51500000000001,104.9446875,105.28115226339054,106.06828211736737,0.0,0.013847541777658356,0.009791690693746245,0.0,0.0,-3.3499999999999943,-0.030964044736112344,-3.3499999999999943,-0.030964044736112344,104.84,104.84,104.84,104.84,104.84,108.19,,,0.0,3,3,5,104.84,0.0,SAME,1.0
BFAL,2026-03-06,104.84,104.84,104.84,104.84,104.84,108.19,0.0,0.0,0.0,0.0,0.0,0.0,0.0,0.0,104.84,104.84,106.17999999999999,104.89234375000001,105.13410150892705,105.84495809602785,0.0,0.0,0.009791690693746245,0.0,0.0,0.0,0.0,-3.3499999999999943,-0.030964044736112344,104.84,104.84,104.84,104.84,104.84,108.19,,,0.0,4,3,6,104.84,0.0,SAME,1.0
BFAL,2026-03-09,104.84,104.84,104.84,104.84,104.84,108.19,0.0,0.0,0.0,0.0,0.0,0.0,0.0,0.0,104.84,104.84,105.845,104.866171875,105.03606767261803,105.6622384422046,0.0,0.0,0.009791690693746245,0.0,0.0,0.0,0.0,-3.3499999999999943,-0.030964044736112344,104.84,104.84,104.84,104.84,104.84,108.19,,,0.0,0,3,9,104.84,0.0,SAME,1.0
BFAL,2026-03-10,104.84,104.84,104.84,104.84,104.84,108.19,0.0,0.0,0.0,0.0,0.0,0.0,0.0,0.0,104.84,104.84,105.50999999999999,104.8530859375,104.97071178174536,105.51274054362193,0.0,0.0,0.009791690693746245,0.0,0.0,0.0,0.0,-3.3499999999999943,-0.030964044736112344,104.84,104.84,104.84,104.84,104.84,108.19,,,0.0,1,3,10,104.84,0.0,SAME,1.0
BFAL,2026-03-11,104.84,104.84,104.84,104.84,104.84,108.19,0.0,0.0,0.0,0.0,0.0,0.0,0.0,0.0,104.84,104.84,105.175,104.84654296875,104.92714118783024,105.39042408114521,0.0,0.0,0.009791690693746245,0.0,0.0,0.0,0.0,-3.3499999999999943,-0.030964044736112344,104.84,104.84,104.84,104.84,104.84,108.19,,,0.0,2,3,11,104.84,0.0,SAME,1.0
BFAL,2026-03-12,104.84,104.84,104.84,104.84,104.84,108.19,0.0,0.0,0.0,0.0,0.0,0.0,0.0,0.0,104.84,104.84,104.84,104.84327148437501,104.89809412522018,105.29034697548244,0.0,0.0,0.009791690693746245,0.0,0.0,0.0,0.0,-3.3499999999999943,-0.030964044736112344,104.84,104.84,104.84,104.84,104.84,104.84,,,,3,3,12,104.84,0.0,SAME,1.0
BFAL,2026-03-13,104.84,104.84,104.84,104.84,104.84,104.84,0.0,0.0,0.0,0.0,0.0,0.0,0.0,0.0,104.84,104.84,104.84,104.8416357421875,104.87872941681346,105.2084657072129,0.0,0.0,0.0,0.0,0.0,0.0,0.0,0.0,0.0,104.84,104.84,104.84,104.84,104.84,104.84,,,,4,3,13,104.84,0.0,SAME,1.0
BFAL,2026-03-16,104.84,104.84,104.84,104.84,104.84,104.84,0.0,0.0,0.0,0.0,0.0,0.0,0.0,0.0,104.84,104.84,104.84,104.84081787109375,104.86581961120899,105.14147194226508,0.0,0.0,0.0,0.0,0.0,0.0,0.0,0.0,0.0,104.84,104.84,104.84,104.84,104.84,104.84,,,,0,3,16,104.84,0.0,SAME,1.0
BFAL,2026-03-17,104.84,104.84,104.84,104.84,104.84,104.84,0.0,0.0,0.0,0.0,0.0,0.0,0.0,0.0,104.84,104.84,104.84,104.84040893554688,104.85721307413934,105.08665886185325,0.0,0.0,0.0,0.0,0.0,0.0,0.0,0.0,0.0,104.84,104.84,104.84,104.84,104.84,104.84,,,,1,3,17,104.84,0.0,SAME,1.0
BFAL,2026-03-18,104.84,104.84,104.84,104.84,104.84,104.84,0.0,0.0,0.0,0.0,0.0,0.0,0.0,0.0,104.84,104.84,104.84,104.84020446777345,104.85147538275956,105.04181179606175,0.0,0.0,0.0,0.0,0.0,0.0,0.0,0.0,0.0,104.84,104.84,104.84,104.84,104.84,104.84,,,,2,3,18,104.84,0.0,SAME,1.0
BFAL,2026-03-19,104.84,104.84,104.84,104.84,104.84,104.84,0.0,0.0,0.0,0.0,0.0,0.0,0.0,0.0,104.84,104.84,104.84,104.84010223388673,104.84765025517305,105.00511874223234,0.0,0.0,0.0,0.0,0.0,0.0,0.0,0.0,0.0,104.84,104.84,104.84,104.84,104.84,104.84,,,,3,3,19,104.84,0.0,SAME,1.0
BFAL,2026-03-20,104.84,104.84,104.84,104.84,104.84,104.84,0.0,0.0,0.0,0.0,0.0,0.0,0.0,0.0,104.84,104.84,104.84,104.84005111694336,104.84510017011539,104.97509715273554,0.0,0.0,0.0,0.0,0.0,0.0,0.0,0.0,0.0,104.84,104.84,104.84,104.84,104.84,104.84,,,,4,3,20,104.84,0.0,SAME,1.0
BFAL,2026-03-23,104.84,104.84,104.84,104.84,104.84,104.84,0.0,0.0,0.0,0.0,0.0,0.0,0.0,0.0,104.84,104.84,104.84,104.84002555847168,104.84340011341027,104.95053403405635,0.0,0.0,0.0,0.0,0.0,0.0,0.0,0.0,0.0,104.84,104.84,104.84,104.84,104.84,104.84,,,,0,3,23,104.84,0.0,SAME,1.0
BFAL,2026-03-24,104.84,104.84,104.84,104.84,104.84,104.84,0.0,0.0,0.0,0.0,0.0,0.0,0.0,0.0,104.84,104.84,104.84,104.84001277923585,104.84226674227352,104.93043693695519,0.0,0.0,0.0,0.0,0.0,0.0,0.0,0.0,0.0,104.84,104.84,104.84,104.84,104.84,104.84,,,,1,3,24,104.84,0.0,SAME,1.0
BFAL,2026-03-25,104.84,104.84,104.84,104.84,104.84,104.84,0.0,0.0,0.0,0.0,0.0,0.0,0.0,0.0,104.84,104.84,104.84,104.84000638961793,104.84151116151568,104.91399385750879,0.0,0.0,0.0,0.0,0.0,0.0,0.0,0.0,0.0,104.84,104.84,104.84,104.84,104.84,104.84,,,,2,3,25,104.84,0.0,SAME,1.0
BFAL,2026-03-26,104.84,104.84,104.84,104.84,104.84,104.84,0.0,0.0,0.0,0.0,0.0,0.0,0.0,0.0,104.84,104.84,104.84,104.84000319480896,104.84100744101048,104.90054042887081,0.0,0.0,0.0,0.0,0.0,0.0,0.0,0.0,0.0,104.84,104.84,104.84,104.84,104.84,104.84,,,,3,3,26,104.84,0.0,SAME,1.0
BFAL,2026-03-27,104.84,104.84,104.84,104.84,104.84,104.84,0.0,0.0,0.0,0.0,0.0,0.0,0.0,0.0,104.84,104.84,104.84,104.84000159740448,104.84067162734033,104.88953307816702,0.0,0.0,0.0,0.0,0.0,0.0,0.0,0.0,0.0,104.84,104.84,104.84,104.84,104.84,104.84,,,,4,3,27,104.84,0.0,SAME,1.0
BFAL,2026-03-30,104.84,104.84,104.84,104.84,104.84,104.84,0.0,0.0,0.0,0.0,0.0,0.0,0.0,0.0,104.84,104.84,104.84,104.84000079870225,104.84044775156022,104.88052706395483,0.0,0.0,0.0,0.0,0.0,0.0,0.0,0.0,0.0,104.84,104.84,104.84,104.84,104.84,104.84,,,,0,3,30,104.84,0.0,SAME,1.0
BFAL,2026-03-31,104.84,104.84,104.84,104.84,104.84,104.84,0.0,0.0,0.0,0.0,0.0,0.0,0.0,0.0,104.84,104.84,104.84,104.84000039935113,104.84029850104017,104.87315850687213,0.0,0.0,0.0,0.0,0.0,0.0,0.0,0.0,0.0,104.84,104.84,104.84,104.84,104.84,104.84,,,,1,3,31,104.84,0.0,SAME,1.0
BFAL,2026-04-01,104.84,104.84,104.84,104.84,104.84,104.84,0.0,0.0,0.0,0.0,0.0,0.0,0.0,0.0,104.84,104.84,104.84,104.84000019967556,104.84019900069345,104.86712968744082,0.0,0.0,0.0,0.0,0.0,0.0,0.0,0.0,0.0,104.84,104.84,104.84,104.84,104.84,104.84,,,,2,4,1,104.84,0.0,SAME,1.0
BFAL,2026-04-02,104.84,104.84,104.84,104.84,104.84,104.84,0.0,0.0,0.0,0.0,0.0,0.0,0.0,0.0,104.84,104.84,104.84,104.84000009983778,104.84013266712898,104.86219701699703,0.0,0.0,0.0,0.0,0.0,0.0,0.0,0.0,0.0,104.84,104.84,104.84,104.84,104.84,104.84,,,,3,4,2,104.84,0.0,SAME,1.0
BFAL,2026-04-03,104.84,104.84,104.84,104.84,104.84,104.84,0.0,0.0,0.0,0.0,0.0,0.0,0.0,0.0,104.84,104.84,104.84,104.8400000499189,104.84008844475267,104.85816119572483,0.0,0.0,0.0,0.0,0.0,0.0,0.0,0.0,0.0,104.84,104.84,104.84,104.84,104.84,104.84,,,,4,4,3,104.84,0.0,SAME,1.0
BFAL,2026-04-06,104.84,104.84,104.84,104.84,104.84,104.84,0.0,0.0,0.0,0.0,0.0,0.0,0.0,0.0,104.84,104.84,104.84,104.84000002495945,104.84005896316845,104.85485916013849,0.0,0.0,0.0,0.0,0.0,0.0,0.0,0.0,0.0,104.84,104.84,104.84,104.84,104.84,104.84,,,,0,4,6,104.84,0.0,SAME,1.0
BFAL,2026-04-07,104.84,104.84,104.84,104.84,104.84,104.84,0.0,0.0,0.0,0.0,0.0,0.0,0.0,0.0,104.84,104.84,104.84,104.84000001247972,104.84003930877898,104.85215749465875,0.0,0.0,0.0,0.0,0.0,0.0,0.0,0.0,0.0,104.84,104.84,104.84,104.84,104.84,104.84,,,,1,4,7,104.84,0.0,SAME,1.0
BFAL,2026-04-08,104.84,104.84,104.84,104.84,104.84,104.84,0.0,0.0,0.0,0.0,0.0,0.0,0.0,0.0,104.84,104.84,104.84,104.84000000623986,104.84002620585267,104.84994704108443,0.0,0.0,0.0,0.0,0.0,0.0,0.0,0.0,0.0,104.84,104.84,104.84,104.84,104.84,104.84,,,,2,4,8,104.84,0.0,SAME,1.0
BFAL,2026-04-09,104.84,104.84,104.84,104.84,104.84,104.84,0.0,0.0,0.0,0.0,0.0,0.0,0.0,0.0,104.84,104.84,104.84,104.84000000311994,104.84001747056845,104.84813848815999,0.0,0.0,0.0,0.0,0.0,0.0,0.0,0.0,0.0,104.84,104.84,104.84,104.84,104.84,104.84,,,,3,4,9,104.84,0.0,SAME,1.0
BFAL,2026-04-10,104.84,104.84,104.84,104.84,104.84,104.84,0.0,0.0,0.0,0.0,0.0,0.0,0.0,0.0,104.84,104.84,104.84,104.84000000155997,104.84001164704566,104.84665876303998,0.0,0.0,0.0,0.0,0.0,0.0,0.0,0.0,0.0,104.84,104.84,104.84,104.84,104.84,104.84,,,,4,4,10,104.84,0.0,SAME,1.0
BFAL,2026-04-13,104.84,104.84,104.84,104.84,104.84,104.84,0.0,0.0,0.0,0.0,0.0,0.0,0.0,0.0,104.84,104.84,104.84,104.84000000077998,104.8400077646971,104.8454480788509,0.0,0.0,0.0,0.0,0.0,0.0,0.0,0.0,0.0,104.84,104.84,104.84,104.84,104.84,104.84,,,,0,4,13,104.84,0.0,SAME,1.0
BFAL,2026-04-14,104.84,104.84,104.84,104.84,104.84,104.84,0.0,0.0,0.0,0.0,0.0,0.0,0.0,0.0,104.84,104.84,104.84,104.84000000038999,104.84000517646476,104.84445751905982,0.0,0.0,0.0,0.0,0.0,0.0,0.0,0.0,0.0,104.84,104.84,104.84,104.84,104.84,104.84,,,,1,4,14,104.84,0.0,SAME,1.0
BFAL,2026-04-15,104.84,104.84,104.84,104.84,104.84,104.84,0.0,0.0,0.0,0.0,0.0,0.0,0.0,0.0,104.84,104.84,104.84,104.840000000195,104.84000345097652,104.84364706104894,0.0,0.0,0.0,0.0,0.0,0.0,0.0,0.0,0.0,104.84,104.84,104.84,104.84,104.84,104.84,,,,2,4,15,104.84,0.0,SAME,1.0
BFAL,2026-04-16,104.84,104.84,104.84,104.84,104.84,104.84,0.0,0.0,0.0,0.0,0.0,0.0,0.0,0.0,104.84,104.84,104.84,104.8400000000975,104.84000230065104,104.84298395904004,0.0,0.0,0.0,0.0,0.0,0.0,0.0,0.0,0.0,104.84,104.84,104.84,104.84,104.84,104.84,,,,3,4,16,104.84,0.0,SAME,1.0
BFAL,2026-04-17,104.84,104.84,104.84,104.84,104.84,104.84,0.0,0.0,0.0,0.0,0.0,0.0,0.0,0.0,104.84,104.84,104.84,104.84000000004875,104.84000153376738,104.84244142103276,0.0,0.0,0.0,0.0,0.0,0.0,0.0,0.0,0.0,104.84,104.84,104.84,104.84,104.84,104.84,,,,4,4,17,104.84,0.0,SAME,1.0
BFAL,2026-04-20,104.84,104.84,104.84,104.84,104.84,104.84,0.0,0.0,0.0,0.0,0.0,0.0,0.0,0.0,104.84,104.84,104.84,104.84000000002438,104.84000102251159,104.84199752629952,0.0,0.0,0.0,0.0,0.0,0.0,0.0,0.0,0.0,104.84,104.84,104.84,104.84,104.84,104.84,,,,0,4,20,,,,
