Company,Date,Close,lag_1,lag_2,lag_3,lag_5,lag_10,diff_1,diff_2,diff_3,return_1,return_2,return_3,log_return_1,log_return_2,sma_3,sma_5,sma_10,ema_3,ema_5,ema_10,volatility_3,volatility_5,volatility_10,momentum_3,roc_3,momentum_5,roc_5,momentum_10,roc_10,roll_min_3,roll_max_3,roll_min_5,roll_max_5,roll_min_10,roll_max_10,range_position_3,range_position_5,range_position_10,day_of_week,month,day,future_close,future_diff,target,target_class
BNBL,2020-04-23,28.0,,,,,,,,,,,,,,,,,28.0,28.0,28.0,,,,,,,,,,,,,,,,,,,3,4,23,28.0,0.0,SAME,1.0
BNBL,2020-04-24,28.0,28.0,,,,,0.0,,,0.0,,,0.0,,,,,28.0,28.0,28.0,,,,,,,,,,,,,,,,,,,4,4,24,28.0,0.0,SAME,1.0
BNBL,2020-04-27,28.0,28.0,28.0,,,,0.0,0.0,,0.0,0.0,,0.0,0.0,28.0,,,28.0,28.0,28.0,,,,,,,,,,28.0,28.0,,,,,,,,0,4,27,28.0,0.0,SAME,1.0
BNBL,2020-04-28,28.0,28.0,28.0,28.0,,,0.0,0.0,0.0,0.0,0.0,0.0,0.0,0.0,28.0,,,28.0,28.0,28.0,0.0,,,0.0,0.0,,,,,28.0,28.0,,,,,,,,1,4,28,28.0,0.0,SAME,1.0
BNBL,2020-04-29,28.0,28.0,28.0,28.0,,,0.0,0.0,0.0,0.0,0.0,0.0,0.0,0.0,28.0,28.0,,28.0,28.0,28.0,0.0,,,0.0,0.0,,,,,28.0,28.0,28.0,28.0,,,,,,2,4,29,28.0,0.0,SAME,1.0
BNBL,2020-04-30,28.0,28.0,28.0,28.0,28.0,,0.0,0.0,0.0,0.0,0.0,0.0,0.0,0.0,28.0,28.0,,28.0,28.0,28.0,0.0,0.0,,0.0,0.0,0.0,0.0,,,28.0,28.0,28.0,28.0,,,,,,3,4,30,28.0,0.0,SAME,1.0
BNBL,2020-05-01,28.0,28.0,28.0,28.0,28.0,,0.0,0.0,0.0,0.0,0.0,0.0,0.0,0.0,28.0,28.0,,28.0,28.0,28.0,0.0,0.0,,0.0,0.0,0.0,0.0,,,28.0,28.0,28.0,28.0,,,,,,4,5,1,28.0,0.0,SAME,1.0
BNBL,2020-05-04,28.0,28.0,28.0,28.0,28.0,,0.0,0.0,0.0,0.0,0.0,0.0,0.0,0.0,28.0,28.0,,28.0,28.0,28.0,0.0,0.0,,0.0,0.0,0.0,0.0,,,28.0,28.0,28.0,28.0,,,,,,0,5,4,28.0,0.0,SAME,1.0
BNBL,2020-05-05,28.0,28.0,28.0,28.0,28.0,,0.0,0.0,0.0,0.0,0.0,0.0,0.0,0.0,28.0,28.0,,28.0,28.0,28.0,0.0,0.0,,0.0,0.0,0.0,0.0,,,28.0,28.0,28.0,28.0,,,,,,1,5,5,28.0,0.0,SAME,1.0
BNBL,2020-05-06,28.0,28.0,28.0,28.0,28.0,,0.0,0.0,0.0,0.0,0.0,0.0,0.0,0.0,28.0,28.0,28.0,28.0,28.0,28.0,0.0,0.0,,0.0,0.0,0.0,0.0,,,28.0,28.0,28.0,28.0,28.0,28.0,,,,2,5,6,28.0,0.0,SAME,1.0
BNBL,2020-05-07,28.0,28.0,28.0,28.0,28.0,28.0,0.0,0.0,0.0,0.0,0.0,0.0,0.0,0.0,28.0,28.0,28.0,28.0,28.0,28.0,0.0,0.0,0.0,0.0,0.0,0.0,0.0,0.0,0.0,28.0,28.0,28.0,28.0,28.0,28.0,,,,3,5,7,28.0,0.0,SAME,1.0
BNBL,2020-05-08,28.0,28.0,28.0,28.0,28.0,28.0,0.0,0.0,0.0,0.0,0.0,0.0,0.0,0.0,28.0,28.0,28.0,28.0,28.0,28.0,0.0,0.0,0.0,0.0,0.0,0.0,0.0,0.0,0.0,28.0,28.0,28.0,28.0,28.0,28.0,,,,4,5,8,28.0,0.0,SAME,1.0
BNBL,2020-05-11,28.0,28.0,28.0,28.0,28.0,28.0,0.0,0.0,0.0,0.0,0.0,0.0,0.0,0.0,28.0,28.0,28.0,28.0,28.0,28.0,0.0,0.0,0.0,0.0,0.0,0.0,0.0,0.0,0.0,28.0,28.0,28.0,28.0,28.0,28.0,,,,0,5,11,28.0,0.0,SAME,1.0
BNBL,2020-05-12,28.0,28.0,28.0,28.0,28.0,28.0,0.0,0.0,0.0,0.0,0.0,0.0,0.0,0.0,28.0,28.0,28.0,28.0,28.0,28.0,0.0,0.0,0.0,0.0,0.0,0.0,0.0,0.0,0.0,28.0,28.0,28.0,28.0,28.0,28.0,,,,1,5,12,28.0,0.0,SAME,1.0
BNBL,2020-05-13,28.0,28.0,28.0,28.0,28.0,28.0,0.0,0.0,0.0,0.0,0.0,0.0,0.0,0.0,28.0,28.0,28.0,28.0,28.0,28.0,0.0,0.0,0.0,0.0,0.0,0.0,0.0,0.0,0.0,28.0,28.0,28.0,28.0,28.0,28.0,,,,2,5,13,28.0,0.0,SAME,1.0
BNBL,2020-05-14,28.0,28.0,28.0,28.0,28.0,28.0,0.0,0.0,0.0,0.0,0.0,0.0,0.0,0.0,28.0,28.0,28.0,28.0,28.0,28.0,0.0,0.0,0.0,0.0,0.0,0.0,0.0,0.0,0.0,28.0,28.0,28.0,28.0,28.0,28.0,,,,3,5,14,28.0,0.0,SAME,1.0
BNBL,2020-05-15,28.0,28.0,28.0,28.0,28.0,28.0,0.0,0.0,0.0,0.0,0.0,0.0,0.0,0.0,28.0,28.0,28.0,28.0,28.0,28.0,0.0,0.0,0.0,0.0,0.0,0.0,0.0,0.0,0.0,28.0,28.0,28.0,28.0,28.0,28.0,,,,4,5,15,28.0,0.0,SAME,1.0
BNBL,2020-05-18,28.0,28.0,28.0,28.0,28.0,28.0,0.0,0.0,0.0,0.0,0.0,0.0,0.0,0.0,28.0,28.0,28.0,28.0,28.0,28.0,0.0,0.0,0.0,0.0,0.0,0.0,0.0,0.0,0.0,28.0,28.0,28.0,28.0,28.0,28.0,,,,0,5,18,28.0,0.0,SAME,1.0
BNBL,2020-05-19,28.0,28.0,28.0,28.0,28.0,28.0,0.0,0.0,0.0,0.0,0.0,0.0,0.0,0.0,28.0,28.0,28.0,28.0,28.0,28.0,0.0,0.0,0.0,0.0,0.0,0.0,0.0,0.0,0.0,28.0,28.0,28.0,28.0,28.0,28.0,,,,1,5,19,28.0,0.0,SAME,1.0
BNBL,2020-05-20,28.0,28.0,28.0,28.0,28.0,28.0,0.0,0.0,0.0,0.0,0.0,0.0,0.0,0.0,28.0,28.0,28.0,28.0,28.0,28.0,0.0,0.0,0.0,0.0,0.0,0.0,0.0,0.0,0.0,28.0,28.0,28.0,28.0,28.0,28.0,,,,2,5,20,28.0,0.0,SAME,1.0
BNBL,2020-05-21,28.0,28.0,28.0,28.0,28.0,28.0,0.0,0.0,0.0,0.0,0.0,0.0,0.0,0.0,28.0,28.0,28.0,28.0,28.0,28.0,0.0,0.0,0.0,0.0,0.0,0.0,0.0,0.0,0.0,28.0,28.0,28.0,28.0,28.0,28.0,,,,3,5,21,28.0,0.0,SAME,1.0
BNBL,2020-05-22,28.0,28.0,28.0,28.0,28.0,28.0,0.0,0.0,0.0,0.0,0.0,0.0,0.0,0.0,28.0,28.0,28.0,28.0,28.0,28.0,0.0,0.0,0.0,0.0,0.0,0.0,0.0,0.0,0.0,28.0,28.0,28.0,28.0,28.0,28.0,,,,4,5,22,28.0,0.0,SAME,1.0
BNBL,2020-05-25,28.0,28.0,28.0,28.0,28.0,28.0,0.0,0.0,0.0,0.0,0.0,0.0,0.0,0.0,28.0,28.0,28.0,28.0,28.0,28.0,0.0,0.0,0.0,0.0,0.0,0.0,0.0,0.0,0.0,28.0,28.0,28.0,28.0,28.0,28.0,,,,0,5,25,28.0,0.0,SAME,1.0
BNBL,2020-05-26,28.0,28.0,28.0,28.0,28.0,28.0,0.0,0.0,0.0,0.0,0.0,0.0,0.0,0.0,28.0,28.0,28.0,28.0,28.0,28.0,0.0,0.0,0.0,0.0,0.0,0.0,0.0,0.0,0.0,28.0,28.0,28.0,28.0,28.0,28.0,,,,1,5,26,28.0,0.0,SAME,1.0
BNBL,2020-05-27,28.0,28.0,28.0,28.0,28.0,28.0,0.0,0.0,0.0,0.0,0.0,0.0,0.0,0.0,28.0,28.0,28.0,28.0,28.0,28.0,0.0,0.0,0.0,0.0,0.0,0.0,0.0,0.0,0.0,28.0,28.0,28.0,28.0,28.0,28.0,,,,2,5,27,28.0,0.0,SAME,1.0
BNBL,2020-05-28,28.0,28.0,28.0,28.0,28.0,28.0,0.0,0.0,0.0,0.0,0.0,0.0,0.0,0.0,28.0,28.0,28.0,28.0,28.0,28.0,0.0,0.0,0.0,0.0,0.0,0.0,0.0,0.0,0.0,28.0,28.0,28.0,28.0,28.0,28.0,,,,3,5,28,28.0,0.0,SAME,1.0
BNBL,2020-05-29,28.0,28.0,28.0,28.0,28.0,28.0,0.0,0.0,0.0,0.0,0.0,0.0,0.0,0.0,28.0,28.0,28.0,28.0,28.0,28.0,0.0,0.0,0.0,0.0,0.0,0.0,0.0,0.0,0.0,28.0,28.0,28.0,28.0,28.0,28.0,,,,4,5,29,28.0,0.0,SAME,1.0
BNBL,2020-06-01,28.0,28.0,28.0,28.0,28.0,28.0,0.0,0.0,0.0,0.0,0.0,0.0,0.0,0.0,28.0,28.0,28.0,28.0,28.0,28.0,0.0,0.0,0.0,0.0,0.0,0.0,0.0,0.0,0.0,28.0,28.0,28.0,28.0,28.0,28.0,,,,0,6,1,28.0,0.0,SAME,1.0
BNBL,2020-06-02,28.0,28.0,28.0,28.0,28.0,28.0,0.0,0.0,0.0,0.0,0.0,0.0,0.0,0.0,28.0,28.0,28.0,28.0,28.0,28.0,0.0,0.0,0.0,0.0,0.0,0.0,0.0,0.0,0.0,28.0,28.0,28.0,28.0,28.0,28.0,,,,1,6,2,28.0,0.0,SAME,1.0
BNBL,2020-06-03,28.0,28.0,28.0,28.0,28.0,28.0,0.0,0.0,0.0,0.0,0.0,0.0,0.0,0.0,28.0,28.0,28.0,28.0,28.0,28.0,0.0,0.0,0.0,0.0,0.0,0.0,0.0,0.0,0.0,28.0,28.0,28.0,28.0,28.0,28.0,,,,2,6,3,28.0,0.0,SAME,1.0
BNBL,2020-06-04,28.0,28.0,28.0,28.0,28.0,28.0,0.0,0.0,0.0,0.0,0.0,0.0,0.0,0.0,28.0,28.0,28.0,28.0,28.0,28.0,0.0,0.0,0.0,0.0,0.0,0.0,0.0,0.0,0.0,28.0,28.0,28.0,28.0,28.0,28.0,,,,3,6,4,28.0,0.0,SAME,1.0
BNBL,2020-06-08,28.0,28.0,28.0,28.0,28.0,28.0,0.0,0.0,0.0,0.0,0.0,0.0,0.0,0.0,28.0,28.0,28.0,28.0,28.0,28.0,0.0,0.0,0.0,0.0,0.0,0.0,0.0,0.0,0.0,28.0,28.0,28.0,28.0,28.0,28.0,,,,0,6,8,28.0,0.0,SAME,1.0
BNBL,2020-06-09,28.0,28.0,28.0,28.0,28.0,28.0,0.0,0.0,0.0,0.0,0.0,0.0,0.0,0.0,28.0,28.0,28.0,28.0,28.0,28.0,0.0,0.0,0.0,0.0,0.0,0.0,0.0,0.0,0.0,28.0,28.0,28.0,28.0,28.0,28.0,,,,1,6,9,28.0,0.0,SAME,1.0
BNBL,2020-06-10,28.0,28.0,28.0,28.0,28.0,28.0,0.0,0.0,0.0,0.0,0.0,0.0,0.0,0.0,28.0,28.0,28.0,28.0,28.0,28.0,0.0,0.0,0.0,0.0,0.0,0.0,0.0,0.0,0.0,28.0,28.0,28.0,28.0,28.0,28.0,,,,2,6,10,28.0,0.0,SAME,1.0
BNBL,2020-06-11,28.0,28.0,28.0,28.0,28.0,28.0,0.0,0.0,0.0,0.0,0.0,0.0,0.0,0.0,28.0,28.0,28.0,28.0,28.0,28.0,0.0,0.0,0.0,0.0,0.0,0.0,0.0,0.0,0.0,28.0,28.0,28.0,28.0,28.0,28.0,,,,3,6,11,28.0,0.0,SAME,1.0
BNBL,2020-06-12,28.0,28.0,28.0,28.0,28.0,28.0,0.0,0.0,0.0,0.0,0.0,0.0,0.0,0.0,28.0,28.0,28.0,28.0,28.0,28.0,0.0,0.0,0.0,0.0,0.0,0.0,0.0,0.0,0.0,28.0,28.0,28.0,28.0,28.0,28.0,,,,4,6,12,28.0,0.0,SAME,1.0
BNBL,2020-06-15,28.0,28.0,28.0,28.0,28.0,28.0,0.0,0.0,0.0,0.0,0.0,0.0,0.0,0.0,28.0,28.0,28.0,28.0,28.0,28.0,0.0,0.0,0.0,0.0,0.0,0.0,0.0,0.0,0.0,28.0,28.0,28.0,28.0,28.0,28.0,,,,0,6,15,28.0,0.0,SAME,1.0
BNBL,2020-06-16,28.0,28.0,28.0,28.0,28.0,28.0,0.0,0.0,0.0,0.0,0.0,0.0,0.0,0.0,28.0,28.0,28.0,28.0,28.0,28.0,0.0,0.0,0.0,0.0,0.0,0.0,0.0,0.0,0.0,28.0,28.0,28.0,28.0,28.0,28.0,,,,1,6,16,28.0,0.0,SAME,1.0
BNBL,2020-06-17,28.0,28.0,28.0,28.0,28.0,28.0,0.0,0.0,0.0,0.0,0.0,0.0,0.0,0.0,28.0,28.0,28.0,28.0,28.0,28.0,0.0,0.0,0.0,0.0,0.0,0.0,0.0,0.0,0.0,28.0,28.0,28.0,28.0,28.0,28.0,,,,2,6,17,28.0,0.0,SAME,1.0
BNBL,2020-06-18,28.0,28.0,28.0,28.0,28.0,28.0,0.0,0.0,0.0,0.0,0.0,0.0,0.0,0.0,28.0,28.0,28.0,28.0,28.0,28.0,0.0,0.0,0.0,0.0,0.0,0.0,0.0,0.0,0.0,28.0,28.0,28.0,28.0,28.0,28.0,,,,3,6,18,28.0,0.0,SAME,1.0
BNBL,2020-06-19,28.0,28.0,28.0,28.0,28.0,28.0,0.0,0.0,0.0,0.0,0.0,0.0,0.0,0.0,28.0,28.0,28.0,28.0,28.0,28.0,0.0,0.0,0.0,0.0,0.0,0.0,0.0,0.0,0.0,28.0,28.0,28.0,28.0,28.0,28.0,,,,4,6,19,28.0,0.0,SAME,1.0
BNBL,2020-06-22,28.0,28.0,28.0,28.0,28.0,28.0,0.0,0.0,0.0,0.0,0.0,0.0,0.0,0.0,28.0,28.0,28.0,28.0,28.0,28.0,0.0,0.0,0.0,0.0,0.0,0.0,0.0,0.0,0.0,28.0,28.0,28.0,28.0,28.0,28.0,,,,0,6,22,28.0,0.0,SAME,1.0
BNBL,2020-06-23,28.0,28.0,28.0,28.0,28.0,28.0,0.0,0.0,0.0,0.0,0.0,0.0,0.0,0.0,28.0,28.0,28.0,28.0,28.0,28.0,0.0,0.0,0.0,0.0,0.0,0.0,0.0,0.0,0.0,28.0,28.0,28.0,28.0,28.0,28.0,,,,1,6,23,28.0,0.0,SAME,1.0
BNBL,2020-06-24,28.0,28.0,28.0,28.0,28.0,28.0,0.0,0.0,0.0,0.0,0.0,0.0,0.0,0.0,28.0,28.0,28.0,28.0,28.0,28.0,0.0,0.0,0.0,0.0,0.0,0.0,0.0,0.0,0.0,28.0,28.0,28.0,28.0,28.0,28.0,,,,2,6,24,28.0,0.0,SAME,1.0
BNBL,2020-06-25,28.0,28.0,28.0,28.0,28.0,28.0,0.0,0.0,0.0,0.0,0.0,0.0,0.0,0.0,28.0,28.0,28.0,28.0,28.0,28.0,0.0,0.0,0.0,0.0,0.0,0.0,0.0,0.0,0.0,28.0,28.0,28.0,28.0,28.0,28.0,,,,3,6,25,28.0,0.0,SAME,1.0
BNBL,2020-06-26,28.0,28.0,28.0,28.0,28.0,28.0,0.0,0.0,0.0,0.0,0.0,0.0,0.0,0.0,28.0,28.0,28.0,28.0,28.0,28.0,0.0,0.0,0.0,0.0,0.0,0.0,0.0,0.0,0.0,28.0,28.0,28.0,28.0,28.0,28.0,,,,4,6,26,28.0,0.0,SAME,1.0
BNBL,2020-06-29,28.0,28.0,28.0,28.0,28.0,28.0,0.0,0.0,0.0,0.0,0.0,0.0,0.0,0.0,28.0,28.0,28.0,28.0,28.0,28.0,0.0,0.0,0.0,0.0,0.0,0.0,0.0,0.0,0.0,28.0,28.0,28.0,28.0,28.0,28.0,,,,0,6,29,28.0,0.0,SAME,1.0
BNBL,2020-07-01,28.0,28.0,28.0,28.0,28.0,28.0,0.0,0.0,0.0,0.0,0.0,0.0,0.0,0.0,28.0,28.0,28.0,28.0,28.0,28.0,0.0,0.0,0.0,0.0,0.0,0.0,0.0,0.0,0.0,28.0,28.0,28.0,28.0,28.0,28.0,,,,2,7,1,28.0,0.0,SAME,1.0
BNBL,2020-07-02,28.0,28.0,28.0,28.0,28.0,28.0,0.0,0.0,0.0,0.0,0.0,0.0,0.0,0.0,28.0,28.0,28.0,28.0,28.0,28.0,0.0,0.0,0.0,0.0,0.0,0.0,0.0,0.0,0.0,28.0,28.0,28.0,28.0,28.0,28.0,,,,3,7,2,28.0,0.0,SAME,1.0
BNBL,2020-07-03,28.0,28.0,28.0,28.0,28.0,28.0,0.0,0.0,0.0,0.0,0.0,0.0,0.0,0.0,28.0,28.0,28.0,28.0,28.0,28.0,0.0,0.0,0.0,0.0,0.0,0.0,0.0,0.0,0.0,28.0,28.0,28.0,28.0,28.0,28.0,,,,4,7,3,28.0,0.0,SAME,1.0
BNBL,2020-07-06,28.0,28.0,28.0,28.0,28.0,28.0,0.0,0.0,0.0,0.0,0.0,0.0,0.0,0.0,28.0,28.0,28.0,28.0,28.0,28.0,0.0,0.0,0.0,0.0,0.0,0.0,0.0,0.0,0.0,28.0,28.0,28.0,28.0,28.0,28.0,,,,0,7,6,28.0,0.0,SAME,1.0
BNBL,2020-07-07,28.0,28.0,28.0,28.0,28.0,28.0,0.0,0.0,0.0,0.0,0.0,0.0,0.0,0.0,28.0,28.0,28.0,28.0,28.0,28.0,0.0,0.0,0.0,0.0,0.0,0.0,0.0,0.0,0.0,28.0,28.0,28.0,28.0,28.0,28.0,,,,1,7,7,28.5,0.5,UP,2.0
BNBL,2020-07-08,28.5,28.0,28.0,28.0,28.0,28.0,0.5,0.5,0.5,0.017857142857142794,0.017857142857142794,0.017857142857142794,0.017699577099400857,0.017699577099400857,28.166666666666668,28.1,28.05,28.25,28.166666666666668,28.090909090909086,0.010309826235528995,0.007985957062499221,0.0056469243931578,0.5,0.017857142857142856,0.5,0.017857142857142856,0.5,0.017857142857142856,28.0,28.5,28.0,28.5,28.0,28.5,1.0,1.0,1.0,2,7,8,28.5,0.0,SAME,1.0
BNBL,2020-07-09,28.5,28.5,28.0,28.0,28.0,28.0,0.0,0.5,0.5,0.0,0.017857142857142794,0.017857142857142794,0.0,0.017699577099400857,28.333333333333332,28.2,28.1,28.375,28.277777777777782,28.165289256198342,0.010309826235528995,0.007985957062499221,0.0056469243931578,0.5,0.017857142857142856,0.5,0.017857142857142856,0.5,0.017857142857142856,28.0,28.5,28.0,28.5,28.0,28.5,1.0,1.0,1.0,3,7,9,28.1,-0.3999999999999986,DOWN,0.0
BNBL,2020-07-10,28.1,28.5,28.5,28.0,28.0,28.0,-0.3999999999999986,-0.3999999999999986,0.10000000000000142,-0.014035087719298178,-0.014035087719298178,0.0035714285714285587,-0.014134510934904693,-0.014134510934904693,28.366666666666664,28.22,28.110000000000003,28.2375,28.218518518518525,28.153418482344097,0.015984240204284954,0.011324085142004359,0.007560132477977471,0.10000000000000142,0.003571428571428622,0.10000000000000142,0.003571428571428622,0.10000000000000142,0.003571428571428622,28.1,28.5,28.0,28.5,28.0,28.5,0.0,0.20000000000000284,0.20000000000000284,4,7,10,28.1,0.0,SAME,1.0
BNBL,2020-07-13,28.1,28.1,28.5,28.5,28.0,28.0,0.0,-0.3999999999999986,-0.3999999999999986,0.0,-0.014035087719298178,-0.014035087719298178,0.0,-0.014134510934904693,28.233333333333334,28.24,28.119999999999997,28.168750000000003,28.17901234567902,28.143706031008804,0.008103161672836813,0.011324085142004359,0.007560132477977471,-0.3999999999999986,-0.014035087719298196,0.10000000000000142,0.003571428571428622,0.10000000000000142,0.003571428571428622,28.1,28.5,28.0,28.5,28.0,28.5,0.0,0.20000000000000284,0.20000000000000284,0,7,13,28.1,0.0,SAME,1.0
BNBL,2020-07-14,28.1,28.1,28.1,28.5,28.0,28.0,0.0,0.0,-0.3999999999999986,0.0,0.0,-0.014035087719298178,0.0,0.0,28.1,28.26,28.130000000000003,28.134375000000002,28.15267489711935,28.135759479916292,0.008103161672836813,0.011324085142004359,0.007560132477977471,-0.3999999999999986,-0.014035087719298196,0.10000000000000142,0.003571428571428622,0.10000000000000142,0.003571428571428622,28.1,28.1,28.1,28.5,28.0,28.5,,0.0,0.20000000000000284,1,7,14,28.1,0.0,SAME,1.0
BNBL,2020-07-15,28.1,28.1,28.1,28.1,28.5,28.0,0.0,0.0,0.0,0.0,0.0,0.0,0.0,0.0,28.1,28.18,28.139999999999997,28.1171875,28.13511659807957,28.129257756295146,0.0,0.006276682042104641,0.007560132477977471,0.0,0.0,-0.3999999999999986,-0.014035087719298196,0.10000000000000142,0.003571428571428622,28.1,28.1,28.1,28.5,28.0,28.5,,0.0,0.20000000000000284,2,7,15,28.1,0.0,SAME,1.0
BNBL,2020-07-16,28.1,28.1,28.1,28.1,28.5,28.0,0.0,0.0,0.0,0.0,0.0,0.0,0.0,0.0,28.1,28.1,28.15,28.10859375,28.12341106538638,28.123938164241483,0.0,0.006276682042104641,0.007560132477977471,0.0,0.0,-0.3999999999999986,-0.014035087719298196,0.10000000000000142,0.003571428571428622,28.1,28.1,28.1,28.1,28.0,28.5,,,0.20000000000000284,3,7,16,28.1,0.0,SAME,1.0
BNBL,2020-07-17,28.1,28.1,28.1,28.1,28.1,28.0,0.0,0.0,0.0,0.0,0.0,0.0,0.0,0.0,28.1,28.1,28.160000000000004,28.104296875000003,28.115607376924256,28.11958577074303,0.0,0.0,0.007560132477977471,0.0,0.0,0.0,0.0,0.10000000000000142,0.003571428571428622,28.1,28.1,28.1,28.1,28.0,28.5,,,0.20000000000000284,4,7,17,28.1,0.0,SAME,1.0
BNBL,2020-07-20,28.1,28.1,28.1,28.1,28.1,28.0,0.0,0.0,0.0,0.0,0.0,0.0,0.0,0.0,28.1,28.1,28.169999999999998,28.102148437500002,28.110404917949506,28.11602472151702,0.0,0.0,0.007560132477977471,0.0,0.0,0.0,0.0,0.10000000000000142,0.003571428571428622,28.1,28.1,28.1,28.1,28.0,28.5,,,0.20000000000000284,0,7,20,29.0,0.8999999999999986,UP,2.0
BNBL,2020-07-21,29.0,28.1,28.1,28.1,28.1,28.0,0.8999999999999986,0.8999999999999986,0.8999999999999986,0.03202846975088969,0.03202846975088969,0.03202846975088969,0.03152625364677395,0.03152625364677395,28.400000000000002,28.28,28.27,28.551074218750003,28.406936611966337,28.276747499423017,0.01849164563240795,0.014323567115657018,0.012530665050244099,0.8999999999999986,0.032028469750889625,0.8999999999999986,0.032028469750889625,1.0,0.03571428571428571,28.1,29.0,28.1,29.0,28.1,29.0,1.0,1.0,1.0,1,7,21,29.0,0.0,SAME,1.0
BNBL,2020-07-22,29.0,29.0,28.1,28.1,28.1,28.5,0.0,0.8999999999999986,0.8999999999999986,0.0,0.03202846975088969,0.03202846975088969,0.0,0.03152625364677395,28.7,28.46,28.32,28.775537109375,28.60462440797756,28.408247954073378,0.01849164563240795,0.014323567115657018,0.011500871378477615,0.8999999999999986,0.032028469750889625,0.8999999999999986,0.032028469750889625,0.5,0.017543859649122806,28.1,29.0,28.1,29.0,28.1,29.0,1.0,1.0,1.0,2,7,22,29.0,0.0,SAME,1.0
BNBL,2020-07-23,29.0,29.0,29.0,28.1,28.1,28.5,0.0,0.0,0.8999999999999986,0.0,0.0,0.03202846975088969,0.0,0.0,29.0,28.640000000000004,28.369999999999997,28.8877685546875,28.736416271985043,28.515839235150946,0.01849164563240795,0.014323567115657018,0.011500871378477615,0.8999999999999986,0.032028469750889625,0.8999999999999986,0.032028469750889625,0.5,0.017543859649122806,29.0,29.0,28.1,29.0,28.1,29.0,,1.0,1.0,3,7,23,28.8,-0.1999999999999993,DOWN,0.0
BNBL,2020-07-27,28.8,29.0,29.0,29.0,28.1,28.1,-0.1999999999999993,-0.1999999999999993,-0.1999999999999993,-0.006896551724137945,-0.006896551724137945,-0.006896551724137945,-0.006920442844573795,-0.006920442844573795,28.933333333333334,28.78,28.440000000000005,28.84388427734375,28.75761084799003,28.567504828759866,0.003981725994411228,0.015387191422792951,0.010594673556383724,-0.1999999999999993,-0.006896551724137907,0.6999999999999993,0.024911032028469723,0.6999999999999993,0.024911032028469723,28.8,29.0,28.1,29.0,28.1,29.0,0.0,0.7777777777777782,0.7777777777777782,0,7,27,28.5,-0.3000000000000007,DOWN,0.0
BNBL,2020-07-28,28.5,28.8,29.0,29.0,28.1,28.1,-0.3000000000000007,-0.5,-0.5,-0.01041666666666674,-0.017241379310344862,-0.017241379310344862,-0.010471299867295478,-0.01739174271186922,28.766666666666666,28.860000000000003,28.48,28.671942138671874,28.67174056532669,28.555231223530797,0.005298751100287234,0.016871459037333694,0.011354090708994923,-0.5,-0.017241379310344827,0.3999999999999986,0.014234875444839807,0.3999999999999986,0.014234875444839807,28.5,29.0,28.5,29.0,28.1,29.0,0.0,0.0,0.4444444444444436,1,7,28,28.5,0.0,SAME,1.0
BNBL,2020-07-29,28.5,28.5,28.8,29.0,29.0,28.1,0.0,-0.3000000000000007,-0.5,0.0,-0.01041666666666674,-0.017241379310344862,0.0,-0.010471299867295478,28.599999999999998,28.76,28.520000000000003,28.585971069335937,28.614493710217797,28.545189182888834,0.005298751100287234,0.004902036921490303,0.011354090708994923,-0.5,-0.017241379310344827,-0.5,-0.017241379310344827,0.3999999999999986,0.014234875444839807,28.5,28.8,28.5,29.0,28.1,29.0,0.0,0.0,0.4444444444444436,2,7,29,28.5,0.0,SAME,1.0
BNBL,2020-07-30,28.5,28.5,28.5,28.8,29.0,28.1,0.0,0.0,-0.3000000000000007,0.0,0.0,-0.01041666666666674,0.0,0.0,28.5,28.660000000000004,28.560000000000002,28.54298553466797,28.5763291401452,28.536972967818137,0.00601406530405865,0.004902036921490303,0.011354090708994923,-0.3000000000000007,-0.01041666666666669,-0.5,-0.017241379310344827,0.3999999999999986,0.014234875444839807,28.5,28.5,28.5,29.0,28.1,29.0,,0.0,0.4444444444444436,3,7,30,28.5,0.0,SAME,1.0
BNBL,2020-07-31,28.5,28.5,28.5,28.5,29.0,28.1,0.0,0.0,0.0,0.0,0.0,0.0,0.0,0.0,28.5,28.560000000000002,28.6,28.521492767333985,28.550886093430137,28.530250610033022,0.0,0.004902036921490303,0.011354090708994923,0.0,0.0,-0.5,-0.017241379310344827,0.3999999999999986,0.014234875444839807,28.5,28.5,28.5,28.8,28.1,29.0,,0.0,0.4444444444444436,4,7,31,28.5,0.0,SAME,1.0
BNBL,2020-08-03,28.5,28.5,28.5,28.5,28.8,28.1,0.0,0.0,0.0,0.0,0.0,0.0,0.0,0.0,28.5,28.5,28.640000000000004,28.51074638366699,28.53392406228676,28.52475049911793,0.0,0.004658474953124594,0.011354090708994923,0.0,0.0,-0.3000000000000007,-0.01041666666666669,0.3999999999999986,0.014234875444839807,28.5,28.5,28.5,28.5,28.1,29.0,,,0.4444444444444436,0,8,3,28.5,0.0,SAME,1.0
BNBL,2020-08-04,28.5,28.5,28.5,28.5,28.5,28.1,0.0,0.0,0.0,0.0,0.0,0.0,0.0,0.0,28.5,28.5,28.68,28.505373191833495,28.52261604152451,28.520250408369215,0.0,0.0,0.011354090708994923,0.0,0.0,0.0,0.0,0.3999999999999986,0.014234875444839807,28.5,28.5,28.5,28.5,28.5,29.0,,,0.0,1,8,4,28.5,0.0,SAME,1.0
BNBL,2020-08-05,28.5,28.5,28.5,28.5,28.5,29.0,0.0,0.0,0.0,0.0,0.0,0.0,0.0,0.0,28.5,28.5,28.630000000000003,28.50268659591675,28.515077361016342,28.516568515938445,0.0,0.0,0.003743061982201002,0.0,0.0,0.0,0.0,-0.5,-0.017241379310344827,28.5,28.5,28.5,28.5,28.5,29.0,,,0.0,2,8,5,28.5,0.0,SAME,1.0
BNBL,2020-08-06,28.5,28.5,28.5,28.5,28.5,29.0,0.0,0.0,0.0,0.0,0.0,0.0,0.0,0.0,28.5,28.5,28.580000000000002,28.501343297958375,28.510051574010898,28.51355605849509,0.0,0.0,0.003743061982201002,0.0,0.0,0.0,0.0,-0.5,-0.017241379310344827,28.5,28.5,28.5,28.5,28.5,29.0,,,0.0,3,8,6,28.5,0.0,SAME,1.0
BNBL,2020-08-07,28.5,28.5,28.5,28.5,28.5,29.0,0.0,0.0,0.0,0.0,0.0,0.0,0.0,0.0,28.5,28.5,28.53,28.500671648979186,28.506701049340602,28.511091320586893,0.0,0.0,0.003743061982201002,0.0,0.0,0.0,0.0,-0.5,-0.017241379310344827,28.5,28.5,28.5,28.5,28.5,28.8,,,0.0,4,8,7,28.5,0.0,SAME,1.0
BNBL,2020-08-10,28.5,28.5,28.5,28.5,28.5,28.8,0.0,0.0,0.0,0.0,0.0,0.0,0.0,0.0,28.5,28.5,28.5,28.500335824489593,28.504467366227072,28.50907471684382,0.0,0.0,0.0032940392293420886,0.0,0.0,0.0,0.0,-0.3000000000000007,-0.01041666666666669,28.5,28.5,28.5,28.5,28.5,28.5,,,,0,8,10,28.5,0.0,SAME,1.0
BNBL,2020-08-11,28.5,28.5,28.5,28.5,28.5,28.5,0.0,0.0,0.0,0.0,0.0,0.0,0.0,0.0,28.5,28.5,28.5,28.500167912244798,28.502978244151382,28.507424768326757,0.0,0.0,0.0,0.0,0.0,0.0,0.0,0.0,0.0,28.5,28.5,28.5,28.5,28.5,28.5,,,,1,8,11,28.5,0.0,SAME,1.0
BNBL,2020-08-12,28.5,28.5,28.5,28.5,28.5,28.5,0.0,0.0,0.0,0.0,0.0,0.0,0.0,0.0,28.5,28.5,28.5,28.5000839561224,28.501985496100925,28.506074810449164,0.0,0.0,0.0,0.0,0.0,0.0,0.0,0.0,0.0,28.5,28.5,28.5,28.5,28.5,28.5,,,,2,8,12,28.5,0.0,SAME,1.0
BNBL,2020-08-13,28.5,28.5,28.5,28.5,28.5,28.5,0.0,0.0,0.0,0.0,0.0,0.0,0.0,0.0,28.5,28.5,28.5,28.500041978061198,28.501323664067286,28.504970299458407,0.0,0.0,0.0,0.0,0.0,0.0,0.0,0.0,0.0,28.5,28.5,28.5,28.5,28.5,28.5,,,,3,8,13,28.5,0.0,SAME,1.0
BNBL,2020-08-14,28.5,28.5,28.5,28.5,28.5,28.5,0.0,0.0,0.0,0.0,0.0,0.0,0.0,0.0,28.5,28.5,28.5,28.5000209890306,28.500882442711525,28.504066608647783,0.0,0.0,0.0,0.0,0.0,0.0,0.0,0.0,0.0,28.5,28.5,28.5,28.5,28.5,28.5,,,,4,8,14,28.5,0.0,SAME,1.0
BNBL,2020-08-17,28.5,28.5,28.5,28.5,28.5,28.5,0.0,0.0,0.0,0.0,0.0,0.0,0.0,0.0,28.5,28.5,28.5,28.5000104945153,28.500588295141018,28.503327225257273,0.0,0.0,0.0,0.0,0.0,0.0,0.0,0.0,0.0,28.5,28.5,28.5,28.5,28.5,28.5,,,,0,8,17,28.5,0.0,SAME,1.0
BNBL,2020-08-18,28.5,28.5,28.5,28.5,28.5,28.5,0.0,0.0,0.0,0.0,0.0,0.0,0.0,0.0,28.5,28.5,28.5,28.50000524725765,28.500392196760682,28.502722275210495,0.0,0.0,0.0,0.0,0.0,0.0,0.0,0.0,0.0,28.5,28.5,28.5,28.5,28.5,28.5,,,,1,8,18,28.5,0.0,SAME,1.0
BNBL,2020-08-19,28.5,28.5,28.5,28.5,28.5,28.5,0.0,0.0,0.0,0.0,0.0,0.0,0.0,0.0,28.5,28.5,28.5,28.500002623628824,28.500261464507123,28.50222731608131,0.0,0.0,0.0,0.0,0.0,0.0,0.0,0.0,0.0,28.5,28.5,28.5,28.5,28.5,28.5,,,,2,8,19,28.5,0.0,SAME,1.0
BNBL,2020-08-20,28.5,28.5,28.5,28.5,28.5,28.5,0.0,0.0,0.0,0.0,0.0,0.0,0.0,0.0,28.5,28.5,28.5,28.50000131181441,28.50017430967142,28.50182234952107,0.0,0.0,0.0,0.0,0.0,0.0,0.0,0.0,0.0,28.5,28.5,28.5,28.5,28.5,28.5,,,,3,8,20,28.5,0.0,SAME,1.0
BNBL,2020-08-21,28.5,28.5,28.5,28.5,28.5,28.5,0.0,0.0,0.0,0.0,0.0,0.0,0.0,0.0,28.5,28.5,28.5,28.500000655907208,28.500116206447615,28.50149101324451,0.0,0.0,0.0,0.0,0.0,0.0,0.0,0.0,0.0,28.5,28.5,28.5,28.5,28.5,28.5,,,,4,8,21,28.5,0.0,SAME,1.0
BNBL,2020-08-24,28.5,28.5,28.5,28.5,28.5,28.5,0.0,0.0,0.0,0.0,0.0,0.0,0.0,0.0,28.5,28.5,28.5,28.500000327953604,28.500077470965078,28.501219919927323,0.0,0.0,0.0,0.0,0.0,0.0,0.0,0.0,0.0,28.5,28.5,28.5,28.5,28.5,28.5,,,,0,8,24,28.5,0.0,SAME,1.0
BNBL,2020-08-25,28.5,28.5,28.5,28.5,28.5,28.5,0.0,0.0,0.0,0.0,0.0,0.0,0.0,0.0,28.5,28.5,28.5,28.5000001639768,28.500051647310055,28.500998116304174,0.0,0.0,0.0,0.0,0.0,0.0,0.0,0.0,0.0,28.5,28.5,28.5,28.5,28.5,28.5,,,,1,8,25,29.93,1.4299999999999997,UP,2.0
BNBL,2020-08-26,29.93,28.5,28.5,28.5,28.5,28.5,1.4299999999999997,1.4299999999999997,1.4299999999999997,0.050175438596491206,0.050175438596491206,0.050175438596491206,0.0489572345900027,0.0489572345900027,28.97666666666667,28.786,28.643,29.2150000819884,28.976701098206707,28.760816640612504,0.028968802980391735,0.022439138300524193,0.01586686685628344,1.4299999999999997,0.05017543859649122,1.4299999999999997,0.05017543859649122,1.4299999999999997,0.05017543859649122,28.5,29.93,28.5,29.93,28.5,29.93,1.0,1.0,1.0,2,8,26,31.0,1.0700000000000003,UP,2.0
BNBL,2020-08-27,31.0,29.93,28.5,28.5,28.5,28.5,1.0700000000000003,2.5,2.5,0.0357500835282325,0.08771929824561409,0.08771929824561409,0.03512588262053864,0.08408311721054144,29.810000000000002,29.286,28.893,30.1075000409942,29.65113406547114,29.167940887773867,0.025831937530478286,0.024078019229914777,0.018431023289205806,2.5,0.08771929824561403,2.5,0.08771929824561403,2.5,0.08771929824561403,28.5,31.0,28.5,31.0,28.5,31.0,1.0,1.0,1.0,3,8,27,31.0,0.0,SAME,1.0
BNBL,2020-08-28,31.0,31.0,29.93,28.5,28.5,28.5,0.0,1.0700000000000003,2.5,0.0,0.0357500835282325,0.08771929824561409,0.0,0.03512588262053864,30.643333333333334,29.786,29.143,30.553750020497098,30.10075604364743,29.501042544542255,0.025831937530478286,0.024078019229914777,0.018431023289205806,2.5,0.08771929824561403,2.5,0.08771929824561403,2.5,0.08771929824561403,29.93,31.0,28.5,31.0,28.5,31.0,1.0,1.0,1.0,4,8,28,31.0,0.0,SAME,1.0
BNBL,2020-08-31,31.0,31.0,31.0,29.93,28.5,28.5,0.0,0.0,1.0700000000000003,0.0,0.0,0.0357500835282325,0.0,0.0,31.0,30.286,29.393,30.77687501024855,30.400504029098286,29.77358026371639,0.020640320348576636,0.024078019229914777,0.018431023289205806,1.0700000000000003,0.03575008352823255,2.5,0.08771929824561403,2.5,0.08771929824561403,31.0,31.0,28.5,31.0,28.5,31.0,,1.0,1.0,0,8,31,31.0,0.0,SAME,1.0
BNBL,2020-09-01,31.0,31.0,31.0,31.0,28.5,28.5,0.0,0.0,0.0,0.0,0.0,0.0,0.0,0.0,31.0,30.786,29.643,30.888437505124273,30.60033601939886,29.99656567031341,0.0,0.024078019229914777,0.018431023289205806,0.0,0.0,2.5,0.08771929824561403,2.5,0.08771929824561403,31.0,31.0,29.93,31.0,28.5,31.0,,1.0,1.0,1,9,1,31.0,0.0,SAME,1.0
BNBL,2020-09-02,31.0,31.0,31.0,31.0,29.93,28.5,0.0,0.0,0.0,0.0,0.0,0.0,0.0,0.0,31.0,31.0,29.893,30.944218752562136,30.733557346265908,30.17900827571097,0.0,0.015987923394084676,0.018431023289205806,0.0,0.0,1.0700000000000003,0.03575008352823255,2.5,0.08771929824561403,31.0,31.0,31.0,31.0,28.5,31.0,,,1.0,2,9,2,31.0,0.0,SAME,1.0
BNBL,2020-09-03,31.0,31.0,31.0,31.0,31.0,28.5,0.0,0.0,0.0,0.0,0.0,0.0,0.0,0.0,31.0,31.0,30.143,30.972109376281068,30.822371564177274,30.328279498308973,0.0,0.0,0.018431023289205806,0.0,0.0,0.0,0.0,2.5,0.08771929824561403,31.0,31.0,31.0,31.0,28.5,31.0,,,1.0,3,9,3,31.0,0.0,SAME,1.0
BNBL,2020-09-04,31.0,31.0,31.0,31.0,31.0,28.5,0.0,0.0,0.0,0.0,0.0,0.0,0.0,0.0,31.0,31.0,30.393,30.986054688140534,30.881581042784852,30.45041049861643,0.0,0.0,0.018431023289205806,0.0,0.0,0.0,0.0,2.5,0.08771929824561403,31.0,31.0,31.0,31.0,28.5,31.0,,,1.0,4,9,4,31.0,0.0,SAME,1.0
BNBL,2020-09-07,31.0,31.0,31.0,31.0,31.0,28.5,0.0,0.0,0.0,0.0,0.0,0.0,0.0,0.0,31.0,31.0,30.643,30.993027344070267,30.921054028523237,30.55033586250435,0.0,0.0,0.018431023289205806,0.0,0.0,0.0,0.0,2.5,0.08771929824561403,31.0,31.0,31.0,31.0,28.5,31.0,,,1.0,0,9,7,31.0,0.0,SAME,1.0
BNBL,2020-09-08,31.0,31.0,31.0,31.0,31.0,28.5,0.0,0.0,0.0,0.0,0.0,0.0,0.0,0.0,31.0,31.0,30.893,30.996513672035135,30.947369352348826,30.63209297841265,0.0,0.0,0.018431023289205806,0.0,0.0,0.0,0.0,2.5,0.08771929824561403,31.0,31.0,31.0,31.0,29.93,31.0,,,1.0,1,9,8,31.0,0.0,SAME,1.0
BNBL,2020-09-09,31.0,31.0,31.0,31.0,31.0,29.93,0.0,0.0,0.0,0.0,0.0,0.0,0.0,0.0,31.0,31.0,31.0,30.998256836017568,30.964912901565885,30.698985164155804,0.0,0.0,0.011305169049048318,0.0,0.0,0.0,0.0,1.0700000000000003,0.03575008352823255,31.0,31.0,31.0,31.0,31.0,31.0,,,,2,9,9,31.0,0.0,SAME,1.0
BNBL,2020-09-10,31.0,31.0,31.0,31.0,31.0,31.0,0.0,0.0,0.0,0.0,0.0,0.0,0.0,0.0,31.0,31.0,31.0,30.999128418008784,30.976608601043925,30.753715134309292,0.0,0.0,0.0,0.0,0.0,0.0,0.0,0.0,0.0,31.0,31.0,31.0,31.0,31.0,31.0,,,,3,9,10,30.0,-1.0,DOWN,0.0
BNBL,2020-09-11,30.0,31.0,31.0,31.0,31.0,31.0,-1.0,-1.0,-1.0,-0.032258064516129004,-0.032258064516129004,-0.032258064516129004,-0.03278982282299084,-0.03278982282299084,30.666666666666668,30.8,30.9,30.49956420900439,30.651072400695952,30.61667601898033,0.01862420223192339,0.014426245016127659,0.010200895677962504,-1.0,-0.03225806451612903,-1.0,-0.03225806451612903,-1.0,-0.03225806451612903,30.0,31.0,30.0,31.0,30.0,31.0,0.0,0.0,0.0,4,9,11,30.0,0.0,SAME,1.0
BNBL,2020-09-14,30.0,30.0,31.0,31.0,31.0,31.0,0.0,-1.0,-1.0,0.0,-0.032258064516129004,-0.032258064516129004,0.0,-0.03278982282299084,30.333333333333332,30.6,30.8,30.249782104502195,30.43404826713064,30.50455310643845,0.01862420223192339,0.014426245016127659,0.010200895677962504,-1.0,-0.03225806451612903,-1.0,-0.03225806451612903,-1.0,-0.03225806451612903,30.0,31.0,30.0,31.0,30.0,31.0,0.0,0.0,0.0,0,9,14,30.0,0.0,SAME,1.0
BNBL,2020-09-15,30.0,30.0,30.0,31.0,31.0,31.0,0.0,0.0,-1.0,0.0,0.0,-0.032258064516129004,0.0,0.0,30.0,30.4,30.7,30.124891052251098,30.289365511420428,30.412816177995097,0.01862420223192339,0.014426245016127659,0.010200895677962504,-1.0,-0.03225806451612903,-1.0,-0.03225806451612903,-1.0,-0.03225806451612903,30.0,30.0,30.0,31.0,30.0,31.0,,0.0,0.0,1,9,15,30.0,0.0,SAME,1.0
BNBL,2020-09-16,30.0,30.0,30.0,30.0,31.0,31.0,0.0,0.0,0.0,0.0,0.0,0.0,0.0,0.0,30.0,30.2,30.6,30.06244552612555,30.192910340946955,30.337758691086897,0.0,0.014426245016127659,0.010200895677962504,0.0,0.0,-1.0,-0.03225806451612903,-1.0,-0.03225806451612903,30.0,30.0,30.0,31.0,30.0,31.0,,0.0,0.0,2,9,16,30.0,0.0,SAME,1.0
BNBL,2020-09-17,30.0,30.0,30.0,30.0,31.0,31.0,0.0,0.0,0.0,0.0,0.0,0.0,0.0,0.0,30.0,30.0,30.5,30.031222763062775,30.12860689396464,30.27634801998019,0.0,0.014426245016127659,0.010200895677962504,0.0,0.0,-1.0,-0.03225806451612903,-1.0,-0.03225806451612903,30.0,30.0,30.0,30.0,30.0,31.0,,,0.0,3,9,17,30.0,0.0,SAME,1.0
BNBL,2020-09-18,30.0,30.0,30.0,30.0,30.0,31.0,0.0,0.0,0.0,0.0,0.0,0.0,0.0,0.0,30.0,30.0,30.4,30.015611381531386,30.08573792930976,30.226102925438333,0.0,0.0,0.010200895677962504,0.0,0.0,0.0,0.0,-1.0,-0.03225806451612903,30.0,30.0,30.0,30.0,30.0,31.0,,,0.0,4,9,18,30.0,0.0,SAME,1.0
BNBL,2020-09-21,30.0,30.0,30.0,30.0,30.0,31.0,0.0,0.0,0.0,0.0,0.0,0.0,0.0,0.0,30.0,30.0,30.3,30.007805690765693,30.057158619539845,30.184993302631362,0.0,0.0,0.010200895677962504,0.0,0.0,0.0,0.0,-1.0,-0.03225806451612903,30.0,30.0,30.0,30.0,30.0,31.0,,,0.0,0,9,21,30.0,0.0,SAME,1.0
BNBL,2020-09-24,30.0,30.0,30.0,30.0,30.0,31.0,0.0,0.0,0.0,0.0,0.0,0.0,0.0,0.0,30.0,30.0,30.2,30.003902845382846,30.0381057463599,30.151358156698386,0.0,0.0,0.010200895677962504,0.0,0.0,0.0,0.0,-1.0,-0.03225806451612903,30.0,30.0,30.0,30.0,30.0,31.0,,,0.0,3,9,24,30.0,0.0,SAME,1.0
BNBL,2020-09-25,30.0,30.0,30.0,30.0,30.0,31.0,0.0,0.0,0.0,0.0,0.0,0.0,0.0,0.0,30.0,30.0,30.1,30.001951422691423,30.0254038309066,30.123838491844133,0.0,0.0,0.010200895677962504,0.0,0.0,0.0,0.0,-1.0,-0.03225806451612903,30.0,30.0,30.0,30.0,30.0,31.0,,,0.0,4,9,25,30.0,0.0,SAME,1.0
BNBL,2020-09-29,30.0,30.0,30.0,30.0,30.0,31.0,0.0,0.0,0.0,0.0,0.0,0.0,0.0,0.0,30.0,30.0,30.0,30.00097571134571,30.01693588727107,30.101322402417928,0.0,0.0,0.010200895677962504,0.0,0.0,0.0,0.0,-1.0,-0.03225806451612903,30.0,30.0,30.0,30.0,30.0,30.0,,,,1,9,29,30.0,0.0,SAME,1.0
BNBL,2020-09-30,30.0,30.0,30.0,30.0,30.0,30.0,0.0,0.0,0.0,0.0,0.0,0.0,0.0,0.0,30.0,30.0,30.0,30.000487855672855,30.01129059151405,30.082900147432852,0.0,0.0,0.0,0.0,0.0,0.0,0.0,0.0,0.0,30.0,30.0,30.0,30.0,30.0,30.0,,,,2,9,30,30.0,0.0,SAME,1.0
BNBL,2020-10-01,30.0,30.0,30.0,30.0,30.0,30.0,0.0,0.0,0.0,0.0,0.0,0.0,0.0,0.0,30.0,30.0,30.0,30.00024392783643,30.00752706100937,30.06782739335415,0.0,0.0,0.0,0.0,0.0,0.0,0.0,0.0,0.0,30.0,30.0,30.0,30.0,30.0,30.0,,,,3,10,1,30.0,0.0,SAME,1.0
BNBL,2020-10-02,30.0,30.0,30.0,30.0,30.0,30.0,0.0,0.0,0.0,0.0,0.0,0.0,0.0,0.0,30.0,30.0,30.0,30.000121963918215,30.005018040672915,30.05549514001703,0.0,0.0,0.0,0.0,0.0,0.0,0.0,0.0,0.0,30.0,30.0,30.0,30.0,30.0,30.0,,,,4,10,2,30.0,0.0,SAME,1.0
BNBL,2020-10-05,30.0,30.0,30.0,30.0,30.0,30.0,0.0,0.0,0.0,0.0,0.0,0.0,0.0,0.0,30.0,30.0,30.0,30.00006098195911,30.003345360448613,30.045405114559387,0.0,0.0,0.0,0.0,0.0,0.0,0.0,0.0,0.0,30.0,30.0,30.0,30.0,30.0,30.0,,,,0,10,5,30.0,0.0,SAME,1.0
BNBL,2020-10-06,30.0,30.0,30.0,30.0,30.0,30.0,0.0,0.0,0.0,0.0,0.0,0.0,0.0,0.0,30.0,30.0,30.0,30.000030490979555,30.002230240299077,30.037149639184953,0.0,0.0,0.0,0.0,0.0,0.0,0.0,0.0,0.0,30.0,30.0,30.0,30.0,30.0,30.0,,,,1,10,6,30.0,0.0,SAME,1.0
BNBL,2020-10-07,30.0,30.0,30.0,30.0,30.0,30.0,0.0,0.0,0.0,0.0,0.0,0.0,0.0,0.0,30.0,30.0,30.0,30.000015245489777,30.001486826866053,30.03039515933314,0.0,0.0,0.0,0.0,0.0,0.0,0.0,0.0,0.0,30.0,30.0,30.0,30.0,30.0,30.0,,,,2,10,7,30.0,0.0,SAME,1.0
BNBL,2020-10-08,30.0,30.0,30.0,30.0,30.0,30.0,0.0,0.0,0.0,0.0,0.0,0.0,0.0,0.0,30.0,30.0,30.0,30.00000762274489,30.000991217910705,30.02486876672711,0.0,0.0,0.0,0.0,0.0,0.0,0.0,0.0,0.0,30.0,30.0,30.0,30.0,30.0,30.0,,,,3,10,8,30.0,0.0,SAME,1.0
BNBL,2020-10-09,30.0,30.0,30.0,30.0,30.0,30.0,0.0,0.0,0.0,0.0,0.0,0.0,0.0,0.0,30.0,30.0,30.0,30.000003811372444,30.000660811940474,30.020347172776724,0.0,0.0,0.0,0.0,0.0,0.0,0.0,0.0,0.0,30.0,30.0,30.0,30.0,30.0,30.0,,,,4,10,9,30.0,0.0,SAME,1.0
BNBL,2020-10-12,30.0,30.0,30.0,30.0,30.0,30.0,0.0,0.0,0.0,0.0,0.0,0.0,0.0,0.0,30.0,30.0,30.0,30.000001905686222,30.000440541293653,30.016647686817315,0.0,0.0,0.0,0.0,0.0,0.0,0.0,0.0,0.0,30.0,30.0,30.0,30.0,30.0,30.0,,,,0,10,12,30.0,0.0,SAME,1.0
BNBL,2020-10-13,30.0,30.0,30.0,30.0,30.0,30.0,0.0,0.0,0.0,0.0,0.0,0.0,0.0,0.0,30.0,30.0,30.0,30.00000095284311,30.000293694195772,30.013620834668714,0.0,0.0,0.0,0.0,0.0,0.0,0.0,0.0,0.0,30.0,30.0,30.0,30.0,30.0,30.0,,,,1,10,13,30.0,0.0,SAME,1.0
BNBL,2020-10-14,30.0,30.0,30.0,30.0,30.0,30.0,0.0,0.0,0.0,0.0,0.0,0.0,0.0,0.0,30.0,30.0,30.0,30.000000476421555,30.000195796130516,30.0111443192744,0.0,0.0,0.0,0.0,0.0,0.0,0.0,0.0,0.0,30.0,30.0,30.0,30.0,30.0,30.0,,,,2,10,14,30.0,0.0,SAME,1.0
BNBL,2020-10-15,30.0,30.0,30.0,30.0,30.0,30.0,0.0,0.0,0.0,0.0,0.0,0.0,0.0,0.0,30.0,30.0,30.0,30.000000238210777,30.00013053075368,30.009118079406328,0.0,0.0,0.0,0.0,0.0,0.0,0.0,0.0,0.0,30.0,30.0,30.0,30.0,30.0,30.0,,,,3,10,15,30.0,0.0,SAME,1.0
BNBL,2020-10-16,30.0,30.0,30.0,30.0,30.0,30.0,0.0,0.0,0.0,0.0,0.0,0.0,0.0,0.0,30.0,30.0,30.0,30.000000119105387,30.000087020502455,30.00746024678699,0.0,0.0,0.0,0.0,0.0,0.0,0.0,0.0,0.0,30.0,30.0,30.0,30.0,30.0,30.0,,,,4,10,16,30.0,0.0,SAME,1.0
BNBL,2020-10-19,30.0,30.0,30.0,30.0,30.0,30.0,0.0,0.0,0.0,0.0,0.0,0.0,0.0,0.0,30.0,30.0,30.0,30.000000059552693,30.000058013668305,30.00610383828026,0.0,0.0,0.0,0.0,0.0,0.0,0.0,0.0,0.0,30.0,30.0,30.0,30.0,30.0,30.0,,,,0,10,19,30.0,0.0,SAME,1.0
BNBL,2020-10-20,30.0,30.0,30.0,30.0,30.0,30.0,0.0,0.0,0.0,0.0,0.0,0.0,0.0,0.0,30.0,30.0,30.0,30.000000029776345,30.00003867577887,30.00499404950203,0.0,0.0,0.0,0.0,0.0,0.0,0.0,0.0,0.0,30.0,30.0,30.0,30.0,30.0,30.0,,,,1,10,20,30.0,0.0,SAME,1.0
BNBL,2020-10-21,30.0,30.0,30.0,30.0,30.0,30.0,0.0,0.0,0.0,0.0,0.0,0.0,0.0,0.0,30.0,30.0,30.0,30.000000014888172,30.000025783852582,30.00408604050166,0.0,0.0,0.0,0.0,0.0,0.0,0.0,0.0,0.0,30.0,30.0,30.0,30.0,30.0,30.0,,,,2,10,21,30.0,0.0,SAME,1.0
BNBL,2020-10-22,30.0,30.0,30.0,30.0,30.0,30.0,0.0,0.0,0.0,0.0,0.0,0.0,0.0,0.0,30.0,30.0,30.0,30.000000007444086,30.000017189235056,30.003343124046815,0.0,0.0,0.0,0.0,0.0,0.0,0.0,0.0,0.0,30.0,30.0,30.0,30.0,30.0,30.0,,,,3,10,22,30.0,0.0,SAME,1.0
BNBL,2020-10-23,30.0,30.0,30.0,30.0,30.0,30.0,0.0,0.0,0.0,0.0,0.0,0.0,0.0,0.0,30.0,30.0,30.0,30.000000003722043,30.00001145949004,30.002735283311026,0.0,0.0,0.0,0.0,0.0,0.0,0.0,0.0,0.0,30.0,30.0,30.0,30.0,30.0,30.0,,,,4,10,23,31.0,1.0,UP,2.0
BNBL,2020-10-27,31.0,30.0,30.0,30.0,30.0,30.0,1.0,1.0,1.0,0.03333333333333344,0.03333333333333344,0.03333333333333344,0.03278982282299097,0.03278982282299097,30.333333333333332,30.2,30.1,30.50000000186102,30.333340972993362,30.18405614089084,0.019245008972987577,0.01490711984999864,0.01054092553389463,1.0,0.03333333333333333,1.0,0.03333333333333333,1.0,0.03333333333333333,30.0,31.0,30.0,31.0,30.0,31.0,1.0,1.0,1.0,1,10,27,31.0,0.0,SAME,1.0
BNBL,2020-10-28,31.0,31.0,30.0,30.0,30.0,30.0,0.0,1.0,1.0,0.0,0.03333333333333344,0.03333333333333344,0.0,0.03278982282299097,30.666666666666668,30.4,30.2,30.750000000930513,30.555560648662244,30.332409569819774,0.019245008972987577,0.01490711984999864,0.01054092553389463,1.0,0.03333333333333333,1.0,0.03333333333333333,1.0,0.03333333333333333,30.0,31.0,30.0,31.0,30.0,31.0,1.0,1.0,1.0,2,10,28,31.0,0.0,SAME,1.0
BNBL,2020-10-29,31.0,31.0,31.0,30.0,30.0,30.0,0.0,0.0,1.0,0.0,0.0,0.03333333333333344,0.0,0.0,31.0,30.6,30.3,30.875000000465256,30.703707099108165,30.45378964803436,0.019245008972987577,0.01490711984999864,0.01054092553389463,1.0,0.03333333333333333,1.0,0.03333333333333333,1.0,0.03333333333333333,31.0,31.0,30.0,31.0,30.0,31.0,,1.0,1.0,3,10,29,31.0,0.0,SAME,1.0
BNBL,2020-10-30,31.0,31.0,31.0,31.0,30.0,30.0,0.0,0.0,0.0,0.0,0.0,0.0,0.0,0.0,31.0,30.8,30.4,30.937500000232628,30.802471399405444,30.553100621119018,0.0,0.01490711984999864,0.01054092553389463,0.0,0.0,1.0,0.03333333333333333,1.0,0.03333333333333333,31.0,31.0,30.0,31.0,30.0,31.0,,1.0,1.0,4,10,30,31.0,0.0,SAME,1.0
BNBL,2020-11-02,31.0,31.0,31.0,31.0,30.0,30.0,0.0,0.0,0.0,0.0,0.0,0.0,0.0,0.0,31.0,31.0,30.5,30.968750000116316,30.868314266270296,30.63435505364283,0.0,0.01490711984999864,0.01054092553389463,0.0,0.0,1.0,0.03333333333333333,1.0,0.03333333333333333,31.0,31.0,31.0,31.0,30.0,31.0,,,1.0,0,11,2,31.5,0.5,UP,2.0
BNBL,2020-11-03,31.5,31.0,31.0,31.0,31.0,30.0,0.5,0.5,0.5,0.016129032258064502,0.016129032258064502,0.016129032258064502,0.01600034134644112,0.01600034134644112,31.166666666666668,31.1,30.65,31.234375000058158,31.078876177513532,30.791745043889588,0.009312101115961677,0.007213122508063823,0.011188308539140771,0.5,0.016129032258064516,0.5,0.016129032258064516,1.5,0.05,31.0,31.5,31.0,31.5,30.0,31.5,1.0,1.0,1.0,1,11,3,31.5,0.0,SAME,1.0
BNBL,2020-11-04,31.5,31.5,31.0,31.0,31.0,30.0,0.0,0.5,0.5,0.0,0.016129032258064502,0.016129032258064502,0.0,0.01600034134644112,31.333333333333332,31.2,30.8,31.36718750002908,31.219250785009024,30.920518672273296,0.009312101115961677,0.007213122508063823,0.011188308539140771,0.5,0.016129032258064516,0.5,0.016129032258064516,1.5,0.05,31.0,31.5,31.0,31.5,30.0,31.5,1.0,1.0,1.0,2,11,4,31.5,0.0,SAME,1.0
BNBL,2020-11-05,31.5,31.5,31.5,31.0,31.0,30.0,0.0,0.0,0.5,0.0,0.0,0.016129032258064502,0.0,0.0,31.5,31.3,30.95,31.433593750014538,31.312833856672686,31.02587891367815,0.009312101115961677,0.007213122508063823,0.011188308539140771,0.5,0.016129032258064516,0.5,0.016129032258064516,1.5,0.05,31.5,31.5,31.0,31.5,30.0,31.5,,1.0,1.0,3,11,5,31.5,0.0,SAME,1.0
BNBL,2020-11-06,31.5,31.5,31.5,31.5,31.0,30.0,0.0,0.0,0.0,0.0,0.0,0.0,0.0,0.0,31.5,31.4,31.1,31.46679687500727,31.375222571115128,31.112082747554847,0.0,0.007213122508063823,0.011188308539140771,0.0,0.0,0.5,0.016129032258064516,1.5,0.05,31.5,31.5,31.0,31.5,30.0,31.5,,1.0,1.0,4,11,6,31.5,0.0,SAME,1.0
BNBL,2020-11-09,31.5,31.5,31.5,31.5,31.0,30.0,0.0,0.0,0.0,0.0,0.0,0.0,0.0,0.0,31.5,31.5,31.25,31.483398437503634,31.416815047410086,31.182613157090326,0.0,0.007213122508063823,0.011188308539140771,0.0,0.0,0.5,0.016129032258064516,1.5,0.05,31.5,31.5,31.5,31.5,31.0,31.5,,,1.0,0,11,9,31.5,0.0,SAME,1.0
BNBL,2020-11-10,31.5,31.5,31.5,31.5,31.5,31.0,0.0,0.0,0.0,0.0,0.0,0.0,0.0,0.0,31.5,31.5,31.3,31.49169921875182,31.44454336494006,31.240319855801175,0.0,0.0,0.0051004478389812535,0.0,0.0,0.0,0.0,0.5,0.016129032258064516,31.5,31.5,31.5,31.5,31.0,31.5,,,1.0,1,11,10,31.5,0.0,SAME,1.0
BNBL,2020-11-12,31.5,31.5,31.5,31.5,31.5,31.0,0.0,0.0,0.0,0.0,0.0,0.0,0.0,0.0,31.5,31.5,31.35,31.49584960937591,31.46302890996004,31.287534427473688,0.0,0.0,0.0051004478389812535,0.0,0.0,0.0,0.0,0.5,0.016129032258064516,31.5,31.5,31.5,31.5,31.0,31.5,,,1.0,3,11,12,31.5,0.0,SAME,1.0
BNBL,2020-11-13,31.5,31.5,31.5,31.5,31.5,31.0,0.0,0.0,0.0,0.0,0.0,0.0,0.0,0.0,31.5,31.5,31.4,31.497924804687955,31.47535260664003,31.32616453156938,0.0,0.0,0.0051004478389812535,0.0,0.0,0.0,0.0,0.5,0.016129032258064516,31.5,31.5,31.5,31.5,31.0,31.5,,,1.0,4,11,13,31.65,0.14999999999999858,UP,2.0
BNBL,2020-11-16,31.65,31.5,31.5,31.5,31.5,31.0,0.14999999999999858,0.14999999999999858,0.14999999999999858,0.004761904761904745,0.004761904761904745,0.004761904761904745,0.004750602758597799,0.004750602758597799,31.549999999999997,31.53,31.464999999999996,31.573962402343977,31.53356840442669,31.38504370764767,0.0027492869961410022,0.0021295885499997666,0.005155130061791784,0.14999999999999858,0.004761904761904716,0.14999999999999858,0.004761904761904716,0.6499999999999986,0.020967741935483824,31.5,31.65,31.5,31.65,31.0,31.65,1.0,1.0,1.0,0,11,16,31.65,0.0,SAME,1.0
BNBL,2020-11-17,31.65,31.65,31.5,31.5,31.5,31.0,0.0,0.14999999999999858,0.14999999999999858,0.0,0.004761904761904745,0.004761904761904745,0.0,0.004750602758597799,31.599999999999998,31.560000000000002,31.529999999999994,31.611981201171986,31.57237893628446,31.433217578984458,0.0027492869961410022,0.0021295885499997666,0.005155130061791784,0.14999999999999858,0.004761904761904716,0.14999999999999858,0.004761904761904716,0.6499999999999986,0.020967741935483824,31.5,31.65,31.5,31.65,31.5,31.65,1.0,1.0,1.0,1,11,17,31.65,0.0,SAME,1.0
BNBL,2020-11-18,31.65,31.65,31.65,31.5,31.5,31.5,0.0,0.0,0.14999999999999858,0.0,0.0,0.004761904761904745,0.0,0.0,31.65,31.589999999999996,31.544999999999998,31.630990600585992,31.59825262418964,31.472632564623645,0.0027492869961410022,0.0021295885499997666,0.00150584650484208,0.14999999999999858,0.004761904761904716,0.14999999999999858,0.004761904761904716,0.14999999999999858,0.004761904761904716,31.65,31.65,31.5,31.65,31.5,31.65,,1.0,1.0,2,11,18,31.65,0.0,SAME,1.0
BNBL,2020-11-19,31.65,31.65,31.65,31.65,31.5,31.5,0.0,0.0,0.0,0.0,0.0,0.0,0.0,0.0,31.65,31.619999999999997,31.559999999999995,31.640495300292997,31.61550174945976,31.504881189237526,0.0,0.0021295885499997666,0.00150584650484208,0.0,0.0,0.14999999999999858,0.004761904761904716,0.14999999999999858,0.004761904761904716,31.65,31.65,31.5,31.65,31.5,31.65,,1.0,1.0,3,11,19,31.65,0.0,SAME,1.0
BNBL,2020-11-20,31.65,31.65,31.65,31.65,31.5,31.5,0.0,0.0,0.0,0.0,0.0,0.0,0.0,0.0,31.65,31.65,31.574999999999996,31.645247650146498,31.627001166306506,31.531266427557973,0.0,0.0021295885499997666,0.00150584650484208,0.0,0.0,0.14999999999999858,0.004761904761904716,0.14999999999999858,0.004761904761904716,31.65,31.65,31.65,31.65,31.5,31.65,,,1.0,4,11,20,31.65,0.0,SAME,1.0
BNBL,2020-11-23,31.65,31.65,31.65,31.65,31.65,31.5,0.0,0.0,0.0,0.0,0.0,0.0,0.0,0.0,31.65,31.65,31.589999999999996,31.647623825073246,31.63466744420434,31.55285434982016,0.0,0.0,0.00150584650484208,0.0,0.0,0.0,0.0,0.14999999999999858,0.004761904761904716,31.65,31.65,31.65,31.65,31.5,31.65,,,1.0,0,11,23,31.65,0.0,SAME,1.0
BNBL,2020-11-24,31.65,31.65,31.65,31.65,31.65,31.5,0.0,0.0,0.0,0.0,0.0,0.0,0.0,0.0,31.65,31.65,31.604999999999997,31.648811912536623,31.639778296136228,31.5705171953074,0.0,0.0,0.00150584650484208,0.0,0.0,0.0,0.0,0.14999999999999858,0.004761904761904716,31.65,31.65,31.65,31.65,31.5,31.65,,,1.0,1,11,24,31.65,0.0,SAME,1.0
BNBL,2020-11-25,31.65,31.65,31.65,31.65,31.65,31.5,0.0,0.0,0.0,0.0,0.0,0.0,0.0,0.0,31.65,31.65,31.619999999999997,31.64940595626831,31.643185530757485,31.584968614342415,0.0,0.0,0.00150584650484208,0.0,0.0,0.0,0.0,0.14999999999999858,0.004761904761904716,31.65,31.65,31.65,31.65,31.5,31.65,,,1.0,2,11,25,31.65,0.0,SAME,1.0
BNBL,2020-11-26,31.65,31.65,31.65,31.65,31.65,31.5,0.0,0.0,0.0,0.0,0.0,0.0,0.0,0.0,31.65,31.65,31.634999999999998,31.649702978134155,31.645457020504992,31.59679250264379,0.0,0.0,0.00150584650484208,0.0,0.0,0.0,0.0,0.14999999999999858,0.004761904761904716,31.65,31.65,31.65,31.65,31.5,31.65,,,1.0,3,11,26,31.65,0.0,SAME,1.0
BNBL,2020-11-27,31.65,31.65,31.65,31.65,31.65,31.5,0.0,0.0,0.0,0.0,0.0,0.0,0.0,0.0,31.65,31.65,31.65,31.649851489067075,31.64697134700333,31.606466593072188,0.0,0.0,0.00150584650484208,0.0,0.0,0.0,0.0,0.14999999999999858,0.004761904761904716,31.65,31.65,31.65,31.65,31.65,31.65,,,,4,11,27,31.65,0.0,SAME,1.0
BNBL,2020-11-30,31.65,31.65,31.65,31.65,31.65,31.65,0.0,0.0,0.0,0.0,0.0,0.0,0.0,0.0,31.65,31.65,31.65,31.649925744533537,31.647980898002224,31.61438175796815,0.0,0.0,0.0,0.0,0.0,0.0,0.0,0.0,0.0,31.65,31.65,31.65,31.65,31.65,31.65,,,,0,11,30,31.65,0.0,SAME,1.0
BNBL,2020-12-01,31.65,31.65,31.65,31.65,31.65,31.65,0.0,0.0,0.0,0.0,0.0,0.0,0.0,0.0,31.65,31.65,31.65,31.64996287226677,31.648653932001487,31.620857801973937,0.0,0.0,0.0,0.0,0.0,0.0,0.0,0.0,0.0,31.65,31.65,31.65,31.65,31.65,31.65,,,,1,12,1,31.65,0.0,SAME,1.0
BNBL,2020-12-02,31.65,31.65,31.65,31.65,31.65,31.65,0.0,0.0,0.0,0.0,0.0,0.0,0.0,0.0,31.65,31.65,31.65,31.649981436133384,31.64910262133433,31.62615638343322,0.0,0.0,0.0,0.0,0.0,0.0,0.0,0.0,0.0,31.65,31.65,31.65,31.65,31.65,31.65,,,,2,12,2,31.65,0.0,SAME,1.0
BNBL,2020-12-03,31.65,31.65,31.65,31.65,31.65,31.65,0.0,0.0,0.0,0.0,0.0,0.0,0.0,0.0,31.65,31.65,31.65,31.64999071806669,31.64940174755622,31.63049158644536,0.0,0.0,0.0,0.0,0.0,0.0,0.0,0.0,0.0,31.65,31.65,31.65,31.65,31.65,31.65,,,,3,12,3,31.65,0.0,SAME,1.0
BNBL,2020-12-04,31.65,31.65,31.65,31.65,31.65,31.65,0.0,0.0,0.0,0.0,0.0,0.0,0.0,0.0,31.65,31.65,31.65,31.649995359033344,31.64960116503748,31.63403857072802,0.0,0.0,0.0,0.0,0.0,0.0,0.0,0.0,0.0,31.65,31.65,31.65,31.65,31.65,31.65,,,,4,12,4,31.65,0.0,SAME,1.0
BNBL,2020-12-07,31.65,31.65,31.65,31.65,31.65,31.65,0.0,0.0,0.0,0.0,0.0,0.0,0.0,0.0,31.65,31.65,31.65,31.649997679516673,31.649734110024987,31.63694064877747,0.0,0.0,0.0,0.0,0.0,0.0,0.0,0.0,0.0,31.65,31.65,31.65,31.65,31.65,31.65,,,,0,12,7,31.65,0.0,SAME,1.0
BNBL,2020-12-08,31.65,31.65,31.65,31.65,31.65,31.65,0.0,0.0,0.0,0.0,0.0,0.0,0.0,0.0,31.65,31.65,31.65,31.649998839758336,31.64982274001666,31.63931507627247,0.0,0.0,0.0,0.0,0.0,0.0,0.0,0.0,0.0,31.65,31.65,31.65,31.65,31.65,31.65,,,,1,12,8,31.65,0.0,SAME,1.0
BNBL,2020-12-09,31.65,31.65,31.65,31.65,31.65,31.65,0.0,0.0,0.0,0.0,0.0,0.0,0.0,0.0,31.65,31.65,31.65,31.649999419879165,31.649881826677777,31.641257789677475,0.0,0.0,0.0,0.0,0.0,0.0,0.0,0.0,0.0,31.65,31.65,31.65,31.65,31.65,31.65,,,,2,12,9,31.65,0.0,SAME,1.0
BNBL,2020-12-10,31.65,31.65,31.65,31.65,31.65,31.65,0.0,0.0,0.0,0.0,0.0,0.0,0.0,0.0,31.65,31.65,31.65,31.649999709939582,31.649921217785185,31.642847282463386,0.0,0.0,0.0,0.0,0.0,0.0,0.0,0.0,0.0,31.65,31.65,31.65,31.65,31.65,31.65,,,,3,12,10,31.65,0.0,SAME,1.0
BNBL,2020-12-11,31.65,31.65,31.65,31.65,31.65,31.65,0.0,0.0,0.0,0.0,0.0,0.0,0.0,0.0,31.65,31.65,31.65,31.649999854969792,31.64994747852346,31.64414777656095,0.0,0.0,0.0,0.0,0.0,0.0,0.0,0.0,0.0,31.65,31.65,31.65,31.65,31.65,31.65,,,,4,12,11,31.65,0.0,SAME,1.0
BNBL,2020-12-14,31.65,31.65,31.65,31.65,31.65,31.65,0.0,0.0,0.0,0.0,0.0,0.0,0.0,0.0,31.65,31.65,31.65,31.649999927484895,31.64996498568231,31.64521181718623,0.0,0.0,0.0,0.0,0.0,0.0,0.0,0.0,0.0,31.65,31.65,31.65,31.65,31.65,31.65,,,,0,12,14,31.65,0.0,SAME,1.0
BNBL,2020-12-15,31.65,31.65,31.65,31.65,31.65,31.65,0.0,0.0,0.0,0.0,0.0,0.0,0.0,0.0,31.65,31.65,31.65,31.649999963742445,31.64997665712154,31.64608239587964,0.0,0.0,0.0,0.0,0.0,0.0,0.0,0.0,0.0,31.65,31.65,31.65,31.65,31.65,31.65,,,,1,12,15,31.65,0.0,SAME,1.0
BNBL,2020-12-16,31.65,31.65,31.65,31.65,31.65,31.65,0.0,0.0,0.0,0.0,0.0,0.0,0.0,0.0,31.65,31.65,31.65,31.649999981871222,31.649984438081027,31.646794687537884,0.0,0.0,0.0,0.0,0.0,0.0,0.0,0.0,0.0,31.65,31.65,31.65,31.65,31.65,31.65,,,,2,12,16,31.65,0.0,SAME,1.0
BNBL,2020-12-18,31.65,31.65,31.65,31.65,31.65,31.65,0.0,0.0,0.0,0.0,0.0,0.0,0.0,0.0,31.65,31.65,31.65,31.649999990935612,31.649989625387356,31.6473774716219,0.0,0.0,0.0,0.0,0.0,0.0,0.0,0.0,0.0,31.65,31.65,31.65,31.65,31.65,31.65,,,,4,12,18,31.65,0.0,SAME,1.0
BNBL,2020-12-21,31.65,31.65,31.65,31.65,31.65,31.65,0.0,0.0,0.0,0.0,0.0,0.0,0.0,0.0,31.65,31.65,31.65,31.649999995467805,31.649993083591575,31.64785429496337,0.0,0.0,0.0,0.0,0.0,0.0,0.0,0.0,0.0,31.65,31.65,31.65,31.65,31.65,31.65,,,,0,12,21,27.0,-4.649999999999999,DOWN,0.0
BNBL,2020-12-22,27.0,31.65,31.65,31.65,31.65,31.65,-4.649999999999999,-4.649999999999999,-4.649999999999999,-0.14691943127962082,-0.14691943127962082,-0.14691943127962082,-0.15890128258585606,-0.15890128258585606,30.099999999999998,30.72,31.184999999999995,29.324999997733904,30.099995389061053,30.8027898776973,0.0848239731984758,0.0657043671113682,0.04646000353801884,-4.649999999999999,-0.14691943127962082,-4.649999999999999,-0.14691943127962082,-4.649999999999999,-0.14691943127962082,27.0,31.65,27.0,31.65,27.0,31.65,0.0,0.0,0.0,1,12,22,31.65,4.649999999999999,UP,2.0
BNBL,2020-12-23,31.65,27.0,31.65,31.65,31.65,31.65,4.649999999999999,0.0,0.0,0.17222222222222228,0.0,0.0,0.15890128258585617,0.0,30.099999999999998,30.72,31.184999999999995,30.48749999886695,30.61666359270737,30.956828081752334,0.15973791457393485,0.11304619284698483,0.07541130919588714,0.0,0.0,0.0,0.0,0.0,0.0,27.0,31.65,27.0,31.65,27.0,31.65,1.0,1.0,1.0,2,12,23,31.65,0.0,SAME,1.0
BNBL,2020-12-24,31.65,31.65,27.0,31.65,31.65,31.65,0.0,4.649999999999999,0.0,0.0,0.17222222222222228,0.0,0.0,0.15890128258585617,30.099999999999998,30.72,31.185000000000002,31.068749999433475,30.961109061804912,31.082859339615545,0.15973791457393485,0.11304619284698483,0.07541130919588714,0.0,0.0,0.0,0.0,0.0,0.0,27.0,31.65,27.0,31.65,27.0,31.65,1.0,1.0,1.0,3,12,24,31.65,0.0,SAME,1.0
BNBL,2020-12-25,31.65,31.65,31.65,27.0,31.65,31.65,0.0,0.0,4.649999999999999,0.0,0.0,0.17222222222222228,0.0,0.0,31.65,30.72,31.184999999999995,31.359374999716735,31.190739374536612,31.185975823321808,0.0994325463604356,0.11304619284698483,0.07541130919588714,4.649999999999999,0.17222222222222217,0.0,0.0,0.0,0.0,31.65,31.65,27.0,31.65,27.0,31.65,,1.0,1.0,4,12,25,31.65,0.0,SAME,1.0
BNBL,2020-12-28,31.65,31.65,31.65,31.65,31.65,31.65,0.0,0.0,0.0,0.0,0.0,0.0,0.0,0.0,31.65,30.72,31.184999999999995,31.504687499858367,31.343826249691077,31.270343855445113,0.0,0.11304619284698483,0.07541130919588714,0.0,0.0,0.0,0.0,0.0,0.0,31.65,31.65,27.0,31.65,27.0,31.65,,1.0,1.0,0,12,28,31.65,0.0,SAME,1.0
BNBL,2020-12-29,31.65,31.65,31.65,31.65,27.0,31.65,0.0,0.0,0.0,0.0,0.0,0.0,0.0,0.0,31.65,31.65,31.185000000000002,31.577343749929184,31.445884166460722,31.33937224536418,0.0,0.07702011922499277,0.07541130919588714,0.0,0.0,4.649999999999999,0.17222222222222217,0.0,0.0,31.65,31.65,31.65,31.65,27.0,31.65,,,1.0,1,12,29,31.65,0.0,SAME,1.0
BNBL,2020-12-30,31.65,31.65,31.65,31.65,31.65,31.65,0.0,0.0,0.0,0.0,0.0,0.0,0.0,0.0,31.65,31.65,31.184999999999995,31.61367187496459,31.51392277764048,31.39585001893433,0.0,0.0,0.07541130919588714,0.0,0.0,0.0,0.0,0.0,0.0,31.65,31.65,31.65,31.65,27.0,31.65,,,1.0,2,12,30,31.65,0.0,SAME,1.0
BNBL,2020-12-31,31.65,31.65,31.65,31.65,31.65,31.65,0.0,0.0,0.0,0.0,0.0,0.0,0.0,0.0,31.65,31.65,31.185000000000002,31.631835937482293,31.559281851760325,31.442059106400812,0.0,0.0,0.07541130919588714,0.0,0.0,0.0,0.0,0.0,0.0,31.65,31.65,31.65,31.65,27.0,31.65,,,1.0,3,12,31,31.65,0.0,SAME,1.0
BNBL,2021-01-01,31.65,31.65,31.65,31.65,31.65,31.65,0.0,0.0,0.0,0.0,0.0,0.0,0.0,0.0,31.65,31.65,31.184999999999995,31.640917968741146,31.589521234506883,31.47986654160066,0.0,0.0,0.07541130919588714,0.0,0.0,0.0,0.0,0.0,0.0,31.65,31.65,31.65,31.65,27.0,31.65,,,1.0,4,1,1,31.65,0.0,SAME,1.0
BNBL,2021-01-04,31.65,31.65,31.65,31.65,31.65,31.65,0.0,0.0,0.0,0.0,0.0,0.0,0.0,0.0,31.65,31.65,31.184999999999995,31.64545898437057,31.609680823004588,31.510799897673266,0.0,0.0,0.07541130919588714,0.0,0.0,0.0,0.0,0.0,0.0,31.65,31.65,31.65,31.65,27.0,31.65,,,1.0,0,1,4,31.65,0.0,SAME,1.0
BNBL,2021-01-05,31.65,31.65,31.65,31.65,31.65,27.0,0.0,0.0,0.0,0.0,0.0,0.0,0.0,0.0,31.65,31.65,31.65,31.647729492185285,31.623120548669725,31.536109007187214,0.0,0.0,0.054461448591788766,0.0,0.0,0.0,0.0,4.649999999999999,0.17222222222222217,31.65,31.65,31.65,31.65,31.65,31.65,,,,1,1,5,31.65,0.0,SAME,1.0
BNBL,2021-01-06,31.65,31.65,31.65,31.65,31.65,31.65,0.0,0.0,0.0,0.0,0.0,0.0,0.0,0.0,31.65,31.65,31.65,31.64886474609264,31.63208036577982,31.5568164604259,0.0,0.0,0.0,0.0,0.0,0.0,0.0,0.0,0.0,31.65,31.65,31.65,31.65,31.65,31.65,,,,2,1,6,31.65,0.0,SAME,1.0
BNBL,2021-01-07,31.65,31.65,31.65,31.65,31.65,31.65,0.0,0.0,0.0,0.0,0.0,0.0,0.0,0.0,31.65,31.65,31.65,31.64943237304632,31.638053577186547,31.573758922166643,0.0,0.0,0.0,0.0,0.0,0.0,0.0,0.0,0.0,31.65,31.65,31.65,31.65,31.65,31.65,,,,3,1,7,31.65,0.0,SAME,1.0
BNBL,2021-01-08,31.65,31.65,31.65,31.65,31.65,31.65,0.0,0.0,0.0,0.0,0.0,0.0,0.0,0.0,31.65,31.65,31.65,31.649716186523158,31.64203571812437,31.58762093631816,0.0,0.0,0.0,0.0,0.0,0.0,0.0,0.0,0.0,31.65,31.65,31.65,31.65,31.65,31.65,,,,4,1,8,31.65,0.0,SAME,1.0
BNBL,2021-01-11,31.65,31.65,31.65,31.65,31.65,31.65,0.0,0.0,0.0,0.0,0.0,0.0,0.0,0.0,31.65,31.65,31.65,31.649858093261578,31.64469047874958,31.59896258426031,0.0,0.0,0.0,0.0,0.0,0.0,0.0,0.0,0.0,31.65,31.65,31.65,31.65,31.65,31.65,,,,0,1,11,31.65,0.0,SAME,1.0
BNBL,2021-01-12,31.65,31.65,31.65,31.65,31.65,31.65,0.0,0.0,0.0,0.0,0.0,0.0,0.0,0.0,31.65,31.65,31.65,31.64992904663079,31.646460319166387,31.608242114394795,0.0,0.0,0.0,0.0,0.0,0.0,0.0,0.0,0.0,31.65,31.65,31.65,31.65,31.65,31.65,,,,1,1,12,31.65,0.0,SAME,1.0
BNBL,2021-01-13,31.65,31.65,31.65,31.65,31.65,31.65,0.0,0.0,0.0,0.0,0.0,0.0,0.0,0.0,31.65,31.65,31.65,31.649964523315393,31.647640212777596,31.6158344572321,0.0,0.0,0.0,0.0,0.0,0.0,0.0,0.0,0.0,31.65,31.65,31.65,31.65,31.65,31.65,,,,2,1,13,31.65,0.0,SAME,1.0
BNBL,2021-01-15,31.65,31.65,31.65,31.65,31.65,31.65,0.0,0.0,0.0,0.0,0.0,0.0,0.0,0.0,31.65,31.65,31.65,31.649982261657698,31.6484268085184,31.62204637409899,0.0,0.0,0.0,0.0,0.0,0.0,0.0,0.0,0.0,31.65,31.65,31.65,31.65,31.65,31.65,,,,4,1,15,31.65,0.0,SAME,1.0
BNBL,2021-01-18,31.65,31.65,31.65,31.65,31.65,31.65,0.0,0.0,0.0,0.0,0.0,0.0,0.0,0.0,31.65,31.65,31.65,31.649991130828848,31.648951205678934,31.627128851535534,0.0,0.0,0.0,0.0,0.0,0.0,0.0,0.0,0.0,31.65,31.65,31.65,31.65,31.65,31.65,,,,0,1,18,31.65,0.0,SAME,1.0
BNBL,2021-01-19,31.65,31.65,31.65,31.65,31.65,31.65,0.0,0.0,0.0,0.0,0.0,0.0,0.0,0.0,31.65,31.65,31.65,31.64999556541442,31.649300803785955,31.631287242165435,0.0,0.0,0.0,0.0,0.0,0.0,0.0,0.0,0.0,31.65,31.65,31.65,31.65,31.65,31.65,,,,1,1,19,31.65,0.0,SAME,1.0
BNBL,2021-01-20,31.65,31.65,31.65,31.65,31.65,31.65,0.0,0.0,0.0,0.0,0.0,0.0,0.0,0.0,31.65,31.65,31.65,31.64999778270721,31.64953386919064,31.634689561771715,0.0,0.0,0.0,0.0,0.0,0.0,0.0,0.0,0.0,31.65,31.65,31.65,31.65,31.65,31.65,,,,2,1,20,31.65,0.0,SAME,1.0
BNBL,2021-01-21,31.65,31.65,31.65,31.65,31.65,31.65,0.0,0.0,0.0,0.0,0.0,0.0,0.0,0.0,31.65,31.65,31.65,31.649998891353604,31.649689246127096,31.637473277813218,0.0,0.0,0.0,0.0,0.0,0.0,0.0,0.0,0.0,31.65,31.65,31.65,31.65,31.65,31.65,,,,3,1,21,31.65,0.0,SAME,1.0
BNBL,2021-01-22,31.65,31.65,31.65,31.65,31.65,31.65,0.0,0.0,0.0,0.0,0.0,0.0,0.0,0.0,31.65,31.65,31.65,31.6499994456768,31.6497928307514,31.63975086366536,0.0,0.0,0.0,0.0,0.0,0.0,0.0,0.0,0.0,31.65,31.65,31.65,31.65,31.65,31.65,,,,4,1,22,31.65,0.0,SAME,1.0
BNBL,2021-01-25,31.65,31.65,31.65,31.65,31.65,31.65,0.0,0.0,0.0,0.0,0.0,0.0,0.0,0.0,31.65,31.65,31.65,31.649999722838402,31.649861887167603,31.641614342998928,0.0,0.0,0.0,0.0,0.0,0.0,0.0,0.0,0.0,31.65,31.65,31.65,31.65,31.65,31.65,,,,0,1,25,31.65,0.0,SAME,1.0
BNBL,2021-01-26,31.65,31.65,31.65,31.65,31.65,31.65,0.0,0.0,0.0,0.0,0.0,0.0,0.0,0.0,31.65,31.65,31.65,31.6499998614192,31.649907924778404,31.64313900790821,0.0,0.0,0.0,0.0,0.0,0.0,0.0,0.0,0.0,31.65,31.65,31.65,31.65,31.65,31.65,,,,1,1,26,31.65,0.0,SAME,1.0
BNBL,2021-01-27,31.65,31.65,31.65,31.65,31.65,31.65,0.0,0.0,0.0,0.0,0.0,0.0,0.0,0.0,31.65,31.65,31.65,31.649999930709598,31.649938616518938,31.644386461015806,0.0,0.0,0.0,0.0,0.0,0.0,0.0,0.0,0.0,31.65,31.65,31.65,31.65,31.65,31.65,,,,2,1,27,31.65,0.0,SAME,1.0
BNBL,2021-01-28,31.65,31.65,31.65,31.65,31.65,31.65,0.0,0.0,0.0,0.0,0.0,0.0,0.0,0.0,31.65,31.65,31.65,31.649999965354798,31.64995907767929,31.645407104467473,0.0,0.0,0.0,0.0,0.0,0.0,0.0,0.0,0.0,31.65,31.65,31.65,31.65,31.65,31.65,,,,3,1,28,31.65,0.0,SAME,1.0
BNBL,2021-01-29,31.65,31.65,31.65,31.65,31.65,31.65,0.0,0.0,0.0,0.0,0.0,0.0,0.0,0.0,31.65,31.65,31.65,31.6499999826774,31.649972718452865,31.646242176382476,0.0,0.0,0.0,0.0,0.0,0.0,0.0,0.0,0.0,31.65,31.65,31.65,31.65,31.65,31.65,,,,4,1,29,31.65,0.0,SAME,1.0
BNBL,2021-02-01,31.65,31.65,31.65,31.65,31.65,31.65,0.0,0.0,0.0,0.0,0.0,0.0,0.0,0.0,31.65,31.65,31.65,31.6499999913387,31.64998181230191,31.646925417040205,0.0,0.0,0.0,0.0,0.0,0.0,0.0,0.0,0.0,31.65,31.65,31.65,31.65,31.65,31.65,,,,0,2,1,31.8,0.15000000000000213,UP,2.0
BNBL,2021-02-02,31.8,31.65,31.65,31.65,31.65,31.65,0.15000000000000213,0.15000000000000213,0.15000000000000213,0.004739336492891155,0.004739336492891155,0.004739336492891155,0.004728141195946116,0.004728141195946116,31.7,31.679999999999996,31.665,31.72499999566935,31.699987874867944,31.674757159396528,0.0027362571999515633,0.002119495713269605,0.001498709791548918,0.15000000000000213,0.004739336492891062,0.15000000000000213,0.004739336492891062,0.15000000000000213,0.004739336492891062,31.65,31.8,31.65,31.8,31.65,31.8,1.0,1.0,1.0,1,2,2,31.8,0.0,SAME,1.0
BNBL,2021-02-03,31.8,31.8,31.65,31.65,31.65,31.65,0.0,0.15000000000000213,0.15000000000000213,0.0,0.004739336492891155,0.004739336492891155,0.0,0.004728141195946116,31.75,31.71,31.68,31.762499997834674,31.733325249911964,31.697528584960793,0.0027362571999515633,0.002119495713269605,0.001498709791548918,0.15000000000000213,0.004739336492891062,0.15000000000000213,0.004739336492891062,0.15000000000000213,0.004739336492891062,31.65,31.8,31.65,31.8,31.65,31.8,1.0,1.0,1.0,2,2,3,31.8,0.0,SAME,1.0
BNBL,2021-02-04,31.8,31.8,31.8,31.65,31.65,31.65,0.0,0.0,0.15000000000000213,0.0,0.0,0.004739336492891155,0.0,0.0,31.8,31.74,31.695,31.78124999891734,31.755550166607975,31.716159751331556,0.0027362571999515633,0.002119495713269605,0.001498709791548918,0.15000000000000213,0.004739336492891062,0.15000000000000213,0.004739336492891062,0.15000000000000213,0.004739336492891062,31.8,31.8,31.65,31.8,31.65,31.8,,1.0,1.0,3,2,4,31.8,0.0,SAME,1.0
BNBL,2021-02-05,31.8,31.8,31.8,31.8,31.65,31.65,0.0,0.0,0.0,0.0,0.0,0.0,0.0,0.0,31.8,31.77,31.71,31.79062499945867,31.77036677773865,31.731403432907634,0.0,0.002119495713269605,0.001498709791548918,0.0,0.0,0.15000000000000213,0.004739336492891062,0.15000000000000213,0.004739336492891062,31.8,31.8,31.65,31.8,31.65,31.8,,1.0,1.0,4,2,5,31.8,0.0,SAME,1.0
BNBL,2021-02-08,31.8,31.8,31.8,31.8,31.65,31.65,0.0,0.0,0.0,0.0,0.0,0.0,0.0,0.0,31.8,31.8,31.725,31.795312499729334,31.780244518492438,31.743875536015334,0.0,0.002119495713269605,0.001498709791548918,0.0,0.0,0.15000000000000213,0.004739336492891062,0.15000000000000213,0.004739336492891062,31.8,31.8,31.8,31.8,31.65,31.8,,,1.0,0,2,8,31.8,0.0,SAME,1.0
BNBL,2021-02-09,31.8,31.8,31.8,31.8,31.8,31.65,0.0,0.0,0.0,0.0,0.0,0.0,0.0,0.0,31.8,31.8,31.74,31.797656249864666,31.786829678994962,31.754079984012545,0.0,0.0,0.001498709791548918,0.0,0.0,0.0,0.0,0.15000000000000213,0.004739336492891062,31.8,31.8,31.8,31.8,31.65,31.8,,,1.0,1,2,9,31.8,0.0,SAME,1.0
BNBL,2021-02-10,31.8,31.8,31.8,31.8,31.8,31.65,0.0,0.0,0.0,0.0,0.0,0.0,0.0,0.0,31.8,31.8,31.755000000000003,31.798828124932335,31.791219785996645,31.762429077828443,0.0,0.0,0.001498709791548918,0.0,0.0,0.0,0.0,0.15000000000000213,0.004739336492891062,31.8,31.8,31.8,31.8,31.65,31.8,,,1.0,2,2,10,31.8,0.0,SAME,1.0
BNBL,2021-02-11,31.8,31.8,31.8,31.8,31.8,31.65,0.0,0.0,0.0,0.0,0.0,0.0,0.0,0.0,31.8,31.8,31.77,31.79941406246617,31.794146523997767,31.769260154586906,0.0,0.0,0.001498709791548918,0.0,0.0,0.0,0.0,0.15000000000000213,0.004739336492891062,31.8,31.8,31.8,31.8,31.65,31.8,,,1.0,3,2,11,31.8,0.0,SAME,1.0
BNBL,2021-02-15,31.8,31.8,31.8,31.8,31.8,31.65,0.0,0.0,0.0,0.0,0.0,0.0,0.0,0.0,31.8,31.8,31.785000000000004,31.799707031233083,31.796097682665177,31.774849217389285,0.0,0.0,0.001498709791548918,0.0,0.0,0.0,0.0,0.15000000000000213,0.004739336492891062,31.8,31.8,31.8,31.8,31.65,31.8,,,1.0,0,2,15,31.8,0.0,SAME,1.0
BNBL,2021-02-16,31.8,31.8,31.8,31.8,31.8,31.65,0.0,0.0,0.0,0.0,0.0,0.0,0.0,0.0,31.8,31.8,31.8,31.79985351561654,31.79739845511012,31.779422086954867,0.0,0.0,0.001498709791548918,0.0,0.0,0.0,0.0,0.15000000000000213,0.004739336492891062,31.8,31.8,31.8,31.8,31.8,31.8,,,,1,2,16,31.8,0.0,SAME,1.0
BNBL,2021-02-17,31.8,31.8,31.8,31.8,31.8,31.8,0.0,0.0,0.0,0.0,0.0,0.0,0.0,0.0,31.8,31.8,31.8,31.799926757808272,31.798265636740084,31.783163525690345,0.0,0.0,0.0,0.0,0.0,0.0,0.0,0.0,0.0,31.8,31.8,31.8,31.8,31.8,31.8,,,,2,2,17,31.8,0.0,SAME,1.0
BNBL,2021-02-18,31.8,31.8,31.8,31.8,31.8,31.8,0.0,0.0,0.0,0.0,0.0,0.0,0.0,0.0,31.8,31.8,31.8,31.79996337890414,31.798843757826724,31.78622470283755,0.0,0.0,0.0,0.0,0.0,0.0,0.0,0.0,0.0,31.8,31.8,31.8,31.8,31.8,31.8,,,,3,2,18,31.8,0.0,SAME,1.0
BNBL,2021-02-19,31.8,31.8,31.8,31.8,31.8,31.8,0.0,0.0,0.0,0.0,0.0,0.0,0.0,0.0,31.8,31.8,31.8,31.799981689452068,31.799229171884484,31.78872930232163,0.0,0.0,0.0,0.0,0.0,0.0,0.0,0.0,0.0,31.8,31.8,31.8,31.8,31.8,31.8,,,,4,2,19,31.8,0.0,SAME,1.0
BNBL,2021-02-24,31.8,31.8,31.8,31.8,31.8,31.8,0.0,0.0,0.0,0.0,0.0,0.0,0.0,0.0,31.8,31.8,31.8,31.799990844726032,31.799486114589655,31.790778520081332,0.0,0.0,0.0,0.0,0.0,0.0,0.0,0.0,0.0,31.8,31.8,31.8,31.8,31.8,31.8,,,,2,2,24,31.8,0.0,SAME,1.0
BNBL,2021-02-25,31.8,31.8,31.8,31.8,31.8,31.8,0.0,0.0,0.0,0.0,0.0,0.0,0.0,0.0,31.8,31.8,31.8,31.79999542236302,31.799657409726436,31.792455152793814,0.0,0.0,0.0,0.0,0.0,0.0,0.0,0.0,0.0,31.8,31.8,31.8,31.8,31.8,31.8,,,,3,2,25,31.8,0.0,SAME,1.0
BNBL,2021-02-26,31.8,31.8,31.8,31.8,31.8,31.8,0.0,0.0,0.0,0.0,0.0,0.0,0.0,0.0,31.8,31.8,31.8,31.79999771118151,31.799771606484292,31.793826943194937,0.0,0.0,0.0,0.0,0.0,0.0,0.0,0.0,0.0,31.8,31.8,31.8,31.8,31.8,31.8,,,,4,2,26,31.8,0.0,SAME,1.0
BNBL,2021-03-01,31.8,31.8,31.8,31.8,31.8,31.8,0.0,0.0,0.0,0.0,0.0,0.0,0.0,0.0,31.8,31.8,31.8,31.799998855590758,31.799847737656194,31.794949317159492,0.0,0.0,0.0,0.0,0.0,0.0,0.0,0.0,0.0,31.8,31.8,31.8,31.8,31.8,31.8,,,,0,3,1,31.8,0.0,SAME,1.0
BNBL,2021-03-02,31.8,31.8,31.8,31.8,31.8,31.8,0.0,0.0,0.0,0.0,0.0,0.0,0.0,0.0,31.8,31.8,31.8,31.799999427795377,31.799898491770797,31.79586762313049,0.0,0.0,0.0,0.0,0.0,0.0,0.0,0.0,0.0,31.8,31.8,31.8,31.8,31.8,31.8,,,,1,3,2,31.8,0.0,SAME,1.0
BNBL,2021-03-03,31.8,31.8,31.8,31.8,31.8,31.8,0.0,0.0,0.0,0.0,0.0,0.0,0.0,0.0,31.8,31.8,31.8,31.79999971389769,31.799932327847202,31.79661896437949,0.0,0.0,0.0,0.0,0.0,0.0,0.0,0.0,0.0,31.8,31.8,31.8,31.8,31.8,31.8,,,,2,3,3,31.8,0.0,SAME,1.0
BNBL,2021-03-04,31.8,31.8,31.8,31.8,31.8,31.8,0.0,0.0,0.0,0.0,0.0,0.0,0.0,0.0,31.8,31.8,31.8,31.799999856948844,31.79995488523147,31.79723369812867,0.0,0.0,0.0,0.0,0.0,0.0,0.0,0.0,0.0,31.8,31.8,31.8,31.8,31.8,31.8,,,,3,3,4,31.8,0.0,SAME,1.0
BNBL,2021-03-05,31.8,31.8,31.8,31.8,31.8,31.8,0.0,0.0,0.0,0.0,0.0,0.0,0.0,0.0,31.8,31.8,31.8,31.79999992847442,31.79996992348765,31.797736662105276,0.0,0.0,0.0,0.0,0.0,0.0,0.0,0.0,0.0,31.8,31.8,31.8,31.8,31.8,31.8,,,,4,3,5,31.8,0.0,SAME,1.0
BNBL,2021-03-08,31.8,31.8,31.8,31.8,31.8,31.8,0.0,0.0,0.0,0.0,0.0,0.0,0.0,0.0,31.8,31.8,31.8,31.79999996423721,31.79997994899177,31.798148178086134,0.0,0.0,0.0,0.0,0.0,0.0,0.0,0.0,0.0,31.8,31.8,31.8,31.8,31.8,31.8,,,,0,3,8,31.8,0.0,SAME,1.0
BNBL,2021-03-09,31.8,31.8,31.8,31.8,31.8,31.8,0.0,0.0,0.0,0.0,0.0,0.0,0.0,0.0,31.8,31.8,31.8,31.799999982118607,31.79998663266118,31.79848487297956,0.0,0.0,0.0,0.0,0.0,0.0,0.0,0.0,0.0,31.8,31.8,31.8,31.8,31.8,31.8,,,,1,3,9,31.8,0.0,SAME,1.0
BNBL,2021-03-10,31.8,31.8,31.8,31.8,31.8,31.8,0.0,0.0,0.0,0.0,0.0,0.0,0.0,0.0,31.8,31.8,31.8,31.799999991059302,31.79999108844079,31.798760350619638,0.0,0.0,0.0,0.0,0.0,0.0,0.0,0.0,0.0,31.8,31.8,31.8,31.8,31.8,31.8,,,,2,3,10,32.0,0.1999999999999993,UP,2.0
BNBL,2021-03-11,32.0,31.8,31.8,31.8,31.8,31.8,0.1999999999999993,0.1999999999999993,0.1999999999999993,0.0062893081761006275,0.0062893081761006275,0.0062893081761006275,0.006269613013595395,0.006269613013595395,31.86666666666667,31.839999999999996,31.82,31.89999999552965,31.8666607256272,31.8353493777797,0.003631133768488693,0.002812664122640936,0.0019888538743196393,0.1999999999999993,0.006289308176100607,0.1999999999999993,0.006289308176100607,0.1999999999999993,0.006289308176100607,31.8,32.0,31.8,32.0,31.8,32.0,1.0,1.0,1.0,3,3,11,32.0,0.0,SAME,1.0
BNBL,2021-03-12,32.0,32.0,31.8,31.8,31.8,31.8,0.0,0.1999999999999993,0.1999999999999993,0.0,0.0062893081761006275,0.0062893081761006275,0.0,0.006269613013595395,31.933333333333334,31.880000000000003,31.840000000000003,31.949999997764827,31.911107150418133,31.865285854547025,0.003631133768488693,0.002812664122640936,0.0019888538743196393,0.1999999999999993,0.006289308176100607,0.1999999999999993,0.006289308176100607,0.1999999999999993,0.006289308176100607,31.8,32.0,31.8,32.0,31.8,32.0,1.0,1.0,1.0,4,3,12,32.0,0.0,SAME,1.0
BNBL,2021-03-15,32.0,32.0,32.0,31.8,31.8,31.8,0.0,0.0,0.1999999999999993,0.0,0.0,0.0062893081761006275,0.0,0.0,32.0,31.920000000000005,31.860000000000003,31.974999998882414,31.940738100278757,31.88977933553847,0.003631133768488693,0.002812664122640936,0.0019888538743196393,0.1999999999999993,0.006289308176100607,0.1999999999999993,0.006289308176100607,0.1999999999999993,0.006289308176100607,32.0,32.0,31.8,32.0,31.8,32.0,,1.0,1.0,0,3,15,32.0,0.0,SAME,1.0
BNBL,2021-03-16,32.0,32.0,32.0,32.0,31.8,31.8,0.0,0.0,0.0,0.0,0.0,0.0,0.0,0.0,32.0,31.96,31.880000000000003,31.987499999441205,31.96049206685251,31.90981945634966,0.0,0.002812664122640936,0.0019888538743196393,0.0,0.0,0.1999999999999993,0.006289308176100607,0.1999999999999993,0.006289308176100607,32.0,32.0,31.8,32.0,31.8,32.0,,1.0,1.0,1,3,16,32.0,0.0,SAME,1.0
BNBL,2021-03-17,32.0,32.0,32.0,32.0,31.8,31.8,0.0,0.0,0.0,0.0,0.0,0.0,0.0,0.0,32.0,32.0,31.9,31.993749999720603,31.973661377901678,31.926215918831538,0.0,0.002812664122640936,0.0019888538743196393,0.0,0.0,0.1999999999999993,0.006289308176100607,0.1999999999999993,0.006289308176100607,32.0,32.0,32.0,32.0,31.8,32.0,,,1.0,2,3,17,32.0,0.0,SAME,1.0
BNBL,2021-03-18,32.0,32.0,32.0,32.0,32.0,31.8,0.0,0.0,0.0,0.0,0.0,0.0,0.0,0.0,32.0,32.0,31.919999999999998,31.996874999860303,31.98244091860112,31.93963120631671,0.0,0.0,0.0019888538743196393,0.0,0.0,0.0,0.0,0.1999999999999993,0.006289308176100607,32.0,32.0,32.0,32.0,31.8,32.0,,,1.0,3,3,18,32.2,0.20000000000000284,UP,2.0
BNBL,2021-03-19,32.2,32.0,32.0,32.0,32.0,31.8,0.20000000000000284,0.20000000000000284,0.20000000000000284,0.006250000000000089,0.006250000000000089,0.006250000000000089,0.006230549750636163,0.006230549750636163,32.06666666666667,32.04,31.959999999999997,32.09843749993016,32.05496061240075,31.9869709869864,0.0036084391824356965,0.0027950849718744665,0.0026435345106387248,0.20000000000000284,0.006250000000000089,0.20000000000000284,0.006250000000000089,0.40000000000000213,0.012578616352201324,32.0,32.2,32.0,32.2,31.8,32.2,1.0,1.0,1.0,4,3,19,32.2,0.0,SAME,1.0
BNBL,2021-03-22,32.2,32.2,32.0,32.0,32.0,31.8,0.0,0.20000000000000284,0.20000000000000284,0.0,0.006250000000000089,0.006250000000000089,0.0,0.006230549750636163,32.13333333333333,32.08,32.0,32.14921874996508,32.10330707493384,32.02570353480705,0.0036084391824356965,0.0027950849718744665,0.0026435345106387248,0.20000000000000284,0.006250000000000089,0.20000000000000284,0.006250000000000089,0.40000000000000213,0.012578616352201324,32.0,32.2,32.0,32.2,31.8,32.2,1.0,1.0,1.0,0,3,22,32.2,0.0,SAME,1.0
BNBL,2021-03-23,32.2,32.2,32.2,32.0,32.0,31.8,0.0,0.0,0.20000000000000284,0.0,0.0,0.006250000000000089,0.0,0.0,32.2,32.120000000000005,32.040000000000006,32.17460937498254,32.1355380499559,32.05739380120576,0.0036084391824356965,0.0027950849718744665,0.0026435345106387248,0.20000000000000284,0.006250000000000089,0.20000000000000284,0.006250000000000089,0.40000000000000213,0.012578616352201324,32.2,32.2,32.0,32.2,31.8,32.2,,1.0,1.0,1,3,23,32.2,0.0,SAME,1.0
BNBL,2021-03-24,32.2,32.2,32.2,32.2,32.0,31.8,0.0,0.0,0.0,0.0,0.0,0.0,0.0,0.0,32.2,32.160000000000004,32.08,32.18730468749127,32.15702536663727,32.08332220098653,0.0,0.0027950849718744665,0.0026435345106387248,0.0,0.0,0.20000000000000284,0.006250000000000089,0.40000000000000213,0.012578616352201324,32.2,32.2,32.0,32.2,32.0,32.2,,1.0,1.0,2,3,24,32.2,0.0,SAME,1.0
BNBL,2021-03-25,32.2,32.2,32.2,32.2,32.0,32.0,0.0,0.0,0.0,0.0,0.0,0.0,0.0,0.0,32.2,32.2,32.1,32.19365234374564,32.17135024442485,32.1045363462617,0.0,0.0027950849718744665,0.001976423537605169,0.0,0.0,0.20000000000000284,0.006250000000000089,0.20000000000000284,0.006250000000000089,32.2,32.2,32.2,32.2,32.0,32.2,,,1.0,3,3,25,32.7,0.5,UP,2.0
BNBL,2021-03-26,32.7,32.2,32.2,32.2,32.2,32.0,0.5,0.5,0.5,0.01552795031055898,0.01552795031055898,0.01552795031055898,0.015408625352845061,0.015408625352845061,32.36666666666667,32.300000000000004,32.17,32.44682617187282,32.34756682961657,32.21280246512321,0.008965066291764558,0.006944310489129645,0.0050854020804026075,0.5,0.015527950310559004,0.5,0.015527950310559004,0.7000000000000028,0.02187500000000009,32.2,32.7,32.2,32.7,32.0,32.7,1.0,1.0,1.0,4,3,26,32.7,0.0,SAME,1.0
BNBL,2021-03-29,32.7,32.7,32.2,32.2,32.2,32.0,0.0,0.5,0.5,0.0,0.01552795031055898,0.01552795031055898,0.0,0.015408625352845061,32.53333333333334,32.4,32.24,32.57341308593641,32.46504455307772,32.30138383510081,0.008965066291764558,0.006944310489129645,0.0050854020804026075,0.5,0.015527950310559004,0.5,0.015527950310559004,0.7000000000000028,0.02187500000000009,32.2,32.7,32.2,32.7,32.0,32.7,1.0,1.0,1.0,0,3,29,32.7,0.0,SAME,1.0
BNBL,2021-03-30,32.7,32.7,32.7,32.2,32.2,32.0,0.0,0.0,0.5,0.0,0.0,0.01552795031055898,0.0,0.0,32.7,32.50000000000001,32.31,32.636706542968206,32.54336303538515,32.37385950144611,0.008965066291764558,0.006944310489129645,0.0050854020804026075,0.5,0.015527950310559004,0.5,0.015527950310559004,0.7000000000000028,0.02187500000000009,32.7,32.7,32.2,32.7,32.0,32.7,,1.0,1.0,1,3,30,32.7,0.0,SAME,1.0
BNBL,2021-03-31,32.7,32.7,32.7,32.7,32.2,32.0,0.0,0.0,0.0,0.0,0.0,0.0,0.0,0.0,32.7,32.6,32.38,32.66835327148411,32.59557535692343,32.43315777391046,0.0,0.006944310489129645,0.0050854020804026075,0.0,0.0,0.5,0.015527950310559004,0.7000000000000028,0.02187500000000009,32.7,32.7,32.2,32.7,32.0,32.7,,1.0,1.0,2,3,31,32.7,0.0,SAME,1.0
BNBL,2021-04-01,32.7,32.7,32.7,32.7,32.2,32.0,0.0,0.0,0.0,0.0,0.0,0.0,0.0,0.0,32.7,32.7,32.45,32.684176635742055,32.630383571282294,32.48167454229038,0.0,0.006944310489129645,0.0050854020804026075,0.0,0.0,0.5,0.015527950310559004,0.7000000000000028,0.02187500000000009,32.7,32.7,32.7,32.7,32.2,32.7,,,1.0,3,4,1,32.7,0.0,SAME,1.0
BNBL,2021-04-02,32.7,32.7,32.7,32.7,32.7,32.2,0.0,0.0,0.0,0.0,0.0,0.0,0.0,0.0,32.7,32.7,32.50000000000001,32.692088317871026,32.653589047521535,32.52137008005576,0.0,0.0,0.004910369037528493,0.0,0.0,0.0,0.0,0.5,0.015527950310559004,32.7,32.7,32.7,32.7,32.2,32.7,,,1.0,4,4,2,32.0,-0.7000000000000028,DOWN,0.0
BNBL,2021-04-05,32.0,32.7,32.7,32.7,32.7,32.2,-0.7000000000000028,-0.7000000000000028,-0.7000000000000028,-0.021406727828746308,-0.021406727828746308,-0.021406727828746308,-0.021639175103481293,-0.021639175103481293,32.46666666666667,32.56,32.480000000000004,32.34604415893551,32.43572603168103,32.42657552004562,0.012359180074395869,0.009573379720182554,0.008793363878329387,-0.7000000000000028,-0.021406727828746263,-0.7000000000000028,-0.021406727828746263,-0.20000000000000284,-0.0062111801242236905,32.0,32.7,32.0,32.7,32.0,32.7,0.0,0.0,0.0,0,4,5,32.0,0.0,SAME,1.0
BNBL,2021-04-06,32.0,32.0,32.7,32.7,32.7,32.2,0.0,-0.7000000000000028,-0.7000000000000028,0.0,-0.021406727828746308,-0.021406727828746308,0.0,-0.021639175103481293,32.233333333333334,32.42,32.46,32.173022079467756,32.29048402112069,32.34901633458278,0.012359180074395869,0.009573379720182554,0.008793363878329387,-0.7000000000000028,-0.021406727828746263,-0.7000000000000028,-0.021406727828746263,-0.20000000000000284,-0.0062111801242236905,32.0,32.7,32.0,32.7,32.0,32.7,0.0,0.0,0.0,1,4,6,32.0,0.0,SAME,1.0
BNBL,2021-04-07,32.0,32.0,32.0,32.7,32.7,32.2,0.0,0.0,-0.7000000000000028,0.0,0.0,-0.021406727828746308,0.0,0.0,32.0,32.28000000000001,32.440000000000005,32.08651103973388,32.19365601408046,32.28555881920409,0.012359180074395869,0.009573379720182554,0.008793363878329387,-0.7000000000000028,-0.021406727828746263,-0.7000000000000028,-0.021406727828746263,-0.20000000000000284,-0.0062111801242236905,32.0,32.0,32.0,32.7,32.0,32.7,,0.0,0.0,2,4,7,32.0,0.0,SAME,1.0
BNBL,2021-04-08,32.0,32.0,32.0,32.0,32.7,32.2,0.0,0.0,0.0,0.0,0.0,0.0,0.0,0.0,32.0,32.14,32.42,32.04325551986694,32.12910400938698,32.233639033894256,0.0,0.009573379720182554,0.008793363878329387,0.0,0.0,-0.7000000000000028,-0.021406727828746263,-0.20000000000000284,-0.0062111801242236905,32.0,32.0,32.0,32.7,32.0,32.7,,0.0,0.0,3,4,8,32.0,0.0,SAME,1.0
BNBL,2021-04-09,32.0,32.0,32.0,32.0,32.7,32.7,0.0,0.0,0.0,0.0,0.0,0.0,0.0,0.0,32.0,32.0,32.35,32.021627759933466,32.08606933959132,32.191159209549845,0.0,0.009573379720182554,0.006769401719014891,0.0,0.0,-0.7000000000000028,-0.021406727828746263,-0.7000000000000028,-0.021406727828746263,32.0,32.0,32.0,32.0,32.0,32.7,,,0.0,4,4,9,32.7,0.7000000000000028,UP,2.0
BNBL,2021-04-12,32.7,32.0,32.0,32.0,32.0,32.7,0.7000000000000028,0.7000000000000028,0.7000000000000028,0.02187500000000009,0.02187500000000009,0.02187500000000009,0.021639175103481248,0.021639175103481248,32.233333333333334,32.14,32.35,32.360813879966734,32.290712893060885,32.28367571690442,0.012629537138523259,0.009782797401561532,0.010202078728547786,0.7000000000000028,0.02187500000000009,0.7000000000000028,0.02187500000000009,0.0,0.0,32.0,32.7,32.0,32.7,32.0,32.7,1.0,1.0,1.0,0,4,12,32.7,0.0,SAME,1.0
BNBL,2021-04-13,32.7,32.7,32.0,32.0,32.0,32.7,0.0,0.7000000000000028,0.7000000000000028,0.0,0.02187500000000009,0.02187500000000009,0.0,0.021639175103481248,32.46666666666667,32.28,32.35,32.530406939983365,32.42714192870726,32.359371041103614,0.012629537138523259,0.009782797401561532,0.010202078728547786,0.7000000000000028,0.02187500000000009,0.7000000000000028,0.02187500000000009,0.0,0.0,32.0,32.7,32.0,32.7,32.0,32.7,1.0,1.0,1.0,1,4,13,32.7,0.0,SAME,1.0
BNBL,2021-04-14,32.7,32.7,32.7,32.0,32.0,32.7,0.0,0.0,0.7000000000000028,0.0,0.0,0.02187500000000009,0.0,0.0,32.7,32.42,32.35,32.615203469991684,32.518094619138175,32.42130357908478,0.012629537138523259,0.009782797401561532,0.010202078728547786,0.7000000000000028,0.02187500000000009,0.7000000000000028,0.02187500000000009,0.0,0.0,32.7,32.7,32.0,32.7,32.0,32.7,,1.0,1.0,2,4,14,32.0,-0.7000000000000028,DOWN,0.0
BNBL,2021-04-15,32.0,32.7,32.7,32.7,32.0,32.7,-0.7000000000000028,-0.7000000000000028,-0.7000000000000028,-0.021406727828746308,-0.021406727828746308,-0.021406727828746308,-0.021639175103481293,-0.021639175103481293,32.46666666666667,32.42,32.279999999999994,32.30760173499584,32.34539641275879,32.34470292834209,0.01235918007439587,0.015302938978908139,0.012252753546021879,-0.7000000000000028,-0.021406727828746263,0.0,0.0,-0.7000000000000028,-0.021406727828746263,32.0,32.7,32.0,32.7,32.0,32.7,0.0,0.0,0.0,3,4,15,32.0,0.0,SAME,1.0
BNBL,2021-04-16,32.0,32.0,32.7,32.7,32.0,32.7,0.0,-0.7000000000000028,-0.7000000000000028,0.0,-0.021406727828746308,-0.021406727828746308,0.0,-0.021639175103481293,32.233333333333334,32.42,32.21,32.15380086749792,32.23026427517253,32.282029668643524,0.01235918007439587,0.015302938978908139,0.012252753546021879,-0.7000000000000028,-0.021406727828746263,0.0,0.0,-0.7000000000000028,-0.021406727828746263,32.0,32.7,32.0,32.7,32.0,32.7,0.0,0.0,0.0,4,4,16,32.0,0.0,SAME,1.0
BNBL,2021-04-19,32.0,32.0,32.0,32.7,32.7,32.0,0.0,0.0,-0.7000000000000028,0.0,0.0,-0.021406727828746308,0.0,0.0,32.0,32.28000000000001,32.21,32.07690043374896,32.15350951678169,32.230751547071975,0.01235918007439587,0.009573379720182552,0.010202078728547786,-0.7000000000000028,-0.021406727828746263,-0.7000000000000028,-0.021406727828746263,0.0,0.0,32.0,32.0,32.0,32.7,32.0,32.7,,0.0,0.0,0,4,19,32.5,0.5,UP,2.0
BNBL,2021-04-20,32.5,32.0,32.0,32.0,32.7,32.0,0.5,0.5,0.5,0.015625,0.015625,0.015625,0.015504186535965254,0.015504186535965254,32.166666666666664,32.239999999999995,32.260000000000005,32.28845021687448,32.26900634452113,32.2797058112407,0.009021097956088102,0.013188090707119763,0.011328454368517343,0.5,0.015625,-0.20000000000000284,-0.006116207951070423,0.5,0.015625,32.0,32.5,32.0,32.7,32.0,32.7,1.0,0.7142857142857114,0.7142857142857114,1,4,20,32.5,0.0,SAME,1.0
BNBL,2021-04-21,32.5,32.5,32.0,32.0,32.7,32.0,0.0,0.5,0.5,0.0,0.015625,0.015625,0.0,0.015504186535965254,32.333333333333336,32.2,32.31,32.39422510843724,32.34600422968076,32.31975930010603,0.009021097956088102,0.013188090707119763,0.011328454368517343,0.5,0.015625,-0.20000000000000284,-0.006116207951070423,0.5,0.015625,32.0,32.5,32.0,32.5,32.0,32.7,1.0,1.0,0.7142857142857114,2,4,21,32.5,0.0,SAME,1.0
BNBL,2021-04-23,32.5,32.5,32.5,32.0,32.0,32.0,0.0,0.0,0.5,0.0,0.0,0.015625,0.0,0.0,32.5,32.3,32.36,32.44711255421862,32.397336153120506,32.352530336450386,0.009021097956088102,0.006987712429686717,0.011328454368517343,0.5,0.015625,0.5,0.015625,0.5,0.015625,32.5,32.5,32.0,32.5,32.0,32.7,,1.0,0.7142857142857114,4,4,23,32.5,0.0,SAME,1.0
BNBL,2021-04-26,32.5,32.5,32.5,32.5,32.0,32.0,0.0,0.0,0.0,0.0,0.0,0.0,0.0,0.0,32.5,32.4,32.410000000000004,32.47355627710931,32.43155743541367,32.379343002550314,0.0,0.006987712429686717,0.011328454368517343,0.0,0.0,0.5,0.015625,0.5,0.015625,32.5,32.5,32.0,32.5,32.0,32.7,,1.0,0.7142857142857114,0,4,26,31.8,-0.6999999999999993,DOWN,0.0
BNBL,2021-04-27,31.8,32.5,32.5,32.5,32.0,32.7,-0.6999999999999993,-0.6999999999999993,-0.6999999999999993,-0.021538461538461506,-0.021538461538461506,-0.021538461538461506,-0.02177379954956062,-0.02177379954956062,32.266666666666666,32.36,32.32,32.136778138554654,32.221038290275786,32.27400791117753,0.012435236567161287,0.013238694657805257,0.011013399273772501,-0.6999999999999993,-0.021538461538461517,-0.1999999999999993,-0.006249999999999978,-0.9000000000000021,-0.027522935779816578,31.8,32.5,31.8,32.5,31.8,32.7,0.0,0.0,0.0,1,4,27,31.8,0.0,SAME,1.0
BNBL,2021-04-29,31.8,31.8,32.5,32.5,32.5,32.7,0.0,-0.6999999999999993,-0.6999999999999993,0.0,-0.021538461538461506,-0.021538461538461506,0.0,-0.02177379954956062,32.03333333333333,32.220000000000006,32.230000000000004,31.96838906927733,32.080692193517194,32.187824654599794,0.012435236567161287,0.009632292826152834,0.011013399273772501,-0.6999999999999993,-0.021538461538461517,-0.6999999999999993,-0.021538461538461517,-0.9000000000000021,-0.027522935779816578,31.8,32.5,31.8,32.5,31.8,32.7,0.0,0.0,0.0,3,4,29,31.8,0.0,SAME,1.0
BNBL,2021-04-30,31.8,31.8,31.8,32.5,32.5,32.7,0.0,0.0,-0.6999999999999993,0.0,0.0,-0.021538461538461506,0.0,0.0,31.8,32.08,32.14,31.884194534638667,31.987128129011467,32.11731108103619,0.012435236567161287,0.009632292826152834,0.011013399273772501,-0.6999999999999993,-0.021538461538461517,-0.6999999999999993,-0.021538461538461517,-0.9000000000000021,-0.027522935779816578,31.8,31.8,31.8,32.5,31.8,32.5,,0.0,0.0,4,4,30,31.8,0.0,SAME,1.0
BNBL,2021-05-03,31.8,31.8,31.8,31.8,32.5,32.0,0.0,0.0,0.0,0.0,0.0,0.0,0.0,0.0,31.8,31.939999999999998,32.12,31.842097267319332,31.924752086007643,32.05961815721143,0.0,0.009632292826152834,0.008847780937783814,0.0,0.0,-0.6999999999999993,-0.021538461538461517,-0.1999999999999993,-0.006249999999999978,31.8,31.8,31.8,32.5,31.8,32.5,,0.0,0.0,0,5,3,31.8,0.0,SAME,1.0
BNBL,2021-05-04,31.8,31.8,31.8,31.8,32.5,32.0,0.0,0.0,0.0,0.0,0.0,0.0,0.0,0.0,31.8,31.8,32.10000000000001,31.821048633659665,31.88316805733843,32.01241485590026,0.0,0.009632292826152834,0.008847780937783814,0.0,0.0,-0.6999999999999993,-0.021538461538461517,-0.1999999999999993,-0.006249999999999978,31.8,31.8,31.8,31.8,31.8,32.5,,,0.0,1,5,4,31.8,0.0,SAME,1.0
BNBL,2021-05-05,31.8,31.8,31.8,31.8,31.8,32.0,0.0,0.0,0.0,0.0,0.0,0.0,0.0,0.0,31.8,31.8,32.08,31.810524316829834,31.855445371558957,31.9737939730093,0.0,0.0,0.008847780937783814,0.0,0.0,0.0,0.0,-0.1999999999999993,-0.006249999999999978,31.8,31.8,31.8,31.8,31.8,32.5,,,0.0,2,5,5,31.8,0.0,SAME,1.0
BNBL,2021-05-06,31.8,31.8,31.8,31.8,31.8,32.5,0.0,0.0,0.0,0.0,0.0,0.0,0.0,0.0,31.8,31.8,32.01,31.80526215841492,31.836963581039306,31.94219506882579,0.0,0.0,0.006811059575747238,0.0,0.0,0.0,0.0,-0.6999999999999993,-0.021538461538461517,31.8,31.8,31.8,31.8,31.8,32.5,,,0.0,3,5,6,31.8,0.0,SAME,1.0
BNBL,2021-05-07,31.8,31.8,31.8,31.8,31.8,32.5,0.0,0.0,0.0,0.0,0.0,0.0,0.0,0.0,31.8,31.8,31.940000000000005,31.80263107920746,31.82464238735954,31.91634141994837,0.0,0.0,0.006811059575747238,0.0,0.0,0.0,0.0,-0.6999999999999993,-0.021538461538461517,31.8,31.8,31.8,31.8,31.8,32.5,,,0.0,4,5,7,31.8,0.0,SAME,1.0
BNBL,2021-05-10,31.8,31.8,31.8,31.8,31.8,32.5,0.0,0.0,0.0,0.0,0.0,0.0,0.0,0.0,31.8,31.8,31.869999999999997,31.801315539603728,31.816428258239696,31.89518843450321,0.0,0.0,0.006811059575747238,0.0,0.0,0.0,0.0,-0.6999999999999993,-0.021538461538461517,31.8,31.8,31.8,31.8,31.8,32.5,,,0.0,0,5,10,31.8,0.0,SAME,1.0
BNBL,2021-05-11,31.8,31.8,31.8,31.8,31.8,32.5,0.0,0.0,0.0,0.0,0.0,0.0,0.0,0.0,31.8,31.8,31.8,31.800657769801866,31.8109521721598,31.877881446411717,0.0,0.0,0.006811059575747238,0.0,0.0,0.0,0.0,-0.6999999999999993,-0.021538461538461517,31.8,31.8,31.8,31.8,31.8,31.8,,,,1,5,11,31.8,0.0,SAME,1.0
BNBL,2021-05-12,31.8,31.8,31.8,31.8,31.8,31.8,0.0,0.0,0.0,0.0,0.0,0.0,0.0,0.0,31.8,31.8,31.8,31.800328884900935,31.807301448106536,31.863721183427767,0.0,0.0,0.0,0.0,0.0,0.0,0.0,0.0,0.0,31.8,31.8,31.8,31.8,31.8,31.8,,,,2,5,12,31.8,0.0,SAME,1.0
BNBL,2021-05-13,31.8,31.8,31.8,31.8,31.8,31.8,0.0,0.0,0.0,0.0,0.0,0.0,0.0,0.0,31.8,31.8,31.8,31.800164442450466,31.804867632071023,31.852135513713627,0.0,0.0,0.0,0.0,0.0,0.0,0.0,0.0,0.0,31.8,31.8,31.8,31.8,31.8,31.8,,,,3,5,13,31.8,0.0,SAME,1.0
BNBL,2021-05-14,31.8,31.8,31.8,31.8,31.8,31.8,0.0,0.0,0.0,0.0,0.0,0.0,0.0,0.0,31.8,31.8,31.8,31.80008222122523,31.803245088047348,31.842656329402057,0.0,0.0,0.0,0.0,0.0,0.0,0.0,0.0,0.0,31.8,31.8,31.8,31.8,31.8,31.8,,,,4,5,14,31.8,0.0,SAME,1.0
BNBL,2021-05-17,31.8,31.8,31.8,31.8,31.8,31.8,0.0,0.0,0.0,0.0,0.0,0.0,0.0,0.0,31.8,31.8,31.8,31.800041110612618,31.802163392031567,31.834900633147136,0.0,0.0,0.0,0.0,0.0,0.0,0.0,0.0,0.0,31.8,31.8,31.8,31.8,31.8,31.8,,,,0,5,17,31.8,0.0,SAME,1.0
BNBL,2021-05-18,31.8,31.8,31.8,31.8,31.8,31.8,0.0,0.0,0.0,0.0,0.0,0.0,0.0,0.0,31.8,31.8,31.8,31.80002055530631,31.80144226135438,31.828555063484018,0.0,0.0,0.0,0.0,0.0,0.0,0.0,0.0,0.0,31.8,31.8,31.8,31.8,31.8,31.8,,,,1,5,18,31.8,0.0,SAME,1.0
BNBL,2021-05-19,31.8,31.8,31.8,31.8,31.8,31.8,0.0,0.0,0.0,0.0,0.0,0.0,0.0,0.0,31.8,31.8,31.8,31.800010277653158,31.80096150756959,31.823363233759647,0.0,0.0,0.0,0.0,0.0,0.0,0.0,0.0,0.0,31.8,31.8,31.8,31.8,31.8,31.8,,,,2,5,19,31.8,0.0,SAME,1.0
BNBL,2021-05-20,31.8,31.8,31.8,31.8,31.8,31.8,0.0,0.0,0.0,0.0,0.0,0.0,0.0,0.0,31.8,31.8,31.8,31.800005138826577,31.800641005046394,31.819115373076073,0.0,0.0,0.0,0.0,0.0,0.0,0.0,0.0,0.0,31.8,31.8,31.8,31.8,31.8,31.8,,,,3,5,20,31.8,0.0,SAME,1.0
BNBL,2021-05-21,31.8,31.8,31.8,31.8,31.8,31.8,0.0,0.0,0.0,0.0,0.0,0.0,0.0,0.0,31.8,31.8,31.8,31.800002569413287,31.800427336697595,31.815639850698602,0.0,0.0,0.0,0.0,0.0,0.0,0.0,0.0,0.0,31.8,31.8,31.8,31.8,31.8,31.8,,,,4,5,21,31.8,0.0,SAME,1.0
BNBL,2021-05-24,31.8,31.8,31.8,31.8,31.8,31.8,0.0,0.0,0.0,0.0,0.0,0.0,0.0,0.0,31.8,31.8,31.8,31.800001284706646,31.80028489113173,31.812796241480672,0.0,0.0,0.0,0.0,0.0,0.0,0.0,0.0,0.0,31.8,31.8,31.8,31.8,31.8,31.8,,,,0,5,24,31.8,0.0,SAME,1.0
BNBL,2021-05-25,31.8,31.8,31.8,31.8,31.8,31.8,0.0,0.0,0.0,0.0,0.0,0.0,0.0,0.0,31.8,31.8,31.8,31.800000642353325,31.800189927421158,31.81046965212055,0.0,0.0,0.0,0.0,0.0,0.0,0.0,0.0,0.0,31.8,31.8,31.8,31.8,31.8,31.8,,,,1,5,25,31.8,0.0,SAME,1.0
BNBL,2021-05-27,31.8,31.8,31.8,31.8,31.8,31.8,0.0,0.0,0.0,0.0,0.0,0.0,0.0,0.0,31.8,31.8,31.8,31.80000032117666,31.80012661828077,31.80856607900772,0.0,0.0,0.0,0.0,0.0,0.0,0.0,0.0,0.0,31.8,31.8,31.8,31.8,31.8,31.8,,,,3,5,27,31.8,0.0,SAME,1.0
BNBL,2021-05-28,31.8,31.8,31.8,31.8,31.8,31.8,0.0,0.0,0.0,0.0,0.0,0.0,0.0,0.0,31.8,31.8,31.8,31.800000160588333,31.800084412187182,31.80700861009722,0.0,0.0,0.0,0.0,0.0,0.0,0.0,0.0,0.0,31.8,31.8,31.8,31.8,31.8,31.8,,,,4,5,28,33.0,1.1999999999999993,UP,2.0
BNBL,2021-05-31,33.0,31.8,31.8,31.8,31.8,31.8,1.1999999999999993,1.1999999999999993,1.1999999999999993,0.037735849056603765,0.037735849056603765,0.037735849056603765,0.037041271680349076,0.037041271680349076,32.199999999999996,32.04,31.919999999999998,32.40000008029416,32.20005627479146,32.02391613553409,0.021786802610929353,0.016875984735847414,0.011933123245918394,1.1999999999999993,0.03773584905660375,1.1999999999999993,0.03773584905660375,1.1999999999999993,0.03773584905660375,31.8,33.0,31.8,33.0,31.8,33.0,1.0,1.0,1.0,0,5,31,33.0,0.0,SAME,1.0
BNBL,2021-06-01,33.0,33.0,31.8,31.8,31.8,31.8,0.0,1.1999999999999993,1.1999999999999993,0.0,0.037735849056603765,0.037735849056603765,0.0,0.037041271680349076,32.6,32.28,32.04,32.70000004014708,32.46670418319431,32.20138592907334,0.021786802610929353,0.016875984735847414,0.011933123245918394,1.1999999999999993,0.03773584905660375,1.1999999999999993,0.03773584905660375,1.1999999999999993,0.03773584905660375,31.8,33.0,31.8,33.0,31.8,33.0,1.0,1.0,1.0,1,6,1,33.0,0.0,SAME,1.0
BNBL,2021-06-02,33.0,33.0,33.0,31.8,31.8,31.8,0.0,0.0,1.1999999999999993,0.0,0.0,0.037735849056603765,0.0,0.0,33.0,32.519999999999996,32.16,32.85000002007354,32.644469455462875,32.34658848742364,0.021786802610929353,0.016875984735847414,0.011933123245918394,1.1999999999999993,0.03773584905660375,1.1999999999999993,0.03773584905660375,1.1999999999999993,0.03773584905660375,33.0,33.0,31.8,33.0,31.8,33.0,,1.0,1.0,2,6,2,33.0,0.0,SAME,1.0
BNBL,2021-06-03,33.0,33.0,33.0,33.0,31.8,31.8,0.0,0.0,0.0,0.0,0.0,0.0,0.0,0.0,33.0,32.76,32.279999999999994,32.92500001003677,32.76297963697525,32.46539058061934,0.0,0.016875984735847414,0.011933123245918394,0.0,0.0,1.1999999999999993,0.03773584905660375,1.1999999999999993,0.03773584905660375,33.0,33.0,31.8,33.0,31.8,33.0,,1.0,1.0,3,6,3,33.0,0.0,SAME,1.0
BNBL,2021-06-04,33.0,33.0,33.0,33.0,31.8,31.8,0.0,0.0,0.0,0.0,0.0,0.0,0.0,0.0,33.0,33.0,32.4,32.962500005018384,32.84198642465017,32.562592293234005,0.0,0.016875984735847414,0.011933123245918394,0.0,0.0,1.1999999999999993,0.03773584905660375,1.1999999999999993,0.03773584905660375,33.0,33.0,33.0,33.0,31.8,33.0,,,1.0,4,6,4,33.0,0.0,SAME,1.0
BNBL,2021-06-07,33.0,33.0,33.0,33.0,33.0,31.8,0.0,0.0,0.0,0.0,0.0,0.0,0.0,0.0,33.0,33.0,32.519999999999996,32.98125000250919,32.89465761643345,32.64212096719146,0.0,0.0,0.011933123245918394,0.0,0.0,0.0,0.0,1.1999999999999993,0.03773584905660375,33.0,33.0,33.0,33.0,31.8,33.0,,,1.0,0,6,7,33.0,0.0,SAME,1.0
BNBL,2021-06-08,33.0,33.0,33.0,33.0,33.0,31.8,0.0,0.0,0.0,0.0,0.0,0.0,0.0,0.0,33.0,33.0,32.64,32.9906250012546,32.92977174428897,32.707189882247555,0.0,0.0,0.011933123245918394,0.0,0.0,0.0,0.0,1.1999999999999993,0.03773584905660375,33.0,33.0,33.0,33.0,31.8,33.0,,,1.0,1,6,8,33.0,0.0,SAME,1.0
BNBL,2021-06-09,33.0,33.0,33.0,33.0,33.0,31.8,0.0,0.0,0.0,0.0,0.0,0.0,0.0,0.0,33.0,33.0,32.76,32.9953125006273,32.953181162859316,32.76042808547527,0.0,0.0,0.011933123245918394,0.0,0.0,0.0,0.0,1.1999999999999993,0.03773584905660375,33.0,33.0,33.0,33.0,31.8,33.0,,,1.0,2,6,9,33.0,0.0,SAME,1.0
BNBL,2021-06-10,33.0,33.0,33.0,33.0,33.0,31.8,0.0,0.0,0.0,0.0,0.0,0.0,0.0,0.0,33.0,33.0,32.879999999999995,32.99765625031365,32.968787441906215,32.80398661538885,0.0,0.0,0.011933123245918394,0.0,0.0,0.0,0.0,1.1999999999999993,0.03773584905660375,33.0,33.0,33.0,33.0,31.8,33.0,,,1.0,3,6,10,33.0,0.0,SAME,1.0
BNBL,2021-06-11,33.0,33.0,33.0,33.0,33.0,31.8,0.0,0.0,0.0,0.0,0.0,0.0,0.0,0.0,33.0,33.0,33.0,32.99882812515683,32.97919162793748,32.83962541259088,0.0,0.0,0.011933123245918394,0.0,0.0,0.0,0.0,1.1999999999999993,0.03773584905660375,33.0,33.0,33.0,33.0,33.0,33.0,,,,4,6,11,33.0,0.0,SAME,1.0
BNBL,2021-06-14,33.0,33.0,33.0,33.0,33.0,33.0,0.0,0.0,0.0,0.0,0.0,0.0,0.0,0.0,33.0,33.0,33.0,32.99941406257841,32.98612775195832,32.868784428483444,0.0,0.0,0.0,0.0,0.0,0.0,0.0,0.0,0.0,33.0,33.0,33.0,33.0,33.0,33.0,,,,0,6,14,33.0,0.0,SAME,1.0
BNBL,2021-06-15,33.0,33.0,33.0,33.0,33.0,33.0,0.0,0.0,0.0,0.0,0.0,0.0,0.0,0.0,33.0,33.0,33.0,32.999707031289205,32.990751834638885,32.89264180512282,0.0,0.0,0.0,0.0,0.0,0.0,0.0,0.0,0.0,33.0,33.0,33.0,33.0,33.0,33.0,,,,1,6,15,33.0,0.0,SAME,1.0
BNBL,2021-06-16,33.0,33.0,33.0,33.0,33.0,33.0,0.0,0.0,0.0,0.0,0.0,0.0,0.0,0.0,33.0,33.0,33.0,32.9998535156446,32.993834556425924,32.91216147691867,0.0,0.0,0.0,0.0,0.0,0.0,0.0,0.0,0.0,33.0,33.0,33.0,33.0,33.0,33.0,,,,2,6,16,33.0,0.0,SAME,1.0
BNBL,2021-06-17,33.0,33.0,33.0,33.0,33.0,33.0,0.0,0.0,0.0,0.0,0.0,0.0,0.0,0.0,33.0,33.0,33.0,32.9999267578223,32.995889704283954,32.92813211747891,0.0,0.0,0.0,0.0,0.0,0.0,0.0,0.0,0.0,33.0,33.0,33.0,33.0,33.0,33.0,,,,3,6,17,33.0,0.0,SAME,1.0
BNBL,2021-06-18,33.0,33.0,33.0,33.0,33.0,33.0,0.0,0.0,0.0,0.0,0.0,0.0,0.0,0.0,33.0,33.0,33.0,32.99996337891115,32.99725980285597,32.94119900521002,0.0,0.0,0.0,0.0,0.0,0.0,0.0,0.0,0.0,33.0,33.0,33.0,33.0,33.0,33.0,,,,4,6,18,33.0,0.0,SAME,1.0
BNBL,2021-06-21,33.0,33.0,33.0,33.0,33.0,33.0,0.0,0.0,0.0,0.0,0.0,0.0,0.0,0.0,33.0,33.0,33.0,32.99998168945557,32.99817320190398,32.951890095171834,0.0,0.0,0.0,0.0,0.0,0.0,0.0,0.0,0.0,33.0,33.0,33.0,33.0,33.0,33.0,,,,0,6,21,33.0,0.0,SAME,1.0
BNBL,2021-06-22,33.0,33.0,33.0,33.0,33.0,33.0,0.0,0.0,0.0,0.0,0.0,0.0,0.0,0.0,33.0,33.0,33.0,32.99999084472779,32.998782134602656,32.960637350595135,0.0,0.0,0.0,0.0,0.0,0.0,0.0,0.0,0.0,33.0,33.0,33.0,33.0,33.0,33.0,,,,1,6,22,33.0,0.0,SAME,1.0
BNBL,2021-06-23,33.0,33.0,33.0,33.0,33.0,33.0,0.0,0.0,0.0,0.0,0.0,0.0,0.0,0.0,33.0,33.0,33.0,32.999995422363895,32.99918808973511,32.96779419594147,0.0,0.0,0.0,0.0,0.0,0.0,0.0,0.0,0.0,33.0,33.0,33.0,33.0,33.0,33.0,,,,2,6,23,33.0,0.0,SAME,1.0
BNBL,2021-06-24,33.0,33.0,33.0,33.0,33.0,33.0,0.0,0.0,0.0,0.0,0.0,0.0,0.0,0.0,33.0,33.0,33.0,32.99999771118195,32.999458726490076,32.97364979667938,0.0,0.0,0.0,0.0,0.0,0.0,0.0,0.0,0.0,33.0,33.0,33.0,33.0,33.0,33.0,,,,3,6,24,33.0,0.0,SAME,1.0
BNBL,2021-06-25,33.0,33.0,33.0,33.0,33.0,33.0,0.0,0.0,0.0,0.0,0.0,0.0,0.0,0.0,33.0,33.0,33.0,32.999998855590974,32.99963915099339,32.978440742737675,0.0,0.0,0.0,0.0,0.0,0.0,0.0,0.0,0.0,33.0,33.0,33.0,33.0,33.0,33.0,,,,4,6,25,33.0,0.0,SAME,1.0
BNBL,2021-06-28,33.0,33.0,33.0,33.0,33.0,33.0,0.0,0.0,0.0,0.0,0.0,0.0,0.0,0.0,33.0,33.0,33.0,32.99999942779549,32.99975943399559,32.98236060769446,0.0,0.0,0.0,0.0,0.0,0.0,0.0,0.0,0.0,33.0,33.0,33.0,33.0,33.0,33.0,,,,0,6,28,33.0,0.0,SAME,1.0
BNBL,2021-06-29,33.0,33.0,33.0,33.0,33.0,33.0,0.0,0.0,0.0,0.0,0.0,0.0,0.0,0.0,33.0,33.0,33.0,32.99999971389774,32.99983962266373,32.98556776993183,0.0,0.0,0.0,0.0,0.0,0.0,0.0,0.0,0.0,33.0,33.0,33.0,33.0,33.0,33.0,,,,1,6,29,33.0,0.0,SAME,1.0
BNBL,2021-06-30,33.0,33.0,33.0,33.0,33.0,33.0,0.0,0.0,0.0,0.0,0.0,0.0,0.0,0.0,33.0,33.0,33.0,32.999999856948875,32.999893081775824,32.988191811762405,0.0,0.0,0.0,0.0,0.0,0.0,0.0,0.0,0.0,33.0,33.0,33.0,33.0,33.0,33.0,,,,2,6,30,33.0,0.0,SAME,1.0
BNBL,2021-07-01,33.0,33.0,33.0,33.0,33.0,33.0,0.0,0.0,0.0,0.0,0.0,0.0,0.0,0.0,33.0,33.0,33.0,32.99999992847444,32.999928721183885,32.99033875507833,0.0,0.0,0.0,0.0,0.0,0.0,0.0,0.0,0.0,33.0,33.0,33.0,33.0,33.0,33.0,,,,3,7,1,33.0,0.0,SAME,1.0
BNBL,2021-07-02,33.0,33.0,33.0,33.0,33.0,33.0,0.0,0.0,0.0,0.0,0.0,0.0,0.0,0.0,33.0,33.0,33.0,32.99999996423722,32.99995248078926,32.99209534506409,0.0,0.0,0.0,0.0,0.0,0.0,0.0,0.0,0.0,33.0,33.0,33.0,33.0,33.0,33.0,,,,4,7,2,33.0,0.0,SAME,1.0
BNBL,2021-07-05,33.0,33.0,33.0,33.0,33.0,33.0,0.0,0.0,0.0,0.0,0.0,0.0,0.0,0.0,33.0,33.0,33.0,32.99999998211861,32.99996832052618,32.99353255505243,0.0,0.0,0.0,0.0,0.0,0.0,0.0,0.0,0.0,33.0,33.0,33.0,33.0,33.0,33.0,,,,0,7,5,33.0,0.0,SAME,1.0
BNBL,2021-07-06,33.0,33.0,33.0,33.0,33.0,33.0,0.0,0.0,0.0,0.0,0.0,0.0,0.0,0.0,33.0,33.0,33.0,32.999999991059305,32.99997888035079,32.99470845413381,0.0,0.0,0.0,0.0,0.0,0.0,0.0,0.0,0.0,33.0,33.0,33.0,33.0,33.0,33.0,,,,1,7,6,33.0,0.0,SAME,1.0
BNBL,2021-07-07,33.0,33.0,33.0,33.0,33.0,33.0,0.0,0.0,0.0,0.0,0.0,0.0,0.0,0.0,33.0,33.0,33.0,32.99999999552965,32.99998592023386,32.995670553382205,0.0,0.0,0.0,0.0,0.0,0.0,0.0,0.0,0.0,33.0,33.0,33.0,33.0,33.0,33.0,,,,2,7,7,33.0,0.0,SAME,1.0
BNBL,2021-07-08,33.0,33.0,33.0,33.0,33.0,33.0,0.0,0.0,0.0,0.0,0.0,0.0,0.0,0.0,33.0,33.0,33.0,32.999999997764824,32.999990613489246,32.99645772549453,0.0,0.0,0.0,0.0,0.0,0.0,0.0,0.0,0.0,33.0,33.0,33.0,33.0,33.0,33.0,,,,3,7,8,33.0,0.0,SAME,1.0
BNBL,2021-07-09,33.0,33.0,33.0,33.0,33.0,33.0,0.0,0.0,0.0,0.0,0.0,0.0,0.0,0.0,33.0,33.0,33.0,32.999999998882416,32.99999374232617,32.997101775404616,0.0,0.0,0.0,0.0,0.0,0.0,0.0,0.0,0.0,33.0,33.0,33.0,33.0,33.0,33.0,,,,4,7,9,33.0,0.0,SAME,1.0
BNBL,2021-07-12,33.0,33.0,33.0,33.0,33.0,33.0,0.0,0.0,0.0,0.0,0.0,0.0,0.0,0.0,33.0,33.0,33.0,32.99999999944121,32.99999582821745,32.99762872533105,0.0,0.0,0.0,0.0,0.0,0.0,0.0,0.0,0.0,33.0,33.0,33.0,33.0,33.0,33.0,,,,0,7,12,33.0,0.0,SAME,1.0
BNBL,2021-07-13,33.0,33.0,33.0,33.0,33.0,33.0,0.0,0.0,0.0,0.0,0.0,0.0,0.0,0.0,33.0,33.0,33.0,32.9999999997206,32.999997218811636,32.99805986617994,0.0,0.0,0.0,0.0,0.0,0.0,0.0,0.0,0.0,33.0,33.0,33.0,33.0,33.0,33.0,,,,1,7,13,33.0,0.0,SAME,1.0
BNBL,2021-07-15,33.0,33.0,33.0,33.0,33.0,33.0,0.0,0.0,0.0,0.0,0.0,0.0,0.0,0.0,33.0,33.0,33.0,32.9999999998603,32.99999814587443,32.998412617783586,0.0,0.0,0.0,0.0,0.0,0.0,0.0,0.0,0.0,33.0,33.0,33.0,33.0,33.0,33.0,,,,3,7,15,33.0,0.0,SAME,1.0
BNBL,2021-07-16,33.0,33.0,33.0,33.0,33.0,33.0,0.0,0.0,0.0,0.0,0.0,0.0,0.0,0.0,33.0,33.0,33.0,32.999999999930154,32.99999876391629,32.998701232732024,0.0,0.0,0.0,0.0,0.0,0.0,0.0,0.0,0.0,33.0,33.0,33.0,33.0,33.0,33.0,,,,4,7,16,33.0,0.0,SAME,1.0
BNBL,2021-07-19,33.0,33.0,33.0,33.0,33.0,33.0,0.0,0.0,0.0,0.0,0.0,0.0,0.0,0.0,33.0,33.0,33.0,32.99999999996508,32.9999991759442,32.99893737223529,0.0,0.0,0.0,0.0,0.0,0.0,0.0,0.0,0.0,33.0,33.0,33.0,33.0,33.0,33.0,,,,0,7,19,33.15,0.14999999999999858,UP,2.0
BNBL,2021-07-20,33.15,33.0,33.0,33.0,33.0,33.0,0.14999999999999858,0.14999999999999858,0.14999999999999858,0.004545454545454408,0.004545454545454408,0.004545454545454408,0.0045351551653911425,0.0045351551653911425,33.05,33.03,33.015,33.07499999998254,33.049999450629464,33.02640330455614,0.002624319405407967,0.002032789070453853,0.0014373989364399877,0.14999999999999858,0.004545454545454503,0.14999999999999858,0.004545454545454503,0.14999999999999858,0.004545454545454503,33.0,33.15,33.0,33.15,33.0,33.15,1.0,1.0,1.0,1,7,20,33.15,0.0,SAME,1.0
BNBL,2021-07-21,33.15,33.15,33.0,33.0,33.0,33.0,0.0,0.14999999999999858,0.14999999999999858,0.0,0.004545454545454408,0.004545454545454408,0.0,0.0045351551653911425,33.1,33.06,33.03,33.11249999999127,33.083332967086314,33.048875431000475,0.002624319405407967,0.002032789070453853,0.0014373989364399877,0.14999999999999858,0.004545454545454503,0.14999999999999858,0.004545454545454503,0.14999999999999858,0.004545454545454503,33.0,33.15,33.0,33.15,33.0,33.15,1.0,1.0,1.0,2,7,21,33.15,0.0,SAME,1.0
BNBL,2021-07-22,33.15,33.15,33.15,33.0,33.0,33.0,0.0,0.0,0.14999999999999858,0.0,0.0,0.004545454545454408,0.0,0.0,33.15,33.089999999999996,33.045,33.13124999999563,33.10555531139088,33.067261716273116,0.002624319405407967,0.002032789070453853,0.0014373989364399877,0.14999999999999858,0.004545454545454503,0.14999999999999858,0.004545454545454503,0.14999999999999858,0.004545454545454503,33.15,33.15,33.0,33.15,33.0,33.15,,1.0,1.0,3,7,22,33.15,0.0,SAME,1.0
BNBL,2021-07-23,33.15,33.15,33.15,33.15,33.0,33.0,0.0,0.0,0.0,0.0,0.0,0.0,0.0,0.0,33.15,33.12,33.06,33.14062499999781,33.12037020759392,33.082305040587094,0.0,0.002032789070453853,0.0014373989364399877,0.0,0.0,0.14999999999999858,0.004545454545454503,0.14999999999999858,0.004545454545454503,33.15,33.15,33.0,33.15,33.0,33.15,,1.0,1.0,4,7,23,33.15,0.0,SAME,1.0
BNBL,2021-07-26,33.15,33.15,33.15,33.15,33.0,33.0,0.0,0.0,0.0,0.0,0.0,0.0,0.0,0.0,33.15,33.15,33.075,33.14531249999891,33.13024680506262,33.0946132150258,0.0,0.002032789070453853,0.0014373989364399877,0.0,0.0,0.14999999999999858,0.004545454545454503,0.14999999999999858,0.004545454545454503,33.15,33.15,33.15,33.15,33.0,33.15,,,1.0,0,7,26,33.15,0.0,SAME,1.0
BNBL,2021-07-27,33.15,33.15,33.15,33.15,33.15,33.0,0.0,0.0,0.0,0.0,0.0,0.0,0.0,0.0,33.15,33.15,33.09,33.14765624999946,33.13683120337508,33.104683539566565,0.0,0.0,0.0014373989364399877,0.0,0.0,0.0,0.0,0.14999999999999858,0.004545454545454503,33.15,33.15,33.15,33.15,33.0,33.15,,,1.0,1,7,27,33.15,0.0,SAME,1.0
BNBL,2021-07-28,33.15,33.15,33.15,33.15,33.15,33.0,0.0,0.0,0.0,0.0,0.0,0.0,0.0,0.0,33.15,33.15,33.105000000000004,33.148828124999724,33.141220802250054,33.11292289600901,0.0,0.0,0.0014373989364399877,0.0,0.0,0.0,0.0,0.14999999999999858,0.004545454545454503,33.15,33.15,33.15,33.15,33.0,33.15,,,1.0,2,7,28,33.15,0.0,SAME,1.0
BNBL,2021-07-29,33.15,33.15,33.15,33.15,33.15,33.0,0.0,0.0,0.0,0.0,0.0,0.0,0.0,0.0,33.15,33.15,33.12,33.14941406249986,33.14414720150004,33.119664187643735,0.0,0.0,0.0014373989364399877,0.0,0.0,0.0,0.0,0.14999999999999858,0.004545454545454503,33.15,33.15,33.15,33.15,33.0,33.15,,,1.0,3,7,29,33.15,0.0,SAME,1.0
BNBL,2021-07-30,33.15,33.15,33.15,33.15,33.15,33.0,0.0,0.0,0.0,0.0,0.0,0.0,0.0,0.0,33.15,33.15,33.135000000000005,33.14970703124993,33.146098134333364,33.125179789890325,0.0,0.0,0.0014373989364399877,0.0,0.0,0.0,0.0,0.14999999999999858,0.004545454545454503,33.15,33.15,33.15,33.15,33.0,33.15,,,1.0,4,7,30,33.15,0.0,SAME,1.0
BNBL,2021-08-02,33.15,33.15,33.15,33.15,33.15,33.0,0.0,0.0,0.0,0.0,0.0,0.0,0.0,0.0,33.15,33.15,33.15,33.14985351562497,33.147398756222245,33.12969255536481,0.0,0.0,0.0014373989364399877,0.0,0.0,0.0,0.0,0.14999999999999858,0.004545454545454503,33.15,33.15,33.15,33.15,33.15,33.15,,,,0,8,2,33.15,0.0,SAME,1.0
BNBL,2021-08-03,33.15,33.15,33.15,33.15,33.15,33.15,0.0,0.0,0.0,0.0,0.0,0.0,0.0,0.0,33.15,33.15,33.15,33.14992675781248,33.148265837481496,33.13338481802575,0.0,0.0,0.0,0.0,0.0,0.0,0.0,0.0,0.0,33.15,33.15,33.15,33.15,33.15,33.15,,,,1,8,3,33.15,0.0,SAME,1.0
BNBL,2021-08-04,33.15,33.15,33.15,33.15,33.15,33.15,0.0,0.0,0.0,0.0,0.0,0.0,0.0,0.0,33.15,33.15,33.15,33.149963378906236,33.14884389165433,33.13640576020289,0.0,0.0,0.0,0.0,0.0,0.0,0.0,0.0,0.0,33.15,33.15,33.15,33.15,33.15,33.15,,,,2,8,4,33.15,0.0,SAME,1.0
BNBL,2021-08-05,33.15,33.15,33.15,33.15,33.15,33.15,0.0,0.0,0.0,0.0,0.0,0.0,0.0,0.0,33.15,33.15,33.15,33.149981689453114,33.14922926110289,33.138877440166,0.0,0.0,0.0,0.0,0.0,0.0,0.0,0.0,0.0,33.15,33.15,33.15,33.15,33.15,33.15,,,,3,8,5,34.49,1.3400000000000034,UP,2.0
BNBL,2021-08-06,34.49,33.15,33.15,33.15,33.15,33.15,1.3400000000000034,1.3400000000000034,1.3400000000000034,0.04042232277526403,0.04042232277526403,0.04042232277526403,0.0396267103168781,0.0396267103168781,33.596666666666664,33.418,33.284,33.81999084472656,33.59615284073526,33.38453608740854,0.023337838935568705,0.018077412306785615,0.012782660828433278,1.3400000000000034,0.04042232277526406,1.3400000000000034,0.04042232277526406,1.3400000000000034,0.04042232277526406,33.15,34.49,33.15,34.49,33.15,34.49,1.0,1.0,1.0,4,8,6,34.49,0.0,SAME,1.0
BNBL,2021-08-09,34.49,34.49,33.15,33.15,33.15,33.15,0.0,1.3400000000000034,1.3400000000000034,0.0,0.04042232277526403,0.04042232277526403,0.0,0.0396267103168781,34.04333333333333,33.686,33.418,34.154995422363285,33.8941018938235,33.585529526061535,0.023337838935568705,0.018077412306785615,0.012782660828433278,1.3400000000000034,0.04042232277526406,1.3400000000000034,0.04042232277526406,1.3400000000000034,0.04042232277526406,33.15,34.49,33.15,34.49,33.15,34.49,1.0,1.0,1.0,0,8,9,34.49,0.0,SAME,1.0
BNBL,2021-08-10,34.49,34.49,34.49,33.15,33.15,33.15,0.0,0.0,1.3400000000000034,0.0,0.0,0.04042232277526403,0.0,0.0,34.49,33.954,33.552,34.32249771118164,34.092734595882334,33.74997870314125,0.023337838935568705,0.018077412306785615,0.012782660828433278,1.3400000000000034,0.04042232277526406,1.3400000000000034,0.04042232277526406,1.3400000000000034,0.04042232277526406,34.49,34.49,33.15,34.49,33.15,34.49,,1.0,1.0,1,8,10,34.49,0.0,SAME,1.0
BNBL,2021-08-11,34.49,34.49,34.49,34.49,33.15,33.15,0.0,0.0,0.0,0.0,0.0,0.0,0.0,0.0,34.49,34.222,33.686,34.40624885559082,34.22515639725489,33.88452802984284,0.0,0.018077412306785615,0.012782660828433278,0.0,0.0,1.3400000000000034,0.04042232277526406,1.3400000000000034,0.04042232277526406,34.49,34.49,33.15,34.49,33.15,34.49,,1.0,1.0,2,8,11,34.49,0.0,SAME,1.0
BNBL,2021-08-12,34.49,34.49,34.49,34.49,33.15,33.15,0.0,0.0,0.0,0.0,0.0,0.0,0.0,0.0,34.49,34.49,33.82000000000001,34.448124427795406,34.313437598169926,33.99461384259869,0.0,0.018077412306785615,0.012782660828433278,0.0,0.0,1.3400000000000034,0.04042232277526406,1.3400000000000034,0.04042232277526406,34.49,34.49,34.49,34.49,33.15,34.49,,,1.0,3,8,12,34.49,0.0,SAME,1.0
BNBL,2021-08-13,34.49,34.49,34.49,34.49,34.49,33.15,0.0,0.0,0.0,0.0,0.0,0.0,0.0,0.0,34.49,34.49,33.95399999999999,34.4690622138977,34.37229173211328,34.08468405303529,0.0,0.0,0.012782660828433278,0.0,0.0,0.0,0.0,1.3400000000000034,0.04042232277526406,34.49,34.49,34.49,34.49,33.15,34.49,,,1.0,4,8,13,34.49,0.0,SAME,1.0
BNBL,2021-08-16,34.49,34.49,34.49,34.49,34.49,33.15,0.0,0.0,0.0,0.0,0.0,0.0,0.0,0.0,34.49,34.49,34.088,34.479531106948855,34.41152782140885,34.15837786157432,0.0,0.0,0.012782660828433278,0.0,0.0,0.0,0.0,1.3400000000000034,0.04042232277526406,34.49,34.49,34.49,34.49,33.15,34.49,,,1.0,0,8,16,34.49,0.0,SAME,1.0
BNBL,2021-08-17,34.49,34.49,34.49,34.49,34.49,33.15,0.0,0.0,0.0,0.0,0.0,0.0,0.0,0.0,34.49,34.49,34.222,34.48476555347443,34.43768521427257,34.218672795833534,0.0,0.0,0.012782660828433278,0.0,0.0,0.0,0.0,1.3400000000000034,0.04042232277526406,34.49,34.49,34.49,34.49,33.15,34.49,,,1.0,1,8,17,34.49,0.0,SAME,1.0
BNBL,2021-08-18,34.49,34.49,34.49,34.49,34.49,33.15,0.0,0.0,0.0,0.0,0.0,0.0,0.0,0.0,34.49,34.49,34.356,34.48738277673722,34.45512347618171,34.26800501477289,0.0,0.0,0.012782660828433278,0.0,0.0,0.0,0.0,1.3400000000000034,0.04042232277526406,34.49,34.49,34.49,34.49,33.15,34.49,,,1.0,2,8,18,34.49,0.0,SAME,1.0
BNBL,2021-08-19,34.49,34.49,34.49,34.49,34.49,33.15,0.0,0.0,0.0,0.0,0.0,0.0,0.0,0.0,34.49,34.49,34.49,34.48869138836861,34.46674898412114,34.30836773935963,0.0,0.0,0.012782660828433278,0.0,0.0,0.0,0.0,1.3400000000000034,0.04042232277526406,34.49,34.49,34.49,34.49,34.49,34.49,,,,3,8,19,34.49,0.0,SAME,1.0
BNBL,2021-08-20,34.49,34.49,34.49,34.49,34.49,34.49,0.0,0.0,0.0,0.0,0.0,0.0,0.0,0.0,34.49,34.49,34.49,34.48934569418431,34.47449932274743,34.34139178674879,0.0,0.0,0.0,0.0,0.0,0.0,0.0,0.0,0.0,34.49,34.49,34.49,34.49,34.49,34.49,,,,4,8,20,34.49,0.0,SAME,1.0
BNBL,2021-08-23,34.49,34.49,34.49,34.49,34.49,34.49,0.0,0.0,0.0,0.0,0.0,0.0,0.0,0.0,34.49,34.49,34.49,34.48967284709215,34.479666215164954,34.36841146188537,0.0,0.0,0.0,0.0,0.0,0.0,0.0,0.0,0.0,34.49,34.49,34.49,34.49,34.49,34.49,,,,0,8,23,34.2,-0.28999999999999915,DOWN,0.0
BNBL,2021-08-24,34.2,34.49,34.49,34.49,34.49,34.49,-0.28999999999999915,-0.28999999999999915,-0.28999999999999915,-0.008408234270803061,-0.008408234270803061,-0.008408234270803061,-0.00844378288019,-0.00844378288019,34.39333333333334,34.432,34.461,34.34483642354608,34.386444143443306,34.337791196088034,0.004854496319657923,0.003760276680051566,0.0026589171396021946,-0.28999999999999915,-0.008408234270803106,-0.28999999999999915,-0.008408234270803106,-0.28999999999999915,-0.008408234270803106,34.2,34.49,34.2,34.49,34.2,34.49,0.0,0.0,0.0,1,8,24,34.49,0.28999999999999915,UP,2.0
BNBL,2021-08-25,34.49,34.2,34.49,34.49,34.49,34.49,0.28999999999999915,0.0,0.0,0.008479532163742753,0.0,0.0,0.008443782880190133,0.0,34.39333333333334,34.432,34.461,34.41741821177304,34.42096276229554,34.36546552407203,0.008443908301417136,0.005970759009345886,0.003980513101064257,0.0,0.0,0.0,0.0,0.0,0.0,34.2,34.49,34.2,34.49,34.2,34.49,1.0,1.0,1.0,2,8,25,34.49,0.0,SAME,1.0
BNBL,2021-08-26,34.49,34.49,34.2,34.49,34.49,34.49,0.0,0.28999999999999915,0.0,0.0,0.008479532163742753,0.0,0.0,0.008443782880190133,34.39333333333334,34.432,34.461,34.45370910588652,34.443975174863695,34.388108156058934,0.008443908301417136,0.005970759009345886,0.003980513101064257,0.0,0.0,0.0,0.0,0.0,0.0,34.2,34.49,34.2,34.49,34.2,34.49,1.0,1.0,1.0,3,8,26,34.49,0.0,SAME,1.0
BNBL,2021-08-27,34.49,34.49,34.49,34.2,34.49,34.49,0.0,0.0,0.28999999999999915,0.0,0.0,0.008479532163742753,0.0,0.0,34.49,34.432,34.461,34.471854552943256,34.459316783242464,34.406633945866396,0.004895660177339321,0.005970759009345886,0.003980513101064257,0.28999999999999915,0.008479532163742665,0.0,0.0,0.0,0.0,34.49,34.49,34.2,34.49,34.2,34.49,,1.0,1.0,4,8,27,34.49,0.0,SAME,1.0
BNBL,2021-08-30,34.49,34.49,34.49,34.49,34.49,34.49,0.0,0.0,0.0,0.0,0.0,0.0,0.0,0.0,34.49,34.432,34.461,34.48092727647163,34.46954452216164,34.42179141025432,0.0,0.005970759009345886,0.003980513101064257,0.0,0.0,0.0,0.0,0.0,0.0,34.49,34.49,34.2,34.49,34.2,34.49,,1.0,1.0,0,8,30,34.5,0.00999999999999801,UP,2.0
BNBL,2021-08-31,34.5,34.49,34.49,34.49,34.2,34.49,0.00999999999999801,0.00999999999999801,0.00999999999999801,0.0002899391127861861,0.0002899391127861861,0.0002899391127861861,0.00028989708856440533,0.00028989708856440533,34.49333333333333,34.492000000000004,34.462,34.490463638235816,34.479696348107765,34.43601115384444,0.00016739642482577294,0.0037618414743012074,0.003981511225378626,0.00999999999999801,0.0002899391127862572,0.29999999999999716,0.00877192982456132,0.00999999999999801,0.0002899391127862572,34.49,34.5,34.49,34.5,34.2,34.5,1.0,1.0,1.0,1,8,31,34.8,0.29999999999999716,UP,2.0
BNBL,2021-09-01,34.8,34.5,34.49,34.49,34.49,34.49,0.29999999999999716,0.30999999999999517,0.30999999999999517,0.008695652173912993,0.008988112496375544,0.008988112496375544,0.008658062743114531,0.0089479598316789,34.59666666666667,34.554,34.493,34.64523181911791,34.58646423207185,34.50219094405454,0.0049388670003827715,0.0038584407882094355,0.004831569523298782,0.30999999999999517,0.00898811249637562,0.30999999999999517,0.00898811249637562,0.30999999999999517,0.00898811249637562,34.49,34.8,34.49,34.8,34.2,34.8,1.0,1.0,1.0,2,9,1,34.8,0.0,SAME,1.0
BNBL,2021-09-02,34.8,34.8,34.5,34.49,34.49,34.49,0.0,0.29999999999999716,0.30999999999999517,0.0,0.008695652173912993,0.008988112496375544,0.0,0.008658062743114531,34.699999999999996,34.616,34.524,34.722615909558954,34.65764282138123,34.55633804513553,0.0049388670003827715,0.0038584407882094355,0.004831569523298782,0.30999999999999517,0.00898811249637562,0.30999999999999517,0.00898811249637562,0.30999999999999517,0.00898811249637562,34.5,34.8,34.49,34.8,34.2,34.8,1.0,1.0,1.0,3,9,2,34.8,0.0,SAME,1.0
BNBL,2021-09-03,34.8,34.8,34.8,34.5,34.49,34.49,0.0,0.0,0.29999999999999716,0.0,0.0,0.008695652173912993,0.0,0.0,34.8,34.678,34.555,34.761307954779475,34.70509521425416,34.60064021874725,0.005020437123388365,0.0038584407882094355,0.004831569523298782,0.29999999999999716,0.00869565217391296,0.30999999999999517,0.00898811249637562,0.30999999999999517,0.00898811249637562,34.8,34.8,34.49,34.8,34.2,34.8,,1.0,1.0,4,9,3,34.8,0.0,SAME,1.0
BNBL,2021-09-06,34.8,34.8,34.8,34.8,34.49,34.49,0.0,0.0,0.0,0.0,0.0,0.0,0.0,0.0,34.8,34.739999999999995,34.586,34.78065397738973,34.73673014283611,34.63688745170229,0.0,0.0038584407882094355,0.004831569523298782,0.0,0.0,0.30999999999999517,0.00898811249637562,0.30999999999999517,0.00898811249637562,34.8,34.8,34.5,34.8,34.2,34.8,,1.0,1.0,0,9,6,34.8,0.0,SAME,1.0
BNBL,2021-09-07,34.8,34.8,34.8,34.8,34.5,34.2,0.0,0.0,0.0,0.0,0.0,0.0,0.0,0.0,34.8,34.8,34.646,34.790326988694865,34.757820095224076,34.66654427866551,0.0,0.003888813873912425,0.0036070585649810413,0.0,0.0,0.29999999999999716,0.00869565217391296,0.5999999999999943,0.01754385964912264,34.8,34.8,34.8,34.8,34.49,34.8,,,1.0,1,9,7,34.8,0.0,SAME,1.0
BNBL,2021-09-08,34.8,34.8,34.8,34.8,34.8,34.49,0.0,0.0,0.0,0.0,0.0,0.0,0.0,0.0,34.8,34.8,34.677,34.795163494347435,34.77188006348272,34.69080895527178,0.0,0.0,0.0027411341193348975,0.0,0.0,0.0,0.0,0.30999999999999517,0.00898811249637562,34.8,34.8,34.8,34.8,34.49,34.8,,,1.0,2,9,8,34.8,0.0,SAME,1.0
BNBL,2021-09-09,34.8,34.8,34.8,34.8,34.8,34.49,0.0,0.0,0.0,0.0,0.0,0.0,0.0,0.0,34.8,34.8,34.708,34.797581747173716,34.78125337565515,34.71066187249509,0.0,0.0,0.0027411341193348975,0.0,0.0,0.0,0.0,0.30999999999999517,0.00898811249637562,34.8,34.8,34.8,34.8,34.49,34.8,,,1.0,3,9,9,34.8,0.0,SAME,1.0
BNBL,2021-09-10,34.8,34.8,34.8,34.8,34.8,34.49,0.0,0.0,0.0,0.0,0.0,0.0,0.0,0.0,34.8,34.8,34.739,34.79879087358685,34.787502250436766,34.72690516840507,0.0,0.0,0.0027411341193348975,0.0,0.0,0.0,0.0,0.30999999999999517,0.00898811249637562,34.8,34.8,34.8,34.8,34.49,34.8,,,1.0,4,9,10,34.8,0.0,SAME,1.0
BNBL,2021-09-13,34.8,34.8,34.8,34.8,34.8,34.49,0.0,0.0,0.0,0.0,0.0,0.0,0.0,0.0,34.8,34.8,34.769999999999996,34.799395436793425,34.79166816695785,34.74019513778596,0.0,0.0,0.0027411341193348975,0.0,0.0,0.0,0.0,0.30999999999999517,0.00898811249637562,34.8,34.8,34.8,34.8,34.5,34.8,,,1.0,0,9,13,34.8,0.0,SAME,1.0
BNBL,2021-09-14,34.8,34.8,34.8,34.8,34.8,34.5,0.0,0.0,0.0,0.0,0.0,0.0,0.0,0.0,34.8,34.8,34.8,34.799697718396715,34.79444544463857,34.7510687490976,0.0,0.0,0.0027498066610158966,0.0,0.0,0.0,0.0,0.29999999999999716,0.00869565217391296,34.8,34.8,34.8,34.8,34.8,34.8,,,,1,9,14,34.8,0.0,SAME,1.0
BNBL,2021-09-15,34.8,34.8,34.8,34.8,34.8,34.8,0.0,0.0,0.0,0.0,0.0,0.0,0.0,0.0,34.8,34.8,34.8,34.799848859198356,34.79629696309238,34.75996534017076,0.0,0.0,0.0,0.0,0.0,0.0,0.0,0.0,0.0,34.8,34.8,34.8,34.8,34.8,34.8,,,,2,9,15,34.8,0.0,SAME,1.0
BNBL,2021-09-20,34.8,34.8,34.8,34.8,34.8,34.8,0.0,0.0,0.0,0.0,0.0,0.0,0.0,0.0,34.8,34.8,34.8,34.79992442959917,34.79753130872825,34.76724436923062,0.0,0.0,0.0,0.0,0.0,0.0,0.0,0.0,0.0,34.8,34.8,34.8,34.8,34.8,34.8,,,,0,9,20,34.8,0.0,SAME,1.0
BNBL,2021-09-21,34.8,34.8,34.8,34.8,34.8,34.8,0.0,0.0,0.0,0.0,0.0,0.0,0.0,0.0,34.8,34.8,34.8,34.799962214799585,34.79835420581884,34.77319993846141,0.0,0.0,0.0,0.0,0.0,0.0,0.0,0.0,0.0,34.8,34.8,34.8,34.8,34.8,34.8,,,,1,9,21,34.8,0.0,SAME,1.0
BNBL,2021-09-22,34.8,34.8,34.8,34.8,34.8,34.8,0.0,0.0,0.0,0.0,0.0,0.0,0.0,0.0,34.8,34.8,34.8,34.79998110739979,34.79890280387923,34.77807267692297,0.0,0.0,0.0,0.0,0.0,0.0,0.0,0.0,0.0,34.8,34.8,34.8,34.8,34.8,34.8,,,,2,9,22,34.8,0.0,SAME,1.0
BNBL,2021-09-23,34.8,34.8,34.8,34.8,34.8,34.8,0.0,0.0,0.0,0.0,0.0,0.0,0.0,0.0,34.8,34.8,34.8,34.79999055369989,34.79926853591949,34.78205946293697,0.0,0.0,0.0,0.0,0.0,0.0,0.0,0.0,0.0,34.8,34.8,34.8,34.8,34.8,34.8,,,,3,9,23,34.8,0.0,SAME,1.0
BNBL,2021-09-24,34.8,34.8,34.8,34.8,34.8,34.8,0.0,0.0,0.0,0.0,0.0,0.0,0.0,0.0,34.8,34.8,34.8,34.79999527684994,34.79951235727966,34.78532137876661,0.0,0.0,0.0,0.0,0.0,0.0,0.0,0.0,0.0,34.8,34.8,34.8,34.8,34.8,34.8,,,,4,9,24,34.8,0.0,SAME,1.0
BNBL,2021-09-27,34.8,34.8,34.8,34.8,34.8,34.8,0.0,0.0,0.0,0.0,0.0,0.0,0.0,0.0,34.8,34.8,34.8,34.79999763842497,34.799674904853106,34.78799021899086,0.0,0.0,0.0,0.0,0.0,0.0,0.0,0.0,0.0,34.8,34.8,34.8,34.8,34.8,34.8,,,,0,9,27,34.8,0.0,SAME,1.0
BNBL,2021-09-28,34.8,34.8,34.8,34.8,34.8,34.8,0.0,0.0,0.0,0.0,0.0,0.0,0.0,0.0,34.8,34.8,34.8,34.79999881921248,34.79978326990207,34.790173815537976,0.0,0.0,0.0,0.0,0.0,0.0,0.0,0.0,0.0,34.8,34.8,34.8,34.8,34.8,34.8,,,,1,9,28,34.8,0.0,SAME,1.0
BNBL,2021-09-29,34.8,34.8,34.8,34.8,34.8,34.8,0.0,0.0,0.0,0.0,0.0,0.0,0.0,0.0,34.8,34.8,34.8,34.799999409606244,34.79985551326805,34.79196039453107,0.0,0.0,0.0,0.0,0.0,0.0,0.0,0.0,0.0,34.8,34.8,34.8,34.8,34.8,34.8,,,,2,9,29,34.8,0.0,SAME,1.0
BNBL,2021-09-30,34.8,34.8,34.8,34.8,34.8,34.8,0.0,0.0,0.0,0.0,0.0,0.0,0.0,0.0,34.8,34.8,34.8,34.79999970480312,34.799903675512034,34.79342214097996,0.0,0.0,0.0,0.0,0.0,0.0,0.0,0.0,0.0,34.8,34.8,34.8,34.8,34.8,34.8,,,,3,9,30,34.8,0.0,SAME,1.0
BNBL,2021-10-01,34.8,34.8,34.8,34.8,34.8,34.8,0.0,0.0,0.0,0.0,0.0,0.0,0.0,0.0,34.8,34.8,34.8,34.799999852401555,34.79993578367469,34.79461811534724,0.0,0.0,0.0,0.0,0.0,0.0,0.0,0.0,0.0,34.8,34.8,34.8,34.8,34.8,34.8,,,,4,10,1,34.8,0.0,SAME,1.0
BNBL,2021-10-04,34.8,34.8,34.8,34.8,34.8,34.8,0.0,0.0,0.0,0.0,0.0,0.0,0.0,0.0,34.8,34.8,34.8,34.799999926200776,34.79995718911646,34.795596639829554,0.0,0.0,0.0,0.0,0.0,0.0,0.0,0.0,0.0,34.8,34.8,34.8,34.8,34.8,34.8,,,,0,10,4,34.8,0.0,SAME,1.0
BNBL,2021-10-05,34.8,34.8,34.8,34.8,34.8,34.8,0.0,0.0,0.0,0.0,0.0,0.0,0.0,0.0,34.8,34.8,34.8,34.79999996310039,34.799971459410976,34.79639725076963,0.0,0.0,0.0,0.0,0.0,0.0,0.0,0.0,0.0,34.8,34.8,34.8,34.8,34.8,34.8,,,,1,10,5,34.8,0.0,SAME,1.0
BNBL,2021-10-06,34.8,34.8,34.8,34.8,34.8,34.8,0.0,0.0,0.0,0.0,0.0,0.0,0.0,0.0,34.8,34.8,34.8,34.799999981550194,34.79998097294065,34.79705229608424,0.0,0.0,0.0,0.0,0.0,0.0,0.0,0.0,0.0,34.8,34.8,34.8,34.8,34.8,34.8,,,,2,10,6,34.8,0.0,SAME,1.0
BNBL,2021-10-07,34.8,34.8,34.8,34.8,34.8,34.8,0.0,0.0,0.0,0.0,0.0,0.0,0.0,0.0,34.8,34.8,34.8,34.79999999077509,34.79998731529377,34.79758824225074,0.0,0.0,0.0,0.0,0.0,0.0,0.0,0.0,0.0,34.8,34.8,34.8,34.8,34.8,34.8,,,,3,10,7,34.8,0.0,SAME,1.0
BNBL,2021-10-08,34.8,34.8,34.8,34.8,34.8,34.8,0.0,0.0,0.0,0.0,0.0,0.0,0.0,0.0,34.8,34.8,34.8,34.799999995387545,34.79999154352918,34.79802674365969,0.0,0.0,0.0,0.0,0.0,0.0,0.0,0.0,0.0,34.8,34.8,34.8,34.8,34.8,34.8,,,,4,10,8,34.8,0.0,SAME,1.0
BNBL,2021-10-11,34.8,34.8,34.8,34.8,34.8,34.8,0.0,0.0,0.0,0.0,0.0,0.0,0.0,0.0,34.8,34.8,34.8,34.799999997693774,34.79999436235279,34.79838551753974,0.0,0.0,0.0,0.0,0.0,0.0,0.0,0.0,0.0,34.8,34.8,34.8,34.8,34.8,34.8,,,,0,10,11,34.35,-0.44999999999999574,DOWN,0.0
BNBL,2021-10-12,34.35,34.8,34.8,34.8,34.8,34.8,-0.44999999999999574,-0.44999999999999574,-0.44999999999999574,-0.012931034482758452,-0.012931034482758452,-0.012931034482758452,-0.013015368112070136,-0.013015368112070136,34.65,34.709999999999994,34.754999999999995,34.57499999884689,34.64999624156853,34.71686087798706,0.007465736239521144,0.005782934424568191,0.004089152146769354,-0.44999999999999574,-0.012931034482758499,-0.44999999999999574,-0.012931034482758499,-0.44999999999999574,-0.012931034482758499,34.35,34.8,34.35,34.8,34.35,34.8,0.0,0.0,0.0,1,10,12,34.35,0.0,SAME,1.0
BNBL,2021-10-13,34.35,34.35,34.8,34.8,34.8,34.8,0.0,-0.44999999999999574,-0.44999999999999574,0.0,-0.012931034482758452,-0.012931034482758452,0.0,-0.013015368112070136,34.5,34.620000000000005,34.709999999999994,34.46249999942344,34.54999749437902,34.65015890017123,0.007465736239521144,0.005782934424568191,0.004089152146769354,-0.44999999999999574,-0.012931034482758499,-0.44999999999999574,-0.012931034482758499,-0.44999999999999574,-0.012931034482758499,34.35,34.8,34.35,34.8,34.35,34.8,0.0,0.0,0.0,2,10,13,34.35,0.0,SAME,1.0
BNBL,2021-10-14,34.35,34.35,34.35,34.8,34.8,34.8,0.0,0.0,-0.44999999999999574,0.0,0.0,-0.012931034482758452,0.0,0.0,34.35,34.53,34.665,34.40624999971172,34.48333166291935,34.595584554685544,0.007465736239521144,0.005782934424568191,0.004089152146769354,-0.44999999999999574,-0.012931034482758499,-0.44999999999999574,-0.012931034482758499,-0.44999999999999574,-0.012931034482758499,34.35,34.35,34.35,34.8,34.35,34.8,,0.0,0.0,3,10,14,34.35,0.0,SAME,1.0
BNBL,2021-10-18,34.35,34.35,34.35,34.35,34.8,34.8,0.0,0.0,0.0,0.0,0.0,0.0,0.0,0.0,34.35,34.440000000000005,34.62,34.37812499985586,34.43888777527957,34.550932817469985,0.0,0.005782934424568191,0.004089152146769354,0.0,0.0,-0.44999999999999574,-0.012931034482758499,-0.44999999999999574,-0.012931034482758499,34.35,34.35,34.35,34.8,34.35,34.8,,0.0,0.0,0,10,18,34.35,0.0,SAME,1.0
BNBL,2021-10-19,34.35,34.35,34.35,34.35,34.8,34.8,0.0,0.0,0.0,0.0,0.0,0.0,0.0,0.0,34.35,34.35,34.575,34.364062499927925,34.40925851685304,34.514399577929986,0.0,0.005782934424568191,0.004089152146769354,0.0,0.0,-0.44999999999999574,-0.012931034482758499,-0.44999999999999574,-0.012931034482758499,34.35,34.35,34.35,34.35,34.35,34.8,,,0.0,1,10,19,34.35,0.0,SAME,1.0
BNBL,2021-10-20,34.35,34.35,34.35,34.35,34.35,34.8,0.0,0.0,0.0,0.0,0.0,0.0,0.0,0.0,34.35,34.35,34.529999999999994,34.35703124996397,34.38950567790203,34.48450874557908,0.0,0.0,0.004089152146769354,0.0,0.0,0.0,0.0,-0.44999999999999574,-0.012931034482758499,34.35,34.35,34.35,34.35,34.35,34.8,,,0.0,2,10,20,34.35,0.0,SAME,1.0
BNBL,2021-10-21,34.35,34.35,34.35,34.35,34.35,34.8,0.0,0.0,0.0,0.0,0.0,0.0,0.0,0.0,34.35,34.35,34.485,34.35351562498198,34.376337118601356,34.46005261001925,0.0,0.0,0.004089152146769354,0.0,0.0,0.0,0.0,-0.44999999999999574,-0.012931034482758499,34.35,34.35,34.35,34.35,34.35,34.8,,,0.0,3,10,21,34.35,0.0,SAME,1.0
BNBL,2021-10-22,34.35,34.35,34.35,34.35,34.35,34.8,0.0,0.0,0.0,0.0,0.0,0.0,0.0,0.0,34.35,34.35,34.440000000000005,34.35175781249099,34.36755807906757,34.4400430445612,0.0,0.0,0.004089152146769354,0.0,0.0,0.0,0.0,-0.44999999999999574,-0.012931034482758499,34.35,34.35,34.35,34.35,34.35,34.8,,,0.0,4,10,22,34.35,0.0,SAME,1.0
BNBL,2021-10-25,34.35,34.35,34.35,34.35,34.35,34.8,0.0,0.0,0.0,0.0,0.0,0.0,0.0,0.0,34.35,34.35,34.394999999999996,34.3508789062455,34.361705386045045,34.42367158191371,0.0,0.0,0.004089152146769354,0.0,0.0,0.0,0.0,-0.44999999999999574,-0.012931034482758499,34.35,34.35,34.35,34.35,34.35,34.8,,,0.0,0,10,25,34.35,0.0,SAME,1.0
BNBL,2021-10-26,34.35,34.35,34.35,34.35,34.35,34.8,0.0,0.0,0.0,0.0,0.0,0.0,0.0,0.0,34.35,34.35,34.35,34.350439453122746,34.3578035906967,34.410276748838484,0.0,0.0,0.004089152146769354,0.0,0.0,0.0,0.0,-0.44999999999999574,-0.012931034482758499,34.35,34.35,34.35,34.35,34.35,34.35,,,,1,10,26,34.35,0.0,SAME,1.0
BNBL,2021-10-28,34.35,34.35,34.35,34.35,34.35,34.35,0.0,0.0,0.0,0.0,0.0,0.0,0.0,0.0,34.35,34.35,34.35,34.35021972656138,34.355202393797796,34.399317339958756,0.0,0.0,0.0,0.0,0.0,0.0,0.0,0.0,0.0,34.35,34.35,34.35,34.35,34.35,34.35,,,,3,10,28,34.35,0.0,SAME,1.0
BNBL,2021-10-29,34.35,34.35,34.35,34.35,34.35,34.35,0.0,0.0,0.0,0.0,0.0,0.0,0.0,0.0,34.35,34.35,34.35,34.35010986328069,34.35346826253186,34.39035055087534,0.0,0.0,0.0,0.0,0.0,0.0,0.0,0.0,0.0,34.35,34.35,34.35,34.35,34.35,34.35,,,,4,10,29,34.35,0.0,SAME,1.0
BNBL,2021-11-02,34.35,34.35,34.35,34.35,34.35,34.35,0.0,0.0,0.0,0.0,0.0,0.0,0.0,0.0,34.35,34.35,34.35,34.350054931640344,34.35231217502124,34.38301408707982,0.0,0.0,0.0,0.0,0.0,0.0,0.0,0.0,0.0,34.35,34.35,34.35,34.35,34.35,34.35,,,,1,11,2,34.35,0.0,SAME,1.0
BNBL,2021-11-03,34.35,34.35,34.35,34.35,34.35,34.35,0.0,0.0,0.0,0.0,0.0,0.0,0.0,0.0,34.35,34.35,34.35,34.350027465820176,34.35154145001416,34.37701152579258,0.0,0.0,0.0,0.0,0.0,0.0,0.0,0.0,0.0,34.35,34.35,34.35,34.35,34.35,34.35,,,,2,11,3,34.35,0.0,SAME,1.0
BNBL,2021-11-04,34.35,34.35,34.35,34.35,34.35,34.35,0.0,0.0,0.0,0.0,0.0,0.0,0.0,0.0,34.35,34.35,34.35,34.350013732910085,34.351027633342774,34.37210033928484,0.0,0.0,0.0,0.0,0.0,0.0,0.0,0.0,0.0,34.35,34.35,34.35,34.35,34.35,34.35,,,,3,11,4,34.35,0.0,SAME,1.0
BNBL,2021-11-05,34.35,34.35,34.35,34.35,34.35,34.35,0.0,0.0,0.0,0.0,0.0,0.0,0.0,0.0,34.35,34.35,34.35,34.35000686645505,34.35068508889518,34.368082095778504,0.0,0.0,0.0,0.0,0.0,0.0,0.0,0.0,0.0,34.35,34.35,34.35,34.35,34.35,34.35,,,,4,11,5,34.35,0.0,SAME,1.0
BNBL,2021-11-08,34.35,34.35,34.35,34.35,34.35,34.35,0.0,0.0,0.0,0.0,0.0,0.0,0.0,0.0,34.35,34.35,34.35,34.35000343322753,34.35045672593012,34.364794442000594,0.0,0.0,0.0,0.0,0.0,0.0,0.0,0.0,0.0,34.35,34.35,34.35,34.35,34.35,34.35,,,,0,11,8,34.35,0.0,SAME,1.0
BNBL,2021-11-09,34.35,34.35,34.35,34.35,34.35,34.35,0.0,0.0,0.0,0.0,0.0,0.0,0.0,0.0,34.35,34.35,34.35,34.35000171661376,34.350304483953416,34.36210454345503,0.0,0.0,0.0,0.0,0.0,0.0,0.0,0.0,0.0,34.35,34.35,34.35,34.35,34.35,34.35,,,,1,11,9,34.35,0.0,SAME,1.0
BNBL,2021-11-10,34.35,34.35,34.35,34.35,34.35,34.35,0.0,0.0,0.0,0.0,0.0,0.0,0.0,0.0,34.35,34.35,34.35,34.350000858306885,34.350202989302275,34.3599037173723,0.0,0.0,0.0,0.0,0.0,0.0,0.0,0.0,0.0,34.35,34.35,34.35,34.35,34.35,34.35,,,,2,11,10,34.0,-0.3500000000000014,DOWN,0.0
BNBL,2021-11-12,34.0,34.35,34.35,34.35,34.35,34.35,-0.3500000000000014,-0.3500000000000014,-0.3500000000000014,-0.010189228529839944,-0.010189228529839944,-0.010189228529839944,-0.010241494052197018,-0.010241494052197018,34.23333333333334,34.28,34.315000000000005,34.17500042915344,34.23346865953485,34.29446667785006,0.005882753834537986,0.0045567615262002755,0.003222116975426254,-0.3500000000000014,-0.010189228529839925,-0.3500000000000014,-0.010189228529839925,-0.3500000000000014,-0.010189228529839925,34.0,34.35,34.0,34.35,34.0,34.35,0.0,0.0,0.0,4,11,12,34.0,0.0,SAME,1.0
BNBL,2021-11-15,34.0,34.0,34.35,34.35,34.35,34.35,0.0,-0.3500000000000014,-0.3500000000000014,0.0,-0.010189228529839944,-0.010189228529839944,0.0,-0.010241494052197018,34.11666666666667,34.21,34.28,34.08750021457672,34.15564577302324,34.24092728187732,0.005882753834537986,0.0045567615262002755,0.003222116975426254,-0.3500000000000014,-0.010189228529839925,-0.3500000000000014,-0.010189228529839925,-0.3500000000000014,-0.010189228529839925,34.0,34.35,34.0,34.35,34.0,34.35,0.0,0.0,0.0,0,11,15,34.0,0.0,SAME,1.0
BNBL,2021-11-16,34.0,34.0,34.0,34.35,34.35,34.35,0.0,0.0,-0.3500000000000014,0.0,0.0,-0.010189228529839944,0.0,0.0,34.0,34.14,34.245000000000005,34.04375010728836,34.10376384868216,34.197122321535986,0.005882753834537986,0.0045567615262002755,0.003222116975426254,-0.3500000000000014,-0.010189228529839925,-0.3500000000000014,-0.010189228529839925,-0.3500000000000014,-0.010189228529839925,34.0,34.0,34.0,34.35,34.0,34.35,,0.0,0.0,1,11,16,34.0,0.0,SAME,1.0
BNBL,2021-11-17,34.0,34.0,34.0,34.0,34.35,34.35,0.0,0.0,0.0,0.0,0.0,0.0,0.0,0.0,34.0,34.07000000000001,34.21,34.02187505364418,34.06917589912145,34.161281899438535,0.0,0.0045567615262002755,0.003222116975426254,0.0,0.0,-0.3500000000000014,-0.010189228529839925,-0.3500000000000014,-0.010189228529839925,34.0,34.0,34.0,34.35,34.0,34.35,,0.0,0.0,2,11,17,34.0,0.0,SAME,1.0
BNBL,2021-11-18,34.0,34.0,34.0,34.0,34.35,34.35,0.0,0.0,0.0,0.0,0.0,0.0,0.0,0.0,34.0,34.0,34.175,34.01093752682209,34.04611726608097,34.13195791772244,0.0,0.0045567615262002755,0.003222116975426254,0.0,0.0,-0.3500000000000014,-0.010189228529839925,-0.3500000000000014,-0.010189228529839925,34.0,34.0,34.0,34.0,34.0,34.35,,,0.0,3,11,18,34.0,0.0,SAME,1.0
BNBL,2021-11-19,34.0,34.0,34.0,34.0,34.0,34.35,0.0,0.0,0.0,0.0,0.0,0.0,0.0,0.0,34.0,34.0,34.14,34.005468763411045,34.030744844053984,34.10796556904563,0.0,0.0,0.003222116975426254,0.0,0.0,0.0,0.0,-0.3500000000000014,-0.010189228529839925,34.0,34.0,34.0,34.0,34.0,34.35,,,0.0,4,11,19,34.0,0.0,SAME,1.0
BNBL,2021-11-22,34.0,34.0,34.0,34.0,34.0,34.35,0.0,0.0,0.0,0.0,0.0,0.0,0.0,0.0,34.0,34.0,34.105000000000004,34.00273438170552,34.02049656270266,34.08833546558279,0.0,0.0,0.003222116975426254,0.0,0.0,0.0,0.0,-0.3500000000000014,-0.010189228529839925,34.0,34.0,34.0,34.0,34.0,34.35,,,0.0,0,11,22,34.0,0.0,SAME,1.0
BNBL,2021-11-23,34.0,34.0,34.0,34.0,34.0,34.35,0.0,0.0,0.0,0.0,0.0,0.0,0.0,0.0,34.0,34.0,34.07000000000001,34.00136719085276,34.01366437513511,34.07227447184046,0.0,0.0,0.003222116975426254,0.0,0.0,0.0,0.0,-0.3500000000000014,-0.010189228529839925,34.0,34.0,34.0,34.0,34.0,34.35,,,0.0,1,11,23,34.0,0.0,SAME,1.0
BNBL,2021-11-24,34.0,34.0,34.0,34.0,34.0,34.35,0.0,0.0,0.0,0.0,0.0,0.0,0.0,0.0,34.0,34.0,34.035000000000004,34.00068359542638,34.00910958342341,34.059133658778556,0.0,0.0,0.003222116975426254,0.0,0.0,0.0,0.0,-0.3500000000000014,-0.010189228529839925,34.0,34.0,34.0,34.0,34.0,34.35,,,0.0,2,11,24,34.0,0.0,SAME,1.0
BNBL,2021-11-25,34.0,34.0,34.0,34.0,34.0,34.35,0.0,0.0,0.0,0.0,0.0,0.0,0.0,0.0,34.0,34.0,34.0,34.00034179771319,34.00607305561561,34.04838208445518,0.0,0.0,0.003222116975426254,0.0,0.0,0.0,0.0,-0.3500000000000014,-0.010189228529839925,34.0,34.0,34.0,34.0,34.0,34.0,,,,3,11,25,34.0,0.0,SAME,1.0
BNBL,2021-11-26,34.0,34.0,34.0,34.0,34.0,34.0,0.0,0.0,0.0,0.0,0.0,0.0,0.0,0.0,34.0,34.0,34.0,34.000170898856595,34.00404870374374,34.039585341826964,0.0,0.0,0.0,0.0,0.0,0.0,0.0,0.0,0.0,34.0,34.0,34.0,34.0,34.0,34.0,,,,4,11,26,34.0,0.0,SAME,1.0
BNBL,2021-11-29,34.0,34.0,34.0,34.0,34.0,34.0,0.0,0.0,0.0,0.0,0.0,0.0,0.0,0.0,34.0,34.0,34.0,34.0000854494283,34.00269913582916,34.03238800694933,0.0,0.0,0.0,0.0,0.0,0.0,0.0,0.0,0.0,34.0,34.0,34.0,34.0,34.0,34.0,,,,0,11,29,34.0,0.0,SAME,1.0
BNBL,2021-11-30,34.0,34.0,34.0,34.0,34.0,34.0,0.0,0.0,0.0,0.0,0.0,0.0,0.0,0.0,34.0,34.0,34.0,34.00004272471415,34.00179942388611,34.02649927841309,0.0,0.0,0.0,0.0,0.0,0.0,0.0,0.0,0.0,34.0,34.0,34.0,34.0,34.0,34.0,,,,1,11,30,34.0,0.0,SAME,1.0
BNBL,2021-12-01,34.0,34.0,34.0,34.0,34.0,34.0,0.0,0.0,0.0,0.0,0.0,0.0,0.0,0.0,34.0,34.0,34.0,34.000021362357074,34.00119961592408,34.02168122779253,0.0,0.0,0.0,0.0,0.0,0.0,0.0,0.0,0.0,34.0,34.0,34.0,34.0,34.0,34.0,,,,2,12,1,34.0,0.0,SAME,1.0
BNBL,2021-12-02,34.0,34.0,34.0,34.0,34.0,34.0,0.0,0.0,0.0,0.0,0.0,0.0,0.0,0.0,34.0,34.0,34.0,34.00001068117854,34.000799743949386,34.0177391863757,0.0,0.0,0.0,0.0,0.0,0.0,0.0,0.0,0.0,34.0,34.0,34.0,34.0,34.0,34.0,,,,3,12,2,34.0,0.0,SAME,1.0
BNBL,2021-12-03,34.0,34.0,34.0,34.0,34.0,34.0,0.0,0.0,0.0,0.0,0.0,0.0,0.0,0.0,34.0,34.0,34.0,34.00000534058927,34.00053316263293,34.014513879761935,0.0,0.0,0.0,0.0,0.0,0.0,0.0,0.0,0.0,34.0,34.0,34.0,34.0,34.0,34.0,,,,4,12,3,32.8,-1.2000000000000028,DOWN,0.0
BNBL,2021-12-06,32.8,34.0,34.0,34.0,34.0,34.0,-1.2000000000000028,-1.2000000000000028,-1.2000000000000028,-0.03529411764705892,-0.03529411764705892,-0.03529411764705892,-0.03593200922606344,-0.03593200922606344,33.6,33.76,33.879999999999995,33.40000267029463,33.60035544175528,33.79369317435067,0.020377068324339862,0.015784009252939678,0.01116097997706488,-1.2000000000000028,-0.035294117647058906,-1.2000000000000028,-0.035294117647058906,-1.2000000000000028,-0.035294117647058906,32.8,34.0,32.8,34.0,32.8,34.0,0.0,0.0,0.0,0,12,6,32.8,0.0,SAME,1.0
BNBL,2021-12-07,32.8,32.8,34.0,34.0,34.0,34.0,0.0,-1.2000000000000028,-1.2000000000000028,0.0,-0.03529411764705892,-0.03529411764705892,0.0,-0.03593200922606344,33.199999999999996,33.519999999999996,33.76,33.10000133514731,33.333570294503524,33.61302168810509,0.020377068324339862,0.015784009252939678,0.01116097997706488,-1.2000000000000028,-0.035294117647058906,-1.2000000000000028,-0.035294117647058906,-1.2000000000000028,-0.035294117647058906,32.8,34.0,32.8,34.0,32.8,34.0,0.0,0.0,0.0,1,12,7,32.8,0.0,SAME,1.0
BNBL,2021-12-08,32.8,32.8,32.8,34.0,34.0,34.0,0.0,0.0,-1.2000000000000028,0.0,0.0,-0.03529411764705892,0.0,0.0,32.8,33.279999999999994,33.64,32.950000667573654,33.155713529669015,33.465199562995075,0.020377068324339862,0.015784009252939678,0.01116097997706488,-1.2000000000000028,-0.035294117647058906,-1.2000000000000028,-0.035294117647058906,-1.2000000000000028,-0.035294117647058906,32.8,32.8,32.8,34.0,32.8,34.0,,0.0,0.0,2,12,8,32.8,0.0,SAME,1.0
BNBL,2021-12-09,32.8,32.8,32.8,32.8,34.0,34.0,0.0,0.0,0.0,0.0,0.0,0.0,0.0,0.0,32.8,33.04,33.519999999999996,32.87500033378683,33.03714235311268,33.34425418790506,0.0,0.015784009252939678,0.01116097997706488,0.0,0.0,-1.2000000000000028,-0.035294117647058906,-1.2000000000000028,-0.035294117647058906,32.8,32.8,32.8,34.0,32.8,34.0,,0.0,0.0,3,12,9,32.8,0.0,SAME,1.0
BNBL,2021-12-10,32.8,32.8,32.8,32.8,34.0,34.0,0.0,0.0,0.0,0.0,0.0,0.0,0.0,0.0,32.8,32.8,33.39999999999999,32.83750016689341,32.95809490207512,33.24529888101323,0.0,0.015784009252939678,0.01116097997706488,0.0,0.0,-1.2000000000000028,-0.035294117647058906,-1.2000000000000028,-0.035294117647058906,32.8,32.8,32.8,32.8,32.8,34.0,,,0.0,4,12,10,32.8,0.0,SAME,1.0
BNBL,2021-12-13,32.8,32.8,32.8,32.8,32.8,34.0,0.0,0.0,0.0,0.0,0.0,0.0,0.0,0.0,32.8,32.8,33.279999999999994,32.8187500834467,32.905396601383416,33.16433544810173,0.0,0.0,0.01116097997706488,0.0,0.0,0.0,0.0,-1.2000000000000028,-0.035294117647058906,32.8,32.8,32.8,32.8,32.8,34.0,,,0.0,0,12,13,32.8,0.0,SAME,1.0
BNBL,2021-12-14,32.8,32.8,32.8,32.8,32.8,34.0,0.0,0.0,0.0,0.0,0.0,0.0,0.0,0.0,32.8,32.8,33.16,32.80937504172335,32.87026440092228,33.09809263935596,0.0,0.0,0.01116097997706488,0.0,0.0,0.0,0.0,-1.2000000000000028,-0.035294117647058906,32.8,32.8,32.8,32.8,32.8,34.0,,,0.0,1,12,14,32.8,0.0,SAME,1.0
BNBL,2021-12-15,32.8,32.8,32.8,32.8,32.8,34.0,0.0,0.0,0.0,0.0,0.0,0.0,0.0,0.0,32.8,32.8,33.04,32.80468752086168,32.84684293394819,33.043893977654875,0.0,0.0,0.01116097997706488,0.0,0.0,0.0,0.0,-1.2000000000000028,-0.035294117647058906,32.8,32.8,32.8,32.8,32.8,34.0,,,0.0,2,12,15,32.8,0.0,SAME,1.0
BNBL,2021-12-16,32.8,32.8,32.8,32.8,32.8,34.0,0.0,0.0,0.0,0.0,0.0,0.0,0.0,0.0,32.8,32.8,32.919999999999995,32.80234376043084,32.831228622632125,32.99954961808126,0.0,0.0,0.01116097997706488,0.0,0.0,0.0,0.0,-1.2000000000000028,-0.035294117647058906,32.8,32.8,32.8,32.8,32.8,34.0,,,0.0,3,12,16,32.8,0.0,SAME,1.0
BNBL,2021-12-20,32.8,32.8,32.8,32.8,32.8,34.0,0.0,0.0,0.0,0.0,0.0,0.0,0.0,0.0,32.8,32.8,32.8,32.80117188021542,32.82081908175475,32.96326786933921,0.0,0.0,0.01116097997706488,0.0,0.0,0.0,0.0,-1.2000000000000028,-0.035294117647058906,32.8,32.8,32.8,32.8,32.8,32.8,,,,0,12,20,32.8,0.0,SAME,1.0
BNBL,2021-12-21,32.8,32.8,32.8,32.8,32.8,32.8,0.0,0.0,0.0,0.0,0.0,0.0,0.0,0.0,32.8,32.8,32.8,32.80058594010771,32.8138793878365,32.93358280218663,0.0,0.0,0.0,0.0,0.0,0.0,0.0,0.0,0.0,32.8,32.8,32.8,32.8,32.8,32.8,,,,1,12,21,32.8,0.0,SAME,1.0
BNBL,2021-12-23,32.8,32.8,32.8,32.8,32.8,32.8,0.0,0.0,0.0,0.0,0.0,0.0,0.0,0.0,32.8,32.8,32.8,32.80029297005385,32.809252925224335,32.90929501997088,0.0,0.0,0.0,0.0,0.0,0.0,0.0,0.0,0.0,32.8,32.8,32.8,32.8,32.8,32.8,,,,3,12,23,32.8,0.0,SAME,1.0
BNBL,2021-12-24,32.8,32.8,32.8,32.8,32.8,32.8,0.0,0.0,0.0,0.0,0.0,0.0,0.0,0.0,32.8,32.8,32.8,32.80014648502693,32.80616861681622,32.889423198157985,0.0,0.0,0.0,0.0,0.0,0.0,0.0,0.0,0.0,32.8,32.8,32.8,32.8,32.8,32.8,,,,4,12,24,31.16,-1.639999999999997,DOWN,0.0
BNBL,2021-12-27,31.16,32.8,32.8,32.8,32.8,32.8,-1.639999999999997,-1.639999999999997,-1.639999999999997,-0.04999999999999993,-0.04999999999999993,-0.04999999999999993,-0.05129329438755046,-0.05129329438755046,32.25333333333333,32.471999999999994,32.635999999999996,31.980073242513463,32.25744574454415,32.57498261667472,0.0288675134594813,0.022360679774997824,0.01581138830084186,-1.639999999999997,-0.04999999999999991,-1.639999999999997,-0.04999999999999991,-1.639999999999997,-0.04999999999999991,31.16,32.8,31.16,32.8,31.16,32.8,0.0,0.0,0.0,0,12,27,31.16,0.0,SAME,1.0
BNBL,2021-12-28,31.16,31.16,32.8,32.8,32.8,32.8,0.0,-1.639999999999997,-1.639999999999997,0.0,-0.04999999999999993,-0.04999999999999993,0.0,-0.05129329438755046,31.706666666666667,32.14399999999999,32.472,31.570036621256733,31.89163049636277,32.31771305000659,0.028867513459481305,0.022360679774997824,0.01581138830084186,-1.639999999999997,-0.04999999999999991,-1.639999999999997,-0.04999999999999991,-1.639999999999997,-0.04999999999999991,31.16,32.8,31.16,32.8,31.16,32.8,0.0,0.0,0.0,1,12,28,31.16,0.0,SAME,1.0
BNBL,2021-12-29,31.16,31.16,31.16,32.8,32.8,32.8,0.0,0.0,-1.639999999999997,0.0,0.0,-0.04999999999999993,0.0,0.0,31.16,31.816000000000003,32.308,31.365018310628365,31.647753664241847,32.10721976818721,0.028867513459481305,0.022360679774997824,0.01581138830084186,-1.639999999999997,-0.04999999999999991,-1.639999999999997,-0.04999999999999991,-1.639999999999997,-0.04999999999999991,31.16,31.16,31.16,32.8,31.16,32.8,,0.0,0.0,2,12,29,31.16,0.0,SAME,1.0
BNBL,2021-12-30,31.16,31.16,31.16,31.16,32.8,32.8,0.0,0.0,0.0,0.0,0.0,0.0,0.0,0.0,31.16,31.488,32.144,31.262509155314184,31.485169109494567,31.93499799215317,0.0,0.022360679774997824,0.01581138830084186,0.0,0.0,-1.639999999999997,-0.04999999999999991,-1.639999999999997,-0.04999999999999991,31.16,31.16,31.16,32.8,31.16,32.8,,0.0,0.0,3,12,30,31.16,0.0,SAME,1.0
BNBL,2021-12-31,31.16,31.16,31.16,31.16,32.8,32.8,0.0,0.0,0.0,0.0,0.0,0.0,0.0,0.0,31.16,31.16,31.979999999999997,31.211254577657094,31.376779406329714,31.79408926630714,0.0,0.022360679774997824,0.01581138830084186,0.0,0.0,-1.639999999999997,-0.04999999999999991,-1.639999999999997,-0.04999999999999991,31.16,31.16,31.16,31.16,31.16,32.8,,,0.0,4,12,31,31.16,0.0,SAME,1.0
BNBL,2022-01-03,31.16,31.16,31.16,31.16,31.16,32.8,0.0,0.0,0.0,0.0,0.0,0.0,0.0,0.0,31.16,31.16,31.816000000000003,31.18562728882855,31.304519604219813,31.678800308796752,0.0,0.0,0.01581138830084186,0.0,0.0,0.0,0.0,-1.639999999999997,-0.04999999999999991,31.16,31.16,31.16,31.16,31.16,32.8,,,0.0,0,1,3,31.16,0.0,SAME,1.0
BNBL,2022-01-04,31.16,31.16,31.16,31.16,31.16,32.8,0.0,0.0,0.0,0.0,0.0,0.0,0.0,0.0,31.16,31.16,31.651999999999997,31.172813644414276,31.25634640281321,31.584472979924612,0.0,0.0,0.01581138830084186,0.0,0.0,0.0,0.0,-1.639999999999997,-0.04999999999999991,31.16,31.16,31.16,31.16,31.16,32.8,,,0.0,1,1,4,31.16,0.0,SAME,1.0
BNBL,2022-01-05,31.16,31.16,31.16,31.16,31.16,32.8,0.0,0.0,0.0,0.0,0.0,0.0,0.0,0.0,31.16,31.16,31.488,31.166406822207136,31.22423093520881,31.507296074483776,0.0,0.0,0.01581138830084186,0.0,0.0,0.0,0.0,-1.639999999999997,-0.04999999999999991,31.16,31.16,31.16,31.16,31.16,32.8,,,0.0,2,1,5,31.16,0.0,SAME,1.0
BNBL,2022-01-06,31.16,31.16,31.16,31.16,31.16,32.8,0.0,0.0,0.0,0.0,0.0,0.0,0.0,0.0,31.16,31.16,31.323999999999995,31.163203411103567,31.20282062347254,31.444151333668543,0.0,0.0,0.01581138830084186,0.0,0.0,0.0,0.0,-1.639999999999997,-0.04999999999999991,31.16,31.16,31.16,31.16,31.16,32.8,,,0.0,3,1,6,31.16,0.0,SAME,1.0
BNBL,2022-01-07,31.16,31.16,31.16,31.16,31.16,32.8,0.0,0.0,0.0,0.0,0.0,0.0,0.0,0.0,31.16,31.16,31.16,31.16160170555178,31.18854708231503,31.392487454819715,0.0,0.0,0.01581138830084186,0.0,0.0,0.0,0.0,-1.639999999999997,-0.04999999999999991,31.16,31.16,31.16,31.16,31.16,31.16,,,,4,1,7,31.16,0.0,SAME,1.0
BNBL,2022-01-10,31.16,31.16,31.16,31.16,31.16,31.16,0.0,0.0,0.0,0.0,0.0,0.0,0.0,0.0,31.16,31.16,31.16,31.160800852775893,31.17903138821002,31.350217008488855,0.0,0.0,0.0,0.0,0.0,0.0,0.0,0.0,0.0,31.16,31.16,31.16,31.16,31.16,31.16,,,,0,1,10,31.16,0.0,SAME,1.0
BNBL,2022-01-11,31.16,31.16,31.16,31.16,31.16,31.16,0.0,0.0,0.0,0.0,0.0,0.0,0.0,0.0,31.16,31.16,31.16,31.160400426387945,31.172687592140015,31.315632097854518,0.0,0.0,0.0,0.0,0.0,0.0,0.0,0.0,0.0,31.16,31.16,31.16,31.16,31.16,31.16,,,,1,1,11,31.16,0.0,SAME,1.0
BNBL,2022-01-12,31.16,31.16,31.16,31.16,31.16,31.16,0.0,0.0,0.0,0.0,0.0,0.0,0.0,0.0,31.16,31.16,31.16,31.160200213193974,31.168458394760012,31.28733535279006,0.0,0.0,0.0,0.0,0.0,0.0,0.0,0.0,0.0,31.16,31.16,31.16,31.16,31.16,31.16,,,,2,1,12,31.16,0.0,SAME,1.0
BNBL,2022-01-13,31.16,31.16,31.16,31.16,31.16,31.16,0.0,0.0,0.0,0.0,0.0,0.0,0.0,0.0,31.16,31.16,31.16,31.160100106596985,31.16563892984001,31.264183470464594,0.0,0.0,0.0,0.0,0.0,0.0,0.0,0.0,0.0,31.16,31.16,31.16,31.16,31.16,31.16,,,,3,1,13,31.16,0.0,SAME,1.0
BNBL,2022-01-14,31.16,31.16,31.16,31.16,31.16,31.16,0.0,0.0,0.0,0.0,0.0,0.0,0.0,0.0,31.16,31.16,31.16,31.16005005329849,31.16375928656001,31.24524102128921,0.0,0.0,0.0,0.0,0.0,0.0,0.0,0.0,0.0,31.16,31.16,31.16,31.16,31.16,31.16,,,,4,1,14,31.16,0.0,SAME,1.0
BNBL,2022-01-17,31.16,31.16,31.16,31.16,31.16,31.16,0.0,0.0,0.0,0.0,0.0,0.0,0.0,0.0,31.16,31.16,31.16,31.160025026649244,31.16250619104001,31.229742653782083,0.0,0.0,0.0,0.0,0.0,0.0,0.0,0.0,0.0,31.16,31.16,31.16,31.16,31.16,31.16,,,,0,1,17,31.16,0.0,SAME,1.0
BNBL,2022-01-18,31.16,31.16,31.16,31.16,31.16,31.16,0.0,0.0,0.0,0.0,0.0,0.0,0.0,0.0,31.16,31.16,31.16,31.160012513324624,31.161670794026676,31.217062171276247,0.0,0.0,0.0,0.0,0.0,0.0,0.0,0.0,0.0,31.16,31.16,31.16,31.16,31.16,31.16,,,,1,1,18,31.16,0.0,SAME,1.0
BNBL,2022-01-19,31.16,31.16,31.16,31.16,31.16,31.16,0.0,0.0,0.0,0.0,0.0,0.0,0.0,0.0,31.16,31.16,31.16,31.160006256662314,31.161113862684452,31.2066872310442,0.0,0.0,0.0,0.0,0.0,0.0,0.0,0.0,0.0,31.16,31.16,31.16,31.16,31.16,31.16,,,,2,1,19,31.16,0.0,SAME,1.0
BNBL,2022-01-20,31.16,31.16,31.16,31.16,31.16,31.16,0.0,0.0,0.0,0.0,0.0,0.0,0.0,0.0,31.16,31.16,31.16,31.160003128331155,31.16074257512297,31.19819864358162,0.0,0.0,0.0,0.0,0.0,0.0,0.0,0.0,0.0,31.16,31.16,31.16,31.16,31.16,31.16,,,,3,1,20,31.16,0.0,SAME,1.0
BNBL,2022-01-21,31.16,31.16,31.16,31.16,31.16,31.16,0.0,0.0,0.0,0.0,0.0,0.0,0.0,0.0,31.16,31.16,31.16,31.160001564165576,31.160495050081984,31.191253435657686,0.0,0.0,0.0,0.0,0.0,0.0,0.0,0.0,0.0,31.16,31.16,31.16,31.16,31.16,31.16,,,,4,1,21,31.16,0.0,SAME,1.0
BNBL,2022-01-24,31.16,31.16,31.16,31.16,31.16,31.16,0.0,0.0,0.0,0.0,0.0,0.0,0.0,0.0,31.16,31.16,31.16,31.16000078208279,31.160330033387993,31.18557099281083,0.0,0.0,0.0,0.0,0.0,0.0,0.0,0.0,0.0,31.16,31.16,31.16,31.16,31.16,31.16,,,,0,1,24,31.16,0.0,SAME,1.0
BNBL,2022-01-25,31.16,31.16,31.16,31.16,31.16,31.16,0.0,0.0,0.0,0.0,0.0,0.0,0.0,0.0,31.16,31.16,31.16,31.160000391041393,31.160220022258663,31.180921721390682,0.0,0.0,0.0,0.0,0.0,0.0,0.0,0.0,0.0,31.16,31.16,31.16,31.16,31.16,31.16,,,,1,1,25,31.16,0.0,SAME,1.0
BNBL,2022-01-26,31.16,31.16,31.16,31.16,31.16,31.16,0.0,0.0,0.0,0.0,0.0,0.0,0.0,0.0,31.16,31.16,31.16,31.160000195520695,31.16014668150578,31.17711777204692,0.0,0.0,0.0,0.0,0.0,0.0,0.0,0.0,0.0,31.16,31.16,31.16,31.16,31.16,31.16,,,,2,1,26,31.16,0.0,SAME,1.0
BNBL,2022-01-27,31.16,31.16,31.16,31.16,31.16,31.16,0.0,0.0,0.0,0.0,0.0,0.0,0.0,0.0,31.16,31.16,31.16,31.160000097760346,31.160097787670523,31.174005449856573,0.0,0.0,0.0,0.0,0.0,0.0,0.0,0.0,0.0,31.16,31.16,31.16,31.16,31.16,31.16,,,,3,1,27,31.16,0.0,SAME,1.0
BNBL,2022-01-28,31.16,31.16,31.16,31.16,31.16,31.16,0.0,0.0,0.0,0.0,0.0,0.0,0.0,0.0,31.16,31.16,31.16,31.16000004888017,31.16006519178035,31.1714590044281,0.0,0.0,0.0,0.0,0.0,0.0,0.0,0.0,0.0,31.16,31.16,31.16,31.16,31.16,31.16,,,,4,1,28,31.16,0.0,SAME,1.0
BNBL,2022-01-31,31.16,31.16,31.16,31.16,31.16,31.16,0.0,0.0,0.0,0.0,0.0,0.0,0.0,0.0,31.16,31.16,31.16,31.160000024440087,31.160043461186902,31.169375549077536,0.0,0.0,0.0,0.0,0.0,0.0,0.0,0.0,0.0,31.16,31.16,31.16,31.16,31.16,31.16,,,,0,1,31,31.16,0.0,SAME,1.0
BNBL,2022-02-01,31.16,31.16,31.16,31.16,31.16,31.16,0.0,0.0,0.0,0.0,0.0,0.0,0.0,0.0,31.16,31.16,31.16,31.160000012220046,31.160028974124604,31.167670903790707,0.0,0.0,0.0,0.0,0.0,0.0,0.0,0.0,0.0,31.16,31.16,31.16,31.16,31.16,31.16,,,,1,2,1,31.16,0.0,SAME,1.0
BNBL,2022-02-03,31.16,31.16,31.16,31.16,31.16,31.16,0.0,0.0,0.0,0.0,0.0,0.0,0.0,0.0,31.16,31.16,31.16,31.160000006110025,31.160019316083073,31.166276194010578,0.0,0.0,0.0,0.0,0.0,0.0,0.0,0.0,0.0,31.16,31.16,31.16,31.16,31.16,31.16,,,,3,2,3,31.16,0.0,SAME,1.0
BNBL,2022-02-04,31.16,31.16,31.16,31.16,31.16,31.16,0.0,0.0,0.0,0.0,0.0,0.0,0.0,0.0,31.16,31.16,31.16,31.16000000305501,31.160012877388716,31.16513506782684,0.0,0.0,0.0,0.0,0.0,0.0,0.0,0.0,0.0,31.16,31.16,31.16,31.16,31.16,31.16,,,,4,2,4,31.16,0.0,SAME,1.0
BNBL,2022-02-07,31.16,31.16,31.16,31.16,31.16,31.16,0.0,0.0,0.0,0.0,0.0,0.0,0.0,0.0,31.16,31.16,31.16,31.160000001527507,31.160008584925812,31.164201419131047,0.0,0.0,0.0,0.0,0.0,0.0,0.0,0.0,0.0,31.16,31.16,31.16,31.16,31.16,31.16,,,,0,2,7,31.16,0.0,SAME,1.0
BNBL,2022-02-08,31.16,31.16,31.16,31.16,31.16,31.16,0.0,0.0,0.0,0.0,0.0,0.0,0.0,0.0,31.16,31.16,31.16,31.160000000763752,31.160005723283877,31.163437524743586,0.0,0.0,0.0,0.0,0.0,0.0,0.0,0.0,0.0,31.16,31.16,31.16,31.16,31.16,31.16,,,,1,2,8,31.16,0.0,SAME,1.0
BNBL,2022-02-09,31.16,31.16,31.16,31.16,31.16,31.16,0.0,0.0,0.0,0.0,0.0,0.0,0.0,0.0,31.16,31.16,31.16,31.160000000381878,31.160003815522586,31.16281252024475,0.0,0.0,0.0,0.0,0.0,0.0,0.0,0.0,0.0,31.16,31.16,31.16,31.16,31.16,31.16,,,,2,2,9,31.16,0.0,SAME,1.0
BNBL,2022-02-10,31.16,31.16,31.16,31.16,31.16,31.16,0.0,0.0,0.0,0.0,0.0,0.0,0.0,0.0,31.16,31.16,31.16,31.16000000019094,31.160002543681728,31.16230115292752,0.0,0.0,0.0,0.0,0.0,0.0,0.0,0.0,0.0,31.16,31.16,31.16,31.16,31.16,31.16,,,,3,2,10,31.16,0.0,SAME,1.0
BNBL,2022-02-11,31.16,31.16,31.16,31.16,31.16,31.16,0.0,0.0,0.0,0.0,0.0,0.0,0.0,0.0,31.16,31.16,31.16,31.160000000095472,31.16000169578782,31.161882761486147,0.0,0.0,0.0,0.0,0.0,0.0,0.0,0.0,0.0,31.16,31.16,31.16,31.16,31.16,31.16,,,,4,2,11,31.16,0.0,SAME,1.0
BNBL,2022-02-14,31.16,31.16,31.16,31.16,31.16,31.16,0.0,0.0,0.0,0.0,0.0,0.0,0.0,0.0,31.16,31.16,31.16,31.160000000047738,31.160001130525217,31.16154044121594,0.0,0.0,0.0,0.0,0.0,0.0,0.0,0.0,0.0,31.16,31.16,31.16,31.16,31.16,31.16,,,,0,2,14,31.16,0.0,SAME,1.0
BNBL,2022-02-15,31.16,31.16,31.16,31.16,31.16,31.16,0.0,0.0,0.0,0.0,0.0,0.0,0.0,0.0,31.16,31.16,31.16,31.16000000002387,31.16000075368348,31.16126036099486,0.0,0.0,0.0,0.0,0.0,0.0,0.0,0.0,0.0,31.16,31.16,31.16,31.16,31.16,31.16,,,,1,2,15,31.16,0.0,SAME,1.0
BNBL,2022-02-16,31.16,31.16,31.16,31.16,31.16,31.16,0.0,0.0,0.0,0.0,0.0,0.0,0.0,0.0,31.16,31.16,31.16,31.160000000011934,31.160000502455656,31.16103120445034,0.0,0.0,0.0,0.0,0.0,0.0,0.0,0.0,0.0,31.16,31.16,31.16,31.16,31.16,31.16,,,,2,2,16,31.16,0.0,SAME,1.0
BNBL,2022-02-17,31.16,31.16,31.16,31.16,31.16,31.16,0.0,0.0,0.0,0.0,0.0,0.0,0.0,0.0,31.16,31.16,31.16,31.160000000005965,31.16000033497044,31.160843712732095,0.0,0.0,0.0,0.0,0.0,0.0,0.0,0.0,0.0,31.16,31.16,31.16,31.16,31.16,31.16,,,,3,2,17,31.16,0.0,SAME,1.0
BNBL,2022-02-18,31.16,31.16,31.16,31.16,31.16,31.16,0.0,0.0,0.0,0.0,0.0,0.0,0.0,0.0,31.16,31.16,31.16,31.16000000000298,31.16000022331363,31.160690310417166,0.0,0.0,0.0,0.0,0.0,0.0,0.0,0.0,0.0,31.16,31.16,31.16,31.16,31.16,31.16,,,,4,2,18,31.16,0.0,SAME,1.0
BNBL,2022-02-24,31.16,31.16,31.16,31.16,31.16,31.16,0.0,0.0,0.0,0.0,0.0,0.0,0.0,0.0,31.16,31.16,31.16,31.16000000000149,31.160000148875756,31.160564799432223,0.0,0.0,0.0,0.0,0.0,0.0,0.0,0.0,0.0,31.16,31.16,31.16,31.16,31.16,31.16,,,,3,2,24,31.16,0.0,SAME,1.0
BNBL,2022-02-25,31.16,31.16,31.16,31.16,31.16,31.16,0.0,0.0,0.0,0.0,0.0,0.0,0.0,0.0,31.16,31.16,31.16,31.160000000000743,31.160000099250507,31.160462108626362,0.0,0.0,0.0,0.0,0.0,0.0,0.0,0.0,0.0,31.16,31.16,31.16,31.16,31.16,31.16,,,,4,2,25,31.16,0.0,SAME,1.0
BNBL,2022-02-28,31.16,31.16,31.16,31.16,31.16,31.16,0.0,0.0,0.0,0.0,0.0,0.0,0.0,0.0,31.16,31.16,31.16,31.160000000000373,31.160000066167008,31.160378088876115,0.0,0.0,0.0,0.0,0.0,0.0,0.0,0.0,0.0,31.16,31.16,31.16,31.16,31.16,31.16,,,,0,2,28,31.16,0.0,SAME,1.0
BNBL,2022-03-01,31.16,31.16,31.16,31.16,31.16,31.16,0.0,0.0,0.0,0.0,0.0,0.0,0.0,0.0,31.16,31.16,31.16,31.16000000000019,31.160000044111342,31.16030934544409,0.0,0.0,0.0,0.0,0.0,0.0,0.0,0.0,0.0,31.16,31.16,31.16,31.16,31.16,31.16,,,,1,3,1,31.16,0.0,SAME,1.0
BNBL,2022-03-02,31.16,31.16,31.16,31.16,31.16,31.16,0.0,0.0,0.0,0.0,0.0,0.0,0.0,0.0,31.16,31.16,31.16,31.160000000000096,31.160000029407563,31.16025310081789,0.0,0.0,0.0,0.0,0.0,0.0,0.0,0.0,0.0,31.16,31.16,31.16,31.16,31.16,31.16,,,,2,3,2,31.16,0.0,SAME,1.0
BNBL,2022-03-07,31.16,31.16,31.16,31.16,31.16,31.16,0.0,0.0,0.0,0.0,0.0,0.0,0.0,0.0,31.16,31.16,31.16,31.160000000000046,31.160000019605043,31.16020708248736,0.0,0.0,0.0,0.0,0.0,0.0,0.0,0.0,0.0,31.16,31.16,31.16,31.16,31.16,31.16,,,,0,3,7,31.16,0.0,SAME,1.0
BNBL,2022-03-08,31.16,31.16,31.16,31.16,31.16,31.16,0.0,0.0,0.0,0.0,0.0,0.0,0.0,0.0,31.16,31.16,31.16,31.160000000000025,31.160000013070032,31.160169431126022,0.0,0.0,0.0,0.0,0.0,0.0,0.0,0.0,0.0,31.16,31.16,31.16,31.16,31.16,31.16,,,,1,3,8,31.16,0.0,SAME,1.0
BNBL,2022-03-09,31.16,31.16,31.16,31.16,31.16,31.16,0.0,0.0,0.0,0.0,0.0,0.0,0.0,0.0,31.16,31.16,31.16,31.16000000000001,31.160000008713357,31.160138625466743,0.0,0.0,0.0,0.0,0.0,0.0,0.0,0.0,0.0,31.16,31.16,31.16,31.16,31.16,31.16,,,,2,3,9,31.16,0.0,SAME,1.0
BNBL,2022-03-10,31.16,31.16,31.16,31.16,31.16,31.16,0.0,0.0,0.0,0.0,0.0,0.0,0.0,0.0,31.16,31.16,31.16,31.160000000000004,31.160000005808907,31.160113420836424,0.0,0.0,0.0,0.0,0.0,0.0,0.0,0.0,0.0,31.16,31.16,31.16,31.16,31.16,31.16,,,,3,3,10,31.16,0.0,SAME,1.0
BNBL,2022-03-11,31.16,31.16,31.16,31.16,31.16,31.16,0.0,0.0,0.0,0.0,0.0,0.0,0.0,0.0,31.16,31.16,31.16,31.160000000000004,31.160000003872607,31.160092798866167,0.0,0.0,0.0,0.0,0.0,0.0,0.0,0.0,0.0,31.16,31.16,31.16,31.16,31.16,31.16,,,,4,3,11,31.16,0.0,SAME,1.0
BNBL,2022-03-14,31.16,31.16,31.16,31.16,31.16,31.16,0.0,0.0,0.0,0.0,0.0,0.0,0.0,0.0,31.16,31.16,31.16,31.160000000000004,31.16000000258174,31.160075926345044,0.0,0.0,0.0,0.0,0.0,0.0,0.0,0.0,0.0,31.16,31.16,31.16,31.16,31.16,31.16,,,,0,3,14,31.16,0.0,SAME,1.0
BNBL,2022-03-15,31.16,31.16,31.16,31.16,31.16,31.16,0.0,0.0,0.0,0.0,0.0,0.0,0.0,0.0,31.16,31.16,31.16,31.160000000000004,31.160000001721162,31.160062121555036,0.0,0.0,0.0,0.0,0.0,0.0,0.0,0.0,0.0,31.16,31.16,31.16,31.16,31.16,31.16,,,,1,3,15,31.16,0.0,SAME,1.0
BNBL,2022-03-16,31.16,31.16,31.16,31.16,31.16,31.16,0.0,0.0,0.0,0.0,0.0,0.0,0.0,0.0,31.16,31.16,31.16,31.160000000000004,31.160000001147445,31.160050826726845,0.0,0.0,0.0,0.0,0.0,0.0,0.0,0.0,0.0,31.16,31.16,31.16,31.16,31.16,31.16,,,,2,3,16,31.16,0.0,SAME,1.0
BNBL,2022-03-17,31.16,31.16,31.16,31.16,31.16,31.16,0.0,0.0,0.0,0.0,0.0,0.0,0.0,0.0,31.16,31.16,31.16,31.160000000000004,31.160000000764967,31.160041585503784,0.0,0.0,0.0,0.0,0.0,0.0,0.0,0.0,0.0,31.16,31.16,31.16,31.16,31.16,31.16,,,,3,3,17,31.16,0.0,SAME,1.0
BNBL,2022-03-18,31.16,31.16,31.16,31.16,31.16,31.16,0.0,0.0,0.0,0.0,0.0,0.0,0.0,0.0,31.16,31.16,31.16,31.160000000000004,31.16000000050998,31.160034024503098,0.0,0.0,0.0,0.0,0.0,0.0,0.0,0.0,0.0,31.16,31.16,31.16,31.16,31.16,31.16,,,,4,3,18,31.16,0.0,SAME,1.0
BNBL,2022-03-21,31.16,31.16,31.16,31.16,31.16,31.16,0.0,0.0,0.0,0.0,0.0,0.0,0.0,0.0,31.16,31.16,31.16,31.160000000000004,31.16000000033999,31.16002783822981,0.0,0.0,0.0,0.0,0.0,0.0,0.0,0.0,0.0,31.16,31.16,31.16,31.16,31.16,31.16,,,,0,3,21,31.16,0.0,SAME,1.0
BNBL,2022-03-22,31.16,31.16,31.16,31.16,31.16,31.16,0.0,0.0,0.0,0.0,0.0,0.0,0.0,0.0,31.16,31.16,31.16,31.160000000000004,31.160000000226663,31.160022776733477,0.0,0.0,0.0,0.0,0.0,0.0,0.0,0.0,0.0,31.16,31.16,31.16,31.16,31.16,31.16,,,,1,3,22,31.16,0.0,SAME,1.0
BNBL,2022-03-23,31.16,31.16,31.16,31.16,31.16,31.16,0.0,0.0,0.0,0.0,0.0,0.0,0.0,0.0,31.16,31.16,31.16,31.160000000000004,31.16000000015111,31.16001863550921,0.0,0.0,0.0,0.0,0.0,0.0,0.0,0.0,0.0,31.16,31.16,31.16,31.16,31.16,31.16,,,,2,3,23,31.16,0.0,SAME,1.0
BNBL,2022-03-24,31.16,31.16,31.16,31.16,31.16,31.16,0.0,0.0,0.0,0.0,0.0,0.0,0.0,0.0,31.16,31.16,31.16,31.160000000000004,31.160000000100744,31.16001524723481,0.0,0.0,0.0,0.0,0.0,0.0,0.0,0.0,0.0,31.16,31.16,31.16,31.16,31.16,31.16,,,,3,3,24,31.16,0.0,SAME,1.0
BNBL,2022-03-25,31.16,31.16,31.16,31.16,31.16,31.16,0.0,0.0,0.0,0.0,0.0,0.0,0.0,0.0,31.16,31.16,31.16,31.160000000000004,31.160000000067164,31.160012475010298,0.0,0.0,0.0,0.0,0.0,0.0,0.0,0.0,0.0,31.16,31.16,31.16,31.16,31.16,31.16,,,,4,3,25,31.16,0.0,SAME,1.0
BNBL,2022-03-28,31.16,31.16,31.16,31.16,31.16,31.16,0.0,0.0,0.0,0.0,0.0,0.0,0.0,0.0,31.16,31.16,31.16,31.160000000000004,31.16000000004478,31.160010206826605,0.0,0.0,0.0,0.0,0.0,0.0,0.0,0.0,0.0,31.16,31.16,31.16,31.16,31.16,31.16,,,,0,3,28,30.0,-1.1600000000000001,DOWN,0.0
BNBL,2022-03-29,30.0,31.16,31.16,31.16,31.16,31.16,-1.1600000000000001,-1.1600000000000001,-1.1600000000000001,-0.03722721437740695,-0.03722721437740695,-0.03722721437740695,-0.03793783934039215,-0.03793783934039215,30.77333333333333,30.928000000000004,31.044,30.580000000000002,30.773333333363187,30.949099260130858,0.021493142241975884,0.016648516392167835,0.01177227883759729,-1.1600000000000001,-0.037227214377406934,-1.1600000000000001,-0.037227214377406934,-1.1600000000000001,-0.037227214377406934,30.0,31.16,30.0,31.16,30.0,31.16,0.0,0.0,0.0,1,3,29,30.0,0.0,SAME,1.0
BNBL,2022-03-30,30.0,30.0,31.16,31.16,31.16,31.16,0.0,-1.1600000000000001,-1.1600000000000001,0.0,-0.03722721437740695,-0.03722721437740695,0.0,-0.03793783934039215,30.386666666666667,30.695999999999998,30.927999999999997,30.29,30.51555555557546,30.77653575828888,0.021493142241975884,0.016648516392167835,0.01177227883759729,-1.1600000000000001,-0.037227214377406934,-1.1600000000000001,-0.037227214377406934,-1.1600000000000001,-0.037227214377406934,30.0,31.16,30.0,31.16,30.0,31.16,0.0,0.0,0.0,2,3,30,30.0,0.0,SAME,1.0
BNBL,2022-03-31,30.0,30.0,30.0,31.16,31.16,31.16,0.0,0.0,-1.1600000000000001,0.0,0.0,-0.03722721437740695,0.0,0.0,30.0,30.464,30.812,30.145,30.343703703716976,30.635347438599993,0.021493142241975884,0.016648516392167835,0.01177227883759729,-1.1600000000000001,-0.037227214377406934,-1.1600000000000001,-0.037227214377406934,-1.1600000000000001,-0.037227214377406934,30.0,30.0,30.0,31.16,30.0,31.16,,0.0,0.0,3,3,31,30.0,0.0,SAME,1.0
BNBL,2022-04-01,30.0,30.0,30.0,30.0,31.16,31.16,0.0,0.0,0.0,0.0,0.0,0.0,0.0,0.0,30.0,30.232,30.695999999999998,30.072499999999998,30.229135802477987,30.519829722490904,0.0,0.016648516392167835,0.01177227883759729,0.0,0.0,-1.1600000000000001,-0.037227214377406934,-1.1600000000000001,-0.037227214377406934,30.0,30.0,30.0,31.16,30.0,31.16,,0.0,0.0,4,4,1,30.0,0.0,SAME,1.0
BNBL,2022-04-04,30.0,30.0,30.0,30.0,31.16,31.16,0.0,0.0,0.0,0.0,0.0,0.0,0.0,0.0,30.0,30.0,30.580000000000002,30.03625,30.152757201651994,30.425315227492554,0.0,0.016648516392167835,0.01177227883759729,0.0,0.0,-1.1600000000000001,-0.037227214377406934,-1.1600000000000001,-0.037227214377406934,30.0,30.0,30.0,30.0,30.0,31.16,,,0.0,0,4,4,30.0,0.0,SAME,1.0
BNBL,2022-04-05,30.0,30.0,30.0,30.0,30.0,31.16,0.0,0.0,0.0,0.0,0.0,0.0,0.0,0.0,30.0,30.0,30.464,30.018124999999998,30.101838134434665,30.347985186130273,0.0,0.0,0.01177227883759729,0.0,0.0,0.0,0.0,-1.1600000000000001,-0.037227214377406934,30.0,30.0,30.0,30.0,30.0,31.16,,,0.0,1,4,5,30.0,0.0,SAME,1.0
BNBL,2022-04-06,30.0,30.0,30.0,30.0,30.0,31.16,0.0,0.0,0.0,0.0,0.0,0.0,0.0,0.0,30.0,30.0,30.348000000000003,30.0090625,30.06789208962311,30.284715152288406,0.0,0.0,0.01177227883759729,0.0,0.0,0.0,0.0,-1.1600000000000001,-0.037227214377406934,30.0,30.0,30.0,30.0,30.0,31.16,,,0.0,2,4,6,31.5,1.5,UP,2.0
BNBL,2022-04-07,31.5,30.0,30.0,30.0,30.0,31.16,1.5,1.5,1.5,0.050000000000000044,0.050000000000000044,0.050000000000000044,0.04879016416943205,0.04879016416943205,30.5,30.3,30.381999999999998,30.75453125,30.545261393082075,30.505676033690513,0.028867513459481395,0.022360679774997876,0.02073523861836641,1.5,0.05,1.5,0.05,0.33999999999999986,0.010911424903722718,30.0,31.5,30.0,31.5,30.0,31.5,1.0,1.0,1.0,3,4,7,31.5,0.0,SAME,1.0
BNBL,2022-04-08,31.5,31.5,30.0,30.0,30.0,31.16,0.0,1.5,1.5,0.0,0.050000000000000044,0.050000000000000044,0.0,0.04879016416943205,31.0,30.6,30.415999999999997,31.127265625,30.863507595388054,30.686462209383144,0.028867513459481395,0.022360679774997876,0.02073523861836641,1.5,0.05,1.5,0.05,0.33999999999999986,0.010911424903722718,30.0,31.5,30.0,31.5,30.0,31.5,1.0,1.0,1.0,4,4,8,31.5,0.0,SAME,1.0
BNBL,2022-04-11,31.5,31.5,31.5,30.0,30.0,31.16,0.0,0.0,1.5,0.0,0.0,0.050000000000000044,0.0,0.0,31.5,30.9,30.45,31.3136328125,31.075671730258705,30.834378171313478,0.028867513459481395,0.022360679774997876,0.02073523861836641,1.5,0.05,1.5,0.05,0.33999999999999986,0.010911424903722718,31.5,31.5,30.0,31.5,30.0,31.5,,1.0,1.0,0,4,11,33.0,1.5,UP,2.0
BNBL,2022-04-12,33.0,31.5,31.5,31.5,30.0,30.0,1.5,1.5,1.5,0.04761904761904767,0.04761904761904767,0.04761904761904767,0.04652001563489291,0.04652001563489291,32.0,31.5,30.75,32.15681640625,31.71711448683914,31.228127594711026,0.027492869961410864,0.02674732699044498,0.020587552469986812,1.5,0.047619047619047616,3.0,0.1,3.0,0.1,31.5,33.0,30.0,33.0,30.0,33.0,1.0,1.0,1.0,1,4,12,33.0,0.0,SAME,1.0
BNBL,2022-04-13,33.0,33.0,31.5,31.5,30.0,30.0,0.0,1.5,1.5,0.0,0.04761904761904767,0.04761904761904767,0.0,0.04652001563489291,32.5,32.1,31.05,32.578408203125,32.144742991226096,31.550286213854474,0.027492869961410864,0.02674732699044498,0.020587552469986812,1.5,0.047619047619047616,3.0,0.1,3.0,0.1,31.5,33.0,31.5,33.0,30.0,33.0,1.0,1.0,1.0,2,4,13,33.0,0.0,SAME,1.0
BNBL,2022-04-14,33.0,33.0,33.0,31.5,31.5,30.0,0.0,0.0,1.5,0.0,0.0,0.04761904761904767,0.0,0.0,33.0,32.4,31.35,32.789204101562504,32.4298286608174,31.813870538608203,0.027492869961410864,0.021295885499997978,0.020587552469986812,1.5,0.047619047619047616,1.5,0.047619047619047616,3.0,0.1,33.0,33.0,31.5,33.0,30.0,33.0,,1.0,1.0,3,4,14,33.0,0.0,SAME,1.0
BNBL,2022-04-15,33.0,33.0,33.0,33.0,31.5,30.0,0.0,0.0,0.0,0.0,0.0,0.0,0.0,0.0,33.0,32.7,31.65,32.89460205078125,32.619885773878266,32.02953044067944,0.0,0.021295885499997978,0.020587552469986812,0.0,0.0,1.5,0.047619047619047616,3.0,0.1,33.0,33.0,31.5,33.0,30.0,33.0,,1.0,1.0,4,4,15,33.0,0.0,SAME,1.0
BNBL,2022-04-18,33.0,33.0,33.0,33.0,31.5,30.0,0.0,0.0,0.0,0.0,0.0,0.0,0.0,0.0,33.0,33.0,31.95,32.94730102539063,32.74659051591885,32.20597945146499,0.0,0.021295885499997978,0.020587552469986812,0.0,0.0,1.5,0.047619047619047616,3.0,0.1,33.0,33.0,33.0,33.0,30.0,33.0,,,1.0,0,4,18,34.65,1.6499999999999986,UP,2.0
BNBL,2022-04-19,34.65,33.0,33.0,33.0,33.0,30.0,1.6499999999999986,1.6499999999999986,1.6499999999999986,0.050000000000000044,0.050000000000000044,0.050000000000000044,0.04879016416943205,0.04879016416943205,33.550000000000004,33.33,32.415,33.79865051269532,33.3810603439459,32.6503468239259,0.028867513459481395,0.022360679774997876,0.023777756585490816,1.6499999999999986,0.049999999999999954,1.6499999999999986,0.049999999999999954,4.649999999999999,0.15499999999999994,33.0,34.65,33.0,34.65,30.0,34.65,1.0,1.0,1.0,1,4,19,34.65,0.0,SAME,1.0
BNBL,2022-04-20,34.65,34.65,33.0,33.0,33.0,30.0,0.0,1.6499999999999986,1.6499999999999986,0.0,0.050000000000000044,0.050000000000000044,0.0,0.04879016416943205,34.1,33.660000000000004,32.88,34.224325256347655,33.804040229297264,33.01392012866664,0.028867513459481395,0.022360679774997876,0.023777756585490816,1.6499999999999986,0.049999999999999954,1.6499999999999986,0.049999999999999954,4.649999999999999,0.15499999999999994,33.0,34.65,33.0,34.65,31.5,34.65,1.0,1.0,1.0,2,4,20,34.65,0.0,SAME,1.0
BNBL,2022-04-21,34.65,34.65,34.65,33.0,33.0,31.5,0.0,0.0,1.6499999999999986,0.0,0.0,0.050000000000000044,0.0,0.0,34.65,33.989999999999995,33.195,34.43716262817382,34.08602681953151,33.31138919618179,0.028867513459481395,0.022360679774997876,0.020587552469986812,1.6499999999999986,0.049999999999999954,1.6499999999999986,0.049999999999999954,3.1499999999999986,0.09999999999999995,34.65,34.65,33.0,34.65,31.5,34.65,,1.0,1.0,3,4,21,34.65,0.0,SAME,1.0
BNBL,2022-04-22,34.65,34.65,34.65,34.65,33.0,31.5,0.0,0.0,0.0,0.0,0.0,0.0,0.0,0.0,34.65,34.32,33.510000000000005,34.54358131408691,34.274017879687676,33.55477297869419,0.0,0.022360679774997876,0.020587552469986812,0.0,0.0,1.6499999999999986,0.049999999999999954,3.1499999999999986,0.09999999999999995,34.65,34.65,33.0,34.65,31.5,34.65,,1.0,1.0,4,4,22,34.65,0.0,SAME,1.0
BNBL,2022-04-25,34.65,34.65,34.65,34.65,33.0,31.5,0.0,0.0,0.0,0.0,0.0,0.0,0.0,0.0,34.65,34.65,33.825,34.59679065704346,34.39934525312512,33.753905164386154,0.0,0.022360679774997876,0.020587552469986812,0.0,0.0,1.6499999999999986,0.049999999999999954,3.1499999999999986,0.09999999999999995,34.65,34.65,34.65,34.65,33.0,34.65,,,1.0,0,4,25,34.65,0.0,SAME,1.0
BNBL,2022-04-26,34.65,34.65,34.65,34.65,34.65,33.0,0.0,0.0,0.0,0.0,0.0,0.0,0.0,0.0,34.65,34.65,33.989999999999995,34.623395328521724,34.482896835416746,33.91683149813412,0.0,0.0,0.015811388300841903,0.0,0.0,0.0,0.0,1.6499999999999986,0.049999999999999954,34.65,34.65,34.65,34.65,33.0,34.65,,,1.0,1,4,26,34.65,0.0,SAME,1.0
BNBL,2022-04-27,34.65,34.65,34.65,34.65,34.65,33.0,0.0,0.0,0.0,0.0,0.0,0.0,0.0,0.0,34.65,34.65,34.155,34.636697664260865,34.538597890277835,34.050134862109736,0.0,0.0,0.0158113883008419,0.0,0.0,0.0,0.0,1.6499999999999986,0.049999999999999954,34.65,34.65,34.65,34.65,33.0,34.65,,,1.0,2,4,27,34.65,0.0,SAME,1.0
BNBL,2022-04-28,34.65,34.65,34.65,34.65,34.65,33.0,0.0,0.0,0.0,0.0,0.0,0.0,0.0,0.0,34.65,34.65,34.32,34.64334883213043,34.575731926851894,34.159201250817055,0.0,0.0,0.0158113883008419,0.0,0.0,0.0,0.0,1.6499999999999986,0.049999999999999954,34.65,34.65,34.65,34.65,33.0,34.65,,,1.0,3,4,28,34.65,0.0,SAME,1.0
BNBL,2022-04-29,34.65,34.65,34.65,34.65,34.65,33.0,0.0,0.0,0.0,0.0,0.0,0.0,0.0,0.0,34.65,34.65,34.485,34.64667441606521,34.6004879512346,34.24843738703213,0.0,0.0,0.0158113883008419,0.0,0.0,0.0,0.0,1.6499999999999986,0.049999999999999954,34.65,34.65,34.65,34.65,33.0,34.65,,,1.0,4,4,29,33.0,-1.6499999999999986,DOWN,0.0
BNBL,2022-05-03,33.0,34.65,34.65,34.65,34.65,33.0,-1.6499999999999986,-1.6499999999999986,-1.6499999999999986,-0.04761904761904756,-0.04761904761904756,-0.04761904761904756,-0.048790164169431945,-0.048790164169431945,34.099999999999994,34.32,34.485,33.823337208032605,34.066991967489734,34.02144877120811,0.02749286996141077,0.02129588549999793,0.02301450461175658,-1.6499999999999986,-0.04761904761904758,-1.6499999999999986,-0.04761904761904758,0.0,0.0,33.0,34.65,33.0,34.65,33.0,34.65,0.0,0.0,0.0,1,5,3,33.0,0.0,SAME,1.0
BNBL,2022-05-04,33.0,33.0,34.65,34.65,34.65,34.65,0.0,-1.6499999999999986,-1.6499999999999986,0.0,-0.04761904761904756,-0.04761904761904756,0.0,-0.048790164169431945,33.550000000000004,33.989999999999995,34.32000000000001,33.4116686040163,33.711327978326494,33.83573081280663,0.02749286996141077,0.02129588549999793,0.015058465048420825,-1.6499999999999986,-0.04761904761904758,-1.6499999999999986,-0.04761904761904758,-1.6499999999999986,-0.04761904761904758,33.0,34.65,33.0,34.65,33.0,34.65,0.0,0.0,0.0,2,5,4,33.0,0.0,SAME,1.0
BNBL,2022-05-05,33.0,33.0,33.0,34.65,34.65,34.65,0.0,0.0,-1.6499999999999986,0.0,0.0,-0.04761904761904756,0.0,0.0,33.0,33.660000000000004,34.154999999999994,33.20583430200815,33.474218652217665,33.6837797559327,0.02749286996141077,0.02129588549999793,0.015058465048420825,-1.6499999999999986,-0.04761904761904758,-1.6499999999999986,-0.04761904761904758,-1.6499999999999986,-0.04761904761904758,33.0,33.0,33.0,34.65,33.0,34.65,,0.0,0.0,3,5,5,33.0,0.0,SAME,1.0
BNBL,2022-05-06,33.0,33.0,33.0,33.0,34.65,34.65,0.0,0.0,0.0,0.0,0.0,0.0,0.0,0.0,33.0,33.33,33.989999999999995,33.10291715100408,33.31614576814511,33.55945616394493,0.0,0.02129588549999793,0.015058465048420825,0.0,0.0,-1.6499999999999986,-0.04761904761904758,-1.6499999999999986,-0.04761904761904758,33.0,33.0,33.0,34.65,33.0,34.65,,0.0,0.0,4,5,6,33.0,0.0,SAME,1.0
BNBL,2022-05-09,33.0,33.0,33.0,33.0,34.65,34.65,0.0,0.0,0.0,0.0,0.0,0.0,0.0,0.0,33.0,33.0,33.825,33.05145857550204,33.21076384543008,33.45773686140949,0.0,0.02129588549999793,0.015058465048420825,0.0,0.0,-1.6499999999999986,-0.04761904761904758,-1.6499999999999986,-0.04761904761904758,33.0,33.0,33.0,33.0,33.0,34.65,,,0.0,0,5,9,33.0,0.0,SAME,1.0
BNBL,2022-05-10,33.0,33.0,33.0,33.0,33.0,34.65,0.0,0.0,0.0,0.0,0.0,0.0,0.0,0.0,33.0,33.0,33.660000000000004,33.02572928775102,33.140509230286725,33.374511977516846,0.0,0.0,0.015058465048420825,0.0,0.0,0.0,0.0,-1.6499999999999986,-0.04761904761904758,33.0,33.0,33.0,33.0,33.0,34.65,,,0.0,1,5,10,33.0,0.0,SAME,1.0
BNBL,2022-05-12,33.0,33.0,33.0,33.0,33.0,34.65,0.0,0.0,0.0,0.0,0.0,0.0,0.0,0.0,33.0,33.0,33.495000000000005,33.01286464387551,33.09367282019115,33.306418890695596,0.0,0.0,0.015058465048420825,0.0,0.0,0.0,0.0,-1.6499999999999986,-0.04761904761904758,33.0,33.0,33.0,33.0,33.0,34.65,,,0.0,3,5,12,33.0,0.0,SAME,1.0
BNBL,2022-05-13,33.0,33.0,33.0,33.0,33.0,34.65,0.0,0.0,0.0,0.0,0.0,0.0,0.0,0.0,33.0,33.0,33.33,33.00643232193775,33.0624485467941,33.25070636511458,0.0,0.0,0.015058465048420825,0.0,0.0,0.0,0.0,-1.6499999999999986,-0.04761904761904758,33.0,33.0,33.0,33.0,33.0,34.65,,,0.0,4,5,13,33.0,0.0,SAME,1.0
BNBL,2022-05-16,33.0,33.0,33.0,33.0,33.0,34.65,0.0,0.0,0.0,0.0,0.0,0.0,0.0,0.0,33.0,33.0,33.165,33.003216160968876,33.041632364529406,33.2051233896392,0.0,0.0,0.015058465048420825,0.0,0.0,0.0,0.0,-1.6499999999999986,-0.04761904761904758,33.0,33.0,33.0,33.0,33.0,34.65,,,0.0,0,5,16,33.0,0.0,SAME,1.0
BNBL,2022-05-17,33.0,33.0,33.0,33.0,33.0,34.65,0.0,0.0,0.0,0.0,0.0,0.0,0.0,0.0,33.0,33.0,33.0,33.00160808048444,33.02775490968627,33.167828227886616,0.0,0.0,0.015058465048420825,0.0,0.0,0.0,0.0,-1.6499999999999986,-0.04761904761904758,33.0,33.0,33.0,33.0,33.0,33.0,,,,1,5,17,33.0,0.0,SAME,1.0
BNBL,2022-05-18,33.0,33.0,33.0,33.0,33.0,33.0,0.0,0.0,0.0,0.0,0.0,0.0,0.0,0.0,33.0,33.0,33.0,33.000804040242215,33.01850327312418,33.137314004634504,0.0,0.0,0.0,0.0,0.0,0.0,0.0,0.0,0.0,33.0,33.0,33.0,33.0,33.0,33.0,,,,2,5,18,32.8,-0.20000000000000284,DOWN,0.0
BNBL,2022-05-19,32.8,33.0,33.0,33.0,33.0,33.0,-0.20000000000000284,-0.20000000000000284,-0.20000000000000284,-0.0060606060606061,-0.0060606060606061,-0.0060606060606061,-0.006079046076382226,-0.006079046076382226,32.93333333333333,32.96,32.980000000000004,32.900402020121106,32.945668848749456,33.07598418561005,0.003499092540543735,0.0027103854272721496,0.0019165319152534997,-0.20000000000000284,-0.0060606060606061465,-0.20000000000000284,-0.0060606060606061465,-0.20000000000000284,-0.0060606060606061465,32.8,33.0,32.8,33.0,32.8,33.0,0.0,0.0,0.0,3,5,19,32.8,0.0,SAME,1.0
BNBL,2022-05-20,32.8,32.8,33.0,33.0,33.0,33.0,0.0,-0.20000000000000284,-0.20000000000000284,0.0,-0.0060606060606061,-0.0060606060606061,0.0,-0.006079046076382226,32.86666666666667,32.92,32.959999999999994,32.85020101006055,32.89711256583297,33.02580524277185,0.003499092540543735,0.0027103854272721496,0.0019165319152534997,-0.20000000000000284,-0.0060606060606061465,-0.20000000000000284,-0.0060606060606061465,-0.20000000000000284,-0.0060606060606061465,32.8,33.0,32.8,33.0,32.8,33.0,0.0,0.0,0.0,4,5,20,32.8,0.0,SAME,1.0
BNBL,2022-05-23,32.8,32.8,32.8,33.0,33.0,33.0,0.0,0.0,-0.20000000000000284,0.0,0.0,-0.0060606060606061,0.0,0.0,32.8,32.879999999999995,32.940000000000005,32.82510050503028,32.864741710555315,32.98474974408606,0.003499092540543735,0.0027103854272721496,0.0019165319152534997,-0.20000000000000284,-0.0060606060606061465,-0.20000000000000284,-0.0060606060606061465,-0.20000000000000284,-0.0060606060606061465,32.8,32.8,32.8,33.0,32.8,33.0,,0.0,0.0,0,5,23,33.0,0.20000000000000284,UP,2.0
BNBL,2022-05-24,33.0,32.8,32.8,32.8,33.0,33.0,0.20000000000000284,0.20000000000000284,0.20000000000000284,0.0060975609756097615,0.0060975609756097615,0.0060975609756097615,0.0060790460763821925,0.0060790460763821925,32.86666666666667,32.879999999999995,32.94,32.91255025251514,32.909827807036876,32.98752251788859,0.0035204284706690076,0.004298573092898925,0.002865718042782405,0.20000000000000284,0.006097560975609843,0.0,0.0,0.0,0.0,32.8,33.0,32.8,33.0,32.8,33.0,1.0,1.0,1.0,1,5,24,33.0,0.0,SAME,1.0
BNBL,2022-05-25,33.0,33.0,32.8,32.8,33.0,33.0,0.0,0.20000000000000284,0.20000000000000284,0.0,0.0060975609756097615,0.0060975609756097615,0.0,0.0060790460763821925,32.93333333333333,32.879999999999995,32.94,32.956275126257566,32.93988520469125,32.98979115099976,0.0035204284706690076,0.004298573092898925,0.002865718042782405,0.20000000000000284,0.006097560975609843,0.0,0.0,0.0,0.0,32.8,33.0,32.8,33.0,32.8,33.0,1.0,1.0,1.0,2,5,25,33.0,0.0,SAME,1.0
BNBL,2022-05-26,33.0,33.0,33.0,32.8,32.8,33.0,0.0,0.0,0.20000000000000284,0.0,0.0,0.0060975609756097615,0.0,0.0,33.0,32.919999999999995,32.94,32.97813756312878,32.95992346979417,32.991647305363436,0.0035204284706690076,0.0027269121676823348,0.002865718042782405,0.20000000000000284,0.006097560975609843,0.20000000000000284,0.006097560975609843,0.0,0.0,33.0,33.0,32.8,33.0,32.8,33.0,,1.0,1.0,3,5,26,33.0,0.0,SAME,1.0
BNBL,2022-05-27,33.0,33.0,33.0,33.0,32.8,33.0,0.0,0.0,0.0,0.0,0.0,0.0,0.0,0.0,33.0,32.96,32.94,32.98906878156439,32.973282313196115,32.99316597711554,0.0,0.0027269121676823348,0.002865718042782405,0.0,0.0,0.20000000000000284,0.006097560975609843,0.0,0.0,33.0,33.0,32.8,33.0,32.8,33.0,,1.0,1.0,4,5,27,33.0,0.0,SAME,1.0
BNBL,2022-05-30,33.0,33.0,33.0,33.0,32.8,33.0,0.0,0.0,0.0,0.0,0.0,0.0,0.0,0.0,33.0,33.0,32.94,32.99453439078219,32.98218820879741,32.99440852673089,0.0,0.0027269121676823348,0.002865718042782405,0.0,0.0,0.20000000000000284,0.006097560975609843,0.0,0.0,33.0,33.0,33.0,33.0,32.8,33.0,,,1.0,0,5,30,33.0,0.0,SAME,1.0
BNBL,2022-05-31,33.0,33.0,33.0,33.0,33.0,33.0,0.0,0.0,0.0,0.0,0.0,0.0,0.0,0.0,33.0,33.0,32.94,32.997267195391096,32.98812547253161,32.99542515823437,0.0,0.0,0.002865718042782405,0.0,0.0,0.0,0.0,0.0,0.0,33.0,33.0,33.0,33.0,32.8,33.0,,,1.0,1,5,31,33.0,0.0,SAME,1.0
BNBL,2022-06-01,33.0,33.0,33.0,33.0,33.0,33.0,0.0,0.0,0.0,0.0,0.0,0.0,0.0,0.0,33.0,33.0,32.94,32.998633597695544,32.99208364835441,32.9962569476463,0.0,0.0,0.002865718042782405,0.0,0.0,0.0,0.0,0.0,0.0,33.0,33.0,33.0,33.0,32.8,33.0,,,1.0,2,6,1,33.0,0.0,SAME,1.0
BNBL,2022-06-02,33.0,33.0,33.0,33.0,33.0,32.8,0.0,0.0,0.0,0.0,0.0,0.0,0.0,0.0,33.0,33.0,32.96,32.99931679884777,32.99472243223627,32.9969375026197,0.0,0.0,0.0019282180854684513,0.0,0.0,0.0,0.0,0.20000000000000284,0.006097560975609843,33.0,33.0,33.0,33.0,32.8,33.0,,,1.0,3,6,2,33.0,0.0,SAME,1.0
BNBL,2022-06-03,33.0,33.0,33.0,33.0,33.0,32.8,0.0,0.0,0.0,0.0,0.0,0.0,0.0,0.0,33.0,33.0,32.980000000000004,32.999658399423886,32.99648162149085,32.99749432032521,0.0,0.0,0.0019282180854684513,0.0,0.0,0.0,0.0,0.20000000000000284,0.006097560975609843,33.0,33.0,33.0,33.0,32.8,33.0,,,1.0,4,6,3,32.0,-1.0,DOWN,0.0
BNBL,2022-06-06,32.0,33.0,33.0,33.0,33.0,32.8,-1.0,-1.0,-1.0,-0.030303030303030276,-0.030303030303030276,-0.030303030303030276,-0.03077165866675366,-0.03077165866675366,32.666666666666664,32.8,32.9,32.49982919971194,32.6643210809939,32.81613171662971,0.01749546270271601,0.013551927136362281,0.00998255935153115,-1.0,-0.030303030303030304,-1.0,-0.030303030303030304,-0.7999999999999972,-0.02439024390243894,32.0,33.0,32.0,33.0,32.0,33.0,0.0,0.0,0.0,0,6,6,32.0,0.0,SAME,1.0
BNBL,2022-06-07,32.0,32.0,33.0,33.0,33.0,33.0,0.0,-1.0,-1.0,0.0,-0.030303030303030276,-0.030303030303030276,0.0,-0.03077165866675366,32.333333333333336,32.6,32.8,32.24991459985597,32.4428807206626,32.66774413178794,0.01749546270271601,0.013551927136362281,0.009582659576267792,-1.0,-0.030303030303030304,-1.0,-0.030303030303030304,-1.0,-0.030303030303030304,32.0,33.0,32.0,33.0,32.0,33.0,0.0,0.0,0.0,1,6,7,32.0,0.0,SAME,1.0
BNBL,2022-06-08,32.0,32.0,32.0,33.0,33.0,33.0,0.0,0.0,-1.0,0.0,0.0,-0.030303030303030276,0.0,0.0,32.0,32.4,32.7,32.124957299927985,32.29525381377507,32.5463361078265,0.01749546270271601,0.013551927136362281,0.009582659576267792,-1.0,-0.030303030303030304,-1.0,-0.030303030303030304,-1.0,-0.030303030303030304,32.0,32.0,32.0,33.0,32.0,33.0,,0.0,0.0,2,6,8,32.0,0.0,SAME,1.0
BNBL,2022-06-09,32.0,32.0,32.0,32.0,33.0,33.0,0.0,0.0,0.0,0.0,0.0,0.0,0.0,0.0,32.0,32.2,32.6,32.06247864996399,32.19683587585005,32.44700227003986,0.0,0.013551927136362281,0.009582659576267792,0.0,0.0,-1.0,-0.030303030303030304,-1.0,-0.030303030303030304,32.0,32.0,32.0,33.0,32.0,33.0,,0.0,0.0,3,6,9,32.0,0.0,SAME,1.0
BNBL,2022-06-10,32.0,32.0,32.0,32.0,33.0,33.0,0.0,0.0,0.0,0.0,0.0,0.0,0.0,0.0,32.0,32.0,32.5,32.031239324981996,32.13122391723337,32.36572913003261,0.0,0.013551927136362281,0.009582659576267792,0.0,0.0,-1.0,-0.030303030303030304,-1.0,-0.030303030303030304,32.0,32.0,32.0,32.0,32.0,33.0,,,0.0,4,6,10,32.0,0.0,SAME,1.0
BNBL,2022-06-13,32.0,32.0,32.0,32.0,32.0,33.0,0.0,0.0,0.0,0.0,0.0,0.0,0.0,0.0,32.0,32.0,32.4,32.015619662491,32.087482611488916,32.29923292457214,0.0,0.0,0.009582659576267792,0.0,0.0,0.0,0.0,-1.0,-0.030303030303030304,32.0,32.0,32.0,32.0,32.0,33.0,,,0.0,0,6,13,30.5,-1.5,DOWN,0.0
BNBL,2022-06-15,30.5,32.0,32.0,32.0,32.0,33.0,-1.5,-1.5,-1.5,-0.046875,-0.046875,-0.046875,-0.048009219186360606,-0.048009219186360606,31.5,31.7,32.15,31.2578098312455,31.55832174099261,31.97209966555902,0.02706329386826376,0.020963137289060484,0.016732850040832265,-1.5,-0.046875,-1.5,-0.046875,-2.5,-0.07575757575757576,30.5,32.0,30.5,32.0,30.5,33.0,0.0,0.0,0.0,2,6,15,30.5,0.0,SAME,1.0
BNBL,2022-06-16,30.5,30.5,32.0,32.0,32.0,33.0,0.0,-1.5,-1.5,0.0,-0.046875,-0.046875,0.0,-0.048009219186360606,31.0,31.4,31.9,30.878904915622748,31.20554782732841,31.704445180911925,0.02706329386826376,0.020963137289060484,0.016732850040832265,-1.5,-0.046875,-1.5,-0.046875,-2.5,-0.07575757575757576,30.5,32.0,30.5,32.0,30.5,33.0,0.0,0.0,0.0,3,6,16,30.5,0.0,SAME,1.0
BNBL,2022-06-17,30.5,30.5,30.5,32.0,32.0,33.0,0.0,0.0,-1.5,0.0,0.0,-0.046875,0.0,0.0,30.5,31.1,31.65,30.689452457811374,30.970365218218944,31.485455148018847,0.027063293868263758,0.020963137289060484,0.016732850040832265,-1.5,-0.046875,-1.5,-0.046875,-2.5,-0.07575757575757576,30.5,30.5,30.5,32.0,30.5,33.0,,0.0,0.0,4,6,17,30.5,0.0,SAME,1.0
BNBL,2022-06-20,30.5,30.5,30.5,30.5,32.0,33.0,0.0,0.0,0.0,0.0,0.0,0.0,0.0,0.0,30.5,30.8,31.4,30.594726228905685,30.813576812145968,31.30628148474269,0.0,0.020963137289060484,0.016732850040832265,0.0,0.0,-1.5,-0.046875,-2.5,-0.07575757575757576,30.5,30.5,30.5,32.0,30.5,32.0,,0.0,0.0,0,6,20,30.5,0.0,SAME,1.0
BNBL,2022-06-21,30.5,30.5,30.5,30.5,32.0,32.0,0.0,0.0,0.0,0.0,0.0,0.0,0.0,0.0,30.5,30.5,31.25,30.547363114452843,30.709051208097314,31.15968485115311,0.0,0.020963137289060484,0.014823176532039269,0.0,0.0,-1.5,-0.046875,-1.5,-0.046875,30.5,30.5,30.5,30.5,30.5,32.0,,,0.0,1,6,21,30.5,0.0,SAME,1.0
BNBL,2022-06-22,30.5,30.5,30.5,30.5,30.5,32.0,0.0,0.0,0.0,0.0,0.0,0.0,0.0,0.0,30.5,30.5,31.1,30.52368155722642,30.639367472064876,31.039742150943454,0.0,0.0,0.014823176532039269,0.0,0.0,0.0,0.0,-1.5,-0.046875,30.5,30.5,30.5,30.5,30.5,32.0,,,0.0,2,6,22,30.5,0.0,SAME,1.0
BNBL,2022-06-23,30.5,30.5,30.5,30.5,30.5,32.0,0.0,0.0,0.0,0.0,0.0,0.0,0.0,0.0,30.5,30.5,30.95,30.511840778613212,30.592911648043255,30.94160721440828,0.0,0.0,0.014823176532039269,0.0,0.0,0.0,0.0,-1.5,-0.046875,30.5,30.5,30.5,30.5,30.5,32.0,,,0.0,3,6,23,30.5,0.0,SAME,1.0
BNBL,2022-06-24,30.5,30.5,30.5,30.5,30.5,32.0,0.0,0.0,0.0,0.0,0.0,0.0,0.0,0.0,30.5,30.5,30.8,30.505920389306606,30.561941098695506,30.861314993606772,0.0,0.0,0.014823176532039269,0.0,0.0,0.0,0.0,-1.5,-0.046875,30.5,30.5,30.5,30.5,30.5,32.0,,,0.0,4,6,24,30.5,0.0,SAME,1.0
BNBL,2022-06-27,30.5,30.5,30.5,30.5,30.5,32.0,0.0,0.0,0.0,0.0,0.0,0.0,0.0,0.0,30.5,30.5,30.65,30.502960194653305,30.541294065797004,30.79562135840554,0.0,0.0,0.014823176532039269,0.0,0.0,0.0,0.0,-1.5,-0.046875,30.5,30.5,30.5,30.5,30.5,32.0,,,0.0,0,6,27,30.5,0.0,SAME,1.0
BNBL,2022-06-28,30.5,30.5,30.5,30.5,30.5,32.0,0.0,0.0,0.0,0.0,0.0,0.0,0.0,0.0,30.5,30.5,30.5,30.501480097326652,30.527529377198007,30.741872020513622,0.0,0.0,0.014823176532039269,0.0,0.0,0.0,0.0,-1.5,-0.046875,30.5,30.5,30.5,30.5,30.5,30.5,,,,1,6,28,30.5,0.0,SAME,1.0
BNBL,2022-06-29,30.5,30.5,30.5,30.5,30.5,30.5,0.0,0.0,0.0,0.0,0.0,0.0,0.0,0.0,30.5,30.5,30.5,30.500740048663324,30.51835291813201,30.697895289511145,0.0,0.0,0.0,0.0,0.0,0.0,0.0,0.0,0.0,30.5,30.5,30.5,30.5,30.5,30.5,,,,2,6,29,30.5,0.0,SAME,1.0
BNBL,2022-06-30,30.5,30.5,30.5,30.5,30.5,30.5,0.0,0.0,0.0,0.0,0.0,0.0,0.0,0.0,30.5,30.5,30.5,30.500370024331662,30.512235278754673,30.661914327781844,0.0,0.0,0.0,0.0,0.0,0.0,0.0,0.0,0.0,30.5,30.5,30.5,30.5,30.5,30.5,,,,3,6,30,30.5,0.0,SAME,1.0
BNBL,2022-07-01,30.5,30.5,30.5,30.5,30.5,30.5,0.0,0.0,0.0,0.0,0.0,0.0,0.0,0.0,30.5,30.5,30.5,30.50018501216583,30.50815685250312,30.632475359094236,0.0,0.0,0.0,0.0,0.0,0.0,0.0,0.0,0.0,30.5,30.5,30.5,30.5,30.5,30.5,,,,4,7,1,33.0,2.5,UP,2.0
BNBL,2022-07-04,33.0,30.5,30.5,30.5,30.5,30.5,2.5,2.5,2.5,0.08196721311475419,0.08196721311475419,0.08196721311475419,0.07878087785311438,0.07878087785311438,31.333333333333332,31.0,30.75,31.750092506082915,31.33877123500208,31.062934384713465,0.047323792556526814,0.03665685209016051,0.025920308689904772,2.5,0.08196721311475409,2.5,0.08196721311475409,2.5,0.08196721311475409,30.5,33.0,30.5,33.0,30.5,33.0,1.0,1.0,1.0,0,7,4,33.0,0.0,SAME,1.0
BNBL,2022-07-05,33.0,33.0,30.5,30.5,30.5,30.5,0.0,2.5,2.5,0.0,0.08196721311475419,0.08196721311475419,0.0,0.07878087785311438,32.166666666666664,31.5,31.0,32.37504625304146,31.892514156668057,31.415128132947377,0.047323792556526814,0.03665685209016051,0.025920308689904772,2.5,0.08196721311475409,2.5,0.08196721311475409,2.5,0.08196721311475409,30.5,33.0,30.5,33.0,30.5,33.0,1.0,1.0,1.0,1,7,5,33.0,0.0,SAME,1.0
BNBL,2022-07-06,33.0,33.0,33.0,30.5,30.5,30.5,0.0,0.0,2.5,0.0,0.0,0.08196721311475419,0.0,0.0,33.0,32.0,31.25,32.68752312652073,32.26167610444537,31.70328665422967,0.047323792556526814,0.03665685209016051,0.025920308689904772,2.5,0.08196721311475409,2.5,0.08196721311475409,2.5,0.08196721311475409,33.0,33.0,30.5,33.0,30.5,33.0,,1.0,1.0,2,7,6,33.0,0.0,SAME,1.0
BNBL,2022-07-07,33.0,33.0,33.0,33.0,30.5,30.5,0.0,0.0,0.0,0.0,0.0,0.0,0.0,0.0,33.0,32.5,31.5,32.843761563260365,32.50778406963025,31.939052717097002,0.0,0.03665685209016051,0.025920308689904772,0.0,0.0,2.5,0.08196721311475409,2.5,0.08196721311475409,33.0,33.0,30.5,33.0,30.5,33.0,,1.0,1.0,3,7,7,33.0,0.0,SAME,1.0
BNBL,2022-07-08,33.0,33.0,33.0,33.0,30.5,30.5,0.0,0.0,0.0,0.0,0.0,0.0,0.0,0.0,33.0,33.0,31.75,32.92188078163018,32.67185604642017,32.13195222307937,0.0,0.03665685209016051,0.025920308689904772,0.0,0.0,2.5,0.08196721311475409,2.5,0.08196721311475409,33.0,33.0,33.0,33.0,30.5,33.0,,,1.0,4,7,8,33.0,0.0,SAME,1.0
BNBL,2022-07-11,33.0,33.0,33.0,33.0,33.0,30.5,0.0,0.0,0.0,0.0,0.0,0.0,0.0,0.0,33.0,33.0,32.0,32.96094039081509,32.781237364280116,32.289779091610384,0.0,0.0,0.025920308689904772,0.0,0.0,0.0,0.0,2.5,0.08196721311475409,33.0,33.0,33.0,33.0,30.5,33.0,,,1.0,0,7,11,33.0,0.0,SAME,1.0
BNBL,2022-07-12,33.0,33.0,33.0,33.0,33.0,30.5,0.0,0.0,0.0,0.0,0.0,0.0,0.0,0.0,33.0,33.0,32.25,32.98047019540755,32.854158242853416,32.41891016586304,0.0,0.0,0.025920308689904772,0.0,0.0,0.0,0.0,2.5,0.08196721311475409,33.0,33.0,33.0,33.0,30.5,33.0,,,1.0,1,7,12,33.0,0.0,SAME,1.0
BNBL,2022-07-13,33.0,33.0,33.0,33.0,33.0,30.5,0.0,0.0,0.0,0.0,0.0,0.0,0.0,0.0,33.0,33.0,32.5,32.990235097703774,32.90277216190228,32.52456286297885,0.0,0.0,0.025920308689904772,0.0,0.0,0.0,0.0,2.5,0.08196721311475409,33.0,33.0,33.0,33.0,30.5,33.0,,,1.0,2,7,13,33.0,0.0,SAME,1.0
BNBL,2022-07-14,33.0,33.0,33.0,33.0,33.0,30.5,0.0,0.0,0.0,0.0,0.0,0.0,0.0,0.0,33.0,33.0,32.75,32.99511754885189,32.935181441268185,32.611005978800875,0.0,0.0,0.025920308689904772,0.0,0.0,0.0,0.0,2.5,0.08196721311475409,33.0,33.0,33.0,33.0,30.5,33.0,,,1.0,3,7,14,33.0,0.0,SAME,1.0
BNBL,2022-07-15,33.0,33.0,33.0,33.0,33.0,30.5,0.0,0.0,0.0,0.0,0.0,0.0,0.0,0.0,33.0,33.0,33.0,32.99755877442594,32.95678762751213,32.681732164473445,0.0,0.0,0.025920308689904772,0.0,0.0,0.0,0.0,2.5,0.08196721311475409,33.0,33.0,33.0,33.0,33.0,33.0,,,,4,7,15,33.0,0.0,SAME,1.0
BNBL,2022-07-18,33.0,33.0,33.0,33.0,33.0,33.0,0.0,0.0,0.0,0.0,0.0,0.0,0.0,0.0,33.0,33.0,33.0,32.99877938721297,32.97119175167475,32.73959904366009,0.0,0.0,0.0,0.0,0.0,0.0,0.0,0.0,0.0,33.0,33.0,33.0,33.0,33.0,33.0,,,,0,7,18,33.0,0.0,SAME,1.0
BNBL,2022-07-19,33.0,33.0,33.0,33.0,33.0,33.0,0.0,0.0,0.0,0.0,0.0,0.0,0.0,0.0,33.0,33.0,33.0,32.99938969360649,32.980794501116506,32.786944672085525,0.0,0.0,0.0,0.0,0.0,0.0,0.0,0.0,0.0,33.0,33.0,33.0,33.0,33.0,33.0,,,,1,7,19,33.0,0.0,SAME,1.0
BNBL,2022-07-20,33.0,33.0,33.0,33.0,33.0,33.0,0.0,0.0,0.0,0.0,0.0,0.0,0.0,0.0,33.0,33.0,33.0,32.999694846803244,32.98719633407767,32.82568200443361,0.0,0.0,0.0,0.0,0.0,0.0,0.0,0.0,0.0,33.0,33.0,33.0,33.0,33.0,33.0,,,,2,7,20,33.0,0.0,SAME,1.0
BNBL,2022-07-21,33.0,33.0,33.0,33.0,33.0,33.0,0.0,0.0,0.0,0.0,0.0,0.0,0.0,0.0,33.0,33.0,33.0,32.99984742340162,32.99146422271845,32.85737618544567,0.0,0.0,0.0,0.0,0.0,0.0,0.0,0.0,0.0,33.0,33.0,33.0,33.0,33.0,33.0,,,,3,7,21,33.0,0.0,SAME,1.0
BNBL,2022-07-22,33.0,33.0,33.0,33.0,33.0,33.0,0.0,0.0,0.0,0.0,0.0,0.0,0.0,0.0,33.0,33.0,33.0,32.99992371170081,32.9943094818123,32.88330778809191,0.0,0.0,0.0,0.0,0.0,0.0,0.0,0.0,0.0,33.0,33.0,33.0,33.0,33.0,33.0,,,,4,7,22,33.0,0.0,SAME,1.0
BNBL,2022-07-25,33.0,33.0,33.0,33.0,33.0,33.0,0.0,0.0,0.0,0.0,0.0,0.0,0.0,0.0,33.0,33.0,33.0,32.9999618558504,32.996206321208206,32.90452455389338,0.0,0.0,0.0,0.0,0.0,0.0,0.0,0.0,0.0,33.0,33.0,33.0,33.0,33.0,33.0,,,,0,7,25,33.0,0.0,SAME,1.0
BNBL,2022-07-26,33.0,33.0,33.0,33.0,33.0,33.0,0.0,0.0,0.0,0.0,0.0,0.0,0.0,0.0,33.0,33.0,33.0,32.9999809279252,32.99747088080547,32.921883725912764,0.0,0.0,0.0,0.0,0.0,0.0,0.0,0.0,0.0,33.0,33.0,33.0,33.0,33.0,33.0,,,,1,7,26,33.0,0.0,SAME,1.0
BNBL,2022-07-27,33.0,33.0,33.0,33.0,33.0,33.0,0.0,0.0,0.0,0.0,0.0,0.0,0.0,0.0,33.0,33.0,33.0,32.999990463962604,32.99831392053699,32.93608668483772,0.0,0.0,0.0,0.0,0.0,0.0,0.0,0.0,0.0,33.0,33.0,33.0,33.0,33.0,33.0,,,,2,7,27,33.0,0.0,SAME,1.0
BNBL,2022-07-28,33.0,33.0,33.0,33.0,33.0,33.0,0.0,0.0,0.0,0.0,0.0,0.0,0.0,0.0,33.0,33.0,33.0,32.9999952319813,32.99887594702466,32.9477072875945,0.0,0.0,0.0,0.0,0.0,0.0,0.0,0.0,0.0,33.0,33.0,33.0,33.0,33.0,33.0,,,,3,7,28,33.0,0.0,SAME,1.0
BNBL,2022-07-29,33.0,33.0,33.0,33.0,33.0,33.0,0.0,0.0,0.0,0.0,0.0,0.0,0.0,0.0,33.0,33.0,33.0,32.99999761599065,32.999250631349774,32.95721505348641,0.0,0.0,0.0,0.0,0.0,0.0,0.0,0.0,0.0,33.0,33.0,33.0,33.0,33.0,33.0,,,,4,7,29,33.0,0.0,SAME,1.0
BNBL,2022-08-02,33.0,33.0,33.0,33.0,33.0,33.0,0.0,0.0,0.0,0.0,0.0,0.0,0.0,0.0,33.0,33.0,33.0,32.999998807995325,32.99950042089985,32.9649941346707,0.0,0.0,0.0,0.0,0.0,0.0,0.0,0.0,0.0,33.0,33.0,33.0,33.0,33.0,33.0,,,,1,8,2,33.0,0.0,SAME,1.0
BNBL,2022-08-03,33.0,33.0,33.0,33.0,33.0,33.0,0.0,0.0,0.0,0.0,0.0,0.0,0.0,0.0,33.0,33.0,33.0,32.99999940399766,32.99966694726657,32.97135883745784,0.0,0.0,0.0,0.0,0.0,0.0,0.0,0.0,0.0,33.0,33.0,33.0,33.0,33.0,33.0,,,,2,8,3,33.0,0.0,SAME,1.0
BNBL,2022-08-04,33.0,33.0,33.0,33.0,33.0,33.0,0.0,0.0,0.0,0.0,0.0,0.0,0.0,0.0,33.0,33.0,33.0,32.99999970199883,32.999777964844384,32.97656632155642,0.0,0.0,0.0,0.0,0.0,0.0,0.0,0.0,0.0,33.0,33.0,33.0,33.0,33.0,33.0,,,,3,8,4,33.0,0.0,SAME,1.0
BNBL,2022-08-05,33.0,33.0,33.0,33.0,33.0,33.0,0.0,0.0,0.0,0.0,0.0,0.0,0.0,0.0,33.0,33.0,33.0,32.999999850999416,32.99985197656292,32.98082699036434,0.0,0.0,0.0,0.0,0.0,0.0,0.0,0.0,0.0,33.0,33.0,33.0,33.0,33.0,33.0,,,,4,8,5,33.0,0.0,SAME,1.0
BNBL,2022-08-08,33.0,33.0,33.0,33.0,33.0,33.0,0.0,0.0,0.0,0.0,0.0,0.0,0.0,0.0,33.0,33.0,33.0,32.99999992549971,32.99990131770862,32.98431299211627,0.0,0.0,0.0,0.0,0.0,0.0,0.0,0.0,0.0,33.0,33.0,33.0,33.0,33.0,33.0,,,,0,8,8,33.0,0.0,SAME,1.0
BNBL,2022-08-09,33.0,33.0,33.0,33.0,33.0,33.0,0.0,0.0,0.0,0.0,0.0,0.0,0.0,0.0,33.0,33.0,33.0,32.999999962749854,32.99993421180575,32.987165175367856,0.0,0.0,0.0,0.0,0.0,0.0,0.0,0.0,0.0,33.0,33.0,33.0,33.0,33.0,33.0,,,,1,8,9,33.0,0.0,SAME,1.0
BNBL,2022-08-10,33.0,33.0,33.0,33.0,33.0,33.0,0.0,0.0,0.0,0.0,0.0,0.0,0.0,0.0,33.0,33.0,33.0,32.99999998137493,32.99995614120384,32.98949877984643,0.0,0.0,0.0,0.0,0.0,0.0,0.0,0.0,0.0,33.0,33.0,33.0,33.0,33.0,33.0,,,,2,8,10,33.0,0.0,SAME,1.0
BNBL,2022-08-11,33.0,33.0,33.0,33.0,33.0,33.0,0.0,0.0,0.0,0.0,0.0,0.0,0.0,0.0,33.0,33.0,33.0,32.99999999068746,32.99997076080256,32.99140809260162,0.0,0.0,0.0,0.0,0.0,0.0,0.0,0.0,0.0,33.0,33.0,33.0,33.0,33.0,33.0,,,,3,8,11,33.0,0.0,SAME,1.0
BNBL,2022-08-12,33.0,33.0,33.0,33.0,33.0,33.0,0.0,0.0,0.0,0.0,0.0,0.0,0.0,0.0,33.0,33.0,33.0,32.99999999534373,32.99998050720171,32.99297025758314,0.0,0.0,0.0,0.0,0.0,0.0,0.0,0.0,0.0,33.0,33.0,33.0,33.0,33.0,33.0,,,,4,8,12,33.0,0.0,SAME,1.0
BNBL,2022-08-15,33.0,33.0,33.0,33.0,33.0,33.0,0.0,0.0,0.0,0.0,0.0,0.0,0.0,0.0,33.0,33.0,33.0,32.999999997671864,32.99998700480114,32.994248392568025,0.0,0.0,0.0,0.0,0.0,0.0,0.0,0.0,0.0,33.0,33.0,33.0,33.0,33.0,33.0,,,,0,8,15,33.0,0.0,SAME,1.0
BNBL,2022-08-16,33.0,33.0,33.0,33.0,33.0,33.0,0.0,0.0,0.0,0.0,0.0,0.0,0.0,0.0,33.0,33.0,33.0,32.99999999883593,32.999991336534094,32.99529413937384,0.0,0.0,0.0,0.0,0.0,0.0,0.0,0.0,0.0,33.0,33.0,33.0,33.0,33.0,33.0,,,,1,8,16,33.0,0.0,SAME,1.0
BNBL,2022-08-17,33.0,33.0,33.0,33.0,33.0,33.0,0.0,0.0,0.0,0.0,0.0,0.0,0.0,0.0,33.0,33.0,33.0,32.999999999417966,32.999994224356065,32.996149750396775,0.0,0.0,0.0,0.0,0.0,0.0,0.0,0.0,0.0,33.0,33.0,33.0,33.0,33.0,33.0,,,,2,8,17,32.0,-1.0,DOWN,0.0
BNBL,2022-08-18,32.0,33.0,33.0,33.0,33.0,33.0,-1.0,-1.0,-1.0,-0.030303030303030276,-0.030303030303030276,-0.030303030303030276,-0.03077165866675366,-0.03077165866675366,32.666666666666664,32.8,32.9,32.49999999970898,32.66666281623738,32.815031613961,0.01749546270271601,0.013551927136362286,0.00958265957626779,-1.0,-0.030303030303030304,-1.0,-0.030303030303030304,-1.0,-0.030303030303030304,32.0,33.0,32.0,33.0,32.0,33.0,0.0,0.0,0.0,3,8,18,32.0,0.0,SAME,1.0
BNBL,2022-08-19,32.0,32.0,33.0,33.0,33.0,33.0,0.0,-1.0,-1.0,0.0,-0.030303030303030276,-0.030303030303030276,0.0,-0.03077165866675366,32.333333333333336,32.6,32.8,32.249999999854495,32.444441877491585,32.66684404778627,0.01749546270271601,0.013551927136362286,0.00958265957626779,-1.0,-0.030303030303030304,-1.0,-0.030303030303030304,-1.0,-0.030303030303030304,32.0,33.0,32.0,33.0,32.0,33.0,0.0,0.0,0.0,4,8,19,32.0,0.0,SAME,1.0
BNBL,2022-08-22,32.0,32.0,32.0,33.0,33.0,33.0,0.0,0.0,-1.0,0.0,0.0,-0.030303030303030276,0.0,0.0,32.0,32.4,32.7,32.12499999992725,32.29629458499439,32.54559967546149,0.01749546270271601,0.013551927136362286,0.00958265957626779,-1.0,-0.030303030303030304,-1.0,-0.030303030303030304,-1.0,-0.030303030303030304,32.0,32.0,32.0,33.0,32.0,33.0,,0.0,0.0,0,8,22,32.0,0.0,SAME,1.0
BNBL,2022-08-23,32.0,32.0,32.0,32.0,33.0,33.0,0.0,0.0,0.0,0.0,0.0,0.0,0.0,0.0,32.0,32.2,32.6,32.06249999996362,32.197529723329595,32.446399734468486,0.0,0.013551927136362286,0.00958265957626779,0.0,0.0,-1.0,-0.030303030303030304,-1.0,-0.030303030303030304,32.0,32.0,32.0,33.0,32.0,33.0,,0.0,0.0,1,8,23,32.0,0.0,SAME,1.0
BNBL,2022-08-24,32.0,32.0,32.0,32.0,33.0,33.0,0.0,0.0,0.0,0.0,0.0,0.0,0.0,0.0,32.0,32.0,32.5,32.03124999998181,32.131686482219735,32.3652361463833,0.0,0.013551927136362286,0.00958265957626779,0.0,0.0,-1.0,-0.030303030303030304,-1.0,-0.030303030303030304,32.0,32.0,32.0,32.0,32.0,33.0,,,0.0,2,8,24,32.0,0.0,SAME,1.0
BNBL,2022-08-25,32.0,32.0,32.0,32.0,32.0,33.0,0.0,0.0,0.0,0.0,0.0,0.0,0.0,0.0,32.0,32.0,32.4,32.015624999990905,32.087790988146494,32.29882957431361,0.0,0.0,0.00958265957626779,0.0,0.0,0.0,0.0,-1.0,-0.030303030303030304,32.0,32.0,32.0,32.0,32.0,33.0,,,0.0,3,8,25,32.0,0.0,SAME,1.0
BNBL,2022-08-26,32.0,32.0,32.0,32.0,32.0,33.0,0.0,0.0,0.0,0.0,0.0,0.0,0.0,0.0,32.0,32.0,32.3,32.00781249999545,32.058527325431,32.2444969244384,0.0,0.0,0.00958265957626779,0.0,0.0,0.0,0.0,-1.0,-0.030303030303030304,32.0,32.0,32.0,32.0,32.0,33.0,,,0.0,4,8,26,32.0,0.0,SAME,1.0
BNBL,2022-08-29,32.0,32.0,32.0,32.0,32.0,33.0,0.0,0.0,0.0,0.0,0.0,0.0,0.0,0.0,32.0,32.0,32.2,32.003906249997726,32.039018216954005,32.20004293817687,0.0,0.0,0.00958265957626779,0.0,0.0,0.0,0.0,-1.0,-0.030303030303030304,32.0,32.0,32.0,32.0,32.0,33.0,,,0.0,0,8,29,32.0,0.0,SAME,1.0
BNBL,2022-08-30,32.0,32.0,32.0,32.0,32.0,33.0,0.0,0.0,0.0,0.0,0.0,0.0,0.0,0.0,32.0,32.0,32.1,32.00195312499886,32.026012144636006,32.163671494871984,0.0,0.0,0.00958265957626779,0.0,0.0,0.0,0.0,-1.0,-0.030303030303030304,32.0,32.0,32.0,32.0,32.0,33.0,,,0.0,1,8,30,31.0,-1.0,DOWN,0.0
BNBL,2022-08-31,31.0,32.0,32.0,32.0,32.0,33.0,-1.0,-1.0,-1.0,-0.03125,-0.03125,-0.03125,-0.0317486983145803,-0.0317486983145803,31.666666666666668,31.8,31.9,31.50097656249943,31.684008096424005,31.952094859440713,0.018042195912175898,0.013975424859373625,0.012978437637514995,-1.0,-0.03125,-1.0,-0.03125,-2.0,-0.06060606060606061,31.0,32.0,31.0,32.0,31.0,32.0,0.0,0.0,0.0,2,8,31,31.0,0.0,SAME,1.0
BNBL,2022-09-01,31.0,31.0,32.0,32.0,32.0,32.0,0.0,-1.0,-1.0,0.0,-0.03125,-0.03125,0.0,-0.0317486983145803,31.333333333333332,31.6,31.8,31.250488281249716,31.456005397616003,31.778986703178763,0.018042195912175898,0.013975424859373625,0.00988211768802617,-1.0,-0.03125,-1.0,-0.03125,-1.0,-0.03125,31.0,32.0,31.0,32.0,31.0,32.0,0.0,0.0,0.0,3,9,1,31.0,0.0,SAME,1.0
BNBL,2022-09-02,31.0,31.0,31.0,32.0,32.0,32.0,0.0,0.0,-1.0,0.0,0.0,-0.03125,0.0,0.0,31.0,31.4,31.7,31.125244140624858,31.30400359841067,31.63735275714626,0.018042195912175898,0.013975424859373625,0.00988211768802617,-1.0,-0.03125,-1.0,-0.03125,-1.0,-0.03125,31.0,31.0,31.0,32.0,31.0,32.0,,0.0,0.0,4,9,2,31.0,0.0,SAME,1.0
BNBL,2022-09-05,31.0,31.0,31.0,31.0,32.0,32.0,0.0,0.0,0.0,0.0,0.0,0.0,0.0,0.0,31.0,31.2,31.6,31.06262207031243,31.202669065607115,31.52147043766512,0.0,0.013975424859373625,0.00988211768802617,0.0,0.0,-1.0,-0.03125,-1.0,-0.03125,31.0,31.0,31.0,32.0,31.0,32.0,,0.0,0.0,0,9,5,31.0,0.0,SAME,1.0
BNBL,2022-09-06,31.0,31.0,31.0,31.0,32.0,32.0,0.0,0.0,0.0,0.0,0.0,0.0,0.0,0.0,31.0,31.0,31.5,31.031311035156214,31.135112710404744,31.426657630816916,0.0,0.013975424859373625,0.00988211768802617,0.0,0.0,-1.0,-0.03125,-1.0,-0.03125,31.0,31.0,31.0,31.0,31.0,32.0,,,0.0,1,9,6,31.0,0.0,SAME,1.0
BNBL,2022-09-07,31.0,31.0,31.0,31.0,31.0,32.0,0.0,0.0,0.0,0.0,0.0,0.0,0.0,0.0,31.0,31.0,31.4,31.015655517578107,31.090075140269832,31.349083516122928,0.0,0.0,0.00988211768802617,0.0,0.0,0.0,0.0,-1.0,-0.03125,31.0,31.0,31.0,31.0,31.0,32.0,,,0.0,2,9,7,31.0,0.0,SAME,1.0
BNBL,2022-09-08,31.0,31.0,31.0,31.0,31.0,32.0,0.0,0.0,0.0,0.0,0.0,0.0,0.0,0.0,31.0,31.0,31.3,31.007827758789055,31.060050093513222,31.28561378591876,0.0,0.0,0.00988211768802617,0.0,0.0,0.0,0.0,-1.0,-0.03125,31.0,31.0,31.0,31.0,31.0,32.0,,,0.0,3,9,8,31.0,0.0,SAME,1.0
BNBL,2022-09-09,31.0,31.0,31.0,31.0,31.0,32.0,0.0,0.0,0.0,0.0,0.0,0.0,0.0,0.0,31.0,31.0,31.2,31.003913879394528,31.040033395675483,31.233684006660802,0.0,0.0,0.00988211768802617,0.0,0.0,0.0,0.0,-1.0,-0.03125,31.0,31.0,31.0,31.0,31.0,32.0,,,0.0,4,9,9,30.0,-1.0,DOWN,0.0
BNBL,2022-09-12,30.0,31.0,31.0,31.0,31.0,32.0,-1.0,-1.0,-1.0,-0.032258064516129004,-0.032258064516129004,-0.032258064516129004,-0.03278982282299084,-0.03278982282299084,30.666666666666668,30.8,31.0,30.501956939697266,30.69335559711699,31.009377823631567,0.018624202231923483,0.014426245016127602,0.013390783731392183,-1.0,-0.03225806451612903,-1.0,-0.03225806451612903,-2.0,-0.0625,30.0,31.0,30.0,31.0,30.0,32.0,0.0,0.0,0.0,0,9,12,30.0,0.0,SAME,1.0
BNBL,2022-09-13,30.0,30.0,31.0,31.0,31.0,32.0,0.0,-1.0,-1.0,0.0,-0.032258064516129004,-0.032258064516129004,0.0,-0.03278982282299084,30.333333333333332,30.6,30.8,30.250978469848633,30.462237064744663,30.82585458297128,0.018624202231923483,0.014426245016127602,0.013390783731392183,-1.0,-0.03225806451612903,-1.0,-0.03225806451612903,-2.0,-0.0625,30.0,31.0,30.0,31.0,30.0,31.0,0.0,0.0,0.0,1,9,13,30.0,0.0,SAME,1.0
BNBL,2022-09-14,30.0,30.0,30.0,31.0,31.0,31.0,0.0,0.0,-1.0,0.0,0.0,-0.032258064516129004,0.0,0.0,30.0,30.4,30.7,30.125489234924316,30.30815804316311,30.675699204249227,0.018624202231923483,0.014426245016127602,0.01020089567796249,-1.0,-0.03225806451612903,-1.0,-0.03225806451612903,-1.0,-0.03225806451612903,30.0,30.0,30.0,31.0,30.0,31.0,,0.0,0.0,2,9,14,30.0,0.0,SAME,1.0
BNBL,2022-09-15,30.0,30.0,30.0,30.0,31.0,31.0,0.0,0.0,0.0,0.0,0.0,0.0,0.0,0.0,30.0,30.2,30.6,30.062744617462158,30.205438695442076,30.55284480347664,0.0,0.014426245016127602,0.01020089567796249,0.0,0.0,-1.0,-0.03225806451612903,-1.0,-0.03225806451612903,30.0,30.0,30.0,31.0,30.0,31.0,,0.0,0.0,3,9,15,30.0,0.0,SAME,1.0
BNBL,2022-09-16,30.0,30.0,30.0,30.0,31.0,31.0,0.0,0.0,0.0,0.0,0.0,0.0,0.0,0.0,30.0,30.0,30.5,30.03137230873108,30.13695913029472,30.452327566480882,0.0,0.014426245016127602,0.01020089567796249,0.0,0.0,-1.0,-0.03225806451612903,-1.0,-0.03225806451612903,30.0,30.0,30.0,30.0,30.0,31.0,,,0.0,4,9,16,30.0,0.0,SAME,1.0
BNBL,2022-09-19,30.0,30.0,30.0,30.0,30.0,31.0,0.0,0.0,0.0,0.0,0.0,0.0,0.0,0.0,30.0,30.0,30.4,30.01568615436554,30.09130608686315,30.370086190757085,0.0,0.0,0.01020089567796249,0.0,0.0,0.0,0.0,-1.0,-0.03225806451612903,30.0,30.0,30.0,30.0,30.0,31.0,,,0.0,0,9,19,30.0,0.0,SAME,1.0
BNBL,2022-09-20,30.0,30.0,30.0,30.0,30.0,31.0,0.0,0.0,0.0,0.0,0.0,0.0,0.0,0.0,30.0,30.0,30.3,30.00784307718277,30.060870724575434,30.302797792437616,0.0,0.0,0.01020089567796249,0.0,0.0,0.0,0.0,-1.0,-0.03225806451612903,30.0,30.0,30.0,30.0,30.0,31.0,,,0.0,1,9,20,30.0,0.0,SAME,1.0
BNBL,2022-09-21,30.0,30.0,30.0,30.0,30.0,31.0,0.0,0.0,0.0,0.0,0.0,0.0,0.0,0.0,30.0,30.0,30.2,30.003921538591385,30.04058048305029,30.247743648358046,0.0,0.0,0.01020089567796249,0.0,0.0,0.0,0.0,-1.0,-0.03225806451612903,30.0,30.0,30.0,30.0,30.0,31.0,,,0.0,2,9,21,30.0,0.0,SAME,1.0
BNBL,2022-09-22,30.0,30.0,30.0,30.0,30.0,31.0,0.0,0.0,0.0,0.0,0.0,0.0,0.0,0.0,30.0,30.0,30.1,30.001960769295692,30.027053655366863,30.20269934865658,0.0,0.0,0.01020089567796249,0.0,0.0,0.0,0.0,-1.0,-0.03225806451612903,30.0,30.0,30.0,30.0,30.0,31.0,,,0.0,3,9,22,30.0,0.0,SAME,1.0
BNBL,2022-09-26,30.0,30.0,30.0,30.0,30.0,31.0,0.0,0.0,0.0,0.0,0.0,0.0,0.0,0.0,30.0,30.0,30.0,30.000980384647846,30.018035770244577,30.165844921628107,0.0,0.0,0.01020089567796249,0.0,0.0,0.0,0.0,-1.0,-0.03225806451612903,30.0,30.0,30.0,30.0,30.0,30.0,,,,0,9,26,30.0,0.0,SAME,1.0
BNBL,2022-09-27,30.0,30.0,30.0,30.0,30.0,30.0,0.0,0.0,0.0,0.0,0.0,0.0,0.0,0.0,30.0,30.0,30.0,30.000490192323923,30.01202384682972,30.1356912995139,0.0,0.0,0.0,0.0,0.0,0.0,0.0,0.0,0.0,30.0,30.0,30.0,30.0,30.0,30.0,,,,1,9,27,30.0,0.0,SAME,1.0
BNBL,2022-09-28,30.0,30.0,30.0,30.0,30.0,30.0,0.0,0.0,0.0,0.0,0.0,0.0,0.0,0.0,30.0,30.0,30.0,30.00024509616196,30.008015897886484,30.111020154147738,0.0,0.0,0.0,0.0,0.0,0.0,0.0,0.0,0.0,30.0,30.0,30.0,30.0,30.0,30.0,,,,2,9,28,30.0,0.0,SAME,1.0
BNBL,2022-09-29,30.0,30.0,30.0,30.0,30.0,30.0,0.0,0.0,0.0,0.0,0.0,0.0,0.0,0.0,30.0,30.0,30.0,30.00012254808098,30.005343931924326,30.090834671575422,0.0,0.0,0.0,0.0,0.0,0.0,0.0,0.0,0.0,30.0,30.0,30.0,30.0,30.0,30.0,,,,3,9,29,30.0,0.0,SAME,1.0
BNBL,2022-10-03,30.0,30.0,30.0,30.0,30.0,30.0,0.0,0.0,0.0,0.0,0.0,0.0,0.0,0.0,30.0,30.0,30.0,30.00006127404049,30.003562621282885,30.074319276743523,0.0,0.0,0.0,0.0,0.0,0.0,0.0,0.0,0.0,30.0,30.0,30.0,30.0,30.0,30.0,,,,0,10,3,31.0,1.0,UP,2.0
BNBL,2022-10-07,31.0,30.0,30.0,30.0,30.0,30.0,1.0,1.0,1.0,0.03333333333333344,0.03333333333333344,0.03333333333333344,0.03278982282299097,0.03278982282299097,30.333333333333332,30.2,30.1,30.500030637020245,30.33570841418859,30.242624862790155,0.019245008972987705,0.014907119849998585,0.010540925533894619,1.0,0.03333333333333333,1.0,0.03333333333333333,1.0,0.03333333333333333,30.0,31.0,30.0,31.0,30.0,31.0,1.0,1.0,1.0,4,10,7,31.0,0.0,SAME,1.0
BNBL,2022-10-10,31.0,31.0,30.0,30.0,30.0,30.0,0.0,1.0,1.0,0.0,0.03333333333333344,0.03333333333333344,0.0,0.03278982282299097,30.666666666666668,30.4,30.2,30.750015318510123,30.557138942792395,30.380329433191942,0.019245008972987705,0.014907119849998585,0.010540925533894619,1.0,0.03333333333333333,1.0,0.03333333333333333,1.0,0.03333333333333333,30.0,31.0,30.0,31.0,30.0,31.0,1.0,1.0,1.0,0,10,10,31.0,0.0,SAME,1.0
BNBL,2022-10-11,31.0,31.0,31.0,30.0,30.0,30.0,0.0,0.0,1.0,0.0,0.0,0.03333333333333344,0.0,0.0,31.0,30.6,30.3,30.87500765925506,30.704759295194933,30.492996808975224,0.019245008972987705,0.014907119849998585,0.010540925533894619,1.0,0.03333333333333333,1.0,0.03333333333333333,1.0,0.03333333333333333,31.0,31.0,30.0,31.0,30.0,31.0,,1.0,1.0,1,10,11,31.0,0.0,SAME,1.0
BNBL,2022-10-12,31.0,31.0,31.0,31.0,30.0,30.0,0.0,0.0,0.0,0.0,0.0,0.0,0.0,0.0,31.0,30.8,30.4,30.93750382962753,30.80317286346329,30.585179207343362,0.0,0.014907119849998585,0.010540925533894619,0.0,0.0,1.0,0.03333333333333333,1.0,0.03333333333333333,31.0,31.0,30.0,31.0,30.0,31.0,,1.0,1.0,2,10,12,31.0,0.0,SAME,1.0
BNBL,2022-10-13,31.0,31.0,31.0,31.0,30.0,30.0,0.0,0.0,0.0,0.0,0.0,0.0,0.0,0.0,31.0,31.0,30.5,30.968751914813765,30.868781908975528,30.66060116964457,0.0,0.014907119849998585,0.010540925533894619,0.0,0.0,1.0,0.03333333333333333,1.0,0.03333333333333333,31.0,31.0,31.0,31.0,30.0,31.0,,,1.0,3,10,13,31.0,0.0,SAME,1.0
BNBL,2022-10-14,31.0,31.0,31.0,31.0,31.0,30.0,0.0,0.0,0.0,0.0,0.0,0.0,0.0,0.0,31.0,31.0,30.6,30.984375957406883,30.912521272650352,30.72231004789101,0.0,0.0,0.010540925533894619,0.0,0.0,0.0,0.0,1.0,0.03333333333333333,31.0,31.0,31.0,31.0,30.0,31.0,,,1.0,4,10,14,31.0,0.0,SAME,1.0
BNBL,2022-10-17,31.0,31.0,31.0,31.0,31.0,30.0,0.0,0.0,0.0,0.0,0.0,0.0,0.0,0.0,31.0,31.0,30.7,30.99218797870344,30.94168084843357,30.772799130092643,0.0,0.0,0.010540925533894619,0.0,0.0,0.0,0.0,1.0,0.03333333333333333,31.0,31.0,31.0,31.0,30.0,31.0,,,1.0,0,10,17,31.0,0.0,SAME,1.0
BNBL,2022-10-18,31.0,31.0,31.0,31.0,31.0,30.0,0.0,0.0,0.0,0.0,0.0,0.0,0.0,0.0,31.0,31.0,30.8,30.99609398935172,30.96112056562238,30.814108379166708,0.0,0.0,0.010540925533894619,0.0,0.0,0.0,0.0,1.0,0.03333333333333333,31.0,31.0,31.0,31.0,30.0,31.0,,,1.0,1,10,18,31.0,0.0,SAME,1.0
BNBL,2022-10-19,31.0,31.0,31.0,31.0,31.0,30.0,0.0,0.0,0.0,0.0,0.0,0.0,0.0,0.0,31.0,31.0,30.9,30.99804699467586,30.974080377081588,30.84790685568185,0.0,0.0,0.010540925533894619,0.0,0.0,0.0,0.0,1.0,0.03333333333333333,31.0,31.0,31.0,31.0,30.0,31.0,,,1.0,2,10,19,31.0,0.0,SAME,1.0
BNBL,2022-10-20,31.0,31.0,31.0,31.0,31.0,30.0,0.0,0.0,0.0,0.0,0.0,0.0,0.0,0.0,31.0,31.0,31.0,30.99902349733793,30.982720251387725,30.875560154648785,0.0,0.0,0.010540925533894619,0.0,0.0,0.0,0.0,1.0,0.03333333333333333,31.0,31.0,31.0,31.0,31.0,31.0,,,,3,10,20,31.0,0.0,SAME,1.0
BNBL,2022-10-21,31.0,31.0,31.0,31.0,31.0,31.0,0.0,0.0,0.0,0.0,0.0,0.0,0.0,0.0,31.0,31.0,31.0,30.999511748668965,30.988480167591817,30.898185581076277,0.0,0.0,0.0,0.0,0.0,0.0,0.0,0.0,0.0,31.0,31.0,31.0,31.0,31.0,31.0,,,,4,10,21,31.0,0.0,SAME,1.0
BNBL,2022-10-24,31.0,31.0,31.0,31.0,31.0,31.0,0.0,0.0,0.0,0.0,0.0,0.0,0.0,0.0,31.0,31.0,31.0,30.999755874334483,30.992320111727878,30.91669729360786,0.0,0.0,0.0,0.0,0.0,0.0,0.0,0.0,0.0,31.0,31.0,31.0,31.0,31.0,31.0,,,,0,10,24,31.0,0.0,SAME,1.0
BNBL,2022-10-25,31.0,31.0,31.0,31.0,31.0,31.0,0.0,0.0,0.0,0.0,0.0,0.0,0.0,0.0,31.0,31.0,31.0,30.99987793716724,30.994880074485252,30.931843240224612,0.0,0.0,0.0,0.0,0.0,0.0,0.0,0.0,0.0,31.0,31.0,31.0,31.0,31.0,31.0,,,,1,10,25,31.0,0.0,SAME,1.0
BNBL,2022-10-26,31.0,31.0,31.0,31.0,31.0,31.0,0.0,0.0,0.0,0.0,0.0,0.0,0.0,0.0,31.0,31.0,31.0,30.99993896858362,30.996586716323502,30.94423537836559,0.0,0.0,0.0,0.0,0.0,0.0,0.0,0.0,0.0,31.0,31.0,31.0,31.0,31.0,31.0,,,,2,10,26,31.0,0.0,SAME,1.0
BNBL,2022-10-27,31.0,31.0,31.0,31.0,31.0,31.0,0.0,0.0,0.0,0.0,0.0,0.0,0.0,0.0,31.0,31.0,31.0,30.99996948429181,30.997724477549003,30.954374400480937,0.0,0.0,0.0,0.0,0.0,0.0,0.0,0.0,0.0,31.0,31.0,31.0,31.0,31.0,31.0,,,,3,10,27,31.0,0.0,SAME,1.0
BNBL,2022-10-28,31.0,31.0,31.0,31.0,31.0,31.0,0.0,0.0,0.0,0.0,0.0,0.0,0.0,0.0,31.0,31.0,31.0,30.999984742145905,30.99848298503267,30.962669964029857,0.0,0.0,0.0,0.0,0.0,0.0,0.0,0.0,0.0,31.0,31.0,31.0,31.0,31.0,31.0,,,,4,10,28,31.0,0.0,SAME,1.0
BNBL,2022-10-31,31.0,31.0,31.0,31.0,31.0,31.0,0.0,0.0,0.0,0.0,0.0,0.0,0.0,0.0,31.0,31.0,31.0,30.999992371072953,30.998988656688446,30.969457243297153,0.0,0.0,0.0,0.0,0.0,0.0,0.0,0.0,0.0,31.0,31.0,31.0,31.0,31.0,31.0,,,,0,10,31,31.0,0.0,SAME,1.0
BNBL,2022-11-02,31.0,31.0,31.0,31.0,31.0,31.0,0.0,0.0,0.0,0.0,0.0,0.0,0.0,0.0,31.0,31.0,31.0,30.999996185536475,30.999325771125633,30.97501047178858,0.0,0.0,0.0,0.0,0.0,0.0,0.0,0.0,0.0,31.0,31.0,31.0,31.0,31.0,31.0,,,,2,11,2,31.0,0.0,SAME,1.0
BNBL,2022-11-03,31.0,31.0,31.0,31.0,31.0,31.0,0.0,0.0,0.0,0.0,0.0,0.0,0.0,0.0,31.0,31.0,31.0,30.999998092768237,30.999550514083758,30.979554022372472,0.0,0.0,0.0,0.0,0.0,0.0,0.0,0.0,0.0,31.0,31.0,31.0,31.0,31.0,31.0,,,,3,11,3,31.0,0.0,SAME,1.0
BNBL,2022-11-04,31.0,31.0,31.0,31.0,31.0,31.0,0.0,0.0,0.0,0.0,0.0,0.0,0.0,0.0,31.0,31.0,31.0,30.99999904638412,30.999700342722505,30.983271472850202,0.0,0.0,0.0,0.0,0.0,0.0,0.0,0.0,0.0,31.0,31.0,31.0,31.0,31.0,31.0,,,,4,11,4,31.0,0.0,SAME,1.0
BNBL,2022-11-07,31.0,31.0,31.0,31.0,31.0,31.0,0.0,0.0,0.0,0.0,0.0,0.0,0.0,0.0,31.0,31.0,31.0,30.99999952319206,30.99980022848167,30.986313023241074,0.0,0.0,0.0,0.0,0.0,0.0,0.0,0.0,0.0,31.0,31.0,31.0,31.0,31.0,31.0,,,,0,11,7,31.0,0.0,SAME,1.0
BNBL,2022-11-08,31.0,31.0,31.0,31.0,31.0,31.0,0.0,0.0,0.0,0.0,0.0,0.0,0.0,0.0,31.0,31.0,31.0,30.99999976159603,30.999866818987783,30.988801564469966,0.0,0.0,0.0,0.0,0.0,0.0,0.0,0.0,0.0,31.0,31.0,31.0,31.0,31.0,31.0,,,,1,11,8,31.0,0.0,SAME,1.0
BNBL,2022-11-09,31.0,31.0,31.0,31.0,31.0,31.0,0.0,0.0,0.0,0.0,0.0,0.0,0.0,0.0,31.0,31.0,31.0,30.999999880798015,30.999911212658525,30.990837643657244,0.0,0.0,0.0,0.0,0.0,0.0,0.0,0.0,0.0,31.0,31.0,31.0,31.0,31.0,31.0,,,,2,11,9,31.0,0.0,SAME,1.0
BNBL,2022-11-10,31.0,31.0,31.0,31.0,31.0,31.0,0.0,0.0,0.0,0.0,0.0,0.0,0.0,0.0,31.0,31.0,31.0,30.999999940399007,30.999940808439018,30.992503526628653,0.0,0.0,0.0,0.0,0.0,0.0,0.0,0.0,0.0,31.0,31.0,31.0,31.0,31.0,31.0,,,,3,11,10,31.0,0.0,SAME,1.0
BNBL,2022-11-14,31.0,31.0,31.0,31.0,31.0,31.0,0.0,0.0,0.0,0.0,0.0,0.0,0.0,0.0,31.0,31.0,31.0,30.999999970199504,30.999960538959346,30.993866521787076,0.0,0.0,0.0,0.0,0.0,0.0,0.0,0.0,0.0,31.0,31.0,31.0,31.0,31.0,31.0,,,,0,11,14,31.0,0.0,SAME,1.0
BNBL,2022-11-16,31.0,31.0,31.0,31.0,31.0,31.0,0.0,0.0,0.0,0.0,0.0,0.0,0.0,0.0,31.0,31.0,31.0,30.999999985099752,30.999973692639564,30.99498169964397,0.0,0.0,0.0,0.0,0.0,0.0,0.0,0.0,0.0,31.0,31.0,31.0,31.0,31.0,31.0,,,,2,11,16,31.0,0.0,SAME,1.0
BNBL,2022-11-17,31.0,31.0,31.0,31.0,31.0,31.0,0.0,0.0,0.0,0.0,0.0,0.0,0.0,0.0,31.0,31.0,31.0,30.999999992549874,30.99998246175971,30.99589411789052,0.0,0.0,0.0,0.0,0.0,0.0,0.0,0.0,0.0,31.0,31.0,31.0,31.0,31.0,31.0,,,,3,11,17,31.0,0.0,SAME,1.0
BNBL,2022-11-18,31.0,31.0,31.0,31.0,31.0,31.0,0.0,0.0,0.0,0.0,0.0,0.0,0.0,0.0,31.0,31.0,31.0,30.999999996274937,30.999988307839807,30.99664064191042,0.0,0.0,0.0,0.0,0.0,0.0,0.0,0.0,0.0,31.0,31.0,31.0,31.0,31.0,31.0,,,,4,11,18,31.0,0.0,SAME,1.0
BNBL,2022-11-21,31.0,31.0,31.0,31.0,31.0,31.0,0.0,0.0,0.0,0.0,0.0,0.0,0.0,0.0,31.0,31.0,31.0,30.99999999813747,30.99999220522654,30.997251434290344,0.0,0.0,0.0,0.0,0.0,0.0,0.0,0.0,0.0,31.0,31.0,31.0,31.0,31.0,31.0,,,,0,11,21,31.0,0.0,SAME,1.0
BNBL,2022-11-22,31.0,31.0,31.0,31.0,31.0,31.0,0.0,0.0,0.0,0.0,0.0,0.0,0.0,0.0,31.0,31.0,31.0,30.999999999068734,30.999994803484363,30.99775117351028,0.0,0.0,0.0,0.0,0.0,0.0,0.0,0.0,0.0,31.0,31.0,31.0,31.0,31.0,31.0,,,,1,11,22,32.0,1.0,UP,2.0
BNBL,2022-11-23,32.0,31.0,31.0,31.0,31.0,31.0,1.0,1.0,1.0,0.032258064516129004,0.032258064516129004,0.032258064516129004,0.03174869831458027,0.03174869831458027,31.333333333333332,31.2,31.1,31.499999999534367,31.33332986898958,31.179978232872045,0.018624202231923518,0.014426245016127602,0.010200895677962493,1.0,0.03225806451612903,1.0,0.03225806451612903,1.0,0.03225806451612903,31.0,32.0,31.0,32.0,31.0,32.0,1.0,1.0,1.0,2,11,23,32.0,0.0,SAME,1.0
BNBL,2022-11-24,32.0,32.0,31.0,31.0,31.0,31.0,0.0,1.0,1.0,0.0,0.032258064516129004,0.032258064516129004,0.0,0.03174869831458027,31.666666666666668,31.4,31.2,31.749999999767184,31.555553245993053,31.329073099622583,0.018624202231923518,0.014426245016127602,0.010200895677962493,1.0,0.03225806451612903,1.0,0.03225806451612903,1.0,0.03225806451612903,31.0,32.0,31.0,32.0,31.0,32.0,1.0,1.0,1.0,3,11,24,32.0,0.0,SAME,1.0
BNBL,2022-11-25,32.0,32.0,32.0,31.0,31.0,31.0,0.0,0.0,1.0,0.0,0.0,0.032258064516129004,0.0,0.0,32.0,31.6,31.3,31.874999999883592,31.703702163995374,31.451059808782112,0.018624202231923518,0.014426245016127602,0.010200895677962493,1.0,0.03225806451612903,1.0,0.03225806451612903,1.0,0.03225806451612903,32.0,32.0,31.0,32.0,31.0,32.0,,1.0,1.0,4,11,25,32.0,0.0,SAME,1.0
BNBL,2022-11-28,32.0,32.0,32.0,32.0,31.0,31.0,0.0,0.0,0.0,0.0,0.0,0.0,0.0,0.0,32.0,31.8,31.4,31.937499999941796,31.80246810933025,31.550867116276272,0.0,0.014426245016127602,0.010200895677962493,0.0,0.0,1.0,0.03225806451612903,1.0,0.03225806451612903,32.0,32.0,31.0,32.0,31.0,32.0,,1.0,1.0,0,11,28,32.0,0.0,SAME,1.0
BNBL,2022-11-29,32.0,32.0,32.0,32.0,31.0,31.0,0.0,0.0,0.0,0.0,0.0,0.0,0.0,0.0,32.0,32.0,31.5,31.968749999970896,31.868312072886837,31.63252764058968,0.0,0.014426245016127602,0.010200895677962493,0.0,0.0,1.0,0.03225806451612903,1.0,0.03225806451612903,32.0,32.0,32.0,32.0,31.0,32.0,,,1.0,1,11,29,32.0,0.0,SAME,1.0
BNBL,2022-11-30,32.0,32.0,32.0,32.0,32.0,31.0,0.0,0.0,0.0,0.0,0.0,0.0,0.0,0.0,32.0,32.0,31.6,31.984374999985448,31.912208048591225,31.6993407968461,0.0,0.0,0.010200895677962493,0.0,0.0,0.0,0.0,1.0,0.03225806451612903,32.0,32.0,32.0,32.0,31.0,32.0,,,1.0,2,11,30,32.0,0.0,SAME,1.0
BNBL,2022-12-01,32.0,32.0,32.0,32.0,32.0,31.0,0.0,0.0,0.0,0.0,0.0,0.0,0.0,0.0,32.0,32.0,31.7,31.992187499992724,31.941472032394152,31.754006106510445,0.0,0.0,0.010200895677962493,0.0,0.0,0.0,0.0,1.0,0.03225806451612903,32.0,32.0,32.0,32.0,31.0,32.0,,,1.0,3,12,1,32.0,0.0,SAME,1.0
BNBL,2022-12-02,32.0,32.0,32.0,32.0,32.0,31.0,0.0,0.0,0.0,0.0,0.0,0.0,0.0,0.0,32.0,32.0,31.8,31.996093749996362,31.960981354929437,31.798732268963093,0.0,0.0,0.010200895677962493,0.0,0.0,0.0,0.0,1.0,0.03225806451612903,32.0,32.0,32.0,32.0,31.0,32.0,,,1.0,4,12,2,32.0,0.0,SAME,1.0
BNBL,2022-12-05,32.0,32.0,32.0,32.0,32.0,31.0,0.0,0.0,0.0,0.0,0.0,0.0,0.0,0.0,32.0,32.0,31.9,31.99804687499818,31.97398756995296,31.835326401878895,0.0,0.0,0.010200895677962493,0.0,0.0,0.0,0.0,1.0,0.03225806451612903,32.0,32.0,32.0,32.0,31.0,32.0,,,1.0,0,12,5,32.0,0.0,SAME,1.0
BNBL,2022-12-06,32.0,32.0,32.0,32.0,32.0,31.0,0.0,0.0,0.0,0.0,0.0,0.0,0.0,0.0,32.0,32.0,32.0,31.99902343749909,31.98265837996864,31.86526705608273,0.0,0.0,0.010200895677962493,0.0,0.0,0.0,0.0,1.0,0.03225806451612903,32.0,32.0,32.0,32.0,32.0,32.0,,,,1,12,6,32.0,0.0,SAME,1.0
BNBL,2022-12-07,32.0,32.0,32.0,32.0,32.0,32.0,0.0,0.0,0.0,0.0,0.0,0.0,0.0,0.0,32.0,32.0,32.0,31.999511718749545,31.988438919979096,31.88976395497678,0.0,0.0,0.0,0.0,0.0,0.0,0.0,0.0,0.0,32.0,32.0,32.0,32.0,32.0,32.0,,,,2,12,7,32.0,0.0,SAME,1.0
BNBL,2022-12-08,32.0,32.0,32.0,32.0,32.0,32.0,0.0,0.0,0.0,0.0,0.0,0.0,0.0,0.0,32.0,32.0,32.0,31.999755859374773,31.9922926133194,31.909806872253725,0.0,0.0,0.0,0.0,0.0,0.0,0.0,0.0,0.0,32.0,32.0,32.0,32.0,32.0,32.0,,,,3,12,8,32.0,0.0,SAME,1.0
BNBL,2022-12-09,32.0,32.0,32.0,32.0,32.0,32.0,0.0,0.0,0.0,0.0,0.0,0.0,0.0,0.0,32.0,32.0,32.0,31.999877929687386,31.994861742212933,31.926205622753045,0.0,0.0,0.0,0.0,0.0,0.0,0.0,0.0,0.0,32.0,32.0,32.0,32.0,32.0,32.0,,,,4,12,9,32.0,0.0,SAME,1.0
BNBL,2022-12-12,32.0,32.0,32.0,32.0,32.0,32.0,0.0,0.0,0.0,0.0,0.0,0.0,0.0,0.0,32.0,32.0,32.0,31.999938964843693,31.996574494808627,31.939622782252492,0.0,0.0,0.0,0.0,0.0,0.0,0.0,0.0,0.0,32.0,32.0,32.0,32.0,32.0,32.0,,,,0,12,12,32.0,0.0,SAME,1.0
BNBL,2022-12-13,32.0,32.0,32.0,32.0,32.0,32.0,0.0,0.0,0.0,0.0,0.0,0.0,0.0,0.0,32.0,32.0,32.0,31.999969482421847,31.997716329872418,31.95060045820658,0.0,0.0,0.0,0.0,0.0,0.0,0.0,0.0,0.0,32.0,32.0,32.0,32.0,32.0,32.0,,,,1,12,13,32.0,0.0,SAME,1.0
BNBL,2022-12-14,32.0,32.0,32.0,32.0,32.0,32.0,0.0,0.0,0.0,0.0,0.0,0.0,0.0,0.0,32.0,32.0,32.0,31.999984741210923,31.99847755324828,31.959582193078106,0.0,0.0,0.0,0.0,0.0,0.0,0.0,0.0,0.0,32.0,32.0,32.0,32.0,32.0,32.0,,,,2,12,14,32.0,0.0,SAME,1.0
BNBL,2022-12-15,32.0,32.0,32.0,32.0,32.0,32.0,0.0,0.0,0.0,0.0,0.0,0.0,0.0,0.0,32.0,32.0,32.0,31.99999237060546,31.998985035498855,31.966930885245723,0.0,0.0,0.0,0.0,0.0,0.0,0.0,0.0,0.0,32.0,32.0,32.0,32.0,32.0,32.0,,,,3,12,15,32.0,0.0,SAME,1.0
BNBL,2022-12-16,32.0,32.0,32.0,32.0,32.0,32.0,0.0,0.0,0.0,0.0,0.0,0.0,0.0,0.0,32.0,32.0,32.0,31.99999618530273,31.99932335699924,31.97294345156468,0.0,0.0,0.0,0.0,0.0,0.0,0.0,0.0,0.0,32.0,32.0,32.0,32.0,32.0,32.0,,,,4,12,16,32.0,0.0,SAME,1.0
BNBL,2022-12-19,32.0,32.0,32.0,32.0,32.0,32.0,0.0,0.0,0.0,0.0,0.0,0.0,0.0,0.0,32.0,32.0,32.0,31.999998092651367,31.999548904666163,31.977862824007467,0.0,0.0,0.0,0.0,0.0,0.0,0.0,0.0,0.0,32.0,32.0,32.0,32.0,32.0,32.0,,,,0,12,19,32.5,0.5,UP,2.0
BNBL,2022-12-20,32.5,32.0,32.0,32.0,32.0,32.0,0.5,0.5,0.5,0.015625,0.015625,0.015625,0.015504186535965254,0.015504186535965254,32.166666666666664,32.1,32.05,32.249999046325684,32.16636593644411,32.07279685600611,0.009021097956088143,0.006987712429686719,0.004941058844013069,0.5,0.015625,0.5,0.015625,0.5,0.015625,32.0,32.5,32.0,32.5,32.0,32.5,1.0,1.0,1.0,1,12,20,32.5,0.0,SAME,1.0
BNBL,2022-12-21,32.5,32.5,32.0,32.0,32.0,32.0,0.0,0.5,0.5,0.0,0.015625,0.015625,0.0,0.015504186535965254,32.333333333333336,32.2,32.1,32.37499952316284,32.27757729096274,32.15047015491408,0.009021097956088143,0.006987712429686719,0.004941058844013069,0.5,0.015625,0.5,0.015625,0.5,0.015625,32.0,32.5,32.0,32.5,32.0,32.5,1.0,1.0,1.0,2,12,21,32.11,-0.39000000000000057,DOWN,0.0
BNBL,2022-12-22,32.11,32.5,32.5,32.0,32.0,32.0,-0.39000000000000057,-0.39000000000000057,0.10999999999999943,-0.01200000000000001,-0.01200000000000001,0.0034374999999999822,-0.012072581234269249,-0.012072581234269249,32.37,32.222,32.111000000000004,32.24249976158142,32.221718193975164,32.1431119449297,0.013852083176668323,0.009817236118174928,0.006555968972369108,0.10999999999999943,0.0034374999999999822,0.10999999999999943,0.0034374999999999822,0.10999999999999943,0.0034374999999999822,32.11,32.5,32.0,32.5,32.0,32.5,0.0,0.21999999999999886,0.21999999999999886,3,12,22,32.11,0.0,SAME,1.0
BNBL,2022-12-23,32.11,32.11,32.5,32.5,32.0,32.0,0.0,-0.39000000000000057,-0.39000000000000057,0.0,-0.01200000000000001,-0.01200000000000001,0.0,-0.012072581234269249,32.24,32.244,32.122,32.17624988079071,32.184478795983445,32.13709159130612,0.006928203230275788,0.009817236118174928,0.006555968972369108,-0.39000000000000057,-0.012000000000000018,0.10999999999999943,0.0034374999999999822,0.10999999999999943,0.0034374999999999822,32.11,32.5,32.0,32.5,32.0,32.5,0.0,0.21999999999999886,0.21999999999999886,4,12,23,32.11,0.0,SAME,1.0
BNBL,2022-12-26,32.11,32.11,32.11,32.5,32.0,32.0,0.0,0.0,-0.39000000000000057,0.0,0.0,-0.01200000000000001,0.0,0.0,32.11,32.266,32.132999999999996,32.14312494039535,32.159652530655634,32.132165847432276,0.006928203230275788,0.009817236118174928,0.006555968972369108,-0.39000000000000057,-0.012000000000000018,0.10999999999999943,0.0034374999999999822,0.10999999999999943,0.0034374999999999822,32.11,32.11,32.11,32.5,32.0,32.5,,0.0,0.21999999999999886,0,12,26,32.11,0.0,SAME,1.0
BNBL,2022-12-27,32.11,32.11,32.11,32.11,32.5,32.0,0.0,0.0,0.0,0.0,0.0,0.0,0.0,0.0,32.11,32.188,32.144,32.126562470197676,32.14310168710376,32.12813569335368,0.0,0.005366563145999338,0.006555968972369108,0.0,0.0,-0.39000000000000057,-0.012000000000000018,0.10999999999999943,0.0034374999999999822,32.11,32.11,32.11,32.5,32.0,32.5,,0.0,0.21999999999999886,1,12,27,32.11,0.0,SAME,1.0
BNBL,2022-12-28,32.11,32.11,32.11,32.11,32.5,32.0,0.0,0.0,0.0,0.0,0.0,0.0,0.0,0.0,32.11,32.11,32.154999999999994,32.118281235098834,32.132067791402505,32.124838294562096,0.0,0.005366563145999338,0.006555968972369108,0.0,0.0,-0.39000000000000057,-0.012000000000000018,0.10999999999999943,0.0034374999999999822,32.11,32.11,32.11,32.11,32.0,32.5,,,0.21999999999999886,2,12,28,32.11,0.0,SAME,1.0
BNBL,2022-12-29,32.11,32.11,32.11,32.11,32.11,32.0,0.0,0.0,0.0,0.0,0.0,0.0,0.0,0.0,32.11,32.11,32.166,32.11414061754942,32.12471186093501,32.122140422823534,0.0,0.0,0.006555968972369108,0.0,0.0,0.0,0.0,0.10999999999999943,0.0034374999999999822,32.11,32.11,32.11,32.11,32.0,32.5,,,0.21999999999999886,3,12,29,32.11,0.0,SAME,1.0
BNBL,2022-12-30,32.11,32.11,32.11,32.11,32.11,32.0,0.0,0.0,0.0,0.0,0.0,0.0,0.0,0.0,32.11,32.11,32.177,32.112070308774705,32.11980790729001,32.11993307321925,0.0,0.0,0.006555968972369108,0.0,0.0,0.0,0.0,0.10999999999999943,0.0034374999999999822,32.11,32.11,32.11,32.11,32.0,32.5,,,0.21999999999999886,4,12,30,32.11,0.0,SAME,1.0
BNBL,2023-01-03,32.11,32.11,32.11,32.11,32.11,32.0,0.0,0.0,0.0,0.0,0.0,0.0,0.0,0.0,32.11,32.11,32.188,32.11103515438735,32.11653860486001,32.118127059906655,0.0,0.0,0.006555968972369108,0.0,0.0,0.0,0.0,0.10999999999999943,0.0034374999999999822,32.11,32.11,32.11,32.11,32.11,32.5,,,0.0,1,1,3,33.0,0.8900000000000006,UP,2.0
BNBL,2023-01-04,33.0,32.11,32.11,32.11,32.11,32.5,0.8900000000000006,0.8900000000000006,0.8900000000000006,0.027717222049205903,0.027717222049205903,0.027717222049205903,0.02734005336505772,0.02734005336505772,32.406666666666666,32.288,32.238,32.555517577193676,32.41102573657334,32.27846759446908,0.0160025456112978,0.012395518529896014,0.009930543742697072,0.8900000000000006,0.02771722204920587,0.8900000000000006,0.02771722204920587,0.5,0.015384615384615385,32.11,33.0,32.11,33.0,32.11,33.0,1.0,1.0,1.0,2,1,4,33.0,0.0,SAME,1.0
BNBL,2023-01-05,33.0,33.0,32.11,32.11,32.11,32.5,0.0,0.8900000000000006,0.8900000000000006,0.0,0.027717222049205903,0.027717222049205903,0.0,0.02734005336505772,32.70333333333333,32.465999999999994,32.288,32.77775878859684,32.6073504910489,32.409655304565604,0.0160025456112978,0.012395518529896014,0.009930543742697072,0.8900000000000006,0.02771722204920587,0.8900000000000006,0.02771722204920587,0.5,0.015384615384615385,32.11,33.0,32.11,33.0,32.11,33.0,1.0,1.0,1.0,3,1,5,33.0,0.0,SAME,1.0
BNBL,2023-01-06,33.0,33.0,33.0,32.11,32.11,32.11,0.0,0.0,0.8900000000000006,0.0,0.0,0.027717222049205903,0.0,0.0,33.0,32.644,32.376999999999995,32.88887939429842,32.738233660699265,32.51699070373549,0.0160025456112978,0.012395518529896014,0.008764955208813013,0.8900000000000006,0.02771722204920587,0.8900000000000006,0.02771722204920587,0.8900000000000006,0.02771722204920587,33.0,33.0,32.11,33.0,32.11,33.0,,1.0,1.0,4,1,6,33.0,0.0,SAME,1.0
BNBL,2023-01-09,33.0,33.0,33.0,33.0,32.11,32.11,0.0,0.0,0.0,0.0,0.0,0.0,0.0,0.0,33.0,32.822,32.466,32.94443969714921,32.825489107132846,32.604810575783574,0.0,0.012395518529896014,0.008764955208813013,0.0,0.0,0.8900000000000006,0.02771722204920587,0.8900000000000006,0.02771722204920587,33.0,33.0,32.11,33.0,32.11,33.0,,1.0,1.0,0,1,9,33.0,0.0,SAME,1.0
BNBL,2023-01-10,33.0,33.0,33.0,33.0,32.11,32.11,0.0,0.0,0.0,0.0,0.0,0.0,0.0,0.0,33.0,33.0,32.555,32.9722198485746,32.883659404755235,32.676663198368374,0.0,0.012395518529896014,0.008764955208813013,0.0,0.0,0.8900000000000006,0.02771722204920587,0.8900000000000006,0.02771722204920587,33.0,33.0,33.0,33.0,32.11,33.0,,,1.0,1,1,10,33.0,0.0,SAME,1.0
BNBL,2023-01-11,33.0,33.0,33.0,33.0,33.0,32.11,0.0,0.0,0.0,0.0,0.0,0.0,0.0,0.0,33.0,33.0,32.644,32.986109924287305,32.92243960317016,32.73545170775594,0.0,0.0,0.008764955208813013,0.0,0.0,0.0,0.0,0.8900000000000006,0.02771722204920587,33.0,33.0,33.0,33.0,32.11,33.0,,,1.0,2,1,11,33.0,0.0,SAME,1.0
BNBL,2023-01-12,33.0,33.0,33.0,33.0,33.0,32.11,0.0,0.0,0.0,0.0,0.0,0.0,0.0,0.0,33.0,33.0,32.733000000000004,32.99305496214365,32.94829306878011,32.78355139725486,0.0,0.0,0.008764955208813013,0.0,0.0,0.0,0.0,0.8900000000000006,0.02771722204920587,33.0,33.0,33.0,33.0,32.11,33.0,,,1.0,3,1,12,33.0,0.0,SAME,1.0
BNBL,2023-01-13,33.0,33.0,33.0,33.0,33.0,32.11,0.0,0.0,0.0,0.0,0.0,0.0,0.0,0.0,33.0,33.0,32.822,32.99652748107182,32.965528712520076,32.82290568866307,0.0,0.0,0.008764955208813013,0.0,0.0,0.0,0.0,0.8900000000000006,0.02771722204920587,33.0,33.0,33.0,33.0,32.11,33.0,,,1.0,4,1,13,33.0,0.0,SAME,1.0
BNBL,2023-01-16,33.0,33.0,33.0,33.0,33.0,32.11,0.0,0.0,0.0,0.0,0.0,0.0,0.0,0.0,33.0,33.0,32.911,32.99826374053591,32.97701914168005,32.85510465436069,0.0,0.0,0.008764955208813013,0.0,0.0,0.0,0.0,0.8900000000000006,0.02771722204920587,33.0,33.0,33.0,33.0,32.11,33.0,,,1.0,0,1,16,33.0,0.0,SAME,1.0
BNBL,2023-01-17,33.0,33.0,33.0,33.0,33.0,32.11,0.0,0.0,0.0,0.0,0.0,0.0,0.0,0.0,33.0,33.0,33.0,32.99913187026796,32.9846794277867,32.88144926265874,0.0,0.0,0.008764955208813013,0.0,0.0,0.0,0.0,0.8900000000000006,0.02771722204920587,33.0,33.0,33.0,33.0,33.0,33.0,,,,1,1,17,33.4,0.3999999999999986,UP,2.0
BNBL,2023-01-18,33.4,33.0,33.0,33.0,33.0,33.0,0.3999999999999986,0.3999999999999986,0.3999999999999986,0.012121212121211977,0.012121212121211977,0.012121212121211977,0.012048338516174355,0.012048338516174355,33.13333333333333,33.08,33.04,33.199565935133975,33.12311961852447,32.9757312149026,0.006998185081086592,0.005420770854544721,0.0038330638305070523,0.3999999999999986,0.012121212121212078,0.3999999999999986,0.012121212121212078,0.3999999999999986,0.012121212121212078,33.0,33.4,33.0,33.4,33.0,33.4,1.0,1.0,1.0,2,1,18,33.4,0.0,SAME,1.0
BNBL,2023-01-19,33.4,33.4,33.0,33.0,33.0,33.0,0.0,0.3999999999999986,0.3999999999999986,0.0,0.012121212121211977,0.012121212121211977,0.0,0.012048338516174355,33.266666666666666,33.160000000000004,33.08,33.29978296756698,33.215413079016315,33.052870994011215,0.006998185081086592,0.005420770854544721,0.0038330638305070523,0.3999999999999986,0.012121212121212078,0.3999999999999986,0.012121212121212078,0.3999999999999986,0.012121212121212078,33.0,33.4,33.0,33.4,33.0,33.4,1.0,1.0,1.0,3,1,19,33.4,0.0,SAME,1.0
BNBL,2023-01-20,33.4,33.4,33.4,33.0,33.0,33.0,0.0,0.0,0.3999999999999986,0.0,0.0,0.012121212121211977,0.0,0.0,33.4,33.239999999999995,33.12,33.349891483783495,33.27694205267754,33.115985358736445,0.006998185081086592,0.005420770854544721,0.0038330638305070523,0.3999999999999986,0.012121212121212078,0.3999999999999986,0.012121212121212078,0.3999999999999986,0.012121212121212078,33.4,33.4,33.0,33.4,33.0,33.4,,1.0,1.0,4,1,20,33.35,-0.04999999999999716,DOWN,0.0
BNBL,2023-01-23,33.35,33.4,33.4,33.4,33.0,33.0,-0.04999999999999716,-0.04999999999999716,-0.04999999999999716,-0.0014970059880238251,-0.0014970059880238251,-0.0014970059880238251,-0.001498127621021881,-0.001498127621021881,33.38333333333333,33.31,33.154999999999994,33.349945741891744,33.301294701785025,33.15853347532982,0.0008642968101663158,0.005625612389409127,0.003914040745537448,-0.04999999999999716,-0.001497005988023867,0.3500000000000014,0.010606060606060648,0.3500000000000014,0.010606060606060648,33.35,33.4,33.0,33.4,33.0,33.4,0.0,0.8750000000000067,0.8750000000000067,0,1,23,33.35,0.0,SAME,1.0
BNBL,2023-01-24,33.35,33.35,33.4,33.4,33.0,33.0,0.0,-0.04999999999999716,-0.04999999999999716,0.0,-0.0014970059880238251,-0.0014970059880238251,0.0,-0.001498127621021881,33.36666666666667,33.38,33.19,33.34997287094588,33.31752980119002,33.1933455707244,0.0008642968101663158,0.005625612389409127,0.003914040745537448,-0.04999999999999716,-0.001497005988023867,0.3500000000000014,0.010606060606060648,0.3500000000000014,0.010606060606060648,33.35,33.4,33.35,33.4,33.0,33.4,0.0,0.0,0.8750000000000067,1,1,24,33.35,0.0,SAME,1.0
BNBL,2023-01-25,33.35,33.35,33.35,33.4,33.4,33.0,0.0,0.0,-0.04999999999999716,0.0,0.0,-0.0014970059880238251,0.0,0.0,33.35,33.37,33.225,33.34998643547294,33.328353200793345,33.22182819422905,0.0008642968101663158,0.0006694814303878089,0.003914040745537448,-0.04999999999999716,-0.001497005988023867,-0.04999999999999716,-0.001497005988023867,0.3500000000000014,0.010606060606060648,33.35,33.35,33.35,33.4,33.0,33.4,,0.0,0.8750000000000067,2,1,25,33.0,-0.3500000000000014,DOWN,0.0
BNBL,2023-01-26,33.0,33.35,33.35,33.35,33.4,33.0,-0.3500000000000014,-0.3500000000000014,-0.3500000000000014,-0.010494752623688153,-0.010494752623688153,-0.010494752623688153,-0.010550210895152486,-0.010550210895152486,33.233333333333334,33.29,33.225,33.17499321773647,33.21890213386223,33.18149579527831,0.006059148252365196,0.004572209658367275,0.0053676289719731575,-0.3500000000000014,-0.010494752623688198,-0.3999999999999986,-0.011976047904191574,0.0,0.0,33.0,33.35,33.0,33.4,33.0,33.4,0.0,0.0,0.0,3,1,26,33.0,0.0,SAME,1.0
BNBL,2023-01-27,33.0,33.0,33.35,33.35,33.4,33.0,0.0,-0.3500000000000014,-0.3500000000000014,0.0,-0.010494752623688153,-0.010494752623688153,0.0,-0.010550210895152486,33.11666666666667,33.21,33.225,33.087496608868236,33.14593475590816,33.148496559773164,0.006059148252365196,0.004572209658367275,0.0053676289719731575,-0.3500000000000014,-0.010494752623688198,-0.3999999999999986,-0.011976047904191574,0.0,0.0,33.0,33.35,33.0,33.35,33.0,33.4,0.0,0.0,0.0,4,1,27,33.0,0.0,SAME,1.0
BNBL,2023-01-30,33.0,33.0,33.0,33.35,33.35,33.0,0.0,0.0,-0.3500000000000014,0.0,0.0,-0.010494752623688153,0.0,0.0,33.0,33.14,33.225,33.04374830443412,33.09728983727211,33.12149718526895,0.006059148252365196,0.0046933960547220115,0.0053676289719731575,-0.3500000000000014,-0.010494752623688198,-0.3500000000000014,-0.010494752623688198,0.0,0.0,33.0,33.0,33.0,33.35,33.0,33.4,,0.0,0.0,0,1,30,32.25,-0.75,DOWN,0.0
BNBL,2023-01-31,32.25,33.0,33.0,33.0,33.35,33.0,-0.75,-0.75,-0.75,-0.022727272727272707,-0.022727272727272707,-0.022727272727272707,-0.02298951822469872,-0.02298951822469872,32.75,32.92,33.15,32.64687415221706,32.81485989151474,32.96304315158368,0.013121597027037071,0.010073829517222573,0.008973834960768028,-0.75,-0.022727272727272728,-1.1000000000000014,-0.032983508245877105,-0.75,-0.022727272727272728,32.25,33.0,32.25,33.35,32.25,33.4,0.0,0.0,0.0,1,1,31,32.25,0.0,SAME,1.0
BNBL,2023-02-01,32.25,32.25,33.0,33.0,33.35,33.4,0.0,-0.75,-0.75,0.0,-0.022727272727272707,-0.022727272727272707,0.0,-0.02298951822469872,32.5,32.7,33.035000000000004,32.44843707610853,32.62657326100983,32.83339894220483,0.013121597027037071,0.010073829517222573,0.007515677477178251,-0.75,-0.022727272727272728,-1.1000000000000014,-0.032983508245877105,-1.1499999999999986,-0.03443113772455086,32.25,33.0,32.25,33.0,32.25,33.4,0.0,0.0,0.0,2,2,1,32.2,-0.04999999999999716,DOWN,0.0
BNBL,2023-02-02,32.2,32.25,32.25,33.0,33.0,33.4,-0.04999999999999716,-0.04999999999999716,-0.7999999999999972,-0.0015503875968991832,-0.0015503875968991832,-0.024242424242424176,-0.001551590691418833,-0.001551590691418833,32.233333333333334,32.54,32.915000000000006,32.32421853805427,32.484382174006555,32.71823549816759,0.012697723491145363,0.010013137235118569,0.007451818658603293,-0.7999999999999972,-0.024242424242424156,-0.7999999999999972,-0.024242424242424156,-1.1999999999999957,-0.035928143712574724,32.2,32.25,32.2,33.0,32.2,33.4,0.0,0.0,0.0,3,2,2,32.2,0.0,SAME,1.0
BNBL,2023-02-03,32.2,32.2,32.25,32.25,33.0,33.4,0.0,-0.04999999999999716,-0.04999999999999716,0.0,-0.0015503875968991832,-0.0015503875968991832,0.0,-0.001551590691418833,32.21666666666667,32.38,32.795,32.262109269027135,32.389588116004376,32.62401086213711,0.0008951166964202055,0.010013137235118569,0.007451818658603293,-0.04999999999999716,-0.0015503875968991367,-0.7999999999999972,-0.024242424242424156,-1.1999999999999957,-0.035928143712574724,32.2,32.25,32.2,33.0,32.2,33.35,0.0,0.0,0.0,4,2,3,32.2,0.0,SAME,1.0
BNBL,2023-02-06,32.2,32.2,32.2,32.25,33.0,33.35,0.0,0.0,-0.04999999999999716,0.0,0.0,-0.0015503875968991832,0.0,0.0,32.2,32.220000000000006,32.68000000000001,32.23105463451357,32.32639207733625,32.54691797811218,0.0008951166964202055,0.010013137235118569,0.007514137710056284,-0.04999999999999716,-0.0015503875968991367,-0.7999999999999972,-0.024242424242424156,-1.1499999999999986,-0.03448275862068961,32.2,32.2,32.2,32.25,32.2,33.35,,0.0,0.0,0,2,6,32.25,0.04999999999999716,UP,2.0
BNBL,2023-02-07,32.25,32.2,32.2,32.2,32.25,33.35,0.04999999999999716,0.04999999999999716,0.04999999999999716,0.0015527950310558758,0.0015527950310558758,0.0015527950310558758,0.00155159069141885,0.00155159069141885,32.21666666666667,32.220000000000006,32.57000000000001,32.240527317256785,32.300928051557506,32.49293289118269,0.00089650662917866,0.0010971409378397927,0.007609419096732723,0.04999999999999716,0.0015527950310558123,0.0,0.0,-1.1000000000000014,-0.032983508245877105,32.2,32.25,32.2,32.25,32.2,33.35,1.0,1.0,0.0434782608695628,1,2,7,32.26,0.00999999999999801,UP,2.0
BNBL,2023-02-08,32.26,32.25,32.2,32.2,32.25,33.35,0.00999999999999801,0.05999999999999517,0.05999999999999517,0.00031007751937983663,0.0018633540372670065,0.0018633540372670065,0.0003100294552812985,0.0018616201467001076,32.23666666666667,32.222,32.461,32.25026365862839,32.287285367705,32.4505814564222,0.0008217529322883449,0.0011058359742601037,0.007625075558914416,0.05999999999999517,0.0018633540372669304,0.00999999999999801,0.0003100775193797833,-1.0900000000000034,-0.03268365817091464,32.2,32.26,32.2,32.26,32.2,33.0,1.0,1.0,0.07499999999999422,2,2,8,32.26,0.0,SAME,1.0
BNBL,2023-02-09,32.26,32.26,32.25,32.2,32.2,33.0,0.0,0.00999999999999801,0.05999999999999517,0.0,0.00031007751937983663,0.0018633540372670065,0.0,0.0003100294552812985,32.25666666666667,32.234,32.387,32.255131829314195,32.27819024513667,32.41593028252725,0.0008217529322883449,0.000673287020641331,0.0072356960557655,0.05999999999999517,0.0018633540372669304,0.05999999999999517,0.0018633540372669304,-0.740000000000002,-0.022424242424242485,32.25,32.26,32.2,32.26,32.2,33.0,1.0,1.0,0.07499999999999422,3,2,9,32.26,0.0,SAME,1.0
BNBL,2023-02-10,32.26,32.26,32.26,32.25,32.2,33.0,0.0,0.0,0.00999999999999801,0.0,0.0,0.00031007751937983663,0.0,0.0,32.26,32.245999999999995,32.313,32.25756591465709,32.27212683009112,32.387579322067744,0.00017902333929473114,0.000673287020641331,0.0072356960557655,0.00999999999999801,0.0003100775193797833,0.05999999999999517,0.0018633540372669304,-0.740000000000002,-0.022424242424242485,32.26,32.26,32.2,32.26,32.2,33.0,,1.0,0.07499999999999422,4,2,10,33.85,1.5900000000000034,UP,2.0
BNBL,2023-02-13,33.85,32.26,32.26,32.26,32.2,33.0,1.5900000000000034,1.5900000000000034,1.5900000000000034,0.049287042777433454,0.049287042777433454,0.049287042777433454,0.04811092666122129,0.04811092666122129,32.79,32.576,32.398,33.05378295732855,32.798084553394084,32.6534739907827,0.028455887415111892,0.02184294587854056,0.017883700600898292,1.5900000000000034,0.04928704277743346,1.6499999999999986,0.05124223602484467,0.8500000000000014,0.025757575757575802,32.26,33.85,32.25,33.85,32.2,33.85,1.0,1.0,1.0,0,2,13,33.85,0.0,SAME,1.0
BNBL,2023-02-14,33.85,33.85,32.26,32.26,32.25,32.25,0.0,1.5900000000000034,1.5900000000000034,0.0,0.049287042777433454,0.049287042777433454,0.0,0.04811092666122129,33.32,32.896,32.558,33.45189147866428,33.148723035596056,32.871024174276755,0.028455887415111892,0.022007577476094792,0.01559242085404937,1.5900000000000034,0.04928704277743346,1.6000000000000014,0.049612403100775235,1.6000000000000014,0.049612403100775235,32.26,33.85,32.26,33.85,32.2,33.85,1.0,1.0,1.0,1,2,14,33.85,0.0,SAME,1.0
BNBL,2023-02-15,33.85,33.85,33.85,32.26,32.26,32.25,0.0,0.0,1.5900000000000034,0.0,0.0,0.049287042777433454,0.0,0.0,33.85,33.214,32.718,33.650945739332144,33.38248202373071,33.049019778953706,0.028455887415111892,0.022041835612056207,0.01559242085404937,1.5900000000000034,0.04928704277743346,1.5900000000000034,0.04928704277743346,1.6000000000000014,0.049612403100775235,33.85,33.85,32.26,33.85,32.2,33.85,,1.0,1.0,2,2,15,33.85,0.0,SAME,1.0
BNBL,2023-02-16,33.85,33.85,33.85,33.85,32.26,32.2,0.0,0.0,0.0,0.0,0.0,0.0,0.0,0.0,33.85,33.532,32.882999999999996,33.75047286966607,33.53832134915381,33.19465254641667,0.0,0.022041835612056207,0.01552806964613235,0.0,0.0,1.5900000000000034,0.04928704277743346,1.6499999999999986,0.05124223602484467,33.85,33.85,32.26,33.85,32.2,33.85,,1.0,1.0,3,2,16,33.85,0.0,SAME,1.0
BNBL,2023-02-17,33.85,33.85,33.85,33.85,32.26,32.2,0.0,0.0,0.0,0.0,0.0,0.0,0.0,0.0,33.85,33.85,33.048,33.80023643483304,33.64221423276921,33.31380662888636,0.0,0.022041835612056207,0.01552806964613235,0.0,0.0,1.5900000000000034,0.04928704277743346,1.6499999999999986,0.05124223602484467,33.85,33.85,33.85,33.85,32.2,33.85,,,1.0,4,2,17,33.85,0.0,SAME,1.0
BNBL,2023-02-20,33.85,33.85,33.85,33.85,33.85,32.2,0.0,0.0,0.0,0.0,0.0,0.0,0.0,0.0,33.85,33.85,33.213,33.82511821741652,33.711476155179476,33.4112963327252,0.0,0.0,0.01552806964613235,0.0,0.0,0.0,0.0,1.6499999999999986,0.05124223602484467,33.85,33.85,33.85,33.85,32.25,33.85,,,1.0,0,2,20,33.85,0.0,SAME,1.0
BNBL,2023-02-24,33.85,33.85,33.85,33.85,33.85,32.25,0.0,0.0,0.0,0.0,0.0,0.0,0.0,0.0,33.85,33.85,33.373,33.83755910870826,33.75765077011965,33.49106063586607,0.0,0.0,0.015575341264814576,0.0,0.0,0.0,0.0,1.6000000000000014,0.049612403100775235,33.85,33.85,33.85,33.85,32.26,33.85,,,1.0,4,2,24,33.85,0.0,SAME,1.0
BNBL,2023-02-27,33.85,33.85,33.85,33.85,33.85,32.26,0.0,0.0,0.0,0.0,0.0,0.0,0.0,0.0,33.85,33.85,33.532,33.84377955435413,33.788433846746436,33.556322338435876,0.0,0.0,0.015585931431084101,0.0,0.0,0.0,0.0,1.5900000000000034,0.04928704277743346,33.85,33.85,33.85,33.85,32.26,33.85,,,1.0,0,2,27,33.85,0.0,SAME,1.0
BNBL,2023-02-28,33.85,33.85,33.85,33.85,33.85,32.26,0.0,0.0,0.0,0.0,0.0,0.0,0.0,0.0,33.85,33.85,33.690999999999995,33.84688977717707,33.80895589783096,33.60971827690208,0.0,0.0,0.015585931431084101,0.0,0.0,0.0,0.0,1.5900000000000034,0.04928704277743346,33.85,33.85,33.85,33.85,32.26,33.85,,,1.0,1,2,28,34.0,0.14999999999999858,UP,2.0
BNBL,2023-03-01,34.0,33.85,33.85,33.85,33.85,32.26,0.14999999999999858,0.14999999999999858,0.14999999999999858,0.004431314623338123,0.004431314623338123,0.004431314623338123,0.004421525257877256,0.004421525257877256,33.9,33.879999999999995,33.864999999999995,33.923444888588534,33.872637265220646,33.680678590192606,0.002558420690648973,0.0019817441454941325,0.015492948011745576,0.14999999999999858,0.004431314623338215,0.14999999999999858,0.004431314623338215,1.740000000000002,0.053936763794172414,33.85,34.0,33.85,34.0,33.85,34.0,1.0,1.0,1.0,2,3,1,34.0,0.0,SAME,1.0
BNBL,2023-03-02,34.0,34.0,33.85,33.85,33.85,33.85,0.0,0.14999999999999858,0.14999999999999858,0.0,0.004431314623338123,0.004431314623338123,0.0,0.004421525257877256,33.949999999999996,33.910000000000004,33.879999999999995,33.96172244429427,33.9150915101471,33.7387370283394,0.002558420690648973,0.0019817441454941325,0.0014013047238558788,0.14999999999999858,0.004431314623338215,0.14999999999999858,0.004431314623338215,0.14999999999999858,0.004431314623338215,33.85,34.0,33.85,34.0,33.85,34.0,1.0,1.0,1.0,3,3,2,34.0,0.0,SAME,1.0
BNBL,2023-03-03,34.0,34.0,34.0,33.85,33.85,33.85,0.0,0.0,0.14999999999999858,0.0,0.0,0.004431314623338123,0.0,0.0,34.0,33.94,33.895,33.980861222147134,33.94339434009807,33.78623938682314,0.002558420690648973,0.0019817441454941325,0.0014013047238558788,0.14999999999999858,0.004431314623338215,0.14999999999999858,0.004431314623338215,0.14999999999999858,0.004431314623338215,34.0,34.0,33.85,34.0,33.85,34.0,,1.0,1.0,4,3,3,34.0,0.0,SAME,1.0
BNBL,2023-03-06,34.0,34.0,34.0,34.0,33.85,33.85,0.0,0.0,0.0,0.0,0.0,0.0,0.0,0.0,34.0,33.970000000000006,33.910000000000004,33.99043061107356,33.962262893398716,33.8251049528553,0.0,0.0019817441454941325,0.0014013047238558788,0.0,0.0,0.14999999999999858,0.004431314623338215,0.14999999999999858,0.004431314623338215,34.0,34.0,33.85,34.0,33.85,34.0,,1.0,1.0,0,3,6,33.5,-0.5,DOWN,0.0
BNBL,2023-03-07,33.5,34.0,34.0,34.0,33.85,33.85,-0.5,-0.5,-0.5,-0.014705882352941124,-0.014705882352941124,-0.014705882352941124,-0.014815085785140587,-0.014815085785140587,33.833333333333336,33.9,33.875,33.74521530553678,33.80817526226581,33.76599496142706,0.008490445135141734,0.0073277925848018585,0.005003808003983159,-0.5,-0.014705882352941176,-0.3500000000000014,-0.010339734121122641,-0.3500000000000014,-0.010339734121122641,33.5,34.0,33.5,34.0,33.5,34.0,0.0,0.0,0.0,1,3,7,33.5,0.0,SAME,1.0
BNBL,2023-03-08,33.5,33.5,34.0,34.0,34.0,33.85,0.0,-0.5,-0.5,0.0,-0.014705882352941124,-0.014705882352941124,0.0,-0.014815085785140587,33.666666666666664,33.8,33.839999999999996,33.622607652768394,33.705450174843875,33.71763224116759,0.008490445135141734,0.006576670522058046,0.005003808003983159,-0.5,-0.014705882352941176,-0.5,-0.014705882352941176,-0.3500000000000014,-0.010339734121122641,33.5,34.0,33.5,34.0,33.5,34.0,0.0,0.0,0.0,2,3,8,33.5,0.0,SAME,1.0
BNBL,2023-03-09,33.5,33.5,33.5,34.0,34.0,33.85,0.0,0.0,-0.5,0.0,0.0,-0.014705882352941124,0.0,0.0,33.5,33.7,33.80499999999999,33.5613038263842,33.636966783229255,33.678062742773484,0.008490445135141734,0.006576670522058046,0.005003808003983159,-0.5,-0.014705882352941176,-0.5,-0.014705882352941176,-0.3500000000000014,-0.010339734121122641,33.5,33.5,33.5,34.0,33.5,34.0,,0.0,0.0,3,3,9,33.5,0.0,SAME,1.0
BNBL,2023-03-10,33.5,33.5,33.5,33.5,34.0,33.85,0.0,0.0,0.0,0.0,0.0,0.0,0.0,0.0,33.5,33.6,33.77,33.5306519131921,33.5913111888195,33.64568769863285,0.0,0.006576670522058046,0.005003808003983159,0.0,0.0,-0.5,-0.014705882352941176,-0.3500000000000014,-0.010339734121122641,33.5,33.5,33.5,34.0,33.5,34.0,,0.0,0.0,4,3,10,33.5,0.0,SAME,1.0
BNBL,2023-03-13,33.5,33.5,33.5,33.5,34.0,33.85,0.0,0.0,0.0,0.0,0.0,0.0,0.0,0.0,33.5,33.5,33.735,33.51532595659605,33.56087412587967,33.61919902615415,0.0,0.006576670522058046,0.005003808003983159,0.0,0.0,-0.5,-0.014705882352941176,-0.3500000000000014,-0.010339734121122641,33.5,33.5,33.5,33.5,33.5,34.0,,,0.0,0,3,13,35.6,2.1000000000000014,UP,2.0
BNBL,2023-03-14,35.6,33.5,33.5,33.5,33.5,33.85,2.1000000000000014,2.1000000000000014,2.1000000000000014,0.0626865671641792,0.0626865671641792,0.0626865671641792,0.06080019902696411,0.06080019902696411,34.199999999999996,33.92,33.91,34.557662978298026,34.240582750586455,33.97934465776248,0.03619210642681248,0.02803428509104215,0.02079210175744012,2.1000000000000014,0.06268656716417914,2.1000000000000014,0.06268656716417914,1.75,0.051698670605613,33.5,35.6,33.5,35.6,33.5,35.6,1.0,1.0,1.0,1,3,14,37.35,1.75,UP,2.0
BNBL,2023-03-15,37.35,35.6,33.5,33.5,33.5,34.0,1.75,3.8500000000000014,3.8500000000000014,0.04915730337078661,0.11492537313432849,0.11492537313432849,0.047987273720841626,0.10878747274780567,35.483333333333334,34.690000000000005,34.245000000000005,35.95383148914901,35.27705516705764,34.592191083623845,0.032987591496167014,0.03100095120423022,0.024986063400957752,3.8500000000000014,0.1149253731343284,3.8500000000000014,0.1149253731343284,3.3500000000000014,0.09852941176470592,33.5,37.35,33.5,37.35,33.5,37.35,1.0,1.0,1.0,2,3,15,37.3,-0.05000000000000426,DOWN,0.0
BNBL,2023-03-16,37.3,37.35,35.6,33.5,33.5,34.0,-0.05000000000000426,1.6999999999999957,3.799999999999997,-0.0013386880856761652,0.047752808988763995,0.11343283582089536,-0.0013395849290565834,0.04664768879178504,36.75,35.45,34.575,36.626915744574504,35.95137011137176,35.08451997751042,0.03374443026083845,0.031247236652531627,0.02504740095008961,3.799999999999997,0.11343283582089543,3.799999999999997,0.11343283582089543,3.299999999999997,0.09705882352941168,35.6,37.35,33.5,37.35,33.5,37.35,0.971428571428569,0.9870129870129859,0.9870129870129859,3,3,16,38.0,0.7000000000000028,UP,2.0
BNBL,2023-03-17,38.0,37.3,37.35,35.6,33.5,34.0,0.7000000000000028,0.6499999999999986,2.3999999999999986,0.018766756032171594,0.01740294511378848,0.0674157303370786,0.018592833076615925,0.01725324814755945,37.550000000000004,36.35,34.975,37.31345787228725,36.634246740914506,35.6146072543267,0.025421970169808156,0.028973188379636142,0.024952742555507022,2.3999999999999986,0.06741573033707861,4.5,0.13432835820895522,4.0,0.11764705882352941,37.3,38.0,33.5,38.0,33.5,38.0,1.0,1.0,1.0,4,3,17,38.0,0.0,SAME,1.0
BNBL,2023-03-20,38.0,38.0,37.3,37.35,33.5,34.0,0.0,0.7000000000000028,0.6499999999999986,0.0,0.018766756032171594,0.01740294511378848,0.0,0.018592833076615925,37.766666666666666,37.25,35.375,37.65672893614362,37.08949782727634,36.048315026267296,0.01124138263247087,0.028973188379636142,0.024952742555507022,0.6499999999999986,0.017402945113788447,4.5,0.13432835820895522,4.0,0.11764705882352941,37.3,38.0,35.6,38.0,33.5,38.0,1.0,1.0,1.0,0,3,20,38.0,0.0,SAME,1.0
BNBL,2023-03-21,38.0,38.0,38.0,37.3,35.6,33.5,0.0,0.0,0.7000000000000028,0.0,0.0,0.018766756032171594,0.0,0.0,38.0,37.73,35.825,37.82836446807181,37.392998551517564,36.40316683967324,0.010834991646990512,0.021700814257518405,0.02363825991763496,0.7000000000000028,0.01876675603217166,2.3999999999999986,0.06741573033707861,4.5,0.13432835820895522,38.0,38.0,37.3,38.0,33.5,38.0,,1.0,1.0,1,3,21,38.0,0.0,SAME,1.0
BNBL,2023-03-22,38.0,38.0,38.0,38.0,37.35,33.5,0.0,0.0,0.0,0.0,0.0,0.0,0.0,0.0,38.0,37.86,36.275,37.914182234035906,37.59533236767838,36.69350014155083,0.0,0.008562063234002661,0.02363825991763496,0.0,0.0,0.6499999999999986,0.017402945113788447,4.5,0.13432835820895522,38.0,38.0,37.3,38.0,33.5,38.0,,1.0,1.0,2,3,22,29.3,-8.7,DOWN,0.0
BNBL,2023-03-23,29.3,38.0,38.0,38.0,37.3,33.5,-8.7,-8.7,-8.7,-0.22894736842105257,-0.22894736842105257,-0.22894736842105257,-0.25999864370336406,-0.25999864370336406,35.1,36.26,35.855000000000004,33.60709111701795,34.83022157845225,35.349227388541586,0.1321828247881511,0.10480208809234577,0.0803626556228696,-8.7,-0.22894736842105262,-7.9999999999999964,-0.21447721179624657,-4.199999999999999,-0.1253731343283582,29.3,38.0,29.3,38.0,29.3,38.0,0.0,0.0,0.0,3,3,23,29.3,0.0,SAME,1.0
BNBL,2023-03-24,29.3,29.3,38.0,38.0,38.0,33.5,0.0,-8.7,-8.7,0.0,-0.22894736842105257,-0.22894736842105257,0.0,-0.25999864370336406,32.199999999999996,34.52,35.434999999999995,31.453545558508978,32.98681438563484,34.249367863352205,0.1321828247881511,0.10238837581183244,0.0803626556228696,-8.7,-0.22894736842105262,-8.7,-0.22894736842105262,-4.199999999999999,-0.1253731343283582,29.3,38.0,29.3,38.0,29.3,38.0,0.0,0.0,0.0,4,3,24,29.3,0.0,SAME,1.0
BNBL,2023-03-27,29.3,29.3,29.3,38.0,38.0,33.5,0.0,0.0,-8.7,0.0,0.0,-0.22894736842105257,0.0,0.0,29.3,32.78,35.015,30.376772779254487,31.757876257089894,33.34948279728817,0.1321828247881511,0.10238837581183244,0.0803626556228696,-8.7,-0.22894736842105262,-8.7,-0.22894736842105262,-4.199999999999999,-0.1253731343283582,29.3,29.3,29.3,38.0,29.3,38.0,,0.0,0.0,0,3,27,29.73,0.4299999999999997,UP,2.0
BNBL,2023-03-28,29.73,29.3,29.3,29.3,38.0,35.6,0.4299999999999997,0.4299999999999997,0.4299999999999997,0.014675767918088667,0.014675767918088667,0.014675767918088667,0.014569120986984622,0.014569120986984622,29.44333333333334,31.125999999999998,34.428000000000004,30.053386389627242,31.081917504726597,32.691395015963046,0.008473058558073407,0.10422309234820566,0.07689934050739572,0.4299999999999997,0.014675767918088728,-8.27,-0.2176315789473684,-5.870000000000001,-0.1648876404494382,29.3,29.73,29.3,38.0,29.3,38.0,1.0,0.04942528735632181,0.04942528735632181,1,3,28,29.0,-0.7300000000000004,DOWN,0.0
BNBL,2023-03-29,29.0,29.73,29.3,29.3,38.0,37.35,-0.7300000000000004,-0.3000000000000007,-0.3000000000000007,-0.024554322233434234,-0.010238907849829393,-0.010238907849829393,-0.02486080702353228,-0.010291686036547636,29.343333333333334,29.326,33.593,29.52669319481362,30.387945003151067,32.02023228578794,0.019821254911607626,0.102259016884913,0.07355079319646222,-0.3000000000000007,-0.010238907849829375,-9.0,-0.23684210526315788,-8.350000000000001,-0.2235609103078983,29.0,29.73,29.0,29.73,29.0,38.0,0.0,0.0,0.0,2,3,29,29.0,0.0,SAME,1.0
BNBL,2023-03-30,29.0,29.0,29.73,29.3,29.3,37.3,0.0,-0.7300000000000004,-0.3000000000000007,0.0,-0.024554322233434234,-0.010238907849829393,0.0,-0.02486080702353228,29.243333333333336,29.266000000000002,32.763,29.26334659740681,29.92529666876738,31.471099142917407,0.019821254911607626,0.014131310424520687,0.0735940651729844,-0.3000000000000007,-0.010238907849829375,-0.3000000000000007,-0.010238907849829375,-8.299999999999997,-0.22252010723860585,29.0,29.73,29.0,29.73,29.0,38.0,0.0,0.0,0.0,3,3,30,29.0,0.0,SAME,1.0
BNBL,2023-03-31,29.0,29.0,29.0,29.73,29.3,38.0,0.0,0.0,-0.7300000000000004,0.0,0.0,-0.024554322233434234,0.0,0.0,29.0,29.206,31.863,29.131673298703404,29.616864445844925,31.021808389659697,0.014176444551242277,0.014131310424520687,0.07267233026412681,-0.7300000000000004,-0.024554322233434255,-0.3000000000000007,-0.010238907849829375,-9.0,-0.23684210526315788,29.0,29.0,29.0,29.73,29.0,38.0,,0.0,0.0,4,3,31,29.0,0.0,SAME,1.0
BNBL,2023-04-03,29.0,29.0,29.0,29.0,29.3,38.0,0.0,0.0,0.0,0.0,0.0,0.0,0.0,0.0,29.0,29.145999999999997,30.963,29.065836649351702,29.41124296389662,30.654206864267024,0.0,0.014131310424520687,0.07267233026412681,0.0,0.0,-0.3000000000000007,-0.010238907849829375,-9.0,-0.23684210526315788,29.0,29.0,29.0,29.73,29.0,38.0,,0.0,0.0,0,4,3,29.0,0.0,SAME,1.0
BNBL,2023-04-04,29.0,29.0,29.0,29.0,29.73,38.0,0.0,0.0,0.0,0.0,0.0,0.0,0.0,0.0,29.0,29.0,30.063,29.03291832467585,29.27416197593108,30.353441979854836,0.0,0.010981026731078583,0.07267233026412681,0.0,0.0,-0.7300000000000004,-0.024554322233434255,-9.0,-0.23684210526315788,29.0,29.0,29.0,29.0,29.0,38.0,,,0.0,1,4,4,29.0,0.0,SAME,1.0
BNBL,2023-04-05,29.0,29.0,29.0,29.0,29.0,38.0,0.0,0.0,0.0,0.0,0.0,0.0,0.0,0.0,29.0,29.0,29.163,29.016459162337924,29.182774650620722,30.107361619881228,0.0,0.0,0.07267233026412681,0.0,0.0,0.0,0.0,-9.0,-0.23684210526315788,29.0,29.0,29.0,29.0,29.0,29.73,,,0.0,2,4,5,29.0,0.0,SAME,1.0
BNBL,2023-04-06,29.0,29.0,29.0,29.0,29.0,29.3,0.0,0.0,0.0,0.0,0.0,0.0,0.0,0.0,29.0,29.0,29.133000000000003,29.008229581168962,29.121849767080484,29.906023143539187,0.0,0.0,0.009478245974585922,0.0,0.0,0.0,0.0,-0.3000000000000007,-0.010238907849829375,29.0,29.0,29.0,29.0,29.0,29.73,,,0.0,3,4,6,29.0,0.0,SAME,1.0
BNBL,2023-04-07,29.0,29.0,29.0,29.0,29.0,29.3,0.0,0.0,0.0,0.0,0.0,0.0,0.0,0.0,29.0,29.0,29.103,29.00411479058448,29.081233178053658,29.741291662895698,0.0,0.0,0.009478245974585922,0.0,0.0,0.0,0.0,-0.3000000000000007,-0.010238907849829375,29.0,29.0,29.0,29.0,29.0,29.73,,,0.0,4,4,7,29.0,0.0,SAME,1.0
BNBL,2023-04-10,29.0,29.0,29.0,29.0,29.0,29.3,0.0,0.0,0.0,0.0,0.0,0.0,0.0,0.0,29.0,29.0,29.073,29.00205739529224,29.054155452035772,29.606511360551025,0.0,0.0,0.009478245974585922,0.0,0.0,0.0,0.0,-0.3000000000000007,-0.010238907849829375,29.0,29.0,29.0,29.0,29.0,29.73,,,0.0,0,4,10,29.0,0.0,SAME,1.0
BNBL,2023-04-11,29.0,29.0,29.0,29.0,29.0,29.73,0.0,0.0,0.0,0.0,0.0,0.0,0.0,0.0,29.0,29.0,29.0,29.00102869764612,29.03610363469052,29.496236567723564,0.0,0.0,0.007764758465936397,0.0,0.0,0.0,0.0,-0.7300000000000004,-0.024554322233434255,29.0,29.0,29.0,29.0,29.0,29.0,,,,1,4,11,29.0,0.0,SAME,1.0
BNBL,2023-04-12,29.0,29.0,29.0,29.0,29.0,29.0,0.0,0.0,0.0,0.0,0.0,0.0,0.0,0.0,29.0,29.0,29.0,29.00051434882306,29.024069089793684,29.40601173722837,0.0,0.0,0.0,0.0,0.0,0.0,0.0,0.0,0.0,29.0,29.0,29.0,29.0,29.0,29.0,,,,2,4,12,29.0,0.0,SAME,1.0
BNBL,2023-04-13,29.0,29.0,29.0,29.0,29.0,29.0,0.0,0.0,0.0,0.0,0.0,0.0,0.0,0.0,29.0,29.0,29.0,29.00025717441153,29.01604605986246,29.332191421368663,0.0,0.0,0.0,0.0,0.0,0.0,0.0,0.0,0.0,29.0,29.0,29.0,29.0,29.0,29.0,,,,3,4,13,27.55,-1.4499999999999993,DOWN,0.0
BNBL,2023-04-14,27.55,29.0,29.0,29.0,29.0,29.0,-1.4499999999999993,-1.4499999999999993,-1.4499999999999993,-0.04999999999999993,-0.04999999999999993,-0.04999999999999993,-0.05129329438755046,-0.05129329438755046,28.516666666666666,28.71,28.854999999999997,28.275128587205764,28.52736403990831,29.00815661748345,0.028867513459481336,0.022360679774997817,0.015811388300841833,-1.4499999999999993,-0.049999999999999975,-1.4499999999999993,-0.049999999999999975,-1.4499999999999993,-0.049999999999999975,27.55,29.0,27.55,29.0,27.55,29.0,0.0,0.0,0.0,4,4,14,27.55,0.0,SAME,1.0
BNBL,2023-04-17,27.55,27.55,29.0,29.0,29.0,29.0,0.0,-1.4499999999999993,-1.4499999999999993,0.0,-0.04999999999999993,-0.04999999999999993,0.0,-0.05129329438755046,28.03333333333333,28.420000000000005,28.709999999999997,27.912564293602884,28.201576026605544,28.743037232486458,0.028867513459481336,0.022360679774997817,0.015811388300841833,-1.4499999999999993,-0.049999999999999975,-1.4499999999999993,-0.049999999999999975,-1.4499999999999993,-0.049999999999999975,27.55,29.0,27.55,29.0,27.55,29.0,0.0,0.0,0.0,0,4,17,27.0,-0.5500000000000007,DOWN,0.0
BNBL,2023-04-18,27.0,27.55,27.55,29.0,29.0,29.0,-0.5500000000000007,-0.5500000000000007,-2.0,-0.019963702359346636,-0.019963702359346636,-0.06896551724137934,-0.020165669594594413,-0.020165669594594413,27.366666666666664,28.020000000000003,28.509999999999998,27.456282146801442,27.801050684403698,28.426121372034373,0.02516852726406042,0.02190642304397913,0.016360716661530175,-2.0,-0.06896551724137931,-2.0,-0.06896551724137931,-2.0,-0.06896551724137931,27.0,27.55,27.0,29.0,27.0,29.0,0.0,0.0,0.0,1,4,18,27.0,0.0,SAME,1.0
BNBL,2023-04-19,27.0,27.0,27.55,27.55,29.0,29.0,0.0,-0.5500000000000007,-0.5500000000000007,0.0,-0.019963702359346636,-0.019963702359346636,0.0,-0.020165669594594413,27.183333333333337,27.620000000000005,28.309999999999995,27.22814107340072,27.534033789602468,28.166826577119032,0.011526048931190608,0.02190642304397913,0.016360716661530175,-0.5500000000000007,-0.019963702359346667,-2.0,-0.06896551724137931,-2.0,-0.06896551724137931,27.0,27.55,27.0,29.0,27.0,29.0,0.0,0.0,0.0,2,4,19,27.0,0.0,SAME,1.0
BNBL,2023-04-21,27.0,27.0,27.0,27.55,29.0,29.0,0.0,0.0,-0.5500000000000007,0.0,0.0,-0.019963702359346636,0.0,0.0,27.0,27.220000000000006,28.110000000000003,27.11407053670036,27.35602252640165,27.954676290370116,0.011526048931190608,0.02190642304397913,0.016360716661530175,-0.5500000000000007,-0.019963702359346667,-2.0,-0.06896551724137931,-2.0,-0.06896551724137931,27.0,27.0,27.0,27.55,27.0,29.0,,0.0,0.0,4,4,21,27.0,0.0,SAME,1.0
BNBL,2023-04-24,27.0,27.0,27.0,27.0,27.55,29.0,0.0,0.0,0.0,0.0,0.0,0.0,0.0,0.0,27.0,27.110000000000003,27.910000000000004,27.05703526835018,27.237348350934436,27.781098783030096,0.0,0.008928039111614274,0.016360716661530175,0.0,0.0,-0.5500000000000007,-0.019963702359346667,-2.0,-0.06896551724137931,27.0,27.0,27.0,27.55,27.0,29.0,,0.0,0.0,0,4,24,27.0,0.0,SAME,1.0
BNBL,2023-04-25,27.0,27.0,27.0,27.0,27.55,29.0,0.0,0.0,0.0,0.0,0.0,0.0,0.0,0.0,27.0,27.0,27.71,27.02851763417509,27.158232233956294,27.63908082247917,0.0,0.008928039111614274,0.016360716661530175,0.0,0.0,-0.5500000000000007,-0.019963702359346667,-2.0,-0.06896551724137931,27.0,27.0,27.0,27.0,27.0,29.0,,,0.0,1,4,25,28.4,1.3999999999999986,UP,2.0
BNBL,2023-04-26,28.4,27.0,27.0,27.0,27.0,29.0,1.3999999999999986,1.3999999999999986,1.3999999999999986,0.051851851851851816,0.051851851851851816,0.051851851851851816,0.05055227916283125,0.05055227916283125,27.46666666666667,27.28,27.65,27.714258817087543,27.57215482263753,27.77742976384659,0.02993668062464739,0.023188853099997752,0.02484252635094902,1.3999999999999986,0.0518518518518518,1.3999999999999986,0.0518518518518518,-0.6000000000000014,-0.02068965517241384,27.0,28.4,27.0,28.4,27.0,29.0,1.0,1.0,0.6999999999999993,2,4,26,28.4,0.0,SAME,1.0
BNBL,2023-04-27,28.4,28.4,27.0,27.0,27.0,29.0,0.0,1.3999999999999986,1.3999999999999986,0.0,0.051851851851851816,0.051851851851851816,0.0,0.05055227916283125,27.933333333333334,27.560000000000002,27.589999999999996,28.057129408543773,27.848103215091687,27.89062435223812,0.02993668062464739,0.023188853099997755,0.02484252635094902,1.3999999999999986,0.0518518518518518,1.3999999999999986,0.0518518518518518,-0.6000000000000014,-0.02068965517241384,27.0,28.4,27.0,28.4,27.0,29.0,1.0,1.0,0.6999999999999993,3,4,27,28.4,0.0,SAME,1.0
BNBL,2023-04-28,28.4,28.4,28.4,27.0,27.0,29.0,0.0,0.0,1.3999999999999986,0.0,0.0,0.051851851851851816,0.0,0.0,28.4,27.839999999999996,27.53,28.228564704271886,28.032068810061126,27.983238106376643,0.02993668062464739,0.023188853099997755,0.02484252635094902,1.3999999999999986,0.0518518518518518,1.3999999999999986,0.0518518518518518,-0.6000000000000014,-0.02068965517241384,28.4,28.4,27.0,28.4,27.0,28.4,,1.0,1.0,4,4,28,29.09,0.6900000000000013,UP,2.0
BNBL,2023-05-01,29.09,28.4,28.4,28.4,27.0,27.55,0.6900000000000013,0.6900000000000013,0.6900000000000013,0.024295774647887347,0.024295774647887347,0.024295774647887347,0.02400532733994993,0.02400532733994993,28.63,28.258,27.683999999999997,28.659282352135943,28.384712540040752,28.184467541580887,0.014027172033128529,0.02301742275917609,0.019326968161723735,0.6900000000000013,0.02429577464788737,2.09,0.0774074074074074,1.5399999999999991,0.05589836660617056,28.4,29.09,27.0,29.09,27.0,29.09,1.0,1.0,1.0,0,5,1,29.09,0.0,SAME,1.0
BNBL,2023-05-03,29.09,29.09,28.4,28.4,27.0,27.55,0.0,0.6900000000000013,0.6900000000000013,0.0,0.024295774647887347,0.024295774647887347,0.0,0.02400532733994993,28.86,28.676,27.838,28.87464117606797,28.619808360027168,28.349109806747997,0.014027172033128529,0.02301742275917609,0.019326968161723735,0.6900000000000013,0.02429577464788737,2.09,0.0774074074074074,1.5399999999999991,0.05589836660617056,28.4,29.09,28.4,29.09,27.0,29.09,1.0,1.0,1.0,2,5,3,29.0,-0.08999999999999986,DOWN,0.0
BNBL,2023-05-04,29.0,29.09,29.09,28.4,28.4,27.0,-0.08999999999999986,-0.08999999999999986,0.6000000000000014,-0.003093846682708845,-0.003093846682708845,0.021126760563380254,-0.0030986425206362476,-0.0030986425206362476,29.060000000000002,28.796,28.038,28.937320588033984,28.746538906684783,28.46745347824836,0.015000266162474869,0.011291060658203256,0.017495350553624542,0.6000000000000014,0.021126760563380333,0.6000000000000014,0.021126760563380333,2.0,0.07407407407407407,29.0,29.09,28.4,29.09,27.0,29.09,0.0,0.8695652173913048,0.9569377990430623,3,5,4,29.0,0.0,SAME,1.0
BNBL,2023-05-05,29.0,29.0,29.09,29.09,28.4,27.0,0.0,-0.08999999999999986,-0.08999999999999986,0.0,-0.003093846682708845,-0.003093846682708845,0.0,-0.0030986425206362476,29.03,28.915999999999997,28.238,28.968660294016992,28.83102593778986,28.56428011856684,0.0017862332150953412,0.011291060658203256,0.017495350553624542,-0.08999999999999986,-0.00309384668270883,0.6000000000000014,0.021126760563380333,2.0,0.07407407407407407,29.0,29.09,28.4,29.09,27.0,29.09,0.0,0.8695652173913048,0.9569377990430623,4,5,5,29.0,0.0,SAME,1.0
BNBL,2023-05-08,29.0,29.0,29.0,29.09,28.4,27.0,0.0,0.0,-0.08999999999999986,0.0,0.0,-0.003093846682708845,0.0,0.0,29.0,29.036,28.438,28.984330147008496,28.887350625193243,28.64350191519105,0.0017862332150953412,0.011291060658203256,0.017495350553624542,-0.08999999999999986,-0.00309384668270883,0.6000000000000014,0.021126760563380333,2.0,0.07407407407407407,29.0,29.0,29.0,29.09,27.0,29.09,,0.0,0.9569377990430623,0,5,8,29.0,0.0,SAME,1.0
BNBL,2023-05-09,29.0,29.0,29.0,29.0,29.09,27.0,0.0,0.0,0.0,0.0,0.0,0.0,0.0,0.0,29.0,29.018,28.637999999999998,28.992165073504246,28.924900416795495,28.708319748792675,0.0,0.001383610298899021,0.017495350553624542,0.0,0.0,-0.08999999999999986,-0.00309384668270883,2.0,0.07407407407407407,29.0,29.0,29.0,29.09,27.0,29.09,,0.0,0.9569377990430623,1,5,9,29.0,0.0,SAME,1.0
BNBL,2023-05-10,29.0,29.0,29.0,29.0,29.09,27.0,0.0,0.0,0.0,0.0,0.0,0.0,0.0,0.0,29.0,29.0,28.838,28.996082536752123,28.949933611196997,28.76135252173946,0.0,0.001383610298899021,0.017495350553624542,0.0,0.0,-0.08999999999999986,-0.00309384668270883,2.0,0.07407407407407407,29.0,29.0,29.0,29.0,28.4,29.09,,,0.8695652173913048,2,5,10,29.0,0.0,SAME,1.0
BNBL,2023-05-11,29.0,29.0,29.0,29.0,29.0,28.4,0.0,0.0,0.0,0.0,0.0,0.0,0.0,0.0,29.0,29.0,28.898000000000003,28.998041268376063,28.96662240746467,28.804742972332285,0.0,0.0,0.007852136143135116,0.0,0.0,0.0,0.0,0.6000000000000014,0.021126760563380333,29.0,29.0,29.0,29.0,28.4,29.09,,,0.8695652173913048,3,5,11,28.6,-0.3999999999999986,DOWN,0.0
BNBL,2023-05-12,28.6,29.0,29.0,29.0,29.0,28.4,-0.3999999999999986,-0.3999999999999986,-0.3999999999999986,-0.013793103448275779,-0.013793103448275779,-0.013793103448275779,-0.013889112160667037,-0.013889112160667037,28.866666666666664,28.919999999999998,28.918,28.799020634188032,28.844414938309782,28.767516977362778,0.007963451988822791,0.006168463386206096,0.009337006346906988,-0.3999999999999986,-0.013793103448275813,-0.3999999999999986,-0.013793103448275813,0.20000000000000284,0.007042253521126861,28.6,29.0,28.6,29.0,28.4,29.09,0.0,0.0,0.2898550724637717,4,5,12,28.6,0.0,SAME,1.0
BNBL,2023-05-15,28.6,28.6,29.0,29.0,29.0,28.4,0.0,-0.3999999999999986,-0.3999999999999986,0.0,-0.013793103448275779,-0.013793103448275779,0.0,-0.013889112160667037,28.733333333333334,28.839999999999996,28.938,28.699510317094017,28.762943292206522,28.737059345114996,0.007963451988822791,0.006168463386206096,0.009337006346906988,-0.3999999999999986,-0.013793103448275813,-0.3999999999999986,-0.013793103448275813,0.20000000000000284,0.007042253521126861,28.6,29.0,28.6,29.0,28.6,29.09,0.0,0.0,0.0,0,5,15,28.6,0.0,SAME,1.0
BNBL,2023-05-16,28.6,28.6,28.6,29.0,29.0,29.09,0.0,0.0,-0.3999999999999986,0.0,0.0,-0.013793103448275779,0.0,0.0,28.6,28.76,28.889000000000003,28.64975515854701,28.70862886147102,28.712139464184993,0.007963451988822791,0.006168463386206096,0.00436278047883198,-0.3999999999999986,-0.013793103448275813,-0.3999999999999986,-0.013793103448275813,-0.48999999999999844,-0.016844276383636936,28.6,28.6,28.6,29.0,28.6,29.09,,0.0,0.0,1,5,16,29.0,0.3999999999999986,UP,2.0
BNBL,2023-05-17,29.0,28.6,28.6,28.6,29.0,29.09,0.3999999999999986,0.3999999999999986,0.3999999999999986,0.013986013986013957,0.013986013986013957,0.013986013986013957,0.013889112160667093,0.013889112160667093,28.733333333333334,28.76,28.880000000000003,28.824877579273505,28.805752574314013,28.764477743424084,0.008074828939715497,0.009821543247584516,0.006621418396186315,0.3999999999999986,0.013986013986013936,0.0,0.0,-0.08999999999999986,-0.00309384668270883,28.6,29.0,28.6,29.0,28.6,29.0,1.0,1.0,1.0,2,5,17,29.0,0.0,SAME,1.0
BNBL,2023-05-18,29.0,29.0,28.6,28.6,29.0,29.0,0.0,0.3999999999999986,0.3999999999999986,0.0,0.013986013986013957,0.013986013986013957,0.0,0.013889112160667093,28.866666666666664,28.76,28.880000000000003,28.912438789636752,28.870501716209347,28.80729997189243,0.008074828939715497,0.009821543247584516,0.006547727073863497,0.3999999999999986,0.013986013986013936,0.0,0.0,0.0,0.0,28.6,29.0,28.6,29.0,28.6,29.0,1.0,1.0,1.0,3,5,18,28.5,-0.5,DOWN,0.0
BNBL,2023-05-19,28.5,29.0,29.0,28.6,28.6,29.0,-0.5,-0.5,-0.10000000000000142,-0.017241379310344862,-0.017241379310344862,-0.0034965034965035446,-0.01739174271186922,-0.01739174271186922,28.833333333333332,28.740000000000002,28.830000000000002,28.706219394818376,28.747001144139567,28.75142724973017,0.01564195128399738,0.011076487113037978,0.008524855304903914,-0.10000000000000142,-0.003496503496503546,-0.10000000000000142,-0.003496503496503546,-0.5,-0.017241379310344827,28.5,29.0,28.5,29.0,28.5,29.0,0.0,0.0,0.0,4,5,19,28.5,0.0,SAME,1.0
BNBL,2023-05-22,28.5,28.5,29.0,29.0,28.6,29.0,0.0,-0.5,-0.5,0.0,-0.017241379310344862,-0.017241379310344862,0.0,-0.01739174271186922,28.666666666666668,28.72,28.78,28.603109697409188,28.66466742942638,28.70571320432468,0.009954314986028376,0.011076487113037978,0.008524855304903914,-0.5,-0.017241379310344827,-0.10000000000000142,-0.003496503496503546,-0.5,-0.017241379310344827,28.5,29.0,28.5,29.0,28.5,29.0,0.0,0.0,0.0,0,5,22,28.5,0.0,SAME,1.0
BNBL,2023-05-23,28.5,28.5,28.5,29.0,28.6,29.0,0.0,0.0,-0.5,0.0,0.0,-0.017241379310344862,0.0,0.0,28.5,28.7,28.73,28.551554848704594,28.609778286284257,28.668310803538375,0.009954314986028376,0.011076487113037978,0.008524855304903914,-0.5,-0.017241379310344827,-0.10000000000000142,-0.003496503496503546,-0.5,-0.017241379310344827,28.5,28.5,28.5,29.0,28.5,29.0,,0.0,0.0,1,5,23,28.5,0.0,SAME,1.0
BNBL,2023-05-24,28.5,28.5,28.5,28.5,29.0,29.0,0.0,0.0,0.0,0.0,0.0,0.0,0.0,0.0,28.5,28.6,28.68,28.5257774243523,28.57318552418951,28.63770883925867,0.0,0.007710579232757764,0.008524855304903914,0.0,0.0,-0.5,-0.017241379310344827,-0.5,-0.017241379310344827,28.5,28.5,28.5,29.0,28.5,29.0,,0.0,0.0,2,5,24,28.5,0.0,SAME,1.0
BNBL,2023-05-25,28.5,28.5,28.5,28.5,29.0,29.0,0.0,0.0,0.0,0.0,0.0,0.0,0.0,0.0,28.5,28.5,28.630000000000003,28.51288871217615,28.548790349459676,28.612670868484365,0.0,0.007710579232757764,0.008524855304903914,0.0,0.0,-0.5,-0.017241379310344827,-0.5,-0.017241379310344827,28.5,28.5,28.5,28.5,28.5,29.0,,,0.0,3,5,25,28.5,0.0,SAME,1.0
BNBL,2023-05-26,28.5,28.5,28.5,28.5,28.5,28.6,0.0,0.0,0.0,0.0,0.0,0.0,0.0,0.0,28.5,28.5,28.620000000000005,28.506444356088075,28.532526899639787,28.592185256032657,0.0,0.0,0.007392293339843623,0.0,0.0,0.0,0.0,-0.10000000000000142,-0.003496503496503546,28.5,28.5,28.5,28.5,28.5,29.0,,,0.0,4,5,26,28.5,0.0,SAME,1.0
BNBL,2023-05-29,28.5,28.5,28.5,28.5,28.5,28.6,0.0,0.0,0.0,0.0,0.0,0.0,0.0,0.0,28.5,28.5,28.610000000000003,28.503222178044037,28.521684599759862,28.575424300390353,0.0,0.0,0.007392293339843623,0.0,0.0,0.0,0.0,-0.10000000000000142,-0.003496503496503546,28.5,28.5,28.5,28.5,28.5,29.0,,,0.0,0,5,29,28.0,-0.5,DOWN,0.0
BNBL,2023-05-30,28.0,28.5,28.5,28.5,28.5,28.6,-0.5,-0.5,-0.5,-0.01754385964912286,-0.01754385964912286,-0.01754385964912286,-0.017699577099400975,-0.017699577099400975,28.333333333333332,28.4,28.55,28.25161108902202,28.347789733173244,28.470801700319377,0.010128952091046417,0.007845852552630721,0.009173633614141976,-0.5,-0.017543859649122806,-0.5,-0.017543859649122806,-0.6000000000000014,-0.02097902097902103,28.0,28.5,28.0,28.5,28.0,29.0,0.0,0.0,0.0,1,5,30,29.0,1.0,UP,2.0
BNBL,2023-05-31,29.0,28.0,28.5,28.5,28.5,29.0,1.0,0.5,0.5,0.03571428571428581,0.01754385964912286,0.01754385964912286,0.03509131981127019,0.01739174271186924,28.5,28.5,28.55,28.62580554451101,28.56519315544883,28.56701957298858,0.027140766579138772,0.019476038732195014,0.01445481873980543,0.5,0.017543859649122806,0.5,0.017543859649122806,0.0,0.0,28.0,29.0,28.0,29.0,28.0,29.0,1.0,1.0,1.0,2,5,31,29.0,0.0,SAME,1.0
BNBL,2023-06-01,29.0,29.0,28.0,28.5,28.5,29.0,0.0,1.0,0.5,0.0,0.03571428571428581,0.01754385964912286,0.0,0.03509131981127019,28.666666666666668,28.6,28.55,28.812902772255505,28.71012877029922,28.645743286990655,0.027140766579138772,0.019476038732195014,0.01445481873980543,0.5,0.017543859649122806,0.5,0.017543859649122806,0.0,0.0,28.0,29.0,28.0,29.0,28.0,29.0,1.0,1.0,1.0,3,6,1,29.0,0.0,SAME,1.0
BNBL,2023-06-02,29.0,29.0,29.0,28.0,28.5,28.5,0.0,0.0,1.0,0.0,0.0,0.03571428571428581,0.0,0.0,29.0,28.7,28.6,28.906451386127753,28.806752513532814,28.710153598446897,0.020619652471058323,0.019476038732195014,0.013124535027238076,1.0,0.03571428571428571,0.5,0.017543859649122806,0.5,0.017543859649122806,29.0,29.0,28.0,29.0,28.0,29.0,,1.0,1.0,4,6,2,29.0,0.0,SAME,1.0
BNBL,2023-06-05,29.0,29.0,29.0,29.0,28.5,28.5,0.0,0.0,0.0,0.0,0.0,0.0,0.0,0.0,29.0,28.8,28.65,28.953225693063878,28.87116834235521,28.762852944183823,0.0,0.019476038732195014,0.013124535027238076,0.0,0.0,0.5,0.017543859649122806,0.5,0.017543859649122806,29.0,29.0,28.0,29.0,28.0,29.0,,1.0,1.0,0,6,5,29.0,0.0,SAME,1.0
BNBL,2023-06-06,29.0,29.0,29.0,29.0,28.0,28.5,0.0,0.0,0.0,0.0,0.0,0.0,0.0,0.0,29.0,29.0,28.7,28.97661284653194,28.91411222823681,28.805970590695853,0.0,0.01597191412499847,0.013124535027238076,0.0,0.0,1.0,0.03571428571428571,0.5,0.017543859649122806,29.0,29.0,29.0,29.0,28.0,29.0,,,1.0,1,6,6,29.0,0.0,SAME,1.0
BNBL,2023-06-07,29.0,29.0,29.0,29.0,29.0,28.5,0.0,0.0,0.0,0.0,0.0,0.0,0.0,0.0,29.0,29.0,28.75,28.988306423265968,28.94274148549121,28.841248665114787,0.0,0.0,0.013124535027238076,0.0,0.0,0.0,0.0,0.5,0.017543859649122806,29.0,29.0,29.0,29.0,28.0,29.0,,,1.0,2,6,7,29.0,0.0,SAME,1.0
BNBL,2023-06-08,29.0,29.0,29.0,29.0,29.0,28.5,0.0,0.0,0.0,0.0,0.0,0.0,0.0,0.0,29.0,29.0,28.8,28.994153211632984,28.961827656994146,28.870112544184824,0.0,0.0,0.013124535027238076,0.0,0.0,0.0,0.0,0.5,0.017543859649122806,29.0,29.0,29.0,29.0,28.0,29.0,,,1.0,3,6,8,29.0,0.0,SAME,1.0
BNBL,2023-06-09,29.0,29.0,29.0,29.0,29.0,28.5,0.0,0.0,0.0,0.0,0.0,0.0,0.0,0.0,29.0,29.0,28.85,28.997076605816492,28.97455177132943,28.89372844524213,0.0,0.0,0.013124535027238076,0.0,0.0,0.0,0.0,0.5,0.017543859649122806,29.0,29.0,29.0,29.0,28.0,29.0,,,1.0,4,6,9,29.0,0.0,SAME,1.0
BNBL,2023-06-12,29.0,29.0,29.0,29.0,29.0,28.5,0.0,0.0,0.0,0.0,0.0,0.0,0.0,0.0,29.0,29.0,28.9,28.998538302908244,28.983034514219625,28.913050546107197,0.0,0.0,0.013124535027238076,0.0,0.0,0.0,0.0,0.5,0.017543859649122806,29.0,29.0,29.0,29.0,28.0,29.0,,,1.0,0,6,12,29.0,0.0,SAME,1.0
BNBL,2023-06-13,29.0,29.0,29.0,29.0,29.0,28.0,0.0,0.0,0.0,0.0,0.0,0.0,0.0,0.0,29.0,29.0,29.0,28.999269151454122,28.98868967614642,28.92885953772407,0.0,0.0,0.011293848786315607,0.0,0.0,0.0,0.0,1.0,0.03571428571428571,29.0,29.0,29.0,29.0,29.0,29.0,,,,1,6,13,29.0,0.0,SAME,1.0
BNBL,2023-06-14,29.0,29.0,29.0,29.0,29.0,29.0,0.0,0.0,0.0,0.0,0.0,0.0,0.0,0.0,29.0,29.0,29.0,28.99963457572706,28.99245978409762,28.94179416722878,0.0,0.0,0.0,0.0,0.0,0.0,0.0,0.0,0.0,29.0,29.0,29.0,29.0,29.0,29.0,,,,2,6,14,29.0,0.0,SAME,1.0
BNBL,2023-06-15,29.0,29.0,29.0,29.0,29.0,29.0,0.0,0.0,0.0,0.0,0.0,0.0,0.0,0.0,29.0,29.0,29.0,28.99981728786353,28.994973189398415,28.952377045914456,0.0,0.0,0.0,0.0,0.0,0.0,0.0,0.0,0.0,29.0,29.0,29.0,29.0,29.0,29.0,,,,3,6,15,28.0,-1.0,DOWN,0.0
BNBL,2023-06-16,28.0,29.0,29.0,29.0,29.0,29.0,-1.0,-1.0,-1.0,-0.03448275862068961,-0.03448275862068961,-0.03448275862068961,-0.03509131981127006,-0.03509131981127006,28.666666666666668,28.8,28.9,28.499908643931764,28.663315459598945,28.779217583020916,0.01990862997205619,0.0154211584655157,0.01090440572471847,-1.0,-0.034482758620689655,-1.0,-0.034482758620689655,-1.0,-0.034482758620689655,28.0,29.0,28.0,29.0,28.0,29.0,0.0,0.0,0.0,4,6,16,28.0,0.0,SAME,1.0
BNBL,2023-06-19,28.0,28.0,29.0,29.0,29.0,29.0,0.0,-1.0,-1.0,0.0,-0.03448275862068961,-0.03448275862068961,0.0,-0.03509131981127006,28.333333333333332,28.6,28.8,28.24995432196588,28.442210306399296,28.637541658835293,0.01990862997205619,0.0154211584655157,0.01090440572471847,-1.0,-0.034482758620689655,-1.0,-0.034482758620689655,-1.0,-0.034482758620689655,28.0,29.0,28.0,29.0,28.0,29.0,0.0,0.0,0.0,0,6,19,28.0,0.0,SAME,1.0
BNBL,2023-06-20,28.0,28.0,28.0,29.0,29.0,29.0,0.0,0.0,-1.0,0.0,0.0,-0.03448275862068961,0.0,0.0,28.0,28.4,28.7,28.12497716098294,28.294806870932867,28.52162499359251,0.01990862997205619,0.0154211584655157,0.01090440572471847,-1.0,-0.034482758620689655,-1.0,-0.034482758620689655,-1.0,-0.034482758620689655,28.0,28.0,28.0,29.0,28.0,29.0,,0.0,0.0,1,6,20,28.0,0.0,SAME,1.0
BNBL,2023-06-21,28.0,28.0,28.0,28.0,29.0,29.0,0.0,0.0,0.0,0.0,0.0,0.0,0.0,0.0,28.0,28.2,28.6,28.06248858049147,28.196537913955247,28.426784085666597,0.0,0.0154211584655157,0.01090440572471847,0.0,0.0,-1.0,-0.034482758620689655,-1.0,-0.034482758620689655,28.0,28.0,28.0,29.0,28.0,29.0,,0.0,0.0,2,6,21,28.0,0.0,SAME,1.0
BNBL,2023-06-22,28.0,28.0,28.0,28.0,29.0,29.0,0.0,0.0,0.0,0.0,0.0,0.0,0.0,0.0,28.0,28.0,28.5,28.031244290245734,28.131025275970167,28.34918697918176,0.0,0.0154211584655157,0.01090440572471847,0.0,0.0,-1.0,-0.034482758620689655,-1.0,-0.034482758620689655,28.0,28.0,28.0,28.0,28.0,29.0,,,0.0,3,6,22,28.0,0.0,SAME,1.0
BNBL,2023-06-23,28.0,28.0,28.0,28.0,28.0,29.0,0.0,0.0,0.0,0.0,0.0,0.0,0.0,0.0,28.0,28.0,28.4,28.01562214512287,28.087350183980114,28.285698437512345,0.0,0.0,0.01090440572471847,0.0,0.0,0.0,0.0,-1.0,-0.034482758620689655,28.0,28.0,28.0,28.0,28.0,29.0,,,0.0,4,6,23,28.0,0.0,SAME,1.0
BNBL,2023-06-26,28.0,28.0,28.0,28.0,28.0,29.0,0.0,0.0,0.0,0.0,0.0,0.0,0.0,0.0,28.0,28.0,28.3,28.007811072561434,28.058233455986745,28.23375326705555,0.0,0.0,0.01090440572471847,0.0,0.0,0.0,0.0,-1.0,-0.034482758620689655,28.0,28.0,28.0,28.0,28.0,29.0,,,0.0,0,6,26,28.0,0.0,SAME,1.0
BNBL,2023-06-27,28.0,28.0,28.0,28.0,28.0,29.0,0.0,0.0,0.0,0.0,0.0,0.0,0.0,0.0,28.0,28.0,28.2,28.00390553628072,28.038822303991164,28.191252673045447,0.0,0.0,0.01090440572471847,0.0,0.0,0.0,0.0,-1.0,-0.034482758620689655,28.0,28.0,28.0,28.0,28.0,29.0,,,0.0,1,6,27,28.0,0.0,SAME,1.0
BNBL,2023-06-29,28.0,28.0,28.0,28.0,28.0,29.0,0.0,0.0,0.0,0.0,0.0,0.0,0.0,0.0,28.0,28.0,28.1,28.00195276814036,28.02588153599411,28.156479459764455,0.0,0.0,0.01090440572471847,0.0,0.0,0.0,0.0,-1.0,-0.034482758620689655,28.0,28.0,28.0,28.0,28.0,29.0,,,0.0,3,6,29,28.0,0.0,SAME,1.0
BNBL,2023-06-30,28.0,28.0,28.0,28.0,28.0,29.0,0.0,0.0,0.0,0.0,0.0,0.0,0.0,0.0,28.0,28.0,28.0,28.000976384070178,28.017254357329406,28.128028648898187,0.0,0.0,0.01090440572471847,0.0,0.0,0.0,0.0,-1.0,-0.034482758620689655,28.0,28.0,28.0,28.0,28.0,28.0,,,,4,6,30,28.0,0.0,SAME,1.0
BNBL,2023-07-03,28.0,28.0,28.0,28.0,28.0,28.0,0.0,0.0,0.0,0.0,0.0,0.0,0.0,0.0,28.0,28.0,28.0,28.00048819203509,28.01150290488627,28.104750712734877,0.0,0.0,0.0,0.0,0.0,0.0,0.0,0.0,0.0,28.0,28.0,28.0,28.0,28.0,28.0,,,,0,7,3,28.0,0.0,SAME,1.0
BNBL,2023-07-04,28.0,28.0,28.0,28.0,28.0,28.0,0.0,0.0,0.0,0.0,0.0,0.0,0.0,0.0,28.0,28.0,28.0,28.000244096017546,28.007668603257514,28.08570512860126,0.0,0.0,0.0,0.0,0.0,0.0,0.0,0.0,0.0,28.0,28.0,28.0,28.0,28.0,28.0,,,,1,7,4,28.0,0.0,SAME,1.0
BNBL,2023-07-05,28.0,28.0,28.0,28.0,28.0,28.0,0.0,0.0,0.0,0.0,0.0,0.0,0.0,0.0,28.0,28.0,28.0,28.000122048008773,28.005112402171676,28.070122377946483,0.0,0.0,0.0,0.0,0.0,0.0,0.0,0.0,0.0,28.0,28.0,28.0,28.0,28.0,28.0,,,,2,7,5,28.0,0.0,SAME,1.0
BNBL,2023-07-06,28.0,28.0,28.0,28.0,28.0,28.0,0.0,0.0,0.0,0.0,0.0,0.0,0.0,0.0,28.0,28.0,28.0,28.00006102400439,28.003408268114452,28.057372854683482,0.0,0.0,0.0,0.0,0.0,0.0,0.0,0.0,0.0,28.0,28.0,28.0,28.0,28.0,28.0,,,,3,7,6,28.0,0.0,SAME,1.0
BNBL,2023-07-07,28.0,28.0,28.0,28.0,28.0,28.0,0.0,0.0,0.0,0.0,0.0,0.0,0.0,0.0,28.0,28.0,28.0,28.000030512002194,28.00227217874297,28.04694142655921,0.0,0.0,0.0,0.0,0.0,0.0,0.0,0.0,0.0,28.0,28.0,28.0,28.0,28.0,28.0,,,,4,7,7,28.0,0.0,SAME,1.0
BNBL,2023-07-10,28.0,28.0,28.0,28.0,28.0,28.0,0.0,0.0,0.0,0.0,0.0,0.0,0.0,0.0,28.0,28.0,28.0,28.0000152560011,28.001514785828647,28.03840662173026,0.0,0.0,0.0,0.0,0.0,0.0,0.0,0.0,0.0,28.0,28.0,28.0,28.0,28.0,28.0,,,,0,7,10,28.0,0.0,SAME,1.0
BNBL,2023-07-11,28.0,28.0,28.0,28.0,28.0,28.0,0.0,0.0,0.0,0.0,0.0,0.0,0.0,0.0,28.0,28.0,28.0,28.00000762800055,28.0010098572191,28.031423599597485,0.0,0.0,0.0,0.0,0.0,0.0,0.0,0.0,0.0,28.0,28.0,28.0,28.0,28.0,28.0,,,,1,7,11,28.0,0.0,SAME,1.0
BNBL,2023-07-12,28.0,28.0,28.0,28.0,28.0,28.0,0.0,0.0,0.0,0.0,0.0,0.0,0.0,0.0,28.0,28.0,28.0,28.000003814000273,28.000673238146067,28.025710217852485,0.0,0.0,0.0,0.0,0.0,0.0,0.0,0.0,0.0,28.0,28.0,28.0,28.0,28.0,28.0,,,,2,7,12,28.0,0.0,SAME,1.0
BNBL,2023-07-13,28.0,28.0,28.0,28.0,28.0,28.0,0.0,0.0,0.0,0.0,0.0,0.0,0.0,0.0,28.0,28.0,28.0,28.000001907000136,28.000448825430713,28.021035632788394,0.0,0.0,0.0,0.0,0.0,0.0,0.0,0.0,0.0,28.0,28.0,28.0,28.0,28.0,28.0,,,,3,7,13,28.0,0.0,SAME,1.0
BNBL,2023-07-14,28.0,28.0,28.0,28.0,28.0,28.0,0.0,0.0,0.0,0.0,0.0,0.0,0.0,0.0,28.0,28.0,28.0,28.00000095350007,28.00029921695381,28.01721097228141,0.0,0.0,0.0,0.0,0.0,0.0,0.0,0.0,0.0,28.0,28.0,28.0,28.0,28.0,28.0,,,,4,7,14,28.0,0.0,SAME,1.0
BNBL,2023-07-17,28.0,28.0,28.0,28.0,28.0,28.0,0.0,0.0,0.0,0.0,0.0,0.0,0.0,0.0,28.0,28.0,28.0,28.000000476750035,28.000199477969208,28.01408170459388,0.0,0.0,0.0,0.0,0.0,0.0,0.0,0.0,0.0,28.0,28.0,28.0,28.0,28.0,28.0,,,,0,7,17,28.0,0.0,SAME,1.0
BNBL,2023-07-18,28.0,28.0,28.0,28.0,28.0,28.0,0.0,0.0,0.0,0.0,0.0,0.0,0.0,0.0,28.0,28.0,28.0,28.000000238375016,28.000132985312806,28.011521394667717,0.0,0.0,0.0,0.0,0.0,0.0,0.0,0.0,0.0,28.0,28.0,28.0,28.0,28.0,28.0,,,,1,7,18,28.0,0.0,SAME,1.0
BNBL,2023-07-19,28.0,28.0,28.0,28.0,28.0,28.0,0.0,0.0,0.0,0.0,0.0,0.0,0.0,0.0,28.0,28.0,28.0,28.000000119187508,28.000088656875207,28.00942659563722,0.0,0.0,0.0,0.0,0.0,0.0,0.0,0.0,0.0,28.0,28.0,28.0,28.0,28.0,28.0,,,,2,7,19,28.0,0.0,SAME,1.0
BNBL,2023-07-20,28.0,28.0,28.0,28.0,28.0,28.0,0.0,0.0,0.0,0.0,0.0,0.0,0.0,0.0,28.0,28.0,28.0,28.000000059593752,28.00005910458347,28.007712669157723,0.0,0.0,0.0,0.0,0.0,0.0,0.0,0.0,0.0,28.0,28.0,28.0,28.0,28.0,28.0,,,,3,7,20,28.0,0.0,SAME,1.0
BNBL,2023-07-24,28.0,28.0,28.0,28.0,28.0,28.0,0.0,0.0,0.0,0.0,0.0,0.0,0.0,0.0,28.0,28.0,28.0,28.000000029796876,28.00003940305565,28.006310365674498,0.0,0.0,0.0,0.0,0.0,0.0,0.0,0.0,0.0,28.0,28.0,28.0,28.0,28.0,28.0,,,,0,7,24,28.0,0.0,SAME,1.0
BNBL,2023-07-25,28.0,28.0,28.0,28.0,28.0,28.0,0.0,0.0,0.0,0.0,0.0,0.0,0.0,0.0,28.0,28.0,28.0,28.00000001489844,28.000026268703767,28.00516302646095,0.0,0.0,0.0,0.0,0.0,0.0,0.0,0.0,0.0,28.0,28.0,28.0,28.0,28.0,28.0,,,,1,7,25,28.0,0.0,SAME,1.0
BNBL,2023-07-26,28.0,28.0,28.0,28.0,28.0,28.0,0.0,0.0,0.0,0.0,0.0,0.0,0.0,0.0,28.0,28.0,28.0,28.00000000744922,28.000017512469178,28.00422429437714,0.0,0.0,0.0,0.0,0.0,0.0,0.0,0.0,0.0,28.0,28.0,28.0,28.0,28.0,28.0,,,,2,7,26,28.0,0.0,SAME,1.0
BNBL,2023-07-27,28.0,28.0,28.0,28.0,28.0,28.0,0.0,0.0,0.0,0.0,0.0,0.0,0.0,0.0,28.0,28.0,28.0,28.000000003724608,28.000011674979454,28.00345624085402,0.0,0.0,0.0,0.0,0.0,0.0,0.0,0.0,0.0,28.0,28.0,28.0,28.0,28.0,28.0,,,,3,7,27,28.0,0.0,SAME,1.0
BNBL,2023-07-28,28.0,28.0,28.0,28.0,28.0,28.0,0.0,0.0,0.0,0.0,0.0,0.0,0.0,0.0,28.0,28.0,28.0,28.000000001862304,28.00000778331964,28.002827833426014,0.0,0.0,0.0,0.0,0.0,0.0,0.0,0.0,0.0,28.0,28.0,28.0,28.0,28.0,28.0,,,,4,7,28,28.0,0.0,SAME,1.0
BNBL,2023-07-31,28.0,28.0,28.0,28.0,28.0,28.0,0.0,0.0,0.0,0.0,0.0,0.0,0.0,0.0,28.0,28.0,28.0,28.000000000931152,28.00000518887976,28.00231368189401,0.0,0.0,0.0,0.0,0.0,0.0,0.0,0.0,0.0,28.0,28.0,28.0,28.0,28.0,28.0,,,,0,7,31,28.0,0.0,SAME,1.0
BNBL,2023-08-01,28.0,28.0,28.0,28.0,28.0,28.0,0.0,0.0,0.0,0.0,0.0,0.0,0.0,0.0,28.0,28.0,28.0,28.000000000465576,28.000003459253175,28.001893012458734,0.0,0.0,0.0,0.0,0.0,0.0,0.0,0.0,0.0,28.0,28.0,28.0,28.0,28.0,28.0,,,,1,8,1,28.0,0.0,SAME,1.0
BNBL,2023-08-02,28.0,28.0,28.0,28.0,28.0,28.0,0.0,0.0,0.0,0.0,0.0,0.0,0.0,0.0,28.0,28.0,28.0,28.000000000232788,28.000002306168785,28.001548828375324,0.0,0.0,0.0,0.0,0.0,0.0,0.0,0.0,0.0,28.0,28.0,28.0,28.0,28.0,28.0,,,,2,8,2,27.75,-0.25,DOWN,0.0
BNBL,2023-08-03,27.75,28.0,28.0,28.0,28.0,28.0,-0.25,-0.25,-0.25,-0.008928571428571397,-0.008928571428571397,-0.008928571428571397,-0.008968669982760375,-0.008968669982760375,27.916666666666668,27.95,27.975,27.875000000116394,27.916668204112526,27.955812677761628,0.0051549131177651645,0.003992978531249332,0.0028234621965786437,-0.25,-0.008928571428571428,-0.25,-0.008928571428571428,-0.25,-0.008928571428571428,27.75,28.0,27.75,28.0,27.75,28.0,0.0,0.0,0.0,3,8,3,27.75,0.0,SAME,1.0
BNBL,2023-08-04,27.75,27.75,28.0,28.0,28.0,28.0,0.0,-0.25,-0.25,0.0,-0.008928571428571397,-0.008928571428571397,0.0,-0.008968669982760375,27.833333333333332,27.9,27.95,27.812500000058197,27.86111213607502,27.918392190895876,0.0051549131177651645,0.003992978531249332,0.0028234621965786437,-0.25,-0.008928571428571428,-0.25,-0.008928571428571428,-0.25,-0.008928571428571428,27.75,28.0,27.75,28.0,27.75,28.0,0.0,0.0,0.0,4,8,4,27.75,0.0,SAME,1.0
BNBL,2023-08-07,27.75,27.75,27.75,28.0,28.0,28.0,0.0,0.0,-0.25,0.0,0.0,-0.008928571428571397,0.0,0.0,27.75,27.85,27.925,27.781250000029097,27.824074757383347,27.887775428914807,0.0051549131177651645,0.003992978531249332,0.0028234621965786437,-0.25,-0.008928571428571428,-0.25,-0.008928571428571428,-0.25,-0.008928571428571428,27.75,27.75,27.75,28.0,27.75,28.0,,0.0,0.0,0,8,7,27.75,0.0,SAME,1.0
BNBL,2023-08-08,27.75,27.75,27.75,27.75,28.0,28.0,0.0,0.0,0.0,0.0,0.0,0.0,0.0,0.0,27.75,27.8,27.9,27.76562500001455,27.7993831715889,27.862725350930297,0.0,0.003992978531249332,0.0028234621965786437,0.0,0.0,-0.25,-0.008928571428571428,-0.25,-0.008928571428571428,27.75,27.75,27.75,28.0,27.75,28.0,,0.0,0.0,1,8,8,27.75,0.0,SAME,1.0
BNBL,2023-08-09,27.75,27.75,27.75,27.75,28.0,28.0,0.0,0.0,0.0,0.0,0.0,0.0,0.0,0.0,27.75,27.75,27.875,27.757812500007276,27.7829221143926,27.842229832579335,0.0,0.003992978531249332,0.0028234621965786437,0.0,0.0,-0.25,-0.008928571428571428,-0.25,-0.008928571428571428,27.75,27.75,27.75,27.75,27.75,28.0,,,0.0,2,8,9,27.75,0.0,SAME,1.0
BNBL,2023-08-10,27.75,27.75,27.75,27.75,27.75,28.0,0.0,0.0,0.0,0.0,0.0,0.0,0.0,0.0,27.75,27.75,27.85,27.753906250003638,27.771948076261737,27.825460772110365,0.0,0.0,0.0028234621965786437,0.0,0.0,0.0,0.0,-0.25,-0.008928571428571428,27.75,27.75,27.75,27.75,27.75,28.0,,,0.0,3,8,10,27.75,0.0,SAME,1.0
BNBL,2023-08-11,27.75,27.75,27.75,27.75,27.75,28.0,0.0,0.0,0.0,0.0,0.0,0.0,0.0,0.0,27.75,27.75,27.825,27.75195312500182,27.76463205084116,27.81174063172666,0.0,0.0,0.0028234621965786437,0.0,0.0,0.0,0.0,-0.25,-0.008928571428571428,27.75,27.75,27.75,27.75,27.75,28.0,,,0.0,4,8,11,27.75,0.0,SAME,1.0
BNBL,2023-08-14,27.75,27.75,27.75,27.75,27.75,28.0,0.0,0.0,0.0,0.0,0.0,0.0,0.0,0.0,27.75,27.75,27.8,27.75097656250091,27.759754700560777,27.800515062321814,0.0,0.0,0.0028234621965786437,0.0,0.0,0.0,0.0,-0.25,-0.008928571428571428,27.75,27.75,27.75,27.75,27.75,28.0,,,0.0,0,8,14,27.75,0.0,SAME,1.0
BNBL,2023-08-15,27.75,27.75,27.75,27.75,27.75,28.0,0.0,0.0,0.0,0.0,0.0,0.0,0.0,0.0,27.75,27.75,27.775,27.750488281250455,27.756503133707188,27.79133050553603,0.0,0.0,0.0028234621965786437,0.0,0.0,0.0,0.0,-0.25,-0.008928571428571428,27.75,27.75,27.75,27.75,27.75,28.0,,,0.0,1,8,15,27.75,0.0,SAME,1.0
BNBL,2023-08-16,27.75,27.75,27.75,27.75,27.75,28.0,0.0,0.0,0.0,0.0,0.0,0.0,0.0,0.0,27.75,27.75,27.75,27.750244140625227,27.75433542247146,27.783815868165842,0.0,0.0,0.0028234621965786437,0.0,0.0,0.0,0.0,-0.25,-0.008928571428571428,27.75,27.75,27.75,27.75,27.75,27.75,,,,2,8,16,27.75,0.0,SAME,1.0
BNBL,2023-08-17,27.75,27.75,27.75,27.75,27.75,27.75,0.0,0.0,0.0,0.0,0.0,0.0,0.0,0.0,27.75,27.75,27.75,27.750122070312614,27.75289028164764,27.777667528499325,0.0,0.0,0.0,0.0,0.0,0.0,0.0,0.0,0.0,27.75,27.75,27.75,27.75,27.75,27.75,,,,3,8,17,27.75,0.0,SAME,1.0
BNBL,2023-08-18,27.75,27.75,27.75,27.75,27.75,27.75,0.0,0.0,0.0,0.0,0.0,0.0,0.0,0.0,27.75,27.75,27.75,27.750061035156307,27.751926854431762,27.772637068772173,0.0,0.0,0.0,0.0,0.0,0.0,0.0,0.0,0.0,27.75,27.75,27.75,27.75,27.75,27.75,,,,4,8,18,27.75,0.0,SAME,1.0
BNBL,2023-08-21,27.75,27.75,27.75,27.75,27.75,27.75,0.0,0.0,0.0,0.0,0.0,0.0,0.0,0.0,27.75,27.75,27.75,27.750030517578153,27.751284569621177,27.768521238086322,0.0,0.0,0.0,0.0,0.0,0.0,0.0,0.0,0.0,27.75,27.75,27.75,27.75,27.75,27.75,,,,0,8,21,27.75,0.0,SAME,1.0
BNBL,2023-08-22,27.75,27.75,27.75,27.75,27.75,27.75,0.0,0.0,0.0,0.0,0.0,0.0,0.0,0.0,27.75,27.75,27.75,27.750015258789077,27.750856379747454,27.765153740252444,0.0,0.0,0.0,0.0,0.0,0.0,0.0,0.0,0.0,27.75,27.75,27.75,27.75,27.75,27.75,,,,1,8,22,27.75,0.0,SAME,1.0
BNBL,2023-08-23,27.75,27.75,27.75,27.75,27.75,27.75,0.0,0.0,0.0,0.0,0.0,0.0,0.0,0.0,27.75,27.75,27.75,27.75000762939454,27.750570919831638,27.762398514752,0.0,0.0,0.0,0.0,0.0,0.0,0.0,0.0,0.0,27.75,27.75,27.75,27.75,27.75,27.75,,,,2,8,23,27.99,0.23999999999999844,UP,2.0
BNBL,2023-08-24,27.99,27.75,27.75,27.75,27.75,27.75,0.23999999999999844,0.23999999999999844,0.23999999999999844,0.00864864864864856,0.00864864864864856,0.00864864864864856,0.008611463334918544,0.008611463334918544,27.83,27.798000000000002,27.774,27.87000381469727,27.83038061322109,27.803780602978907,0.004993299625424483,0.0038677932583776877,0.0027349428412264147,0.23999999999999844,0.008648648648648592,0.23999999999999844,0.008648648648648592,0.23999999999999844,0.008648648648648592,27.75,27.99,27.75,27.99,27.75,27.99,1.0,1.0,1.0,3,8,24,27.99,0.0,SAME,1.0
BNBL,2023-08-25,27.99,27.99,27.75,27.75,27.75,27.75,0.0,0.23999999999999844,0.23999999999999844,0.0,0.00864864864864856,0.00864864864864856,0.0,0.008611463334918544,27.909999999999997,27.846000000000004,27.798000000000002,27.930001907348633,27.88358707548073,27.83763867516456,0.004993299625424483,0.0038677932583776877,0.0027349428412264147,0.23999999999999844,0.008648648648648592,0.23999999999999844,0.008648648648648592,0.23999999999999844,0.008648648648648592,27.75,27.99,27.75,27.99,27.75,27.99,1.0,1.0,1.0,4,8,25,27.99,0.0,SAME,1.0
BNBL,2023-08-28,27.99,27.99,27.99,27.75,27.75,27.75,0.0,0.0,0.23999999999999844,0.0,0.0,0.00864864864864856,0.0,0.0,27.99,27.894,27.822000000000003,27.960000953674317,27.919058050320487,27.865340734225548,0.004993299625424483,0.0038677932583776877,0.0027349428412264147,0.23999999999999844,0.008648648648648592,0.23999999999999844,0.008648648648648592,0.23999999999999844,0.008648648648648592,27.99,27.99,27.75,27.99,27.75,27.99,,1.0,1.0,0,8,28,27.99,0.0,SAME,1.0
BNBL,2023-08-29,27.99,27.99,27.99,27.99,27.75,27.75,0.0,0.0,0.0,0.0,0.0,0.0,0.0,0.0,27.99,27.942,27.845999999999997,27.97500047683716,27.942705366880325,27.888006055275447,0.0,0.0038677932583776877,0.0027349428412264147,0.0,0.0,0.23999999999999844,0.008648648648648592,0.23999999999999844,0.008648648648648592,27.99,27.99,27.75,27.99,27.75,27.99,,1.0,1.0,1,8,29,27.99,0.0,SAME,1.0
BNBL,2023-08-30,27.99,27.99,27.99,27.99,27.75,27.75,0.0,0.0,0.0,0.0,0.0,0.0,0.0,0.0,27.99,27.99,27.869999999999997,27.98250023841858,27.958470244586884,27.90655040886173,0.0,0.0038677932583776877,0.0027349428412264147,0.0,0.0,0.23999999999999844,0.008648648648648592,0.23999999999999844,0.008648648648648592,27.99,27.99,27.99,27.99,27.75,27.99,,,1.0,2,8,30,27.99,0.0,SAME,1.0
BNBL,2023-08-31,27.99,27.99,27.99,27.99,27.99,27.75,0.0,0.0,0.0,0.0,0.0,0.0,0.0,0.0,27.99,27.99,27.894,27.986250119209288,27.968980163057925,27.92172306179596,0.0,0.0,0.0027349428412264147,0.0,0.0,0.0,0.0,0.23999999999999844,0.008648648648648592,27.99,27.99,27.99,27.99,27.75,27.99,,,1.0,3,8,31,28.0,0.010000000000001563,UP,2.0
BNBL,2023-09-01,28.0,27.99,27.99,27.99,27.99,27.75,0.010000000000001563,0.010000000000001563,0.010000000000001563,0.00035727045373357136,0.00035727045373357136,0.00035727045373357136,0.0003572066478418701,0.0003572066478418701,27.99333333333333,27.991999999999997,27.919,27.993125059604644,27.979320108705284,27.935955232378507,0.00020627019265394975,0.00015977620417313642,0.0027247040152607693,0.010000000000001563,0.0003572704537335321,0.010000000000001563,0.0003572704537335321,0.25,0.009009009009009009,27.99,28.0,27.99,28.0,27.75,28.0,1.0,1.0,1.0,4,9,1,28.0,0.0,SAME,1.0
BNBL,2023-09-04,28.0,28.0,27.99,27.99,27.99,27.75,0.0,0.010000000000001563,0.010000000000001563,0.0,0.00035727045373357136,0.00035727045373357136,0.0,0.0003572066478418701,27.99666666666667,27.994,27.944,27.996562529802322,27.986213405803525,27.94759973558241,0.00020627019265394975,0.00015977620417313642,0.0027247040152607693,0.010000000000001563,0.0003572704537335321,0.010000000000001563,0.0003572704537335321,0.25,0.009009009009009009,27.99,28.0,27.99,28.0,27.75,28.0,1.0,1.0,1.0,0,9,4,28.0,0.0,SAME,1.0
BNBL,2023-09-05,28.0,28.0,28.0,27.99,27.99,27.75,0.0,0.0,0.010000000000001563,0.0,0.0,0.00035727045373357136,0.0,0.0,28.0,27.996,27.969,27.99828126490116,27.990808937202353,27.957127056385605,0.00020627019265394975,0.00015977620417313642,0.0027247040152607693,0.010000000000001563,0.0003572704537335321,0.010000000000001563,0.0003572704537335321,0.25,0.009009009009009009,28.0,28.0,27.99,28.0,27.75,28.0,,1.0,1.0,1,9,5,28.0,0.0,SAME,1.0
BNBL,2023-09-06,28.0,28.0,28.0,28.0,27.99,27.75,0.0,0.0,0.0,0.0,0.0,0.0,0.0,0.0,28.0,27.998,27.994,27.99914063245058,27.99387262480157,27.964922137042766,0.0,0.00015977620417313642,0.0027247040152607693,0.0,0.0,0.010000000000001563,0.0003572704537335321,0.25,0.009009009009009009,28.0,28.0,27.99,28.0,27.99,28.0,,1.0,1.0,2,9,6,28.0,0.0,SAME,1.0
BNBL,2023-09-07,28.0,28.0,28.0,28.0,27.99,27.99,0.0,0.0,0.0,0.0,0.0,0.0,0.0,0.0,28.0,28.0,27.994999999999997,27.999570316225288,27.995915083201048,27.971299930307715,0.0,0.00015977620417313642,0.00011297883744159574,0.0,0.0,0.010000000000001563,0.0003572704537335321,0.010000000000001563,0.0003572704537335321,28.0,28.0,28.0,28.0,27.99,28.0,,,1.0,3,9,7,28.0,0.0,SAME,1.0
BNBL,2023-09-08,28.0,28.0,28.0,28.0,28.0,27.99,0.0,0.0,0.0,0.0,0.0,0.0,0.0,0.0,28.0,28.0,27.996,27.999785158112644,27.997276722134032,27.97651812479722,0.0,0.0,0.00011297883744159574,0.0,0.0,0.0,0.0,0.010000000000001563,0.0003572704537335321,28.0,28.0,28.0,28.0,27.99,28.0,,,1.0,4,9,8,28.0,0.0,SAME,1.0
BNBL,2023-09-11,28.0,28.0,28.0,28.0,28.0,27.99,0.0,0.0,0.0,0.0,0.0,0.0,0.0,0.0,28.0,28.0,27.997000000000003,27.999892579056322,27.99818448142269,27.980787556652267,0.0,0.0,0.00011297883744159574,0.0,0.0,0.0,0.0,0.010000000000001563,0.0003572704537335321,28.0,28.0,28.0,28.0,27.99,28.0,,,1.0,0,9,11,28.0,0.0,SAME,1.0
BNBL,2023-09-12,28.0,28.0,28.0,28.0,28.0,27.99,0.0,0.0,0.0,0.0,0.0,0.0,0.0,0.0,28.0,28.0,27.998,27.99994628952816,27.998789654281794,27.984280728170035,0.0,0.0,0.00011297883744159574,0.0,0.0,0.0,0.0,0.010000000000001563,0.0003572704537335321,28.0,28.0,28.0,28.0,27.99,28.0,,,1.0,1,9,12,28.0,0.0,SAME,1.0
BNBL,2023-09-13,28.0,28.0,28.0,28.0,28.0,27.99,0.0,0.0,0.0,0.0,0.0,0.0,0.0,0.0,28.0,28.0,27.999000000000002,27.99997314476408,27.99919310285453,27.98713877759366,0.0,0.0,0.00011297883744159574,0.0,0.0,0.0,0.0,0.010000000000001563,0.0003572704537335321,28.0,28.0,28.0,28.0,27.99,28.0,,,1.0,2,9,13,28.0,0.0,SAME,1.0
BNBL,2023-09-14,28.0,28.0,28.0,28.0,28.0,27.99,0.0,0.0,0.0,0.0,0.0,0.0,0.0,0.0,28.0,28.0,28.0,27.999986572382042,27.999462068569688,27.98947718166754,0.0,0.0,0.00011297883744159574,0.0,0.0,0.0,0.0,0.010000000000001563,0.0003572704537335321,28.0,28.0,28.0,28.0,28.0,28.0,,,,3,9,14,29.01,1.0100000000000016,UP,2.0
BNBL,2023-09-15,29.01,28.0,28.0,28.0,28.0,28.0,1.0100000000000016,1.0100000000000016,1.0100000000000016,0.03607142857142853,0.03607142857142853,0.03607142857142853,0.03543608795810869,0.03543608795810869,28.33666666666667,28.201999999999998,28.101,28.504993286191024,28.336308045713125,28.17502678500071,0.02082584899576882,0.016131633266248398,0.011406787274178721,1.0100000000000016,0.03607142857142863,1.0100000000000016,0.03607142857142863,1.0100000000000016,0.03607142857142863,28.0,29.01,28.0,29.01,28.0,29.01,1.0,1.0,1.0,4,9,15,29.01,0.0,SAME,1.0
BNBL,2023-09-18,29.01,29.01,28.0,28.0,28.0,28.0,0.0,1.0100000000000016,1.0100000000000016,0.0,0.03607142857142853,0.03607142857142853,0.0,0.03543608795810869,28.673333333333336,28.404000000000003,28.201999999999998,28.757496643095514,28.560872030475416,28.326840096818763,0.02082584899576882,0.016131633266248398,0.011406787274178721,1.0100000000000016,0.03607142857142863,1.0100000000000016,0.03607142857142863,1.0100000000000016,0.03607142857142863,28.0,29.01,28.0,29.01,28.0,29.01,1.0,1.0,1.0,0,9,18,29.01,0.0,SAME,1.0
BNBL,2023-09-19,29.01,29.01,29.01,28.0,28.0,28.0,0.0,0.0,1.0100000000000016,0.0,0.0,0.03607142857142853,0.0,0.0,29.01,28.606,28.303000000000004,28.883748321547756,28.710581353650277,28.451050988306257,0.02082584899576882,0.016131633266248398,0.011406787274178721,1.0100000000000016,0.03607142857142863,1.0100000000000016,0.03607142857142863,1.0100000000000016,0.03607142857142863,29.01,29.01,28.0,29.01,28.0,29.01,,1.0,1.0,1,9,19,29.01,0.0,SAME,1.0
BNBL,2023-09-21,29.01,29.01,29.01,29.01,28.0,28.0,0.0,0.0,0.0,0.0,0.0,0.0,0.0,0.0,29.01,28.808000000000003,28.404000000000003,28.94687416077388,28.810387569100186,28.552678081341483,0.0,0.016131633266248398,0.011406787274178721,0.0,0.0,1.0100000000000016,0.03607142857142863,1.0100000000000016,0.03607142857142863,29.01,29.01,28.0,29.01,28.0,29.01,,1.0,1.0,3,9,21,29.01,0.0,SAME,1.0
BNBL,2023-09-22,29.01,29.01,29.01,29.01,28.0,28.0,0.0,0.0,0.0,0.0,0.0,0.0,0.0,0.0,29.01,29.01,28.505000000000003,28.97843708038694,28.876925046066795,28.635827521097575,0.0,0.016131633266248398,0.011406787274178721,0.0,0.0,1.0100000000000016,0.03607142857142863,1.0100000000000016,0.03607142857142863,29.01,29.01,29.01,29.01,28.0,29.01,,,1.0,4,9,22,29.01,0.0,SAME,1.0
BNBL,2023-09-27,29.01,29.01,29.01,29.01,29.01,28.0,0.0,0.0,0.0,0.0,0.0,0.0,0.0,0.0,29.01,29.01,28.606,28.994218540193472,28.921283364044534,28.703858880898018,0.0,0.0,0.011406787274178721,0.0,0.0,0.0,0.0,1.0100000000000016,0.03607142857142863,29.01,29.01,29.01,29.01,28.0,29.01,,,1.0,2,9,27,29.01,0.0,SAME,1.0
BNBL,2023-09-28,29.01,29.01,29.01,29.01,29.01,28.0,0.0,0.0,0.0,0.0,0.0,0.0,0.0,0.0,29.01,29.01,28.707,29.00210927009674,28.95085557602969,28.75952090255292,0.0,0.0,0.011406787274178721,0.0,0.0,0.0,0.0,1.0100000000000016,0.03607142857142863,29.01,29.01,29.01,29.01,28.0,29.01,,,1.0,3,9,28,29.01,0.0,SAME,1.0
BNBL,2023-09-29,29.01,29.01,29.01,29.01,29.01,28.0,0.0,0.0,0.0,0.0,0.0,0.0,0.0,0.0,29.01,29.01,28.808000000000003,29.006054635048372,28.970570384019794,28.805062556634205,0.0,0.0,0.011406787274178721,0.0,0.0,0.0,0.0,1.0100000000000016,0.03607142857142863,29.01,29.01,29.01,29.01,28.0,29.01,,,1.0,4,9,29,29.01,0.0,SAME,1.0
BNBL,2023-10-02,29.01,29.01,29.01,29.01,29.01,28.0,0.0,0.0,0.0,0.0,0.0,0.0,0.0,0.0,29.01,29.01,28.909000000000002,29.00802731752419,28.98371358934653,28.842323909973437,0.0,0.0,0.011406787274178721,0.0,0.0,0.0,0.0,1.0100000000000016,0.03607142857142863,29.01,29.01,29.01,29.01,28.0,29.01,,,1.0,0,10,2,29.01,0.0,SAME,1.0
BNBL,2023-10-03,29.01,29.01,29.01,29.01,29.01,28.0,0.0,0.0,0.0,0.0,0.0,0.0,0.0,0.0,29.01,29.01,29.01,29.009013658762093,28.99247572623102,28.87281047179645,0.0,0.0,0.011406787274178721,0.0,0.0,0.0,0.0,1.0100000000000016,0.03607142857142863,29.01,29.01,29.01,29.01,29.01,29.01,,,,1,10,3,29.01,0.0,SAME,1.0
BNBL,2023-10-04,29.01,29.01,29.01,29.01,29.01,29.01,0.0,0.0,0.0,0.0,0.0,0.0,0.0,0.0,29.01,29.01,29.01,29.009506829381046,28.998317150820682,28.897754022378912,0.0,0.0,0.0,0.0,0.0,0.0,0.0,0.0,0.0,29.01,29.01,29.01,29.01,29.01,29.01,,,,2,10,4,29.72,0.7099999999999973,UP,2.0
BNBL,2023-10-05,29.72,29.01,29.01,29.01,29.01,29.01,0.7099999999999973,0.7099999999999973,0.7099999999999973,0.02447431920027565,0.02447431920027565,0.02447431920027565,0.024179621716245655,0.024179621716245655,29.246666666666666,29.152000000000005,29.081000000000007,29.364753414690522,29.238878100547122,29.04725329103729,0.014130254778512258,0.010945248286968828,0.00773945928548608,0.7099999999999973,0.024474319200275672,0.7099999999999973,0.024474319200275672,0.7099999999999973,0.024474319200275672,29.01,29.72,29.01,29.72,29.01,29.72,1.0,1.0,1.0,3,10,5,29.72,0.0,SAME,1.0
BNBL,2023-10-06,29.72,29.72,29.01,29.01,29.01,29.01,0.0,0.7099999999999973,0.7099999999999973,0.0,0.02447431920027565,0.02447431920027565,0.0,0.024179621716245655,29.483333333333334,29.294,29.151999999999997,29.542376707345262,29.399252067031416,29.169570874485053,0.014130254778512258,0.010945248286968828,0.00773945928548608,0.7099999999999973,0.024474319200275672,0.7099999999999973,0.024474319200275672,0.7099999999999973,0.024474319200275672,29.01,29.72,29.01,29.72,29.01,29.72,1.0,1.0,1.0,4,10,6,29.72,0.0,SAME,1.0
BNBL,2023-10-09,29.72,29.72,29.72,29.01,29.01,29.01,0.0,0.0,0.7099999999999973,0.0,0.0,0.02447431920027565,0.0,0.0,29.72,29.436,29.223000000000003,29.63118835367263,29.506168044687612,29.26964889730595,0.014130254778512258,0.010945248286968828,0.00773945928548608,0.7099999999999973,0.024474319200275672,0.7099999999999973,0.024474319200275672,0.7099999999999973,0.024474319200275672,29.72,29.72,29.01,29.72,29.01,29.72,,1.0,1.0,0,10,9,29.72,0.0,SAME,1.0
BNBL,2023-10-10,29.72,29.72,29.72,29.72,29.01,29.01,0.0,0.0,0.0,0.0,0.0,0.0,0.0,0.0,29.72,29.578000000000003,29.294,29.675594176836313,29.577445363125076,29.35153091597759,0.0,0.010945248286968828,0.00773945928548608,0.0,0.0,0.7099999999999973,0.024474319200275672,0.7099999999999973,0.024474319200275672,29.72,29.72,29.01,29.72,29.01,29.72,,1.0,1.0,1,10,10,29.72,0.0,SAME,1.0
BNBL,2023-10-11,29.72,29.72,29.72,29.72,29.01,29.01,0.0,0.0,0.0,0.0,0.0,0.0,0.0,0.0,29.72,29.72,29.365000000000002,29.697797088418156,29.624963575416718,29.418525294890753,0.0,0.010945248286968828,0.00773945928548608,0.0,0.0,0.7099999999999973,0.024474319200275672,0.7099999999999973,0.024474319200275672,29.72,29.72,29.72,29.72,29.01,29.72,,,1.0,2,10,11,29.72,0.0,SAME,1.0
BNBL,2023-10-12,29.72,29.72,29.72,29.72,29.72,29.01,0.0,0.0,0.0,0.0,0.0,0.0,0.0,0.0,29.72,29.72,29.436,29.708898544209077,29.656642383611146,29.473338877637886,0.0,0.0,0.00773945928548608,0.0,0.0,0.0,0.0,0.7099999999999973,0.024474319200275672,29.72,29.72,29.72,29.72,29.01,29.72,,,1.0,3,10,12,29.72,0.0,SAME,1.0
BNBL,2023-10-13,29.72,29.72,29.72,29.72,29.72,29.01,0.0,0.0,0.0,0.0,0.0,0.0,0.0,0.0,29.72,29.72,29.507000000000005,29.714449272104538,29.6777615890741,29.518186354430995,0.0,0.0,0.00773945928548608,0.0,0.0,0.0,0.0,0.7099999999999973,0.024474319200275672,29.72,29.72,29.72,29.72,29.01,29.72,,,1.0,4,10,13,29.72,0.0,SAME,1.0
BNBL,2023-10-16,29.72,29.72,29.72,29.72,29.72,29.01,0.0,0.0,0.0,0.0,0.0,0.0,0.0,0.0,29.72,29.72,29.577999999999996,29.71722463605227,29.691841059382735,29.554879744534446,0.0,0.0,0.00773945928548608,0.0,0.0,0.0,0.0,0.7099999999999973,0.024474319200275672,29.72,29.72,29.72,29.72,29.01,29.72,,,1.0,0,10,16,29.72,0.0,SAME,1.0
BNBL,2023-10-17,29.72,29.72,29.72,29.72,29.72,29.01,0.0,0.0,0.0,0.0,0.0,0.0,0.0,0.0,29.72,29.72,29.649,29.718612318026132,29.701227372921824,29.584901609164543,0.0,0.0,0.00773945928548608,0.0,0.0,0.0,0.0,0.7099999999999973,0.024474319200275672,29.72,29.72,29.72,29.72,29.01,29.72,,,1.0,1,10,17,29.72,0.0,SAME,1.0
BNBL,2023-10-18,29.72,29.72,29.72,29.72,29.72,29.01,0.0,0.0,0.0,0.0,0.0,0.0,0.0,0.0,29.72,29.72,29.72,29.719306159013065,29.707484915281217,29.609464952952806,0.0,0.0,0.00773945928548608,0.0,0.0,0.0,0.0,0.7099999999999973,0.024474319200275672,29.72,29.72,29.72,29.72,29.72,29.72,,,,2,10,18,29.72,0.0,SAME,1.0
BNBL,2023-10-19,29.72,29.72,29.72,29.72,29.72,29.72,0.0,0.0,0.0,0.0,0.0,0.0,0.0,0.0,29.72,29.72,29.72,29.719653079506532,29.71165661018748,29.62956223423411,0.0,0.0,0.0,0.0,0.0,0.0,0.0,0.0,0.0,29.72,29.72,29.72,29.72,29.72,29.72,,,,3,10,19,29.72,0.0,SAME,1.0
BNBL,2023-10-20,29.72,29.72,29.72,29.72,29.72,29.72,0.0,0.0,0.0,0.0,0.0,0.0,0.0,0.0,29.72,29.72,29.72,29.719826539753264,29.71443774012499,29.64600546437336,0.0,0.0,0.0,0.0,0.0,0.0,0.0,0.0,0.0,29.72,29.72,29.72,29.72,29.72,29.72,,,,4,10,20,29.72,0.0,SAME,1.0
BNBL,2023-10-23,29.72,29.72,29.72,29.72,29.72,29.72,0.0,0.0,0.0,0.0,0.0,0.0,0.0,0.0,29.72,29.72,29.72,29.71991326987663,29.716291826749995,29.659459016305473,0.0,0.0,0.0,0.0,0.0,0.0,0.0,0.0,0.0,29.72,29.72,29.72,29.72,29.72,29.72,,,,0,10,23,29.72,0.0,SAME,1.0
BNBL,2023-10-25,29.72,29.72,29.72,29.72,29.72,29.72,0.0,0.0,0.0,0.0,0.0,0.0,0.0,0.0,29.72,29.72,29.72,29.719956634938313,29.717527884499997,29.670466467886293,0.0,0.0,0.0,0.0,0.0,0.0,0.0,0.0,0.0,29.72,29.72,29.72,29.72,29.72,29.72,,,,2,10,25,29.72,0.0,SAME,1.0
BNBL,2023-10-26,29.72,29.72,29.72,29.72,29.72,29.72,0.0,0.0,0.0,0.0,0.0,0.0,0.0,0.0,29.72,29.72,29.72,29.719978317469156,29.718351923,29.679472564634235,0.0,0.0,0.0,0.0,0.0,0.0,0.0,0.0,0.0,29.72,29.72,29.72,29.72,29.72,29.72,,,,3,10,26,29.72,0.0,SAME,1.0
BNBL,2023-10-27,29.72,29.72,29.72,29.72,29.72,29.72,0.0,0.0,0.0,0.0,0.0,0.0,0.0,0.0,29.72,29.72,29.72,29.719989158734577,29.718901282,29.686841189246188,0.0,0.0,0.0,0.0,0.0,0.0,0.0,0.0,0.0,29.72,29.72,29.72,29.72,29.72,29.72,,,,4,10,27,29.72,0.0,SAME,1.0
BNBL,2023-10-30,29.72,29.72,29.72,29.72,29.72,29.72,0.0,0.0,0.0,0.0,0.0,0.0,0.0,0.0,29.72,29.72,29.72,29.719994579367288,29.719267521333336,29.692870063928694,0.0,0.0,0.0,0.0,0.0,0.0,0.0,0.0,0.0,29.72,29.72,29.72,29.72,29.72,29.72,,,,0,10,30,29.72,0.0,SAME,1.0
BNBL,2023-10-31,29.72,29.72,29.72,29.72,29.72,29.72,0.0,0.0,0.0,0.0,0.0,0.0,0.0,0.0,29.72,29.72,29.72,29.719997289683644,29.719511680888893,29.69780277957802,0.0,0.0,0.0,0.0,0.0,0.0,0.0,0.0,0.0,29.72,29.72,29.72,29.72,29.72,29.72,,,,1,10,31,29.72,0.0,SAME,1.0
BNBL,2023-11-02,29.72,29.72,29.72,29.72,29.72,29.72,0.0,0.0,0.0,0.0,0.0,0.0,0.0,0.0,29.72,29.72,29.72,29.719998644841823,29.71967445392593,29.70183863783656,0.0,0.0,0.0,0.0,0.0,0.0,0.0,0.0,0.0,29.72,29.72,29.72,29.72,29.72,29.72,,,,3,11,2,29.72,0.0,SAME,1.0
BNBL,2023-11-03,29.72,29.72,29.72,29.72,29.72,29.72,0.0,0.0,0.0,0.0,0.0,0.0,0.0,0.0,29.72,29.72,29.72,29.71999932242091,29.719782969283955,29.705140703684453,0.0,0.0,0.0,0.0,0.0,0.0,0.0,0.0,0.0,29.72,29.72,29.72,29.72,29.72,29.72,,,,4,11,3,29.72,0.0,SAME,1.0
BNBL,2023-11-06,29.72,29.72,29.72,29.72,29.72,29.72,0.0,0.0,0.0,0.0,0.0,0.0,0.0,0.0,29.72,29.72,29.72,29.719999661210455,29.719855312855973,29.70784239392364,0.0,0.0,0.0,0.0,0.0,0.0,0.0,0.0,0.0,29.72,29.72,29.72,29.72,29.72,29.72,,,,0,11,6,29.72,0.0,SAME,1.0
BNBL,2023-11-07,29.72,29.72,29.72,29.72,29.72,29.72,0.0,0.0,0.0,0.0,0.0,0.0,0.0,0.0,29.72,29.72,29.72,29.719999830605225,29.719903541903985,29.710052867755703,0.0,0.0,0.0,0.0,0.0,0.0,0.0,0.0,0.0,29.72,29.72,29.72,29.72,29.72,29.72,,,,1,11,7,29.01,-0.7099999999999973,DOWN,0.0
BNBL,2023-11-08,29.01,29.72,29.72,29.72,29.72,29.72,-0.7099999999999973,-0.7099999999999973,-0.7099999999999973,-0.023889636608344422,-0.023889636608344422,-0.023889636608344422,-0.024179621716245638,-0.024179621716245638,29.48333333333333,29.577999999999996,29.648999999999994,29.36499991530261,29.48326902793599,29.582770528163756,0.013792688126670229,0.010683770282805026,0.007554566415610729,-0.7099999999999973,-0.02388963660834446,-0.7099999999999973,-0.02388963660834446,-0.7099999999999973,-0.02388963660834446,29.01,29.72,29.01,29.72,29.01,29.72,0.0,0.0,0.0,2,11,8,29.01,0.0,SAME,1.0
BNBL,2023-11-09,29.01,29.01,29.72,29.72,29.72,29.72,0.0,-0.7099999999999973,-0.7099999999999973,0.0,-0.023889636608344422,-0.023889636608344422,0.0,-0.024179621716245638,29.246666666666666,29.436,29.577999999999996,29.187499957651305,29.32551268529066,29.478630432133983,0.013792688126670229,0.010683770282805026,0.007554566415610729,-0.7099999999999973,-0.02388963660834446,-0.7099999999999973,-0.02388963660834446,-0.7099999999999973,-0.02388963660834446,29.01,29.72,29.01,29.72,29.01,29.72,0.0,0.0,0.0,3,11,9,29.01,0.0,SAME,1.0
BNBL,2023-11-10,29.01,29.01,29.01,29.72,29.72,29.72,0.0,0.0,-0.7099999999999973,0.0,0.0,-0.023889636608344422,0.0,0.0,29.01,29.294,29.506999999999998,29.09874997882565,29.22034179019378,29.39342489901871,0.013792688126670229,0.010683770282805026,0.007554566415610729,-0.7099999999999973,-0.02388963660834446,-0.7099999999999973,-0.02388963660834446,-0.7099999999999973,-0.02388963660834446,29.01,29.01,29.01,29.72,29.01,29.72,,0.0,0.0,4,11,10,29.5,0.48999999999999844,UP,2.0
BNBL,2023-11-13,29.5,29.01,29.01,29.01,29.72,29.72,0.48999999999999844,0.48999999999999844,0.48999999999999844,0.016890727335401534,0.016890727335401534,0.016890727335401534,0.01674966521246144,0.01674966521246144,29.173333333333336,29.25,29.485000000000003,29.299374989412826,29.31356119346252,29.412802190106216,0.009751865973903045,0.014544882785669368,0.009724613297633137,0.48999999999999844,0.01689072733540153,-0.21999999999999886,-0.007402422611036301,-0.21999999999999886,-0.007402422611036301,29.01,29.5,29.01,29.72,29.01,29.72,1.0,0.690140845070423,0.690140845070423,0,11,13,29.5,0.0,SAME,1.0
BNBL,2023-11-14,29.5,29.5,29.01,29.01,29.72,29.72,0.0,0.48999999999999844,0.48999999999999844,0.0,0.016890727335401534,0.016890727335401534,0.0,0.01674966521246144,29.336666666666662,29.206,29.463,29.399687494706413,29.37570746230835,29.42865633735963,0.009751865973903045,0.014544882785669368,0.009724613297633137,0.48999999999999844,0.01689072733540153,-0.21999999999999886,-0.007402422611036301,-0.21999999999999886,-0.007402422611036301,29.01,29.5,29.01,29.5,29.01,29.72,1.0,1.0,0.690140845070423,1,11,14,29.5,0.0,SAME,1.0
BNBL,2023-11-15,29.5,29.5,29.5,29.01,29.01,29.72,0.0,0.0,0.48999999999999844,0.0,0.0,0.016890727335401534,0.0,0.0,29.5,29.304000000000002,29.441000000000003,29.449843747353206,29.417138308205566,29.44162791238515,0.009751865973903045,0.007553762902274196,0.009724613297633137,0.48999999999999844,0.01689072733540153,0.48999999999999844,0.01689072733540153,-0.21999999999999886,-0.007402422611036301,29.5,29.5,29.01,29.5,29.01,29.72,,1.0,0.690140845070423,2,11,15,29.5,0.0,SAME,1.0
BNBL,2023-11-16,29.5,29.5,29.5,29.5,29.01,29.72,0.0,0.0,0.0,0.0,0.0,0.0,0.0,0.0,29.5,29.401999999999997,29.419,29.474921873676603,29.444758872137044,29.45224101922421,0.0,0.007553762902274196,0.009724613297633137,0.0,0.0,0.48999999999999844,0.01689072733540153,-0.21999999999999886,-0.007402422611036301,29.5,29.5,29.01,29.5,29.01,29.72,,1.0,0.690140845070423,3,11,16,29.5,0.0,SAME,1.0
BNBL,2023-11-17,29.5,29.5,29.5,29.5,29.01,29.72,0.0,0.0,0.0,0.0,0.0,0.0,0.0,0.0,29.5,29.5,29.397000000000002,29.487460936838303,29.463172581424697,29.460924470274353,0.0,0.007553762902274196,0.009724613297633137,0.0,0.0,0.48999999999999844,0.01689072733540153,-0.21999999999999886,-0.007402422611036301,29.5,29.5,29.5,29.5,29.01,29.72,,,0.690140845070423,4,11,17,29.49,-0.010000000000001563,DOWN,0.0
BNBL,2023-11-20,29.49,29.5,29.5,29.5,29.5,29.72,-0.010000000000001563,-0.010000000000001563,-0.010000000000001563,-0.0003389830508475633,-0.0003389830508475633,-0.0003389830508475633,-0.0003390405185893715,-0.0003390405185893715,29.496666666666666,29.498,29.373999999999995,29.48873046841915,29.472115054283133,29.46621093022447,0.00019571195567612764,0.00015159782897568617,0.009722493109227725,-0.010000000000001563,-0.0003389830508475106,-0.010000000000001563,-0.0003389830508475106,-0.23000000000000043,-0.00773889636608346,29.49,29.5,29.49,29.5,29.01,29.72,0.0,0.0,0.6760563380281672,0,11,20,29.5,0.010000000000001563,UP,2.0
BNBL,2023-11-21,29.5,29.49,29.5,29.5,29.5,29.72,0.010000000000001563,0.0,0.0,0.0003390979993218579,0.0,0.0,0.0003390405185893197,0.0,29.496666666666666,29.498,29.351999999999997,29.494365234209575,29.481410036188755,29.47235439745638,0.00033904052671928465,0.0002397378564465812,0.009725927501956947,0.0,0.0,0.0,0.0,-0.21999999999999886,-0.007402422611036301,29.49,29.5,29.49,29.5,29.01,29.5,1.0,1.0,1.0,1,11,21,29.5,0.0,SAME,1.0
BNBL,2023-11-22,29.5,29.5,29.49,29.5,29.5,29.01,0.0,0.010000000000001563,0.0,0.0,0.0003390979993218579,0.0,0.0,0.0003390405185893197,29.496666666666666,29.498,29.401,29.497182617104787,29.487606690792504,29.47738087064613,0.00033904052671928465,0.0002397378564465812,0.00534370358017418,0.0,0.0,0.0,0.0,0.48999999999999844,0.01689072733540153,29.49,29.5,29.49,29.5,29.01,29.5,1.0,1.0,1.0,2,11,22,29.5,0.0,SAME,1.0
BNBL,2023-11-23,29.5,29.5,29.5,29.49,29.5,29.01,0.0,0.0,0.010000000000001563,0.0,0.0,0.0003390979993218579,0.0,0.0,29.5,29.498,29.45,29.498591308552392,29.49173779386167,29.48149343961956,0.00019577832120875138,0.0002397378564465812,0.00534370358017418,0.010000000000001563,0.00033909799932185705,0.0,0.0,0.48999999999999844,0.01689072733540153,29.5,29.5,29.49,29.5,29.01,29.5,,1.0,1.0,3,11,23,29.5,0.0,SAME,1.0
BNBL,2023-11-24,29.5,29.5,29.5,29.5,29.5,29.01,0.0,0.0,0.0,0.0,0.0,0.0,0.0,0.0,29.5,29.498,29.498999999999995,29.499295654276196,29.49449186257445,29.484858268779636,0.0,0.0002397378564465812,0.00534370358017418,0.0,0.0,0.0,0.0,0.48999999999999844,0.01689072733540153,29.5,29.5,29.49,29.5,29.49,29.5,,1.0,1.0,4,11,24,29.5,0.0,SAME,1.0
BNBL,2023-11-27,29.5,29.5,29.5,29.5,29.49,29.5,0.0,0.0,0.0,0.0,0.0,0.0,0.0,0.0,29.5,29.5,29.498999999999995,29.499647827138098,29.496327908382966,29.487611310819698,0.0,0.0001516492354961752,0.0001598252380890303,0.0,0.0,0.010000000000001563,0.00033909799932185705,0.0,0.0,29.5,29.5,29.5,29.5,29.49,29.5,,,1.0,0,11,27,29.5,0.0,SAME,1.0
BNBL,2023-11-28,29.5,29.5,29.5,29.5,29.5,29.5,0.0,0.0,0.0,0.0,0.0,0.0,0.0,0.0,29.5,29.5,29.498999999999995,29.49982391356905,29.49755193892198,29.48986379976157,0.0,0.0,0.0001598252380890303,0.0,0.0,0.0,0.0,0.0,0.0,29.5,29.5,29.5,29.5,29.49,29.5,,,1.0,1,11,28,28.18,-1.3200000000000003,DOWN,0.0
BNBL,2023-11-29,28.18,29.5,29.5,29.5,29.5,29.5,-1.3200000000000003,-1.3200000000000003,-1.3200000000000003,-0.04474576271186437,-0.04474576271186437,-0.04474576271186437,-0.04577775687523994,-0.04577775687523994,29.060000000000002,29.236,29.366999999999997,28.839911956784526,29.05836795928132,29.251706745259465,0.025833978146790126,0.020010913425760758,0.014150759218940349,-1.3200000000000003,-0.044745762711864416,-1.3200000000000003,-0.044745762711864416,-1.3200000000000003,-0.044745762711864416,28.18,29.5,28.18,29.5,28.18,29.5,0.0,0.0,0.0,2,11,29,28.18,0.0,SAME,1.0
BNBL,2023-12-01,28.18,28.18,29.5,29.5,29.5,29.5,0.0,-1.3200000000000003,-1.3200000000000003,0.0,-0.04474576271186437,-0.04474576271186437,0.0,-0.04577775687523994,28.62,28.971999999999998,29.234999999999996,28.509955978392263,28.765578639520882,29.05685097339411,0.02583397814679013,0.020010913425760758,0.014150759218940349,-1.3200000000000003,-0.044745762711864416,-1.3200000000000003,-0.044745762711864416,-1.3200000000000003,-0.044745762711864416,28.18,29.5,28.18,29.5,28.18,29.5,0.0,0.0,0.0,4,12,1,28.18,0.0,SAME,1.0
BNBL,2023-12-04,28.18,28.18,28.18,29.5,29.5,29.5,0.0,0.0,-1.3200000000000003,0.0,0.0,-0.04474576271186437,0.0,0.0,28.18,28.708,29.102999999999998,28.34497798919613,28.57038575968059,28.89742352368609,0.02583397814679013,0.020010913425760758,0.014150759218940349,-1.3200000000000003,-0.044745762711864416,-1.3200000000000003,-0.044745762711864416,-1.3200000000000003,-0.044745762711864416,28.18,28.18,28.18,29.5,28.18,29.5,,0.0,0.0,0,12,4,28.18,0.0,SAME,1.0
BNBL,2023-12-05,28.18,28.18,28.18,28.18,29.5,29.49,0.0,0.0,0.0,0.0,0.0,0.0,0.0,0.0,28.18,28.444,28.972,28.262488994598066,28.440257173120393,28.766982883015892,0.0,0.020010913425760758,0.01416216823100814,0.0,0.0,-1.3200000000000003,-0.044745762711864416,-1.3099999999999987,-0.04442183791115628,28.18,28.18,28.18,29.5,28.18,29.5,,0.0,0.0,1,12,5,28.18,0.0,SAME,1.0
BNBL,2023-12-06,28.18,28.18,28.18,28.18,29.5,29.5,0.0,0.0,0.0,0.0,0.0,0.0,0.0,0.0,28.18,28.18,28.840000000000003,28.221244497299033,28.353504782080265,28.660258722467546,0.0,0.020010913425760758,0.014149852581092349,0.0,0.0,-1.3200000000000003,-0.044745762711864416,-1.3200000000000003,-0.044745762711864416,28.18,28.18,28.18,28.18,28.18,29.5,,,0.0,2,12,6,28.18,0.0,SAME,1.0
BNBL,2023-12-07,28.18,28.18,28.18,28.18,28.18,29.5,0.0,0.0,0.0,0.0,0.0,0.0,0.0,0.0,28.18,28.18,28.708000000000006,28.200622248649516,28.29566985472018,28.572938954746174,0.0,0.0,0.014149852581092349,0.0,0.0,0.0,0.0,-1.3200000000000003,-0.044745762711864416,28.18,28.18,28.18,28.18,28.18,29.5,,,0.0,3,12,7,28.18,0.0,SAME,1.0
BNBL,2023-12-08,28.18,28.18,28.18,28.18,28.18,29.5,0.0,0.0,0.0,0.0,0.0,0.0,0.0,0.0,28.18,28.18,28.576000000000004,28.190311124324758,28.257113236480123,28.501495508428686,0.0,0.0,0.014149852581092349,0.0,0.0,0.0,0.0,-1.3200000000000003,-0.044745762711864416,28.18,28.18,28.18,28.18,28.18,29.5,,,0.0,4,12,8,28.18,0.0,SAME,1.0
BNBL,2023-12-11,28.18,28.18,28.18,28.18,28.18,29.5,0.0,0.0,0.0,0.0,0.0,0.0,0.0,0.0,28.18,28.18,28.444,28.18515556216238,28.231408824320084,28.44304177962347,0.0,0.0,0.014149852581092349,0.0,0.0,0.0,0.0,-1.3200000000000003,-0.044745762711864416,28.18,28.18,28.18,28.18,28.18,29.5,,,0.0,0,12,11,28.18,0.0,SAME,1.0
BNBL,2023-12-12,28.18,28.18,28.18,28.18,28.18,29.5,0.0,0.0,0.0,0.0,0.0,0.0,0.0,0.0,28.18,28.18,28.312,28.18257778108119,28.214272549546727,28.39521600151011,0.0,0.0,0.014149852581092349,0.0,0.0,0.0,0.0,-1.3200000000000003,-0.044745762711864416,28.18,28.18,28.18,28.18,28.18,29.5,,,0.0,1,12,12,28.18,0.0,SAME,1.0
BNBL,2023-12-13,28.18,28.18,28.18,28.18,28.18,29.5,0.0,0.0,0.0,0.0,0.0,0.0,0.0,0.0,28.18,28.18,28.18,28.181288890540593,28.202848366364485,28.356085819417363,0.0,0.0,0.014149852581092349,0.0,0.0,0.0,0.0,-1.3200000000000003,-0.044745762711864416,28.18,28.18,28.18,28.18,28.18,28.18,,,,2,12,13,28.18,0.0,SAME,1.0
BNBL,2023-12-14,28.18,28.18,28.18,28.18,28.18,28.18,0.0,0.0,0.0,0.0,0.0,0.0,0.0,0.0,28.18,28.18,28.18,28.180644445270296,28.195232244242995,28.324070215886934,0.0,0.0,0.0,0.0,0.0,0.0,0.0,0.0,0.0,28.18,28.18,28.18,28.18,28.18,28.18,,,,3,12,14,28.18,0.0,SAME,1.0
BNBL,2023-12-15,28.18,28.18,28.18,28.18,28.18,28.18,0.0,0.0,0.0,0.0,0.0,0.0,0.0,0.0,28.18,28.18,28.18,28.180322222635148,28.190154829495334,28.29787563118022,0.0,0.0,0.0,0.0,0.0,0.0,0.0,0.0,0.0,28.18,28.18,28.18,28.18,28.18,28.18,,,,4,12,15,28.18,0.0,SAME,1.0
BNBL,2023-12-18,28.18,28.18,28.18,28.18,28.18,28.18,0.0,0.0,0.0,0.0,0.0,0.0,0.0,0.0,28.18,28.18,28.18,28.180161111317574,28.186769886330225,28.27644369823836,0.0,0.0,0.0,0.0,0.0,0.0,0.0,0.0,0.0,28.18,28.18,28.18,28.18,28.18,28.18,,,,0,12,18,28.18,0.0,SAME,1.0
BNBL,2023-12-19,28.18,28.18,28.18,28.18,28.18,28.18,0.0,0.0,0.0,0.0,0.0,0.0,0.0,0.0,28.18,28.18,28.18,28.180080555658787,28.184513257553483,28.25890848037684,0.0,0.0,0.0,0.0,0.0,0.0,0.0,0.0,0.0,28.18,28.18,28.18,28.18,28.18,28.18,,,,1,12,19,28.18,0.0,SAME,1.0
BNBL,2023-12-20,28.18,28.18,28.18,28.18,28.18,28.18,0.0,0.0,0.0,0.0,0.0,0.0,0.0,0.0,28.18,28.18,28.18,28.18004027782939,28.18300883836899,28.244561483944686,0.0,0.0,0.0,0.0,0.0,0.0,0.0,0.0,0.0,28.18,28.18,28.18,28.18,28.18,28.18,,,,2,12,20,28.18,0.0,SAME,1.0
BNBL,2023-12-21,28.18,28.18,28.18,28.18,28.18,28.18,0.0,0.0,0.0,0.0,0.0,0.0,0.0,0.0,28.18,28.18,28.18,28.180020138914696,28.182005892245996,28.23282303231838,0.0,0.0,0.0,0.0,0.0,0.0,0.0,0.0,0.0,28.18,28.18,28.18,28.18,28.18,28.18,,,,3,12,21,28.18,0.0,SAME,1.0
BNBL,2023-12-22,28.18,28.18,28.18,28.18,28.18,28.18,0.0,0.0,0.0,0.0,0.0,0.0,0.0,0.0,28.18,28.18,28.18,28.180010069457346,28.181337261497333,28.223218844624128,0.0,0.0,0.0,0.0,0.0,0.0,0.0,0.0,0.0,28.18,28.18,28.18,28.18,28.18,28.18,,,,4,12,22,28.18,0.0,SAME,1.0
BNBL,2023-12-25,28.18,28.18,28.18,28.18,28.18,28.18,0.0,0.0,0.0,0.0,0.0,0.0,0.0,0.0,28.18,28.18,28.18,28.180005034728673,28.18089150766489,28.215360872874285,0.0,0.0,0.0,0.0,0.0,0.0,0.0,0.0,0.0,28.18,28.18,28.18,28.18,28.18,28.18,,,,0,12,25,28.18,0.0,SAME,1.0
BNBL,2023-12-26,28.18,28.18,28.18,28.18,28.18,28.18,0.0,0.0,0.0,0.0,0.0,0.0,0.0,0.0,28.18,28.18,28.18,28.180002517364336,28.180594338443264,28.208931623260778,0.0,0.0,0.0,0.0,0.0,0.0,0.0,0.0,0.0,28.18,28.18,28.18,28.18,28.18,28.18,,,,1,12,26,30.93,2.75,UP,2.0
BNBL,2023-12-27,30.93,28.18,28.18,28.18,28.18,28.18,2.75,2.75,2.75,0.09758694109297372,0.09758694109297372,0.09758694109297372,0.09311408022644407,0.09311408022644407,29.096666666666664,28.73,28.455000000000002,29.555001258682168,29.09706289229551,28.703671328122454,0.05634184670942062,0.04364220680003135,0.03085970037424782,2.75,0.09758694109297374,2.75,0.09758694109297374,2.75,0.09758694109297374,28.18,30.93,28.18,30.93,28.18,30.93,1.0,1.0,1.0,2,12,27,30.93,0.0,SAME,1.0
BNBL,2023-12-28,30.93,30.93,28.18,28.18,28.18,28.18,0.0,2.75,2.75,0.0,0.09758694109297372,0.09758694109297372,0.0,0.09311408022644407,30.013333333333335,29.28,28.73,30.242500629341084,29.70804192819701,29.108458359372918,0.05634184670942062,0.04364220680003135,0.03085970037424782,2.75,0.09758694109297374,2.75,0.09758694109297374,2.75,0.09758694109297374,28.18,30.93,28.18,30.93,28.18,30.93,1.0,1.0,1.0,3,12,28,30.93,0.0,SAME,1.0
BNBL,2023-12-29,30.93,30.93,30.93,28.18,28.18,28.18,0.0,0.0,2.75,0.0,0.0,0.09758694109297372,0.0,0.0,30.93,29.830000000000002,29.005000000000003,30.586250314670544,30.115361285464672,29.43964774857784,0.05634184670942062,0.04364220680003135,0.03085970037424782,2.75,0.09758694109297374,2.75,0.09758694109297374,2.75,0.09758694109297374,30.93,30.93,28.18,30.93,28.18,30.93,,1.0,1.0,4,12,29,30.93,0.0,SAME,1.0
BNBL,2024-01-01,30.93,30.93,30.93,30.93,28.18,28.18,0.0,0.0,0.0,0.0,0.0,0.0,0.0,0.0,30.93,30.380000000000003,29.28,30.75812515733527,30.386907523643117,29.71062088520005,0.0,0.04364220680003135,0.03085970037424782,0.0,0.0,2.75,0.09758694109297374,2.75,0.09758694109297374,30.93,30.93,28.18,30.93,28.18,30.93,,1.0,1.0,0,1,1,30.93,0.0,SAME,1.0
BNBL,2024-01-03,30.93,30.93,30.93,30.93,28.18,28.18,0.0,0.0,0.0,0.0,0.0,0.0,0.0,0.0,30.93,30.93,29.554999999999996,30.844062578667636,30.567938349095414,29.93232617880004,0.0,0.04364220680003135,0.03085970037424782,0.0,0.0,2.75,0.09758694109297374,2.75,0.09758694109297374,30.93,30.93,30.93,30.93,28.18,30.93,,,1.0,2,1,3,30.93,0.0,SAME,1.0
BNBL,2024-01-04,30.93,30.93,30.93,30.93,30.93,28.18,0.0,0.0,0.0,0.0,0.0,0.0,0.0,0.0,30.93,30.93,29.829999999999995,30.88703128933382,30.68862556606361,30.113721419018212,0.0,0.0,0.03085970037424782,0.0,0.0,0.0,0.0,2.75,0.09758694109297374,30.93,30.93,30.93,30.93,28.18,30.93,,,1.0,3,1,4,30.93,0.0,SAME,1.0
BNBL,2024-01-05,30.93,30.93,30.93,30.93,30.93,28.18,0.0,0.0,0.0,0.0,0.0,0.0,0.0,0.0,30.93,30.93,30.105,30.90851564466691,30.769083710709076,30.262135706469447,0.0,0.0,0.03085970037424782,0.0,0.0,0.0,0.0,2.75,0.09758694109297374,30.93,30.93,30.93,30.93,28.18,30.93,,,1.0,4,1,5,30.93,0.0,SAME,1.0
BNBL,2024-01-08,30.93,30.93,30.93,30.93,30.93,28.18,0.0,0.0,0.0,0.0,0.0,0.0,0.0,0.0,30.93,30.93,30.380000000000003,30.919257822333456,30.822722473806053,30.383565578020455,0.0,0.0,0.03085970037424782,0.0,0.0,0.0,0.0,2.75,0.09758694109297374,30.93,30.93,30.93,30.93,28.18,30.93,,,1.0,0,1,8,31.3,0.370000000000001,UP,2.0
BNBL,2024-01-10,31.3,30.93,30.93,30.93,30.93,28.18,0.370000000000001,0.370000000000001,0.370000000000001,0.011962495958616204,0.011962495958616204,0.011962495958616204,0.011891510849129257,0.011891510849129257,31.05333333333333,31.004,30.692,31.10962891116673,30.981814982537372,30.55019001838037,0.006906550261887406,0.005349790828806266,0.03067066000378754,0.370000000000001,0.011962495958616263,0.370000000000001,0.011962495958616263,3.120000000000001,0.11071682044002842,30.93,31.3,30.93,31.3,28.18,31.3,1.0,1.0,1.0,2,1,10,31.3,0.0,SAME,1.0
BNBL,2024-01-11,31.3,31.3,30.93,30.93,30.93,28.18,0.0,0.370000000000001,0.370000000000001,0.0,0.011962495958616204,0.011962495958616204,0.0,0.011891510849129257,31.176666666666666,31.077999999999996,31.004,31.204814455583367,31.087876655024917,30.686519105947575,0.006906550261887406,0.005349790828806266,0.03067066000378754,0.370000000000001,0.011962495958616263,0.370000000000001,0.011962495958616263,3.120000000000001,0.11071682044002842,30.93,31.3,30.93,31.3,30.93,31.3,1.0,1.0,1.0,3,1,11,31.3,0.0,SAME,1.0
BNBL,2024-01-15,31.3,31.3,31.3,30.93,30.93,30.93,0.0,0.0,0.370000000000001,0.0,0.0,0.011962495958616204,0.0,0.0,31.3,31.151999999999997,31.040999999999997,31.252407227791686,31.15858443668328,30.798061086684378,0.006906550261887406,0.005349790828806266,0.003782873372978473,0.370000000000001,0.011962495958616263,0.370000000000001,0.011962495958616263,0.370000000000001,0.011962495958616263,31.3,31.3,30.93,31.3,30.93,31.3,,1.0,1.0,0,1,15,31.0,-0.3000000000000007,DOWN,0.0
BNBL,2024-01-16,31.0,31.3,31.3,31.3,30.93,30.93,-0.3000000000000007,-0.3000000000000007,-0.3000000000000007,-0.009584664536741228,-0.009584664536741228,-0.009584664536741228,-0.0096308930609613,-0.0096308930609613,31.2,31.165999999999997,31.048000000000002,31.126203613895843,31.105722957788856,30.834777252741763,0.005533708650380406,0.007645853245184511,0.005103394247564567,-0.3000000000000007,-0.009584664536741236,0.07000000000000028,0.0022631749110895664,0.07000000000000028,0.0022631749110895664,31.0,31.3,30.93,31.3,30.93,31.3,0.0,0.18918918918918945,0.18918918918918945,1,1,16,31.0,0.0,SAME,1.0
BNBL,2024-01-17,31.0,31.0,31.3,31.3,30.93,30.93,0.0,-0.3000000000000007,-0.3000000000000007,0.0,-0.009584664536741228,-0.009584664536741228,0.0,-0.0096308930609613,31.100000000000005,31.18,31.054999999999996,31.06310180694792,31.070481971859238,30.86481775224326,0.005533708650380406,0.007645853245184511,0.005103394247564567,-0.3000000000000007,-0.009584664536741236,0.07000000000000028,0.0022631749110895664,0.07000000000000028,0.0022631749110895664,31.0,31.3,31.0,31.3,30.93,31.3,0.0,0.0,0.18918918918918945,2,1,17,31.0,0.0,SAME,1.0
BNBL,2024-01-18,31.0,31.0,31.0,31.3,31.3,30.93,0.0,0.0,-0.3000000000000007,0.0,0.0,-0.009584664536741228,0.0,0.0,31.0,31.119999999999997,31.062,31.03155090347396,31.046987981239493,30.889396342744483,0.005533708650380406,0.00428639228913673,0.005103394247564567,-0.3000000000000007,-0.009584664536741236,-0.3000000000000007,-0.009584664536741236,0.07000000000000028,0.0022631749110895664,31.0,31.0,31.0,31.3,30.93,31.3,,0.0,0.18918918918918945,3,1,18,31.0,0.0,SAME,1.0
BNBL,2024-01-19,31.0,31.0,31.0,31.0,31.3,30.93,0.0,0.0,0.0,0.0,0.0,0.0,0.0,0.0,31.0,31.060000000000002,31.069000000000006,31.015775451736978,31.03132532082633,30.90950609860912,0.0,0.00428639228913673,0.005103394247564567,0.0,0.0,-0.3000000000000007,-0.009584664536741236,0.07000000000000028,0.0022631749110895664,31.0,31.0,31.0,31.3,30.93,31.3,,0.0,0.18918918918918945,4,1,19,31.0,0.0,SAME,1.0
BNBL,2024-01-22,31.0,31.0,31.0,31.0,31.3,30.93,0.0,0.0,0.0,0.0,0.0,0.0,0.0,0.0,31.0,31.0,31.076,31.00788772586849,31.020883547217554,30.925959535225644,0.0,0.00428639228913673,0.005103394247564567,0.0,0.0,-0.3000000000000007,-0.009584664536741236,0.07000000000000028,0.0022631749110895664,31.0,31.0,31.0,31.0,30.93,31.3,,,0.18918918918918945,0,1,22,31.0,0.0,SAME,1.0
BNBL,2024-01-23,31.0,31.0,31.0,31.0,31.0,30.93,0.0,0.0,0.0,0.0,0.0,0.0,0.0,0.0,31.0,31.0,31.083000000000006,31.003943862934243,31.013922364811705,30.93942143791189,0.0,0.0,0.005103394247564567,0.0,0.0,0.0,0.0,0.07000000000000028,0.0022631749110895664,31.0,31.0,31.0,31.0,30.93,31.3,,,0.18918918918918945,1,1,23,31.0,0.0,SAME,1.0
BNBL,2024-01-24,31.0,31.0,31.0,31.0,31.0,30.93,0.0,0.0,0.0,0.0,0.0,0.0,0.0,0.0,31.0,31.0,31.089999999999996,31.00197193146712,31.009281576541138,30.950435721927906,0.0,0.0,0.005103394247564567,0.0,0.0,0.0,0.0,0.07000000000000028,0.0022631749110895664,31.0,31.0,31.0,31.0,31.0,31.3,,,0.0,2,1,24,31.0,0.0,SAME,1.0
BNBL,2024-01-25,31.0,31.0,31.0,31.0,31.0,31.3,0.0,0.0,0.0,0.0,0.0,0.0,0.0,0.0,31.0,31.0,31.060000000000002,31.000985965733562,31.006187717694093,30.959447408850103,0.0,0.0,0.0030309370544742632,0.0,0.0,0.0,0.0,-0.3000000000000007,-0.009584664536741236,31.0,31.0,31.0,31.0,31.0,31.3,,,0.0,3,1,25,31.0,0.0,SAME,1.0
BNBL,2024-01-26,31.0,31.0,31.0,31.0,31.0,31.3,0.0,0.0,0.0,0.0,0.0,0.0,0.0,0.0,31.0,31.0,31.029999999999994,31.00049298286678,31.004125145129397,30.96682060724099,0.0,0.0,0.0030309370544742632,0.0,0.0,0.0,0.0,-0.3000000000000007,-0.009584664536741236,31.0,31.0,31.0,31.0,31.0,31.3,,,0.0,4,1,26,31.0,0.0,SAME,1.0
BNBL,2024-01-29,31.0,31.0,31.0,31.0,31.0,31.3,0.0,0.0,0.0,0.0,0.0,0.0,0.0,0.0,31.0,31.0,31.0,31.00024649143339,31.002750096752933,30.972853224106263,0.0,0.0,0.0030309370544742632,0.0,0.0,0.0,0.0,-0.3000000000000007,-0.009584664536741236,31.0,31.0,31.0,31.0,31.0,31.0,,,,0,1,29,31.0,0.0,SAME,1.0
BNBL,2024-01-30,31.0,31.0,31.0,31.0,31.0,31.0,0.0,0.0,0.0,0.0,0.0,0.0,0.0,0.0,31.0,31.0,31.0,31.000123245716694,31.00183339783529,30.977789001541485,0.0,0.0,0.0,0.0,0.0,0.0,0.0,0.0,0.0,31.0,31.0,31.0,31.0,31.0,31.0,,,,1,1,30,31.0,0.0,SAME,1.0
BNBL,2024-01-31,31.0,31.0,31.0,31.0,31.0,31.0,0.0,0.0,0.0,0.0,0.0,0.0,0.0,0.0,31.0,31.0,31.0,31.000061622858347,31.00122226522353,30.981827364897576,0.0,0.0,0.0,0.0,0.0,0.0,0.0,0.0,0.0,31.0,31.0,31.0,31.0,31.0,31.0,,,,2,1,31,31.0,0.0,SAME,1.0
BNBL,2024-02-01,31.0,31.0,31.0,31.0,31.0,31.0,0.0,0.0,0.0,0.0,0.0,0.0,0.0,0.0,31.0,31.0,31.0,31.000030811429173,31.000814843482353,30.985131480370743,0.0,0.0,0.0,0.0,0.0,0.0,0.0,0.0,0.0,31.0,31.0,31.0,31.0,31.0,31.0,,,,3,2,1,31.0,0.0,SAME,1.0
BNBL,2024-02-02,31.0,31.0,31.0,31.0,31.0,31.0,0.0,0.0,0.0,0.0,0.0,0.0,0.0,0.0,31.0,31.0,31.0,31.000015405714585,31.000543228988235,30.98783484757606,0.0,0.0,0.0,0.0,0.0,0.0,0.0,0.0,0.0,31.0,31.0,31.0,31.0,31.0,31.0,,,,4,2,2,31.66,0.6600000000000001,UP,2.0
BNBL,2024-02-05,31.66,31.0,31.0,31.0,31.0,31.0,0.6600000000000001,0.6600000000000001,0.6600000000000001,0.021290322580645116,0.021290322580645116,0.021290322580645116,0.0210668499677198,0.0210668499677198,31.22,31.131999999999998,31.066000000000003,31.330007702857294,31.220362152658822,31.110046693471322,0.012291973473069736,0.009521321710644131,0.006732591147455143,0.6600000000000001,0.021290322580645164,0.6600000000000001,0.021290322580645164,0.6600000000000001,0.021290322580645164,31.0,31.66,31.0,31.66,31.0,31.66,1.0,1.0,1.0,0,2,5,31.66,0.0,SAME,1.0
BNBL,2024-02-06,31.66,31.66,31.0,31.0,31.0,31.0,0.0,0.6600000000000001,0.6600000000000001,0.0,0.021290322580645116,0.021290322580645116,0.0,0.0210668499677198,31.439999999999998,31.264,31.131999999999998,31.49500385142865,31.36690810177255,31.210038203749264,0.012291973473069736,0.009521321710644131,0.006732591147455143,0.6600000000000001,0.021290322580645164,0.6600000000000001,0.021290322580645164,0.6600000000000001,0.021290322580645164,31.0,31.66,31.0,31.66,31.0,31.66,1.0,1.0,1.0,1,2,6,31.66,0.0,SAME,1.0
BNBL,2024-02-07,31.66,31.66,31.66,31.0,31.0,31.0,0.0,0.0,0.6600000000000001,0.0,0.0,0.021290322580645116,0.0,0.0,31.66,31.395999999999997,31.198,31.577501925714323,31.4646054011817,31.291849439431214,0.012291973473069736,0.009521321710644131,0.006732591147455143,0.6600000000000001,0.021290322580645164,0.6600000000000001,0.021290322580645164,0.6600000000000001,0.021290322580645164,31.66,31.66,31.0,31.66,31.0,31.66,,1.0,1.0,2,2,7,31.66,0.0,SAME,1.0
BNBL,2024-02-08,31.66,31.66,31.66,31.66,31.0,31.0,0.0,0.0,0.0,0.0,0.0,0.0,0.0,0.0,31.66,31.528,31.264000000000003,31.618750962857163,31.529736934121132,31.358785904989176,0.0,0.009521321710644131,0.006732591147455143,0.0,0.0,0.6600000000000001,0.021290322580645164,0.6600000000000001,0.021290322580645164,31.66,31.66,31.0,31.66,31.0,31.66,,1.0,1.0,3,2,8,31.66,0.0,SAME,1.0
BNBL,2024-02-09,31.66,31.66,31.66,31.66,31.0,31.0,0.0,0.0,0.0,0.0,0.0,0.0,0.0,0.0,31.66,31.66,31.329999999999995,31.63937548142858,31.573157956080756,31.413552104082054,0.0,0.009521321710644131,0.006732591147455143,0.0,0.0,0.6600000000000001,0.021290322580645164,0.6600000000000001,0.021290322580645164,31.66,31.66,31.66,31.66,31.0,31.66,,,1.0,4,2,9,32.16,0.49999999999999645,UP,2.0
BNBL,2024-02-12,32.16,31.66,31.66,31.66,31.66,31.0,0.49999999999999645,0.49999999999999645,0.49999999999999645,0.015792798483891257,0.015792798483891257,0.015792798483891257,0.015669389857899445,0.015669389857899445,31.826666666666668,31.76,31.445999999999998,31.89968774071429,31.768771970720504,31.549269903339862,0.00911797645593254,0.00706275419298714,0.007924466562853208,0.49999999999999645,0.015792798483891233,0.49999999999999645,0.015792798483891233,1.1599999999999966,0.03741935483870957,31.66,32.16,31.66,32.16,31.0,32.16,1.0,1.0,1.0,0,2,12,32.18,0.020000000000003126,UP,2.0
BNBL,2024-02-13,32.18,32.16,31.66,31.66,31.66,31.0,0.020000000000003126,0.5199999999999996,0.5199999999999996,0.0006218905472636926,0.016424510423246996,0.016424510423246996,0.0006216972534715411,0.016291087111371057,32.0,31.863999999999997,31.564000000000004,32.039843870357146,31.90584798048034,31.663948102732615,0.00894385896791059,0.0069984074725551225,0.007894514813948643,0.5199999999999996,0.016424510423246986,0.5199999999999996,0.016424510423246986,1.1799999999999997,0.03806451612903225,31.66,32.18,31.66,32.18,31.0,32.18,1.0,1.0,1.0,1,2,13,32.18,0.0,SAME,1.0
BNBL,2024-02-14,32.18,32.18,32.16,31.66,31.66,31.0,0.0,0.020000000000003126,0.5199999999999996,0.0,0.0006218905472636926,0.016424510423246996,0.0,0.0006216972534715411,32.17333333333334,31.967999999999996,31.681999999999995,32.109921935178576,31.997231986986893,31.75777572041759,0.00894385896791059,0.0069984074725551225,0.007894514813948643,0.5199999999999996,0.016424510423246986,0.5199999999999996,0.016424510423246986,1.1799999999999997,0.03806451612903225,32.16,32.18,31.66,32.18,31.0,32.18,1.0,1.0,1.0,2,2,14,32.18,0.0,SAME,1.0
BNBL,2024-02-15,32.18,32.18,32.18,32.16,31.66,31.0,0.0,0.0,0.020000000000003126,0.0,0.0,0.0006218905472636926,0.0,0.0,32.18,32.071999999999996,31.799999999999994,32.144960967589284,32.05815465799127,31.834543771250754,0.00035904867487889365,0.0069984074725551225,0.007894514813948643,0.020000000000003126,0.0006218905472637788,0.5199999999999996,0.016424510423246986,1.1799999999999997,0.03806451612903225,32.18,32.18,31.66,32.18,31.0,32.18,,1.0,1.0,3,2,15,32.18,0.0,SAME,1.0
BNBL,2024-02-16,32.18,32.18,32.18,32.18,31.66,31.0,0.0,0.0,0.0,0.0,0.0,0.0,0.0,0.0,32.18,32.176,31.918,32.16248048379464,32.098769771994185,31.897353994659706,0.0,0.0069984074725551225,0.007894514813948643,0.0,0.0,0.5199999999999996,0.016424510423246986,1.1799999999999997,0.03806451612903225,32.18,32.18,32.16,32.18,31.66,32.18,,1.0,1.0,4,2,16,32.18,0.0,SAME,1.0
BNBL,2024-02-19,32.18,32.18,32.18,32.18,32.16,31.66,0.0,0.0,0.0,0.0,0.0,0.0,0.0,0.0,32.18,32.18,31.97,32.17124024189732,32.1258465146628,31.948744177448848,0.0,0.0002781179076453273,0.004976109928745208,0.0,0.0,0.020000000000003126,0.0006218905472637788,0.5199999999999996,0.016424510423246986,32.18,32.18,32.18,32.18,31.66,32.18,,,1.0,0,2,19,32.18,0.0,SAME,1.0
BNBL,2024-02-20,32.18,32.18,32.18,32.18,32.18,31.66,0.0,0.0,0.0,0.0,0.0,0.0,0.0,0.0,32.18,32.18,32.022,32.175620120948665,32.14389767644187,31.990790690639965,0.0,0.0,0.004976109928745208,0.0,0.0,0.0,0.0,0.5199999999999996,0.016424510423246986,32.18,32.18,32.18,32.18,31.66,32.18,,,1.0,1,2,20,32.06,-0.11999999999999744,DOWN,0.0
BNBL,2024-02-26,32.06,32.18,32.18,32.18,32.18,31.66,-0.11999999999999744,-0.11999999999999744,-0.11999999999999744,-0.003729024238657508,-0.003729024238657508,-0.003729024238657508,-0.0037359943828302123,-0.0037359943828302123,32.14000000000001,32.15599999999999,32.062,32.11781006047433,32.11593178429458,32.0033742014327,0.0021529531480051385,0.001667670337475866,0.005245233227049488,-0.11999999999999744,-0.003729024238657472,-0.11999999999999744,-0.003729024238657472,0.40000000000000213,0.012634238787113145,32.06,32.18,32.06,32.18,31.66,32.18,0.0,0.0,0.7692307692307739,0,2,26,32.06,0.0,SAME,1.0
BNBL,2024-02-27,32.06,32.06,32.18,32.18,32.18,31.66,0.0,-0.11999999999999744,-0.11999999999999744,0.0,-0.003729024238657508,-0.003729024238657508,0.0,-0.0037359943828302123,32.1,32.132000000000005,32.102,32.08890503023717,32.09728785619639,32.013669801172206,0.0021529531480051385,0.001667670337475866,0.005245233227049488,-0.11999999999999744,-0.003729024238657472,-0.11999999999999744,-0.003729024238657472,0.40000000000000213,0.012634238787113145,32.06,32.18,32.06,32.18,31.66,32.18,0.0,0.0,0.7692307692307739,1,2,27,32.06,0.0,SAME,1.0
BNBL,2024-02-28,32.06,32.06,32.06,32.18,32.18,31.66,0.0,0.0,-0.11999999999999744,0.0,0.0,-0.003729024238657508,0.0,0.0,32.06,32.108000000000004,32.142,32.07445251511859,32.08485857079759,32.02209347368635,0.0021529531480051385,0.001667670337475866,0.005245233227049488,-0.11999999999999744,-0.003729024238657472,-0.11999999999999744,-0.003729024238657472,0.40000000000000213,0.012634238787113145,32.06,32.06,32.06,32.18,32.06,32.18,,0.0,0.0,2,2,28,32.06,0.0,SAME,1.0
BNBL,2024-02-29,32.06,32.06,32.06,32.06,32.18,32.16,0.0,0.0,0.0,0.0,0.0,0.0,0.0,0.0,32.06,32.084,32.132,32.0672262575593,32.07657238053173,32.028985569379735,0.0,0.001667670337475866,0.0012168694647258407,0.0,0.0,-0.11999999999999744,-0.003729024238657472,-0.09999999999999432,-0.0031094527363182316,32.06,32.06,32.06,32.18,32.06,32.18,,0.0,0.0,3,2,29,30.52,-1.5400000000000027,DOWN,0.0
BNBL,2024-03-01,30.52,32.06,32.06,32.06,32.18,32.18,-1.5400000000000027,-1.5400000000000027,-1.5400000000000027,-0.048034934497816706,-0.048034934497816706,-0.048034934497816706,-0.04922694076515076,-0.04922694076515076,31.54666666666667,31.752,31.965999999999998,31.293613128779647,31.55771492035449,31.754624556765236,0.027732982362820614,0.021126754774265184,0.01510448723457475,-1.5400000000000027,-0.04803493449781668,-1.6600000000000001,-0.05158483530142947,-1.6600000000000001,-0.05158483530142947,30.52,32.06,30.52,32.06,30.52,32.18,0.0,0.0,0.0,4,3,1,30.52,0.0,SAME,1.0
BNBL,2024-03-04,30.52,30.52,32.06,32.06,32.06,32.18,0.0,-1.5400000000000027,-1.5400000000000027,0.0,-0.048034934497816706,-0.048034934497816706,0.0,-0.04922694076515076,31.033333333333335,31.444,31.800000000000004,30.906806564389825,31.211809946902992,31.530147364626103,0.027732982362820614,0.021481875766373525,0.01510448723457475,-1.5400000000000027,-0.04803493449781668,-1.5400000000000027,-0.04803493449781668,-1.6600000000000001,-0.05158483530142947,30.52,32.06,30.52,32.06,30.52,32.18,0.0,0.0,0.0,0,3,4,30.52,0.0,SAME,1.0
BNBL,2024-03-05,30.52,30.52,30.52,32.06,32.06,32.18,0.0,0.0,-1.5400000000000027,0.0,0.0,-0.048034934497816706,0.0,0.0,30.52,31.136000000000003,31.634000000000004,30.71340328219491,30.981206631268662,31.346484207421355,0.027732982362820614,0.021481875766373525,0.01510448723457475,-1.5400000000000027,-0.04803493449781668,-1.5400000000000027,-0.04803493449781668,-1.6600000000000001,-0.05158483530142947,30.52,30.52,30.52,32.06,30.52,32.18,,0.0,0.0,1,3,5,30.52,0.0,SAME,1.0
BNBL,2024-03-06,30.52,30.52,30.52,30.52,32.06,32.18,0.0,0.0,0.0,0.0,0.0,0.0,0.0,0.0,30.52,30.827999999999996,31.468,30.616701641097457,30.827471087512443,31.196214351526564,0.0,0.021481875766373525,0.01510448723457475,0.0,0.0,-1.5400000000000027,-0.04803493449781668,-1.6600000000000001,-0.05158483530142947,30.52,30.52,30.52,32.06,30.52,32.18,,0.0,0.0,2,3,6,30.52,0.0,SAME,1.0
BNBL,2024-03-07,30.52,30.52,30.52,30.52,32.06,32.18,0.0,0.0,0.0,0.0,0.0,0.0,0.0,0.0,30.52,30.52,31.302000000000003,30.56835082054873,30.724980725008297,31.07326628761264,0.0,0.021481875766373525,0.01510448723457475,0.0,0.0,-1.5400000000000027,-0.04803493449781668,-1.6600000000000001,-0.05158483530142947,30.52,30.52,30.52,30.52,30.52,32.18,,,0.0,3,3,7,32.45,1.9300000000000033,UP,2.0
BNBL,2024-03-08,32.45,30.52,30.52,30.52,30.52,32.18,1.9300000000000033,1.9300000000000033,1.9300000000000033,0.06323722149410238,0.06323722149410238,0.06323722149410238,0.06131823673384289,0.06131823673384289,31.163333333333338,30.906,31.329,31.509175410274366,31.299987150005535,31.3235815080467,0.03651002685242412,0.02828054519380471,0.026472298226312876,1.9300000000000033,0.06323722149410234,1.9300000000000033,0.06323722149410234,0.2700000000000031,0.008390304536979587,30.52,32.45,30.52,32.45,30.52,32.45,1.0,1.0,1.0,4,3,8,32.45,0.0,SAME,1.0
BNBL,2024-03-11,32.45,32.45,30.52,30.52,30.52,32.06,0.0,1.9300000000000033,1.9300000000000033,0.0,0.06323722149410238,0.06323722149410238,0.0,0.06131823673384289,31.806666666666672,31.291999999999994,31.368000000000002,31.979587705137185,31.68332476667036,31.528384870220023,0.03651002685242412,0.02828054519380471,0.026422192190807985,1.9300000000000033,0.06323722149410234,1.9300000000000033,0.06323722149410234,0.39000000000000057,0.012164691203992531,30.52,32.45,30.52,32.45,30.52,32.45,1.0,1.0,1.0,0,3,11,32.45,0.0,SAME,1.0
BNBL,2024-03-12,32.45,32.45,32.45,30.52,30.52,32.06,0.0,0.0,1.9300000000000033,0.0,0.0,0.06323722149410238,0.0,0.0,32.45,31.677999999999997,31.407,32.21479385256859,31.93888317778024,31.695951257452748,0.03651002685242412,0.02828054519380471,0.026422192190807985,1.9300000000000033,0.06323722149410234,1.9300000000000033,0.06323722149410234,0.39000000000000057,0.012164691203992531,32.45,32.45,30.52,32.45,30.52,32.45,,1.0,1.0,1,3,12,32.45,0.0,SAME,1.0
BNBL,2024-03-13,32.45,32.45,32.45,32.45,30.52,32.06,0.0,0.0,0.0,0.0,0.0,0.0,0.0,0.0,32.45,32.064,31.446000000000005,32.3323969262843,32.1092554518535,31.833051028824976,0.0,0.02828054519380471,0.026422192190807985,0.0,0.0,1.9300000000000033,0.06323722149410234,0.39000000000000057,0.012164691203992531,32.45,32.45,30.52,32.45,30.52,32.45,,1.0,1.0,2,3,13,32.45,0.0,SAME,1.0
BNBL,2024-03-14,32.45,32.45,32.45,32.45,30.52,32.06,0.0,0.0,0.0,0.0,0.0,0.0,0.0,0.0,32.45,32.45,31.485000000000003,32.391198463142146,32.22283696790234,31.945223569038617,0.0,0.02828054519380471,0.026422192190807985,0.0,0.0,1.9300000000000033,0.06323722149410234,0.39000000000000057,0.012164691203992531,32.45,32.45,32.45,32.45,30.52,32.45,,,1.0,3,3,14,32.45,0.0,SAME,1.0
BNBL,2024-03-15,32.45,32.45,32.45,32.45,32.45,30.52,0.0,0.0,0.0,0.0,0.0,0.0,0.0,0.0,32.45,32.45,31.678000000000004,32.420599231571074,32.298557978601565,32.03700110194069,0.0,0.0,0.01999736528219193,0.0,0.0,0.0,0.0,1.9300000000000033,0.06323722149410234,32.45,32.45,32.45,32.45,30.52,32.45,,,1.0,4,3,15,32.61,0.1599999999999966,UP,2.0
BNBL,2024-03-18,32.61,32.45,32.45,32.45,32.45,30.52,0.1599999999999966,0.1599999999999966,0.1599999999999966,0.004930662557781185,0.004930662557781185,0.004930662557781185,0.004918546651128748,0.004918546651128748,32.50333333333334,32.482000000000006,31.887,32.51529961578554,32.402371985734376,32.14118271976965,0.0028467193550194584,0.002205059330661851,0.01988458804071846,0.1599999999999966,0.004930662557781096,0.1599999999999966,0.004930662557781096,2.09,0.06847968545216251,32.45,32.61,32.45,32.61,30.52,32.61,1.0,1.0,1.0,0,3,18,32.61,0.0,SAME,1.0
BNBL,2024-03-19,32.61,32.61,32.45,32.45,32.45,30.52,0.0,0.1599999999999966,0.1599999999999966,0.0,0.004930662557781185,0.004930662557781185,0.0,0.004918546651128748,32.55666666666667,32.513999999999996,32.096000000000004,32.56264980789277,32.47158132382292,32.22642222526608,0.002846719355019458,0.002205059330661851,0.01988458804071846,0.1599999999999966,0.004930662557781096,0.1599999999999966,0.004930662557781096,2.09,0.06847968545216251,32.45,32.61,32.45,32.61,30.52,32.61,1.0,1.0,1.0,1,3,19,32.61,0.0,SAME,1.0
BNBL,2024-03-20,32.61,32.61,32.61,32.45,32.45,30.52,0.0,0.0,0.1599999999999966,0.0,0.0,0.004930662557781185,0.0,0.0,32.61,32.54600000000001,32.305,32.586324903946384,32.517720882548616,32.29616363885406,0.002846719355019458,0.002205059330661851,0.01988458804071846,0.1599999999999966,0.004930662557781096,0.1599999999999966,0.004930662557781096,2.09,0.06847968545216251,32.61,32.61,32.45,32.61,30.52,32.61,,1.0,1.0,2,3,20,32.6,-0.00999999999999801,DOWN,0.0
BNBL,2024-03-21,32.6,32.61,32.61,32.61,32.45,30.52,-0.00999999999999801,-0.00999999999999801,-0.00999999999999801,-0.00030665440049060244,-0.00030665440049060244,-0.00030665440049060244,-0.0003067014285657624,-0.0003067014285657624,32.60666666666667,32.576,32.513,32.59316245197319,32.54514725503242,32.351406613607864,0.00017704700069160547,0.002243277729812946,0.019896501656472977,-0.00999999999999801,-0.000306654400490586,0.14999999999999858,0.004622496147919833,2.080000000000002,0.06815203145478381,32.6,32.61,32.45,32.61,32.45,32.61,0.0,0.9375000000000111,0.9375000000000111,3,3,21,32.6,0.0,SAME,1.0
BNBL,2024-03-22,32.6,32.6,32.61,32.61,32.45,32.45,0.0,-0.00999999999999801,-0.00999999999999801,0.0,-0.00030665440049060244,-0.00030665440049060244,0.0,-0.0003067014285657624,32.60333333333333,32.60600000000001,32.528,32.5965812259866,32.56343150335495,32.396605411133706,0.00017704700069160547,0.002243277729812946,0.0015729422196128111,-0.00999999999999801,-0.000306654400490586,0.14999999999999858,0.004622496147919833,0.14999999999999858,0.004622496147919833,32.6,32.61,32.6,32.61,32.45,32.61,0.0,0.0,0.9375000000000111,4,3,22,32.6,0.0,SAME,1.0
BNBL,2024-03-25,32.6,32.6,32.6,32.61,32.61,32.45,0.0,0.0,-0.00999999999999801,0.0,0.0,-0.00030665440049060244,0.0,0.0,32.6,32.604,32.543,32.598290612993296,32.57562100223663,32.43358624547303,0.00017704700069160547,0.00013714001701137457,0.0015729422196128111,-0.00999999999999801,-0.000306654400490586,-0.00999999999999801,-0.000306654400490586,0.14999999999999858,0.004622496147919833,32.6,32.6,32.6,32.61,32.45,32.61,,0.0,0.9375000000000111,0,3,25,32.6,0.0,SAME,1.0
BNBL,2024-03-26,32.6,32.6,32.6,32.6,32.61,32.45,0.0,0.0,0.0,0.0,0.0,0.0,0.0,0.0,32.6,32.602000000000004,32.55800000000001,32.59914530649665,32.58374733482442,32.463843291750656,0.0,0.00013714001701137457,0.0015729422196128111,0.0,0.0,-0.00999999999999801,-0.000306654400490586,0.14999999999999858,0.004622496147919833,32.6,32.6,32.6,32.61,32.45,32.61,,0.0,0.9375000000000111,1,3,26,32.99,0.39000000000000057,UP,2.0
BNBL,2024-03-27,32.99,32.6,32.6,32.6,32.61,32.45,0.39000000000000057,0.39000000000000057,0.39000000000000057,0.011963190184049122,0.011963190184049122,0.011963190184049122,0.011892196867828136,0.011892196867828136,32.730000000000004,32.678000000000004,32.612,32.79457265324832,32.71916488988295,32.55950814779599,0.006906951073127993,0.005386023370873561,0.0039441922800530155,0.39000000000000057,0.011963190184049097,0.38000000000000256,0.011652867218644666,0.5399999999999991,0.01664098613251153,32.6,32.99,32.6,32.99,32.45,32.99,1.0,1.0,1.0,2,3,27,32.99,0.0,SAME,1.0
BNBL,2024-03-28,32.99,32.99,32.6,32.6,32.6,32.45,0.0,0.39000000000000057,0.39000000000000057,0.0,0.011963190184049122,0.011963190184049122,0.0,0.011892196867828136,32.86000000000001,32.75600000000001,32.666,32.89228632662416,32.80944325992196,32.63777939365126,0.006906951073127993,0.005350101295858208,0.0039441922800530155,0.39000000000000057,0.011963190184049097,0.39000000000000057,0.011963190184049097,0.5399999999999991,0.01664098613251153,32.6,32.99,32.6,32.99,32.45,32.99,1.0,1.0,1.0,3,3,28,32.99,0.0,SAME,1.0
BNBL,2024-03-29,32.99,32.99,32.99,32.6,32.6,32.45,0.0,0.0,0.39000000000000057,0.0,0.0,0.011963190184049122,0.0,0.0,32.99,32.833999999999996,32.72,32.94114316331208,32.86962883994798,32.70181950389648,0.006906951073127993,0.005350101295858208,0.0039441922800530155,0.39000000000000057,0.011963190184049097,0.39000000000000057,0.011963190184049097,0.5399999999999991,0.01664098613251153,32.99,32.99,32.6,32.99,32.6,32.99,,1.0,1.0,4,3,29,32.99,0.0,SAME,1.0
BNBL,2024-04-01,32.99,32.99,32.99,32.99,32.6,32.61,0.0,0.0,0.0,0.0,0.0,0.0,0.0,0.0,32.99,32.912,32.757999999999996,32.965571581656036,32.90975255996532,32.75421595773348,0.0,0.005350101295858208,0.0037950914738458796,0.0,0.0,0.39000000000000057,0.011963190184049097,0.38000000000000256,0.011652867218644666,32.99,32.99,32.6,32.99,32.6,32.99,,1.0,1.0,0,4,1,32.99,0.0,SAME,1.0
BNBL,2024-04-02,32.99,32.99,32.99,32.99,32.6,32.61,0.0,0.0,0.0,0.0,0.0,0.0,0.0,0.0,32.99,32.99,32.79600000000001,32.97778579082802,32.93650170664355,32.79708578360012,0.0,0.005350101295858208,0.0037950914738458796,0.0,0.0,0.39000000000000057,0.011963190184049097,0.38000000000000256,0.011652867218644666,32.99,32.99,32.99,32.99,32.6,32.99,,,1.0,1,4,2,32.99,0.0,SAME,1.0
BNBL,2024-04-03,32.99,32.99,32.99,32.99,32.99,32.61,0.0,0.0,0.0,0.0,0.0,0.0,0.0,0.0,32.99,32.99,32.834,32.983892895414016,32.9543344710957,32.832161095672824,0.0,0.0,0.0037950914738458796,0.0,0.0,0.0,0.0,0.38000000000000256,0.011652867218644666,32.99,32.99,32.99,32.99,32.6,32.99,,,1.0,2,4,3,32.99,0.0,SAME,1.0
BNBL,2024-04-04,32.99,32.99,32.99,32.99,32.99,32.6,0.0,0.0,0.0,0.0,0.0,0.0,0.0,0.0,32.99,32.99,32.873000000000005,32.98694644770701,32.966222980730464,32.86085907827776,0.0,0.0,0.003783092906336238,0.0,0.0,0.0,0.0,0.39000000000000057,0.011963190184049097,32.99,32.99,32.99,32.99,32.6,32.99,,,1.0,3,4,4,32.99,0.0,SAME,1.0
BNBL,2024-04-05,32.99,32.99,32.99,32.99,32.99,32.6,0.0,0.0,0.0,0.0,0.0,0.0,0.0,0.0,32.99,32.99,32.912,32.988473223853504,32.97414865382031,32.88433924586362,0.0,0.0,0.003783092906336238,0.0,0.0,0.0,0.0,0.39000000000000057,0.011963190184049097,32.99,32.99,32.99,32.99,32.6,32.99,,,1.0,4,4,5,33.52,0.5300000000000011,UP,2.0
BNBL,2024-04-08,33.52,32.99,32.99,32.99,32.99,32.6,0.5300000000000011,0.5300000000000011,0.5300000000000011,0.01606547438617767,0.01606547438617767,0.01606547438617767,0.015937790373392276,0.015937790373392276,33.16666666666667,33.096000000000004,33.004000000000005,33.25423661192676,33.156099102546875,32.99991392843387,0.009275405961519127,0.007184698563654845,0.00598754988727646,0.5300000000000011,0.016065474386177662,0.5300000000000011,0.016065474386177662,0.9200000000000017,0.028220858895705574,32.99,33.52,32.99,33.52,32.6,33.52,1.0,1.0,1.0,0,4,8,33.52,0.0,SAME,1.0
BNBL,2024-04-09,33.52,33.52,32.99,32.99,32.99,32.6,0.0,0.5300000000000011,0.5300000000000011,0.0,0.01606547438617767,0.01606547438617767,0.0,0.015937790373392276,33.34333333333334,33.202,33.096000000000004,33.387118305963384,33.27739940169792,33.094475032354985,0.009275405961519129,0.007184698563654845,0.00598754988727646,0.5300000000000011,0.016065474386177662,0.5300000000000011,0.016065474386177662,0.9200000000000017,0.028220858895705574,32.99,33.52,32.99,33.52,32.99,33.52,1.0,1.0,1.0,1,4,9,32.4,-1.1200000000000045,DOWN,0.0
BNBL,2024-04-10,32.4,33.52,33.52,32.99,32.99,32.99,-1.1200000000000045,-1.1200000000000045,-0.5900000000000034,-0.03341288782816243,-0.03341288782816243,-0.01788420733555629,-0.033983852815598736,-0.033983852815598736,33.14666666666667,33.083999999999996,33.037,32.893559152981695,32.984932934465284,32.96820684465408,0.02524093522991232,0.018126872245680284,0.012222144133396054,-0.5900000000000034,-0.017884207335556332,-0.5900000000000034,-0.017884207335556332,-0.5900000000000034,-0.017884207335556332,32.4,33.52,32.4,33.52,32.4,33.52,0.0,0.0,0.0,2,4,10,32.4,0.0,SAME,1.0
BNBL,2024-04-11,32.4,32.4,33.52,33.52,32.99,32.99,0.0,-1.1200000000000045,-1.1200000000000045,0.0,-0.03341288782816243,-0.03341288782816243,0.0,-0.033983852815598736,32.77333333333334,32.966,32.977999999999994,32.64677957649084,32.78995528964352,32.86489650926242,0.019290939781992505,0.018126872245680284,0.012222144133396054,-1.1200000000000045,-0.03341288782816242,-0.5900000000000034,-0.017884207335556332,-0.5900000000000034,-0.017884207335556332,32.4,33.52,32.4,33.52,32.4,33.52,0.0,0.0,0.0,3,4,11,32.4,0.0,SAME,1.0
BNBL,2024-04-12,32.4,32.4,32.4,33.52,32.99,32.99,0.0,0.0,-1.1200000000000045,0.0,0.0,-0.03341288782816243,0.0,0.0,32.4,32.848,32.919000000000004,32.523389788245424,32.65997019309568,32.7803698712147,0.019290939781992505,0.018126872245680284,0.012222144133396054,-1.1200000000000045,-0.03341288782816242,-0.5900000000000034,-0.017884207335556332,-0.5900000000000034,-0.017884207335556332,32.4,32.4,32.4,33.52,32.4,33.52,,0.0,0.0,4,4,12,31.0,-1.3999999999999986,DOWN,0.0
BNBL,2024-04-15,31.0,32.4,32.4,32.4,33.52,32.99,-1.3999999999999986,-1.3999999999999986,-1.3999999999999986,-0.043209876543209846,-0.043209876543209846,-0.043209876543209846,-0.044171218313137424,-0.044171218313137424,31.933333333333337,32.344,32.720000000000006,31.761694894122712,32.106646795397126,32.45666625826657,0.02494723385387282,0.02126796240777796,0.017872683794347623,-1.3999999999999986,-0.04320987654320983,-2.520000000000003,-0.07517899761336524,-1.990000000000002,-0.06032130948772361,31.0,32.4,31.0,33.52,31.0,33.52,0.0,0.0,0.0,0,4,15,31.0,0.0,SAME,1.0
BNBL,2024-04-16,31.0,31.0,32.4,32.4,33.52,32.99,0.0,-1.3999999999999986,-1.3999999999999986,0.0,-0.043209876543209846,-0.043209876543209846,0.0,-0.044171218313137424,31.46666666666667,31.839999999999996,32.521,31.380847447061356,31.73776453026475,32.19181784767265,0.02494723385387282,0.02126796240777796,0.017872683794347623,-1.3999999999999986,-0.04320987654320983,-2.520000000000003,-0.07517899761336524,-1.990000000000002,-0.06032130948772361,31.0,32.4,31.0,32.4,31.0,33.52,0.0,0.0,0.0,1,4,16,31.0,0.0,SAME,1.0
BNBL,2024-04-17,31.0,31.0,31.0,32.4,32.4,32.99,0.0,0.0,-1.3999999999999986,0.0,0.0,-0.043209876543209846,0.0,0.0,31.0,31.560000000000002,32.322,31.190423723530678,31.491843020176503,31.97512369355035,0.02494723385387282,0.019324044249998115,0.017872683794347623,-1.3999999999999986,-0.04320987654320983,-1.3999999999999986,-0.04320987654320983,-1.990000000000002,-0.06032130948772361,31.0,31.0,31.0,32.4,31.0,33.52,,0.0,0.0,2,4,17,31.0,0.0,SAME,1.0
BNBL,2024-04-19,31.0,31.0,31.0,31.0,32.4,32.99,0.0,0.0,0.0,0.0,0.0,0.0,0.0,0.0,31.0,31.28,32.123000000000005,31.09521186176534,31.327895346784338,31.797828476541195,0.0,0.019324044249998115,0.017872683794347623,0.0,0.0,-1.3999999999999986,-0.04320987654320983,-1.990000000000002,-0.06032130948772361,31.0,31.0,31.0,32.4,31.0,33.52,,0.0,0.0,4,4,19,31.0,0.0,SAME,1.0
BNBL,2024-04-22,31.0,31.0,31.0,31.0,32.4,32.99,0.0,0.0,0.0,0.0,0.0,0.0,0.0,0.0,31.0,31.0,31.924,31.047605930882668,31.218596897856226,31.652768753533703,0.0,0.019324044249998115,0.017872683794347623,0.0,0.0,-1.3999999999999986,-0.04320987654320983,-1.990000000000002,-0.06032130948772361,31.0,31.0,31.0,31.0,31.0,33.52,,,0.0,0,4,22,31.0,0.0,SAME,1.0
BNBL,2024-04-23,31.0,31.0,31.0,31.0,31.0,33.52,0.0,0.0,0.0,0.0,0.0,0.0,0.0,0.0,31.0,31.0,31.672000000000004,31.023802965441334,31.145731265237487,31.53408352561848,0.0,0.0,0.016317712604902366,0.0,0.0,0.0,0.0,-2.520000000000003,-0.07517899761336524,31.0,31.0,31.0,31.0,31.0,33.52,,,0.0,1,4,23,31.0,0.0,SAME,1.0
BNBL,2024-04-24,31.0,31.0,31.0,31.0,31.0,33.52,0.0,0.0,0.0,0.0,0.0,0.0,0.0,0.0,31.0,31.0,31.420000000000005,31.011901482720667,31.097154176824993,31.43697743005148,0.0,0.0,0.016317712604902366,0.0,0.0,0.0,0.0,-2.520000000000003,-0.07517899761336524,31.0,31.0,31.0,31.0,31.0,32.4,,,0.0,2,4,24,31.0,0.0,SAME,1.0
BNBL,2024-04-25,31.0,31.0,31.0,31.0,31.0,32.4,0.0,0.0,0.0,0.0,0.0,0.0,0.0,0.0,31.0,31.0,31.28,31.005950741360333,31.064769451216662,31.35752698822394,0.0,0.0,0.013664162729122568,0.0,0.0,0.0,0.0,-1.3999999999999986,-0.04320987654320983,31.0,31.0,31.0,31.0,31.0,32.4,,,0.0,3,4,25,31.0,0.0,SAME,1.0
BNBL,2024-04-26,31.0,31.0,31.0,31.0,31.0,32.4,0.0,0.0,0.0,0.0,0.0,0.0,0.0,0.0,31.0,31.0,31.140000000000004,31.00297537068017,31.043179634144444,31.29252208127413,0.0,0.0,0.013664162729122568,0.0,0.0,0.0,0.0,-1.3999999999999986,-0.04320987654320983,31.0,31.0,31.0,31.0,31.0,32.4,,,0.0,4,4,26,31.0,0.0,SAME,1.0
BNBL,2024-04-29,31.0,31.0,31.0,31.0,31.0,32.4,0.0,0.0,0.0,0.0,0.0,0.0,0.0,0.0,31.0,31.0,31.0,31.001487685340084,31.028786422762963,31.239336248315194,0.0,0.0,0.013664162729122568,0.0,0.0,0.0,0.0,-1.3999999999999986,-0.04320987654320983,31.0,31.0,31.0,31.0,31.0,31.0,,,,0,4,29,31.0,0.0,SAME,1.0
BNBL,2024-04-30,31.0,31.0,31.0,31.0,31.0,31.0,0.0,0.0,0.0,0.0,0.0,0.0,0.0,0.0,31.0,31.0,31.0,31.00074384267004,31.019190948508644,31.195820566803338,0.0,0.0,0.0,0.0,0.0,0.0,0.0,0.0,0.0,31.0,31.0,31.0,31.0,31.0,31.0,,,,1,4,30,31.0,0.0,SAME,1.0
BNBL,2024-05-01,31.0,31.0,31.0,31.0,31.0,31.0,0.0,0.0,0.0,0.0,0.0,0.0,0.0,0.0,31.0,31.0,31.0,31.00037192133502,31.01279396567243,31.16021682738455,0.0,0.0,0.0,0.0,0.0,0.0,0.0,0.0,0.0,31.0,31.0,31.0,31.0,31.0,31.0,,,,2,5,1,31.0,0.0,SAME,1.0
BNBL,2024-05-03,31.0,31.0,31.0,31.0,31.0,31.0,0.0,0.0,0.0,0.0,0.0,0.0,0.0,0.0,31.0,31.0,31.0,31.00018596066751,31.00852931044829,31.13108649513281,0.0,0.0,0.0,0.0,0.0,0.0,0.0,0.0,0.0,31.0,31.0,31.0,31.0,31.0,31.0,,,,4,5,3,31.0,0.0,SAME,1.0
BNBL,2024-05-06,31.0,31.0,31.0,31.0,31.0,31.0,0.0,0.0,0.0,0.0,0.0,0.0,0.0,0.0,31.0,31.0,31.0,31.000092980333754,31.005686206965528,31.107252586926844,0.0,0.0,0.0,0.0,0.0,0.0,0.0,0.0,0.0,31.0,31.0,31.0,31.0,31.0,31.0,,,,0,5,6,31.0,0.0,SAME,1.0
BNBL,2024-05-07,31.0,31.0,31.0,31.0,31.0,31.0,0.0,0.0,0.0,0.0,0.0,0.0,0.0,0.0,31.0,31.0,31.0,31.000046490166877,31.003790804643685,31.087752116576507,0.0,0.0,0.0,0.0,0.0,0.0,0.0,0.0,0.0,31.0,31.0,31.0,31.0,31.0,31.0,,,,1,5,7,31.0,0.0,SAME,1.0
BNBL,2024-05-08,31.0,31.0,31.0,31.0,31.0,31.0,0.0,0.0,0.0,0.0,0.0,0.0,0.0,0.0,31.0,31.0,31.0,31.00002324508344,31.00252720309579,31.071797186289867,0.0,0.0,0.0,0.0,0.0,0.0,0.0,0.0,0.0,31.0,31.0,31.0,31.0,31.0,31.0,,,,2,5,8,31.0,0.0,SAME,1.0
BNBL,2024-05-09,31.0,31.0,31.0,31.0,31.0,31.0,0.0,0.0,0.0,0.0,0.0,0.0,0.0,0.0,31.0,31.0,31.0,31.00001162254172,31.001684802063863,31.05874315241898,0.0,0.0,0.0,0.0,0.0,0.0,0.0,0.0,0.0,31.0,31.0,31.0,31.0,31.0,31.0,,,,3,5,9,31.0,0.0,SAME,1.0
BNBL,2024-05-10,31.0,31.0,31.0,31.0,31.0,31.0,0.0,0.0,0.0,0.0,0.0,0.0,0.0,0.0,31.0,31.0,31.0,31.00000581127086,31.00112320137591,31.04806257925189,0.0,0.0,0.0,0.0,0.0,0.0,0.0,0.0,0.0,31.0,31.0,31.0,31.0,31.0,31.0,,,,4,5,10,31.0,0.0,SAME,1.0
BNBL,2024-05-13,31.0,31.0,31.0,31.0,31.0,31.0,0.0,0.0,0.0,0.0,0.0,0.0,0.0,0.0,31.0,31.0,31.0,31.00000290563543,31.000748800917275,31.03932392847882,0.0,0.0,0.0,0.0,0.0,0.0,0.0,0.0,0.0,31.0,31.0,31.0,31.0,31.0,31.0,,,,0,5,13,31.0,0.0,SAME,1.0
BNBL,2024-05-14,31.0,31.0,31.0,31.0,31.0,31.0,0.0,0.0,0.0,0.0,0.0,0.0,0.0,0.0,31.0,31.0,31.0,31.000001452817713,31.000499200611518,31.03217412330085,0.0,0.0,0.0,0.0,0.0,0.0,0.0,0.0,0.0,31.0,31.0,31.0,31.0,31.0,31.0,,,,1,5,14,31.0,0.0,SAME,1.0
BNBL,2024-05-15,31.0,31.0,31.0,31.0,31.0,31.0,0.0,0.0,0.0,0.0,0.0,0.0,0.0,0.0,31.0,31.0,31.0,31.000000726408857,31.00033280040768,31.026324282700696,0.0,0.0,0.0,0.0,0.0,0.0,0.0,0.0,0.0,31.0,31.0,31.0,31.0,31.0,31.0,,,,2,5,15,31.0,0.0,SAME,1.0
BNBL,2024-05-16,31.0,31.0,31.0,31.0,31.0,31.0,0.0,0.0,0.0,0.0,0.0,0.0,0.0,0.0,31.0,31.0,31.0,31.00000036320443,31.000221866938453,31.021538049482384,0.0,0.0,0.0,0.0,0.0,0.0,0.0,0.0,0.0,31.0,31.0,31.0,31.0,31.0,31.0,,,,3,5,16,31.0,0.0,SAME,1.0
BNBL,2024-05-17,31.0,31.0,31.0,31.0,31.0,31.0,0.0,0.0,0.0,0.0,0.0,0.0,0.0,0.0,31.0,31.0,31.0,31.000000181602214,31.000147911292302,31.017622040485584,0.0,0.0,0.0,0.0,0.0,0.0,0.0,0.0,0.0,31.0,31.0,31.0,31.0,31.0,31.0,,,,4,5,17,31.0,0.0,SAME,1.0
BNBL,2024-05-20,31.0,31.0,31.0,31.0,31.0,31.0,0.0,0.0,0.0,0.0,0.0,0.0,0.0,0.0,31.0,31.0,31.0,31.00000009080111,31.0000986075282,31.014418033124567,0.0,0.0,0.0,0.0,0.0,0.0,0.0,0.0,0.0,31.0,31.0,31.0,31.0,31.0,31.0,,,,0,5,20,31.0,0.0,SAME,1.0
BNBL,2024-05-21,31.0,31.0,31.0,31.0,31.0,31.0,0.0,0.0,0.0,0.0,0.0,0.0,0.0,0.0,31.0,31.0,31.0,31.000000045400554,31.000065738352134,31.011796572556463,0.0,0.0,0.0,0.0,0.0,0.0,0.0,0.0,0.0,31.0,31.0,31.0,31.0,31.0,31.0,,,,1,5,21,30.02,-0.9800000000000004,DOWN,0.0
BNBL,2024-05-22,30.02,31.0,31.0,31.0,31.0,31.0,-0.9800000000000004,-0.9800000000000004,-0.9800000000000004,-0.031612903225806455,-0.031612903225806455,-0.031612903225806455,-0.032123378279830354,-0.032123378279830354,30.673333333333336,30.803999999999995,30.901999999999997,30.510000022700275,30.673377158901424,30.83146992300074,0.018251718187285115,0.014137720115805047,0.009996877764403198,-0.9800000000000004,-0.03161290322580647,-0.9800000000000004,-0.03161290322580647,-0.9800000000000004,-0.03161290322580647,30.02,31.0,30.02,31.0,30.02,31.0,0.0,0.0,0.0,2,5,22,30.02,0.0,SAME,1.0
BNBL,2024-05-24,30.02,30.02,31.0,31.0,31.0,31.0,0.0,-0.9800000000000004,-0.9800000000000004,0.0,-0.031612903225806455,-0.031612903225806455,0.0,-0.032123378279830354,30.346666666666668,30.607999999999997,30.803999999999995,30.26500001135014,30.45558477260095,30.683929937000602,0.018251718187285115,0.014137720115805047,0.009996877764403198,-0.9800000000000004,-0.03161290322580647,-0.9800000000000004,-0.03161290322580647,-0.9800000000000004,-0.03161290322580647,30.02,31.0,30.02,31.0,30.02,31.0,0.0,0.0,0.0,4,5,24,30.02,0.0,SAME,1.0
BNBL,2024-05-27,30.02,30.02,30.02,31.0,31.0,31.0,0.0,0.0,-0.9800000000000004,0.0,0.0,-0.031612903225806455,0.0,0.0,30.02,30.412,30.706,30.142500005675068,30.310389848400632,30.56321540300049,0.018251718187285115,0.014137720115805047,0.009996877764403198,-0.9800000000000004,-0.03161290322580647,-0.9800000000000004,-0.03161290322580647,-0.9800000000000004,-0.03161290322580647,30.02,30.02,30.02,31.0,30.02,31.0,,0.0,0.0,0,5,27,29.65,-0.370000000000001,DOWN,0.0
BNBL,2024-05-28,29.65,30.02,30.02,30.02,31.0,31.0,-0.370000000000001,-0.370000000000001,-0.370000000000001,-0.012325116588940754,-0.012325116588940754,-0.012325116588940754,-0.012401700761581485,-0.012401700761581485,29.896666666666672,30.141999999999996,30.570999999999998,29.896250002837533,30.090259898933756,30.39717623881858,0.00711590938041894,0.013830891441325776,0.010318425756173935,-0.370000000000001,-0.012325116588940739,-1.3500000000000014,-0.04354838709677424,-1.3500000000000014,-0.04354838709677424,29.65,30.02,29.65,31.0,29.65,31.0,0.0,0.0,0.0,1,5,28,29.65,0.0,SAME,1.0
BNBL,2024-05-29,29.65,29.65,30.02,30.02,31.0,31.0,0.0,-0.370000000000001,-0.370000000000001,0.0,-0.012325116588940754,-0.012325116588940754,0.0,-0.012401700761581485,29.773333333333337,29.871999999999996,30.435999999999996,29.773125001418766,29.943506599289172,30.261326013578838,0.00711590938041894,0.013830891441325776,0.010318425756173935,-0.370000000000001,-0.012325116588940739,-1.3500000000000014,-0.04354838709677424,-1.3500000000000014,-0.04354838709677424,29.65,30.02,29.65,30.02,29.65,31.0,0.0,0.0,0.0,2,5,29,29.65,0.0,SAME,1.0
BNBL,2024-05-30,29.65,29.65,29.65,30.02,30.02,31.0,0.0,0.0,-0.370000000000001,0.0,0.0,-0.012325116588940754,0.0,0.0,29.65,29.797999999999995,30.301,29.711562500709384,29.845671066192782,30.150175829291776,0.00711590938041894,0.005511959704696174,0.010318425756173935,-0.370000000000001,-0.012325116588940739,-0.370000000000001,-0.012325116588940739,-1.3500000000000014,-0.04354838709677424,29.65,29.65,29.65,30.02,29.65,31.0,,0.0,0.0,3,5,30,29.65,0.0,SAME,1.0
BNBL,2024-05-31,29.65,29.65,29.65,29.65,30.02,31.0,0.0,0.0,0.0,0.0,0.0,0.0,0.0,0.0,29.65,29.724,30.165999999999997,29.68078125035469,29.780447377461858,30.05923476942054,0.0,0.005511959704696174,0.010318425756173935,0.0,0.0,-0.370000000000001,-0.012325116588940739,-1.3500000000000014,-0.04354838709677424,29.65,29.65,29.65,30.02,29.65,31.0,,0.0,0.0,4,5,31,29.65,0.0,SAME,1.0
BNBL,2024-06-03,29.65,29.65,29.65,29.65,30.02,31.0,0.0,0.0,0.0,0.0,0.0,0.0,0.0,0.0,29.65,29.65,30.030999999999995,29.665390625177345,29.73696491830791,29.984828447707713,0.0,0.005511959704696174,0.010318425756173935,0.0,0.0,-0.370000000000001,-0.012325116588940739,-1.3500000000000014,-0.04354838709677424,29.65,29.65,29.65,29.65,29.65,31.0,,,0.0,0,6,3,29.65,0.0,SAME,1.0
BNBL,2024-06-04,29.65,29.65,29.65,29.65,29.65,31.0,0.0,0.0,0.0,0.0,0.0,0.0,0.0,0.0,29.65,29.65,29.895999999999997,29.65769531258867,29.707976612205275,29.92395054812449,0.0,0.0,0.010318425756173935,0.0,0.0,0.0,0.0,-1.3500000000000014,-0.04354838709677424,29.65,29.65,29.65,29.65,29.65,31.0,,,0.0,1,6,4,29.65,0.0,SAME,1.0
BNBL,2024-06-05,29.65,29.65,29.65,29.65,29.65,31.0,0.0,0.0,0.0,0.0,0.0,0.0,0.0,0.0,29.65,29.65,29.760999999999996,29.653847656294335,29.68865107480352,29.8741413575564,0.0,0.0,0.010318425756173935,0.0,0.0,0.0,0.0,-1.3500000000000014,-0.04354838709677424,29.65,29.65,29.65,29.65,29.65,30.02,,,0.0,2,6,5,30.71,1.0600000000000023,UP,2.0
BNBL,2024-06-06,30.71,29.65,29.65,29.65,29.65,30.02,1.0600000000000023,1.0600000000000023,1.0600000000000023,0.035750421585160286,0.035750421585160286,0.035750421585160286,0.03512620900899662,0.03512620900899662,30.003333333333334,29.862000000000002,29.830000000000002,30.18192382814717,30.02910071653568,30.026115656182505,0.020640515525835096,0.01598807457773877,0.012360900052769774,1.0600000000000023,0.03575042158516028,1.0600000000000023,0.03575042158516028,0.6900000000000013,0.022984676882078656,29.65,30.71,29.65,30.71,29.65,30.71,1.0,1.0,1.0,3,6,6,30.71,0.0,SAME,1.0
BNBL,2024-06-07,30.71,30.71,29.65,29.65,29.65,30.02,0.0,1.0600000000000023,1.0600000000000023,0.0,0.035750421585160286,0.035750421585160286,0.0,0.03512620900899662,30.35666666666667,30.074,29.899,30.445961914073585,30.256067144357125,30.15045826414932,0.020640515525835096,0.01598807457773877,0.012360900052769774,1.0600000000000023,0.03575042158516028,1.0600000000000023,0.03575042158516028,0.6900000000000013,0.022984676882078656,29.65,30.71,29.65,30.71,29.65,30.71,1.0,1.0,1.0,4,6,7,30.71,0.0,SAME,1.0
BNBL,2024-06-10,30.71,30.71,30.71,29.65,29.65,30.02,0.0,0.0,1.0600000000000023,0.0,0.0,0.035750421585160286,0.0,0.0,30.71,30.286,29.967999999999996,30.577980957036793,30.407378096238084,30.252193125213083,0.020640515525835096,0.01598807457773877,0.012360900052769774,1.0600000000000023,0.03575042158516028,1.0600000000000023,0.03575042158516028,0.6900000000000013,0.022984676882078656,30.71,30.71,29.65,30.71,29.65,30.71,,1.0,1.0,0,6,10,30.71,0.0,SAME,1.0
BNBL,2024-06-11,30.71,30.71,30.71,30.71,29.65,29.65,0.0,0.0,0.0,0.0,0.0,0.0,0.0,0.0,30.71,30.498,30.074,30.643990478518397,30.508252064158725,30.3354307388107,0.0,0.01598807457773877,0.01130527595203532,0.0,0.0,1.0600000000000023,0.03575042158516028,1.0600000000000023,0.03575042158516028,30.71,30.71,29.65,30.71,29.65,30.71,,1.0,1.0,1,6,11,32.0,1.2899999999999991,UP,2.0
BNBL,2024-06-12,32.0,30.71,30.71,30.71,29.65,29.65,1.2899999999999991,1.2899999999999991,1.2899999999999991,0.04200586128296968,0.04200586128296968,0.04200586128296968,0.04114756834699551,0.04114756834699551,31.14,30.968,30.309000000000005,31.3219952392592,31.00550137610582,30.638079695390573,0.024252095319264793,0.021408976625162682,0.016458638640523198,1.2899999999999991,0.04200586128296969,2.3500000000000014,0.0792580101180439,2.3500000000000014,0.0792580101180439,30.71,32.0,30.71,32.0,29.65,32.0,1.0,1.0,1.0,2,6,12,32.0,0.0,SAME,1.0
BNBL,2024-06-13,32.0,32.0,30.71,30.71,30.71,29.65,0.0,1.2899999999999991,1.2899999999999991,0.0,0.04200586128296968,0.04200586128296968,0.0,0.04114756834699551,31.570000000000004,31.226,30.544,31.660997619629597,31.337000917403884,30.885701568955923,0.024252095319264793,0.018785592256429288,0.016458638640523198,1.2899999999999991,0.04200586128296969,1.2899999999999991,0.04200586128296969,2.3500000000000014,0.0792580101180439,30.71,32.0,30.71,32.0,29.65,32.0,1.0,1.0,1.0,3,6,13,32.0,0.0,SAME,1.0
BNBL,2024-06-14,32.0,32.0,32.0,30.71,30.71,29.65,0.0,0.0,1.2899999999999991,0.0,0.0,0.04200586128296968,0.0,0.0,32.0,31.484,30.779000000000003,31.8304988098148,31.558000611602594,31.08830128369121,0.024252095319264793,0.018785592256429288,0.016458638640523198,1.2899999999999991,0.04200586128296969,1.2899999999999991,0.04200586128296969,2.3500000000000014,0.0792580101180439,32.0,32.0,30.71,32.0,29.65,32.0,,1.0,1.0,4,6,14,32.0,0.0,SAME,1.0
BNBL,2024-06-17,32.0,32.0,32.0,32.0,30.71,29.65,0.0,0.0,0.0,0.0,0.0,0.0,0.0,0.0,32.0,31.742,31.014000000000003,31.9152494049074,31.7053337410684,31.25406468665644,0.0,0.018785592256429288,0.016458638640523198,0.0,0.0,1.2899999999999991,0.04200586128296969,2.3500000000000014,0.0792580101180439,32.0,32.0,30.71,32.0,29.65,32.0,,1.0,1.0,0,6,17,32.0,0.0,SAME,1.0
BNBL,2024-06-18,32.0,32.0,32.0,32.0,30.71,29.65,0.0,0.0,0.0,0.0,0.0,0.0,0.0,0.0,32.0,32.0,31.249000000000002,31.9576247024537,31.803555827378936,31.38968928908254,0.0,0.018785592256429288,0.016458638640523198,0.0,0.0,1.2899999999999991,0.04200586128296969,2.3500000000000014,0.0792580101180439,32.0,32.0,32.0,32.0,29.65,32.0,,,1.0,1,6,18,32.0,0.0,SAME,1.0
BNBL,2024-06-19,32.0,32.0,32.0,32.0,32.0,29.65,0.0,0.0,0.0,0.0,0.0,0.0,0.0,0.0,32.0,32.0,31.484,31.97881235122685,31.86903721825263,31.50065487288571,0.0,0.0,0.016458638640523198,0.0,0.0,0.0,0.0,2.3500000000000014,0.0792580101180439,32.0,32.0,32.0,32.0,30.71,32.0,,,1.0,2,6,19,32.0,0.0,SAME,1.0
BNBL,2024-06-20,32.0,32.0,32.0,32.0,32.0,30.71,0.0,0.0,0.0,0.0,0.0,0.0,0.0,0.0,32.0,32.0,31.613,31.989406175613425,31.912691478835086,31.591444895997398,0.0,0.0,0.013283419673126637,0.0,0.0,0.0,0.0,1.2899999999999991,0.04200586128296969,32.0,32.0,32.0,32.0,30.71,32.0,,,1.0,3,6,20,32.0,0.0,SAME,1.0
BNBL,2024-06-21,32.0,32.0,32.0,32.0,32.0,30.71,0.0,0.0,0.0,0.0,0.0,0.0,0.0,0.0,32.0,32.0,31.742,31.994703087806712,31.94179431922339,31.66572764217969,0.0,0.0,0.013283419673126637,0.0,0.0,0.0,0.0,1.2899999999999991,0.04200586128296969,32.0,32.0,32.0,32.0,30.71,32.0,,,1.0,4,6,21,31.99,-0.010000000000001563,DOWN,0.0
BNBL,2024-06-24,31.99,32.0,32.0,32.0,32.0,30.71,-0.010000000000001563,-0.010000000000001563,-0.010000000000001563,-0.00031250000000004885,-0.00031250000000004885,-0.00031250000000004885,-0.00031254883829995967,-0.00031254883829995967,31.996666666666666,31.998,31.870000000000005,31.992351543903354,31.957862879482263,31.72468625269247,0.00018042195914098883,0.0001397542485860008,0.013294762547989657,-0.010000000000001563,-0.00031250000000004885,-0.010000000000001563,-0.00031250000000004885,1.2799999999999976,0.04168023445131871,31.99,32.0,31.99,32.0,30.71,32.0,0.0,0.0,0.9922480620155026,0,6,24,31.99,0.0,SAME,1.0
BNBL,2024-06-25,31.99,31.99,32.0,32.0,32.0,30.71,0.0,-0.010000000000001563,-0.010000000000001563,0.0,-0.00031250000000004885,-0.00031250000000004885,0.0,-0.00031254883829995967,31.99333333333333,31.996,31.997999999999998,31.991175771951674,31.968575252988174,31.772925115839293,0.00018042195914098883,0.0001397542485860008,0.013294762547989657,-0.010000000000001563,-0.00031250000000004885,-0.010000000000001563,-0.00031250000000004885,1.2799999999999976,0.04168023445131871,31.99,32.0,31.99,32.0,31.99,32.0,0.0,0.0,0.0,1,6,25,31.99,0.0,SAME,1.0
BNBL,2024-06-26,31.99,31.99,31.99,32.0,32.0,32.0,0.0,0.0,-0.010000000000001563,0.0,0.0,-0.00031250000000004885,0.0,0.0,31.99,31.994,31.996999999999996,31.990587885975835,31.97571683532545,31.812393276595785,0.00018042195914098883,0.0001397542485860008,9.882117687351133e-05,-0.010000000000001563,-0.00031250000000004885,-0.010000000000001563,-0.00031250000000004885,-0.010000000000001563,-0.00031250000000004885,31.99,31.99,31.99,32.0,31.99,32.0,,0.0,0.0,2,6,26,31.99,0.0,SAME,1.0
BNBL,2024-06-27,31.99,31.99,31.99,31.99,32.0,32.0,0.0,0.0,0.0,0.0,0.0,0.0,0.0,0.0,31.99,31.991999999999997,31.996,31.99029394298792,31.980477890216967,31.844685408123823,0.0,0.0001397542485860008,9.882117687351133e-05,0.0,0.0,-0.010000000000001563,-0.00031250000000004885,-0.010000000000001563,-0.00031250000000004885,31.99,31.99,31.99,32.0,31.99,32.0,,0.0,0.0,3,6,27,31.99,0.0,SAME,1.0
BNBL,2024-06-28,31.99,31.99,31.99,31.99,32.0,32.0,0.0,0.0,0.0,0.0,0.0,0.0,0.0,0.0,31.99,31.99,31.994999999999997,31.990146971493957,31.983651926811312,31.8711062430104,0.0,0.0001397542485860008,9.882117687351133e-05,0.0,0.0,-0.010000000000001563,-0.00031250000000004885,-0.010000000000001563,-0.00031250000000004885,31.99,31.99,31.99,31.99,31.99,32.0,,,0.0,4,6,28,31.99,0.0,SAME,1.0
BNBL,2024-07-01,31.99,31.99,31.99,31.99,31.99,32.0,0.0,0.0,0.0,0.0,0.0,0.0,0.0,0.0,31.99,31.99,31.994,31.990073485746976,31.985767951207542,31.89272328973578,0.0,0.0,9.882117687351133e-05,0.0,0.0,0.0,0.0,-0.010000000000001563,-0.00031250000000004885,31.99,31.99,31.99,31.99,31.99,32.0,,,0.0,0,7,1,31.99,0.0,SAME,1.0
BNBL,2024-07-02,31.99,31.99,31.99,31.99,31.99,32.0,0.0,0.0,0.0,0.0,0.0,0.0,0.0,0.0,31.99,31.99,31.992999999999995,31.990036742873485,31.98717863413836,31.910409964329272,0.0,0.0,9.882117687351133e-05,0.0,0.0,0.0,0.0,-0.010000000000001563,-0.00031250000000004885,31.99,31.99,31.99,31.99,31.99,32.0,,,0.0,1,7,2,31.99,0.0,SAME,1.0
BNBL,2024-07-03,31.99,31.99,31.99,31.99,31.99,32.0,0.0,0.0,0.0,0.0,0.0,0.0,0.0,0.0,31.99,31.99,31.991999999999997,31.99001837143674,31.988119089425574,31.924880879905768,0.0,0.0,9.882117687351133e-05,0.0,0.0,0.0,0.0,-0.010000000000001563,-0.00031250000000004885,31.99,31.99,31.99,31.99,31.99,32.0,,,0.0,2,7,3,31.99,0.0,SAME,1.0
BNBL,2024-07-04,31.99,31.99,31.99,31.99,31.99,32.0,0.0,0.0,0.0,0.0,0.0,0.0,0.0,0.0,31.99,31.99,31.990999999999996,31.99000918571837,31.98874605961705,31.9367207199229,0.0,0.0,9.882117687351133e-05,0.0,0.0,0.0,0.0,-0.010000000000001563,-0.00031250000000004885,31.99,31.99,31.99,31.99,31.99,32.0,,,0.0,3,7,4,31.99,0.0,SAME,1.0
BNBL,2024-07-05,31.99,31.99,31.99,31.99,31.99,32.0,0.0,0.0,0.0,0.0,0.0,0.0,0.0,0.0,31.99,31.99,31.99,31.990004592859187,31.9891640397447,31.946407861755098,0.0,0.0,9.882117687351133e-05,0.0,0.0,0.0,0.0,-0.010000000000001563,-0.00031250000000004885,31.99,31.99,31.99,31.99,31.99,31.99,,,,4,7,5,31.99,0.0,SAME,1.0
BNBL,2024-07-08,31.99,31.99,31.99,31.99,31.99,31.99,0.0,0.0,0.0,0.0,0.0,0.0,0.0,0.0,31.99,31.99,31.99,31.990002296429594,31.989442693163134,31.95433370507235,0.0,0.0,0.0,0.0,0.0,0.0,0.0,0.0,0.0,31.99,31.99,31.99,31.99,31.99,31.99,,,,0,7,8,31.99,0.0,SAME,1.0
BNBL,2024-07-09,31.99,31.99,31.99,31.99,31.99,31.99,0.0,0.0,0.0,0.0,0.0,0.0,0.0,0.0,31.99,31.99,31.99,31.990001148214795,31.989628462108755,31.960818485968286,0.0,0.0,0.0,0.0,0.0,0.0,0.0,0.0,0.0,31.99,31.99,31.99,31.99,31.99,31.99,,,,1,7,9,31.99,0.0,SAME,1.0
BNBL,2024-07-11,31.99,31.99,31.99,31.99,31.99,31.99,0.0,0.0,0.0,0.0,0.0,0.0,0.0,0.0,31.99,31.99,31.99,31.9900005741074,31.989752308072504,31.96612421579223,0.0,0.0,0.0,0.0,0.0,0.0,0.0,0.0,0.0,31.99,31.99,31.99,31.99,31.99,31.99,,,,3,7,11,31.99,0.0,SAME,1.0
BNBL,2024-07-12,31.99,31.99,31.99,31.99,31.99,31.99,0.0,0.0,0.0,0.0,0.0,0.0,0.0,0.0,31.99,31.99,31.99,31.990000287053697,31.989834872048334,31.97046526746637,0.0,0.0,0.0,0.0,0.0,0.0,0.0,0.0,0.0,31.99,31.99,31.99,31.99,31.99,31.99,,,,4,7,12,31.99,0.0,SAME,1.0
BNBL,2024-07-15,31.99,31.99,31.99,31.99,31.99,31.99,0.0,0.0,0.0,0.0,0.0,0.0,0.0,0.0,31.99,31.99,31.99,31.99000014352685,31.989889914698892,31.974017037017937,0.0,0.0,0.0,0.0,0.0,0.0,0.0,0.0,0.0,31.99,31.99,31.99,31.99,31.99,31.99,,,,0,7,15,31.99,0.0,SAME,1.0
BNBL,2024-07-16,31.99,31.99,31.99,31.99,31.99,31.99,0.0,0.0,0.0,0.0,0.0,0.0,0.0,0.0,31.99,31.99,31.99,31.990000071763426,31.989926609799262,31.976923030287402,0.0,0.0,0.0,0.0,0.0,0.0,0.0,0.0,0.0,31.99,31.99,31.99,31.99,31.99,31.99,,,,1,7,16,31.99,0.0,SAME,1.0
BNBL,2024-07-17,31.99,31.99,31.99,31.99,31.99,31.99,0.0,0.0,0.0,0.0,0.0,0.0,0.0,0.0,31.99,31.99,31.99,31.990000035881714,31.989951073199506,31.979300661144237,0.0,0.0,0.0,0.0,0.0,0.0,0.0,0.0,0.0,31.99,31.99,31.99,31.99,31.99,31.99,,,,2,7,17,31.49,-0.5,DOWN,0.0
BNBL,2024-07-18,31.49,31.99,31.99,31.99,31.99,31.99,-0.5,-0.5,-0.5,-0.015629884338855926,-0.015629884338855926,-0.015629884338855926,-0.015753318848493392,-0.015753318848493392,31.823333333333334,31.889999999999997,31.939999999999998,31.740000017940858,31.82330071546634,31.890336904572557,0.009023917930441543,0.0069898967724280866,0.004942603407577836,-0.5,-0.015629884338855895,-0.5,-0.015629884338855895,-0.5,-0.015629884338855895,31.49,31.99,31.49,31.99,31.49,31.99,0.0,0.0,0.0,3,7,18,31.49,0.0,SAME,1.0
BNBL,2024-07-19,31.49,31.49,31.99,31.99,31.99,31.99,0.0,-0.5,-0.5,0.0,-0.015629884338855926,-0.015629884338855926,0.0,-0.015753318848493392,31.656666666666666,31.79,31.889999999999997,31.615000008970426,31.71220047697756,31.817548376468455,0.009023917930441543,0.0069898967724280866,0.004942603407577836,-0.5,-0.015629884338855895,-0.5,-0.015629884338855895,-0.5,-0.015629884338855895,31.49,31.99,31.49,31.99,31.49,31.99,0.0,0.0,0.0,4,7,19,31.48,-0.00999999999999801,DOWN,0.0
BNBL,2024-07-22,31.48,31.49,31.49,31.99,31.99,31.99,-0.00999999999999801,-0.00999999999999801,-0.509999999999998,-0.00031756113051750745,-0.00031756113051750745,-0.015942482025632976,-0.0003176115637306833,-0.0003176115637306833,31.486666666666668,31.688,31.839,31.547500004485215,31.634800317985043,31.75617594438328,0.00893365706709079,0.0069557516868756315,0.0049324551900623076,-0.509999999999998,-0.015942482025632948,-0.509999999999998,-0.015942482025632948,-0.509999999999998,-0.015942482025632948,31.48,31.49,31.48,31.99,31.48,31.99,0.0,0.0,0.0,0,7,22,31.48,0.0,SAME,1.0
BNBL,2024-07-23,31.48,31.48,31.49,31.49,31.99,31.99,0.0,-0.00999999999999801,-0.00999999999999801,0.0,-0.00031756113051750745,-0.00031756113051750745,0.0,-0.0003176115637306833,31.483333333333334,31.586000000000002,31.788,31.51375000224261,31.58320021199003,31.70596213631359,0.00018334400420726645,0.0069557516868756315,0.0049324551900623076,-0.00999999999999801,-0.0003175611305175615,-0.509999999999998,-0.015942482025632948,-0.509999999999998,-0.015942482025632948,31.48,31.49,31.48,31.99,31.48,31.99,0.0,0.0,0.0,1,7,23,31.48,0.0,SAME,1.0
BNBL,2024-07-24,31.48,31.48,31.48,31.49,31.99,31.99,0.0,0.0,-0.00999999999999801,0.0,0.0,-0.00031756113051750745,0.0,0.0,31.48,31.484,31.737000000000002,31.496875001121303,31.548800141326687,31.664878111529298,0.00018334400420726645,0.0069557516868756315,0.0049324551900623076,-0.00999999999999801,-0.0003175611305175615,-0.509999999999998,-0.015942482025632948,-0.509999999999998,-0.015942482025632948,31.48,31.48,31.48,31.49,31.48,31.99,,0.0,0.0,2,7,24,31.48,0.0,SAME,1.0
BNBL,2024-07-25,31.48,31.48,31.48,31.48,31.49,31.99,0.0,0.0,0.0,0.0,0.0,0.0,0.0,0.0,31.48,31.482,31.686,31.48843750056065,31.52586676088446,31.63126390943306,0.0,0.00014201765496211618,0.0049324551900623076,0.0,0.0,-0.00999999999999801,-0.0003175611305175615,-0.509999999999998,-0.015942482025632948,31.48,31.48,31.48,31.49,31.48,31.99,,0.0,0.0,3,7,25,31.48,0.0,SAME,1.0
BNBL,2024-07-26,31.48,31.48,31.48,31.48,31.49,31.99,0.0,0.0,0.0,0.0,0.0,0.0,0.0,0.0,31.48,31.48,31.635,31.484218750280327,31.51057784058964,31.603761380445228,0.0,0.00014201765496211618,0.0049324551900623076,0.0,0.0,-0.00999999999999801,-0.0003175611305175615,-0.509999999999998,-0.015942482025632948,31.48,31.48,31.48,31.48,31.48,31.99,,,0.0,4,7,26,31.48,0.0,SAME,1.0
BNBL,2024-07-29,31.48,31.48,31.48,31.48,31.48,31.99,0.0,0.0,0.0,0.0,0.0,0.0,0.0,0.0,31.48,31.48,31.583999999999996,31.482109375140162,31.500385227059763,31.581259311273364,0.0,0.0,0.0049324551900623076,0.0,0.0,0.0,0.0,-0.509999999999998,-0.015942482025632948,31.48,31.48,31.48,31.48,31.48,31.99,,,0.0,0,7,29,31.48,0.0,SAME,1.0
BNBL,2024-07-30,31.48,31.48,31.48,31.48,31.48,31.99,0.0,0.0,0.0,0.0,0.0,0.0,0.0,0.0,31.48,31.48,31.532999999999998,31.48105468757008,31.493590151373176,31.562848527405478,0.0,0.0,0.0049324551900623076,0.0,0.0,0.0,0.0,-0.509999999999998,-0.015942482025632948,31.48,31.48,31.48,31.48,31.48,31.99,,,0.0,1,7,30,31.48,0.0,SAME,1.0
BNBL,2024-07-31,31.48,31.48,31.48,31.48,31.48,31.99,0.0,0.0,0.0,0.0,0.0,0.0,0.0,0.0,31.48,31.48,31.482000000000006,31.48052734378504,31.489060100915452,31.547785158786297,0.0,0.0,0.0049324551900623076,0.0,0.0,0.0,0.0,-0.509999999999998,-0.015942482025632948,31.48,31.48,31.48,31.48,31.48,31.49,,,0.0,2,7,31,31.48,0.0,SAME,1.0
BNBL,2024-08-01,31.48,31.48,31.48,31.48,31.48,31.49,0.0,0.0,0.0,0.0,0.0,0.0,0.0,0.0,31.48,31.48,31.481,31.480263671892523,31.48604006727697,31.535460584461514,0.0,0.0,0.00010042164687066907,0.0,0.0,0.0,0.0,-0.00999999999999801,-0.0003175611305175615,31.48,31.48,31.48,31.48,31.48,31.49,,,0.0,3,8,1,31.48,0.0,SAME,1.0
BNBL,2024-08-02,31.48,31.48,31.48,31.48,31.48,31.49,0.0,0.0,0.0,0.0,0.0,0.0,0.0,0.0,31.48,31.48,31.48,31.48013183594626,31.48402671151798,31.525376841832145,0.0,0.0,0.00010042164687066907,0.0,0.0,0.0,0.0,-0.00999999999999801,-0.0003175611305175615,31.48,31.48,31.48,31.48,31.48,31.48,,,,4,8,2,31.48,0.0,SAME,1.0
BNBL,2024-08-05,31.48,31.48,31.48,31.48,31.48,31.48,0.0,0.0,0.0,0.0,0.0,0.0,0.0,0.0,31.48,31.48,31.48,31.48006591797313,31.482684474345323,31.51712650695357,0.0,0.0,0.0,0.0,0.0,0.0,0.0,0.0,0.0,31.48,31.48,31.48,31.48,31.48,31.48,,,,0,8,5,31.48,0.0,SAME,1.0
BNBL,2024-08-06,31.48,31.48,31.48,31.48,31.48,31.48,0.0,0.0,0.0,0.0,0.0,0.0,0.0,0.0,31.48,31.48,31.48,31.480032958986563,31.48178964956355,31.51037623296201,0.0,0.0,0.0,0.0,0.0,0.0,0.0,0.0,0.0,31.48,31.48,31.48,31.48,31.48,31.48,,,,1,8,6,31.48,0.0,SAME,1.0
BNBL,2024-08-07,31.48,31.48,31.48,31.48,31.48,31.48,0.0,0.0,0.0,0.0,0.0,0.0,0.0,0.0,31.48,31.48,31.48,31.48001647949328,31.481193099709035,31.504853281514368,0.0,0.0,0.0,0.0,0.0,0.0,0.0,0.0,0.0,31.48,31.48,31.48,31.48,31.48,31.48,,,,2,8,7,31.48,0.0,SAME,1.0
BNBL,2024-08-08,31.48,31.48,31.48,31.48,31.48,31.48,0.0,0.0,0.0,0.0,0.0,0.0,0.0,0.0,31.48,31.48,31.48,31.48000823974664,31.480795399806023,31.500334503057207,0.0,0.0,0.0,0.0,0.0,0.0,0.0,0.0,0.0,31.48,31.48,31.48,31.48,31.48,31.48,,,,3,8,8,31.48,0.0,SAME,1.0
BNBL,2024-08-09,31.48,31.48,31.48,31.48,31.48,31.48,0.0,0.0,0.0,0.0,0.0,0.0,0.0,0.0,31.48,31.48,31.48,31.48000411987332,31.48053026653735,31.496637320683167,0.0,0.0,0.0,0.0,0.0,0.0,0.0,0.0,0.0,31.48,31.48,31.48,31.48,31.48,31.48,,,,4,8,9,31.48,0.0,SAME,1.0
BNBL,2024-08-12,31.48,31.48,31.48,31.48,31.48,31.48,0.0,0.0,0.0,0.0,0.0,0.0,0.0,0.0,31.48,31.48,31.48,31.48000205993666,31.4803535110249,31.493612353286224,0.0,0.0,0.0,0.0,0.0,0.0,0.0,0.0,0.0,31.48,31.48,31.48,31.48,31.48,31.48,,,,0,8,12,31.48,0.0,SAME,1.0
BNBL,2024-08-13,31.48,31.48,31.48,31.48,31.48,31.48,0.0,0.0,0.0,0.0,0.0,0.0,0.0,0.0,31.48,31.48,31.48,31.480001029968328,31.4802356740166,31.491137379961454,0.0,0.0,0.0,0.0,0.0,0.0,0.0,0.0,0.0,31.48,31.48,31.48,31.48,31.48,31.48,,,,1,8,13,31.48,0.0,SAME,1.0
BNBL,2024-08-14,31.48,31.48,31.48,31.48,31.48,31.48,0.0,0.0,0.0,0.0,0.0,0.0,0.0,0.0,31.48,31.48,31.48,31.480000514984162,31.480157116011068,31.48911240178664,0.0,0.0,0.0,0.0,0.0,0.0,0.0,0.0,0.0,31.48,31.48,31.48,31.48,31.48,31.48,,,,2,8,14,31.48,0.0,SAME,1.0
BNBL,2024-08-15,31.48,31.48,31.48,31.48,31.48,31.48,0.0,0.0,0.0,0.0,0.0,0.0,0.0,0.0,31.48,31.48,31.48,31.48000025749208,31.48010474400738,31.487455601461797,0.0,0.0,0.0,0.0,0.0,0.0,0.0,0.0,0.0,31.48,31.48,31.48,31.48,31.48,31.48,,,,3,8,15,31.34,-0.14000000000000057,DOWN,0.0
BNBL,2024-08-16,31.34,31.48,31.48,31.48,31.48,31.48,-0.14000000000000057,-0.14000000000000057,-0.14000000000000057,-0.004447268106734459,-0.004447268106734459,-0.004447268106734459,-0.004457186621327733,-0.004457186621327733,31.433333333333334,31.451999999999998,31.466,31.41000012874604,31.43340316267159,31.460645492105105,0.002567631438582897,0.0019888787601644617,0.0014063496582700946,-0.14000000000000057,-0.004447268106734453,-0.14000000000000057,-0.004447268106734453,-0.14000000000000057,-0.004447268106734453,31.34,31.48,31.34,31.48,31.34,31.48,0.0,0.0,0.0,4,8,16,31.34,0.0,SAME,1.0
BNBL,2024-08-19,31.34,31.34,31.48,31.48,31.48,31.48,0.0,-0.14000000000000057,-0.14000000000000057,0.0,-0.004447268106734459,-0.004447268106734459,0.0,-0.004457186621327733,31.386666666666667,31.424,31.451999999999998,31.37500006437302,31.402268775114393,31.438709948085993,0.002567631438582897,0.0019888787601644617,0.0014063496582700946,-0.14000000000000057,-0.004447268106734453,-0.14000000000000057,-0.004447268106734453,-0.14000000000000057,-0.004447268106734453,31.34,31.48,31.34,31.48,31.34,31.48,0.0,0.0,0.0,0,8,19,31.34,0.0,SAME,1.0
BNBL,2024-08-20,31.34,31.34,31.34,31.48,31.48,31.48,0.0,0.0,-0.14000000000000057,0.0,0.0,-0.004447268106734459,0.0,0.0,31.34,31.396000000000004,31.438,31.357500032186508,31.38151251674293,31.42076268479763,0.002567631438582897,0.0019888787601644617,0.0014063496582700946,-0.14000000000000057,-0.004447268106734453,-0.14000000000000057,-0.004447268106734453,-0.14000000000000057,-0.004447268106734453,31.34,31.34,31.34,31.48,31.34,31.48,,0.0,0.0,1,8,20,31.34,0.0,SAME,1.0
BNBL,2024-08-21,31.34,31.34,31.34,31.34,31.48,31.48,0.0,0.0,0.0,0.0,0.0,0.0,0.0,0.0,31.34,31.368000000000002,31.424,31.348750016093256,31.367675011161953,31.406078560288968,0.0,0.0019888787601644617,0.0014063496582700946,0.0,0.0,-0.14000000000000057,-0.004447268106734453,-0.14000000000000057,-0.004447268106734453,31.34,31.34,31.34,31.48,31.34,31.48,,0.0,0.0,2,8,21,31.34,0.0,SAME,1.0
BNBL,2024-08-22,31.34,31.34,31.34,31.34,31.48,31.48,0.0,0.0,0.0,0.0,0.0,0.0,0.0,0.0,31.34,31.34,31.409999999999997,31.344375008046626,31.358450007441302,31.394064276600062,0.0,0.0019888787601644617,0.0014063496582700946,0.0,0.0,-0.14000000000000057,-0.004447268106734453,-0.14000000000000057,-0.004447268106734453,31.34,31.34,31.34,31.34,31.34,31.48,,,0.0,3,8,22,31.34,0.0,SAME,1.0
BNBL,2024-08-23,31.34,31.34,31.34,31.34,31.34,31.48,0.0,0.0,0.0,0.0,0.0,0.0,0.0,0.0,31.34,31.34,31.396000000000004,31.342187504023315,31.35230000496087,31.384234408127323,0.0,0.0,0.0014063496582700946,0.0,0.0,0.0,0.0,-0.14000000000000057,-0.004447268106734453,31.34,31.34,31.34,31.34,31.34,31.48,,,0.0,4,8,23,31.34,0.0,SAME,1.0
BNBL,2024-08-26,31.34,31.34,31.34,31.34,31.34,31.48,0.0,0.0,0.0,0.0,0.0,0.0,0.0,0.0,31.34,31.34,31.381999999999998,31.34109375201166,31.348200003307248,31.37619178846781,0.0,0.0,0.0014063496582700946,0.0,0.0,0.0,0.0,-0.14000000000000057,-0.004447268106734453,31.34,31.34,31.34,31.34,31.34,31.48,,,0.0,0,8,26,31.05,-0.28999999999999915,DOWN,0.0
BNBL,2024-08-27,31.05,31.34,31.34,31.34,31.34,31.48,-0.28999999999999915,-0.28999999999999915,-0.28999999999999915,-0.009253350350989176,-0.009253350350989176,-0.009253350350989176,-0.009296428548387022,-0.009296428548387022,31.243333333333336,31.282,31.339,31.195546876005828,31.24880000220483,31.31688419056457,0.005342424316050139,0.004138224080886405,0.003102543610919294,-0.28999999999999915,-0.009253350350989124,-0.28999999999999915,-0.009253350350989124,-0.4299999999999997,-0.013659466327827182,31.05,31.34,31.05,31.34,31.05,31.48,0.0,0.0,0.0,1,8,27,31.05,0.0,SAME,1.0
BNBL,2024-08-28,31.05,31.05,31.34,31.34,31.34,31.48,0.0,-0.28999999999999915,-0.28999999999999915,0.0,-0.009253350350989176,-0.009253350350989176,0.0,-0.009296428548387022,31.146666666666665,31.224,31.296,31.122773438002916,31.182533334803225,31.268359792280098,0.005342424316050139,0.004138224080886405,0.003102543610919294,-0.28999999999999915,-0.009253350350989124,-0.28999999999999915,-0.009253350350989124,-0.4299999999999997,-0.013659466327827182,31.05,31.34,31.05,31.34,31.05,31.48,0.0,0.0,0.0,2,8,28,31.99,0.9399999999999977,UP,2.0
BNBL,2024-08-29,31.99,31.05,31.05,31.34,31.34,31.48,0.9399999999999977,0.9399999999999977,0.6499999999999986,0.030273752012882404,0.030273752012882404,0.020740268028079045,0.029824545581938824,0.029824545581938824,31.363333333333333,31.353999999999996,31.347,31.55638671900146,31.45168888986882,31.399567102774622,0.02067412382238435,0.015114174609039849,0.010511559096141654,0.6499999999999986,0.020740268028079087,0.6499999999999986,0.020740268028079087,0.509999999999998,0.016200762388818235,31.05,31.99,31.05,31.99,31.05,31.99,1.0,1.0,1.0,3,8,29,31.99,0.0,SAME,1.0
BNBL,2024-08-30,31.99,31.99,31.05,31.05,31.34,31.34,0.0,0.9399999999999977,0.9399999999999977,0.0,0.030273752012882404,0.030273752012882404,0.0,0.029824545581938824,31.676666666666666,31.484,31.412,31.77319335950073,31.631125926579216,31.50691853863378,0.017478558874017856,0.015114174609039849,0.01031686227629801,0.9399999999999977,0.030273752012882373,0.6499999999999986,0.020740268028079087,0.6499999999999986,0.020740268028079087,31.05,31.99,31.05,31.99,31.05,31.99,1.0,1.0,1.0,4,8,30,31.99,0.0,SAME,1.0
BNBL,2024-09-02,31.99,31.99,31.99,31.05,31.34,31.34,0.0,0.0,0.9399999999999977,0.0,0.0,0.030273752012882404,0.0,0.0,31.99,31.613999999999997,31.476999999999997,31.881596679750366,31.750750617719476,31.594751531609454,0.017478558874017856,0.015114174609039849,0.01031686227629801,0.9399999999999977,0.030273752012882373,0.6499999999999986,0.020740268028079087,0.6499999999999986,0.020740268028079087,31.99,31.99,31.05,31.99,31.05,31.99,,1.0,1.0,0,9,2,31.99,0.0,SAME,1.0
BNBL,2024-09-03,31.99,31.99,31.99,31.99,31.05,31.34,0.0,0.0,0.0,0.0,0.0,0.0,0.0,0.0,31.99,31.802,31.541999999999994,31.935798339875184,31.830500411812984,31.666614889498643,0.0,0.013538833486955148,0.01031686227629801,0.0,0.0,0.9399999999999977,0.030273752012882373,0.6499999999999986,0.020740268028079087,31.99,31.99,31.05,31.99,31.05,31.99,,1.0,1.0,1,9,3,31.99,0.0,SAME,1.0
BNBL,2024-09-04,31.99,31.99,31.99,31.99,31.05,31.34,0.0,0.0,0.0,0.0,0.0,0.0,0.0,0.0,31.99,31.99,31.607,31.962899169937593,31.88366694120866,31.72541218231707,0.0,0.013538833486955148,0.01031686227629801,0.0,0.0,0.9399999999999977,0.030273752012882373,0.6499999999999986,0.020740268028079087,31.99,31.99,31.99,31.99,31.05,31.99,,,1.0,2,9,4,31.99,0.0,SAME,1.0
BNBL,2024-09-05,31.99,31.99,31.99,31.99,31.99,31.34,0.0,0.0,0.0,0.0,0.0,0.0,0.0,0.0,31.99,31.99,31.672000000000004,31.976449584968798,31.919111294139107,31.773519058259417,0.0,0.0,0.01031686227629801,0.0,0.0,0.0,0.0,0.6499999999999986,0.020740268028079087,31.99,31.99,31.99,31.99,31.05,31.99,,,1.0,3,9,5,31.99,0.0,SAME,1.0
BNBL,2024-09-06,31.99,31.99,31.99,31.99,31.99,31.34,0.0,0.0,0.0,0.0,0.0,0.0,0.0,0.0,31.99,31.99,31.737000000000002,31.9832247924844,31.942740862759408,31.812879229484977,0.0,0.0,0.01031686227629801,0.0,0.0,0.0,0.0,0.6499999999999986,0.020740268028079087,31.99,31.99,31.99,31.99,31.05,31.99,,,1.0,4,9,6,31.99,0.0,SAME,1.0
BNBL,2024-09-10,31.99,31.99,31.99,31.99,31.99,31.34,0.0,0.0,0.0,0.0,0.0,0.0,0.0,0.0,31.99,31.99,31.802,31.9866123962422,31.95849390850627,31.845083005942254,0.0,0.0,0.01031686227629801,0.0,0.0,0.0,0.0,0.6499999999999986,0.020740268028079087,31.99,31.99,31.99,31.99,31.05,31.99,,,1.0,1,9,10,31.99,0.0,SAME,1.0
BNBL,2024-09-11,31.99,31.99,31.99,31.99,31.99,31.05,0.0,0.0,0.0,0.0,0.0,0.0,0.0,0.0,31.99,31.99,31.895999999999997,31.9883061981211,31.96899593900418,31.871431550316387,0.0,0.0,0.009573400967981482,0.0,0.0,0.0,0.0,0.9399999999999977,0.030273752012882373,31.99,31.99,31.99,31.99,31.05,31.99,,,1.0,2,9,11,31.99,0.0,SAME,1.0
BNBL,2024-09-12,31.99,31.99,31.99,31.99,31.99,31.05,0.0,0.0,0.0,0.0,0.0,0.0,0.0,0.0,31.99,31.99,31.99,31.98915309906055,31.975997292669454,31.89298945025886,0.0,0.0,0.009573400967981482,0.0,0.0,0.0,0.0,0.9399999999999977,0.030273752012882373,31.99,31.99,31.99,31.99,31.99,31.99,,,,3,9,12,31.99,0.0,SAME,1.0
BNBL,2024-09-16,31.99,31.99,31.99,31.99,31.99,31.99,0.0,0.0,0.0,0.0,0.0,0.0,0.0,0.0,31.99,31.99,31.99,31.989576549530277,31.980664861779637,31.910627732029972,0.0,0.0,0.0,0.0,0.0,0.0,0.0,0.0,0.0,31.99,31.99,31.99,31.99,31.99,31.99,,,,0,9,16,31.93,-0.05999999999999872,DOWN,0.0
BNBL,2024-09-17,31.93,31.99,31.99,31.99,31.99,31.99,-0.05999999999999872,-0.05999999999999872,-0.05999999999999872,-0.0018755861206626312,-0.0018755861206626312,-0.0018755861206626312,-0.0018773472347359116,-0.0018773472347359116,31.97,31.977999999999998,31.983999999999998,31.95978827476514,31.963776574519763,31.914149962569976,0.001082870151656125,0.0008387876126900607,0.000593112408908184,-0.05999999999999872,-0.0018755861206626672,-0.05999999999999872,-0.0018755861206626672,-0.05999999999999872,-0.0018755861206626672,31.93,31.99,31.93,31.99,31.93,31.99,0.0,0.0,0.0,1,9,17,31.93,0.0,SAME,1.0
BNBL,2024-09-18,31.93,31.93,31.99,31.99,31.99,31.99,0.0,-0.05999999999999872,-0.05999999999999872,0.0,-0.0018755861206626312,-0.0018755861206626312,0.0,-0.0018773472347359116,31.95,31.965999999999998,31.978,31.94489413738257,31.952517716346513,31.91703178755725,0.001082870151656125,0.0008387876126900607,0.000593112408908184,-0.05999999999999872,-0.0018755861206626672,-0.05999999999999872,-0.0018755861206626672,-0.05999999999999872,-0.0018755861206626672,31.93,31.99,31.93,31.99,31.93,31.99,0.0,0.0,0.0,2,9,18,31.93,0.0,SAME,1.0
BNBL,2024-09-19,31.93,31.93,31.93,31.99,31.99,31.99,0.0,0.0,-0.05999999999999872,0.0,0.0,-0.0018755861206626312,0.0,0.0,31.93,31.953999999999997,31.971999999999998,31.937447068691284,31.945011810897675,31.91938964436502,0.001082870151656125,0.0008387876126900607,0.000593112408908184,-0.05999999999999872,-0.0018755861206626672,-0.05999999999999872,-0.0018755861206626672,-0.05999999999999872,-0.0018755861206626672,31.93,31.93,31.93,31.99,31.93,31.99,,0.0,0.0,3,9,19,31.93,0.0,SAME,1.0
BNBL,2024-09-20,31.93,31.93,31.93,31.93,31.99,31.99,0.0,0.0,0.0,0.0,0.0,0.0,0.0,0.0,31.93,31.942,31.965999999999998,31.933723534345642,31.940007873931783,31.921318799935012,0.0,0.0008387876126900607,0.000593112408908184,0.0,0.0,-0.05999999999999872,-0.0018755861206626672,-0.05999999999999872,-0.0018755861206626672,31.93,31.93,31.93,31.99,31.93,31.99,,0.0,0.0,4,9,20,31.93,0.0,SAME,1.0
BNBL,2024-09-24,31.93,31.93,31.93,31.93,31.99,31.99,0.0,0.0,0.0,0.0,0.0,0.0,0.0,0.0,31.93,31.93,31.959999999999997,31.93186176717282,31.936671915954527,31.922897199946824,0.0,0.0008387876126900607,0.000593112408908184,0.0,0.0,-0.05999999999999872,-0.0018755861206626672,-0.05999999999999872,-0.0018755861206626672,31.93,31.93,31.93,31.93,31.93,31.99,,,0.0,1,9,24,31.93,0.0,SAME,1.0
BNBL,2024-09-25,31.93,31.93,31.93,31.93,31.93,31.99,0.0,0.0,0.0,0.0,0.0,0.0,0.0,0.0,31.93,31.93,31.953999999999997,31.93093088358641,31.934447943969687,31.92418861813831,0.0,0.0,0.000593112408908184,0.0,0.0,0.0,0.0,-0.05999999999999872,-0.0018755861206626672,31.93,31.93,31.93,31.93,31.93,31.99,,,0.0,2,9,25,31.93,0.0,SAME,1.0
BNBL,2024-09-26,31.93,31.93,31.93,31.93,31.93,31.99,0.0,0.0,0.0,0.0,0.0,0.0,0.0,0.0,31.93,31.93,31.948,31.930465441793203,31.93296529597979,31.92524523302225,0.0,0.0,0.000593112408908184,0.0,0.0,0.0,0.0,-0.05999999999999872,-0.0018755861206626672,31.93,31.93,31.93,31.93,31.93,31.99,,,0.0,3,9,26,31.93,0.0,SAME,1.0
BNBL,2024-09-27,31.93,31.93,31.93,31.93,31.93,31.99,0.0,0.0,0.0,0.0,0.0,0.0,0.0,0.0,31.93,31.93,31.942,31.9302327208966,31.931976863986527,31.92610973610911,0.0,0.0,0.000593112408908184,0.0,0.0,0.0,0.0,-0.05999999999999872,-0.0018755861206626672,31.93,31.93,31.93,31.93,31.93,31.99,,,0.0,4,9,27,31.93,0.0,SAME,1.0
BNBL,2024-09-30,31.93,31.93,31.93,31.93,31.93,31.99,0.0,0.0,0.0,0.0,0.0,0.0,0.0,0.0,31.93,31.93,31.936,31.930116360448302,31.931317909324356,31.926817056816542,0.0,0.0,0.000593112408908184,0.0,0.0,0.0,0.0,-0.05999999999999872,-0.0018755861206626672,31.93,31.93,31.93,31.93,31.93,31.99,,,0.0,0,9,30,31.93,0.0,SAME,1.0
BNBL,2024-10-01,31.93,31.93,31.93,31.93,31.93,31.99,0.0,0.0,0.0,0.0,0.0,0.0,0.0,0.0,31.93,31.93,31.93,31.93005818022415,31.93087860621624,31.927395773758988,0.0,0.0,0.000593112408908184,0.0,0.0,0.0,0.0,-0.05999999999999872,-0.0018755861206626672,31.93,31.93,31.93,31.93,31.93,31.93,,,,1,10,1,31.93,0.0,SAME,1.0
BNBL,2024-10-02,31.93,31.93,31.93,31.93,31.93,31.93,0.0,0.0,0.0,0.0,0.0,0.0,0.0,0.0,31.93,31.93,31.93,31.930029090112075,31.930585737477493,31.92786926943917,0.0,0.0,0.0,0.0,0.0,0.0,0.0,0.0,0.0,31.93,31.93,31.93,31.93,31.93,31.93,,,,2,10,2,31.93,0.0,SAME,1.0
BNBL,2024-10-03,31.93,31.93,31.93,31.93,31.93,31.93,0.0,0.0,0.0,0.0,0.0,0.0,0.0,0.0,31.93,31.93,31.93,31.93001454505604,31.930390491651664,31.928256674995684,0.0,0.0,0.0,0.0,0.0,0.0,0.0,0.0,0.0,31.93,31.93,31.93,31.93,31.93,31.93,,,,3,10,3,31.93,0.0,SAME,1.0
BNBL,2024-10-04,31.93,31.93,31.93,31.93,31.93,31.93,0.0,0.0,0.0,0.0,0.0,0.0,0.0,0.0,31.93,31.93,31.93,31.93000727252802,31.930260327767776,31.928573643178282,0.0,0.0,0.0,0.0,0.0,0.0,0.0,0.0,0.0,31.93,31.93,31.93,31.93,31.93,31.93,,,,4,10,4,31.93,0.0,SAME,1.0
BNBL,2024-10-07,31.93,31.93,31.93,31.93,31.93,31.93,0.0,0.0,0.0,0.0,0.0,0.0,0.0,0.0,31.93,31.93,31.93,31.93000363626401,31.930173551845186,31.92883298078223,0.0,0.0,0.0,0.0,0.0,0.0,0.0,0.0,0.0,31.93,31.93,31.93,31.93,31.93,31.93,,,,0,10,7,31.93,0.0,SAME,1.0
BNBL,2024-10-08,31.93,31.93,31.93,31.93,31.93,31.93,0.0,0.0,0.0,0.0,0.0,0.0,0.0,0.0,31.93,31.93,31.93,31.930001818132006,31.93011570123013,31.929045166094546,0.0,0.0,0.0,0.0,0.0,0.0,0.0,0.0,0.0,31.93,31.93,31.93,31.93,31.93,31.93,,,,1,10,8,31.93,0.0,SAME,1.0
BNBL,2024-10-09,31.93,31.93,31.93,31.93,31.93,31.93,0.0,0.0,0.0,0.0,0.0,0.0,0.0,0.0,31.93,31.93,31.93,31.930000909066003,31.93007713415342,31.929218772259173,0.0,0.0,0.0,0.0,0.0,0.0,0.0,0.0,0.0,31.93,31.93,31.93,31.93,31.93,31.93,,,,2,10,9,31.93,0.0,SAME,1.0
BNBL,2024-10-10,31.93,31.93,31.93,31.93,31.93,31.93,0.0,0.0,0.0,0.0,0.0,0.0,0.0,0.0,31.93,31.93,31.93,31.930000454533,31.930051422768948,31.929360813666595,0.0,0.0,0.0,0.0,0.0,0.0,0.0,0.0,0.0,31.93,31.93,31.93,31.93,31.93,31.93,,,,3,10,10,31.93,0.0,SAME,1.0
BNBL,2024-10-11,31.93,31.93,31.93,31.93,31.93,31.93,0.0,0.0,0.0,0.0,0.0,0.0,0.0,0.0,31.93,31.93,31.93,31.9300002272665,31.93003428184597,31.929477029363575,0.0,0.0,0.0,0.0,0.0,0.0,0.0,0.0,0.0,31.93,31.93,31.93,31.93,31.93,31.93,,,,4,10,11,31.93,0.0,SAME,1.0
BNBL,2024-10-14,31.93,31.93,31.93,31.93,31.93,31.93,0.0,0.0,0.0,0.0,0.0,0.0,0.0,0.0,31.93,31.93,31.93,31.93000011363325,31.93002285456398,31.92957211493383,0.0,0.0,0.0,0.0,0.0,0.0,0.0,0.0,0.0,31.93,31.93,31.93,31.93,31.93,31.93,,,,0,10,14,31.93,0.0,SAME,1.0
BNBL,2024-10-15,31.93,31.93,31.93,31.93,31.93,31.93,0.0,0.0,0.0,0.0,0.0,0.0,0.0,0.0,31.93,31.93,31.93,31.930000056816624,31.930015236375986,31.929649912218586,0.0,0.0,0.0,0.0,0.0,0.0,0.0,0.0,0.0,31.93,31.93,31.93,31.93,31.93,31.93,,,,1,10,15,31.93,0.0,SAME,1.0
BNBL,2024-10-16,31.93,31.93,31.93,31.93,31.93,31.93,0.0,0.0,0.0,0.0,0.0,0.0,0.0,0.0,31.93,31.93,31.93,31.930000028408312,31.930010157583993,31.929713564542478,0.0,0.0,0.0,0.0,0.0,0.0,0.0,0.0,0.0,31.93,31.93,31.93,31.93,31.93,31.93,,,,2,10,16,31.93,0.0,SAME,1.0
BNBL,2024-10-17,31.93,31.93,31.93,31.93,31.93,31.93,0.0,0.0,0.0,0.0,0.0,0.0,0.0,0.0,31.93,31.93,31.93,31.930000014204154,31.930006771722667,31.92976564371657,0.0,0.0,0.0,0.0,0.0,0.0,0.0,0.0,0.0,31.93,31.93,31.93,31.93,31.93,31.93,,,,3,10,17,31.39,-0.5399999999999991,DOWN,0.0
BNBL,2024-10-18,31.39,31.93,31.93,31.93,31.93,31.93,-0.5399999999999991,-0.5399999999999991,-0.5399999999999991,-0.016911994989038504,-0.016911994989038504,-0.016911994989038504,-0.017056635872828445,-0.017056635872828445,31.75,31.822000000000003,31.875999999999998,31.660000007102077,31.75000451448178,31.8316264357681,0.009764144859455318,0.007563274086125038,0.0053480423942714765,-0.5399999999999991,-0.016911994989038497,-0.5399999999999991,-0.016911994989038497,-0.5399999999999991,-0.016911994989038497,31.39,31.93,31.39,31.93,31.39,31.93,0.0,0.0,0.0,4,10,18,31.5,0.10999999999999943,UP,2.0
BNBL,2024-10-21,31.5,31.39,31.93,31.93,31.93,31.93,0.10999999999999943,-0.4299999999999997,-0.4299999999999997,0.003504300732717347,-0.013466958972752852,-0.013466958972752852,0.0034981749777251154,-0.013558460895103224,31.606666666666666,31.736,31.833,31.58000000355104,31.666669676321188,31.771330720173896,0.010917270943576918,0.008098494382914342,0.005580910634649309,-0.4299999999999997,-0.013466958972752888,-0.4299999999999997,-0.013466958972752888,-0.4299999999999997,-0.013466958972752888,31.39,31.93,31.39,31.93,31.39,31.93,0.20370370370370297,0.20370370370370297,0.20370370370370297,0,10,21,31.5,0.0,SAME,1.0
BNBL,2024-10-22,31.5,31.5,31.39,31.93,31.93,31.93,0.0,0.10999999999999943,-0.4299999999999997,0.0,0.003504300732717347,-0.013466958972752852,0.0,0.0034981749777251154,31.46333333333334,31.65,31.79,31.540000001775518,31.61111311754746,31.721997861960457,0.010917270943576918,0.008098494382914342,0.005580910634649309,-0.4299999999999997,-0.013466958972752888,-0.4299999999999997,-0.013466958972752888,-0.4299999999999997,-0.013466958972752888,31.39,31.5,31.39,31.93,31.39,31.93,1.0,0.20370370370370297,0.20370370370370297,1,10,22,31.5,0.0,SAME,1.0
BNBL,2024-10-23,31.5,31.5,31.5,31.39,31.93,31.93,0.0,0.0,0.10999999999999943,0.0,0.0,0.003504300732717347,0.0,0.0,31.5,31.564,31.746999999999996,31.52000000088776,31.57407541169831,31.68163461433128,0.002023208971357539,0.008098494382914342,0.005580910634649309,0.10999999999999943,0.0035043007327174077,-0.4299999999999997,-0.013466958972752888,-0.4299999999999997,-0.013466958972752888,31.5,31.5,31.39,31.93,31.39,31.93,,0.20370370370370297,0.20370370370370297,2,10,23,31.5,0.0,SAME,1.0
BNBL,2024-10-24,31.5,31.5,31.5,31.5,31.93,31.93,0.0,0.0,0.0,0.0,0.0,0.0,0.0,0.0,31.5,31.478,31.703999999999997,31.51000000044388,31.549383607798877,31.64861013899832,0.0,0.008098494382914342,0.005580910634649309,0.0,0.0,-0.4299999999999997,-0.013466958972752888,-0.4299999999999997,-0.013466958972752888,31.5,31.5,31.39,31.5,31.39,31.93,,1.0,0.20370370370370297,3,10,24,31.5,0.0,SAME,1.0
BNBL,2024-10-25,31.5,31.5,31.5,31.5,31.39,31.93,0.0,0.0,0.0,0.0,0.0,0.0,0.0,0.0,31.5,31.5,31.660999999999994,31.50500000022194,31.532922405199255,31.621590113725894,0.0,0.0015671709303909682,0.005580910634649309,0.0,0.0,0.10999999999999943,0.0035043007327174077,-0.4299999999999997,-0.013466958972752888,31.5,31.5,31.5,31.5,31.39,31.93,,,0.20370370370370297,4,10,25,31.25,-0.25,DOWN,0.0
BNBL,2024-10-28,31.25,31.5,31.5,31.5,31.5,31.93,-0.25,-0.25,-0.25,-0.007936507936507908,-0.007936507936507908,-0.007936507936507908,-0.007968169649176845,-0.007968169649176845,31.416666666666668,31.45,31.593,31.37750000011097,31.438614936799503,31.55402827486664,0.0045821449935691885,0.003549314249999347,0.0059228968103640965,-0.25,-0.007936507936507936,-0.25,-0.007936507936507936,-0.6799999999999997,-0.021296586282492945,31.25,31.5,31.25,31.5,31.25,31.93,0.0,0.0,0.0,0,10,28,31.94,0.6900000000000013,UP,2.0
BNBL,2024-10-29,31.94,31.25,31.5,31.5,31.5,31.93,0.6900000000000013,0.4400000000000013,0.4400000000000013,0.0220800000000001,0.013968253968253963,0.013968253968253963,0.021839766604455968,0.013871596955278991,31.563333333333336,31.538,31.594,31.658750000055484,31.605743291199673,31.624204952163613,0.015553698954100654,0.01129719970475245,0.009711139746128488,0.4400000000000013,0.013968253968254008,0.4400000000000013,0.013968253968254008,0.010000000000001563,0.0003131850923896512,31.25,31.94,31.25,31.94,31.25,31.94,1.0,1.0,1.0,1,10,29,31.94,0.0,SAME,1.0
BNBL,2024-10-30,31.94,31.94,31.25,31.5,31.5,31.93,0.0,0.6900000000000013,0.4400000000000013,0.0,0.0220800000000001,0.013968253968253963,0.0,0.021839766604455968,31.710000000000004,31.625999999999998,31.595,31.799375000027744,31.717162194133117,31.68162223358841,0.015553698954100654,0.01129719970475245,0.009711139746128488,0.4400000000000013,0.013968253968254008,0.4400000000000013,0.013968253968254008,0.010000000000001563,0.0003131850923896512,31.25,31.94,31.25,31.94,31.25,31.94,1.0,1.0,1.0,2,10,30,31.94,0.0,SAME,1.0
BNBL,2024-10-31,31.94,31.94,31.94,31.25,31.5,31.93,0.0,0.0,0.6900000000000013,0.0,0.0,0.0220800000000001,0.0,0.0,31.94,31.714000000000006,31.596000000000004,31.869687500013875,31.791441462755415,31.72860000929961,0.012747893943707298,0.01129719970475245,0.009711139746128488,0.6900000000000013,0.02208000000000004,0.4400000000000013,0.013968253968254008,0.010000000000001563,0.0003131850923896512,31.94,31.94,31.25,31.94,31.25,31.94,,1.0,1.0,3,10,31,31.94,0.0,SAME,1.0
BNBL,2024-11-04,31.94,31.94,31.94,31.94,31.5,31.39,0.0,0.0,0.0,0.0,0.0,0.0,0.0,0.0,31.94,31.802000000000003,31.651000000000003,31.90484375000694,31.840960975170276,31.767036371245133,0.0,0.01129719970475245,0.007685847186685798,0.0,0.0,0.4400000000000013,0.013968253968254008,0.5500000000000007,0.01752150366358715,31.94,31.94,31.25,31.94,31.25,31.94,,1.0,1.0,0,11,4,31.94,0.0,SAME,1.0
BNBL,2024-11-05,31.94,31.94,31.94,31.94,31.25,31.5,0.0,0.0,0.0,0.0,0.0,0.0,0.0,0.0,31.94,31.94,31.695000000000004,31.922421875003472,31.873973983446852,31.79848430374602,0.0,0.009874476188639006,0.007677606118889161,0.0,0.0,0.6900000000000013,0.02208000000000004,0.4400000000000013,0.013968253968254008,31.94,31.94,31.94,31.94,31.25,31.94,,,1.0,1,11,5,31.94,0.0,SAME,1.0
BNBL,2024-11-06,31.94,31.94,31.94,31.94,31.94,31.5,0.0,0.0,0.0,0.0,0.0,0.0,0.0,0.0,31.94,31.94,31.739000000000004,31.93121093750174,31.895982655631236,31.82421443033765,0.0,0.0,0.007677606118889161,0.0,0.0,0.0,0.0,0.4400000000000013,0.013968253968254008,31.94,31.94,31.94,31.94,31.25,31.94,,,1.0,2,11,6,31.94,0.0,SAME,1.0
BNBL,2024-11-07,31.94,31.94,31.94,31.94,31.94,31.5,0.0,0.0,0.0,0.0,0.0,0.0,0.0,0.0,31.94,31.94,31.783000000000005,31.93560546875087,31.91065510375416,31.84526635209444,0.0,0.0,0.007677606118889161,0.0,0.0,0.0,0.0,0.4400000000000013,0.013968253968254008,31.94,31.94,31.94,31.94,31.25,31.94,,,1.0,3,11,7,31.94,0.0,SAME,1.0
BNBL,2024-11-08,31.94,31.94,31.94,31.94,31.94,31.5,0.0,0.0,0.0,0.0,0.0,0.0,0.0,0.0,31.94,31.94,31.827000000000005,31.93780273437544,31.920436735836105,31.86249065171363,0.0,0.0,0.007677606118889161,0.0,0.0,0.0,0.0,0.4400000000000013,0.013968253968254008,31.94,31.94,31.94,31.94,31.25,31.94,,,1.0,4,11,8,31.17,-0.7699999999999996,DOWN,0.0
BNBL,2024-11-12,31.17,31.94,31.94,31.94,31.94,31.5,-0.7699999999999996,-0.7699999999999996,-0.7699999999999996,-0.024107701941139648,-0.024107701941139648,-0.024107701941139648,-0.02440304900762067,-0.02440304900762067,31.683333333333337,31.786,31.794000000000004,31.55390136718772,31.670291157224074,31.73658326049297,0.013918588205260467,0.010781292064338277,0.011164264932067318,-0.7699999999999996,-0.024107701941139623,-0.7699999999999996,-0.024107701941139623,-0.3299999999999983,-0.010476190476190422,31.17,31.94,31.17,31.94,31.17,31.94,0.0,0.0,0.0,1,11,12,31.17,0.0,SAME,1.0
BNBL,2024-11-13,31.17,31.17,31.94,31.94,31.94,31.25,0.0,-0.7699999999999996,-0.7699999999999996,0.0,-0.024107701941139648,-0.024107701941139648,0.0,-0.02440304900762067,31.426666666666666,31.632000000000005,31.786,31.36195068359386,31.503527438149387,31.63356812222152,0.013918588205260467,0.010781292064338277,0.010894935293095341,-0.7699999999999996,-0.024107701941139623,-0.7699999999999996,-0.024107701941139623,-0.0799999999999983,-0.0025599999999999456,31.17,31.94,31.17,31.94,31.17,31.94,0.0,0.0,0.0,2,11,13,31.58,0.4099999999999966,UP,2.0
BNBL,2024-11-14,31.58,31.17,31.17,31.94,31.94,31.94,0.4099999999999966,0.4099999999999966,-0.360000000000003,0.013153673403913935,0.013153673403913935,-0.011271133375078346,0.013067915048250231,0.013067915048250231,31.306666666666672,31.560000000000002,31.750000000000007,31.47097534179693,31.529018292099593,31.623828463635785,0.018897136068307056,0.013511127531231262,0.009081124152023699,-0.360000000000003,-0.011271133375078365,-0.360000000000003,-0.011271133375078365,-0.360000000000003,-0.011271133375078365,31.17,31.58,31.17,31.94,31.17,31.94,1.0,0.5324675324675283,0.5324675324675283,3,11,14,31.58,0.0,SAME,1.0
BNBL,2024-11-15,31.58,31.58,31.17,31.17,31.94,31.94,0.0,0.4099999999999966,0.4099999999999966,0.0,0.013153673403913935,0.013153673403913935,0.0,0.013067915048250231,31.44333333333334,31.488,31.714000000000006,31.525487670898464,31.546012194733066,31.61585965206564,0.007594276880582622,0.013511127531231262,0.009081124152023699,0.4099999999999966,0.01315367340391391,-0.360000000000003,-0.011271133375078365,-0.360000000000003,-0.011271133375078365,31.17,31.58,31.17,31.94,31.17,31.94,1.0,0.5324675324675283,0.5324675324675283,4,11,15,31.58,0.0,SAME,1.0
BNBL,2024-11-18,31.58,31.58,31.58,31.17,31.94,31.94,0.0,0.0,0.4099999999999966,0.0,0.0,0.013153673403913935,0.0,0.0,31.58,31.416000000000004,31.678000000000004,31.55274383544923,31.55734146315538,31.60933971532643,0.007594276880582622,0.013511127531231262,0.009081124152023699,0.4099999999999966,0.01315367340391391,-0.360000000000003,-0.011271133375078365,-0.360000000000003,-0.011271133375078365,31.58,31.58,31.17,31.58,31.17,31.94,,1.0,0.5324675324675283,0,11,18,31.58,0.0,SAME,1.0
BNBL,2024-11-19,31.58,31.58,31.58,31.58,31.17,31.94,0.0,0.0,0.0,0.0,0.0,0.0,0.0,0.0,31.58,31.498,31.641999999999996,31.566371917724616,31.564894308770256,31.604005221630715,0.0,0.005882501576996337,0.009081124152023699,0.0,0.0,0.4099999999999966,0.01315367340391391,-0.360000000000003,-0.011271133375078365,31.58,31.58,31.17,31.58,31.17,31.94,,1.0,0.5324675324675283,1,11,19,31.58,0.0,SAME,1.0
BNBL,2024-11-20,31.58,31.58,31.58,31.58,31.17,31.94,0.0,0.0,0.0,0.0,0.0,0.0,0.0,0.0,31.58,31.58,31.606,31.573185958862307,31.569929539180173,31.599640635879673,0.0,0.005882501576996337,0.009081124152023699,0.0,0.0,0.4099999999999966,0.01315367340391391,-0.360000000000003,-0.011271133375078365,31.58,31.58,31.58,31.58,31.17,31.94,,,0.5324675324675283,2,11,20,31.58,0.0,SAME,1.0
BNBL,2024-11-21,31.58,31.58,31.58,31.58,31.58,31.94,0.0,0.0,0.0,0.0,0.0,0.0,0.0,0.0,31.58,31.58,31.57,31.576592979431155,31.573286359453448,31.596069611174276,0.0,0.0,0.009081124152023699,0.0,0.0,0.0,0.0,-0.360000000000003,-0.011271133375078365,31.58,31.58,31.58,31.58,31.17,31.94,,,0.5324675324675283,3,11,21,31.0,-0.5799999999999983,DOWN,0.0
BNBL,2024-11-22,31.0,31.58,31.58,31.58,31.58,31.94,-0.5799999999999983,-0.5799999999999983,-0.5799999999999983,-0.018366054464851067,-0.018366054464851067,-0.018366054464851067,-0.01853680434234968,-0.01853680434234968,31.386666666666667,31.464,31.476,31.288296489715577,31.3821909063023,31.487693318233497,0.010603646489233403,0.00821354925237397,0.010570113248529541,-0.5799999999999983,-0.01836605446485112,-0.5799999999999983,-0.01836605446485112,-0.9400000000000013,-0.029430181590482194,31.0,31.58,31.0,31.58,31.0,31.94,0.0,0.0,0.0,4,11,22,31.0,0.0,SAME,1.0
BNBL,2024-11-25,31.0,31.0,31.58,31.58,31.58,31.94,0.0,-0.5799999999999983,-0.5799999999999983,0.0,-0.018366054464851067,-0.018366054464851067,0.0,-0.01853680434234968,31.19333333333334,31.348000000000003,31.381999999999998,31.14414824485779,31.254793937534867,31.399021805827406,0.010603646489233403,0.00821354925237397,0.010570113248529541,-0.5799999999999983,-0.01836605446485112,-0.5799999999999983,-0.01836605446485112,-0.9400000000000013,-0.029430181590482194,31.0,31.58,31.0,31.58,31.0,31.58,0.0,0.0,0.0,0,11,25,31.39,0.39000000000000057,UP,2.0
BNBL,2024-11-26,31.39,31.0,31.0,31.58,31.58,31.17,0.39000000000000057,0.39000000000000057,-0.18999999999999773,0.012580645161290427,0.012580645161290427,-0.006016466117796049,0.012502166368716042,0.012502166368716042,31.130000000000006,31.310000000000002,31.403999999999996,31.267074122428895,31.299862625023245,31.39738147749515,0.015563219498927826,0.011055433020897714,0.008584058750651576,-0.18999999999999773,-0.006016466117796002,-0.18999999999999773,-0.006016466117796002,0.21999999999999886,0.007058068655758706,31.0,31.39,31.0,31.58,31.0,31.58,1.0,0.6724137931034513,0.6724137931034513,1,11,26,31.01,-0.379999999999999,DOWN,0.0
BNBL,2024-11-27,31.01,31.39,31.0,31.0,31.58,31.17,-0.379999999999999,0.010000000000001563,0.010000000000001563,-0.01210576616756931,0.000322580645161441,0.000322580645161441,-0.01217963774150463,0.0003225286272114799,31.133333333333336,31.196000000000005,31.387999999999998,31.13853706121445,31.203241750015497,31.32694848158694,0.012343966889914704,0.012022014513344682,0.009503852407297057,0.010000000000001563,0.00032258064516134074,-0.5699999999999967,-0.01804939835338812,-0.16000000000000014,-0.005133140840551817,31.0,31.39,31.0,31.58,31.0,31.58,0.025641025641029613,0.017241379310347575,0.017241379310347575,2,11,27,31.01,0.0,SAME,1.0
BNBL,2024-11-28,31.01,31.01,31.39,31.0,31.58,31.58,0.0,-0.379999999999999,0.010000000000001563,0.0,-0.01210576616756931,0.000322580645161441,0.0,-0.01217963774150463,31.13666666666667,31.082000000000004,31.330999999999996,31.074268530607227,31.138827833343665,31.269321484934764,0.012343966889914704,0.012022014513344682,0.008233567795650473,0.010000000000001563,0.00032258064516134074,-0.5699999999999967,-0.01804939835338812,-0.5699999999999967,-0.01804939835338812,31.01,31.39,31.0,31.39,31.0,31.58,0.0,0.025641025641029613,0.017241379310347575,3,11,28,31.0,-0.010000000000001563,DOWN,0.0
BNBL,2024-11-29,31.0,31.01,31.01,31.39,31.0,31.58,-0.010000000000001563,-0.010000000000001563,-0.39000000000000057,-0.00032247662044504466,-0.00032247662044504466,-0.012424338961452674,-0.00032252862721135613,-0.00032252862721135613,31.00666666666667,31.082000000000004,31.272999999999996,31.037134265303614,31.092551888895777,31.22035394221935,0.0068980610588049536,0.00873100156127885,0.00822641033300991,-0.39000000000000057,-0.01242433896145271,0.0,0.0,-0.5799999999999983,-0.01836605446485112,31.0,31.01,31.0,31.39,31.0,31.58,0.0,0.0,0.0,4,11,29,31.0,0.0,SAME,1.0
BNBL,2024-12-02,31.0,31.0,31.01,31.01,31.0,31.58,0.0,-0.010000000000001563,-0.010000000000001563,0.0,-0.00032247662044504466,-0.00032247662044504466,0.0,-0.00032252862721135613,31.003333333333334,31.082000000000004,31.214999999999996,31.018567132651807,31.061701259263852,31.18028958908856,0.00018618196364036512,0.00873100156127885,0.00822641033300991,-0.010000000000001563,-0.00032247662044506813,0.0,0.0,-0.5799999999999983,-0.01836605446485112,31.0,31.01,31.0,31.39,31.0,31.58,0.0,0.0,0.0,0,12,2,31.0,0.0,SAME,1.0
BNBL,2024-12-03,31.0,31.0,31.0,31.01,31.39,31.58,0.0,0.0,-0.010000000000001563,0.0,0.0,-0.00032247662044504466,0.0,0.0,31.0,31.004,31.157,31.009283566325905,31.04113417284257,31.147509663799728,0.00018618196364036512,0.005379621778411205,0.00822641033300991,-0.010000000000001563,-0.00032247662044506813,-0.39000000000000057,-0.01242433896145271,-0.5799999999999983,-0.01836605446485112,31.0,31.0,31.0,31.01,31.0,31.58,,0.0,0.0,1,12,3,31.0,0.0,SAME,1.0
BNBL,2024-12-04,31.0,31.0,31.0,31.0,31.01,31.58,0.0,0.0,0.0,0.0,0.0,0.0,0.0,0.0,31.0,31.002,31.098999999999997,31.004641783162953,31.027422781895048,31.120689724927047,0.0,0.0001442159288863665,0.00822641033300991,0.0,0.0,-0.010000000000001563,-0.00032247662044506813,-0.5799999999999983,-0.01836605446485112,31.0,31.0,31.0,31.01,31.0,31.58,,0.0,0.0,2,12,4,31.0,0.0,SAME,1.0
BNBL,2024-12-05,31.0,31.0,31.0,31.0,31.01,31.58,0.0,0.0,0.0,0.0,0.0,0.0,0.0,0.0,31.0,31.0,31.040999999999997,31.002320891581476,31.0182818545967,31.098746138576672,0.0,0.0001442159288863665,0.00822641033300991,0.0,0.0,-0.010000000000001563,-0.00032247662044506813,-0.5799999999999983,-0.01836605446485112,31.0,31.0,31.0,31.0,31.0,31.39,,,0.0,3,12,5,31.0,0.0,SAME,1.0
BNBL,2024-12-06,31.0,31.0,31.0,31.0,31.0,31.0,0.0,0.0,0.0,0.0,0.0,0.0,0.0,0.0,31.0,31.0,31.040999999999997,31.001160445790738,31.01218790306447,31.080792295199092,0.0,0.0,0.005820689876070909,0.0,0.0,0.0,0.0,0.0,0.0,31.0,31.0,31.0,31.0,31.0,31.39,,,0.0,4,12,6,31.5,0.5,UP,2.0
BNBL,2024-12-09,31.5,31.0,31.0,31.0,31.0,31.0,0.5,0.5,0.5,0.016129032258064502,0.016129032258064502,0.016129032258064502,0.01600034134644112,0.01600034134644112,31.166666666666668,31.1,31.090999999999998,31.25058022289537,31.174791935376316,31.157011877890163,0.009312101115962102,0.00721312250806368,0.00773565603455921,0.5,0.016129032258064516,0.5,0.016129032258064516,0.5,0.016129032258064516,31.0,31.5,31.0,31.5,31.0,31.5,1.0,1.0,1.0,0,12,9,31.5,0.0,SAME,1.0
BNBL,2024-12-10,31.5,31.5,31.0,31.0,31.0,31.39,0.0,0.5,0.5,0.0,0.016129032258064502,0.016129032258064502,0.0,0.01600034134644112,31.333333333333332,31.2,31.101999999999997,31.375290111447683,31.28319462358421,31.219373354637405,0.009312101115962102,0.00721312250806368,0.006711761343476829,0.5,0.016129032258064516,0.5,0.016129032258064516,0.10999999999999943,0.0035043007327174077,31.0,31.5,31.0,31.5,31.0,31.5,1.0,1.0,1.0,1,12,10,31.5,0.0,SAME,1.0
BNBL,2024-12-11,31.5,31.5,31.5,31.0,31.0,31.01,0.0,0.0,0.5,0.0,0.0,0.016129032258064502,0.0,0.0,31.5,31.3,31.151,31.43764505572384,31.355463082389477,31.270396381066966,0.009312101115962102,0.00721312250806368,0.0051127830281874065,0.5,0.016129032258064516,0.5,0.016129032258064516,0.48999999999999844,0.015801354401805818,31.5,31.5,31.0,31.5,31.0,31.5,,1.0,1.0,2,12,11,31.5,0.0,SAME,1.0
BNBL,2024-12-12,31.5,31.5,31.5,31.5,31.0,31.01,0.0,0.0,0.0,0.0,0.0,0.0,0.0,0.0,31.5,31.4,31.2,31.46882252786192,31.40364205492632,31.31214249360024,0.0,0.00721312250806368,0.0051127830281874065,0.0,0.0,0.5,0.016129032258064516,0.48999999999999844,0.015801354401805818,31.5,31.5,31.0,31.5,31.0,31.5,,1.0,1.0,3,12,12,31.5,0.0,SAME,1.0
BNBL,2024-12-13,31.5,31.5,31.5,31.5,31.0,31.0,0.0,0.0,0.0,0.0,0.0,0.0,0.0,0.0,31.5,31.5,31.25,31.48441126393096,31.43576136995088,31.34629840385474,0.0,0.00721312250806368,0.005100447838981118,0.0,0.0,0.5,0.016129032258064516,0.5,0.016129032258064516,31.5,31.5,31.5,31.5,31.0,31.5,,,1.0,4,12,13,30.69,-0.8099999999999987,DOWN,0.0
BNBL,2024-12-16,30.69,31.5,31.5,31.5,31.5,31.0,-0.8099999999999987,-0.8099999999999987,-0.8099999999999987,-0.02571428571428569,-0.02571428571428569,-0.02571428571428569,-0.02605067719994255,-0.02605067719994255,31.23,31.338,31.219000000000005,31.08720563196548,31.187174246633923,31.22697142133569,0.014846149779162005,0.011499778169998812,0.010067452855589144,-0.8099999999999987,-0.025714285714285672,-0.8099999999999987,-0.025714285714285672,-0.3099999999999987,-0.009999999999999959,30.69,31.5,30.69,31.5,30.69,31.5,0.0,0.0,0.0,0,12,16,30.01,-0.6799999999999997,DOWN,0.0
BNBL,2024-12-18,30.01,30.69,31.5,31.5,31.5,31.0,-0.6799999999999997,-1.4899999999999984,-1.4899999999999984,-0.02215705441511895,-0.04730158730158729,-0.04730158730158729,-0.022406209179369075,-0.04845688637931162,30.733333333333334,31.04,31.120000000000005,30.54860281598274,30.794782831089286,31.005703890183746,0.013933254254159155,0.013170293362273875,0.012071766053400242,-1.4899999999999984,-0.047301587301587254,-1.4899999999999984,-0.047301587301587254,-0.9899999999999984,-0.031935483870967694,30.01,31.5,30.01,31.5,30.01,31.5,0.0,0.0,0.0,2,12,18,30.01,0.0,SAME,1.0
BNBL,2024-12-19,30.01,30.01,30.69,31.5,31.5,31.0,0.0,-0.6799999999999997,-1.4899999999999984,0.0,-0.02215705441511895,-0.04730158730158729,0.0,-0.022406209179369075,30.236666666666668,30.742,31.021000000000004,30.27930140799137,30.533188554059528,30.824666819241244,0.013933254254159155,0.013170293362273874,0.012071766053400242,-1.4899999999999984,-0.047301587301587254,-1.4899999999999984,-0.047301587301587254,-0.9899999999999984,-0.031935483870967694,30.01,30.69,30.01,31.5,30.01,31.5,0.0,0.0,0.0,3,12,19,30.01,0.0,SAME,1.0
BNBL,2024-12-20,30.01,30.01,30.01,30.69,31.5,31.0,0.0,0.0,-0.6799999999999997,0.0,0.0,-0.02215705441511895,0.0,0.0,30.01,30.444,30.922000000000004,30.144650703995687,30.35879236937302,30.676545579379198,0.012792381331018362,0.013170293362273874,0.012071766053400242,-0.6799999999999997,-0.02215705441511892,-1.4899999999999984,-0.047301587301587254,-0.9899999999999984,-0.031935483870967694,30.01,30.01,30.01,31.5,30.01,31.5,,0.0,0.0,4,12,20,30.01,0.0,SAME,1.0
BNBL,2024-12-23,30.01,30.01,30.01,30.01,31.5,31.0,0.0,0.0,0.0,0.0,0.0,0.0,0.0,0.0,30.01,30.146000000000004,30.823,30.077325351997843,30.242528246248682,30.555355474037523,0.0,0.013170293362273874,0.012071766053400242,0.0,0.0,-1.4899999999999984,-0.047301587301587254,-0.9899999999999984,-0.031935483870967694,30.01,30.01,30.01,30.69,30.01,31.5,,0.0,0.0,0,12,23,30.01,0.0,SAME,1.0
BNBL,2024-12-24,30.01,30.01,30.01,30.01,30.69,31.5,0.0,0.0,0.0,0.0,0.0,0.0,0.0,0.0,30.01,30.01,30.674,30.043662675998924,30.16501883083246,30.456199933303427,0.0,0.009908935970673452,0.010126933448164259,0.0,0.0,-0.6799999999999997,-0.02215705441511892,-1.4899999999999984,-0.047301587301587254,30.01,30.01,30.01,30.01,30.01,31.5,,,0.0,1,12,24,30.58,0.5699999999999967,UP,2.0
BNBL,2024-12-25,30.58,30.01,30.01,30.01,30.01,31.5,0.5699999999999967,0.5699999999999967,0.5699999999999967,0.018993668777074202,0.018993668777074202,0.018993668777074202,0.018815541048640392,0.018815541048640392,30.2,30.124000000000002,30.582000000000004,30.31183133799946,30.30334588722164,30.478709036339165,0.010965999781342727,0.008494226905530514,0.012603028795978325,0.5699999999999967,0.0189936687770742,0.5699999999999967,0.0189936687770742,-0.9200000000000017,-0.02920634920634926,30.01,30.58,30.01,30.58,30.01,31.5,1.0,1.0,0.382550335570468,2,12,25,30.58,0.0,SAME,1.0
BNBL,2024-12-26,30.58,30.58,30.01,30.01,30.01,31.5,0.0,0.5699999999999967,0.5699999999999967,0.0,0.018993668777074202,0.018993668777074202,0.0,0.018815541048640392,30.39,30.238,30.490000000000002,30.44591566899973,30.395563924814425,30.497125575186587,0.010965999781342727,0.008494226905530514,0.012603028795978325,0.5699999999999967,0.0189936687770742,0.5699999999999967,0.0189936687770742,-0.9200000000000017,-0.02920634920634926,30.01,30.58,30.01,30.58,30.01,31.5,1.0,1.0,0.382550335570468,3,12,26,30.17,-0.4099999999999966,DOWN,0.0
BNBL,2024-12-27,30.17,30.58,30.58,30.01,30.01,31.5,-0.4099999999999966,-0.4099999999999966,0.16000000000000014,-0.013407455853498895,-0.013407455853498895,0.005331556147950778,-0.013498147329946392,-0.013498147329946392,30.44333333333333,30.270000000000003,30.357000000000006,30.307957834499867,30.320375949876286,30.43764819787993,0.016280623469852637,0.011557229026795441,0.012969518443668239,0.16000000000000014,0.005331556147950688,0.16000000000000014,0.005331556147950688,-1.3299999999999983,-0.04222222222222217,30.17,30.58,30.01,30.58,30.01,31.5,0.0,0.2807017543859668,0.10738255033557068,4,12,27,30.0,-0.1700000000000017,DOWN,0.0
BNBL,2024-12-30,30.0,30.17,30.58,30.58,30.01,31.5,-0.1700000000000017,-0.5799999999999983,-0.5799999999999983,-0.005634736493205228,-0.018966644865925364,-0.018966644865925364,-0.005650671508814407,-0.019148818838760788,30.25,30.268,30.207000000000004,30.153978917249933,30.213583966584192,30.358075798265396,0.0067320786050236595,0.011961073431314737,0.012887538330071788,-0.5799999999999983,-0.018966644865925388,-0.010000000000001563,-0.00033322225924696975,-1.5,-0.047619047619047616,30.0,30.58,30.0,30.58,30.0,30.69,0.0,0.0,0.0,0,12,30,30.0,0.0,SAME,1.0
BNBL,2024-12-31,30.0,30.0,30.17,30.58,30.01,30.69,0.0,-0.1700000000000017,-0.5799999999999983,0.0,-0.005634736493205228,-0.018966644865925364,0.0,-0.005650671508814407,30.05666666666667,30.266,30.137999999999998,30.076989458624965,30.14238931105613,30.29297110767169,0.0067320786050236595,0.011961073431314737,0.010613910539242764,-0.5799999999999983,-0.018966644865925388,-0.010000000000001563,-0.00033322225924696975,-0.6900000000000013,-0.022482893450635425,30.0,30.17,30.0,30.58,30.0,30.58,0.0,0.0,0.0,1,12,31,29.9,-0.10000000000000142,DOWN,0.0
BNBL,2025-01-01,29.9,30.0,30.0,30.17,30.58,30.01,-0.10000000000000142,-0.10000000000000142,-0.2700000000000031,-0.0033333333333334103,-0.0033333333333334103,-0.00894928737156131,-0.0033389012655147096,-0.0033389012655147096,29.96666666666667,30.130000000000003,30.127,29.98849472931248,30.061592874037423,30.221521815367744,0.0028330732124696692,0.005533724085796098,0.008043195860991736,-0.2700000000000031,-0.008949287371561256,-0.6799999999999997,-0.02223675604970568,-0.11000000000000298,-0.003665444851716194,29.9,30.0,29.9,30.58,29.9,30.58,0.0,0.0,0.0,2,1,1,29.9,0.0,SAME,1.0
BNBL,2025-01-03,29.9,29.9,30.0,30.0,30.58,30.01,0.0,-0.10000000000000142,-0.10000000000000142,0.0,-0.0033333333333334103,-0.0033333333333334103,0.0,-0.0033389012655147096,29.933333333333334,29.994,30.115999999999996,29.944247364656242,30.007728582691616,30.163063303482698,0.0019245008973006077,0.005533724085796098,0.008043195860991736,-0.10000000000000142,-0.003333333333333381,-0.6799999999999997,-0.02223675604970568,-0.11000000000000298,-0.003665444851716194,29.9,30.0,29.9,30.17,29.9,30.58,0.0,0.0,0.0,4,1,3,29.9,0.0,SAME,1.0
BNBL,2025-01-06,29.9,29.9,29.9,30.0,30.17,30.01,0.0,0.0,-0.10000000000000142,0.0,0.0,-0.0033333333333334103,0.0,0.0,29.9,29.939999999999998,30.105,29.92212368232812,29.971819055127746,30.11523361194039,0.0019245008973006077,0.002587281931691391,0.008043195860991736,-0.10000000000000142,-0.003333333333333381,-0.2700000000000031,-0.008949287371561256,-0.11000000000000298,-0.003665444851716194,29.9,29.9,29.9,30.0,29.9,30.58,,0.0,0.0,0,1,6,30.0,0.10000000000000142,UP,2.0
BNBL,2025-01-07,30.0,29.9,29.9,29.9,30.0,30.01,0.10000000000000142,0.10000000000000142,0.10000000000000142,0.0033444816053511683,0.0033444816053511683,0.0033444816053511683,0.0033389012655146303,0.0033389012655146303,29.933333333333337,29.939999999999998,30.104000000000003,29.96106184116406,29.9812127034185,30.094282046133046,0.0019309373551511006,0.0023609660873698123,0.008127908778830632,0.10000000000000142,0.003344481605351218,0.0,0.0,-0.010000000000001563,-0.00033322225924696975,29.9,30.0,29.9,30.0,29.9,30.58,1.0,1.0,0.1470588235294139,1,1,7,30.0,0.0,SAME,1.0
BNBL,2025-01-08,30.0,30.0,29.9,29.9,30.0,30.01,0.0,0.10000000000000142,0.10000000000000142,0.0,0.0033444816053511683,0.0033444816053511683,0.0,0.0033389012655146303,29.96666666666667,29.939999999999998,30.103,29.98053092058203,29.987475135612335,30.077139855927037,0.0019309373551511006,0.0023609660873698123,0.008127908778830632,0.10000000000000142,0.003344481605351218,0.0,0.0,-0.010000000000001563,-0.00033322225924696975,29.9,30.0,29.9,30.0,29.9,30.58,1.0,1.0,0.1470588235294139,2,1,8,30.0,0.0,SAME,1.0
BNBL,2025-01-09,30.0,30.0,30.0,29.9,29.9,30.58,0.0,0.0,0.10000000000000142,0.0,0.0,0.0033444816053511683,0.0,0.0,30.0,29.96,30.044999999999998,29.990265460291013,29.991650090408225,30.063114427576664,0.0019309373551511006,0.0014956976438118257,0.004685541973557794,0.10000000000000142,0.003344481605351218,0.10000000000000142,0.003344481605351218,-0.5799999999999983,-0.018966644865925388,30.0,30.0,29.9,30.0,29.9,30.58,,1.0,0.1470588235294139,3,1,9,30.0,0.0,SAME,1.0
BNBL,2025-01-10,30.0,30.0,30.0,30.0,29.9,30.58,0.0,0.0,0.0,0.0,0.0,0.0,0.0,0.0,30.0,29.98,29.987000000000002,29.995132730145507,29.994433393605487,30.051639077108177,0.0,0.0014956976438118257,0.004685541973557794,0.0,0.0,0.10000000000000142,0.003344481605351218,-0.5799999999999983,-0.018966644865925388,30.0,30.0,29.9,30.0,29.9,30.17,,1.0,0.37037037037037135,4,1,10,30.0,0.0,SAME,1.0
BNBL,2025-01-13,30.0,30.0,30.0,30.0,29.9,30.17,0.0,0.0,0.0,0.0,0.0,0.0,0.0,0.0,30.0,30.0,29.97,29.997566365072753,29.996288929070328,30.0422501539976,0.0,0.0014956976438118257,0.0023777778893408178,0.0,0.0,0.10000000000000142,0.003344481605351218,-0.1700000000000017,-0.005634736493205227,30.0,30.0,30.0,30.0,29.9,30.0,,,1.0,0,1,13,30.0,0.0,SAME,1.0
BNBL,2025-01-14,30.0,30.0,30.0,30.0,30.0,30.0,0.0,0.0,0.0,0.0,0.0,0.0,0.0,0.0,30.0,30.0,29.97,29.99878318253638,29.997525952713556,30.034568307816215,0.0,0.0,0.0015739778302559426,0.0,0.0,0.0,0.0,0.0,0.0,30.0,30.0,30.0,30.0,29.9,30.0,,,1.0,1,1,14,30.0,0.0,SAME,1.0
BNBL,2025-01-15,30.0,30.0,30.0,30.0,30.0,30.0,0.0,0.0,0.0,0.0,0.0,0.0,0.0,0.0,30.0,30.0,29.97,29.99939159126819,29.998350635142373,30.02828316094054,0.0,0.0,0.0015739778302559426,0.0,0.0,0.0,0.0,0.0,0.0,30.0,30.0,30.0,30.0,29.9,30.0,,,1.0,2,1,15,30.0,0.0,SAME,1.0
BNBL,2025-01-16,30.0,30.0,30.0,30.0,30.0,29.9,0.0,0.0,0.0,0.0,0.0,0.0,0.0,0.0,30.0,30.0,29.98,29.999695795634096,29.99890042342825,30.02314076804226,0.0,0.0,0.0010576179465439659,0.0,0.0,0.0,0.0,0.10000000000000142,0.003344481605351218,30.0,30.0,30.0,30.0,29.9,30.0,,,1.0,3,1,16,30.0,0.0,SAME,1.0
BNBL,2025-01-17,30.0,30.0,30.0,30.0,30.0,29.9,0.0,0.0,0.0,0.0,0.0,0.0,0.0,0.0,30.0,30.0,29.990000000000002,29.999847897817048,29.99926694895217,30.01893335567094,0.0,0.0,0.0010576179465439659,0.0,0.0,0.0,0.0,0.10000000000000142,0.003344481605351218,30.0,30.0,30.0,30.0,29.9,30.0,,,1.0,4,1,17,30.0,0.0,SAME,1.0
BNBL,2025-01-20,30.0,30.0,30.0,30.0,30.0,29.9,0.0,0.0,0.0,0.0,0.0,0.0,0.0,0.0,30.0,30.0,30.0,29.999923948908524,29.99951129930145,30.015490927367132,0.0,0.0,0.0010576179465439659,0.0,0.0,0.0,0.0,0.10000000000000142,0.003344481605351218,30.0,30.0,30.0,30.0,30.0,30.0,,,,0,1,20,30.0,0.0,SAME,1.0
BNBL,2025-01-21,30.0,30.0,30.0,30.0,30.0,30.0,0.0,0.0,0.0,0.0,0.0,0.0,0.0,0.0,30.0,30.0,30.0,29.999961974454262,29.9996741995343,30.01267439511856,0.0,0.0,0.0,0.0,0.0,0.0,0.0,0.0,0.0,30.0,30.0,30.0,30.0,30.0,30.0,,,,1,1,21,30.0,0.0,SAME,1.0
BNBL,2025-01-22,30.0,30.0,30.0,30.0,30.0,30.0,0.0,0.0,0.0,0.0,0.0,0.0,0.0,0.0,30.0,30.0,30.0,29.999980987227133,29.999782799689537,30.010369959642453,0.0,0.0,0.0,0.0,0.0,0.0,0.0,0.0,0.0,30.0,30.0,30.0,30.0,30.0,30.0,,,,2,1,22,30.0,0.0,SAME,1.0
BNBL,2025-01-23,30.0,30.0,30.0,30.0,30.0,30.0,0.0,0.0,0.0,0.0,0.0,0.0,0.0,0.0,30.0,30.0,30.0,29.999990493613566,29.99985519979303,30.008484512434734,0.0,0.0,0.0,0.0,0.0,0.0,0.0,0.0,0.0,30.0,30.0,30.0,30.0,30.0,30.0,,,,3,1,23,30.0,0.0,SAME,1.0
BNBL,2025-01-24,30.0,30.0,30.0,30.0,30.0,30.0,0.0,0.0,0.0,0.0,0.0,0.0,0.0,0.0,30.0,30.0,30.0,29.999995246806783,29.99990346652869,30.006941873810234,0.0,0.0,0.0,0.0,0.0,0.0,0.0,0.0,0.0,30.0,30.0,30.0,30.0,30.0,30.0,,,,4,1,24,30.0,0.0,SAME,1.0
BNBL,2025-01-27,30.0,30.0,30.0,30.0,30.0,30.0,0.0,0.0,0.0,0.0,0.0,0.0,0.0,0.0,30.0,30.0,30.0,29.99999762340339,29.999935644352462,30.005679714935646,0.0,0.0,0.0,0.0,0.0,0.0,0.0,0.0,0.0,30.0,30.0,30.0,30.0,30.0,30.0,,,,0,1,27,30.0,0.0,SAME,1.0
BNBL,2025-01-28,30.0,30.0,30.0,30.0,30.0,30.0,0.0,0.0,0.0,0.0,0.0,0.0,0.0,0.0,30.0,30.0,30.0,29.999998811701694,29.999957096234976,30.004647039492802,0.0,0.0,0.0,0.0,0.0,0.0,0.0,0.0,0.0,30.0,30.0,30.0,30.0,30.0,30.0,,,,1,1,28,30.0,0.0,SAME,1.0
BNBL,2025-01-29,30.0,30.0,30.0,30.0,30.0,30.0,0.0,0.0,0.0,0.0,0.0,0.0,0.0,0.0,30.0,30.0,30.0,29.999999405850847,29.999971397489986,30.003802123221384,0.0,0.0,0.0,0.0,0.0,0.0,0.0,0.0,0.0,30.0,30.0,30.0,30.0,30.0,30.0,,,,2,1,29,30.0,0.0,SAME,1.0
BNBL,2025-01-31,30.0,30.0,30.0,30.0,30.0,30.0,0.0,0.0,0.0,0.0,0.0,0.0,0.0,0.0,30.0,30.0,30.0,29.99999970292542,29.999980931659994,30.00311082809022,0.0,0.0,0.0,0.0,0.0,0.0,0.0,0.0,0.0,30.0,30.0,30.0,30.0,30.0,30.0,,,,4,1,31,30.0,0.0,SAME,1.0
BNBL,2025-02-03,30.0,30.0,30.0,30.0,30.0,30.0,0.0,0.0,0.0,0.0,0.0,0.0,0.0,0.0,30.0,30.0,30.0,29.99999985146271,29.999987287773333,30.00254522298291,0.0,0.0,0.0,0.0,0.0,0.0,0.0,0.0,0.0,30.0,30.0,30.0,30.0,30.0,30.0,,,,0,2,3,30.0,0.0,SAME,1.0
BNBL,2025-02-04,30.0,30.0,30.0,30.0,30.0,30.0,0.0,0.0,0.0,0.0,0.0,0.0,0.0,0.0,30.0,30.0,30.0,29.999999925731355,29.999991525182224,30.002082455167837,0.0,0.0,0.0,0.0,0.0,0.0,0.0,0.0,0.0,30.0,30.0,30.0,30.0,30.0,30.0,,,,1,2,4,30.0,0.0,SAME,1.0
BNBL,2025-02-05,30.0,30.0,30.0,30.0,30.0,30.0,0.0,0.0,0.0,0.0,0.0,0.0,0.0,0.0,30.0,30.0,30.0,29.99999996286568,29.999994350121487,30.0017038269555,0.0,0.0,0.0,0.0,0.0,0.0,0.0,0.0,0.0,30.0,30.0,30.0,30.0,30.0,30.0,,,,2,2,5,30.0,0.0,SAME,1.0
BNBL,2025-02-06,30.0,30.0,30.0,30.0,30.0,30.0,0.0,0.0,0.0,0.0,0.0,0.0,0.0,0.0,30.0,30.0,30.0,29.99999998143284,29.999996233414326,30.001394040236313,0.0,0.0,0.0,0.0,0.0,0.0,0.0,0.0,0.0,30.0,30.0,30.0,30.0,30.0,30.0,,,,3,2,6,30.05,0.05000000000000071,UP,2.0
BNBL,2025-02-07,30.05,30.0,30.0,30.0,30.0,30.0,0.05000000000000071,0.05000000000000071,0.05000000000000071,0.0016666666666667052,0.0016666666666667052,0.0016666666666667052,0.0016652793190612488,0.0016652793190612488,30.01666666666667,30.01,30.005000000000003,30.02499999071642,30.01666415560955,30.010231487466072,0.0009622504486530906,0.000745355992498459,0.0005270462766934544,0.05000000000000071,0.0016666666666666904,0.05000000000000071,0.0016666666666666904,0.05000000000000071,0.0016666666666666904,30.0,30.05,30.0,30.05,30.0,30.05,1.0,1.0,1.0,4,2,7,30.0,-0.05000000000000071,DOWN,0.0
BNBL,2025-02-10,30.0,30.05,30.0,30.0,30.0,30.0,-0.05000000000000071,0.0,0.0,-0.0016638935108153063,0.0,0.0,-0.0016652793190612089,0.0,30.01666666666667,30.01,30.005000000000003,30.012499995358212,30.011109437073035,30.008371217017697,0.001665280281163032,0.0011775310882333047,0.0007850207799131917,0.0,0.0,0.0,0.0,0.0,0.0,30.0,30.05,30.0,30.05,30.0,30.05,0.0,0.0,0.0,0,2,10,30.0,0.0,SAME,1.0
BNBL,2025-02-11,30.0,30.0,30.05,30.0,30.0,30.0,0.0,-0.05000000000000071,0.0,0.0,-0.0016638935108153063,0.0,0.0,-0.0016652793190612089,30.01666666666667,30.01,30.005000000000003,30.006249997679106,30.007406291382026,30.006849177559936,0.001665280281163032,0.0011775310882333047,0.0007850207799131917,0.0,0.0,0.0,0.0,0.0,0.0,30.0,30.05,30.0,30.05,30.0,30.05,0.0,0.0,0.0,1,2,11,30.0,0.0,SAME,1.0
BNBL,2025-02-12,30.0,30.0,30.0,30.05,30.0,30.0,0.0,0.0,-0.05000000000000071,0.0,0.0,-0.0016638935108153063,0.0,0.0,30.0,30.01,30.005000000000003,30.003124998839553,30.00493752758802,30.005603872549038,0.0009606493663757399,0.0011775310882333047,0.0007850207799131917,-0.05000000000000071,-0.0016638935108153315,0.0,0.0,0.0,0.0,30.0,30.0,30.0,30.05,30.0,30.05,,0.0,0.0,2,2,12,30.53,0.5300000000000011,UP,2.0
BNBL,2025-02-13,30.53,30.0,30.0,30.0,30.0,30.0,0.5300000000000011,0.5300000000000011,0.5300000000000011,0.01766666666666672,0.01766666666666672,0.01766666666666672,0.017512425084631154,0.017512425084631154,30.176666666666666,30.116000000000003,30.058,30.266562499419777,30.179958351725347,30.100948622994665,0.01019985475568379,0.0079877345000929,0.005641478530984714,0.5300000000000011,0.017666666666666705,0.5300000000000011,0.017666666666666705,0.5300000000000011,0.017666666666666705,30.0,30.53,30.0,30.53,30.0,30.53,1.0,1.0,1.0,3,2,13,30.53,0.0,SAME,1.0
BNBL,2025-02-14,30.53,30.53,30.0,30.0,30.05,30.0,0.0,0.5300000000000011,0.5300000000000011,0.0,0.01766666666666672,0.01766666666666672,0.0,0.017512425084631154,30.353333333333335,30.212,30.111,30.39828124970989,30.29663890115023,30.17895796426836,0.01019985475568379,0.008118834629903938,0.005641478530984714,0.5300000000000011,0.017666666666666705,0.4800000000000004,0.01597337770382697,0.5300000000000011,0.017666666666666705,30.0,30.53,30.0,30.53,30.0,30.53,1.0,1.0,1.0,4,2,14,30.06,-0.4700000000000024,DOWN,0.0
BNBL,2025-02-17,30.06,30.53,30.53,30.0,30.0,30.0,-0.4700000000000024,-0.4700000000000024,0.05999999999999872,-0.0153946937438586,-0.0153946937438586,0.0020000000000000018,-0.015514422421958147,-0.015514422421958147,30.373333333333335,30.224,30.117,30.229140624854942,30.21775926743349,30.157329243492292,0.01654368589912279,0.01170550441444012,0.00784670191863487,0.05999999999999872,0.0019999999999999575,0.05999999999999872,0.0019999999999999575,0.05999999999999872,0.0019999999999999575,30.06,30.53,30.0,30.53,30.0,30.53,0.0,0.11320754716980866,0.11320754716980866,0,2,17,30.06,0.0,SAME,1.0
BNBL,2025-02-18,30.06,30.06,30.53,30.53,30.0,30.0,0.0,-0.4700000000000024,-0.4700000000000024,0.0,-0.0153946937438586,-0.0153946937438586,0.0,-0.015514422421958147,30.21666666666667,30.236,30.123,30.14457031242747,30.165172844955663,30.139633017402783,0.00888813057710898,0.01170550441444012,0.00784670191863487,-0.4700000000000024,-0.015394693743858578,0.05999999999999872,0.0019999999999999575,0.05999999999999872,0.0019999999999999575,30.06,30.53,30.0,30.53,30.0,30.53,0.0,0.11320754716980866,0.11320754716980866,1,2,18,30.06,0.0,SAME,1.0
BNBL,2025-02-19,30.06,30.06,30.06,30.53,30.0,30.0,0.0,0.0,-0.4700000000000024,0.0,0.0,-0.0153946937438586,0.0,0.0,30.06,30.248,30.128999999999998,30.102285156213732,30.130115229970443,30.125154286965913,0.00888813057710898,0.01170550441444012,0.00784670191863487,-0.4700000000000024,-0.015394693743858578,0.05999999999999872,0.0019999999999999575,0.05999999999999872,0.0019999999999999575,30.06,30.06,30.06,30.53,30.0,30.53,,0.0,0.11320754716980866,2,2,19,30.06,0.0,SAME,1.0
BNBL,2025-02-20,30.06,30.06,30.06,30.06,30.53,30.0,0.0,0.0,0.0,0.0,0.0,0.0,0.0,0.0,30.06,30.153999999999996,30.134999999999998,30.081142578106864,30.106743486646963,30.11330805297211,0.0,0.006884716340811553,0.00784670191863487,0.0,0.0,-0.4700000000000024,-0.015394693743858578,0.05999999999999872,0.0019999999999999575,30.06,30.06,30.06,30.53,30.0,30.53,,0.0,0.11320754716980866,3,2,20,30.06,0.0,SAME,1.0
BNBL,2025-02-24,30.06,30.06,30.06,30.06,30.53,30.05,0.0,0.0,0.0,0.0,0.0,0.0,0.0,0.0,30.06,30.06,30.135999999999996,30.070571289053433,30.09116232443131,30.10361567970445,0.0,0.006884716340811553,0.007830419827942421,0.0,0.0,-0.4700000000000024,-0.015394693743858578,0.00999999999999801,0.00033277870216299533,30.06,30.06,30.06,30.06,30.0,30.53,,,0.11320754716980866,0,2,24,30.06,0.0,SAME,1.0
BNBL,2025-02-25,30.06,30.06,30.06,30.06,30.06,30.0,0.0,0.0,0.0,0.0,0.0,0.0,0.0,0.0,30.06,30.06,30.141999999999996,30.065285644526718,30.08077488295421,30.095685556121822,0.0,0.0,0.007807343555070463,0.0,0.0,0.0,0.0,0.05999999999999872,0.0019999999999999575,30.06,30.06,30.06,30.06,30.0,30.53,,,0.11320754716980866,1,2,25,30.06,0.0,SAME,1.0
BNBL,2025-02-26,30.06,30.06,30.06,30.06,30.06,30.0,0.0,0.0,0.0,0.0,0.0,0.0,0.0,0.0,30.06,30.06,30.147999999999996,30.062642822263356,30.073849921969476,30.089197273190578,0.0,0.0,0.007807343555070463,0.0,0.0,0.0,0.0,0.05999999999999872,0.0019999999999999575,30.06,30.06,30.06,30.06,30.0,30.53,,,0.11320754716980866,2,2,26,30.06,0.0,SAME,1.0
BNBL,2025-02-27,30.06,30.06,30.06,30.06,30.06,30.0,0.0,0.0,0.0,0.0,0.0,0.0,0.0,0.0,30.06,30.06,30.153999999999996,30.06132141113168,30.069233281312986,30.083888678065016,0.0,0.0,0.007807343555070463,0.0,0.0,0.0,0.0,0.05999999999999872,0.0019999999999999575,30.06,30.06,30.06,30.06,30.06,30.53,,,0.0,3,2,27,30.06,0.0,SAME,1.0
BNBL,2025-03-03,30.06,30.06,30.06,30.06,30.06,30.53,0.0,0.0,0.0,0.0,0.0,0.0,0.0,0.0,30.06,30.06,30.107,30.060660705565837,30.066155520875327,30.079545282053193,0.0,0.0,0.004868229611133659,0.0,0.0,0.0,0.0,-0.4700000000000024,-0.015394693743858578,30.06,30.06,30.06,30.06,30.06,30.53,,,0.0,0,3,3,30.06,0.0,SAME,1.0
BNBL,2025-03-04,30.06,30.06,30.06,30.06,30.06,30.53,0.0,0.0,0.0,0.0,0.0,0.0,0.0,0.0,30.06,30.06,30.06,30.06033035278292,30.064103680583553,30.075991594407157,0.0,0.0,0.004868229611133659,0.0,0.0,0.0,0.0,-0.4700000000000024,-0.015394693743858578,30.06,30.06,30.06,30.06,30.06,30.06,,,,1,3,4,30.06,0.0,SAME,1.0
BNBL,2025-03-05,30.06,30.06,30.06,30.06,30.06,30.06,0.0,0.0,0.0,0.0,0.0,0.0,0.0,0.0,30.06,30.06,30.06,30.060165176391457,30.062735787055704,30.073084031787673,0.0,0.0,0.0,0.0,0.0,0.0,0.0,0.0,0.0,30.06,30.06,30.06,30.06,30.06,30.06,,,,2,3,5,30.06,0.0,SAME,1.0
BNBL,2025-03-06,30.06,30.06,30.06,30.06,30.06,30.06,0.0,0.0,0.0,0.0,0.0,0.0,0.0,0.0,30.06,30.06,30.06,30.060082588195726,30.061823858037137,30.070705116917186,0.0,0.0,0.0,0.0,0.0,0.0,0.0,0.0,0.0,30.06,30.06,30.06,30.06,30.06,30.06,,,,3,3,6,30.06,0.0,SAME,1.0
BNBL,2025-03-07,30.06,30.06,30.06,30.06,30.06,30.06,0.0,0.0,0.0,0.0,0.0,0.0,0.0,0.0,30.06,30.06,30.06,30.060041294097864,30.061215905358093,30.06875873202315,0.0,0.0,0.0,0.0,0.0,0.0,0.0,0.0,0.0,30.06,30.06,30.06,30.06,30.06,30.06,,,,4,3,7,30.06,0.0,SAME,1.0
BNBL,2025-03-10,30.06,30.06,30.06,30.06,30.06,30.06,0.0,0.0,0.0,0.0,0.0,0.0,0.0,0.0,30.06,30.06,30.06,30.06002064704893,30.060810603572065,30.067166235291666,0.0,0.0,0.0,0.0,0.0,0.0,0.0,0.0,0.0,30.06,30.06,30.06,30.06,30.06,30.06,,,,0,3,10,30.06,0.0,SAME,1.0
BNBL,2025-03-11,30.06,30.06,30.06,30.06,30.06,30.06,0.0,0.0,0.0,0.0,0.0,0.0,0.0,0.0,30.06,30.06,30.06,30.060010323524466,30.060540402381378,30.065863283420452,0.0,0.0,0.0,0.0,0.0,0.0,0.0,0.0,0.0,30.06,30.06,30.06,30.06,30.06,30.06,,,,1,3,11,30.22,0.16000000000000014,UP,2.0
BNBL,2025-03-12,30.22,30.06,30.06,30.06,30.06,30.06,0.16000000000000014,0.16000000000000014,0.16000000000000014,0.005322687957418415,0.005322687957418415,0.005322687957418415,0.0053085725197649985,0.0053085725197649985,30.113333333333333,30.091999999999995,30.076,30.140005161762232,30.113693601587585,30.09388814098037,0.0030730553250290686,0.0023803784191609536,0.0016831817219787521,0.16000000000000014,0.005322687957418502,0.16000000000000014,0.005322687957418502,0.16000000000000014,0.005322687957418502,30.06,30.22,30.06,30.22,30.06,30.22,1.0,1.0,1.0,2,3,12,30.22,0.0,SAME,1.0
BNBL,2025-03-13,30.22,30.22,30.06,30.06,30.06,30.06,0.0,0.16000000000000014,0.16000000000000014,0.0,0.005322687957418415,0.005322687957418415,0.0,0.0053085725197649985,30.166666666666668,30.124000000000002,30.092000000000002,30.180002580881116,30.149129067725056,30.11681756989303,0.0030730553250290686,0.0023803784191609536,0.0016831817219787521,0.16000000000000014,0.005322687957418502,0.16000000000000014,0.005322687957418502,0.16000000000000014,0.005322687957418502,30.06,30.22,30.06,30.22,30.06,30.22,1.0,1.0,1.0,3,3,13,30.22,0.0,SAME,1.0
BNBL,2025-03-14,30.22,30.22,30.22,30.06,30.06,30.06,0.0,0.0,0.16000000000000014,0.0,0.0,0.005322687957418415,0.0,0.0,30.22,30.156,30.107999999999997,30.200001290440557,30.172752711816706,30.135578011730658,0.0030730553250290686,0.0023803784191609536,0.0016831817219787521,0.16000000000000014,0.005322687957418502,0.16000000000000014,0.005322687957418502,0.16000000000000014,0.005322687957418502,30.22,30.22,30.06,30.22,30.06,30.22,,1.0,1.0,4,3,14,30.22,0.0,SAME,1.0
BNBL,2025-03-17,30.22,30.22,30.22,30.22,30.06,30.06,0.0,0.0,0.0,0.0,0.0,0.0,0.0,0.0,30.22,30.188,30.124000000000002,30.210000645220276,30.188501807877806,30.150927464143265,0.0,0.0023803784191609536,0.0016831817219787521,0.0,0.0,0.16000000000000014,0.005322687957418502,0.16000000000000014,0.005322687957418502,30.22,30.22,30.06,30.22,30.06,30.22,,1.0,1.0,0,3,17,30.22,0.0,SAME,1.0
BNBL,2025-03-18,30.22,30.22,30.22,30.22,30.06,30.06,0.0,0.0,0.0,0.0,0.0,0.0,0.0,0.0,30.22,30.22,30.139999999999997,30.215000322610138,30.199001205251875,30.16348610702631,0.0,0.0023803784191609536,0.0016831817219787521,0.0,0.0,0.16000000000000014,0.005322687957418502,0.16000000000000014,0.005322687957418502,30.22,30.22,30.22,30.22,30.06,30.22,,,1.0,1,3,18,30.22,0.0,SAME,1.0
BNBL,2025-03-19,30.22,30.22,30.22,30.22,30.22,30.06,0.0,0.0,0.0,0.0,0.0,0.0,0.0,0.0,30.22,30.22,30.156,30.217500161305068,30.206000803501254,30.17376136029425,0.0,0.0,0.0016831817219787521,0.0,0.0,0.0,0.0,0.16000000000000014,0.005322687957418502,30.22,30.22,30.22,30.22,30.06,30.22,,,1.0,2,3,19,30.22,0.0,SAME,1.0
BNBL,2025-03-20,30.22,30.22,30.22,30.22,30.22,30.06,0.0,0.0,0.0,0.0,0.0,0.0,0.0,0.0,30.22,30.22,30.171999999999997,30.218750080652534,30.21066720233417,30.18216838569529,0.0,0.0,0.0016831817219787521,0.0,0.0,0.0,0.0,0.16000000000000014,0.005322687957418502,30.22,30.22,30.22,30.22,30.06,30.22,,,1.0,3,3,20,30.22,0.0,SAME,1.0
BNBL,2025-03-21,30.22,30.22,30.22,30.22,30.22,30.06,0.0,0.0,0.0,0.0,0.0,0.0,0.0,0.0,30.22,30.22,30.188,30.219375040326266,30.213778134889452,30.18904686102342,0.0,0.0,0.0016831817219787521,0.0,0.0,0.0,0.0,0.16000000000000014,0.005322687957418502,30.22,30.22,30.22,30.22,30.06,30.22,,,1.0,4,3,21,30.22,0.0,SAME,1.0
BNBL,2025-03-24,30.22,30.22,30.22,30.22,30.22,30.06,0.0,0.0,0.0,0.0,0.0,0.0,0.0,0.0,30.22,30.22,30.203999999999997,30.219687520163134,30.2158520899263,30.194674704473705,0.0,0.0,0.0016831817219787521,0.0,0.0,0.0,0.0,0.16000000000000014,0.005322687957418502,30.22,30.22,30.22,30.22,30.06,30.22,,,1.0,0,3,24,30.22,0.0,SAME,1.0
BNBL,2025-03-25,30.22,30.22,30.22,30.22,30.22,30.06,0.0,0.0,0.0,0.0,0.0,0.0,0.0,0.0,30.22,30.22,30.22,30.219843760081567,30.217234726617534,30.199279303660305,0.0,0.0,0.0016831817219787521,0.0,0.0,0.0,0.0,0.16000000000000014,0.005322687957418502,30.22,30.22,30.22,30.22,30.22,30.22,,,,1,3,25,30.22,0.0,SAME,1.0
BNBL,2025-03-26,30.22,30.22,30.22,30.22,30.22,30.22,0.0,0.0,0.0,0.0,0.0,0.0,0.0,0.0,30.22,30.22,30.22,30.219921880040783,30.218156484411693,30.20304670299479,0.0,0.0,0.0,0.0,0.0,0.0,0.0,0.0,0.0,30.22,30.22,30.22,30.22,30.22,30.22,,,,2,3,26,30.08,-0.14000000000000057,DOWN,0.0
BNBL,2025-03-27,30.08,30.22,30.22,30.22,30.22,30.22,-0.14000000000000057,-0.14000000000000057,-0.14000000000000057,-0.0046326935804102964,-0.0046326935804102964,-0.0046326935804102964,-0.004643457762954407,-0.004643457762954407,30.173333333333332,30.191999999999997,30.205999999999996,30.149960940020392,30.17210432294113,30.18067457517755,0.002674686885724223,0.0020718035529443306,0.0014649863415732364,-0.14000000000000057,-0.004632693580410343,-0.14000000000000057,-0.004632693580410343,-0.14000000000000057,-0.004632693580410343,30.08,30.22,30.08,30.22,30.08,30.22,0.0,0.0,0.0,3,3,27,30.08,0.0,SAME,1.0
BNBL,2025-03-28,30.08,30.08,30.22,30.22,30.22,30.22,0.0,-0.14000000000000057,-0.14000000000000057,0.0,-0.0046326935804102964,-0.0046326935804102964,0.0,-0.004643457762954407,30.126666666666665,30.163999999999998,30.192,30.114980470010195,30.141402881960758,30.16237010696345,0.002674686885724223,0.0020718035529443306,0.0014649863415732364,-0.14000000000000057,-0.004632693580410343,-0.14000000000000057,-0.004632693580410343,-0.14000000000000057,-0.004632693580410343,30.08,30.22,30.08,30.22,30.08,30.22,0.0,0.0,0.0,4,3,28,29.98,-0.09999999999999787,DOWN,0.0
BNBL,2025-03-31,29.98,30.08,30.08,30.22,30.22,30.22,-0.09999999999999787,-0.09999999999999787,-0.23999999999999844,-0.0033244680851063357,-0.0033244680851063357,-0.00794176042356054,-0.0033300064071873827,-0.0033300064071873827,30.046666666666667,30.115999999999996,30.167999999999996,30.0474902350051,30.087601921307172,30.129211905697368,0.0023883534008974114,0.0022277036104822756,0.0017056212840596808,-0.23999999999999844,-0.007941760423560505,-0.23999999999999844,-0.007941760423560505,-0.23999999999999844,-0.007941760423560505,29.98,30.08,29.98,30.22,29.98,30.22,0.0,0.0,0.0,0,3,31,29.98,0.0,SAME,1.0
BNBL,2025-04-01,29.98,29.98,30.08,30.08,30.22,30.22,0.0,-0.09999999999999787,-0.09999999999999787,0.0,-0.0033244680851063357,-0.0033244680851063357,0.0,-0.0033300064071873827,30.013333333333332,30.068,30.144,30.013745117502552,30.051734614204783,30.102082468297844,0.001919382543850266,0.0022277036104822756,0.0017056212840596808,-0.09999999999999787,-0.0033244680851063123,-0.23999999999999844,-0.007941760423560505,-0.23999999999999844,-0.007941760423560505,29.98,30.08,29.98,30.22,29.98,30.22,0.0,0.0,0.0,1,4,1,29.98,0.0,SAME,1.0
BNBL,2025-04-02,29.98,29.98,29.98,30.08,30.22,30.22,0.0,0.0,-0.09999999999999787,0.0,0.0,-0.0033244680851063357,0.0,0.0,29.98,30.02,30.119999999999997,29.996872558751278,30.027823076136524,30.079885655880055,0.001919382543850266,0.0022277036104822756,0.0017056212840596808,-0.09999999999999787,-0.0033244680851063123,-0.23999999999999844,-0.007941760423560505,-0.23999999999999844,-0.007941760423560505,29.98,29.98,29.98,30.08,29.98,30.22,,0.0,0.0,2,4,2,29.98,0.0,SAME,1.0
BNBL,2025-04-03,29.98,29.98,29.98,29.98,30.08,30.22,0.0,0.0,0.0,0.0,0.0,0.0,0.0,0.0,29.98,30.0,30.095999999999997,29.98843627937564,30.011882050757684,30.061724627538226,0.0,0.0014867473254645239,0.0017056212840596808,0.0,0.0,-0.09999999999999787,-0.0033244680851063123,-0.23999999999999844,-0.007941760423560505,29.98,29.98,29.98,30.08,29.98,30.22,,0.0,0.0,3,4,3,29.98,0.0,SAME,1.0
BNBL,2025-04-04,29.98,29.98,29.98,29.98,30.08,30.22,0.0,0.0,0.0,0.0,0.0,0.0,0.0,0.0,29.98,29.98,30.071999999999996,29.98421813968782,30.001254700505125,30.046865604349456,0.0,0.0014867473254645239,0.0017056212840596808,0.0,0.0,-0.09999999999999787,-0.0033244680851063123,-0.23999999999999844,-0.007941760423560505,29.98,29.98,29.98,29.98,29.98,30.22,,,0.0,4,4,4,29.98,0.0,SAME,1.0
BNBL,2025-04-07,29.98,29.98,29.98,29.98,29.98,30.22,0.0,0.0,0.0,0.0,0.0,0.0,0.0,0.0,29.98,29.98,30.048000000000002,29.982109069843908,29.994169800336753,30.03470822174046,0.0,0.0,0.0017056212840596808,0.0,0.0,0.0,0.0,-0.23999999999999844,-0.007941760423560505,29.98,29.98,29.98,29.98,29.98,30.22,,,0.0,0,4,7,29.98,0.0,SAME,1.0
BNBL,2025-04-08,29.98,29.98,29.98,29.98,29.98,30.22,0.0,0.0,0.0,0.0,0.0,0.0,0.0,0.0,29.98,29.98,30.024,29.981054534921952,29.989446533557835,30.0247612723331,0.0,0.0,0.0017056212840596808,0.0,0.0,0.0,0.0,-0.23999999999999844,-0.007941760423560505,29.98,29.98,29.98,29.98,29.98,30.22,,,0.0,1,4,8,29.98,0.0,SAME,1.0
BNBL,2025-04-09,29.98,29.98,29.98,29.98,29.98,30.22,0.0,0.0,0.0,0.0,0.0,0.0,0.0,0.0,29.98,29.98,30.0,29.980527267460978,29.986297689038558,30.016622859181624,0.0,0.0,0.0017056212840596808,0.0,0.0,0.0,0.0,-0.23999999999999844,-0.007941760423560505,29.98,29.98,29.98,29.98,29.98,30.08,,,0.0,2,4,9,29.98,0.0,SAME,1.0
BNBL,2025-04-10,29.98,29.98,29.98,29.98,29.98,30.08,0.0,0.0,0.0,0.0,0.0,0.0,0.0,0.0,29.98,29.98,29.990000000000002,29.980263633730488,29.98419845935904,30.009964157512236,0.0,0.0,0.0010512891157468133,0.0,0.0,0.0,0.0,-0.09999999999999787,-0.0033244680851063123,29.98,29.98,29.98,29.98,29.98,30.08,,,0.0,3,4,10,29.98,0.0,SAME,1.0
BNBL,2025-04-11,29.98,29.98,29.98,29.98,29.98,30.08,0.0,0.0,0.0,0.0,0.0,0.0,0.0,0.0,29.98,29.98,29.98,29.980131816865246,29.98279897290603,30.004516128873647,0.0,0.0,0.0010512891157468133,0.0,0.0,0.0,0.0,-0.09999999999999787,-0.0033244680851063123,29.98,29.98,29.98,29.98,29.98,29.98,,,,4,4,11,29.98,0.0,SAME,1.0
BNBL,2025-04-14,29.98,29.98,29.98,29.98,29.98,29.98,0.0,0.0,0.0,0.0,0.0,0.0,0.0,0.0,29.98,29.98,29.98,29.98006590843262,29.981865981937354,30.00005865089662,0.0,0.0,0.0,0.0,0.0,0.0,0.0,0.0,0.0,29.98,29.98,29.98,29.98,29.98,29.98,,,,0,4,14,29.34,-0.6400000000000006,DOWN,0.0
BNBL,2025-04-15,29.34,29.98,29.98,29.98,29.98,29.98,-0.6400000000000006,-0.6400000000000006,-0.6400000000000006,-0.021347565043362215,-0.021347565043362215,-0.021347565043362215,-0.02157871995961596,-0.02157871995961596,29.76666666666667,29.851999999999997,29.916000000000004,29.660032954216312,29.767910654624906,29.88004798709723,0.01232502242432848,0.009546921318211117,0.006750692803561476,-0.6400000000000006,-0.02134756504336226,-0.6400000000000006,-0.02134756504336226,-0.6400000000000006,-0.02134756504336226,29.34,29.98,29.34,29.98,29.34,29.98,0.0,0.0,0.0,1,4,15,29.34,0.0,SAME,1.0
BNBL,2025-04-16,29.34,29.34,29.98,29.98,29.98,29.98,0.0,-0.6400000000000006,-0.6400000000000006,0.0,-0.021347565043362215,-0.021347565043362215,0.0,-0.02157871995961596,29.55333333333333,29.724,29.851999999999997,29.500016477108154,29.62527376974994,29.781857443988642,0.01232502242432848,0.009546921318211117,0.006750692803561476,-0.6400000000000006,-0.02134756504336226,-0.6400000000000006,-0.02134756504336226,-0.6400000000000006,-0.02134756504336226,29.34,29.98,29.34,29.98,29.34,29.98,0.0,0.0,0.0,2,4,16,29.34,0.0,SAME,1.0
BNBL,2025-04-17,29.34,29.34,29.34,29.98,29.98,29.98,0.0,0.0,-0.6400000000000006,0.0,0.0,-0.021347565043362215,0.0,0.0,29.34,29.596000000000004,29.788000000000004,29.420008238554075,29.53018251316663,29.701519726899797,0.01232502242432848,0.009546921318211117,0.006750692803561476,-0.6400000000000006,-0.02134756504336226,-0.6400000000000006,-0.02134756504336226,-0.6400000000000006,-0.02134756504336226,29.34,29.34,29.34,29.98,29.34,29.98,,0.0,0.0,3,4,17,29.34,0.0,SAME,1.0
BNBL,2025-04-18,29.34,29.34,29.34,29.34,29.98,29.98,0.0,0.0,0.0,0.0,0.0,0.0,0.0,0.0,29.34,29.468,29.724,29.38000411927704,29.466788342111087,29.635788867463468,0.0,0.009546921318211117,0.006750692803561476,0.0,0.0,-0.6400000000000006,-0.02134756504336226,-0.6400000000000006,-0.02134756504336226,29.34,29.34,29.34,29.98,29.34,29.98,,0.0,0.0,4,4,18,29.34,0.0,SAME,1.0
BNBL,2025-04-21,29.34,29.34,29.34,29.34,29.98,29.98,0.0,0.0,0.0,0.0,0.0,0.0,0.0,0.0,29.34,29.34,29.659999999999997,29.360002059638518,29.424525561407393,29.5820090733792,0.0,0.009546921318211117,0.006750692803561476,0.0,0.0,-0.6400000000000006,-0.02134756504336226,-0.6400000000000006,-0.02134756504336226,29.34,29.34,29.34,29.34,29.34,29.98,,,0.0,0,4,21,29.34,0.0,SAME,1.0
BNBL,2025-04-22,29.34,29.34,29.34,29.34,29.34,29.98,0.0,0.0,0.0,0.0,0.0,0.0,0.0,0.0,29.34,29.34,29.596000000000004,29.35000102981926,29.3963503742716,29.53800742367389,0.0,0.0,0.006750692803561476,0.0,0.0,0.0,0.0,-0.6400000000000006,-0.02134756504336226,29.34,29.34,29.34,29.34,29.34,29.98,,,0.0,1,4,22,29.34,0.0,SAME,1.0
BNBL,2025-04-23,29.34,29.34,29.34,29.34,29.34,29.98,0.0,0.0,0.0,0.0,0.0,0.0,0.0,0.0,29.34,29.34,29.532,29.34500051490963,29.377566916181067,29.502006073915,0.0,0.0,0.006750692803561476,0.0,0.0,0.0,0.0,-0.6400000000000006,-0.02134756504336226,29.34,29.34,29.34,29.34,29.34,29.98,,,0.0,2,4,23,29.34,0.0,SAME,1.0
BNBL,2025-04-24,29.34,29.34,29.34,29.34,29.34,29.98,0.0,0.0,0.0,0.0,0.0,0.0,0.0,0.0,29.34,29.34,29.468,29.342500257454816,29.36504461078738,29.47255042411227,0.0,0.0,0.006750692803561476,0.0,0.0,0.0,0.0,-0.6400000000000006,-0.02134756504336226,29.34,29.34,29.34,29.34,29.34,29.98,,,0.0,3,4,24,29.34,0.0,SAME,1.0
BNBL,2025-04-25,29.34,29.34,29.34,29.34,29.34,29.98,0.0,0.0,0.0,0.0,0.0,0.0,0.0,0.0,29.34,29.34,29.403999999999996,29.34125012872741,29.356696407191585,29.448450347000946,0.0,0.0,0.006750692803561476,0.0,0.0,0.0,0.0,-0.6400000000000006,-0.02134756504336226,29.34,29.34,29.34,29.34,29.34,29.98,,,0.0,4,4,25,30.02,0.6799999999999997,UP,2.0
BNBL,2025-04-28,30.02,29.34,29.34,29.34,29.34,29.98,0.6799999999999997,0.6799999999999997,0.6799999999999997,0.023176550783912786,0.023176550783912786,0.023176550783912786,0.022912053490480276,0.022912053490480276,29.566666666666666,29.476,29.408000000000005,29.680625064363703,29.57779760479439,29.552368465728044,0.013380987833979367,0.010364868607360899,0.010501515872778361,0.6799999999999997,0.023176550783912737,0.6799999999999997,0.023176550783912737,0.03999999999999915,0.0013342228152101116,29.34,30.02,29.34,30.02,29.34,30.02,1.0,1.0,1.0,0,4,28,30.02,0.0,SAME,1.0
BNBL,2025-04-29,30.02,30.02,29.34,29.34,29.34,29.34,0.0,0.6799999999999997,0.6799999999999997,0.0,0.023176550783912786,0.023176550783912786,0.0,0.022912053490480276,29.793333333333333,29.612000000000002,29.476,29.850312532181853,29.72519840319626,29.637392381050216,0.013380987833979367,0.010364868607360899,0.007329068878372441,0.6799999999999997,0.023176550783912737,0.6799999999999997,0.023176550783912737,0.6799999999999997,0.023176550783912737,29.34,30.02,29.34,30.02,29.34,30.02,1.0,1.0,1.0,1,4,29,31.46,1.4400000000000013,UP,2.0
BNBL,2025-04-30,31.46,30.02,30.02,29.34,29.34,29.34,1.4400000000000013,1.4400000000000013,2.120000000000001,0.0479680213191207,0.0479680213191207,0.07225630538513972,0.04685307142481598,0.04685307142481598,30.5,30.036,29.688,30.655156266090927,30.303465602130842,29.96877558449563,0.023988540968585544,0.021364535728434116,0.016096682065080373,2.120000000000001,0.07225630538513977,2.120000000000001,0.07225630538513977,2.120000000000001,0.07225630538513977,30.02,31.46,29.34,31.46,29.34,31.46,1.0,1.0,1.0,2,4,30,31.46,0.0,SAME,1.0
BNBL,2025-05-01,31.46,31.46,30.02,30.02,29.34,29.34,0.0,1.4400000000000013,1.4400000000000013,0.0,0.0479680213191207,0.0479680213191207,0.0,0.04685307142481598,30.98,30.46,29.9,31.057578133045464,30.688977068087233,30.239907296405512,0.027694350021088197,0.021364535728434116,0.016096682065080373,1.4400000000000013,0.04796802131912063,2.120000000000001,0.07225630538513977,2.120000000000001,0.07225630538513977,30.02,31.46,29.34,31.46,29.34,31.46,1.0,1.0,1.0,3,5,1,31.5,0.03999999999999915,UP,2.0
BNBL,2025-05-05,31.5,31.46,31.46,30.02,29.34,29.34,0.03999999999999915,0.03999999999999915,1.4800000000000004,0.0012714558169102386,0.0012714558169102386,0.049300466355762795,0.0012706482014554893,0.0012706482014554893,31.47333333333334,30.892000000000003,30.116000000000003,31.278789066522734,30.95931804539149,30.469015060695416,0.027334705958019304,0.021159418443478302,0.016039160636929443,1.4800000000000004,0.04930046635576284,2.16,0.0736196319018405,2.16,0.0736196319018405,31.46,31.5,30.02,31.5,29.34,31.5,1.0,1.0,1.0,0,5,5,31.5,0.0,SAME,1.0
BNBL,2025-05-06,31.5,31.5,31.46,31.46,30.02,29.34,0.0,0.03999999999999915,0.03999999999999915,0.0,0.0012714558169102386,0.0012714558169102386,0.0,0.0012706482014554893,31.486666666666668,31.188,30.332000000000004,31.389394533261367,31.13954536359433,30.6564668678417,0.0007340753581605697,0.021316909059711387,0.016039160636929443,0.03999999999999915,0.0012714558169103353,1.4800000000000004,0.04930046635576284,2.16,0.0736196319018405,31.46,31.5,30.02,31.5,29.34,31.5,1.0,1.0,1.0,1,5,6,31.5,0.0,SAME,1.0
BNBL,2025-05-08,31.5,31.5,31.5,31.46,30.02,29.34,0.0,0.0,0.03999999999999915,0.0,0.0,0.0012714558169102386,0.0,0.0,31.5,31.484,30.548000000000002,31.444697266630683,31.25969690906289,30.809836528234115,0.0007340753581605697,0.021316909059711387,0.016039160636929443,0.03999999999999915,0.0012714558169103353,1.4800000000000004,0.04930046635576284,2.16,0.0736196319018405,31.5,31.5,31.46,31.5,29.34,31.5,,1.0,1.0,3,5,8,31.5,0.0,SAME,1.0
BNBL,2025-05-09,31.5,31.5,31.5,31.5,31.46,29.34,0.0,0.0,0.0,0.0,0.0,0.0,0.0,0.0,31.5,31.492,30.764000000000003,31.47234863331534,31.339797939375263,30.93532079582791,0.0,0.0005686123273978714,0.016039160636929443,0.0,0.0,0.03999999999999915,0.0012714558169103353,2.16,0.0736196319018405,31.5,31.5,31.46,31.5,29.34,31.5,,1.0,1.0,4,5,9,31.5,0.0,SAME,1.0
BNBL,2025-05-12,31.5,31.5,31.5,31.5,31.46,29.34,0.0,0.0,0.0,0.0,0.0,0.0,0.0,0.0,31.5,31.5,30.98,31.48617431665767,31.39319862625018,31.037989742041013,0.0,0.0005686123273978714,0.016039160636929443,0.0,0.0,0.03999999999999915,0.0012714558169103353,2.16,0.0736196319018405,31.5,31.5,31.5,31.5,29.34,31.5,,,1.0,0,5,12,31.5,0.0,SAME,1.0
BNBL,2025-05-13,31.5,31.5,31.5,31.5,31.5,29.34,0.0,0.0,0.0,0.0,0.0,0.0,0.0,0.0,31.5,31.5,31.196000000000005,31.493087158328834,31.428799084166787,31.121991607124464,0.0,0.0,0.016039160636929443,0.0,0.0,0.0,0.0,2.16,0.0736196319018405,31.5,31.5,31.5,31.5,30.02,31.5,,,1.0,1,5,13,31.5,0.0,SAME,1.0
BNBL,2025-05-14,31.5,31.5,31.5,31.5,31.5,30.02,0.0,0.0,0.0,0.0,0.0,0.0,0.0,0.0,31.5,31.5,31.344000000000005,31.496543579164417,31.45253272277786,31.190720405829104,0.0,0.0,0.015129423350628878,0.0,0.0,0.0,0.0,1.4800000000000004,0.04930046635576284,31.5,31.5,31.5,31.5,30.02,31.5,,,1.0,2,5,14,31.5,0.0,SAME,1.0
BNBL,2025-05-15,31.5,31.5,31.5,31.5,31.5,30.02,0.0,0.0,0.0,0.0,0.0,0.0,0.0,0.0,31.5,31.5,31.492,31.49827178958221,31.468355148518576,31.24695305931472,0.0,0.0,0.015129423350628878,0.0,0.0,0.0,0.0,1.4800000000000004,0.04930046635576284,31.5,31.5,31.5,31.5,31.46,31.5,,,1.0,3,5,15,31.5,0.0,SAME,1.0
BNBL,2025-05-16,31.5,31.5,31.5,31.5,31.5,31.46,0.0,0.0,0.0,0.0,0.0,0.0,0.0,0.0,31.5,31.5,31.496000000000002,31.499135894791102,31.47890343234572,31.292961593984767,0.0,0.0,0.0004020696325689579,0.0,0.0,0.0,0.0,0.03999999999999915,0.0012714558169103353,31.5,31.5,31.5,31.5,31.46,31.5,,,1.0,4,5,16,31.5,0.0,SAME,1.0
BNBL,2025-05-19,31.5,31.5,31.5,31.5,31.5,31.46,0.0,0.0,0.0,0.0,0.0,0.0,0.0,0.0,31.5,31.5,31.5,31.49956794739555,31.485935621563815,31.33060494053299,0.0,0.0,0.0004020696325689579,0.0,0.0,0.0,0.0,0.03999999999999915,0.0012714558169103353,31.5,31.5,31.5,31.5,31.5,31.5,,,,0,5,19,31.5,0.0,SAME,1.0
BNBL,2025-05-20,31.5,31.5,31.5,31.5,31.5,31.5,0.0,0.0,0.0,0.0,0.0,0.0,0.0,0.0,31.5,31.5,31.5,31.499783973697774,31.49062374770921,31.36140404225426,0.0,0.0,0.0,0.0,0.0,0.0,0.0,0.0,0.0,31.5,31.5,31.5,31.5,31.5,31.5,,,,1,5,20,31.5,0.0,SAME,1.0
BNBL,2025-05-21,31.5,31.5,31.5,31.5,31.5,31.5,0.0,0.0,0.0,0.0,0.0,0.0,0.0,0.0,31.5,31.5,31.5,31.499891986848887,31.493749165139477,31.386603307298937,0.0,0.0,0.0,0.0,0.0,0.0,0.0,0.0,0.0,31.5,31.5,31.5,31.5,31.5,31.5,,,,2,5,21,31.5,0.0,SAME,1.0
BNBL,2025-05-22,31.5,31.5,31.5,31.5,31.5,31.5,0.0,0.0,0.0,0.0,0.0,0.0,0.0,0.0,31.5,31.5,31.5,31.499945993424443,31.495832776759652,31.407220887790036,0.0,0.0,0.0,0.0,0.0,0.0,0.0,0.0,0.0,31.5,31.5,31.5,31.5,31.5,31.5,,,,3,5,22,31.5,0.0,SAME,1.0
BNBL,2025-05-23,31.5,31.5,31.5,31.5,31.5,31.5,0.0,0.0,0.0,0.0,0.0,0.0,0.0,0.0,31.5,31.5,31.5,31.499972996712224,31.497221851173105,31.424089817282756,0.0,0.0,0.0,0.0,0.0,0.0,0.0,0.0,0.0,31.5,31.5,31.5,31.5,31.5,31.5,,,,4,5,23,31.5,0.0,SAME,1.0
BNBL,2025-05-26,31.5,31.5,31.5,31.5,31.5,31.5,0.0,0.0,0.0,0.0,0.0,0.0,0.0,0.0,31.5,31.5,31.5,31.49998649835611,31.498147900782072,31.43789166868589,0.0,0.0,0.0,0.0,0.0,0.0,0.0,0.0,0.0,31.5,31.5,31.5,31.5,31.5,31.5,,,,0,5,26,31.5,0.0,SAME,1.0
BNBL,2025-05-27,31.5,31.5,31.5,31.5,31.5,31.5,0.0,0.0,0.0,0.0,0.0,0.0,0.0,0.0,31.5,31.5,31.5,31.499993249178054,31.498765267188052,31.44918409256118,0.0,0.0,0.0,0.0,0.0,0.0,0.0,0.0,0.0,31.5,31.5,31.5,31.5,31.5,31.5,,,,1,5,27,31.5,0.0,SAME,1.0
BNBL,2025-05-28,31.5,31.5,31.5,31.5,31.5,31.5,0.0,0.0,0.0,0.0,0.0,0.0,0.0,0.0,31.5,31.5,31.5,31.499996624589027,31.499176844792036,31.458423348459142,0.0,0.0,0.0,0.0,0.0,0.0,0.0,0.0,0.0,31.5,31.5,31.5,31.5,31.5,31.5,,,,2,5,28,31.5,0.0,SAME,1.0
BNBL,2025-05-29,31.5,31.5,31.5,31.5,31.5,31.5,0.0,0.0,0.0,0.0,0.0,0.0,0.0,0.0,31.5,31.5,31.5,31.499998312294515,31.49945122986136,31.465982739648386,0.0,0.0,0.0,0.0,0.0,0.0,0.0,0.0,0.0,31.5,31.5,31.5,31.5,31.5,31.5,,,,3,5,29,31.5,0.0,SAME,1.0
BNBL,2025-05-30,31.5,31.5,31.5,31.5,31.5,31.5,0.0,0.0,0.0,0.0,0.0,0.0,0.0,0.0,31.5,31.5,31.5,31.499999156147258,31.49963415324091,31.47216769607595,0.0,0.0,0.0,0.0,0.0,0.0,0.0,0.0,0.0,31.5,31.5,31.5,31.5,31.5,31.5,,,,4,5,30,31.4,-0.10000000000000142,DOWN,0.0
BNBL,2025-06-02,31.4,31.5,31.5,31.5,31.5,31.5,-0.10000000000000142,-0.10000000000000142,-0.10000000000000142,-0.0031746031746032743,-0.0031746031746032743,-0.0031746031746032743,-0.0031796529173797957,-0.0031796529173797957,31.46666666666667,31.48,31.49,31.44999957807363,31.46642276882727,31.45904629678941,0.001832857997429298,0.0014197256999991532,0.001003897669894083,-0.10000000000000142,-0.0031746031746032197,-0.10000000000000142,-0.0031746031746032197,-0.10000000000000142,-0.0031746031746032197,31.4,31.5,31.4,31.5,31.4,31.5,0.0,0.0,0.0,0,6,2,31.4,0.0,SAME,1.0
BNBL,2025-06-03,31.4,31.4,31.5,31.5,31.5,31.5,0.0,-0.10000000000000142,-0.10000000000000142,0.0,-0.0031746031746032743,-0.0031746031746032743,0.0,-0.0031796529173797957,31.433333333333337,31.46,31.479999999999997,31.424999789036814,31.44428184588485,31.448310606464062,0.001832857997429298,0.0014197256999991532,0.001003897669894083,-0.10000000000000142,-0.0031746031746032197,-0.10000000000000142,-0.0031746031746032197,-0.10000000000000142,-0.0031746031746032197,31.4,31.5,31.4,31.5,31.4,31.5,0.0,0.0,0.0,1,6,3,31.31,-0.08999999999999986,DOWN,0.0
BNBL,2025-06-04,31.31,31.4,31.4,31.5,31.5,31.5,-0.08999999999999986,-0.08999999999999986,-0.19000000000000128,-0.0028662420382165044,-0.0028662420382165044,-0.006031746031746055,-0.002870357575893298,-0.002870357575893298,31.37,31.422000000000004,31.460999999999995,31.367499894518406,31.399521230589897,31.423163223470592,0.0017506444207926576,0.001657941989393971,0.0012755943124373999,-0.19000000000000128,-0.006031746031746072,-0.19000000000000128,-0.006031746031746072,-0.19000000000000128,-0.006031746031746072,31.31,31.4,31.31,31.5,31.31,31.5,0.0,0.0,0.0,2,6,4,31.31,0.0,SAME,1.0
BNBL,2025-06-05,31.31,31.31,31.4,31.4,31.5,31.5,0.0,-0.08999999999999986,-0.08999999999999986,0.0,-0.0028662420382165044,-0.0028662420382165044,0.0,-0.002870357575893298,31.34,31.384000000000004,31.441999999999997,31.338749947259203,31.369680820393263,31.402588091930483,0.00165482561232898,0.001657941989393971,0.0012755943124373999,-0.08999999999999986,-0.002866242038216556,-0.19000000000000128,-0.006031746031746072,-0.19000000000000128,-0.006031746031746072,31.31,31.4,31.31,31.5,31.31,31.5,0.0,0.0,0.0,3,6,5,31.31,0.0,SAME,1.0
BNBL,2025-06-06,31.31,31.31,31.31,31.4,31.5,31.5,0.0,0.0,-0.08999999999999986,0.0,0.0,-0.0028662420382165044,0.0,0.0,31.31,31.345999999999997,31.422999999999995,31.324374973629602,31.349787213595512,31.385753893397663,0.00165482561232898,0.001657941989393971,0.0012755943124373999,-0.08999999999999986,-0.002866242038216556,-0.19000000000000128,-0.006031746031746072,-0.19000000000000128,-0.006031746031746072,31.31,31.31,31.31,31.4,31.31,31.5,,0.0,0.0,4,6,6,31.31,0.0,SAME,1.0
BNBL,2025-06-09,31.31,31.31,31.31,31.31,31.4,31.5,0.0,0.0,0.0,0.0,0.0,0.0,0.0,0.0,31.31,31.327999999999996,31.403999999999996,31.317187486814802,31.336524809063675,31.371980458234447,0.0,0.0012818224074830913,0.0012755943124373999,0.0,0.0,-0.08999999999999986,-0.002866242038216556,-0.19000000000000128,-0.006031746031746072,31.31,31.31,31.31,31.4,31.31,31.5,,0.0,0.0,0,6,9,31.31,0.0,SAME,1.0
BNBL,2025-06-10,31.31,31.31,31.31,31.31,31.4,31.5,0.0,0.0,0.0,0.0,0.0,0.0,0.0,0.0,31.31,31.31,31.384999999999998,31.313593743407402,31.32768320604245,31.360711284009998,0.0,0.0012818224074830913,0.0012755943124373999,0.0,0.0,-0.08999999999999986,-0.002866242038216556,-0.19000000000000128,-0.006031746031746072,31.31,31.31,31.31,31.31,31.31,31.5,,,0.0,1,6,10,31.31,0.0,SAME,1.0
BNBL,2025-06-12,31.31,31.31,31.31,31.31,31.31,31.5,0.0,0.0,0.0,0.0,0.0,0.0,0.0,0.0,31.31,31.31,31.365999999999996,31.3117968717037,31.3217888040283,31.35149105055363,0.0,0.0,0.0012755943124373999,0.0,0.0,0.0,0.0,-0.19000000000000128,-0.006031746031746072,31.31,31.31,31.31,31.31,31.31,31.5,,,0.0,3,6,12,31.31,0.0,SAME,1.0
BNBL,2025-06-13,31.31,31.31,31.31,31.31,31.31,31.5,0.0,0.0,0.0,0.0,0.0,0.0,0.0,0.0,31.31,31.31,31.346999999999998,31.310898435851847,31.317859202685533,31.34394722318024,0.0,0.0,0.0012755943124373999,0.0,0.0,0.0,0.0,-0.19000000000000128,-0.006031746031746072,31.31,31.31,31.31,31.31,31.31,31.5,,,0.0,4,6,13,31.31,0.0,SAME,1.0
BNBL,2025-06-16,31.31,31.31,31.31,31.31,31.31,31.5,0.0,0.0,0.0,0.0,0.0,0.0,0.0,0.0,31.31,31.31,31.327999999999996,31.31044921792592,31.315239468457023,31.33777500078383,0.0,0.0,0.0012755943124373999,0.0,0.0,0.0,0.0,-0.19000000000000128,-0.006031746031746072,31.31,31.31,31.31,31.31,31.31,31.4,,,0.0,0,6,16,31.31,0.0,SAME,1.0
BNBL,2025-06-17,31.31,31.31,31.31,31.31,31.31,31.4,0.0,0.0,0.0,0.0,0.0,0.0,0.0,0.0,31.31,31.31,31.319,31.31022460896296,31.313492978971347,31.33272500064131,0.0,0.0,0.0009063853166080087,0.0,0.0,0.0,0.0,-0.08999999999999986,-0.002866242038216556,31.31,31.31,31.31,31.31,31.31,31.4,,,0.0,1,6,17,31.31,0.0,SAME,1.0
BNBL,2025-06-18,31.31,31.31,31.31,31.31,31.31,31.4,0.0,0.0,0.0,0.0,0.0,0.0,0.0,0.0,31.31,31.31,31.31,31.31011230448148,31.312328652647565,31.32859318234289,0.0,0.0,0.0009063853166080087,0.0,0.0,0.0,0.0,-0.08999999999999986,-0.002866242038216556,31.31,31.31,31.31,31.31,31.31,31.31,,,,2,6,18,31.31,0.0,SAME,1.0
BNBL,2025-06-19,31.31,31.31,31.31,31.31,31.31,31.31,0.0,0.0,0.0,0.0,0.0,0.0,0.0,0.0,31.31,31.31,31.31,31.31005615224074,31.311552435098378,31.32521260373509,0.0,0.0,0.0,0.0,0.0,0.0,0.0,0.0,0.0,31.31,31.31,31.31,31.31,31.31,31.31,,,,3,6,19,31.36,0.05000000000000071,UP,2.0
BNBL,2025-06-20,31.36,31.31,31.31,31.31,31.31,31.31,0.05000000000000071,0.05000000000000071,0.05000000000000071,0.0015969338869370464,0.0015969338869370464,0.0015969338869370464,0.0015956601438927357,0.0015956601438927357,31.326666666666668,31.32,31.314999999999998,31.33502807612037,31.32770162339892,31.331537584874162,0.0009219902095049078,0.000714170545351333,0.0005049948355413496,0.05000000000000071,0.0015969338869371037,0.05000000000000071,0.0015969338869371037,0.05000000000000071,0.0015969338869371037,31.31,31.36,31.31,31.36,31.31,31.36,1.0,1.0,1.0,4,6,20,31.36,0.0,SAME,1.0
BNBL,2025-06-23,31.36,31.36,31.31,31.31,31.31,31.31,0.0,0.05000000000000071,0.05000000000000071,0.0,0.0015969338869370464,0.0015969338869370464,0.0,0.0015956601438927357,31.343333333333334,31.330000000000002,31.32,31.347514038060183,31.338467748932615,31.336712569442497,0.0009219902095049078,0.000714170545351333,0.0005049948355413496,0.05000000000000071,0.0015969338869371037,0.05000000000000071,0.0015969338869371037,0.05000000000000071,0.0015969338869371037,31.31,31.36,31.31,31.36,31.31,31.36,1.0,1.0,1.0,0,6,23,31.36,0.0,SAME,1.0
BNBL,2025-06-24,31.36,31.36,31.36,31.31,31.31,31.31,0.0,0.0,0.05000000000000071,0.0,0.0,0.0015969338869370464,0.0,0.0,31.36,31.339999999999996,31.325,31.35375701903009,31.34564516595508,31.34094664772568,0.0009219902095049078,0.000714170545351333,0.0005049948355413496,0.05000000000000071,0.0015969338869371037,0.05000000000000071,0.0015969338869371037,0.05000000000000071,0.0015969338869371037,31.36,31.36,31.31,31.36,31.31,31.36,,1.0,1.0,1,6,24,31.36,0.0,SAME,1.0
BNBL,2025-06-25,31.36,31.36,31.36,31.36,31.31,31.31,0.0,0.0,0.0,0.0,0.0,0.0,0.0,0.0,31.36,31.35,31.330000000000002,31.356878509515045,31.350430110636722,31.344410893593736,0.0,0.000714170545351333,0.0005049948355413496,0.0,0.0,0.05000000000000071,0.0015969338869371037,0.05000000000000071,0.0015969338869371037,31.36,31.36,31.31,31.36,31.31,31.36,,1.0,1.0,2,6,25,31.36,0.0,SAME,1.0
BNBL,2025-06-26,31.36,31.36,31.36,31.36,31.31,31.31,0.0,0.0,0.0,0.0,0.0,0.0,0.0,0.0,31.36,31.36,31.334999999999997,31.35843925475752,31.353620073757817,31.347245276576693,0.0,0.000714170545351333,0.0005049948355413496,0.0,0.0,0.05000000000000071,0.0015969338869371037,0.05000000000000071,0.0015969338869371037,31.36,31.36,31.36,31.36,31.31,31.36,,,1.0,3,6,26,31.36,0.0,SAME,1.0
BNBL,2025-06-27,31.36,31.36,31.36,31.36,31.36,31.31,0.0,0.0,0.0,0.0,0.0,0.0,0.0,0.0,31.36,31.36,31.339999999999996,31.35921962737876,31.355746715838546,31.34956431719911,0.0,0.0,0.0005049948355413496,0.0,0.0,0.0,0.0,0.05000000000000071,0.0015969338869371037,31.36,31.36,31.36,31.36,31.31,31.36,,,1.0,4,6,27,31.36,0.0,SAME,1.0
BNBL,2025-06-30,31.36,31.36,31.36,31.36,31.36,31.31,0.0,0.0,0.0,0.0,0.0,0.0,0.0,0.0,31.36,31.36,31.345,31.35960981368938,31.357164477225698,31.351461714072,0.0,0.0,0.0005049948355413496,0.0,0.0,0.0,0.0,0.05000000000000071,0.0015969338869371037,31.36,31.36,31.36,31.36,31.31,31.36,,,1.0,0,6,30,31.36,0.0,SAME,1.0
BNBL,2025-07-01,31.36,31.36,31.36,31.36,31.36,31.31,0.0,0.0,0.0,0.0,0.0,0.0,0.0,0.0,31.36,31.36,31.35,31.35980490684469,31.3581096514838,31.35301412969527,0.0,0.0,0.0005049948355413496,0.0,0.0,0.0,0.0,0.05000000000000071,0.0015969338869371037,31.36,31.36,31.36,31.36,31.31,31.36,,,1.0,1,7,1,31.36,0.0,SAME,1.0
BNBL,2025-07-02,31.36,31.36,31.36,31.36,31.36,31.31,0.0,0.0,0.0,0.0,0.0,0.0,0.0,0.0,31.36,31.36,31.354999999999997,31.359902453422343,31.35873976765587,31.354284287932494,0.0,0.0,0.0005049948355413496,0.0,0.0,0.0,0.0,0.05000000000000071,0.0015969338869371037,31.36,31.36,31.36,31.36,31.31,31.36,,,1.0,2,7,2,31.36,0.0,SAME,1.0
BNBL,2025-07-03,31.36,31.36,31.36,31.36,31.36,31.31,0.0,0.0,0.0,0.0,0.0,0.0,0.0,0.0,31.36,31.36,31.36,31.35995122671117,31.359159845103914,31.355323508308402,0.0,0.0,0.0005049948355413496,0.0,0.0,0.0,0.0,0.05000000000000071,0.0015969338869371037,31.36,31.36,31.36,31.36,31.36,31.36,,,,3,7,3,31.36,0.0,SAME,1.0
BNBL,2025-07-04,31.36,31.36,31.36,31.36,31.36,31.36,0.0,0.0,0.0,0.0,0.0,0.0,0.0,0.0,31.36,31.36,31.36,31.359975613355587,31.359439896735946,31.356173779525054,0.0,0.0,0.0,0.0,0.0,0.0,0.0,0.0,0.0,31.36,31.36,31.36,31.36,31.36,31.36,,,,4,7,4,31.36,0.0,SAME,1.0
BNBL,2025-07-07,31.36,31.36,31.36,31.36,31.36,31.36,0.0,0.0,0.0,0.0,0.0,0.0,0.0,0.0,31.36,31.36,31.36,31.359987806677793,31.359626597823965,31.356869455975044,0.0,0.0,0.0,0.0,0.0,0.0,0.0,0.0,0.0,31.36,31.36,31.36,31.36,31.36,31.36,,,,0,7,7,31.36,0.0,SAME,1.0
BNBL,2025-07-08,31.36,31.36,31.36,31.36,31.36,31.36,0.0,0.0,0.0,0.0,0.0,0.0,0.0,0.0,31.36,31.36,31.36,31.359993903338896,31.359751065215978,31.357438645797764,0.0,0.0,0.0,0.0,0.0,0.0,0.0,0.0,0.0,31.36,31.36,31.36,31.36,31.36,31.36,,,,1,7,8,31.36,0.0,SAME,1.0
BNBL,2025-07-09,31.36,31.36,31.36,31.36,31.36,31.36,0.0,0.0,0.0,0.0,0.0,0.0,0.0,0.0,31.36,31.36,31.36,31.359996951669448,31.35983404347732,31.357904346561806,0.0,0.0,0.0,0.0,0.0,0.0,0.0,0.0,0.0,31.36,31.36,31.36,31.36,31.36,31.36,,,,2,7,9,30.49,-0.870000000000001,DOWN,0.0
BNBL,2025-07-10,30.49,31.36,31.36,31.36,31.36,31.36,-0.870000000000001,-0.870000000000001,-0.870000000000001,-0.02774234693877553,-0.02774234693877553,-0.02774234693877553,-0.028134434482043707,-0.028134434482043707,31.070000000000004,31.186,31.273000000000003,30.924998475834723,31.069889362318214,31.20010355627784,0.016017051473054232,0.01240675472209697,0.008772900396512972,-0.870000000000001,-0.02774234693877554,-0.870000000000001,-0.02774234693877554,-0.870000000000001,-0.02774234693877554,30.49,31.36,30.49,31.36,30.49,31.36,0.0,0.0,0.0,3,7,10,30.49,0.0,SAME,1.0
BNBL,2025-07-11,30.49,30.49,31.36,31.36,31.36,31.36,0.0,-0.870000000000001,-0.870000000000001,0.0,-0.02774234693877553,-0.02774234693877553,0.0,-0.028134434482043707,30.78,31.012,31.186,30.70749923791736,30.876592908212146,31.070993818772774,0.016017051473054232,0.01240675472209697,0.008772900396512972,-0.870000000000001,-0.02774234693877554,-0.870000000000001,-0.02774234693877554,-0.870000000000001,-0.02774234693877554,30.49,31.36,30.49,31.36,30.49,31.36,0.0,0.0,0.0,4,7,11,30.49,0.0,SAME,1.0
BNBL,2025-07-14,30.49,30.49,30.49,31.36,31.36,31.36,0.0,0.0,-0.870000000000001,0.0,0.0,-0.02774234693877553,0.0,0.0,30.49,30.838,31.099,30.598749618958678,30.747728605474762,30.965358578995904,0.016017051473054232,0.01240675472209697,0.008772900396512972,-0.870000000000001,-0.02774234693877554,-0.870000000000001,-0.02774234693877554,-0.870000000000001,-0.02774234693877554,30.49,30.49,30.49,31.36,30.49,31.36,,0.0,0.0,0,7,14,30.49,0.0,SAME,1.0
BNBL,2025-07-15,30.49,30.49,30.49,30.49,31.36,31.36,0.0,0.0,0.0,0.0,0.0,0.0,0.0,0.0,30.49,30.663999999999998,31.011999999999993,30.544374809479336,30.66181907031651,30.878929746451192,0.0,0.01240675472209697,0.008772900396512972,0.0,0.0,-0.870000000000001,-0.02774234693877554,-0.870000000000001,-0.02774234693877554,30.49,30.49,30.49,31.36,30.49,31.36,,0.0,0.0,1,7,15,30.49,0.0,SAME,1.0
BNBL,2025-07-16,30.49,30.49,30.49,30.49,31.36,31.36,0.0,0.0,0.0,0.0,0.0,0.0,0.0,0.0,30.49,30.49,30.925,30.517187404739666,30.604546046877672,30.808215247096427,0.0,0.01240675472209697,0.008772900396512972,0.0,0.0,-0.870000000000001,-0.02774234693877554,-0.870000000000001,-0.02774234693877554,30.49,30.49,30.49,30.49,30.49,31.36,,,0.0,2,7,16,30.49,0.0,SAME,1.0
BNBL,2025-07-17,30.49,30.49,30.49,30.49,30.49,31.36,0.0,0.0,0.0,0.0,0.0,0.0,0.0,0.0,30.49,30.49,30.838,30.503593702369834,30.56636403125178,30.75035792944253,0.0,0.0,0.008772900396512972,0.0,0.0,0.0,0.0,-0.870000000000001,-0.02774234693877554,30.49,30.49,30.49,30.49,30.49,31.36,,,0.0,3,7,17,30.49,0.0,SAME,1.0
BNBL,2025-07-18,30.49,30.49,30.49,30.49,30.49,31.36,0.0,0.0,0.0,0.0,0.0,0.0,0.0,0.0,30.49,30.49,30.750999999999998,30.496796851184918,30.54090935416785,30.70302012408934,0.0,0.0,0.008772900396512972,0.0,0.0,0.0,0.0,-0.870000000000001,-0.02774234693877554,30.49,30.49,30.49,30.49,30.49,31.36,,,0.0,4,7,18,30.49,0.0,SAME,1.0
BNBL,2025-07-21,30.49,30.49,30.49,30.49,30.49,31.36,0.0,0.0,0.0,0.0,0.0,0.0,0.0,0.0,30.49,30.49,30.663999999999998,30.49339842559246,30.523939569445233,30.66428919243673,0.0,0.0,0.008772900396512972,0.0,0.0,0.0,0.0,-0.870000000000001,-0.02774234693877554,30.49,30.49,30.49,30.49,30.49,31.36,,,0.0,0,7,21,30.49,0.0,SAME,1.0
BNBL,2025-07-22,30.49,30.49,30.49,30.49,30.49,31.36,0.0,0.0,0.0,0.0,0.0,0.0,0.0,0.0,30.49,30.49,30.576999999999998,30.491699212796227,30.512626379630156,30.63260024835732,0.0,0.0,0.008772900396512972,0.0,0.0,0.0,0.0,-0.870000000000001,-0.02774234693877554,30.49,30.49,30.49,30.49,30.49,31.36,,,0.0,1,7,22,30.49,0.0,SAME,1.0
BNBL,2025-07-23,30.49,30.49,30.49,30.49,30.49,31.36,0.0,0.0,0.0,0.0,0.0,0.0,0.0,0.0,30.49,30.49,30.49,30.490849606398115,30.50508425308677,30.60667293047417,0.0,0.0,0.008772900396512972,0.0,0.0,0.0,0.0,-0.870000000000001,-0.02774234693877554,30.49,30.49,30.49,30.49,30.49,30.49,,,,2,7,23,30.49,0.0,SAME,1.0
BNBL,2025-07-24,30.49,30.49,30.49,30.49,30.49,30.49,0.0,0.0,0.0,0.0,0.0,0.0,0.0,0.0,30.49,30.49,30.49,30.490424803199055,30.500056168724512,30.585459670387955,0.0,0.0,0.0,0.0,0.0,0.0,0.0,0.0,0.0,30.49,30.49,30.49,30.49,30.49,30.49,,,,3,7,24,29.86,-0.629999999999999,DOWN,0.0
BNBL,2025-07-25,29.86,30.49,30.49,30.49,30.49,30.49,-0.629999999999999,-0.629999999999999,-0.629999999999999,-0.02066251229911442,-0.02066251229911442,-0.02066251229911442,-0.020878968889119044,-0.020878968889119044,30.28,30.363999999999997,30.427,30.175212401599527,30.28670411248301,30.453557912135597,0.011929507038027927,0.009240556417348948,0.006534060104644288,-0.629999999999999,-0.020662512299114432,-0.629999999999999,-0.020662512299114432,-0.629999999999999,-0.020662512299114432,29.86,30.49,29.86,30.49,29.86,30.49,0.0,0.0,0.0,4,7,25,29.86,0.0,SAME,1.0
BNBL,2025-07-29,29.86,29.86,30.49,30.49,30.49,30.49,0.0,-0.629999999999999,-0.629999999999999,0.0,-0.02066251229911442,-0.02066251229911442,0.0,-0.020878968889119044,30.070000000000004,30.238,30.363999999999997,30.01760620079976,30.14446940832201,30.345638291747306,0.011929507038027927,0.009240556417348948,0.006534060104644288,-0.629999999999999,-0.020662512299114432,-0.629999999999999,-0.020662512299114432,-0.629999999999999,-0.020662512299114432,29.86,30.49,29.86,30.49,29.86,30.49,0.0,0.0,0.0,1,7,29,29.86,0.0,SAME,1.0
BNBL,2025-07-30,29.86,29.86,29.86,30.49,30.49,30.49,0.0,0.0,-0.629999999999999,0.0,0.0,-0.02066251229911442,0.0,0.0,29.86,30.112000000000002,30.301,29.93880310039988,30.049646272214677,30.25734042052052,0.011929507038027927,0.009240556417348948,0.006534060104644288,-0.629999999999999,-0.020662512299114432,-0.629999999999999,-0.020662512299114432,-0.629999999999999,-0.020662512299114432,29.86,29.86,29.86,30.49,29.86,30.49,,0.0,0.0,2,7,30,29.86,0.0,SAME,1.0
BNBL,2025-07-31,29.86,29.86,29.86,29.86,30.49,30.49,0.0,0.0,0.0,0.0,0.0,0.0,0.0,0.0,29.86,29.986,30.238,29.89940155019994,29.98643084814312,30.185096707698605,0.0,0.009240556417348948,0.006534060104644288,0.0,0.0,-0.629999999999999,-0.020662512299114432,-0.629999999999999,-0.020662512299114432,29.86,29.86,29.86,30.49,29.86,30.49,,0.0,0.0,3,7,31,29.86,0.0,SAME,1.0
BNBL,2025-08-01,29.86,29.86,29.86,29.86,30.49,30.49,0.0,0.0,0.0,0.0,0.0,0.0,0.0,0.0,29.86,29.86,30.175,29.87970077509997,29.944287232095416,30.125988215389768,0.0,0.009240556417348948,0.006534060104644288,0.0,0.0,-0.629999999999999,-0.020662512299114432,-0.629999999999999,-0.020662512299114432,29.86,29.86,29.86,29.86,29.86,30.49,,,0.0,4,8,1,29.86,0.0,SAME,1.0
BNBL,2025-08-04,29.86,29.86,29.86,29.86,29.86,30.49,0.0,0.0,0.0,0.0,0.0,0.0,0.0,0.0,29.86,29.86,30.112000000000002,29.869850387549985,29.916191488063614,30.077626721682535,0.0,0.0,0.006534060104644288,0.0,0.0,0.0,0.0,-0.629999999999999,-0.020662512299114432,29.86,29.86,29.86,29.86,29.86,30.49,,,0.0,0,8,4,29.86,0.0,SAME,1.0
BNBL,2025-08-05,29.86,29.86,29.86,29.86,29.86,30.49,0.0,0.0,0.0,0.0,0.0,0.0,0.0,0.0,29.86,29.86,30.048999999999996,29.864925193774994,29.89746099204241,30.038058226831165,0.0,0.0,0.006534060104644288,0.0,0.0,0.0,0.0,-0.629999999999999,-0.020662512299114432,29.86,29.86,29.86,29.86,29.86,30.49,,,0.0,1,8,5,29.86,0.0,SAME,1.0
BNBL,2025-08-06,29.86,29.86,29.86,29.86,29.86,30.49,0.0,0.0,0.0,0.0,0.0,0.0,0.0,0.0,29.86,29.86,29.986,29.862462596887497,29.884973994694942,30.005684003770952,0.0,0.0,0.006534060104644288,0.0,0.0,0.0,0.0,-0.629999999999999,-0.020662512299114432,29.86,29.86,29.86,29.86,29.86,30.49,,,0.0,2,8,6,29.86,0.0,SAME,1.0
BNBL,2025-08-07,29.86,29.86,29.86,29.86,29.86,30.49,0.0,0.0,0.0,0.0,0.0,0.0,0.0,0.0,29.86,29.86,29.923000000000002,29.861231298443748,29.87664932979663,29.979196003085324,0.0,0.0,0.006534060104644288,0.0,0.0,0.0,0.0,-0.629999999999999,-0.020662512299114432,29.86,29.86,29.86,29.86,29.86,30.49,,,0.0,3,8,7,29.85,-0.00999999999999801,DOWN,0.0
BNBL,2025-08-08,29.85,29.86,29.86,29.86,29.86,30.49,-0.00999999999999801,-0.00999999999999801,-0.00999999999999801,-0.00033489618218340844,-0.00033489618218340844,-0.00033489618218340844,-0.00033495227243311883,-0.00033495227243311883,29.85666666666667,29.858000000000004,29.858999999999998,29.855615649221875,29.86776621986442,29.95570582070617,0.00019335240095208492,0.00014977012574630242,0.006523142167790304,-0.00999999999999801,-0.00033489618218345647,-0.00999999999999801,-0.00033489618218345647,-0.639999999999997,-0.020990488684814596,29.85,29.86,29.85,29.86,29.85,29.86,0.0,0.0,0.0,4,8,8,29.85,0.0,SAME,1.0
BNBL,2025-08-11,29.85,29.85,29.86,29.86,29.86,29.86,0.0,-0.00999999999999801,-0.00999999999999801,0.0,-0.00033489618218340844,-0.00033489618218340844,0.0,-0.00033495227243311883,29.853333333333335,29.856,29.857999999999997,29.852807824610938,29.86184414657628,29.93648658057778,0.00019335240095208492,0.00014977012574630242,0.00010590347153305143,-0.00999999999999801,-0.00033489618218345647,-0.00999999999999801,-0.00033489618218345647,-0.00999999999999801,-0.00033489618218345647,29.85,29.86,29.85,29.86,29.85,29.86,0.0,0.0,0.0,0,8,11,29.85,0.0,SAME,1.0
BNBL,2025-08-12,29.85,29.85,29.85,29.86,29.86,29.86,0.0,0.0,-0.00999999999999801,0.0,0.0,-0.00033489618218340844,0.0,0.0,29.85,29.854000000000003,29.857,29.85140391230547,29.85789609771752,29.920761747745452,0.00019335240095208492,0.00014977012574630242,0.00010590347153305143,-0.00999999999999801,-0.00033489618218345647,-0.00999999999999801,-0.00033489618218345647,-0.00999999999999801,-0.00033489618218345647,29.85,29.85,29.85,29.86,29.85,29.86,,0.0,0.0,1,8,12,29.85,0.0,SAME,1.0
BNBL,2025-08-13,29.85,29.85,29.85,29.85,29.86,29.86,0.0,0.0,0.0,0.0,0.0,0.0,0.0,0.0,29.85,29.852000000000004,29.856,29.850701956152736,29.855264065145015,29.907895975428097,0.0,0.00014977012574630242,0.00010590347153305143,0.0,0.0,-0.00999999999999801,-0.00033489618218345647,-0.00999999999999801,-0.00033489618218345647,29.85,29.85,29.85,29.86,29.85,29.86,,0.0,0.0,2,8,13,29.85,0.0,SAME,1.0
BNBL,2025-08-14,29.85,29.85,29.85,29.85,29.86,29.86,0.0,0.0,0.0,0.0,0.0,0.0,0.0,0.0,29.85,29.85,29.855,29.85035097807637,29.853509376763345,29.897369434441167,0.0,0.00014977012574630242,0.00010590347153305143,0.0,0.0,-0.00999999999999801,-0.00033489618218345647,-0.00999999999999801,-0.00033489618218345647,29.85,29.85,29.85,29.85,29.85,29.86,,,0.0,3,8,14,30.0,0.14999999999999858,UP,2.0
BNBL,2025-08-15,30.0,29.85,29.85,29.85,29.85,29.86,0.14999999999999858,0.14999999999999858,0.14999999999999858,0.005025125628140614,0.005025125628140614,0.005025125628140614,0.0050125418235441935,0.0050125418235441935,29.900000000000002,29.880000000000003,29.869,29.925175489038185,29.902339584508898,29.91602953727004,0.002901257634119894,0.0022473044999992723,0.0016043073204433135,0.14999999999999858,0.005025125628140656,0.14999999999999858,0.005025125628140656,0.14000000000000057,0.004688546550569343,29.85,30.0,29.85,30.0,29.85,30.0,1.0,1.0,1.0,4,8,15,30.0,0.0,SAME,1.0
BNBL,2025-08-18,30.0,30.0,29.85,29.85,29.85,29.86,0.0,0.14999999999999858,0.14999999999999858,0.0,0.005025125628140614,0.005025125628140614,0.0,0.0050125418235441935,29.950000000000003,29.910000000000004,29.883,29.96258774451909,29.934893056339266,29.931296894130035,0.002901257634119894,0.0022473044999992723,0.0016043073204433135,0.14999999999999858,0.005025125628140656,0.14999999999999858,0.005025125628140656,0.14000000000000057,0.004688546550569343,29.85,30.0,29.85,30.0,29.85,30.0,1.0,1.0,1.0,0,8,18,30.0,0.0,SAME,1.0
BNBL,2025-08-19,30.0,30.0,30.0,29.85,29.85,29.86,0.0,0.0,0.14999999999999858,0.0,0.0,0.005025125628140614,0.0,0.0,30.0,29.939999999999998,29.897000000000002,29.981293872259545,29.956595370892845,29.943788367924576,0.002901257634119894,0.0022473044999992723,0.0016043073204433135,0.14999999999999858,0.005025125628140656,0.14999999999999858,0.005025125628140656,0.14000000000000057,0.004688546550569343,30.0,30.0,29.85,30.0,29.85,30.0,,1.0,1.0,1,8,19,30.0,0.0,SAME,1.0
BNBL,2025-08-20,30.0,30.0,30.0,30.0,29.85,29.86,0.0,0.0,0.0,0.0,0.0,0.0,0.0,0.0,30.0,29.970000000000006,29.911,29.99064693612977,29.97106358059523,29.954008664665558,0.0,0.0022473044999992723,0.0016043073204433135,0.0,0.0,0.14999999999999858,0.005025125628140656,0.14000000000000057,0.004688546550569343,30.0,30.0,29.85,30.0,29.85,30.0,,1.0,1.0,2,8,20,30.0,0.0,SAME,1.0
BNBL,2025-08-21,30.0,30.0,30.0,30.0,29.85,29.86,0.0,0.0,0.0,0.0,0.0,0.0,0.0,0.0,30.0,30.0,29.925,29.995323468064885,29.980709053730155,29.962370725635452,0.0,0.0022473044999992723,0.0016043073204433135,0.0,0.0,0.14999999999999858,0.005025125628140656,0.14000000000000057,0.004688546550569343,30.0,30.0,30.0,30.0,29.85,30.0,,,1.0,3,8,21,30.0,0.0,SAME,1.0
BNBL,2025-08-22,30.0,30.0,30.0,30.0,30.0,29.85,0.0,0.0,0.0,0.0,0.0,0.0,0.0,0.0,30.0,30.0,29.940000000000005,29.99766173403244,29.98713936915344,29.969212411883554,0.0,0.0,0.0015890842513404402,0.0,0.0,0.0,0.0,0.14999999999999858,0.005025125628140656,30.0,30.0,30.0,30.0,29.85,30.0,,,1.0,4,8,22,30.0,0.0,SAME,1.0
BNBL,2025-08-25,30.0,30.0,30.0,30.0,30.0,29.85,0.0,0.0,0.0,0.0,0.0,0.0,0.0,0.0,30.0,30.0,29.955000000000002,29.99883086701622,29.991426246102296,29.97481015517745,0.0,0.0,0.0015890842513404402,0.0,0.0,0.0,0.0,0.14999999999999858,0.005025125628140656,30.0,30.0,30.0,30.0,29.85,30.0,,,1.0,0,8,25,30.0,0.0,SAME,1.0
BNBL,2025-08-26,30.0,30.0,30.0,30.0,30.0,29.85,0.0,0.0,0.0,0.0,0.0,0.0,0.0,0.0,30.0,30.0,29.97,29.999415433508112,29.9942841640682,29.979390126963366,0.0,0.0,0.0015890842513404402,0.0,0.0,0.0,0.0,0.14999999999999858,0.005025125628140656,30.0,30.0,30.0,30.0,29.85,30.0,,,1.0,1,8,26,30.0,0.0,SAME,1.0
BNBL,2025-08-27,30.0,30.0,30.0,30.0,30.0,29.85,0.0,0.0,0.0,0.0,0.0,0.0,0.0,0.0,30.0,30.0,29.985000000000003,29.999707716754056,29.996189442712136,29.983137376606386,0.0,0.0,0.0015890842513404402,0.0,0.0,0.0,0.0,0.14999999999999858,0.005025125628140656,30.0,30.0,30.0,30.0,29.85,30.0,,,1.0,2,8,27,30.0,0.0,SAME,1.0
BNBL,2025-08-28,30.0,30.0,30.0,30.0,30.0,29.85,0.0,0.0,0.0,0.0,0.0,0.0,0.0,0.0,30.0,30.0,30.0,29.99985385837703,29.99745962847476,29.986203308132495,0.0,0.0,0.0015890842513404402,0.0,0.0,0.0,0.0,0.14999999999999858,0.005025125628140656,30.0,30.0,30.0,30.0,30.0,30.0,,,,3,8,28,30.1,0.10000000000000142,UP,2.0
BNBL,2025-08-29,30.1,30.0,30.0,30.0,30.0,30.0,0.10000000000000142,0.10000000000000142,0.10000000000000142,0.0033333333333334103,0.0033333333333334103,0.0033333333333334103,0.0033277900926747457,0.0033277900926747457,30.03333333333333,30.02,30.01,30.049926929188516,30.031639752316508,30.006893615744765,0.0019245008973006272,0.001490711984999176,0.001054092553388843,0.10000000000000142,0.003333333333333381,0.10000000000000142,0.003333333333333381,0.10000000000000142,0.003333333333333381,30.0,30.1,30.0,30.1,30.0,30.1,1.0,1.0,1.0,4,8,29,30.1,0.0,SAME,1.0
BNBL,2025-09-01,30.1,30.1,30.0,30.0,30.0,30.0,0.0,0.10000000000000142,0.10000000000000142,0.0,0.0033333333333334103,0.0033333333333334103,0.0,0.0033277900926747457,30.066666666666666,30.04,30.02,30.07496346459426,30.05442650154434,30.023822049245716,0.0019245008973006272,0.001490711984999176,0.001054092553388843,0.10000000000000142,0.003333333333333381,0.10000000000000142,0.003333333333333381,0.10000000000000142,0.003333333333333381,30.0,30.1,30.0,30.1,30.0,30.1,1.0,1.0,1.0,0,9,1,30.1,0.0,SAME,1.0
BNBL,2025-09-02,30.1,30.1,30.1,30.0,30.0,30.0,0.0,0.0,0.10000000000000142,0.0,0.0,0.0033333333333334103,0.0,0.0,30.1,30.060000000000002,30.03,30.087481732297128,30.069617667696228,30.037672585746492,0.0019245008973006272,0.001490711984999176,0.001054092553388843,0.10000000000000142,0.003333333333333381,0.10000000000000142,0.003333333333333381,0.10000000000000142,0.003333333333333381,30.1,30.1,30.0,30.1,30.0,30.1,,1.0,1.0,1,9,2,30.1,0.0,SAME,1.0
BNBL,2025-09-03,30.1,30.1,30.1,30.1,30.0,30.0,0.0,0.0,0.0,0.0,0.0,0.0,0.0,0.0,30.1,30.080000000000002,30.04,30.093740866148565,30.079745111797486,30.04900484288349,0.0,0.001490711984999176,0.001054092553388843,0.0,0.0,0.10000000000000142,0.003333333333333381,0.10000000000000142,0.003333333333333381,30.1,30.1,30.0,30.1,30.0,30.1,,1.0,1.0,2,9,3,30.49,0.389999999999997,UP,2.0
BNBL,2025-09-04,30.49,30.1,30.1,30.1,30.0,30.0,0.389999999999997,0.389999999999997,0.389999999999997,0.01295681063122922,0.01295681063122922,0.01295681063122922,0.012873589245333354,0.012873589245333354,30.23,30.178000000000004,30.089,30.29187043307428,30.216496741198327,30.129185780541036,0.007480618105779687,0.005610621506736182,0.004115730984163301,0.389999999999997,0.012956810631229136,0.48999999999999844,0.01633333333333328,0.48999999999999844,0.01633333333333328,30.1,30.49,30.1,30.49,30.0,30.49,1.0,1.0,1.0,3,9,4,30.5,0.010000000000001563,UP,2.0
BNBL,2025-09-05,30.5,30.49,30.1,30.1,30.1,30.0,0.010000000000001563,0.3999999999999986,0.3999999999999986,0.0003279763857002571,0.013289036544850363,0.013289036544850363,0.00032792261320255364,0.01320151185853576,30.363333333333333,30.258000000000003,30.139,30.39593521653714,30.310997827465556,30.196606547715394,0.00738775974889322,0.005759544188259766,0.004102593068300812,0.3999999999999986,0.01328903654485045,0.3999999999999986,0.01328903654485045,0.5,0.016666666666666666,30.1,30.5,30.1,30.5,30.0,30.5,1.0,1.0,1.0,4,9,5,30.5,0.0,SAME,1.0
BNBL,2025-09-08,30.5,30.5,30.49,30.1,30.1,30.0,0.0,0.010000000000001563,0.3999999999999986,0.0,0.0003279763857002571,0.013289036544850363,0.0,0.00032792261320255364,30.496666666666666,30.338,30.189,30.44796760826857,30.37399855164371,30.251768993585323,0.00738775974889322,0.005759544188259766,0.004102593068300812,0.3999999999999986,0.01328903654485045,0.3999999999999986,0.01328903654485045,0.5,0.016666666666666666,30.49,30.5,30.1,30.5,30.0,30.5,1.0,1.0,1.0,0,9,8,30.5,0.0,SAME,1.0
BNBL,2025-09-09,30.5,30.5,30.5,30.49,30.1,30.0,0.0,0.0,0.010000000000001563,0.0,0.0,0.0003279763857002571,0.0,0.0,30.5,30.418,30.238999999999997,30.473983804134285,30.41599903442914,30.296901903842535,0.00018935725459028724,0.005759544188259766,0.004102593068300812,0.010000000000001563,0.00032797638570028086,0.3999999999999986,0.01328903654485045,0.5,0.016666666666666666,30.5,30.5,30.1,30.5,30.0,30.5,,1.0,1.0,1,9,9,30.5,0.0,SAME,1.0
BNBL,2025-09-10,30.5,30.5,30.5,30.5,30.1,30.0,0.0,0.0,0.0,0.0,0.0,0.0,0.0,0.0,30.5,30.498,30.288999999999998,30.486991902067142,30.4439993562861,30.333828830416618,0.0,0.005759544188259766,0.004102593068300812,0.0,0.0,0.3999999999999986,0.01328903654485045,0.5,0.016666666666666666,30.5,30.5,30.49,30.5,30.0,30.5,,1.0,1.0,2,9,10,30.5,0.0,SAME,1.0
BNBL,2025-09-11,30.5,30.5,30.5,30.5,30.49,30.0,0.0,0.0,0.0,0.0,0.0,0.0,0.0,0.0,30.5,30.5,30.339,30.493495951033573,30.46266623752407,30.36404177034087,0.0,0.00014667549868079246,0.004102593068300812,0.0,0.0,0.010000000000001563,0.00032797638570028086,0.5,0.016666666666666666,30.5,30.5,30.5,30.5,30.1,30.5,,,1.0,3,9,11,30.5,0.0,SAME,1.0
BNBL,2025-09-12,30.5,30.5,30.5,30.5,30.5,30.1,0.0,0.0,0.0,0.0,0.0,0.0,0.0,0.0,30.5,30.5,30.378999999999998,30.496747975516787,30.475110825016046,30.38876144846071,0.0,0.0,0.004087079283609392,0.0,0.0,0.0,0.0,0.3999999999999986,0.01328903654485045,30.5,30.5,30.5,30.5,30.1,30.5,,,1.0,4,9,12,30.5,0.0,SAME,1.0
BNBL,2025-09-15,30.5,30.5,30.5,30.5,30.5,30.1,0.0,0.0,0.0,0.0,0.0,0.0,0.0,0.0,30.5,30.5,30.419,30.49837398775839,30.483407216677364,30.40898663964967,0.0,0.0,0.004087079283609392,0.0,0.0,0.0,0.0,0.3999999999999986,0.01328903654485045,30.5,30.5,30.5,30.5,30.1,30.5,,,1.0,0,9,15,30.5,0.0,SAME,1.0
BNBL,2025-09-16,30.5,30.5,30.5,30.5,30.5,30.1,0.0,0.0,0.0,0.0,0.0,0.0,0.0,0.0,30.5,30.5,30.458999999999996,30.499186993879196,30.48893814445158,30.42553452334973,0.0,0.0,0.004087079283609392,0.0,0.0,0.0,0.0,0.3999999999999986,0.01328903654485045,30.5,30.5,30.5,30.5,30.1,30.5,,,1.0,1,9,16,30.5,0.0,SAME,1.0
BNBL,2025-09-17,30.5,30.5,30.5,30.5,30.5,30.1,0.0,0.0,0.0,0.0,0.0,0.0,0.0,0.0,30.5,30.5,30.499000000000002,30.499593496939596,30.492625429634387,30.439073700922506,0.0,0.0,0.004087079283609392,0.0,0.0,0.0,0.0,0.3999999999999986,0.01328903654485045,30.5,30.5,30.5,30.5,30.49,30.5,,,1.0,2,9,17,30.5,0.0,SAME,1.0
BNBL,2025-09-18,30.5,30.5,30.5,30.5,30.5,30.49,0.0,0.0,0.0,0.0,0.0,0.0,0.0,0.0,30.5,30.5,30.5,30.499796748469798,30.495083619756258,30.450151209845686,0.0,0.0,0.00010371523974975367,0.0,0.0,0.0,0.0,0.010000000000001563,0.00032797638570028086,30.5,30.5,30.5,30.5,30.5,30.5,,,,3,9,18,30.5,0.0,SAME,1.0
BNBL,2025-09-19,30.5,30.5,30.5,30.5,30.5,30.5,0.0,0.0,0.0,0.0,0.0,0.0,0.0,0.0,30.5,30.5,30.5,30.4998983742349,30.496722413170843,30.45921462623738,0.0,0.0,0.0,0.0,0.0,0.0,0.0,0.0,0.0,30.5,30.5,30.5,30.5,30.5,30.5,,,,4,9,19,30.5,0.0,SAME,1.0
BNBL,2025-09-22,30.5,30.5,30.5,30.5,30.5,30.5,0.0,0.0,0.0,0.0,0.0,0.0,0.0,0.0,30.5,30.5,30.5,30.49994918711745,30.497814942113898,30.466630148739675,0.0,0.0,0.0,0.0,0.0,0.0,0.0,0.0,0.0,30.5,30.5,30.5,30.5,30.5,30.5,,,,0,9,22,30.5,0.0,SAME,1.0
BNBL,2025-09-24,30.5,30.5,30.5,30.5,30.5,30.5,0.0,0.0,0.0,0.0,0.0,0.0,0.0,0.0,30.5,30.5,30.5,30.499974593558726,30.498543294742603,30.47269739442337,0.0,0.0,0.0,0.0,0.0,0.0,0.0,0.0,0.0,30.5,30.5,30.5,30.5,30.5,30.5,,,,2,9,24,31.02,0.5199999999999996,UP,2.0
BNBL,2025-09-25,31.02,30.5,30.5,30.5,30.5,30.5,0.5199999999999996,0.5199999999999996,0.5199999999999996,0.01704918032786873,0.01704918032786873,0.01704918032786873,0.016905474135026702,0.016905474135026702,30.673333333333336,30.604000000000003,30.552000000000003,30.759987296779364,30.672362196495072,30.572206959073664,0.009843348851757862,0.007624625234753186,0.005391424207500023,0.5199999999999996,0.017049180327868837,0.5199999999999996,0.017049180327868837,0.5199999999999996,0.017049180327868837,30.5,31.02,30.5,31.02,30.5,31.02,1.0,1.0,1.0,3,9,25,31.23,0.21000000000000085,UP,2.0
BNBL,2025-09-26,31.23,31.02,30.5,30.5,30.5,30.5,0.21000000000000085,0.7300000000000004,0.7300000000000004,0.0067698259187620735,0.023934426229508254,0.023934426229508254,0.006747013546594428,0.023652487681621325,30.916666666666668,30.75,30.625,30.99499364838968,30.85824146433005,30.691805693787543,0.008584581332157821,0.007467196279513363,0.005575448033464942,0.7300000000000004,0.02393442622950821,0.7300000000000004,0.02393442622950821,0.7300000000000004,0.02393442622950821,30.5,31.23,30.5,31.23,30.5,31.23,1.0,1.0,1.0,4,9,26,31.23,0.0,SAME,1.0
BNBL,2025-09-29,31.23,31.23,31.02,30.5,30.5,30.5,0.0,0.21000000000000085,0.7300000000000004,0.0,0.0067698259187620735,0.023934426229508254,0.0,0.006747013546594428,31.16,30.896000000000004,30.698,31.112496824194842,30.982160976220037,30.78965920400799,0.008584581332157821,0.007467196279513363,0.005575448033464942,0.7300000000000004,0.02393442622950821,0.7300000000000004,0.02393442622950821,0.7300000000000004,0.02393442622950821,31.02,31.23,30.5,31.23,30.5,31.23,1.0,1.0,1.0,0,9,29,31.4,0.16999999999999815,UP,2.0
BNBL,2025-09-30,31.4,31.23,31.23,31.02,30.5,30.5,0.16999999999999815,0.16999999999999815,0.379999999999999,0.005443483829650875,0.005443483829650875,0.012250161186331265,0.005428721619220375,0.005428721619220375,31.286666666666672,31.076,30.788,31.25624841209742,31.12144065081336,30.900630257824716,0.003587507085043068,0.006979934525718957,0.005582783818527761,0.379999999999999,0.012250161186331368,0.8999999999999986,0.029508196721311428,0.8999999999999986,0.029508196721311428,31.23,31.4,30.5,31.4,30.5,31.4,1.0,1.0,1.0,1,9,30,31.4,0.0,SAME,1.0
BNBL,2025-10-01,31.4,31.4,31.23,31.23,30.5,30.5,0.0,0.16999999999999815,0.16999999999999815,0.0,0.005443483829650875,0.005443483829650875,0.0,0.005428721619220375,31.343333333333334,31.256,30.878000000000004,31.32812420604871,31.214293767208908,30.99142475640204,0.003142796854379446,0.006979934525718957,0.005582783818527761,0.16999999999999815,0.005443483829650917,0.8999999999999986,0.029508196721311428,0.8999999999999986,0.029508196721311428,31.23,31.4,31.02,31.4,30.5,31.4,1.0,1.0,1.0,2,10,1,31.4,0.0,SAME,1.0
BNBL,2025-10-06,31.4,31.4,31.4,31.23,31.02,30.5,0.0,0.0,0.16999999999999815,0.0,0.0,0.005443483829650875,0.0,0.0,31.4,31.332,30.968,31.364062103024352,31.27619584480594,31.06571116432894,0.003142796854379446,0.0033774647360064695,0.005582783818527761,0.16999999999999815,0.005443483829650917,0.379999999999999,0.012250161186331368,0.8999999999999986,0.029508196721311428,31.4,31.4,31.23,31.4,30.5,31.4,,1.0,1.0,0,10,6,31.4,0.0,SAME,1.0
BNBL,2025-10-07,31.4,31.4,31.4,31.4,31.23,30.5,0.0,0.0,0.0,0.0,0.0,0.0,0.0,0.0,31.4,31.365999999999996,31.058,31.382031051512175,31.317463896537294,31.126490952632764,0.0,0.002434399975503609,0.005582783818527761,0.0,0.0,0.16999999999999815,0.005443483829650917,0.8999999999999986,0.029508196721311428,31.4,31.4,31.23,31.4,30.5,31.4,,1.0,1.0,1,10,7,31.4,0.0,SAME,1.0
BNBL,2025-10-08,31.4,31.4,31.4,31.4,31.23,30.5,0.0,0.0,0.0,0.0,0.0,0.0,0.0,0.0,31.4,31.4,31.148000000000003,31.39101552575609,31.344975931024862,31.1762198703359,0.0,0.002434399975503609,0.005582783818527761,0.0,0.0,0.16999999999999815,0.005443483829650917,0.8999999999999986,0.029508196721311428,31.4,31.4,31.4,31.4,30.5,31.4,,,1.0,2,10,8,31.4,0.0,SAME,1.0
BNBL,2025-10-09,31.4,31.4,31.4,31.4,31.4,30.5,0.0,0.0,0.0,0.0,0.0,0.0,0.0,0.0,31.4,31.4,31.238,31.395507762878044,31.363317287349908,31.216907166638464,0.0,0.0,0.005582783818527761,0.0,0.0,0.0,0.0,0.8999999999999986,0.029508196721311428,31.4,31.4,31.4,31.4,30.5,31.4,,,1.0,3,10,9,31.49,0.08999999999999986,UP,2.0
BNBL,2025-10-10,31.49,31.4,31.4,31.4,31.4,30.5,0.08999999999999986,0.08999999999999986,0.08999999999999986,0.0028662420382166154,0.0028662420382166154,0.0028662420382166154,0.0028621421987256503,0.0028621421987256503,31.429999999999996,31.418,31.337,31.44275388143902,31.405544858233274,31.266560409067832,0.0016548256123291233,0.0012818224074831472,0.00548863886910759,0.08999999999999986,0.002866242038216556,0.08999999999999986,0.002866242038216556,0.9899999999999984,0.03245901639344257,31.4,31.49,31.4,31.49,31.02,31.49,1.0,1.0,1.0,4,10,10,31.49,0.0,SAME,1.0
BNBL,2025-10-13,31.49,31.49,31.4,31.4,31.4,31.02,0.0,0.08999999999999986,0.08999999999999986,0.0,0.0028662420382166154,0.0028662420382166154,0.0,0.0028621421987256503,31.459999999999997,31.436,31.383999999999997,31.46637694071951,31.43369657215552,31.307185789237316,0.0016548256123291233,0.0012818224074831472,0.002602095616722049,0.08999999999999986,0.002866242038216556,0.08999999999999986,0.002866242038216556,0.46999999999999886,0.015151515151515116,31.4,31.49,31.4,31.49,31.23,31.49,1.0,1.0,1.0,0,10,13,30.73,-0.759999999999998,DOWN,0.0
BNBL,2025-10-14,30.73,31.49,31.49,31.4,31.4,31.23,-0.759999999999998,-0.759999999999998,-0.6699999999999982,-0.024134645919339448,-0.024134645919339448,-0.021337579617834335,-0.024430658970539965,-0.024430658970539965,31.236666666666665,31.302,31.334000000000003,31.098188470359755,31.19913104810368,31.202242918466894,0.01483096101387265,0.011182882861134329,0.008132822277752997,-0.6699999999999982,-0.021337579617834338,-0.6699999999999982,-0.021337579617834338,-0.5,-0.01601024655779699,30.73,31.49,30.73,31.49,30.73,31.49,0.0,0.0,0.0,1,10,14,30.73,0.0,SAME,1.0
BNBL,2025-10-15,30.73,30.73,31.49,31.49,31.4,31.23,0.0,-0.759999999999998,-0.759999999999998,0.0,-0.024134645919339448,-0.024134645919339448,0.0,-0.024430658970539965,30.983333333333334,31.168,31.284,30.914094235179878,31.042754032069123,31.11638056965473,0.01393414431832716,0.011182882861134329,0.008132822277752997,-0.759999999999998,-0.02413464591933941,-0.6699999999999982,-0.021337579617834338,-0.5,-0.01601024655779699,30.73,31.49,30.73,31.49,30.73,31.49,0.0,0.0,0.0,2,10,15,31.95,1.2199999999999989,UP,2.0
BNBL,2025-10-16,31.95,30.73,30.73,31.49,31.4,31.4,1.2199999999999989,1.2199999999999989,0.46000000000000085,0.0397006182883175,0.0397006182883175,0.014607812003810672,0.03893280468115042,0.03893280468115042,31.13666666666667,31.278,31.339,31.43204711758994,31.34516935471275,31.267947738808413,0.03223238842786344,0.022906801740736588,0.015394302397506708,0.46000000000000085,0.014607812003810762,0.5500000000000007,0.017515923566879005,0.5500000000000007,0.017515923566879005,30.73,31.95,30.73,31.95,30.73,31.95,1.0,1.0,1.0,3,10,16,31.95,0.0,SAME,1.0
BNBL,2025-10-17,31.95,31.95,30.73,30.73,31.49,31.4,0.0,1.2199999999999989,1.2199999999999989,0.0,0.0397006182883175,0.0397006182883175,0.0,0.03893280468115042,31.543333333333333,31.369999999999997,31.394,31.691023558794967,31.5467795698085,31.391957240843244,0.022921162655754862,0.022968240719350993,0.015394302397506708,1.2199999999999989,0.039700618288317564,0.46000000000000085,0.014607812003810762,0.5500000000000007,0.017515923566879005,30.73,31.95,30.73,31.95,30.73,31.95,1.0,1.0,1.0,4,10,17,31.95,0.0,SAME,1.0
BNBL,2025-10-20,31.95,31.95,31.95,30.73,31.49,31.4,0.0,0.0,1.2199999999999989,0.0,0.0,0.0397006182883175,0.0,0.0,31.95,31.462,31.449,31.820511779397485,31.681186379872333,31.493419560689926,0.022921162655754862,0.022968240719350993,0.015394302397506708,1.2199999999999989,0.039700618288317564,0.46000000000000085,0.014607812003810762,0.5500000000000007,0.017515923566879005,31.95,31.95,30.73,31.95,30.73,31.95,,1.0,1.0,0,10,20,31.95,0.0,SAME,1.0
BNBL,2025-10-21,31.95,31.95,31.95,31.95,30.73,31.4,0.0,0.0,0.0,0.0,0.0,0.0,0.0,0.0,31.95,31.706,31.504,31.88525588969874,31.77079091991489,31.57643418601903,0.0,0.0177546562482898,0.015394302397506708,0.0,0.0,1.2199999999999989,0.039700618288317564,0.5500000000000007,0.017515923566879005,31.95,31.95,30.73,31.95,30.73,31.95,,1.0,1.0,1,10,21,31.95,0.0,SAME,1.0
BNBL,2025-10-22,31.95,31.95,31.95,31.95,30.73,31.4,0.0,0.0,0.0,0.0,0.0,0.0,0.0,0.0,31.95,31.95,31.558999999999997,31.91762794484937,31.83052727994326,31.644355243106475,0.0,0.0177546562482898,0.015394302397506708,0.0,0.0,1.2199999999999989,0.039700618288317564,0.5500000000000007,0.017515923566879005,31.95,31.95,31.95,31.95,30.73,31.95,,,1.0,2,10,22,31.95,0.0,SAME,1.0
BNBL,2025-10-23,31.95,31.95,31.95,31.95,31.95,31.4,0.0,0.0,0.0,0.0,0.0,0.0,0.0,0.0,31.95,31.95,31.613999999999997,31.933813972424687,31.870351519962174,31.699927017087113,0.0,0.0,0.015394302397506708,0.0,0.0,0.0,0.0,0.5500000000000007,0.017515923566879005,31.95,31.95,31.95,31.95,30.73,31.95,,,1.0,3,10,23,31.95,0.0,SAME,1.0
BNBL,2025-10-24,31.95,31.95,31.95,31.95,31.95,31.49,0.0,0.0,0.0,0.0,0.0,0.0,0.0,0.0,31.95,31.95,31.660000000000004,31.941906986212345,31.896901013308117,31.74539483216218,0.0,0.0,0.015399820621420627,0.0,0.0,0.0,0.0,0.46000000000000085,0.014607812003810762,31.95,31.95,31.95,31.95,30.73,31.95,,,1.0,4,10,24,31.95,0.0,SAME,1.0
BNBL,2025-10-27,31.95,31.95,31.95,31.95,31.95,31.49,0.0,0.0,0.0,0.0,0.0,0.0,0.0,0.0,31.95,31.95,31.706,31.945953493106174,31.914600675538747,31.782595771769053,0.0,0.0,0.015399820621420627,0.0,0.0,0.0,0.0,0.46000000000000085,0.014607812003810762,31.95,31.95,31.95,31.95,30.73,31.95,,,1.0,0,10,27,31.95,0.0,SAME,1.0
BNBL,2025-10-28,31.95,31.95,31.95,31.95,31.95,30.73,0.0,0.0,0.0,0.0,0.0,0.0,0.0,0.0,31.95,31.95,31.828000000000003,31.94797674655309,31.926400450359164,31.813032904174676,0.0,0.0,0.012554437830801813,0.0,0.0,0.0,0.0,1.2199999999999989,0.039700618288317564,31.95,31.95,31.95,31.95,30.73,31.95,,,1.0,1,10,28,31.45,-0.5,DOWN,0.0
BNBL,2025-10-29,31.45,31.95,31.95,31.95,31.95,30.73,-0.5,-0.5,-0.5,-0.015649452269170583,-0.015649452269170583,-0.015649452269170583,-0.015773197677094283,-0.015773197677094283,31.78333333333333,31.85,31.9,31.698988373276542,31.767600300239444,31.74702692159746,0.00903521548027619,0.006998647816900605,0.013996819440746253,-0.5,-0.01564945226917058,-0.5,-0.01564945226917058,0.7199999999999989,0.023429873088187402,31.45,31.95,31.45,31.95,31.45,31.95,0.0,0.0,0.0,2,10,29,31.45,0.0,SAME,1.0
BNBL,2025-10-30,31.45,31.45,31.95,31.95,31.95,31.95,0.0,-0.5,-0.5,0.0,-0.015649452269170583,-0.015649452269170583,0.0,-0.015773197677094283,31.616666666666664,31.75,31.85,31.57449418663827,31.661733533492963,31.693022026761557,0.00903521548027619,0.006998647816900605,0.004948791330466822,-0.5,-0.01564945226917058,-0.5,-0.01564945226917058,-0.5,-0.01564945226917058,31.45,31.95,31.45,31.95,31.45,31.95,0.0,0.0,0.0,3,10,30,31.45,0.0,SAME,1.0
BNBL,2025-10-31,31.45,31.45,31.45,31.95,31.95,31.95,0.0,0.0,-0.5,0.0,0.0,-0.015649452269170583,0.0,0.0,31.45,31.65,31.799999999999994,31.512247093319132,31.591155688995308,31.648836203714,0.00903521548027619,0.006998647816900605,0.004948791330466822,-0.5,-0.01564945226917058,-0.5,-0.01564945226917058,-0.5,-0.01564945226917058,31.45,31.45,31.45,31.95,31.45,31.95,,0.0,0.0,4,10,31,31.45,0.0,SAME,1.0
BNBL,2025-11-03,31.45,31.45,31.45,31.45,31.95,31.95,0.0,0.0,0.0,0.0,0.0,0.0,0.0,0.0,31.45,31.55,31.75,31.481123546659568,31.54410379266354,31.61268416667509,0.0,0.006998647816900605,0.004948791330466822,0.0,0.0,-0.5,-0.01564945226917058,-0.5,-0.01564945226917058,31.45,31.45,31.45,31.95,31.45,31.95,,0.0,0.0,0,11,3,31.01,-0.4399999999999977,DOWN,0.0
BNBL,2025-11-04,31.01,31.45,31.45,31.45,31.95,31.95,-0.4399999999999977,-0.4399999999999977,-0.4399999999999977,-0.013990461049284475,-0.013990461049284475,-0.013990461049284475,-0.01408925003409185,-0.01408925003409185,31.30333333333333,31.362000000000002,31.656,31.245561773329783,31.36606919510903,31.50310522727962,0.008077396452891765,0.008138388421417968,0.006260865315984065,-0.4399999999999977,-0.013990461049284506,-0.9399999999999977,-0.029420970266040618,-0.9399999999999977,-0.029420970266040618,31.01,31.45,31.01,31.45,31.01,31.95,0.0,0.0,0.0,1,11,4,31.01,0.0,SAME,1.0
BNBL,2025-11-05,31.01,31.01,31.45,31.45,31.45,31.95,0.0,-0.4399999999999977,-0.4399999999999977,0.0,-0.013990461049284475,-0.013990461049284475,0.0,-0.01408925003409185,31.156666666666666,31.274,31.562,31.127780886664894,31.247379463406023,31.413449731410594,0.008077396452891765,0.00625672438855246,0.006260865315984065,-0.4399999999999977,-0.013990461049284506,-0.4399999999999977,-0.013990461049284506,-0.9399999999999977,-0.029420970266040618,31.01,31.45,31.01,31.45,31.01,31.95,0.0,0.0,0.0,2,11,5,30.91,-0.10000000000000142,DOWN,0.0
BNBL,2025-11-06,30.91,31.01,31.01,31.45,31.45,31.95,-0.10000000000000142,-0.10000000000000142,-0.5399999999999991,-0.0032247662044502245,-0.0032247662044502245,-0.01717011128775836,-0.0032299769683326813,-0.0032299769683326813,30.97666666666667,31.166000000000004,31.458000000000006,31.018890443332445,31.13491964227068,31.321913416608666,0.007326121108028895,0.006059276102913535,0.006173678515868086,-0.5399999999999991,-0.01717011128775832,-0.5399999999999991,-0.01717011128775832,-1.0399999999999991,-0.03255086071987478,30.91,31.01,30.91,31.45,30.91,31.95,0.0,0.0,0.0,3,11,6,30.91,0.0,SAME,1.0
BNBL,2025-11-07,30.91,30.91,31.01,31.01,31.45,31.95,0.0,-0.10000000000000142,-0.10000000000000142,0.0,-0.0032247662044502245,-0.0032247662044502245,0.0,-0.0032299769683326813,30.94333333333333,31.058,31.353999999999996,30.964445221666224,31.059946428180453,31.24702006813436,0.0018618196362147536,0.006059276102913535,0.006173678515868086,-0.10000000000000142,-0.003224766204450223,-0.5399999999999991,-0.01717011128775832,-1.0399999999999991,-0.03255086071987478,30.91,31.01,30.91,31.45,30.91,31.95,0.0,0.0,0.0,4,11,7,30.91,0.0,SAME,1.0
BNBL,2025-11-10,30.91,30.91,30.91,31.01,31.45,31.95,0.0,0.0,-0.10000000000000142,0.0,0.0,-0.0032247662044502245,0.0,0.0,30.91,30.95,31.25,30.93722261083311,31.009964285453634,31.18574369210993,0.0018618196362147536,0.006059276102913535,0.006173678515868086,-0.10000000000000142,-0.003224766204450223,-0.5399999999999991,-0.01717011128775832,-1.0399999999999991,-0.03255086071987478,30.91,30.91,30.91,31.01,30.91,31.95,,0.0,0.0,0,11,10,30.81,-0.10000000000000142,DOWN,0.0
BNBL,2025-11-17,30.81,30.91,30.91,30.91,31.01,31.95,-0.10000000000000142,-0.10000000000000142,-0.10000000000000142,-0.003235198964736341,-0.003235198964736341,-0.003235198964736341,-0.0032404435354483974,-0.0032404435354483974,30.87666666666667,30.910000000000004,31.136000000000003,30.873611305416553,30.943309523635758,31.11742665718085,0.0018678429931743277,0.0017691381671146023,0.006066152573722579,-0.10000000000000142,-0.003235198964736377,-0.20000000000000284,-0.006449532408900446,-1.1400000000000006,-0.03568075117370894,30.81,30.91,30.81,31.01,30.81,31.45,0.0,0.0,0.0,0,11,17,30.81,0.0,SAME,1.0
BNBL,2025-11-18,30.81,30.81,30.91,30.91,31.01,31.45,0.0,-0.10000000000000142,-0.10000000000000142,0.0,-0.003235198964736341,-0.003235198964736341,0.0,-0.0032404435354483974,30.843333333333334,30.869999999999997,31.072000000000003,30.841805652708274,30.898873015757175,31.061530901329785,0.0018678429931743277,0.0017691381671146023,0.004406770504760165,-0.10000000000000142,-0.003235198964736377,-0.20000000000000284,-0.006449532408900446,-0.6400000000000006,-0.02034976152623213,30.81,30.91,30.81,30.91,30.81,31.45,0.0,0.0,0.0,1,11,18,30.81,0.0,SAME,1.0
BNBL,2025-11-19,30.81,30.81,30.81,30.91,30.91,31.45,0.0,0.0,-0.10000000000000142,0.0,0.0,-0.003235198964736341,0.0,0.0,30.81,30.85,31.008000000000003,30.825902826354138,30.869248677171452,31.015798010178912,0.0018678429931743277,0.0014468249611767703,0.004406770504760165,-0.10000000000000142,-0.003235198964736377,-0.10000000000000142,-0.003235198964736377,-0.6400000000000006,-0.02034976152623213,30.81,30.81,30.81,30.91,30.81,31.45,,0.0,0.0,2,11,19,31.5,0.6900000000000013,UP,2.0
BNBL,2025-11-20,31.5,30.81,30.81,30.81,30.91,31.45,0.6900000000000013,0.6900000000000013,0.6900000000000013,0.022395326192794496,0.022395326192794496,0.022395326192794496,0.022148233223010773,0.022148233223010773,31.040000000000003,30.968,31.012999999999998,31.16295141317707,31.079499118114303,31.103834735600927,0.012929947605999668,0.010471330533222785,0.00893041619956443,0.6900000000000013,0.02239532619279459,0.5899999999999999,0.01908767389194435,0.05000000000000071,0.0015898251192369066,30.81,31.5,30.81,31.5,30.81,31.5,1.0,1.0,1.0,3,11,20,31.5,0.0,SAME,1.0
BNBL,2025-11-21,31.5,31.5,30.81,30.81,30.91,31.45,0.0,0.6900000000000013,0.6900000000000013,0.0,0.022395326192794496,0.022395326192794496,0.0,0.022148233223010773,31.27,31.086000000000002,31.017999999999994,31.331475706588535,31.219666078742872,31.175864783673482,0.01292994760599967,0.010471330533222785,0.00893041619956443,0.6900000000000013,0.02239532619279459,0.5899999999999999,0.01908767389194435,0.05000000000000071,0.0015898251192369066,30.81,31.5,30.81,31.5,30.81,31.5,1.0,1.0,1.0,4,11,21,31.5,0.0,SAME,1.0
BNBL,2025-11-24,31.5,31.5,31.5,30.81,30.81,31.01,0.0,0.0,0.6900000000000013,0.0,0.0,0.022395326192794496,0.0,0.0,31.5,31.224,31.066999999999997,31.415737853294267,31.313110719161916,31.23479845936921,0.01292994760599967,0.010015494349073908,0.007431335244169926,0.6900000000000013,0.02239532619279459,0.6900000000000013,0.02239532619279459,0.48999999999999844,0.015801354401805818,31.5,31.5,30.81,31.5,30.81,31.5,,1.0,1.0,0,11,24,31.5,0.0,SAME,1.0
BNBL,2025-11-25,31.5,31.5,31.5,31.5,30.81,31.01,0.0,0.0,0.0,0.0,0.0,0.0,0.0,0.0,31.5,31.362000000000002,31.115999999999996,31.457868926647134,31.375407146107946,31.283016921302078,0.0,0.010015494349073908,0.007431335244169926,0.0,0.0,0.6900000000000013,0.02239532619279459,0.48999999999999844,0.015801354401805818,31.5,31.5,30.81,31.5,30.81,31.5,,1.0,1.0,1,11,25,31.5,0.0,SAME,1.0
BNBL,2025-11-26,31.5,31.5,31.5,31.5,30.81,30.91,0.0,0.0,0.0,0.0,0.0,0.0,0.0,0.0,31.5,31.5,31.175,31.47893446332357,31.4169380974053,31.322468390156242,0.0,0.010015494349073908,0.007267172001416517,0.0,0.0,0.6900000000000013,0.02239532619279459,0.5899999999999999,0.01908767389194435,31.5,31.5,31.5,31.5,30.81,31.5,,,1.0,2,11,26,31.5,0.0,SAME,1.0
BNBL,2025-11-27,31.5,31.5,31.5,31.5,31.5,30.91,0.0,0.0,0.0,0.0,0.0,0.0,0.0,0.0,31.5,31.5,31.234,31.489467231661784,31.4446253982702,31.354746864673288,0.0,0.0,0.007267172001416517,0.0,0.0,0.0,0.0,0.5899999999999999,0.01908767389194435,31.5,31.5,31.5,31.5,30.81,31.5,,,1.0,3,11,27,31.5,0.0,SAME,1.0
BNBL,2025-11-28,31.5,31.5,31.5,31.5,31.5,30.91,0.0,0.0,0.0,0.0,0.0,0.0,0.0,0.0,31.5,31.5,31.292999999999996,31.494733615830892,31.463083598846804,31.381156525641778,0.0,0.0,0.007267172001416517,0.0,0.0,0.0,0.0,0.5899999999999999,0.01908767389194435,31.5,31.5,31.5,31.5,30.81,31.5,,,1.0,4,11,28,31.5,0.0,SAME,1.0
BNBL,2025-12-01,31.5,31.5,31.5,31.5,31.5,30.81,0.0,0.0,0.0,0.0,0.0,0.0,0.0,0.0,31.5,31.5,31.362000000000002,31.497366807915448,31.475389065897872,31.402764430070544,0.0,0.0,0.007082023971165689,0.0,0.0,0.0,0.0,0.6900000000000013,0.02239532619279459,31.5,31.5,31.5,31.5,30.81,31.5,,,1.0,0,12,1,31.5,0.0,SAME,1.0
BNBL,2025-12-02,31.5,31.5,31.5,31.5,31.5,30.81,0.0,0.0,0.0,0.0,0.0,0.0,0.0,0.0,31.5,31.5,31.430999999999994,31.498683403957724,31.483592710598582,31.42044362460317,0.0,0.0,0.007082023971165689,0.0,0.0,0.0,0.0,0.6900000000000013,0.02239532619279459,31.5,31.5,31.5,31.5,30.81,31.5,,,1.0,1,12,2,31.5,0.0,SAME,1.0
BNBL,2025-12-03,31.5,31.5,31.5,31.5,31.5,30.81,0.0,0.0,0.0,0.0,0.0,0.0,0.0,0.0,31.5,31.5,31.5,31.499341701978864,31.489061807065724,31.434908420129865,0.0,0.0,0.007082023971165689,0.0,0.0,0.0,0.0,0.6900000000000013,0.02239532619279459,31.5,31.5,31.5,31.5,31.5,31.5,,,,2,12,3,30.8,-0.6999999999999993,DOWN,0.0
BNBL,2025-12-04,30.8,31.5,31.5,31.5,31.5,31.5,-0.6999999999999993,-0.6999999999999993,-0.6999999999999993,-0.022222222222222254,-0.022222222222222254,-0.022222222222222254,-0.02247285585205863,-0.02247285585205863,31.26666666666667,31.360000000000003,31.43,31.14967085098943,31.25937453804382,31.3194705255608,0.012830005981991946,0.009938079899998977,0.007027283689262987,-0.6999999999999993,-0.0222222222222222,-0.6999999999999993,-0.0222222222222222,-0.6999999999999993,-0.0222222222222222,30.8,31.5,30.8,31.5,30.8,31.5,0.0,0.0,0.0,3,12,4,30.8,0.0,SAME,1.0
BNBL,2025-12-05,30.8,30.8,31.5,31.5,31.5,31.5,0.0,-0.6999999999999993,-0.6999999999999993,0.0,-0.022222222222222254,-0.022222222222222254,0.0,-0.02247285585205863,31.033333333333335,31.22,31.359999999999996,30.974835425494717,31.106249692029213,31.2250213390952,0.012830005981991946,0.009938079899998977,0.007027283689262987,-0.6999999999999993,-0.0222222222222222,-0.6999999999999993,-0.0222222222222222,-0.6999999999999993,-0.0222222222222222,30.8,31.5,30.8,31.5,30.8,31.5,0.0,0.0,0.0,4,12,5,30.8,0.0,SAME,1.0
BNBL,2025-12-08,30.8,30.8,30.8,31.5,31.5,31.5,0.0,0.0,-0.6999999999999993,0.0,0.0,-0.022222222222222254,0.0,0.0,30.8,31.080000000000002,31.290000000000003,30.887417712747357,31.00416646135281,31.147744731986982,0.012830005981991945,0.009938079899998977,0.007027283689262987,-0.6999999999999993,-0.0222222222222222,-0.6999999999999993,-0.0222222222222222,-0.6999999999999993,-0.0222222222222222,30.8,30.8,30.8,31.5,30.8,31.5,,0.0,0.0,0,12,8,30.8,0.0,SAME,1.0
BNBL,2025-12-09,30.8,30.8,30.8,30.8,31.5,31.5,0.0,0.0,0.0,0.0,0.0,0.0,0.0,0.0,30.8,30.940000000000005,31.22,30.84370885637368,30.93611097423521,31.084518417080258,0.0,0.009938079899998977,0.007027283689262987,0.0,0.0,-0.6999999999999993,-0.0222222222222222,-0.6999999999999993,-0.0222222222222222,30.8,30.8,30.8,31.5,30.8,31.5,,0.0,0.0,1,12,9,30.02,-0.7800000000000011,DOWN,0.0
BNBL,2025-12-10,30.02,30.8,30.8,30.8,31.5,31.5,-0.7800000000000011,-0.7800000000000011,-0.7800000000000011,-0.025324675324675416,-0.025324675324675416,-0.025324675324675416,-0.02565086377421298,-0.02565086377421298,30.540000000000003,30.644,31.072000000000003,30.43185442818684,30.630740649490143,30.890969613974754,0.014621208115841436,0.013067372034259677,0.010050404050255465,-0.7800000000000011,-0.02532467532467536,-1.4800000000000004,-0.046984126984126996,-1.4800000000000004,-0.046984126984126996,30.02,30.8,30.02,30.8,30.02,31.5,0.0,0.0,0.0,2,12,10,30.02,0.0,SAME,1.0
BNBL,2025-12-11,30.02,30.02,30.8,30.8,30.8,31.5,0.0,-0.7800000000000011,-0.7800000000000011,0.0,-0.025324675324675416,-0.025324675324675416,0.0,-0.02565086377421298,30.28,30.488,30.924,30.225927214093417,30.427160432993432,30.732611502342976,0.014621208115841436,0.011325539106817066,0.010050404050255465,-0.7800000000000011,-0.02532467532467536,-0.7800000000000011,-0.02532467532467536,-1.4800000000000004,-0.046984126984126996,30.02,30.8,30.02,30.8,30.02,31.5,0.0,0.0,0.0,3,12,11,30.02,0.0,SAME,1.0
BNBL,2025-12-12,30.02,30.02,30.02,30.8,30.8,31.5,0.0,0.0,-0.7800000000000011,0.0,0.0,-0.025324675324675416,0.0,0.0,30.02,30.332,30.776000000000003,30.122963607046707,30.291440288662287,30.60304577464425,0.014621208115841436,0.011325539106817066,0.010050404050255465,-0.7800000000000011,-0.02532467532467536,-0.7800000000000011,-0.02532467532467536,-1.4800000000000004,-0.046984126984126996,30.02,30.02,30.02,30.8,30.02,31.5,,0.0,0.0,4,12,12,30.02,0.0,SAME,1.0
BNBL,2025-12-15,30.02,30.02,30.02,30.02,30.8,31.5,0.0,0.0,0.0,0.0,0.0,0.0,0.0,0.0,30.02,30.176,30.627999999999997,30.071481803523355,30.200960192441528,30.497037451981658,0.0,0.011325539106817066,0.010050404050255465,0.0,0.0,-0.7800000000000011,-0.02532467532467536,-1.4800000000000004,-0.046984126984126996,30.02,30.02,30.02,30.8,30.02,31.5,,0.0,0.0,0,12,15,30.02,0.0,SAME,1.0
BNBL,2025-12-16,30.02,30.02,30.02,30.02,30.8,31.5,0.0,0.0,0.0,0.0,0.0,0.0,0.0,0.0,30.02,30.02,30.479999999999997,30.045740901761675,30.14064012829435,30.41030336980317,0.0,0.011325539106817066,0.010050404050255465,0.0,0.0,-0.7800000000000011,-0.02532467532467536,-1.4800000000000004,-0.046984126984126996,30.02,30.02,30.02,30.02,30.02,31.5,,,0.0,1,12,16,30.02,0.0,SAME,1.0
BNBL,2025-12-18,30.02,30.02,30.02,30.02,30.02,31.5,0.0,0.0,0.0,0.0,0.0,0.0,0.0,0.0,30.02,30.02,30.332,30.032870450880836,30.100426752196235,30.339339120748047,0.0,0.0,0.010050404050255465,0.0,0.0,0.0,0.0,-1.4800000000000004,-0.046984126984126996,30.02,30.02,30.02,30.02,30.02,30.8,,,0.0,3,12,18,30.02,0.0,SAME,1.0
BNBL,2025-12-19,30.02,30.02,30.02,30.02,30.02,30.8,0.0,0.0,0.0,0.0,0.0,0.0,0.0,0.0,30.02,30.02,30.254,30.026435225440416,30.07361783479749,30.281277462430218,0.0,0.0,0.008008365503023768,0.0,0.0,0.0,0.0,-0.7800000000000011,-0.02532467532467536,30.02,30.02,30.02,30.02,30.02,30.8,,,0.0,4,12,19,30.02,0.0,SAME,1.0
BNBL,2025-12-22,30.02,30.02,30.02,30.02,30.02,30.8,0.0,0.0,0.0,0.0,0.0,0.0,0.0,0.0,30.02,30.02,30.176,30.02321761272021,30.05574522319833,30.233772469261083,0.0,0.0,0.008008365503023768,0.0,0.0,0.0,0.0,-0.7800000000000011,-0.02532467532467536,30.02,30.02,30.02,30.02,30.02,30.8,,,0.0,0,12,22,30.02,0.0,SAME,1.0
BNBL,2025-12-23,30.02,30.02,30.02,30.02,30.02,30.8,0.0,0.0,0.0,0.0,0.0,0.0,0.0,0.0,30.02,30.02,30.098000000000003,30.021608806360106,30.04383014879889,30.194904747577247,0.0,0.0,0.008008365503023768,0.0,0.0,0.0,0.0,-0.7800000000000011,-0.02532467532467536,30.02,30.02,30.02,30.02,30.02,30.8,,,0.0,1,12,23,30.08,0.05999999999999872,UP,2.0
BNBL,2025-12-24,30.08,30.02,30.02,30.02,30.02,30.8,0.05999999999999872,0.05999999999999872,0.05999999999999872,0.0019986675549632515,0.0019986675549632515,0.0019986675549632515,0.0019966728763230737,0.0019966728763230737,30.040000000000003,30.032,30.026,30.050804403180052,30.055886765865928,30.174012975290474,0.0011539312508815883,0.0008938313034630732,0.008102973311954404,0.05999999999999872,0.0019986675549633153,0.05999999999999872,0.0019986675549633153,-0.7200000000000024,-0.023376623376623454,30.02,30.08,30.02,30.08,30.02,30.08,1.0,1.0,1.0,2,12,24,30.08,0.0,SAME,1.0
BNBL,2025-12-25,30.08,30.08,30.02,30.02,30.02,30.02,0.0,0.05999999999999872,0.05999999999999872,0.0,0.0019986675549632515,0.0019986675549632515,0.0,0.0019966728763230737,30.060000000000002,30.044,30.032,30.065402201590025,30.063924510577287,30.156919707055838,0.0011539312508815883,0.0008938313034630732,0.0006320341759153463,0.05999999999999872,0.0019986675549633153,0.05999999999999872,0.0019986675549633153,0.05999999999999872,0.0019986675549633153,30.02,30.08,30.02,30.08,30.02,30.08,1.0,1.0,1.0,3,12,25,30.08,0.0,SAME,1.0
BNBL,2025-12-26,30.08,30.08,30.08,30.02,30.02,30.02,0.0,0.0,0.05999999999999872,0.0,0.0,0.0019986675549632515,0.0,0.0,30.08,30.056,30.038,30.072701100795012,30.069283007051524,30.142934305772958,0.0011539312508815883,0.0008938313034630732,0.0006320341759153463,0.05999999999999872,0.0019986675549633153,0.05999999999999872,0.0019986675549633153,0.05999999999999872,0.0019986675549633153,30.08,30.08,30.02,30.08,30.02,30.08,,1.0,1.0,4,12,26,29.9,-0.17999999999999972,DOWN,0.0
BNBL,2025-12-29,29.9,30.08,30.08,30.08,30.02,30.02,-0.17999999999999972,-0.17999999999999972,-0.17999999999999972,-0.005984042553191515,-0.005984042553191515,-0.005984042553191515,-0.006002018684998359,-0.006002018684998359,30.02,30.032,30.026,29.986350550397503,30.01285533803435,30.098764431996056,0.0034548885789282614,0.003026003738363553,0.002060612527219564,-0.17999999999999972,-0.005984042553191481,-0.120000000000001,-0.0039973351099267486,-0.120000000000001,-0.0039973351099267486,29.9,30.08,29.9,30.08,29.9,30.08,0.0,0.0,0.0,0,12,29,29.9,0.0,SAME,1.0
BNBL,2025-12-30,29.9,29.9,30.08,30.08,30.02,30.02,0.0,-0.17999999999999972,-0.17999999999999972,0.0,-0.005984042553191515,-0.005984042553191515,0.0,-0.006002018684998359,29.959999999999997,30.008,30.014,29.94317527519875,29.9752368920229,30.062625444360407,0.0034548885789282614,0.003026003738363553,0.002060612527219564,-0.17999999999999972,-0.005984042553191481,-0.120000000000001,-0.0039973351099267486,-0.120000000000001,-0.0039973351099267486,29.9,30.08,29.9,30.08,29.9,30.08,0.0,0.0,0.0,1,12,30,29.9,0.0,SAME,1.0
BNBL,2025-12-31,29.9,29.9,29.9,30.08,30.08,30.02,0.0,0.0,-0.17999999999999972,0.0,0.0,-0.005984042553191515,0.0,0.0,29.9,29.972,30.002,29.921587637599373,29.950157928015265,30.033057181749424,0.0034548885789282614,0.002676145185837141,0.002060612527219564,-0.17999999999999972,-0.005984042553191481,-0.17999999999999972,-0.005984042553191481,-0.120000000000001,-0.0039973351099267486,29.9,29.9,29.9,30.08,29.9,30.08,,0.0,0.0,2,12,31,29.9,0.0,SAME,1.0
BNBL,2026-01-01,29.9,29.9,29.9,29.9,30.08,30.02,0.0,0.0,0.0,0.0,0.0,0.0,0.0,0.0,29.9,29.936,29.99,29.910793818799686,29.933438618676846,30.00886496688589,0.0,0.002676145185837141,0.002060612527219564,0.0,0.0,-0.17999999999999972,-0.005984042553191481,-0.120000000000001,-0.0039973351099267486,29.9,29.9,29.9,30.08,29.9,30.08,,0.0,0.0,3,1,1,29.9,0.0,SAME,1.0
BNBL,2026-01-05,29.9,29.9,29.9,29.9,30.08,30.02,0.0,0.0,0.0,0.0,0.0,0.0,0.0,0.0,29.9,29.9,29.977999999999998,29.90539690939984,29.92229241245123,29.989071336543002,0.0,0.002676145185837141,0.002060612527219564,0.0,0.0,-0.17999999999999972,-0.005984042553191481,-0.120000000000001,-0.0039973351099267486,29.9,29.9,29.9,29.9,29.9,30.08,,,0.0,0,1,5,29.9,0.0,SAME,1.0
BNBL,2026-01-06,29.9,29.9,29.9,29.9,29.9,30.02,0.0,0.0,0.0,0.0,0.0,0.0,0.0,0.0,29.9,29.9,29.966,29.90269845469992,29.91486160830082,29.972876548080638,0.0,0.0,0.002060612527219564,0.0,0.0,0.0,0.0,-0.120000000000001,-0.0039973351099267486,29.9,29.9,29.9,29.9,29.9,30.08,,,0.0,1,1,6,29.9,0.0,SAME,1.0
BNBL,2026-01-07,29.9,29.9,29.9,29.9,29.9,30.02,0.0,0.0,0.0,0.0,0.0,0.0,0.0,0.0,29.9,29.9,29.953999999999997,29.90134922734996,29.909907738867215,29.95962626661143,0.0,0.0,0.002060612527219564,0.0,0.0,0.0,0.0,-0.120000000000001,-0.0039973351099267486,29.9,29.9,29.9,29.9,29.9,30.08,,,0.0,2,1,7,29.9,0.0,SAME,1.0
BNBL,2026-01-08,29.9,29.9,29.9,29.9,29.9,30.08,0.0,0.0,0.0,0.0,0.0,0.0,0.0,0.0,29.9,29.9,29.935999999999996,29.90067461367498,29.906605159244812,29.948785127227534,0.0,0.0,0.0018923204083451097,0.0,0.0,0.0,0.0,-0.17999999999999972,-0.005984042553191481,29.9,29.9,29.9,29.9,29.9,30.08,,,0.0,3,1,8,29.9,0.0,SAME,1.0
BNBL,2026-01-09,29.9,29.9,29.9,29.9,29.9,30.08,0.0,0.0,0.0,0.0,0.0,0.0,0.0,0.0,29.9,29.9,29.918,29.90033730683749,29.90440343949654,29.939915104095256,0.0,0.0,0.0018923204083451097,0.0,0.0,0.0,0.0,-0.17999999999999972,-0.005984042553191481,29.9,29.9,29.9,29.9,29.9,30.08,,,0.0,4,1,9,29.9,0.0,SAME,1.0
BNBL,2026-01-12,29.9,29.9,29.9,29.9,29.9,30.08,0.0,0.0,0.0,0.0,0.0,0.0,0.0,0.0,29.9,29.9,29.9,29.900168653418746,29.90293562633103,29.932657812441573,0.0,0.0,0.0018923204083451097,0.0,0.0,0.0,0.0,-0.17999999999999972,-0.005984042553191481,29.9,29.9,29.9,29.9,29.9,29.9,,,,0,1,12,29.9,0.0,SAME,1.0
BNBL,2026-01-13,29.9,29.9,29.9,29.9,29.9,29.9,0.0,0.0,0.0,0.0,0.0,0.0,0.0,0.0,29.9,29.9,29.9,29.900084326709372,29.901957084220687,29.926720028361284,0.0,0.0,0.0,0.0,0.0,0.0,0.0,0.0,0.0,29.9,29.9,29.9,29.9,29.9,29.9,,,,1,1,13,29.9,0.0,SAME,1.0
BNBL,2026-01-14,29.9,29.9,29.9,29.9,29.9,29.9,0.0,0.0,0.0,0.0,0.0,0.0,0.0,0.0,29.9,29.9,29.9,29.900042163354684,29.90130472281379,29.921861841386505,0.0,0.0,0.0,0.0,0.0,0.0,0.0,0.0,0.0,29.9,29.9,29.9,29.9,29.9,29.9,,,,2,1,14,29.9,0.0,SAME,1.0
BNBL,2026-01-15,29.9,29.9,29.9,29.9,29.9,29.9,0.0,0.0,0.0,0.0,0.0,0.0,0.0,0.0,29.9,29.9,29.9,29.90002108167734,29.900869815209195,29.917886961134414,0.0,0.0,0.0,0.0,0.0,0.0,0.0,0.0,0.0,29.9,29.9,29.9,29.9,29.9,29.9,,,,3,1,15,29.9,0.0,SAME,1.0
BNBL,2026-01-16,29.9,29.9,29.9,29.9,29.9,29.9,0.0,0.0,0.0,0.0,0.0,0.0,0.0,0.0,29.9,29.9,29.9,29.90001054083867,29.90057987680613,29.914634786382702,0.0,0.0,0.0,0.0,0.0,0.0,0.0,0.0,0.0,29.9,29.9,29.9,29.9,29.9,29.9,,,,4,1,16,29.9,0.0,SAME,1.0
BNBL,2026-01-20,29.9,29.9,29.9,29.9,29.9,29.9,0.0,0.0,0.0,0.0,0.0,0.0,0.0,0.0,29.9,29.9,29.9,29.900005270419335,29.900386584537422,29.911973916131302,0.0,0.0,0.0,0.0,0.0,0.0,0.0,0.0,0.0,29.9,29.9,29.9,29.9,29.9,29.9,,,,1,1,20,30.1,0.20000000000000284,UP,2.0
BNBL,2026-01-21,30.1,29.9,29.9,29.9,29.9,29.9,0.20000000000000284,0.20000000000000284,0.20000000000000284,0.006688963210702337,0.006688963210702337,0.006688963210702337,0.006666691358189297,0.006666691358189297,29.96666666666667,29.939999999999998,29.919999999999998,30.00000263520967,29.96692438969162,29.9461604768347,0.003861874710299406,0.0029913952876247903,0.00211523589308891,0.20000000000000284,0.006688963210702436,0.20000000000000284,0.006688963210702436,0.20000000000000284,0.006688963210702436,29.9,30.1,29.9,30.1,29.9,30.1,1.0,1.0,1.0,2,1,21,30.1,0.0,SAME,1.0
BNBL,2026-01-22,30.1,30.1,29.9,29.9,29.9,29.9,0.0,0.20000000000000284,0.20000000000000284,0.0,0.006688963210702337,0.006688963210702337,0.0,0.006666691358189297,30.033333333333335,29.98,29.939999999999998,30.050001317604835,30.011282926461085,29.97413129922839,0.003861874710299406,0.0029913952876247903,0.00211523589308891,0.20000000000000284,0.006688963210702436,0.20000000000000284,0.006688963210702436,0.20000000000000284,0.006688963210702436,29.9,30.1,29.9,30.1,29.9,30.1,1.0,1.0,1.0,3,1,22,30.26,0.16000000000000014,UP,2.0
BNBL,2026-01-23,30.26,30.1,30.1,29.9,29.9,29.9,0.16000000000000014,0.16000000000000014,0.360000000000003,0.0053156146179402786,0.0053156146179402786,0.012040133779264384,0.005301536605379895,0.005301536605379895,30.153333333333336,30.052,29.976,30.155000658802418,30.094188617640725,30.02610742664141,0.003532800446243608,0.003323251789730725,0.002551404813827173,0.360000000000003,0.012040133779264314,0.360000000000003,0.012040133779264314,0.360000000000003,0.012040133779264314,30.1,30.26,29.9,30.26,29.9,30.26,1.0,1.0,1.0,4,1,23,30.5,0.23999999999999844,UP,2.0
BNBL,2026-01-26,30.5,30.26,30.1,30.1,29.9,29.9,0.23999999999999844,0.3999999999999986,0.3999999999999986,0.007931262392597338,0.013289036544850363,0.013289036544850363,0.00789997525315593,0.01320151185853576,30.286666666666672,30.172000000000004,30.035999999999994,30.32750032940121,30.229459078427155,30.112269712706606,0.004041499210025097,0.003755508143895063,0.00326869219869228,0.3999999999999986,0.01328903654485045,0.6000000000000014,0.020066889632107072,0.6000000000000014,0.020066889632107072,30.1,30.5,29.9,30.5,29.9,30.5,1.0,1.0,1.0,0,1,26,30.5,0.0,SAME,1.0
BNBL,2026-01-27,30.5,30.5,30.26,30.1,29.9,29.9,0.0,0.23999999999999844,0.3999999999999986,0.0,0.007931262392597338,0.013289036544850363,0.0,0.00789997525315593,30.42,30.292,30.095999999999997,30.413750164700605,30.319639385618103,30.18276612857813,0.004041499210025097,0.003755508143895063,0.00326869219869228,0.3999999999999986,0.01328903654485045,0.6000000000000014,0.020066889632107072,0.6000000000000014,0.020066889632107072,30.26,30.5,30.1,30.5,29.9,30.5,1.0,1.0,1.0,1,1,27,31.0,0.5,UP,2.0
BNBL,2026-01-28,31.0,30.5,30.5,30.26,30.1,29.9,0.5,0.5,0.7399999999999984,0.016393442622950838,0.016393442622950838,0.024454725710508773,0.016260520871780326,0.016260520871780326,30.666666666666668,30.472,30.206,30.7068750823503,30.546426257078735,30.331354105200287,0.008198154044491162,0.006785940121744187,0.005504202359969723,0.7399999999999984,0.02445472571050887,0.8999999999999986,0.029900332225913574,1.1000000000000014,0.03678929765886293,30.5,31.0,30.1,31.0,29.9,31.0,1.0,1.0,1.0,2,1,28,31.0,0.0,SAME,1.0
BNBL,2026-01-29,31.0,31.0,30.5,30.5,30.1,29.9,0.0,0.5,0.5,0.0,0.016393442622950838,0.016393442622950838,0.0,0.016260520871780326,30.833333333333332,30.651999999999997,30.315999999999995,30.85343754117515,30.697617504719158,30.45292608607296,0.009464758511305736,0.006785940121744186,0.005504202359969723,0.5,0.01639344262295082,0.8999999999999986,0.029900332225913574,1.1000000000000014,0.03678929765886293,30.5,31.0,30.26,31.0,29.9,31.0,1.0,1.0,1.0,3,1,29,31.0,0.0,SAME,1.0
BNBL,2026-01-30,31.0,31.0,31.0,30.5,30.26,29.9,0.0,0.0,0.5,0.0,0.0,0.016393442622950838,0.0,0.0,31.0,30.8,30.426,30.926718770587577,30.798411669812772,30.55239407042333,0.009464758511305736,0.0073025959314738705,0.005504202359969723,0.5,0.01639344262295082,0.7399999999999984,0.02445472571050887,1.1000000000000014,0.03678929765886293,31.0,31.0,30.5,31.0,29.9,31.0,,1.0,1.0,4,1,30,30.27,-0.7300000000000004,DOWN,0.0
BNBL,2026-02-02,30.27,31.0,31.0,31.0,30.5,29.9,-0.7300000000000004,-0.7300000000000004,-0.7300000000000004,-0.023548387096774204,-0.023548387096774204,-0.023548387096774204,-0.023830081451518978,-0.023830081451518978,30.75666666666667,30.754,30.463,30.59835938529379,30.62227444654185,30.501049693982722,0.013595667629304321,0.014256865449729787,0.010235229341303262,-0.7300000000000004,-0.023548387096774207,-0.23000000000000043,-0.007540983606557391,0.370000000000001,0.012374581939799364,30.27,31.0,30.27,31.0,29.9,31.0,0.0,0.0,0.3363636363636368,0,2,2,30.27,0.0,SAME,1.0
BNBL,2026-02-03,30.27,30.27,31.0,31.0,30.5,29.9,0.0,-0.7300000000000004,-0.7300000000000004,0.0,-0.023548387096774204,-0.023548387096774204,0.0,-0.023830081451518978,30.513333333333335,30.708000000000006,30.5,30.434179692646893,30.504849631027902,30.459040658713135,0.013595667629304321,0.014256865449729787,0.010235229341303262,-0.7300000000000004,-0.023548387096774207,-0.23000000000000043,-0.007540983606557391,0.370000000000001,0.012374581939799364,30.27,31.0,30.27,31.0,30.1,31.0,0.0,0.0,0.18888888888888714,1,2,3,30.27,0.0,SAME,1.0
BNBL,2026-02-04,30.27,30.27,30.27,31.0,31.0,30.1,0.0,0.0,-0.7300000000000004,0.0,0.0,-0.023548387096774204,0.0,0.0,30.27,30.562,30.516999999999996,30.352089846323445,30.42656642068527,30.4246696298562,0.013595667629304321,0.01053115886177311,0.010059384858567494,-0.7300000000000004,-0.023548387096774207,-0.7300000000000004,-0.023548387096774207,0.16999999999999815,0.0056478405315614,30.27,30.27,30.27,31.0,30.1,31.0,,0.0,0.18888888888888714,2,2,4,30.27,0.0,SAME,1.0
BNBL,2026-02-05,30.27,30.27,30.27,30.27,31.0,30.1,0.0,0.0,0.0,0.0,0.0,0.0,0.0,0.0,30.27,30.416000000000004,30.534000000000002,30.311044923161724,30.37437761379018,30.396547878973255,0.0,0.01053115886177311,0.010059384858567494,0.0,0.0,-0.7300000000000004,-0.023548387096774207,0.16999999999999815,0.0056478405315614,30.27,30.27,30.27,31.0,30.26,31.0,,0.0,0.013513513513510853,3,2,5,30.27,0.0,SAME,1.0
BNBL,2026-02-06,30.27,30.27,30.27,30.27,31.0,30.26,0.0,0.0,0.0,0.0,0.0,0.0,0.0,0.0,30.27,30.27,30.535000000000004,30.290522461580863,30.33958507586012,30.37353917370539,0.0,0.01053115886177311,0.009922567723688255,0.0,0.0,-0.7300000000000004,-0.023548387096774207,0.00999999999999801,0.0003304692663581629,30.27,30.27,30.27,30.27,30.27,31.0,,,0.0,4,2,6,30.27,0.0,SAME,1.0
BNBL,2026-02-09,30.27,30.27,30.27,30.27,30.27,30.5,0.0,0.0,0.0,0.0,0.0,0.0,0.0,0.0,30.27,30.27,30.512,30.28026123079043,30.316390050573418,30.354713869395315,0.0,0.0,0.009534453155962222,0.0,0.0,0.0,0.0,-0.23000000000000043,-0.007540983606557391,30.27,30.27,30.27,30.27,30.27,31.0,,,0.0,0,2,9,30.27,0.0,SAME,1.0
BNBL,2026-02-10,30.27,30.27,30.27,30.27,30.27,30.5,0.0,0.0,0.0,0.0,0.0,0.0,0.0,0.0,30.27,30.27,30.489000000000004,30.275130615395213,30.30092670038228,30.339311347687076,0.0,0.0,0.009534453155962222,0.0,0.0,0.0,0.0,-0.23000000000000043,-0.007540983606557391,30.27,30.27,30.27,30.27,30.27,31.0,,,0.0,1,2,10,30.27,0.0,SAME,1.0
BNBL,2026-02-11,30.27,30.27,30.27,30.27,30.27,31.0,0.0,0.0,0.0,0.0,0.0,0.0,0.0,0.0,30.27,30.27,30.416000000000004,30.272565307697604,30.290617800254857,30.326709284471242,0.0,0.0,0.007446653844912553,0.0,0.0,0.0,0.0,-0.7300000000000004,-0.023548387096774207,30.27,30.27,30.27,30.27,30.27,31.0,,,0.0,2,2,11,30.27,0.0,SAME,1.0
BNBL,2026-02-12,30.27,30.27,30.27,30.27,30.27,31.0,0.0,0.0,0.0,0.0,0.0,0.0,0.0,0.0,30.27,30.27,30.343,30.2712826538488,30.283745200169907,30.31639850547647,0.0,0.0,0.007446653844912553,0.0,0.0,0.0,0.0,-0.7300000000000004,-0.023548387096774207,30.27,30.27,30.27,30.27,30.27,31.0,,,0.0,3,2,12,30.27,0.0,SAME,1.0
BNBL,2026-02-13,30.27,30.27,30.27,30.27,30.27,31.0,0.0,0.0,0.0,0.0,0.0,0.0,0.0,0.0,30.27,30.27,30.27,30.270641326924398,30.27916346677994,30.307962413571655,0.0,0.0,0.007446653844912553,0.0,0.0,0.0,0.0,-0.7300000000000004,-0.023548387096774207,30.27,30.27,30.27,30.27,30.27,30.27,,,,4,2,13,30.27,0.0,SAME,1.0
BNBL,2026-02-16,30.27,30.27,30.27,30.27,30.27,30.27,0.0,0.0,0.0,0.0,0.0,0.0,0.0,0.0,30.27,30.27,30.27,30.2703206634622,30.276108977853298,30.301060156558624,0.0,0.0,0.0,0.0,0.0,0.0,0.0,0.0,0.0,30.27,30.27,30.27,30.27,30.27,30.27,,,,0,2,16,30.82,0.5500000000000007,UP,2.0
BNBL,2026-02-17,30.82,30.27,30.27,30.27,30.27,30.27,0.5500000000000007,0.5500000000000007,0.5500000000000007,0.0181698050875454,0.0181698050875454,0.0181698050875454,0.018006706858342388,0.018006706858342388,30.453333333333337,30.380000000000003,30.325,30.5451603317311,30.457405985235535,30.395412855366146,0.010490341858417716,0.008125783862734479,0.005745796871795744,0.5500000000000007,0.018169805087545447,0.5500000000000007,0.018169805087545447,0.5500000000000007,0.018169805087545447,30.27,30.82,30.27,30.82,30.27,30.82,1.0,1.0,1.0,1,2,17,30.82,0.0,SAME,1.0
BNBL,2026-02-20,30.82,30.82,30.27,30.27,30.27,30.27,0.0,0.5500000000000007,0.5500000000000007,0.0,0.0181698050875454,0.0181698050875454,0.0,0.018006706858342388,30.636666666666667,30.49,30.380000000000003,30.682580165865552,30.578270656823694,30.472610518026848,0.010490341858417716,0.008125783862734479,0.005745796871795744,0.5500000000000007,0.018169805087545447,0.5500000000000007,0.018169805087545447,0.5500000000000007,0.018169805087545447,30.27,30.82,30.27,30.82,30.27,30.82,1.0,1.0,1.0,4,2,20,30.82,0.0,SAME,1.0
BNBL,2026-02-24,30.82,30.82,30.82,30.27,30.27,30.27,0.0,0.0,0.5500000000000007,0.0,0.0,0.0181698050875454,0.0,0.0,30.82,30.6,30.434999999999995,30.751290082932776,30.65884710454913,30.535772242021963,0.010490341858417716,0.008125783862734479,0.005745796871795744,0.5500000000000007,0.018169805087545447,0.5500000000000007,0.018169805087545447,0.5500000000000007,0.018169805087545447,30.82,30.82,30.27,30.82,30.27,30.82,,1.0,1.0,1,2,24,30.82,0.0,SAME,1.0
BNBL,2026-02-25,30.82,30.82,30.82,30.82,30.27,30.27,0.0,0.0,0.0,0.0,0.0,0.0,0.0,0.0,30.82,30.71,30.49,30.78564504146639,30.71256473636609,30.58745001619979,0.0,0.008125783862734479,0.005745796871795744,0.0,0.0,0.5500000000000007,0.018169805087545447,0.5500000000000007,0.018169805087545447,30.82,30.82,30.27,30.82,30.27,30.82,,1.0,1.0,2,2,25,30.82,0.0,SAME,1.0
BNBL,2026-02-26,30.82,30.82,30.82,30.82,30.27,30.27,0.0,0.0,0.0,0.0,0.0,0.0,0.0,0.0,30.82,30.82,30.544999999999998,30.802822520733194,30.74837649091073,30.62973183143619,0.0,0.008125783862734479,0.005745796871795744,0.0,0.0,0.5500000000000007,0.018169805087545447,0.5500000000000007,0.018169805087545447,30.82,30.82,30.82,30.82,30.27,30.82,,,1.0,3,2,26,30.82,0.0,SAME,1.0
BNBL,2026-02-27,30.82,30.82,30.82,30.82,30.82,30.27,0.0,0.0,0.0,0.0,0.0,0.0,0.0,0.0,30.82,30.82,30.6,30.811411260366597,30.77225099394049,30.664326043902335,0.0,0.0,0.005745796871795744,0.0,0.0,0.0,0.0,0.5500000000000007,0.018169805087545447,30.82,30.82,30.82,30.82,30.27,30.82,,,1.0,4,2,27,29.97,-0.8500000000000014,DOWN,0.0
BNBL,2026-03-02,29.97,30.82,30.82,30.82,30.82,30.27,-0.8500000000000014,-0.8500000000000014,-0.8500000000000014,-0.027579493835171998,-0.027579493835171998,-0.027579493835171998,-0.027966948563397882,-0.027966948563397882,30.536666666666672,30.65,30.57,30.390705630183298,30.504833995960325,30.538084945011,0.015923028189850363,0.01233392460009611,0.010964164217480653,-0.8500000000000014,-0.02757949383517201,-0.8500000000000014,-0.02757949383517201,-0.3000000000000007,-0.009910802775024801,29.97,30.82,29.97,30.82,29.97,30.82,0.0,0.0,0.0,0,3,2,29.97,0.0,SAME,1.0
BNBL,2026-03-03,29.97,29.97,30.82,30.82,30.82,30.27,0.0,-0.8500000000000014,-0.8500000000000014,0.0,-0.027579493835171998,-0.027579493835171998,0.0,-0.027966948563397882,30.25333333333333,30.48,30.540000000000003,30.18035281509165,30.326555997306883,30.43479677319082,0.015923028189850363,0.01233392460009611,0.010964164217480653,-0.8500000000000014,-0.02757949383517201,-0.8500000000000014,-0.02757949383517201,-0.3000000000000007,-0.009910802775024801,29.97,30.82,29.97,30.82,29.97,30.82,0.0,0.0,0.0,1,3,3,29.97,0.0,SAME,1.0
BNBL,2026-03-04,29.97,29.97,29.97,30.82,30.82,30.27,0.0,0.0,-0.8500000000000014,0.0,0.0,-0.027579493835171998,0.0,0.0,29.97,30.310000000000002,30.509999999999998,30.075176407545825,30.20770399820459,30.350288268974303,0.015923028189850363,0.01233392460009611,0.010964164217480653,-0.8500000000000014,-0.02757949383517201,-0.8500000000000014,-0.02757949383517201,-0.3000000000000007,-0.009910802775024801,29.97,29.97,29.97,30.82,29.97,30.82,,0.0,0.0,2,3,4,29.97,0.0,SAME,1.0
BNBL,2026-03-05,29.97,29.97,29.97,29.97,30.82,30.27,0.0,0.0,0.0,0.0,0.0,0.0,0.0,0.0,29.97,30.139999999999997,30.48,30.022588203772912,30.128469332136394,30.28114494734261,0.0,0.01233392460009611,0.010964164217480653,0.0,0.0,-0.8500000000000014,-0.02757949383517201,-0.3000000000000007,-0.009910802775024801,29.97,29.97,29.97,30.82,29.97,30.82,,0.0,0.0,3,3,5,29.97,0.0,SAME,1.0
BNBL,2026-03-06,29.97,29.97,29.97,29.97,30.82,30.82,0.0,0.0,0.0,0.0,0.0,0.0,0.0,0.0,29.97,29.97,30.395,29.996294101886456,30.075646221424265,30.22457313873486,0.0,0.01233392460009611,0.008721401723371523,0.0,0.0,-0.8500000000000014,-0.02757949383517201,-0.8500000000000014,-0.02757949383517201,29.97,29.97,29.97,29.97,29.97,30.82,,,0.0,4,3,6,29.97,0.0,SAME,1.0
BNBL,2026-03-09,29.97,29.97,29.97,29.97,29.97,30.82,0.0,0.0,0.0,0.0,0.0,0.0,0.0,0.0,29.97,29.97,30.310000000000002,29.983147050943227,30.040430814282843,30.17828711351034,0.0,0.0,0.008721401723371523,0.0,0.0,0.0,0.0,-0.8500000000000014,-0.02757949383517201,29.97,29.97,29.97,29.97,29.97,30.82,,,0.0,0,3,9,29.97,0.0,SAME,1.0
BNBL,2026-03-10,29.97,29.97,29.97,29.97,29.97,30.82,0.0,0.0,0.0,0.0,0.0,0.0,0.0,0.0,29.97,29.97,30.225,29.976573525471615,30.016953876188563,30.14041672923573,0.0,0.0,0.008721401723371523,0.0,0.0,0.0,0.0,-0.8500000000000014,-0.02757949383517201,29.97,29.97,29.97,29.97,29.97,30.82,,,0.0,1,3,10,29.99,0.019999999999999574,UP,2.0
BNBL,2026-03-11,29.99,29.97,29.97,29.97,29.97,30.82,0.019999999999999574,0.019999999999999574,0.019999999999999574,0.000667334000667319,0.000667334000667319,0.000667334000667319,0.0006671114323458633,0.0006671114323458633,29.97666666666667,29.974,30.142000000000003,29.98328676273581,30.007969250792378,30.113068233011052,0.00038528546493355674,0.00029844083783435183,0.008747363921503137,0.019999999999999574,0.0006673340006673198,0.019999999999999574,0.0006673340006673198,-0.8300000000000018,-0.026930564568462097,29.97,29.99,29.97,29.99,29.97,30.82,1.0,1.0,0.02352941176470534,2,3,11,30.0,0.010000000000001563,UP,2.0
BNBL,2026-03-12,30.0,29.99,29.97,29.97,29.97,30.82,0.010000000000001563,0.030000000000001137,0.030000000000001137,0.0003334444814939719,0.0010010010010010895,0.0010010010010010895,0.0003333889012377957,0.001000500333583622,29.986666666666668,29.98,30.060000000000002,29.991643381367904,30.005312833861588,30.092510372463586,0.0003336670250764988,0.00029841597502721837,0.008759389813307822,0.030000000000001137,0.001001001001001039,0.030000000000001137,0.001001001001001039,-0.8200000000000003,-0.026606099935107083,29.97,30.0,29.97,30.0,29.97,30.82,1.0,1.0,0.0352941176470601,3,3,12,30.0,0.0,SAME,1.0
BNBL,2026-03-13,30.0,30.0,29.99,29.97,29.97,30.82,0.0,0.010000000000001563,0.030000000000001137,0.0,0.0003334444814939719,0.0010010010010010895,0.0,0.0003333889012377957,29.99666666666667,29.986,29.977999999999998,29.995821690683954,30.00354188924106,30.075690304742935,0.0003336670250764989,0.00029841597502721837,0.008759389813307822,0.030000000000001137,0.001001001001001039,0.030000000000001137,0.001001001001001039,-0.8200000000000003,-0.026606099935107083,29.99,30.0,29.97,30.0,29.97,30.0,1.0,1.0,1.0,4,3,13,30.0,0.0,SAME,1.0
BNBL,2026-03-16,30.0,30.0,30.0,29.99,29.97,29.97,0.0,0.0,0.010000000000001563,0.0,0.0,0.0003334444814939719,0.0,0.0,30.0,29.992,29.981,29.997910845341977,30.00236125949404,30.061928431153312,0.00019251426116810618,0.00029841597502721837,0.0002251824281772209,0.010000000000001563,0.0003334444814938834,0.030000000000001137,0.001001001001001039,0.030000000000001137,0.001001001001001039,30.0,30.0,29.97,30.0,29.97,30.0,,1.0,1.0,0,3,16,30.0,0.0,SAME,1.0
BNBL,2026-03-17,30.0,30.0,30.0,30.0,29.97,29.97,0.0,0.0,0.0,0.0,0.0,0.0,0.0,0.0,30.0,29.998,29.983999999999998,29.99895542267099,30.00157417299603,30.050668716398164,0.0,0.00029841597502721837,0.0002251824281772209,0.0,0.0,0.030000000000001137,0.001001001001001039,0.030000000000001137,0.001001001001001039,30.0,30.0,29.99,30.0,29.97,30.0,,1.0,1.0,1,3,17,30.0,0.0,SAME,1.0
BNBL,2026-03-18,30.0,30.0,30.0,30.0,29.99,29.97,0.0,0.0,0.0,0.0,0.0,0.0,0.0,0.0,30.0,30.0,29.987000000000002,29.999477711335494,30.001049448664023,30.041456222507584,0.0,0.0001491209054616313,0.0002251824281772209,0.0,0.0,0.010000000000001563,0.0003334444814938834,0.030000000000001137,0.001001001001001039,30.0,30.0,30.0,30.0,29.97,30.0,,,1.0,2,3,18,30.0,0.0,SAME,1.0
BNBL,2026-03-19,30.0,30.0,30.0,30.0,30.0,29.97,0.0,0.0,0.0,0.0,0.0,0.0,0.0,0.0,30.0,30.0,29.99,29.999738855667747,30.000699632442686,30.033918727506205,0.0,0.0,0.0002251824281772209,0.0,0.0,0.0,0.0,0.030000000000001137,0.001001001001001039,30.0,30.0,30.0,30.0,29.97,30.0,,,1.0,3,3,19,30.0,0.0,SAME,1.0
BNBL,2026-03-20,30.0,30.0,30.0,30.0,30.0,29.97,0.0,0.0,0.0,0.0,0.0,0.0,0.0,0.0,30.0,30.0,29.993000000000002,29.999869427833872,30.00046642162846,30.027751686141436,0.0,0.0,0.0002251824281772209,0.0,0.0,0.0,0.0,0.030000000000001137,0.001001001001001039,30.0,30.0,30.0,30.0,29.97,30.0,,,1.0,4,3,20,30.0,0.0,SAME,1.0
BNBL,2026-03-23,30.0,30.0,30.0,30.0,30.0,29.97,0.0,0.0,0.0,0.0,0.0,0.0,0.0,0.0,30.0,30.0,29.996,29.999934713916936,30.000310947752308,30.02270592502481,0.0,0.0,0.0002251824281772209,0.0,0.0,0.0,0.0,0.030000000000001137,0.001001001001001039,30.0,30.0,30.0,30.0,29.97,30.0,,,1.0,0,3,23,30.0,0.0,SAME,1.0
BNBL,2026-03-24,30.0,30.0,30.0,30.0,30.0,29.97,0.0,0.0,0.0,0.0,0.0,0.0,0.0,0.0,30.0,30.0,29.999000000000002,29.999967356958468,30.00020729850154,30.018577575020295,0.0,0.0,0.0002251824281772209,0.0,0.0,0.0,0.0,0.030000000000001137,0.001001001001001039,30.0,30.0,30.0,30.0,29.99,30.0,,,1.0,1,3,24,30.0,0.0,SAME,1.0
BNBL,2026-03-25,30.0,30.0,30.0,30.0,30.0,29.99,0.0,0.0,0.0,0.0,0.0,0.0,0.0,0.0,30.0,30.0,30.0,29.999983678479232,30.00013819900103,30.015199834107513,0.0,0.0,0.00010544440346736048,0.0,0.0,0.0,0.0,0.010000000000001563,0.0003334444814938834,30.0,30.0,30.0,30.0,30.0,30.0,,,,2,3,25,30.0,0.0,SAME,1.0
BNBL,2026-03-26,30.0,30.0,30.0,30.0,30.0,30.0,0.0,0.0,0.0,0.0,0.0,0.0,0.0,0.0,30.0,30.0,30.0,29.999991839239616,30.000092132667355,30.012436227906143,0.0,0.0,0.0,0.0,0.0,0.0,0.0,0.0,0.0,30.0,30.0,30.0,30.0,30.0,30.0,,,,3,3,26,30.0,0.0,SAME,1.0
BNBL,2026-03-27,30.0,30.0,30.0,30.0,30.0,30.0,0.0,0.0,0.0,0.0,0.0,0.0,0.0,0.0,30.0,30.0,30.0,29.999995919619806,30.000061421778238,30.010175095559568,0.0,0.0,0.0,0.0,0.0,0.0,0.0,0.0,0.0,30.0,30.0,30.0,30.0,30.0,30.0,,,,4,3,27,30.0,0.0,SAME,1.0
BNBL,2026-03-30,30.0,30.0,30.0,30.0,30.0,30.0,0.0,0.0,0.0,0.0,0.0,0.0,0.0,0.0,30.0,30.0,30.0,29.999997959809903,30.00004094785216,30.008325078185102,0.0,0.0,0.0,0.0,0.0,0.0,0.0,0.0,0.0,30.0,30.0,30.0,30.0,30.0,30.0,,,,0,3,30,29.04,-0.9600000000000009,DOWN,0.0
BNBL,2026-03-31,29.04,30.0,30.0,30.0,30.0,30.0,-0.9600000000000009,-0.9600000000000009,-0.9600000000000009,-0.03200000000000003,-0.03200000000000003,-0.03200000000000003,-0.03252319170556006,-0.03252319170556006,29.680000000000003,29.808,29.903999999999996,29.51999897990495,29.68002729856811,29.832265973060537,0.018475208614068202,0.014310835055998596,0.010119288512538762,-0.9600000000000009,-0.03200000000000003,-0.9600000000000009,-0.03200000000000003,-0.9600000000000009,-0.03200000000000003,29.04,30.0,29.04,30.0,29.04,30.0,0.0,0.0,0.0,1,3,31,29.04,0.0,SAME,1.0
BNBL,2026-04-01,29.04,29.04,30.0,30.0,30.0,30.0,0.0,-0.9600000000000009,-0.9600000000000009,0.0,-0.03200000000000003,-0.03200000000000003,0.0,-0.03252319170556006,29.36,29.615999999999996,29.808,29.279999489952473,29.466684865712075,29.688217614322255,0.018475208614068202,0.014310835055998596,0.010119288512538762,-0.9600000000000009,-0.03200000000000003,-0.9600000000000009,-0.03200000000000003,-0.9600000000000009,-0.03200000000000003,29.04,30.0,29.04,30.0,29.04,30.0,0.0,0.0,0.0,2,4,1,29.04,0.0,SAME,1.0
BNBL,2026-04-02,29.04,29.04,29.04,30.0,30.0,30.0,0.0,0.0,-0.9600000000000009,0.0,0.0,-0.03200000000000003,0.0,0.0,29.04,29.424,29.712,29.159999744976236,29.324456577141387,29.57035986626366,0.018475208614068202,0.014310835055998596,0.010119288512538762,-0.9600000000000009,-0.03200000000000003,-0.9600000000000009,-0.03200000000000003,-0.9600000000000009,-0.03200000000000003,29.04,29.04,29.04,30.0,29.04,30.0,,0.0,0.0,3,4,2,29.01,-0.029999999999997584,DOWN,0.0
BNBL,2026-04-03,29.01,29.04,29.04,29.04,30.0,30.0,-0.029999999999997584,-0.029999999999997584,-0.029999999999997584,-0.0010330578512396382,-0.0010330578512396382,-0.0010330578512396382,-0.0010335918232826594,-0.0010335918232826594,29.03,29.226,29.613,29.08499987248812,29.219637718094262,29.468476254215723,0.0005964362285074948,0.014202382074174496,0.010088215993720725,-0.029999999999997584,-0.0010330578512395862,-0.9899999999999984,-0.032999999999999946,-0.9899999999999984,-0.032999999999999946,29.01,29.04,29.01,30.0,29.01,30.0,0.0,0.0,0.0,4,4,3,29.0,-0.010000000000001563,DOWN,0.0
BNBL,2026-04-06,29.0,29.01,29.04,29.04,30.0,30.0,-0.010000000000001563,-0.03999999999999915,-0.03999999999999915,-0.00034470872113068207,-0.0013774104683195176,-0.0013774104683195176,-0.0003447681468386594,-0.0013783599701212709,29.01666666666667,29.026,29.512999999999998,29.04249993624406,29.14642514539618,29.38329875344923,0.0005259684957921034,0.014163076752197034,0.010076256483494353,-0.03999999999999915,-0.00137741046831953,-1.0,-0.03333333333333333,-1.0,-0.03333333333333333,29.0,29.04,29.0,29.04,29.0,30.0,0.0,0.0,0.0,0,4,6,29.0,0.0,SAME,1.0
BNBL,2026-04-07,29.0,29.0,29.01,29.04,29.04,30.0,0.0,-0.010000000000001563,-0.03999999999999915,0.0,-0.00034470872113068207,-0.0013774104683195176,0.0,-0.0003447681468386594,29.003333333333334,29.018,29.413,29.021249968122028,29.097616763597458,29.313608071003912,0.0005259684957921034,0.00044899456590114634,0.010076256483494353,-0.03999999999999915,-0.00137741046831953,-0.03999999999999915,-0.00137741046831953,-1.0,-0.03333333333333333,29.0,29.01,29.0,29.04,29.0,30.0,0.0,0.0,0.0,1,4,7,29.0,0.0,SAME,1.0
BNBL,2026-04-08,29.0,29.0,29.0,29.01,29.04,30.0,0.0,0.0,-0.010000000000001563,0.0,0.0,-0.00034470872113068207,0.0,0.0,29.0,29.01,29.313,29.010624984061014,29.06507784239831,29.256588421730473,0.00019901767295435092,0.00044899456590114634,0.010076256483494353,-0.010000000000001563,-0.0003447087211306985,-0.03999999999999915,-0.00137741046831953,-1.0,-0.03333333333333333,29.0,29.0,29.0,29.04,29.0,30.0,,0.0,0.0,2,4,8,29.0,0.0,SAME,1.0
BNBL,2026-04-09,29.0,29.0,29.0,29.0,29.04,30.0,0.0,0.0,0.0,0.0,0.0,0.0,0.0,0.0,29.0,29.002,29.213,29.005312492030505,29.043385228265542,29.209935981415843,0.0,0.00044899456590114634,0.010076256483494353,0.0,0.0,-0.03999999999999915,-0.00137741046831953,-1.0,-0.03333333333333333,29.0,29.0,29.0,29.01,29.0,30.0,,0.0,0.0,3,4,9,29.0,0.0,SAME,1.0
BNBL,2026-04-10,29.0,29.0,29.0,29.0,29.01,30.0,0.0,0.0,0.0,0.0,0.0,0.0,0.0,0.0,29.0,29.0,29.113,29.002656246015253,29.02892348551036,29.171765802976598,0.0,0.00015415842657042706,0.010076256483494353,0.0,0.0,-0.010000000000001563,-0.0003447087211306985,-1.0,-0.03333333333333333,29.0,29.0,29.0,29.0,29.0,30.0,,,0.0,4,4,10,29.0,0.0,SAME,1.0
BNBL,2026-04-13,29.0,29.0,29.0,29.0,29.0,30.0,0.0,0.0,0.0,0.0,0.0,0.0,0.0,0.0,29.0,29.0,29.012999999999998,29.001328123007625,29.01928232367358,29.140535656980852,0.0,0.0,0.010076256483494353,0.0,0.0,0.0,0.0,-1.0,-0.03333333333333333,29.0,29.0,29.0,29.0,29.0,29.04,,,0.0,0,4,13,29.0,0.0,SAME,1.0
BNBL,2026-04-14,29.0,29.0,29.0,29.0,29.0,29.04,0.0,0.0,0.0,0.0,0.0,0.0,0.0,0.0,29.0,29.0,29.009000000000004,29.000664061503812,29.012854882449055,29.11498371934797,0.0,0.0,0.0003327008255050511,0.0,0.0,0.0,0.0,-0.03999999999999915,-0.00137741046831953,29.0,29.0,29.0,29.0,29.0,29.04,,,0.0,1,4,14,29.0,0.0,SAME,1.0
BNBL,2026-04-15,29.0,29.0,29.0,29.0,29.0,29.04,0.0,0.0,0.0,0.0,0.0,0.0,0.0,0.0,29.0,29.0,29.005000000000003,29.000332030751906,29.008569921632706,29.09407758855743,0.0,0.0,0.0003327008255050511,0.0,0.0,0.0,0.0,-0.03999999999999915,-0.00137741046831953,29.0,29.0,29.0,29.0,29.0,29.04,,,0.0,2,4,15,29.0,0.0,SAME,1.0
BNBL,2026-04-16,29.0,29.0,29.0,29.0,29.0,29.04,0.0,0.0,0.0,0.0,0.0,0.0,0.0,0.0,29.0,29.0,29.000999999999998,29.000166015375953,29.005713281088475,29.07697257245608,0.0,0.0,0.0003327008255050511,0.0,0.0,0.0,0.0,-0.03999999999999915,-0.00137741046831953,29.0,29.0,29.0,29.0,29.0,29.01,,,0.0,3,4,16,29.0,0.0,SAME,1.0
BNBL,2026-04-17,29.0,29.0,29.0,29.0,29.0,29.01,0.0,0.0,0.0,0.0,0.0,0.0,0.0,0.0,29.0,29.0,29.0,29.000083007687977,29.00380885405899,29.062977559282245,0.0,0.0,0.00010900646880374922,0.0,0.0,0.0,0.0,-0.010000000000001563,-0.0003447087211306985,29.0,29.0,29.0,29.0,29.0,29.0,,,,4,4,17,28.99,-0.010000000000001563,DOWN,0.0
BNBL,2026-04-20,28.99,29.0,29.0,29.0,29.0,29.0,-0.010000000000001563,-0.010000000000001563,-0.010000000000001563,-0.00034482758620690834,-0.00034482758620690834,-0.00034482758620690834,-0.00034488705290991234,-0.00034488705290991234,28.996666666666666,28.998,28.999000000000002,28.995041503843986,28.999205902705995,29.049708912140016,0.00019908629973810132,0.00015421158464854788,0.00010904405724126371,-0.010000000000001563,-0.00034482758620695046,-0.010000000000001563,-0.00034482758620695046,-0.010000000000001563,-0.00034482758620695046,28.99,29.0,28.99,29.0,28.99,29.0,0.0,0.0,0.0,0,4,20,,,,
