Company,Date,Close,lag_1,lag_2,lag_3,lag_5,lag_10,diff_1,diff_2,diff_3,return_1,return_2,return_3,log_return_1,log_return_2,sma_3,sma_5,sma_10,ema_3,ema_5,ema_10,volatility_3,volatility_5,volatility_10,momentum_3,roc_3,momentum_5,roc_5,momentum_10,roc_10,roll_min_3,roll_max_3,roll_min_5,roll_max_5,roll_min_10,roll_max_10,range_position_3,range_position_5,range_position_10,day_of_week,month,day,future_close,future_diff,target,target_class
BPCL,2020-04-23,30.9,,,,,,,,,,,,,,,,,30.9,30.9,30.9,,,,,,,,,,,,,,,,,,,3,4,23,30.9,0.0,SAME,1.0
BPCL,2020-04-24,30.9,30.9,,,,,0.0,,,0.0,,,0.0,,,,,30.9,30.9,30.9,,,,,,,,,,,,,,,,,,,4,4,24,30.9,0.0,SAME,1.0
BPCL,2020-04-27,30.9,30.9,30.9,,,,0.0,0.0,,0.0,0.0,,0.0,0.0,30.9,,,30.9,30.9,30.9,,,,,,,,,,30.9,30.9,,,,,,,,0,4,27,30.9,0.0,SAME,1.0
BPCL,2020-04-28,30.9,30.9,30.9,30.9,,,0.0,0.0,0.0,0.0,0.0,0.0,0.0,0.0,30.9,,,30.9,30.9,30.9,0.0,,,0.0,0.0,,,,,30.9,30.9,,,,,,,,1,4,28,30.9,0.0,SAME,1.0
BPCL,2020-04-29,30.9,30.9,30.9,30.9,,,0.0,0.0,0.0,0.0,0.0,0.0,0.0,0.0,30.9,30.9,,30.9,30.9,30.9,0.0,,,0.0,0.0,,,,,30.9,30.9,30.9,30.9,,,,,,2,4,29,30.9,0.0,SAME,1.0
BPCL,2020-04-30,30.9,30.9,30.9,30.9,30.9,,0.0,0.0,0.0,0.0,0.0,0.0,0.0,0.0,30.9,30.9,,30.9,30.9,30.9,0.0,0.0,,0.0,0.0,0.0,0.0,,,30.9,30.9,30.9,30.9,,,,,,3,4,30,30.9,0.0,SAME,1.0
BPCL,2020-05-01,30.9,30.9,30.9,30.9,30.9,,0.0,0.0,0.0,0.0,0.0,0.0,0.0,0.0,30.9,30.9,,30.9,30.9,30.9,0.0,0.0,,0.0,0.0,0.0,0.0,,,30.9,30.9,30.9,30.9,,,,,,4,5,1,31.67,0.7700000000000031,UP,2.0
BPCL,2020-05-04,31.67,30.9,30.9,30.9,30.9,,0.7700000000000031,0.7700000000000031,0.7700000000000031,0.02491909385113278,0.02491909385113278,0.02491909385113278,0.02461367664684874,0.02461367664684874,31.156666666666666,31.053999999999995,,31.285,31.156666666666666,31.039999999999996,0.014387045542913058,0.011144157557765983,,0.7700000000000031,0.02491909385113279,0.7700000000000031,0.02491909385113279,,,30.9,31.67,30.9,31.67,,,1.0,1.0,,0,5,4,31.67,0.0,SAME,1.0
BPCL,2020-05-05,31.67,31.67,30.9,30.9,30.9,,0.0,0.7700000000000031,0.7700000000000031,0.0,0.02491909385113278,0.02491909385113278,0.0,0.02461367664684874,31.413333333333338,31.208,,31.4775,31.327777777777783,31.15454545454545,0.014387045542913058,0.011144157557765983,,0.7700000000000031,0.02491909385113279,0.7700000000000031,0.02491909385113279,,,30.9,31.67,30.9,31.67,,,1.0,1.0,,1,5,5,31.67,0.0,SAME,1.0
BPCL,2020-05-06,31.67,31.67,31.67,30.9,30.9,,0.0,0.0,0.7700000000000031,0.0,0.0,0.02491909385113278,0.0,0.0,31.67,31.362000000000002,31.131,31.57375,31.441851851851858,31.24826446280991,0.014387045542913058,0.011144157557765983,,0.7700000000000031,0.02491909385113279,0.7700000000000031,0.02491909385113279,,,31.67,31.67,30.9,31.67,30.9,31.67,,1.0,1.0,2,5,6,31.67,0.0,SAME,1.0
BPCL,2020-05-07,31.67,31.67,31.67,31.67,30.9,30.9,0.0,0.0,0.0,0.0,0.0,0.0,0.0,0.0,31.67,31.516000000000002,31.208000000000006,31.621875000000003,31.51790123456791,31.324943651389923,0.0,0.011144157557765983,0.00788010937970764,0.0,0.0,0.7700000000000031,0.02491909385113279,0.7700000000000031,0.02491909385113279,31.67,31.67,30.9,31.67,30.9,31.67,,1.0,1.0,3,5,7,31.67,0.0,SAME,1.0
BPCL,2020-05-08,31.67,31.67,31.67,31.67,30.9,30.9,0.0,0.0,0.0,0.0,0.0,0.0,0.0,0.0,31.67,31.67,31.284999999999997,31.645937500000002,31.568600823045273,31.387681169319027,0.0,0.011144157557765983,0.00788010937970764,0.0,0.0,0.7700000000000031,0.02491909385113279,0.7700000000000031,0.02491909385113279,31.67,31.67,31.67,31.67,30.9,31.67,,,1.0,4,5,8,31.67,0.0,SAME,1.0
BPCL,2020-05-11,31.67,31.67,31.67,31.67,31.67,30.9,0.0,0.0,0.0,0.0,0.0,0.0,0.0,0.0,31.67,31.67,31.362000000000002,31.657968750000002,31.60240054869685,31.439011865806474,0.0,0.0,0.00788010937970764,0.0,0.0,0.0,0.0,0.7700000000000031,0.02491909385113279,31.67,31.67,31.67,31.67,30.9,31.67,,,1.0,0,5,11,31.67,0.0,SAME,1.0
BPCL,2020-05-12,31.67,31.67,31.67,31.67,31.67,30.9,0.0,0.0,0.0,0.0,0.0,0.0,0.0,0.0,31.67,31.67,31.439000000000004,31.663984375000002,31.624933699131233,31.481009708387113,0.0,0.0,0.00788010937970764,0.0,0.0,0.0,0.0,0.7700000000000031,0.02491909385113279,31.67,31.67,31.67,31.67,30.9,31.67,,,1.0,1,5,12,31.67,0.0,SAME,1.0
BPCL,2020-05-13,31.67,31.67,31.67,31.67,31.67,30.9,0.0,0.0,0.0,0.0,0.0,0.0,0.0,0.0,31.67,31.67,31.516000000000002,31.6669921875,31.639955799420825,31.515371579589452,0.0,0.0,0.00788010937970764,0.0,0.0,0.0,0.0,0.7700000000000031,0.02491909385113279,31.67,31.67,31.67,31.67,30.9,31.67,,,1.0,2,5,13,31.67,0.0,SAME,1.0
BPCL,2020-05-14,31.67,31.67,31.67,31.67,31.67,30.9,0.0,0.0,0.0,0.0,0.0,0.0,0.0,0.0,31.67,31.67,31.593,31.66849609375,31.649970532947222,31.543485837845914,0.0,0.0,0.00788010937970764,0.0,0.0,0.0,0.0,0.7700000000000031,0.02491909385113279,31.67,31.67,31.67,31.67,30.9,31.67,,,1.0,3,5,14,31.67,0.0,SAME,1.0
BPCL,2020-05-15,31.67,31.67,31.67,31.67,31.67,30.9,0.0,0.0,0.0,0.0,0.0,0.0,0.0,0.0,31.67,31.67,31.67,31.669248046875,31.656647021964815,31.56648841278302,0.0,0.0,0.00788010937970764,0.0,0.0,0.0,0.0,0.7700000000000031,0.02491909385113279,31.67,31.67,31.67,31.67,31.67,31.67,,,,4,5,15,31.67,0.0,SAME,1.0
BPCL,2020-05-18,31.67,31.67,31.67,31.67,31.67,31.67,0.0,0.0,0.0,0.0,0.0,0.0,0.0,0.0,31.67,31.67,31.67,31.6696240234375,31.661098014643215,31.58530870136792,0.0,0.0,0.0,0.0,0.0,0.0,0.0,0.0,0.0,31.67,31.67,31.67,31.67,31.67,31.67,,,,0,5,18,31.67,0.0,SAME,1.0
BPCL,2020-05-19,31.67,31.67,31.67,31.67,31.67,31.67,0.0,0.0,0.0,0.0,0.0,0.0,0.0,0.0,31.67,31.67,31.67,31.66981201171875,31.66406534309548,31.600707119301024,0.0,0.0,0.0,0.0,0.0,0.0,0.0,0.0,0.0,31.67,31.67,31.67,31.67,31.67,31.67,,,,1,5,19,31.67,0.0,SAME,1.0
BPCL,2020-05-20,31.67,31.67,31.67,31.67,31.67,31.67,0.0,0.0,0.0,0.0,0.0,0.0,0.0,0.0,31.67,31.67,31.67,31.669906005859374,31.666043562063656,31.613305824882655,0.0,0.0,0.0,0.0,0.0,0.0,0.0,0.0,0.0,31.67,31.67,31.67,31.67,31.67,31.67,,,,2,5,20,31.67,0.0,SAME,1.0
BPCL,2020-05-21,31.67,31.67,31.67,31.67,31.67,31.67,0.0,0.0,0.0,0.0,0.0,0.0,0.0,0.0,31.67,31.67,31.67,31.669953002929688,31.667362374709107,31.62361385672217,0.0,0.0,0.0,0.0,0.0,0.0,0.0,0.0,0.0,31.67,31.67,31.67,31.67,31.67,31.67,,,,3,5,21,31.67,0.0,SAME,1.0
BPCL,2020-05-22,31.67,31.67,31.67,31.67,31.67,31.67,0.0,0.0,0.0,0.0,0.0,0.0,0.0,0.0,31.67,31.67,31.67,31.669976501464845,31.668241583139405,31.6320477009545,0.0,0.0,0.0,0.0,0.0,0.0,0.0,0.0,0.0,31.67,31.67,31.67,31.67,31.67,31.67,,,,4,5,22,31.67,0.0,SAME,1.0
BPCL,2020-05-25,31.67,31.67,31.67,31.67,31.67,31.67,0.0,0.0,0.0,0.0,0.0,0.0,0.0,0.0,31.67,31.67,31.67,31.669988250732423,31.668827722092942,31.638948118962773,0.0,0.0,0.0,0.0,0.0,0.0,0.0,0.0,0.0,31.67,31.67,31.67,31.67,31.67,31.67,,,,0,5,25,31.67,0.0,SAME,1.0
BPCL,2020-05-26,31.67,31.67,31.67,31.67,31.67,31.67,0.0,0.0,0.0,0.0,0.0,0.0,0.0,0.0,31.67,31.67,31.67,31.669994125366213,31.669218481395298,31.644593915514992,0.0,0.0,0.0,0.0,0.0,0.0,0.0,0.0,0.0,31.67,31.67,31.67,31.67,31.67,31.67,,,,1,5,26,31.67,0.0,SAME,1.0
BPCL,2020-05-27,31.67,31.67,31.67,31.67,31.67,31.67,0.0,0.0,0.0,0.0,0.0,0.0,0.0,0.0,31.67,31.67,31.67,31.66999706268311,31.669478987596868,31.649213203603175,0.0,0.0,0.0,0.0,0.0,0.0,0.0,0.0,0.0,31.67,31.67,31.67,31.67,31.67,31.67,,,,2,5,27,31.67,0.0,SAME,1.0
BPCL,2020-05-28,31.67,31.67,31.67,31.67,31.67,31.67,0.0,0.0,0.0,0.0,0.0,0.0,0.0,0.0,31.67,31.67,31.67,31.669998531341555,31.669652658397915,31.65299262112987,0.0,0.0,0.0,0.0,0.0,0.0,0.0,0.0,0.0,31.67,31.67,31.67,31.67,31.67,31.67,,,,3,5,28,31.67,0.0,SAME,1.0
BPCL,2020-05-29,31.67,31.67,31.67,31.67,31.67,31.67,0.0,0.0,0.0,0.0,0.0,0.0,0.0,0.0,31.67,31.67,31.67,31.66999926567078,31.669768438931946,31.656084871833528,0.0,0.0,0.0,0.0,0.0,0.0,0.0,0.0,0.0,31.67,31.67,31.67,31.67,31.67,31.67,,,,4,5,29,31.67,0.0,SAME,1.0
BPCL,2020-06-01,31.67,31.67,31.67,31.67,31.67,31.67,0.0,0.0,0.0,0.0,0.0,0.0,0.0,0.0,31.67,31.67,31.67,31.669999632835392,31.669845625954636,31.65861489513652,0.0,0.0,0.0,0.0,0.0,0.0,0.0,0.0,0.0,31.67,31.67,31.67,31.67,31.67,31.67,,,,0,6,1,31.67,0.0,SAME,1.0
BPCL,2020-06-02,31.67,31.67,31.67,31.67,31.67,31.67,0.0,0.0,0.0,0.0,0.0,0.0,0.0,0.0,31.67,31.67,31.67,31.669999816417697,31.669897083969758,31.660684914202605,0.0,0.0,0.0,0.0,0.0,0.0,0.0,0.0,0.0,31.67,31.67,31.67,31.67,31.67,31.67,,,,1,6,2,31.67,0.0,SAME,1.0
BPCL,2020-06-03,31.67,31.67,31.67,31.67,31.67,31.67,0.0,0.0,0.0,0.0,0.0,0.0,0.0,0.0,31.67,31.67,31.67,31.66999990820885,31.669931389313177,31.662378566165767,0.0,0.0,0.0,0.0,0.0,0.0,0.0,0.0,0.0,31.67,31.67,31.67,31.67,31.67,31.67,,,,2,6,3,31.67,0.0,SAME,1.0
BPCL,2020-06-04,31.67,31.67,31.67,31.67,31.67,31.67,0.0,0.0,0.0,0.0,0.0,0.0,0.0,0.0,31.67,31.67,31.67,31.669999954104426,31.669954259542124,31.66376428140835,0.0,0.0,0.0,0.0,0.0,0.0,0.0,0.0,0.0,31.67,31.67,31.67,31.67,31.67,31.67,,,,3,6,4,32.46,0.7899999999999991,UP,2.0
BPCL,2020-06-08,32.46,31.67,31.67,31.67,31.67,31.67,0.7899999999999991,0.7899999999999991,0.7899999999999991,0.02494474265866753,0.02494474265866753,0.02494474265866753,0.024638701535896746,0.024638701535896746,31.933333333333337,31.827999999999996,31.749000000000002,32.06499997705221,31.93330283969475,31.808534412061377,0.014401853888847639,0.011155628053203887,0.00788822024481535,0.7899999999999991,0.02494474265866748,0.7899999999999991,0.02494474265866748,0.7899999999999991,0.02494474265866748,31.67,32.46,31.67,32.46,31.67,32.46,1.0,1.0,1.0,0,6,8,32.46,0.0,SAME,1.0
BPCL,2020-06-09,32.46,32.46,31.67,31.67,31.67,31.67,0.0,0.7899999999999991,0.7899999999999991,0.0,0.02494474265866753,0.02494474265866753,0.0,0.024638701535896746,32.196666666666665,31.986,31.827999999999996,32.2624999885261,32.108868559796505,31.92698270077749,0.014401853888847639,0.011155628053203887,0.00788822024481535,0.7899999999999991,0.02494474265866748,0.7899999999999991,0.02494474265866748,0.7899999999999991,0.02494474265866748,31.67,32.46,31.67,32.46,31.67,32.46,1.0,1.0,1.0,1,6,9,32.46,0.0,SAME,1.0
BPCL,2020-06-10,32.46,32.46,32.46,31.67,31.67,31.67,0.0,0.0,0.7899999999999991,0.0,0.0,0.02494474265866753,0.0,0.0,32.46,32.144,31.907000000000004,32.36124999426305,32.22591237319767,32.02389493699977,0.014401853888847639,0.011155628053203887,0.00788822024481535,0.7899999999999991,0.02494474265866748,0.7899999999999991,0.02494474265866748,0.7899999999999991,0.02494474265866748,32.46,32.46,31.67,32.46,31.67,32.46,,1.0,1.0,2,6,10,32.46,0.0,SAME,1.0
BPCL,2020-06-11,32.46,32.46,32.46,32.46,31.67,31.67,0.0,0.0,0.0,0.0,0.0,0.0,0.0,0.0,32.46,32.30200000000001,31.986,32.41062499713152,32.303941582131785,32.10318676663617,0.0,0.011155628053203887,0.00788822024481535,0.0,0.0,0.7899999999999991,0.02494474265866748,0.7899999999999991,0.02494474265866748,32.46,32.46,31.67,32.46,31.67,32.46,,1.0,1.0,3,6,11,32.46,0.0,SAME,1.0
BPCL,2020-06-12,32.46,32.46,32.46,32.46,31.67,31.67,0.0,0.0,0.0,0.0,0.0,0.0,0.0,0.0,32.46,32.46,32.065,32.435312498565764,32.35596105475453,32.168061899975044,0.0,0.011155628053203887,0.00788822024481535,0.0,0.0,0.7899999999999991,0.02494474265866748,0.7899999999999991,0.02494474265866748,32.46,32.46,32.46,32.46,31.67,32.46,,,1.0,4,6,12,32.46,0.0,SAME,1.0
BPCL,2020-06-15,32.46,32.46,32.46,32.46,32.46,31.67,0.0,0.0,0.0,0.0,0.0,0.0,0.0,0.0,32.46,32.46,32.144,32.447656249282886,32.390640703169694,32.22114155452503,0.0,0.0,0.00788822024481535,0.0,0.0,0.0,0.0,0.7899999999999991,0.02494474265866748,32.46,32.46,32.46,32.46,31.67,32.46,,,1.0,0,6,15,32.46,0.0,SAME,1.0
BPCL,2020-06-16,32.46,32.46,32.46,32.46,32.46,31.67,0.0,0.0,0.0,0.0,0.0,0.0,0.0,0.0,32.46,32.46,32.223,32.45382812464145,32.4137604687798,32.26457036279321,0.0,0.0,0.00788822024481535,0.0,0.0,0.0,0.0,0.7899999999999991,0.02494474265866748,32.46,32.46,32.46,32.46,31.67,32.46,,,1.0,1,6,16,32.46,0.0,SAME,1.0
BPCL,2020-06-17,32.46,32.46,32.46,32.46,32.46,31.67,0.0,0.0,0.0,0.0,0.0,0.0,0.0,0.0,32.46,32.46,32.30200000000001,32.45691406232072,32.4291736458532,32.300103024103535,0.0,0.0,0.00788822024481535,0.0,0.0,0.0,0.0,0.7899999999999991,0.02494474265866748,32.46,32.46,32.46,32.46,31.67,32.46,,,1.0,2,6,17,32.46,0.0,SAME,1.0
BPCL,2020-06-18,32.46,32.46,32.46,32.46,32.46,31.67,0.0,0.0,0.0,0.0,0.0,0.0,0.0,0.0,32.46,32.46,32.381,32.458457031160364,32.43944909723547,32.32917520153926,0.0,0.0,0.00788822024481535,0.0,0.0,0.0,0.0,0.7899999999999991,0.02494474265866748,32.46,32.46,32.46,32.46,31.67,32.46,,,1.0,3,6,18,32.46,0.0,SAME,1.0
BPCL,2020-06-19,32.46,32.46,32.46,32.46,32.46,31.67,0.0,0.0,0.0,0.0,0.0,0.0,0.0,0.0,32.46,32.46,32.46,32.45922851558018,32.44629939815698,32.35296152853212,0.0,0.0,0.00788822024481535,0.0,0.0,0.0,0.0,0.7899999999999991,0.02494474265866748,32.46,32.46,32.46,32.46,32.46,32.46,,,,4,6,19,32.46,0.0,SAME,1.0
BPCL,2020-06-22,32.46,32.46,32.46,32.46,32.46,32.46,0.0,0.0,0.0,0.0,0.0,0.0,0.0,0.0,32.46,32.46,32.46,32.45961425779009,32.450866265437995,32.37242306879901,0.0,0.0,0.0,0.0,0.0,0.0,0.0,0.0,0.0,32.46,32.46,32.46,32.46,32.46,32.46,,,,0,6,22,32.46,0.0,SAME,1.0
BPCL,2020-06-23,32.46,32.46,32.46,32.46,32.46,32.46,0.0,0.0,0.0,0.0,0.0,0.0,0.0,0.0,32.46,32.46,32.46,32.45980712889505,32.45391084362534,32.38834614719919,0.0,0.0,0.0,0.0,0.0,0.0,0.0,0.0,0.0,32.46,32.46,32.46,32.46,32.46,32.46,,,,1,6,23,32.46,0.0,SAME,1.0
BPCL,2020-06-24,32.46,32.46,32.46,32.46,32.46,32.46,0.0,0.0,0.0,0.0,0.0,0.0,0.0,0.0,32.46,32.46,32.46,32.45990356444753,32.4559405624169,32.4013741204357,0.0,0.0,0.0,0.0,0.0,0.0,0.0,0.0,0.0,32.46,32.46,32.46,32.46,32.46,32.46,,,,2,6,24,32.46,0.0,SAME,1.0
BPCL,2020-06-25,32.46,32.46,32.46,32.46,32.46,32.46,0.0,0.0,0.0,0.0,0.0,0.0,0.0,0.0,32.46,32.46,32.46,32.45995178222377,32.45729370827793,32.412033371265565,0.0,0.0,0.0,0.0,0.0,0.0,0.0,0.0,0.0,32.46,32.46,32.46,32.46,32.46,32.46,,,,3,6,25,32.46,0.0,SAME,1.0
BPCL,2020-06-26,32.46,32.46,32.46,32.46,32.46,32.46,0.0,0.0,0.0,0.0,0.0,0.0,0.0,0.0,32.46,32.46,32.46,32.45997589111188,32.45819580551863,32.420754576490005,0.0,0.0,0.0,0.0,0.0,0.0,0.0,0.0,0.0,32.46,32.46,32.46,32.46,32.46,32.46,,,,4,6,26,32.46,0.0,SAME,1.0
BPCL,2020-06-29,32.46,32.46,32.46,32.46,32.46,32.46,0.0,0.0,0.0,0.0,0.0,0.0,0.0,0.0,32.46,32.46,32.46,32.45998794555594,32.45879720367908,32.427890108037275,0.0,0.0,0.0,0.0,0.0,0.0,0.0,0.0,0.0,32.46,32.46,32.46,32.46,32.46,32.46,,,,0,6,29,32.46,0.0,SAME,1.0
BPCL,2020-07-01,32.46,32.46,32.46,32.46,32.46,32.46,0.0,0.0,0.0,0.0,0.0,0.0,0.0,0.0,32.46,32.46,32.46,32.459993972777966,32.45919813578605,32.43372827021231,0.0,0.0,0.0,0.0,0.0,0.0,0.0,0.0,0.0,32.46,32.46,32.46,32.46,32.46,32.46,,,,2,7,1,32.46,0.0,SAME,1.0
BPCL,2020-07-02,32.46,32.46,32.46,32.46,32.46,32.46,0.0,0.0,0.0,0.0,0.0,0.0,0.0,0.0,32.46,32.46,32.46,32.45999698638899,32.45946542385737,32.43850494835553,0.0,0.0,0.0,0.0,0.0,0.0,0.0,0.0,0.0,32.46,32.46,32.46,32.46,32.46,32.46,,,,3,7,2,32.46,0.0,SAME,1.0
BPCL,2020-07-03,32.46,32.46,32.46,32.46,32.46,32.46,0.0,0.0,0.0,0.0,0.0,0.0,0.0,0.0,32.46,32.46,32.46,32.45999849319449,32.45964361590491,32.44241313956361,0.0,0.0,0.0,0.0,0.0,0.0,0.0,0.0,0.0,32.46,32.46,32.46,32.46,32.46,32.46,,,,4,7,3,32.46,0.0,SAME,1.0
BPCL,2020-07-06,32.46,32.46,32.46,32.46,32.46,32.46,0.0,0.0,0.0,0.0,0.0,0.0,0.0,0.0,32.46,32.46,32.46,32.45999924659725,32.459762410603275,32.44561075055205,0.0,0.0,0.0,0.0,0.0,0.0,0.0,0.0,0.0,32.46,32.46,32.46,32.46,32.46,32.46,,,,0,7,6,32.46,0.0,SAME,1.0
BPCL,2020-07-07,32.46,32.46,32.46,32.46,32.46,32.46,0.0,0.0,0.0,0.0,0.0,0.0,0.0,0.0,32.46,32.46,32.46,32.45999962329863,32.45984160706885,32.4482269777244,0.0,0.0,0.0,0.0,0.0,0.0,0.0,0.0,0.0,32.46,32.46,32.46,32.46,32.46,32.46,,,,1,7,7,32.46,0.0,SAME,1.0
BPCL,2020-07-08,32.46,32.46,32.46,32.46,32.46,32.46,0.0,0.0,0.0,0.0,0.0,0.0,0.0,0.0,32.46,32.46,32.46,32.45999981164931,32.45989440471257,32.450367527229055,0.0,0.0,0.0,0.0,0.0,0.0,0.0,0.0,0.0,32.46,32.46,32.46,32.46,32.46,32.46,,,,2,7,8,32.46,0.0,SAME,1.0
BPCL,2020-07-09,32.46,32.46,32.46,32.46,32.46,32.46,0.0,0.0,0.0,0.0,0.0,0.0,0.0,0.0,32.46,32.46,32.46,32.45999990582466,32.45992960314172,32.45211888591468,0.0,0.0,0.0,0.0,0.0,0.0,0.0,0.0,0.0,32.46,32.46,32.46,32.46,32.46,32.46,,,,3,7,9,32.46,0.0,SAME,1.0
BPCL,2020-07-10,32.46,32.46,32.46,32.46,32.46,32.46,0.0,0.0,0.0,0.0,0.0,0.0,0.0,0.0,32.46,32.46,32.46,32.45999995291233,32.45995306876115,32.45355181574837,0.0,0.0,0.0,0.0,0.0,0.0,0.0,0.0,0.0,32.46,32.46,32.46,32.46,32.46,32.46,,,,4,7,10,32.46,0.0,SAME,1.0
BPCL,2020-07-13,32.46,32.46,32.46,32.46,32.46,32.46,0.0,0.0,0.0,0.0,0.0,0.0,0.0,0.0,32.46,32.46,32.46,32.45999997645616,32.45996871250743,32.454724212885026,0.0,0.0,0.0,0.0,0.0,0.0,0.0,0.0,0.0,32.46,32.46,32.46,32.46,32.46,32.46,,,,0,7,13,32.46,0.0,SAME,1.0
BPCL,2020-07-14,32.46,32.46,32.46,32.46,32.46,32.46,0.0,0.0,0.0,0.0,0.0,0.0,0.0,0.0,32.46,32.46,32.46,32.45999998822808,32.459979141671624,32.45568344690593,0.0,0.0,0.0,0.0,0.0,0.0,0.0,0.0,0.0,32.46,32.46,32.46,32.46,32.46,32.46,,,,1,7,14,32.46,0.0,SAME,1.0
BPCL,2020-07-15,32.46,32.46,32.46,32.46,32.46,32.46,0.0,0.0,0.0,0.0,0.0,0.0,0.0,0.0,32.46,32.46,32.46,32.45999999411404,32.45998609444776,32.45646827474121,0.0,0.0,0.0,0.0,0.0,0.0,0.0,0.0,0.0,32.46,32.46,32.46,32.46,32.46,32.46,,,,2,7,15,32.46,0.0,SAME,1.0
BPCL,2020-07-16,32.46,32.46,32.46,32.46,32.46,32.46,0.0,0.0,0.0,0.0,0.0,0.0,0.0,0.0,32.46,32.46,32.46,32.459999997057025,32.45999072963184,32.457110406606446,0.0,0.0,0.0,0.0,0.0,0.0,0.0,0.0,0.0,32.46,32.46,32.46,32.46,32.46,32.46,,,,3,7,16,32.46,0.0,SAME,1.0
BPCL,2020-07-17,32.46,32.46,32.46,32.46,32.46,32.46,0.0,0.0,0.0,0.0,0.0,0.0,0.0,0.0,32.46,32.46,32.46,32.45999999852852,32.45999381975456,32.45763578722345,0.0,0.0,0.0,0.0,0.0,0.0,0.0,0.0,0.0,32.46,32.46,32.46,32.46,32.46,32.46,,,,4,7,17,32.46,0.0,SAME,1.0
BPCL,2020-07-20,32.46,32.46,32.46,32.46,32.46,32.46,0.0,0.0,0.0,0.0,0.0,0.0,0.0,0.0,32.46,32.46,32.46,32.459999999264255,32.45999587983637,32.45806564409192,0.0,0.0,0.0,0.0,0.0,0.0,0.0,0.0,0.0,32.46,32.46,32.46,32.46,32.46,32.46,,,,0,7,20,32.46,0.0,SAME,1.0
BPCL,2020-07-21,32.46,32.46,32.46,32.46,32.46,32.46,0.0,0.0,0.0,0.0,0.0,0.0,0.0,0.0,32.46,32.46,32.46,32.45999999963213,32.459997253224245,32.45841734516611,0.0,0.0,0.0,0.0,0.0,0.0,0.0,0.0,0.0,32.46,32.46,32.46,32.46,32.46,32.46,,,,1,7,21,32.46,0.0,SAME,1.0
BPCL,2020-07-22,32.46,32.46,32.46,32.46,32.46,32.46,0.0,0.0,0.0,0.0,0.0,0.0,0.0,0.0,32.46,32.46,32.46,32.45999999981606,32.45999816881617,32.45870510059045,0.0,0.0,0.0,0.0,0.0,0.0,0.0,0.0,0.0,32.46,32.46,32.46,32.46,32.46,32.46,,,,2,7,22,32.46,0.0,SAME,1.0
BPCL,2020-07-23,32.46,32.46,32.46,32.46,32.46,32.46,0.0,0.0,0.0,0.0,0.0,0.0,0.0,0.0,32.46,32.46,32.46,32.459999999908035,32.45999877921078,32.458940536846725,0.0,0.0,0.0,0.0,0.0,0.0,0.0,0.0,0.0,32.46,32.46,32.46,32.46,32.46,32.46,,,,3,7,23,32.46,0.0,SAME,1.0
BPCL,2020-07-27,32.46,32.46,32.46,32.46,32.46,32.46,0.0,0.0,0.0,0.0,0.0,0.0,0.0,0.0,32.46,32.46,32.46,32.45999999995402,32.45999918614052,32.45913316651095,0.0,0.0,0.0,0.0,0.0,0.0,0.0,0.0,0.0,32.46,32.46,32.46,32.46,32.46,32.46,,,,0,7,27,32.46,0.0,SAME,1.0
BPCL,2020-07-28,32.46,32.46,32.46,32.46,32.46,32.46,0.0,0.0,0.0,0.0,0.0,0.0,0.0,0.0,32.46,32.46,32.46,32.459999999977015,32.45999945742702,32.45929077259987,0.0,0.0,0.0,0.0,0.0,0.0,0.0,0.0,0.0,32.46,32.46,32.46,32.46,32.46,32.46,,,,1,7,28,32.46,0.0,SAME,1.0
BPCL,2020-07-29,32.46,32.46,32.46,32.46,32.46,32.46,0.0,0.0,0.0,0.0,0.0,0.0,0.0,0.0,32.46,32.46,32.46,32.45999999998851,32.459999638284685,32.459419723036255,0.0,0.0,0.0,0.0,0.0,0.0,0.0,0.0,0.0,32.46,32.46,32.46,32.46,32.46,32.46,,,,2,7,29,32.46,0.0,SAME,1.0
BPCL,2020-07-30,32.46,32.46,32.46,32.46,32.46,32.46,0.0,0.0,0.0,0.0,0.0,0.0,0.0,0.0,32.46,32.46,32.46,32.45999999999425,32.459999758856455,32.459525227938755,0.0,0.0,0.0,0.0,0.0,0.0,0.0,0.0,0.0,32.46,32.46,32.46,32.46,32.46,32.46,,,,3,7,30,32.46,0.0,SAME,1.0
BPCL,2020-07-31,32.46,32.46,32.46,32.46,32.46,32.46,0.0,0.0,0.0,0.0,0.0,0.0,0.0,0.0,32.46,32.46,32.46,32.45999999999712,32.45999983923764,32.45961155013171,0.0,0.0,0.0,0.0,0.0,0.0,0.0,0.0,0.0,32.46,32.46,32.46,32.46,32.46,32.46,,,,4,7,31,32.46,0.0,SAME,1.0
BPCL,2020-08-03,32.46,32.46,32.46,32.46,32.46,32.46,0.0,0.0,0.0,0.0,0.0,0.0,0.0,0.0,32.46,32.46,32.46,32.45999999999856,32.459999892825095,32.459682177380486,0.0,0.0,0.0,0.0,0.0,0.0,0.0,0.0,0.0,32.46,32.46,32.46,32.46,32.46,32.46,,,,0,8,3,32.46,0.0,SAME,1.0
BPCL,2020-08-04,32.46,32.46,32.46,32.46,32.46,32.46,0.0,0.0,0.0,0.0,0.0,0.0,0.0,0.0,32.46,32.46,32.46,32.45999999999928,32.45999992855006,32.45973996331131,0.0,0.0,0.0,0.0,0.0,0.0,0.0,0.0,0.0,32.46,32.46,32.46,32.46,32.46,32.46,,,,1,8,4,32.46,0.0,SAME,1.0
BPCL,2020-08-05,32.46,32.46,32.46,32.46,32.46,32.46,0.0,0.0,0.0,0.0,0.0,0.0,0.0,0.0,32.46,32.46,32.46,32.45999999999964,32.459999952366715,32.459787242709254,0.0,0.0,0.0,0.0,0.0,0.0,0.0,0.0,0.0,32.46,32.46,32.46,32.46,32.46,32.46,,,,2,8,5,32.46,0.0,SAME,1.0
BPCL,2020-08-06,32.46,32.46,32.46,32.46,32.46,32.46,0.0,0.0,0.0,0.0,0.0,0.0,0.0,0.0,32.46,32.46,32.46,32.45999999999982,32.459999968244475,32.459825925853025,0.0,0.0,0.0,0.0,0.0,0.0,0.0,0.0,0.0,32.46,32.46,32.46,32.46,32.46,32.46,,,,3,8,6,32.46,0.0,SAME,1.0
BPCL,2020-08-07,32.46,32.46,32.46,32.46,32.46,32.46,0.0,0.0,0.0,0.0,0.0,0.0,0.0,0.0,32.46,32.46,32.46,32.45999999999991,32.45999997882966,32.459857575697924,0.0,0.0,0.0,0.0,0.0,0.0,0.0,0.0,0.0,32.46,32.46,32.46,32.46,32.46,32.46,,,,4,8,7,32.46,0.0,SAME,1.0
BPCL,2020-08-10,32.46,32.46,32.46,32.46,32.46,32.46,0.0,0.0,0.0,0.0,0.0,0.0,0.0,0.0,32.46,32.46,32.46,32.45999999999995,32.45999998588644,32.45988347102558,0.0,0.0,0.0,0.0,0.0,0.0,0.0,0.0,0.0,32.46,32.46,32.46,32.46,32.46,32.46,,,,0,8,10,32.46,0.0,SAME,1.0
BPCL,2020-08-11,32.46,32.46,32.46,32.46,32.46,32.46,0.0,0.0,0.0,0.0,0.0,0.0,0.0,0.0,32.46,32.46,32.46,32.45999999999998,32.45999999059096,32.45990465811184,0.0,0.0,0.0,0.0,0.0,0.0,0.0,0.0,0.0,32.46,32.46,32.46,32.46,32.46,32.46,,,,1,8,11,32.46,0.0,SAME,1.0
BPCL,2020-08-12,32.46,32.46,32.46,32.46,32.46,32.46,0.0,0.0,0.0,0.0,0.0,0.0,0.0,0.0,32.46,32.46,32.46,32.459999999999994,32.45999999372731,32.45992199300059,0.0,0.0,0.0,0.0,0.0,0.0,0.0,0.0,0.0,32.46,32.46,32.46,32.46,32.46,32.46,,,,2,8,12,32.46,0.0,SAME,1.0
BPCL,2020-08-13,32.46,32.46,32.46,32.46,32.46,32.46,0.0,0.0,0.0,0.0,0.0,0.0,0.0,0.0,32.46,32.46,32.46,32.459999999999994,32.45999999581821,32.45993617609139,0.0,0.0,0.0,0.0,0.0,0.0,0.0,0.0,0.0,32.46,32.46,32.46,32.46,32.46,32.46,,,,3,8,13,32.46,0.0,SAME,1.0
BPCL,2020-08-14,32.46,32.46,32.46,32.46,32.46,32.46,0.0,0.0,0.0,0.0,0.0,0.0,0.0,0.0,32.46,32.46,32.46,32.459999999999994,32.45999999721214,32.45994778043841,0.0,0.0,0.0,0.0,0.0,0.0,0.0,0.0,0.0,32.46,32.46,32.46,32.46,32.46,32.46,,,,4,8,14,32.46,0.0,SAME,1.0
BPCL,2020-08-17,32.46,32.46,32.46,32.46,32.46,32.46,0.0,0.0,0.0,0.0,0.0,0.0,0.0,0.0,32.46,32.46,32.46,32.459999999999994,32.45999999814143,32.459957274904156,0.0,0.0,0.0,0.0,0.0,0.0,0.0,0.0,0.0,32.46,32.46,32.46,32.46,32.46,32.46,,,,0,8,17,32.46,0.0,SAME,1.0
BPCL,2020-08-18,32.46,32.46,32.46,32.46,32.46,32.46,0.0,0.0,0.0,0.0,0.0,0.0,0.0,0.0,32.46,32.46,32.46,32.459999999999994,32.45999999876095,32.459965043103395,0.0,0.0,0.0,0.0,0.0,0.0,0.0,0.0,0.0,32.46,32.46,32.46,32.46,32.46,32.46,,,,1,8,18,32.46,0.0,SAME,1.0
BPCL,2020-08-19,32.46,32.46,32.46,32.46,32.46,32.46,0.0,0.0,0.0,0.0,0.0,0.0,0.0,0.0,32.46,32.46,32.46,32.459999999999994,32.459999999173974,32.45997139890278,0.0,0.0,0.0,0.0,0.0,0.0,0.0,0.0,0.0,32.46,32.46,32.46,32.46,32.46,32.46,,,,2,8,19,32.46,0.0,SAME,1.0
BPCL,2020-08-20,32.46,32.46,32.46,32.46,32.46,32.46,0.0,0.0,0.0,0.0,0.0,0.0,0.0,0.0,32.46,32.46,32.46,32.459999999999994,32.45999999944932,32.459976599102276,0.0,0.0,0.0,0.0,0.0,0.0,0.0,0.0,0.0,32.46,32.46,32.46,32.46,32.46,32.46,,,,3,8,20,32.46,0.0,SAME,1.0
BPCL,2020-08-21,32.46,32.46,32.46,32.46,32.46,32.46,0.0,0.0,0.0,0.0,0.0,0.0,0.0,0.0,32.46,32.46,32.46,32.459999999999994,32.459999999632885,32.45998085381095,0.0,0.0,0.0,0.0,0.0,0.0,0.0,0.0,0.0,32.46,32.46,32.46,32.46,32.46,32.46,,,,4,8,21,32.46,0.0,SAME,1.0
BPCL,2020-08-24,32.46,32.46,32.46,32.46,32.46,32.46,0.0,0.0,0.0,0.0,0.0,0.0,0.0,0.0,32.46,32.46,32.46,32.459999999999994,32.459999999755254,32.45998433493622,0.0,0.0,0.0,0.0,0.0,0.0,0.0,0.0,0.0,32.46,32.46,32.46,32.46,32.46,32.46,,,,0,8,24,32.46,0.0,SAME,1.0
BPCL,2020-08-25,32.46,32.46,32.46,32.46,32.46,32.46,0.0,0.0,0.0,0.0,0.0,0.0,0.0,0.0,32.46,32.46,32.46,32.459999999999994,32.45999999983684,32.459987183129634,0.0,0.0,0.0,0.0,0.0,0.0,0.0,0.0,0.0,32.46,32.46,32.46,32.46,32.46,32.46,,,,1,8,25,32.46,0.0,SAME,1.0
BPCL,2020-08-26,32.46,32.46,32.46,32.46,32.46,32.46,0.0,0.0,0.0,0.0,0.0,0.0,0.0,0.0,32.46,32.46,32.46,32.459999999999994,32.459999999891224,32.4599895134697,0.0,0.0,0.0,0.0,0.0,0.0,0.0,0.0,0.0,32.46,32.46,32.46,32.46,32.46,32.46,,,,2,8,26,32.46,0.0,SAME,1.0
BPCL,2020-08-27,32.46,32.46,32.46,32.46,32.46,32.46,0.0,0.0,0.0,0.0,0.0,0.0,0.0,0.0,32.46,32.46,32.46,32.459999999999994,32.45999999992749,32.45999142011157,0.0,0.0,0.0,0.0,0.0,0.0,0.0,0.0,0.0,32.46,32.46,32.46,32.46,32.46,32.46,,,,3,8,27,32.46,0.0,SAME,1.0
BPCL,2020-08-28,32.46,32.46,32.46,32.46,32.46,32.46,0.0,0.0,0.0,0.0,0.0,0.0,0.0,0.0,32.46,32.46,32.46,32.459999999999994,32.45999999995166,32.459992980091286,0.0,0.0,0.0,0.0,0.0,0.0,0.0,0.0,0.0,32.46,32.46,32.46,32.46,32.46,32.46,,,,4,8,28,32.46,0.0,SAME,1.0
BPCL,2020-08-31,32.46,32.46,32.46,32.46,32.46,32.46,0.0,0.0,0.0,0.0,0.0,0.0,0.0,0.0,32.46,32.46,32.46,32.459999999999994,32.45999999996778,32.45999425643832,0.0,0.0,0.0,0.0,0.0,0.0,0.0,0.0,0.0,32.46,32.46,32.46,32.46,32.46,32.46,,,,0,8,31,32.46,0.0,SAME,1.0
BPCL,2020-09-01,32.46,32.46,32.46,32.46,32.46,32.46,0.0,0.0,0.0,0.0,0.0,0.0,0.0,0.0,32.46,32.46,32.46,32.459999999999994,32.45999999997852,32.45999530072226,0.0,0.0,0.0,0.0,0.0,0.0,0.0,0.0,0.0,32.46,32.46,32.46,32.46,32.46,32.46,,,,1,9,1,32.46,0.0,SAME,1.0
BPCL,2020-09-02,32.46,32.46,32.46,32.46,32.46,32.46,0.0,0.0,0.0,0.0,0.0,0.0,0.0,0.0,32.46,32.46,32.46,32.459999999999994,32.45999999998568,32.459996155136395,0.0,0.0,0.0,0.0,0.0,0.0,0.0,0.0,0.0,32.46,32.46,32.46,32.46,32.46,32.46,,,,2,9,2,32.46,0.0,SAME,1.0
BPCL,2020-09-03,32.46,32.46,32.46,32.46,32.46,32.46,0.0,0.0,0.0,0.0,0.0,0.0,0.0,0.0,32.46,32.46,32.46,32.459999999999994,32.45999999999046,32.4599968542025,0.0,0.0,0.0,0.0,0.0,0.0,0.0,0.0,0.0,32.46,32.46,32.46,32.46,32.46,32.46,,,,3,9,3,32.46,0.0,SAME,1.0
BPCL,2020-09-04,32.46,32.46,32.46,32.46,32.46,32.46,0.0,0.0,0.0,0.0,0.0,0.0,0.0,0.0,32.46,32.46,32.46,32.459999999999994,32.45999999999364,32.459997426165685,0.0,0.0,0.0,0.0,0.0,0.0,0.0,0.0,0.0,32.46,32.46,32.46,32.46,32.46,32.46,,,,4,9,4,32.46,0.0,SAME,1.0
BPCL,2020-09-07,32.46,32.46,32.46,32.46,32.46,32.46,0.0,0.0,0.0,0.0,0.0,0.0,0.0,0.0,32.46,32.46,32.46,32.459999999999994,32.45999999999576,32.459997894135554,0.0,0.0,0.0,0.0,0.0,0.0,0.0,0.0,0.0,32.46,32.46,32.46,32.46,32.46,32.46,,,,0,9,7,32.46,0.0,SAME,1.0
BPCL,2020-09-08,32.46,32.46,32.46,32.46,32.46,32.46,0.0,0.0,0.0,0.0,0.0,0.0,0.0,0.0,32.46,32.46,32.46,32.459999999999994,32.45999999999718,32.45999827702,0.0,0.0,0.0,0.0,0.0,0.0,0.0,0.0,0.0,32.46,32.46,32.46,32.46,32.46,32.46,,,,1,9,8,32.46,0.0,SAME,1.0
BPCL,2020-09-09,32.46,32.46,32.46,32.46,32.46,32.46,0.0,0.0,0.0,0.0,0.0,0.0,0.0,0.0,32.46,32.46,32.46,32.459999999999994,32.45999999999812,32.45999859028909,0.0,0.0,0.0,0.0,0.0,0.0,0.0,0.0,0.0,32.46,32.46,32.46,32.46,32.46,32.46,,,,2,9,9,32.46,0.0,SAME,1.0
BPCL,2020-09-10,32.46,32.46,32.46,32.46,32.46,32.46,0.0,0.0,0.0,0.0,0.0,0.0,0.0,0.0,32.46,32.46,32.46,32.459999999999994,32.45999999999874,32.45999884660016,0.0,0.0,0.0,0.0,0.0,0.0,0.0,0.0,0.0,32.46,32.46,32.46,32.46,32.46,32.46,,,,3,9,10,32.46,0.0,SAME,1.0
BPCL,2020-09-11,32.46,32.46,32.46,32.46,32.46,32.46,0.0,0.0,0.0,0.0,0.0,0.0,0.0,0.0,32.46,32.46,32.46,32.459999999999994,32.45999999999917,32.459999056309215,0.0,0.0,0.0,0.0,0.0,0.0,0.0,0.0,0.0,32.46,32.46,32.46,32.46,32.46,32.46,,,,4,9,11,32.46,0.0,SAME,1.0
BPCL,2020-09-14,32.46,32.46,32.46,32.46,32.46,32.46,0.0,0.0,0.0,0.0,0.0,0.0,0.0,0.0,32.46,32.46,32.46,32.459999999999994,32.459999999999454,32.459999227889355,0.0,0.0,0.0,0.0,0.0,0.0,0.0,0.0,0.0,32.46,32.46,32.46,32.46,32.46,32.46,,,,0,9,14,32.46,0.0,SAME,1.0
BPCL,2020-09-15,32.46,32.46,32.46,32.46,32.46,32.46,0.0,0.0,0.0,0.0,0.0,0.0,0.0,0.0,32.46,32.46,32.46,32.459999999999994,32.45999999999964,32.4599993682731,0.0,0.0,0.0,0.0,0.0,0.0,0.0,0.0,0.0,32.46,32.46,32.46,32.46,32.46,32.46,,,,1,9,15,32.46,0.0,SAME,1.0
BPCL,2020-09-16,32.46,32.46,32.46,32.46,32.46,32.46,0.0,0.0,0.0,0.0,0.0,0.0,0.0,0.0,32.46,32.46,32.46,32.459999999999994,32.459999999999766,32.459999483132535,0.0,0.0,0.0,0.0,0.0,0.0,0.0,0.0,0.0,32.46,32.46,32.46,32.46,32.46,32.46,,,,2,9,16,32.46,0.0,SAME,1.0
BPCL,2020-09-17,32.46,32.46,32.46,32.46,32.46,32.46,0.0,0.0,0.0,0.0,0.0,0.0,0.0,0.0,32.46,32.46,32.46,32.459999999999994,32.45999999999985,32.459999577108434,0.0,0.0,0.0,0.0,0.0,0.0,0.0,0.0,0.0,32.46,32.46,32.46,32.46,32.46,32.46,,,,3,9,17,32.46,0.0,SAME,1.0
BPCL,2020-09-18,32.46,32.46,32.46,32.46,32.46,32.46,0.0,0.0,0.0,0.0,0.0,0.0,0.0,0.0,32.46,32.46,32.46,32.459999999999994,32.45999999999991,32.45999965399781,0.0,0.0,0.0,0.0,0.0,0.0,0.0,0.0,0.0,32.46,32.46,32.46,32.46,32.46,32.46,,,,4,9,18,32.46,0.0,SAME,1.0
BPCL,2020-09-21,32.46,32.46,32.46,32.46,32.46,32.46,0.0,0.0,0.0,0.0,0.0,0.0,0.0,0.0,32.46,32.46,32.46,32.459999999999994,32.45999999999994,32.4599997169073,0.0,0.0,0.0,0.0,0.0,0.0,0.0,0.0,0.0,32.46,32.46,32.46,32.46,32.46,32.46,,,,0,9,21,32.46,0.0,SAME,1.0
BPCL,2020-09-24,32.46,32.46,32.46,32.46,32.46,32.46,0.0,0.0,0.0,0.0,0.0,0.0,0.0,0.0,32.46,32.46,32.46,32.459999999999994,32.459999999999965,32.459999768378694,0.0,0.0,0.0,0.0,0.0,0.0,0.0,0.0,0.0,32.46,32.46,32.46,32.46,32.46,32.46,,,,3,9,24,32.46,0.0,SAME,1.0
BPCL,2020-09-25,32.46,32.46,32.46,32.46,32.46,32.46,0.0,0.0,0.0,0.0,0.0,0.0,0.0,0.0,32.46,32.46,32.46,32.459999999999994,32.45999999999998,32.45999981049165,0.0,0.0,0.0,0.0,0.0,0.0,0.0,0.0,0.0,32.46,32.46,32.46,32.46,32.46,32.46,,,,4,9,25,32.46,0.0,SAME,1.0
BPCL,2020-09-29,32.46,32.46,32.46,32.46,32.46,32.46,0.0,0.0,0.0,0.0,0.0,0.0,0.0,0.0,32.46,32.46,32.46,32.459999999999994,32.459999999999994,32.45999984494772,0.0,0.0,0.0,0.0,0.0,0.0,0.0,0.0,0.0,32.46,32.46,32.46,32.46,32.46,32.46,,,,1,9,29,32.46,0.0,SAME,1.0
BPCL,2020-09-30,32.46,32.46,32.46,32.46,32.46,32.46,0.0,0.0,0.0,0.0,0.0,0.0,0.0,0.0,32.46,32.46,32.46,32.459999999999994,32.459999999999994,32.45999987313904,0.0,0.0,0.0,0.0,0.0,0.0,0.0,0.0,0.0,32.46,32.46,32.46,32.46,32.46,32.46,,,,2,9,30,32.46,0.0,SAME,1.0
BPCL,2020-10-01,32.46,32.46,32.46,32.46,32.46,32.46,0.0,0.0,0.0,0.0,0.0,0.0,0.0,0.0,32.46,32.46,32.46,32.459999999999994,32.459999999999994,32.459999896204664,0.0,0.0,0.0,0.0,0.0,0.0,0.0,0.0,0.0,32.46,32.46,32.46,32.46,32.46,32.46,,,,3,10,1,32.46,0.0,SAME,1.0
BPCL,2020-10-02,32.46,32.46,32.46,32.46,32.46,32.46,0.0,0.0,0.0,0.0,0.0,0.0,0.0,0.0,32.46,32.46,32.46,32.459999999999994,32.459999999999994,32.45999991507654,0.0,0.0,0.0,0.0,0.0,0.0,0.0,0.0,0.0,32.46,32.46,32.46,32.46,32.46,32.46,,,,4,10,2,32.46,0.0,SAME,1.0
BPCL,2020-10-05,32.46,32.46,32.46,32.46,32.46,32.46,0.0,0.0,0.0,0.0,0.0,0.0,0.0,0.0,32.46,32.46,32.46,32.459999999999994,32.459999999999994,32.459999930517164,0.0,0.0,0.0,0.0,0.0,0.0,0.0,0.0,0.0,32.46,32.46,32.46,32.46,32.46,32.46,,,,0,10,5,32.46,0.0,SAME,1.0
BPCL,2020-10-06,32.46,32.46,32.46,32.46,32.46,32.46,0.0,0.0,0.0,0.0,0.0,0.0,0.0,0.0,32.46,32.46,32.46,32.459999999999994,32.459999999999994,32.45999994315041,0.0,0.0,0.0,0.0,0.0,0.0,0.0,0.0,0.0,32.46,32.46,32.46,32.46,32.46,32.46,,,,1,10,6,30.25,-2.210000000000001,DOWN,0.0
BPCL,2020-10-07,30.25,32.46,32.46,32.46,32.46,32.46,-2.210000000000001,-2.210000000000001,-2.210000000000001,-0.06808379544054222,-0.06808379544054222,-0.06808379544054222,-0.0705123776095947,-0.0705123776095947,31.723333333333333,32.018,32.239,31.354999999999997,31.72333333333333,32.058181771668515,0.03930819762504846,0.030447998954248528,0.02152998653411004,-2.210000000000001,-0.06808379544054223,-2.210000000000001,-0.06808379544054223,-2.210000000000001,-0.06808379544054223,30.25,32.46,30.25,32.46,30.25,32.46,0.0,0.0,0.0,2,10,7,30.25,0.0,SAME,1.0
BPCL,2020-10-08,30.25,30.25,32.46,32.46,32.46,32.46,0.0,-2.210000000000001,-2.210000000000001,0.0,-0.06808379544054222,-0.06808379544054222,0.0,-0.0705123776095947,30.986666666666668,31.576,32.018,30.8025,31.23222222222222,31.729421449546965,0.03930819762504846,0.030447998954248528,0.02152998653411004,-2.210000000000001,-0.06808379544054223,-2.210000000000001,-0.06808379544054223,-2.210000000000001,-0.06808379544054223,30.25,32.46,30.25,32.46,30.25,32.46,0.0,0.0,0.0,3,10,8,30.25,0.0,SAME,1.0
BPCL,2020-10-09,30.25,30.25,30.25,32.46,32.46,32.46,0.0,0.0,-2.210000000000001,0.0,0.0,-0.06808379544054222,0.0,0.0,30.25,31.133999999999997,31.796999999999997,30.526249999999997,30.904814814814813,31.460435731447514,0.03930819762504846,0.030447998954248528,0.02152998653411004,-2.210000000000001,-0.06808379544054223,-2.210000000000001,-0.06808379544054223,-2.210000000000001,-0.06808379544054223,30.25,30.25,30.25,32.46,30.25,32.46,,0.0,0.0,4,10,9,30.25,0.0,SAME,1.0
BPCL,2020-10-12,30.25,30.25,30.25,30.25,32.46,32.46,0.0,0.0,0.0,0.0,0.0,0.0,0.0,0.0,30.25,30.692,31.576,30.388125,30.686543209876543,31.240356507547965,0.0,0.030447998954248528,0.02152998653411004,0.0,0.0,-2.210000000000001,-0.06808379544054223,-2.210000000000001,-0.06808379544054223,30.25,30.25,30.25,32.46,30.25,32.46,,0.0,0.0,0,10,12,30.25,0.0,SAME,1.0
BPCL,2020-10-13,30.25,30.25,30.25,30.25,32.46,32.46,0.0,0.0,0.0,0.0,0.0,0.0,0.0,0.0,30.25,30.25,31.354999999999997,30.3190625,30.541028806584364,31.060291687993786,0.0,0.030447998954248528,0.02152998653411004,0.0,0.0,-2.210000000000001,-0.06808379544054223,-2.210000000000001,-0.06808379544054223,30.25,30.25,30.25,30.25,30.25,32.46,,,0.0,1,10,13,30.25,0.0,SAME,1.0
BPCL,2020-10-14,30.25,30.25,30.25,30.25,30.25,32.46,0.0,0.0,0.0,0.0,0.0,0.0,0.0,0.0,30.25,30.25,31.133999999999997,30.28453125,30.444019204389576,30.91296592654037,0.0,0.0,0.02152998653411004,0.0,0.0,0.0,0.0,-2.210000000000001,-0.06808379544054223,30.25,30.25,30.25,30.25,30.25,32.46,,,0.0,2,10,14,30.25,0.0,SAME,1.0
BPCL,2020-10-15,30.25,30.25,30.25,30.25,30.25,32.46,0.0,0.0,0.0,0.0,0.0,0.0,0.0,0.0,30.25,30.25,30.913,30.267265625,30.37934613625972,30.79242666716939,0.0,0.0,0.02152998653411004,0.0,0.0,0.0,0.0,-2.210000000000001,-0.06808379544054223,30.25,30.25,30.25,30.25,30.25,32.46,,,0.0,3,10,15,30.25,0.0,SAME,1.0
BPCL,2020-10-16,30.25,30.25,30.25,30.25,30.25,32.46,0.0,0.0,0.0,0.0,0.0,0.0,0.0,0.0,30.25,30.25,30.691999999999997,30.2586328125,30.33623075750648,30.693803636774955,0.0,0.0,0.02152998653411004,0.0,0.0,0.0,0.0,-2.210000000000001,-0.06808379544054223,30.25,30.25,30.25,30.25,30.25,32.46,,,0.0,4,10,16,30.25,0.0,SAME,1.0
BPCL,2020-10-19,30.25,30.25,30.25,30.25,30.25,32.46,0.0,0.0,0.0,0.0,0.0,0.0,0.0,0.0,30.25,30.25,30.470999999999997,30.25431640625,30.30748717167099,30.613112066452235,0.0,0.0,0.02152998653411004,0.0,0.0,0.0,0.0,-2.210000000000001,-0.06808379544054223,30.25,30.25,30.25,30.25,30.25,32.46,,,0.0,0,10,19,30.25,0.0,SAME,1.0
BPCL,2020-10-20,30.25,30.25,30.25,30.25,30.25,32.46,0.0,0.0,0.0,0.0,0.0,0.0,0.0,0.0,30.25,30.25,30.25,30.252158203125,30.288324781113992,30.547091690733644,0.0,0.0,0.02152998653411004,0.0,0.0,0.0,0.0,-2.210000000000001,-0.06808379544054223,30.25,30.25,30.25,30.25,30.25,30.25,,,,1,10,20,30.25,0.0,SAME,1.0
BPCL,2020-10-21,30.25,30.25,30.25,30.25,30.25,30.25,0.0,0.0,0.0,0.0,0.0,0.0,0.0,0.0,30.25,30.25,30.25,30.2510791015625,30.275549854075997,30.49307501969116,0.0,0.0,0.0,0.0,0.0,0.0,0.0,0.0,0.0,30.25,30.25,30.25,30.25,30.25,30.25,,,,2,10,21,30.25,0.0,SAME,1.0
BPCL,2020-10-22,30.25,30.25,30.25,30.25,30.25,30.25,0.0,0.0,0.0,0.0,0.0,0.0,0.0,0.0,30.25,30.25,30.25,30.250539550781248,30.267033236050665,30.448879561565494,0.0,0.0,0.0,0.0,0.0,0.0,0.0,0.0,0.0,30.25,30.25,30.25,30.25,30.25,30.25,,,,3,10,22,30.25,0.0,SAME,1.0
BPCL,2020-10-23,30.25,30.25,30.25,30.25,30.25,30.25,0.0,0.0,0.0,0.0,0.0,0.0,0.0,0.0,30.25,30.25,30.25,30.250269775390624,30.261355490700446,30.41271964128086,0.0,0.0,0.0,0.0,0.0,0.0,0.0,0.0,0.0,30.25,30.25,30.25,30.25,30.25,30.25,,,,4,10,23,30.25,0.0,SAME,1.0
BPCL,2020-10-27,30.25,30.25,30.25,30.25,30.25,30.25,0.0,0.0,0.0,0.0,0.0,0.0,0.0,0.0,30.25,30.25,30.25,30.25013488769531,30.25757032713363,30.383134251957063,0.0,0.0,0.0,0.0,0.0,0.0,0.0,0.0,0.0,30.25,30.25,30.25,30.25,30.25,30.25,,,,1,10,27,30.25,0.0,SAME,1.0
BPCL,2020-10-28,30.25,30.25,30.25,30.25,30.25,30.25,0.0,0.0,0.0,0.0,0.0,0.0,0.0,0.0,30.25,30.25,30.25,30.250067443847655,30.255046884755757,30.358928024328506,0.0,0.0,0.0,0.0,0.0,0.0,0.0,0.0,0.0,30.25,30.25,30.25,30.25,30.25,30.25,,,,2,10,28,30.25,0.0,SAME,1.0
BPCL,2020-10-29,30.25,30.25,30.25,30.25,30.25,30.25,0.0,0.0,0.0,0.0,0.0,0.0,0.0,0.0,30.25,30.25,30.25,30.250033721923828,30.253364589837172,30.339122928996048,0.0,0.0,0.0,0.0,0.0,0.0,0.0,0.0,0.0,30.25,30.25,30.25,30.25,30.25,30.25,,,,3,10,29,30.25,0.0,SAME,1.0
BPCL,2020-10-30,30.25,30.25,30.25,30.25,30.25,30.25,0.0,0.0,0.0,0.0,0.0,0.0,0.0,0.0,30.25,30.25,30.25,30.250016860961914,30.25224305989145,30.322918760087674,0.0,0.0,0.0,0.0,0.0,0.0,0.0,0.0,0.0,30.25,30.25,30.25,30.25,30.25,30.25,,,,4,10,30,30.25,0.0,SAME,1.0
BPCL,2020-11-02,30.25,30.25,30.25,30.25,30.25,30.25,0.0,0.0,0.0,0.0,0.0,0.0,0.0,0.0,30.25,30.25,30.25,30.250008430480957,30.251495373260965,30.309660803708095,0.0,0.0,0.0,0.0,0.0,0.0,0.0,0.0,0.0,30.25,30.25,30.25,30.25,30.25,30.25,,,,0,11,2,30.25,0.0,SAME,1.0
BPCL,2020-11-03,30.25,30.25,30.25,30.25,30.25,30.25,0.0,0.0,0.0,0.0,0.0,0.0,0.0,0.0,30.25,30.25,30.25,30.25000421524048,30.25099691550731,30.298813384852075,0.0,0.0,0.0,0.0,0.0,0.0,0.0,0.0,0.0,30.25,30.25,30.25,30.25,30.25,30.25,,,,1,11,3,30.25,0.0,SAME,1.0
BPCL,2020-11-04,30.25,30.25,30.25,30.25,30.25,30.25,0.0,0.0,0.0,0.0,0.0,0.0,0.0,0.0,30.25,30.25,30.25,30.25000210762024,30.25066461033821,30.289938223969877,0.0,0.0,0.0,0.0,0.0,0.0,0.0,0.0,0.0,30.25,30.25,30.25,30.25,30.25,30.25,,,,2,11,4,30.25,0.0,SAME,1.0
BPCL,2020-11-05,30.25,30.25,30.25,30.25,30.25,30.25,0.0,0.0,0.0,0.0,0.0,0.0,0.0,0.0,30.25,30.25,30.25,30.25000105381012,30.250443073558806,30.282676728702626,0.0,0.0,0.0,0.0,0.0,0.0,0.0,0.0,0.0,30.25,30.25,30.25,30.25,30.25,30.25,,,,3,11,5,30.25,0.0,SAME,1.0
BPCL,2020-11-06,30.25,30.25,30.25,30.25,30.25,30.25,0.0,0.0,0.0,0.0,0.0,0.0,0.0,0.0,30.25,30.25,30.25,30.250000526905062,30.25029538237254,30.276735505302145,0.0,0.0,0.0,0.0,0.0,0.0,0.0,0.0,0.0,30.25,30.25,30.25,30.25,30.25,30.25,,,,4,11,6,30.25,0.0,SAME,1.0
BPCL,2020-11-09,30.25,30.25,30.25,30.25,30.25,30.25,0.0,0.0,0.0,0.0,0.0,0.0,0.0,0.0,30.25,30.25,30.25,30.25000026345253,30.250196921581693,30.27187450433812,0.0,0.0,0.0,0.0,0.0,0.0,0.0,0.0,0.0,30.25,30.25,30.25,30.25,30.25,30.25,,,,0,11,9,30.25,0.0,SAME,1.0
BPCL,2020-11-10,30.25,30.25,30.25,30.25,30.25,30.25,0.0,0.0,0.0,0.0,0.0,0.0,0.0,0.0,30.25,30.25,30.25,30.250000131726267,30.250131281054465,30.267897321731187,0.0,0.0,0.0,0.0,0.0,0.0,0.0,0.0,0.0,30.25,30.25,30.25,30.25,30.25,30.25,,,,1,11,10,30.25,0.0,SAME,1.0
BPCL,2020-11-12,30.25,30.25,30.25,30.25,30.25,30.25,0.0,0.0,0.0,0.0,0.0,0.0,0.0,0.0,30.25,30.25,30.25,30.250000065863134,30.250087520702976,30.264643263234607,0.0,0.0,0.0,0.0,0.0,0.0,0.0,0.0,0.0,30.25,30.25,30.25,30.25,30.25,30.25,,,,3,11,12,30.25,0.0,SAME,1.0
BPCL,2020-11-13,30.25,30.25,30.25,30.25,30.25,30.25,0.0,0.0,0.0,0.0,0.0,0.0,0.0,0.0,30.25,30.25,30.25,30.250000032931567,30.25005834713532,30.261980851737405,0.0,0.0,0.0,0.0,0.0,0.0,0.0,0.0,0.0,30.25,30.25,30.25,30.25,30.25,30.25,,,,4,11,13,30.25,0.0,SAME,1.0
BPCL,2020-11-16,30.25,30.25,30.25,30.25,30.25,30.25,0.0,0.0,0.0,0.0,0.0,0.0,0.0,0.0,30.25,30.25,30.25,30.250000016465783,30.250038898090214,30.259802515057874,0.0,0.0,0.0,0.0,0.0,0.0,0.0,0.0,0.0,30.25,30.25,30.25,30.25,30.25,30.25,,,,0,11,16,30.25,0.0,SAME,1.0
BPCL,2020-11-17,30.25,30.25,30.25,30.25,30.25,30.25,0.0,0.0,0.0,0.0,0.0,0.0,0.0,0.0,30.25,30.25,30.25,30.25000000823289,30.250025932060144,30.258020239592803,0.0,0.0,0.0,0.0,0.0,0.0,0.0,0.0,0.0,30.25,30.25,30.25,30.25,30.25,30.25,,,,1,11,17,30.25,0.0,SAME,1.0
BPCL,2020-11-18,30.25,30.25,30.25,30.25,30.25,30.25,0.0,0.0,0.0,0.0,0.0,0.0,0.0,0.0,30.25,30.25,30.25,30.250000004116444,30.250017288040098,30.256562014212292,0.0,0.0,0.0,0.0,0.0,0.0,0.0,0.0,0.0,30.25,30.25,30.25,30.25,30.25,30.25,,,,2,11,18,30.25,0.0,SAME,1.0
BPCL,2020-11-19,30.25,30.25,30.25,30.25,30.25,30.25,0.0,0.0,0.0,0.0,0.0,0.0,0.0,0.0,30.25,30.25,30.25,30.250000002058222,30.250011525360065,30.255368920719146,0.0,0.0,0.0,0.0,0.0,0.0,0.0,0.0,0.0,30.25,30.25,30.25,30.25,30.25,30.25,,,,3,11,19,30.25,0.0,SAME,1.0
BPCL,2020-11-20,30.25,30.25,30.25,30.25,30.25,30.25,0.0,0.0,0.0,0.0,0.0,0.0,0.0,0.0,30.25,30.25,30.25,30.25000000102911,30.25000768357338,30.254392753315663,0.0,0.0,0.0,0.0,0.0,0.0,0.0,0.0,0.0,30.25,30.25,30.25,30.25,30.25,30.25,,,,4,11,20,30.25,0.0,SAME,1.0
BPCL,2020-11-23,30.25,30.25,30.25,30.25,30.25,30.25,0.0,0.0,0.0,0.0,0.0,0.0,0.0,0.0,30.25,30.25,30.25,30.250000000514554,30.250005122382255,30.253594070894632,0.0,0.0,0.0,0.0,0.0,0.0,0.0,0.0,0.0,30.25,30.25,30.25,30.25,30.25,30.25,,,,0,11,23,30.25,0.0,SAME,1.0
BPCL,2020-11-24,30.25,30.25,30.25,30.25,30.25,30.25,0.0,0.0,0.0,0.0,0.0,0.0,0.0,0.0,30.25,30.25,30.25,30.250000000257277,30.250003414921505,30.252940603459244,0.0,0.0,0.0,0.0,0.0,0.0,0.0,0.0,0.0,30.25,30.25,30.25,30.25,30.25,30.25,,,,1,11,24,30.25,0.0,SAME,1.0
BPCL,2020-11-25,30.25,30.25,30.25,30.25,30.25,30.25,0.0,0.0,0.0,0.0,0.0,0.0,0.0,0.0,30.25,30.25,30.25,30.250000000128637,30.25000227661434,30.252405948284835,0.0,0.0,0.0,0.0,0.0,0.0,0.0,0.0,0.0,30.25,30.25,30.25,30.25,30.25,30.25,,,,2,11,25,30.25,0.0,SAME,1.0
BPCL,2020-11-26,30.25,30.25,30.25,30.25,30.25,30.25,0.0,0.0,0.0,0.0,0.0,0.0,0.0,0.0,30.25,30.25,30.25,30.25000000006432,30.250001517742895,30.251968503142137,0.0,0.0,0.0,0.0,0.0,0.0,0.0,0.0,0.0,30.25,30.25,30.25,30.25,30.25,30.25,,,,3,11,26,30.25,0.0,SAME,1.0
BPCL,2020-11-27,30.25,30.25,30.25,30.25,30.25,30.25,0.0,0.0,0.0,0.0,0.0,0.0,0.0,0.0,30.25,30.25,30.25,30.25000000003216,30.250001011828598,30.251610593479928,0.0,0.0,0.0,0.0,0.0,0.0,0.0,0.0,0.0,30.25,30.25,30.25,30.25,30.25,30.25,,,,4,11,27,30.25,0.0,SAME,1.0
BPCL,2020-11-30,30.25,30.25,30.25,30.25,30.25,30.25,0.0,0.0,0.0,0.0,0.0,0.0,0.0,0.0,30.25,30.25,30.25,30.25000000001608,30.2500006745524,30.251317758301756,0.0,0.0,0.0,0.0,0.0,0.0,0.0,0.0,0.0,30.25,30.25,30.25,30.25,30.25,30.25,,,,0,11,30,30.25,0.0,SAME,1.0
BPCL,2020-12-01,30.25,30.25,30.25,30.25,30.25,30.25,0.0,0.0,0.0,0.0,0.0,0.0,0.0,0.0,30.25,30.25,30.25,30.25000000000804,30.250000449701602,30.251078165883253,0.0,0.0,0.0,0.0,0.0,0.0,0.0,0.0,0.0,30.25,30.25,30.25,30.25,30.25,30.25,,,,1,12,1,30.25,0.0,SAME,1.0
BPCL,2020-12-02,30.25,30.25,30.25,30.25,30.25,30.25,0.0,0.0,0.0,0.0,0.0,0.0,0.0,0.0,30.25,30.25,30.25,30.25000000000402,30.25000029980107,30.25088213572266,0.0,0.0,0.0,0.0,0.0,0.0,0.0,0.0,0.0,30.25,30.25,30.25,30.25,30.25,30.25,,,,2,12,2,30.25,0.0,SAME,1.0
BPCL,2020-12-03,30.25,30.25,30.25,30.25,30.25,30.25,0.0,0.0,0.0,0.0,0.0,0.0,0.0,0.0,30.25,30.25,30.25,30.25000000000201,30.25000019986738,30.250721747409447,0.0,0.0,0.0,0.0,0.0,0.0,0.0,0.0,0.0,30.25,30.25,30.25,30.25,30.25,30.25,,,,3,12,3,30.25,0.0,SAME,1.0
BPCL,2020-12-04,30.25,30.25,30.25,30.25,30.25,30.25,0.0,0.0,0.0,0.0,0.0,0.0,0.0,0.0,30.25,30.25,30.25,30.250000000001005,30.25000013324492,30.250590520607727,0.0,0.0,0.0,0.0,0.0,0.0,0.0,0.0,0.0,30.25,30.25,30.25,30.25,30.25,30.25,,,,4,12,4,30.25,0.0,SAME,1.0
BPCL,2020-12-07,30.25,30.25,30.25,30.25,30.25,30.25,0.0,0.0,0.0,0.0,0.0,0.0,0.0,0.0,30.25,30.25,30.25,30.250000000000504,30.25000008882995,30.2504831532245,0.0,0.0,0.0,0.0,0.0,0.0,0.0,0.0,0.0,30.25,30.25,30.25,30.25,30.25,30.25,,,,0,12,7,30.25,0.0,SAME,1.0
BPCL,2020-12-08,30.25,30.25,30.25,30.25,30.25,30.25,0.0,0.0,0.0,0.0,0.0,0.0,0.0,0.0,30.25,30.25,30.25,30.250000000000252,30.250000059219968,30.25039530718368,0.0,0.0,0.0,0.0,0.0,0.0,0.0,0.0,0.0,30.25,30.25,30.25,30.25,30.25,30.25,,,,1,12,8,30.25,0.0,SAME,1.0
BPCL,2020-12-09,30.25,30.25,30.25,30.25,30.25,30.25,0.0,0.0,0.0,0.0,0.0,0.0,0.0,0.0,30.25,30.25,30.25,30.250000000000128,30.25000003947998,30.25032343315028,0.0,0.0,0.0,0.0,0.0,0.0,0.0,0.0,0.0,30.25,30.25,30.25,30.25,30.25,30.25,,,,2,12,9,30.25,0.0,SAME,1.0
BPCL,2020-12-10,30.25,30.25,30.25,30.25,30.25,30.25,0.0,0.0,0.0,0.0,0.0,0.0,0.0,0.0,30.25,30.25,30.25,30.250000000000064,30.250000026319988,30.250264627122956,0.0,0.0,0.0,0.0,0.0,0.0,0.0,0.0,0.0,30.25,30.25,30.25,30.25,30.25,30.25,,,,3,12,10,30.25,0.0,SAME,1.0
BPCL,2020-12-11,30.25,30.25,30.25,30.25,30.25,30.25,0.0,0.0,0.0,0.0,0.0,0.0,0.0,0.0,30.25,30.25,30.25,30.250000000000032,30.25000001754666,30.250216513100597,0.0,0.0,0.0,0.0,0.0,0.0,0.0,0.0,0.0,30.25,30.25,30.25,30.25,30.25,30.25,,,,4,12,11,30.25,0.0,SAME,1.0
BPCL,2020-12-14,30.25,30.25,30.25,30.25,30.25,30.25,0.0,0.0,0.0,0.0,0.0,0.0,0.0,0.0,30.25,30.25,30.25,30.250000000000014,30.250000011697775,30.250177147082304,0.0,0.0,0.0,0.0,0.0,0.0,0.0,0.0,0.0,30.25,30.25,30.25,30.25,30.25,30.25,,,,0,12,14,30.25,0.0,SAME,1.0
BPCL,2020-12-15,30.25,30.25,30.25,30.25,30.25,30.25,0.0,0.0,0.0,0.0,0.0,0.0,0.0,0.0,30.25,30.25,30.25,30.250000000000007,30.25000000779852,30.250144938521885,0.0,0.0,0.0,0.0,0.0,0.0,0.0,0.0,0.0,30.25,30.25,30.25,30.25,30.25,30.25,,,,1,12,15,30.25,0.0,SAME,1.0
BPCL,2020-12-16,30.25,30.25,30.25,30.25,30.25,30.25,0.0,0.0,0.0,0.0,0.0,0.0,0.0,0.0,30.25,30.25,30.25,30.250000000000004,30.250000005199013,30.25011858606336,0.0,0.0,0.0,0.0,0.0,0.0,0.0,0.0,0.0,30.25,30.25,30.25,30.25,30.25,30.25,,,,2,12,16,30.25,0.0,SAME,1.0
BPCL,2020-12-18,30.25,30.25,30.25,30.25,30.25,30.25,0.0,0.0,0.0,0.0,0.0,0.0,0.0,0.0,30.25,30.25,30.25,30.25,30.25000000346601,30.250097024960926,0.0,0.0,0.0,0.0,0.0,0.0,0.0,0.0,0.0,30.25,30.25,30.25,30.25,30.25,30.25,,,,4,12,18,30.25,0.0,SAME,1.0
BPCL,2020-12-21,30.25,30.25,30.25,30.25,30.25,30.25,0.0,0.0,0.0,0.0,0.0,0.0,0.0,0.0,30.25,30.25,30.25,30.25,30.250000002310674,30.25007938405894,0.0,0.0,0.0,0.0,0.0,0.0,0.0,0.0,0.0,30.25,30.25,30.25,30.25,30.25,30.25,,,,0,12,21,12.5,-17.75,DOWN,0.0
BPCL,2020-12-22,12.5,30.25,30.25,30.25,30.25,30.25,-17.75,-17.75,-17.75,-0.5867768595041323,-0.5867768595041323,-0.5867768595041323,-0.883767540168595,-0.883767540168595,24.333333333333332,26.7,28.475,21.375,24.333333334873785,27.02279222332095,0.338775777788954,0.26241458909501664,0.18555513543136773,-17.75,-0.5867768595041323,-17.75,-0.5867768595041323,-17.75,-0.5867768595041323,12.5,30.25,12.5,30.25,12.5,30.25,0.0,0.0,0.0,1,12,22,30.25,17.75,UP,2.0
BPCL,2020-12-23,30.25,12.5,30.25,30.25,30.25,30.25,17.75,0.0,0.0,1.42,0.0,0.0,0.883767540168595,0.0,24.333333333333332,26.7,28.475,25.8125,26.305555556582526,27.60955727362623,1.0318155880688178,0.7452943919146938,0.504565930353755,0.0,0.0,0.0,0.0,0.0,0.0,12.5,30.25,12.5,30.25,12.5,30.25,1.0,1.0,1.0,2,12,23,30.25,0.0,SAME,1.0
BPCL,2020-12-24,30.25,30.25,12.5,30.25,30.25,30.25,0.0,17.75,0.0,0.0,1.42,0.0,0.0,0.883767540168595,24.333333333333332,26.7,28.475,28.03125,27.620370371055017,28.08963776933055,1.0318155880688178,0.7452943919146938,0.504565930353755,0.0,0.0,0.0,0.0,0.0,0.0,12.5,30.25,12.5,30.25,12.5,30.25,1.0,1.0,1.0,3,12,24,30.25,0.0,SAME,1.0
BPCL,2020-12-25,30.25,30.25,30.25,12.5,30.25,30.25,0.0,0.0,17.75,0.0,0.0,1.42,0.0,0.0,30.25,26.7,28.475,29.140625,28.496913580703346,28.48243090217954,0.8198373822492687,0.7452943919146938,0.504565930353755,17.75,1.42,0.0,0.0,0.0,0.0,30.25,30.25,12.5,30.25,12.5,30.25,,1.0,1.0,4,12,25,30.25,0.0,SAME,1.0
BPCL,2020-12-28,30.25,30.25,30.25,30.25,30.25,30.25,0.0,0.0,0.0,0.0,0.0,0.0,0.0,0.0,30.25,26.7,28.475,29.6953125,29.0812757204689,28.80380710178326,0.0,0.7452943919146938,0.504565930353755,0.0,0.0,0.0,0.0,0.0,0.0,30.25,30.25,12.5,30.25,12.5,30.25,,1.0,1.0,0,12,28,30.25,0.0,SAME,1.0
BPCL,2020-12-29,30.25,30.25,30.25,30.25,12.5,30.25,0.0,0.0,0.0,0.0,0.0,0.0,0.0,0.0,30.25,30.25,28.475,29.97265625,29.4708504803126,29.066751265095395,0.0,0.6350433056099402,0.504565930353755,0.0,0.0,17.75,1.42,0.0,0.0,30.25,30.25,30.25,30.25,12.5,30.25,,,1.0,1,12,29,30.25,0.0,SAME,1.0
BPCL,2020-12-30,30.25,30.25,30.25,30.25,30.25,30.25,0.0,0.0,0.0,0.0,0.0,0.0,0.0,0.0,30.25,30.25,28.475,30.111328125,29.73056698687507,29.281887398714414,0.0,0.0,0.504565930353755,0.0,0.0,0.0,0.0,0.0,0.0,30.25,30.25,30.25,30.25,12.5,30.25,,,1.0,2,12,30,30.25,0.0,SAME,1.0
BPCL,2020-12-31,30.25,30.25,30.25,30.25,30.25,30.25,0.0,0.0,0.0,0.0,0.0,0.0,0.0,0.0,30.25,30.25,28.475,30.1806640625,29.90371132458338,29.457907871675427,0.0,0.0,0.504565930353755,0.0,0.0,0.0,0.0,0.0,0.0,30.25,30.25,30.25,30.25,12.5,30.25,,,1.0,3,12,31,30.25,0.0,SAME,1.0
BPCL,2021-01-01,30.25,30.25,30.25,30.25,30.25,30.25,0.0,0.0,0.0,0.0,0.0,0.0,0.0,0.0,30.25,30.25,28.475,30.21533203125,30.019140883055588,29.601924622279892,0.0,0.0,0.504565930353755,0.0,0.0,0.0,0.0,0.0,0.0,30.25,30.25,30.25,30.25,12.5,30.25,,,1.0,4,1,1,29.14,-1.1099999999999994,DOWN,0.0
BPCL,2021-01-04,29.14,30.25,30.25,30.25,30.25,30.25,-1.1099999999999994,-1.1099999999999994,-1.1099999999999994,-0.03669421487603308,-0.03669421487603308,-0.03669421487603308,-0.03738438370979172,-0.03738438370979172,29.88,30.028,28.363999999999997,29.677666015625,29.72609392203706,29.51793832731991,0.021185414836384878,0.016410151768758797,0.5053719988857484,-1.1099999999999994,-0.03669421487603304,-1.1099999999999994,-0.03669421487603304,-1.1099999999999994,-0.03669421487603304,29.14,30.25,29.14,30.25,12.5,30.25,0.0,0.0,0.9374647887323944,0,1,4,29.14,0.0,SAME,1.0
BPCL,2021-01-05,29.14,29.14,30.25,30.25,30.25,12.5,0.0,-1.1099999999999994,-1.1099999999999994,0.0,-0.03669421487603308,-0.03669421487603308,0.0,-0.03738438370979172,29.51,29.806,30.028,29.4088330078125,29.53072928135804,29.4492222678072,0.021185414836384878,0.016410151768758797,0.4504803579254316,-1.1099999999999994,-0.03669421487603304,-1.1099999999999994,-0.03669421487603304,16.64,1.3312,29.14,30.25,29.14,30.25,29.14,30.25,0.0,0.0,0.0,1,1,5,29.14,0.0,SAME,1.0
BPCL,2021-01-06,29.14,29.14,29.14,30.25,30.25,30.25,0.0,0.0,-1.1099999999999994,0.0,0.0,-0.03669421487603308,0.0,0.0,29.14,29.583999999999996,29.917,29.274416503906252,29.400486187572028,29.3930000372968,0.021185414836384878,0.016410151768758797,0.011603729595990321,-1.1099999999999994,-0.03669421487603304,-1.1099999999999994,-0.03669421487603304,-1.1099999999999994,-0.03669421487603304,29.14,29.14,29.14,30.25,29.14,30.25,,0.0,0.0,2,1,6,29.14,0.0,SAME,1.0
BPCL,2021-01-07,29.14,29.14,29.14,29.14,30.25,30.25,0.0,0.0,0.0,0.0,0.0,0.0,0.0,0.0,29.14,29.362000000000002,29.806,29.207208251953126,29.313657458381357,29.347000030515566,0.0,0.016410151768758797,0.011603729595990321,0.0,0.0,-1.1099999999999994,-0.03669421487603304,-1.1099999999999994,-0.03669421487603304,29.14,29.14,29.14,30.25,29.14,30.25,,0.0,0.0,3,1,7,29.14,0.0,SAME,1.0
BPCL,2021-01-08,29.14,29.14,29.14,29.14,30.25,30.25,0.0,0.0,0.0,0.0,0.0,0.0,0.0,0.0,29.14,29.14,29.695,29.173604125976563,29.255771638920905,29.30936366133092,0.0,0.016410151768758797,0.011603729595990321,0.0,0.0,-1.1099999999999994,-0.03669421487603304,-1.1099999999999994,-0.03669421487603304,29.14,29.14,29.14,29.14,29.14,30.25,,,0.0,4,1,8,29.14,0.0,SAME,1.0
BPCL,2021-01-11,29.14,29.14,29.14,29.14,29.14,30.25,0.0,0.0,0.0,0.0,0.0,0.0,0.0,0.0,29.14,29.14,29.583999999999996,29.156802062988284,29.21718109261394,29.278570268361662,0.0,0.0,0.011603729595990321,0.0,0.0,0.0,0.0,-1.1099999999999994,-0.03669421487603304,29.14,29.14,29.14,29.14,29.14,30.25,,,0.0,0,1,11,29.14,0.0,SAME,1.0
BPCL,2021-01-12,29.14,29.14,29.14,29.14,29.14,30.25,0.0,0.0,0.0,0.0,0.0,0.0,0.0,0.0,29.14,29.14,29.473000000000003,29.148401031494142,29.191454061742633,29.25337567411409,0.0,0.0,0.011603729595990321,0.0,0.0,0.0,0.0,-1.1099999999999994,-0.03669421487603304,29.14,29.14,29.14,29.14,29.14,30.25,,,0.0,1,1,12,29.14,0.0,SAME,1.0
BPCL,2021-01-13,29.14,29.14,29.14,29.14,29.14,30.25,0.0,0.0,0.0,0.0,0.0,0.0,0.0,0.0,29.14,29.14,29.362000000000002,29.144200515747073,29.174302707828424,29.232761915184255,0.0,0.0,0.011603729595990321,0.0,0.0,0.0,0.0,-1.1099999999999994,-0.03669421487603304,29.14,29.14,29.14,29.14,29.14,30.25,,,0.0,2,1,13,29.14,0.0,SAME,1.0
BPCL,2021-01-15,29.14,29.14,29.14,29.14,29.14,30.25,0.0,0.0,0.0,0.0,0.0,0.0,0.0,0.0,29.14,29.14,29.250999999999998,29.142100257873537,29.162868471885616,29.21589611242348,0.0,0.0,0.011603729595990321,0.0,0.0,0.0,0.0,-1.1099999999999994,-0.03669421487603304,29.14,29.14,29.14,29.14,29.14,30.25,,,0.0,4,1,15,29.14,0.0,SAME,1.0
BPCL,2021-01-18,29.14,29.14,29.14,29.14,29.14,30.25,0.0,0.0,0.0,0.0,0.0,0.0,0.0,0.0,29.14,29.14,29.14,29.14105012893677,29.15524564792375,29.202096819255573,0.0,0.0,0.011603729595990321,0.0,0.0,0.0,0.0,-1.1099999999999994,-0.03669421487603304,29.14,29.14,29.14,29.14,29.14,29.14,,,,0,1,18,29.14,0.0,SAME,1.0
BPCL,2021-01-19,29.14,29.14,29.14,29.14,29.14,29.14,0.0,0.0,0.0,0.0,0.0,0.0,0.0,0.0,29.14,29.14,29.14,29.140525064468385,29.1501637652825,29.190806488481833,0.0,0.0,0.0,0.0,0.0,0.0,0.0,0.0,0.0,29.14,29.14,29.14,29.14,29.14,29.14,,,,1,1,19,29.14,0.0,SAME,1.0
BPCL,2021-01-20,29.14,29.14,29.14,29.14,29.14,29.14,0.0,0.0,0.0,0.0,0.0,0.0,0.0,0.0,29.14,29.14,29.14,29.140262532234193,29.146775843521667,29.181568945121498,0.0,0.0,0.0,0.0,0.0,0.0,0.0,0.0,0.0,29.14,29.14,29.14,29.14,29.14,29.14,,,,2,1,20,29.14,0.0,SAME,1.0
BPCL,2021-01-21,29.14,29.14,29.14,29.14,29.14,29.14,0.0,0.0,0.0,0.0,0.0,0.0,0.0,0.0,29.14,29.14,29.14,29.140131266117095,29.144517229014447,29.174010955099405,0.0,0.0,0.0,0.0,0.0,0.0,0.0,0.0,0.0,29.14,29.14,29.14,29.14,29.14,29.14,,,,3,1,21,29.14,0.0,SAME,1.0
BPCL,2021-01-22,29.14,29.14,29.14,29.14,29.14,29.14,0.0,0.0,0.0,0.0,0.0,0.0,0.0,0.0,29.14,29.14,29.14,29.140065633058548,29.143011486009634,29.167827145081333,0.0,0.0,0.0,0.0,0.0,0.0,0.0,0.0,0.0,29.14,29.14,29.14,29.14,29.14,29.14,,,,4,1,22,29.14,0.0,SAME,1.0
BPCL,2021-01-25,29.14,29.14,29.14,29.14,29.14,29.14,0.0,0.0,0.0,0.0,0.0,0.0,0.0,0.0,29.14,29.14,29.14,29.140032816529274,29.14200765733976,29.16276766415745,0.0,0.0,0.0,0.0,0.0,0.0,0.0,0.0,0.0,29.14,29.14,29.14,29.14,29.14,29.14,,,,0,1,25,29.14,0.0,SAME,1.0
BPCL,2021-01-26,29.14,29.14,29.14,29.14,29.14,29.14,0.0,0.0,0.0,0.0,0.0,0.0,0.0,0.0,29.14,29.14,29.14,29.140016408264636,29.141338438226512,29.15862808885609,0.0,0.0,0.0,0.0,0.0,0.0,0.0,0.0,0.0,29.14,29.14,29.14,29.14,29.14,29.14,,,,1,1,26,29.14,0.0,SAME,1.0
BPCL,2021-01-27,29.14,29.14,29.14,29.14,29.14,29.14,0.0,0.0,0.0,0.0,0.0,0.0,0.0,0.0,29.14,29.14,29.14,29.140008204132318,29.14089229215101,29.155241163609524,0.0,0.0,0.0,0.0,0.0,0.0,0.0,0.0,0.0,29.14,29.14,29.14,29.14,29.14,29.14,,,,2,1,27,29.14,0.0,SAME,1.0
BPCL,2021-01-28,29.14,29.14,29.14,29.14,29.14,29.14,0.0,0.0,0.0,0.0,0.0,0.0,0.0,0.0,29.14,29.14,29.14,29.140004102066158,29.14059486143401,29.152470042953247,0.0,0.0,0.0,0.0,0.0,0.0,0.0,0.0,0.0,29.14,29.14,29.14,29.14,29.14,29.14,,,,3,1,28,29.14,0.0,SAME,1.0
BPCL,2021-01-29,29.14,29.14,29.14,29.14,29.14,29.14,0.0,0.0,0.0,0.0,0.0,0.0,0.0,0.0,29.14,29.14,29.14,29.14000205103308,29.14039657428934,29.150202762416292,0.0,0.0,0.0,0.0,0.0,0.0,0.0,0.0,0.0,29.14,29.14,29.14,29.14,29.14,29.14,,,,4,1,29,29.14,0.0,SAME,1.0
BPCL,2021-02-01,29.14,29.14,29.14,29.14,29.14,29.14,0.0,0.0,0.0,0.0,0.0,0.0,0.0,0.0,29.14,29.14,29.14,29.14000102551654,29.140264382859563,29.148347714704236,0.0,0.0,0.0,0.0,0.0,0.0,0.0,0.0,0.0,29.14,29.14,29.14,29.14,29.14,29.14,,,,0,2,1,29.14,0.0,SAME,1.0
BPCL,2021-02-02,29.14,29.14,29.14,29.14,29.14,29.14,0.0,0.0,0.0,0.0,0.0,0.0,0.0,0.0,29.14,29.14,29.14,29.14000051275827,29.14017625523971,29.146829948394377,0.0,0.0,0.0,0.0,0.0,0.0,0.0,0.0,0.0,29.14,29.14,29.14,29.14,29.14,29.14,,,,1,2,2,29.14,0.0,SAME,1.0
BPCL,2021-02-03,29.14,29.14,29.14,29.14,29.14,29.14,0.0,0.0,0.0,0.0,0.0,0.0,0.0,0.0,29.14,29.14,29.14,29.140000256379135,29.140117503493144,29.145588139595397,0.0,0.0,0.0,0.0,0.0,0.0,0.0,0.0,0.0,29.14,29.14,29.14,29.14,29.14,29.14,,,,2,2,3,29.14,0.0,SAME,1.0
BPCL,2021-02-04,29.14,29.14,29.14,29.14,29.14,29.14,0.0,0.0,0.0,0.0,0.0,0.0,0.0,0.0,29.14,29.14,29.14,29.14000012818957,29.140078335662096,29.144572114214412,0.0,0.0,0.0,0.0,0.0,0.0,0.0,0.0,0.0,29.14,29.14,29.14,29.14,29.14,29.14,,,,3,2,4,29.14,0.0,SAME,1.0
BPCL,2021-02-05,29.14,29.14,29.14,29.14,29.14,29.14,0.0,0.0,0.0,0.0,0.0,0.0,0.0,0.0,29.14,29.14,29.14,29.140000064094785,29.14005222377473,29.14374082072088,0.0,0.0,0.0,0.0,0.0,0.0,0.0,0.0,0.0,29.14,29.14,29.14,29.14,29.14,29.14,,,,4,2,5,29.14,0.0,SAME,1.0
BPCL,2021-02-08,29.14,29.14,29.14,29.14,29.14,29.14,0.0,0.0,0.0,0.0,0.0,0.0,0.0,0.0,29.14,29.14,29.14,29.140000032047393,29.140034815849823,29.1430606714989,0.0,0.0,0.0,0.0,0.0,0.0,0.0,0.0,0.0,29.14,29.14,29.14,29.14,29.14,29.14,,,,0,2,8,29.14,0.0,SAME,1.0
BPCL,2021-02-09,29.14,29.14,29.14,29.14,29.14,29.14,0.0,0.0,0.0,0.0,0.0,0.0,0.0,0.0,29.14,29.14,29.14,29.1400000160237,29.140023210566554,29.142504185771827,0.0,0.0,0.0,0.0,0.0,0.0,0.0,0.0,0.0,29.14,29.14,29.14,29.14,29.14,29.14,,,,1,2,9,29.14,0.0,SAME,1.0
BPCL,2021-02-10,29.14,29.14,29.14,29.14,29.14,29.14,0.0,0.0,0.0,0.0,0.0,0.0,0.0,0.0,29.14,29.14,29.14,29.14000000801185,29.14001547371104,29.142048879267854,0.0,0.0,0.0,0.0,0.0,0.0,0.0,0.0,0.0,29.14,29.14,29.14,29.14,29.14,29.14,,,,2,2,10,29.14,0.0,SAME,1.0
BPCL,2021-02-11,29.14,29.14,29.14,29.14,29.14,29.14,0.0,0.0,0.0,0.0,0.0,0.0,0.0,0.0,29.14,29.14,29.14,29.140000004005927,29.14001031580736,29.14167635576461,0.0,0.0,0.0,0.0,0.0,0.0,0.0,0.0,0.0,29.14,29.14,29.14,29.14,29.14,29.14,,,,3,2,11,29.14,0.0,SAME,1.0
BPCL,2021-02-15,29.14,29.14,29.14,29.14,29.14,29.14,0.0,0.0,0.0,0.0,0.0,0.0,0.0,0.0,29.14,29.14,29.14,29.140000002002964,29.14000687720491,29.141371563807404,0.0,0.0,0.0,0.0,0.0,0.0,0.0,0.0,0.0,29.14,29.14,29.14,29.14,29.14,29.14,,,,0,2,15,29.14,0.0,SAME,1.0
BPCL,2021-02-16,29.14,29.14,29.14,29.14,29.14,29.14,0.0,0.0,0.0,0.0,0.0,0.0,0.0,0.0,29.14,29.14,29.14,29.140000001001482,29.14000458480328,29.141122188569696,0.0,0.0,0.0,0.0,0.0,0.0,0.0,0.0,0.0,29.14,29.14,29.14,29.14,29.14,29.14,,,,1,2,16,29.14,0.0,SAME,1.0
BPCL,2021-02-17,29.14,29.14,29.14,29.14,29.14,29.14,0.0,0.0,0.0,0.0,0.0,0.0,0.0,0.0,29.14,29.14,29.14,29.14000000050074,29.14000305653552,29.140918154284293,0.0,0.0,0.0,0.0,0.0,0.0,0.0,0.0,0.0,29.14,29.14,29.14,29.14,29.14,29.14,,,,2,2,17,29.14,0.0,SAME,1.0
BPCL,2021-02-18,29.14,29.14,29.14,29.14,29.14,29.14,0.0,0.0,0.0,0.0,0.0,0.0,0.0,0.0,29.14,29.14,29.14,29.14000000025037,29.14000203769035,29.14075121714169,0.0,0.0,0.0,0.0,0.0,0.0,0.0,0.0,0.0,29.14,29.14,29.14,29.14,29.14,29.14,,,,3,2,18,29.14,0.0,SAME,1.0
BPCL,2021-02-19,29.14,29.14,29.14,29.14,29.14,29.14,0.0,0.0,0.0,0.0,0.0,0.0,0.0,0.0,29.14,29.14,29.14,29.140000000125184,29.14000135846024,29.140614632206834,0.0,0.0,0.0,0.0,0.0,0.0,0.0,0.0,0.0,29.14,29.14,29.14,29.14,29.14,29.14,,,,4,2,19,29.14,0.0,SAME,1.0
BPCL,2021-02-24,29.14,29.14,29.14,29.14,29.14,29.14,0.0,0.0,0.0,0.0,0.0,0.0,0.0,0.0,29.14,29.14,29.14,29.140000000062592,29.140000905640164,29.1405028808965,0.0,0.0,0.0,0.0,0.0,0.0,0.0,0.0,0.0,29.14,29.14,29.14,29.14,29.14,29.14,,,,2,2,24,29.14,0.0,SAME,1.0
BPCL,2021-02-25,29.14,29.14,29.14,29.14,29.14,29.14,0.0,0.0,0.0,0.0,0.0,0.0,0.0,0.0,29.14,29.14,29.14,29.140000000031296,29.140000603760114,29.140411448006226,0.0,0.0,0.0,0.0,0.0,0.0,0.0,0.0,0.0,29.14,29.14,29.14,29.14,29.14,29.14,,,,3,2,25,29.14,0.0,SAME,1.0
BPCL,2021-02-26,29.14,29.14,29.14,29.14,29.14,29.14,0.0,0.0,0.0,0.0,0.0,0.0,0.0,0.0,29.14,29.14,29.14,29.140000000015647,29.140000402506743,29.14033663927782,0.0,0.0,0.0,0.0,0.0,0.0,0.0,0.0,0.0,29.14,29.14,29.14,29.14,29.14,29.14,,,,4,2,26,29.14,0.0,SAME,1.0
BPCL,2021-03-01,29.14,29.14,29.14,29.14,29.14,29.14,0.0,0.0,0.0,0.0,0.0,0.0,0.0,0.0,29.14,29.14,29.14,29.140000000007824,29.14000026833783,29.1402754321364,0.0,0.0,0.0,0.0,0.0,0.0,0.0,0.0,0.0,29.14,29.14,29.14,29.14,29.14,29.14,,,,0,3,1,29.14,0.0,SAME,1.0
BPCL,2021-03-02,29.14,29.14,29.14,29.14,29.14,29.14,0.0,0.0,0.0,0.0,0.0,0.0,0.0,0.0,29.14,29.14,29.14,29.140000000003912,29.14000017889189,29.140225353566144,0.0,0.0,0.0,0.0,0.0,0.0,0.0,0.0,0.0,29.14,29.14,29.14,29.14,29.14,29.14,,,,1,3,2,29.14,0.0,SAME,1.0
BPCL,2021-03-03,29.14,29.14,29.14,29.14,29.14,29.14,0.0,0.0,0.0,0.0,0.0,0.0,0.0,0.0,29.14,29.14,29.14,29.140000000001955,29.14000011926126,29.140184380190483,0.0,0.0,0.0,0.0,0.0,0.0,0.0,0.0,0.0,29.14,29.14,29.14,29.14,29.14,29.14,,,,2,3,3,29.14,0.0,SAME,1.0
BPCL,2021-03-04,29.14,29.14,29.14,29.14,29.14,29.14,0.0,0.0,0.0,0.0,0.0,0.0,0.0,0.0,29.14,29.14,29.14,29.140000000000978,29.14000007950751,29.140150856519483,0.0,0.0,0.0,0.0,0.0,0.0,0.0,0.0,0.0,29.14,29.14,29.14,29.14,29.14,29.14,,,,3,3,4,29.14,0.0,SAME,1.0
BPCL,2021-03-05,29.14,29.14,29.14,29.14,29.14,29.14,0.0,0.0,0.0,0.0,0.0,0.0,0.0,0.0,29.14,29.14,29.14,29.14000000000049,29.14000005300501,29.140123428061393,0.0,0.0,0.0,0.0,0.0,0.0,0.0,0.0,0.0,29.14,29.14,29.14,29.14,29.14,29.14,,,,4,3,5,29.14,0.0,SAME,1.0
BPCL,2021-03-08,29.14,29.14,29.14,29.14,29.14,29.14,0.0,0.0,0.0,0.0,0.0,0.0,0.0,0.0,29.14,29.14,29.14,29.140000000000246,29.140000035336676,29.140100986595684,0.0,0.0,0.0,0.0,0.0,0.0,0.0,0.0,0.0,29.14,29.14,29.14,29.14,29.14,29.14,,,,0,3,8,29.14,0.0,SAME,1.0
BPCL,2021-03-09,29.14,29.14,29.14,29.14,29.14,29.14,0.0,0.0,0.0,0.0,0.0,0.0,0.0,0.0,29.14,29.14,29.14,29.14000000000012,29.14000002355779,29.140082625396467,0.0,0.0,0.0,0.0,0.0,0.0,0.0,0.0,0.0,29.14,29.14,29.14,29.14,29.14,29.14,,,,1,3,9,29.14,0.0,SAME,1.0
BPCL,2021-03-10,29.14,29.14,29.14,29.14,29.14,29.14,0.0,0.0,0.0,0.0,0.0,0.0,0.0,0.0,29.14,29.14,29.14,29.14000000000006,29.140000015705198,29.140067602597107,0.0,0.0,0.0,0.0,0.0,0.0,0.0,0.0,0.0,29.14,29.14,29.14,29.14,29.14,29.14,,,,2,3,10,29.14,0.0,SAME,1.0
BPCL,2021-03-11,29.14,29.14,29.14,29.14,29.14,29.14,0.0,0.0,0.0,0.0,0.0,0.0,0.0,0.0,29.14,29.14,29.14,29.14000000000003,29.140000010470132,29.14005531121581,0.0,0.0,0.0,0.0,0.0,0.0,0.0,0.0,0.0,29.14,29.14,29.14,29.14,29.14,29.14,,,,3,3,11,28.59,-0.5500000000000007,DOWN,0.0
BPCL,2021-03-12,28.59,29.14,29.14,29.14,29.14,29.14,-0.5500000000000007,-0.5500000000000007,-0.5500000000000007,-0.018874399450926616,-0.018874399450926616,-0.018874399450926616,-0.019054794432838393,-0.019054794432838393,28.956666666666667,29.03,29.085,28.865000000000016,28.956666673646758,29.040045254631117,0.010897139603795165,0.008440888041351324,0.005968609173277039,-0.5500000000000007,-0.018874399450926584,-0.5500000000000007,-0.018874399450926584,-0.5500000000000007,-0.018874399450926584,28.59,29.14,28.59,29.14,28.59,29.14,0.0,0.0,0.0,4,3,12,28.59,0.0,SAME,1.0
BPCL,2021-03-15,28.59,28.59,29.14,29.14,29.14,29.14,0.0,-0.5500000000000007,-0.5500000000000007,0.0,-0.018874399450926616,-0.018874399450926616,0.0,-0.019054794432838393,28.77333333333333,28.919999999999998,29.03,28.727500000000006,28.834444449097838,28.958218844698187,0.010897139603795165,0.008440888041351324,0.005968609173277039,-0.5500000000000007,-0.018874399450926584,-0.5500000000000007,-0.018874399450926584,-0.5500000000000007,-0.018874399450926584,28.59,29.14,28.59,29.14,28.59,29.14,0.0,0.0,0.0,0,3,15,28.59,0.0,SAME,1.0
BPCL,2021-03-16,28.59,28.59,28.59,29.14,29.14,29.14,0.0,0.0,-0.5500000000000007,0.0,0.0,-0.018874399450926616,0.0,0.0,28.59,28.810000000000002,28.975,28.658750000000005,28.752962966065226,28.89126996384397,0.010897139603795165,0.008440888041351324,0.005968609173277039,-0.5500000000000007,-0.018874399450926584,-0.5500000000000007,-0.018874399450926584,-0.5500000000000007,-0.018874399450926584,28.59,28.59,28.59,29.14,28.59,29.14,,0.0,0.0,1,3,16,28.59,0.0,SAME,1.0
BPCL,2021-03-17,28.59,28.59,28.59,28.59,29.14,29.14,0.0,0.0,0.0,0.0,0.0,0.0,0.0,0.0,28.59,28.7,28.919999999999998,28.624375,28.698641977376816,28.83649360678143,0.0,0.008440888041351324,0.005968609173277039,0.0,0.0,-0.5500000000000007,-0.018874399450926584,-0.5500000000000007,-0.018874399450926584,28.59,28.59,28.59,29.14,28.59,29.14,,0.0,0.0,2,3,17,28.59,0.0,SAME,1.0
BPCL,2021-03-18,28.59,28.59,28.59,28.59,29.14,29.14,0.0,0.0,0.0,0.0,0.0,0.0,0.0,0.0,28.59,28.59,28.865,28.607187500000002,28.662427984917876,28.791676587366624,0.0,0.008440888041351324,0.005968609173277039,0.0,0.0,-0.5500000000000007,-0.018874399450926584,-0.5500000000000007,-0.018874399450926584,28.59,28.59,28.59,28.59,28.59,29.14,,,0.0,3,3,18,28.59,0.0,SAME,1.0
BPCL,2021-03-19,28.59,28.59,28.59,28.59,28.59,29.14,0.0,0.0,0.0,0.0,0.0,0.0,0.0,0.0,28.59,28.59,28.810000000000002,28.59859375,28.638285323278588,28.755008116936327,0.0,0.0,0.005968609173277039,0.0,0.0,0.0,0.0,-0.5500000000000007,-0.018874399450926584,28.59,28.59,28.59,28.59,28.59,29.14,,,0.0,4,3,19,28.59,0.0,SAME,1.0
BPCL,2021-03-22,28.59,28.59,28.59,28.59,28.59,29.14,0.0,0.0,0.0,0.0,0.0,0.0,0.0,0.0,28.59,28.59,28.755000000000003,28.594296874999998,28.622190215519062,28.72500664112972,0.0,0.0,0.005968609173277039,0.0,0.0,0.0,0.0,-0.5500000000000007,-0.018874399450926584,28.59,28.59,28.59,28.59,28.59,29.14,,,0.0,0,3,22,28.59,0.0,SAME,1.0
BPCL,2021-03-23,28.59,28.59,28.59,28.59,28.59,29.14,0.0,0.0,0.0,0.0,0.0,0.0,0.0,0.0,28.59,28.59,28.7,28.5921484375,28.611460143679373,28.700459979106135,0.0,0.0,0.005968609173277039,0.0,0.0,0.0,0.0,-0.5500000000000007,-0.018874399450926584,28.59,28.59,28.59,28.59,28.59,29.14,,,0.0,1,3,23,28.59,0.0,SAME,1.0
BPCL,2021-03-24,28.59,28.59,28.59,28.59,28.59,29.14,0.0,0.0,0.0,0.0,0.0,0.0,0.0,0.0,28.59,28.59,28.645,28.591074218750002,28.604306762452914,28.680376346541383,0.0,0.0,0.005968609173277039,0.0,0.0,0.0,0.0,-0.5500000000000007,-0.018874399450926584,28.59,28.59,28.59,28.59,28.59,29.14,,,0.0,2,3,24,28.59,0.0,SAME,1.0
BPCL,2021-03-25,28.59,28.59,28.59,28.59,28.59,29.14,0.0,0.0,0.0,0.0,0.0,0.0,0.0,0.0,28.59,28.59,28.59,28.590537109375,28.599537841635275,28.66394428353386,0.0,0.0,0.005968609173277039,0.0,0.0,0.0,0.0,-0.5500000000000007,-0.018874399450926584,28.59,28.59,28.59,28.59,28.59,28.59,,,,3,3,25,28.59,0.0,SAME,1.0
BPCL,2021-03-26,28.59,28.59,28.59,28.59,28.59,28.59,0.0,0.0,0.0,0.0,0.0,0.0,0.0,0.0,28.59,28.59,28.59,28.590268554687498,28.596358561090184,28.650499868345882,0.0,0.0,0.0,0.0,0.0,0.0,0.0,0.0,0.0,28.59,28.59,28.59,28.59,28.59,28.59,,,,4,3,26,28.59,0.0,SAME,1.0
BPCL,2021-03-29,28.59,28.59,28.59,28.59,28.59,28.59,0.0,0.0,0.0,0.0,0.0,0.0,0.0,0.0,28.59,28.59,28.59,28.59013427734375,28.59423904072679,28.639499892282995,0.0,0.0,0.0,0.0,0.0,0.0,0.0,0.0,0.0,28.59,28.59,28.59,28.59,28.59,28.59,,,,0,3,29,28.59,0.0,SAME,1.0
BPCL,2021-03-30,28.59,28.59,28.59,28.59,28.59,28.59,0.0,0.0,0.0,0.0,0.0,0.0,0.0,0.0,28.59,28.59,28.59,28.590067138671877,28.592826027151197,28.630499911867904,0.0,0.0,0.0,0.0,0.0,0.0,0.0,0.0,0.0,28.59,28.59,28.59,28.59,28.59,28.59,,,,1,3,30,28.59,0.0,SAME,1.0
BPCL,2021-03-31,28.59,28.59,28.59,28.59,28.59,28.59,0.0,0.0,0.0,0.0,0.0,0.0,0.0,0.0,28.59,28.59,28.59,28.590033569335937,28.5918840181008,28.623136291528283,0.0,0.0,0.0,0.0,0.0,0.0,0.0,0.0,0.0,28.59,28.59,28.59,28.59,28.59,28.59,,,,2,3,31,28.59,0.0,SAME,1.0
BPCL,2021-04-01,28.59,28.59,28.59,28.59,28.59,28.59,0.0,0.0,0.0,0.0,0.0,0.0,0.0,0.0,28.59,28.59,28.59,28.590016784667966,28.5912560120672,28.617111511250414,0.0,0.0,0.0,0.0,0.0,0.0,0.0,0.0,0.0,28.59,28.59,28.59,28.59,28.59,28.59,,,,3,4,1,28.59,0.0,SAME,1.0
BPCL,2021-04-02,28.59,28.59,28.59,28.59,28.59,28.59,0.0,0.0,0.0,0.0,0.0,0.0,0.0,0.0,28.59,28.59,28.59,28.590008392333985,28.590837341378133,28.61218214556852,0.0,0.0,0.0,0.0,0.0,0.0,0.0,0.0,0.0,28.59,28.59,28.59,28.59,28.59,28.59,,,,4,4,2,28.59,0.0,SAME,1.0
BPCL,2021-04-05,28.59,28.59,28.59,28.59,28.59,28.59,0.0,0.0,0.0,0.0,0.0,0.0,0.0,0.0,28.59,28.59,28.59,28.590004196166994,28.590558227585426,28.608149028192425,0.0,0.0,0.0,0.0,0.0,0.0,0.0,0.0,0.0,28.59,28.59,28.59,28.59,28.59,28.59,,,,0,4,5,28.59,0.0,SAME,1.0
BPCL,2021-04-06,28.59,28.59,28.59,28.59,28.59,28.59,0.0,0.0,0.0,0.0,0.0,0.0,0.0,0.0,28.59,28.59,28.59,28.590002098083495,28.59037215172362,28.60484920488471,0.0,0.0,0.0,0.0,0.0,0.0,0.0,0.0,0.0,28.59,28.59,28.59,28.59,28.59,28.59,,,,1,4,6,28.59,0.0,SAME,1.0
BPCL,2021-04-07,28.59,28.59,28.59,28.59,28.59,28.59,0.0,0.0,0.0,0.0,0.0,0.0,0.0,0.0,28.59,28.59,28.59,28.590001049041746,28.59024810114908,28.60214934945113,0.0,0.0,0.0,0.0,0.0,0.0,0.0,0.0,0.0,28.59,28.59,28.59,28.59,28.59,28.59,,,,2,4,7,28.59,0.0,SAME,1.0
BPCL,2021-04-08,28.59,28.59,28.59,28.59,28.59,28.59,0.0,0.0,0.0,0.0,0.0,0.0,0.0,0.0,28.59,28.59,28.59,28.590000524520875,28.590165400766054,28.59994037682365,0.0,0.0,0.0,0.0,0.0,0.0,0.0,0.0,0.0,28.59,28.59,28.59,28.59,28.59,28.59,,,,3,4,8,28.59,0.0,SAME,1.0
BPCL,2021-04-09,28.59,28.59,28.59,28.59,28.59,28.59,0.0,0.0,0.0,0.0,0.0,0.0,0.0,0.0,28.59,28.59,28.59,28.59000026226044,28.590110267177373,28.598133035582986,0.0,0.0,0.0,0.0,0.0,0.0,0.0,0.0,0.0,28.59,28.59,28.59,28.59,28.59,28.59,,,,4,4,9,28.59,0.0,SAME,1.0
BPCL,2021-04-12,28.59,28.59,28.59,28.59,28.59,28.59,0.0,0.0,0.0,0.0,0.0,0.0,0.0,0.0,28.59,28.59,28.59,28.590000131130218,28.590073511451585,28.596654301840623,0.0,0.0,0.0,0.0,0.0,0.0,0.0,0.0,0.0,28.59,28.59,28.59,28.59,28.59,28.59,,,,0,4,12,28.59,0.0,SAME,1.0
BPCL,2021-04-13,28.59,28.59,28.59,28.59,28.59,28.59,0.0,0.0,0.0,0.0,0.0,0.0,0.0,0.0,28.59,28.59,28.59,28.590000065565107,28.59004900763439,28.59544442877869,0.0,0.0,0.0,0.0,0.0,0.0,0.0,0.0,0.0,28.59,28.59,28.59,28.59,28.59,28.59,,,,1,4,13,28.59,0.0,SAME,1.0
BPCL,2021-04-14,28.59,28.59,28.59,28.59,28.59,28.59,0.0,0.0,0.0,0.0,0.0,0.0,0.0,0.0,28.59,28.59,28.59,28.590000032782555,28.590032671756262,28.594454532637112,0.0,0.0,0.0,0.0,0.0,0.0,0.0,0.0,0.0,28.59,28.59,28.59,28.59,28.59,28.59,,,,2,4,14,28.59,0.0,SAME,1.0
BPCL,2021-04-15,28.59,28.59,28.59,28.59,28.59,28.59,0.0,0.0,0.0,0.0,0.0,0.0,0.0,0.0,28.59,28.59,28.59,28.59000001639128,28.59002178117084,28.59364461761218,0.0,0.0,0.0,0.0,0.0,0.0,0.0,0.0,0.0,28.59,28.59,28.59,28.59,28.59,28.59,,,,3,4,15,28.59,0.0,SAME,1.0
BPCL,2021-04-16,28.59,28.59,28.59,28.59,28.59,28.59,0.0,0.0,0.0,0.0,0.0,0.0,0.0,0.0,28.59,28.59,28.59,28.590000008195638,28.590014520780564,28.59298195986451,0.0,0.0,0.0,0.0,0.0,0.0,0.0,0.0,0.0,28.59,28.59,28.59,28.59,28.59,28.59,,,,4,4,16,28.59,0.0,SAME,1.0
BPCL,2021-04-19,28.59,28.59,28.59,28.59,28.59,28.59,0.0,0.0,0.0,0.0,0.0,0.0,0.0,0.0,28.59,28.59,28.59,28.590000004097817,28.590009680520375,28.59243978534369,0.0,0.0,0.0,0.0,0.0,0.0,0.0,0.0,0.0,28.59,28.59,28.59,28.59,28.59,28.59,,,,0,4,19,28.59,0.0,SAME,1.0
BPCL,2021-04-20,28.59,28.59,28.59,28.59,28.59,28.59,0.0,0.0,0.0,0.0,0.0,0.0,0.0,0.0,28.59,28.59,28.59,28.59000000204891,28.590006453680253,28.591996188008473,0.0,0.0,0.0,0.0,0.0,0.0,0.0,0.0,0.0,28.59,28.59,28.59,28.59,28.59,28.59,,,,1,4,20,28.59,0.0,SAME,1.0
BPCL,2021-04-21,28.59,28.59,28.59,28.59,28.59,28.59,0.0,0.0,0.0,0.0,0.0,0.0,0.0,0.0,28.59,28.59,28.59,28.590000001024457,28.5900043024535,28.591633244734204,0.0,0.0,0.0,0.0,0.0,0.0,0.0,0.0,0.0,28.59,28.59,28.59,28.59,28.59,28.59,,,,2,4,21,28.59,0.0,SAME,1.0
BPCL,2021-04-23,28.59,28.59,28.59,28.59,28.59,28.59,0.0,0.0,0.0,0.0,0.0,0.0,0.0,0.0,28.59,28.59,28.59,28.590000000512227,28.590002868302335,28.591336291146167,0.0,0.0,0.0,0.0,0.0,0.0,0.0,0.0,0.0,28.59,28.59,28.59,28.59,28.59,28.59,,,,4,4,23,28.59,0.0,SAME,1.0
BPCL,2021-04-26,28.59,28.59,28.59,28.59,28.59,28.59,0.0,0.0,0.0,0.0,0.0,0.0,0.0,0.0,28.59,28.59,28.59,28.59000000025611,28.590001912201558,28.59109332911959,0.0,0.0,0.0,0.0,0.0,0.0,0.0,0.0,0.0,28.59,28.59,28.59,28.59,28.59,28.59,,,,0,4,26,28.59,0.0,SAME,1.0
BPCL,2021-04-27,28.59,28.59,28.59,28.59,28.59,28.59,0.0,0.0,0.0,0.0,0.0,0.0,0.0,0.0,28.59,28.59,28.59,28.590000000128057,28.59000127480104,28.590894542006936,0.0,0.0,0.0,0.0,0.0,0.0,0.0,0.0,0.0,28.59,28.59,28.59,28.59,28.59,28.59,,,,1,4,27,28.59,0.0,SAME,1.0
BPCL,2021-04-29,28.59,28.59,28.59,28.59,28.59,28.59,0.0,0.0,0.0,0.0,0.0,0.0,0.0,0.0,28.59,28.59,28.59,28.59000000006403,28.59000084986736,28.590731898005675,0.0,0.0,0.0,0.0,0.0,0.0,0.0,0.0,0.0,28.59,28.59,28.59,28.59,28.59,28.59,,,,3,4,29,28.59,0.0,SAME,1.0
BPCL,2021-04-30,28.59,28.59,28.59,28.59,28.59,28.59,0.0,0.0,0.0,0.0,0.0,0.0,0.0,0.0,28.59,28.59,28.59,28.590000000032013,28.59000056657824,28.590598825641006,0.0,0.0,0.0,0.0,0.0,0.0,0.0,0.0,0.0,28.59,28.59,28.59,28.59,28.59,28.59,,,,4,4,30,28.59,0.0,SAME,1.0
BPCL,2021-05-03,28.59,28.59,28.59,28.59,28.59,28.59,0.0,0.0,0.0,0.0,0.0,0.0,0.0,0.0,28.59,28.59,28.59,28.590000000016005,28.59000037771883,28.590489948251733,0.0,0.0,0.0,0.0,0.0,0.0,0.0,0.0,0.0,28.59,28.59,28.59,28.59,28.59,28.59,,,,0,5,3,28.59,0.0,SAME,1.0
BPCL,2021-05-04,28.59,28.59,28.59,28.59,28.59,28.59,0.0,0.0,0.0,0.0,0.0,0.0,0.0,0.0,28.59,28.59,28.59,28.590000000008004,28.590000251812555,28.590400866751416,0.0,0.0,0.0,0.0,0.0,0.0,0.0,0.0,0.0,28.59,28.59,28.59,28.59,28.59,28.59,,,,1,5,4,28.59,0.0,SAME,1.0
BPCL,2021-05-05,28.59,28.59,28.59,28.59,28.59,28.59,0.0,0.0,0.0,0.0,0.0,0.0,0.0,0.0,28.59,28.59,28.59,28.590000000004004,28.59000016787504,28.590327981887523,0.0,0.0,0.0,0.0,0.0,0.0,0.0,0.0,0.0,28.59,28.59,28.59,28.59,28.59,28.59,,,,2,5,5,28.59,0.0,SAME,1.0
BPCL,2021-05-06,28.59,28.59,28.59,28.59,28.59,28.59,0.0,0.0,0.0,0.0,0.0,0.0,0.0,0.0,28.59,28.59,28.59,28.590000000002,28.590000111916694,28.590268348817062,0.0,0.0,0.0,0.0,0.0,0.0,0.0,0.0,0.0,28.59,28.59,28.59,28.59,28.59,28.59,,,,3,5,6,28.59,0.0,SAME,1.0
BPCL,2021-05-07,28.59,28.59,28.59,28.59,28.59,28.59,0.0,0.0,0.0,0.0,0.0,0.0,0.0,0.0,28.59,28.59,28.59,28.590000000000998,28.590000074611133,28.59021955812305,0.0,0.0,0.0,0.0,0.0,0.0,0.0,0.0,0.0,28.59,28.59,28.59,28.59,28.59,28.59,,,,4,5,7,28.59,0.0,SAME,1.0
BPCL,2021-05-10,28.59,28.59,28.59,28.59,28.59,28.59,0.0,0.0,0.0,0.0,0.0,0.0,0.0,0.0,28.59,28.59,28.59,28.5900000000005,28.59000004974076,28.590179638464313,0.0,0.0,0.0,0.0,0.0,0.0,0.0,0.0,0.0,28.59,28.59,28.59,28.59,28.59,28.59,,,,0,5,10,28.59,0.0,SAME,1.0
BPCL,2021-05-11,28.59,28.59,28.59,28.59,28.59,28.59,0.0,0.0,0.0,0.0,0.0,0.0,0.0,0.0,28.59,28.59,28.59,28.590000000000252,28.590000033160507,28.590146976925347,0.0,0.0,0.0,0.0,0.0,0.0,0.0,0.0,0.0,28.59,28.59,28.59,28.59,28.59,28.59,,,,1,5,11,28.59,0.0,SAME,1.0
BPCL,2021-05-12,28.59,28.59,28.59,28.59,28.59,28.59,0.0,0.0,0.0,0.0,0.0,0.0,0.0,0.0,28.59,28.59,28.59,28.590000000000124,28.590000022107006,28.59012025384801,0.0,0.0,0.0,0.0,0.0,0.0,0.0,0.0,0.0,28.59,28.59,28.59,28.59,28.59,28.59,,,,2,5,12,28.59,0.0,SAME,1.0
BPCL,2021-05-13,28.59,28.59,28.59,28.59,28.59,28.59,0.0,0.0,0.0,0.0,0.0,0.0,0.0,0.0,28.59,28.59,28.59,28.59000000000006,28.590000014738003,28.590098389512008,0.0,0.0,0.0,0.0,0.0,0.0,0.0,0.0,0.0,28.59,28.59,28.59,28.59,28.59,28.59,,,,3,5,13,28.59,0.0,SAME,1.0
BPCL,2021-05-14,28.59,28.59,28.59,28.59,28.59,28.59,0.0,0.0,0.0,0.0,0.0,0.0,0.0,0.0,28.59,28.59,28.59,28.590000000000032,28.59000000982534,28.590080500509824,0.0,0.0,0.0,0.0,0.0,0.0,0.0,0.0,0.0,28.59,28.59,28.59,28.59,28.59,28.59,,,,4,5,14,30.02,1.4299999999999997,UP,2.0
BPCL,2021-05-17,30.02,28.59,28.59,28.59,28.59,28.59,1.4299999999999997,1.4299999999999997,1.4299999999999997,0.05001748863238897,0.05001748863238897,0.05001748863238897,0.04880681987109548,0.04880681987109548,29.066666666666666,28.875999999999998,28.733000000000004,29.305000000000014,29.066666673216893,28.85006586405349,0.0288776105261027,0.022368500929168946,0.015816918691993358,1.4299999999999997,0.05001748863238894,1.4299999999999997,0.05001748863238894,1.4299999999999997,0.05001748863238894,28.59,30.02,28.59,30.02,28.59,30.02,1.0,1.0,1.0,0,5,17,31.52,1.5,UP,2.0
BPCL,2021-05-18,31.52,30.02,28.59,28.59,28.59,28.59,1.5,2.9299999999999997,2.9299999999999997,0.04996668887408395,0.10248338579923044,0.10248338579923044,0.04875843878436249,0.09756525865545788,30.043333333333333,29.462,29.026,30.41250000000001,29.884444448811266,29.33550843422558,0.028862957075195494,0.027381800597301338,0.02107851879406613,2.9299999999999997,0.1024833857992305,2.9299999999999997,0.1024833857992305,2.9299999999999997,0.1024833857992305,28.59,31.52,28.59,31.52,28.59,31.52,1.0,1.0,1.0,1,5,18,34.76,3.2399999999999984,UP,2.0
BPCL,2021-05-19,34.76,31.52,30.02,28.59,28.59,28.59,3.2399999999999984,4.739999999999998,6.169999999999998,0.10279187817258872,0.1578947368421053,0.21580972367960816,0.09784503540751281,0.14660347419187544,32.1,30.695999999999998,29.643,32.58625000000001,31.509629632540847,30.321779628002748,0.03048398321627396,0.0428397118134197,0.03567254859397148,6.169999999999998,0.21580972367960818,6.169999999999998,0.21580972367960818,6.169999999999998,0.21580972367960818,30.02,34.76,28.59,34.76,28.59,34.76,1.0,1.0,1.0,2,5,19,36.5,1.740000000000002,UP,2.0
BPCL,2021-05-20,36.5,34.76,31.52,30.02,28.59,28.59,1.740000000000002,4.98,6.48,0.050057537399309515,0.15799492385786795,0.2158560959360427,0.0488449601912545,0.1466899955987674,34.26,32.278,30.433999999999997,34.543125,33.1730864216939,31.445092422911337,0.03047244540748007,0.036350313881307765,0.036021388485747735,6.48,0.21585609593604266,7.91,0.27667016439314446,7.91,0.27667016439314446,31.52,36.5,28.59,36.5,28.59,36.5,1.0,1.0,1.0,3,5,20,40.25,3.75,UP,2.0
BPCL,2021-05-21,40.25,36.5,34.76,31.52,28.59,28.59,3.75,5.490000000000002,8.73,0.10273972602739723,0.1579401611047182,0.27696700507614214,0.09779774327612653,0.1466427034673812,37.169999999999995,34.61,31.6,37.3965625,35.5320576144626,33.045984709654725,0.030431141985597022,0.02889342782999441,0.04214071561520963,8.73,0.27696700507614214,11.66,0.40783490731024835,11.66,0.40783490731024835,34.76,40.25,30.02,40.25,28.59,40.25,1.0,1.0,1.0,4,5,21,44.37,4.119999999999997,UP,2.0
BPCL,2021-05-24,44.37,40.25,36.5,34.76,30.02,28.59,4.119999999999997,7.869999999999997,9.61,0.10236024844720482,0.21561643835616429,0.27646720368239364,0.09745356152624561,0.1952513048023722,40.373333333333335,37.480000000000004,33.178,40.883281249999996,38.47803840964174,35.10489658062659,0.030307123983315396,0.02882084117327414,0.044886403499452755,9.61,0.2764672036823936,14.349999999999998,0.478014656895403,15.779999999999998,0.551941238195173,36.5,44.37,31.52,44.37,28.59,44.37,1.0,1.0,1.0,0,5,24,46.58,2.210000000000001,UP,2.0
BPCL,2021-05-25,46.58,44.37,40.25,36.5,31.52,28.59,2.210000000000001,6.329999999999998,10.079999999999998,0.04980842911877392,0.15726708074534157,0.27616438356164386,0.04860769906537679,0.14606126059162253,43.73333333333333,40.492,34.977,43.731640625,41.1786922730945,37.19127902051266,0.030450943910909512,0.028864298139247933,0.04190479194830849,10.079999999999998,0.2761643835616438,15.059999999999999,0.4777918781725888,17.99,0.6292409933543196,40.25,46.58,34.76,46.58,28.59,46.58,1.0,1.0,1.0,1,5,25,46.58,0.0,SAME,1.0
BPCL,2021-05-27,46.58,46.58,44.37,40.25,34.76,28.59,0.0,2.210000000000001,6.329999999999998,0.0,0.04980842911877392,0.15726708074534157,0.0,0.04860769906537679,45.843333333333334,42.856,36.775999999999996,45.1558203125,42.979128182063,38.898319198601264,0.0511862510644262,0.043066412071968894,0.04190479194830849,6.329999999999998,0.15726708074534157,11.82,0.34004602991944766,17.99,0.6292409933543196,44.37,46.58,36.5,46.58,28.59,46.58,1.0,1.0,1.0,3,5,27,46.58,0.0,SAME,1.0
BPCL,2021-05-28,46.58,46.58,46.58,44.37,36.5,28.59,0.0,0.0,2.210000000000001,0.0,0.0,0.04980842911877392,0.0,0.0,46.58,44.872,38.575,45.86791015625,44.179418788042,40.29498843521921,0.028756909959640423,0.05127936362010886,0.04190479194830849,2.210000000000001,0.04980842911877397,10.079999999999998,0.2761643835616438,17.99,0.6292409933543196,46.58,46.58,40.25,46.58,28.59,46.58,,1.0,1.0,4,5,28,46.58,0.0,SAME,1.0
BPCL,2021-05-31,46.58,46.58,46.58,46.58,40.25,28.59,0.0,0.0,0.0,0.0,0.0,0.0,0.0,0.0,46.58,46.138,40.374,46.223955078125,44.97961252536133,41.4377178106339,0.0,0.045627400723188424,0.04190479194830849,0.0,0.0,6.329999999999998,0.15726708074534157,17.99,0.6292409933543196,46.58,46.58,44.37,46.58,30.02,46.58,,1.0,1.0,0,5,31,44.25,-2.3299999999999983,DOWN,0.0
BPCL,2021-06-01,44.25,46.58,46.58,46.58,44.37,30.02,-2.3299999999999983,-2.3299999999999983,-2.3299999999999983,-0.050021468441391104,-0.050021468441391104,-0.050021468441391104,-0.05131589300225636,-0.05131589300225636,45.803333333333335,46.114,41.797,45.2369775390625,44.73640835024089,41.949041845064095,0.028879908269901333,0.035295246985828053,0.05266510451132621,-2.3299999999999983,-0.05002146844139112,-0.11999999999999744,-0.0027045300878971706,14.23,0.4740173217854764,44.25,46.58,44.25,46.58,31.52,46.58,0.0,0.0,0.8452855245683932,1,6,1,44.25,0.0,SAME,1.0
BPCL,2021-06-02,44.25,44.25,46.58,46.58,46.58,31.52,0.0,-2.3299999999999983,-2.3299999999999983,0.0,-0.050021468441391104,-0.050021468441391104,0.0,-0.05131589300225636,45.02666666666667,45.648,43.07,44.743488769531254,44.57427223349393,42.36739787323426,0.028879908269901333,0.0223702807538622,0.05404781451895549,-2.3299999999999983,-0.05002146844139112,-2.3299999999999983,-0.05002146844139112,12.73,0.4038705583756345,44.25,46.58,44.25,46.58,34.76,46.58,0.0,0.0,0.8028764805414553,2,6,2,44.25,0.0,SAME,1.0
BPCL,2021-06-03,44.25,44.25,44.25,46.58,46.58,34.76,0.0,0.0,-2.3299999999999983,0.0,0.0,-0.050021468441391104,0.0,0.0,44.25,45.182,44.019,44.49674438476563,44.46618148899596,42.70968916900985,0.028879908269901333,0.0223702807538622,0.04946624811672519,-2.3299999999999983,-0.05002146844139112,-2.3299999999999983,-0.05002146844139112,9.490000000000002,0.27301495972382056,44.25,44.25,44.25,46.58,36.5,46.58,,0.0,0.7688492063492065,3,6,3,44.25,0.0,SAME,1.0
BPCL,2021-06-04,44.25,44.25,44.25,44.25,46.58,36.5,0.0,0.0,0.0,0.0,0.0,0.0,0.0,0.0,44.25,44.715999999999994,44.794,44.37337219238282,44.39412099266397,42.98974568373533,0.0,0.0223702807538622,0.049236654213292375,0.0,0.0,-2.3299999999999983,-0.05002146844139112,7.75,0.21232876712328766,44.25,44.25,44.25,46.58,40.25,46.58,,0.0,0.6319115323854662,4,6,4,44.25,0.0,SAME,1.0
BPCL,2021-06-07,44.25,44.25,44.25,44.25,46.58,40.25,0.0,0.0,0.0,0.0,0.0,0.0,0.0,0.0,44.25,44.25,45.194,44.31168609619141,44.346080661775986,43.21888283214709,0.0,0.0223702807538622,0.04002394025981672,0.0,0.0,-2.3299999999999983,-0.05002146844139112,4.0,0.09937888198757763,44.25,44.25,44.25,44.25,44.25,46.58,,,0.0,0,6,7,44.25,0.0,SAME,1.0
BPCL,2021-06-08,44.25,44.25,44.25,44.25,44.25,44.37,0.0,0.0,0.0,0.0,0.0,0.0,0.0,0.0,44.25,44.25,45.182,44.280843048095704,44.314053774517326,43.40635868084762,0.0,0.0,0.023530175372954223,0.0,0.0,0.0,0.0,-0.11999999999999744,-0.0027045300878971706,44.25,44.25,44.25,44.25,44.25,46.58,,,0.0,1,6,8,44.25,0.0,SAME,1.0
BPCL,2021-06-09,44.25,44.25,44.25,44.25,44.25,46.58,0.0,0.0,0.0,0.0,0.0,0.0,0.0,0.0,44.25,44.25,44.949,44.26542152404785,44.29270251634489,43.55974801160259,0.0,0.0,0.01581817721810329,0.0,0.0,0.0,0.0,-2.3299999999999983,-0.05002146844139112,44.25,44.25,44.25,44.25,44.25,46.58,,,0.0,2,6,9,44.25,0.0,SAME,1.0
BPCL,2021-06-10,44.25,44.25,44.25,44.25,44.25,46.58,0.0,0.0,0.0,0.0,0.0,0.0,0.0,0.0,44.25,44.25,44.715999999999994,44.257710762023926,44.27846834422993,43.68524837312939,0.0,0.0,0.01581817721810329,0.0,0.0,0.0,0.0,-2.3299999999999983,-0.05002146844139112,44.25,44.25,44.25,44.25,44.25,46.58,,,0.0,3,6,10,44.25,0.0,SAME,1.0
BPCL,2021-06-11,44.25,44.25,44.25,44.25,44.25,46.58,0.0,0.0,0.0,0.0,0.0,0.0,0.0,0.0,44.25,44.25,44.483,44.25385538101196,44.268978896153286,43.78793048710586,0.0,0.0,0.01581817721810329,0.0,0.0,0.0,0.0,-2.3299999999999983,-0.05002146844139112,44.25,44.25,44.25,44.25,44.25,46.58,,,0.0,4,6,11,44.25,0.0,SAME,1.0
BPCL,2021-06-14,44.25,44.25,44.25,44.25,44.25,46.58,0.0,0.0,0.0,0.0,0.0,0.0,0.0,0.0,44.25,44.25,44.25,44.25192769050598,44.262652597435526,43.871943125813885,0.0,0.0,0.01581817721810329,0.0,0.0,0.0,0.0,-2.3299999999999983,-0.05002146844139112,44.25,44.25,44.25,44.25,44.25,44.25,,,,0,6,14,44.25,0.0,SAME,1.0
BPCL,2021-06-15,44.25,44.25,44.25,44.25,44.25,44.25,0.0,0.0,0.0,0.0,0.0,0.0,0.0,0.0,44.25,44.25,44.25,44.25096384525299,44.25843506495702,43.940680739302266,0.0,0.0,0.0,0.0,0.0,0.0,0.0,0.0,0.0,44.25,44.25,44.25,44.25,44.25,44.25,,,,1,6,15,44.25,0.0,SAME,1.0
BPCL,2021-06-16,44.25,44.25,44.25,44.25,44.25,44.25,0.0,0.0,0.0,0.0,0.0,0.0,0.0,0.0,44.25,44.25,44.25,44.25048192262649,44.25562337663801,43.99692060488367,0.0,0.0,0.0,0.0,0.0,0.0,0.0,0.0,0.0,44.25,44.25,44.25,44.25,44.25,44.25,,,,2,6,16,44.25,0.0,SAME,1.0
BPCL,2021-06-17,44.25,44.25,44.25,44.25,44.25,44.25,0.0,0.0,0.0,0.0,0.0,0.0,0.0,0.0,44.25,44.25,44.25,44.250240961313246,44.25374891775868,44.04293504035937,0.0,0.0,0.0,0.0,0.0,0.0,0.0,0.0,0.0,44.25,44.25,44.25,44.25,44.25,44.25,,,,3,6,17,44.25,0.0,SAME,1.0
BPCL,2021-06-18,44.25,44.25,44.25,44.25,44.25,44.25,0.0,0.0,0.0,0.0,0.0,0.0,0.0,0.0,44.25,44.25,44.25,44.25012048065662,44.25249927850579,44.08058321483948,0.0,0.0,0.0,0.0,0.0,0.0,0.0,0.0,0.0,44.25,44.25,44.25,44.25,44.25,44.25,,,,4,6,18,42.1,-2.1499999999999986,DOWN,0.0
BPCL,2021-06-21,42.1,44.25,44.25,44.25,44.25,44.25,-2.1499999999999986,-2.1499999999999986,-2.1499999999999986,-0.0485875706214689,-0.0485875706214689,-0.0485875706214689,-0.04980763076560276,-0.04980763076560276,43.53333333333333,43.82,44.035000000000004,43.17506024032831,43.53499951900386,43.72047717577775,0.028052046977578945,0.021729022154235243,0.015364738913812891,-2.1499999999999986,-0.048587570621468894,-2.1499999999999986,-0.048587570621468894,-2.1499999999999986,-0.048587570621468894,42.1,44.25,42.1,44.25,42.1,44.25,0.0,0.0,0.0,0,6,21,42.1,0.0,SAME,1.0
BPCL,2021-06-22,42.1,42.1,44.25,44.25,44.25,44.25,0.0,-2.1499999999999986,-2.1499999999999986,0.0,-0.0485875706214689,-0.0485875706214689,0.0,-0.04980763076560276,42.81666666666666,43.39,43.82,42.63753012016416,43.05666634600258,43.42584496199998,0.028052046977578945,0.021729022154235243,0.015364738913812891,-2.1499999999999986,-0.048587570621468894,-2.1499999999999986,-0.048587570621468894,-2.1499999999999986,-0.048587570621468894,42.1,44.25,42.1,44.25,42.1,44.25,0.0,0.0,0.0,1,6,22,42.1,0.0,SAME,1.0
BPCL,2021-06-23,42.1,42.1,42.1,44.25,44.25,44.25,0.0,0.0,-2.1499999999999986,0.0,0.0,-0.0485875706214689,0.0,0.0,42.1,42.96,43.605000000000004,42.36876506008208,42.737777564001725,43.18478224163634,0.028052046977578945,0.021729022154235243,0.015364738913812891,-2.1499999999999986,-0.048587570621468894,-2.1499999999999986,-0.048587570621468894,-2.1499999999999986,-0.048587570621468894,42.1,42.1,42.1,44.25,42.1,44.25,,0.0,0.0,2,6,23,40.0,-2.1000000000000014,DOWN,0.0
BPCL,2021-06-24,40.0,42.1,42.1,42.1,44.25,44.25,-2.1000000000000014,-2.1000000000000014,-2.1000000000000014,-0.049881235154394354,-0.049881235154394354,-0.049881235154394354,-0.05116828657439949,-0.05116828657439949,41.4,42.11,43.18,41.18438253004104,41.82518504266782,42.605730924975184,0.02879894454390443,0.02697067155837652,0.020761286270181572,-2.1000000000000014,-0.049881235154394334,-4.25,-0.096045197740113,-4.25,-0.096045197740113,40.0,42.1,40.0,44.25,40.0,44.25,0.0,0.0,0.0,3,6,24,40.0,0.0,SAME,1.0
BPCL,2021-06-25,40.0,40.0,42.1,42.1,44.25,44.25,0.0,-2.1000000000000014,-2.1000000000000014,0.0,-0.049881235154394354,-0.049881235154394354,0.0,-0.05116828657439949,40.699999999999996,41.260000000000005,42.755,40.59219126502052,41.21679002844522,42.13196166588879,0.02879894454390443,0.02697067155837652,0.020761286270181572,-2.1000000000000014,-0.049881235154394334,-4.25,-0.096045197740113,-4.25,-0.096045197740113,40.0,42.1,40.0,42.1,40.0,44.25,0.0,0.0,0.0,4,6,25,40.0,0.0,SAME,1.0
BPCL,2021-06-28,40.0,40.0,40.0,42.1,42.1,44.25,0.0,0.0,-2.1000000000000014,0.0,0.0,-0.049881235154394354,0.0,0.0,40.0,40.84,42.33,40.29609563251026,40.81119335229681,41.74433227209082,0.02879894454390443,0.02230756652137561,0.020761286270181572,-2.1000000000000014,-0.049881235154394334,-2.1000000000000014,-0.049881235154394334,-4.25,-0.096045197740113,40.0,40.0,40.0,42.1,40.0,44.25,,0.0,0.0,0,6,28,40.0,0.0,SAME,1.0
BPCL,2021-06-29,40.0,40.0,40.0,40.0,42.1,44.25,0.0,0.0,0.0,0.0,0.0,0.0,0.0,0.0,40.0,40.42,41.905,40.14804781625513,40.54079556819788,41.42718094989249,0.0,0.02230756652137561,0.020761286270181572,0.0,0.0,-2.1000000000000014,-0.049881235154394334,-4.25,-0.096045197740113,40.0,40.0,40.0,42.1,40.0,44.25,,0.0,0.0,1,6,29,40.0,0.0,SAME,1.0
BPCL,2021-06-30,40.0,40.0,40.0,40.0,42.1,44.25,0.0,0.0,0.0,0.0,0.0,0.0,0.0,0.0,40.0,40.0,41.480000000000004,40.074023908127565,40.360530378798586,41.16769350445749,0.0,0.02230756652137561,0.020761286270181572,0.0,0.0,-2.1000000000000014,-0.049881235154394334,-4.25,-0.096045197740113,40.0,40.0,40.0,40.0,40.0,44.25,,,0.0,2,6,30,40.0,0.0,SAME,1.0
BPCL,2021-07-01,40.0,40.0,40.0,40.0,40.0,44.25,0.0,0.0,0.0,0.0,0.0,0.0,0.0,0.0,40.0,40.0,41.055,40.037011954063786,40.240353585865726,40.95538559455613,0.0,0.0,0.020761286270181572,0.0,0.0,0.0,0.0,-4.25,-0.096045197740113,40.0,40.0,40.0,40.0,40.0,44.25,,,0.0,3,7,1,40.0,0.0,SAME,1.0
BPCL,2021-07-02,40.0,40.0,40.0,40.0,40.0,44.25,0.0,0.0,0.0,0.0,0.0,0.0,0.0,0.0,40.0,40.0,40.63,40.01850597703189,40.16023572391049,40.781679122818645,0.0,0.0,0.020761286270181572,0.0,0.0,0.0,0.0,-4.25,-0.096045197740113,40.0,40.0,40.0,40.0,40.0,42.1,,,0.0,4,7,2,40.0,0.0,SAME,1.0
BPCL,2021-07-05,40.0,40.0,40.0,40.0,40.0,42.1,0.0,0.0,0.0,0.0,0.0,0.0,0.0,0.0,40.0,40.0,40.42,40.00925298851595,40.10682381594033,40.63955564594252,0.0,0.0,0.015773831559035112,0.0,0.0,0.0,0.0,-2.1000000000000014,-0.049881235154394334,40.0,40.0,40.0,40.0,40.0,42.1,,,0.0,0,7,5,40.0,0.0,SAME,1.0
BPCL,2021-07-06,40.0,40.0,40.0,40.0,40.0,42.1,0.0,0.0,0.0,0.0,0.0,0.0,0.0,0.0,40.0,40.0,40.21,40.00462649425798,40.071215877293554,40.5232728012257,0.0,0.0,0.015773831559035112,0.0,0.0,0.0,0.0,-2.1000000000000014,-0.049881235154394334,40.0,40.0,40.0,40.0,40.0,42.1,,,0.0,1,7,6,40.0,0.0,SAME,1.0
BPCL,2021-07-07,40.0,40.0,40.0,40.0,40.0,42.1,0.0,0.0,0.0,0.0,0.0,0.0,0.0,0.0,40.0,40.0,40.0,40.00231324712899,40.04747725152904,40.428132291911936,0.0,0.0,0.015773831559035112,0.0,0.0,0.0,0.0,-2.1000000000000014,-0.049881235154394334,40.0,40.0,40.0,40.0,40.0,40.0,,,,2,7,7,40.0,0.0,SAME,1.0
BPCL,2021-07-08,40.0,40.0,40.0,40.0,40.0,40.0,0.0,0.0,0.0,0.0,0.0,0.0,0.0,0.0,40.0,40.0,40.0,40.0011566235645,40.03165150101936,40.35029005701885,0.0,0.0,0.0,0.0,0.0,0.0,0.0,0.0,0.0,40.0,40.0,40.0,40.0,40.0,40.0,,,,3,7,8,40.0,0.0,SAME,1.0
BPCL,2021-07-09,40.0,40.0,40.0,40.0,40.0,40.0,0.0,0.0,0.0,0.0,0.0,0.0,0.0,0.0,40.0,40.0,40.0,40.00057831178225,40.02110100067958,40.2866009557427,0.0,0.0,0.0,0.0,0.0,0.0,0.0,0.0,0.0,40.0,40.0,40.0,40.0,40.0,40.0,,,,4,7,9,40.0,0.0,SAME,1.0
BPCL,2021-07-12,40.0,40.0,40.0,40.0,40.0,40.0,0.0,0.0,0.0,0.0,0.0,0.0,0.0,0.0,40.0,40.0,40.0,40.000289155891124,40.014067333786386,40.2344916910622,0.0,0.0,0.0,0.0,0.0,0.0,0.0,0.0,0.0,40.0,40.0,40.0,40.0,40.0,40.0,,,,0,7,12,40.0,0.0,SAME,1.0
BPCL,2021-07-13,40.0,40.0,40.0,40.0,40.0,40.0,0.0,0.0,0.0,0.0,0.0,0.0,0.0,0.0,40.0,40.0,40.0,40.00014457794556,40.00937822252426,40.1918568381418,0.0,0.0,0.0,0.0,0.0,0.0,0.0,0.0,0.0,40.0,40.0,40.0,40.0,40.0,40.0,,,,1,7,13,40.0,0.0,SAME,1.0
BPCL,2021-07-15,40.0,40.0,40.0,40.0,40.0,40.0,0.0,0.0,0.0,0.0,0.0,0.0,0.0,0.0,40.0,40.0,40.0,40.00007228897278,40.00625214834951,40.156973776661474,0.0,0.0,0.0,0.0,0.0,0.0,0.0,0.0,0.0,40.0,40.0,40.0,40.0,40.0,40.0,,,,3,7,15,40.0,0.0,SAME,1.0
BPCL,2021-07-16,40.0,40.0,40.0,40.0,40.0,40.0,0.0,0.0,0.0,0.0,0.0,0.0,0.0,0.0,40.0,40.0,40.0,40.00003614448639,40.004168098899676,40.12843308999575,0.0,0.0,0.0,0.0,0.0,0.0,0.0,0.0,0.0,40.0,40.0,40.0,40.0,40.0,40.0,,,,4,7,16,40.0,0.0,SAME,1.0
BPCL,2021-07-19,40.0,40.0,40.0,40.0,40.0,40.0,0.0,0.0,0.0,0.0,0.0,0.0,0.0,0.0,40.0,40.0,40.0,40.00001807224319,40.002778732599786,40.10508161908743,0.0,0.0,0.0,0.0,0.0,0.0,0.0,0.0,0.0,40.0,40.0,40.0,40.0,40.0,40.0,,,,0,7,19,40.0,0.0,SAME,1.0
BPCL,2021-07-20,40.0,40.0,40.0,40.0,40.0,40.0,0.0,0.0,0.0,0.0,0.0,0.0,0.0,0.0,40.0,40.0,40.0,40.0000090361216,40.00185248839986,40.08597587016244,0.0,0.0,0.0,0.0,0.0,0.0,0.0,0.0,0.0,40.0,40.0,40.0,40.0,40.0,40.0,,,,1,7,20,40.0,0.0,SAME,1.0
BPCL,2021-07-21,40.0,40.0,40.0,40.0,40.0,40.0,0.0,0.0,0.0,0.0,0.0,0.0,0.0,0.0,40.0,40.0,40.0,40.0000045180608,40.001234992266575,40.07034389376927,0.0,0.0,0.0,0.0,0.0,0.0,0.0,0.0,0.0,40.0,40.0,40.0,40.0,40.0,40.0,,,,2,7,21,40.0,0.0,SAME,1.0
BPCL,2021-07-22,40.0,40.0,40.0,40.0,40.0,40.0,0.0,0.0,0.0,0.0,0.0,0.0,0.0,0.0,40.0,40.0,40.0,40.000002259030396,40.00082332817772,40.05755409490213,0.0,0.0,0.0,0.0,0.0,0.0,0.0,0.0,0.0,40.0,40.0,40.0,40.0,40.0,40.0,,,,3,7,22,40.0,0.0,SAME,1.0
BPCL,2021-07-23,40.0,40.0,40.0,40.0,40.0,40.0,0.0,0.0,0.0,0.0,0.0,0.0,0.0,0.0,40.0,40.0,40.0,40.0000011295152,40.00054888545181,40.04708971401083,0.0,0.0,0.0,0.0,0.0,0.0,0.0,0.0,0.0,40.0,40.0,40.0,40.0,40.0,40.0,,,,4,7,23,40.0,0.0,SAME,1.0
BPCL,2021-07-26,40.0,40.0,40.0,40.0,40.0,40.0,0.0,0.0,0.0,0.0,0.0,0.0,0.0,0.0,40.0,40.0,40.0,40.0000005647576,40.00036592363455,40.03852794782704,0.0,0.0,0.0,0.0,0.0,0.0,0.0,0.0,0.0,40.0,40.0,40.0,40.0,40.0,40.0,,,,0,7,26,40.0,0.0,SAME,1.0
BPCL,2021-07-27,40.0,40.0,40.0,40.0,40.0,40.0,0.0,0.0,0.0,0.0,0.0,0.0,0.0,0.0,40.0,40.0,40.0,40.0000002823788,40.0002439490897,40.03152286640394,0.0,0.0,0.0,0.0,0.0,0.0,0.0,0.0,0.0,40.0,40.0,40.0,40.0,40.0,40.0,,,,1,7,27,40.0,0.0,SAME,1.0
BPCL,2021-07-28,40.0,40.0,40.0,40.0,40.0,40.0,0.0,0.0,0.0,0.0,0.0,0.0,0.0,0.0,40.0,40.0,40.0,40.0000001411894,40.00016263272647,40.02579143614867,0.0,0.0,0.0,0.0,0.0,0.0,0.0,0.0,0.0,40.0,40.0,40.0,40.0,40.0,40.0,,,,2,7,28,40.0,0.0,SAME,1.0
BPCL,2021-07-29,40.0,40.0,40.0,40.0,40.0,40.0,0.0,0.0,0.0,0.0,0.0,0.0,0.0,0.0,40.0,40.0,40.0,40.0000000705947,40.00010842181765,40.02110208412164,0.0,0.0,0.0,0.0,0.0,0.0,0.0,0.0,0.0,40.0,40.0,40.0,40.0,40.0,40.0,,,,3,7,29,40.0,0.0,SAME,1.0
BPCL,2021-07-30,40.0,40.0,40.0,40.0,40.0,40.0,0.0,0.0,0.0,0.0,0.0,0.0,0.0,0.0,40.0,40.0,40.0,40.00000003529735,40.00007228121177,40.017265341554065,0.0,0.0,0.0,0.0,0.0,0.0,0.0,0.0,0.0,40.0,40.0,40.0,40.0,40.0,40.0,,,,4,7,30,40.0,0.0,SAME,1.0
BPCL,2021-08-02,40.0,40.0,40.0,40.0,40.0,40.0,0.0,0.0,0.0,0.0,0.0,0.0,0.0,0.0,40.0,40.0,40.0,40.000000017648674,40.00004818747452,40.01412618854423,0.0,0.0,0.0,0.0,0.0,0.0,0.0,0.0,0.0,40.0,40.0,40.0,40.0,40.0,40.0,,,,0,8,2,40.0,0.0,SAME,1.0
BPCL,2021-08-03,40.0,40.0,40.0,40.0,40.0,40.0,0.0,0.0,0.0,0.0,0.0,0.0,0.0,0.0,40.0,40.0,40.0,40.00000000882434,40.000032124983015,40.011557790627094,0.0,0.0,0.0,0.0,0.0,0.0,0.0,0.0,0.0,40.0,40.0,40.0,40.0,40.0,40.0,,,,1,8,3,40.0,0.0,SAME,1.0
BPCL,2021-08-04,40.0,40.0,40.0,40.0,40.0,40.0,0.0,0.0,0.0,0.0,0.0,0.0,0.0,0.0,40.0,40.0,40.0,40.00000000441217,40.00002141665534,40.00945637414944,0.0,0.0,0.0,0.0,0.0,0.0,0.0,0.0,0.0,40.0,40.0,40.0,40.0,40.0,40.0,,,,2,8,4,40.0,0.0,SAME,1.0
BPCL,2021-08-05,40.0,40.0,40.0,40.0,40.0,40.0,0.0,0.0,0.0,0.0,0.0,0.0,0.0,0.0,40.0,40.0,40.0,40.000000002206086,40.000014277770234,40.00773703339499,0.0,0.0,0.0,0.0,0.0,0.0,0.0,0.0,0.0,40.0,40.0,40.0,40.0,40.0,40.0,,,,3,8,5,40.0,0.0,SAME,1.0
BPCL,2021-08-06,40.0,40.0,40.0,40.0,40.0,40.0,0.0,0.0,0.0,0.0,0.0,0.0,0.0,0.0,40.0,40.0,40.0,40.00000000110305,40.000009518513494,40.00633030005044,0.0,0.0,0.0,0.0,0.0,0.0,0.0,0.0,0.0,40.0,40.0,40.0,40.0,40.0,40.0,,,,4,8,6,40.0,0.0,SAME,1.0
BPCL,2021-08-09,40.0,40.0,40.0,40.0,40.0,40.0,0.0,0.0,0.0,0.0,0.0,0.0,0.0,0.0,40.0,40.0,40.0,40.00000000055152,40.000006345675665,40.00517933640491,0.0,0.0,0.0,0.0,0.0,0.0,0.0,0.0,0.0,40.0,40.0,40.0,40.0,40.0,40.0,,,,0,8,9,40.0,0.0,SAME,1.0
BPCL,2021-08-10,40.0,40.0,40.0,40.0,40.0,40.0,0.0,0.0,0.0,0.0,0.0,0.0,0.0,0.0,40.0,40.0,40.0,40.00000000027576,40.00000423045044,40.00423763887674,0.0,0.0,0.0,0.0,0.0,0.0,0.0,0.0,0.0,40.0,40.0,40.0,40.0,40.0,40.0,,,,1,8,10,40.0,0.0,SAME,1.0
BPCL,2021-08-11,40.0,40.0,40.0,40.0,40.0,40.0,0.0,0.0,0.0,0.0,0.0,0.0,0.0,0.0,40.0,40.0,40.0,40.00000000013788,40.000002820300296,40.00346715908096,0.0,0.0,0.0,0.0,0.0,0.0,0.0,0.0,0.0,40.0,40.0,40.0,40.0,40.0,40.0,,,,2,8,11,40.01,0.00999999999999801,UP,2.0
BPCL,2021-08-12,40.01,40.0,40.0,40.0,40.0,40.0,0.00999999999999801,0.00999999999999801,0.00999999999999801,0.00024999999999986144,0.00024999999999986144,0.00024999999999986144,0.0002499687552072184,0.0002499687552072184,40.00333333333333,40.001999999999995,40.001,40.00500000006894,40.00333521353353,40.00465494833897,0.0001443375680676763,0.0001118033988773511,7.905694158705404e-05,0.00999999999999801,0.00024999999999995024,0.00999999999999801,0.00024999999999995024,0.00999999999999801,0.00024999999999995024,40.0,40.01,40.0,40.01,40.0,40.01,1.0,1.0,1.0,3,8,12,40.01,0.0,SAME,1.0
BPCL,2021-08-13,40.01,40.01,40.0,40.0,40.0,40.0,0.0,0.00999999999999801,0.00999999999999801,0.0,0.00024999999999986144,0.00024999999999986144,0.0,0.0002499687552072184,40.00666666666667,40.004,40.001999999999995,40.00750000003447,40.00555680902236,40.0056267759137,0.00014433756806767628,0.0001118033988773511,7.905694158705404e-05,0.00999999999999801,0.00024999999999995024,0.00999999999999801,0.00024999999999995024,0.00999999999999801,0.00024999999999995024,40.0,40.01,40.0,40.01,40.0,40.01,1.0,1.0,1.0,4,8,13,40.01,0.0,SAME,1.0
BPCL,2021-08-16,40.01,40.01,40.01,40.0,40.0,40.0,0.0,0.0,0.00999999999999801,0.0,0.0,0.00024999999999986144,0.0,0.0,40.01,40.00599999999999,40.003,40.00875000001723,40.00703787268158,40.00642190756575,0.00014433756806767628,0.0001118033988773511,7.905694158705404e-05,0.00999999999999801,0.00024999999999995024,0.00999999999999801,0.00024999999999995024,0.00999999999999801,0.00024999999999995024,40.01,40.01,40.0,40.01,40.0,40.01,,1.0,1.0,0,8,16,40.01,0.0,SAME,1.0
BPCL,2021-08-17,40.01,40.01,40.01,40.01,40.0,40.0,0.0,0.0,0.0,0.0,0.0,0.0,0.0,0.0,40.01,40.007999999999996,40.004,40.00937500000862,40.00802524845439,40.00707246982652,0.0,0.0001118033988773511,7.905694158705404e-05,0.0,0.0,0.00999999999999801,0.00024999999999995024,0.00999999999999801,0.00024999999999995024,40.01,40.01,40.0,40.01,40.0,40.01,,1.0,1.0,1,8,17,40.01,0.0,SAME,1.0
BPCL,2021-08-18,40.01,40.01,40.01,40.01,40.0,40.0,0.0,0.0,0.0,0.0,0.0,0.0,0.0,0.0,40.01,40.01,40.004999999999995,40.009687500004304,40.008683498969596,40.007604748039874,0.0,0.0001118033988773511,7.905694158705404e-05,0.0,0.0,0.00999999999999801,0.00024999999999995024,0.00999999999999801,0.00024999999999995024,40.01,40.01,40.01,40.01,40.0,40.01,,,1.0,2,8,18,40.01,0.0,SAME,1.0
BPCL,2021-08-19,40.01,40.01,40.01,40.01,40.01,40.0,0.0,0.0,0.0,0.0,0.0,0.0,0.0,0.0,40.01,40.01,40.006,40.00984375000215,40.0091223326464,40.008040248396256,0.0,0.0,7.905694158705404e-05,0.0,0.0,0.0,0.0,0.00999999999999801,0.00024999999999995024,40.01,40.01,40.01,40.01,40.0,40.01,,,1.0,3,8,19,40.01,0.0,SAME,1.0
BPCL,2021-08-20,40.01,40.01,40.01,40.01,40.01,40.0,0.0,0.0,0.0,0.0,0.0,0.0,0.0,0.0,40.01,40.01,40.007,40.00992187500107,40.00941488843094,40.00839656686966,0.0,0.0,7.905694158705404e-05,0.0,0.0,0.0,0.0,0.00999999999999801,0.00024999999999995024,40.01,40.01,40.01,40.01,40.0,40.01,,,1.0,4,8,20,40.01,0.0,SAME,1.0
BPCL,2021-08-23,40.01,40.01,40.01,40.01,40.01,40.0,0.0,0.0,0.0,0.0,0.0,0.0,0.0,0.0,40.01,40.01,40.007999999999996,40.00996093750054,40.00960992562063,40.00868810016608,0.0,0.0,7.905694158705404e-05,0.0,0.0,0.0,0.0,0.00999999999999801,0.00024999999999995024,40.01,40.01,40.01,40.01,40.0,40.01,,,1.0,0,8,23,40.01,0.0,SAME,1.0
BPCL,2021-08-24,40.01,40.01,40.01,40.01,40.01,40.0,0.0,0.0,0.0,0.0,0.0,0.0,0.0,0.0,40.01,40.01,40.009,40.00998046875027,40.00973995041376,40.00892662740861,0.0,0.0,7.905694158705404e-05,0.0,0.0,0.0,0.0,0.00999999999999801,0.00024999999999995024,40.01,40.01,40.01,40.01,40.0,40.01,,,1.0,1,8,24,40.01,0.0,SAME,1.0
BPCL,2021-08-25,40.01,40.01,40.01,40.01,40.01,40.0,0.0,0.0,0.0,0.0,0.0,0.0,0.0,0.0,40.01,40.01,40.01,40.00999023437514,40.00982663360918,40.00912178606159,0.0,0.0,7.905694158705404e-05,0.0,0.0,0.0,0.0,0.00999999999999801,0.00024999999999995024,40.01,40.01,40.01,40.01,40.01,40.01,,,,2,8,25,40.01,0.0,SAME,1.0
BPCL,2021-08-26,40.01,40.01,40.01,40.01,40.01,40.01,0.0,0.0,0.0,0.0,0.0,0.0,0.0,0.0,40.01,40.01,40.01,40.00999511718757,40.009884422406124,40.00928146132312,0.0,0.0,0.0,0.0,0.0,0.0,0.0,0.0,0.0,40.01,40.01,40.01,40.01,40.01,40.01,,,,3,8,26,40.01,0.0,SAME,1.0
BPCL,2021-08-27,40.01,40.01,40.01,40.01,40.01,40.01,0.0,0.0,0.0,0.0,0.0,0.0,0.0,0.0,40.01,40.01,40.01,40.00999755859378,40.009922948270756,40.00941210471891,0.0,0.0,0.0,0.0,0.0,0.0,0.0,0.0,0.0,40.01,40.01,40.01,40.01,40.01,40.01,,,,4,8,27,40.01,0.0,SAME,1.0
BPCL,2021-08-30,40.01,40.01,40.01,40.01,40.01,40.01,0.0,0.0,0.0,0.0,0.0,0.0,0.0,0.0,40.01,40.01,40.01,40.00999877929689,40.00994863218051,40.00951899477001,0.0,0.0,0.0,0.0,0.0,0.0,0.0,0.0,0.0,40.01,40.01,40.01,40.01,40.01,40.01,,,,0,8,30,40.01,0.0,SAME,1.0
BPCL,2021-08-31,40.01,40.01,40.01,40.01,40.01,40.01,0.0,0.0,0.0,0.0,0.0,0.0,0.0,0.0,40.01,40.01,40.01,40.00999938964844,40.00996575478701,40.00960645026637,0.0,0.0,0.0,0.0,0.0,0.0,0.0,0.0,0.0,40.01,40.01,40.01,40.01,40.01,40.01,,,,1,8,31,38.1,-1.9099999999999966,DOWN,0.0
BPCL,2021-09-01,38.1,40.01,40.01,40.01,40.01,40.01,-1.9099999999999966,-1.9099999999999966,-1.9099999999999966,-0.04773806548362902,-0.04773806548362902,-0.04773806548362902,-0.048915140736488304,-0.048915140736488304,39.373333333333335,39.628,39.819,39.05499969482422,39.37331050319135,39.66240527749066,0.02756158495756919,0.021349111907146185,0.015096101801853968,-1.9099999999999966,-0.04773806548362901,-1.9099999999999966,-0.04773806548362901,-1.9099999999999966,-0.04773806548362901,38.1,40.01,38.1,40.01,38.1,40.01,0.0,0.0,0.0,2,9,1,38.1,0.0,SAME,1.0
BPCL,2021-09-02,38.1,38.1,40.01,40.01,40.01,40.01,0.0,-1.9099999999999966,-1.9099999999999966,0.0,-0.04773806548362902,-0.04773806548362902,0.0,-0.048915140736488304,38.73666666666667,39.246,39.628,38.57749984741211,38.948873668794235,39.37833159067418,0.02756158495756919,0.021349111907146185,0.015096101801853968,-1.9099999999999966,-0.04773806548362901,-1.9099999999999966,-0.04773806548362901,-1.9099999999999966,-0.04773806548362901,38.1,40.01,38.1,40.01,38.1,40.01,0.0,0.0,0.0,3,9,2,38.1,0.0,SAME,1.0
BPCL,2021-09-03,38.1,38.1,38.1,40.01,40.01,40.01,0.0,0.0,-1.9099999999999966,0.0,0.0,-0.04773806548362902,0.0,0.0,38.1,38.864,39.437,38.33874992370606,38.665915779196155,39.145907665097056,0.02756158495756919,0.021349111907146185,0.015096101801853968,-1.9099999999999966,-0.04773806548362901,-1.9099999999999966,-0.04773806548362901,-1.9099999999999966,-0.04773806548362901,38.1,38.1,38.1,40.01,38.1,40.01,,0.0,0.0,4,9,3,38.1,0.0,SAME,1.0
BPCL,2021-09-06,38.1,38.1,38.1,38.1,40.01,40.01,0.0,0.0,0.0,0.0,0.0,0.0,0.0,0.0,38.1,38.482,39.245999999999995,38.219374961853035,38.47727718613077,38.95574263507941,0.0,0.021349111907146185,0.015096101801853968,0.0,0.0,-1.9099999999999966,-0.04773806548362901,-1.9099999999999966,-0.04773806548362901,38.1,38.1,38.1,40.01,38.1,40.01,,0.0,0.0,0,9,6,38.1,0.0,SAME,1.0
BPCL,2021-09-07,38.1,38.1,38.1,38.1,40.01,40.01,0.0,0.0,0.0,0.0,0.0,0.0,0.0,0.0,38.1,38.1,39.055,38.15968748092652,38.35151812408718,38.80015306506497,0.0,0.021349111907146185,0.015096101801853968,0.0,0.0,-1.9099999999999966,-0.04773806548362901,-1.9099999999999966,-0.04773806548362901,38.1,38.1,38.1,38.1,38.1,40.01,,,0.0,1,9,7,38.1,0.0,SAME,1.0
BPCL,2021-09-08,38.1,38.1,38.1,38.1,38.1,40.01,0.0,0.0,0.0,0.0,0.0,0.0,0.0,0.0,38.1,38.1,38.864,38.12984374046326,38.26767874939145,38.672852507780426,0.0,0.0,0.015096101801853968,0.0,0.0,0.0,0.0,-1.9099999999999966,-0.04773806548362901,38.1,38.1,38.1,38.1,38.1,40.01,,,0.0,2,9,8,40.0,1.8999999999999986,UP,2.0
BPCL,2021-09-09,40.0,38.1,38.1,38.1,38.1,40.01,1.8999999999999986,1.8999999999999986,1.8999999999999986,0.04986876640419946,0.04986876640419946,0.04986876640419946,0.04866517198128101,0.04866517198128101,38.733333333333334,38.480000000000004,38.863,39.06492187023163,38.84511916626097,38.91415205182035,0.028791745707623013,0.02230199032676956,0.023010535679106003,1.8999999999999986,0.04986876640419943,1.8999999999999986,0.04986876640419943,-0.00999999999999801,-0.00024993751562104504,38.1,40.0,38.1,40.0,38.1,40.01,1.0,1.0,0.9947643979057602,3,9,9,40.0,0.0,SAME,1.0
BPCL,2021-09-10,40.0,40.0,38.1,38.1,38.1,40.01,0.0,1.8999999999999986,1.8999999999999986,0.0,0.04986876640419946,0.04986876640419946,0.0,0.04866517198128101,39.36666666666667,38.86,38.862,39.532460935115814,39.23007944417398,39.11157895148938,0.028791745707623013,0.02230199032676956,0.023010535679106003,1.8999999999999986,0.04986876640419943,1.8999999999999986,0.04986876640419943,-0.00999999999999801,-0.00024993751562104504,38.1,40.0,38.1,40.0,38.1,40.01,1.0,1.0,0.9947643979057602,4,9,10,40.0,0.0,SAME,1.0
BPCL,2021-09-13,40.0,40.0,40.0,38.1,38.1,40.01,0.0,0.0,1.8999999999999986,0.0,0.0,0.04986876640419946,0.0,0.0,40.0,39.24,38.861000000000004,39.766230467557904,39.486719629449325,39.27311005121858,0.028791745707623013,0.02230199032676956,0.023010535679106003,1.8999999999999986,0.04986876640419943,1.8999999999999986,0.04986876640419943,-0.00999999999999801,-0.00024993751562104504,40.0,40.0,38.1,40.0,38.1,40.01,,1.0,0.9947643979057602,0,9,13,40.0,0.0,SAME,1.0
BPCL,2021-09-14,40.0,40.0,40.0,40.0,38.1,40.01,0.0,0.0,0.0,0.0,0.0,0.0,0.0,0.0,40.0,39.620000000000005,38.86,39.88311523377895,39.657813086299555,39.40527186008793,0.0,0.02230199032676956,0.023010535679106003,0.0,0.0,1.8999999999999986,0.04986876640419943,-0.00999999999999801,-0.00024993751562104504,40.0,40.0,38.1,40.0,38.1,40.0,,1.0,1.0,1,9,14,40.0,0.0,SAME,1.0
BPCL,2021-09-15,40.0,40.0,40.0,40.0,38.1,38.1,0.0,0.0,0.0,0.0,0.0,0.0,0.0,0.0,40.0,40.0,39.05,39.941557616889476,39.77187539086637,39.513404249162846,0.0,0.02230199032676956,0.015769888594015947,0.0,0.0,1.8999999999999986,0.04986876640419943,1.8999999999999986,0.04986876640419943,40.0,40.0,40.0,40.0,38.1,40.0,,,1.0,2,9,15,40.0,0.0,SAME,1.0
BPCL,2021-09-20,40.0,40.0,40.0,40.0,40.0,38.1,0.0,0.0,0.0,0.0,0.0,0.0,0.0,0.0,40.0,40.0,39.239999999999995,39.970778808444734,39.84791692724425,39.601876203860506,0.0,0.0,0.015769888594015947,0.0,0.0,0.0,0.0,1.8999999999999986,0.04986876640419943,40.0,40.0,40.0,40.0,38.1,40.0,,,1.0,0,9,20,40.0,0.0,SAME,1.0
BPCL,2021-09-21,40.0,40.0,40.0,40.0,40.0,38.1,0.0,0.0,0.0,0.0,0.0,0.0,0.0,0.0,40.0,40.0,39.42999999999999,39.98538940422237,39.8986112848295,39.67426234861314,0.0,0.0,0.015769888594015947,0.0,0.0,0.0,0.0,1.8999999999999986,0.04986876640419943,40.0,40.0,40.0,40.0,38.1,40.0,,,1.0,1,9,21,42.0,2.0,UP,2.0
BPCL,2021-09-22,42.0,40.0,40.0,40.0,40.0,38.1,2.0,2.0,2.0,0.050000000000000044,0.050000000000000044,0.050000000000000044,0.04879016416943205,0.04879016416943205,40.666666666666664,40.4,39.82,40.99269470211118,40.59907418988634,40.09712373977439,0.028867513459485194,0.02236067977499793,0.02105420731869438,2.0,0.05,2.0,0.05,3.8999999999999986,0.1023622047244094,40.0,42.0,40.0,42.0,38.1,42.0,1.0,1.0,1.0,2,9,22,42.0,0.0,SAME,1.0
BPCL,2021-09-23,42.0,42.0,40.0,40.0,40.0,38.1,0.0,2.0,2.0,0.0,0.050000000000000044,0.050000000000000044,0.0,0.04879016416943205,41.333333333333336,40.8,40.209999999999994,41.49634735105559,41.06604945992423,40.443101241633585,0.028867513459485194,0.02236067977499793,0.02105420731869438,2.0,0.05,2.0,0.05,3.8999999999999986,0.1023622047244094,40.0,42.0,40.0,42.0,38.1,42.0,1.0,1.0,1.0,3,9,23,42.0,0.0,SAME,1.0
BPCL,2021-09-24,42.0,42.0,42.0,40.0,40.0,38.1,0.0,0.0,2.0,0.0,0.0,0.050000000000000044,0.0,0.0,42.0,41.2,40.6,41.748173675527795,41.37736630661615,40.726173743154746,0.028867513459485194,0.02236067977499793,0.02105420731869438,2.0,0.05,2.0,0.05,3.8999999999999986,0.1023622047244094,42.0,42.0,40.0,42.0,40.0,42.0,,1.0,1.0,4,9,24,41.5,-0.5,DOWN,0.0
BPCL,2021-09-27,41.5,42.0,42.0,42.0,40.0,40.0,-0.5,-0.5,-0.5,-0.011904761904761862,-0.011904761904761862,-0.011904761904761862,-0.01197619104671565,-0.01197619104671565,41.833333333333336,41.5,40.75,41.6240868377639,41.41824420441077,40.86686942621752,0.006873217490368791,0.02424599927257329,0.016655324939142842,-0.5,-0.011904761904761904,1.5,0.0375,1.5,0.0375,41.5,42.0,40.0,42.0,40.0,42.0,0.0,0.75,0.75,0,9,27,41.5,0.0,SAME,1.0
BPCL,2021-09-28,41.5,41.5,42.0,42.0,40.0,40.0,0.0,-0.5,-0.5,0.0,-0.011904761904761862,-0.011904761904761862,0.0,-0.01197619104671565,41.666666666666664,41.8,40.9,41.56204341888195,41.445496136273846,40.98198407599615,0.006873217490368791,0.02424599927257329,0.016655324939142842,-0.5,-0.011904761904761904,1.5,0.0375,1.5,0.0375,41.5,42.0,41.5,42.0,40.0,42.0,0.0,0.0,0.75,1,9,28,41.5,0.0,SAME,1.0
BPCL,2021-09-29,41.5,41.5,41.5,42.0,42.0,40.0,0.0,0.0,-0.5,0.0,0.0,-0.011904761904761862,0.0,0.0,41.5,41.7,41.05,41.53102170944098,41.463664090849235,41.076168789451394,0.006873217490368791,0.005323971374999531,0.016655324939142842,-0.5,-0.011904761904761904,-0.5,-0.011904761904761904,1.5,0.0375,41.5,41.5,41.5,42.0,40.0,42.0,,0.0,0.75,2,9,29,41.5,0.0,SAME,1.0
BPCL,2021-09-30,41.5,41.5,41.5,41.5,42.0,40.0,0.0,0.0,0.0,0.0,0.0,0.0,0.0,0.0,41.5,41.6,41.2,41.51551085472049,41.47577606056616,41.15322900955114,0.0,0.005323971374999531,0.016655324939142842,0.0,0.0,-0.5,-0.011904761904761904,1.5,0.0375,41.5,41.5,41.5,42.0,40.0,42.0,,0.0,0.75,3,9,30,41.5,0.0,SAME,1.0
BPCL,2021-10-01,41.5,41.5,41.5,41.5,42.0,40.0,0.0,0.0,0.0,0.0,0.0,0.0,0.0,0.0,41.5,41.5,41.35,41.507755427360244,41.48385070704411,41.21627828054184,0.0,0.005323971374999531,0.016655324939142842,0.0,0.0,-0.5,-0.011904761904761904,1.5,0.0375,41.5,41.5,41.5,41.5,40.0,42.0,,,0.75,4,10,1,41.5,0.0,SAME,1.0
BPCL,2021-10-04,41.5,41.5,41.5,41.5,41.5,40.0,0.0,0.0,0.0,0.0,0.0,0.0,0.0,0.0,41.5,41.5,41.5,41.503877713680126,41.48923380469608,41.26786404771605,0.0,0.0,0.016655324939142842,0.0,0.0,0.0,0.0,1.5,0.0375,41.5,41.5,41.5,41.5,40.0,42.0,,,0.75,0,10,4,42.1,0.6000000000000014,UP,2.0
BPCL,2021-10-05,42.1,41.5,41.5,41.5,41.5,40.0,0.6000000000000014,0.6000000000000014,0.6000000000000014,0.014457831325301207,0.014457831325301207,0.014457831325301207,0.014354313451683122,0.014354313451683122,41.699999999999996,41.62,41.71,41.80193885684007,41.69282253646406,41.41916149358586,0.008347232807574198,0.006465738730119916,0.016913406030877952,0.6000000000000014,0.01445783132530124,0.6000000000000014,0.01445783132530124,2.1000000000000014,0.05250000000000003,41.5,42.1,41.5,42.1,41.5,42.1,1.0,1.0,1.0,1,10,5,42.1,0.0,SAME,1.0
BPCL,2021-10-06,42.1,42.1,41.5,41.5,41.5,42.0,0.0,0.6000000000000014,0.6000000000000014,0.0,0.014457831325301207,0.014457831325301207,0.0,0.014354313451683122,41.9,41.739999999999995,41.720000000000006,41.95096942842004,41.82854835764271,41.54295031293388,0.008347232807574198,0.006465738730119916,0.0062369902489852955,0.6000000000000014,0.01445783132530124,0.6000000000000014,0.01445783132530124,0.10000000000000142,0.002380952380952415,41.5,42.1,41.5,42.1,41.5,42.1,1.0,1.0,1.0,2,10,6,42.1,0.0,SAME,1.0
BPCL,2021-10-07,42.1,42.1,42.1,41.5,41.5,42.0,0.0,0.0,0.6000000000000014,0.0,0.0,0.014457831325301207,0.0,0.0,42.1,41.86,41.730000000000004,42.02548471421002,41.91903223842848,41.64423207421863,0.008347232807574198,0.006465738730119916,0.0062369902489852955,0.6000000000000014,0.01445783132530124,0.6000000000000014,0.01445783132530124,0.10000000000000142,0.002380952380952415,42.1,42.1,41.5,42.1,41.5,42.1,,1.0,1.0,3,10,7,42.1,0.0,SAME,1.0
BPCL,2021-10-08,42.1,42.1,42.1,42.1,41.5,42.0,0.0,0.0,0.0,0.0,0.0,0.0,0.0,0.0,42.1,41.980000000000004,41.74,42.06274235710501,41.97935482561899,41.72709896981524,0.0,0.006465738730119916,0.0062369902489852955,0.0,0.0,0.6000000000000014,0.01445783132530124,0.10000000000000142,0.002380952380952415,42.1,42.1,41.5,42.1,41.5,42.1,,1.0,1.0,4,10,8,42.1,0.0,SAME,1.0
BPCL,2021-10-11,42.1,42.1,42.1,42.1,41.5,41.5,0.0,0.0,0.0,0.0,0.0,0.0,0.0,0.0,42.1,42.1,41.8,42.0813711785525,42.019569883745994,41.794899157121556,0.0,0.006465738730119916,0.00457196770144969,0.0,0.0,0.6000000000000014,0.01445783132530124,0.6000000000000014,0.01445783132530124,42.1,42.1,42.1,42.1,41.5,42.1,,,1.0,0,10,11,44.0,1.8999999999999986,UP,2.0
BPCL,2021-10-12,44.0,42.1,42.1,42.1,42.1,41.5,1.8999999999999986,1.8999999999999986,1.8999999999999986,0.0451306413301662,0.0451306413301662,0.0451306413301662,0.04414189322992536,0.04414189322992536,42.73333333333334,42.480000000000004,42.05,43.04068558927625,42.67971325583066,42.19582658309945,0.026056187920676203,0.02018303637648264,0.014494156164015986,1.8999999999999986,0.045130641330166234,1.8999999999999986,0.045130641330166234,2.5,0.060240963855421686,42.1,44.0,42.1,44.0,41.5,44.0,1.0,1.0,1.0,1,10,12,46.2,2.200000000000003,UP,2.0
BPCL,2021-10-13,46.2,44.0,42.1,42.1,42.1,41.5,2.200000000000003,4.100000000000001,4.100000000000001,0.050000000000000044,0.09738717339667469,0.09738717339667469,0.04879016416943205,0.09293205739935753,44.1,43.3,42.52,44.62034279463813,43.85314217055378,42.923858113445,0.027569564863961105,0.026109418812443743,0.019846187262173364,4.100000000000001,0.09738717339667462,4.100000000000001,0.09738717339667462,4.700000000000003,0.11325301204819284,42.1,46.2,42.1,46.2,41.5,46.2,1.0,1.0,1.0,2,10,13,46.2,0.0,SAME,1.0
BPCL,2021-10-14,46.2,46.2,44.0,42.1,42.1,41.5,0.0,2.200000000000003,4.100000000000001,0.0,0.050000000000000044,0.09738717339667469,0.0,0.04879016416943205,45.46666666666667,44.12,42.99,45.41017139731906,44.635428113702524,43.51952027463681,0.02756956486396111,0.026109418812443743,0.019846187262173364,4.100000000000001,0.09738717339667462,4.100000000000001,0.09738717339667462,4.700000000000003,0.11325301204819284,44.0,46.2,42.1,46.2,41.5,46.2,1.0,1.0,1.0,3,10,14,48.51,2.309999999999995,UP,2.0
BPCL,2021-10-18,48.51,46.2,46.2,44.0,42.1,41.5,2.309999999999995,2.309999999999995,4.509999999999998,0.04999999999999982,0.04999999999999982,0.10250000000000004,0.048790164169431834,0.048790164169431834,46.970000000000006,45.402,43.691,46.960085698659526,45.92695207580168,44.42688022470284,0.02886751345948517,0.026571573985610223,0.022849642868720394,4.509999999999998,0.10249999999999995,6.409999999999997,0.15225653206650822,7.009999999999998,0.16891566265060237,46.2,48.51,42.1,48.51,41.5,48.51,1.0,1.0,1.0,0,10,18,48.51,0.0,SAME,1.0
BPCL,2021-10-19,48.51,48.51,46.2,46.2,42.1,41.5,0.0,2.309999999999995,2.309999999999995,0.0,0.04999999999999982,0.04999999999999982,0.0,0.048790164169431834,47.74,46.684000000000005,44.392,47.73504284932976,46.78796805053446,45.169265638393234,0.028867513459485076,0.026571573985610223,0.022849642868720394,2.309999999999995,0.04999999999999989,6.409999999999997,0.15225653206650822,7.009999999999998,0.16891566265060237,46.2,48.51,44.0,48.51,42.1,48.51,1.0,1.0,1.0,1,10,19,48.51,0.0,SAME,1.0
BPCL,2021-10-20,48.51,48.51,48.51,46.2,44.0,42.1,0.0,0.0,2.309999999999995,0.0,0.0,0.04999999999999982,0.0,0.0,48.51,47.586,45.033,48.12252142466488,47.3619787003563,45.7766718859581,0.028867513459485076,0.027386127875258275,0.023405802892971447,2.309999999999995,0.04999999999999989,4.509999999999998,0.10249999999999995,6.409999999999997,0.15225653206650822,48.51,48.51,46.2,48.51,42.1,48.51,,1.0,1.0,2,10,20,48.51,0.0,SAME,1.0
BPCL,2021-10-21,48.51,48.51,48.51,48.51,46.2,42.1,0.0,0.0,0.0,0.0,0.0,0.0,0.0,0.0,48.51,48.048,45.674,48.316260712332436,47.7446524669042,46.27364063396572,0.0,0.022360679774997828,0.023405802892971447,0.0,0.0,2.309999999999995,0.04999999999999989,6.409999999999997,0.15225653206650822,48.51,48.51,46.2,48.51,42.1,48.51,,1.0,1.0,3,10,21,48.51,0.0,SAME,1.0
BPCL,2021-10-22,48.51,48.51,48.51,48.51,46.2,42.1,0.0,0.0,0.0,0.0,0.0,0.0,0.0,0.0,48.51,48.51,46.315000000000005,48.41313035616622,47.99976831126946,46.68025142779013,0.0,0.022360679774997828,0.023405802892971447,0.0,0.0,2.309999999999995,0.04999999999999989,6.409999999999997,0.15225653206650822,48.51,48.51,48.51,48.51,42.1,48.51,,,1.0,4,10,22,48.51,0.0,SAME,1.0
BPCL,2021-10-25,48.51,48.51,48.51,48.51,48.51,42.1,0.0,0.0,0.0,0.0,0.0,0.0,0.0,0.0,48.51,48.51,46.956,48.461565178083106,48.16984554084631,47.01293298637374,0.0,0.0,0.023405802892971447,0.0,0.0,0.0,0.0,6.409999999999997,0.15225653206650822,48.51,48.51,48.51,48.51,42.1,48.51,,,1.0,0,10,25,48.51,0.0,SAME,1.0
BPCL,2021-10-26,48.51,48.51,48.51,48.51,48.51,42.1,0.0,0.0,0.0,0.0,0.0,0.0,0.0,0.0,48.51,48.51,47.597,48.48578258904155,48.283230360564204,47.28512698885124,0.0,0.0,0.023405802892971447,0.0,0.0,0.0,0.0,6.409999999999997,0.15225653206650822,48.51,48.51,48.51,48.51,44.0,48.51,,,1.0,1,10,26,48.51,0.0,SAME,1.0
BPCL,2021-10-28,48.51,48.51,48.51,48.51,48.51,44.0,0.0,0.0,0.0,0.0,0.0,0.0,0.0,0.0,48.51,48.51,48.048,48.49789129452077,48.35882024037613,47.50783117269646,0.0,0.0,0.02108185106778947,0.0,0.0,0.0,0.0,4.509999999999998,0.10249999999999995,48.51,48.51,48.51,48.51,46.2,48.51,,,1.0,3,10,28,48.51,0.0,SAME,1.0
BPCL,2021-10-29,48.51,48.51,48.51,48.51,48.51,46.2,0.0,0.0,0.0,0.0,0.0,0.0,0.0,0.0,48.51,48.51,48.278999999999996,48.50394564726038,48.40921349358409,47.69004368675165,0.0,0.0,0.015811388300842253,0.0,0.0,0.0,0.0,2.309999999999995,0.04999999999999989,48.51,48.51,48.51,48.51,46.2,48.51,,,1.0,4,10,29,48.51,0.0,SAME,1.0
BPCL,2021-11-02,48.51,48.51,48.51,48.51,48.51,46.2,0.0,0.0,0.0,0.0,0.0,0.0,0.0,0.0,48.51,48.51,48.51,48.50697282363019,48.44280899572273,47.8391266527968,0.0,0.0,0.015811388300842253,0.0,0.0,0.0,0.0,2.309999999999995,0.04999999999999989,48.51,48.51,48.51,48.51,48.51,48.51,,,,1,11,2,48.51,0.0,SAME,1.0
BPCL,2021-11-03,48.51,48.51,48.51,48.51,48.51,48.51,0.0,0.0,0.0,0.0,0.0,0.0,0.0,0.0,48.51,48.51,48.51,48.5084864118151,48.46520599714849,47.96110362501556,0.0,0.0,0.0,0.0,0.0,0.0,0.0,0.0,0.0,48.51,48.51,48.51,48.51,48.51,48.51,,,,2,11,3,48.51,0.0,SAME,1.0
BPCL,2021-11-04,48.51,48.51,48.51,48.51,48.51,48.51,0.0,0.0,0.0,0.0,0.0,0.0,0.0,0.0,48.51,48.51,48.51,48.50924320590755,48.48013733143233,48.06090296592182,0.0,0.0,0.0,0.0,0.0,0.0,0.0,0.0,0.0,48.51,48.51,48.51,48.51,48.51,48.51,,,,3,11,4,48.51,0.0,SAME,1.0
BPCL,2021-11-05,48.51,48.51,48.51,48.51,48.51,48.51,0.0,0.0,0.0,0.0,0.0,0.0,0.0,0.0,48.51,48.51,48.51,48.50962160295377,48.49009155428823,48.14255697211785,0.0,0.0,0.0,0.0,0.0,0.0,0.0,0.0,0.0,48.51,48.51,48.51,48.51,48.51,48.51,,,,4,11,5,48.51,0.0,SAME,1.0
BPCL,2021-11-08,48.51,48.51,48.51,48.51,48.51,48.51,0.0,0.0,0.0,0.0,0.0,0.0,0.0,0.0,48.51,48.51,48.51,48.50981080147689,48.49672770285882,48.20936479536915,0.0,0.0,0.0,0.0,0.0,0.0,0.0,0.0,0.0,48.51,48.51,48.51,48.51,48.51,48.51,,,,0,11,8,48.51,0.0,SAME,1.0
BPCL,2021-11-09,48.51,48.51,48.51,48.51,48.51,48.51,0.0,0.0,0.0,0.0,0.0,0.0,0.0,0.0,48.51,48.51,48.51,48.50990540073845,48.50115180190588,48.26402574166566,0.0,0.0,0.0,0.0,0.0,0.0,0.0,0.0,0.0,48.51,48.51,48.51,48.51,48.51,48.51,,,,1,11,9,48.51,0.0,SAME,1.0
BPCL,2021-11-10,48.51,48.51,48.51,48.51,48.51,48.51,0.0,0.0,0.0,0.0,0.0,0.0,0.0,0.0,48.51,48.51,48.51,48.509952700369226,48.504101201270586,48.30874833409008,0.0,0.0,0.0,0.0,0.0,0.0,0.0,0.0,0.0,48.51,48.51,48.51,48.51,48.51,48.51,,,,2,11,10,49.95,1.4400000000000048,UP,2.0
BPCL,2021-11-12,49.95,48.51,48.51,48.51,48.51,48.51,1.4400000000000048,1.4400000000000048,1.4400000000000048,0.029684601113172615,0.029684601113172615,0.029684601113172615,0.029252542837437428,0.029252542837437428,48.99,48.798,48.653999999999996,49.229976350184614,48.98606746751373,48.60715772789189,0.017138412443483405,0.013275357194803997,0.009387095095120214,1.4400000000000048,0.029684601113172643,1.4400000000000048,0.029684601113172643,1.4400000000000048,0.029684601113172643,48.51,49.95,48.51,49.95,48.51,49.95,1.0,1.0,1.0,4,11,12,49.95,0.0,SAME,1.0
BPCL,2021-11-15,49.95,49.95,48.51,48.51,48.51,48.51,0.0,1.4400000000000048,1.4400000000000048,0.0,0.029684601113172615,0.029684601113172615,0.0,0.029252542837437428,49.47,49.086,48.798,49.58998817509231,49.30737831167582,48.85131086827518,0.017138412443483405,0.013275357194803997,0.009387095095120214,1.4400000000000048,0.029684601113172643,1.4400000000000048,0.029684601113172643,1.4400000000000048,0.029684601113172643,48.51,49.95,48.51,49.95,48.51,49.95,1.0,1.0,1.0,0,11,15,49.95,0.0,SAME,1.0
BPCL,2021-11-16,49.95,49.95,49.95,48.51,48.51,48.51,0.0,0.0,1.4400000000000048,0.0,0.0,0.029684601113172615,0.0,0.0,49.95,49.374,48.942,49.76999408754615,49.52158554111722,49.051072528588776,0.017138412443483405,0.013275357194803997,0.009387095095120214,1.4400000000000048,0.029684601113172643,1.4400000000000048,0.029684601113172643,1.4400000000000048,0.029684601113172643,49.95,49.95,48.51,49.95,48.51,49.95,,1.0,1.0,1,11,16,49.95,0.0,SAME,1.0
BPCL,2021-11-17,49.95,49.95,49.95,49.95,48.51,48.51,0.0,0.0,0.0,0.0,0.0,0.0,0.0,0.0,49.95,49.662,49.086,49.85999704377308,49.66439036074482,49.21451388702718,0.0,0.013275357194803997,0.009387095095120214,0.0,0.0,1.4400000000000048,0.029684601113172643,1.4400000000000048,0.029684601113172643,49.95,49.95,48.51,49.95,48.51,49.95,,1.0,1.0,2,11,17,49.95,0.0,SAME,1.0
BPCL,2021-11-18,49.95,49.95,49.95,49.95,48.51,48.51,0.0,0.0,0.0,0.0,0.0,0.0,0.0,0.0,49.95,49.95,49.230000000000004,49.90499852188654,49.75959357382988,49.34823863484041,0.0,0.013275357194803997,0.009387095095120214,0.0,0.0,1.4400000000000048,0.029684601113172643,1.4400000000000048,0.029684601113172643,49.95,49.95,49.95,49.95,48.51,49.95,,,1.0,3,11,18,49.95,0.0,SAME,1.0
BPCL,2021-11-19,49.95,49.95,49.95,49.95,49.95,48.51,0.0,0.0,0.0,0.0,0.0,0.0,0.0,0.0,49.95,49.95,49.374,49.92749926094327,49.82306238255326,49.45764979214215,0.0,0.0,0.009387095095120214,0.0,0.0,0.0,0.0,1.4400000000000048,0.029684601113172643,49.95,49.95,49.95,49.95,48.51,49.95,,,1.0,4,11,19,49.95,0.0,SAME,1.0
BPCL,2021-11-22,49.95,49.95,49.95,49.95,49.95,48.51,0.0,0.0,0.0,0.0,0.0,0.0,0.0,0.0,49.95,49.95,49.518,49.938749630471634,49.86537492170218,49.54716801175266,0.0,0.0,0.009387095095120214,0.0,0.0,0.0,0.0,1.4400000000000048,0.029684601113172643,49.95,49.95,49.95,49.95,48.51,49.95,,,1.0,0,11,22,49.95,0.0,SAME,1.0
BPCL,2021-11-23,49.95,49.95,49.95,49.95,49.95,48.51,0.0,0.0,0.0,0.0,0.0,0.0,0.0,0.0,49.95,49.95,49.662,49.94437481523582,49.89358328113479,49.62041019143399,0.0,0.0,0.009387095095120214,0.0,0.0,0.0,0.0,1.4400000000000048,0.029684601113172643,49.95,49.95,49.95,49.95,48.51,49.95,,,1.0,1,11,23,49.95,0.0,SAME,1.0
BPCL,2021-11-24,49.95,49.95,49.95,49.95,49.95,48.51,0.0,0.0,0.0,0.0,0.0,0.0,0.0,0.0,49.95,49.95,49.806,49.94718740761791,49.91238885408986,49.68033561117326,0.0,0.0,0.009387095095120214,0.0,0.0,0.0,0.0,1.4400000000000048,0.029684601113172643,49.95,49.95,49.95,49.95,48.51,49.95,,,1.0,2,11,24,49.95,0.0,SAME,1.0
BPCL,2021-11-25,49.95,49.95,49.95,49.95,49.95,48.51,0.0,0.0,0.0,0.0,0.0,0.0,0.0,0.0,49.95,49.95,49.95,49.94859370380895,49.92492590272658,49.72936550005085,0.0,0.0,0.009387095095120214,0.0,0.0,0.0,0.0,1.4400000000000048,0.029684601113172643,49.95,49.95,49.95,49.95,49.95,49.95,,,,3,11,25,49.95,0.0,SAME,1.0
BPCL,2021-11-26,49.95,49.95,49.95,49.95,49.95,49.95,0.0,0.0,0.0,0.0,0.0,0.0,0.0,0.0,49.95,49.95,49.95,49.94929685190448,49.93328393515105,49.769480863677956,0.0,0.0,0.0,0.0,0.0,0.0,0.0,0.0,0.0,49.95,49.95,49.95,49.95,49.95,49.95,,,,4,11,26,49.95,0.0,SAME,1.0
BPCL,2021-11-29,49.95,49.95,49.95,49.95,49.95,49.95,0.0,0.0,0.0,0.0,0.0,0.0,0.0,0.0,49.95,49.95,49.95,49.94964842595224,49.93885595676737,49.80230252482741,0.0,0.0,0.0,0.0,0.0,0.0,0.0,0.0,0.0,49.95,49.95,49.95,49.95,49.95,49.95,,,,0,11,29,49.95,0.0,SAME,1.0
BPCL,2021-11-30,49.95,49.95,49.95,49.95,49.95,49.95,0.0,0.0,0.0,0.0,0.0,0.0,0.0,0.0,49.95,49.95,49.95,49.949824212976125,49.942570637844916,49.82915661122243,0.0,0.0,0.0,0.0,0.0,0.0,0.0,0.0,0.0,49.95,49.95,49.95,49.95,49.95,49.95,,,,1,11,30,49.95,0.0,SAME,1.0
BPCL,2021-12-01,49.95,49.95,49.95,49.95,49.95,49.95,0.0,0.0,0.0,0.0,0.0,0.0,0.0,0.0,49.95,49.95,49.95,49.949912106488064,49.94504709189661,49.85112813645472,0.0,0.0,0.0,0.0,0.0,0.0,0.0,0.0,0.0,49.95,49.95,49.95,49.95,49.95,49.95,,,,2,12,1,49.95,0.0,SAME,1.0
BPCL,2021-12-02,49.95,49.95,49.95,49.95,49.95,49.95,0.0,0.0,0.0,0.0,0.0,0.0,0.0,0.0,49.95,49.95,49.95,49.94995605324404,49.946698061264414,49.869104838917494,0.0,0.0,0.0,0.0,0.0,0.0,0.0,0.0,0.0,49.95,49.95,49.95,49.95,49.95,49.95,,,,3,12,2,49.95,0.0,SAME,1.0
BPCL,2021-12-03,49.95,49.95,49.95,49.95,49.95,49.95,0.0,0.0,0.0,0.0,0.0,0.0,0.0,0.0,49.95,49.95,49.95,49.94997802662202,49.94779870750961,49.883813050023406,0.0,0.0,0.0,0.0,0.0,0.0,0.0,0.0,0.0,49.95,49.95,49.95,49.95,49.95,49.95,,,,4,12,3,49.95,0.0,SAME,1.0
BPCL,2021-12-06,49.95,49.95,49.95,49.95,49.95,49.95,0.0,0.0,0.0,0.0,0.0,0.0,0.0,0.0,49.95,49.95,49.95,49.94998901331101,49.948532471673076,49.89584704092823,0.0,0.0,0.0,0.0,0.0,0.0,0.0,0.0,0.0,49.95,49.95,49.95,49.95,49.95,49.95,,,,0,12,6,49.95,0.0,SAME,1.0
BPCL,2021-12-07,49.95,49.95,49.95,49.95,49.95,49.95,0.0,0.0,0.0,0.0,0.0,0.0,0.0,0.0,49.95,49.95,49.95,49.94999450665551,49.949021647782054,49.90569303348673,0.0,0.0,0.0,0.0,0.0,0.0,0.0,0.0,0.0,49.95,49.95,49.95,49.95,49.95,49.95,,,,1,12,7,49.95,0.0,SAME,1.0
BPCL,2021-12-08,49.95,49.95,49.95,49.95,49.95,49.95,0.0,0.0,0.0,0.0,0.0,0.0,0.0,0.0,49.95,49.95,49.95,49.94999725332775,49.94934776518804,49.913748845580045,0.0,0.0,0.0,0.0,0.0,0.0,0.0,0.0,0.0,49.95,49.95,49.95,49.95,49.95,49.95,,,,2,12,8,49.95,0.0,SAME,1.0
BPCL,2021-12-09,49.95,49.95,49.95,49.95,49.95,49.95,0.0,0.0,0.0,0.0,0.0,0.0,0.0,0.0,49.95,49.95,49.95,49.94999862666388,49.94956517679203,49.920339964565486,0.0,0.0,0.0,0.0,0.0,0.0,0.0,0.0,0.0,49.95,49.95,49.95,49.95,49.95,49.95,,,,3,12,9,49.95,0.0,SAME,1.0
BPCL,2021-12-10,49.95,49.95,49.95,49.95,49.95,49.95,0.0,0.0,0.0,0.0,0.0,0.0,0.0,0.0,49.95,49.95,49.95,49.94999931333194,49.94971011786136,49.925732698280854,0.0,0.0,0.0,0.0,0.0,0.0,0.0,0.0,0.0,49.95,49.95,49.95,49.95,49.95,49.95,,,,4,12,10,49.95,0.0,SAME,1.0
BPCL,2021-12-13,49.95,49.95,49.95,49.95,49.95,49.95,0.0,0.0,0.0,0.0,0.0,0.0,0.0,0.0,49.95,49.95,49.95,49.94999965666597,49.949806745240906,49.930144934957056,0.0,0.0,0.0,0.0,0.0,0.0,0.0,0.0,0.0,49.95,49.95,49.95,49.95,49.95,49.95,,,,0,12,13,49.95,0.0,SAME,1.0
BPCL,2021-12-14,49.95,49.95,49.95,49.95,49.95,49.95,0.0,0.0,0.0,0.0,0.0,0.0,0.0,0.0,49.95,49.95,49.95,49.94999982833299,49.94987116349394,49.93375494678304,0.0,0.0,0.0,0.0,0.0,0.0,0.0,0.0,0.0,49.95,49.95,49.95,49.95,49.95,49.95,,,,1,12,14,49.95,0.0,SAME,1.0
BPCL,2021-12-15,49.95,49.95,49.95,49.95,49.95,49.95,0.0,0.0,0.0,0.0,0.0,0.0,0.0,0.0,49.95,49.95,49.95,49.9499999141665,49.94991410899596,49.936708592822484,0.0,0.0,0.0,0.0,0.0,0.0,0.0,0.0,0.0,49.95,49.95,49.95,49.95,49.95,49.95,,,,2,12,15,49.95,0.0,SAME,1.0
BPCL,2021-12-16,49.95,49.95,49.95,49.95,49.95,49.95,0.0,0.0,0.0,0.0,0.0,0.0,0.0,0.0,49.95,49.95,49.95,49.94999995708325,49.949942739330645,49.93912521230931,0.0,0.0,0.0,0.0,0.0,0.0,0.0,0.0,0.0,49.95,49.95,49.95,49.95,49.95,49.95,,,,3,12,16,49.95,0.0,SAME,1.0
BPCL,2021-12-20,49.95,49.95,49.95,49.95,49.95,49.95,0.0,0.0,0.0,0.0,0.0,0.0,0.0,0.0,49.95,49.95,49.95,49.949999978541626,49.94996182622043,49.94110244643488,0.0,0.0,0.0,0.0,0.0,0.0,0.0,0.0,0.0,49.95,49.95,49.95,49.95,49.95,49.95,,,,0,12,20,49.95,0.0,SAME,1.0
BPCL,2021-12-21,49.95,49.95,49.95,49.95,49.95,49.95,0.0,0.0,0.0,0.0,0.0,0.0,0.0,0.0,49.95,49.95,49.95,49.949999989270815,49.94997455081362,49.942720183446724,0.0,0.0,0.0,0.0,0.0,0.0,0.0,0.0,0.0,49.95,49.95,49.95,49.95,49.95,49.95,,,,1,12,21,49.5,-0.45000000000000284,DOWN,0.0
BPCL,2021-12-23,49.5,49.95,49.95,49.95,49.95,49.95,-0.45000000000000284,-0.45000000000000284,-0.45000000000000284,-0.009009009009009028,-0.009009009009009028,-0.009009009009009028,-0.009049835519917927,-0.009049835519917927,49.800000000000004,49.86,49.90500000000001,49.72499999463541,49.799983033875755,49.862225604638226,0.005201353776504513,0.00402895131081051,0.002848898792946816,-0.45000000000000284,-0.009009009009009066,-0.45000000000000284,-0.009009009009009066,-0.45000000000000284,-0.009009009009009066,49.5,49.95,49.5,49.95,49.5,49.95,0.0,0.0,0.0,3,12,23,49.5,0.0,SAME,1.0
BPCL,2021-12-24,49.5,49.5,49.95,49.95,49.95,49.95,0.0,-0.45000000000000284,-0.45000000000000284,0.0,-0.009009009009009028,-0.009009009009009028,0.0,-0.009049835519917927,49.650000000000006,49.77,49.86,49.612499997317705,49.69998868925051,49.796366403794906,0.005201353776504513,0.00402895131081051,0.002848898792946816,-0.45000000000000284,-0.009009009009009066,-0.45000000000000284,-0.009009009009009066,-0.45000000000000284,-0.009009009009009066,49.5,49.95,49.5,49.95,49.5,49.95,0.0,0.0,0.0,4,12,24,49.5,0.0,SAME,1.0
BPCL,2021-12-27,49.5,49.5,49.5,49.95,49.95,49.95,0.0,0.0,-0.45000000000000284,0.0,0.0,-0.009009009009009028,0.0,0.0,49.5,49.68000000000001,49.815000000000005,49.556249998658856,49.63332579283368,49.74248160310492,0.005201353776504513,0.00402895131081051,0.002848898792946816,-0.45000000000000284,-0.009009009009009066,-0.45000000000000284,-0.009009009009009066,-0.45000000000000284,-0.009009009009009066,49.5,49.5,49.5,49.95,49.5,49.95,,0.0,0.0,0,12,27,49.5,0.0,SAME,1.0
BPCL,2021-12-28,49.5,49.5,49.5,49.5,49.95,49.95,0.0,0.0,0.0,0.0,0.0,0.0,0.0,0.0,49.5,49.589999999999996,49.77,49.52812499932943,49.58888386188912,49.69839403890402,0.0,0.00402895131081051,0.002848898792946816,0.0,0.0,-0.45000000000000284,-0.009009009009009066,-0.45000000000000284,-0.009009009009009066,49.5,49.5,49.5,49.95,49.5,49.95,,0.0,0.0,1,12,28,49.5,0.0,SAME,1.0
BPCL,2021-12-29,49.5,49.5,49.5,49.5,49.95,49.95,0.0,0.0,0.0,0.0,0.0,0.0,0.0,0.0,49.5,49.5,49.725,49.51406249966472,49.55925590792609,49.66232239546692,0.0,0.00402895131081051,0.002848898792946816,0.0,0.0,-0.45000000000000284,-0.009009009009009066,-0.45000000000000284,-0.009009009009009066,49.5,49.5,49.5,49.5,49.5,49.95,,,0.0,2,12,29,49.5,0.0,SAME,1.0
BPCL,2021-12-30,49.5,49.5,49.5,49.5,49.5,49.95,0.0,0.0,0.0,0.0,0.0,0.0,0.0,0.0,49.5,49.5,49.68,49.50703124983236,49.53950393861739,49.63280923265475,0.0,0.0,0.002848898792946816,0.0,0.0,0.0,0.0,-0.45000000000000284,-0.009009009009009066,49.5,49.5,49.5,49.5,49.5,49.95,,,0.0,3,12,30,49.5,0.0,SAME,1.0
BPCL,2021-12-31,49.5,49.5,49.5,49.5,49.5,49.95,0.0,0.0,0.0,0.0,0.0,0.0,0.0,0.0,49.5,49.5,49.635000000000005,49.503515624916176,49.52633595907827,49.60866209944479,0.0,0.0,0.002848898792946816,0.0,0.0,0.0,0.0,-0.45000000000000284,-0.009009009009009066,49.5,49.5,49.5,49.5,49.5,49.95,,,0.0,4,12,31,49.5,0.0,SAME,1.0
BPCL,2022-01-03,49.5,49.5,49.5,49.5,49.5,49.95,0.0,0.0,0.0,0.0,0.0,0.0,0.0,0.0,49.5,49.5,49.59,49.50175781245809,49.51755730605218,49.58890535409119,0.0,0.0,0.002848898792946816,0.0,0.0,0.0,0.0,-0.45000000000000284,-0.009009009009009066,49.5,49.5,49.5,49.5,49.5,49.95,,,0.0,0,1,3,49.5,0.0,SAME,1.0
BPCL,2022-01-04,49.5,49.5,49.5,49.5,49.5,49.95,0.0,0.0,0.0,0.0,0.0,0.0,0.0,0.0,49.5,49.5,49.545,49.50087890622905,49.51170487070146,49.57274074425642,0.0,0.0,0.002848898792946816,0.0,0.0,0.0,0.0,-0.45000000000000284,-0.009009009009009066,49.5,49.5,49.5,49.5,49.5,49.95,,,0.0,1,1,4,49.5,0.0,SAME,1.0
BPCL,2022-01-05,49.5,49.5,49.5,49.5,49.5,49.95,0.0,0.0,0.0,0.0,0.0,0.0,0.0,0.0,49.5,49.5,49.5,49.500439453114524,49.50780324713431,49.55951515439161,0.0,0.0,0.002848898792946816,0.0,0.0,0.0,0.0,-0.45000000000000284,-0.009009009009009066,49.5,49.5,49.5,49.5,49.5,49.5,,,,2,1,5,49.5,0.0,SAME,1.0
BPCL,2022-01-06,49.5,49.5,49.5,49.5,49.5,49.5,0.0,0.0,0.0,0.0,0.0,0.0,0.0,0.0,49.5,49.5,49.5,49.50021972655726,49.50520216475621,49.548694217229496,0.0,0.0,0.0,0.0,0.0,0.0,0.0,0.0,0.0,49.5,49.5,49.5,49.5,49.5,49.5,,,,3,1,6,49.5,0.0,SAME,1.0
BPCL,2022-01-07,49.5,49.5,49.5,49.5,49.5,49.5,0.0,0.0,0.0,0.0,0.0,0.0,0.0,0.0,49.5,49.5,49.5,49.50010986327863,49.50346810983748,49.539840723187766,0.0,0.0,0.0,0.0,0.0,0.0,0.0,0.0,0.0,49.5,49.5,49.5,49.5,49.5,49.5,,,,4,1,7,49.5,0.0,SAME,1.0
BPCL,2022-01-10,49.5,49.5,49.5,49.5,49.5,49.5,0.0,0.0,0.0,0.0,0.0,0.0,0.0,0.0,49.5,49.5,49.5,49.50005493163931,49.50231207322499,49.53259695533544,0.0,0.0,0.0,0.0,0.0,0.0,0.0,0.0,0.0,49.5,49.5,49.5,49.5,49.5,49.5,,,,0,1,10,49.5,0.0,SAME,1.0
BPCL,2022-01-11,49.5,49.5,49.5,49.5,49.5,49.5,0.0,0.0,0.0,0.0,0.0,0.0,0.0,0.0,49.5,49.5,49.5,49.500027465819656,49.50154138215,49.52667023618354,0.0,0.0,0.0,0.0,0.0,0.0,0.0,0.0,0.0,49.5,49.5,49.5,49.5,49.5,49.5,,,,1,1,11,49.5,0.0,SAME,1.0
BPCL,2022-01-12,49.5,49.5,49.5,49.5,49.5,49.5,0.0,0.0,0.0,0.0,0.0,0.0,0.0,0.0,49.5,49.5,49.5,49.50001373290983,49.50102758810001,49.521821102331984,0.0,0.0,0.0,0.0,0.0,0.0,0.0,0.0,0.0,49.5,49.5,49.5,49.5,49.5,49.5,,,,2,1,12,49.5,0.0,SAME,1.0
BPCL,2022-01-13,49.5,49.5,49.5,49.5,49.5,49.5,0.0,0.0,0.0,0.0,0.0,0.0,0.0,0.0,49.5,49.5,49.5,49.50000686645491,49.500685058733346,49.51785362918071,0.0,0.0,0.0,0.0,0.0,0.0,0.0,0.0,0.0,49.5,49.5,49.5,49.5,49.5,49.5,,,,3,1,13,49.5,0.0,SAME,1.0
BPCL,2022-01-14,49.5,49.5,49.5,49.5,49.5,49.5,0.0,0.0,0.0,0.0,0.0,0.0,0.0,0.0,49.5,49.5,49.5,49.500003433227455,49.50045670582224,49.51460751478422,0.0,0.0,0.0,0.0,0.0,0.0,0.0,0.0,0.0,49.5,49.5,49.5,49.5,49.5,49.5,,,,4,1,14,49.5,0.0,SAME,1.0
BPCL,2022-01-17,49.5,49.5,49.5,49.5,49.5,49.5,0.0,0.0,0.0,0.0,0.0,0.0,0.0,0.0,49.5,49.5,49.5,49.500001716613724,49.500304470548166,49.511951603005265,0.0,0.0,0.0,0.0,0.0,0.0,0.0,0.0,0.0,49.5,49.5,49.5,49.5,49.5,49.5,,,,0,1,17,49.5,0.0,SAME,1.0
BPCL,2022-01-18,49.5,49.5,49.5,49.5,49.5,49.5,0.0,0.0,0.0,0.0,0.0,0.0,0.0,0.0,49.5,49.5,49.5,49.50000085830686,49.50020298036545,49.50977858427703,0.0,0.0,0.0,0.0,0.0,0.0,0.0,0.0,0.0,49.5,49.5,49.5,49.5,49.5,49.5,,,,1,1,18,49.95,0.45000000000000284,UP,2.0
BPCL,2022-01-19,49.95,49.5,49.5,49.5,49.5,49.5,0.45000000000000284,0.45000000000000284,0.45000000000000284,0.009090909090909038,0.009090909090909038,0.009090909090909038,0.009049835519917856,0.009049835519917856,49.65,49.59,49.545,49.72500042915343,49.650135320243635,49.58981884168121,0.005248638810836006,0.0040655781409087485,0.0028747978728826174,0.45000000000000284,0.009090909090909148,0.45000000000000284,0.009090909090909148,0.45000000000000284,0.009090909090909148,49.5,49.95,49.5,49.95,49.5,49.95,1.0,1.0,1.0,2,1,19,49.95,0.0,SAME,1.0
BPCL,2022-01-20,49.95,49.95,49.5,49.5,49.5,49.5,0.0,0.45000000000000284,0.45000000000000284,0.0,0.009090909090909038,0.009090909090909038,0.0,0.009049835519917856,49.800000000000004,49.67999999999999,49.589999999999996,49.83750021457672,49.75009021349576,49.65530632501189,0.005248638810836006,0.0040655781409087485,0.0028747978728826174,0.45000000000000284,0.009090909090909148,0.45000000000000284,0.009090909090909148,0.45000000000000284,0.009090909090909148,49.5,49.95,49.5,49.95,49.5,49.95,1.0,1.0,1.0,3,1,20,49.95,0.0,SAME,1.0
BPCL,2022-01-21,49.95,49.95,49.95,49.5,49.5,49.5,0.0,0.0,0.45000000000000284,0.0,0.0,0.009090909090909038,0.0,0.0,49.95,49.769999999999996,49.635000000000005,49.89375010728836,49.816726808997174,49.70888699319154,0.005248638810836006,0.0040655781409087485,0.0028747978728826174,0.45000000000000284,0.009090909090909148,0.45000000000000284,0.009090909090909148,0.45000000000000284,0.009090909090909148,49.95,49.95,49.5,49.95,49.5,49.95,,1.0,1.0,4,1,21,49.95,0.0,SAME,1.0
BPCL,2022-01-24,49.95,49.95,49.95,49.95,49.5,49.5,0.0,0.0,0.0,0.0,0.0,0.0,0.0,0.0,49.95,49.86,49.68,49.921875053644186,49.86115120599812,49.75272572170216,0.0,0.0040655781409087485,0.0028747978728826174,0.0,0.0,0.45000000000000284,0.009090909090909148,0.45000000000000284,0.009090909090909148,49.95,49.95,49.5,49.95,49.5,49.95,,1.0,1.0,0,1,24,49.95,0.0,SAME,1.0
BPCL,2022-01-25,49.95,49.95,49.95,49.95,49.5,49.5,0.0,0.0,0.0,0.0,0.0,0.0,0.0,0.0,49.95,49.95,49.725,49.935937526822094,49.890767470665416,49.788593772301766,0.0,0.0040655781409087485,0.0028747978728826174,0.0,0.0,0.45000000000000284,0.009090909090909148,0.45000000000000284,0.009090909090909148,49.95,49.95,49.95,49.95,49.5,49.95,,,1.0,1,1,25,49.95,0.0,SAME,1.0
BPCL,2022-01-26,49.95,49.95,49.95,49.95,49.95,49.5,0.0,0.0,0.0,0.0,0.0,0.0,0.0,0.0,49.95,49.95,49.769999999999996,49.942968763411045,49.91051164711028,49.81794035915598,0.0,0.0,0.0028747978728826174,0.0,0.0,0.0,0.0,0.45000000000000284,0.009090909090909148,49.95,49.95,49.95,49.95,49.5,49.95,,,1.0,2,1,26,49.95,0.0,SAME,1.0
BPCL,2022-01-27,49.95,49.95,49.95,49.95,49.95,49.5,0.0,0.0,0.0,0.0,0.0,0.0,0.0,0.0,49.95,49.95,49.815,49.946484381705524,49.92367443140686,49.84195120294581,0.0,0.0,0.0028747978728826174,0.0,0.0,0.0,0.0,0.45000000000000284,0.009090909090909148,49.95,49.95,49.95,49.95,49.5,49.95,,,1.0,3,1,27,49.95,0.0,SAME,1.0
BPCL,2022-01-28,49.95,49.95,49.95,49.95,49.95,49.5,0.0,0.0,0.0,0.0,0.0,0.0,0.0,0.0,49.95,49.95,49.86,49.94824219085277,49.93244962093791,49.861596438773844,0.0,0.0,0.0028747978728826174,0.0,0.0,0.0,0.0,0.45000000000000284,0.009090909090909148,49.95,49.95,49.95,49.95,49.5,49.95,,,1.0,4,1,28,49.95,0.0,SAME,1.0
BPCL,2022-01-31,49.95,49.95,49.95,49.95,49.95,49.5,0.0,0.0,0.0,0.0,0.0,0.0,0.0,0.0,49.95,49.95,49.905,49.949121095426385,49.93829974729194,49.87766981354223,0.0,0.0,0.0028747978728826174,0.0,0.0,0.0,0.0,0.45000000000000284,0.009090909090909148,49.95,49.95,49.95,49.95,49.5,49.95,,,1.0,0,1,31,49.95,0.0,SAME,1.0
BPCL,2022-02-01,49.95,49.95,49.95,49.95,49.95,49.5,0.0,0.0,0.0,0.0,0.0,0.0,0.0,0.0,49.95,49.95,49.95,49.94956054771319,49.942199831527965,49.89082075653455,0.0,0.0,0.0028747978728826174,0.0,0.0,0.0,0.0,0.45000000000000284,0.009090909090909148,49.95,49.95,49.95,49.95,49.95,49.95,,,,1,2,1,49.95,0.0,SAME,1.0
BPCL,2022-02-03,49.95,49.95,49.95,49.95,49.95,49.95,0.0,0.0,0.0,0.0,0.0,0.0,0.0,0.0,49.95,49.95,49.95,49.9497802738566,49.94479988768531,49.901580618982806,0.0,0.0,0.0,0.0,0.0,0.0,0.0,0.0,0.0,49.95,49.95,49.95,49.95,49.95,49.95,,,,3,2,3,49.95,0.0,SAME,1.0
BPCL,2022-02-04,49.95,49.95,49.95,49.95,49.95,49.95,0.0,0.0,0.0,0.0,0.0,0.0,0.0,0.0,49.95,49.95,49.95,49.9498901369283,49.94653325845688,49.910384142804105,0.0,0.0,0.0,0.0,0.0,0.0,0.0,0.0,0.0,49.95,49.95,49.95,49.95,49.95,49.95,,,,4,2,4,49.95,0.0,SAME,1.0
BPCL,2022-02-07,49.95,49.95,49.95,49.95,49.95,49.95,0.0,0.0,0.0,0.0,0.0,0.0,0.0,0.0,49.95,49.95,49.95,49.94994506846415,49.94768883897126,49.91758702593063,0.0,0.0,0.0,0.0,0.0,0.0,0.0,0.0,0.0,49.95,49.95,49.95,49.95,49.95,49.95,,,,0,2,7,49.95,0.0,SAME,1.0
BPCL,2022-02-08,49.95,49.95,49.95,49.95,49.95,49.95,0.0,0.0,0.0,0.0,0.0,0.0,0.0,0.0,49.95,49.95,49.95,49.949972534232074,49.94845922598084,49.92348029394324,0.0,0.0,0.0,0.0,0.0,0.0,0.0,0.0,0.0,49.95,49.95,49.95,49.95,49.95,49.95,,,,1,2,8,49.95,0.0,SAME,1.0
BPCL,2022-02-09,49.95,49.95,49.95,49.95,49.95,49.95,0.0,0.0,0.0,0.0,0.0,0.0,0.0,0.0,49.95,49.95,49.95,49.94998626711604,49.948972817320566,49.92830205868083,0.0,0.0,0.0,0.0,0.0,0.0,0.0,0.0,0.0,49.95,49.95,49.95,49.95,49.95,49.95,,,,2,2,9,48.5,-1.4500000000000028,DOWN,0.0
BPCL,2022-02-10,48.5,49.95,49.95,49.95,49.95,49.95,-1.4500000000000028,-1.4500000000000028,-1.4500000000000028,-0.02902902902902904,-0.02902902902902904,-0.02902902902902904,-0.029458707151125026,-0.029458707151125026,49.46666666666667,49.660000000000004,49.80500000000001,49.224993133558016,49.46598187821371,49.668610775284314,0.016759917724229995,0.012982176445944755,0.009179784999488518,-1.4500000000000028,-0.029029029029029083,-1.4500000000000028,-0.029029029029029083,-1.4500000000000028,-0.029029029029029083,48.5,49.95,48.5,49.95,48.5,49.95,0.0,0.0,0.0,3,2,10,48.5,0.0,SAME,1.0
BPCL,2022-02-11,48.5,48.5,49.95,49.95,49.95,49.95,0.0,-1.4500000000000028,-1.4500000000000028,0.0,-0.02902902902902904,-0.02902902902902904,0.0,-0.029458707151125026,48.98333333333333,49.370000000000005,49.660000000000004,48.86249656677901,49.143987918809145,49.45613608886898,0.016759917724229995,0.012982176445944755,0.009179784999488518,-1.4500000000000028,-0.029029029029029083,-1.4500000000000028,-0.029029029029029083,-1.4500000000000028,-0.029029029029029083,48.5,49.95,48.5,49.95,48.5,49.95,0.0,0.0,0.0,4,2,11,48.5,0.0,SAME,1.0
BPCL,2022-02-14,48.5,48.5,48.5,49.95,49.95,49.95,0.0,0.0,-1.4500000000000028,0.0,0.0,-0.02902902902902904,0.0,0.0,48.5,49.08,49.515,48.68124828338951,48.9293252792061,49.282293163620075,0.016759917724229995,0.012982176445944755,0.009179784999488518,-1.4500000000000028,-0.029029029029029083,-1.4500000000000028,-0.029029029029029083,-1.4500000000000028,-0.029029029029029083,48.5,48.5,48.5,49.95,48.5,49.95,,0.0,0.0,0,2,14,48.5,0.0,SAME,1.0
BPCL,2022-02-15,48.5,48.5,48.5,48.5,49.95,49.95,0.0,0.0,0.0,0.0,0.0,0.0,0.0,0.0,48.5,48.79,49.370000000000005,48.590624141694754,48.78621685280407,49.140058042961876,0.0,0.012982176445944755,0.009179784999488518,0.0,0.0,-1.4500000000000028,-0.029029029029029083,-1.4500000000000028,-0.029029029029029083,48.5,48.5,48.5,49.95,48.5,49.95,,0.0,0.0,1,2,15,48.5,0.0,SAME,1.0
BPCL,2022-02-16,48.5,48.5,48.5,48.5,49.95,49.95,0.0,0.0,0.0,0.0,0.0,0.0,0.0,0.0,48.5,48.5,49.225,48.54531207084737,48.690811235202716,49.02368385333244,0.0,0.012982176445944755,0.009179784999488518,0.0,0.0,-1.4500000000000028,-0.029029029029029083,-1.4500000000000028,-0.029029029029029083,48.5,48.5,48.5,48.5,48.5,49.95,,,0.0,2,2,16,48.5,0.0,SAME,1.0
BPCL,2022-02-17,48.5,48.5,48.5,48.5,48.5,49.95,0.0,0.0,0.0,0.0,0.0,0.0,0.0,0.0,48.5,48.5,49.08,48.52265603542369,48.62720749013515,48.928468607271995,0.0,0.0,0.009179784999488518,0.0,0.0,0.0,0.0,-1.4500000000000028,-0.029029029029029083,48.5,48.5,48.5,48.5,48.5,49.95,,,0.0,3,2,17,48.5,0.0,SAME,1.0
BPCL,2022-02-18,48.5,48.5,48.5,48.5,48.5,49.95,0.0,0.0,0.0,0.0,0.0,0.0,0.0,0.0,48.5,48.5,48.935,48.51132801771185,48.58480499342343,48.85056522413163,0.0,0.0,0.009179784999488518,0.0,0.0,0.0,0.0,-1.4500000000000028,-0.029029029029029083,48.5,48.5,48.5,48.5,48.5,49.95,,,0.0,4,2,18,48.5,0.0,SAME,1.0
BPCL,2022-02-24,48.5,48.5,48.5,48.5,48.5,49.95,0.0,0.0,0.0,0.0,0.0,0.0,0.0,0.0,48.5,48.5,48.79,48.50566400885592,48.55653666228229,48.78682609247133,0.0,0.0,0.009179784999488518,0.0,0.0,0.0,0.0,-1.4500000000000028,-0.029029029029029083,48.5,48.5,48.5,48.5,48.5,49.95,,,0.0,3,2,24,48.5,0.0,SAME,1.0
BPCL,2022-02-25,48.5,48.5,48.5,48.5,48.5,49.95,0.0,0.0,0.0,0.0,0.0,0.0,0.0,0.0,48.5,48.5,48.645,48.50283200442796,48.5376911081882,48.734675893840176,0.0,0.0,0.009179784999488518,0.0,0.0,0.0,0.0,-1.4500000000000028,-0.029029029029029083,48.5,48.5,48.5,48.5,48.5,49.95,,,0.0,4,2,25,48.5,0.0,SAME,1.0
BPCL,2022-02-28,48.5,48.5,48.5,48.5,48.5,49.95,0.0,0.0,0.0,0.0,0.0,0.0,0.0,0.0,48.5,48.5,48.5,48.50141600221398,48.525127405458804,48.6920075495056,0.0,0.0,0.009179784999488518,0.0,0.0,0.0,0.0,-1.4500000000000028,-0.029029029029029083,48.5,48.5,48.5,48.5,48.5,48.5,,,,0,2,28,48.5,0.0,SAME,1.0
BPCL,2022-03-01,48.5,48.5,48.5,48.5,48.5,48.5,0.0,0.0,0.0,0.0,0.0,0.0,0.0,0.0,48.5,48.5,48.5,48.500708001106986,48.51675160363921,48.65709708595912,0.0,0.0,0.0,0.0,0.0,0.0,0.0,0.0,0.0,48.5,48.5,48.5,48.5,48.5,48.5,,,,1,3,1,48.5,0.0,SAME,1.0
BPCL,2022-03-02,48.5,48.5,48.5,48.5,48.5,48.5,0.0,0.0,0.0,0.0,0.0,0.0,0.0,0.0,48.5,48.5,48.5,48.50035400055349,48.51116773575947,48.6285339794211,0.0,0.0,0.0,0.0,0.0,0.0,0.0,0.0,0.0,48.5,48.5,48.5,48.5,48.5,48.5,,,,2,3,2,48.5,0.0,SAME,1.0
BPCL,2022-03-07,48.5,48.5,48.5,48.5,48.5,48.5,0.0,0.0,0.0,0.0,0.0,0.0,0.0,0.0,48.5,48.5,48.5,48.50017700027675,48.50744515717298,48.6051641649809,0.0,0.0,0.0,0.0,0.0,0.0,0.0,0.0,0.0,48.5,48.5,48.5,48.5,48.5,48.5,,,,0,3,7,48.5,0.0,SAME,1.0
BPCL,2022-03-08,48.5,48.5,48.5,48.5,48.5,48.5,0.0,0.0,0.0,0.0,0.0,0.0,0.0,0.0,48.5,48.5,48.5,48.500088500138375,48.504963438115325,48.58604340771164,0.0,0.0,0.0,0.0,0.0,0.0,0.0,0.0,0.0,48.5,48.5,48.5,48.5,48.5,48.5,,,,1,3,8,48.5,0.0,SAME,1.0
BPCL,2022-03-09,48.5,48.5,48.5,48.5,48.5,48.5,0.0,0.0,0.0,0.0,0.0,0.0,0.0,0.0,48.5,48.5,48.5,48.50004425006919,48.50330895874355,48.57039915176407,0.0,0.0,0.0,0.0,0.0,0.0,0.0,0.0,0.0,48.5,48.5,48.5,48.5,48.5,48.5,,,,2,3,9,48.5,0.0,SAME,1.0
BPCL,2022-03-10,48.5,48.5,48.5,48.5,48.5,48.5,0.0,0.0,0.0,0.0,0.0,0.0,0.0,0.0,48.5,48.5,48.5,48.50002212503459,48.5022059724957,48.55759930598879,0.0,0.0,0.0,0.0,0.0,0.0,0.0,0.0,0.0,48.5,48.5,48.5,48.5,48.5,48.5,,,,3,3,10,48.5,0.0,SAME,1.0
BPCL,2022-03-11,48.5,48.5,48.5,48.5,48.5,48.5,0.0,0.0,0.0,0.0,0.0,0.0,0.0,0.0,48.5,48.5,48.5,48.500011062517295,48.50147064833047,48.54712670489992,0.0,0.0,0.0,0.0,0.0,0.0,0.0,0.0,0.0,48.5,48.5,48.5,48.5,48.5,48.5,,,,4,3,11,48.5,0.0,SAME,1.0
BPCL,2022-03-14,48.5,48.5,48.5,48.5,48.5,48.5,0.0,0.0,0.0,0.0,0.0,0.0,0.0,0.0,48.5,48.5,48.5,48.50000553125865,48.50098043222032,48.53855821309993,0.0,0.0,0.0,0.0,0.0,0.0,0.0,0.0,0.0,48.5,48.5,48.5,48.5,48.5,48.5,,,,0,3,14,48.5,0.0,SAME,1.0
BPCL,2022-03-15,48.5,48.5,48.5,48.5,48.5,48.5,0.0,0.0,0.0,0.0,0.0,0.0,0.0,0.0,48.5,48.5,48.5,48.500002765629326,48.50065362148021,48.53154762889994,0.0,0.0,0.0,0.0,0.0,0.0,0.0,0.0,0.0,48.5,48.5,48.5,48.5,48.5,48.5,,,,1,3,15,48.5,0.0,SAME,1.0
BPCL,2022-03-16,48.5,48.5,48.5,48.5,48.5,48.5,0.0,0.0,0.0,0.0,0.0,0.0,0.0,0.0,48.5,48.5,48.5,48.50000138281466,48.500435747653476,48.52581169637268,0.0,0.0,0.0,0.0,0.0,0.0,0.0,0.0,0.0,48.5,48.5,48.5,48.5,48.5,48.5,,,,2,3,16,48.5,0.0,SAME,1.0
BPCL,2022-03-17,48.5,48.5,48.5,48.5,48.5,48.5,0.0,0.0,0.0,0.0,0.0,0.0,0.0,0.0,48.5,48.5,48.5,48.50000069140733,48.50029049843565,48.521118660668556,0.0,0.0,0.0,0.0,0.0,0.0,0.0,0.0,0.0,48.5,48.5,48.5,48.5,48.5,48.5,,,,3,3,17,48.5,0.0,SAME,1.0
BPCL,2022-03-18,48.5,48.5,48.5,48.5,48.5,48.5,0.0,0.0,0.0,0.0,0.0,0.0,0.0,0.0,48.5,48.5,48.5,48.50000034570367,48.50019366562377,48.517278904183364,0.0,0.0,0.0,0.0,0.0,0.0,0.0,0.0,0.0,48.5,48.5,48.5,48.5,48.5,48.5,,,,4,3,18,48.5,0.0,SAME,1.0
BPCL,2022-03-21,48.5,48.5,48.5,48.5,48.5,48.5,0.0,0.0,0.0,0.0,0.0,0.0,0.0,0.0,48.5,48.5,48.5,48.500000172851834,48.50012911041585,48.514137285240935,0.0,0.0,0.0,0.0,0.0,0.0,0.0,0.0,0.0,48.5,48.5,48.5,48.5,48.5,48.5,,,,0,3,21,48.5,0.0,SAME,1.0
BPCL,2022-03-22,48.5,48.5,48.5,48.5,48.5,48.5,0.0,0.0,0.0,0.0,0.0,0.0,0.0,0.0,48.5,48.5,48.5,48.50000008642591,48.50008607361057,48.51156686974258,0.0,0.0,0.0,0.0,0.0,0.0,0.0,0.0,0.0,48.5,48.5,48.5,48.5,48.5,48.5,,,,1,3,22,48.5,0.0,SAME,1.0
BPCL,2022-03-23,48.5,48.5,48.5,48.5,48.5,48.5,0.0,0.0,0.0,0.0,0.0,0.0,0.0,0.0,48.5,48.5,48.5,48.50000004321296,48.50005738240705,48.509463802516656,0.0,0.0,0.0,0.0,0.0,0.0,0.0,0.0,0.0,48.5,48.5,48.5,48.5,48.5,48.5,,,,2,3,23,48.5,0.0,SAME,1.0
BPCL,2022-03-24,48.5,48.5,48.5,48.5,48.5,48.5,0.0,0.0,0.0,0.0,0.0,0.0,0.0,0.0,48.5,48.5,48.5,48.50000002160648,48.50003825493803,48.50774311114999,0.0,0.0,0.0,0.0,0.0,0.0,0.0,0.0,0.0,48.5,48.5,48.5,48.5,48.5,48.5,,,,3,3,24,48.5,0.0,SAME,1.0
BPCL,2022-03-25,48.5,48.5,48.5,48.5,48.5,48.5,0.0,0.0,0.0,0.0,0.0,0.0,0.0,0.0,48.5,48.5,48.5,48.50000001080324,48.50002550329202,48.50633527275908,0.0,0.0,0.0,0.0,0.0,0.0,0.0,0.0,0.0,48.5,48.5,48.5,48.5,48.5,48.5,,,,4,3,25,48.5,0.0,SAME,1.0
BPCL,2022-03-28,48.5,48.5,48.5,48.5,48.5,48.5,0.0,0.0,0.0,0.0,0.0,0.0,0.0,0.0,48.5,48.5,48.5,48.50000000540162,48.50001700219468,48.5051834049847,0.0,0.0,0.0,0.0,0.0,0.0,0.0,0.0,0.0,48.5,48.5,48.5,48.5,48.5,48.5,,,,0,3,28,48.5,0.0,SAME,1.0
BPCL,2022-03-29,48.5,48.5,48.5,48.5,48.5,48.5,0.0,0.0,0.0,0.0,0.0,0.0,0.0,0.0,48.5,48.5,48.5,48.50000000270081,48.500011334796454,48.50424096771475,0.0,0.0,0.0,0.0,0.0,0.0,0.0,0.0,0.0,48.5,48.5,48.5,48.5,48.5,48.5,,,,1,3,29,48.5,0.0,SAME,1.0
BPCL,2022-03-30,48.5,48.5,48.5,48.5,48.5,48.5,0.0,0.0,0.0,0.0,0.0,0.0,0.0,0.0,48.5,48.5,48.5,48.5000000013504,48.500007556530974,48.5034698826757,0.0,0.0,0.0,0.0,0.0,0.0,0.0,0.0,0.0,48.5,48.5,48.5,48.5,48.5,48.5,,,,2,3,30,48.5,0.0,SAME,1.0
BPCL,2022-03-31,48.5,48.5,48.5,48.5,48.5,48.5,0.0,0.0,0.0,0.0,0.0,0.0,0.0,0.0,48.5,48.5,48.5,48.5000000006752,48.500005037687316,48.50283899491648,0.0,0.0,0.0,0.0,0.0,0.0,0.0,0.0,0.0,48.5,48.5,48.5,48.5,48.5,48.5,,,,3,3,31,48.5,0.0,SAME,1.0
BPCL,2022-04-01,48.5,48.5,48.5,48.5,48.5,48.5,0.0,0.0,0.0,0.0,0.0,0.0,0.0,0.0,48.5,48.5,48.5,48.5000000003376,48.500003358458216,48.50232281402258,0.0,0.0,0.0,0.0,0.0,0.0,0.0,0.0,0.0,48.5,48.5,48.5,48.5,48.5,48.5,,,,4,4,1,48.5,0.0,SAME,1.0
BPCL,2022-04-04,48.5,48.5,48.5,48.5,48.5,48.5,0.0,0.0,0.0,0.0,0.0,0.0,0.0,0.0,48.5,48.5,48.5,48.5000000001688,48.500002238972144,48.50190048420029,0.0,0.0,0.0,0.0,0.0,0.0,0.0,0.0,0.0,48.5,48.5,48.5,48.5,48.5,48.5,,,,0,4,4,48.5,0.0,SAME,1.0
BPCL,2022-04-05,48.5,48.5,48.5,48.5,48.5,48.5,0.0,0.0,0.0,0.0,0.0,0.0,0.0,0.0,48.5,48.5,48.5,48.5000000000844,48.500001492648096,48.501554941618416,0.0,0.0,0.0,0.0,0.0,0.0,0.0,0.0,0.0,48.5,48.5,48.5,48.5,48.5,48.5,,,,1,4,5,48.5,0.0,SAME,1.0
BPCL,2022-04-06,48.5,48.5,48.5,48.5,48.5,48.5,0.0,0.0,0.0,0.0,0.0,0.0,0.0,0.0,48.5,48.5,48.5,48.5000000000422,48.50000099509873,48.50127222496052,0.0,0.0,0.0,0.0,0.0,0.0,0.0,0.0,0.0,48.5,48.5,48.5,48.5,48.5,48.5,,,,2,4,6,48.5,0.0,SAME,1.0
BPCL,2022-04-07,48.5,48.5,48.5,48.5,48.5,48.5,0.0,0.0,0.0,0.0,0.0,0.0,0.0,0.0,48.5,48.5,48.5,48.5000000000211,48.500000663399156,48.50104091133134,0.0,0.0,0.0,0.0,0.0,0.0,0.0,0.0,0.0,48.5,48.5,48.5,48.5,48.5,48.5,,,,3,4,7,48.5,0.0,SAME,1.0
BPCL,2022-04-08,48.5,48.5,48.5,48.5,48.5,48.5,0.0,0.0,0.0,0.0,0.0,0.0,0.0,0.0,48.5,48.5,48.5,48.50000000001055,48.500000442266106,48.500851654725636,0.0,0.0,0.0,0.0,0.0,0.0,0.0,0.0,0.0,48.5,48.5,48.5,48.5,48.5,48.5,,,,4,4,8,48.5,0.0,SAME,1.0
BPCL,2022-04-11,48.5,48.5,48.5,48.5,48.5,48.5,0.0,0.0,0.0,0.0,0.0,0.0,0.0,0.0,48.5,48.5,48.5,48.50000000000527,48.50000029484407,48.50069680841188,0.0,0.0,0.0,0.0,0.0,0.0,0.0,0.0,0.0,48.5,48.5,48.5,48.5,48.5,48.5,,,,0,4,11,48.5,0.0,SAME,1.0
BPCL,2022-04-12,48.5,48.5,48.5,48.5,48.5,48.5,0.0,0.0,0.0,0.0,0.0,0.0,0.0,0.0,48.5,48.5,48.5,48.500000000002636,48.500000196562716,48.50057011597335,0.0,0.0,0.0,0.0,0.0,0.0,0.0,0.0,0.0,48.5,48.5,48.5,48.5,48.5,48.5,,,,1,4,12,48.5,0.0,SAME,1.0
BPCL,2022-04-13,48.5,48.5,48.5,48.5,48.5,48.5,0.0,0.0,0.0,0.0,0.0,0.0,0.0,0.0,48.5,48.5,48.5,48.50000000000132,48.500000131041816,48.500466458523654,0.0,0.0,0.0,0.0,0.0,0.0,0.0,0.0,0.0,48.5,48.5,48.5,48.5,48.5,48.5,,,,2,4,13,48.5,0.0,SAME,1.0
BPCL,2022-04-14,48.5,48.5,48.5,48.5,48.5,48.5,0.0,0.0,0.0,0.0,0.0,0.0,0.0,0.0,48.5,48.5,48.5,48.50000000000066,48.500000087361215,48.50038164788299,0.0,0.0,0.0,0.0,0.0,0.0,0.0,0.0,0.0,48.5,48.5,48.5,48.5,48.5,48.5,,,,3,4,14,48.5,0.0,SAME,1.0
BPCL,2022-04-15,48.5,48.5,48.5,48.5,48.5,48.5,0.0,0.0,0.0,0.0,0.0,0.0,0.0,0.0,48.5,48.5,48.5,48.50000000000033,48.500000058240815,48.50031225735881,0.0,0.0,0.0,0.0,0.0,0.0,0.0,0.0,0.0,48.5,48.5,48.5,48.5,48.5,48.5,,,,4,4,15,48.5,0.0,SAME,1.0
BPCL,2022-04-18,48.5,48.5,48.5,48.5,48.5,48.5,0.0,0.0,0.0,0.0,0.0,0.0,0.0,0.0,48.5,48.5,48.5,48.50000000000016,48.50000003882721,48.50025548329357,0.0,0.0,0.0,0.0,0.0,0.0,0.0,0.0,0.0,48.5,48.5,48.5,48.5,48.5,48.5,,,,0,4,18,48.5,0.0,SAME,1.0
BPCL,2022-04-19,48.5,48.5,48.5,48.5,48.5,48.5,0.0,0.0,0.0,0.0,0.0,0.0,0.0,0.0,48.5,48.5,48.5,48.500000000000085,48.50000002588481,48.50020903178565,0.0,0.0,0.0,0.0,0.0,0.0,0.0,0.0,0.0,48.5,48.5,48.5,48.5,48.5,48.5,,,,1,4,19,48.5,0.0,SAME,1.0
BPCL,2022-04-20,48.5,48.5,48.5,48.5,48.5,48.5,0.0,0.0,0.0,0.0,0.0,0.0,0.0,0.0,48.5,48.5,48.5,48.50000000000004,48.50000001725654,48.50017102600644,0.0,0.0,0.0,0.0,0.0,0.0,0.0,0.0,0.0,48.5,48.5,48.5,48.5,48.5,48.5,,,,2,4,20,48.5,0.0,SAME,1.0
BPCL,2022-04-21,48.5,48.5,48.5,48.5,48.5,48.5,0.0,0.0,0.0,0.0,0.0,0.0,0.0,0.0,48.5,48.5,48.5,48.50000000000002,48.50000001150436,48.5001399303689,0.0,0.0,0.0,0.0,0.0,0.0,0.0,0.0,0.0,48.5,48.5,48.5,48.5,48.5,48.5,,,,3,4,21,48.5,0.0,SAME,1.0
BPCL,2022-04-22,48.5,48.5,48.5,48.5,48.5,48.5,0.0,0.0,0.0,0.0,0.0,0.0,0.0,0.0,48.5,48.5,48.5,48.500000000000014,48.50000000766958,48.500114488483646,0.0,0.0,0.0,0.0,0.0,0.0,0.0,0.0,0.0,48.5,48.5,48.5,48.5,48.5,48.5,,,,4,4,22,48.5,0.0,SAME,1.0
BPCL,2022-04-25,48.5,48.5,48.5,48.5,48.5,48.5,0.0,0.0,0.0,0.0,0.0,0.0,0.0,0.0,48.5,48.5,48.5,48.50000000000001,48.50000000511305,48.50009367239571,0.0,0.0,0.0,0.0,0.0,0.0,0.0,0.0,0.0,48.5,48.5,48.5,48.5,48.5,48.5,,,,0,4,25,48.5,0.0,SAME,1.0
BPCL,2022-04-26,48.5,48.5,48.5,48.5,48.5,48.5,0.0,0.0,0.0,0.0,0.0,0.0,0.0,0.0,48.5,48.5,48.5,48.5,48.5000000034087,48.50007664105103,0.0,0.0,0.0,0.0,0.0,0.0,0.0,0.0,0.0,48.5,48.5,48.5,48.5,48.5,48.5,,,,1,4,26,48.5,0.0,SAME,1.0
BPCL,2022-04-27,48.5,48.5,48.5,48.5,48.5,48.5,0.0,0.0,0.0,0.0,0.0,0.0,0.0,0.0,48.5,48.5,48.5,48.5,48.50000000227247,48.50006270631448,0.0,0.0,0.0,0.0,0.0,0.0,0.0,0.0,0.0,48.5,48.5,48.5,48.5,48.5,48.5,,,,2,4,27,48.5,0.0,SAME,1.0
BPCL,2022-04-28,48.5,48.5,48.5,48.5,48.5,48.5,0.0,0.0,0.0,0.0,0.0,0.0,0.0,0.0,48.5,48.5,48.5,48.5,48.500000001514984,48.500051305166394,0.0,0.0,0.0,0.0,0.0,0.0,0.0,0.0,0.0,48.5,48.5,48.5,48.5,48.5,48.5,,,,3,4,28,48.5,0.0,SAME,1.0
BPCL,2022-04-29,48.5,48.5,48.5,48.5,48.5,48.5,0.0,0.0,0.0,0.0,0.0,0.0,0.0,0.0,48.5,48.5,48.5,48.5,48.500000001009994,48.50004197695432,0.0,0.0,0.0,0.0,0.0,0.0,0.0,0.0,0.0,48.5,48.5,48.5,48.5,48.5,48.5,,,,4,4,29,50.9,2.3999999999999986,UP,2.0
BPCL,2022-05-03,50.9,48.5,48.5,48.5,48.5,48.5,2.3999999999999986,2.3999999999999986,2.3999999999999986,0.04948453608247427,0.04948453608247427,0.04948453608247427,0.04829912561303959,0.04829912561303959,49.300000000000004,48.980000000000004,48.739999999999995,49.7,49.300000000673336,48.93639798114444,0.028569910227944202,0.022130157303090734,0.015648384297740865,2.3999999999999986,0.0494845360824742,2.3999999999999986,0.0494845360824742,2.3999999999999986,0.0494845360824742,48.5,50.9,48.5,50.9,48.5,50.9,1.0,1.0,1.0,1,5,3,50.9,0.0,SAME,1.0
BPCL,2022-05-04,50.9,50.9,48.5,48.5,48.5,48.5,0.0,2.3999999999999986,2.3999999999999986,0.0,0.04948453608247427,0.04948453608247427,0.0,0.04829912561303959,50.1,49.46,48.98,50.3,49.83333333378222,49.29341653002726,0.028569910227944202,0.022130157303090734,0.015648384297740865,2.3999999999999986,0.0494845360824742,2.3999999999999986,0.0494845360824742,2.3999999999999986,0.0494845360824742,48.5,50.9,48.5,50.9,48.5,50.9,1.0,1.0,1.0,2,5,4,50.0,-0.8999999999999986,DOWN,0.0
BPCL,2022-05-05,50.0,50.9,50.9,48.5,48.5,48.5,-0.8999999999999986,-0.8999999999999986,1.5,-0.017681728880157177,-0.017681728880157177,0.030927835051546282,-0.017839918128331005,-0.017839918128331005,50.6,49.760000000000005,49.129999999999995,50.15,49.88888888918815,49.42188625184048,0.034815394096387973,0.025293670840249412,0.01719244340754399,1.5,0.030927835051546393,1.5,0.030927835051546393,1.5,0.030927835051546393,50.0,50.9,48.5,50.9,48.5,50.9,0.0,0.6250000000000003,0.6250000000000003,3,5,5,50.0,0.0,SAME,1.0
BPCL,2022-05-06,50.0,50.0,50.9,50.9,48.5,48.5,0.0,-0.8999999999999986,-0.8999999999999986,0.0,-0.017681728880157177,-0.017681728880157177,0.0,-0.017839918128331005,50.300000000000004,50.06,49.279999999999994,50.075,49.92592592612544,49.52699784241494,0.010208550928707585,0.025293670840249412,0.01719244340754399,-0.8999999999999986,-0.017681728880157142,1.5,0.030927835051546393,1.5,0.030927835051546393,50.0,50.9,48.5,50.9,48.5,50.9,0.0,0.6250000000000003,0.6250000000000003,4,5,6,50.9,0.8999999999999986,UP,2.0
BPCL,2022-05-09,50.9,50.0,50.0,50.9,48.5,48.5,0.8999999999999986,0.8999999999999986,0.0,0.018000000000000016,0.018000000000000016,0.0,0.017839918128331016,0.017839918128331016,50.29999999999999,50.54,49.519999999999996,50.4875,50.25061728408363,49.7766345983395,0.017841101012688664,0.02544257714168737,0.017755533994805,0.0,0.0,2.3999999999999986,0.0494845360824742,2.3999999999999986,0.0494845360824742,50.0,50.9,50.0,50.9,48.5,50.9,1.0,1.0,1.0,0,5,9,53.4,2.5,UP,2.0
BPCL,2022-05-10,53.4,50.9,50.0,50.0,50.9,48.5,2.5,3.3999999999999986,3.3999999999999986,0.04911591355599221,0.06800000000000006,0.06800000000000006,0.04794782240967216,0.06578774053800315,51.43333333333333,51.04,50.010000000000005,51.943749999999994,51.30041152272242,50.435428307732316,0.024848115424397303,0.025299549293011984,0.022408442060682945,3.3999999999999986,0.06799999999999998,2.5,0.049115913555992145,4.899999999999999,0.10103092783505152,50.0,53.4,50.0,53.4,48.5,53.4,1.0,1.0,1.0,1,5,10,53.4,0.0,SAME,1.0
BPCL,2022-05-12,53.4,53.4,50.9,50.0,50.9,48.5,0.0,2.5,3.3999999999999986,0.0,0.04911591355599221,0.06800000000000006,0.0,0.04794782240967216,52.56666666666666,51.54,50.5,52.671875,52.00027434848162,50.97444134269008,0.024848115424397303,0.025299549293011984,0.022408442060682945,3.3999999999999986,0.06799999999999998,2.5,0.049115913555992145,4.899999999999999,0.10103092783505152,50.9,53.4,50.0,53.4,48.5,53.4,1.0,1.0,1.0,3,5,12,55.0,1.6000000000000014,UP,2.0
BPCL,2022-05-13,55.0,53.4,53.4,50.9,50.0,48.5,1.6000000000000014,1.6000000000000014,4.100000000000001,0.029962546816479474,0.029962546816479474,0.08055009823182724,0.029522439266321834,0.029522439266321834,53.93333333333334,52.54,51.15,53.8359375,53.000182898987745,51.70636109856461,0.024755398850988198,0.020912207454687283,0.022935784535888192,4.100000000000001,0.08055009823182714,5.0,0.1,6.5,0.13402061855670103,53.4,55.0,50.0,55.0,48.5,55.0,1.0,1.0,1.0,4,5,13,55.0,0.0,SAME,1.0
BPCL,2022-05-16,55.0,55.0,53.4,53.4,50.0,48.5,0.0,1.6000000000000014,1.6000000000000014,0.0,0.029962546816479474,0.029962546816479474,0.0,0.029522439266321834,54.46666666666666,53.54,51.8,54.41796875,53.66678859932517,52.30520453518922,0.017298884470107648,0.020912207454687283,0.022935784535888192,1.6000000000000014,0.02996254681647943,5.0,0.1,6.5,0.13402061855670103,53.4,55.0,50.9,55.0,48.5,55.0,1.0,1.0,1.0,0,5,16,52.5,-2.5,DOWN,0.0
BPCL,2022-05-17,52.5,55.0,55.0,53.4,50.9,48.5,-2.5,-2.5,-0.8999999999999986,-0.045454545454545414,-0.045454545454545414,-0.016853932584269593,-0.04652001563489282,-0.04652001563489282,54.166666666666664,53.86,52.2,53.458984375,53.277859066216784,52.34062189242754,0.037972814224623626,0.03588220083748756,0.02937422136985105,-0.8999999999999986,-0.016853932584269638,1.6000000000000014,0.031434184675834996,4.0,0.08247422680412371,52.5,55.0,52.5,55.0,50.0,55.0,0.0,0.0,0.5,1,5,17,52.25,-0.25,DOWN,0.0
BPCL,2022-05-18,52.25,52.5,55.0,55.0,53.4,50.9,-0.25,-2.75,-2.75,-0.004761904761904745,-0.050000000000000044,-0.050000000000000044,-0.00477327875265766,-0.05129329438755058,53.25,53.629999999999995,52.335,52.8544921875,52.935239377477856,52.32414518471344,0.024982268531842287,0.026946713763386084,0.02571297396315257,-2.75,-0.05,-1.1499999999999986,-0.021535580524344542,1.3500000000000014,0.026522593320235786,52.25,55.0,52.25,55.0,50.0,55.0,0.0,0.0,0.45,2,5,18,52.25,0.0,SAME,1.0
BPCL,2022-05-19,52.25,52.25,52.5,55.0,53.4,50.9,0.0,-0.25,-2.75,0.0,-0.004761904761904745,-0.050000000000000044,0.0,-0.00477327875265766,52.333333333333336,53.4,52.470000000000006,52.55224609375,52.706826251651904,52.310664242038264,0.024982268531842287,0.026946713763386084,0.02571297396315257,-2.75,-0.05,-1.1499999999999986,-0.021535580524344542,1.3500000000000014,0.026522593320235786,52.25,52.5,52.25,55.0,50.0,55.0,0.0,0.0,0.45,3,5,19,52.25,0.0,SAME,1.0
BPCL,2022-05-20,52.25,52.25,52.25,52.5,55.0,50.0,0.0,0.0,-0.25,0.0,0.0,-0.004761904761904745,0.0,0.0,52.25,52.85,52.69500000000001,52.401123046875,52.55455083443461,52.299634379849486,0.0027492869961814517,0.01990259446009832,0.024728107749918068,-0.25,-0.004761904761904762,-2.75,-0.05,2.25,0.045,52.25,52.25,52.25,55.0,50.0,55.0,,0.0,0.45,4,5,20,52.25,0.0,SAME,1.0
BPCL,2022-05-23,52.25,52.25,52.25,52.25,55.0,50.0,0.0,0.0,0.0,0.0,0.0,0.0,0.0,0.0,52.25,52.3,52.92,52.3255615234375,52.45303388962307,52.290609947149576,0.0,0.01990259446009832,0.024728107749918068,0.0,0.0,-2.75,-0.05,2.25,0.045,52.25,52.25,52.25,52.5,50.9,55.0,,0.0,0.32926829268292707,0,5,23,52.25,0.0,SAME,1.0
BPCL,2022-05-24,52.25,52.25,52.25,52.25,52.5,50.9,0.0,0.0,0.0,0.0,0.0,0.0,0.0,0.0,52.25,52.25,53.05499999999999,52.28778076171875,52.385355926415386,52.2832263203951,0.0,0.002129588549999895,0.024302759451427867,0.0,0.0,-0.25,-0.004761904761904762,1.3500000000000014,0.026522593320235786,52.25,52.25,52.25,52.25,52.25,55.0,,,0.0,1,5,24,52.25,0.0,SAME,1.0
BPCL,2022-05-25,52.25,52.25,52.25,52.25,52.25,53.4,0.0,0.0,0.0,0.0,0.0,0.0,0.0,0.0,52.25,52.25,52.94,52.268890380859375,52.340237284276924,52.277185171232354,0.0,0.0,0.018090892708386284,0.0,0.0,0.0,0.0,-1.1499999999999986,-0.021535580524344542,52.25,52.25,52.25,52.25,52.25,55.0,,,0.0,2,5,25,54.0,1.75,UP,2.0
BPCL,2022-05-26,54.0,52.25,52.25,52.25,52.25,53.4,1.75,1.75,1.75,0.03349282296650724,0.03349282296650724,0.03349282296650724,0.03294415571935406,0.03294415571935406,52.833333333333336,52.6,53.0,53.13444519042969,52.893491522851285,52.590424231008285,0.01933709035563921,0.01497844578229528,0.02131975594582927,1.75,0.03349282296650718,1.75,0.03349282296650718,0.6000000000000014,0.011235955056179803,52.25,54.0,52.25,54.0,52.25,55.0,1.0,1.0,0.6363636363636364,3,5,26,54.0,0.0,SAME,1.0
BPCL,2022-05-27,54.0,54.0,52.25,52.25,52.25,55.0,0.0,1.75,1.75,0.0,0.03349282296650724,0.03349282296650724,0.0,0.03294415571935406,53.416666666666664,52.95,52.9,53.567222595214844,53.262327681900864,52.846710734461325,0.01933709035563921,0.01497844578229528,0.018804824023127678,1.75,0.03349282296650718,1.75,0.03349282296650718,-1.0,-0.01818181818181818,52.25,54.0,52.25,54.0,52.25,55.0,1.0,1.0,0.6363636363636364,4,5,27,54.0,0.0,SAME,1.0
BPCL,2022-05-30,54.0,54.0,54.0,52.25,52.25,55.0,0.0,0.0,1.75,0.0,0.0,0.03349282296650724,0.0,0.0,54.0,53.3,52.8,53.78361129760742,53.50821845460058,53.05639969183199,0.01933709035563921,0.01497844578229528,0.018804824023127678,1.75,0.03349282296650718,1.75,0.03349282296650718,-1.0,-0.01818181818181818,54.0,54.0,52.25,54.0,52.25,54.0,,1.0,1.0,0,5,30,54.0,0.0,SAME,1.0
BPCL,2022-05-31,54.0,54.0,54.0,54.0,52.25,52.5,0.0,0.0,0.0,0.0,0.0,0.0,0.0,0.0,54.0,53.65,52.95,53.89180564880371,53.672145636400394,53.22796338422617,0.0,0.01497844578229528,0.010862260666788826,0.0,0.0,1.75,0.03349282296650718,1.5,0.02857142857142857,54.0,54.0,52.25,54.0,52.25,54.0,,1.0,1.0,1,5,31,54.0,0.0,SAME,1.0
BPCL,2022-06-01,54.0,54.0,54.0,54.0,52.25,52.25,0.0,0.0,0.0,0.0,0.0,0.0,0.0,0.0,54.0,54.0,53.125,53.945902824401855,53.78143042426694,53.36833367800323,0.0,0.01497844578229528,0.010591360584296649,0.0,0.0,1.75,0.03349282296650718,1.75,0.03349282296650718,54.0,54.0,54.0,54.0,52.25,54.0,,,1.0,2,6,1,54.0,0.0,SAME,1.0
BPCL,2022-06-02,54.0,54.0,54.0,54.0,54.0,52.25,0.0,0.0,0.0,0.0,0.0,0.0,0.0,0.0,54.0,54.0,53.3,53.97295141220093,53.8542869495113,53.483182100184465,0.0,0.0,0.010591360584296649,0.0,0.0,0.0,0.0,1.75,0.03349282296650718,54.0,54.0,54.0,54.0,52.25,54.0,,,1.0,3,6,2,54.0,0.0,SAME,1.0
BPCL,2022-06-03,54.0,54.0,54.0,54.0,54.0,52.25,0.0,0.0,0.0,0.0,0.0,0.0,0.0,0.0,54.0,54.0,53.475,53.986475706100464,53.90285796634087,53.577148991060014,0.0,0.0,0.010591360584296649,0.0,0.0,0.0,0.0,1.75,0.03349282296650718,54.0,54.0,54.0,54.0,52.25,54.0,,,1.0,4,6,3,54.5,0.5,UP,2.0
BPCL,2022-06-06,54.5,54.0,54.0,54.0,54.0,52.25,0.5,0.5,0.5,0.0092592592592593,0.0092592592592593,0.0092592592592593,0.009216655104924048,0.009216655104924048,54.166666666666664,54.1,53.7,54.24323785305023,54.10190531089391,53.74494008359456,0.005345835825850714,0.004140866624999671,0.010670462964194518,0.5,0.009259259259259259,0.5,0.009259259259259259,2.25,0.0430622009569378,54.0,54.5,54.0,54.5,52.25,54.5,1.0,1.0,1.0,0,6,6,52.0,-2.5,DOWN,0.0
BPCL,2022-06-07,52.0,54.5,54.0,54.0,54.0,52.25,-2.5,-2.0,-2.0,-0.04587155963302747,-0.03703703703703709,-0.03703703703703709,-0.04695698308777098,-0.037740327982847086,53.5,53.7,53.675,53.121618926525116,53.40127020726261,53.427678250213724,0.029522141569032625,0.021919407824259142,0.019179647608664786,-2.0,-0.037037037037037035,-2.0,-0.037037037037037035,-0.25,-0.004784688995215311,52.0,54.5,52.0,54.5,52.0,54.5,0.0,0.0,0.0,1,6,7,52.0,0.0,SAME,1.0
BPCL,2022-06-08,52.0,52.0,54.5,54.0,54.0,52.25,0.0,-2.5,-2.0,0.0,-0.04587155963302747,-0.03703703703703709,0.0,-0.04695698308777098,52.833333333333336,53.3,53.65,52.56080946326256,52.93418013817508,53.1681003865385,0.029522141569032625,0.021919407824259142,0.019179647608664786,-2.0,-0.037037037037037035,-2.0,-0.037037037037037035,-0.25,-0.004784688995215311,52.0,54.5,52.0,54.5,52.0,54.5,0.0,0.0,0.0,2,6,8,52.0,0.0,SAME,1.0
BPCL,2022-06-09,52.0,52.0,52.0,54.5,54.0,54.0,0.0,0.0,-2.5,0.0,0.0,-0.04587155963302747,0.0,0.0,52.0,52.9,53.45,52.28040473163128,52.62278675878339,52.95571849807695,0.02648395730228055,0.021919407824259142,0.01511396635687518,-2.5,-0.045871559633027525,-2.0,-0.037037037037037035,-2.0,-0.037037037037037035,52.0,52.0,52.0,54.5,52.0,54.5,,0.0,0.0,3,6,9,52.0,0.0,SAME,1.0
BPCL,2022-06-10,52.0,52.0,52.0,52.0,54.0,54.0,0.0,0.0,0.0,0.0,0.0,0.0,0.0,0.0,52.0,52.5,53.25,52.14020236581564,52.41519117252227,52.78195149842659,0.0,0.021919407824259142,0.01511396635687518,0.0,0.0,-2.0,-0.037037037037037035,-2.0,-0.037037037037037035,52.0,52.0,52.0,54.5,52.0,54.5,,0.0,0.0,4,6,10,52.0,0.0,SAME,1.0
BPCL,2022-06-13,52.0,52.0,52.0,52.0,54.5,54.0,0.0,0.0,0.0,0.0,0.0,0.0,0.0,0.0,52.0,52.0,53.05,52.07010118290782,52.27679411501485,52.63977849871266,0.0,0.020514385114676962,0.01511396635687518,0.0,0.0,-2.5,-0.045871559633027525,-2.0,-0.037037037037037035,52.0,52.0,52.0,52.0,52.0,54.5,,,0.0,0,6,13,50.0,-2.0,DOWN,0.0
BPCL,2022-06-15,50.0,52.0,52.0,52.0,52.0,54.0,-2.0,-2.0,-2.0,-0.038461538461538436,-0.038461538461538436,-0.038461538461538436,-0.03922071315328127,-0.03922071315328127,51.333333333333336,51.6,52.65,51.03505059145391,51.51786274334324,52.15981877167399,0.022205779584221336,0.01720052290384454,0.018576017029965572,-2.0,-0.038461538461538464,-2.0,-0.038461538461538464,-4.0,-0.07407407407407407,50.0,52.0,50.0,52.0,50.0,54.5,0.0,0.0,0.0,2,6,15,50.0,0.0,SAME,1.0
BPCL,2022-06-16,50.0,50.0,52.0,52.0,52.0,54.0,0.0,-2.0,-2.0,0.0,-0.038461538461538436,-0.038461538461538436,0.0,-0.03922071315328127,50.666666666666664,51.2,52.25,50.517525295726955,51.01190849556216,51.767124449551446,0.022205779584221336,0.01720052290384454,0.018576017029965572,-2.0,-0.038461538461538464,-2.0,-0.038461538461538464,-4.0,-0.07407407407407407,50.0,52.0,50.0,52.0,50.0,54.5,0.0,0.0,0.0,3,6,16,50.0,0.0,SAME,1.0
BPCL,2022-06-17,50.0,50.0,50.0,52.0,52.0,54.0,0.0,0.0,-2.0,0.0,0.0,-0.038461538461538436,0.0,0.0,50.0,50.8,51.85,50.25876264786348,50.67460566370811,51.44582909508755,0.022205779584221336,0.01720052290384454,0.018576017029965572,-2.0,-0.038461538461538464,-2.0,-0.038461538461538464,-4.0,-0.07407407407407407,50.0,50.0,50.0,52.0,50.0,54.5,,0.0,0.0,4,6,17,50.0,0.0,SAME,1.0
BPCL,2022-06-20,50.0,50.0,50.0,50.0,52.0,54.0,0.0,0.0,0.0,0.0,0.0,0.0,0.0,0.0,50.0,50.4,51.45,50.12938132393174,50.44973710913874,51.182951077798904,0.0,0.01720052290384454,0.018576017029965572,0.0,0.0,-2.0,-0.038461538461538464,-4.0,-0.07407407407407407,50.0,50.0,50.0,52.0,50.0,54.5,,0.0,0.0,0,6,20,50.0,0.0,SAME,1.0
BPCL,2022-06-21,50.0,50.0,50.0,50.0,52.0,54.5,0.0,0.0,0.0,0.0,0.0,0.0,0.0,0.0,50.0,50.0,51.0,50.06469066196587,50.29982473942583,50.96786906365365,0.0,0.01720052290384454,0.017864560760754333,0.0,0.0,-2.0,-0.038461538461538464,-4.5,-0.08256880733944955,50.0,50.0,50.0,50.0,50.0,52.0,,,0.0,1,6,21,50.0,0.0,SAME,1.0
BPCL,2022-06-22,50.0,50.0,50.0,50.0,50.0,52.0,0.0,0.0,0.0,0.0,0.0,0.0,0.0,0.0,50.0,50.0,50.8,50.032345330982935,50.19988315961722,50.791892870262075,0.0,0.0,0.012162606385263541,0.0,0.0,0.0,0.0,-2.0,-0.038461538461538464,50.0,50.0,50.0,50.0,50.0,52.0,,,0.0,2,6,22,50.0,0.0,SAME,1.0
BPCL,2022-06-23,50.0,50.0,50.0,50.0,50.0,52.0,0.0,0.0,0.0,0.0,0.0,0.0,0.0,0.0,50.0,50.0,50.6,50.01617266549147,50.133255439744815,50.64791234839624,0.0,0.0,0.012162606385263541,0.0,0.0,0.0,0.0,-2.0,-0.038461538461538464,50.0,50.0,50.0,50.0,50.0,52.0,,,0.0,3,6,23,50.0,0.0,SAME,1.0
BPCL,2022-06-24,50.0,50.0,50.0,50.0,50.0,52.0,0.0,0.0,0.0,0.0,0.0,0.0,0.0,0.0,50.0,50.0,50.4,50.008086332745734,50.08883695982988,50.530110103233284,0.0,0.0,0.012162606385263541,0.0,0.0,0.0,0.0,-2.0,-0.038461538461538464,50.0,50.0,50.0,50.0,50.0,52.0,,,0.0,4,6,24,50.0,0.0,SAME,1.0
BPCL,2022-06-27,50.0,50.0,50.0,50.0,50.0,52.0,0.0,0.0,0.0,0.0,0.0,0.0,0.0,0.0,50.0,50.0,50.2,50.00404316637287,50.05922463988659,50.43372644809996,0.0,0.0,0.012162606385263541,0.0,0.0,0.0,0.0,-2.0,-0.038461538461538464,50.0,50.0,50.0,50.0,50.0,52.0,,,0.0,0,6,27,50.0,0.0,SAME,1.0
BPCL,2022-06-28,50.0,50.0,50.0,50.0,50.0,52.0,0.0,0.0,0.0,0.0,0.0,0.0,0.0,0.0,50.0,50.0,50.0,50.00202158318643,50.03948309325773,50.35486709389997,0.0,0.0,0.012162606385263541,0.0,0.0,0.0,0.0,-2.0,-0.038461538461538464,50.0,50.0,50.0,50.0,50.0,50.0,,,,1,6,28,48.0,-2.0,DOWN,0.0
BPCL,2022-06-29,48.0,50.0,50.0,50.0,50.0,50.0,-2.0,-2.0,-2.0,-0.040000000000000036,-0.040000000000000036,-0.040000000000000036,-0.040821994520255166,-0.040821994520255166,49.333333333333336,49.6,49.8,49.00101079159322,49.35965539550516,49.926709440463604,0.023094010767589834,0.01788854381999835,0.012649110640674057,-2.0,-0.04,-2.0,-0.04,-2.0,-0.04,48.0,50.0,48.0,50.0,48.0,50.0,0.0,0.0,0.0,2,6,29,48.0,0.0,SAME,1.0
BPCL,2022-06-30,48.0,48.0,50.0,50.0,50.0,50.0,0.0,-2.0,-2.0,0.0,-0.040000000000000036,-0.040000000000000036,0.0,-0.040821994520255166,48.666666666666664,49.2,49.6,48.50050539579661,48.906436930336774,49.57639863310658,0.023094010767589834,0.01788854381999835,0.012649110640674057,-2.0,-0.04,-2.0,-0.04,-2.0,-0.04,48.0,50.0,48.0,50.0,48.0,50.0,0.0,0.0,0.0,3,6,30,48.0,0.0,SAME,1.0
BPCL,2022-07-01,48.0,48.0,48.0,50.0,50.0,50.0,0.0,0.0,-2.0,0.0,0.0,-0.040000000000000036,0.0,0.0,48.0,48.8,49.4,48.250252697898304,48.60429128689119,49.28978069981447,0.023094010767589834,0.01788854381999835,0.012649110640674057,-2.0,-0.04,-2.0,-0.04,-2.0,-0.04,48.0,48.0,48.0,50.0,48.0,50.0,,0.0,0.0,4,7,1,48.0,0.0,SAME,1.0
BPCL,2022-07-04,48.0,48.0,48.0,48.0,50.0,50.0,0.0,0.0,0.0,0.0,0.0,0.0,0.0,0.0,48.0,48.4,49.2,48.12512634894915,48.402860857927465,49.05527511803002,0.0,0.01788854381999835,0.012649110640674057,0.0,0.0,-2.0,-0.04,-2.0,-0.04,48.0,48.0,48.0,50.0,48.0,50.0,,0.0,0.0,0,7,4,48.0,0.0,SAME,1.0
BPCL,2022-07-05,48.0,48.0,48.0,48.0,50.0,50.0,0.0,0.0,0.0,0.0,0.0,0.0,0.0,0.0,48.0,48.0,49.0,48.062563174474576,48.26857390528498,48.86340691475183,0.0,0.01788854381999835,0.012649110640674057,0.0,0.0,-2.0,-0.04,-2.0,-0.04,48.0,48.0,48.0,48.0,48.0,50.0,,,0.0,1,7,5,48.0,0.0,SAME,1.0
BPCL,2022-07-06,48.0,48.0,48.0,48.0,48.0,50.0,0.0,0.0,0.0,0.0,0.0,0.0,0.0,0.0,48.0,48.0,48.8,48.03128158723729,48.17904927018999,48.7064238393424,0.0,0.0,0.012649110640674057,0.0,0.0,0.0,0.0,-2.0,-0.04,48.0,48.0,48.0,48.0,48.0,50.0,,,0.0,2,7,6,48.0,0.0,SAME,1.0
BPCL,2022-07-07,48.0,48.0,48.0,48.0,48.0,50.0,0.0,0.0,0.0,0.0,0.0,0.0,0.0,0.0,48.0,48.0,48.6,48.015640793618644,48.11936618012667,48.57798314128014,0.0,0.0,0.012649110640674057,0.0,0.0,0.0,0.0,-2.0,-0.04,48.0,48.0,48.0,48.0,48.0,50.0,,,0.0,3,7,7,48.0,0.0,SAME,1.0
BPCL,2022-07-08,48.0,48.0,48.0,48.0,48.0,50.0,0.0,0.0,0.0,0.0,0.0,0.0,0.0,0.0,48.0,48.0,48.4,48.00782039680932,48.079577453417784,48.47289529741102,0.0,0.0,0.012649110640674057,0.0,0.0,0.0,0.0,-2.0,-0.04,48.0,48.0,48.0,48.0,48.0,50.0,,,0.0,4,7,8,48.0,0.0,SAME,1.0
BPCL,2022-07-11,48.0,48.0,48.0,48.0,48.0,50.0,0.0,0.0,0.0,0.0,0.0,0.0,0.0,0.0,48.0,48.0,48.2,48.00391019840466,48.05305163561186,48.386914334245375,0.0,0.0,0.012649110640674057,0.0,0.0,0.0,0.0,-2.0,-0.04,48.0,48.0,48.0,48.0,48.0,50.0,,,0.0,0,7,11,48.0,0.0,SAME,1.0
BPCL,2022-07-12,48.0,48.0,48.0,48.0,48.0,50.0,0.0,0.0,0.0,0.0,0.0,0.0,0.0,0.0,48.0,48.0,48.0,48.001955099202334,48.035367757074575,48.316566273473484,0.0,0.0,0.012649110640674057,0.0,0.0,0.0,0.0,-2.0,-0.04,48.0,48.0,48.0,48.0,48.0,48.0,,,,1,7,12,48.0,0.0,SAME,1.0
BPCL,2022-07-13,48.0,48.0,48.0,48.0,48.0,48.0,0.0,0.0,0.0,0.0,0.0,0.0,0.0,0.0,48.0,48.0,48.0,48.00097754960117,48.02357850471639,48.25900876920557,0.0,0.0,0.0,0.0,0.0,0.0,0.0,0.0,0.0,48.0,48.0,48.0,48.0,48.0,48.0,,,,2,7,13,45.6,-2.3999999999999986,DOWN,0.0
BPCL,2022-07-14,45.6,48.0,48.0,48.0,48.0,48.0,-2.3999999999999986,-2.3999999999999986,-2.3999999999999986,-0.04999999999999993,-0.04999999999999993,-0.04999999999999993,-0.05129329438755046,-0.05129329438755046,47.199999999999996,47.519999999999996,47.760000000000005,46.800488774800584,47.21571900314426,47.77555262935001,0.02886751345948507,0.02236067977499788,0.015811388300842298,-2.3999999999999986,-0.04999999999999997,-2.3999999999999986,-0.04999999999999997,-2.3999999999999986,-0.04999999999999997,45.6,48.0,45.6,48.0,45.6,48.0,0.0,0.0,0.0,3,7,14,45.6,0.0,SAME,1.0
BPCL,2022-07-15,45.6,45.6,48.0,48.0,48.0,48.0,0.0,-2.3999999999999986,-2.3999999999999986,0.0,-0.04999999999999993,-0.04999999999999993,0.0,-0.05129329438755046,46.4,47.04,47.52,46.20024438740029,46.67714600209618,47.379997605831825,0.02886751345948507,0.02236067977499788,0.015811388300842298,-2.3999999999999986,-0.04999999999999997,-2.3999999999999986,-0.04999999999999997,-2.3999999999999986,-0.04999999999999997,45.6,48.0,45.6,48.0,45.6,48.0,0.0,0.0,0.0,4,7,15,45.6,0.0,SAME,1.0
BPCL,2022-07-18,45.6,45.6,45.6,48.0,48.0,48.0,0.0,0.0,-2.3999999999999986,0.0,0.0,-0.04999999999999993,0.0,0.0,45.6,46.56,47.28,45.90012219370014,46.318097334730794,47.056361677498764,0.02886751345948507,0.02236067977499788,0.015811388300842298,-2.3999999999999986,-0.04999999999999997,-2.3999999999999986,-0.04999999999999997,-2.3999999999999986,-0.04999999999999997,45.6,45.6,45.6,48.0,45.6,48.0,,0.0,0.0,0,7,18,45.6,0.0,SAME,1.0
BPCL,2022-07-19,45.6,45.6,45.6,45.6,48.0,48.0,0.0,0.0,0.0,0.0,0.0,0.0,0.0,0.0,45.6,46.08,47.040000000000006,45.750061096850075,46.0787315564872,46.791568645226256,0.0,0.02236067977499788,0.015811388300842298,0.0,0.0,-2.3999999999999986,-0.04999999999999997,-2.3999999999999986,-0.04999999999999997,45.6,45.6,45.6,48.0,45.6,48.0,,0.0,0.0,1,7,19,45.6,0.0,SAME,1.0
BPCL,2022-07-20,45.6,45.6,45.6,45.6,48.0,48.0,0.0,0.0,0.0,0.0,0.0,0.0,0.0,0.0,45.6,45.6,46.8,45.67503054842504,45.919154370991464,46.57491980063966,0.0,0.02236067977499788,0.015811388300842298,0.0,0.0,-2.3999999999999986,-0.04999999999999997,-2.3999999999999986,-0.04999999999999997,45.6,45.6,45.6,45.6,45.6,48.0,,,0.0,2,7,20,45.6,0.0,SAME,1.0
BPCL,2022-07-21,45.6,45.6,45.6,45.6,45.6,48.0,0.0,0.0,0.0,0.0,0.0,0.0,0.0,0.0,45.6,45.6,46.56,45.63751527421252,45.812769580660984,46.39766165506881,0.0,0.0,0.015811388300842298,0.0,0.0,0.0,0.0,-2.3999999999999986,-0.04999999999999997,45.6,45.6,45.6,45.6,45.6,48.0,,,0.0,3,7,21,45.6,0.0,SAME,1.0
BPCL,2022-07-22,45.6,45.6,45.6,45.6,45.6,48.0,0.0,0.0,0.0,0.0,0.0,0.0,0.0,0.0,45.6,45.6,46.32000000000001,45.618757637106256,45.74184638710733,46.25263226323811,0.0,0.0,0.015811388300842298,0.0,0.0,0.0,0.0,-2.3999999999999986,-0.04999999999999997,45.6,45.6,45.6,45.6,45.6,48.0,,,0.0,4,7,22,45.6,0.0,SAME,1.0
BPCL,2022-07-25,45.6,45.6,45.6,45.6,45.6,48.0,0.0,0.0,0.0,0.0,0.0,0.0,0.0,0.0,45.6,45.6,46.08,45.609378818553125,45.69456425807155,46.13397185174027,0.0,0.0,0.015811388300842298,0.0,0.0,0.0,0.0,-2.3999999999999986,-0.04999999999999997,45.6,45.6,45.6,45.6,45.6,48.0,,,0.0,0,7,25,44.0,-1.6000000000000014,DOWN,0.0
BPCL,2022-07-26,44.0,45.6,45.6,45.6,45.6,48.0,-1.6000000000000014,-1.6000000000000014,-1.6000000000000014,-0.03508771929824561,-0.03508771929824561,-0.03508771929824561,-0.03571808260207923,-0.03571808260207923,45.06666666666666,45.28,45.68,44.80468940927656,45.12970950538104,45.74597696960567,0.020257904182097584,0.0156917051052617,0.018279180774297087,-1.6000000000000014,-0.03508771929824565,-1.6000000000000014,-0.03508771929824565,-4.0,-0.08333333333333333,44.0,45.6,44.0,45.6,44.0,48.0,0.0,0.0,0.0,1,7,26,44.0,0.0,SAME,1.0
BPCL,2022-07-27,44.0,44.0,45.6,45.6,45.6,48.0,0.0,-1.6000000000000014,-1.6000000000000014,0.0,-0.03508771929824561,-0.03508771929824561,0.0,-0.03571808260207923,44.53333333333334,44.96,45.28,44.40234470463828,44.75313967025403,45.42852661149555,0.020257904182097584,0.0156917051052617,0.018279180774297087,-1.6000000000000014,-0.03508771929824565,-1.6000000000000014,-0.03508771929824565,-4.0,-0.08333333333333333,44.0,45.6,44.0,45.6,44.0,45.6,0.0,0.0,0.0,2,7,27,44.0,0.0,SAME,1.0
BPCL,2022-07-28,44.0,44.0,44.0,45.6,45.6,45.6,0.0,0.0,-1.6000000000000014,0.0,0.0,-0.03508771929824561,0.0,0.0,44.0,44.64,45.12,44.20117235231914,44.50209311350269,45.16879450031454,0.020257904182097584,0.0156917051052617,0.011095711088310702,-1.6000000000000014,-0.03508771929824565,-1.6000000000000014,-0.03508771929824565,-1.6000000000000014,-0.03508771929824565,44.0,44.0,44.0,45.6,44.0,45.6,,0.0,0.0,3,7,28,44.0,0.0,SAME,1.0
BPCL,2022-07-29,44.0,44.0,44.0,44.0,45.6,45.6,0.0,0.0,0.0,0.0,0.0,0.0,0.0,0.0,44.0,44.32000000000001,44.959999999999994,44.10058617615957,44.33472874233513,44.95628640934826,0.0,0.0156917051052617,0.011095711088310702,0.0,0.0,-1.6000000000000014,-0.03508771929824565,-1.6000000000000014,-0.03508771929824565,44.0,44.0,44.0,45.6,44.0,45.6,,0.0,0.0,4,7,29,44.0,0.0,SAME,1.0
BPCL,2022-08-02,44.0,44.0,44.0,44.0,45.6,45.6,0.0,0.0,0.0,0.0,0.0,0.0,0.0,0.0,44.0,44.0,44.8,44.05029308807978,44.22315249489009,44.78241615310312,0.0,0.0156917051052617,0.011095711088310702,0.0,0.0,-1.6000000000000014,-0.03508771929824565,-1.6000000000000014,-0.03508771929824565,44.0,44.0,44.0,44.0,44.0,45.6,,,0.0,1,8,2,44.0,0.0,SAME,1.0
BPCL,2022-08-03,44.0,44.0,44.0,44.0,44.0,45.6,0.0,0.0,0.0,0.0,0.0,0.0,0.0,0.0,44.0,44.0,44.64,44.02514654403989,44.148768329926725,44.64015867072073,0.0,0.0,0.011095711088310702,0.0,0.0,0.0,0.0,-1.6000000000000014,-0.03508771929824565,44.0,44.0,44.0,44.0,44.0,45.6,,,0.0,2,8,3,44.0,0.0,SAME,1.0
BPCL,2022-08-04,44.0,44.0,44.0,44.0,44.0,45.6,0.0,0.0,0.0,0.0,0.0,0.0,0.0,0.0,44.0,44.0,44.48,44.01257327201995,44.09917888661782,44.52376618513514,0.0,0.0,0.011095711088310702,0.0,0.0,0.0,0.0,-1.6000000000000014,-0.03508771929824565,44.0,44.0,44.0,44.0,44.0,45.6,,,0.0,3,8,4,44.0,0.0,SAME,1.0
BPCL,2022-08-05,44.0,44.0,44.0,44.0,44.0,45.6,0.0,0.0,0.0,0.0,0.0,0.0,0.0,0.0,44.0,44.0,44.32,44.006286636009975,44.066119257745214,44.42853596965602,0.0,0.0,0.011095711088310702,0.0,0.0,0.0,0.0,-1.6000000000000014,-0.03508771929824565,44.0,44.0,44.0,44.0,44.0,45.6,,,0.0,4,8,5,44.0,0.0,SAME,1.0
BPCL,2022-08-08,44.0,44.0,44.0,44.0,44.0,45.6,0.0,0.0,0.0,0.0,0.0,0.0,0.0,0.0,44.0,44.0,44.16,44.00314331800499,44.04407950516348,44.35062033880946,0.0,0.0,0.011095711088310702,0.0,0.0,0.0,0.0,-1.6000000000000014,-0.03508771929824565,44.0,44.0,44.0,44.0,44.0,45.6,,,0.0,0,8,8,44.0,0.0,SAME,1.0
BPCL,2022-08-09,44.0,44.0,44.0,44.0,44.0,45.6,0.0,0.0,0.0,0.0,0.0,0.0,0.0,0.0,44.0,44.0,44.0,44.001571659002494,44.02938633677566,44.28687118629865,0.0,0.0,0.011095711088310702,0.0,0.0,0.0,0.0,-1.6000000000000014,-0.03508771929824565,44.0,44.0,44.0,44.0,44.0,44.0,,,,1,8,9,44.0,0.0,SAME,1.0
BPCL,2022-08-10,44.0,44.0,44.0,44.0,44.0,44.0,0.0,0.0,0.0,0.0,0.0,0.0,0.0,0.0,44.0,44.0,44.0,44.00078582950125,44.019590891183775,44.2347127887898,0.0,0.0,0.0,0.0,0.0,0.0,0.0,0.0,0.0,44.0,44.0,44.0,44.0,44.0,44.0,,,,2,8,10,44.0,0.0,SAME,1.0
BPCL,2022-08-11,44.0,44.0,44.0,44.0,44.0,44.0,0.0,0.0,0.0,0.0,0.0,0.0,0.0,0.0,44.0,44.0,44.0,44.00039291475062,44.01306059412252,44.19203773628256,0.0,0.0,0.0,0.0,0.0,0.0,0.0,0.0,0.0,44.0,44.0,44.0,44.0,44.0,44.0,,,,3,8,11,44.0,0.0,SAME,1.0
BPCL,2022-08-12,44.0,44.0,44.0,44.0,44.0,44.0,0.0,0.0,0.0,0.0,0.0,0.0,0.0,0.0,44.0,44.0,44.0,44.00019645737531,44.00870706274835,44.15712178423118,0.0,0.0,0.0,0.0,0.0,0.0,0.0,0.0,0.0,44.0,44.0,44.0,44.0,44.0,44.0,,,,4,8,12,44.0,0.0,SAME,1.0
BPCL,2022-08-15,44.0,44.0,44.0,44.0,44.0,44.0,0.0,0.0,0.0,0.0,0.0,0.0,0.0,0.0,44.0,44.0,44.0,44.000098228687655,44.0058047084989,44.12855418709824,0.0,0.0,0.0,0.0,0.0,0.0,0.0,0.0,0.0,44.0,44.0,44.0,44.0,44.0,44.0,,,,0,8,15,44.0,0.0,SAME,1.0
BPCL,2022-08-16,44.0,44.0,44.0,44.0,44.0,44.0,0.0,0.0,0.0,0.0,0.0,0.0,0.0,0.0,44.0,44.0,44.0,44.000049114343824,44.003869805665936,44.10518069853492,0.0,0.0,0.0,0.0,0.0,0.0,0.0,0.0,0.0,44.0,44.0,44.0,44.0,44.0,44.0,,,,1,8,16,44.0,0.0,SAME,1.0
BPCL,2022-08-17,44.0,44.0,44.0,44.0,44.0,44.0,0.0,0.0,0.0,0.0,0.0,0.0,0.0,0.0,44.0,44.0,44.0,44.00002455717191,44.00257987044396,44.08605693516493,0.0,0.0,0.0,0.0,0.0,0.0,0.0,0.0,0.0,44.0,44.0,44.0,44.0,44.0,44.0,,,,2,8,17,44.0,0.0,SAME,1.0
BPCL,2022-08-18,44.0,44.0,44.0,44.0,44.0,44.0,0.0,0.0,0.0,0.0,0.0,0.0,0.0,0.0,44.0,44.0,44.0,44.000012278585956,44.00171991362931,44.0704102196804,0.0,0.0,0.0,0.0,0.0,0.0,0.0,0.0,0.0,44.0,44.0,44.0,44.0,44.0,44.0,,,,3,8,18,44.0,0.0,SAME,1.0
BPCL,2022-08-19,44.0,44.0,44.0,44.0,44.0,44.0,0.0,0.0,0.0,0.0,0.0,0.0,0.0,0.0,44.0,44.0,44.0,44.00000613929298,44.001146609086206,44.05760836155669,0.0,0.0,0.0,0.0,0.0,0.0,0.0,0.0,0.0,44.0,44.0,44.0,44.0,44.0,44.0,,,,4,8,19,44.0,0.0,SAME,1.0
BPCL,2022-08-22,44.0,44.0,44.0,44.0,44.0,44.0,0.0,0.0,0.0,0.0,0.0,0.0,0.0,0.0,44.0,44.0,44.0,44.00000306964649,44.00076440605747,44.047134114000926,0.0,0.0,0.0,0.0,0.0,0.0,0.0,0.0,0.0,44.0,44.0,44.0,44.0,44.0,44.0,,,,0,8,22,42.0,-2.0,DOWN,0.0
BPCL,2022-08-23,42.0,44.0,44.0,44.0,44.0,44.0,-2.0,-2.0,-2.0,-0.045454545454545414,-0.045454545454545414,-0.045454545454545414,-0.04652001563489282,-0.04652001563489282,43.333333333333336,43.6,43.8,43.00000153482324,43.33384293737165,43.6749279114553,0.02624319405407808,0.02032789070454354,0.014373989364402177,-2.0,-0.045454545454545456,-2.0,-0.045454545454545456,-2.0,-0.045454545454545456,42.0,44.0,42.0,44.0,42.0,44.0,0.0,0.0,0.0,1,8,23,42.0,0.0,SAME,1.0
BPCL,2022-08-24,42.0,42.0,44.0,44.0,44.0,44.0,0.0,-2.0,-2.0,0.0,-0.045454545454545414,-0.045454545454545414,0.0,-0.04652001563489282,42.666666666666664,43.2,43.6,42.50000076741162,42.88922862491444,43.37039556391797,0.02624319405407808,0.02032789070454354,0.014373989364402177,-2.0,-0.045454545454545456,-2.0,-0.045454545454545456,-2.0,-0.045454545454545456,42.0,44.0,42.0,44.0,42.0,44.0,0.0,0.0,0.0,2,8,24,42.0,0.0,SAME,1.0
BPCL,2022-08-25,42.0,42.0,42.0,44.0,44.0,44.0,0.0,0.0,-2.0,0.0,0.0,-0.045454545454545414,0.0,0.0,42.0,42.8,43.4,42.25000038370581,42.5928190832763,43.1212327341147,0.02624319405407808,0.02032789070454354,0.014373989364402177,-2.0,-0.045454545454545456,-2.0,-0.045454545454545456,-2.0,-0.045454545454545456,42.0,42.0,42.0,44.0,42.0,44.0,,0.0,0.0,3,8,25,42.0,0.0,SAME,1.0
BPCL,2022-08-26,42.0,42.0,42.0,42.0,44.0,44.0,0.0,0.0,0.0,0.0,0.0,0.0,0.0,0.0,42.0,42.4,43.2,42.125000191852905,42.3952127221842,42.91737223700294,0.0,0.02032789070454354,0.014373989364402177,0.0,0.0,-2.0,-0.045454545454545456,-2.0,-0.045454545454545456,42.0,42.0,42.0,44.0,42.0,44.0,,0.0,0.0,4,8,26,42.0,0.0,SAME,1.0
BPCL,2022-08-29,42.0,42.0,42.0,42.0,44.0,44.0,0.0,0.0,0.0,0.0,0.0,0.0,0.0,0.0,42.0,42.0,43.0,42.06250009592645,42.2634751481228,42.75057728482058,0.0,0.02032789070454354,0.014373989364402177,0.0,0.0,-2.0,-0.045454545454545456,-2.0,-0.045454545454545456,42.0,42.0,42.0,42.0,42.0,44.0,,,0.0,0,8,29,42.0,0.0,SAME,1.0
BPCL,2022-08-30,42.0,42.0,42.0,42.0,42.0,44.0,0.0,0.0,0.0,0.0,0.0,0.0,0.0,0.0,42.0,42.0,42.8,42.031250047963226,42.175650098748534,42.61410868758047,0.0,0.0,0.014373989364402177,0.0,0.0,0.0,0.0,-2.0,-0.045454545454545456,42.0,42.0,42.0,42.0,42.0,44.0,,,0.0,1,8,30,42.0,0.0,SAME,1.0
BPCL,2022-08-31,42.0,42.0,42.0,42.0,42.0,44.0,0.0,0.0,0.0,0.0,0.0,0.0,0.0,0.0,42.0,42.0,42.6,42.01562502398161,42.11710006583236,42.502452562565836,0.0,0.0,0.014373989364402177,0.0,0.0,0.0,0.0,-2.0,-0.045454545454545456,42.0,42.0,42.0,42.0,42.0,44.0,,,0.0,2,8,31,42.0,0.0,SAME,1.0
BPCL,2022-09-01,42.0,42.0,42.0,42.0,42.0,44.0,0.0,0.0,0.0,0.0,0.0,0.0,0.0,0.0,42.0,42.0,42.4,42.00781251199081,42.07806671055491,42.411097551190224,0.0,0.0,0.014373989364402177,0.0,0.0,0.0,0.0,-2.0,-0.045454545454545456,42.0,42.0,42.0,42.0,42.0,44.0,,,0.0,3,9,1,42.0,0.0,SAME,1.0
BPCL,2022-09-02,42.0,42.0,42.0,42.0,42.0,44.0,0.0,0.0,0.0,0.0,0.0,0.0,0.0,0.0,42.0,42.0,42.2,42.0039062559954,42.052044473703276,42.3363525418829,0.0,0.0,0.014373989364402177,0.0,0.0,0.0,0.0,-2.0,-0.045454545454545456,42.0,42.0,42.0,42.0,42.0,44.0,,,0.0,4,9,2,42.0,0.0,SAME,1.0
BPCL,2022-09-05,42.0,42.0,42.0,42.0,42.0,44.0,0.0,0.0,0.0,0.0,0.0,0.0,0.0,0.0,42.0,42.0,42.0,42.0019531279977,42.03469631580219,42.27519753426783,0.0,0.0,0.014373989364402177,0.0,0.0,0.0,0.0,-2.0,-0.045454545454545456,42.0,42.0,42.0,42.0,42.0,42.0,,,,0,9,5,42.0,0.0,SAME,1.0
BPCL,2022-09-06,42.0,42.0,42.0,42.0,42.0,42.0,0.0,0.0,0.0,0.0,0.0,0.0,0.0,0.0,42.0,42.0,42.0,42.00097656399885,42.02313087720146,42.2251616189464,0.0,0.0,0.0,0.0,0.0,0.0,0.0,0.0,0.0,42.0,42.0,42.0,42.0,42.0,42.0,,,,1,9,6,42.0,0.0,SAME,1.0
BPCL,2022-09-07,42.0,42.0,42.0,42.0,42.0,42.0,0.0,0.0,0.0,0.0,0.0,0.0,0.0,0.0,42.0,42.0,42.0,42.000488281999424,42.01542058480098,42.18422314277433,0.0,0.0,0.0,0.0,0.0,0.0,0.0,0.0,0.0,42.0,42.0,42.0,42.0,42.0,42.0,,,,2,9,7,42.0,0.0,SAME,1.0
BPCL,2022-09-08,42.0,42.0,42.0,42.0,42.0,42.0,0.0,0.0,0.0,0.0,0.0,0.0,0.0,0.0,42.0,42.0,42.0,42.00024414099971,42.01028038986732,42.15072802590626,0.0,0.0,0.0,0.0,0.0,0.0,0.0,0.0,0.0,42.0,42.0,42.0,42.0,42.0,42.0,,,,3,9,8,42.0,0.0,SAME,1.0
BPCL,2022-09-09,42.0,42.0,42.0,42.0,42.0,42.0,0.0,0.0,0.0,0.0,0.0,0.0,0.0,0.0,42.0,42.0,42.0,42.000122070499856,42.006853593244884,42.12332293028693,0.0,0.0,0.0,0.0,0.0,0.0,0.0,0.0,0.0,42.0,42.0,42.0,42.0,42.0,42.0,,,,4,9,9,44.1,2.1000000000000014,UP,2.0
BPCL,2022-09-12,44.1,42.0,42.0,42.0,42.0,42.0,2.1000000000000014,2.1000000000000014,2.1000000000000014,0.050000000000000044,0.050000000000000044,0.050000000000000044,0.04879016416943205,0.04879016416943205,42.699999999999996,42.42,42.21,43.050061035249925,42.70456906216326,42.48271876114386,0.028867513459485173,0.02236067977499792,0.01581138830084232,2.1000000000000014,0.05000000000000003,2.1000000000000014,0.05000000000000003,2.1000000000000014,0.05000000000000003,42.0,44.1,42.0,44.1,42.0,44.1,1.0,1.0,1.0,0,9,12,44.1,0.0,SAME,1.0
BPCL,2022-09-13,44.1,44.1,42.0,42.0,42.0,42.0,0.0,2.1000000000000014,2.1000000000000014,0.0,0.050000000000000044,0.050000000000000044,0.0,0.04879016416943205,43.4,42.839999999999996,42.42,43.57503051762497,43.16971270810885,42.77676989548134,0.028867513459485173,0.02236067977499792,0.01581138830084232,2.1000000000000014,0.05000000000000003,2.1000000000000014,0.05000000000000003,2.1000000000000014,0.05000000000000003,42.0,44.1,42.0,44.1,42.0,44.1,1.0,1.0,1.0,1,9,13,44.1,0.0,SAME,1.0
BPCL,2022-09-14,44.1,44.1,44.1,42.0,42.0,42.0,0.0,0.0,2.1000000000000014,0.0,0.0,0.050000000000000044,0.0,0.0,44.1,43.260000000000005,42.63,43.83751525881249,43.47980847207256,43.017357187212,0.028867513459485173,0.02236067977499792,0.01581138830084232,2.1000000000000014,0.05000000000000003,2.1000000000000014,0.05000000000000003,2.1000000000000014,0.05000000000000003,44.1,44.1,42.0,44.1,42.0,44.1,,1.0,1.0,2,9,14,44.1,0.0,SAME,1.0
BPCL,2022-09-15,44.1,44.1,44.1,44.1,42.0,42.0,0.0,0.0,0.0,0.0,0.0,0.0,0.0,0.0,44.1,43.68,42.84,43.96875762940624,43.686538981381716,43.21420133499163,0.0,0.02236067977499792,0.01581138830084232,0.0,0.0,2.1000000000000014,0.05000000000000003,2.1000000000000014,0.05000000000000003,44.1,44.1,42.0,44.1,42.0,44.1,,1.0,1.0,3,9,15,44.1,0.0,SAME,1.0
BPCL,2022-09-16,44.1,44.1,44.1,44.1,42.0,42.0,0.0,0.0,0.0,0.0,0.0,0.0,0.0,0.0,44.1,44.1,43.05,44.03437881470312,43.82435932092115,43.37525563772043,0.0,0.02236067977499792,0.01581138830084232,0.0,0.0,2.1000000000000014,0.05000000000000003,2.1000000000000014,0.05000000000000003,44.1,44.1,44.1,44.1,42.0,44.1,,,1.0,4,9,16,44.1,0.0,SAME,1.0
BPCL,2022-09-19,44.1,44.1,44.1,44.1,44.1,42.0,0.0,0.0,0.0,0.0,0.0,0.0,0.0,0.0,44.1,44.1,43.260000000000005,44.06718940735156,43.91623954728077,43.50702733995308,0.0,0.0,0.01581138830084232,0.0,0.0,0.0,0.0,2.1000000000000014,0.05000000000000003,44.1,44.1,44.1,44.1,42.0,44.1,,,1.0,0,9,19,44.1,0.0,SAME,1.0
BPCL,2022-09-20,44.1,44.1,44.1,44.1,44.1,42.0,0.0,0.0,0.0,0.0,0.0,0.0,0.0,0.0,44.1,44.1,43.470000000000006,44.083594703675786,43.97749303152051,43.61484055087071,0.0,0.0,0.01581138830084232,0.0,0.0,0.0,0.0,2.1000000000000014,0.05000000000000003,44.1,44.1,44.1,44.1,42.0,44.1,,,1.0,1,9,20,44.1,0.0,SAME,1.0
BPCL,2022-09-21,44.1,44.1,44.1,44.1,44.1,42.0,0.0,0.0,0.0,0.0,0.0,0.0,0.0,0.0,44.1,44.1,43.68,44.0917973518379,44.01832868768034,43.70305135980331,0.0,0.0,0.01581138830084232,0.0,0.0,0.0,0.0,2.1000000000000014,0.05000000000000003,44.1,44.1,44.1,44.1,42.0,44.1,,,1.0,2,9,21,44.1,0.0,SAME,1.0
BPCL,2022-09-22,44.1,44.1,44.1,44.1,44.1,42.0,0.0,0.0,0.0,0.0,0.0,0.0,0.0,0.0,44.1,44.1,43.89,44.095898675918946,44.04555245845356,43.77522383983907,0.0,0.0,0.01581138830084232,0.0,0.0,0.0,0.0,2.1000000000000014,0.05000000000000003,44.1,44.1,44.1,44.1,42.0,44.1,,,1.0,3,9,22,44.1,0.0,SAME,1.0
BPCL,2022-09-26,44.1,44.1,44.1,44.1,44.1,42.0,0.0,0.0,0.0,0.0,0.0,0.0,0.0,0.0,44.1,44.1,44.1,44.09794933795948,44.063701638969036,43.834274050777424,0.0,0.0,0.01581138830084232,0.0,0.0,0.0,0.0,2.1000000000000014,0.05000000000000003,44.1,44.1,44.1,44.1,44.1,44.1,,,,0,9,26,44.1,0.0,SAME,1.0
BPCL,2022-09-27,44.1,44.1,44.1,44.1,44.1,44.1,0.0,0.0,0.0,0.0,0.0,0.0,0.0,0.0,44.1,44.1,44.1,44.098974668979736,44.07580109264603,43.88258785972698,0.0,0.0,0.0,0.0,0.0,0.0,0.0,0.0,0.0,44.1,44.1,44.1,44.1,44.1,44.1,,,,1,9,27,44.1,0.0,SAME,1.0
BPCL,2022-09-28,44.1,44.1,44.1,44.1,44.1,44.1,0.0,0.0,0.0,0.0,0.0,0.0,0.0,0.0,44.1,44.1,44.1,44.099487334489865,44.08386739509736,43.92211733977662,0.0,0.0,0.0,0.0,0.0,0.0,0.0,0.0,0.0,44.1,44.1,44.1,44.1,44.1,44.1,,,,2,9,28,44.0,-0.10000000000000142,DOWN,0.0
BPCL,2022-09-29,44.0,44.1,44.1,44.1,44.1,44.1,-0.10000000000000142,-0.10000000000000142,-0.10000000000000142,-0.0022675736961451642,-0.0022675736961451642,-0.0022675736961451642,-0.0022701485345391855,-0.0022701485345391855,44.06666666666666,44.08,44.09,44.04974366724493,44.055911596731576,43.936277823453594,0.0013091842839613402,0.0010140897857143722,0.0007170697642197098,-0.10000000000000142,-0.002267573696145157,-0.10000000000000142,-0.002267573696145157,-0.10000000000000142,-0.002267573696145157,44.0,44.1,44.0,44.1,44.0,44.1,0.0,0.0,0.0,3,9,29,44.0,0.0,SAME,1.0
BPCL,2022-10-03,44.0,44.0,44.1,44.1,44.1,44.1,0.0,-0.10000000000000142,-0.10000000000000142,0.0,-0.0022675736961451642,-0.0022675736961451642,0.0,-0.0022701485345391855,44.03333333333334,44.06,44.08,44.02487183362247,44.03727439782105,43.94786367373476,0.0013091842839613402,0.0010140897857143722,0.0007170697642197098,-0.10000000000000142,-0.002267573696145157,-0.10000000000000142,-0.002267573696145157,-0.10000000000000142,-0.002267573696145157,44.0,44.1,44.0,44.1,44.0,44.1,0.0,0.0,0.0,0,10,3,44.0,0.0,SAME,1.0
BPCL,2022-10-07,44.0,44.0,44.0,44.1,44.1,44.1,0.0,0.0,-0.10000000000000142,0.0,0.0,-0.0022675736961451642,0.0,0.0,44.0,44.040000000000006,44.07000000000001,44.012435916811235,44.02484959854737,43.95734300578298,0.0013091842839613402,0.0010140897857143722,0.0007170697642197098,-0.10000000000000142,-0.002267573696145157,-0.10000000000000142,-0.002267573696145157,-0.10000000000000142,-0.002267573696145157,44.0,44.0,44.0,44.1,44.0,44.1,,0.0,0.0,4,10,7,44.0,0.0,SAME,1.0
BPCL,2022-10-10,44.0,44.0,44.0,44.0,44.1,44.1,0.0,0.0,0.0,0.0,0.0,0.0,0.0,0.0,44.0,44.02,44.06,44.006217958405614,44.01656639903158,43.96509882291335,0.0,0.0010140897857143722,0.0007170697642197098,0.0,0.0,-0.10000000000000142,-0.002267573696145157,-0.10000000000000142,-0.002267573696145157,44.0,44.0,44.0,44.1,44.0,44.1,,0.0,0.0,0,10,10,44.0,0.0,SAME,1.0
BPCL,2022-10-11,44.0,44.0,44.0,44.0,44.1,44.1,0.0,0.0,0.0,0.0,0.0,0.0,0.0,0.0,44.0,44.0,44.05,44.00310897920281,44.01104426602106,43.97144449147456,0.0,0.0010140897857143722,0.0007170697642197098,0.0,0.0,-0.10000000000000142,-0.002267573696145157,-0.10000000000000142,-0.002267573696145157,44.0,44.0,44.0,44.0,44.0,44.1,,,0.0,1,10,11,44.0,0.0,SAME,1.0
BPCL,2022-10-12,44.0,44.0,44.0,44.0,44.0,44.1,0.0,0.0,0.0,0.0,0.0,0.0,0.0,0.0,44.0,44.0,44.040000000000006,44.0015544896014,44.00736284401404,43.976636402115545,0.0,0.0,0.0007170697642197098,0.0,0.0,0.0,0.0,-0.10000000000000142,-0.002267573696145157,44.0,44.0,44.0,44.0,44.0,44.1,,,0.0,2,10,12,44.0,0.0,SAME,1.0
BPCL,2022-10-13,44.0,44.0,44.0,44.0,44.0,44.1,0.0,0.0,0.0,0.0,0.0,0.0,0.0,0.0,44.0,44.0,44.03,44.0007772448007,44.00490856267603,43.98088432900362,0.0,0.0,0.0007170697642197098,0.0,0.0,0.0,0.0,-0.10000000000000142,-0.002267573696145157,44.0,44.0,44.0,44.0,44.0,44.1,,,0.0,3,10,13,44.0,0.0,SAME,1.0
BPCL,2022-10-14,44.0,44.0,44.0,44.0,44.0,44.1,0.0,0.0,0.0,0.0,0.0,0.0,0.0,0.0,44.0,44.0,44.019999999999996,44.00038862240035,44.003272375117355,43.984359905548416,0.0,0.0,0.0007170697642197098,0.0,0.0,0.0,0.0,-0.10000000000000142,-0.002267573696145157,44.0,44.0,44.0,44.0,44.0,44.1,,,0.0,4,10,14,44.0,0.0,SAME,1.0
BPCL,2022-10-17,44.0,44.0,44.0,44.0,44.0,44.1,0.0,0.0,0.0,0.0,0.0,0.0,0.0,0.0,44.0,44.0,44.010000000000005,44.000194311200175,44.00218158341157,43.98720355908507,0.0,0.0,0.0007170697642197098,0.0,0.0,0.0,0.0,-0.10000000000000142,-0.002267573696145157,44.0,44.0,44.0,44.0,44.0,44.1,,,0.0,0,10,17,44.0,0.0,SAME,1.0
BPCL,2022-10-18,44.0,44.0,44.0,44.0,44.0,44.1,0.0,0.0,0.0,0.0,0.0,0.0,0.0,0.0,44.0,44.0,44.0,44.00009715560009,44.00145438894105,43.98953018470596,0.0,0.0,0.0007170697642197098,0.0,0.0,0.0,0.0,-0.10000000000000142,-0.002267573696145157,44.0,44.0,44.0,44.0,44.0,44.0,,,,1,10,18,44.0,0.0,SAME,1.0
BPCL,2022-10-19,44.0,44.0,44.0,44.0,44.0,44.0,0.0,0.0,0.0,0.0,0.0,0.0,0.0,0.0,44.0,44.0,44.0,44.000048577800044,44.00096959262737,43.99143378748669,0.0,0.0,0.0,0.0,0.0,0.0,0.0,0.0,0.0,44.0,44.0,44.0,44.0,44.0,44.0,,,,2,10,19,44.1,0.10000000000000142,UP,2.0
BPCL,2022-10-20,44.1,44.0,44.0,44.0,44.0,44.0,0.10000000000000142,0.10000000000000142,0.10000000000000142,0.002272727272727204,0.002272727272727204,0.002272727272727204,0.0022701485345390775,0.0022701485345390775,44.03333333333333,44.019999999999996,44.010000000000005,44.05002428890002,44.033979728418245,44.01117309885275,0.0013121597027881224,0.0010163945352273025,0.0007186994682292087,0.10000000000000142,0.002272727272727305,0.10000000000000142,0.002272727272727305,0.10000000000000142,0.002272727272727305,44.0,44.1,44.0,44.1,44.0,44.1,1.0,1.0,1.0,3,10,20,44.1,0.0,SAME,1.0
BPCL,2022-10-21,44.1,44.1,44.0,44.0,44.0,44.0,0.0,0.10000000000000142,0.10000000000000142,0.0,0.002272727272727204,0.002272727272727204,0.0,0.0022701485345390775,44.06666666666666,44.04,44.019999999999996,44.075012144450014,44.055986485612166,44.027323444515886,0.0013121597027881224,0.0010163945352273025,0.0007186994682292087,0.10000000000000142,0.002272727272727305,0.10000000000000142,0.002272727272727305,0.10000000000000142,0.002272727272727305,44.0,44.1,44.0,44.1,44.0,44.1,1.0,1.0,1.0,4,10,21,44.1,0.0,SAME,1.0
BPCL,2022-10-24,44.1,44.1,44.1,44.0,44.0,44.0,0.0,0.0,0.10000000000000142,0.0,0.0,0.002272727272727204,0.0,0.0,44.1,44.06,44.03,44.08750607222501,44.070657657074776,44.04053736369481,0.0013121597027881224,0.0010163945352273025,0.0007186994682292087,0.10000000000000142,0.002272727272727305,0.10000000000000142,0.002272727272727305,0.10000000000000142,0.002272727272727305,44.1,44.1,44.0,44.1,44.0,44.1,,1.0,1.0,0,10,24,44.1,0.0,SAME,1.0
BPCL,2022-10-25,44.1,44.1,44.1,44.1,44.0,44.0,0.0,0.0,0.0,0.0,0.0,0.0,0.0,0.0,44.1,44.08,44.04,44.0937530361125,44.08043843804985,44.05134875211394,0.0,0.0010163945352273025,0.0007186994682292087,0.0,0.0,0.10000000000000142,0.002272727272727305,0.10000000000000142,0.002272727272727305,44.1,44.1,44.0,44.1,44.0,44.1,,1.0,1.0,1,10,25,44.1,0.0,SAME,1.0
BPCL,2022-10-26,44.1,44.1,44.1,44.1,44.0,44.0,0.0,0.0,0.0,0.0,0.0,0.0,0.0,0.0,44.1,44.1,44.05,44.09687651805625,44.08695895869991,44.060194433547764,0.0,0.0010163945352273025,0.0007186994682292087,0.0,0.0,0.10000000000000142,0.002272727272727305,0.10000000000000142,0.002272727272727305,44.1,44.1,44.1,44.1,44.0,44.1,,,1.0,2,10,26,44.1,0.0,SAME,1.0
BPCL,2022-10-27,44.1,44.1,44.1,44.1,44.1,44.0,0.0,0.0,0.0,0.0,0.0,0.0,0.0,0.0,44.1,44.1,44.06,44.09843825902813,44.091305972466614,44.06743180926635,0.0,0.0,0.0007186994682292087,0.0,0.0,0.0,0.0,0.10000000000000142,0.002272727272727305,44.1,44.1,44.1,44.1,44.0,44.1,,,1.0,3,10,27,44.1,0.0,SAME,1.0
BPCL,2022-10-28,44.1,44.1,44.1,44.1,44.1,44.0,0.0,0.0,0.0,0.0,0.0,0.0,0.0,0.0,44.1,44.1,44.07,44.09921912951407,44.09420398164441,44.073353298490645,0.0,0.0,0.0007186994682292087,0.0,0.0,0.0,0.0,0.10000000000000142,0.002272727272727305,44.1,44.1,44.1,44.1,44.0,44.1,,,1.0,4,10,28,44.1,0.0,SAME,1.0
BPCL,2022-10-31,44.1,44.1,44.1,44.1,44.1,44.0,0.0,0.0,0.0,0.0,0.0,0.0,0.0,0.0,44.1,44.1,44.08,44.09960956475703,44.09613598776295,44.078198153310524,0.0,0.0,0.0007186994682292087,0.0,0.0,0.0,0.0,0.10000000000000142,0.002272727272727305,44.1,44.1,44.1,44.1,44.0,44.1,,,1.0,0,10,31,44.1,0.0,SAME,1.0
BPCL,2022-11-02,44.1,44.1,44.1,44.1,44.1,44.0,0.0,0.0,0.0,0.0,0.0,0.0,0.0,0.0,44.1,44.1,44.089999999999996,44.09980478237851,44.097423991841964,44.082162125435886,0.0,0.0,0.0007186994682292087,0.0,0.0,0.0,0.0,0.10000000000000142,0.002272727272727305,44.1,44.1,44.1,44.1,44.0,44.1,,,1.0,2,11,2,44.1,0.0,SAME,1.0
BPCL,2022-11-03,44.1,44.1,44.1,44.1,44.1,44.0,0.0,0.0,0.0,0.0,0.0,0.0,0.0,0.0,44.1,44.1,44.1,44.09990239118926,44.098282661227984,44.08540537535663,0.0,0.0,0.0007186994682292087,0.0,0.0,0.0,0.0,0.10000000000000142,0.002272727272727305,44.1,44.1,44.1,44.1,44.1,44.1,,,,3,11,3,44.1,0.0,SAME,1.0
BPCL,2022-11-04,44.1,44.1,44.1,44.1,44.1,44.1,0.0,0.0,0.0,0.0,0.0,0.0,0.0,0.0,44.1,44.1,44.1,44.09995119559463,44.09885510748532,44.0880589434736,0.0,0.0,0.0,0.0,0.0,0.0,0.0,0.0,0.0,44.1,44.1,44.1,44.1,44.1,44.1,,,,4,11,4,44.1,0.0,SAME,1.0
BPCL,2022-11-07,44.1,44.1,44.1,44.1,44.1,44.1,0.0,0.0,0.0,0.0,0.0,0.0,0.0,0.0,44.1,44.1,44.1,44.09997559779731,44.099236738323555,44.09023004466022,0.0,0.0,0.0,0.0,0.0,0.0,0.0,0.0,0.0,44.1,44.1,44.1,44.1,44.1,44.1,,,,0,11,7,44.1,0.0,SAME,1.0
BPCL,2022-11-08,44.1,44.1,44.1,44.1,44.1,44.1,0.0,0.0,0.0,0.0,0.0,0.0,0.0,0.0,44.1,44.1,44.1,44.09998779889865,44.09949115888237,44.092006400176544,0.0,0.0,0.0,0.0,0.0,0.0,0.0,0.0,0.0,44.1,44.1,44.1,44.1,44.1,44.1,,,,1,11,8,42.0,-2.1000000000000014,DOWN,0.0
BPCL,2022-11-09,42.0,44.1,44.1,44.1,44.1,44.1,-2.1000000000000014,-2.1000000000000014,-2.1000000000000014,-0.04761904761904767,-0.04761904761904767,-0.04761904761904767,-0.048790164169432056,-0.048790164169432056,43.400000000000006,43.68,43.89,43.049993899449326,43.39966077258825,43.711641600144446,0.02749286996141479,0.021295885499998033,0.015058465048421316,-2.1000000000000014,-0.04761904761904765,-2.1000000000000014,-0.04761904761904765,-2.1000000000000014,-0.04761904761904765,42.0,44.1,42.0,44.1,42.0,44.1,0.0,0.0,0.0,2,11,9,44.1,2.1000000000000014,UP,2.0
BPCL,2022-11-10,44.1,42.0,44.1,44.1,44.1,44.1,2.1000000000000014,0.0,0.0,0.050000000000000044,0.0,0.0,0.04879016416943205,0.0,43.4,43.68,43.89,43.574996949724664,43.63310718172551,43.7822522183,0.04881436290375401,0.03451970418940849,0.0230145046117569,0.0,0.0,0.0,0.0,0.0,0.0,42.0,44.1,42.0,44.1,42.0,44.1,1.0,1.0,1.0,3,11,10,44.1,0.0,SAME,1.0
BPCL,2022-11-14,44.1,44.1,42.0,44.1,44.1,44.1,0.0,2.1000000000000014,0.0,0.0,0.050000000000000044,0.0,0.0,0.04879016416943205,43.400000000000006,43.68000000000001,43.89,43.83749847486233,43.788738121150345,43.84002454224546,0.04881436290375401,0.03451970418940849,0.0230145046117569,0.0,0.0,0.0,0.0,0.0,0.0,42.0,44.1,42.0,44.1,42.0,44.1,1.0,1.0,1.0,0,11,14,44.1,0.0,SAME,1.0
BPCL,2022-11-16,44.1,44.1,44.1,42.0,44.1,44.1,0.0,0.0,2.1000000000000014,0.0,0.0,0.050000000000000044,0.0,0.0,44.1,43.68,43.89,43.96874923743117,43.8924920807669,43.88729280729174,0.028867513459485183,0.03451970418940849,0.0230145046117569,2.1000000000000014,0.05000000000000003,0.0,0.0,0.0,0.0,44.1,44.1,42.0,44.1,42.0,44.1,,1.0,1.0,2,11,16,44.1,0.0,SAME,1.0
BPCL,2022-11-17,44.1,44.1,44.1,44.1,44.1,44.1,0.0,0.0,0.0,0.0,0.0,0.0,0.0,0.0,44.1,43.68,43.89,44.03437461871559,43.96166138717794,43.9259668423296,0.0,0.03451970418940849,0.0230145046117569,0.0,0.0,0.0,0.0,0.0,0.0,44.1,44.1,42.0,44.1,42.0,44.1,,1.0,1.0,3,11,17,44.1,0.0,SAME,1.0
BPCL,2022-11-18,44.1,44.1,44.1,44.1,42.0,44.1,0.0,0.0,0.0,0.0,0.0,0.0,0.0,0.0,44.1,44.1,43.89,44.06718730935779,44.00777425811863,43.95760923463331,0.0,0.022360679774997918,0.0230145046117569,0.0,0.0,2.1000000000000014,0.05000000000000003,0.0,0.0,44.1,44.1,44.1,44.1,42.0,44.1,,,1.0,4,11,18,44.1,0.0,SAME,1.0
BPCL,2022-11-21,44.1,44.1,44.1,44.1,44.1,44.1,0.0,0.0,0.0,0.0,0.0,0.0,0.0,0.0,44.1,44.1,43.89,44.08359365467889,44.038516172079085,43.98349846469998,0.0,0.0,0.0230145046117569,0.0,0.0,0.0,0.0,0.0,0.0,44.1,44.1,44.1,44.1,42.0,44.1,,,1.0,0,11,21,44.1,0.0,SAME,1.0
BPCL,2022-11-22,44.1,44.1,44.1,44.1,44.1,44.1,0.0,0.0,0.0,0.0,0.0,0.0,0.0,0.0,44.1,44.1,43.89,44.09179682733945,44.059010781386064,44.00468056202725,0.0,0.0,0.0230145046117569,0.0,0.0,0.0,0.0,0.0,0.0,44.1,44.1,44.1,44.1,42.0,44.1,,,1.0,1,11,22,44.1,0.0,SAME,1.0
BPCL,2022-11-23,44.1,44.1,44.1,44.1,44.1,44.1,0.0,0.0,0.0,0.0,0.0,0.0,0.0,0.0,44.1,44.1,43.89,44.09589841366973,44.072673854257374,44.02201136893139,0.0,0.0,0.0230145046117569,0.0,0.0,0.0,0.0,0.0,0.0,44.1,44.1,44.1,44.1,42.0,44.1,,,1.0,2,11,23,44.1,0.0,SAME,1.0
BPCL,2022-11-24,44.1,44.1,44.1,44.1,44.1,44.1,0.0,0.0,0.0,0.0,0.0,0.0,0.0,0.0,44.1,44.1,43.89,44.09794920683487,44.081782569504924,44.03619112003477,0.0,0.0,0.0230145046117569,0.0,0.0,0.0,0.0,0.0,0.0,44.1,44.1,44.1,44.1,42.0,44.1,,,1.0,3,11,24,44.1,0.0,SAME,1.0
BPCL,2022-11-25,44.1,44.1,44.1,44.1,44.1,42.0,0.0,0.0,0.0,0.0,0.0,0.0,0.0,0.0,44.1,44.1,44.1,44.09897460341743,44.087855046336614,44.0477927345739,0.0,0.0,0.01581138830084232,0.0,0.0,0.0,0.0,2.1000000000000014,0.05000000000000003,44.1,44.1,44.1,44.1,44.1,44.1,,,,4,11,25,44.1,0.0,SAME,1.0
BPCL,2022-11-28,44.1,44.1,44.1,44.1,44.1,44.1,0.0,0.0,0.0,0.0,0.0,0.0,0.0,0.0,44.1,44.1,44.1,44.09948730170872,44.09190336422441,44.05728496465137,0.0,0.0,0.0,0.0,0.0,0.0,0.0,0.0,0.0,44.1,44.1,44.1,44.1,44.1,44.1,,,,0,11,28,44.1,0.0,SAME,1.0
BPCL,2022-11-29,44.1,44.1,44.1,44.1,44.1,44.1,0.0,0.0,0.0,0.0,0.0,0.0,0.0,0.0,44.1,44.1,44.1,44.099743650854364,44.09460224281628,44.06505133471475,0.0,0.0,0.0,0.0,0.0,0.0,0.0,0.0,0.0,44.1,44.1,44.1,44.1,44.1,44.1,,,,1,11,29,44.1,0.0,SAME,1.0
BPCL,2022-11-30,44.1,44.1,44.1,44.1,44.1,44.1,0.0,0.0,0.0,0.0,0.0,0.0,0.0,0.0,44.1,44.1,44.1,44.099871825427186,44.096401495210856,44.07140563749388,0.0,0.0,0.0,0.0,0.0,0.0,0.0,0.0,0.0,44.1,44.1,44.1,44.1,44.1,44.1,,,,2,11,30,44.1,0.0,SAME,1.0
BPCL,2022-12-01,44.1,44.1,44.1,44.1,44.1,44.1,0.0,0.0,0.0,0.0,0.0,0.0,0.0,0.0,44.1,44.1,44.1,44.09993591271359,44.097600996807245,44.07660461249499,0.0,0.0,0.0,0.0,0.0,0.0,0.0,0.0,0.0,44.1,44.1,44.1,44.1,44.1,44.1,,,,3,12,1,44.1,0.0,SAME,1.0
BPCL,2022-12-02,44.1,44.1,44.1,44.1,44.1,44.1,0.0,0.0,0.0,0.0,0.0,0.0,0.0,0.0,44.1,44.1,44.1,44.09996795635679,44.09840066453816,44.080858319314075,0.0,0.0,0.0,0.0,0.0,0.0,0.0,0.0,0.0,44.1,44.1,44.1,44.1,44.1,44.1,,,,4,12,2,44.1,0.0,SAME,1.0
BPCL,2022-12-05,44.1,44.1,44.1,44.1,44.1,44.1,0.0,0.0,0.0,0.0,0.0,0.0,0.0,0.0,44.1,44.1,44.1,44.0999839781784,44.09893377635878,44.084338624893334,0.0,0.0,0.0,0.0,0.0,0.0,0.0,0.0,0.0,44.1,44.1,44.1,44.1,44.1,44.1,,,,0,12,5,44.1,0.0,SAME,1.0
BPCL,2022-12-06,44.1,44.1,44.1,44.1,44.1,44.1,0.0,0.0,0.0,0.0,0.0,0.0,0.0,0.0,44.1,44.1,44.1,44.099991989089204,44.09928918423918,44.08718614764,0.0,0.0,0.0,0.0,0.0,0.0,0.0,0.0,0.0,44.1,44.1,44.1,44.1,44.1,44.1,,,,1,12,6,44.1,0.0,SAME,1.0
BPCL,2022-12-07,44.1,44.1,44.1,44.1,44.1,44.1,0.0,0.0,0.0,0.0,0.0,0.0,0.0,0.0,44.1,44.1,44.1,44.0999959945446,44.09952612282612,44.08951593897818,0.0,0.0,0.0,0.0,0.0,0.0,0.0,0.0,0.0,44.1,44.1,44.1,44.1,44.1,44.1,,,,2,12,7,44.1,0.0,SAME,1.0
BPCL,2022-12-08,44.1,44.1,44.1,44.1,44.1,44.1,0.0,0.0,0.0,0.0,0.0,0.0,0.0,0.0,44.1,44.1,44.1,44.0999979972723,44.09968408188408,44.091422131891235,0.0,0.0,0.0,0.0,0.0,0.0,0.0,0.0,0.0,44.1,44.1,44.1,44.1,44.1,44.1,,,,3,12,8,44.1,0.0,SAME,1.0
BPCL,2022-12-09,44.1,44.1,44.1,44.1,44.1,44.1,0.0,0.0,0.0,0.0,0.0,0.0,0.0,0.0,44.1,44.1,44.1,44.09999899863615,44.099789387922726,44.09298174427465,0.0,0.0,0.0,0.0,0.0,0.0,0.0,0.0,0.0,44.1,44.1,44.1,44.1,44.1,44.1,,,,4,12,9,44.1,0.0,SAME,1.0
BPCL,2022-12-12,44.1,44.1,44.1,44.1,44.1,44.1,0.0,0.0,0.0,0.0,0.0,0.0,0.0,0.0,44.1,44.1,44.1,44.09999949931807,44.09985959194849,44.09425779077017,0.0,0.0,0.0,0.0,0.0,0.0,0.0,0.0,0.0,44.1,44.1,44.1,44.1,44.1,44.1,,,,0,12,12,42.0,-2.1000000000000014,DOWN,0.0
BPCL,2022-12-13,42.0,44.1,44.1,44.1,44.1,44.1,-2.1000000000000014,-2.1000000000000014,-2.1000000000000014,-0.04761904761904767,-0.04761904761904767,-0.04761904761904767,-0.048790164169432056,-0.048790164169432056,43.4,43.68,43.89,43.04999974965904,43.399906394632325,43.71348364699378,0.027492869961414798,0.021295885499998033,0.015058465048421317,-2.1000000000000014,-0.04761904761904765,-2.1000000000000014,-0.04761904761904765,-2.1000000000000014,-0.04761904761904765,42.0,44.1,42.0,44.1,42.0,44.1,0.0,0.0,0.0,1,12,13,42.0,0.0,SAME,1.0
BPCL,2022-12-14,42.0,42.0,44.1,44.1,44.1,44.1,0.0,-2.1000000000000014,-2.1000000000000014,0.0,-0.04761904761904767,-0.04761904761904767,0.0,-0.048790164169432056,42.70000000000001,43.260000000000005,43.68,42.52499987482952,42.93327092975488,43.40194116572218,0.027492869961414798,0.021295885499998033,0.015058465048421317,-2.1000000000000014,-0.04761904761904765,-2.1000000000000014,-0.04761904761904765,-2.1000000000000014,-0.04761904761904765,42.0,44.1,42.0,44.1,42.0,44.1,0.0,0.0,0.0,2,12,14,42.0,0.0,SAME,1.0
BPCL,2022-12-15,42.0,42.0,42.0,44.1,44.1,44.1,0.0,0.0,-2.1000000000000014,0.0,0.0,-0.04761904761904767,0.0,0.0,42.0,42.839999999999996,43.47,42.26249993741476,42.62218061983659,43.1470427719545,0.027492869961414798,0.021295885499998033,0.015058465048421317,-2.1000000000000014,-0.04761904761904765,-2.1000000000000014,-0.04761904761904765,-2.1000000000000014,-0.04761904761904765,42.0,42.0,42.0,44.1,42.0,44.1,,0.0,0.0,3,12,15,42.0,0.0,SAME,1.0
BPCL,2022-12-16,42.0,42.0,42.0,42.0,44.1,44.1,0.0,0.0,0.0,0.0,0.0,0.0,0.0,0.0,42.0,42.42,43.260000000000005,42.13124996870738,42.41478707989106,42.93848954069004,0.0,0.021295885499998033,0.015058465048421317,0.0,0.0,-2.1000000000000014,-0.04761904761904765,-2.1000000000000014,-0.04761904761904765,42.0,42.0,42.0,44.1,42.0,44.1,,0.0,0.0,4,12,16,42.0,0.0,SAME,1.0
BPCL,2022-12-19,42.0,42.0,42.0,42.0,44.1,44.1,0.0,0.0,0.0,0.0,0.0,0.0,0.0,0.0,42.0,42.0,43.05,42.06562498435369,42.27652471992738,42.76785507874639,0.0,0.021295885499998033,0.015058465048421317,0.0,0.0,-2.1000000000000014,-0.04761904761904765,-2.1000000000000014,-0.04761904761904765,42.0,42.0,42.0,42.0,42.0,44.1,,,0.0,0,12,19,42.0,0.0,SAME,1.0
BPCL,2022-12-20,42.0,42.0,42.0,42.0,42.0,44.1,0.0,0.0,0.0,0.0,0.0,0.0,0.0,0.0,42.0,42.0,42.839999999999996,42.032812492176845,42.184349813284925,42.62824506442887,0.0,0.0,0.015058465048421317,0.0,0.0,0.0,0.0,-2.1000000000000014,-0.04761904761904765,42.0,42.0,42.0,42.0,42.0,44.1,,,0.0,1,12,20,42.0,0.0,SAME,1.0
BPCL,2022-12-21,42.0,42.0,42.0,42.0,42.0,44.1,0.0,0.0,0.0,0.0,0.0,0.0,0.0,0.0,42.0,42.0,42.63,42.01640624608842,42.12289987552329,42.514018689078156,0.0,0.0,0.015058465048421317,0.0,0.0,0.0,0.0,-2.1000000000000014,-0.04761904761904765,42.0,42.0,42.0,42.0,42.0,44.1,,,0.0,2,12,21,42.0,0.0,SAME,1.0
BPCL,2022-12-22,42.0,42.0,42.0,42.0,42.0,44.1,0.0,0.0,0.0,0.0,0.0,0.0,0.0,0.0,42.0,42.0,42.42,42.00820312304421,42.08193325034886,42.42056074560939,0.0,0.0,0.015058465048421317,0.0,0.0,0.0,0.0,-2.1000000000000014,-0.04761904761904765,42.0,42.0,42.0,42.0,42.0,44.1,,,0.0,3,12,22,42.0,0.0,SAME,1.0
BPCL,2022-12-23,42.0,42.0,42.0,42.0,42.0,44.1,0.0,0.0,0.0,0.0,0.0,0.0,0.0,0.0,42.0,42.0,42.21,42.004101561522106,42.05462216689924,42.34409515549859,0.0,0.0,0.015058465048421317,0.0,0.0,0.0,0.0,-2.1000000000000014,-0.04761904761904765,42.0,42.0,42.0,42.0,42.0,44.1,,,0.0,4,12,23,42.0,0.0,SAME,1.0
BPCL,2022-12-26,42.0,42.0,42.0,42.0,42.0,44.1,0.0,0.0,0.0,0.0,0.0,0.0,0.0,0.0,42.0,42.0,42.0,42.00205078076105,42.03641477793283,42.28153239995339,0.0,0.0,0.015058465048421317,0.0,0.0,0.0,0.0,-2.1000000000000014,-0.04761904761904765,42.0,42.0,42.0,42.0,42.0,42.0,,,,0,12,26,42.0,0.0,SAME,1.0
BPCL,2022-12-27,42.0,42.0,42.0,42.0,42.0,42.0,0.0,0.0,0.0,0.0,0.0,0.0,0.0,0.0,42.0,42.0,42.0,42.001025390380526,42.02427651862189,42.23034469087095,0.0,0.0,0.0,0.0,0.0,0.0,0.0,0.0,0.0,42.0,42.0,42.0,42.0,42.0,42.0,,,,1,12,27,42.0,0.0,SAME,1.0
BPCL,2022-12-28,42.0,42.0,42.0,42.0,42.0,42.0,0.0,0.0,0.0,0.0,0.0,0.0,0.0,0.0,42.0,42.0,42.0,42.00051269519027,42.01618434574793,42.188463837985324,0.0,0.0,0.0,0.0,0.0,0.0,0.0,0.0,0.0,42.0,42.0,42.0,42.0,42.0,42.0,,,,2,12,28,42.0,0.0,SAME,1.0
BPCL,2022-12-29,42.0,42.0,42.0,42.0,42.0,42.0,0.0,0.0,0.0,0.0,0.0,0.0,0.0,0.0,42.0,42.0,42.0,42.00025634759513,42.010789563831956,42.154197685624354,0.0,0.0,0.0,0.0,0.0,0.0,0.0,0.0,0.0,42.0,42.0,42.0,42.0,42.0,42.0,,,,3,12,29,42.0,0.0,SAME,1.0
BPCL,2022-12-30,42.0,42.0,42.0,42.0,42.0,42.0,0.0,0.0,0.0,0.0,0.0,0.0,0.0,0.0,42.0,42.0,42.0,42.00012817379756,42.00719304255464,42.126161742783566,0.0,0.0,0.0,0.0,0.0,0.0,0.0,0.0,0.0,42.0,42.0,42.0,42.0,42.0,42.0,,,,4,12,30,42.0,0.0,SAME,1.0
BPCL,2023-01-03,42.0,42.0,42.0,42.0,42.0,42.0,0.0,0.0,0.0,0.0,0.0,0.0,0.0,0.0,42.0,42.0,42.0,42.00006408689878,42.004795361703096,42.103223244095645,0.0,0.0,0.0,0.0,0.0,0.0,0.0,0.0,0.0,42.0,42.0,42.0,42.0,42.0,42.0,,,,1,1,3,42.0,0.0,SAME,1.0
BPCL,2023-01-04,42.0,42.0,42.0,42.0,42.0,42.0,0.0,0.0,0.0,0.0,0.0,0.0,0.0,0.0,42.0,42.0,42.0,42.000032043449394,42.003196907802064,42.08445538153279,0.0,0.0,0.0,0.0,0.0,0.0,0.0,0.0,0.0,42.0,42.0,42.0,42.0,42.0,42.0,,,,2,1,4,42.0,0.0,SAME,1.0
BPCL,2023-01-05,42.0,42.0,42.0,42.0,42.0,42.0,0.0,0.0,0.0,0.0,0.0,0.0,0.0,0.0,42.0,42.0,42.0,42.0000160217247,42.002131271868045,42.06909985761773,0.0,0.0,0.0,0.0,0.0,0.0,0.0,0.0,0.0,42.0,42.0,42.0,42.0,42.0,42.0,,,,3,1,5,42.0,0.0,SAME,1.0
BPCL,2023-01-06,42.0,42.0,42.0,42.0,42.0,42.0,0.0,0.0,0.0,0.0,0.0,0.0,0.0,0.0,42.0,42.0,42.0,42.000008010862345,42.00142084791203,42.05653624714178,0.0,0.0,0.0,0.0,0.0,0.0,0.0,0.0,0.0,42.0,42.0,42.0,42.0,42.0,42.0,,,,4,1,6,42.0,0.0,SAME,1.0
BPCL,2023-01-09,42.0,42.0,42.0,42.0,42.0,42.0,0.0,0.0,0.0,0.0,0.0,0.0,0.0,0.0,42.0,42.0,42.0,42.00000400543117,42.00094723194135,42.04625692947964,0.0,0.0,0.0,0.0,0.0,0.0,0.0,0.0,0.0,42.0,42.0,42.0,42.0,42.0,42.0,,,,0,1,9,44.1,2.1000000000000014,UP,2.0
BPCL,2023-01-10,44.1,42.0,42.0,42.0,42.0,42.0,2.1000000000000014,2.1000000000000014,2.1000000000000014,0.050000000000000044,0.050000000000000044,0.050000000000000044,0.04879016416943205,0.04879016416943205,42.699999999999996,42.42,42.21,43.05000200271559,42.700631487960905,42.41966476048334,0.02886751345948518,0.022360679774997918,0.015811388300842322,2.1000000000000014,0.05000000000000003,2.1000000000000014,0.05000000000000003,2.1000000000000014,0.05000000000000003,42.0,44.1,42.0,44.1,42.0,44.1,1.0,1.0,1.0,1,1,10,44.1,0.0,SAME,1.0
BPCL,2023-01-11,44.1,44.1,42.0,42.0,42.0,42.0,0.0,2.1000000000000014,2.1000000000000014,0.0,0.050000000000000044,0.050000000000000044,0.0,0.04879016416943205,43.4,42.84,42.42,43.57500100135779,43.16708765864061,42.72518025857728,0.02886751345948518,0.022360679774997918,0.015811388300842322,2.1000000000000014,0.05000000000000003,2.1000000000000014,0.05000000000000003,2.1000000000000014,0.05000000000000003,42.0,44.1,42.0,44.1,42.0,44.1,1.0,1.0,1.0,2,1,11,44.1,0.0,SAME,1.0
BPCL,2023-01-12,44.1,44.1,44.1,42.0,42.0,42.0,0.0,0.0,2.1000000000000014,0.0,0.0,0.050000000000000044,0.0,0.0,44.1,43.260000000000005,42.63,43.8375005006789,43.47805843909374,42.9751474842905,0.02886751345948518,0.022360679774997918,0.015811388300842322,2.1000000000000014,0.05000000000000003,2.1000000000000014,0.05000000000000003,2.1000000000000014,0.05000000000000003,44.1,44.1,42.0,44.1,42.0,44.1,,1.0,1.0,3,1,12,44.1,0.0,SAME,1.0
BPCL,2023-01-13,44.1,44.1,44.1,44.1,42.0,42.0,0.0,0.0,0.0,0.0,0.0,0.0,0.0,0.0,44.1,43.68,42.84,43.968750250339454,43.68537229272917,43.179666123510415,0.0,0.022360679774997918,0.015811388300842322,0.0,0.0,2.1000000000000014,0.05000000000000003,2.1000000000000014,0.05000000000000003,44.1,44.1,42.0,44.1,42.0,44.1,,1.0,1.0,4,1,13,44.1,0.0,SAME,1.0
BPCL,2023-01-16,44.1,44.1,44.1,44.1,42.0,42.0,0.0,0.0,0.0,0.0,0.0,0.0,0.0,0.0,44.1,44.1,43.05,44.03437512516973,43.823581528486116,43.346999555599425,0.0,0.022360679774997918,0.015811388300842322,0.0,0.0,2.1000000000000014,0.05000000000000003,2.1000000000000014,0.05000000000000003,44.1,44.1,44.1,44.1,42.0,44.1,,,1.0,0,1,16,44.1,0.0,SAME,1.0
BPCL,2023-01-17,44.1,44.1,44.1,44.1,44.1,42.0,0.0,0.0,0.0,0.0,0.0,0.0,0.0,0.0,44.1,44.1,43.260000000000005,44.06718756258486,43.91572101899075,43.48390872730862,0.0,0.0,0.015811388300842322,0.0,0.0,0.0,0.0,2.1000000000000014,0.05000000000000003,44.1,44.1,44.1,44.1,42.0,44.1,,,1.0,1,1,17,44.1,0.0,SAME,1.0
BPCL,2023-01-18,44.1,44.1,44.1,44.1,44.1,42.0,0.0,0.0,0.0,0.0,0.0,0.0,0.0,0.0,44.1,44.1,43.470000000000006,44.083593781292436,43.97714734599384,43.59592532234342,0.0,0.0,0.015811388300842322,0.0,0.0,0.0,0.0,2.1000000000000014,0.05000000000000003,44.1,44.1,44.1,44.1,42.0,44.1,,,1.0,2,1,18,44.1,0.0,SAME,1.0
BPCL,2023-01-19,44.1,44.1,44.1,44.1,44.1,42.0,0.0,0.0,0.0,0.0,0.0,0.0,0.0,0.0,44.1,44.1,43.68,44.09179689064622,44.01809823066256,43.687575263735525,0.0,0.0,0.015811388300842322,0.0,0.0,0.0,0.0,2.1000000000000014,0.05000000000000003,44.1,44.1,44.1,44.1,42.0,44.1,,,1.0,3,1,19,44.1,0.0,SAME,1.0
BPCL,2023-01-20,44.1,44.1,44.1,44.1,44.1,42.0,0.0,0.0,0.0,0.0,0.0,0.0,0.0,0.0,44.1,44.1,43.89,44.095898445323115,44.045398820441704,43.76256157941998,0.0,0.0,0.015811388300842322,0.0,0.0,0.0,0.0,2.1000000000000014,0.05000000000000003,44.1,44.1,44.1,44.1,42.0,44.1,,,1.0,4,1,20,44.1,0.0,SAME,1.0
BPCL,2023-01-23,44.1,44.1,44.1,44.1,44.1,42.0,0.0,0.0,0.0,0.0,0.0,0.0,0.0,0.0,44.1,44.1,44.1,44.097949222661555,44.06359921362781,43.82391401952543,0.0,0.0,0.015811388300842322,0.0,0.0,0.0,0.0,2.1000000000000014,0.05000000000000003,44.1,44.1,44.1,44.1,44.1,44.1,,,,0,1,23,44.1,0.0,SAME,1.0
BPCL,2023-01-24,44.1,44.1,44.1,44.1,44.1,44.1,0.0,0.0,0.0,0.0,0.0,0.0,0.0,0.0,44.1,44.1,44.1,44.098974611330775,44.07573280908521,43.8741114705208,0.0,0.0,0.0,0.0,0.0,0.0,0.0,0.0,0.0,44.1,44.1,44.1,44.1,44.1,44.1,,,,1,1,24,44.1,0.0,SAME,1.0
BPCL,2023-01-25,44.1,44.1,44.1,44.1,44.1,44.1,0.0,0.0,0.0,0.0,0.0,0.0,0.0,0.0,44.1,44.1,44.1,44.09948730566539,44.083821872723476,43.915182112244295,0.0,0.0,0.0,0.0,0.0,0.0,0.0,0.0,0.0,44.1,44.1,44.1,44.1,44.1,44.1,,,,2,1,25,44.1,0.0,SAME,1.0
BPCL,2023-01-26,44.1,44.1,44.1,44.1,44.1,44.1,0.0,0.0,0.0,0.0,0.0,0.0,0.0,0.0,44.1,44.1,44.1,44.0997436528327,44.089214581815654,43.94878536456352,0.0,0.0,0.0,0.0,0.0,0.0,0.0,0.0,0.0,44.1,44.1,44.1,44.1,44.1,44.1,,,,3,1,26,44.1,0.0,SAME,1.0
BPCL,2023-01-27,44.1,44.1,44.1,44.1,44.1,44.1,0.0,0.0,0.0,0.0,0.0,0.0,0.0,0.0,44.1,44.1,44.1,44.09987182641635,44.09280972121044,43.97627893464288,0.0,0.0,0.0,0.0,0.0,0.0,0.0,0.0,0.0,44.1,44.1,44.1,44.1,44.1,44.1,,,,4,1,27,44.1,0.0,SAME,1.0
BPCL,2023-01-30,44.1,44.1,44.1,44.1,44.1,44.1,0.0,0.0,0.0,0.0,0.0,0.0,0.0,0.0,44.1,44.1,44.1,44.09993591320817,44.095206480806965,43.99877367379872,0.0,0.0,0.0,0.0,0.0,0.0,0.0,0.0,0.0,44.1,44.1,44.1,44.1,44.1,44.1,,,,0,1,30,44.1,0.0,SAME,1.0
BPCL,2023-01-31,44.1,44.1,44.1,44.1,44.1,44.1,0.0,0.0,0.0,0.0,0.0,0.0,0.0,0.0,44.1,44.1,44.1,44.09996795660409,44.096804320537984,44.01717846038078,0.0,0.0,0.0,0.0,0.0,0.0,0.0,0.0,0.0,44.1,44.1,44.1,44.1,44.1,44.1,,,,1,1,31,44.1,0.0,SAME,1.0
BPCL,2023-02-01,44.1,44.1,44.1,44.1,44.1,44.1,0.0,0.0,0.0,0.0,0.0,0.0,0.0,0.0,44.1,44.1,44.1,44.09998397830205,44.097869547025326,44.03223692212973,0.0,0.0,0.0,0.0,0.0,0.0,0.0,0.0,0.0,44.1,44.1,44.1,44.1,44.1,44.1,,,,2,2,1,44.1,0.0,SAME,1.0
BPCL,2023-02-02,44.1,44.1,44.1,44.1,44.1,44.1,0.0,0.0,0.0,0.0,0.0,0.0,0.0,0.0,44.1,44.1,44.1,44.09999198915102,44.09857969801689,44.0445574817425,0.0,0.0,0.0,0.0,0.0,0.0,0.0,0.0,0.0,44.1,44.1,44.1,44.1,44.1,44.1,,,,3,2,2,44.1,0.0,SAME,1.0
BPCL,2023-02-03,44.1,44.1,44.1,44.1,44.1,44.1,0.0,0.0,0.0,0.0,0.0,0.0,0.0,0.0,44.1,44.1,44.1,44.09999599457551,44.099053132011264,44.0546379396075,0.0,0.0,0.0,0.0,0.0,0.0,0.0,0.0,0.0,44.1,44.1,44.1,44.1,44.1,44.1,,,,4,2,3,44.1,0.0,SAME,1.0
BPCL,2023-02-06,44.1,44.1,44.1,44.1,44.1,44.1,0.0,0.0,0.0,0.0,0.0,0.0,0.0,0.0,44.1,44.1,44.1,44.09999799728776,44.099368754674174,44.062885586951595,0.0,0.0,0.0,0.0,0.0,0.0,0.0,0.0,0.0,44.1,44.1,44.1,44.1,44.1,44.1,,,,0,2,6,44.1,0.0,SAME,1.0
BPCL,2023-02-07,44.1,44.1,44.1,44.1,44.1,44.1,0.0,0.0,0.0,0.0,0.0,0.0,0.0,0.0,44.1,44.1,44.1,44.09999899864388,44.099579169782785,44.0696336620513,0.0,0.0,0.0,0.0,0.0,0.0,0.0,0.0,0.0,44.1,44.1,44.1,44.1,44.1,44.1,,,,1,2,7,44.1,0.0,SAME,1.0
BPCL,2023-02-08,44.1,44.1,44.1,44.1,44.1,44.1,0.0,0.0,0.0,0.0,0.0,0.0,0.0,0.0,44.1,44.1,44.1,44.09999949932194,44.09971944652186,44.07515481440561,0.0,0.0,0.0,0.0,0.0,0.0,0.0,0.0,0.0,44.1,44.1,44.1,44.1,44.1,44.1,,,,2,2,8,44.1,0.0,SAME,1.0
BPCL,2023-02-09,44.1,44.1,44.1,44.1,44.1,44.1,0.0,0.0,0.0,0.0,0.0,0.0,0.0,0.0,44.1,44.1,44.1,44.09999974966097,44.099812964347905,44.07967212087732,0.0,0.0,0.0,0.0,0.0,0.0,0.0,0.0,0.0,44.1,44.1,44.1,44.1,44.1,44.1,,,,3,2,9,44.1,0.0,SAME,1.0
BPCL,2023-02-10,44.1,44.1,44.1,44.1,44.1,44.1,0.0,0.0,0.0,0.0,0.0,0.0,0.0,0.0,44.1,44.1,44.1,44.09999987483049,44.09987530956528,44.083368098899626,0.0,0.0,0.0,0.0,0.0,0.0,0.0,0.0,0.0,44.1,44.1,44.1,44.1,44.1,44.1,,,,4,2,10,44.1,0.0,SAME,1.0
BPCL,2023-02-13,44.1,44.1,44.1,44.1,44.1,44.1,0.0,0.0,0.0,0.0,0.0,0.0,0.0,0.0,44.1,44.1,44.1,44.09999993741525,44.099916873043526,44.086392080917875,0.0,0.0,0.0,0.0,0.0,0.0,0.0,0.0,0.0,44.1,44.1,44.1,44.1,44.1,44.1,,,,0,2,13,44.1,0.0,SAME,1.0
BPCL,2023-02-14,44.1,44.1,44.1,44.1,44.1,44.1,0.0,0.0,0.0,0.0,0.0,0.0,0.0,0.0,44.1,44.1,44.1,44.09999996870762,44.099944582029025,44.08886624802372,0.0,0.0,0.0,0.0,0.0,0.0,0.0,0.0,0.0,44.1,44.1,44.1,44.1,44.1,44.1,,,,1,2,14,44.1,0.0,SAME,1.0
BPCL,2023-02-15,44.1,44.1,44.1,44.1,44.1,44.1,0.0,0.0,0.0,0.0,0.0,0.0,0.0,0.0,44.1,44.1,44.1,44.099999984353815,44.099963054686015,44.090890566564866,0.0,0.0,0.0,0.0,0.0,0.0,0.0,0.0,0.0,44.1,44.1,44.1,44.1,44.1,44.1,,,,2,2,15,44.1,0.0,SAME,1.0
BPCL,2023-02-16,44.1,44.1,44.1,44.1,44.1,44.1,0.0,0.0,0.0,0.0,0.0,0.0,0.0,0.0,44.1,44.1,44.1,44.099999992176905,44.099975369790684,44.09254682718944,0.0,0.0,0.0,0.0,0.0,0.0,0.0,0.0,0.0,44.1,44.1,44.1,44.1,44.1,44.1,,,,3,2,16,44.1,0.0,SAME,1.0
BPCL,2023-02-17,44.1,44.1,44.1,44.1,44.1,44.1,0.0,0.0,0.0,0.0,0.0,0.0,0.0,0.0,44.1,44.1,44.1,44.09999999608846,44.099983579860464,44.093901949518624,0.0,0.0,0.0,0.0,0.0,0.0,0.0,0.0,0.0,44.1,44.1,44.1,44.1,44.1,44.1,,,,4,2,17,44.1,0.0,SAME,1.0
BPCL,2023-02-20,44.1,44.1,44.1,44.1,44.1,44.1,0.0,0.0,0.0,0.0,0.0,0.0,0.0,0.0,44.1,44.1,44.1,44.099999998044225,44.09998905324031,44.09501068596978,0.0,0.0,0.0,0.0,0.0,0.0,0.0,0.0,0.0,44.1,44.1,44.1,44.1,44.1,44.1,,,,0,2,20,44.1,0.0,SAME,1.0
BPCL,2023-02-24,44.1,44.1,44.1,44.1,44.1,44.1,0.0,0.0,0.0,0.0,0.0,0.0,0.0,0.0,44.1,44.1,44.1,44.09999999902212,44.09999270216021,44.09591783397528,0.0,0.0,0.0,0.0,0.0,0.0,0.0,0.0,0.0,44.1,44.1,44.1,44.1,44.1,44.1,,,,4,2,24,44.1,0.0,SAME,1.0
BPCL,2023-02-27,44.1,44.1,44.1,44.1,44.1,44.1,0.0,0.0,0.0,0.0,0.0,0.0,0.0,0.0,44.1,44.1,44.1,44.099999999511056,44.09999513477348,44.096660045979775,0.0,0.0,0.0,0.0,0.0,0.0,0.0,0.0,0.0,44.1,44.1,44.1,44.1,44.1,44.1,,,,0,2,27,44.1,0.0,SAME,1.0
BPCL,2023-02-28,44.1,44.1,44.1,44.1,44.1,44.1,0.0,0.0,0.0,0.0,0.0,0.0,0.0,0.0,44.1,44.1,44.1,44.099999999755525,44.09999675651565,44.09726731034709,0.0,0.0,0.0,0.0,0.0,0.0,0.0,0.0,0.0,44.1,44.1,44.1,44.1,44.1,44.1,,,,1,2,28,44.1,0.0,SAME,1.0
BPCL,2023-03-01,44.1,44.1,44.1,44.1,44.1,44.1,0.0,0.0,0.0,0.0,0.0,0.0,0.0,0.0,44.1,44.1,44.1,44.09999999987777,44.09999783767711,44.09776416301126,0.0,0.0,0.0,0.0,0.0,0.0,0.0,0.0,0.0,44.1,44.1,44.1,44.1,44.1,44.1,,,,2,3,1,44.1,0.0,SAME,1.0
BPCL,2023-03-02,44.1,44.1,44.1,44.1,44.1,44.1,0.0,0.0,0.0,0.0,0.0,0.0,0.0,0.0,44.1,44.1,44.1,44.09999999993889,44.099998558451404,44.0981706788274,0.0,0.0,0.0,0.0,0.0,0.0,0.0,0.0,0.0,44.1,44.1,44.1,44.1,44.1,44.1,,,,3,3,2,44.1,0.0,SAME,1.0
BPCL,2023-03-03,44.1,44.1,44.1,44.1,44.1,44.1,0.0,0.0,0.0,0.0,0.0,0.0,0.0,0.0,44.1,44.1,44.1,44.09999999996944,44.09999903896761,44.09850328267696,0.0,0.0,0.0,0.0,0.0,0.0,0.0,0.0,0.0,44.1,44.1,44.1,44.1,44.1,44.1,,,,4,3,3,44.1,0.0,SAME,1.0
BPCL,2023-03-06,44.1,44.1,44.1,44.1,44.1,44.1,0.0,0.0,0.0,0.0,0.0,0.0,0.0,0.0,44.1,44.1,44.1,44.09999999998472,44.09999935931174,44.09877541309933,0.0,0.0,0.0,0.0,0.0,0.0,0.0,0.0,0.0,44.1,44.1,44.1,44.1,44.1,44.1,,,,0,3,6,44.1,0.0,SAME,1.0
BPCL,2023-03-07,44.1,44.1,44.1,44.1,44.1,44.1,0.0,0.0,0.0,0.0,0.0,0.0,0.0,0.0,44.1,44.1,44.1,44.09999999999236,44.099999572874495,44.09899806526309,0.0,0.0,0.0,0.0,0.0,0.0,0.0,0.0,0.0,44.1,44.1,44.1,44.1,44.1,44.1,,,,1,3,7,44.1,0.0,SAME,1.0
BPCL,2023-03-08,44.1,44.1,44.1,44.1,44.1,44.1,0.0,0.0,0.0,0.0,0.0,0.0,0.0,0.0,44.1,44.1,44.1,44.099999999996186,44.099999715249666,44.09918023521526,0.0,0.0,0.0,0.0,0.0,0.0,0.0,0.0,0.0,44.1,44.1,44.1,44.1,44.1,44.1,,,,2,3,8,44.1,0.0,SAME,1.0
BPCL,2023-03-09,44.1,44.1,44.1,44.1,44.1,44.1,0.0,0.0,0.0,0.0,0.0,0.0,0.0,0.0,44.1,44.1,44.1,44.09999999999809,44.09999981016645,44.09932928335793,0.0,0.0,0.0,0.0,0.0,0.0,0.0,0.0,0.0,44.1,44.1,44.1,44.1,44.1,44.1,,,,3,3,9,44.1,0.0,SAME,1.0
BPCL,2023-03-10,44.1,44.1,44.1,44.1,44.1,44.1,0.0,0.0,0.0,0.0,0.0,0.0,0.0,0.0,44.1,44.1,44.1,44.09999999999904,44.099999873444304,44.0994512318383,0.0,0.0,0.0,0.0,0.0,0.0,0.0,0.0,0.0,44.1,44.1,44.1,44.1,44.1,44.1,,,,4,3,10,44.1,0.0,SAME,1.0
BPCL,2023-03-13,44.1,44.1,44.1,44.1,44.1,44.1,0.0,0.0,0.0,0.0,0.0,0.0,0.0,0.0,44.1,44.1,44.1,44.099999999999525,44.09999991562954,44.0995510078677,0.0,0.0,0.0,0.0,0.0,0.0,0.0,0.0,0.0,44.1,44.1,44.1,44.1,44.1,44.1,,,,0,3,13,44.1,0.0,SAME,1.0
BPCL,2023-03-14,44.1,44.1,44.1,44.1,44.1,44.1,0.0,0.0,0.0,0.0,0.0,0.0,0.0,0.0,44.1,44.1,44.1,44.09999999999977,44.09999994375303,44.09963264280084,0.0,0.0,0.0,0.0,0.0,0.0,0.0,0.0,0.0,44.1,44.1,44.1,44.1,44.1,44.1,,,,1,3,14,44.1,0.0,SAME,1.0
BPCL,2023-03-15,44.1,44.1,44.1,44.1,44.1,44.1,0.0,0.0,0.0,0.0,0.0,0.0,0.0,0.0,44.1,44.1,44.1,44.09999999999988,44.099999962502025,44.09969943501886,0.0,0.0,0.0,0.0,0.0,0.0,0.0,0.0,0.0,44.1,44.1,44.1,44.1,44.1,44.1,,,,2,3,15,44.1,0.0,SAME,1.0
BPCL,2023-03-16,44.1,44.1,44.1,44.1,44.1,44.1,0.0,0.0,0.0,0.0,0.0,0.0,0.0,0.0,44.1,44.1,44.1,44.09999999999994,44.09999997500135,44.099754083197254,0.0,0.0,0.0,0.0,0.0,0.0,0.0,0.0,0.0,44.1,44.1,44.1,44.1,44.1,44.1,,,,3,3,16,44.1,0.0,SAME,1.0
BPCL,2023-03-17,44.1,44.1,44.1,44.1,44.1,44.1,0.0,0.0,0.0,0.0,0.0,0.0,0.0,0.0,44.1,44.1,44.1,44.099999999999966,44.09999998333424,44.099798795343204,0.0,0.0,0.0,0.0,0.0,0.0,0.0,0.0,0.0,44.1,44.1,44.1,44.1,44.1,44.1,,,,4,3,17,44.1,0.0,SAME,1.0
BPCL,2023-03-20,44.1,44.1,44.1,44.1,44.1,44.1,0.0,0.0,0.0,0.0,0.0,0.0,0.0,0.0,44.1,44.1,44.1,44.09999999999998,44.09999998888949,44.09983537800808,0.0,0.0,0.0,0.0,0.0,0.0,0.0,0.0,0.0,44.1,44.1,44.1,44.1,44.1,44.1,,,,0,3,20,44.1,0.0,SAME,1.0
BPCL,2023-03-21,44.1,44.1,44.1,44.1,44.1,44.1,0.0,0.0,0.0,0.0,0.0,0.0,0.0,0.0,44.1,44.1,44.1,44.099999999999994,44.099999992593,44.09986530927934,0.0,0.0,0.0,0.0,0.0,0.0,0.0,0.0,0.0,44.1,44.1,44.1,44.1,44.1,44.1,,,,1,3,21,44.1,0.0,SAME,1.0
BPCL,2023-03-22,44.1,44.1,44.1,44.1,44.1,44.1,0.0,0.0,0.0,0.0,0.0,0.0,0.0,0.0,44.1,44.1,44.1,44.099999999999994,44.09999999506201,44.09988979850128,0.0,0.0,0.0,0.0,0.0,0.0,0.0,0.0,0.0,44.1,44.1,44.1,44.1,44.1,44.1,,,,2,3,22,44.1,0.0,SAME,1.0
BPCL,2023-03-23,44.1,44.1,44.1,44.1,44.1,44.1,0.0,0.0,0.0,0.0,0.0,0.0,0.0,0.0,44.1,44.1,44.1,44.099999999999994,44.09999999670801,44.09990983513741,0.0,0.0,0.0,0.0,0.0,0.0,0.0,0.0,0.0,44.1,44.1,44.1,44.1,44.1,44.1,,,,3,3,23,44.1,0.0,SAME,1.0
BPCL,2023-03-24,44.1,44.1,44.1,44.1,44.1,44.1,0.0,0.0,0.0,0.0,0.0,0.0,0.0,0.0,44.1,44.1,44.1,44.099999999999994,44.09999999780534,44.099926228748785,0.0,0.0,0.0,0.0,0.0,0.0,0.0,0.0,0.0,44.1,44.1,44.1,44.1,44.1,44.1,,,,4,3,24,44.1,0.0,SAME,1.0
BPCL,2023-03-27,44.1,44.1,44.1,44.1,44.1,44.1,0.0,0.0,0.0,0.0,0.0,0.0,0.0,0.0,44.1,44.1,44.1,44.099999999999994,44.0999999985369,44.09993964170356,0.0,0.0,0.0,0.0,0.0,0.0,0.0,0.0,0.0,44.1,44.1,44.1,44.1,44.1,44.1,,,,0,3,27,44.1,0.0,SAME,1.0
BPCL,2023-03-28,44.1,44.1,44.1,44.1,44.1,44.1,0.0,0.0,0.0,0.0,0.0,0.0,0.0,0.0,44.1,44.1,44.1,44.099999999999994,44.099999999024604,44.09995061593928,0.0,0.0,0.0,0.0,0.0,0.0,0.0,0.0,0.0,44.1,44.1,44.1,44.1,44.1,44.1,,,,1,3,28,44.1,0.0,SAME,1.0
BPCL,2023-03-29,44.1,44.1,44.1,44.1,44.1,44.1,0.0,0.0,0.0,0.0,0.0,0.0,0.0,0.0,44.1,44.1,44.1,44.099999999999994,44.099999999349734,44.09995959485941,0.0,0.0,0.0,0.0,0.0,0.0,0.0,0.0,0.0,44.1,44.1,44.1,44.1,44.1,44.1,,,,2,3,29,44.1,0.0,SAME,1.0
BPCL,2023-03-30,44.1,44.1,44.1,44.1,44.1,44.1,0.0,0.0,0.0,0.0,0.0,0.0,0.0,0.0,44.1,44.1,44.1,44.099999999999994,44.09999999956649,44.09996694124861,0.0,0.0,0.0,0.0,0.0,0.0,0.0,0.0,0.0,44.1,44.1,44.1,44.1,44.1,44.1,,,,3,3,30,44.1,0.0,SAME,1.0
BPCL,2023-03-31,44.1,44.1,44.1,44.1,44.1,44.1,0.0,0.0,0.0,0.0,0.0,0.0,0.0,0.0,44.1,44.1,44.1,44.099999999999994,44.099999999711,44.09997295193068,0.0,0.0,0.0,0.0,0.0,0.0,0.0,0.0,0.0,44.1,44.1,44.1,44.1,44.1,44.1,,,,4,3,31,44.1,0.0,SAME,1.0
BPCL,2023-04-03,44.1,44.1,44.1,44.1,44.1,44.1,0.0,0.0,0.0,0.0,0.0,0.0,0.0,0.0,44.1,44.1,44.1,44.099999999999994,44.09999999980734,44.09997786976146,0.0,0.0,0.0,0.0,0.0,0.0,0.0,0.0,0.0,44.1,44.1,44.1,44.1,44.1,44.1,,,,0,4,3,44.1,0.0,SAME,1.0
BPCL,2023-04-04,44.1,44.1,44.1,44.1,44.1,44.1,0.0,0.0,0.0,0.0,0.0,0.0,0.0,0.0,44.1,44.1,44.1,44.099999999999994,44.09999999987156,44.099981893441196,0.0,0.0,0.0,0.0,0.0,0.0,0.0,0.0,0.0,44.1,44.1,44.1,44.1,44.1,44.1,,,,1,4,4,44.1,0.0,SAME,1.0
BPCL,2023-04-05,44.1,44.1,44.1,44.1,44.1,44.1,0.0,0.0,0.0,0.0,0.0,0.0,0.0,0.0,44.1,44.1,44.1,44.099999999999994,44.099999999914374,44.09998518554279,0.0,0.0,0.0,0.0,0.0,0.0,0.0,0.0,0.0,44.1,44.1,44.1,44.1,44.1,44.1,,,,2,4,5,44.1,0.0,SAME,1.0
BPCL,2023-04-06,44.1,44.1,44.1,44.1,44.1,44.1,0.0,0.0,0.0,0.0,0.0,0.0,0.0,0.0,44.1,44.1,44.1,44.099999999999994,44.09999999994292,44.09998787908046,0.0,0.0,0.0,0.0,0.0,0.0,0.0,0.0,0.0,44.1,44.1,44.1,44.1,44.1,44.1,,,,3,4,6,44.1,0.0,SAME,1.0
BPCL,2023-04-07,44.1,44.1,44.1,44.1,44.1,44.1,0.0,0.0,0.0,0.0,0.0,0.0,0.0,0.0,44.1,44.1,44.1,44.099999999999994,44.09999999996195,44.099990082884005,0.0,0.0,0.0,0.0,0.0,0.0,0.0,0.0,0.0,44.1,44.1,44.1,44.1,44.1,44.1,,,,4,4,7,44.1,0.0,SAME,1.0
BPCL,2023-04-10,44.1,44.1,44.1,44.1,44.1,44.1,0.0,0.0,0.0,0.0,0.0,0.0,0.0,0.0,44.1,44.1,44.1,44.099999999999994,44.09999999997464,44.099991885996005,0.0,0.0,0.0,0.0,0.0,0.0,0.0,0.0,0.0,44.1,44.1,44.1,44.1,44.1,44.1,,,,0,4,10,44.1,0.0,SAME,1.0
BPCL,2023-04-11,44.1,44.1,44.1,44.1,44.1,44.1,0.0,0.0,0.0,0.0,0.0,0.0,0.0,0.0,44.1,44.1,44.1,44.099999999999994,44.0999999999831,44.099993361269455,0.0,0.0,0.0,0.0,0.0,0.0,0.0,0.0,0.0,44.1,44.1,44.1,44.1,44.1,44.1,,,,1,4,11,44.1,0.0,SAME,1.0
BPCL,2023-04-12,44.1,44.1,44.1,44.1,44.1,44.1,0.0,0.0,0.0,0.0,0.0,0.0,0.0,0.0,44.1,44.1,44.1,44.099999999999994,44.09999999998874,44.099994568311374,0.0,0.0,0.0,0.0,0.0,0.0,0.0,0.0,0.0,44.1,44.1,44.1,44.1,44.1,44.1,,,,2,4,12,44.1,0.0,SAME,1.0
BPCL,2023-04-13,44.1,44.1,44.1,44.1,44.1,44.1,0.0,0.0,0.0,0.0,0.0,0.0,0.0,0.0,44.1,44.1,44.1,44.099999999999994,44.09999999999249,44.09999555589113,0.0,0.0,0.0,0.0,0.0,0.0,0.0,0.0,0.0,44.1,44.1,44.1,44.1,44.1,44.1,,,,3,4,13,44.1,0.0,SAME,1.0
BPCL,2023-04-14,44.1,44.1,44.1,44.1,44.1,44.1,0.0,0.0,0.0,0.0,0.0,0.0,0.0,0.0,44.1,44.1,44.1,44.099999999999994,44.09999999999499,44.09999636391092,0.0,0.0,0.0,0.0,0.0,0.0,0.0,0.0,0.0,44.1,44.1,44.1,44.1,44.1,44.1,,,,4,4,14,44.1,0.0,SAME,1.0
BPCL,2023-04-17,44.1,44.1,44.1,44.1,44.1,44.1,0.0,0.0,0.0,0.0,0.0,0.0,0.0,0.0,44.1,44.1,44.1,44.099999999999994,44.09999999999667,44.09999702501803,0.0,0.0,0.0,0.0,0.0,0.0,0.0,0.0,0.0,44.1,44.1,44.1,44.1,44.1,44.1,,,,0,4,17,44.1,0.0,SAME,1.0
BPCL,2023-04-18,44.1,44.1,44.1,44.1,44.1,44.1,0.0,0.0,0.0,0.0,0.0,0.0,0.0,0.0,44.1,44.1,44.1,44.099999999999994,44.09999999999778,44.09999756592384,0.0,0.0,0.0,0.0,0.0,0.0,0.0,0.0,0.0,44.1,44.1,44.1,44.1,44.1,44.1,,,,1,4,18,44.1,0.0,SAME,1.0
BPCL,2023-04-19,44.1,44.1,44.1,44.1,44.1,44.1,0.0,0.0,0.0,0.0,0.0,0.0,0.0,0.0,44.1,44.1,44.1,44.099999999999994,44.099999999998516,44.09999800848314,0.0,0.0,0.0,0.0,0.0,0.0,0.0,0.0,0.0,44.1,44.1,44.1,44.1,44.1,44.1,,,,2,4,19,44.1,0.0,SAME,1.0
BPCL,2023-04-21,44.1,44.1,44.1,44.1,44.1,44.1,0.0,0.0,0.0,0.0,0.0,0.0,0.0,0.0,44.1,44.1,44.1,44.099999999999994,44.099999999999014,44.09999837057711,0.0,0.0,0.0,0.0,0.0,0.0,0.0,0.0,0.0,44.1,44.1,44.1,44.1,44.1,44.1,,,,4,4,21,44.1,0.0,SAME,1.0
BPCL,2023-04-24,44.1,44.1,44.1,44.1,44.1,44.1,0.0,0.0,0.0,0.0,0.0,0.0,0.0,0.0,44.1,44.1,44.1,44.099999999999994,44.09999999999934,44.099998666835816,0.0,0.0,0.0,0.0,0.0,0.0,0.0,0.0,0.0,44.1,44.1,44.1,44.1,44.1,44.1,,,,0,4,24,44.1,0.0,SAME,1.0
BPCL,2023-04-25,44.1,44.1,44.1,44.1,44.1,44.1,0.0,0.0,0.0,0.0,0.0,0.0,0.0,0.0,44.1,44.1,44.1,44.099999999999994,44.09999999999957,44.0999989092293,0.0,0.0,0.0,0.0,0.0,0.0,0.0,0.0,0.0,44.1,44.1,44.1,44.1,44.1,44.1,,,,1,4,25,45.0,0.8999999999999986,UP,2.0
BPCL,2023-04-26,45.0,44.1,44.1,44.1,44.1,44.1,0.8999999999999986,0.8999999999999986,0.8999999999999986,0.020408163265306145,0.020408163265306145,0.020408163265306145,0.02020270731751947,0.02020270731751947,44.4,44.28,44.19,44.55,44.399999999999714,44.263635471187605,0.01178265855489977,0.009126808071427732,0.006453627877895678,0.8999999999999986,0.02040816326530609,0.8999999999999986,0.02040816326530609,0.8999999999999986,0.02040816326530609,44.1,45.0,44.1,45.0,44.1,45.0,1.0,1.0,1.0,2,4,26,42.75,-2.25,DOWN,0.0
BPCL,2023-04-27,42.75,45.0,44.1,44.1,44.1,44.1,-2.25,-1.3500000000000014,-1.3500000000000014,-0.050000000000000044,-0.030612244897959218,-0.030612244897959218,-0.05129329438755058,-0.03109058707003112,43.95000000000001,44.010000000000005,44.055,43.65,43.84999999999981,43.98842902188077,0.03622568743828688,0.026178988557604938,0.017729214583500425,-1.3500000000000014,-0.030612244897959214,-1.3500000000000014,-0.030612244897959214,-1.3500000000000014,-0.030612244897959214,42.75,45.0,42.75,45.0,42.75,45.0,0.0,0.0,0.0,3,4,27,42.75,0.0,SAME,1.0
BPCL,2023-04-28,42.75,42.75,45.0,44.1,44.1,44.1,0.0,-2.25,-1.3500000000000014,0.0,-0.050000000000000044,-0.030612244897959218,0.0,-0.05129329438755058,43.5,43.739999999999995,43.92,43.2,43.483333333333206,43.76326010881154,0.03622568743828688,0.026178988557604938,0.017729214583500425,-1.3500000000000014,-0.030612244897959214,-1.3500000000000014,-0.030612244897959214,-1.3500000000000014,-0.030612244897959214,42.75,45.0,42.75,45.0,42.75,45.0,0.0,0.0,0.0,4,4,28,41.0,-1.75,DOWN,0.0
BPCL,2023-05-01,41.0,42.75,42.75,45.0,44.1,44.1,-1.75,-1.75,-4.0,-0.040935672514619936,-0.040935672514619936,-0.0888888888888889,-0.04179712867846148,-0.04179712867846148,42.166666666666664,43.12,43.61,42.1,42.65555555555547,43.260849179936706,0.02663922958404187,0.029989150120940396,0.021330232733002656,-4.0,-0.08888888888888889,-3.1000000000000014,-0.0702947845804989,-3.1000000000000014,-0.0702947845804989,41.0,42.75,41.0,45.0,41.0,45.0,0.0,0.0,0.0,0,5,1,41.0,0.0,SAME,1.0
BPCL,2023-05-03,41.0,41.0,42.75,42.75,44.1,44.1,0.0,-1.75,-1.75,0.0,-0.040935672514619936,-0.040935672514619936,0.0,-0.04179712867846148,41.583333333333336,42.5,43.3,41.55,42.10370370370365,42.84978569267548,0.023634221545778857,0.029989150120940396,0.021330232733002656,-1.75,-0.04093567251461988,-3.1000000000000014,-0.0702947845804989,-3.1000000000000014,-0.0702947845804989,41.0,42.75,41.0,45.0,41.0,45.0,0.0,0.0,0.0,2,5,3,41.0,0.0,SAME,1.0
BPCL,2023-05-04,41.0,41.0,41.0,42.75,45.0,44.1,0.0,0.0,-1.75,0.0,0.0,-0.040935672514619936,0.0,0.0,41.0,41.7,42.989999999999995,41.275,41.73580246913577,42.51346102127994,0.023634221545778857,0.025109111777833634,0.021330232733002656,-1.75,-0.04093567251461988,-4.0,-0.08888888888888889,-3.1000000000000014,-0.0702947845804989,41.0,41.0,41.0,42.75,41.0,45.0,,0.0,0.0,3,5,4,41.0,0.0,SAME,1.0
BPCL,2023-05-05,41.0,41.0,41.0,41.0,42.75,44.1,0.0,0.0,0.0,0.0,0.0,0.0,0.0,0.0,41.0,41.35,42.68,41.1375,41.49053497942385,42.23828629013813,0.0,0.018306989289471998,0.021330232733002656,0.0,0.0,-1.75,-0.04093567251461988,-3.1000000000000014,-0.0702947845804989,41.0,41.0,41.0,42.75,41.0,45.0,,0.0,0.0,4,5,5,41.0,0.0,SAME,1.0
BPCL,2023-05-08,41.0,41.0,41.0,41.0,42.75,44.1,0.0,0.0,0.0,0.0,0.0,0.0,0.0,0.0,41.0,41.0,42.37,41.06875,41.327023319615904,42.01314332829483,0.0,0.018306989289471998,0.021330232733002656,0.0,0.0,-1.75,-0.04093567251461988,-3.1000000000000014,-0.0702947845804989,41.0,41.0,41.0,41.0,41.0,45.0,,,0.0,0,5,8,41.0,0.0,SAME,1.0
BPCL,2023-05-09,41.0,41.0,41.0,41.0,41.0,44.1,0.0,0.0,0.0,0.0,0.0,0.0,0.0,0.0,41.0,41.0,42.06,41.034375,41.218015546410605,41.82893545042304,0.0,0.0,0.021330232733002656,0.0,0.0,0.0,0.0,-3.1000000000000014,-0.0702947845804989,41.0,41.0,41.0,41.0,41.0,45.0,,,0.0,1,5,9,41.0,0.0,SAME,1.0
BPCL,2023-05-10,41.0,41.0,41.0,41.0,41.0,44.1,0.0,0.0,0.0,0.0,0.0,0.0,0.0,0.0,41.0,41.0,41.75,41.0171875,41.145343697607075,41.67821991398248,0.0,0.0,0.021330232733002656,0.0,0.0,0.0,0.0,-3.1000000000000014,-0.0702947845804989,41.0,41.0,41.0,41.0,41.0,45.0,,,0.0,2,5,10,41.0,0.0,SAME,1.0
BPCL,2023-05-11,41.0,41.0,41.0,41.0,41.0,45.0,0.0,0.0,0.0,0.0,0.0,0.0,0.0,0.0,41.0,41.0,41.35,41.00859375,41.09689579840472,41.5549072023493,0.0,0.0,0.01928960465770709,0.0,0.0,0.0,0.0,-4.0,-0.08888888888888889,41.0,41.0,41.0,41.0,41.0,42.75,,,0.0,3,5,11,41.0,0.0,SAME,1.0
BPCL,2023-05-12,41.0,41.0,41.0,41.0,41.0,42.75,0.0,0.0,0.0,0.0,0.0,0.0,0.0,0.0,41.0,41.0,41.175,41.004296875,41.06459719893648,41.45401498374033,0.0,0.0,0.012944996269695653,0.0,0.0,0.0,0.0,-1.75,-0.04093567251461988,41.0,41.0,41.0,41.0,41.0,42.75,,,0.0,4,5,12,41.0,0.0,SAME,1.0
BPCL,2023-05-15,41.0,41.0,41.0,41.0,41.0,42.75,0.0,0.0,0.0,0.0,0.0,0.0,0.0,0.0,41.0,41.0,41.0,41.0021484375,41.04306479929099,41.371466804878445,0.0,0.0,0.012944996269695653,0.0,0.0,0.0,0.0,-1.75,-0.04093567251461988,41.0,41.0,41.0,41.0,41.0,41.0,,,,0,5,15,41.0,0.0,SAME,1.0
BPCL,2023-05-16,41.0,41.0,41.0,41.0,41.0,41.0,0.0,0.0,0.0,0.0,0.0,0.0,0.0,0.0,41.0,41.0,41.0,41.00107421875,41.02870986619399,41.30392738580963,0.0,0.0,0.0,0.0,0.0,0.0,0.0,0.0,0.0,41.0,41.0,41.0,41.0,41.0,41.0,,,,1,5,16,41.0,0.0,SAME,1.0
BPCL,2023-05-17,41.0,41.0,41.0,41.0,41.0,41.0,0.0,0.0,0.0,0.0,0.0,0.0,0.0,0.0,41.0,41.0,41.0,41.000537109375,41.019139910796,41.248667861116964,0.0,0.0,0.0,0.0,0.0,0.0,0.0,0.0,0.0,41.0,41.0,41.0,41.0,41.0,41.0,,,,2,5,17,41.0,0.0,SAME,1.0
BPCL,2023-05-18,41.0,41.0,41.0,41.0,41.0,41.0,0.0,0.0,0.0,0.0,0.0,0.0,0.0,0.0,41.0,41.0,41.0,41.0002685546875,41.01275994053067,41.20345552273206,0.0,0.0,0.0,0.0,0.0,0.0,0.0,0.0,0.0,41.0,41.0,41.0,41.0,41.0,41.0,,,,3,5,18,41.0,0.0,SAME,1.0
BPCL,2023-05-19,41.0,41.0,41.0,41.0,41.0,41.0,0.0,0.0,0.0,0.0,0.0,0.0,0.0,0.0,41.0,41.0,41.0,41.00013427734375,41.00850662702045,41.16646360950804,0.0,0.0,0.0,0.0,0.0,0.0,0.0,0.0,0.0,41.0,41.0,41.0,41.0,41.0,41.0,,,,4,5,19,41.0,0.0,SAME,1.0
BPCL,2023-05-22,41.0,41.0,41.0,41.0,41.0,41.0,0.0,0.0,0.0,0.0,0.0,0.0,0.0,0.0,41.0,41.0,41.0,41.000067138671874,41.0056710846803,41.1361974986884,0.0,0.0,0.0,0.0,0.0,0.0,0.0,0.0,0.0,41.0,41.0,41.0,41.0,41.0,41.0,,,,0,5,22,41.0,0.0,SAME,1.0
BPCL,2023-05-23,41.0,41.0,41.0,41.0,41.0,41.0,0.0,0.0,0.0,0.0,0.0,0.0,0.0,0.0,41.0,41.0,41.0,41.00003356933594,41.0037807231202,41.11143431710868,0.0,0.0,0.0,0.0,0.0,0.0,0.0,0.0,0.0,41.0,41.0,41.0,41.0,41.0,41.0,,,,1,5,23,41.0,0.0,SAME,1.0
BPCL,2023-05-24,41.0,41.0,41.0,41.0,41.0,41.0,0.0,0.0,0.0,0.0,0.0,0.0,0.0,0.0,41.0,41.0,41.0,41.00001678466797,41.002520482080136,41.09117353217982,0.0,0.0,0.0,0.0,0.0,0.0,0.0,0.0,0.0,41.0,41.0,41.0,41.0,41.0,41.0,,,,2,5,24,41.0,0.0,SAME,1.0
BPCL,2023-05-25,41.0,41.0,41.0,41.0,41.0,41.0,0.0,0.0,0.0,0.0,0.0,0.0,0.0,0.0,41.0,41.0,41.0,41.00000839233398,41.00168032138676,41.07459652632894,0.0,0.0,0.0,0.0,0.0,0.0,0.0,0.0,0.0,41.0,41.0,41.0,41.0,41.0,41.0,,,,3,5,25,41.0,0.0,SAME,1.0
BPCL,2023-05-26,41.0,41.0,41.0,41.0,41.0,41.0,0.0,0.0,0.0,0.0,0.0,0.0,0.0,0.0,41.0,41.0,41.0,41.00000419616699,41.00112021425784,41.06103352154186,0.0,0.0,0.0,0.0,0.0,0.0,0.0,0.0,0.0,41.0,41.0,41.0,41.0,41.0,41.0,,,,4,5,26,41.0,0.0,SAME,1.0
BPCL,2023-05-29,41.0,41.0,41.0,41.0,41.0,41.0,0.0,0.0,0.0,0.0,0.0,0.0,0.0,0.0,41.0,41.0,41.0,41.0000020980835,41.00074680950523,41.049936517625156,0.0,0.0,0.0,0.0,0.0,0.0,0.0,0.0,0.0,41.0,41.0,41.0,41.0,41.0,41.0,,,,0,5,29,41.0,0.0,SAME,1.0
BPCL,2023-05-30,41.0,41.0,41.0,41.0,41.0,41.0,0.0,0.0,0.0,0.0,0.0,0.0,0.0,0.0,41.0,41.0,41.0,41.00000104904175,41.00049787300349,41.04085715078421,0.0,0.0,0.0,0.0,0.0,0.0,0.0,0.0,0.0,41.0,41.0,41.0,41.0,41.0,41.0,,,,1,5,30,40.0,-1.0,DOWN,0.0
BPCL,2023-05-31,40.0,41.0,41.0,41.0,41.0,41.0,-1.0,-1.0,-1.0,-0.024390243902439046,-0.024390243902439046,-0.024390243902439046,-0.02469261259037152,-0.02469261259037152,40.666666666666664,40.8,40.9,40.50000052452087,40.66699858200233,40.85161039609617,0.014081713882681665,0.010907648670730703,0.007712872341874964,-1.0,-0.024390243902439025,-1.0,-0.024390243902439025,-1.0,-0.024390243902439025,40.0,41.0,40.0,41.0,40.0,41.0,0.0,0.0,0.0,2,5,31,40.0,0.0,SAME,1.0
BPCL,2023-06-01,40.0,40.0,41.0,41.0,41.0,41.0,0.0,-1.0,-1.0,0.0,-0.024390243902439046,-0.024390243902439046,0.0,-0.02469261259037152,40.333333333333336,40.6,40.8,40.250000262260436,40.444665721334886,40.6967721422605,0.014081713882681665,0.010907648670730703,0.007712872341874964,-1.0,-0.024390243902439025,-1.0,-0.024390243902439025,-1.0,-0.024390243902439025,40.0,41.0,40.0,41.0,40.0,41.0,0.0,0.0,0.0,3,6,1,40.0,0.0,SAME,1.0
BPCL,2023-06-02,40.0,40.0,40.0,41.0,41.0,41.0,0.0,0.0,-1.0,0.0,0.0,-0.024390243902439046,0.0,0.0,40.0,40.4,40.7,40.12500013113022,40.29644381422326,40.570086298213134,0.014081713882681665,0.010907648670730703,0.007712872341874964,-1.0,-0.024390243902439025,-1.0,-0.024390243902439025,-1.0,-0.024390243902439025,40.0,40.0,40.0,41.0,40.0,41.0,,0.0,0.0,4,6,2,40.0,0.0,SAME,1.0
BPCL,2023-06-05,40.0,40.0,40.0,40.0,41.0,41.0,0.0,0.0,0.0,0.0,0.0,0.0,0.0,0.0,40.0,40.2,40.6,40.06250006556511,40.19762920948217,40.46643424399256,0.0,0.010907648670730703,0.007712872341874964,0.0,0.0,-1.0,-0.024390243902439025,-1.0,-0.024390243902439025,40.0,40.0,40.0,41.0,40.0,41.0,,0.0,0.0,0,6,5,40.0,0.0,SAME,1.0
BPCL,2023-06-06,40.0,40.0,40.0,40.0,41.0,41.0,0.0,0.0,0.0,0.0,0.0,0.0,0.0,0.0,40.0,40.0,40.5,40.03125003278255,40.13175280632145,40.38162801781209,0.0,0.010907648670730703,0.007712872341874964,0.0,0.0,-1.0,-0.024390243902439025,-1.0,-0.024390243902439025,40.0,40.0,40.0,40.0,40.0,41.0,,,0.0,1,6,6,40.0,0.0,SAME,1.0
BPCL,2023-06-07,40.0,40.0,40.0,40.0,40.0,41.0,0.0,0.0,0.0,0.0,0.0,0.0,0.0,0.0,40.0,40.0,40.4,40.015625016391276,40.0878352042143,40.31224110548262,0.0,0.0,0.007712872341874964,0.0,0.0,0.0,0.0,-1.0,-0.024390243902439025,40.0,40.0,40.0,40.0,40.0,41.0,,,0.0,2,6,7,40.0,0.0,SAME,1.0
BPCL,2023-06-08,40.0,40.0,40.0,40.0,40.0,41.0,0.0,0.0,0.0,0.0,0.0,0.0,0.0,0.0,40.0,40.0,40.3,40.00781250819564,40.058556802809534,40.25546999539487,0.0,0.0,0.007712872341874964,0.0,0.0,0.0,0.0,-1.0,-0.024390243902439025,40.0,40.0,40.0,40.0,40.0,41.0,,,0.0,3,6,8,40.0,0.0,SAME,1.0
BPCL,2023-06-09,40.0,40.0,40.0,40.0,40.0,41.0,0.0,0.0,0.0,0.0,0.0,0.0,0.0,0.0,40.0,40.0,40.2,40.00390625409782,40.039037868539694,40.20902090532307,0.0,0.0,0.007712872341874964,0.0,0.0,0.0,0.0,-1.0,-0.024390243902439025,40.0,40.0,40.0,40.0,40.0,41.0,,,0.0,4,6,9,40.0,0.0,SAME,1.0
BPCL,2023-06-12,40.0,40.0,40.0,40.0,40.0,41.0,0.0,0.0,0.0,0.0,0.0,0.0,0.0,0.0,40.0,40.0,40.1,40.00195312704891,40.026025245693134,40.171017104355236,0.0,0.0,0.007712872341874964,0.0,0.0,0.0,0.0,-1.0,-0.024390243902439025,40.0,40.0,40.0,40.0,40.0,41.0,,,0.0,0,6,12,40.0,0.0,SAME,1.0
BPCL,2023-06-13,40.0,40.0,40.0,40.0,40.0,41.0,0.0,0.0,0.0,0.0,0.0,0.0,0.0,0.0,40.0,40.0,40.0,40.00097656352445,40.01735016379543,40.139923085381554,0.0,0.0,0.007712872341874964,0.0,0.0,0.0,0.0,-1.0,-0.024390243902439025,40.0,40.0,40.0,40.0,40.0,40.0,,,,1,6,13,40.0,0.0,SAME,1.0
BPCL,2023-06-14,40.0,40.0,40.0,40.0,40.0,40.0,0.0,0.0,0.0,0.0,0.0,0.0,0.0,0.0,40.0,40.0,40.0,40.00048828176223,40.01156677586362,40.11448252440309,0.0,0.0,0.0,0.0,0.0,0.0,0.0,0.0,0.0,40.0,40.0,40.0,40.0,40.0,40.0,,,,2,6,14,40.0,0.0,SAME,1.0
BPCL,2023-06-15,40.0,40.0,40.0,40.0,40.0,40.0,0.0,0.0,0.0,0.0,0.0,0.0,0.0,0.0,40.0,40.0,40.0,40.000244140881115,40.00771118390908,40.09366751996616,0.0,0.0,0.0,0.0,0.0,0.0,0.0,0.0,0.0,40.0,40.0,40.0,40.0,40.0,40.0,,,,3,6,15,40.0,0.0,SAME,1.0
BPCL,2023-06-16,40.0,40.0,40.0,40.0,40.0,40.0,0.0,0.0,0.0,0.0,0.0,0.0,0.0,0.0,40.0,40.0,40.0,40.000122070440554,40.00514078927272,40.07663706179049,0.0,0.0,0.0,0.0,0.0,0.0,0.0,0.0,0.0,40.0,40.0,40.0,40.0,40.0,40.0,,,,4,6,16,40.0,0.0,SAME,1.0
BPCL,2023-06-19,40.0,40.0,40.0,40.0,40.0,40.0,0.0,0.0,0.0,0.0,0.0,0.0,0.0,0.0,40.0,40.0,40.0,40.00006103522028,40.003427192848484,40.062703050555854,0.0,0.0,0.0,0.0,0.0,0.0,0.0,0.0,0.0,40.0,40.0,40.0,40.0,40.0,40.0,,,,0,6,19,40.0,0.0,SAME,1.0
BPCL,2023-06-20,40.0,40.0,40.0,40.0,40.0,40.0,0.0,0.0,0.0,0.0,0.0,0.0,0.0,0.0,40.0,40.0,40.0,40.00003051761014,40.00228479523233,40.05130249590933,0.0,0.0,0.0,0.0,0.0,0.0,0.0,0.0,0.0,40.0,40.0,40.0,40.0,40.0,40.0,,,,1,6,20,40.0,0.0,SAME,1.0
BPCL,2023-06-21,40.0,40.0,40.0,40.0,40.0,40.0,0.0,0.0,0.0,0.0,0.0,0.0,0.0,0.0,40.0,40.0,40.0,40.00001525880507,40.00152319682155,40.04197476938036,0.0,0.0,0.0,0.0,0.0,0.0,0.0,0.0,0.0,40.0,40.0,40.0,40.0,40.0,40.0,,,,2,6,21,40.0,0.0,SAME,1.0
BPCL,2023-06-22,40.0,40.0,40.0,40.0,40.0,40.0,0.0,0.0,0.0,0.0,0.0,0.0,0.0,0.0,40.0,40.0,40.0,40.00000762940253,40.001015464547706,40.034342993129385,0.0,0.0,0.0,0.0,0.0,0.0,0.0,0.0,0.0,40.0,40.0,40.0,40.0,40.0,40.0,,,,3,6,22,40.0,0.0,SAME,1.0
BPCL,2023-06-23,40.0,40.0,40.0,40.0,40.0,40.0,0.0,0.0,0.0,0.0,0.0,0.0,0.0,0.0,40.0,40.0,40.0,40.000003814701266,40.00067697636514,40.0280988125604,0.0,0.0,0.0,0.0,0.0,0.0,0.0,0.0,0.0,40.0,40.0,40.0,40.0,40.0,40.0,,,,4,6,23,40.0,0.0,SAME,1.0
BPCL,2023-06-26,40.0,40.0,40.0,40.0,40.0,40.0,0.0,0.0,0.0,0.0,0.0,0.0,0.0,0.0,40.0,40.0,40.0,40.00000190735064,40.00045131757676,40.02298993754942,0.0,0.0,0.0,0.0,0.0,0.0,0.0,0.0,0.0,40.0,40.0,40.0,40.0,40.0,40.0,,,,0,6,26,40.0,0.0,SAME,1.0
BPCL,2023-06-27,40.0,40.0,40.0,40.0,40.0,40.0,0.0,0.0,0.0,0.0,0.0,0.0,0.0,0.0,40.0,40.0,40.0,40.00000095367532,40.00030087838451,40.01880994890407,0.0,0.0,0.0,0.0,0.0,0.0,0.0,0.0,0.0,40.0,40.0,40.0,40.0,40.0,40.0,,,,1,6,27,40.0,0.0,SAME,1.0
BPCL,2023-06-29,40.0,40.0,40.0,40.0,40.0,40.0,0.0,0.0,0.0,0.0,0.0,0.0,0.0,0.0,40.0,40.0,40.0,40.000000476837656,40.000200585589674,40.01538995819424,0.0,0.0,0.0,0.0,0.0,0.0,0.0,0.0,0.0,40.0,40.0,40.0,40.0,40.0,40.0,,,,3,6,29,40.0,0.0,SAME,1.0
BPCL,2023-06-30,40.0,40.0,40.0,40.0,40.0,40.0,0.0,0.0,0.0,0.0,0.0,0.0,0.0,0.0,40.0,40.0,40.0,40.00000023841883,40.00013372372645,40.01259178397711,0.0,0.0,0.0,0.0,0.0,0.0,0.0,0.0,0.0,40.0,40.0,40.0,40.0,40.0,40.0,,,,4,6,30,40.0,0.0,SAME,1.0
BPCL,2023-07-03,40.0,40.0,40.0,40.0,40.0,40.0,0.0,0.0,0.0,0.0,0.0,0.0,0.0,0.0,40.0,40.0,40.0,40.00000011920942,40.000089149150966,40.010302368708544,0.0,0.0,0.0,0.0,0.0,0.0,0.0,0.0,0.0,40.0,40.0,40.0,40.0,40.0,40.0,,,,0,7,3,40.0,0.0,SAME,1.0
BPCL,2023-07-04,40.0,40.0,40.0,40.0,40.0,40.0,0.0,0.0,0.0,0.0,0.0,0.0,0.0,0.0,40.0,40.0,40.0,40.00000005960471,40.000059432767316,40.008429210761534,0.0,0.0,0.0,0.0,0.0,0.0,0.0,0.0,0.0,40.0,40.0,40.0,40.0,40.0,40.0,,,,1,7,4,40.0,0.0,SAME,1.0
BPCL,2023-07-05,40.0,40.0,40.0,40.0,40.0,40.0,0.0,0.0,0.0,0.0,0.0,0.0,0.0,0.0,40.0,40.0,40.0,40.00000002980235,40.00003962184488,40.00689662698671,0.0,0.0,0.0,0.0,0.0,0.0,0.0,0.0,0.0,40.0,40.0,40.0,40.0,40.0,40.0,,,,2,7,5,40.0,0.0,SAME,1.0
BPCL,2023-07-06,40.0,40.0,40.0,40.0,40.0,40.0,0.0,0.0,0.0,0.0,0.0,0.0,0.0,0.0,40.0,40.0,40.0,40.000000014901175,40.00002641456325,40.00564269480731,0.0,0.0,0.0,0.0,0.0,0.0,0.0,0.0,0.0,40.0,40.0,40.0,40.0,40.0,40.0,,,,3,7,6,40.0,0.0,SAME,1.0
BPCL,2023-07-07,40.0,40.0,40.0,40.0,40.0,40.0,0.0,0.0,0.0,0.0,0.0,0.0,0.0,0.0,40.0,40.0,40.0,40.00000000745059,40.000017609708834,40.00461675029688,0.0,0.0,0.0,0.0,0.0,0.0,0.0,0.0,0.0,40.0,40.0,40.0,40.0,40.0,40.0,,,,4,7,7,40.0,0.0,SAME,1.0
BPCL,2023-07-10,40.0,40.0,40.0,40.0,40.0,40.0,0.0,0.0,0.0,0.0,0.0,0.0,0.0,0.0,40.0,40.0,40.0,40.00000000372529,40.00001173980589,40.003777341151995,0.0,0.0,0.0,0.0,0.0,0.0,0.0,0.0,0.0,40.0,40.0,40.0,40.0,40.0,40.0,,,,0,7,10,40.0,0.0,SAME,1.0
BPCL,2023-07-11,40.0,40.0,40.0,40.0,40.0,40.0,0.0,0.0,0.0,0.0,0.0,0.0,0.0,0.0,40.0,40.0,40.0,40.000000001862645,40.000007826537264,40.00309055185163,0.0,0.0,0.0,0.0,0.0,0.0,0.0,0.0,0.0,40.0,40.0,40.0,40.0,40.0,40.0,,,,1,7,11,40.0,0.0,SAME,1.0
BPCL,2023-07-12,40.0,40.0,40.0,40.0,40.0,40.0,0.0,0.0,0.0,0.0,0.0,0.0,0.0,0.0,40.0,40.0,40.0,40.00000000093132,40.00000521769151,40.00252863333315,0.0,0.0,0.0,0.0,0.0,0.0,0.0,0.0,0.0,40.0,40.0,40.0,40.0,40.0,40.0,,,,2,7,12,40.0,0.0,SAME,1.0
BPCL,2023-07-13,40.0,40.0,40.0,40.0,40.0,40.0,0.0,0.0,0.0,0.0,0.0,0.0,0.0,0.0,40.0,40.0,40.0,40.00000000046566,40.00000347846101,40.002068881818026,0.0,0.0,0.0,0.0,0.0,0.0,0.0,0.0,0.0,40.0,40.0,40.0,40.0,40.0,40.0,,,,3,7,13,42.0,2.0,UP,2.0
BPCL,2023-07-14,42.0,40.0,40.0,40.0,40.0,40.0,2.0,2.0,2.0,0.050000000000000044,0.050000000000000044,0.050000000000000044,0.04879016416943205,0.04879016416943205,40.666666666666664,40.4,40.2,41.00000000023283,40.666668985640676,40.36532908512383,0.028867513459485173,0.022360679774997918,0.015811388300842322,2.0,0.05,2.0,0.05,2.0,0.05,40.0,42.0,40.0,42.0,40.0,42.0,1.0,1.0,1.0,4,7,14,42.0,0.0,SAME,1.0
BPCL,2023-07-17,42.0,42.0,40.0,40.0,40.0,40.0,0.0,2.0,2.0,0.0,0.050000000000000044,0.050000000000000044,0.0,0.04879016416943205,41.333333333333336,40.8,40.4,41.500000000116415,41.111112657093784,40.66254197873768,0.02886751345948517,0.022360679774997918,0.015811388300842322,2.0,0.05,2.0,0.05,2.0,0.05,40.0,42.0,40.0,42.0,40.0,42.0,1.0,1.0,1.0,0,7,17,42.0,0.0,SAME,1.0
BPCL,2023-07-18,42.0,42.0,42.0,40.0,40.0,40.0,0.0,0.0,2.0,0.0,0.0,0.050000000000000044,0.0,0.0,42.0,41.2,40.6,41.75000000005821,41.407408438062525,40.90571616442173,0.02886751345948517,0.022360679774997918,0.015811388300842322,2.0,0.05,2.0,0.05,2.0,0.05,42.0,42.0,40.0,42.0,40.0,42.0,,1.0,1.0,1,7,18,42.0,0.0,SAME,1.0
BPCL,2023-07-19,42.0,42.0,42.0,42.0,40.0,40.0,0.0,0.0,0.0,0.0,0.0,0.0,0.0,0.0,42.0,41.6,40.8,41.875000000029104,41.60493895870835,41.104676861799604,0.0,0.022360679774997918,0.015811388300842322,0.0,0.0,2.0,0.05,2.0,0.05,42.0,42.0,40.0,42.0,40.0,42.0,,1.0,1.0,2,7,19,42.0,0.0,SAME,1.0
BPCL,2023-07-20,42.0,42.0,42.0,42.0,40.0,40.0,0.0,0.0,0.0,0.0,0.0,0.0,0.0,0.0,42.0,42.0,41.0,41.93750000001455,41.73662597247224,41.26746288692695,0.0,0.022360679774997918,0.015811388300842322,0.0,0.0,2.0,0.05,2.0,0.05,42.0,42.0,42.0,42.0,40.0,42.0,,,1.0,3,7,20,42.0,0.0,SAME,1.0
BPCL,2023-07-24,42.0,42.0,42.0,42.0,42.0,40.0,0.0,0.0,0.0,0.0,0.0,0.0,0.0,0.0,42.0,42.0,41.2,41.968750000007276,41.824417314981496,41.400651452940224,0.0,0.0,0.015811388300842322,0.0,0.0,0.0,0.0,2.0,0.05,42.0,42.0,42.0,42.0,40.0,42.0,,,1.0,0,7,24,42.0,0.0,SAME,1.0
BPCL,2023-07-25,42.0,42.0,42.0,42.0,42.0,40.0,0.0,0.0,0.0,0.0,0.0,0.0,0.0,0.0,42.0,42.0,41.4,41.98437500000364,41.882944876654335,41.509623916042,0.0,0.0,0.015811388300842322,0.0,0.0,0.0,0.0,2.0,0.05,42.0,42.0,42.0,42.0,40.0,42.0,,,1.0,1,7,25,42.0,0.0,SAME,1.0
BPCL,2023-07-26,42.0,42.0,42.0,42.0,42.0,40.0,0.0,0.0,0.0,0.0,0.0,0.0,0.0,0.0,42.0,42.0,41.6,41.99218750000182,41.921963251102895,41.59878320403436,0.0,0.0,0.015811388300842322,0.0,0.0,0.0,0.0,2.0,0.05,42.0,42.0,42.0,42.0,40.0,42.0,,,1.0,2,7,26,42.0,0.0,SAME,1.0
BPCL,2023-07-27,42.0,42.0,42.0,42.0,42.0,40.0,0.0,0.0,0.0,0.0,0.0,0.0,0.0,0.0,42.0,42.0,41.8,41.99609375000091,41.94797550073527,41.67173171239175,0.0,0.0,0.015811388300842322,0.0,0.0,0.0,0.0,2.0,0.05,42.0,42.0,42.0,42.0,40.0,42.0,,,1.0,3,7,27,42.0,0.0,SAME,1.0
BPCL,2023-07-28,42.0,42.0,42.0,42.0,42.0,40.0,0.0,0.0,0.0,0.0,0.0,0.0,0.0,0.0,42.0,42.0,42.0,41.998046875000455,41.96531700049018,41.73141685559324,0.0,0.0,0.015811388300842322,0.0,0.0,0.0,0.0,2.0,0.05,42.0,42.0,42.0,42.0,42.0,42.0,,,,4,7,28,42.0,0.0,SAME,1.0
BPCL,2023-07-31,42.0,42.0,42.0,42.0,42.0,42.0,0.0,0.0,0.0,0.0,0.0,0.0,0.0,0.0,42.0,42.0,42.0,41.99902343750023,41.97687800032679,41.78025015457628,0.0,0.0,0.0,0.0,0.0,0.0,0.0,0.0,0.0,42.0,42.0,42.0,42.0,42.0,42.0,,,,0,7,31,42.0,0.0,SAME,1.0
BPCL,2023-08-01,42.0,42.0,42.0,42.0,42.0,42.0,0.0,0.0,0.0,0.0,0.0,0.0,0.0,0.0,42.0,42.0,42.0,41.999511718750114,41.984585333551195,41.82020467192605,0.0,0.0,0.0,0.0,0.0,0.0,0.0,0.0,0.0,42.0,42.0,42.0,42.0,42.0,42.0,,,,1,8,1,42.0,0.0,SAME,1.0
BPCL,2023-08-02,42.0,42.0,42.0,42.0,42.0,42.0,0.0,0.0,0.0,0.0,0.0,0.0,0.0,0.0,42.0,42.0,42.0,41.99975585937506,41.9897235557008,41.85289473157586,0.0,0.0,0.0,0.0,0.0,0.0,0.0,0.0,0.0,42.0,42.0,42.0,42.0,42.0,42.0,,,,2,8,2,42.0,0.0,SAME,1.0
BPCL,2023-08-03,42.0,42.0,42.0,42.0,42.0,42.0,0.0,0.0,0.0,0.0,0.0,0.0,0.0,0.0,42.0,42.0,42.0,41.99987792968753,41.99314903713387,41.8796411440166,0.0,0.0,0.0,0.0,0.0,0.0,0.0,0.0,0.0,42.0,42.0,42.0,42.0,42.0,42.0,,,,3,8,3,42.0,0.0,SAME,1.0
BPCL,2023-08-04,42.0,42.0,42.0,42.0,42.0,42.0,0.0,0.0,0.0,0.0,0.0,0.0,0.0,0.0,42.0,42.0,42.0,41.999938964843764,41.99543269142258,41.90152457237721,0.0,0.0,0.0,0.0,0.0,0.0,0.0,0.0,0.0,42.0,42.0,42.0,42.0,42.0,42.0,,,,4,8,4,42.0,0.0,SAME,1.0
BPCL,2023-08-07,42.0,42.0,42.0,42.0,42.0,42.0,0.0,0.0,0.0,0.0,0.0,0.0,0.0,0.0,42.0,42.0,42.0,41.99996948242188,41.99695512761505,41.91942919558136,0.0,0.0,0.0,0.0,0.0,0.0,0.0,0.0,0.0,42.0,42.0,42.0,42.0,42.0,42.0,,,,0,8,7,42.0,0.0,SAME,1.0
BPCL,2023-08-08,42.0,42.0,42.0,42.0,42.0,42.0,0.0,0.0,0.0,0.0,0.0,0.0,0.0,0.0,42.0,42.0,42.0,41.99998474121094,41.9979700850767,41.93407843274838,0.0,0.0,0.0,0.0,0.0,0.0,0.0,0.0,0.0,42.0,42.0,42.0,42.0,42.0,42.0,,,,1,8,8,42.0,0.0,SAME,1.0
BPCL,2023-08-09,42.0,42.0,42.0,42.0,42.0,42.0,0.0,0.0,0.0,0.0,0.0,0.0,0.0,0.0,42.0,42.0,42.0,41.99999237060547,41.99864672338447,41.94606417224867,0.0,0.0,0.0,0.0,0.0,0.0,0.0,0.0,0.0,42.0,42.0,42.0,42.0,42.0,42.0,,,,2,8,9,42.0,0.0,SAME,1.0
BPCL,2023-08-10,42.0,42.0,42.0,42.0,42.0,42.0,0.0,0.0,0.0,0.0,0.0,0.0,0.0,0.0,42.0,42.0,42.0,41.999996185302734,41.99909781558965,41.95587068638527,0.0,0.0,0.0,0.0,0.0,0.0,0.0,0.0,0.0,42.0,42.0,42.0,42.0,42.0,42.0,,,,3,8,10,42.0,0.0,SAME,1.0
BPCL,2023-08-11,42.0,42.0,42.0,42.0,42.0,42.0,0.0,0.0,0.0,0.0,0.0,0.0,0.0,0.0,42.0,42.0,42.0,41.99999809265137,41.999398543726436,41.963894197951575,0.0,0.0,0.0,0.0,0.0,0.0,0.0,0.0,0.0,42.0,42.0,42.0,42.0,42.0,42.0,,,,4,8,11,42.0,0.0,SAME,1.0
BPCL,2023-08-14,42.0,42.0,42.0,42.0,42.0,42.0,0.0,0.0,0.0,0.0,0.0,0.0,0.0,0.0,42.0,42.0,42.0,41.999999046325684,41.99959902915096,41.9704588892331,0.0,0.0,0.0,0.0,0.0,0.0,0.0,0.0,0.0,42.0,42.0,42.0,42.0,42.0,42.0,,,,0,8,14,42.0,0.0,SAME,1.0
BPCL,2023-08-15,42.0,42.0,42.0,42.0,42.0,42.0,0.0,0.0,0.0,0.0,0.0,0.0,0.0,0.0,42.0,42.0,42.0,41.99999952316284,41.99973268610064,41.97583000028162,0.0,0.0,0.0,0.0,0.0,0.0,0.0,0.0,0.0,42.0,42.0,42.0,42.0,42.0,42.0,,,,1,8,15,42.0,0.0,SAME,1.0
BPCL,2023-08-16,42.0,42.0,42.0,42.0,42.0,42.0,0.0,0.0,0.0,0.0,0.0,0.0,0.0,0.0,42.0,42.0,42.0,41.99999976158142,41.99982179073376,41.98022454568496,0.0,0.0,0.0,0.0,0.0,0.0,0.0,0.0,0.0,42.0,42.0,42.0,42.0,42.0,42.0,,,,2,8,16,42.0,0.0,SAME,1.0
BPCL,2023-08-17,42.0,42.0,42.0,42.0,42.0,42.0,0.0,0.0,0.0,0.0,0.0,0.0,0.0,0.0,42.0,42.0,42.0,41.99999988079071,41.99988119382251,41.98382008283315,0.0,0.0,0.0,0.0,0.0,0.0,0.0,0.0,0.0,42.0,42.0,42.0,42.0,42.0,42.0,,,,3,8,17,42.0,0.0,SAME,1.0
BPCL,2023-08-18,42.0,42.0,42.0,42.0,42.0,42.0,0.0,0.0,0.0,0.0,0.0,0.0,0.0,0.0,42.0,42.0,42.0,41.999999940395355,41.99992079588168,41.986761885954394,0.0,0.0,0.0,0.0,0.0,0.0,0.0,0.0,0.0,42.0,42.0,42.0,42.0,42.0,42.0,,,,4,8,18,45.5,3.5,UP,2.0
BPCL,2023-08-21,45.5,42.0,42.0,42.0,42.0,42.0,3.5,3.5,3.5,0.08333333333333326,0.08333333333333326,0.08333333333333326,0.08004270767353636,0.08004270767353636,43.166666666666664,42.7,42.35,43.74999997019768,43.16661386392112,42.625532452144505,0.04811252243247109,0.037267799624996455,0.026352313834736716,3.5,0.08333333333333333,3.5,0.08333333333333333,3.5,0.08333333333333333,42.0,45.5,42.0,45.5,42.0,45.5,1.0,1.0,1.0,0,8,21,45.5,0.0,SAME,1.0
BPCL,2023-08-22,45.5,45.5,42.0,42.0,42.0,42.0,0.0,3.5,3.5,0.0,0.08333333333333326,0.08333333333333326,0.0,0.08004270767353636,44.333333333333336,43.4,42.7,44.62499998509884,43.944409242614086,43.148162915390955,0.04811252243247109,0.037267799624996455,0.026352313834736716,3.5,0.08333333333333333,3.5,0.08333333333333333,3.5,0.08333333333333333,42.0,45.5,42.0,45.5,42.0,45.5,1.0,1.0,1.0,1,8,22,45.5,0.0,SAME,1.0
BPCL,2023-08-23,45.5,45.5,45.5,42.0,42.0,42.0,0.0,0.0,3.5,0.0,0.0,0.08333333333333326,0.0,0.0,45.5,44.1,43.05,45.06249999254942,44.46293949507606,43.57576965804714,0.04811252243247109,0.037267799624996455,0.026352313834736716,3.5,0.08333333333333333,3.5,0.08333333333333333,3.5,0.08333333333333333,45.5,45.5,42.0,45.5,42.0,45.5,,1.0,1.0,2,8,23,45.5,0.0,SAME,1.0
BPCL,2023-08-24,45.5,45.5,45.5,45.5,42.0,42.0,0.0,0.0,0.0,0.0,0.0,0.0,0.0,0.0,45.5,44.8,43.4,45.28124999627471,44.80862633005071,43.925629720220385,0.0,0.037267799624996455,0.026352313834736716,0.0,0.0,3.5,0.08333333333333333,3.5,0.08333333333333333,45.5,45.5,42.0,45.5,42.0,45.5,,1.0,1.0,3,8,24,40.03,-5.469999999999999,DOWN,0.0
BPCL,2023-08-25,40.03,45.5,45.5,45.5,42.0,42.0,-5.469999999999999,-5.469999999999999,-5.469999999999999,-0.12021978021978019,-0.12021978021978019,-0.12021978021978019,-0.12808315295242245,-0.12808315295242245,43.67666666666667,44.406,43.203,42.655624998137355,43.21575088670048,43.21733340745304,0.06940892247180931,0.07267241224796957,0.04860404533249166,-5.469999999999999,-0.12021978021978019,-1.9699999999999989,-0.04690476190476188,-1.9699999999999989,-0.04690476190476188,40.03,45.5,40.03,45.5,40.03,45.5,0.0,0.0,0.0,4,8,25,40.03,0.0,SAME,1.0
BPCL,2023-08-28,40.03,40.03,45.5,45.5,45.5,42.0,0.0,-5.469999999999999,-5.469999999999999,0.0,-0.12021978021978019,-0.12021978021978019,0.0,-0.12808315295242245,41.85333333333333,43.312,43.006,41.34281249906868,42.15383392446699,42.63781824246158,0.06940892247180931,0.05376392016230263,0.04860404533249166,-5.469999999999999,-0.12021978021978019,-5.469999999999999,-0.12021978021978019,-1.9699999999999989,-0.04690476190476188,40.03,45.5,40.03,45.5,40.03,45.5,0.0,0.0,0.0,0,8,28,40.03,0.0,SAME,1.0
BPCL,2023-08-29,40.03,40.03,40.03,45.5,45.5,42.0,0.0,0.0,-5.469999999999999,0.0,0.0,-0.12021978021978019,0.0,0.0,40.03,42.218,42.809000000000005,40.68640624953434,41.445889282977994,42.163669471104924,0.06940892247180931,0.05376392016230263,0.04860404533249166,-5.469999999999999,-0.12021978021978019,-5.469999999999999,-0.12021978021978019,-1.9699999999999989,-0.04690476190476188,40.03,40.03,40.03,45.5,40.03,45.5,,0.0,0.0,1,8,29,40.03,0.0,SAME,1.0
BPCL,2023-08-30,40.03,40.03,40.03,40.03,45.5,42.0,0.0,0.0,0.0,0.0,0.0,0.0,0.0,0.0,40.03,41.124,42.612,40.35820312476717,40.973926188652,41.77572956726767,0.0,0.05376392016230263,0.04860404533249166,0.0,0.0,-5.469999999999999,-0.12021978021978019,-1.9699999999999989,-0.04690476190476188,40.03,40.03,40.03,45.5,40.03,45.5,,0.0,0.0,2,8,30,40.03,0.0,SAME,1.0
BPCL,2023-08-31,40.03,40.03,40.03,40.03,45.5,42.0,0.0,0.0,0.0,0.0,0.0,0.0,0.0,0.0,40.03,40.03,42.415000000000006,40.19410156238359,40.659284125768,41.45832419140082,0.0,0.05376392016230263,0.04860404533249166,0.0,0.0,-5.469999999999999,-0.12021978021978019,-1.9699999999999989,-0.04690476190476188,40.03,40.03,40.03,40.03,40.03,45.5,,,0.0,3,8,31,40.03,0.0,SAME,1.0
BPCL,2023-09-01,40.03,40.03,40.03,40.03,40.03,42.0,0.0,0.0,0.0,0.0,0.0,0.0,0.0,0.0,40.03,40.03,42.218,40.1120507811918,40.449522750512,41.1986288838734,0.0,0.0,0.04860404533249166,0.0,0.0,0.0,0.0,-1.9699999999999989,-0.04690476190476188,40.03,40.03,40.03,40.03,40.03,45.5,,,0.0,4,9,1,40.03,0.0,SAME,1.0
BPCL,2023-09-04,40.03,40.03,40.03,40.03,40.03,45.5,0.0,0.0,0.0,0.0,0.0,0.0,0.0,0.0,40.03,40.03,41.67100000000001,40.0710253905959,40.309681833674674,40.986150904987326,0.0,0.0,0.03801683252993651,0.0,0.0,0.0,0.0,-5.469999999999999,-0.12021978021978019,40.03,40.03,40.03,40.03,40.03,45.5,,,0.0,0,9,4,40.03,0.0,SAME,1.0
BPCL,2023-09-05,40.03,40.03,40.03,40.03,40.03,45.5,0.0,0.0,0.0,0.0,0.0,0.0,0.0,0.0,40.03,40.03,41.124,40.050512695297954,40.216454555783116,40.812305285898724,0.0,0.0,0.03801683252993651,0.0,0.0,0.0,0.0,-5.469999999999999,-0.12021978021978019,40.03,40.03,40.03,40.03,40.03,45.5,,,0.0,1,9,5,40.03,0.0,SAME,1.0
BPCL,2023-09-06,40.03,40.03,40.03,40.03,40.03,45.5,0.0,0.0,0.0,0.0,0.0,0.0,0.0,0.0,40.03,40.03,40.577000000000005,40.04025634764898,40.15430303718875,40.670067961189865,0.0,0.0,0.03801683252993651,0.0,0.0,0.0,0.0,-5.469999999999999,-0.12021978021978019,40.03,40.03,40.03,40.03,40.03,45.5,,,0.0,2,9,6,40.03,0.0,SAME,1.0
BPCL,2023-09-07,40.03,40.03,40.03,40.03,40.03,45.5,0.0,0.0,0.0,0.0,0.0,0.0,0.0,0.0,40.03,40.03,40.03,40.03512817382449,40.11286869145917,40.553691968246255,0.0,0.0,0.03801683252993651,0.0,0.0,0.0,0.0,-5.469999999999999,-0.12021978021978019,40.03,40.03,40.03,40.03,40.03,40.03,,,,3,9,7,40.0,-0.030000000000001137,DOWN,0.0
BPCL,2023-09-08,40.0,40.03,40.03,40.03,40.03,40.03,-0.030000000000001137,-0.030000000000001137,-0.030000000000001137,-0.0007494379215589042,-0.0007494379215589042,-0.0007494379215589042,-0.0007497188905460192,-0.0007497188905460192,40.02,40.024,40.027,40.017564086912245,40.07524579430611,40.45302070129239,0.00043268818600850794,0.00033515882750502306,0.00023699307973094002,-0.030000000000001137,-0.0007494379215588592,-0.030000000000001137,-0.0007494379215588592,-0.030000000000001137,-0.0007494379215588592,40.0,40.03,40.0,40.03,40.0,40.03,0.0,0.0,0.0,4,9,8,40.0,0.0,SAME,1.0
BPCL,2023-09-11,40.0,40.0,40.03,40.03,40.03,40.03,0.0,-0.030000000000001137,-0.030000000000001137,0.0,-0.0007494379215589042,-0.0007494379215589042,0.0,-0.0007497188905460192,40.01,40.018,40.024,40.00878204345612,40.05016386287075,40.37065330105741,0.00043268818600850794,0.00033515882750502306,0.00023699307973094002,-0.030000000000001137,-0.0007494379215588592,-0.030000000000001137,-0.0007494379215588592,-0.030000000000001137,-0.0007494379215588592,40.0,40.03,40.0,40.03,40.0,40.03,0.0,0.0,0.0,0,9,11,40.0,0.0,SAME,1.0
BPCL,2023-09-12,40.0,40.0,40.0,40.03,40.03,40.03,0.0,0.0,-0.030000000000001137,0.0,0.0,-0.0007494379215589042,0.0,0.0,40.0,40.012,40.021,40.00439102172806,40.033442575247165,40.30326179177424,0.00043268818600850794,0.00033515882750502306,0.00023699307973094002,-0.030000000000001137,-0.0007494379215588592,-0.030000000000001137,-0.0007494379215588592,-0.030000000000001137,-0.0007494379215588592,40.0,40.0,40.0,40.03,40.0,40.03,,0.0,0.0,1,9,12,40.0,0.0,SAME,1.0
BPCL,2023-09-13,40.0,40.0,40.0,40.0,40.03,40.03,0.0,0.0,0.0,0.0,0.0,0.0,0.0,0.0,40.0,40.006,40.018,40.00219551086403,40.02229505016478,40.248123284178924,0.0,0.00033515882750502306,0.00023699307973094002,0.0,0.0,-0.030000000000001137,-0.0007494379215588592,-0.030000000000001137,-0.0007494379215588592,40.0,40.0,40.0,40.03,40.0,40.03,,0.0,0.0,2,9,13,40.0,0.0,SAME,1.0
BPCL,2023-09-14,40.0,40.0,40.0,40.0,40.03,40.03,0.0,0.0,0.0,0.0,0.0,0.0,0.0,0.0,40.0,40.0,40.015,40.00109775543201,40.014863366776524,40.203009959782754,0.0,0.00033515882750502306,0.00023699307973094002,0.0,0.0,-0.030000000000001137,-0.0007494379215588592,-0.030000000000001137,-0.0007494379215588592,40.0,40.0,40.0,40.0,40.0,40.03,,,0.0,3,9,14,40.0,0.0,SAME,1.0
BPCL,2023-09-15,40.0,40.0,40.0,40.0,40.0,40.03,0.0,0.0,0.0,0.0,0.0,0.0,0.0,0.0,40.0,40.0,40.012,40.00054887771601,40.009908911184354,40.16609905800407,0.0,0.0,0.00023699307973094002,0.0,0.0,0.0,0.0,-0.030000000000001137,-0.0007494379215588592,40.0,40.0,40.0,40.0,40.0,40.03,,,0.0,4,9,15,40.0,0.0,SAME,1.0
BPCL,2023-09-18,40.0,40.0,40.0,40.0,40.0,40.03,0.0,0.0,0.0,0.0,0.0,0.0,0.0,0.0,40.0,40.0,40.009,40.000274438858,40.00660594078957,40.135899229276056,0.0,0.0,0.00023699307973094002,0.0,0.0,0.0,0.0,-0.030000000000001137,-0.0007494379215588592,40.0,40.0,40.0,40.0,40.0,40.03,,,0.0,0,9,18,40.0,0.0,SAME,1.0
BPCL,2023-09-19,40.0,40.0,40.0,40.0,40.0,40.03,0.0,0.0,0.0,0.0,0.0,0.0,0.0,0.0,40.0,40.0,40.006,40.000137219429,40.00440396052638,40.11119027849859,0.0,0.0,0.00023699307973094002,0.0,0.0,0.0,0.0,-0.030000000000001137,-0.0007494379215588592,40.0,40.0,40.0,40.0,40.0,40.03,,,0.0,1,9,19,40.0,0.0,SAME,1.0
BPCL,2023-09-21,40.0,40.0,40.0,40.0,40.0,40.03,0.0,0.0,0.0,0.0,0.0,0.0,0.0,0.0,40.0,40.0,40.003,40.0000686097145,40.00293597368426,40.090973864226115,0.0,0.0,0.00023699307973094002,0.0,0.0,0.0,0.0,-0.030000000000001137,-0.0007494379215588592,40.0,40.0,40.0,40.0,40.0,40.03,,,0.0,3,9,21,40.0,0.0,SAME,1.0
BPCL,2023-09-22,40.0,40.0,40.0,40.0,40.0,40.03,0.0,0.0,0.0,0.0,0.0,0.0,0.0,0.0,40.0,40.0,40.0,40.00003430485725,40.00195731578951,40.07443316163955,0.0,0.0,0.00023699307973094002,0.0,0.0,0.0,0.0,-0.030000000000001137,-0.0007494379215588592,40.0,40.0,40.0,40.0,40.0,40.0,,,,4,9,22,41.0,1.0,UP,2.0
BPCL,2023-09-27,41.0,40.0,40.0,40.0,40.0,40.0,1.0,1.0,1.0,0.02499999999999991,0.02499999999999991,0.02499999999999991,0.024692612590371414,0.024692612590371414,40.333333333333336,40.2,40.1,40.500017152428626,40.33463821052634,40.24271804134144,0.014433756729748278,0.011180339887498926,0.007905694150421754,1.0,0.025,1.0,0.025,1.0,0.025,40.0,41.0,40.0,41.0,40.0,41.0,1.0,1.0,1.0,2,9,27,41.0,0.0,SAME,1.0
BPCL,2023-09-28,41.0,41.0,40.0,40.0,40.0,40.0,0.0,1.0,1.0,0.0,0.02499999999999991,0.02499999999999991,0.0,0.024692612590371414,40.666666666666664,40.4,40.2,40.75000857621431,40.55642547368423,40.380405670188445,0.014433756729748278,0.011180339887498926,0.007905694150421754,1.0,0.025,1.0,0.025,1.0,0.025,40.0,41.0,40.0,41.0,40.0,41.0,1.0,1.0,1.0,3,9,28,41.0,0.0,SAME,1.0
BPCL,2023-09-29,41.0,41.0,41.0,40.0,40.0,40.0,0.0,0.0,1.0,0.0,0.0,0.02499999999999991,0.0,0.0,41.0,40.6,40.3,40.87500428810716,40.70428364912282,40.49305918469963,0.014433756729748278,0.011180339887498926,0.007905694150421754,1.0,0.025,1.0,0.025,1.0,0.025,41.0,41.0,40.0,41.0,40.0,41.0,,1.0,1.0,4,9,29,41.0,0.0,SAME,1.0
BPCL,2023-10-02,41.0,41.0,41.0,41.0,40.0,40.0,0.0,0.0,0.0,0.0,0.0,0.0,0.0,0.0,41.0,40.8,40.4,40.93750214405358,40.80285576608188,40.58523024202697,0.0,0.011180339887498926,0.007905694150421754,0.0,0.0,1.0,0.025,1.0,0.025,41.0,41.0,40.0,41.0,40.0,41.0,,1.0,1.0,0,10,2,41.0,0.0,SAME,1.0
BPCL,2023-10-03,41.0,41.0,41.0,41.0,40.0,40.0,0.0,0.0,0.0,0.0,0.0,0.0,0.0,0.0,41.0,41.0,40.5,40.96875107202679,40.868570510721256,40.66064292529479,0.0,0.011180339887498926,0.007905694150421754,0.0,0.0,1.0,0.025,1.0,0.025,41.0,41.0,41.0,41.0,40.0,41.0,,,1.0,1,10,3,41.0,0.0,SAME,1.0
BPCL,2023-10-04,41.0,41.0,41.0,41.0,41.0,40.0,0.0,0.0,0.0,0.0,0.0,0.0,0.0,0.0,41.0,41.0,40.6,40.984375536013395,40.91238034048084,40.72234421160482,0.0,0.0,0.007905694150421754,0.0,0.0,0.0,0.0,1.0,0.025,41.0,41.0,41.0,41.0,40.0,41.0,,,1.0,2,10,4,40.0,-1.0,DOWN,0.0
BPCL,2023-10-05,40.0,41.0,41.0,41.0,41.0,40.0,-1.0,-1.0,-1.0,-0.024390243902439046,-0.024390243902439046,-0.024390243902439046,-0.02469261259037152,-0.02469261259037152,40.666666666666664,40.8,40.6,40.4921877680067,40.60825356032056,40.59100890040394,0.01408171388268164,0.010907648670730715,0.011642101840450217,-1.0,-0.024390243902439025,-1.0,-0.024390243902439025,0.0,0.0,40.0,41.0,40.0,41.0,40.0,41.0,0.0,0.0,0.0,3,10,5,40.0,0.0,SAME,1.0
BPCL,2023-10-06,40.0,40.0,41.0,41.0,41.0,40.0,0.0,-1.0,-1.0,0.0,-0.024390243902439046,-0.024390243902439046,0.0,-0.02469261259037152,40.333333333333336,40.6,40.6,40.24609388400335,40.405502373547044,40.48355273669413,0.01408171388268164,0.010907648670730715,0.011642101840450217,-1.0,-0.024390243902439025,-1.0,-0.024390243902439025,0.0,0.0,40.0,41.0,40.0,41.0,40.0,41.0,0.0,0.0,0.0,4,10,6,40.0,0.0,SAME,1.0
BPCL,2023-10-09,40.0,40.0,40.0,41.0,41.0,40.0,0.0,0.0,-1.0,0.0,0.0,-0.024390243902439046,0.0,0.0,40.0,40.4,40.6,40.12304694200168,40.27033491569803,40.3956340572952,0.01408171388268164,0.010907648670730715,0.011642101840450217,-1.0,-0.024390243902439025,-1.0,-0.024390243902439025,0.0,0.0,40.0,40.0,40.0,41.0,40.0,41.0,,0.0,0.0,0,10,9,40.0,0.0,SAME,1.0
BPCL,2023-10-10,40.0,40.0,40.0,40.0,41.0,40.0,0.0,0.0,0.0,0.0,0.0,0.0,0.0,0.0,40.0,40.2,40.6,40.06152347100084,40.18022327713202,40.32370059233243,0.0,0.010907648670730715,0.011642101840450217,0.0,0.0,-1.0,-0.024390243902439025,0.0,0.0,40.0,40.0,40.0,41.0,40.0,41.0,,0.0,0.0,1,10,10,40.0,0.0,SAME,1.0
BPCL,2023-10-11,40.0,40.0,40.0,40.0,41.0,41.0,0.0,0.0,0.0,0.0,0.0,0.0,0.0,0.0,40.0,40.0,40.5,40.03076173550042,40.12014885142135,40.26484593918108,0.0,0.010907648670730715,0.007712872341874971,0.0,0.0,-1.0,-0.024390243902439025,-1.0,-0.024390243902439025,40.0,40.0,40.0,40.0,40.0,41.0,,,0.0,2,10,11,40.0,0.0,SAME,1.0
BPCL,2023-10-12,40.0,40.0,40.0,40.0,40.0,41.0,0.0,0.0,0.0,0.0,0.0,0.0,0.0,0.0,40.0,40.0,40.4,40.01538086775021,40.0800992342809,40.21669213205725,0.0,0.0,0.007712872341874971,0.0,0.0,0.0,0.0,-1.0,-0.024390243902439025,40.0,40.0,40.0,40.0,40.0,41.0,,,0.0,3,10,12,40.0,0.0,SAME,1.0
BPCL,2023-10-13,40.0,40.0,40.0,40.0,40.0,41.0,0.0,0.0,0.0,0.0,0.0,0.0,0.0,0.0,40.0,40.0,40.3,40.007690433875105,40.0533994895206,40.17729356259229,0.0,0.0,0.007712872341874971,0.0,0.0,0.0,0.0,-1.0,-0.024390243902439025,40.0,40.0,40.0,40.0,40.0,41.0,,,0.0,4,10,13,40.0,0.0,SAME,1.0
BPCL,2023-10-16,40.0,40.0,40.0,40.0,40.0,41.0,0.0,0.0,0.0,0.0,0.0,0.0,0.0,0.0,40.0,40.0,40.2,40.00384521693755,40.0355996596804,40.14505836939369,0.0,0.0,0.007712872341874971,0.0,0.0,0.0,0.0,-1.0,-0.024390243902439025,40.0,40.0,40.0,40.0,40.0,41.0,,,0.0,0,10,16,40.0,0.0,SAME,1.0
BPCL,2023-10-17,40.0,40.0,40.0,40.0,40.0,41.0,0.0,0.0,0.0,0.0,0.0,0.0,0.0,0.0,40.0,40.0,40.1,40.001922608468774,40.023733106453605,40.118684120413015,0.0,0.0,0.007712872341874971,0.0,0.0,0.0,0.0,-1.0,-0.024390243902439025,40.0,40.0,40.0,40.0,40.0,41.0,,,0.0,1,10,17,40.0,0.0,SAME,1.0
BPCL,2023-10-18,40.0,40.0,40.0,40.0,40.0,41.0,0.0,0.0,0.0,0.0,0.0,0.0,0.0,0.0,40.0,40.0,40.0,40.00096130423439,40.01582207096907,40.09710518942883,0.0,0.0,0.007712872341874971,0.0,0.0,0.0,0.0,-1.0,-0.024390243902439025,40.0,40.0,40.0,40.0,40.0,40.0,,,,2,10,18,40.0,0.0,SAME,1.0
BPCL,2023-10-19,40.0,40.0,40.0,40.0,40.0,40.0,0.0,0.0,0.0,0.0,0.0,0.0,0.0,0.0,40.0,40.0,40.0,40.00048065211719,40.01054804731272,40.07944970044177,0.0,0.0,0.0,0.0,0.0,0.0,0.0,0.0,0.0,40.0,40.0,40.0,40.0,40.0,40.0,,,,3,10,19,40.0,0.0,SAME,1.0
BPCL,2023-10-20,40.0,40.0,40.0,40.0,40.0,40.0,0.0,0.0,0.0,0.0,0.0,0.0,0.0,0.0,40.0,40.0,40.0,40.000240326058595,40.00703203154181,40.065004300361444,0.0,0.0,0.0,0.0,0.0,0.0,0.0,0.0,0.0,40.0,40.0,40.0,40.0,40.0,40.0,,,,4,10,20,40.0,0.0,SAME,1.0
BPCL,2023-10-23,40.0,40.0,40.0,40.0,40.0,40.0,0.0,0.0,0.0,0.0,0.0,0.0,0.0,0.0,40.0,40.0,40.0,40.000120163029294,40.004688021027874,40.05318533665936,0.0,0.0,0.0,0.0,0.0,0.0,0.0,0.0,0.0,40.0,40.0,40.0,40.0,40.0,40.0,,,,0,10,23,40.0,0.0,SAME,1.0
BPCL,2023-10-25,40.0,40.0,40.0,40.0,40.0,40.0,0.0,0.0,0.0,0.0,0.0,0.0,0.0,0.0,40.0,40.0,40.0,40.00006008151465,40.00312534735192,40.04351527544856,0.0,0.0,0.0,0.0,0.0,0.0,0.0,0.0,0.0,40.0,40.0,40.0,40.0,40.0,40.0,,,,2,10,25,40.0,0.0,SAME,1.0
BPCL,2023-10-26,40.0,40.0,40.0,40.0,40.0,40.0,0.0,0.0,0.0,0.0,0.0,0.0,0.0,0.0,40.0,40.0,40.0,40.00003004075732,40.002083564901284,40.035603407185185,0.0,0.0,0.0,0.0,0.0,0.0,0.0,0.0,0.0,40.0,40.0,40.0,40.0,40.0,40.0,,,,3,10,26,40.0,0.0,SAME,1.0
BPCL,2023-10-27,40.0,40.0,40.0,40.0,40.0,40.0,0.0,0.0,0.0,0.0,0.0,0.0,0.0,0.0,40.0,40.0,40.0,40.00001502037866,40.00138904326752,40.029130060424244,0.0,0.0,0.0,0.0,0.0,0.0,0.0,0.0,0.0,40.0,40.0,40.0,40.0,40.0,40.0,,,,4,10,27,40.0,0.0,SAME,1.0
BPCL,2023-10-30,40.0,40.0,40.0,40.0,40.0,40.0,0.0,0.0,0.0,0.0,0.0,0.0,0.0,0.0,40.0,40.0,40.0,40.000007510189334,40.000926028845015,40.023833685801655,0.0,0.0,0.0,0.0,0.0,0.0,0.0,0.0,0.0,40.0,40.0,40.0,40.0,40.0,40.0,,,,0,10,30,40.0,0.0,SAME,1.0
BPCL,2023-10-31,40.0,40.0,40.0,40.0,40.0,40.0,0.0,0.0,0.0,0.0,0.0,0.0,0.0,0.0,40.0,40.0,40.0,40.00000375509467,40.000617352563346,40.01950028838317,0.0,0.0,0.0,0.0,0.0,0.0,0.0,0.0,0.0,40.0,40.0,40.0,40.0,40.0,40.0,,,,1,10,31,40.0,0.0,SAME,1.0
BPCL,2023-11-02,40.0,40.0,40.0,40.0,40.0,40.0,0.0,0.0,0.0,0.0,0.0,0.0,0.0,0.0,40.0,40.0,40.0,40.000001877547334,40.00041156837557,40.01595478140441,0.0,0.0,0.0,0.0,0.0,0.0,0.0,0.0,0.0,40.0,40.0,40.0,40.0,40.0,40.0,,,,3,11,2,40.0,0.0,SAME,1.0
BPCL,2023-11-03,40.0,40.0,40.0,40.0,40.0,40.0,0.0,0.0,0.0,0.0,0.0,0.0,0.0,0.0,40.0,40.0,40.0,40.00000093877367,40.00027437891705,40.013053912058155,0.0,0.0,0.0,0.0,0.0,0.0,0.0,0.0,0.0,40.0,40.0,40.0,40.0,40.0,40.0,,,,4,11,3,40.0,0.0,SAME,1.0
BPCL,2023-11-06,40.0,40.0,40.0,40.0,40.0,40.0,0.0,0.0,0.0,0.0,0.0,0.0,0.0,0.0,40.0,40.0,40.0,40.00000046938683,40.00018291927803,40.01068047350213,0.0,0.0,0.0,0.0,0.0,0.0,0.0,0.0,0.0,40.0,40.0,40.0,40.0,40.0,40.0,,,,0,11,6,40.0,0.0,SAME,1.0
BPCL,2023-11-07,40.0,40.0,40.0,40.0,40.0,40.0,0.0,0.0,0.0,0.0,0.0,0.0,0.0,0.0,40.0,40.0,40.0,40.00000023469342,40.00012194618536,40.00873856922901,0.0,0.0,0.0,0.0,0.0,0.0,0.0,0.0,0.0,40.0,40.0,40.0,40.0,40.0,40.0,,,,1,11,7,40.0,0.0,SAME,1.0
BPCL,2023-11-08,40.0,40.0,40.0,40.0,40.0,40.0,0.0,0.0,0.0,0.0,0.0,0.0,0.0,0.0,40.0,40.0,40.0,40.00000011734671,40.00008129745691,40.0071497384601,0.0,0.0,0.0,0.0,0.0,0.0,0.0,0.0,0.0,40.0,40.0,40.0,40.0,40.0,40.0,,,,2,11,8,40.0,0.0,SAME,1.0
BPCL,2023-11-09,40.0,40.0,40.0,40.0,40.0,40.0,0.0,0.0,0.0,0.0,0.0,0.0,0.0,0.0,40.0,40.0,40.0,40.00000005867335,40.00005419830461,40.00584978601281,0.0,0.0,0.0,0.0,0.0,0.0,0.0,0.0,0.0,40.0,40.0,40.0,40.0,40.0,40.0,,,,3,11,9,40.0,0.0,SAME,1.0
BPCL,2023-11-10,40.0,40.0,40.0,40.0,40.0,40.0,0.0,0.0,0.0,0.0,0.0,0.0,0.0,0.0,40.0,40.0,40.0,40.000000029336675,40.00003613220308,40.00478618855593,0.0,0.0,0.0,0.0,0.0,0.0,0.0,0.0,0.0,40.0,40.0,40.0,40.0,40.0,40.0,,,,4,11,10,40.0,0.0,SAME,1.0
BPCL,2023-11-13,40.0,40.0,40.0,40.0,40.0,40.0,0.0,0.0,0.0,0.0,0.0,0.0,0.0,0.0,40.0,40.0,40.0,40.00000001466834,40.00002408813539,40.003915972454855,0.0,0.0,0.0,0.0,0.0,0.0,0.0,0.0,0.0,40.0,40.0,40.0,40.0,40.0,40.0,,,,0,11,13,40.0,0.0,SAME,1.0
BPCL,2023-11-14,40.0,40.0,40.0,40.0,40.0,40.0,0.0,0.0,0.0,0.0,0.0,0.0,0.0,0.0,40.0,40.0,40.0,40.000000007334165,40.00001605875693,40.00320397746306,0.0,0.0,0.0,0.0,0.0,0.0,0.0,0.0,0.0,40.0,40.0,40.0,40.0,40.0,40.0,,,,1,11,14,40.0,0.0,SAME,1.0
BPCL,2023-11-15,40.0,40.0,40.0,40.0,40.0,40.0,0.0,0.0,0.0,0.0,0.0,0.0,0.0,0.0,40.0,40.0,40.0,40.00000000366708,40.00001070583795,40.00262143610614,0.0,0.0,0.0,0.0,0.0,0.0,0.0,0.0,0.0,40.0,40.0,40.0,40.0,40.0,40.0,,,,2,11,15,40.0,0.0,SAME,1.0
BPCL,2023-11-16,40.0,40.0,40.0,40.0,40.0,40.0,0.0,0.0,0.0,0.0,0.0,0.0,0.0,0.0,40.0,40.0,40.0,40.00000000183354,40.0000071372253,40.002144811359564,0.0,0.0,0.0,0.0,0.0,0.0,0.0,0.0,0.0,40.0,40.0,40.0,40.0,40.0,40.0,,,,3,11,16,40.0,0.0,SAME,1.0
BPCL,2023-11-17,40.0,40.0,40.0,40.0,40.0,40.0,0.0,0.0,0.0,0.0,0.0,0.0,0.0,0.0,40.0,40.0,40.0,40.00000000091677,40.000004758150205,40.00175484565782,0.0,0.0,0.0,0.0,0.0,0.0,0.0,0.0,0.0,40.0,40.0,40.0,40.0,40.0,40.0,,,,4,11,17,40.0,0.0,SAME,1.0
BPCL,2023-11-20,40.0,40.0,40.0,40.0,40.0,40.0,0.0,0.0,0.0,0.0,0.0,0.0,0.0,0.0,40.0,40.0,40.0,40.000000000458385,40.000003172100136,40.001435782810944,0.0,0.0,0.0,0.0,0.0,0.0,0.0,0.0,0.0,40.0,40.0,40.0,40.0,40.0,40.0,,,,0,11,20,45.5,5.5,UP,2.0
BPCL,2023-11-21,45.5,40.0,40.0,40.0,40.0,40.0,5.5,5.5,5.5,0.13749999999999996,0.13749999999999996,0.13749999999999996,0.12883287184296838,0.12883287184296838,41.833333333333336,41.1,40.55,42.75000000022919,41.83333544806676,41.00117473139077,0.07938566201357493,0.0614918693812442,0.04348131782731535,5.5,0.1375,5.5,0.1375,5.5,0.1375,40.0,45.5,40.0,45.5,40.0,45.5,1.0,1.0,1.0,1,11,21,45.5,0.0,SAME,1.0
BPCL,2023-11-22,45.5,45.5,40.0,40.0,40.0,40.0,0.0,5.5,5.5,0.0,0.13749999999999996,0.13749999999999996,0.0,0.12883287184296838,43.666666666666664,42.2,41.1,44.125000000114596,43.055556965377846,41.81914296204699,0.07938566201357493,0.0614918693812442,0.04348131782731535,5.5,0.1375,5.5,0.1375,5.5,0.1375,40.0,45.5,40.0,45.5,40.0,45.5,1.0,1.0,1.0,2,11,22,45.5,0.0,SAME,1.0
BPCL,2023-11-23,45.5,45.5,45.5,40.0,40.0,40.0,0.0,0.0,5.5,0.0,0.0,0.13749999999999996,0.0,0.0,45.5,43.3,41.65,44.8125000000573,43.8703713102519,42.48838969622026,0.07938566201357493,0.0614918693812442,0.04348131782731535,5.5,0.1375,5.5,0.1375,5.5,0.1375,45.5,45.5,40.0,45.5,40.0,45.5,,1.0,1.0,3,11,23,45.5,0.0,SAME,1.0
BPCL,2023-11-24,45.5,45.5,45.5,45.5,40.0,40.0,0.0,0.0,0.0,0.0,0.0,0.0,0.0,0.0,45.5,44.4,42.2,45.15625000002865,44.41358087350127,43.03595520599839,0.0,0.0614918693812442,0.04348131782731535,0.0,0.0,5.5,0.1375,5.5,0.1375,45.5,45.5,40.0,45.5,40.0,45.5,,1.0,1.0,4,11,24,45.5,0.0,SAME,1.0
BPCL,2023-11-27,45.5,45.5,45.5,45.5,40.0,40.0,0.0,0.0,0.0,0.0,0.0,0.0,0.0,0.0,45.5,45.5,42.75,45.328125000014325,44.77572058233418,43.483963350362316,0.0,0.0614918693812442,0.04348131782731535,0.0,0.0,5.5,0.1375,5.5,0.1375,45.5,45.5,45.5,45.5,40.0,45.5,,,1.0,0,11,27,48.0,2.5,UP,2.0
BPCL,2023-11-28,48.0,45.5,45.5,45.5,45.5,40.0,2.5,2.5,2.5,0.05494505494505497,0.05494505494505497,0.05494505494505497,0.05348868495098622,0.05348868495098622,46.333333333333336,46.0,43.55,46.66406250000716,45.85048038822279,44.30506092302371,0.031722542263169784,0.024572175576920784,0.04499592468661861,2.5,0.054945054945054944,2.5,0.054945054945054944,8.0,0.2,45.5,48.0,45.5,48.0,40.0,48.0,1.0,1.0,1.0,1,11,28,48.0,0.0,SAME,1.0
BPCL,2023-11-29,48.0,48.0,45.5,45.5,45.5,40.0,0.0,2.5,2.5,0.0,0.05494505494505497,0.05494505494505497,0.0,0.05348868495098622,47.166666666666664,46.5,44.35,47.33203125000358,46.566986925481864,44.97686802792849,0.031722542263169784,0.024572175576920784,0.04499592468661861,2.5,0.054945054945054944,2.5,0.054945054945054944,8.0,0.2,45.5,48.0,45.5,48.0,40.0,48.0,1.0,1.0,1.0,2,11,29,48.0,0.0,SAME,1.0
BPCL,2023-12-01,48.0,48.0,48.0,45.5,45.5,40.0,0.0,0.0,2.5,0.0,0.0,0.05494505494505497,0.0,0.0,48.0,47.0,45.15,47.66601562500179,47.044657950321245,45.526528386486945,0.031722542263169784,0.024572175576920784,0.04499592468661861,2.5,0.054945054945054944,2.5,0.054945054945054944,8.0,0.2,48.0,48.0,45.5,48.0,40.0,48.0,,1.0,1.0,4,12,1,48.0,0.0,SAME,1.0
BPCL,2023-12-04,48.0,48.0,48.0,48.0,45.5,40.0,0.0,0.0,0.0,0.0,0.0,0.0,0.0,0.0,48.0,47.5,45.95,47.833007812500895,47.363105300214166,45.97625049803477,0.0,0.024572175576920784,0.04499592468661861,0.0,0.0,2.5,0.054945054945054944,8.0,0.2,48.0,48.0,45.5,48.0,40.0,48.0,,1.0,1.0,0,12,4,48.0,0.0,SAME,1.0
BPCL,2023-12-05,48.0,48.0,48.0,48.0,45.5,40.0,0.0,0.0,0.0,0.0,0.0,0.0,0.0,0.0,48.0,48.0,46.75,47.91650390625045,47.57540353347611,46.34420495293754,0.0,0.024572175576920784,0.04499592468661861,0.0,0.0,2.5,0.054945054945054944,8.0,0.2,48.0,48.0,48.0,48.0,45.5,48.0,,,1.0,1,12,5,48.0,0.0,SAME,1.0
BPCL,2023-12-06,48.0,48.0,48.0,48.0,48.0,45.5,0.0,0.0,0.0,0.0,0.0,0.0,0.0,0.0,48.0,48.0,47.0,47.95825195312523,47.71693568898408,46.64525859785798,0.0,0.0,0.01737515197894752,0.0,0.0,0.0,0.0,2.5,0.054945054945054944,48.0,48.0,48.0,48.0,45.5,48.0,,,1.0,2,12,6,48.0,0.0,SAME,1.0
BPCL,2023-12-07,48.0,48.0,48.0,48.0,48.0,45.5,0.0,0.0,0.0,0.0,0.0,0.0,0.0,0.0,48.0,48.0,47.25,47.979125976562614,47.81129045932272,46.89157521642925,0.0,0.0,0.01737515197894752,0.0,0.0,0.0,0.0,2.5,0.054945054945054944,48.0,48.0,48.0,48.0,45.5,48.0,,,1.0,3,12,7,48.0,0.0,SAME,1.0
BPCL,2023-12-08,48.0,48.0,48.0,48.0,48.0,45.5,0.0,0.0,0.0,0.0,0.0,0.0,0.0,0.0,48.0,48.0,47.5,47.98956298828131,47.87419363954848,47.09310699526029,0.0,0.0,0.01737515197894752,0.0,0.0,0.0,0.0,2.5,0.054945054945054944,48.0,48.0,48.0,48.0,45.5,48.0,,,1.0,4,12,8,48.0,0.0,SAME,1.0
BPCL,2023-12-11,48.0,48.0,48.0,48.0,48.0,45.5,0.0,0.0,0.0,0.0,0.0,0.0,0.0,0.0,48.0,48.0,47.75,47.99478149414065,47.916129093032325,47.25799663248569,0.0,0.0,0.01737515197894752,0.0,0.0,0.0,0.0,2.5,0.054945054945054944,48.0,48.0,48.0,48.0,45.5,48.0,,,1.0,0,12,11,48.0,0.0,SAME,1.0
BPCL,2023-12-12,48.0,48.0,48.0,48.0,48.0,45.5,0.0,0.0,0.0,0.0,0.0,0.0,0.0,0.0,48.0,48.0,48.0,47.99739074707033,47.944086062021555,47.39290633567011,0.0,0.0,0.01737515197894752,0.0,0.0,0.0,0.0,2.5,0.054945054945054944,48.0,48.0,48.0,48.0,48.0,48.0,,,,1,12,12,48.0,0.0,SAME,1.0
BPCL,2023-12-13,48.0,48.0,48.0,48.0,48.0,48.0,0.0,0.0,0.0,0.0,0.0,0.0,0.0,0.0,48.0,48.0,48.0,47.99869537353516,47.962724041347705,47.50328700191191,0.0,0.0,0.0,0.0,0.0,0.0,0.0,0.0,0.0,48.0,48.0,48.0,48.0,48.0,48.0,,,,2,12,13,48.0,0.0,SAME,1.0
BPCL,2023-12-14,48.0,48.0,48.0,48.0,48.0,48.0,0.0,0.0,0.0,0.0,0.0,0.0,0.0,0.0,48.0,48.0,48.0,47.99934768676758,47.97514936089847,47.59359845610974,0.0,0.0,0.0,0.0,0.0,0.0,0.0,0.0,0.0,48.0,48.0,48.0,48.0,48.0,48.0,,,,3,12,14,48.0,0.0,SAME,1.0
BPCL,2023-12-15,48.0,48.0,48.0,48.0,48.0,48.0,0.0,0.0,0.0,0.0,0.0,0.0,0.0,0.0,48.0,48.0,48.0,47.99967384338379,47.98343290726565,47.66748964590796,0.0,0.0,0.0,0.0,0.0,0.0,0.0,0.0,0.0,48.0,48.0,48.0,48.0,48.0,48.0,,,,4,12,15,48.0,0.0,SAME,1.0
BPCL,2023-12-18,48.0,48.0,48.0,48.0,48.0,48.0,0.0,0.0,0.0,0.0,0.0,0.0,0.0,0.0,48.0,48.0,48.0,47.999836921691895,47.988955271510434,47.72794607392469,0.0,0.0,0.0,0.0,0.0,0.0,0.0,0.0,0.0,48.0,48.0,48.0,48.0,48.0,48.0,,,,0,12,18,48.0,0.0,SAME,1.0
BPCL,2023-12-19,48.0,48.0,48.0,48.0,48.0,48.0,0.0,0.0,0.0,0.0,0.0,0.0,0.0,0.0,48.0,48.0,48.0,47.99991846084595,47.99263684767362,47.7774104241202,0.0,0.0,0.0,0.0,0.0,0.0,0.0,0.0,0.0,48.0,48.0,48.0,48.0,48.0,48.0,,,,1,12,19,48.0,0.0,SAME,1.0
BPCL,2023-12-20,48.0,48.0,48.0,48.0,48.0,48.0,0.0,0.0,0.0,0.0,0.0,0.0,0.0,0.0,48.0,48.0,48.0,47.999959230422974,47.99509123178242,47.81788125609834,0.0,0.0,0.0,0.0,0.0,0.0,0.0,0.0,0.0,48.0,48.0,48.0,48.0,48.0,48.0,,,,2,12,20,48.0,0.0,SAME,1.0
BPCL,2023-12-21,48.0,48.0,48.0,48.0,48.0,48.0,0.0,0.0,0.0,0.0,0.0,0.0,0.0,0.0,48.0,48.0,48.0,47.99997961521149,47.99672748785495,47.850993754989545,0.0,0.0,0.0,0.0,0.0,0.0,0.0,0.0,0.0,48.0,48.0,48.0,48.0,48.0,48.0,,,,3,12,21,43.0,-5.0,DOWN,0.0
BPCL,2023-12-22,43.0,48.0,48.0,48.0,48.0,48.0,-5.0,-5.0,-5.0,-0.10416666666666663,-0.10416666666666663,-0.10416666666666663,-0.11000089521432846,-0.11000089521432846,46.333333333333336,47.0,47.5,45.49998980760574,46.331151658569965,46.96899489044599,0.06014065304058781,0.04658474953124561,0.032940392293420814,-5.0,-0.10416666666666667,-5.0,-0.10416666666666667,-5.0,-0.10416666666666667,43.0,48.0,43.0,48.0,43.0,48.0,0.0,0.0,0.0,4,12,22,43.0,0.0,SAME,1.0
BPCL,2023-12-25,43.0,43.0,48.0,48.0,48.0,48.0,0.0,-5.0,-5.0,0.0,-0.10416666666666663,-0.10416666666666663,0.0,-0.11000089521432846,44.666666666666664,46.0,47.0,44.24999490380287,45.22076777237998,46.24735945581945,0.060140653040587806,0.04658474953124561,0.032940392293420814,-5.0,-0.10416666666666667,-5.0,-0.10416666666666667,-5.0,-0.10416666666666667,43.0,48.0,43.0,48.0,43.0,48.0,0.0,0.0,0.0,0,12,25,43.0,0.0,SAME,1.0
BPCL,2023-12-26,43.0,43.0,43.0,48.0,48.0,48.0,0.0,0.0,-5.0,0.0,0.0,-0.10416666666666663,0.0,0.0,43.0,45.0,46.5,43.624997451901436,44.48051184825332,45.65693046385228,0.060140653040587806,0.04658474953124561,0.032940392293420814,-5.0,-0.10416666666666667,-5.0,-0.10416666666666667,-5.0,-0.10416666666666667,43.0,43.0,43.0,48.0,43.0,48.0,,0.0,0.0,1,12,26,43.0,0.0,SAME,1.0
BPCL,2023-12-27,43.0,43.0,43.0,43.0,48.0,48.0,0.0,0.0,0.0,0.0,0.0,0.0,0.0,0.0,43.0,44.0,46.0,43.31249872595072,43.98700789883555,45.173852197697315,0.0,0.04658474953124561,0.032940392293420814,0.0,0.0,-5.0,-0.10416666666666667,-5.0,-0.10416666666666667,43.0,43.0,43.0,48.0,43.0,48.0,,0.0,0.0,2,12,27,43.0,0.0,SAME,1.0
BPCL,2023-12-28,43.0,43.0,43.0,43.0,48.0,48.0,0.0,0.0,0.0,0.0,0.0,0.0,0.0,0.0,43.0,43.0,45.5,43.15624936297536,43.65800526589037,44.77860634357053,0.0,0.04658474953124561,0.032940392293420814,0.0,0.0,-5.0,-0.10416666666666667,-5.0,-0.10416666666666667,43.0,43.0,43.0,43.0,43.0,48.0,,,0.0,3,12,28,43.0,0.0,SAME,1.0
BPCL,2023-12-29,43.0,43.0,43.0,43.0,43.0,48.0,0.0,0.0,0.0,0.0,0.0,0.0,0.0,0.0,43.0,43.0,45.0,43.07812468148768,43.43867017726025,44.45522337201225,0.0,0.0,0.032940392293420814,0.0,0.0,0.0,0.0,-5.0,-0.10416666666666667,43.0,43.0,43.0,43.0,43.0,48.0,,,0.0,4,12,29,43.0,0.0,SAME,1.0
BPCL,2024-01-01,43.0,43.0,43.0,43.0,43.0,48.0,0.0,0.0,0.0,0.0,0.0,0.0,0.0,0.0,43.0,43.0,44.5,43.03906234074384,43.292446784840166,44.19063730437366,0.0,0.0,0.032940392293420814,0.0,0.0,0.0,0.0,-5.0,-0.10416666666666667,43.0,43.0,43.0,43.0,43.0,48.0,,,0.0,0,1,1,43.0,0.0,SAME,1.0
BPCL,2024-01-03,43.0,43.0,43.0,43.0,43.0,48.0,0.0,0.0,0.0,0.0,0.0,0.0,0.0,0.0,43.0,43.0,44.0,43.01953117037192,43.19496452322678,43.97415779448754,0.0,0.0,0.032940392293420814,0.0,0.0,0.0,0.0,-5.0,-0.10416666666666667,43.0,43.0,43.0,43.0,43.0,48.0,,,0.0,2,1,3,43.0,0.0,SAME,1.0
BPCL,2024-01-04,43.0,43.0,43.0,43.0,43.0,48.0,0.0,0.0,0.0,0.0,0.0,0.0,0.0,0.0,43.0,43.0,43.5,43.00976558518596,43.129976348817856,43.797038195489804,0.0,0.0,0.032940392293420814,0.0,0.0,0.0,0.0,-5.0,-0.10416666666666667,43.0,43.0,43.0,43.0,43.0,48.0,,,0.0,3,1,4,43.0,0.0,SAME,1.0
BPCL,2024-01-05,43.0,43.0,43.0,43.0,43.0,48.0,0.0,0.0,0.0,0.0,0.0,0.0,0.0,0.0,43.0,43.0,43.0,43.00488279259298,43.086650899211904,43.6521221599462,0.0,0.0,0.032940392293420814,0.0,0.0,0.0,0.0,-5.0,-0.10416666666666667,43.0,43.0,43.0,43.0,43.0,43.0,,,,4,1,5,43.0,0.0,SAME,1.0
BPCL,2024-01-08,43.0,43.0,43.0,43.0,43.0,43.0,0.0,0.0,0.0,0.0,0.0,0.0,0.0,0.0,43.0,43.0,43.0,43.00244139629649,43.05776726614127,43.53355449450144,0.0,0.0,0.0,0.0,0.0,0.0,0.0,0.0,0.0,43.0,43.0,43.0,43.0,43.0,43.0,,,,0,1,8,43.0,0.0,SAME,1.0
BPCL,2024-01-10,43.0,43.0,43.0,43.0,43.0,43.0,0.0,0.0,0.0,0.0,0.0,0.0,0.0,0.0,43.0,43.0,43.0,43.001220698148245,43.03851151076085,43.436544586410264,0.0,0.0,0.0,0.0,0.0,0.0,0.0,0.0,0.0,43.0,43.0,43.0,43.0,43.0,43.0,,,,2,1,10,43.0,0.0,SAME,1.0
BPCL,2024-01-11,43.0,43.0,43.0,43.0,43.0,43.0,0.0,0.0,0.0,0.0,0.0,0.0,0.0,0.0,43.0,43.0,43.0,43.00061034907412,43.02567434050724,43.35717284342658,0.0,0.0,0.0,0.0,0.0,0.0,0.0,0.0,0.0,43.0,43.0,43.0,43.0,43.0,43.0,,,,3,1,11,43.0,0.0,SAME,1.0
BPCL,2024-01-15,43.0,43.0,43.0,43.0,43.0,43.0,0.0,0.0,0.0,0.0,0.0,0.0,0.0,0.0,43.0,43.0,43.0,43.00030517453706,43.01711622700483,43.29223232643993,0.0,0.0,0.0,0.0,0.0,0.0,0.0,0.0,0.0,43.0,43.0,43.0,43.0,43.0,43.0,,,,0,1,15,43.0,0.0,SAME,1.0
BPCL,2024-01-16,43.0,43.0,43.0,43.0,43.0,43.0,0.0,0.0,0.0,0.0,0.0,0.0,0.0,0.0,43.0,43.0,43.0,43.00015258726853,43.01141081800322,43.23909917617812,0.0,0.0,0.0,0.0,0.0,0.0,0.0,0.0,0.0,43.0,43.0,43.0,43.0,43.0,43.0,,,,1,1,16,43.0,0.0,SAME,1.0
BPCL,2024-01-17,43.0,43.0,43.0,43.0,43.0,43.0,0.0,0.0,0.0,0.0,0.0,0.0,0.0,0.0,43.0,43.0,43.0,43.000076293634265,43.00760721200215,43.19562659869119,0.0,0.0,0.0,0.0,0.0,0.0,0.0,0.0,0.0,43.0,43.0,43.0,43.0,43.0,43.0,,,,2,1,17,43.0,0.0,SAME,1.0
BPCL,2024-01-18,43.0,43.0,43.0,43.0,43.0,43.0,0.0,0.0,0.0,0.0,0.0,0.0,0.0,0.0,43.0,43.0,43.0,43.00003814681713,43.0050714746681,43.16005812620188,0.0,0.0,0.0,0.0,0.0,0.0,0.0,0.0,0.0,43.0,43.0,43.0,43.0,43.0,43.0,,,,3,1,18,43.0,0.0,SAME,1.0
BPCL,2024-01-19,43.0,43.0,43.0,43.0,43.0,43.0,0.0,0.0,0.0,0.0,0.0,0.0,0.0,0.0,43.0,43.0,43.0,43.000019073408566,43.003380983112066,43.13095664871063,0.0,0.0,0.0,0.0,0.0,0.0,0.0,0.0,0.0,43.0,43.0,43.0,43.0,43.0,43.0,,,,4,1,19,43.0,0.0,SAME,1.0
BPCL,2024-01-22,43.0,43.0,43.0,43.0,43.0,43.0,0.0,0.0,0.0,0.0,0.0,0.0,0.0,0.0,43.0,43.0,43.0,43.00000953670428,43.00225398874138,43.10714634894506,0.0,0.0,0.0,0.0,0.0,0.0,0.0,0.0,0.0,43.0,43.0,43.0,43.0,43.0,43.0,,,,0,1,22,43.0,0.0,SAME,1.0
BPCL,2024-01-23,43.0,43.0,43.0,43.0,43.0,43.0,0.0,0.0,0.0,0.0,0.0,0.0,0.0,0.0,43.0,43.0,43.0,43.00000476835214,43.00150265916092,43.08766519459141,0.0,0.0,0.0,0.0,0.0,0.0,0.0,0.0,0.0,43.0,43.0,43.0,43.0,43.0,43.0,,,,1,1,23,43.0,0.0,SAME,1.0
BPCL,2024-01-24,43.0,43.0,43.0,43.0,43.0,43.0,0.0,0.0,0.0,0.0,0.0,0.0,0.0,0.0,43.0,43.0,43.0,43.00000238417607,43.00100177277395,43.07172606830206,0.0,0.0,0.0,0.0,0.0,0.0,0.0,0.0,0.0,43.0,43.0,43.0,43.0,43.0,43.0,,,,2,1,24,43.0,0.0,SAME,1.0
BPCL,2024-01-25,43.0,43.0,43.0,43.0,43.0,43.0,0.0,0.0,0.0,0.0,0.0,0.0,0.0,0.0,43.0,43.0,43.0,43.000001192088035,43.00066784851597,43.05868496497441,0.0,0.0,0.0,0.0,0.0,0.0,0.0,0.0,0.0,43.0,43.0,43.0,43.0,43.0,43.0,,,,3,1,25,43.0,0.0,SAME,1.0
BPCL,2024-01-26,43.0,43.0,43.0,43.0,43.0,43.0,0.0,0.0,0.0,0.0,0.0,0.0,0.0,0.0,43.0,43.0,43.0,43.00000059604402,43.00044523234398,43.0480149713427,0.0,0.0,0.0,0.0,0.0,0.0,0.0,0.0,0.0,43.0,43.0,43.0,43.0,43.0,43.0,,,,4,1,26,43.0,0.0,SAME,1.0
BPCL,2024-01-29,43.0,43.0,43.0,43.0,43.0,43.0,0.0,0.0,0.0,0.0,0.0,0.0,0.0,0.0,43.0,43.0,43.0,43.00000029802201,43.00029682156266,43.03928497655312,0.0,0.0,0.0,0.0,0.0,0.0,0.0,0.0,0.0,43.0,43.0,43.0,43.0,43.0,43.0,,,,0,1,29,43.0,0.0,SAME,1.0
BPCL,2024-01-30,43.0,43.0,43.0,43.0,43.0,43.0,0.0,0.0,0.0,0.0,0.0,0.0,0.0,0.0,43.0,43.0,43.0,43.000000149011,43.00019788104177,43.03214225354346,0.0,0.0,0.0,0.0,0.0,0.0,0.0,0.0,0.0,43.0,43.0,43.0,43.0,43.0,43.0,,,,1,1,30,43.0,0.0,SAME,1.0
BPCL,2024-01-31,43.0,43.0,43.0,43.0,43.0,43.0,0.0,0.0,0.0,0.0,0.0,0.0,0.0,0.0,43.0,43.0,43.0,43.0000000745055,43.000131920694514,43.02629820744465,0.0,0.0,0.0,0.0,0.0,0.0,0.0,0.0,0.0,43.0,43.0,43.0,43.0,43.0,43.0,,,,2,1,31,43.0,0.0,SAME,1.0
BPCL,2024-02-01,43.0,43.0,43.0,43.0,43.0,43.0,0.0,0.0,0.0,0.0,0.0,0.0,0.0,0.0,43.0,43.0,43.0,43.00000003725275,43.00008794712968,43.02151671518198,0.0,0.0,0.0,0.0,0.0,0.0,0.0,0.0,0.0,43.0,43.0,43.0,43.0,43.0,43.0,,,,3,2,1,42.0,-1.0,DOWN,0.0
BPCL,2024-02-02,42.0,43.0,43.0,43.0,43.0,43.0,-1.0,-1.0,-1.0,-0.023255813953488413,-0.023255813953488413,-0.023255813953488413,-0.02353049741019416,-0.02353049741019416,42.666666666666664,42.8,42.9,42.50000001862637,42.666725298086455,42.835786403330715,0.013426750446278604,0.01040031617441765,0.0073541340934157595,-1.0,-0.023255813953488372,-1.0,-0.023255813953488372,-1.0,-0.023255813953488372,42.0,43.0,42.0,43.0,42.0,43.0,0.0,0.0,0.0,4,2,2,42.0,0.0,SAME,1.0
BPCL,2024-02-05,42.0,42.0,43.0,43.0,43.0,43.0,0.0,-1.0,-1.0,0.0,-0.023255813953488413,-0.023255813953488413,0.0,-0.02353049741019416,42.333333333333336,42.6,42.8,42.25000000931318,42.44448353205764,42.68382523908876,0.013426750446278604,0.01040031617441765,0.0073541340934157595,-1.0,-0.023255813953488372,-1.0,-0.023255813953488372,-1.0,-0.023255813953488372,42.0,43.0,42.0,43.0,42.0,43.0,0.0,0.0,0.0,0,2,5,42.0,0.0,SAME,1.0
BPCL,2024-02-06,42.0,42.0,42.0,43.0,43.0,43.0,0.0,0.0,-1.0,0.0,0.0,-0.023255813953488413,0.0,0.0,42.0,42.4,42.7,42.12500000465659,42.2963223547051,42.559493377436254,0.013426750446278604,0.01040031617441765,0.0073541340934157595,-1.0,-0.023255813953488372,-1.0,-0.023255813953488372,-1.0,-0.023255813953488372,42.0,42.0,42.0,43.0,42.0,43.0,,0.0,0.0,1,2,6,42.0,0.0,SAME,1.0
BPCL,2024-02-07,42.0,42.0,42.0,42.0,43.0,43.0,0.0,0.0,0.0,0.0,0.0,0.0,0.0,0.0,42.0,42.2,42.6,42.06250000232829,42.19754823647007,42.45776730881148,0.0,0.01040031617441765,0.0073541340934157595,0.0,0.0,-1.0,-0.023255813953488372,-1.0,-0.023255813953488372,42.0,42.0,42.0,43.0,42.0,43.0,,0.0,0.0,2,2,7,42.0,0.0,SAME,1.0
BPCL,2024-02-08,42.0,42.0,42.0,42.0,43.0,43.0,0.0,0.0,0.0,0.0,0.0,0.0,0.0,0.0,42.0,42.0,42.5,42.031250001164146,42.13169882431338,42.37453688902758,0.0,0.01040031617441765,0.0073541340934157595,0.0,0.0,-1.0,-0.023255813953488372,-1.0,-0.023255813953488372,42.0,42.0,42.0,42.0,42.0,43.0,,,0.0,3,2,8,42.0,0.0,SAME,1.0
BPCL,2024-02-09,42.0,42.0,42.0,42.0,42.0,43.0,0.0,0.0,0.0,0.0,0.0,0.0,0.0,0.0,42.0,42.0,42.4,42.01562500058208,42.08779921620892,42.30643927284075,0.0,0.0,0.0073541340934157595,0.0,0.0,0.0,0.0,-1.0,-0.023255813953488372,42.0,42.0,42.0,42.0,42.0,43.0,,,0.0,4,2,9,41.0,-1.0,DOWN,0.0
BPCL,2024-02-12,41.0,42.0,42.0,42.0,42.0,43.0,-1.0,-1.0,-1.0,-0.023809523809523836,-0.023809523809523836,-0.023809523809523836,-0.02409755157906053,-0.02409755157906053,41.666666666666664,41.8,42.2,41.50781250029104,41.725199477472614,42.06890485959697,0.013746434980713413,0.010647942749999015,0.009923102700270423,-1.0,-0.023809523809523808,-1.0,-0.023809523809523808,-2.0,-0.046511627906976744,41.0,42.0,41.0,42.0,41.0,43.0,0.0,0.0,0.0,0,2,12,41.0,0.0,SAME,1.0
BPCL,2024-02-13,41.0,41.0,42.0,42.0,42.0,43.0,0.0,-1.0,-1.0,0.0,-0.023809523809523836,-0.023809523809523836,0.0,-0.02409755157906053,41.333333333333336,41.6,42.0,41.25390625014552,41.48346631831508,41.874558521488424,0.013746434980713413,0.010647942749999015,0.009923102700270423,-1.0,-0.023809523809523808,-1.0,-0.023809523809523808,-2.0,-0.046511627906976744,41.0,42.0,41.0,42.0,41.0,43.0,0.0,0.0,0.0,1,2,13,41.0,0.0,SAME,1.0
BPCL,2024-02-14,41.0,41.0,41.0,42.0,42.0,43.0,0.0,0.0,-1.0,0.0,0.0,-0.023809523809523836,0.0,0.0,41.0,41.4,41.8,41.12695312507276,41.32231087887672,41.715547881217795,0.013746434980713413,0.010647942749999015,0.009923102700270423,-1.0,-0.023809523809523808,-1.0,-0.023809523809523808,-2.0,-0.046511627906976744,41.0,41.0,41.0,42.0,41.0,43.0,,0.0,0.0,2,2,14,42.0,1.0,UP,2.0
BPCL,2024-02-15,42.0,41.0,41.0,41.0,42.0,43.0,1.0,1.0,1.0,0.024390243902439046,0.024390243902439046,0.024390243902439046,0.024097551579060524,0.024097551579060524,41.333333333333336,41.4,41.7,41.56347656253638,41.54820725258448,41.7672664482691,0.01408171388268169,0.01704193338864083,0.013544963459765955,1.0,0.024390243902439025,0.0,0.0,-1.0,-0.023255813953488372,41.0,42.0,41.0,42.0,41.0,42.0,1.0,1.0,1.0,3,2,15,42.0,0.0,SAME,1.0
BPCL,2024-02-16,42.0,42.0,41.0,41.0,42.0,42.0,0.0,1.0,1.0,0.0,0.024390243902439046,0.024390243902439046,0.0,0.024097551579060524,41.666666666666664,41.4,41.7,41.78173828126819,41.69880483505632,41.80958163949289,0.01408171388268169,0.01704193338864083,0.011361453829477966,1.0,0.024390243902439025,0.0,0.0,0.0,0.0,41.0,42.0,41.0,42.0,41.0,42.0,1.0,1.0,1.0,4,2,16,42.0,0.0,SAME,1.0
BPCL,2024-02-19,42.0,42.0,42.0,41.0,41.0,42.0,0.0,0.0,1.0,0.0,0.0,0.024390243902439046,0.0,0.0,42.0,41.6,41.7,41.890869140634095,41.79920322337088,41.84420315958509,0.01408171388268169,0.010907648670730687,0.011361453829477966,1.0,0.024390243902439025,1.0,0.024390243902439025,0.0,0.0,42.0,42.0,41.0,42.0,41.0,42.0,,1.0,1.0,0,2,19,42.0,0.0,SAME,1.0
BPCL,2024-02-20,42.0,42.0,42.0,42.0,41.0,42.0,0.0,0.0,0.0,0.0,0.0,0.0,0.0,0.0,42.0,41.8,41.7,41.94543457031705,41.86613548224726,41.87252985784235,0.0,0.010907648670730687,0.011361453829477966,0.0,0.0,1.0,0.024390243902439025,0.0,0.0,42.0,42.0,41.0,42.0,41.0,42.0,,1.0,1.0,1,2,20,42.0,0.0,SAME,1.0
BPCL,2024-02-26,42.0,42.0,42.0,42.0,41.0,42.0,0.0,0.0,0.0,0.0,0.0,0.0,0.0,0.0,42.0,42.0,41.7,41.972717285158524,41.91075698816484,41.89570624732556,0.0,0.010907648670730687,0.011361453829477966,0.0,0.0,1.0,0.024390243902439025,0.0,0.0,42.0,42.0,42.0,42.0,41.0,42.0,,,1.0,0,2,26,42.0,0.0,SAME,1.0
BPCL,2024-02-27,42.0,42.0,42.0,42.0,42.0,42.0,0.0,0.0,0.0,0.0,0.0,0.0,0.0,0.0,42.0,42.0,41.7,41.98635864257926,41.94050465877656,41.91466874781182,0.0,0.0,0.011361453829477966,0.0,0.0,0.0,0.0,0.0,0.0,42.0,42.0,42.0,42.0,41.0,42.0,,,1.0,1,2,27,42.0,0.0,SAME,1.0
BPCL,2024-02-28,42.0,42.0,42.0,42.0,42.0,42.0,0.0,0.0,0.0,0.0,0.0,0.0,0.0,0.0,42.0,42.0,41.7,41.99317932128963,41.960336439184374,41.930183520936936,0.0,0.0,0.011361453829477966,0.0,0.0,0.0,0.0,0.0,0.0,42.0,42.0,42.0,42.0,41.0,42.0,,,1.0,2,2,28,42.0,0.0,SAME,1.0
BPCL,2024-02-29,42.0,42.0,42.0,42.0,42.0,41.0,0.0,0.0,0.0,0.0,0.0,0.0,0.0,0.0,42.0,42.0,41.8,41.996589660644815,41.97355762612292,41.94287742622113,0.0,0.0,0.007712872341874958,0.0,0.0,0.0,0.0,1.0,0.024390243902439025,42.0,42.0,42.0,42.0,41.0,42.0,,,1.0,3,2,29,42.0,0.0,SAME,1.0
BPCL,2024-03-01,42.0,42.0,42.0,42.0,42.0,41.0,0.0,0.0,0.0,0.0,0.0,0.0,0.0,0.0,42.0,42.0,41.9,41.99829483032241,41.98237175074861,41.95326334872638,0.0,0.0,0.007712872341874958,0.0,0.0,0.0,0.0,1.0,0.024390243902439025,42.0,42.0,42.0,42.0,41.0,42.0,,,1.0,4,3,1,42.0,0.0,SAME,1.0
BPCL,2024-03-04,42.0,42.0,42.0,42.0,42.0,41.0,0.0,0.0,0.0,0.0,0.0,0.0,0.0,0.0,42.0,42.0,42.0,41.999147415161204,41.98824783383241,41.96176092168521,0.0,0.0,0.007712872341874958,0.0,0.0,0.0,0.0,1.0,0.024390243902439025,42.0,42.0,42.0,42.0,42.0,42.0,,,,0,3,4,42.0,0.0,SAME,1.0
BPCL,2024-03-05,42.0,42.0,42.0,42.0,42.0,42.0,0.0,0.0,0.0,0.0,0.0,0.0,0.0,0.0,42.0,42.0,42.0,41.9995737075806,41.992165222554945,41.96871348137881,0.0,0.0,0.0,0.0,0.0,0.0,0.0,0.0,0.0,42.0,42.0,42.0,42.0,42.0,42.0,,,,1,3,5,42.56,0.5600000000000023,UP,2.0
BPCL,2024-03-06,42.56,42.0,42.0,42.0,42.0,42.0,0.5600000000000023,0.5600000000000023,0.5600000000000023,0.01333333333333342,0.01333333333333342,0.01333333333333342,0.013245226750020723,0.013245226750020723,42.18666666666667,42.112,42.056,42.2797868537903,42.1814434817033,42.076220121128124,0.007698003589209452,0.0059628479399994735,0.004216370213559437,0.5600000000000023,0.013333333333333388,0.5600000000000023,0.013333333333333388,0.5600000000000023,0.013333333333333388,42.0,42.56,42.0,42.56,42.0,42.56,1.0,1.0,1.0,2,3,6,42.56,0.0,SAME,1.0
BPCL,2024-03-07,42.56,42.56,42.0,42.0,42.0,42.0,0.0,0.5600000000000023,0.5600000000000023,0.0,0.01333333333333342,0.01333333333333342,0.0,0.013245226750020723,42.373333333333335,42.224000000000004,42.112,42.41989342689515,42.307628987802204,42.16418009910483,0.007698003589209452,0.0059628479399994735,0.004216370213559437,0.5600000000000023,0.013333333333333388,0.5600000000000023,0.013333333333333388,0.5600000000000023,0.013333333333333388,42.0,42.56,42.0,42.56,42.0,42.56,1.0,1.0,1.0,3,3,7,42.56,0.0,SAME,1.0
BPCL,2024-03-08,42.56,42.56,42.56,42.0,42.0,42.0,0.0,0.0,0.5600000000000023,0.0,0.0,0.01333333333333342,0.0,0.0,42.56,42.336,42.168,42.48994671344758,42.391752658534806,42.236147353813045,0.007698003589209452,0.0059628479399994735,0.004216370213559437,0.5600000000000023,0.013333333333333388,0.5600000000000023,0.013333333333333388,0.5600000000000023,0.013333333333333388,42.56,42.56,42.0,42.56,42.0,42.56,,1.0,1.0,4,3,8,42.79,0.22999999999999687,UP,2.0
BPCL,2024-03-11,42.79,42.56,42.56,42.56,42.0,42.0,0.22999999999999687,0.22999999999999687,0.22999999999999687,0.005404135338345828,0.005404135338345828,0.005404135338345828,0.005389585395336488,0.005389585395336488,42.63666666666666,42.49400000000001,42.247,42.639973356723786,42.524501772356544,42.33684783493794,0.003120078992366604,0.005847305150419843,0.004370013772045946,0.22999999999999687,0.005404135338345791,0.7899999999999991,0.01880952380952379,0.7899999999999991,0.01880952380952379,42.56,42.79,42.0,42.79,42.0,42.79,1.0,1.0,1.0,0,3,11,42.79,0.0,SAME,1.0
BPCL,2024-03-12,42.79,42.79,42.56,42.56,42.0,42.0,0.0,0.22999999999999687,0.22999999999999687,0.0,0.005404135338345828,0.005404135338345828,0.0,0.005389585395336488,42.71333333333333,42.652,42.326,42.714986678361896,42.613001181571036,42.4192391376765,0.003120078992366604,0.005847305150419843,0.004370013772045946,0.22999999999999687,0.005404135338345791,0.7899999999999991,0.01880952380952379,0.7899999999999991,0.01880952380952379,42.56,42.79,42.56,42.79,42.0,42.79,1.0,1.0,1.0,1,3,12,42.79,0.0,SAME,1.0
BPCL,2024-03-13,42.79,42.79,42.79,42.56,42.56,42.0,0.0,0.0,0.22999999999999687,0.0,0.0,0.005404135338345828,0.0,0.0,42.79,42.698,42.405,42.752493339180944,42.672000787714026,42.486650203553495,0.003120078992366604,0.0024168027952300142,0.004370013772045946,0.22999999999999687,0.005404135338345791,0.22999999999999687,0.005404135338345791,0.7899999999999991,0.01880952380952379,42.79,42.79,42.56,42.79,42.0,42.79,,1.0,1.0,2,3,13,42.79,0.0,SAME,1.0
BPCL,2024-03-14,42.79,42.79,42.79,42.79,42.56,42.0,0.0,0.0,0.0,0.0,0.0,0.0,0.0,0.0,42.79,42.744,42.484,42.77124666959047,42.711333858476024,42.54180471199831,0.0,0.0024168027952300142,0.004370013772045946,0.0,0.0,0.22999999999999687,0.005404135338345791,0.7899999999999991,0.01880952380952379,42.79,42.79,42.56,42.79,42.0,42.79,,1.0,1.0,3,3,14,42.79,0.0,SAME,1.0
BPCL,2024-03-15,42.79,42.79,42.79,42.79,42.56,42.0,0.0,0.0,0.0,0.0,0.0,0.0,0.0,0.0,42.79,42.79,42.563,42.78062333479524,42.73755590565068,42.58693112799862,0.0,0.0024168027952300142,0.004370013772045946,0.0,0.0,0.22999999999999687,0.005404135338345791,0.7899999999999991,0.01880952380952379,42.79,42.79,42.79,42.79,42.0,42.79,,,1.0,4,3,15,42.79,0.0,SAME,1.0
BPCL,2024-03-18,42.79,42.79,42.79,42.79,42.79,42.0,0.0,0.0,0.0,0.0,0.0,0.0,0.0,0.0,42.79,42.79,42.642,42.78531166739762,42.75503727043379,42.62385274108978,0.0,0.0,0.004370013772045946,0.0,0.0,0.0,0.0,0.7899999999999991,0.01880952380952379,42.79,42.79,42.79,42.79,42.0,42.79,,,1.0,0,3,18,42.79,0.0,SAME,1.0
BPCL,2024-03-19,42.79,42.79,42.79,42.79,42.79,42.0,0.0,0.0,0.0,0.0,0.0,0.0,0.0,0.0,42.79,42.79,42.721000000000004,42.78765583369881,42.76669151362253,42.654061333618905,0.0,0.0,0.004370013772045946,0.0,0.0,0.0,0.0,0.7899999999999991,0.01880952380952379,42.79,42.79,42.79,42.79,42.56,42.79,,,1.0,1,3,19,42.79,0.0,SAME,1.0
BPCL,2024-03-20,42.79,42.79,42.79,42.79,42.79,42.56,0.0,0.0,0.0,0.0,0.0,0.0,0.0,0.0,42.79,42.79,42.744,42.7888279168494,42.77446100908169,42.6787774547791,0.0,0.0,0.0017089376453016346,0.0,0.0,0.0,0.0,0.22999999999999687,0.005404135338345791,42.79,42.79,42.79,42.79,42.56,42.79,,,1.0,2,3,20,42.79,0.0,SAME,1.0
BPCL,2024-03-21,42.79,42.79,42.79,42.79,42.79,42.56,0.0,0.0,0.0,0.0,0.0,0.0,0.0,0.0,42.79,42.79,42.767,42.7894139584247,42.77964067272113,42.69899973572836,0.0,0.0,0.0017089376453016346,0.0,0.0,0.0,0.0,0.22999999999999687,0.005404135338345791,42.79,42.79,42.79,42.79,42.56,42.79,,,1.0,3,3,21,42.79,0.0,SAME,1.0
BPCL,2024-03-22,42.79,42.79,42.79,42.79,42.79,42.56,0.0,0.0,0.0,0.0,0.0,0.0,0.0,0.0,42.79,42.79,42.79,42.789706979212355,42.78309378181409,42.7155452383232,0.0,0.0,0.0017089376453016346,0.0,0.0,0.0,0.0,0.22999999999999687,0.005404135338345791,42.79,42.79,42.79,42.79,42.79,42.79,,,,4,3,22,42.79,0.0,SAME,1.0
BPCL,2024-03-25,42.79,42.79,42.79,42.79,42.79,42.79,0.0,0.0,0.0,0.0,0.0,0.0,0.0,0.0,42.79,42.79,42.79,42.78985348960617,42.78539585454273,42.72908246771898,0.0,0.0,0.0,0.0,0.0,0.0,0.0,0.0,0.0,42.79,42.79,42.79,42.79,42.79,42.79,,,,0,3,25,41.16,-1.6300000000000026,DOWN,0.0
BPCL,2024-03-26,41.16,42.79,42.79,42.79,42.79,42.79,-1.6300000000000026,-1.6300000000000026,-1.6300000000000026,-0.038093012386071545,-0.038093012386071545,-0.038093012386071545,-0.03883751946287665,-0.03883751946287665,42.24666666666667,42.464,42.626999999999995,41.974926744803085,42.24359723636182,42.443794746315525,0.02199301095534716,0.017035713032599493,0.0120460682076997,-1.6300000000000026,-0.03809301238607157,-1.6300000000000026,-0.03809301238607157,-1.6300000000000026,-0.03809301238607157,41.16,42.79,41.16,42.79,41.16,42.79,0.0,0.0,0.0,1,3,26,41.16,0.0,SAME,1.0
BPCL,2024-03-27,41.16,41.16,42.79,42.79,42.79,42.79,0.0,-1.6300000000000026,-1.6300000000000026,0.0,-0.038093012386071545,-0.038093012386071545,0.0,-0.03883751946287665,41.703333333333326,42.138,42.464,41.56746337240154,41.88239815757455,42.2103775197127,0.02199301095534716,0.01703571303259949,0.0120460682076997,-1.6300000000000026,-0.03809301238607157,-1.6300000000000026,-0.03809301238607157,-1.6300000000000026,-0.03809301238607157,41.16,42.79,41.16,42.79,41.16,42.79,0.0,0.0,0.0,2,3,27,41.16,0.0,SAME,1.0
BPCL,2024-03-28,41.16,41.16,41.16,42.79,42.79,42.79,0.0,0.0,-1.6300000000000026,0.0,0.0,-0.038093012386071545,0.0,0.0,41.16,41.812,42.301,41.363731686200765,41.64159877171637,42.01939978885584,0.02199301095534716,0.01703571303259949,0.0120460682076997,-1.6300000000000026,-0.03809301238607157,-1.6300000000000026,-0.03809301238607157,-1.6300000000000026,-0.03809301238607157,41.16,41.16,41.16,42.79,41.16,42.79,,0.0,0.0,3,3,28,41.16,0.0,SAME,1.0
BPCL,2024-03-29,41.16,41.16,41.16,41.16,42.79,42.79,0.0,0.0,0.0,0.0,0.0,0.0,0.0,0.0,41.16,41.486,42.138,41.26186584310038,41.48106584781091,41.86314528179114,0.0,0.01703571303259949,0.0120460682076997,0.0,0.0,-1.6300000000000026,-0.03809301238607157,-1.6300000000000026,-0.03809301238607157,41.16,41.16,41.16,42.79,41.16,42.79,,0.0,0.0,4,3,29,42.0,0.8400000000000034,UP,2.0
BPCL,2024-04-01,42.0,41.16,41.16,41.16,42.79,42.79,0.8400000000000034,0.8400000000000034,0.8400000000000034,0.020408163265306145,0.020408163265306145,0.020408163265306145,0.02020270731751947,0.02020270731751947,41.44,41.327999999999996,42.059,41.63093292155019,41.65404389854061,41.88802795782911,0.011782658554899749,0.021242763137265974,0.014284005552701588,0.8400000000000034,0.020408163265306208,-0.7899999999999991,-0.018462257536807646,-0.7899999999999991,-0.018462257536807646,41.16,42.0,41.16,42.0,41.16,42.79,1.0,1.0,0.5153374233128847,0,4,1,42.0,0.0,SAME,1.0
BPCL,2024-04-02,42.0,42.0,41.16,41.16,41.16,42.79,0.0,0.8400000000000034,0.8400000000000034,0.0,0.020408163265306145,0.020408163265306145,0.0,0.02020270731751947,41.72,41.495999999999995,41.98,41.8154664607751,41.769362599027076,41.90838651095109,0.011782658554899749,0.009126808071427716,0.014284005552701588,0.8400000000000034,0.020408163265306208,0.8400000000000034,0.020408163265306208,-0.7899999999999991,-0.018462257536807646,41.16,42.0,41.16,42.0,41.16,42.79,1.0,1.0,0.5153374233128847,1,4,2,42.0,0.0,SAME,1.0
BPCL,2024-04-03,42.0,42.0,42.0,41.16,41.16,42.79,0.0,0.0,0.8400000000000034,0.0,0.0,0.020408163265306145,0.0,0.0,42.0,41.664,41.900999999999996,41.90773323038755,41.84624173268472,41.92504350895997,0.011782658554899749,0.009126808071427716,0.014284005552701588,0.8400000000000034,0.020408163265306208,0.8400000000000034,0.020408163265306208,-0.7899999999999991,-0.018462257536807646,42.0,42.0,41.16,42.0,41.16,42.79,,1.0,0.5153374233128847,2,4,3,42.0,0.0,SAME,1.0
BPCL,2024-04-04,42.0,42.0,42.0,42.0,41.16,42.79,0.0,0.0,0.0,0.0,0.0,0.0,0.0,0.0,42.0,41.832,41.821999999999996,41.953866615193775,41.89749448845648,41.93867196187634,0.0,0.009126808071427716,0.014284005552701588,0.0,0.0,0.8400000000000034,0.020408163265306208,-0.7899999999999991,-0.018462257536807646,42.0,42.0,41.16,42.0,41.16,42.79,,1.0,0.5153374233128847,3,4,4,47.0,5.0,UP,2.0
BPCL,2024-04-05,47.0,42.0,42.0,42.0,41.16,42.79,5.0,5.0,5.0,0.11904761904761907,0.11904761904761907,0.11904761904761907,0.1124779834266903,0.1124779834266903,43.666666666666664,43.0,42.243,44.47693330759689,43.59832965897099,42.858913423353364,0.06873217490352852,0.05171857907142371,0.040841788524189446,5.0,0.11904761904761904,5.840000000000003,0.14188532555879504,4.210000000000001,0.09838747370881049,42.0,47.0,42.0,47.0,41.16,47.0,1.0,1.0,1.0,4,4,5,47.76,0.759999999999998,UP,2.0
BPCL,2024-04-08,47.76,47.0,42.0,42.0,42.0,42.79,0.759999999999998,5.759999999999998,5.759999999999998,0.016170212765957315,0.137142857142857,0.137142857142857,0.01604086737428793,0.12851885080097822,45.586666666666666,44.152,42.739999999999995,46.11846665379844,44.98555310598066,43.75002007365275,0.06457240394194053,0.051906259193209146,0.040715792595673914,5.759999999999998,0.1371428571428571,5.759999999999998,0.1371428571428571,4.969999999999999,0.1161486328581444,42.0,47.76,42.0,47.76,41.16,47.76,1.0,1.0,1.0,0,4,8,47.76,0.0,SAME,1.0
BPCL,2024-04-09,47.76,47.76,47.0,42.0,42.0,41.16,0.0,0.759999999999998,5.759999999999998,0.0,0.016170212765957315,0.137142857142857,0.0,0.01604086737428793,47.50666666666667,45.303999999999995,43.4,46.93923332689922,45.91036873732044,44.479107332988605,0.06457240394194053,0.051906259193209146,0.037160850778500204,5.759999999999998,0.1371428571428571,5.759999999999998,0.1371428571428571,6.600000000000001,0.1603498542274053,47.0,47.76,42.0,47.76,41.16,47.76,1.0,1.0,1.0,1,4,9,47.76,0.0,SAME,1.0
BPCL,2024-04-10,47.76,47.76,47.76,47.0,42.0,41.16,0.0,0.0,0.759999999999998,0.0,0.0,0.016170212765957315,0.0,0.0,47.76,46.456,44.059999999999995,47.34961666344961,46.526912491546966,45.07563327244522,0.009335876693290836,0.051906259193209146,0.037160850778500204,0.759999999999998,0.016170212765957405,5.759999999999998,0.1371428571428571,6.600000000000001,0.1603498542274053,47.76,47.76,42.0,47.76,41.16,47.76,,1.0,1.0,2,4,10,47.76,0.0,SAME,1.0
BPCL,2024-04-11,47.76,47.76,47.76,47.76,42.0,41.16,0.0,0.0,0.0,0.0,0.0,0.0,0.0,0.0,47.76,47.608,44.71999999999999,47.5548083317248,46.93794166103132,45.56369995018245,0.0,0.051906259193209146,0.037160850778500204,0.0,0.0,5.759999999999998,0.1371428571428571,6.600000000000001,0.1603498542274053,47.76,47.76,47.0,47.76,41.16,47.76,,1.0,1.0,3,4,11,47.76,0.0,SAME,1.0
BPCL,2024-04-12,47.76,47.76,47.76,47.76,47.0,41.16,0.0,0.0,0.0,0.0,0.0,0.0,0.0,0.0,47.76,47.76,45.38,47.6574041658624,47.21196110735421,45.96302723196746,0.0,0.007231538991063117,0.037160850778500204,0.0,0.0,0.759999999999998,0.016170212765957405,6.600000000000001,0.1603498542274053,47.76,47.76,47.76,47.76,42.0,47.76,,,1.0,4,4,12,47.76,0.0,SAME,1.0
BPCL,2024-04-15,47.76,47.76,47.76,47.76,47.76,42.0,0.0,0.0,0.0,0.0,0.0,0.0,0.0,0.0,47.76,47.76,45.956,47.7087020829312,47.39464073823615,46.289749553427924,0.0,0.0,0.03742462822166265,0.0,0.0,0.0,0.0,5.759999999999998,0.1371428571428571,47.76,47.76,47.76,47.76,42.0,47.76,,,1.0,0,4,15,47.76,0.0,SAME,1.0
BPCL,2024-04-16,47.76,47.76,47.76,47.76,47.76,42.0,0.0,0.0,0.0,0.0,0.0,0.0,0.0,0.0,47.76,47.76,46.532,47.7343510414656,47.5164271588241,46.55706781644102,0.0,0.0,0.03742462822166265,0.0,0.0,0.0,0.0,5.759999999999998,0.1371428571428571,47.76,47.76,47.76,47.76,42.0,47.76,,,1.0,1,4,16,47.76,0.0,SAME,1.0
BPCL,2024-04-17,47.76,47.76,47.76,47.76,47.76,42.0,0.0,0.0,0.0,0.0,0.0,0.0,0.0,0.0,47.76,47.76,47.108,47.747175520732796,47.59761810588273,46.77578275890629,0.0,0.0,0.03742462822166265,0.0,0.0,0.0,0.0,5.759999999999998,0.1371428571428571,47.76,47.76,47.76,47.76,42.0,47.76,,,1.0,2,4,17,47.76,0.0,SAME,1.0
BPCL,2024-04-19,47.76,47.76,47.76,47.76,47.76,42.0,0.0,0.0,0.0,0.0,0.0,0.0,0.0,0.0,47.76,47.76,47.684,47.7535877603664,47.65174540392182,46.95473134819605,0.0,0.0,0.03742462822166265,0.0,0.0,0.0,0.0,5.759999999999998,0.1371428571428571,47.76,47.76,47.76,47.76,47.0,47.76,,,1.0,4,4,19,47.76,0.0,SAME,1.0
BPCL,2024-04-22,47.76,47.76,47.76,47.76,47.76,47.0,0.0,0.0,0.0,0.0,0.0,0.0,0.0,0.0,47.76,47.76,47.76,47.756793880183196,47.68783026928122,47.101143830342224,0.0,0.0,0.005113470258996953,0.0,0.0,0.0,0.0,0.759999999999998,0.016170212765957405,47.76,47.76,47.76,47.76,47.76,47.76,,,,0,4,22,47.76,0.0,SAME,1.0
BPCL,2024-04-23,47.76,47.76,47.76,47.76,47.76,47.76,0.0,0.0,0.0,0.0,0.0,0.0,0.0,0.0,47.76,47.76,47.76,47.7583969400916,47.71188684618748,47.22093586118909,0.0,0.0,0.0,0.0,0.0,0.0,0.0,0.0,0.0,47.76,47.76,47.76,47.76,47.76,47.76,,,,1,4,23,47.76,0.0,SAME,1.0
BPCL,2024-04-24,47.76,47.76,47.76,47.76,47.76,47.76,0.0,0.0,0.0,0.0,0.0,0.0,0.0,0.0,47.76,47.76,47.76,47.7591984700458,47.72792456412499,47.31894752279108,0.0,0.0,0.0,0.0,0.0,0.0,0.0,0.0,0.0,47.76,47.76,47.76,47.76,47.76,47.76,,,,2,4,24,47.76,0.0,SAME,1.0
BPCL,2024-04-25,47.76,47.76,47.76,47.76,47.76,47.76,0.0,0.0,0.0,0.0,0.0,0.0,0.0,0.0,47.76,47.76,47.76,47.759599235022904,47.73861637608333,47.39913888228361,0.0,0.0,0.0,0.0,0.0,0.0,0.0,0.0,0.0,47.76,47.76,47.76,47.76,47.76,47.76,,,,3,4,25,47.76,0.0,SAME,1.0
BPCL,2024-04-26,47.76,47.76,47.76,47.76,47.76,47.76,0.0,0.0,0.0,0.0,0.0,0.0,0.0,0.0,47.76,47.76,47.76,47.75979961751145,47.745744250722225,47.46474999459568,0.0,0.0,0.0,0.0,0.0,0.0,0.0,0.0,0.0,47.76,47.76,47.76,47.76,47.76,47.76,,,,4,4,26,47.76,0.0,SAME,1.0
BPCL,2024-04-29,47.76,47.76,47.76,47.76,47.76,47.76,0.0,0.0,0.0,0.0,0.0,0.0,0.0,0.0,47.76,47.76,47.76,47.75989980875572,47.75049616714816,47.5184318137601,0.0,0.0,0.0,0.0,0.0,0.0,0.0,0.0,0.0,47.76,47.76,47.76,47.76,47.76,47.76,,,,0,4,29,47.76,0.0,SAME,1.0
BPCL,2024-04-30,47.76,47.76,47.76,47.76,47.76,47.76,0.0,0.0,0.0,0.0,0.0,0.0,0.0,0.0,47.76,47.76,47.76,47.75994990437786,47.7536641114321,47.56235330216735,0.0,0.0,0.0,0.0,0.0,0.0,0.0,0.0,0.0,47.76,47.76,47.76,47.76,47.76,47.76,,,,1,4,30,47.76,0.0,SAME,1.0
BPCL,2024-05-01,47.76,47.76,47.76,47.76,47.76,47.76,0.0,0.0,0.0,0.0,0.0,0.0,0.0,0.0,47.76,47.76,47.76,47.75997495218893,47.755776074288065,47.598289065409645,0.0,0.0,0.0,0.0,0.0,0.0,0.0,0.0,0.0,47.76,47.76,47.76,47.76,47.76,47.76,,,,2,5,1,47.76,0.0,SAME,1.0
BPCL,2024-05-03,47.76,47.76,47.76,47.76,47.76,47.76,0.0,0.0,0.0,0.0,0.0,0.0,0.0,0.0,47.76,47.76,47.76,47.759987476094466,47.75718404952538,47.62769105351698,0.0,0.0,0.0,0.0,0.0,0.0,0.0,0.0,0.0,47.76,47.76,47.76,47.76,47.76,47.76,,,,4,5,3,47.76,0.0,SAME,1.0
BPCL,2024-05-06,47.76,47.76,47.76,47.76,47.76,47.76,0.0,0.0,0.0,0.0,0.0,0.0,0.0,0.0,47.76,47.76,47.76,47.75999373804723,47.75812269968358,47.65174722560481,0.0,0.0,0.0,0.0,0.0,0.0,0.0,0.0,0.0,47.76,47.76,47.76,47.76,47.76,47.76,,,,0,5,6,47.76,0.0,SAME,1.0
BPCL,2024-05-07,47.76,47.76,47.76,47.76,47.76,47.76,0.0,0.0,0.0,0.0,0.0,0.0,0.0,0.0,47.76,47.76,47.76,47.75999686902361,47.75874846645573,47.67142954822211,0.0,0.0,0.0,0.0,0.0,0.0,0.0,0.0,0.0,47.76,47.76,47.76,47.76,47.76,47.76,,,,1,5,7,47.76,0.0,SAME,1.0
BPCL,2024-05-08,47.76,47.76,47.76,47.76,47.76,47.76,0.0,0.0,0.0,0.0,0.0,0.0,0.0,0.0,47.76,47.76,47.76,47.7599984345118,47.75916564430382,47.68753326672717,0.0,0.0,0.0,0.0,0.0,0.0,0.0,0.0,0.0,47.76,47.76,47.76,47.76,47.76,47.76,,,,2,5,8,47.76,0.0,SAME,1.0
BPCL,2024-05-09,47.76,47.76,47.76,47.76,47.76,47.76,0.0,0.0,0.0,0.0,0.0,0.0,0.0,0.0,47.76,47.76,47.76,47.759999217255896,47.75944376286921,47.700709036413144,0.0,0.0,0.0,0.0,0.0,0.0,0.0,0.0,0.0,47.76,47.76,47.76,47.76,47.76,47.76,,,,3,5,9,47.76,0.0,SAME,1.0
BPCL,2024-05-10,47.76,47.76,47.76,47.76,47.76,47.76,0.0,0.0,0.0,0.0,0.0,0.0,0.0,0.0,47.76,47.76,47.76,47.75999960862795,47.75962917524615,47.711489211610754,0.0,0.0,0.0,0.0,0.0,0.0,0.0,0.0,0.0,47.76,47.76,47.76,47.76,47.76,47.76,,,,4,5,10,47.76,0.0,SAME,1.0
BPCL,2024-05-13,47.76,47.76,47.76,47.76,47.76,47.76,0.0,0.0,0.0,0.0,0.0,0.0,0.0,0.0,47.76,47.76,47.76,47.75999980431398,47.75975278349743,47.72030935495425,0.0,0.0,0.0,0.0,0.0,0.0,0.0,0.0,0.0,47.76,47.76,47.76,47.76,47.76,47.76,,,,0,5,13,47.76,0.0,SAME,1.0
BPCL,2024-05-14,47.76,47.76,47.76,47.76,47.76,47.76,0.0,0.0,0.0,0.0,0.0,0.0,0.0,0.0,47.76,47.76,47.76,47.75999990215699,47.759835188998295,47.72752583587166,0.0,0.0,0.0,0.0,0.0,0.0,0.0,0.0,0.0,47.76,47.76,47.76,47.76,47.76,47.76,,,,1,5,14,47.76,0.0,SAME,1.0
BPCL,2024-05-15,47.76,47.76,47.76,47.76,47.76,47.76,0.0,0.0,0.0,0.0,0.0,0.0,0.0,0.0,47.76,47.76,47.76,47.7599999510785,47.759890125998865,47.73343022934954,0.0,0.0,0.0,0.0,0.0,0.0,0.0,0.0,0.0,47.76,47.76,47.76,47.76,47.76,47.76,,,,2,5,15,47.76,0.0,SAME,1.0
BPCL,2024-05-16,47.76,47.76,47.76,47.76,47.76,47.76,0.0,0.0,0.0,0.0,0.0,0.0,0.0,0.0,47.76,47.76,47.76,47.759999975539245,47.75992675066591,47.73826109674053,0.0,0.0,0.0,0.0,0.0,0.0,0.0,0.0,0.0,47.76,47.76,47.76,47.76,47.76,47.76,,,,3,5,16,47.76,0.0,SAME,1.0
BPCL,2024-05-17,47.76,47.76,47.76,47.76,47.76,47.76,0.0,0.0,0.0,0.0,0.0,0.0,0.0,0.0,47.76,47.76,47.76,47.75999998776962,47.759951167110614,47.74221362460588,0.0,0.0,0.0,0.0,0.0,0.0,0.0,0.0,0.0,47.76,47.76,47.76,47.76,47.76,47.76,,,,4,5,17,47.76,0.0,SAME,1.0
BPCL,2024-05-20,47.76,47.76,47.76,47.76,47.76,47.76,0.0,0.0,0.0,0.0,0.0,0.0,0.0,0.0,47.76,47.76,47.76,47.759999993884804,47.75996744474041,47.74544751104118,0.0,0.0,0.0,0.0,0.0,0.0,0.0,0.0,0.0,47.76,47.76,47.76,47.76,47.76,47.76,,,,0,5,20,47.76,0.0,SAME,1.0
BPCL,2024-05-21,47.76,47.76,47.76,47.76,47.76,47.76,0.0,0.0,0.0,0.0,0.0,0.0,0.0,0.0,47.76,47.76,47.76,47.7599999969424,47.759978296493614,47.7480934181246,0.0,0.0,0.0,0.0,0.0,0.0,0.0,0.0,0.0,47.76,47.76,47.76,47.76,47.76,47.76,,,,1,5,21,47.76,0.0,SAME,1.0
BPCL,2024-05-22,47.76,47.76,47.76,47.76,47.76,47.76,0.0,0.0,0.0,0.0,0.0,0.0,0.0,0.0,47.76,47.76,47.76,47.7599999984712,47.75998553099575,47.75025825119285,0.0,0.0,0.0,0.0,0.0,0.0,0.0,0.0,0.0,47.76,47.76,47.76,47.76,47.76,47.76,,,,2,5,22,47.76,0.0,SAME,1.0
BPCL,2024-05-24,47.76,47.76,47.76,47.76,47.76,47.76,0.0,0.0,0.0,0.0,0.0,0.0,0.0,0.0,47.76,47.76,47.76,47.7599999992356,47.75999035399717,47.75202947824869,0.0,0.0,0.0,0.0,0.0,0.0,0.0,0.0,0.0,47.76,47.76,47.76,47.76,47.76,47.76,,,,4,5,24,47.76,0.0,SAME,1.0
BPCL,2024-05-27,47.76,47.76,47.76,47.76,47.76,47.76,0.0,0.0,0.0,0.0,0.0,0.0,0.0,0.0,47.76,47.76,47.76,47.759999999617804,47.75999356933144,47.75347866402166,0.0,0.0,0.0,0.0,0.0,0.0,0.0,0.0,0.0,47.76,47.76,47.76,47.76,47.76,47.76,,,,0,5,27,47.76,0.0,SAME,1.0
BPCL,2024-05-28,47.76,47.76,47.76,47.76,47.76,47.76,0.0,0.0,0.0,0.0,0.0,0.0,0.0,0.0,47.76,47.76,47.76,47.7599999998089,47.75999571288763,47.754664361472265,0.0,0.0,0.0,0.0,0.0,0.0,0.0,0.0,0.0,47.76,47.76,47.76,47.76,47.76,47.76,,,,1,5,28,47.76,0.0,SAME,1.0
BPCL,2024-05-29,47.76,47.76,47.76,47.76,47.76,47.76,0.0,0.0,0.0,0.0,0.0,0.0,0.0,0.0,47.76,47.76,47.76,47.75999999990445,47.75999714192508,47.75563447756821,0.0,0.0,0.0,0.0,0.0,0.0,0.0,0.0,0.0,47.76,47.76,47.76,47.76,47.76,47.76,,,,2,5,29,47.76,0.0,SAME,1.0
BPCL,2024-05-30,47.76,47.76,47.76,47.76,47.76,47.76,0.0,0.0,0.0,0.0,0.0,0.0,0.0,0.0,47.76,47.76,47.76,47.75999999995223,47.75999809461672,47.756428208919445,0.0,0.0,0.0,0.0,0.0,0.0,0.0,0.0,0.0,47.76,47.76,47.76,47.76,47.76,47.76,,,,3,5,30,47.76,0.0,SAME,1.0
BPCL,2024-05-31,47.76,47.76,47.76,47.76,47.76,47.76,0.0,0.0,0.0,0.0,0.0,0.0,0.0,0.0,47.76,47.76,47.76,47.75999999997612,47.75999872974448,47.75707762547954,0.0,0.0,0.0,0.0,0.0,0.0,0.0,0.0,0.0,47.76,47.76,47.76,47.76,47.76,47.76,,,,4,5,31,47.76,0.0,SAME,1.0
BPCL,2024-06-03,47.76,47.76,47.76,47.76,47.76,47.76,0.0,0.0,0.0,0.0,0.0,0.0,0.0,0.0,47.76,47.76,47.76,47.759999999988054,47.759999153162994,47.75760896630143,0.0,0.0,0.0,0.0,0.0,0.0,0.0,0.0,0.0,47.76,47.76,47.76,47.76,47.76,47.76,,,,0,6,3,47.76,0.0,SAME,1.0
BPCL,2024-06-04,47.76,47.76,47.76,47.76,47.76,47.76,0.0,0.0,0.0,0.0,0.0,0.0,0.0,0.0,47.76,47.76,47.76,47.75999999999402,47.759999435442,47.758043699701176,0.0,0.0,0.0,0.0,0.0,0.0,0.0,0.0,0.0,47.76,47.76,47.76,47.76,47.76,47.76,,,,1,6,4,47.76,0.0,SAME,1.0
BPCL,2024-06-05,47.76,47.76,47.76,47.76,47.76,47.76,0.0,0.0,0.0,0.0,0.0,0.0,0.0,0.0,47.76,47.76,47.76,47.75999999999701,47.759999623628005,47.75839939066459,0.0,0.0,0.0,0.0,0.0,0.0,0.0,0.0,0.0,47.76,47.76,47.76,47.76,47.76,47.76,,,,2,6,5,47.76,0.0,SAME,1.0
BPCL,2024-06-06,47.76,47.76,47.76,47.76,47.76,47.76,0.0,0.0,0.0,0.0,0.0,0.0,0.0,0.0,47.76,47.76,47.76,47.7599999999985,47.75999974908534,47.75869041054375,0.0,0.0,0.0,0.0,0.0,0.0,0.0,0.0,0.0,47.76,47.76,47.76,47.76,47.76,47.76,,,,3,6,6,47.76,0.0,SAME,1.0
BPCL,2024-06-07,47.76,47.76,47.76,47.76,47.76,47.76,0.0,0.0,0.0,0.0,0.0,0.0,0.0,0.0,47.76,47.76,47.76,47.75999999999925,47.759999832723565,47.75892851771761,0.0,0.0,0.0,0.0,0.0,0.0,0.0,0.0,0.0,47.76,47.76,47.76,47.76,47.76,47.76,,,,4,6,7,47.76,0.0,SAME,1.0
BPCL,2024-06-10,47.76,47.76,47.76,47.76,47.76,47.76,0.0,0.0,0.0,0.0,0.0,0.0,0.0,0.0,47.76,47.76,47.76,47.75999999999962,47.75999988848238,47.759123332678044,0.0,0.0,0.0,0.0,0.0,0.0,0.0,0.0,0.0,47.76,47.76,47.76,47.76,47.76,47.76,,,,0,6,10,44.0,-3.759999999999998,DOWN,0.0
BPCL,2024-06-11,44.0,47.76,47.76,47.76,47.76,47.76,-3.759999999999998,-3.759999999999998,-3.759999999999998,-0.07872696817420433,-0.07872696817420433,-0.07872696817420433,-0.08199883516608546,-0.08199883516608546,46.50666666666666,47.007999999999996,47.384,45.87999999999981,46.506666592321594,47.07564636310021,0.04545303626786237,0.03520777049999668,0.024895653271007605,-3.759999999999998,-0.07872696817420431,-3.759999999999998,-0.07872696817420431,-3.759999999999998,-0.07872696817420431,44.0,47.76,44.0,47.76,44.0,47.76,0.0,0.0,0.0,1,6,11,44.0,0.0,SAME,1.0
BPCL,2024-06-12,44.0,44.0,47.76,47.76,47.76,47.76,0.0,-3.759999999999998,-3.759999999999998,0.0,-0.07872696817420433,-0.07872696817420433,0.0,-0.08199883516608546,45.25333333333333,46.256,47.007999999999996,44.939999999999905,45.671111061547734,46.51643793344562,0.04545303626786237,0.03520777049999668,0.024895653271007605,-3.759999999999998,-0.07872696817420431,-3.759999999999998,-0.07872696817420431,-3.759999999999998,-0.07872696817420431,44.0,47.76,44.0,47.76,44.0,47.76,0.0,0.0,0.0,2,6,12,44.0,0.0,SAME,1.0
BPCL,2024-06-13,44.0,44.0,44.0,47.76,47.76,47.76,0.0,0.0,-3.759999999999998,0.0,0.0,-0.07872696817420433,0.0,0.0,44.0,45.504000000000005,46.63199999999999,44.469999999999956,45.11407404103183,46.05890376372823,0.04545303626786237,0.03520777049999668,0.024895653271007605,-3.759999999999998,-0.07872696817420431,-3.759999999999998,-0.07872696817420431,-3.759999999999998,-0.07872696817420431,44.0,44.0,44.0,47.76,44.0,47.76,,0.0,0.0,3,6,13,44.0,0.0,SAME,1.0
BPCL,2024-06-14,44.0,44.0,44.0,44.0,47.76,47.76,0.0,0.0,0.0,0.0,0.0,0.0,0.0,0.0,44.0,44.751999999999995,46.25599999999999,44.23499999999998,44.742716027354554,45.68455762486855,0.0,0.03520777049999668,0.024895653271007605,0.0,0.0,-3.759999999999998,-0.07872696817420431,-3.759999999999998,-0.07872696817420431,44.0,44.0,44.0,47.76,44.0,47.76,,0.0,0.0,4,6,14,44.0,0.0,SAME,1.0
BPCL,2024-06-17,44.0,44.0,44.0,44.0,47.76,47.76,0.0,0.0,0.0,0.0,0.0,0.0,0.0,0.0,44.0,44.0,45.879999999999995,44.11749999999999,44.495144018236374,45.378274420347,0.0,0.03520777049999668,0.024895653271007605,0.0,0.0,-3.759999999999998,-0.07872696817420431,-3.759999999999998,-0.07872696817420431,44.0,44.0,44.0,44.0,44.0,47.76,,,0.0,0,6,17,43.0,-1.0,DOWN,0.0
BPCL,2024-06-18,43.0,44.0,44.0,44.0,44.0,47.76,-1.0,-1.0,-1.0,-0.022727272727272707,-0.022727272727272707,-0.022727272727272707,-0.02298951822469872,-0.02298951822469872,43.666666666666664,43.8,45.403999999999996,43.558749999999996,43.996762678824254,44.94586088937481,0.013121597027045323,0.01016394535227179,0.025133351334725308,-1.0,-0.022727272727272728,-1.0,-0.022727272727272728,-4.759999999999998,-0.09966499162479059,43.0,44.0,43.0,44.0,43.0,47.76,0.0,0.0,0.0,1,6,18,43.0,0.0,SAME,1.0
BPCL,2024-06-19,43.0,43.0,44.0,44.0,44.0,47.76,0.0,-1.0,-1.0,0.0,-0.022727272727272707,-0.022727272727272707,0.0,-0.02298951822469872,43.333333333333336,43.6,44.928,43.279375,43.664508452549505,44.592068000397575,0.013121597027045321,0.01016394535227179,0.025133351334725308,-1.0,-0.022727272727272728,-1.0,-0.022727272727272728,-4.759999999999998,-0.09966499162479059,43.0,44.0,43.0,44.0,43.0,47.76,0.0,0.0,0.0,2,6,19,43.0,0.0,SAME,1.0
BPCL,2024-06-20,43.0,43.0,43.0,44.0,44.0,47.76,0.0,0.0,-1.0,0.0,0.0,-0.022727272727272707,0.0,0.0,43.0,43.4,44.452,43.1396875,43.443005635033,44.30260109123438,0.013121597027045321,0.01016394535227179,0.025133351334725308,-1.0,-0.022727272727272728,-1.0,-0.022727272727272728,-4.759999999999998,-0.09966499162479059,43.0,43.0,43.0,44.0,43.0,47.76,,0.0,0.0,3,6,20,43.0,0.0,SAME,1.0
BPCL,2024-06-21,43.0,43.0,43.0,43.0,44.0,47.76,0.0,0.0,0.0,0.0,0.0,0.0,0.0,0.0,43.0,43.2,43.976,43.069843750000004,43.295337090022,44.06576452919177,0.0,0.01016394535227179,0.025133351334725308,0.0,0.0,-1.0,-0.022727272727272728,-4.759999999999998,-0.09966499162479059,43.0,43.0,43.0,44.0,43.0,47.76,,0.0,0.0,4,6,21,43.0,0.0,SAME,1.0
BPCL,2024-06-24,43.0,43.0,43.0,43.0,44.0,47.76,0.0,0.0,0.0,0.0,0.0,0.0,0.0,0.0,43.0,43.0,43.5,43.034921875,43.196891393348004,43.87198916024781,0.0,0.01016394535227179,0.025133351334725308,0.0,0.0,-1.0,-0.022727272727272728,-4.759999999999998,-0.09966499162479059,43.0,43.0,43.0,43.0,43.0,44.0,,,0.0,0,6,24,43.0,0.0,SAME,1.0
BPCL,2024-06-25,43.0,43.0,43.0,43.0,43.0,44.0,0.0,0.0,0.0,0.0,0.0,0.0,0.0,0.0,43.0,43.0,43.4,43.017460937500005,43.13126092889867,43.71344567656639,0.0,0.0,0.007186994682201791,0.0,0.0,0.0,0.0,-1.0,-0.022727272727272728,43.0,43.0,43.0,43.0,43.0,44.0,,,0.0,1,6,25,43.0,0.0,SAME,1.0
BPCL,2024-06-26,43.0,43.0,43.0,43.0,43.0,44.0,0.0,0.0,0.0,0.0,0.0,0.0,0.0,0.0,43.0,43.0,43.3,43.00873046875,43.087507285932446,43.583728280827046,0.0,0.0,0.007186994682201791,0.0,0.0,0.0,0.0,-1.0,-0.022727272727272728,43.0,43.0,43.0,43.0,43.0,44.0,,,0.0,2,6,26,43.0,0.0,SAME,1.0
BPCL,2024-06-27,43.0,43.0,43.0,43.0,43.0,44.0,0.0,0.0,0.0,0.0,0.0,0.0,0.0,0.0,43.0,43.0,43.2,43.004365234375,43.05833819062163,43.47759586613122,0.0,0.0,0.007186994682201791,0.0,0.0,0.0,0.0,-1.0,-0.022727272727272728,43.0,43.0,43.0,43.0,43.0,44.0,,,0.0,3,6,27,43.0,0.0,SAME,1.0
BPCL,2024-06-28,43.0,43.0,43.0,43.0,43.0,44.0,0.0,0.0,0.0,0.0,0.0,0.0,0.0,0.0,43.0,43.0,43.1,43.0021826171875,43.03889212708109,43.390760254107356,0.0,0.0,0.007186994682201791,0.0,0.0,0.0,0.0,-1.0,-0.022727272727272728,43.0,43.0,43.0,43.0,43.0,44.0,,,0.0,4,6,28,43.0,0.0,SAME,1.0
BPCL,2024-07-01,43.0,43.0,43.0,43.0,43.0,44.0,0.0,0.0,0.0,0.0,0.0,0.0,0.0,0.0,43.0,43.0,43.0,43.00109130859375,43.02592808472073,43.31971293517874,0.0,0.0,0.007186994682201791,0.0,0.0,0.0,0.0,-1.0,-0.022727272727272728,43.0,43.0,43.0,43.0,43.0,43.0,,,,0,7,1,43.0,0.0,SAME,1.0
BPCL,2024-07-02,43.0,43.0,43.0,43.0,43.0,43.0,0.0,0.0,0.0,0.0,0.0,0.0,0.0,0.0,43.0,43.0,43.0,43.00054565429687,43.01728538981382,43.26158331060079,0.0,0.0,0.0,0.0,0.0,0.0,0.0,0.0,0.0,43.0,43.0,43.0,43.0,43.0,43.0,,,,1,7,2,43.0,0.0,SAME,1.0
BPCL,2024-07-03,43.0,43.0,43.0,43.0,43.0,43.0,0.0,0.0,0.0,0.0,0.0,0.0,0.0,0.0,43.0,43.0,43.0,43.000272827148436,43.01152359320922,43.214022708673376,0.0,0.0,0.0,0.0,0.0,0.0,0.0,0.0,0.0,43.0,43.0,43.0,43.0,43.0,43.0,,,,2,7,3,43.0,0.0,SAME,1.0
BPCL,2024-07-04,43.0,43.0,43.0,43.0,43.0,43.0,0.0,0.0,0.0,0.0,0.0,0.0,0.0,0.0,43.0,43.0,43.0,43.00013641357422,43.00768239547281,43.17510948891458,0.0,0.0,0.0,0.0,0.0,0.0,0.0,0.0,0.0,43.0,43.0,43.0,43.0,43.0,43.0,,,,3,7,4,43.0,0.0,SAME,1.0
BPCL,2024-07-05,43.0,43.0,43.0,43.0,43.0,43.0,0.0,0.0,0.0,0.0,0.0,0.0,0.0,0.0,43.0,43.0,43.0,43.000068206787105,43.00512159698188,43.14327140002102,0.0,0.0,0.0,0.0,0.0,0.0,0.0,0.0,0.0,43.0,43.0,43.0,43.0,43.0,43.0,,,,4,7,5,43.0,0.0,SAME,1.0
BPCL,2024-07-08,43.0,43.0,43.0,43.0,43.0,43.0,0.0,0.0,0.0,0.0,0.0,0.0,0.0,0.0,43.0,43.0,43.0,43.00003410339355,43.003414397987925,43.11722205456265,0.0,0.0,0.0,0.0,0.0,0.0,0.0,0.0,0.0,43.0,43.0,43.0,43.0,43.0,43.0,,,,0,7,8,43.0,0.0,SAME,1.0
BPCL,2024-07-09,43.0,43.0,43.0,43.0,43.0,43.0,0.0,0.0,0.0,0.0,0.0,0.0,0.0,0.0,43.0,43.0,43.0,43.00001705169677,43.002276265325285,43.09590895373308,0.0,0.0,0.0,0.0,0.0,0.0,0.0,0.0,0.0,43.0,43.0,43.0,43.0,43.0,43.0,,,,1,7,9,43.0,0.0,SAME,1.0
BPCL,2024-07-11,43.0,43.0,43.0,43.0,43.0,43.0,0.0,0.0,0.0,0.0,0.0,0.0,0.0,0.0,43.0,43.0,43.0,43.000008525848386,43.00151751021686,43.078470962145246,0.0,0.0,0.0,0.0,0.0,0.0,0.0,0.0,0.0,43.0,43.0,43.0,43.0,43.0,43.0,,,,3,7,11,43.0,0.0,SAME,1.0
BPCL,2024-07-12,43.0,43.0,43.0,43.0,43.0,43.0,0.0,0.0,0.0,0.0,0.0,0.0,0.0,0.0,43.0,43.0,43.0,43.00000426292419,43.001011673477905,43.06420351448247,0.0,0.0,0.0,0.0,0.0,0.0,0.0,0.0,0.0,43.0,43.0,43.0,43.0,43.0,43.0,,,,4,7,12,43.0,0.0,SAME,1.0
BPCL,2024-07-15,43.0,43.0,43.0,43.0,43.0,43.0,0.0,0.0,0.0,0.0,0.0,0.0,0.0,0.0,43.0,43.0,43.0,43.0000021314621,43.00067444898527,43.05253014821293,0.0,0.0,0.0,0.0,0.0,0.0,0.0,0.0,0.0,43.0,43.0,43.0,43.0,43.0,43.0,,,,0,7,15,43.0,0.0,SAME,1.0
BPCL,2024-07-16,43.0,43.0,43.0,43.0,43.0,43.0,0.0,0.0,0.0,0.0,0.0,0.0,0.0,0.0,43.0,43.0,43.0,43.00000106573105,43.00044963265685,43.04297921217422,0.0,0.0,0.0,0.0,0.0,0.0,0.0,0.0,0.0,43.0,43.0,43.0,43.0,43.0,43.0,,,,1,7,16,43.0,0.0,SAME,1.0
BPCL,2024-07-17,43.0,43.0,43.0,43.0,43.0,43.0,0.0,0.0,0.0,0.0,0.0,0.0,0.0,0.0,43.0,43.0,43.0,43.00000053286553,43.00029975510457,43.03516480996072,0.0,0.0,0.0,0.0,0.0,0.0,0.0,0.0,0.0,43.0,43.0,43.0,43.0,43.0,43.0,,,,2,7,17,43.0,0.0,SAME,1.0
BPCL,2024-07-18,43.0,43.0,43.0,43.0,43.0,43.0,0.0,0.0,0.0,0.0,0.0,0.0,0.0,0.0,43.0,43.0,43.0,43.000000266432764,43.000199836736385,43.02877120814968,0.0,0.0,0.0,0.0,0.0,0.0,0.0,0.0,0.0,43.0,43.0,43.0,43.0,43.0,43.0,,,,3,7,18,43.0,0.0,SAME,1.0
BPCL,2024-07-19,43.0,43.0,43.0,43.0,43.0,43.0,0.0,0.0,0.0,0.0,0.0,0.0,0.0,0.0,43.0,43.0,43.0,43.00000013321638,43.000133224490924,43.02354007939519,0.0,0.0,0.0,0.0,0.0,0.0,0.0,0.0,0.0,43.0,43.0,43.0,43.0,43.0,43.0,,,,4,7,19,43.0,0.0,SAME,1.0
BPCL,2024-07-22,43.0,43.0,43.0,43.0,43.0,43.0,0.0,0.0,0.0,0.0,0.0,0.0,0.0,0.0,43.0,43.0,43.0,43.000000066608195,43.000088816327285,43.0192600649597,0.0,0.0,0.0,0.0,0.0,0.0,0.0,0.0,0.0,43.0,43.0,43.0,43.0,43.0,43.0,,,,0,7,22,43.0,0.0,SAME,1.0
BPCL,2024-07-23,43.0,43.0,43.0,43.0,43.0,43.0,0.0,0.0,0.0,0.0,0.0,0.0,0.0,0.0,43.0,43.0,43.0,43.0000000333041,43.00005921088486,43.01575823496703,0.0,0.0,0.0,0.0,0.0,0.0,0.0,0.0,0.0,43.0,43.0,43.0,43.0,43.0,43.0,,,,1,7,23,43.0,0.0,SAME,1.0
BPCL,2024-07-24,43.0,43.0,43.0,43.0,43.0,43.0,0.0,0.0,0.0,0.0,0.0,0.0,0.0,0.0,43.0,43.0,43.0,43.00000001665205,43.00003947392324,43.01289310133666,0.0,0.0,0.0,0.0,0.0,0.0,0.0,0.0,0.0,43.0,43.0,43.0,43.0,43.0,43.0,,,,2,7,24,43.0,0.0,SAME,1.0
BPCL,2024-07-25,43.0,43.0,43.0,43.0,43.0,43.0,0.0,0.0,0.0,0.0,0.0,0.0,0.0,0.0,43.0,43.0,43.0,43.000000008326026,43.00002631594883,43.01054890109363,0.0,0.0,0.0,0.0,0.0,0.0,0.0,0.0,0.0,43.0,43.0,43.0,43.0,43.0,43.0,,,,3,7,25,43.0,0.0,SAME,1.0
BPCL,2024-07-26,43.0,43.0,43.0,43.0,43.0,43.0,0.0,0.0,0.0,0.0,0.0,0.0,0.0,0.0,43.0,43.0,43.0,43.00000000416301,43.00001754396589,43.0086309190766,0.0,0.0,0.0,0.0,0.0,0.0,0.0,0.0,0.0,43.0,43.0,43.0,43.0,43.0,43.0,,,,4,7,26,43.0,0.0,SAME,1.0
BPCL,2024-07-29,43.0,43.0,43.0,43.0,43.0,43.0,0.0,0.0,0.0,0.0,0.0,0.0,0.0,0.0,43.0,43.0,43.0,43.00000000208151,43.000011695977264,43.00706166106267,0.0,0.0,0.0,0.0,0.0,0.0,0.0,0.0,0.0,43.0,43.0,43.0,43.0,43.0,43.0,,,,0,7,29,42.0,-1.0,DOWN,0.0
BPCL,2024-07-30,42.0,43.0,43.0,43.0,43.0,43.0,-1.0,-1.0,-1.0,-0.023255813953488413,-0.023255813953488413,-0.023255813953488413,-0.02353049741019416,-0.02353049741019416,42.666666666666664,42.8,42.9,42.50000000104075,42.66667446398485,42.82395954086945,0.013426750446278583,0.010400316174417673,0.007354134093415763,-1.0,-0.023255813953488372,-1.0,-0.023255813953488372,-1.0,-0.023255813953488372,42.0,43.0,42.0,43.0,42.0,43.0,0.0,0.0,0.0,1,7,30,42.0,0.0,SAME,1.0
BPCL,2024-07-31,42.0,42.0,43.0,43.0,43.0,43.0,0.0,-1.0,-1.0,0.0,-0.023255813953488413,-0.023255813953488413,0.0,-0.02353049741019416,42.333333333333336,42.6,42.8,42.25000000052037,42.444449642656565,42.67414871525682,0.013426750446278583,0.010400316174417673,0.007354134093415763,-1.0,-0.023255813953488372,-1.0,-0.023255813953488372,-1.0,-0.023255813953488372,42.0,43.0,42.0,43.0,42.0,43.0,0.0,0.0,0.0,2,7,31,42.0,0.0,SAME,1.0
BPCL,2024-08-01,42.0,42.0,42.0,43.0,43.0,43.0,0.0,0.0,-1.0,0.0,0.0,-0.023255813953488413,0.0,0.0,42.0,42.4,42.7,42.12500000026019,42.296299761771046,42.551576221573754,0.013426750446278583,0.010400316174417673,0.007354134093415763,-1.0,-0.023255813953488372,-1.0,-0.023255813953488372,-1.0,-0.023255813953488372,42.0,42.0,42.0,43.0,42.0,43.0,,0.0,0.0,3,8,1,42.0,0.0,SAME,1.0
BPCL,2024-08-02,42.0,42.0,42.0,42.0,43.0,43.0,0.0,0.0,0.0,0.0,0.0,0.0,0.0,0.0,42.0,42.2,42.6,42.06250000013009,42.197533174514035,42.451289635833064,0.0,0.010400316174417673,0.007354134093415763,0.0,0.0,-1.0,-0.023255813953488372,-1.0,-0.023255813953488372,42.0,42.0,42.0,43.0,42.0,43.0,,0.0,0.0,4,8,2,42.0,0.0,SAME,1.0
BPCL,2024-08-05,42.0,42.0,42.0,42.0,43.0,43.0,0.0,0.0,0.0,0.0,0.0,0.0,0.0,0.0,42.0,42.0,42.5,42.03125000006504,42.13168878300936,42.369236974772505,0.0,0.010400316174417673,0.007354134093415763,0.0,0.0,-1.0,-0.023255813953488372,-1.0,-0.023255813953488372,42.0,42.0,42.0,42.0,42.0,43.0,,,0.0,0,8,5,42.0,0.0,SAME,1.0
BPCL,2024-08-06,42.0,42.0,42.0,42.0,42.0,43.0,0.0,0.0,0.0,0.0,0.0,0.0,0.0,0.0,42.0,42.0,42.4,42.01562500003252,42.08779252200624,42.30210297935932,0.0,0.0,0.007354134093415763,0.0,0.0,0.0,0.0,-1.0,-0.023255813953488372,42.0,42.0,42.0,42.0,42.0,43.0,,,0.0,1,8,6,42.0,0.0,SAME,1.0
BPCL,2024-08-07,42.0,42.0,42.0,42.0,42.0,43.0,0.0,0.0,0.0,0.0,0.0,0.0,0.0,0.0,42.0,42.0,42.3,42.00781250001626,42.05852834800416,42.247175164930354,0.0,0.0,0.007354134093415763,0.0,0.0,0.0,0.0,-1.0,-0.023255813953488372,42.0,42.0,42.0,42.0,42.0,43.0,,,0.0,2,8,7,42.0,0.0,SAME,1.0
BPCL,2024-08-08,42.0,42.0,42.0,42.0,42.0,43.0,0.0,0.0,0.0,0.0,0.0,0.0,0.0,0.0,42.0,42.0,42.2,42.00390625000813,42.03901889866944,42.20223422585211,0.0,0.0,0.007354134093415763,0.0,0.0,0.0,0.0,-1.0,-0.023255813953488372,42.0,42.0,42.0,42.0,42.0,43.0,,,0.0,3,8,8,42.0,0.0,SAME,1.0
BPCL,2024-08-09,42.0,42.0,42.0,42.0,42.0,43.0,0.0,0.0,0.0,0.0,0.0,0.0,0.0,0.0,42.0,42.0,42.1,42.001953125004064,42.02601259911296,42.16546436660627,0.0,0.0,0.007354134093415763,0.0,0.0,0.0,0.0,-1.0,-0.023255813953488372,42.0,42.0,42.0,42.0,42.0,43.0,,,0.0,4,8,9,42.0,0.0,SAME,1.0
BPCL,2024-08-12,42.0,42.0,42.0,42.0,42.0,43.0,0.0,0.0,0.0,0.0,0.0,0.0,0.0,0.0,42.0,42.0,42.0,42.00097656250203,42.017341732741976,42.13537993631422,0.0,0.0,0.007354134093415763,0.0,0.0,0.0,0.0,-1.0,-0.023255813953488372,42.0,42.0,42.0,42.0,42.0,42.0,,,,0,8,12,42.0,0.0,SAME,1.0
BPCL,2024-08-13,42.0,42.0,42.0,42.0,42.0,42.0,0.0,0.0,0.0,0.0,0.0,0.0,0.0,0.0,42.0,42.0,42.0,42.000488281251016,42.01156115516132,42.1107654024389,0.0,0.0,0.0,0.0,0.0,0.0,0.0,0.0,0.0,42.0,42.0,42.0,42.0,42.0,42.0,,,,1,8,13,42.0,0.0,SAME,1.0
BPCL,2024-08-14,42.0,42.0,42.0,42.0,42.0,42.0,0.0,0.0,0.0,0.0,0.0,0.0,0.0,0.0,42.0,42.0,42.0,42.00024414062551,42.00770743677421,42.09062623835909,0.0,0.0,0.0,0.0,0.0,0.0,0.0,0.0,0.0,42.0,42.0,42.0,42.0,42.0,42.0,,,,2,8,14,42.0,0.0,SAME,1.0
BPCL,2024-08-15,42.0,42.0,42.0,42.0,42.0,42.0,0.0,0.0,0.0,0.0,0.0,0.0,0.0,0.0,42.0,42.0,42.0,42.000122070312756,42.00513829118281,42.07414874047562,0.0,0.0,0.0,0.0,0.0,0.0,0.0,0.0,0.0,42.0,42.0,42.0,42.0,42.0,42.0,,,,3,8,15,42.0,0.0,SAME,1.0
BPCL,2024-08-16,42.0,42.0,42.0,42.0,42.0,42.0,0.0,0.0,0.0,0.0,0.0,0.0,0.0,0.0,42.0,42.0,42.0,42.00006103515638,42.00342552745521,42.06066715129823,0.0,0.0,0.0,0.0,0.0,0.0,0.0,0.0,0.0,42.0,42.0,42.0,42.0,42.0,42.0,,,,4,8,16,42.0,0.0,SAME,1.0
BPCL,2024-08-19,42.0,42.0,42.0,42.0,42.0,42.0,0.0,0.0,0.0,0.0,0.0,0.0,0.0,0.0,42.0,42.0,42.0,42.00003051757819,42.00228368497014,42.04963676015309,0.0,0.0,0.0,0.0,0.0,0.0,0.0,0.0,0.0,42.0,42.0,42.0,42.0,42.0,42.0,,,,0,8,19,42.0,0.0,SAME,1.0
BPCL,2024-08-20,42.0,42.0,42.0,42.0,42.0,42.0,0.0,0.0,0.0,0.0,0.0,0.0,0.0,0.0,42.0,42.0,42.0,42.00001525878909,42.00152245664676,42.040611894670704,0.0,0.0,0.0,0.0,0.0,0.0,0.0,0.0,0.0,42.0,42.0,42.0,42.0,42.0,42.0,,,,1,8,20,42.0,0.0,SAME,1.0
BPCL,2024-08-21,42.0,42.0,42.0,42.0,42.0,42.0,0.0,0.0,0.0,0.0,0.0,0.0,0.0,0.0,42.0,42.0,42.0,42.000007629394545,42.001014971097845,42.03322791382148,0.0,0.0,0.0,0.0,0.0,0.0,0.0,0.0,0.0,42.0,42.0,42.0,42.0,42.0,42.0,,,,2,8,21,42.0,0.0,SAME,1.0
BPCL,2024-08-22,42.0,42.0,42.0,42.0,42.0,42.0,0.0,0.0,0.0,0.0,0.0,0.0,0.0,0.0,42.0,42.0,42.0,42.00000381469727,42.00067664739856,42.02718647494484,0.0,0.0,0.0,0.0,0.0,0.0,0.0,0.0,0.0,42.0,42.0,42.0,42.0,42.0,42.0,,,,3,8,22,42.0,0.0,SAME,1.0
BPCL,2024-08-23,42.0,42.0,42.0,42.0,42.0,42.0,0.0,0.0,0.0,0.0,0.0,0.0,0.0,0.0,42.0,42.0,42.0,42.00000190734863,42.000451098265714,42.02224347950032,0.0,0.0,0.0,0.0,0.0,0.0,0.0,0.0,0.0,42.0,42.0,42.0,42.0,42.0,42.0,,,,4,8,23,42.0,0.0,SAME,1.0
BPCL,2024-08-26,42.0,42.0,42.0,42.0,42.0,42.0,0.0,0.0,0.0,0.0,0.0,0.0,0.0,0.0,42.0,42.0,42.0,42.000000953674316,42.000300732177145,42.018199210500256,0.0,0.0,0.0,0.0,0.0,0.0,0.0,0.0,0.0,42.0,42.0,42.0,42.0,42.0,42.0,,,,0,8,26,42.0,0.0,SAME,1.0
BPCL,2024-08-27,42.0,42.0,42.0,42.0,42.0,42.0,0.0,0.0,0.0,0.0,0.0,0.0,0.0,0.0,42.0,42.0,42.0,42.00000047683716,42.0002004881181,42.014890263136564,0.0,0.0,0.0,0.0,0.0,0.0,0.0,0.0,0.0,42.0,42.0,42.0,42.0,42.0,42.0,,,,1,8,27,42.0,0.0,SAME,1.0
BPCL,2024-08-28,42.0,42.0,42.0,42.0,42.0,42.0,0.0,0.0,0.0,0.0,0.0,0.0,0.0,0.0,42.0,42.0,42.0,42.00000023841858,42.0001336587454,42.012182942566284,0.0,0.0,0.0,0.0,0.0,0.0,0.0,0.0,0.0,42.0,42.0,42.0,42.0,42.0,42.0,,,,2,8,28,42.0,0.0,SAME,1.0
BPCL,2024-08-29,42.0,42.0,42.0,42.0,42.0,42.0,0.0,0.0,0.0,0.0,0.0,0.0,0.0,0.0,42.0,42.0,42.0,42.00000011920929,42.00008910583027,42.009967862099685,0.0,0.0,0.0,0.0,0.0,0.0,0.0,0.0,0.0,42.0,42.0,42.0,42.0,42.0,42.0,,,,3,8,29,42.0,0.0,SAME,1.0
BPCL,2024-08-30,42.0,42.0,42.0,42.0,42.0,42.0,0.0,0.0,0.0,0.0,0.0,0.0,0.0,0.0,42.0,42.0,42.0,42.000000059604645,42.00005940388685,42.008155523536104,0.0,0.0,0.0,0.0,0.0,0.0,0.0,0.0,0.0,42.0,42.0,42.0,42.0,42.0,42.0,,,,4,8,30,41.0,-1.0,DOWN,0.0
BPCL,2024-09-02,41.0,42.0,42.0,42.0,42.0,42.0,-1.0,-1.0,-1.0,-0.023809523809523836,-0.023809523809523836,-0.023809523809523836,-0.02409755157906053,-0.02409755157906053,41.666666666666664,41.8,41.9,41.50000002980232,41.6667062692579,41.82485451925681,0.013746434980713393,0.010647942749999037,0.007529232524211328,-1.0,-0.023809523809523808,-1.0,-0.023809523809523808,-1.0,-0.023809523809523808,41.0,42.0,41.0,42.0,41.0,42.0,0.0,0.0,0.0,0,9,2,41.0,0.0,SAME,1.0
BPCL,2024-09-03,41.0,41.0,42.0,42.0,42.0,42.0,0.0,-1.0,-1.0,0.0,-0.023809523809523836,-0.023809523809523836,0.0,-0.02409755157906053,41.333333333333336,41.6,41.8,41.25000001490116,41.44447084617194,41.674880970301025,0.013746434980713393,0.010647942749999037,0.007529232524211328,-1.0,-0.023809523809523808,-1.0,-0.023809523809523808,-1.0,-0.023809523809523808,41.0,42.0,41.0,42.0,41.0,42.0,0.0,0.0,0.0,1,9,3,41.0,0.0,SAME,1.0
BPCL,2024-09-04,41.0,41.0,41.0,42.0,42.0,42.0,0.0,0.0,-1.0,0.0,0.0,-0.023809523809523836,0.0,0.0,41.0,41.4,41.7,41.12500000745058,41.29631389744796,41.5521753393372,0.013746434980713393,0.010647942749999037,0.007529232524211328,-1.0,-0.023809523809523808,-1.0,-0.023809523809523808,-1.0,-0.023809523809523808,41.0,41.0,41.0,42.0,41.0,42.0,,0.0,0.0,2,9,4,41.0,0.0,SAME,1.0
BPCL,2024-09-05,41.0,41.0,41.0,41.0,42.0,42.0,0.0,0.0,0.0,0.0,0.0,0.0,0.0,0.0,41.0,41.2,41.6,41.06250000372529,41.19754259829864,41.451779823094064,0.0,0.010647942749999037,0.007529232524211328,0.0,0.0,-1.0,-0.023809523809523808,-1.0,-0.023809523809523808,41.0,41.0,41.0,42.0,41.0,42.0,,0.0,0.0,3,9,5,41.0,0.0,SAME,1.0
BPCL,2024-09-06,41.0,41.0,41.0,41.0,42.0,42.0,0.0,0.0,0.0,0.0,0.0,0.0,0.0,0.0,41.0,41.0,41.5,41.031250001862645,41.131695065532426,41.36963803707696,0.0,0.010647942749999037,0.007529232524211328,0.0,0.0,-1.0,-0.023809523809523808,-1.0,-0.023809523809523808,41.0,41.0,41.0,41.0,41.0,42.0,,,0.0,4,9,6,41.0,0.0,SAME,1.0
BPCL,2024-09-10,41.0,41.0,41.0,41.0,41.0,42.0,0.0,0.0,0.0,0.0,0.0,0.0,0.0,0.0,41.0,41.0,41.4,41.01562500093132,41.08779671035495,41.30243112124478,0.0,0.0,0.007529232524211328,0.0,0.0,0.0,0.0,-1.0,-0.023809523809523808,41.0,41.0,41.0,41.0,41.0,42.0,,,0.0,1,9,10,41.0,0.0,SAME,1.0
BPCL,2024-09-11,41.0,41.0,41.0,41.0,41.0,42.0,0.0,0.0,0.0,0.0,0.0,0.0,0.0,0.0,41.0,41.0,41.3,41.00781250046566,41.05853114023664,41.247443644654815,0.0,0.0,0.007529232524211328,0.0,0.0,0.0,0.0,-1.0,-0.023809523809523808,41.0,41.0,41.0,41.0,41.0,42.0,,,0.0,2,9,11,41.0,0.0,SAME,1.0
BPCL,2024-09-12,41.0,41.0,41.0,41.0,41.0,42.0,0.0,0.0,0.0,0.0,0.0,0.0,0.0,0.0,41.0,41.0,41.2,41.00390625023283,41.03902076015776,41.202453891081205,0.0,0.0,0.007529232524211328,0.0,0.0,0.0,0.0,-1.0,-0.023809523809523808,41.0,41.0,41.0,41.0,41.0,42.0,,,0.0,3,9,12,41.0,0.0,SAME,1.0
BPCL,2024-09-16,41.0,41.0,41.0,41.0,41.0,42.0,0.0,0.0,0.0,0.0,0.0,0.0,0.0,0.0,41.0,41.0,41.1,41.001953125116415,41.02601384010518,41.1656440927028,0.0,0.0,0.007529232524211328,0.0,0.0,0.0,0.0,-1.0,-0.023809523809523808,41.0,41.0,41.0,41.0,41.0,42.0,,,0.0,0,9,16,41.0,0.0,SAME,1.0
BPCL,2024-09-17,41.0,41.0,41.0,41.0,41.0,42.0,0.0,0.0,0.0,0.0,0.0,0.0,0.0,0.0,41.0,41.0,41.0,41.00097656255821,41.01734256007012,41.13552698493865,0.0,0.0,0.007529232524211328,0.0,0.0,0.0,0.0,-1.0,-0.023809523809523808,41.0,41.0,41.0,41.0,41.0,41.0,,,,1,9,17,41.0,0.0,SAME,1.0
BPCL,2024-09-18,41.0,41.0,41.0,41.0,41.0,41.0,0.0,0.0,0.0,0.0,0.0,0.0,0.0,0.0,41.0,41.0,41.0,41.000488281279104,41.011561706713415,41.1108857149498,0.0,0.0,0.0,0.0,0.0,0.0,0.0,0.0,0.0,41.0,41.0,41.0,41.0,41.0,41.0,,,,2,9,18,41.0,0.0,SAME,1.0
BPCL,2024-09-19,41.0,41.0,41.0,41.0,41.0,41.0,0.0,0.0,0.0,0.0,0.0,0.0,0.0,0.0,41.0,41.0,41.0,41.00024414063955,41.007707804475615,41.09072467586802,0.0,0.0,0.0,0.0,0.0,0.0,0.0,0.0,0.0,41.0,41.0,41.0,41.0,41.0,41.0,,,,3,9,19,41.0,0.0,SAME,1.0
BPCL,2024-09-20,41.0,41.0,41.0,41.0,41.0,41.0,0.0,0.0,0.0,0.0,0.0,0.0,0.0,0.0,41.0,41.0,41.0,41.000122070319776,41.00513853631708,41.07422928025564,0.0,0.0,0.0,0.0,0.0,0.0,0.0,0.0,0.0,41.0,41.0,41.0,41.0,41.0,41.0,,,,4,9,20,41.0,0.0,SAME,1.0
BPCL,2024-09-24,41.0,41.0,41.0,41.0,41.0,41.0,0.0,0.0,0.0,0.0,0.0,0.0,0.0,0.0,41.0,41.0,41.0,41.00006103515989,41.00342569087805,41.06073304748189,0.0,0.0,0.0,0.0,0.0,0.0,0.0,0.0,0.0,41.0,41.0,41.0,41.0,41.0,41.0,,,,1,9,24,41.0,0.0,SAME,1.0
BPCL,2024-09-25,41.0,41.0,41.0,41.0,41.0,41.0,0.0,0.0,0.0,0.0,0.0,0.0,0.0,0.0,41.0,41.0,41.0,41.000030517579944,41.00228379391871,41.04969067521245,0.0,0.0,0.0,0.0,0.0,0.0,0.0,0.0,0.0,41.0,41.0,41.0,41.0,41.0,41.0,,,,2,9,25,41.0,0.0,SAME,1.0
BPCL,2024-09-26,41.0,41.0,41.0,41.0,41.0,41.0,0.0,0.0,0.0,0.0,0.0,0.0,0.0,0.0,41.0,41.0,41.0,41.00001525878997,41.00152252927914,41.040656006992,0.0,0.0,0.0,0.0,0.0,0.0,0.0,0.0,0.0,41.0,41.0,41.0,41.0,41.0,41.0,,,,3,9,26,41.0,0.0,SAME,1.0
BPCL,2024-09-27,41.0,41.0,41.0,41.0,41.0,41.0,0.0,0.0,0.0,0.0,0.0,0.0,0.0,0.0,41.0,41.0,41.0,41.000007629394986,41.00101501951943,41.033264005720724,0.0,0.0,0.0,0.0,0.0,0.0,0.0,0.0,0.0,41.0,41.0,41.0,41.0,41.0,41.0,,,,4,9,27,41.5,0.5,UP,2.0
BPCL,2024-09-30,41.5,41.0,41.0,41.0,41.0,41.0,0.5,0.5,0.5,0.012195121951219523,0.012195121951219523,0.012195121951219523,0.01212136053234482,0.01212136053234482,41.166666666666664,41.1,41.05,41.25000381469749,41.167343346346286,41.11812509558968,0.007040856941352603,0.005453824335365379,0.0038564361709387753,0.5,0.012195121951219513,0.5,0.012195121951219513,0.5,0.012195121951219513,41.0,41.5,41.0,41.5,41.0,41.5,1.0,1.0,1.0,0,9,30,41.5,0.0,SAME,1.0
BPCL,2024-10-01,41.5,41.5,41.0,41.0,41.0,41.0,0.0,0.5,0.5,0.0,0.012195121951219523,0.012195121951219523,0.0,0.01212136053234482,41.333333333333336,41.2,41.1,41.37500190734875,41.27822889756419,41.187556896391555,0.007040856941352604,0.005453824335365379,0.0038564361709387753,0.5,0.012195121951219513,0.5,0.012195121951219513,0.5,0.012195121951219513,41.0,41.5,41.0,41.5,41.0,41.5,1.0,1.0,1.0,1,10,1,41.5,0.0,SAME,1.0
BPCL,2024-10-02,41.5,41.5,41.5,41.0,41.0,41.0,0.0,0.0,0.5,0.0,0.0,0.012195121951219523,0.0,0.0,41.5,41.3,41.15,41.43750095367437,41.35215259837613,41.244364733411274,0.007040856941352604,0.005453824335365379,0.0038564361709387753,0.5,0.012195121951219513,0.5,0.012195121951219513,0.5,0.012195121951219513,41.5,41.5,41.0,41.5,41.0,41.5,,1.0,1.0,2,10,2,41.5,0.0,SAME,1.0
BPCL,2024-10-03,41.5,41.5,41.5,41.5,41.0,41.0,0.0,0.0,0.0,0.0,0.0,0.0,0.0,0.0,41.5,41.4,41.2,41.46875047683719,41.40143506558409,41.290843872791044,0.0,0.005453824335365379,0.0038564361709387753,0.0,0.0,0.5,0.012195121951219513,0.5,0.012195121951219513,41.5,41.5,41.0,41.5,41.0,41.5,,1.0,1.0,3,10,3,41.5,0.0,SAME,1.0
BPCL,2024-10-04,41.5,41.5,41.5,41.5,41.0,41.0,0.0,0.0,0.0,0.0,0.0,0.0,0.0,0.0,41.5,41.5,41.25,41.48437523841859,41.434290043722726,41.328872259556306,0.0,0.005453824335365379,0.0038564361709387753,0.0,0.0,0.5,0.012195121951219513,0.5,0.012195121951219513,41.5,41.5,41.5,41.5,41.0,41.5,,,1.0,4,10,4,40.0,-1.5,DOWN,0.0
BPCL,2024-10-07,40.0,41.5,41.5,41.5,41.5,41.0,-1.5,-1.5,-1.5,-0.03614457831325302,-0.03614457831325302,-0.03614457831325302,-0.036813973122716316,-0.036813973122716316,41.0,41.2,41.15,40.7421876192093,40.95619336248182,41.087259121455155,0.020868082018907403,0.016164346825299707,0.01246236064156753,-1.5,-0.03614457831325301,-1.5,-0.03614457831325301,-1.0,-0.024390243902439025,40.0,41.5,40.0,41.5,40.0,41.5,0.0,0.0,0.0,0,10,7,40.0,0.0,SAME,1.0
BPCL,2024-10-08,40.0,40.0,41.5,41.5,41.5,41.0,0.0,-1.5,-1.5,0.0,-0.03614457831325302,-0.03614457831325302,0.0,-0.036813973122716316,40.5,40.9,41.05,40.371093809604645,40.637462241654546,40.88957564482694,0.020868082018907403,0.016164346825299707,0.01246236064156753,-1.5,-0.03614457831325301,-1.5,-0.03614457831325301,-1.0,-0.024390243902439025,40.0,41.5,40.0,41.5,40.0,41.5,0.0,0.0,0.0,1,10,8,40.0,0.0,SAME,1.0
BPCL,2024-10-09,40.0,40.0,40.0,41.5,41.5,41.0,0.0,0.0,-1.5,0.0,0.0,-0.03614457831325302,0.0,0.0,40.0,40.6,40.95,40.18554690480232,40.4249748277697,40.72783461849477,0.020868082018907403,0.016164346825299707,0.01246236064156753,-1.5,-0.03614457831325301,-1.5,-0.03614457831325301,-1.0,-0.024390243902439025,40.0,40.0,40.0,41.5,40.0,41.5,,0.0,0.0,2,10,9,40.0,0.0,SAME,1.0
BPCL,2024-10-10,40.0,40.0,40.0,40.0,41.5,41.0,0.0,0.0,0.0,0.0,0.0,0.0,0.0,0.0,40.0,40.3,40.85,40.09277345240116,40.28331655184647,40.59550105149572,0.0,0.016164346825299707,0.01246236064156753,0.0,0.0,-1.5,-0.03614457831325301,-1.0,-0.024390243902439025,40.0,40.0,40.0,41.5,40.0,41.5,,0.0,0.0,3,10,10,40.0,0.0,SAME,1.0
BPCL,2024-10-11,40.0,40.0,40.0,40.0,41.5,41.0,0.0,0.0,0.0,0.0,0.0,0.0,0.0,0.0,40.0,40.0,40.75,40.04638672620058,40.18887770123098,40.487228133041945,0.0,0.016164346825299707,0.01246236064156753,0.0,0.0,-1.5,-0.03614457831325301,-1.0,-0.024390243902439025,40.0,40.0,40.0,40.0,40.0,41.5,,,0.0,4,10,11,40.0,0.0,SAME,1.0
BPCL,2024-10-14,40.0,40.0,40.0,40.0,40.0,41.5,0.0,0.0,0.0,0.0,0.0,0.0,0.0,0.0,40.0,40.0,40.6,40.02319336310029,40.125918467487324,40.39864119976159,0.0,0.0,0.011429919253621239,0.0,0.0,0.0,0.0,-1.5,-0.03614457831325301,40.0,40.0,40.0,40.0,40.0,41.5,,,0.0,0,10,14,40.0,0.0,SAME,1.0
BPCL,2024-10-15,40.0,40.0,40.0,40.0,40.0,41.5,0.0,0.0,0.0,0.0,0.0,0.0,0.0,0.0,40.0,40.0,40.45,40.011596681550145,40.08394564499155,40.32616098162312,0.0,0.0,0.011429919253621239,0.0,0.0,0.0,0.0,-1.5,-0.03614457831325301,40.0,40.0,40.0,40.0,40.0,41.5,,,0.0,1,10,15,40.0,0.0,SAME,1.0
BPCL,2024-10-16,40.0,40.0,40.0,40.0,40.0,41.5,0.0,0.0,0.0,0.0,0.0,0.0,0.0,0.0,40.0,40.0,40.3,40.00579834077507,40.0559637633277,40.266858984964365,0.0,0.0,0.011429919253621239,0.0,0.0,0.0,0.0,-1.5,-0.03614457831325301,40.0,40.0,40.0,40.0,40.0,41.5,,,0.0,2,10,16,40.0,0.0,SAME,1.0
BPCL,2024-10-17,40.0,40.0,40.0,40.0,40.0,41.5,0.0,0.0,0.0,0.0,0.0,0.0,0.0,0.0,40.0,40.0,40.15,40.002899170387536,40.037309175551805,40.2183391695163,0.0,0.0,0.011429919253621239,0.0,0.0,0.0,0.0,-1.5,-0.03614457831325301,40.0,40.0,40.0,40.0,40.0,41.5,,,0.0,3,10,17,40.0,0.0,SAME,1.0
BPCL,2024-10-18,40.0,40.0,40.0,40.0,40.0,41.5,0.0,0.0,0.0,0.0,0.0,0.0,0.0,0.0,40.0,40.0,40.0,40.00144958519377,40.024872783701205,40.17864113869515,0.0,0.0,0.011429919253621239,0.0,0.0,0.0,0.0,-1.5,-0.03614457831325301,40.0,40.0,40.0,40.0,40.0,40.0,,,,4,10,18,40.0,0.0,SAME,1.0
BPCL,2024-10-21,40.0,40.0,40.0,40.0,40.0,40.0,0.0,0.0,0.0,0.0,0.0,0.0,0.0,0.0,40.0,40.0,40.0,40.000724792596884,40.01658185580081,40.146160931659665,0.0,0.0,0.0,0.0,0.0,0.0,0.0,0.0,0.0,40.0,40.0,40.0,40.0,40.0,40.0,,,,0,10,21,40.0,0.0,SAME,1.0
BPCL,2024-10-22,40.0,40.0,40.0,40.0,40.0,40.0,0.0,0.0,0.0,0.0,0.0,0.0,0.0,0.0,40.0,40.0,40.0,40.00036239629844,40.01105457053387,40.11958621681245,0.0,0.0,0.0,0.0,0.0,0.0,0.0,0.0,0.0,40.0,40.0,40.0,40.0,40.0,40.0,,,,1,10,22,40.0,0.0,SAME,1.0
BPCL,2024-10-23,40.0,40.0,40.0,40.0,40.0,40.0,0.0,0.0,0.0,0.0,0.0,0.0,0.0,0.0,40.0,40.0,40.0,40.00018119814922,40.00736971368925,40.09784326830109,0.0,0.0,0.0,0.0,0.0,0.0,0.0,0.0,0.0,40.0,40.0,40.0,40.0,40.0,40.0,,,,2,10,23,40.0,0.0,SAME,1.0
BPCL,2024-10-24,40.0,40.0,40.0,40.0,40.0,40.0,0.0,0.0,0.0,0.0,0.0,0.0,0.0,0.0,40.0,40.0,40.0,40.00009059907461,40.0049131424595,40.08005358315543,0.0,0.0,0.0,0.0,0.0,0.0,0.0,0.0,0.0,40.0,40.0,40.0,40.0,40.0,40.0,,,,3,10,24,40.0,0.0,SAME,1.0
BPCL,2024-10-25,40.0,40.0,40.0,40.0,40.0,40.0,0.0,0.0,0.0,0.0,0.0,0.0,0.0,0.0,40.0,40.0,40.0,40.000045299537305,40.00327542830634,40.06549838621808,0.0,0.0,0.0,0.0,0.0,0.0,0.0,0.0,0.0,40.0,40.0,40.0,40.0,40.0,40.0,,,,4,10,25,41.5,1.5,UP,2.0
BPCL,2024-10-28,41.5,40.0,40.0,40.0,40.0,40.0,1.5,1.5,1.5,0.03750000000000009,0.03750000000000009,0.03750000000000009,0.0368139731227164,0.0368139731227164,40.5,40.3,40.15,40.75002264976865,40.502183618870895,40.326316861451154,0.02165063509461614,0.01677050983124847,0.011858541225632005,1.5,0.0375,1.5,0.0375,1.5,0.0375,40.0,41.5,40.0,41.5,40.0,41.5,1.0,1.0,1.0,0,10,28,41.5,0.0,SAME,1.0
BPCL,2024-10-29,41.5,41.5,40.0,40.0,40.0,40.0,0.0,1.5,1.5,0.0,0.03750000000000009,0.03750000000000009,0.0,0.0368139731227164,41.0,40.6,40.3,41.125011324884326,40.834789079247265,40.53971379573276,0.02165063509461614,0.01677050983124847,0.011858541225632005,1.5,0.0375,1.5,0.0375,1.5,0.0375,40.0,41.5,40.0,41.5,40.0,41.5,1.0,1.0,1.0,1,10,29,41.5,0.0,SAME,1.0
BPCL,2024-10-30,41.5,41.5,41.5,40.0,40.0,40.0,0.0,0.0,1.5,0.0,0.0,0.03750000000000009,0.0,0.0,41.5,40.9,40.45,41.31250566244216,41.056526052831515,40.71431128741771,0.02165063509461614,0.01677050983124847,0.011858541225632005,1.5,0.0375,1.5,0.0375,1.5,0.0375,41.5,41.5,40.0,41.5,40.0,41.5,,1.0,1.0,2,10,30,41.5,0.0,SAME,1.0
BPCL,2024-10-31,41.5,41.5,41.5,41.5,40.0,40.0,0.0,0.0,0.0,0.0,0.0,0.0,0.0,0.0,41.5,41.2,40.6,41.40625283122108,41.20435070188768,40.857163780614485,0.0,0.01677050983124847,0.011858541225632005,0.0,0.0,1.5,0.0375,1.5,0.0375,41.5,41.5,40.0,41.5,40.0,41.5,,1.0,1.0,3,10,31,41.5,0.0,SAME,1.0
BPCL,2024-11-04,41.5,41.5,41.5,41.5,40.0,40.0,0.0,0.0,0.0,0.0,0.0,0.0,0.0,0.0,41.5,41.5,40.75,41.45312641561054,41.30290046792512,40.97404309323003,0.0,0.01677050983124847,0.011858541225632005,0.0,0.0,1.5,0.0375,1.5,0.0375,41.5,41.5,41.5,41.5,40.0,41.5,,,1.0,0,11,4,41.5,0.0,SAME,1.0
BPCL,2024-11-05,41.5,41.5,41.5,41.5,41.5,40.0,0.0,0.0,0.0,0.0,0.0,0.0,0.0,0.0,41.5,41.5,40.9,41.47656320780527,41.36860031195008,41.06967162173366,0.0,0.0,0.011858541225632005,0.0,0.0,0.0,0.0,1.5,0.0375,41.5,41.5,41.5,41.5,40.0,41.5,,,1.0,1,11,5,41.5,0.0,SAME,1.0
BPCL,2024-11-06,41.5,41.5,41.5,41.5,41.5,40.0,0.0,0.0,0.0,0.0,0.0,0.0,0.0,0.0,41.5,41.5,41.05,41.488281603902635,41.412400207966726,41.147913145054815,0.0,0.0,0.011858541225632005,0.0,0.0,0.0,0.0,1.5,0.0375,41.5,41.5,41.5,41.5,40.0,41.5,,,1.0,2,11,6,41.5,0.0,SAME,1.0
BPCL,2024-11-07,41.5,41.5,41.5,41.5,41.5,40.0,0.0,0.0,0.0,0.0,0.0,0.0,0.0,0.0,41.5,41.5,41.2,41.49414080195132,41.44160013864449,41.21192893686303,0.0,0.0,0.011858541225632005,0.0,0.0,0.0,0.0,1.5,0.0375,41.5,41.5,41.5,41.5,40.0,41.5,,,1.0,3,11,7,41.5,0.0,SAME,1.0
BPCL,2024-11-08,41.5,41.5,41.5,41.5,41.5,40.0,0.0,0.0,0.0,0.0,0.0,0.0,0.0,0.0,41.5,41.5,41.35,41.49707040097566,41.461066759096326,41.264305493797025,0.0,0.0,0.011858541225632005,0.0,0.0,0.0,0.0,1.5,0.0375,41.5,41.5,41.5,41.5,40.0,41.5,,,1.0,4,11,8,41.5,0.0,SAME,1.0
BPCL,2024-11-12,41.5,41.5,41.5,41.5,41.5,40.0,0.0,0.0,0.0,0.0,0.0,0.0,0.0,0.0,41.5,41.5,41.5,41.49853520048783,41.47404450606422,41.30715904037938,0.0,0.0,0.011858541225632005,0.0,0.0,0.0,0.0,1.5,0.0375,41.5,41.5,41.5,41.5,41.5,41.5,,,,1,11,12,41.5,0.0,SAME,1.0
BPCL,2024-11-13,41.5,41.5,41.5,41.5,41.5,41.5,0.0,0.0,0.0,0.0,0.0,0.0,0.0,0.0,41.5,41.5,41.5,41.49926760024391,41.48269633737615,41.342221033037674,0.0,0.0,0.0,0.0,0.0,0.0,0.0,0.0,0.0,41.5,41.5,41.5,41.5,41.5,41.5,,,,2,11,13,41.5,0.0,SAME,1.0
BPCL,2024-11-14,41.5,41.5,41.5,41.5,41.5,41.5,0.0,0.0,0.0,0.0,0.0,0.0,0.0,0.0,41.5,41.5,41.5,41.499633800121956,41.488464224917436,41.37090811793991,0.0,0.0,0.0,0.0,0.0,0.0,0.0,0.0,0.0,41.5,41.5,41.5,41.5,41.5,41.5,,,,3,11,14,41.5,0.0,SAME,1.0
BPCL,2024-11-15,41.5,41.5,41.5,41.5,41.5,41.5,0.0,0.0,0.0,0.0,0.0,0.0,0.0,0.0,41.5,41.5,41.5,41.49981690006098,41.49230948327829,41.394379369223564,0.0,0.0,0.0,0.0,0.0,0.0,0.0,0.0,0.0,41.5,41.5,41.5,41.5,41.5,41.5,,,,4,11,15,41.5,0.0,SAME,1.0
BPCL,2024-11-18,41.5,41.5,41.5,41.5,41.5,41.5,0.0,0.0,0.0,0.0,0.0,0.0,0.0,0.0,41.5,41.5,41.5,41.49990845003049,41.494872988852194,41.41358312027383,0.0,0.0,0.0,0.0,0.0,0.0,0.0,0.0,0.0,41.5,41.5,41.5,41.5,41.5,41.5,,,,0,11,18,41.5,0.0,SAME,1.0
BPCL,2024-11-19,41.5,41.5,41.5,41.5,41.5,41.5,0.0,0.0,0.0,0.0,0.0,0.0,0.0,0.0,41.5,41.5,41.5,41.499954225015244,41.49658199256813,41.42929528022404,0.0,0.0,0.0,0.0,0.0,0.0,0.0,0.0,0.0,41.5,41.5,41.5,41.5,41.5,41.5,,,,1,11,19,41.5,0.0,SAME,1.0
BPCL,2024-11-20,41.5,41.5,41.5,41.5,41.5,41.5,0.0,0.0,0.0,0.0,0.0,0.0,0.0,0.0,41.5,41.5,41.5,41.49997711250762,41.49772132837876,41.44215068381967,0.0,0.0,0.0,0.0,0.0,0.0,0.0,0.0,0.0,41.5,41.5,41.5,41.5,41.5,41.5,,,,2,11,20,41.5,0.0,SAME,1.0
BPCL,2024-11-21,41.5,41.5,41.5,41.5,41.5,41.5,0.0,0.0,0.0,0.0,0.0,0.0,0.0,0.0,41.5,41.5,41.5,41.49998855625381,41.49848088558584,41.452668741307,0.0,0.0,0.0,0.0,0.0,0.0,0.0,0.0,0.0,41.5,41.5,41.5,41.5,41.5,41.5,,,,3,11,21,41.5,0.0,SAME,1.0
BPCL,2024-11-22,41.5,41.5,41.5,41.5,41.5,41.5,0.0,0.0,0.0,0.0,0.0,0.0,0.0,0.0,41.5,41.5,41.5,41.499994278126906,41.49898725705723,41.46127442470573,0.0,0.0,0.0,0.0,0.0,0.0,0.0,0.0,0.0,41.5,41.5,41.5,41.5,41.5,41.5,,,,4,11,22,41.5,0.0,SAME,1.0
BPCL,2024-11-25,41.5,41.5,41.5,41.5,41.5,41.5,0.0,0.0,0.0,0.0,0.0,0.0,0.0,0.0,41.5,41.5,41.5,41.49999713906345,41.499324838038156,41.46831543839559,0.0,0.0,0.0,0.0,0.0,0.0,0.0,0.0,0.0,41.5,41.5,41.5,41.5,41.5,41.5,,,,0,11,25,41.5,0.0,SAME,1.0
BPCL,2024-11-26,41.5,41.5,41.5,41.5,41.5,41.5,0.0,0.0,0.0,0.0,0.0,0.0,0.0,0.0,41.5,41.5,41.5,41.499998569531726,41.49954989202544,41.47407626777821,0.0,0.0,0.0,0.0,0.0,0.0,0.0,0.0,0.0,41.5,41.5,41.5,41.5,41.5,41.5,,,,1,11,26,41.5,0.0,SAME,1.0
BPCL,2024-11-27,41.5,41.5,41.5,41.5,41.5,41.5,0.0,0.0,0.0,0.0,0.0,0.0,0.0,0.0,41.5,41.5,41.5,41.49999928476586,41.499699928016966,41.47878967363671,0.0,0.0,0.0,0.0,0.0,0.0,0.0,0.0,0.0,41.5,41.5,41.5,41.5,41.5,41.5,,,,2,11,27,41.5,0.0,SAME,1.0
BPCL,2024-11-28,41.5,41.5,41.5,41.5,41.5,41.5,0.0,0.0,0.0,0.0,0.0,0.0,0.0,0.0,41.5,41.5,41.5,41.49999964238293,41.499799952011315,41.48264609661185,0.0,0.0,0.0,0.0,0.0,0.0,0.0,0.0,0.0,41.5,41.5,41.5,41.5,41.5,41.5,,,,3,11,28,41.5,0.0,SAME,1.0
BPCL,2024-11-29,41.5,41.5,41.5,41.5,41.5,41.5,0.0,0.0,0.0,0.0,0.0,0.0,0.0,0.0,41.5,41.5,41.5,41.499999821191466,41.49986663467421,41.48580135177333,0.0,0.0,0.0,0.0,0.0,0.0,0.0,0.0,0.0,41.5,41.5,41.5,41.5,41.5,41.5,,,,4,11,29,41.5,0.0,SAME,1.0
BPCL,2024-12-02,41.5,41.5,41.5,41.5,41.5,41.5,0.0,0.0,0.0,0.0,0.0,0.0,0.0,0.0,41.5,41.5,41.5,41.49999991059573,41.49991108978281,41.48838292417818,0.0,0.0,0.0,0.0,0.0,0.0,0.0,0.0,0.0,41.5,41.5,41.5,41.5,41.5,41.5,,,,0,12,2,41.5,0.0,SAME,1.0
BPCL,2024-12-03,41.5,41.5,41.5,41.5,41.5,41.5,0.0,0.0,0.0,0.0,0.0,0.0,0.0,0.0,41.5,41.5,41.5,41.49999995529787,41.49994072652188,41.490495119782146,0.0,0.0,0.0,0.0,0.0,0.0,0.0,0.0,0.0,41.5,41.5,41.5,41.5,41.5,41.5,,,,1,12,3,41.5,0.0,SAME,1.0
BPCL,2024-12-04,41.5,41.5,41.5,41.5,41.5,41.5,0.0,0.0,0.0,0.0,0.0,0.0,0.0,0.0,41.5,41.5,41.5,41.49999997764893,41.49996048434792,41.49222327982176,0.0,0.0,0.0,0.0,0.0,0.0,0.0,0.0,0.0,41.5,41.5,41.5,41.5,41.5,41.5,,,,2,12,4,41.5,0.0,SAME,1.0
BPCL,2024-12-05,41.5,41.5,41.5,41.5,41.5,41.5,0.0,0.0,0.0,0.0,0.0,0.0,0.0,0.0,41.5,41.5,41.5,41.49999998882447,41.49997365623195,41.493637228945076,0.0,0.0,0.0,0.0,0.0,0.0,0.0,0.0,0.0,41.5,41.5,41.5,41.5,41.5,41.5,,,,3,12,5,41.5,0.0,SAME,1.0
BPCL,2024-12-06,41.5,41.5,41.5,41.5,41.5,41.5,0.0,0.0,0.0,0.0,0.0,0.0,0.0,0.0,41.5,41.5,41.5,41.499999994412235,41.49998243748797,41.494794096409606,0.0,0.0,0.0,0.0,0.0,0.0,0.0,0.0,0.0,41.5,41.5,41.5,41.5,41.5,41.5,,,,4,12,6,41.5,0.0,SAME,1.0
BPCL,2024-12-09,41.5,41.5,41.5,41.5,41.5,41.5,0.0,0.0,0.0,0.0,0.0,0.0,0.0,0.0,41.5,41.5,41.5,41.49999999720612,41.49998829165865,41.495740624335134,0.0,0.0,0.0,0.0,0.0,0.0,0.0,0.0,0.0,41.5,41.5,41.5,41.5,41.5,41.5,,,,0,12,9,41.5,0.0,SAME,1.0
BPCL,2024-12-10,41.5,41.5,41.5,41.5,41.5,41.5,0.0,0.0,0.0,0.0,0.0,0.0,0.0,0.0,41.5,41.5,41.5,41.49999999860306,41.4999921944391,41.4965150562742,0.0,0.0,0.0,0.0,0.0,0.0,0.0,0.0,0.0,41.5,41.5,41.5,41.5,41.5,41.5,,,,1,12,10,41.5,0.0,SAME,1.0
BPCL,2024-12-11,41.5,41.5,41.5,41.5,41.5,41.5,0.0,0.0,0.0,0.0,0.0,0.0,0.0,0.0,41.5,41.5,41.5,41.49999999930153,41.49999479629274,41.49714868240616,0.0,0.0,0.0,0.0,0.0,0.0,0.0,0.0,0.0,41.5,41.5,41.5,41.5,41.5,41.5,,,,2,12,11,41.5,0.0,SAME,1.0
BPCL,2024-12-12,41.5,41.5,41.5,41.5,41.5,41.5,0.0,0.0,0.0,0.0,0.0,0.0,0.0,0.0,41.5,41.5,41.5,41.49999999965077,41.49999653086183,41.49766710378686,0.0,0.0,0.0,0.0,0.0,0.0,0.0,0.0,0.0,41.5,41.5,41.5,41.5,41.5,41.5,,,,3,12,12,41.5,0.0,SAME,1.0
BPCL,2024-12-13,41.5,41.5,41.5,41.5,41.5,41.5,0.0,0.0,0.0,0.0,0.0,0.0,0.0,0.0,41.5,41.5,41.5,41.499999999825384,41.49999768724122,41.498091266734704,0.0,0.0,0.0,0.0,0.0,0.0,0.0,0.0,0.0,41.5,41.5,41.5,41.5,41.5,41.5,,,,4,12,13,41.5,0.0,SAME,1.0
BPCL,2024-12-16,41.5,41.5,41.5,41.5,41.5,41.5,0.0,0.0,0.0,0.0,0.0,0.0,0.0,0.0,41.5,41.5,41.5,41.49999999991269,41.49999845816082,41.49843830914657,0.0,0.0,0.0,0.0,0.0,0.0,0.0,0.0,0.0,41.5,41.5,41.5,41.5,41.5,41.5,,,,0,12,16,41.5,0.0,SAME,1.0
BPCL,2024-12-18,41.5,41.5,41.5,41.5,41.5,41.5,0.0,0.0,0.0,0.0,0.0,0.0,0.0,0.0,41.5,41.5,41.5,41.499999999956344,41.499998972107214,41.4987222529381,0.0,0.0,0.0,0.0,0.0,0.0,0.0,0.0,0.0,41.5,41.5,41.5,41.5,41.5,41.5,,,,2,12,18,41.5,0.0,SAME,1.0
BPCL,2024-12-19,41.5,41.5,41.5,41.5,41.5,41.5,0.0,0.0,0.0,0.0,0.0,0.0,0.0,0.0,41.5,41.5,41.5,41.49999999997817,41.49999931473815,41.49895457058572,0.0,0.0,0.0,0.0,0.0,0.0,0.0,0.0,0.0,41.5,41.5,41.5,41.5,41.5,41.5,,,,3,12,19,41.5,0.0,SAME,1.0
BPCL,2024-12-20,41.5,41.5,41.5,41.5,41.5,41.5,0.0,0.0,0.0,0.0,0.0,0.0,0.0,0.0,41.5,41.5,41.5,41.499999999989086,41.499999543158765,41.49914464866104,0.0,0.0,0.0,0.0,0.0,0.0,0.0,0.0,0.0,41.5,41.5,41.5,41.5,41.5,41.5,,,,4,12,20,44.0,2.5,UP,2.0
BPCL,2024-12-23,44.0,41.5,41.5,41.5,41.5,41.5,2.5,2.5,2.5,0.06024096385542177,0.06024096385542177,0.06024096385542177,0.058496206681608626,0.058496206681608626,42.333333333333336,42.0,41.75,42.74999999999454,42.333333028772515,41.95384562163176,0.034780136698173474,0.02694057804216618,0.01904986542270145,2.5,0.060240963855421686,2.5,0.060240963855421686,2.5,0.060240963855421686,41.5,44.0,41.5,44.0,41.5,44.0,1.0,1.0,1.0,0,12,23,44.0,0.0,SAME,1.0
BPCL,2024-12-24,44.0,44.0,41.5,41.5,41.5,41.5,0.0,2.5,2.5,0.0,0.06024096385542177,0.06024096385542177,0.0,0.058496206681608626,43.166666666666664,42.5,42.0,43.37499999999727,42.88888868584834,42.32587369042598,0.034780136698173474,0.02694057804216618,0.01904986542270145,2.5,0.060240963855421686,2.5,0.060240963855421686,2.5,0.060240963855421686,41.5,44.0,41.5,44.0,41.5,44.0,1.0,1.0,1.0,1,12,24,44.0,0.0,SAME,1.0
BPCL,2024-12-25,44.0,44.0,44.0,41.5,41.5,41.5,0.0,0.0,2.5,0.0,0.0,0.06024096385542177,0.0,0.0,44.0,43.0,42.25,43.687499999998636,43.2592591238989,42.63026029216671,0.034780136698173474,0.02694057804216618,0.01904986542270145,2.5,0.060240963855421686,2.5,0.060240963855421686,2.5,0.060240963855421686,44.0,44.0,41.5,44.0,41.5,44.0,,1.0,1.0,2,12,25,44.0,0.0,SAME,1.0
BPCL,2024-12-26,44.0,44.0,44.0,44.0,41.5,41.5,0.0,0.0,0.0,0.0,0.0,0.0,0.0,0.0,44.0,43.5,42.5,43.84374999999932,43.506172749265936,42.87930387540912,0.0,0.02694057804216618,0.01904986542270145,0.0,0.0,2.5,0.060240963855421686,2.5,0.060240963855421686,44.0,44.0,41.5,44.0,41.5,44.0,,1.0,1.0,3,12,26,44.0,0.0,SAME,1.0
BPCL,2024-12-27,44.0,44.0,44.0,44.0,41.5,41.5,0.0,0.0,0.0,0.0,0.0,0.0,0.0,0.0,44.0,44.0,42.75,43.92187499999966,43.67078183284396,43.08306680715292,0.0,0.02694057804216618,0.01904986542270145,0.0,0.0,2.5,0.060240963855421686,2.5,0.060240963855421686,44.0,44.0,44.0,44.0,41.5,44.0,,,1.0,4,12,27,44.0,0.0,SAME,1.0
BPCL,2024-12-30,44.0,44.0,44.0,44.0,44.0,41.5,0.0,0.0,0.0,0.0,0.0,0.0,0.0,0.0,44.0,44.0,43.0,43.96093749999983,43.780521221895974,43.249781933125114,0.0,0.0,0.01904986542270145,0.0,0.0,0.0,0.0,2.5,0.060240963855421686,44.0,44.0,44.0,44.0,41.5,44.0,,,1.0,0,12,30,44.0,0.0,SAME,1.0
BPCL,2024-12-31,44.0,44.0,44.0,44.0,44.0,41.5,0.0,0.0,0.0,0.0,0.0,0.0,0.0,0.0,44.0,44.0,43.25,43.980468749999915,43.85368081459732,43.386185218011455,0.0,0.0,0.01904986542270145,0.0,0.0,0.0,0.0,2.5,0.060240963855421686,44.0,44.0,44.0,44.0,41.5,44.0,,,1.0,1,12,31,44.0,0.0,SAME,1.0
BPCL,2025-01-01,44.0,44.0,44.0,44.0,44.0,41.5,0.0,0.0,0.0,0.0,0.0,0.0,0.0,0.0,44.0,44.0,43.5,43.99023437499996,43.90245387639821,43.49778790564574,0.0,0.0,0.01904986542270145,0.0,0.0,0.0,0.0,2.5,0.060240963855421686,44.0,44.0,44.0,44.0,41.5,44.0,,,1.0,2,1,1,43.97,-0.030000000000001137,DOWN,0.0
BPCL,2025-01-03,43.97,44.0,44.0,44.0,44.0,41.5,-0.030000000000001137,-0.030000000000001137,-0.030000000000001137,-0.0006818181818182278,-0.0006818181818182278,-0.0006818181818182278,-0.0006820507255424576,-0.0006820507255424576,43.99,43.994,43.747,43.98011718749998,43.92496925093214,43.58364465007378,0.000393647911091493,0.0003049183605688911,0.019075025612117522,-0.030000000000001137,-0.0006818181818182077,-0.030000000000001137,-0.0006818181818182077,2.469999999999999,0.0595180722891566,43.97,44.0,43.97,44.0,41.5,44.0,0.0,0.0,0.9879999999999995,4,1,3,43.97,0.0,SAME,1.0
BPCL,2025-01-06,43.97,43.97,44.0,44.0,44.0,41.5,0.0,-0.030000000000001137,-0.030000000000001137,0.0,-0.0006818181818182278,-0.0006818181818182278,0.0,-0.0006820507255424576,43.98,43.988,43.994,43.97505859374999,43.93997950062143,43.653891077333085,0.000393647911091493,0.0003049183605688911,0.019075025612117522,-0.030000000000001137,-0.0006818181818182077,-0.030000000000001137,-0.0006818181818182077,2.469999999999999,0.0595180722891566,43.97,44.0,43.97,44.0,43.97,44.0,0.0,0.0,0.0,0,1,6,43.97,0.0,SAME,1.0
BPCL,2025-01-07,43.97,43.97,43.97,44.0,44.0,44.0,0.0,0.0,-0.030000000000001137,0.0,0.0,-0.0006818181818182278,0.0,0.0,43.97,43.982,43.991,43.972529296874995,43.949986333747624,43.711365426908884,0.000393647911091493,0.0003049183605688911,0.000215609840496786,-0.030000000000001137,-0.0006818181818182077,-0.030000000000001137,-0.0006818181818182077,-0.030000000000001137,-0.0006818181818182077,43.97,43.97,43.97,44.0,43.97,44.0,,0.0,0.0,1,1,7,43.97,0.0,SAME,1.0
BPCL,2025-01-08,43.97,43.97,43.97,43.97,44.0,44.0,0.0,0.0,0.0,0.0,0.0,0.0,0.0,0.0,43.97,43.976,43.988,43.9712646484375,43.956657555831754,43.75838989474363,0.0,0.0003049183605688911,0.000215609840496786,0.0,0.0,-0.030000000000001137,-0.0006818181818182077,-0.030000000000001137,-0.0006818181818182077,43.97,43.97,43.97,44.0,43.97,44.0,,0.0,0.0,2,1,8,43.97,0.0,SAME,1.0
BPCL,2025-01-09,43.97,43.97,43.97,43.97,44.0,44.0,0.0,0.0,0.0,0.0,0.0,0.0,0.0,0.0,43.97,43.97,43.985,43.97063232421875,43.961105037221174,43.796864459335694,0.0,0.0003049183605688911,0.000215609840496786,0.0,0.0,-0.030000000000001137,-0.0006818181818182077,-0.030000000000001137,-0.0006818181818182077,43.97,43.97,43.97,43.97,43.97,44.0,,,0.0,3,1,9,43.97,0.0,SAME,1.0
BPCL,2025-01-10,43.97,43.97,43.97,43.97,43.97,44.0,0.0,0.0,0.0,0.0,0.0,0.0,0.0,0.0,43.97,43.97,43.982,43.97031616210937,43.96407002481412,43.82834364854738,0.0,0.0,0.000215609840496786,0.0,0.0,0.0,0.0,-0.030000000000001137,-0.0006818181818182077,43.97,43.97,43.97,43.97,43.97,44.0,,,0.0,4,1,10,43.97,0.0,SAME,1.0
BPCL,2025-01-13,43.97,43.97,43.97,43.97,43.97,44.0,0.0,0.0,0.0,0.0,0.0,0.0,0.0,0.0,43.97,43.97,43.979,43.970158081054684,43.96604668320941,43.85409934881149,0.0,0.0,0.000215609840496786,0.0,0.0,0.0,0.0,-0.030000000000001137,-0.0006818181818182077,43.97,43.97,43.97,43.97,43.97,44.0,,,0.0,0,1,13,43.97,0.0,SAME,1.0
BPCL,2025-01-14,43.97,43.97,43.97,43.97,43.97,44.0,0.0,0.0,0.0,0.0,0.0,0.0,0.0,0.0,43.97,43.97,43.976,43.97007904052734,43.967364455472946,43.87517219448212,0.0,0.0,0.000215609840496786,0.0,0.0,0.0,0.0,-0.030000000000001137,-0.0006818181818182077,43.97,43.97,43.97,43.97,43.97,44.0,,,0.0,1,1,14,43.97,0.0,SAME,1.0
BPCL,2025-01-15,43.97,43.97,43.97,43.97,43.97,44.0,0.0,0.0,0.0,0.0,0.0,0.0,0.0,0.0,43.97,43.97,43.973,43.97003952026367,43.9682429703153,43.89241361366718,0.0,0.0,0.000215609840496786,0.0,0.0,0.0,0.0,-0.030000000000001137,-0.0006818181818182077,43.97,43.97,43.97,43.97,43.97,44.0,,,0.0,2,1,15,43.97,0.0,SAME,1.0
BPCL,2025-01-16,43.97,43.97,43.97,43.97,43.97,44.0,0.0,0.0,0.0,0.0,0.0,0.0,0.0,0.0,43.97,43.97,43.97,43.970019760131834,43.96882864687687,43.906520229364055,0.0,0.0,0.000215609840496786,0.0,0.0,0.0,0.0,-0.030000000000001137,-0.0006818181818182077,43.97,43.97,43.97,43.97,43.97,43.97,,,,3,1,16,43.0,-0.9699999999999989,DOWN,0.0
BPCL,2025-01-17,43.0,43.97,43.97,43.97,43.97,43.97,-0.9699999999999989,-0.9699999999999989,-0.9699999999999989,-0.022060495792585844,-0.022060495792585844,-0.022060495792585844,-0.022307467499156318,-0.022307467499156318,43.64666666666667,43.775999999999996,43.873,43.48500988006592,43.645885764584584,43.74169836947968,0.012736633184314686,0.009865753641914037,0.006976141301714231,-0.9699999999999989,-0.02206049579258583,-0.9699999999999989,-0.02206049579258583,-0.9699999999999989,-0.02206049579258583,43.0,43.97,43.0,43.97,43.0,43.97,0.0,0.0,0.0,4,1,17,43.0,0.0,SAME,1.0
BPCL,2025-01-20,43.0,43.0,43.97,43.97,43.97,43.97,0.0,-0.9699999999999989,-0.9699999999999989,0.0,-0.022060495792585844,-0.022060495792585844,0.0,-0.022307467499156318,43.32333333333333,43.582,43.775999999999996,43.24250494003296,43.43059050972306,43.60684412048337,0.012736633184314686,0.009865753641914037,0.006976141301714231,-0.9699999999999989,-0.02206049579258583,-0.9699999999999989,-0.02206049579258583,-0.9699999999999989,-0.02206049579258583,43.0,43.97,43.0,43.97,43.0,43.97,0.0,0.0,0.0,0,1,20,43.0,0.0,SAME,1.0
BPCL,2025-01-21,43.0,43.0,43.0,43.97,43.97,43.97,0.0,0.0,-0.9699999999999989,0.0,0.0,-0.022060495792585844,0.0,0.0,43.0,43.388,43.678999999999995,43.12125247001648,43.287060339815376,43.49650882585003,0.012736633184314686,0.009865753641914037,0.006976141301714231,-0.9699999999999989,-0.02206049579258583,-0.9699999999999989,-0.02206049579258583,-0.9699999999999989,-0.02206049579258583,43.0,43.0,43.0,43.97,43.0,43.97,,0.0,0.0,1,1,21,43.0,0.0,SAME,1.0
BPCL,2025-01-22,43.0,43.0,43.0,43.0,43.97,43.97,0.0,0.0,0.0,0.0,0.0,0.0,0.0,0.0,43.0,43.194,43.582,43.06062623500824,43.19137355987692,43.40623449387729,0.0,0.009865753641914037,0.006976141301714231,0.0,0.0,-0.9699999999999989,-0.02206049579258583,-0.9699999999999989,-0.02206049579258583,43.0,43.0,43.0,43.97,43.0,43.97,,0.0,0.0,2,1,22,43.0,0.0,SAME,1.0
BPCL,2025-01-23,43.0,43.0,43.0,43.0,43.97,43.97,0.0,0.0,0.0,0.0,0.0,0.0,0.0,0.0,43.0,43.0,43.485,43.03031311750412,43.127582373251286,43.33237367680869,0.0,0.009865753641914037,0.006976141301714231,0.0,0.0,-0.9699999999999989,-0.02206049579258583,-0.9699999999999989,-0.02206049579258583,43.0,43.0,43.0,43.0,43.0,43.97,,,0.0,3,1,23,43.0,0.0,SAME,1.0
BPCL,2025-01-24,43.0,43.0,43.0,43.0,43.0,43.97,0.0,0.0,0.0,0.0,0.0,0.0,0.0,0.0,43.0,43.0,43.388,43.01515655875206,43.08505491550086,43.27194209920711,0.0,0.0,0.006976141301714231,0.0,0.0,0.0,0.0,-0.9699999999999989,-0.02206049579258583,43.0,43.0,43.0,43.0,43.0,43.97,,,0.0,4,1,24,43.0,0.0,SAME,1.0
BPCL,2025-01-27,43.0,43.0,43.0,43.0,43.0,43.97,0.0,0.0,0.0,0.0,0.0,0.0,0.0,0.0,43.0,43.0,43.291,43.007578279376034,43.05670327700058,43.222498081169455,0.0,0.0,0.006976141301714231,0.0,0.0,0.0,0.0,-0.9699999999999989,-0.02206049579258583,43.0,43.0,43.0,43.0,43.0,43.97,,,0.0,0,1,27,43.0,0.0,SAME,1.0
BPCL,2025-01-28,43.0,43.0,43.0,43.0,43.0,43.97,0.0,0.0,0.0,0.0,0.0,0.0,0.0,0.0,43.0,43.0,43.194,43.00378913968802,43.03780218466706,43.18204388459319,0.0,0.0,0.006976141301714231,0.0,0.0,0.0,0.0,-0.9699999999999989,-0.02206049579258583,43.0,43.0,43.0,43.0,43.0,43.97,,,0.0,1,1,28,43.0,0.0,SAME,1.0
BPCL,2025-01-29,43.0,43.0,43.0,43.0,43.0,43.97,0.0,0.0,0.0,0.0,0.0,0.0,0.0,0.0,43.0,43.0,43.096999999999994,43.00189456984401,43.025201456444705,43.14894499648534,0.0,0.0,0.006976141301714231,0.0,0.0,0.0,0.0,-0.9699999999999989,-0.02206049579258583,43.0,43.0,43.0,43.0,43.0,43.97,,,0.0,2,1,29,43.0,0.0,SAME,1.0
BPCL,2025-01-31,43.0,43.0,43.0,43.0,43.0,43.97,0.0,0.0,0.0,0.0,0.0,0.0,0.0,0.0,43.0,43.0,43.0,43.000947284922006,43.01680097096314,43.12186408803346,0.0,0.0,0.006976141301714231,0.0,0.0,0.0,0.0,-0.9699999999999989,-0.02206049579258583,43.0,43.0,43.0,43.0,43.0,43.0,,,,4,1,31,43.0,0.0,SAME,1.0
BPCL,2025-02-03,43.0,43.0,43.0,43.0,43.0,43.0,0.0,0.0,0.0,0.0,0.0,0.0,0.0,0.0,43.0,43.0,43.0,43.000473642461,43.01120064730876,43.09970698111829,0.0,0.0,0.0,0.0,0.0,0.0,0.0,0.0,0.0,43.0,43.0,43.0,43.0,43.0,43.0,,,,0,2,3,43.0,0.0,SAME,1.0
BPCL,2025-02-04,43.0,43.0,43.0,43.0,43.0,43.0,0.0,0.0,0.0,0.0,0.0,0.0,0.0,0.0,43.0,43.0,43.0,43.0002368212305,43.007467098205844,43.08157843909678,0.0,0.0,0.0,0.0,0.0,0.0,0.0,0.0,0.0,43.0,43.0,43.0,43.0,43.0,43.0,,,,1,2,4,43.0,0.0,SAME,1.0
BPCL,2025-02-05,43.0,43.0,43.0,43.0,43.0,43.0,0.0,0.0,0.0,0.0,0.0,0.0,0.0,0.0,43.0,43.0,43.0,43.00011841061525,43.00497806547057,43.066745995624636,0.0,0.0,0.0,0.0,0.0,0.0,0.0,0.0,0.0,43.0,43.0,43.0,43.0,43.0,43.0,,,,2,2,5,43.0,0.0,SAME,1.0
BPCL,2025-02-06,43.0,43.0,43.0,43.0,43.0,43.0,0.0,0.0,0.0,0.0,0.0,0.0,0.0,0.0,43.0,43.0,43.0,43.00005920530762,43.003318710313714,43.05461036005652,0.0,0.0,0.0,0.0,0.0,0.0,0.0,0.0,0.0,43.0,43.0,43.0,43.0,43.0,43.0,,,,3,2,6,43.0,0.0,SAME,1.0
BPCL,2025-02-07,43.0,43.0,43.0,43.0,43.0,43.0,0.0,0.0,0.0,0.0,0.0,0.0,0.0,0.0,43.0,43.0,43.0,43.00002960265381,43.00221247354248,43.04468120368261,0.0,0.0,0.0,0.0,0.0,0.0,0.0,0.0,0.0,43.0,43.0,43.0,43.0,43.0,43.0,,,,4,2,7,43.0,0.0,SAME,1.0
BPCL,2025-02-10,43.0,43.0,43.0,43.0,43.0,43.0,0.0,0.0,0.0,0.0,0.0,0.0,0.0,0.0,43.0,43.0,43.0,43.000014801326905,43.00147498236166,43.03655734846759,0.0,0.0,0.0,0.0,0.0,0.0,0.0,0.0,0.0,43.0,43.0,43.0,43.0,43.0,43.0,,,,0,2,10,43.0,0.0,SAME,1.0
BPCL,2025-02-11,43.0,43.0,43.0,43.0,43.0,43.0,0.0,0.0,0.0,0.0,0.0,0.0,0.0,0.0,43.0,43.0,43.0,43.00000740066345,43.00098332157444,43.02991055783712,0.0,0.0,0.0,0.0,0.0,0.0,0.0,0.0,0.0,43.0,43.0,43.0,43.0,43.0,43.0,,,,1,2,11,43.0,0.0,SAME,1.0
BPCL,2025-02-12,43.0,43.0,43.0,43.0,43.0,43.0,0.0,0.0,0.0,0.0,0.0,0.0,0.0,0.0,43.0,43.0,43.0,43.000003700331725,43.00065554771629,43.024472274594004,0.0,0.0,0.0,0.0,0.0,0.0,0.0,0.0,0.0,43.0,43.0,43.0,43.0,43.0,43.0,,,,2,2,12,43.0,0.0,SAME,1.0
BPCL,2025-02-13,43.0,43.0,43.0,43.0,43.0,43.0,0.0,0.0,0.0,0.0,0.0,0.0,0.0,0.0,43.0,43.0,43.0,43.00000185016586,43.00043703181086,43.02002277012237,0.0,0.0,0.0,0.0,0.0,0.0,0.0,0.0,0.0,43.0,43.0,43.0,43.0,43.0,43.0,,,,3,2,13,43.0,0.0,SAME,1.0
BPCL,2025-02-14,43.0,43.0,43.0,43.0,43.0,43.0,0.0,0.0,0.0,0.0,0.0,0.0,0.0,0.0,43.0,43.0,43.0,43.00000092508293,43.00029135454058,43.01638226646375,0.0,0.0,0.0,0.0,0.0,0.0,0.0,0.0,0.0,43.0,43.0,43.0,43.0,43.0,43.0,,,,4,2,14,43.0,0.0,SAME,1.0
BPCL,2025-02-17,43.0,43.0,43.0,43.0,43.0,43.0,0.0,0.0,0.0,0.0,0.0,0.0,0.0,0.0,43.0,43.0,43.0,43.000000462541465,43.000194236360386,43.01340367256125,0.0,0.0,0.0,0.0,0.0,0.0,0.0,0.0,0.0,43.0,43.0,43.0,43.0,43.0,43.0,,,,0,2,17,43.0,0.0,SAME,1.0
BPCL,2025-02-18,43.0,43.0,43.0,43.0,43.0,43.0,0.0,0.0,0.0,0.0,0.0,0.0,0.0,0.0,43.0,43.0,43.0,43.00000023127073,43.00012949090693,43.01096664118648,0.0,0.0,0.0,0.0,0.0,0.0,0.0,0.0,0.0,43.0,43.0,43.0,43.0,43.0,43.0,,,,1,2,18,43.0,0.0,SAME,1.0
BPCL,2025-02-19,43.0,43.0,43.0,43.0,43.0,43.0,0.0,0.0,0.0,0.0,0.0,0.0,0.0,0.0,43.0,43.0,43.0,43.000000115635366,43.00008632727129,43.0089727064253,0.0,0.0,0.0,0.0,0.0,0.0,0.0,0.0,0.0,43.0,43.0,43.0,43.0,43.0,43.0,,,,2,2,19,43.0,0.0,SAME,1.0
BPCL,2025-02-20,43.0,43.0,43.0,43.0,43.0,43.0,0.0,0.0,0.0,0.0,0.0,0.0,0.0,0.0,43.0,43.0,43.0,43.00000005781769,43.000057551514196,43.00734130525706,0.0,0.0,0.0,0.0,0.0,0.0,0.0,0.0,0.0,43.0,43.0,43.0,43.0,43.0,43.0,,,,3,2,20,43.0,0.0,SAME,1.0
BPCL,2025-02-24,43.0,43.0,43.0,43.0,43.0,43.0,0.0,0.0,0.0,0.0,0.0,0.0,0.0,0.0,43.0,43.0,43.0,43.00000002890884,43.00003836767613,43.00600652248305,0.0,0.0,0.0,0.0,0.0,0.0,0.0,0.0,0.0,43.0,43.0,43.0,43.0,43.0,43.0,,,,0,2,24,43.0,0.0,SAME,1.0
BPCL,2025-02-25,43.0,43.0,43.0,43.0,43.0,43.0,0.0,0.0,0.0,0.0,0.0,0.0,0.0,0.0,43.0,43.0,43.0,43.00000001445442,43.00002557845076,43.00491442748613,0.0,0.0,0.0,0.0,0.0,0.0,0.0,0.0,0.0,43.0,43.0,43.0,43.0,43.0,43.0,,,,1,2,25,43.0,0.0,SAME,1.0
BPCL,2025-02-26,43.0,43.0,43.0,43.0,43.0,43.0,0.0,0.0,0.0,0.0,0.0,0.0,0.0,0.0,43.0,43.0,43.0,43.000000007227214,43.00001705230051,43.00402089521592,0.0,0.0,0.0,0.0,0.0,0.0,0.0,0.0,0.0,43.0,43.0,43.0,43.0,43.0,43.0,,,,2,2,26,43.0,0.0,SAME,1.0
BPCL,2025-02-27,43.0,43.0,43.0,43.0,43.0,43.0,0.0,0.0,0.0,0.0,0.0,0.0,0.0,0.0,43.0,43.0,43.0,43.00000000361361,43.00001136820034,43.00328982335848,0.0,0.0,0.0,0.0,0.0,0.0,0.0,0.0,0.0,43.0,43.0,43.0,43.0,43.0,43.0,,,,3,2,27,43.0,0.0,SAME,1.0
BPCL,2025-03-03,43.0,43.0,43.0,43.0,43.0,43.0,0.0,0.0,0.0,0.0,0.0,0.0,0.0,0.0,43.0,43.0,43.0,43.000000001806804,43.00000757880023,43.00269167365693,0.0,0.0,0.0,0.0,0.0,0.0,0.0,0.0,0.0,43.0,43.0,43.0,43.0,43.0,43.0,,,,0,3,3,43.0,0.0,SAME,1.0
BPCL,2025-03-04,43.0,43.0,43.0,43.0,43.0,43.0,0.0,0.0,0.0,0.0,0.0,0.0,0.0,0.0,43.0,43.0,43.0,43.0000000009034,43.00000505253349,43.00220227844658,0.0,0.0,0.0,0.0,0.0,0.0,0.0,0.0,0.0,43.0,43.0,43.0,43.0,43.0,43.0,,,,1,3,4,43.0,0.0,SAME,1.0
BPCL,2025-03-05,43.0,43.0,43.0,43.0,43.0,43.0,0.0,0.0,0.0,0.0,0.0,0.0,0.0,0.0,43.0,43.0,43.0,43.0000000004517,43.000003368355664,43.00180186418357,0.0,0.0,0.0,0.0,0.0,0.0,0.0,0.0,0.0,43.0,43.0,43.0,43.0,43.0,43.0,,,,2,3,5,43.0,0.0,SAME,1.0
BPCL,2025-03-06,43.0,43.0,43.0,43.0,43.0,43.0,0.0,0.0,0.0,0.0,0.0,0.0,0.0,0.0,43.0,43.0,43.0,43.00000000022585,43.00000224557044,43.00147425251383,0.0,0.0,0.0,0.0,0.0,0.0,0.0,0.0,0.0,43.0,43.0,43.0,43.0,43.0,43.0,,,,3,3,6,43.0,0.0,SAME,1.0
BPCL,2025-03-07,43.0,43.0,43.0,43.0,43.0,43.0,0.0,0.0,0.0,0.0,0.0,0.0,0.0,0.0,43.0,43.0,43.0,43.00000000011293,43.000001497046966,43.00120620660223,0.0,0.0,0.0,0.0,0.0,0.0,0.0,0.0,0.0,43.0,43.0,43.0,43.0,43.0,43.0,,,,4,3,7,43.0,0.0,SAME,1.0
BPCL,2025-03-10,43.0,43.0,43.0,43.0,43.0,43.0,0.0,0.0,0.0,0.0,0.0,0.0,0.0,0.0,43.0,43.0,43.0,43.00000000005646,43.00000099803131,43.00098689631091,0.0,0.0,0.0,0.0,0.0,0.0,0.0,0.0,0.0,43.0,43.0,43.0,43.0,43.0,43.0,,,,0,3,10,43.0,0.0,SAME,1.0
BPCL,2025-03-11,43.0,43.0,43.0,43.0,43.0,43.0,0.0,0.0,0.0,0.0,0.0,0.0,0.0,0.0,43.0,43.0,43.0,43.00000000002823,43.00000066535421,43.00080746061802,0.0,0.0,0.0,0.0,0.0,0.0,0.0,0.0,0.0,43.0,43.0,43.0,43.0,43.0,43.0,,,,1,3,11,43.0,0.0,SAME,1.0
BPCL,2025-03-12,43.0,43.0,43.0,43.0,43.0,43.0,0.0,0.0,0.0,0.0,0.0,0.0,0.0,0.0,43.0,43.0,43.0,43.00000000001411,43.000000443569476,43.00066064959656,0.0,0.0,0.0,0.0,0.0,0.0,0.0,0.0,0.0,43.0,43.0,43.0,43.0,43.0,43.0,,,,2,3,12,43.0,0.0,SAME,1.0
BPCL,2025-03-13,43.0,43.0,43.0,43.0,43.0,43.0,0.0,0.0,0.0,0.0,0.0,0.0,0.0,0.0,43.0,43.0,43.0,43.000000000007056,43.00000029571299,43.00054053148809,0.0,0.0,0.0,0.0,0.0,0.0,0.0,0.0,0.0,43.0,43.0,43.0,43.0,43.0,43.0,,,,3,3,13,43.0,0.0,SAME,1.0
BPCL,2025-03-14,43.0,43.0,43.0,43.0,43.0,43.0,0.0,0.0,0.0,0.0,0.0,0.0,0.0,0.0,43.0,43.0,43.0,43.000000000003524,43.00000019714199,43.00044225303571,0.0,0.0,0.0,0.0,0.0,0.0,0.0,0.0,0.0,43.0,43.0,43.0,43.0,43.0,43.0,,,,4,3,14,43.0,0.0,SAME,1.0
BPCL,2025-03-17,43.0,43.0,43.0,43.0,43.0,43.0,0.0,0.0,0.0,0.0,0.0,0.0,0.0,0.0,43.0,43.0,43.0,43.00000000000176,43.000000131427996,43.00036184339285,0.0,0.0,0.0,0.0,0.0,0.0,0.0,0.0,0.0,43.0,43.0,43.0,43.0,43.0,43.0,,,,0,3,17,43.0,0.0,SAME,1.0
BPCL,2025-03-18,43.0,43.0,43.0,43.0,43.0,43.0,0.0,0.0,0.0,0.0,0.0,0.0,0.0,0.0,43.0,43.0,43.0,43.00000000000088,43.000000087618666,43.00029605368506,0.0,0.0,0.0,0.0,0.0,0.0,0.0,0.0,0.0,43.0,43.0,43.0,43.0,43.0,43.0,,,,1,3,18,43.0,0.0,SAME,1.0
BPCL,2025-03-19,43.0,43.0,43.0,43.0,43.0,43.0,0.0,0.0,0.0,0.0,0.0,0.0,0.0,0.0,43.0,43.0,43.0,43.00000000000044,43.000000058412446,43.000242225742326,0.0,0.0,0.0,0.0,0.0,0.0,0.0,0.0,0.0,43.0,43.0,43.0,43.0,43.0,43.0,,,,2,3,19,43.0,0.0,SAME,1.0
BPCL,2025-03-20,43.0,43.0,43.0,43.0,43.0,43.0,0.0,0.0,0.0,0.0,0.0,0.0,0.0,0.0,43.0,43.0,43.0,43.00000000000022,43.000000038941636,43.00019818469826,0.0,0.0,0.0,0.0,0.0,0.0,0.0,0.0,0.0,43.0,43.0,43.0,43.0,43.0,43.0,,,,3,3,20,43.0,0.0,SAME,1.0
BPCL,2025-03-21,43.0,43.0,43.0,43.0,43.0,43.0,0.0,0.0,0.0,0.0,0.0,0.0,0.0,0.0,43.0,43.0,43.0,43.000000000000114,43.00000002596109,43.00016215111676,0.0,0.0,0.0,0.0,0.0,0.0,0.0,0.0,0.0,43.0,43.0,43.0,43.0,43.0,43.0,,,,4,3,21,43.0,0.0,SAME,1.0
BPCL,2025-03-24,43.0,43.0,43.0,43.0,43.0,43.0,0.0,0.0,0.0,0.0,0.0,0.0,0.0,0.0,43.0,43.0,43.0,43.00000000000006,43.0000000173074,43.00013266909553,0.0,0.0,0.0,0.0,0.0,0.0,0.0,0.0,0.0,43.0,43.0,43.0,43.0,43.0,43.0,,,,0,3,24,43.0,0.0,SAME,1.0
BPCL,2025-03-25,43.0,43.0,43.0,43.0,43.0,43.0,0.0,0.0,0.0,0.0,0.0,0.0,0.0,0.0,43.0,43.0,43.0,43.00000000000003,43.00000001153827,43.0001085474418,0.0,0.0,0.0,0.0,0.0,0.0,0.0,0.0,0.0,43.0,43.0,43.0,43.0,43.0,43.0,,,,1,3,25,43.0,0.0,SAME,1.0
BPCL,2025-03-26,43.0,43.0,43.0,43.0,43.0,43.0,0.0,0.0,0.0,0.0,0.0,0.0,0.0,0.0,43.0,43.0,43.0,43.000000000000014,43.00000000769218,43.000088811543286,0.0,0.0,0.0,0.0,0.0,0.0,0.0,0.0,0.0,43.0,43.0,43.0,43.0,43.0,43.0,,,,2,3,26,43.0,0.0,SAME,1.0
BPCL,2025-03-27,43.0,43.0,43.0,43.0,43.0,43.0,0.0,0.0,0.0,0.0,0.0,0.0,0.0,0.0,43.0,43.0,43.0,43.00000000000001,43.00000000512812,43.00007266398996,0.0,0.0,0.0,0.0,0.0,0.0,0.0,0.0,0.0,43.0,43.0,43.0,43.0,43.0,43.0,,,,3,3,27,43.0,0.0,SAME,1.0
BPCL,2025-03-28,43.0,43.0,43.0,43.0,43.0,43.0,0.0,0.0,0.0,0.0,0.0,0.0,0.0,0.0,43.0,43.0,43.0,43.0,43.00000000341875,43.00005945235542,0.0,0.0,0.0,0.0,0.0,0.0,0.0,0.0,0.0,43.0,43.0,43.0,43.0,43.0,43.0,,,,4,3,28,43.0,0.0,SAME,1.0
BPCL,2025-03-31,43.0,43.0,43.0,43.0,43.0,43.0,0.0,0.0,0.0,0.0,0.0,0.0,0.0,0.0,43.0,43.0,43.0,43.0,43.000000002279165,43.000048642836255,0.0,0.0,0.0,0.0,0.0,0.0,0.0,0.0,0.0,43.0,43.0,43.0,43.0,43.0,43.0,,,,0,3,31,43.0,0.0,SAME,1.0
BPCL,2025-04-01,43.0,43.0,43.0,43.0,43.0,43.0,0.0,0.0,0.0,0.0,0.0,0.0,0.0,0.0,43.0,43.0,43.0,43.0,43.000000001519446,43.000039798684206,0.0,0.0,0.0,0.0,0.0,0.0,0.0,0.0,0.0,43.0,43.0,43.0,43.0,43.0,43.0,,,,1,4,1,43.0,0.0,SAME,1.0
BPCL,2025-04-02,43.0,43.0,43.0,43.0,43.0,43.0,0.0,0.0,0.0,0.0,0.0,0.0,0.0,0.0,43.0,43.0,43.0,43.0,43.000000001012964,43.0000325625598,0.0,0.0,0.0,0.0,0.0,0.0,0.0,0.0,0.0,43.0,43.0,43.0,43.0,43.0,43.0,,,,2,4,2,43.0,0.0,SAME,1.0
BPCL,2025-04-03,43.0,43.0,43.0,43.0,43.0,43.0,0.0,0.0,0.0,0.0,0.0,0.0,0.0,0.0,43.0,43.0,43.0,43.0,43.000000000675314,43.00002664209438,0.0,0.0,0.0,0.0,0.0,0.0,0.0,0.0,0.0,43.0,43.0,43.0,43.0,43.0,43.0,,,,3,4,3,43.0,0.0,SAME,1.0
BPCL,2025-04-04,43.0,43.0,43.0,43.0,43.0,43.0,0.0,0.0,0.0,0.0,0.0,0.0,0.0,0.0,43.0,43.0,43.0,43.0,43.000000000450214,43.00002179807722,0.0,0.0,0.0,0.0,0.0,0.0,0.0,0.0,0.0,43.0,43.0,43.0,43.0,43.0,43.0,,,,4,4,4,43.0,0.0,SAME,1.0
BPCL,2025-04-07,43.0,43.0,43.0,43.0,43.0,43.0,0.0,0.0,0.0,0.0,0.0,0.0,0.0,0.0,43.0,43.0,43.0,43.0,43.00000000030015,43.000017834790455,0.0,0.0,0.0,0.0,0.0,0.0,0.0,0.0,0.0,43.0,43.0,43.0,43.0,43.0,43.0,,,,0,4,7,43.0,0.0,SAME,1.0
BPCL,2025-04-08,43.0,43.0,43.0,43.0,43.0,43.0,0.0,0.0,0.0,0.0,0.0,0.0,0.0,0.0,43.0,43.0,43.0,43.0,43.0000000002001,43.00001459210128,0.0,0.0,0.0,0.0,0.0,0.0,0.0,0.0,0.0,43.0,43.0,43.0,43.0,43.0,43.0,,,,1,4,8,43.0,0.0,SAME,1.0
BPCL,2025-04-09,43.0,43.0,43.0,43.0,43.0,43.0,0.0,0.0,0.0,0.0,0.0,0.0,0.0,0.0,43.0,43.0,43.0,43.0,43.000000000133404,43.00001193899195,0.0,0.0,0.0,0.0,0.0,0.0,0.0,0.0,0.0,43.0,43.0,43.0,43.0,43.0,43.0,,,,2,4,9,43.0,0.0,SAME,1.0
BPCL,2025-04-10,43.0,43.0,43.0,43.0,43.0,43.0,0.0,0.0,0.0,0.0,0.0,0.0,0.0,0.0,43.0,43.0,43.0,43.0,43.00000000008894,43.000009768266146,0.0,0.0,0.0,0.0,0.0,0.0,0.0,0.0,0.0,43.0,43.0,43.0,43.0,43.0,43.0,,,,3,4,10,43.0,0.0,SAME,1.0
BPCL,2025-04-11,43.0,43.0,43.0,43.0,43.0,43.0,0.0,0.0,0.0,0.0,0.0,0.0,0.0,0.0,43.0,43.0,43.0,43.0,43.000000000059295,43.00000799221775,0.0,0.0,0.0,0.0,0.0,0.0,0.0,0.0,0.0,43.0,43.0,43.0,43.0,43.0,43.0,,,,4,4,11,43.0,0.0,SAME,1.0
BPCL,2025-04-14,43.0,43.0,43.0,43.0,43.0,43.0,0.0,0.0,0.0,0.0,0.0,0.0,0.0,0.0,43.0,43.0,43.0,43.0,43.000000000039535,43.00000653908725,0.0,0.0,0.0,0.0,0.0,0.0,0.0,0.0,0.0,43.0,43.0,43.0,43.0,43.0,43.0,,,,0,4,14,43.0,0.0,SAME,1.0
BPCL,2025-04-15,43.0,43.0,43.0,43.0,43.0,43.0,0.0,0.0,0.0,0.0,0.0,0.0,0.0,0.0,43.0,43.0,43.0,43.0,43.00000000002636,43.0000053501623,0.0,0.0,0.0,0.0,0.0,0.0,0.0,0.0,0.0,43.0,43.0,43.0,43.0,43.0,43.0,,,,1,4,15,43.0,0.0,SAME,1.0
BPCL,2025-04-16,43.0,43.0,43.0,43.0,43.0,43.0,0.0,0.0,0.0,0.0,0.0,0.0,0.0,0.0,43.0,43.0,43.0,43.0,43.00000000001758,43.00000437740552,0.0,0.0,0.0,0.0,0.0,0.0,0.0,0.0,0.0,43.0,43.0,43.0,43.0,43.0,43.0,,,,2,4,16,43.0,0.0,SAME,1.0
BPCL,2025-04-17,43.0,43.0,43.0,43.0,43.0,43.0,0.0,0.0,0.0,0.0,0.0,0.0,0.0,0.0,43.0,43.0,43.0,43.0,43.000000000011724,43.0000035815136,0.0,0.0,0.0,0.0,0.0,0.0,0.0,0.0,0.0,43.0,43.0,43.0,43.0,43.0,43.0,,,,3,4,17,43.0,0.0,SAME,1.0
BPCL,2025-04-18,43.0,43.0,43.0,43.0,43.0,43.0,0.0,0.0,0.0,0.0,0.0,0.0,0.0,0.0,43.0,43.0,43.0,43.0,43.000000000007816,43.00000293032931,0.0,0.0,0.0,0.0,0.0,0.0,0.0,0.0,0.0,43.0,43.0,43.0,43.0,43.0,43.0,,,,4,4,18,43.0,0.0,SAME,1.0
BPCL,2025-04-21,43.0,43.0,43.0,43.0,43.0,43.0,0.0,0.0,0.0,0.0,0.0,0.0,0.0,0.0,43.0,43.0,43.0,43.0,43.000000000005215,43.00000239754216,0.0,0.0,0.0,0.0,0.0,0.0,0.0,0.0,0.0,43.0,43.0,43.0,43.0,43.0,43.0,,,,0,4,21,43.0,0.0,SAME,1.0
BPCL,2025-04-22,43.0,43.0,43.0,43.0,43.0,43.0,0.0,0.0,0.0,0.0,0.0,0.0,0.0,0.0,43.0,43.0,43.0,43.0,43.00000000000348,43.0000019616254,0.0,0.0,0.0,0.0,0.0,0.0,0.0,0.0,0.0,43.0,43.0,43.0,43.0,43.0,43.0,,,,1,4,22,43.0,0.0,SAME,1.0
BPCL,2025-04-23,43.0,43.0,43.0,43.0,43.0,43.0,0.0,0.0,0.0,0.0,0.0,0.0,0.0,0.0,43.0,43.0,43.0,43.0,43.00000000000232,43.000001604966236,0.0,0.0,0.0,0.0,0.0,0.0,0.0,0.0,0.0,43.0,43.0,43.0,43.0,43.0,43.0,,,,2,4,23,43.0,0.0,SAME,1.0
BPCL,2025-04-24,43.0,43.0,43.0,43.0,43.0,43.0,0.0,0.0,0.0,0.0,0.0,0.0,0.0,0.0,43.0,43.0,43.0,43.0,43.00000000000155,43.00000131315419,0.0,0.0,0.0,0.0,0.0,0.0,0.0,0.0,0.0,43.0,43.0,43.0,43.0,43.0,43.0,,,,3,4,24,43.0,0.0,SAME,1.0
BPCL,2025-04-25,43.0,43.0,43.0,43.0,43.0,43.0,0.0,0.0,0.0,0.0,0.0,0.0,0.0,0.0,43.0,43.0,43.0,43.0,43.00000000000104,43.00000107439889,0.0,0.0,0.0,0.0,0.0,0.0,0.0,0.0,0.0,43.0,43.0,43.0,43.0,43.0,43.0,,,,4,4,25,43.0,0.0,SAME,1.0
BPCL,2025-04-28,43.0,43.0,43.0,43.0,43.0,43.0,0.0,0.0,0.0,0.0,0.0,0.0,0.0,0.0,43.0,43.0,43.0,43.0,43.000000000000696,43.00000087905364,0.0,0.0,0.0,0.0,0.0,0.0,0.0,0.0,0.0,43.0,43.0,43.0,43.0,43.0,43.0,,,,0,4,28,43.0,0.0,SAME,1.0
BPCL,2025-04-29,43.0,43.0,43.0,43.0,43.0,43.0,0.0,0.0,0.0,0.0,0.0,0.0,0.0,0.0,43.0,43.0,43.0,43.0,43.00000000000047,43.0000007192257,0.0,0.0,0.0,0.0,0.0,0.0,0.0,0.0,0.0,43.0,43.0,43.0,43.0,43.0,43.0,,,,1,4,29,43.0,0.0,SAME,1.0
BPCL,2025-04-30,43.0,43.0,43.0,43.0,43.0,43.0,0.0,0.0,0.0,0.0,0.0,0.0,0.0,0.0,43.0,43.0,43.0,43.0,43.00000000000031,43.00000058845739,0.0,0.0,0.0,0.0,0.0,0.0,0.0,0.0,0.0,43.0,43.0,43.0,43.0,43.0,43.0,,,,2,4,30,43.0,0.0,SAME,1.0
BPCL,2025-05-01,43.0,43.0,43.0,43.0,43.0,43.0,0.0,0.0,0.0,0.0,0.0,0.0,0.0,0.0,43.0,43.0,43.0,43.0,43.00000000000021,43.000000481465136,0.0,0.0,0.0,0.0,0.0,0.0,0.0,0.0,0.0,43.0,43.0,43.0,43.0,43.0,43.0,,,,3,5,1,43.0,0.0,SAME,1.0
BPCL,2025-05-05,43.0,43.0,43.0,43.0,43.0,43.0,0.0,0.0,0.0,0.0,0.0,0.0,0.0,0.0,43.0,43.0,43.0,43.0,43.00000000000014,43.00000039392602,0.0,0.0,0.0,0.0,0.0,0.0,0.0,0.0,0.0,43.0,43.0,43.0,43.0,43.0,43.0,,,,0,5,5,43.0,0.0,SAME,1.0
BPCL,2025-05-06,43.0,43.0,43.0,43.0,43.0,43.0,0.0,0.0,0.0,0.0,0.0,0.0,0.0,0.0,43.0,43.0,43.0,43.0,43.0000000000001,43.00000032230311,0.0,0.0,0.0,0.0,0.0,0.0,0.0,0.0,0.0,43.0,43.0,43.0,43.0,43.0,43.0,,,,1,5,6,43.0,0.0,SAME,1.0
BPCL,2025-05-08,43.0,43.0,43.0,43.0,43.0,43.0,0.0,0.0,0.0,0.0,0.0,0.0,0.0,0.0,43.0,43.0,43.0,43.0,43.00000000000007,43.000000263702546,0.0,0.0,0.0,0.0,0.0,0.0,0.0,0.0,0.0,43.0,43.0,43.0,43.0,43.0,43.0,,,,3,5,8,43.0,0.0,SAME,1.0
BPCL,2025-05-09,43.0,43.0,43.0,43.0,43.0,43.0,0.0,0.0,0.0,0.0,0.0,0.0,0.0,0.0,43.0,43.0,43.0,43.0,43.00000000000005,43.00000021575663,0.0,0.0,0.0,0.0,0.0,0.0,0.0,0.0,0.0,43.0,43.0,43.0,43.0,43.0,43.0,,,,4,5,9,43.0,0.0,SAME,1.0
BPCL,2025-05-12,43.0,43.0,43.0,43.0,43.0,43.0,0.0,0.0,0.0,0.0,0.0,0.0,0.0,0.0,43.0,43.0,43.0,43.0,43.000000000000036,43.00000017652815,0.0,0.0,0.0,0.0,0.0,0.0,0.0,0.0,0.0,43.0,43.0,43.0,43.0,43.0,43.0,,,,0,5,12,43.0,0.0,SAME,1.0
BPCL,2025-05-13,43.0,43.0,43.0,43.0,43.0,43.0,0.0,0.0,0.0,0.0,0.0,0.0,0.0,0.0,43.0,43.0,43.0,43.0,43.00000000000003,43.00000014443212,0.0,0.0,0.0,0.0,0.0,0.0,0.0,0.0,0.0,43.0,43.0,43.0,43.0,43.0,43.0,,,,1,5,13,43.0,0.0,SAME,1.0
BPCL,2025-05-14,43.0,43.0,43.0,43.0,43.0,43.0,0.0,0.0,0.0,0.0,0.0,0.0,0.0,0.0,43.0,43.0,43.0,43.0,43.00000000000002,43.000000118171734,0.0,0.0,0.0,0.0,0.0,0.0,0.0,0.0,0.0,43.0,43.0,43.0,43.0,43.0,43.0,,,,2,5,14,43.0,0.0,SAME,1.0
BPCL,2025-05-15,43.0,43.0,43.0,43.0,43.0,43.0,0.0,0.0,0.0,0.0,0.0,0.0,0.0,0.0,43.0,43.0,43.0,43.0,43.000000000000014,43.000000096685966,0.0,0.0,0.0,0.0,0.0,0.0,0.0,0.0,0.0,43.0,43.0,43.0,43.0,43.0,43.0,,,,3,5,15,43.0,0.0,SAME,1.0
BPCL,2025-05-16,43.0,43.0,43.0,43.0,43.0,43.0,0.0,0.0,0.0,0.0,0.0,0.0,0.0,0.0,43.0,43.0,43.0,43.0,43.000000000000014,43.0000000791067,0.0,0.0,0.0,0.0,0.0,0.0,0.0,0.0,0.0,43.0,43.0,43.0,43.0,43.0,43.0,,,,4,5,16,43.0,0.0,SAME,1.0
BPCL,2025-05-19,43.0,43.0,43.0,43.0,43.0,43.0,0.0,0.0,0.0,0.0,0.0,0.0,0.0,0.0,43.0,43.0,43.0,43.0,43.000000000000014,43.000000064723665,0.0,0.0,0.0,0.0,0.0,0.0,0.0,0.0,0.0,43.0,43.0,43.0,43.0,43.0,43.0,,,,0,5,19,43.0,0.0,SAME,1.0
BPCL,2025-05-20,43.0,43.0,43.0,43.0,43.0,43.0,0.0,0.0,0.0,0.0,0.0,0.0,0.0,0.0,43.0,43.0,43.0,43.0,43.000000000000014,43.00000005295573,0.0,0.0,0.0,0.0,0.0,0.0,0.0,0.0,0.0,43.0,43.0,43.0,43.0,43.0,43.0,,,,1,5,20,43.0,0.0,SAME,1.0
BPCL,2025-05-21,43.0,43.0,43.0,43.0,43.0,43.0,0.0,0.0,0.0,0.0,0.0,0.0,0.0,0.0,43.0,43.0,43.0,43.0,43.000000000000014,43.00000004332741,0.0,0.0,0.0,0.0,0.0,0.0,0.0,0.0,0.0,43.0,43.0,43.0,43.0,43.0,43.0,,,,2,5,21,43.0,0.0,SAME,1.0
BPCL,2025-05-22,43.0,43.0,43.0,43.0,43.0,43.0,0.0,0.0,0.0,0.0,0.0,0.0,0.0,0.0,43.0,43.0,43.0,43.0,43.000000000000014,43.0000000354497,0.0,0.0,0.0,0.0,0.0,0.0,0.0,0.0,0.0,43.0,43.0,43.0,43.0,43.0,43.0,,,,3,5,22,43.0,0.0,SAME,1.0
BPCL,2025-05-23,43.0,43.0,43.0,43.0,43.0,43.0,0.0,0.0,0.0,0.0,0.0,0.0,0.0,0.0,43.0,43.0,43.0,43.0,43.000000000000014,43.0000000290043,0.0,0.0,0.0,0.0,0.0,0.0,0.0,0.0,0.0,43.0,43.0,43.0,43.0,43.0,43.0,,,,4,5,23,43.0,0.0,SAME,1.0
BPCL,2025-05-26,43.0,43.0,43.0,43.0,43.0,43.0,0.0,0.0,0.0,0.0,0.0,0.0,0.0,0.0,43.0,43.0,43.0,43.0,43.000000000000014,43.00000002373079,0.0,0.0,0.0,0.0,0.0,0.0,0.0,0.0,0.0,43.0,43.0,43.0,43.0,43.0,43.0,,,,0,5,26,43.0,0.0,SAME,1.0
BPCL,2025-05-27,43.0,43.0,43.0,43.0,43.0,43.0,0.0,0.0,0.0,0.0,0.0,0.0,0.0,0.0,43.0,43.0,43.0,43.0,43.000000000000014,43.0000000194161,0.0,0.0,0.0,0.0,0.0,0.0,0.0,0.0,0.0,43.0,43.0,43.0,43.0,43.0,43.0,,,,1,5,27,43.0,0.0,SAME,1.0
BPCL,2025-05-28,43.0,43.0,43.0,43.0,43.0,43.0,0.0,0.0,0.0,0.0,0.0,0.0,0.0,0.0,43.0,43.0,43.0,43.0,43.000000000000014,43.000000015885895,0.0,0.0,0.0,0.0,0.0,0.0,0.0,0.0,0.0,43.0,43.0,43.0,43.0,43.0,43.0,,,,2,5,28,43.0,0.0,SAME,1.0
BPCL,2025-05-29,43.0,43.0,43.0,43.0,43.0,43.0,0.0,0.0,0.0,0.0,0.0,0.0,0.0,0.0,43.0,43.0,43.0,43.0,43.000000000000014,43.00000001299755,0.0,0.0,0.0,0.0,0.0,0.0,0.0,0.0,0.0,43.0,43.0,43.0,43.0,43.0,43.0,,,,3,5,29,43.0,0.0,SAME,1.0
BPCL,2025-05-30,43.0,43.0,43.0,43.0,43.0,43.0,0.0,0.0,0.0,0.0,0.0,0.0,0.0,0.0,43.0,43.0,43.0,43.0,43.000000000000014,43.00000001063436,0.0,0.0,0.0,0.0,0.0,0.0,0.0,0.0,0.0,43.0,43.0,43.0,43.0,43.0,43.0,,,,4,5,30,43.0,0.0,SAME,1.0
BPCL,2025-06-02,43.0,43.0,43.0,43.0,43.0,43.0,0.0,0.0,0.0,0.0,0.0,0.0,0.0,0.0,43.0,43.0,43.0,43.0,43.000000000000014,43.00000000870084,0.0,0.0,0.0,0.0,0.0,0.0,0.0,0.0,0.0,43.0,43.0,43.0,43.0,43.0,43.0,,,,0,6,2,43.0,0.0,SAME,1.0
BPCL,2025-06-03,43.0,43.0,43.0,43.0,43.0,43.0,0.0,0.0,0.0,0.0,0.0,0.0,0.0,0.0,43.0,43.0,43.0,43.0,43.000000000000014,43.000000007118864,0.0,0.0,0.0,0.0,0.0,0.0,0.0,0.0,0.0,43.0,43.0,43.0,43.0,43.0,43.0,,,,1,6,3,43.0,0.0,SAME,1.0
BPCL,2025-06-04,43.0,43.0,43.0,43.0,43.0,43.0,0.0,0.0,0.0,0.0,0.0,0.0,0.0,0.0,43.0,43.0,43.0,43.0,43.000000000000014,43.000000005824525,0.0,0.0,0.0,0.0,0.0,0.0,0.0,0.0,0.0,43.0,43.0,43.0,43.0,43.0,43.0,,,,2,6,4,43.0,0.0,SAME,1.0
BPCL,2025-06-05,43.0,43.0,43.0,43.0,43.0,43.0,0.0,0.0,0.0,0.0,0.0,0.0,0.0,0.0,43.0,43.0,43.0,43.0,43.000000000000014,43.00000000476552,0.0,0.0,0.0,0.0,0.0,0.0,0.0,0.0,0.0,43.0,43.0,43.0,43.0,43.0,43.0,,,,3,6,5,43.0,0.0,SAME,1.0
BPCL,2025-06-06,43.0,43.0,43.0,43.0,43.0,43.0,0.0,0.0,0.0,0.0,0.0,0.0,0.0,0.0,43.0,43.0,43.0,43.0,43.000000000000014,43.00000000389906,0.0,0.0,0.0,0.0,0.0,0.0,0.0,0.0,0.0,43.0,43.0,43.0,43.0,43.0,43.0,,,,4,6,6,43.0,0.0,SAME,1.0
BPCL,2025-06-09,43.0,43.0,43.0,43.0,43.0,43.0,0.0,0.0,0.0,0.0,0.0,0.0,0.0,0.0,43.0,43.0,43.0,43.0,43.000000000000014,43.00000000319014,0.0,0.0,0.0,0.0,0.0,0.0,0.0,0.0,0.0,43.0,43.0,43.0,43.0,43.0,43.0,,,,0,6,9,43.0,0.0,SAME,1.0
BPCL,2025-06-10,43.0,43.0,43.0,43.0,43.0,43.0,0.0,0.0,0.0,0.0,0.0,0.0,0.0,0.0,43.0,43.0,43.0,43.0,43.000000000000014,43.000000002610115,0.0,0.0,0.0,0.0,0.0,0.0,0.0,0.0,0.0,43.0,43.0,43.0,43.0,43.0,43.0,,,,1,6,10,43.0,0.0,SAME,1.0
BPCL,2025-06-12,43.0,43.0,43.0,43.0,43.0,43.0,0.0,0.0,0.0,0.0,0.0,0.0,0.0,0.0,43.0,43.0,43.0,43.0,43.000000000000014,43.00000000213555,0.0,0.0,0.0,0.0,0.0,0.0,0.0,0.0,0.0,43.0,43.0,43.0,43.0,43.0,43.0,,,,3,6,12,43.0,0.0,SAME,1.0
BPCL,2025-06-13,43.0,43.0,43.0,43.0,43.0,43.0,0.0,0.0,0.0,0.0,0.0,0.0,0.0,0.0,43.0,43.0,43.0,43.0,43.000000000000014,43.00000000174727,0.0,0.0,0.0,0.0,0.0,0.0,0.0,0.0,0.0,43.0,43.0,43.0,43.0,43.0,43.0,,,,4,6,13,43.0,0.0,SAME,1.0
BPCL,2025-06-16,43.0,43.0,43.0,43.0,43.0,43.0,0.0,0.0,0.0,0.0,0.0,0.0,0.0,0.0,43.0,43.0,43.0,43.0,43.000000000000014,43.000000001429584,0.0,0.0,0.0,0.0,0.0,0.0,0.0,0.0,0.0,43.0,43.0,43.0,43.0,43.0,43.0,,,,0,6,16,43.0,0.0,SAME,1.0
BPCL,2025-06-17,43.0,43.0,43.0,43.0,43.0,43.0,0.0,0.0,0.0,0.0,0.0,0.0,0.0,0.0,43.0,43.0,43.0,43.0,43.000000000000014,43.00000000116966,0.0,0.0,0.0,0.0,0.0,0.0,0.0,0.0,0.0,43.0,43.0,43.0,43.0,43.0,43.0,,,,1,6,17,43.0,0.0,SAME,1.0
BPCL,2025-06-18,43.0,43.0,43.0,43.0,43.0,43.0,0.0,0.0,0.0,0.0,0.0,0.0,0.0,0.0,43.0,43.0,43.0,43.0,43.000000000000014,43.000000000956994,0.0,0.0,0.0,0.0,0.0,0.0,0.0,0.0,0.0,43.0,43.0,43.0,43.0,43.0,43.0,,,,2,6,18,43.0,0.0,SAME,1.0
BPCL,2025-06-19,43.0,43.0,43.0,43.0,43.0,43.0,0.0,0.0,0.0,0.0,0.0,0.0,0.0,0.0,43.0,43.0,43.0,43.0,43.000000000000014,43.000000000783,0.0,0.0,0.0,0.0,0.0,0.0,0.0,0.0,0.0,43.0,43.0,43.0,43.0,43.0,43.0,,,,3,6,19,43.0,0.0,SAME,1.0
BPCL,2025-06-20,43.0,43.0,43.0,43.0,43.0,43.0,0.0,0.0,0.0,0.0,0.0,0.0,0.0,0.0,43.0,43.0,43.0,43.0,43.000000000000014,43.00000000064063,0.0,0.0,0.0,0.0,0.0,0.0,0.0,0.0,0.0,43.0,43.0,43.0,43.0,43.0,43.0,,,,4,6,20,43.0,0.0,SAME,1.0
BPCL,2025-06-23,43.0,43.0,43.0,43.0,43.0,43.0,0.0,0.0,0.0,0.0,0.0,0.0,0.0,0.0,43.0,43.0,43.0,43.0,43.000000000000014,43.00000000052415,0.0,0.0,0.0,0.0,0.0,0.0,0.0,0.0,0.0,43.0,43.0,43.0,43.0,43.0,43.0,,,,0,6,23,43.0,0.0,SAME,1.0
BPCL,2025-06-24,43.0,43.0,43.0,43.0,43.0,43.0,0.0,0.0,0.0,0.0,0.0,0.0,0.0,0.0,43.0,43.0,43.0,43.0,43.000000000000014,43.000000000428855,0.0,0.0,0.0,0.0,0.0,0.0,0.0,0.0,0.0,43.0,43.0,43.0,43.0,43.0,43.0,,,,1,6,24,43.0,0.0,SAME,1.0
BPCL,2025-06-25,43.0,43.0,43.0,43.0,43.0,43.0,0.0,0.0,0.0,0.0,0.0,0.0,0.0,0.0,43.0,43.0,43.0,43.0,43.000000000000014,43.00000000035088,0.0,0.0,0.0,0.0,0.0,0.0,0.0,0.0,0.0,43.0,43.0,43.0,43.0,43.0,43.0,,,,2,6,25,43.0,0.0,SAME,1.0
BPCL,2025-06-26,43.0,43.0,43.0,43.0,43.0,43.0,0.0,0.0,0.0,0.0,0.0,0.0,0.0,0.0,43.0,43.0,43.0,43.0,43.000000000000014,43.00000000028708,0.0,0.0,0.0,0.0,0.0,0.0,0.0,0.0,0.0,43.0,43.0,43.0,43.0,43.0,43.0,,,,3,6,26,43.0,0.0,SAME,1.0
BPCL,2025-06-27,43.0,43.0,43.0,43.0,43.0,43.0,0.0,0.0,0.0,0.0,0.0,0.0,0.0,0.0,43.0,43.0,43.0,43.0,43.000000000000014,43.000000000234884,0.0,0.0,0.0,0.0,0.0,0.0,0.0,0.0,0.0,43.0,43.0,43.0,43.0,43.0,43.0,,,,4,6,27,43.0,0.0,SAME,1.0
BPCL,2025-06-30,43.0,43.0,43.0,43.0,43.0,43.0,0.0,0.0,0.0,0.0,0.0,0.0,0.0,0.0,43.0,43.0,43.0,43.0,43.000000000000014,43.00000000019218,0.0,0.0,0.0,0.0,0.0,0.0,0.0,0.0,0.0,43.0,43.0,43.0,43.0,43.0,43.0,,,,0,6,30,43.0,0.0,SAME,1.0
BPCL,2025-07-01,43.0,43.0,43.0,43.0,43.0,43.0,0.0,0.0,0.0,0.0,0.0,0.0,0.0,0.0,43.0,43.0,43.0,43.0,43.000000000000014,43.000000000157236,0.0,0.0,0.0,0.0,0.0,0.0,0.0,0.0,0.0,43.0,43.0,43.0,43.0,43.0,43.0,,,,1,7,1,43.0,0.0,SAME,1.0
BPCL,2025-07-02,43.0,43.0,43.0,43.0,43.0,43.0,0.0,0.0,0.0,0.0,0.0,0.0,0.0,0.0,43.0,43.0,43.0,43.0,43.000000000000014,43.000000000128644,0.0,0.0,0.0,0.0,0.0,0.0,0.0,0.0,0.0,43.0,43.0,43.0,43.0,43.0,43.0,,,,2,7,2,43.0,0.0,SAME,1.0
BPCL,2025-07-03,43.0,43.0,43.0,43.0,43.0,43.0,0.0,0.0,0.0,0.0,0.0,0.0,0.0,0.0,43.0,43.0,43.0,43.0,43.000000000000014,43.00000000010525,0.0,0.0,0.0,0.0,0.0,0.0,0.0,0.0,0.0,43.0,43.0,43.0,43.0,43.0,43.0,,,,3,7,3,43.0,0.0,SAME,1.0
BPCL,2025-07-04,43.0,43.0,43.0,43.0,43.0,43.0,0.0,0.0,0.0,0.0,0.0,0.0,0.0,0.0,43.0,43.0,43.0,43.0,43.000000000000014,43.00000000008612,0.0,0.0,0.0,0.0,0.0,0.0,0.0,0.0,0.0,43.0,43.0,43.0,43.0,43.0,43.0,,,,4,7,4,43.0,0.0,SAME,1.0
BPCL,2025-07-07,43.0,43.0,43.0,43.0,43.0,43.0,0.0,0.0,0.0,0.0,0.0,0.0,0.0,0.0,43.0,43.0,43.0,43.0,43.000000000000014,43.00000000007046,0.0,0.0,0.0,0.0,0.0,0.0,0.0,0.0,0.0,43.0,43.0,43.0,43.0,43.0,43.0,,,,0,7,7,43.0,0.0,SAME,1.0
BPCL,2025-07-08,43.0,43.0,43.0,43.0,43.0,43.0,0.0,0.0,0.0,0.0,0.0,0.0,0.0,0.0,43.0,43.0,43.0,43.0,43.000000000000014,43.000000000057646,0.0,0.0,0.0,0.0,0.0,0.0,0.0,0.0,0.0,43.0,43.0,43.0,43.0,43.0,43.0,,,,1,7,8,43.0,0.0,SAME,1.0
BPCL,2025-07-09,43.0,43.0,43.0,43.0,43.0,43.0,0.0,0.0,0.0,0.0,0.0,0.0,0.0,0.0,43.0,43.0,43.0,43.0,43.000000000000014,43.000000000047166,0.0,0.0,0.0,0.0,0.0,0.0,0.0,0.0,0.0,43.0,43.0,43.0,43.0,43.0,43.0,,,,2,7,9,43.0,0.0,SAME,1.0
BPCL,2025-07-10,43.0,43.0,43.0,43.0,43.0,43.0,0.0,0.0,0.0,0.0,0.0,0.0,0.0,0.0,43.0,43.0,43.0,43.0,43.000000000000014,43.00000000003859,0.0,0.0,0.0,0.0,0.0,0.0,0.0,0.0,0.0,43.0,43.0,43.0,43.0,43.0,43.0,,,,3,7,10,43.0,0.0,SAME,1.0
BPCL,2025-07-11,43.0,43.0,43.0,43.0,43.0,43.0,0.0,0.0,0.0,0.0,0.0,0.0,0.0,0.0,43.0,43.0,43.0,43.0,43.000000000000014,43.00000000003157,0.0,0.0,0.0,0.0,0.0,0.0,0.0,0.0,0.0,43.0,43.0,43.0,43.0,43.0,43.0,,,,4,7,11,43.0,0.0,SAME,1.0
BPCL,2025-07-14,43.0,43.0,43.0,43.0,43.0,43.0,0.0,0.0,0.0,0.0,0.0,0.0,0.0,0.0,43.0,43.0,43.0,43.0,43.000000000000014,43.00000000002583,0.0,0.0,0.0,0.0,0.0,0.0,0.0,0.0,0.0,43.0,43.0,43.0,43.0,43.0,43.0,,,,0,7,14,42.5,-0.5,DOWN,0.0
BPCL,2025-07-15,42.5,43.0,43.0,43.0,43.0,43.0,-0.5,-0.5,-0.5,-0.011627906976744207,-0.011627906976744207,-0.011627906976744207,-0.011696039763191298,-0.011696039763191298,42.833333333333336,42.9,42.95,42.75,42.83333333333334,42.90909090911204,0.006713375223151613,0.00520015808720887,0.0036770670467092337,-0.5,-0.011627906976744186,-0.5,-0.011627906976744186,-0.5,-0.011627906976744186,42.5,43.0,42.5,43.0,42.5,43.0,0.0,0.0,0.0,1,7,15,42.5,0.0,SAME,1.0
BPCL,2025-07-16,42.5,42.5,43.0,43.0,43.0,43.0,0.0,-0.5,-0.5,0.0,-0.011627906976744207,-0.011627906976744207,0.0,-0.011696039763191298,42.666666666666664,42.8,42.9,42.625,42.72222222222223,42.83471074381894,0.006713375223151613,0.00520015808720887,0.0036770670467092337,-0.5,-0.011627906976744186,-0.5,-0.011627906976744186,-0.5,-0.011627906976744186,42.5,43.0,42.5,43.0,42.5,43.0,0.0,0.0,0.0,2,7,16,42.5,0.0,SAME,1.0
BPCL,2025-07-17,42.5,42.5,42.5,43.0,43.0,43.0,0.0,0.0,-0.5,0.0,0.0,-0.011627906976744207,0.0,0.0,42.5,42.7,42.85,42.5625,42.64814814814815,42.77385424494276,0.006713375223151613,0.00520015808720887,0.0036770670467092337,-0.5,-0.011627906976744186,-0.5,-0.011627906976744186,-0.5,-0.011627906976744186,42.5,42.5,42.5,43.0,42.5,43.0,,0.0,0.0,3,7,17,42.5,0.0,SAME,1.0
BPCL,2025-07-18,42.5,42.5,42.5,42.5,43.0,43.0,0.0,0.0,0.0,0.0,0.0,0.0,0.0,0.0,42.5,42.6,42.8,42.53125,42.59876543209877,42.724062564044075,0.0,0.00520015808720887,0.0036770670467092337,0.0,0.0,-0.5,-0.011627906976744186,-0.5,-0.011627906976744186,42.5,42.5,42.5,43.0,42.5,43.0,,0.0,0.0,4,7,18,42.5,0.0,SAME,1.0
BPCL,2025-07-21,42.5,42.5,42.5,42.5,43.0,43.0,0.0,0.0,0.0,0.0,0.0,0.0,0.0,0.0,42.5,42.5,42.75,42.515625,42.56584362139918,42.68332391603606,0.0,0.00520015808720887,0.0036770670467092337,0.0,0.0,-0.5,-0.011627906976744186,-0.5,-0.011627906976744186,42.5,42.5,42.5,42.5,42.5,43.0,,,0.0,0,7,21,42.5,0.0,SAME,1.0
BPCL,2025-07-22,42.5,42.5,42.5,42.5,42.5,43.0,0.0,0.0,0.0,0.0,0.0,0.0,0.0,0.0,42.5,42.5,42.7,42.5078125,42.54389574759946,42.64999229493859,0.0,0.0,0.0036770670467092337,0.0,0.0,0.0,0.0,-0.5,-0.011627906976744186,42.5,42.5,42.5,42.5,42.5,43.0,,,0.0,1,7,22,42.5,0.0,SAME,1.0
BPCL,2025-07-23,42.5,42.5,42.5,42.5,42.5,43.0,0.0,0.0,0.0,0.0,0.0,0.0,0.0,0.0,42.5,42.5,42.65,42.50390625,42.529263831732976,42.622720968586115,0.0,0.0,0.0036770670467092337,0.0,0.0,0.0,0.0,-0.5,-0.011627906976744186,42.5,42.5,42.5,42.5,42.5,43.0,,,0.0,2,7,23,42.5,0.0,SAME,1.0
BPCL,2025-07-24,42.5,42.5,42.5,42.5,42.5,43.0,0.0,0.0,0.0,0.0,0.0,0.0,0.0,0.0,42.5,42.5,42.6,42.501953125,42.51950922115532,42.60040806520682,0.0,0.0,0.0036770670467092337,0.0,0.0,0.0,0.0,-0.5,-0.011627906976744186,42.5,42.5,42.5,42.5,42.5,43.0,,,0.0,3,7,24,42.5,0.0,SAME,1.0
BPCL,2025-07-25,42.5,42.5,42.5,42.5,42.5,43.0,0.0,0.0,0.0,0.0,0.0,0.0,0.0,0.0,42.5,42.5,42.55,42.5009765625,42.51300614743688,42.58215205335103,0.0,0.0,0.0036770670467092337,0.0,0.0,0.0,0.0,-0.5,-0.011627906976744186,42.5,42.5,42.5,42.5,42.5,43.0,,,0.0,4,7,25,42.5,0.0,SAME,1.0
BPCL,2025-07-29,42.5,42.5,42.5,42.5,42.5,43.0,0.0,0.0,0.0,0.0,0.0,0.0,0.0,0.0,42.5,42.5,42.5,42.50048828125,42.50867076495793,42.56721531637811,0.0,0.0,0.0036770670467092337,0.0,0.0,0.0,0.0,-0.5,-0.011627906976744186,42.5,42.5,42.5,42.5,42.5,42.5,,,,1,7,29,42.5,0.0,SAME,1.0
BPCL,2025-07-30,42.5,42.5,42.5,42.5,42.5,42.5,0.0,0.0,0.0,0.0,0.0,0.0,0.0,0.0,42.5,42.5,42.5,42.500244140625,42.505780509971956,42.5549943497639,0.0,0.0,0.0,0.0,0.0,0.0,0.0,0.0,0.0,42.5,42.5,42.5,42.5,42.5,42.5,,,,2,7,30,42.5,0.0,SAME,1.0
BPCL,2025-07-31,42.5,42.5,42.5,42.5,42.5,42.5,0.0,0.0,0.0,0.0,0.0,0.0,0.0,0.0,42.5,42.5,42.5,42.5001220703125,42.50385367331464,42.54499537707955,0.0,0.0,0.0,0.0,0.0,0.0,0.0,0.0,0.0,42.5,42.5,42.5,42.5,42.5,42.5,,,,3,7,31,42.5,0.0,SAME,1.0
BPCL,2025-08-01,42.5,42.5,42.5,42.5,42.5,42.5,0.0,0.0,0.0,0.0,0.0,0.0,0.0,0.0,42.5,42.5,42.5,42.50006103515625,42.502569115543096,42.53681439942872,0.0,0.0,0.0,0.0,0.0,0.0,0.0,0.0,0.0,42.5,42.5,42.5,42.5,42.5,42.5,,,,4,8,1,42.5,0.0,SAME,1.0
BPCL,2025-08-04,42.5,42.5,42.5,42.5,42.5,42.5,0.0,0.0,0.0,0.0,0.0,0.0,0.0,0.0,42.5,42.5,42.5,42.500030517578125,42.5017127436954,42.53012087225986,0.0,0.0,0.0,0.0,0.0,0.0,0.0,0.0,0.0,42.5,42.5,42.5,42.5,42.5,42.5,,,,0,8,4,42.5,0.0,SAME,1.0
BPCL,2025-08-05,42.5,42.5,42.5,42.5,42.5,42.5,0.0,0.0,0.0,0.0,0.0,0.0,0.0,0.0,42.5,42.5,42.5,42.50001525878906,42.50114182913027,42.52464435003079,0.0,0.0,0.0,0.0,0.0,0.0,0.0,0.0,0.0,42.5,42.5,42.5,42.5,42.5,42.5,,,,1,8,5,42.5,0.0,SAME,1.0
BPCL,2025-08-06,42.5,42.5,42.5,42.5,42.5,42.5,0.0,0.0,0.0,0.0,0.0,0.0,0.0,0.0,42.5,42.5,42.5,42.50000762939453,42.500761219420184,42.5201635591161,0.0,0.0,0.0,0.0,0.0,0.0,0.0,0.0,0.0,42.5,42.5,42.5,42.5,42.5,42.5,,,,2,8,6,42.5,0.0,SAME,1.0
BPCL,2025-08-07,42.5,42.5,42.5,42.5,42.5,42.5,0.0,0.0,0.0,0.0,0.0,0.0,0.0,0.0,42.5,42.5,42.5,42.500003814697266,42.50050747961346,42.51649745745863,0.0,0.0,0.0,0.0,0.0,0.0,0.0,0.0,0.0,42.5,42.5,42.5,42.5,42.5,42.5,,,,3,8,7,42.5,0.0,SAME,1.0
BPCL,2025-08-08,42.5,42.5,42.5,42.5,42.5,42.5,0.0,0.0,0.0,0.0,0.0,0.0,0.0,0.0,42.5,42.5,42.5,42.50000190734863,42.50033831974231,42.513497919738874,0.0,0.0,0.0,0.0,0.0,0.0,0.0,0.0,0.0,42.5,42.5,42.5,42.5,42.5,42.5,,,,4,8,8,42.5,0.0,SAME,1.0
BPCL,2025-08-11,42.5,42.5,42.5,42.5,42.5,42.5,0.0,0.0,0.0,0.0,0.0,0.0,0.0,0.0,42.5,42.5,42.5,42.500000953674316,42.500225546494875,42.51104375251362,0.0,0.0,0.0,0.0,0.0,0.0,0.0,0.0,0.0,42.5,42.5,42.5,42.5,42.5,42.5,,,,0,8,11,42.5,0.0,SAME,1.0
BPCL,2025-08-12,42.5,42.5,42.5,42.5,42.5,42.5,0.0,0.0,0.0,0.0,0.0,0.0,0.0,0.0,42.5,42.5,42.5,42.50000047683716,42.50015036432992,42.50903579751114,0.0,0.0,0.0,0.0,0.0,0.0,0.0,0.0,0.0,42.5,42.5,42.5,42.5,42.5,42.5,,,,1,8,12,42.5,0.0,SAME,1.0
BPCL,2025-08-13,42.5,42.5,42.5,42.5,42.5,42.5,0.0,0.0,0.0,0.0,0.0,0.0,0.0,0.0,42.5,42.5,42.5,42.50000023841858,42.50010024288662,42.50739292523638,0.0,0.0,0.0,0.0,0.0,0.0,0.0,0.0,0.0,42.5,42.5,42.5,42.5,42.5,42.5,,,,2,8,13,42.5,0.0,SAME,1.0
BPCL,2025-08-14,42.5,42.5,42.5,42.5,42.5,42.5,0.0,0.0,0.0,0.0,0.0,0.0,0.0,0.0,42.5,42.5,42.5,42.50000011920929,42.50006682859108,42.506048757011584,0.0,0.0,0.0,0.0,0.0,0.0,0.0,0.0,0.0,42.5,42.5,42.5,42.5,42.5,42.5,,,,3,8,14,42.5,0.0,SAME,1.0
BPCL,2025-08-15,42.5,42.5,42.5,42.5,42.5,42.5,0.0,0.0,0.0,0.0,0.0,0.0,0.0,0.0,42.5,42.5,42.5,42.500000059604645,42.50004455239406,42.50494898300948,0.0,0.0,0.0,0.0,0.0,0.0,0.0,0.0,0.0,42.5,42.5,42.5,42.5,42.5,42.5,,,,4,8,15,42.5,0.0,SAME,1.0
BPCL,2025-08-18,42.5,42.5,42.5,42.5,42.5,42.5,0.0,0.0,0.0,0.0,0.0,0.0,0.0,0.0,42.5,42.5,42.5,42.50000002980232,42.50002970159604,42.50404916791684,0.0,0.0,0.0,0.0,0.0,0.0,0.0,0.0,0.0,42.5,42.5,42.5,42.5,42.5,42.5,,,,0,8,18,42.5,0.0,SAME,1.0
BPCL,2025-08-19,42.5,42.5,42.5,42.5,42.5,42.5,0.0,0.0,0.0,0.0,0.0,0.0,0.0,0.0,42.5,42.5,42.5,42.50000001490116,42.50001980106403,42.50331295556832,0.0,0.0,0.0,0.0,0.0,0.0,0.0,0.0,0.0,42.5,42.5,42.5,42.5,42.5,42.5,,,,1,8,19,42.5,0.0,SAME,1.0
BPCL,2025-08-20,42.5,42.5,42.5,42.5,42.5,42.5,0.0,0.0,0.0,0.0,0.0,0.0,0.0,0.0,42.5,42.5,42.5,42.50000000745058,42.500013200709354,42.50271060001044,0.0,0.0,0.0,0.0,0.0,0.0,0.0,0.0,0.0,42.5,42.5,42.5,42.5,42.5,42.5,,,,2,8,20,42.5,0.0,SAME,1.0
BPCL,2025-08-21,42.5,42.5,42.5,42.5,42.5,42.5,0.0,0.0,0.0,0.0,0.0,0.0,0.0,0.0,42.5,42.5,42.5,42.50000000372529,42.500008800472905,42.5022177636449,0.0,0.0,0.0,0.0,0.0,0.0,0.0,0.0,0.0,42.5,42.5,42.5,42.5,42.5,42.5,,,,3,8,21,42.5,0.0,SAME,1.0
BPCL,2025-08-22,42.5,42.5,42.5,42.5,42.5,42.5,0.0,0.0,0.0,0.0,0.0,0.0,0.0,0.0,42.5,42.5,42.5,42.500000001862645,42.50000586698194,42.50181453389128,0.0,0.0,0.0,0.0,0.0,0.0,0.0,0.0,0.0,42.5,42.5,42.5,42.5,42.5,42.5,,,,4,8,22,42.5,0.0,SAME,1.0
BPCL,2025-08-25,42.5,42.5,42.5,42.5,42.5,42.5,0.0,0.0,0.0,0.0,0.0,0.0,0.0,0.0,42.5,42.5,42.5,42.50000000093132,42.50000391132129,42.501484618638315,0.0,0.0,0.0,0.0,0.0,0.0,0.0,0.0,0.0,42.5,42.5,42.5,42.5,42.5,42.5,,,,0,8,25,42.5,0.0,SAME,1.0
BPCL,2025-08-26,42.5,42.5,42.5,42.5,42.5,42.5,0.0,0.0,0.0,0.0,0.0,0.0,0.0,0.0,42.5,42.5,42.5,42.50000000046566,42.50000260754753,42.5012146879768,0.0,0.0,0.0,0.0,0.0,0.0,0.0,0.0,0.0,42.5,42.5,42.5,42.5,42.5,42.5,,,,1,8,26,42.5,0.0,SAME,1.0
BPCL,2025-08-27,42.5,42.5,42.5,42.5,42.5,42.5,0.0,0.0,0.0,0.0,0.0,0.0,0.0,0.0,42.5,42.5,42.5,42.50000000023283,42.50000173836502,42.50099383561738,0.0,0.0,0.0,0.0,0.0,0.0,0.0,0.0,0.0,42.5,42.5,42.5,42.5,42.5,42.5,,,,2,8,27,42.5,0.0,SAME,1.0
BPCL,2025-08-28,42.5,42.5,42.5,42.5,42.5,42.5,0.0,0.0,0.0,0.0,0.0,0.0,0.0,0.0,42.5,42.5,42.5,42.500000000116415,42.50000115891002,42.500813138232395,0.0,0.0,0.0,0.0,0.0,0.0,0.0,0.0,0.0,42.5,42.5,42.5,42.5,42.5,42.5,,,,3,8,28,42.5,0.0,SAME,1.0
BPCL,2025-08-29,42.5,42.5,42.5,42.5,42.5,42.5,0.0,0.0,0.0,0.0,0.0,0.0,0.0,0.0,42.5,42.5,42.5,42.50000000005821,42.50000077260668,42.50066529491741,0.0,0.0,0.0,0.0,0.0,0.0,0.0,0.0,0.0,42.5,42.5,42.5,42.5,42.5,42.5,,,,4,8,29,42.5,0.0,SAME,1.0
BPCL,2025-09-01,42.5,42.5,42.5,42.5,42.5,42.5,0.0,0.0,0.0,0.0,0.0,0.0,0.0,0.0,42.5,42.5,42.5,42.500000000029104,42.50000051507112,42.50054433220515,0.0,0.0,0.0,0.0,0.0,0.0,0.0,0.0,0.0,42.5,42.5,42.5,42.5,42.5,42.5,,,,0,9,1,42.5,0.0,SAME,1.0
BPCL,2025-09-02,42.5,42.5,42.5,42.5,42.5,42.5,0.0,0.0,0.0,0.0,0.0,0.0,0.0,0.0,42.5,42.5,42.5,42.50000000001455,42.50000034338075,42.5004453627133,0.0,0.0,0.0,0.0,0.0,0.0,0.0,0.0,0.0,42.5,42.5,42.5,42.5,42.5,42.5,,,,1,9,2,42.5,0.0,SAME,1.0
BPCL,2025-09-03,42.5,42.5,42.5,42.5,42.5,42.5,0.0,0.0,0.0,0.0,0.0,0.0,0.0,0.0,42.5,42.5,42.5,42.500000000007276,42.5000002289205,42.500364387674516,0.0,0.0,0.0,0.0,0.0,0.0,0.0,0.0,0.0,42.5,42.5,42.5,42.5,42.5,42.5,,,,2,9,3,42.5,0.0,SAME,1.0
BPCL,2025-09-04,42.5,42.5,42.5,42.5,42.5,42.5,0.0,0.0,0.0,0.0,0.0,0.0,0.0,0.0,42.5,42.5,42.5,42.50000000000364,42.500000152613666,42.50029813537005,0.0,0.0,0.0,0.0,0.0,0.0,0.0,0.0,0.0,42.5,42.5,42.5,42.5,42.5,42.5,,,,3,9,4,42.5,0.0,SAME,1.0
BPCL,2025-09-05,42.5,42.5,42.5,42.5,42.5,42.5,0.0,0.0,0.0,0.0,0.0,0.0,0.0,0.0,42.5,42.5,42.5,42.50000000000182,42.500000101742444,42.50024392893913,0.0,0.0,0.0,0.0,0.0,0.0,0.0,0.0,0.0,42.5,42.5,42.5,42.5,42.5,42.5,,,,4,9,5,42.5,0.0,SAME,1.0
BPCL,2025-09-08,42.5,42.5,42.5,42.5,42.5,42.5,0.0,0.0,0.0,0.0,0.0,0.0,0.0,0.0,42.5,42.5,42.5,42.50000000000091,42.500000067828296,42.50019957822292,0.0,0.0,0.0,0.0,0.0,0.0,0.0,0.0,0.0,42.5,42.5,42.5,42.5,42.5,42.5,,,,0,9,8,42.5,0.0,SAME,1.0
BPCL,2025-09-09,42.5,42.5,42.5,42.5,42.5,42.5,0.0,0.0,0.0,0.0,0.0,0.0,0.0,0.0,42.5,42.5,42.5,42.500000000000455,42.50000004521887,42.500163291273296,0.0,0.0,0.0,0.0,0.0,0.0,0.0,0.0,0.0,42.5,42.5,42.5,42.5,42.5,42.5,,,,1,9,9,42.5,0.0,SAME,1.0
BPCL,2025-09-10,42.5,42.5,42.5,42.5,42.5,42.5,0.0,0.0,0.0,0.0,0.0,0.0,0.0,0.0,42.5,42.5,42.5,42.50000000000023,42.50000003014591,42.50013360195088,0.0,0.0,0.0,0.0,0.0,0.0,0.0,0.0,0.0,42.5,42.5,42.5,42.5,42.5,42.5,,,,2,9,10,42.5,0.0,SAME,1.0
BPCL,2025-09-11,42.5,42.5,42.5,42.5,42.5,42.5,0.0,0.0,0.0,0.0,0.0,0.0,0.0,0.0,42.5,42.5,42.5,42.500000000000114,42.500000020097275,42.50010931068708,0.0,0.0,0.0,0.0,0.0,0.0,0.0,0.0,0.0,42.5,42.5,42.5,42.5,42.5,42.5,,,,3,9,11,42.5,0.0,SAME,1.0
BPCL,2025-09-12,42.5,42.5,42.5,42.5,42.5,42.5,0.0,0.0,0.0,0.0,0.0,0.0,0.0,0.0,42.5,42.5,42.5,42.50000000000006,42.500000013398186,42.5000894360167,0.0,0.0,0.0,0.0,0.0,0.0,0.0,0.0,0.0,42.5,42.5,42.5,42.5,42.5,42.5,,,,4,9,12,42.5,0.0,SAME,1.0
BPCL,2025-09-15,42.5,42.5,42.5,42.5,42.5,42.5,0.0,0.0,0.0,0.0,0.0,0.0,0.0,0.0,42.5,42.5,42.5,42.50000000000003,42.500000008932126,42.500073174922754,0.0,0.0,0.0,0.0,0.0,0.0,0.0,0.0,0.0,42.5,42.5,42.5,42.5,42.5,42.5,,,,0,9,15,42.5,0.0,SAME,1.0
BPCL,2025-09-16,42.5,42.5,42.5,42.5,42.5,42.5,0.0,0.0,0.0,0.0,0.0,0.0,0.0,0.0,42.5,42.5,42.5,42.500000000000014,42.50000000595475,42.50005987039134,0.0,0.0,0.0,0.0,0.0,0.0,0.0,0.0,0.0,42.5,42.5,42.5,42.5,42.5,42.5,,,,1,9,16,42.5,0.0,SAME,1.0
BPCL,2025-09-17,42.5,42.5,42.5,42.5,42.5,42.5,0.0,0.0,0.0,0.0,0.0,0.0,0.0,0.0,42.5,42.5,42.5,42.50000000000001,42.50000000396984,42.500048984865636,0.0,0.0,0.0,0.0,0.0,0.0,0.0,0.0,0.0,42.5,42.5,42.5,42.5,42.5,42.5,,,,2,9,17,42.5,0.0,SAME,1.0
BPCL,2025-09-18,42.5,42.5,42.5,42.5,42.5,42.5,0.0,0.0,0.0,0.0,0.0,0.0,0.0,0.0,42.5,42.5,42.5,42.5,42.50000000264656,42.500040078526425,0.0,0.0,0.0,0.0,0.0,0.0,0.0,0.0,0.0,42.5,42.5,42.5,42.5,42.5,42.5,,,,3,9,18,42.5,0.0,SAME,1.0
BPCL,2025-09-19,42.5,42.5,42.5,42.5,42.5,42.5,0.0,0.0,0.0,0.0,0.0,0.0,0.0,0.0,42.5,42.5,42.5,42.5,42.50000000176438,42.50003279152162,0.0,0.0,0.0,0.0,0.0,0.0,0.0,0.0,0.0,42.5,42.5,42.5,42.5,42.5,42.5,,,,4,9,19,42.5,0.0,SAME,1.0
BPCL,2025-09-22,42.5,42.5,42.5,42.5,42.5,42.5,0.0,0.0,0.0,0.0,0.0,0.0,0.0,0.0,42.5,42.5,42.5,42.5,42.500000001176254,42.50002682942677,0.0,0.0,0.0,0.0,0.0,0.0,0.0,0.0,0.0,42.5,42.5,42.5,42.5,42.5,42.5,,,,0,9,22,42.5,0.0,SAME,1.0
BPCL,2025-09-24,42.5,42.5,42.5,42.5,42.5,42.5,0.0,0.0,0.0,0.0,0.0,0.0,0.0,0.0,42.5,42.5,42.5,42.5,42.50000000078417,42.500021951349176,0.0,0.0,0.0,0.0,0.0,0.0,0.0,0.0,0.0,42.5,42.5,42.5,42.5,42.5,42.5,,,,2,9,24,42.5,0.0,SAME,1.0
BPCL,2025-09-25,42.5,42.5,42.5,42.5,42.5,42.5,0.0,0.0,0.0,0.0,0.0,0.0,0.0,0.0,42.5,42.5,42.5,42.5,42.50000000052278,42.500017960194775,0.0,0.0,0.0,0.0,0.0,0.0,0.0,0.0,0.0,42.5,42.5,42.5,42.5,42.5,42.5,,,,3,9,25,42.5,0.0,SAME,1.0
BPCL,2025-09-26,42.5,42.5,42.5,42.5,42.5,42.5,0.0,0.0,0.0,0.0,0.0,0.0,0.0,0.0,42.5,42.5,42.5,42.5,42.50000000034852,42.50001469470481,0.0,0.0,0.0,0.0,0.0,0.0,0.0,0.0,0.0,42.5,42.5,42.5,42.5,42.5,42.5,,,,4,9,26,42.5,0.0,SAME,1.0
BPCL,2025-09-29,42.5,42.5,42.5,42.5,42.5,42.5,0.0,0.0,0.0,0.0,0.0,0.0,0.0,0.0,42.5,42.5,42.5,42.5,42.50000000023235,42.5000120229403,0.0,0.0,0.0,0.0,0.0,0.0,0.0,0.0,0.0,42.5,42.5,42.5,42.5,42.5,42.5,,,,0,9,29,42.5,0.0,SAME,1.0
BPCL,2025-09-30,42.5,42.5,42.5,42.5,42.5,42.5,0.0,0.0,0.0,0.0,0.0,0.0,0.0,0.0,42.5,42.5,42.5,42.5,42.5000000001549,42.50000983695115,0.0,0.0,0.0,0.0,0.0,0.0,0.0,0.0,0.0,42.5,42.5,42.5,42.5,42.5,42.5,,,,1,9,30,42.5,0.0,SAME,1.0
BPCL,2025-10-01,42.5,42.5,42.5,42.5,42.5,42.5,0.0,0.0,0.0,0.0,0.0,0.0,0.0,0.0,42.5,42.5,42.5,42.5,42.50000000010327,42.50000804841457,0.0,0.0,0.0,0.0,0.0,0.0,0.0,0.0,0.0,42.5,42.5,42.5,42.5,42.5,42.5,,,,2,10,1,42.5,0.0,SAME,1.0
BPCL,2025-10-06,42.5,42.5,42.5,42.5,42.5,42.5,0.0,0.0,0.0,0.0,0.0,0.0,0.0,0.0,42.5,42.5,42.5,42.5,42.50000000006885,42.500006585066465,0.0,0.0,0.0,0.0,0.0,0.0,0.0,0.0,0.0,42.5,42.5,42.5,42.5,42.5,42.5,,,,0,10,6,42.5,0.0,SAME,1.0
BPCL,2025-10-07,42.5,42.5,42.5,42.5,42.5,42.5,0.0,0.0,0.0,0.0,0.0,0.0,0.0,0.0,42.5,42.5,42.5,42.5,42.5000000000459,42.50000538778165,0.0,0.0,0.0,0.0,0.0,0.0,0.0,0.0,0.0,42.5,42.5,42.5,42.5,42.5,42.5,,,,1,10,7,42.5,0.0,SAME,1.0
BPCL,2025-10-08,42.5,42.5,42.5,42.5,42.5,42.5,0.0,0.0,0.0,0.0,0.0,0.0,0.0,0.0,42.5,42.5,42.5,42.5,42.5000000000306,42.500004408184985,0.0,0.0,0.0,0.0,0.0,0.0,0.0,0.0,0.0,42.5,42.5,42.5,42.5,42.5,42.5,,,,2,10,8,42.5,0.0,SAME,1.0
BPCL,2025-10-09,42.5,42.5,42.5,42.5,42.5,42.5,0.0,0.0,0.0,0.0,0.0,0.0,0.0,0.0,42.5,42.5,42.5,42.5,42.50000000002041,42.5000036066968,0.0,0.0,0.0,0.0,0.0,0.0,0.0,0.0,0.0,42.5,42.5,42.5,42.5,42.5,42.5,,,,3,10,9,42.5,0.0,SAME,1.0
BPCL,2025-10-10,42.5,42.5,42.5,42.5,42.5,42.5,0.0,0.0,0.0,0.0,0.0,0.0,0.0,0.0,42.5,42.5,42.5,42.5,42.50000000001361,42.50000295093374,0.0,0.0,0.0,0.0,0.0,0.0,0.0,0.0,0.0,42.5,42.5,42.5,42.5,42.5,42.5,,,,4,10,10,42.5,0.0,SAME,1.0
BPCL,2025-10-13,42.5,42.5,42.5,42.5,42.5,42.5,0.0,0.0,0.0,0.0,0.0,0.0,0.0,0.0,42.5,42.5,42.5,42.5,42.500000000009074,42.50000241440033,0.0,0.0,0.0,0.0,0.0,0.0,0.0,0.0,0.0,42.5,42.5,42.5,42.5,42.5,42.5,,,,0,10,13,42.5,0.0,SAME,1.0
BPCL,2025-10-14,42.5,42.5,42.5,42.5,42.5,42.5,0.0,0.0,0.0,0.0,0.0,0.0,0.0,0.0,42.5,42.5,42.5,42.5,42.500000000006054,42.50000197541845,0.0,0.0,0.0,0.0,0.0,0.0,0.0,0.0,0.0,42.5,42.5,42.5,42.5,42.5,42.5,,,,1,10,14,42.5,0.0,SAME,1.0
BPCL,2025-10-15,42.5,42.5,42.5,42.5,42.5,42.5,0.0,0.0,0.0,0.0,0.0,0.0,0.0,0.0,42.5,42.5,42.5,42.5,42.500000000004036,42.50000161625145,0.0,0.0,0.0,0.0,0.0,0.0,0.0,0.0,0.0,42.5,42.5,42.5,42.5,42.5,42.5,,,,2,10,15,42.5,0.0,SAME,1.0
BPCL,2025-10-16,42.5,42.5,42.5,42.5,42.5,42.5,0.0,0.0,0.0,0.0,0.0,0.0,0.0,0.0,42.5,42.5,42.5,42.5,42.50000000000269,42.50000132238755,0.0,0.0,0.0,0.0,0.0,0.0,0.0,0.0,0.0,42.5,42.5,42.5,42.5,42.5,42.5,,,,3,10,16,42.5,0.0,SAME,1.0
BPCL,2025-10-17,42.5,42.5,42.5,42.5,42.5,42.5,0.0,0.0,0.0,0.0,0.0,0.0,0.0,0.0,42.5,42.5,42.5,42.5,42.5000000000018,42.50000108195344,0.0,0.0,0.0,0.0,0.0,0.0,0.0,0.0,0.0,42.5,42.5,42.5,42.5,42.5,42.5,,,,4,10,17,42.5,0.0,SAME,1.0
BPCL,2025-10-20,42.5,42.5,42.5,42.5,42.5,42.5,0.0,0.0,0.0,0.0,0.0,0.0,0.0,0.0,42.5,42.5,42.5,42.5,42.5000000000012,42.500000885234634,0.0,0.0,0.0,0.0,0.0,0.0,0.0,0.0,0.0,42.5,42.5,42.5,42.5,42.5,42.5,,,,0,10,20,42.5,0.0,SAME,1.0
BPCL,2025-10-21,42.5,42.5,42.5,42.5,42.5,42.5,0.0,0.0,0.0,0.0,0.0,0.0,0.0,0.0,42.5,42.5,42.5,42.5,42.5000000000008,42.50000072428288,0.0,0.0,0.0,0.0,0.0,0.0,0.0,0.0,0.0,42.5,42.5,42.5,42.5,42.5,42.5,,,,1,10,21,42.5,0.0,SAME,1.0
BPCL,2025-10-22,42.5,42.5,42.5,42.5,42.5,42.5,0.0,0.0,0.0,0.0,0.0,0.0,0.0,0.0,42.5,42.5,42.5,42.5,42.50000000000054,42.50000059259508,0.0,0.0,0.0,0.0,0.0,0.0,0.0,0.0,0.0,42.5,42.5,42.5,42.5,42.5,42.5,,,,2,10,22,42.5,0.0,SAME,1.0
BPCL,2025-10-23,42.5,42.5,42.5,42.5,42.5,42.5,0.0,0.0,0.0,0.0,0.0,0.0,0.0,0.0,42.5,42.5,42.5,42.5,42.50000000000036,42.50000048485052,0.0,0.0,0.0,0.0,0.0,0.0,0.0,0.0,0.0,42.5,42.5,42.5,42.5,42.5,42.5,,,,3,10,23,42.5,0.0,SAME,1.0
BPCL,2025-10-24,42.5,42.5,42.5,42.5,42.5,42.5,0.0,0.0,0.0,0.0,0.0,0.0,0.0,0.0,42.5,42.5,42.5,42.5,42.50000000000024,42.500000396695874,0.0,0.0,0.0,0.0,0.0,0.0,0.0,0.0,0.0,42.5,42.5,42.5,42.5,42.5,42.5,,,,4,10,24,42.5,0.0,SAME,1.0
BPCL,2025-10-27,42.5,42.5,42.5,42.5,42.5,42.5,0.0,0.0,0.0,0.0,0.0,0.0,0.0,0.0,42.5,42.5,42.5,42.5,42.50000000000016,42.50000032456935,0.0,0.0,0.0,0.0,0.0,0.0,0.0,0.0,0.0,42.5,42.5,42.5,42.5,42.5,42.5,,,,0,10,27,42.5,0.0,SAME,1.0
BPCL,2025-10-28,42.5,42.5,42.5,42.5,42.5,42.5,0.0,0.0,0.0,0.0,0.0,0.0,0.0,0.0,42.5,42.5,42.5,42.5,42.500000000000114,42.500000265556736,0.0,0.0,0.0,0.0,0.0,0.0,0.0,0.0,0.0,42.5,42.5,42.5,42.5,42.5,42.5,,,,1,10,28,42.5,0.0,SAME,1.0
BPCL,2025-10-29,42.5,42.5,42.5,42.5,42.5,42.5,0.0,0.0,0.0,0.0,0.0,0.0,0.0,0.0,42.5,42.5,42.5,42.5,42.50000000000008,42.50000021727369,0.0,0.0,0.0,0.0,0.0,0.0,0.0,0.0,0.0,42.5,42.5,42.5,42.5,42.5,42.5,,,,2,10,29,42.5,0.0,SAME,1.0
BPCL,2025-10-30,42.5,42.5,42.5,42.5,42.5,42.5,0.0,0.0,0.0,0.0,0.0,0.0,0.0,0.0,42.5,42.5,42.5,42.5,42.50000000000006,42.50000017776938,0.0,0.0,0.0,0.0,0.0,0.0,0.0,0.0,0.0,42.5,42.5,42.5,42.5,42.5,42.5,,,,3,10,30,42.5,0.0,SAME,1.0
BPCL,2025-10-31,42.5,42.5,42.5,42.5,42.5,42.5,0.0,0.0,0.0,0.0,0.0,0.0,0.0,0.0,42.5,42.5,42.5,42.5,42.50000000000004,42.50000014544767,0.0,0.0,0.0,0.0,0.0,0.0,0.0,0.0,0.0,42.5,42.5,42.5,42.5,42.5,42.5,,,,4,10,31,42.5,0.0,SAME,1.0
BPCL,2025-11-03,42.5,42.5,42.5,42.5,42.5,42.5,0.0,0.0,0.0,0.0,0.0,0.0,0.0,0.0,42.5,42.5,42.5,42.5,42.50000000000003,42.500000119002635,0.0,0.0,0.0,0.0,0.0,0.0,0.0,0.0,0.0,42.5,42.5,42.5,42.5,42.5,42.5,,,,0,11,3,42.5,0.0,SAME,1.0
BPCL,2025-11-04,42.5,42.5,42.5,42.5,42.5,42.5,0.0,0.0,0.0,0.0,0.0,0.0,0.0,0.0,42.5,42.5,42.5,42.5,42.50000000000002,42.50000009736579,0.0,0.0,0.0,0.0,0.0,0.0,0.0,0.0,0.0,42.5,42.5,42.5,42.5,42.5,42.5,,,,1,11,4,42.5,0.0,SAME,1.0
BPCL,2025-11-05,42.5,42.5,42.5,42.5,42.5,42.5,0.0,0.0,0.0,0.0,0.0,0.0,0.0,0.0,42.5,42.5,42.5,42.5,42.500000000000014,42.50000007966292,0.0,0.0,0.0,0.0,0.0,0.0,0.0,0.0,0.0,42.5,42.5,42.5,42.5,42.5,42.5,,,,2,11,5,42.5,0.0,SAME,1.0
BPCL,2025-11-06,42.5,42.5,42.5,42.5,42.5,42.5,0.0,0.0,0.0,0.0,0.0,0.0,0.0,0.0,42.5,42.5,42.5,42.5,42.500000000000014,42.500000065178746,0.0,0.0,0.0,0.0,0.0,0.0,0.0,0.0,0.0,42.5,42.5,42.5,42.5,42.5,42.5,,,,3,11,6,42.5,0.0,SAME,1.0
BPCL,2025-11-07,42.5,42.5,42.5,42.5,42.5,42.5,0.0,0.0,0.0,0.0,0.0,0.0,0.0,0.0,42.5,42.5,42.5,42.5,42.500000000000014,42.50000005332806,0.0,0.0,0.0,0.0,0.0,0.0,0.0,0.0,0.0,42.5,42.5,42.5,42.5,42.5,42.5,,,,4,11,7,42.5,0.0,SAME,1.0
BPCL,2025-11-10,42.5,42.5,42.5,42.5,42.5,42.5,0.0,0.0,0.0,0.0,0.0,0.0,0.0,0.0,42.5,42.5,42.5,42.5,42.500000000000014,42.50000004363204,0.0,0.0,0.0,0.0,0.0,0.0,0.0,0.0,0.0,42.5,42.5,42.5,42.5,42.5,42.5,,,,0,11,10,42.5,0.0,SAME,1.0
BPCL,2025-11-17,42.5,42.5,42.5,42.5,42.5,42.5,0.0,0.0,0.0,0.0,0.0,0.0,0.0,0.0,42.5,42.5,42.5,42.5,42.500000000000014,42.50000003569894,0.0,0.0,0.0,0.0,0.0,0.0,0.0,0.0,0.0,42.5,42.5,42.5,42.5,42.5,42.5,,,,0,11,17,42.5,0.0,SAME,1.0
BPCL,2025-11-18,42.5,42.5,42.5,42.5,42.5,42.5,0.0,0.0,0.0,0.0,0.0,0.0,0.0,0.0,42.5,42.5,42.5,42.5,42.500000000000014,42.500000029208216,0.0,0.0,0.0,0.0,0.0,0.0,0.0,0.0,0.0,42.5,42.5,42.5,42.5,42.5,42.5,,,,1,11,18,42.5,0.0,SAME,1.0
BPCL,2025-11-19,42.5,42.5,42.5,42.5,42.5,42.5,0.0,0.0,0.0,0.0,0.0,0.0,0.0,0.0,42.5,42.5,42.5,42.5,42.500000000000014,42.50000002389763,0.0,0.0,0.0,0.0,0.0,0.0,0.0,0.0,0.0,42.5,42.5,42.5,42.5,42.5,42.5,,,,2,11,19,42.5,0.0,SAME,1.0
BPCL,2025-11-20,42.5,42.5,42.5,42.5,42.5,42.5,0.0,0.0,0.0,0.0,0.0,0.0,0.0,0.0,42.5,42.5,42.5,42.5,42.500000000000014,42.5000000195526,0.0,0.0,0.0,0.0,0.0,0.0,0.0,0.0,0.0,42.5,42.5,42.5,42.5,42.5,42.5,,,,3,11,20,42.5,0.0,SAME,1.0
BPCL,2025-11-21,42.5,42.5,42.5,42.5,42.5,42.5,0.0,0.0,0.0,0.0,0.0,0.0,0.0,0.0,42.5,42.5,42.5,42.5,42.500000000000014,42.50000001599758,0.0,0.0,0.0,0.0,0.0,0.0,0.0,0.0,0.0,42.5,42.5,42.5,42.5,42.5,42.5,,,,4,11,21,42.5,0.0,SAME,1.0
BPCL,2025-11-24,42.5,42.5,42.5,42.5,42.5,42.5,0.0,0.0,0.0,0.0,0.0,0.0,0.0,0.0,42.5,42.5,42.5,42.5,42.500000000000014,42.50000001308892,0.0,0.0,0.0,0.0,0.0,0.0,0.0,0.0,0.0,42.5,42.5,42.5,42.5,42.5,42.5,,,,0,11,24,42.5,0.0,SAME,1.0
BPCL,2025-11-25,42.5,42.5,42.5,42.5,42.5,42.5,0.0,0.0,0.0,0.0,0.0,0.0,0.0,0.0,42.5,42.5,42.5,42.5,42.500000000000014,42.500000010709115,0.0,0.0,0.0,0.0,0.0,0.0,0.0,0.0,0.0,42.5,42.5,42.5,42.5,42.5,42.5,,,,1,11,25,42.5,0.0,SAME,1.0
BPCL,2025-11-26,42.5,42.5,42.5,42.5,42.5,42.5,0.0,0.0,0.0,0.0,0.0,0.0,0.0,0.0,42.5,42.5,42.5,42.5,42.500000000000014,42.500000008762,0.0,0.0,0.0,0.0,0.0,0.0,0.0,0.0,0.0,42.5,42.5,42.5,42.5,42.5,42.5,,,,2,11,26,42.5,0.0,SAME,1.0
BPCL,2025-11-27,42.5,42.5,42.5,42.5,42.5,42.5,0.0,0.0,0.0,0.0,0.0,0.0,0.0,0.0,42.5,42.5,42.5,42.5,42.500000000000014,42.50000000716891,0.0,0.0,0.0,0.0,0.0,0.0,0.0,0.0,0.0,42.5,42.5,42.5,42.5,42.5,42.5,,,,3,11,27,42.5,0.0,SAME,1.0
BPCL,2025-11-28,42.5,42.5,42.5,42.5,42.5,42.5,0.0,0.0,0.0,0.0,0.0,0.0,0.0,0.0,42.5,42.5,42.5,42.5,42.500000000000014,42.500000005865466,0.0,0.0,0.0,0.0,0.0,0.0,0.0,0.0,0.0,42.5,42.5,42.5,42.5,42.5,42.5,,,,4,11,28,42.5,0.0,SAME,1.0
BPCL,2025-12-01,42.5,42.5,42.5,42.5,42.5,42.5,0.0,0.0,0.0,0.0,0.0,0.0,0.0,0.0,42.5,42.5,42.5,42.5,42.500000000000014,42.50000000479901,0.0,0.0,0.0,0.0,0.0,0.0,0.0,0.0,0.0,42.5,42.5,42.5,42.5,42.5,42.5,,,,0,12,1,42.5,0.0,SAME,1.0
BPCL,2025-12-02,42.5,42.5,42.5,42.5,42.5,42.5,0.0,0.0,0.0,0.0,0.0,0.0,0.0,0.0,42.5,42.5,42.5,42.5,42.500000000000014,42.50000000392646,0.0,0.0,0.0,0.0,0.0,0.0,0.0,0.0,0.0,42.5,42.5,42.5,42.5,42.5,42.5,,,,1,12,2,42.5,0.0,SAME,1.0
BPCL,2025-12-03,42.5,42.5,42.5,42.5,42.5,42.5,0.0,0.0,0.0,0.0,0.0,0.0,0.0,0.0,42.5,42.5,42.5,42.5,42.500000000000014,42.500000003212556,0.0,0.0,0.0,0.0,0.0,0.0,0.0,0.0,0.0,42.5,42.5,42.5,42.5,42.5,42.5,,,,2,12,3,42.5,0.0,SAME,1.0
BPCL,2025-12-04,42.5,42.5,42.5,42.5,42.5,42.5,0.0,0.0,0.0,0.0,0.0,0.0,0.0,0.0,42.5,42.5,42.5,42.5,42.500000000000014,42.500000002628454,0.0,0.0,0.0,0.0,0.0,0.0,0.0,0.0,0.0,42.5,42.5,42.5,42.5,42.5,42.5,,,,3,12,4,42.5,0.0,SAME,1.0
BPCL,2025-12-05,42.5,42.5,42.5,42.5,42.5,42.5,0.0,0.0,0.0,0.0,0.0,0.0,0.0,0.0,42.5,42.5,42.5,42.5,42.500000000000014,42.50000000215055,0.0,0.0,0.0,0.0,0.0,0.0,0.0,0.0,0.0,42.5,42.5,42.5,42.5,42.5,42.5,,,,4,12,5,42.5,0.0,SAME,1.0
BPCL,2025-12-08,42.5,42.5,42.5,42.5,42.5,42.5,0.0,0.0,0.0,0.0,0.0,0.0,0.0,0.0,42.5,42.5,42.5,42.5,42.500000000000014,42.50000000175954,0.0,0.0,0.0,0.0,0.0,0.0,0.0,0.0,0.0,42.5,42.5,42.5,42.5,42.5,42.5,,,,0,12,8,42.5,0.0,SAME,1.0
BPCL,2025-12-09,42.5,42.5,42.5,42.5,42.5,42.5,0.0,0.0,0.0,0.0,0.0,0.0,0.0,0.0,42.5,42.5,42.5,42.5,42.500000000000014,42.500000001439616,0.0,0.0,0.0,0.0,0.0,0.0,0.0,0.0,0.0,42.5,42.5,42.5,42.5,42.5,42.5,,,,1,12,9,42.5,0.0,SAME,1.0
BPCL,2025-12-10,42.5,42.5,42.5,42.5,42.5,42.5,0.0,0.0,0.0,0.0,0.0,0.0,0.0,0.0,42.5,42.5,42.5,42.5,42.500000000000014,42.50000000117787,0.0,0.0,0.0,0.0,0.0,0.0,0.0,0.0,0.0,42.5,42.5,42.5,42.5,42.5,42.5,,,,2,12,10,42.5,0.0,SAME,1.0
BPCL,2025-12-11,42.5,42.5,42.5,42.5,42.5,42.5,0.0,0.0,0.0,0.0,0.0,0.0,0.0,0.0,42.5,42.5,42.5,42.5,42.500000000000014,42.50000000096371,0.0,0.0,0.0,0.0,0.0,0.0,0.0,0.0,0.0,42.5,42.5,42.5,42.5,42.5,42.5,,,,3,12,11,42.5,0.0,SAME,1.0
BPCL,2025-12-12,42.5,42.5,42.5,42.5,42.5,42.5,0.0,0.0,0.0,0.0,0.0,0.0,0.0,0.0,42.5,42.5,42.5,42.5,42.500000000000014,42.50000000078849,0.0,0.0,0.0,0.0,0.0,0.0,0.0,0.0,0.0,42.5,42.5,42.5,42.5,42.5,42.5,,,,4,12,12,42.5,0.0,SAME,1.0
BPCL,2025-12-15,42.5,42.5,42.5,42.5,42.5,42.5,0.0,0.0,0.0,0.0,0.0,0.0,0.0,0.0,42.5,42.5,42.5,42.5,42.500000000000014,42.50000000064512,0.0,0.0,0.0,0.0,0.0,0.0,0.0,0.0,0.0,42.5,42.5,42.5,42.5,42.5,42.5,,,,0,12,15,42.5,0.0,SAME,1.0
BPCL,2025-12-16,42.5,42.5,42.5,42.5,42.5,42.5,0.0,0.0,0.0,0.0,0.0,0.0,0.0,0.0,42.5,42.5,42.5,42.5,42.500000000000014,42.50000000052783,0.0,0.0,0.0,0.0,0.0,0.0,0.0,0.0,0.0,42.5,42.5,42.5,42.5,42.5,42.5,,,,1,12,16,42.5,0.0,SAME,1.0
BPCL,2025-12-18,42.5,42.5,42.5,42.5,42.5,42.5,0.0,0.0,0.0,0.0,0.0,0.0,0.0,0.0,42.5,42.5,42.5,42.5,42.500000000000014,42.500000000431854,0.0,0.0,0.0,0.0,0.0,0.0,0.0,0.0,0.0,42.5,42.5,42.5,42.5,42.5,42.5,,,,3,12,18,42.5,0.0,SAME,1.0
BPCL,2025-12-19,42.5,42.5,42.5,42.5,42.5,42.5,0.0,0.0,0.0,0.0,0.0,0.0,0.0,0.0,42.5,42.5,42.5,42.5,42.500000000000014,42.50000000035333,0.0,0.0,0.0,0.0,0.0,0.0,0.0,0.0,0.0,42.5,42.5,42.5,42.5,42.5,42.5,,,,4,12,19,42.5,0.0,SAME,1.0
BPCL,2025-12-22,42.5,42.5,42.5,42.5,42.5,42.5,0.0,0.0,0.0,0.0,0.0,0.0,0.0,0.0,42.5,42.5,42.5,42.5,42.500000000000014,42.500000000289084,0.0,0.0,0.0,0.0,0.0,0.0,0.0,0.0,0.0,42.5,42.5,42.5,42.5,42.5,42.5,,,,0,12,22,42.5,0.0,SAME,1.0
BPCL,2025-12-23,42.5,42.5,42.5,42.5,42.5,42.5,0.0,0.0,0.0,0.0,0.0,0.0,0.0,0.0,42.5,42.5,42.5,42.5,42.500000000000014,42.50000000023652,0.0,0.0,0.0,0.0,0.0,0.0,0.0,0.0,0.0,42.5,42.5,42.5,42.5,42.5,42.5,,,,1,12,23,42.5,0.0,SAME,1.0
BPCL,2025-12-24,42.5,42.5,42.5,42.5,42.5,42.5,0.0,0.0,0.0,0.0,0.0,0.0,0.0,0.0,42.5,42.5,42.5,42.5,42.500000000000014,42.50000000019351,0.0,0.0,0.0,0.0,0.0,0.0,0.0,0.0,0.0,42.5,42.5,42.5,42.5,42.5,42.5,,,,2,12,24,42.5,0.0,SAME,1.0
BPCL,2025-12-25,42.5,42.5,42.5,42.5,42.5,42.5,0.0,0.0,0.0,0.0,0.0,0.0,0.0,0.0,42.5,42.5,42.5,42.5,42.500000000000014,42.50000000015832,0.0,0.0,0.0,0.0,0.0,0.0,0.0,0.0,0.0,42.5,42.5,42.5,42.5,42.5,42.5,,,,3,12,25,42.5,0.0,SAME,1.0
BPCL,2025-12-26,42.5,42.5,42.5,42.5,42.5,42.5,0.0,0.0,0.0,0.0,0.0,0.0,0.0,0.0,42.5,42.5,42.5,42.5,42.500000000000014,42.50000000012953,0.0,0.0,0.0,0.0,0.0,0.0,0.0,0.0,0.0,42.5,42.5,42.5,42.5,42.5,42.5,,,,4,12,26,42.5,0.0,SAME,1.0
BPCL,2025-12-29,42.5,42.5,42.5,42.5,42.5,42.5,0.0,0.0,0.0,0.0,0.0,0.0,0.0,0.0,42.5,42.5,42.5,42.5,42.500000000000014,42.50000000010598,0.0,0.0,0.0,0.0,0.0,0.0,0.0,0.0,0.0,42.5,42.5,42.5,42.5,42.5,42.5,,,,0,12,29,42.5,0.0,SAME,1.0
BPCL,2025-12-30,42.5,42.5,42.5,42.5,42.5,42.5,0.0,0.0,0.0,0.0,0.0,0.0,0.0,0.0,42.5,42.5,42.5,42.5,42.500000000000014,42.50000000008671,0.0,0.0,0.0,0.0,0.0,0.0,0.0,0.0,0.0,42.5,42.5,42.5,42.5,42.5,42.5,,,,1,12,30,42.5,0.0,SAME,1.0
BPCL,2025-12-31,42.5,42.5,42.5,42.5,42.5,42.5,0.0,0.0,0.0,0.0,0.0,0.0,0.0,0.0,42.5,42.5,42.5,42.5,42.500000000000014,42.50000000007094,0.0,0.0,0.0,0.0,0.0,0.0,0.0,0.0,0.0,42.5,42.5,42.5,42.5,42.5,42.5,,,,2,12,31,42.5,0.0,SAME,1.0
BPCL,2026-01-01,42.5,42.5,42.5,42.5,42.5,42.5,0.0,0.0,0.0,0.0,0.0,0.0,0.0,0.0,42.5,42.5,42.5,42.5,42.500000000000014,42.50000000005804,0.0,0.0,0.0,0.0,0.0,0.0,0.0,0.0,0.0,42.5,42.5,42.5,42.5,42.5,42.5,,,,3,1,1,42.5,0.0,SAME,1.0
BPCL,2026-01-05,42.5,42.5,42.5,42.5,42.5,42.5,0.0,0.0,0.0,0.0,0.0,0.0,0.0,0.0,42.5,42.5,42.5,42.5,42.500000000000014,42.50000000004748,0.0,0.0,0.0,0.0,0.0,0.0,0.0,0.0,0.0,42.5,42.5,42.5,42.5,42.5,42.5,,,,0,1,5,42.5,0.0,SAME,1.0
BPCL,2026-01-06,42.5,42.5,42.5,42.5,42.5,42.5,0.0,0.0,0.0,0.0,0.0,0.0,0.0,0.0,42.5,42.5,42.5,42.5,42.500000000000014,42.500000000038845,0.0,0.0,0.0,0.0,0.0,0.0,0.0,0.0,0.0,42.5,42.5,42.5,42.5,42.5,42.5,,,,1,1,6,42.5,0.0,SAME,1.0
BPCL,2026-01-07,42.5,42.5,42.5,42.5,42.5,42.5,0.0,0.0,0.0,0.0,0.0,0.0,0.0,0.0,42.5,42.5,42.5,42.5,42.500000000000014,42.50000000003178,0.0,0.0,0.0,0.0,0.0,0.0,0.0,0.0,0.0,42.5,42.5,42.5,42.5,42.5,42.5,,,,2,1,7,42.5,0.0,SAME,1.0
BPCL,2026-01-08,42.5,42.5,42.5,42.5,42.5,42.5,0.0,0.0,0.0,0.0,0.0,0.0,0.0,0.0,42.5,42.5,42.5,42.5,42.500000000000014,42.500000000026,0.0,0.0,0.0,0.0,0.0,0.0,0.0,0.0,0.0,42.5,42.5,42.5,42.5,42.5,42.5,,,,3,1,8,42.5,0.0,SAME,1.0
BPCL,2026-01-09,42.5,42.5,42.5,42.5,42.5,42.5,0.0,0.0,0.0,0.0,0.0,0.0,0.0,0.0,42.5,42.5,42.5,42.5,42.500000000000014,42.50000000002127,0.0,0.0,0.0,0.0,0.0,0.0,0.0,0.0,0.0,42.5,42.5,42.5,42.5,42.5,42.5,,,,4,1,9,42.5,0.0,SAME,1.0
BPCL,2026-01-12,42.5,42.5,42.5,42.5,42.5,42.5,0.0,0.0,0.0,0.0,0.0,0.0,0.0,0.0,42.5,42.5,42.5,42.5,42.500000000000014,42.500000000017394,0.0,0.0,0.0,0.0,0.0,0.0,0.0,0.0,0.0,42.5,42.5,42.5,42.5,42.5,42.5,,,,0,1,12,42.5,0.0,SAME,1.0
BPCL,2026-01-13,42.5,42.5,42.5,42.5,42.5,42.5,0.0,0.0,0.0,0.0,0.0,0.0,0.0,0.0,42.5,42.5,42.5,42.5,42.500000000000014,42.500000000014225,0.0,0.0,0.0,0.0,0.0,0.0,0.0,0.0,0.0,42.5,42.5,42.5,42.5,42.5,42.5,,,,1,1,13,42.5,0.0,SAME,1.0
BPCL,2026-01-14,42.5,42.5,42.5,42.5,42.5,42.5,0.0,0.0,0.0,0.0,0.0,0.0,0.0,0.0,42.5,42.5,42.5,42.5,42.500000000000014,42.50000000001164,0.0,0.0,0.0,0.0,0.0,0.0,0.0,0.0,0.0,42.5,42.5,42.5,42.5,42.5,42.5,,,,2,1,14,42.5,0.0,SAME,1.0
BPCL,2026-01-15,42.5,42.5,42.5,42.5,42.5,42.5,0.0,0.0,0.0,0.0,0.0,0.0,0.0,0.0,42.5,42.5,42.5,42.5,42.500000000000014,42.50000000000952,0.0,0.0,0.0,0.0,0.0,0.0,0.0,0.0,0.0,42.5,42.5,42.5,42.5,42.5,42.5,,,,3,1,15,42.5,0.0,SAME,1.0
BPCL,2026-01-16,42.5,42.5,42.5,42.5,42.5,42.5,0.0,0.0,0.0,0.0,0.0,0.0,0.0,0.0,42.5,42.5,42.5,42.5,42.500000000000014,42.50000000000779,0.0,0.0,0.0,0.0,0.0,0.0,0.0,0.0,0.0,42.5,42.5,42.5,42.5,42.5,42.5,,,,4,1,16,42.5,0.0,SAME,1.0
BPCL,2026-01-20,42.5,42.5,42.5,42.5,42.5,42.5,0.0,0.0,0.0,0.0,0.0,0.0,0.0,0.0,42.5,42.5,42.5,42.5,42.500000000000014,42.50000000000637,0.0,0.0,0.0,0.0,0.0,0.0,0.0,0.0,0.0,42.5,42.5,42.5,42.5,42.5,42.5,,,,1,1,20,42.5,0.0,SAME,1.0
BPCL,2026-01-21,42.5,42.5,42.5,42.5,42.5,42.5,0.0,0.0,0.0,0.0,0.0,0.0,0.0,0.0,42.5,42.5,42.5,42.5,42.500000000000014,42.50000000000521,0.0,0.0,0.0,0.0,0.0,0.0,0.0,0.0,0.0,42.5,42.5,42.5,42.5,42.5,42.5,,,,2,1,21,42.5,0.0,SAME,1.0
BPCL,2026-01-22,42.5,42.5,42.5,42.5,42.5,42.5,0.0,0.0,0.0,0.0,0.0,0.0,0.0,0.0,42.5,42.5,42.5,42.5,42.500000000000014,42.500000000004256,0.0,0.0,0.0,0.0,0.0,0.0,0.0,0.0,0.0,42.5,42.5,42.5,42.5,42.5,42.5,,,,3,1,22,42.5,0.0,SAME,1.0
BPCL,2026-01-23,42.5,42.5,42.5,42.5,42.5,42.5,0.0,0.0,0.0,0.0,0.0,0.0,0.0,0.0,42.5,42.5,42.5,42.5,42.500000000000014,42.50000000000348,0.0,0.0,0.0,0.0,0.0,0.0,0.0,0.0,0.0,42.5,42.5,42.5,42.5,42.5,42.5,,,,4,1,23,42.5,0.0,SAME,1.0
BPCL,2026-01-26,42.5,42.5,42.5,42.5,42.5,42.5,0.0,0.0,0.0,0.0,0.0,0.0,0.0,0.0,42.5,42.5,42.5,42.5,42.500000000000014,42.50000000000284,0.0,0.0,0.0,0.0,0.0,0.0,0.0,0.0,0.0,42.5,42.5,42.5,42.5,42.5,42.5,,,,0,1,26,42.5,0.0,SAME,1.0
BPCL,2026-01-27,42.5,42.5,42.5,42.5,42.5,42.5,0.0,0.0,0.0,0.0,0.0,0.0,0.0,0.0,42.5,42.5,42.5,42.5,42.500000000000014,42.50000000000232,0.0,0.0,0.0,0.0,0.0,0.0,0.0,0.0,0.0,42.5,42.5,42.5,42.5,42.5,42.5,,,,1,1,27,42.5,0.0,SAME,1.0
BPCL,2026-01-28,42.5,42.5,42.5,42.5,42.5,42.5,0.0,0.0,0.0,0.0,0.0,0.0,0.0,0.0,42.5,42.5,42.5,42.5,42.500000000000014,42.5000000000019,0.0,0.0,0.0,0.0,0.0,0.0,0.0,0.0,0.0,42.5,42.5,42.5,42.5,42.5,42.5,,,,2,1,28,42.5,0.0,SAME,1.0
BPCL,2026-01-29,42.5,42.5,42.5,42.5,42.5,42.5,0.0,0.0,0.0,0.0,0.0,0.0,0.0,0.0,42.5,42.5,42.5,42.5,42.500000000000014,42.50000000000155,0.0,0.0,0.0,0.0,0.0,0.0,0.0,0.0,0.0,42.5,42.5,42.5,42.5,42.5,42.5,,,,3,1,29,42.5,0.0,SAME,1.0
BPCL,2026-01-30,42.5,42.5,42.5,42.5,42.5,42.5,0.0,0.0,0.0,0.0,0.0,0.0,0.0,0.0,42.5,42.5,42.5,42.5,42.500000000000014,42.500000000001265,0.0,0.0,0.0,0.0,0.0,0.0,0.0,0.0,0.0,42.5,42.5,42.5,42.5,42.5,42.5,,,,4,1,30,42.5,0.0,SAME,1.0
BPCL,2026-02-02,42.5,42.5,42.5,42.5,42.5,42.5,0.0,0.0,0.0,0.0,0.0,0.0,0.0,0.0,42.5,42.5,42.5,42.5,42.500000000000014,42.50000000000103,0.0,0.0,0.0,0.0,0.0,0.0,0.0,0.0,0.0,42.5,42.5,42.5,42.5,42.5,42.5,,,,0,2,2,42.5,0.0,SAME,1.0
BPCL,2026-02-03,42.5,42.5,42.5,42.5,42.5,42.5,0.0,0.0,0.0,0.0,0.0,0.0,0.0,0.0,42.5,42.5,42.5,42.5,42.500000000000014,42.50000000000084,0.0,0.0,0.0,0.0,0.0,0.0,0.0,0.0,0.0,42.5,42.5,42.5,42.5,42.5,42.5,,,,1,2,3,42.5,0.0,SAME,1.0
BPCL,2026-02-04,42.5,42.5,42.5,42.5,42.5,42.5,0.0,0.0,0.0,0.0,0.0,0.0,0.0,0.0,42.5,42.5,42.5,42.5,42.500000000000014,42.50000000000068,0.0,0.0,0.0,0.0,0.0,0.0,0.0,0.0,0.0,42.5,42.5,42.5,42.5,42.5,42.5,,,,2,2,4,42.5,0.0,SAME,1.0
BPCL,2026-02-05,42.5,42.5,42.5,42.5,42.5,42.5,0.0,0.0,0.0,0.0,0.0,0.0,0.0,0.0,42.5,42.5,42.5,42.5,42.500000000000014,42.500000000000554,0.0,0.0,0.0,0.0,0.0,0.0,0.0,0.0,0.0,42.5,42.5,42.5,42.5,42.5,42.5,,,,3,2,5,42.5,0.0,SAME,1.0
BPCL,2026-02-06,42.5,42.5,42.5,42.5,42.5,42.5,0.0,0.0,0.0,0.0,0.0,0.0,0.0,0.0,42.5,42.5,42.5,42.5,42.500000000000014,42.50000000000045,0.0,0.0,0.0,0.0,0.0,0.0,0.0,0.0,0.0,42.5,42.5,42.5,42.5,42.5,42.5,,,,4,2,6,42.5,0.0,SAME,1.0
BPCL,2026-02-09,42.5,42.5,42.5,42.5,42.5,42.5,0.0,0.0,0.0,0.0,0.0,0.0,0.0,0.0,42.5,42.5,42.5,42.5,42.500000000000014,42.50000000000036,0.0,0.0,0.0,0.0,0.0,0.0,0.0,0.0,0.0,42.5,42.5,42.5,42.5,42.5,42.5,,,,0,2,9,42.5,0.0,SAME,1.0
BPCL,2026-02-10,42.5,42.5,42.5,42.5,42.5,42.5,0.0,0.0,0.0,0.0,0.0,0.0,0.0,0.0,42.5,42.5,42.5,42.5,42.500000000000014,42.50000000000029,0.0,0.0,0.0,0.0,0.0,0.0,0.0,0.0,0.0,42.5,42.5,42.5,42.5,42.5,42.5,,,,1,2,10,42.5,0.0,SAME,1.0
BPCL,2026-02-11,42.5,42.5,42.5,42.5,42.5,42.5,0.0,0.0,0.0,0.0,0.0,0.0,0.0,0.0,42.5,42.5,42.5,42.5,42.500000000000014,42.500000000000234,0.0,0.0,0.0,0.0,0.0,0.0,0.0,0.0,0.0,42.5,42.5,42.5,42.5,42.5,42.5,,,,2,2,11,42.5,0.0,SAME,1.0
BPCL,2026-02-12,42.5,42.5,42.5,42.5,42.5,42.5,0.0,0.0,0.0,0.0,0.0,0.0,0.0,0.0,42.5,42.5,42.5,42.5,42.500000000000014,42.50000000000019,0.0,0.0,0.0,0.0,0.0,0.0,0.0,0.0,0.0,42.5,42.5,42.5,42.5,42.5,42.5,,,,3,2,12,42.5,0.0,SAME,1.0
BPCL,2026-02-13,42.5,42.5,42.5,42.5,42.5,42.5,0.0,0.0,0.0,0.0,0.0,0.0,0.0,0.0,42.5,42.5,42.5,42.5,42.500000000000014,42.500000000000156,0.0,0.0,0.0,0.0,0.0,0.0,0.0,0.0,0.0,42.5,42.5,42.5,42.5,42.5,42.5,,,,4,2,13,42.5,0.0,SAME,1.0
BPCL,2026-02-16,42.5,42.5,42.5,42.5,42.5,42.5,0.0,0.0,0.0,0.0,0.0,0.0,0.0,0.0,42.5,42.5,42.5,42.5,42.500000000000014,42.50000000000013,0.0,0.0,0.0,0.0,0.0,0.0,0.0,0.0,0.0,42.5,42.5,42.5,42.5,42.5,42.5,,,,0,2,16,42.5,0.0,SAME,1.0
BPCL,2026-02-17,42.5,42.5,42.5,42.5,42.5,42.5,0.0,0.0,0.0,0.0,0.0,0.0,0.0,0.0,42.5,42.5,42.5,42.5,42.500000000000014,42.5000000000001,0.0,0.0,0.0,0.0,0.0,0.0,0.0,0.0,0.0,42.5,42.5,42.5,42.5,42.5,42.5,,,,1,2,17,42.5,0.0,SAME,1.0
BPCL,2026-02-20,42.5,42.5,42.5,42.5,42.5,42.5,0.0,0.0,0.0,0.0,0.0,0.0,0.0,0.0,42.5,42.5,42.5,42.5,42.500000000000014,42.50000000000008,0.0,0.0,0.0,0.0,0.0,0.0,0.0,0.0,0.0,42.5,42.5,42.5,42.5,42.5,42.5,,,,4,2,20,42.5,0.0,SAME,1.0
BPCL,2026-02-24,42.5,42.5,42.5,42.5,42.5,42.5,0.0,0.0,0.0,0.0,0.0,0.0,0.0,0.0,42.5,42.5,42.5,42.5,42.500000000000014,42.500000000000064,0.0,0.0,0.0,0.0,0.0,0.0,0.0,0.0,0.0,42.5,42.5,42.5,42.5,42.5,42.5,,,,1,2,24,42.5,0.0,SAME,1.0
BPCL,2026-02-25,42.5,42.5,42.5,42.5,42.5,42.5,0.0,0.0,0.0,0.0,0.0,0.0,0.0,0.0,42.5,42.5,42.5,42.5,42.500000000000014,42.50000000000005,0.0,0.0,0.0,0.0,0.0,0.0,0.0,0.0,0.0,42.5,42.5,42.5,42.5,42.5,42.5,,,,2,2,25,42.5,0.0,SAME,1.0
BPCL,2026-02-26,42.5,42.5,42.5,42.5,42.5,42.5,0.0,0.0,0.0,0.0,0.0,0.0,0.0,0.0,42.5,42.5,42.5,42.5,42.500000000000014,42.500000000000036,0.0,0.0,0.0,0.0,0.0,0.0,0.0,0.0,0.0,42.5,42.5,42.5,42.5,42.5,42.5,,,,3,2,26,42.5,0.0,SAME,1.0
BPCL,2026-02-27,42.5,42.5,42.5,42.5,42.5,42.5,0.0,0.0,0.0,0.0,0.0,0.0,0.0,0.0,42.5,42.5,42.5,42.5,42.500000000000014,42.50000000000003,0.0,0.0,0.0,0.0,0.0,0.0,0.0,0.0,0.0,42.5,42.5,42.5,42.5,42.5,42.5,,,,4,2,27,42.5,0.0,SAME,1.0
BPCL,2026-03-02,42.5,42.5,42.5,42.5,42.5,42.5,0.0,0.0,0.0,0.0,0.0,0.0,0.0,0.0,42.5,42.5,42.5,42.5,42.500000000000014,42.50000000000002,0.0,0.0,0.0,0.0,0.0,0.0,0.0,0.0,0.0,42.5,42.5,42.5,42.5,42.5,42.5,,,,0,3,2,42.5,0.0,SAME,1.0
BPCL,2026-03-03,42.5,42.5,42.5,42.5,42.5,42.5,0.0,0.0,0.0,0.0,0.0,0.0,0.0,0.0,42.5,42.5,42.5,42.5,42.500000000000014,42.500000000000014,0.0,0.0,0.0,0.0,0.0,0.0,0.0,0.0,0.0,42.5,42.5,42.5,42.5,42.5,42.5,,,,1,3,3,42.5,0.0,SAME,1.0
BPCL,2026-03-04,42.5,42.5,42.5,42.5,42.5,42.5,0.0,0.0,0.0,0.0,0.0,0.0,0.0,0.0,42.5,42.5,42.5,42.5,42.500000000000014,42.50000000000001,0.0,0.0,0.0,0.0,0.0,0.0,0.0,0.0,0.0,42.5,42.5,42.5,42.5,42.5,42.5,,,,2,3,4,42.5,0.0,SAME,1.0
BPCL,2026-03-05,42.5,42.5,42.5,42.5,42.5,42.5,0.0,0.0,0.0,0.0,0.0,0.0,0.0,0.0,42.5,42.5,42.5,42.5,42.500000000000014,42.5,0.0,0.0,0.0,0.0,0.0,0.0,0.0,0.0,0.0,42.5,42.5,42.5,42.5,42.5,42.5,,,,3,3,5,42.5,0.0,SAME,1.0
BPCL,2026-03-06,42.5,42.5,42.5,42.5,42.5,42.5,0.0,0.0,0.0,0.0,0.0,0.0,0.0,0.0,42.5,42.5,42.5,42.5,42.500000000000014,42.5,0.0,0.0,0.0,0.0,0.0,0.0,0.0,0.0,0.0,42.5,42.5,42.5,42.5,42.5,42.5,,,,4,3,6,42.3,-0.20000000000000284,DOWN,0.0
BPCL,2026-03-09,42.3,42.5,42.5,42.5,42.5,42.5,-0.20000000000000284,-0.20000000000000284,-0.20000000000000284,-0.004705882352941226,-0.004705882352941226,-0.004705882352941226,-0.00471698987813891,-0.00471698987813891,42.43333333333333,42.459999999999994,42.480000000000004,42.4,42.433333333333344,42.46363636363636,0.0027169424432859314,0.002104534567058757,0.001488130663613126,-0.20000000000000284,-0.004705882352941244,-0.20000000000000284,-0.004705882352941244,-0.20000000000000284,-0.004705882352941244,42.3,42.5,42.3,42.5,42.3,42.5,0.0,0.0,0.0,0,3,9,42.3,0.0,SAME,1.0
BPCL,2026-03-10,42.3,42.3,42.5,42.5,42.5,42.5,0.0,-0.20000000000000284,-0.20000000000000284,0.0,-0.004705882352941226,-0.004705882352941226,0.0,-0.00471698987813891,42.36666666666667,42.42,42.46,42.349999999999994,42.3888888888889,42.433884297520656,0.0027169424432859314,0.002104534567058757,0.001488130663613126,-0.20000000000000284,-0.004705882352941244,-0.20000000000000284,-0.004705882352941244,-0.20000000000000284,-0.004705882352941244,42.3,42.5,42.3,42.5,42.3,42.5,0.0,0.0,0.0,1,3,10,42.3,0.0,SAME,1.0
BPCL,2026-03-11,42.3,42.3,42.3,42.5,42.5,42.5,0.0,0.0,-0.20000000000000284,0.0,0.0,-0.004705882352941226,0.0,0.0,42.3,42.379999999999995,42.440000000000005,42.324999999999996,42.35925925925927,42.40954169797144,0.0027169424432859314,0.002104534567058757,0.001488130663613126,-0.20000000000000284,-0.004705882352941244,-0.20000000000000284,-0.004705882352941244,-0.20000000000000284,-0.004705882352941244,42.3,42.3,42.3,42.5,42.3,42.5,,0.0,0.0,2,3,11,42.3,0.0,SAME,1.0
BPCL,2026-03-12,42.3,42.3,42.3,42.3,42.5,42.5,0.0,0.0,0.0,0.0,0.0,0.0,0.0,0.0,42.3,42.339999999999996,42.42,42.3125,42.33950617283951,42.38962502561299,0.0,0.002104534567058757,0.001488130663613126,0.0,0.0,-0.20000000000000284,-0.004705882352941244,-0.20000000000000284,-0.004705882352941244,42.3,42.3,42.3,42.5,42.3,42.5,,0.0,0.0,3,3,12,42.3,0.0,SAME,1.0
BPCL,2026-03-13,42.3,42.3,42.3,42.3,42.5,42.5,0.0,0.0,0.0,0.0,0.0,0.0,0.0,0.0,42.3,42.3,42.4,42.30625,42.32633744855968,42.373329566410625,0.0,0.002104534567058757,0.001488130663613126,0.0,0.0,-0.20000000000000284,-0.004705882352941244,-0.20000000000000284,-0.004705882352941244,42.3,42.3,42.3,42.3,42.3,42.5,,,0.0,4,3,13,42.3,0.0,SAME,1.0
BPCL,2026-03-16,42.3,42.3,42.3,42.3,42.3,42.5,0.0,0.0,0.0,0.0,0.0,0.0,0.0,0.0,42.3,42.3,42.38,42.303124999999994,42.31755829903979,42.359996917972325,0.0,0.0,0.001488130663613126,0.0,0.0,0.0,0.0,-0.20000000000000284,-0.004705882352941244,42.3,42.3,42.3,42.3,42.3,42.5,,,0.0,0,3,16,42.3,0.0,SAME,1.0
BPCL,2026-03-17,42.3,42.3,42.3,42.3,42.3,42.5,0.0,0.0,0.0,0.0,0.0,0.0,0.0,0.0,42.3,42.3,42.36,42.301562499999996,42.311705532693196,42.3490883874319,0.0,0.0,0.001488130663613126,0.0,0.0,0.0,0.0,-0.20000000000000284,-0.004705882352941244,42.3,42.3,42.3,42.3,42.3,42.5,,,0.0,1,3,17,42.3,0.0,SAME,1.0
BPCL,2026-03-18,42.3,42.3,42.3,42.3,42.3,42.5,0.0,0.0,0.0,0.0,0.0,0.0,0.0,0.0,42.3,42.3,42.339999999999996,42.30078125,42.30780368846213,42.34016322608064,0.0,0.0,0.001488130663613126,0.0,0.0,0.0,0.0,-0.20000000000000284,-0.004705882352941244,42.3,42.3,42.3,42.3,42.3,42.5,,,0.0,2,3,18,42.3,0.0,SAME,1.0
BPCL,2026-03-19,42.3,42.3,42.3,42.3,42.3,42.5,0.0,0.0,0.0,0.0,0.0,0.0,0.0,0.0,42.3,42.3,42.32,42.300390625,42.305202458974755,42.3328608213387,0.0,0.0,0.001488130663613126,0.0,0.0,0.0,0.0,-0.20000000000000284,-0.004705882352941244,42.3,42.3,42.3,42.3,42.3,42.5,,,0.0,3,3,19,42.3,0.0,SAME,1.0
BPCL,2026-03-20,42.3,42.3,42.3,42.3,42.3,42.5,0.0,0.0,0.0,0.0,0.0,0.0,0.0,0.0,42.3,42.3,42.3,42.300195312499994,42.30346830598317,42.32688612654984,0.0,0.0,0.001488130663613126,0.0,0.0,0.0,0.0,-0.20000000000000284,-0.004705882352941244,42.3,42.3,42.3,42.3,42.3,42.3,,,,4,3,20,42.3,0.0,SAME,1.0
BPCL,2026-03-23,42.3,42.3,42.3,42.3,42.3,42.3,0.0,0.0,0.0,0.0,0.0,0.0,0.0,0.0,42.3,42.3,42.3,42.300097656249996,42.302312203988784,42.321997739904404,0.0,0.0,0.0,0.0,0.0,0.0,0.0,0.0,0.0,42.3,42.3,42.3,42.3,42.3,42.3,,,,0,3,23,42.3,0.0,SAME,1.0
BPCL,2026-03-24,42.3,42.3,42.3,42.3,42.3,42.3,0.0,0.0,0.0,0.0,0.0,0.0,0.0,0.0,42.3,42.3,42.3,42.300048828125,42.301541469325855,42.31799815083087,0.0,0.0,0.0,0.0,0.0,0.0,0.0,0.0,0.0,42.3,42.3,42.3,42.3,42.3,42.3,,,,1,3,24,42.3,0.0,SAME,1.0
BPCL,2026-03-25,42.3,42.3,42.3,42.3,42.3,42.3,0.0,0.0,0.0,0.0,0.0,0.0,0.0,0.0,42.3,42.3,42.3,42.3000244140625,42.301027646217236,42.3147257597707,0.0,0.0,0.0,0.0,0.0,0.0,0.0,0.0,0.0,42.3,42.3,42.3,42.3,42.3,42.3,,,,2,3,25,42.3,0.0,SAME,1.0
BPCL,2026-03-26,42.3,42.3,42.3,42.3,42.3,42.3,0.0,0.0,0.0,0.0,0.0,0.0,0.0,0.0,42.3,42.3,42.3,42.300012207031244,42.30068509747816,42.312048348903296,0.0,0.0,0.0,0.0,0.0,0.0,0.0,0.0,0.0,42.3,42.3,42.3,42.3,42.3,42.3,,,,3,3,26,42.3,0.0,SAME,1.0
BPCL,2026-03-27,42.3,42.3,42.3,42.3,42.3,42.3,0.0,0.0,0.0,0.0,0.0,0.0,0.0,0.0,42.3,42.3,42.3,42.30000610351562,42.300456731652105,42.30985774001178,0.0,0.0,0.0,0.0,0.0,0.0,0.0,0.0,0.0,42.3,42.3,42.3,42.3,42.3,42.3,,,,4,3,27,42.3,0.0,SAME,1.0
BPCL,2026-03-30,42.3,42.3,42.3,42.3,42.3,42.3,0.0,0.0,0.0,0.0,0.0,0.0,0.0,0.0,42.3,42.3,42.3,42.30000305175781,42.300304487768074,42.30806542364599,0.0,0.0,0.0,0.0,0.0,0.0,0.0,0.0,0.0,42.3,42.3,42.3,42.3,42.3,42.3,,,,0,3,30,42.3,0.0,SAME,1.0
BPCL,2026-03-31,42.3,42.3,42.3,42.3,42.3,42.3,0.0,0.0,0.0,0.0,0.0,0.0,0.0,0.0,42.3,42.3,42.3,42.300001525878905,42.30020299184538,42.306598982983076,0.0,0.0,0.0,0.0,0.0,0.0,0.0,0.0,0.0,42.3,42.3,42.3,42.3,42.3,42.3,,,,1,3,31,42.3,0.0,SAME,1.0
BPCL,2026-04-01,42.3,42.3,42.3,42.3,42.3,42.3,0.0,0.0,0.0,0.0,0.0,0.0,0.0,0.0,42.3,42.3,42.3,42.30000076293945,42.300135327896925,42.30539916789524,0.0,0.0,0.0,0.0,0.0,0.0,0.0,0.0,0.0,42.3,42.3,42.3,42.3,42.3,42.3,,,,2,4,1,42.3,0.0,SAME,1.0
BPCL,2026-04-02,42.3,42.3,42.3,42.3,42.3,42.3,0.0,0.0,0.0,0.0,0.0,0.0,0.0,0.0,42.3,42.3,42.3,42.30000038146972,42.30009021859795,42.30441750100519,0.0,0.0,0.0,0.0,0.0,0.0,0.0,0.0,0.0,42.3,42.3,42.3,42.3,42.3,42.3,,,,3,4,2,42.3,0.0,SAME,1.0
BPCL,2026-04-03,42.3,42.3,42.3,42.3,42.3,42.3,0.0,0.0,0.0,0.0,0.0,0.0,0.0,0.0,42.3,42.3,42.3,42.30000019073486,42.30006014573197,42.30361431900424,0.0,0.0,0.0,0.0,0.0,0.0,0.0,0.0,0.0,42.3,42.3,42.3,42.3,42.3,42.3,,,,4,4,3,42.3,0.0,SAME,1.0
BPCL,2026-04-06,42.3,42.3,42.3,42.3,42.3,42.3,0.0,0.0,0.0,0.0,0.0,0.0,0.0,0.0,42.3,42.3,42.3,42.30000009536743,42.30004009715465,42.30295717009437,0.0,0.0,0.0,0.0,0.0,0.0,0.0,0.0,0.0,42.3,42.3,42.3,42.3,42.3,42.3,,,,0,4,6,42.3,0.0,SAME,1.0
BPCL,2026-04-07,42.3,42.3,42.3,42.3,42.3,42.3,0.0,0.0,0.0,0.0,0.0,0.0,0.0,0.0,42.3,42.3,42.3,42.30000004768371,42.30002673143643,42.30241950280448,0.0,0.0,0.0,0.0,0.0,0.0,0.0,0.0,0.0,42.3,42.3,42.3,42.3,42.3,42.3,,,,1,4,7,42.3,0.0,SAME,1.0
BPCL,2026-04-08,42.3,42.3,42.3,42.3,42.3,42.3,0.0,0.0,0.0,0.0,0.0,0.0,0.0,0.0,42.3,42.3,42.3,42.300000023841854,42.30001782095762,42.30197959320366,0.0,0.0,0.0,0.0,0.0,0.0,0.0,0.0,0.0,42.3,42.3,42.3,42.3,42.3,42.3,,,,2,4,8,42.3,0.0,SAME,1.0
BPCL,2026-04-09,42.3,42.3,42.3,42.3,42.3,42.3,0.0,0.0,0.0,0.0,0.0,0.0,0.0,0.0,42.3,42.3,42.3,42.30000001192093,42.300011880638415,42.30161966716663,0.0,0.0,0.0,0.0,0.0,0.0,0.0,0.0,0.0,42.3,42.3,42.3,42.3,42.3,42.3,,,,3,4,9,42.3,0.0,SAME,1.0
BPCL,2026-04-10,42.3,42.3,42.3,42.3,42.3,42.3,0.0,0.0,0.0,0.0,0.0,0.0,0.0,0.0,42.3,42.3,42.3,42.30000000596046,42.300007920425614,42.30132518222723,0.0,0.0,0.0,0.0,0.0,0.0,0.0,0.0,0.0,42.3,42.3,42.3,42.3,42.3,42.3,,,,4,4,10,42.3,0.0,SAME,1.0
BPCL,2026-04-13,42.3,42.3,42.3,42.3,42.3,42.3,0.0,0.0,0.0,0.0,0.0,0.0,0.0,0.0,42.3,42.3,42.3,42.30000000298023,42.30000528028374,42.301084240004094,0.0,0.0,0.0,0.0,0.0,0.0,0.0,0.0,0.0,42.3,42.3,42.3,42.3,42.3,42.3,,,,0,4,13,42.3,0.0,SAME,1.0
BPCL,2026-04-14,42.3,42.3,42.3,42.3,42.3,42.3,0.0,0.0,0.0,0.0,0.0,0.0,0.0,0.0,42.3,42.3,42.3,42.30000000149011,42.300003520189165,42.30088710545789,0.0,0.0,0.0,0.0,0.0,0.0,0.0,0.0,0.0,42.3,42.3,42.3,42.3,42.3,42.3,,,,1,4,14,42.3,0.0,SAME,1.0
BPCL,2026-04-15,42.3,42.3,42.3,42.3,42.3,42.3,0.0,0.0,0.0,0.0,0.0,0.0,0.0,0.0,42.3,42.3,42.3,42.30000000074506,42.30000234679278,42.30072581355645,0.0,0.0,0.0,0.0,0.0,0.0,0.0,0.0,0.0,42.3,42.3,42.3,42.3,42.3,42.3,,,,2,4,15,42.3,0.0,SAME,1.0
BPCL,2026-04-16,42.3,42.3,42.3,42.3,42.3,42.3,0.0,0.0,0.0,0.0,0.0,0.0,0.0,0.0,42.3,42.3,42.3,42.30000000037253,42.30000156452852,42.30059384745527,0.0,0.0,0.0,0.0,0.0,0.0,0.0,0.0,0.0,42.3,42.3,42.3,42.3,42.3,42.3,,,,3,4,16,42.3,0.0,SAME,1.0
BPCL,2026-04-17,42.3,42.3,42.3,42.3,42.3,42.3,0.0,0.0,0.0,0.0,0.0,0.0,0.0,0.0,42.3,42.3,42.3,42.30000000018626,42.300001043019016,42.30048587519067,0.0,0.0,0.0,0.0,0.0,0.0,0.0,0.0,0.0,42.3,42.3,42.3,42.3,42.3,42.3,,,,4,4,17,42.3,0.0,SAME,1.0
BPCL,2026-04-20,42.3,42.3,42.3,42.3,42.3,42.3,0.0,0.0,0.0,0.0,0.0,0.0,0.0,0.0,42.3,42.3,42.3,42.30000000009313,42.300000695346014,42.300397534246905,0.0,0.0,0.0,0.0,0.0,0.0,0.0,0.0,0.0,42.3,42.3,42.3,42.3,42.3,42.3,,,,0,4,20,,,,
