Company,Date,Close,lag_1,lag_2,lag_3,lag_5,lag_10,diff_1,diff_2,diff_3,return_1,return_2,return_3,log_return_1,log_return_2,sma_3,sma_5,sma_10,ema_3,ema_5,ema_10,volatility_3,volatility_5,volatility_10,momentum_3,roc_3,momentum_5,roc_5,momentum_10,roc_10,roll_min_3,roll_max_3,roll_min_5,roll_max_5,roll_min_10,roll_max_10,range_position_3,range_position_5,range_position_10,day_of_week,month,day,future_close,future_diff,target,target_class
DPNB,2020-04-23,75.0,,,,,,,,,,,,,,,,,75.0,75.0,75.0,,,,,,,,,,,,,,,,,,,3,4,23,75.0,0.0,SAME,1.0
DPNB,2020-04-24,75.0,75.0,,,,,0.0,,,0.0,,,0.0,,,,,75.0,75.0,75.0,,,,,,,,,,,,,,,,,,,4,4,24,75.0,0.0,SAME,1.0
DPNB,2020-04-27,75.0,75.0,75.0,,,,0.0,0.0,,0.0,0.0,,0.0,0.0,75.0,,,75.0,75.0,75.0,,,,,,,,,,75.0,75.0,,,,,,,,0,4,27,75.0,0.0,SAME,1.0
DPNB,2020-04-28,75.0,75.0,75.0,75.0,,,0.0,0.0,0.0,0.0,0.0,0.0,0.0,0.0,75.0,,,75.0,75.0,75.0,0.0,,,0.0,0.0,,,,,75.0,75.0,,,,,,,,1,4,28,75.0,0.0,SAME,1.0
DPNB,2020-04-29,75.0,75.0,75.0,75.0,,,0.0,0.0,0.0,0.0,0.0,0.0,0.0,0.0,75.0,75.0,,75.0,75.0,75.0,0.0,,,0.0,0.0,,,,,75.0,75.0,75.0,75.0,,,,,,2,4,29,75.0,0.0,SAME,1.0
DPNB,2020-04-30,75.0,75.0,75.0,75.0,75.0,,0.0,0.0,0.0,0.0,0.0,0.0,0.0,0.0,75.0,75.0,,75.0,75.0,75.0,0.0,0.0,,0.0,0.0,0.0,0.0,,,75.0,75.0,75.0,75.0,,,,,,3,4,30,75.0,0.0,SAME,1.0
DPNB,2020-05-01,75.0,75.0,75.0,75.0,75.0,,0.0,0.0,0.0,0.0,0.0,0.0,0.0,0.0,75.0,75.0,,75.0,75.0,75.0,0.0,0.0,,0.0,0.0,0.0,0.0,,,75.0,75.0,75.0,75.0,,,,,,4,5,1,75.0,0.0,SAME,1.0
DPNB,2020-05-04,75.0,75.0,75.0,75.0,75.0,,0.0,0.0,0.0,0.0,0.0,0.0,0.0,0.0,75.0,75.0,,75.0,75.0,75.0,0.0,0.0,,0.0,0.0,0.0,0.0,,,75.0,75.0,75.0,75.0,,,,,,0,5,4,75.0,0.0,SAME,1.0
DPNB,2020-05-05,75.0,75.0,75.0,75.0,75.0,,0.0,0.0,0.0,0.0,0.0,0.0,0.0,0.0,75.0,75.0,,75.0,75.0,75.0,0.0,0.0,,0.0,0.0,0.0,0.0,,,75.0,75.0,75.0,75.0,,,,,,1,5,5,75.0,0.0,SAME,1.0
DPNB,2020-05-06,75.0,75.0,75.0,75.0,75.0,,0.0,0.0,0.0,0.0,0.0,0.0,0.0,0.0,75.0,75.0,75.0,75.0,75.0,75.0,0.0,0.0,,0.0,0.0,0.0,0.0,,,75.0,75.0,75.0,75.0,75.0,75.0,,,,2,5,6,75.0,0.0,SAME,1.0
DPNB,2020-05-07,75.0,75.0,75.0,75.0,75.0,75.0,0.0,0.0,0.0,0.0,0.0,0.0,0.0,0.0,75.0,75.0,75.0,75.0,75.0,75.0,0.0,0.0,0.0,0.0,0.0,0.0,0.0,0.0,0.0,75.0,75.0,75.0,75.0,75.0,75.0,,,,3,5,7,76.87,1.8700000000000045,UP,2.0
DPNB,2020-05-08,76.87,75.0,75.0,75.0,75.0,75.0,1.8700000000000045,1.8700000000000045,1.8700000000000045,0.024933333333333474,0.024933333333333474,0.024933333333333474,0.024627569824730314,0.024627569824730314,75.62333333333333,75.374,75.187,75.935,75.62333333333333,75.34,0.01439526671179475,0.011150525647799014,0.007884612299353203,1.8700000000000045,0.024933333333333394,1.8700000000000045,0.024933333333333394,1.8700000000000045,0.024933333333333394,75.0,76.87,75.0,76.87,75.0,76.87,1.0,1.0,1.0,4,5,8,76.87,0.0,SAME,1.0
DPNB,2020-05-11,76.87,76.87,75.0,75.0,75.0,75.0,0.0,1.8700000000000045,1.8700000000000045,0.0,0.024933333333333474,0.024933333333333474,0.0,0.024627569824730314,76.24666666666667,75.748,75.374,76.4025,76.03888888888889,75.61818181818182,0.01439526671179475,0.011150525647799014,0.007884612299353203,1.8700000000000045,0.024933333333333394,1.8700000000000045,0.024933333333333394,1.8700000000000045,0.024933333333333394,75.0,76.87,75.0,76.87,75.0,76.87,1.0,1.0,1.0,0,5,11,76.87,0.0,SAME,1.0
DPNB,2020-05-12,76.87,76.87,76.87,75.0,75.0,75.0,0.0,0.0,1.8700000000000045,0.0,0.0,0.024933333333333474,0.0,0.0,76.87,76.122,75.561,76.63625,76.31592592592594,75.84578512396695,0.01439526671179475,0.011150525647799014,0.007884612299353203,1.8700000000000045,0.024933333333333394,1.8700000000000045,0.024933333333333394,1.8700000000000045,0.024933333333333394,76.87,76.87,75.0,76.87,75.0,76.87,,1.0,1.0,1,5,12,76.87,0.0,SAME,1.0
DPNB,2020-05-13,76.87,76.87,76.87,76.87,75.0,75.0,0.0,0.0,0.0,0.0,0.0,0.0,0.0,0.0,76.87,76.49600000000001,75.748,76.75312500000001,76.50061728395063,76.03200601051842,0.0,0.011150525647799014,0.007884612299353203,0.0,0.0,1.8700000000000045,0.024933333333333394,1.8700000000000045,0.024933333333333394,76.87,76.87,75.0,76.87,75.0,76.87,,1.0,1.0,2,5,13,76.87,0.0,SAME,1.0
DPNB,2020-05-14,76.87,76.87,76.87,76.87,75.0,75.0,0.0,0.0,0.0,0.0,0.0,0.0,0.0,0.0,76.87,76.87,75.935,76.81156250000001,76.62374485596709,76.18436855406053,0.0,0.011150525647799014,0.007884612299353203,0.0,0.0,1.8700000000000045,0.024933333333333394,1.8700000000000045,0.024933333333333394,76.87,76.87,76.87,76.87,75.0,76.87,,,1.0,3,5,14,76.87,0.0,SAME,1.0
DPNB,2020-05-15,76.87,76.87,76.87,76.87,76.87,75.0,0.0,0.0,0.0,0.0,0.0,0.0,0.0,0.0,76.87,76.87,76.122,76.84078125,76.70582990397807,76.30902881695862,0.0,0.0,0.007884612299353203,0.0,0.0,0.0,0.0,1.8700000000000045,0.024933333333333394,76.87,76.87,76.87,76.87,75.0,76.87,,,1.0,4,5,15,76.87,0.0,SAME,1.0
DPNB,2020-05-18,76.87,76.87,76.87,76.87,76.87,75.0,0.0,0.0,0.0,0.0,0.0,0.0,0.0,0.0,76.87,76.87,76.309,76.85539062500001,76.76055326931872,76.4110235775116,0.0,0.0,0.007884612299353203,0.0,0.0,0.0,0.0,1.8700000000000045,0.024933333333333394,76.87,76.87,76.87,76.87,75.0,76.87,,,1.0,0,5,18,76.87,0.0,SAME,1.0
DPNB,2020-05-19,76.87,76.87,76.87,76.87,76.87,75.0,0.0,0.0,0.0,0.0,0.0,0.0,0.0,0.0,76.87,76.87,76.49600000000001,76.86269531250001,76.79703551287915,76.49447383614586,0.0,0.0,0.007884612299353203,0.0,0.0,0.0,0.0,1.8700000000000045,0.024933333333333394,76.87,76.87,76.87,76.87,75.0,76.87,,,1.0,1,5,19,76.87,0.0,SAME,1.0
DPNB,2020-05-20,76.87,76.87,76.87,76.87,76.87,75.0,0.0,0.0,0.0,0.0,0.0,0.0,0.0,0.0,76.87,76.87,76.683,76.86634765625001,76.8213570085861,76.56275132048297,0.0,0.0,0.007884612299353203,0.0,0.0,0.0,0.0,1.8700000000000045,0.024933333333333394,76.87,76.87,76.87,76.87,75.0,76.87,,,1.0,2,5,20,76.87,0.0,SAME,1.0
DPNB,2020-05-21,76.87,76.87,76.87,76.87,76.87,75.0,0.0,0.0,0.0,0.0,0.0,0.0,0.0,0.0,76.87,76.87,76.87,76.86817382812501,76.8375713390574,76.6186147167588,0.0,0.0,0.007884612299353203,0.0,0.0,0.0,0.0,1.8700000000000045,0.024933333333333394,76.87,76.87,76.87,76.87,76.87,76.87,,,,3,5,21,76.87,0.0,SAME,1.0
DPNB,2020-05-22,76.87,76.87,76.87,76.87,76.87,76.87,0.0,0.0,0.0,0.0,0.0,0.0,0.0,0.0,76.87,76.87,76.87,76.8690869140625,76.84838089270494,76.66432113189356,0.0,0.0,0.0,0.0,0.0,0.0,0.0,0.0,0.0,76.87,76.87,76.87,76.87,76.87,76.87,,,,4,5,22,76.87,0.0,SAME,1.0
DPNB,2020-05-25,76.87,76.87,76.87,76.87,76.87,76.87,0.0,0.0,0.0,0.0,0.0,0.0,0.0,0.0,76.87,76.87,76.87,76.86954345703126,76.8555872618033,76.70171728973109,0.0,0.0,0.0,0.0,0.0,0.0,0.0,0.0,0.0,76.87,76.87,76.87,76.87,76.87,76.87,,,,0,5,25,76.87,0.0,SAME,1.0
DPNB,2020-05-26,76.87,76.87,76.87,76.87,76.87,76.87,0.0,0.0,0.0,0.0,0.0,0.0,0.0,0.0,76.87,76.87,76.87,76.86977172851563,76.86039150786887,76.73231414614362,0.0,0.0,0.0,0.0,0.0,0.0,0.0,0.0,0.0,76.87,76.87,76.87,76.87,76.87,76.87,,,,1,5,26,76.87,0.0,SAME,1.0
DPNB,2020-05-27,76.87,76.87,76.87,76.87,76.87,76.87,0.0,0.0,0.0,0.0,0.0,0.0,0.0,0.0,76.87,76.87,76.87,76.86988586425781,76.86359433857925,76.75734793775388,0.0,0.0,0.0,0.0,0.0,0.0,0.0,0.0,0.0,76.87,76.87,76.87,76.87,76.87,76.87,,,,2,5,27,76.87,0.0,SAME,1.0
DPNB,2020-05-28,76.87,76.87,76.87,76.87,76.87,76.87,0.0,0.0,0.0,0.0,0.0,0.0,0.0,0.0,76.87,76.87,76.87,76.86994293212891,76.86572955905284,76.77783013088954,0.0,0.0,0.0,0.0,0.0,0.0,0.0,0.0,0.0,76.87,76.87,76.87,76.87,76.87,76.87,,,,3,5,28,76.87,0.0,SAME,1.0
DPNB,2020-05-29,76.87,76.87,76.87,76.87,76.87,76.87,0.0,0.0,0.0,0.0,0.0,0.0,0.0,0.0,76.87,76.87,76.87,76.86997146606446,76.86715303936856,76.79458828890962,0.0,0.0,0.0,0.0,0.0,0.0,0.0,0.0,0.0,76.87,76.87,76.87,76.87,76.87,76.87,,,,4,5,29,76.87,0.0,SAME,1.0
DPNB,2020-06-01,76.87,76.87,76.87,76.87,76.87,76.87,0.0,0.0,0.0,0.0,0.0,0.0,0.0,0.0,76.87,76.87,76.87,76.86998573303222,76.86810202624571,76.80829950910787,0.0,0.0,0.0,0.0,0.0,0.0,0.0,0.0,0.0,76.87,76.87,76.87,76.87,76.87,76.87,,,,0,6,1,76.87,0.0,SAME,1.0
DPNB,2020-06-02,76.87,76.87,76.87,76.87,76.87,76.87,0.0,0.0,0.0,0.0,0.0,0.0,0.0,0.0,76.87,76.87,76.87,76.86999286651611,76.86873468416381,76.81951778017917,0.0,0.0,0.0,0.0,0.0,0.0,0.0,0.0,0.0,76.87,76.87,76.87,76.87,76.87,76.87,,,,1,6,2,76.87,0.0,SAME,1.0
DPNB,2020-06-03,76.87,76.87,76.87,76.87,76.87,76.87,0.0,0.0,0.0,0.0,0.0,0.0,0.0,0.0,76.87,76.87,76.87,76.86999643325805,76.86915645610921,76.82869636560113,0.0,0.0,0.0,0.0,0.0,0.0,0.0,0.0,0.0,76.87,76.87,76.87,76.87,76.87,76.87,,,,2,6,3,76.87,0.0,SAME,1.0
DPNB,2020-06-04,76.87,76.87,76.87,76.87,76.87,76.87,0.0,0.0,0.0,0.0,0.0,0.0,0.0,0.0,76.87,76.87,76.87,76.86999821662903,76.86943763740615,76.83620611731001,0.0,0.0,0.0,0.0,0.0,0.0,0.0,0.0,0.0,76.87,76.87,76.87,76.87,76.87,76.87,,,,3,6,4,76.87,0.0,SAME,1.0
DPNB,2020-06-08,76.87,76.87,76.87,76.87,76.87,76.87,0.0,0.0,0.0,0.0,0.0,0.0,0.0,0.0,76.87,76.87,76.87,76.86999910831452,76.8696250916041,76.84235045961728,0.0,0.0,0.0,0.0,0.0,0.0,0.0,0.0,0.0,76.87,76.87,76.87,76.87,76.87,76.87,,,,0,6,8,78.79,1.9200000000000017,UP,2.0
DPNB,2020-06-09,78.79,76.87,76.87,76.87,76.87,76.87,1.9200000000000017,1.9200000000000017,1.9200000000000017,0.02497723429166121,0.02497723429166121,0.02497723429166121,0.02467040189655607,0.02467040189655607,77.51,77.254,77.062,77.82999955415727,77.50975006106941,77.19646855786868,0.014420612941902953,0.011170158753218655,0.007898495001331182,1.9200000000000017,0.024977234291661266,1.9200000000000017,0.024977234291661266,1.9200000000000017,0.024977234291661266,76.87,78.79,76.87,78.79,76.87,78.79,1.0,1.0,1.0,1,6,9,80.75,1.9599999999999937,UP,2.0
DPNB,2020-06-10,80.75,78.79,76.87,76.87,76.87,76.87,1.9599999999999937,3.8799999999999955,3.8799999999999955,0.024876253331640896,0.050474827631065367,0.050474827631065367,0.024571876845169028,0.04924227874172524,78.80333333333334,78.03,77.45,79.28999977707863,78.58983337404628,77.84256518371073,0.014391550818882111,0.013652986550926909,0.010510064963642327,3.8799999999999955,0.05047482763106537,3.8799999999999955,0.05047482763106537,3.8799999999999955,0.05047482763106537,76.87,80.75,76.87,80.75,76.87,80.75,1.0,1.0,1.0,2,6,10,82.76,2.010000000000005,UP,2.0
DPNB,2020-06-11,82.76,80.75,78.79,76.87,76.87,76.87,2.010000000000005,3.969999999999999,5.890000000000001,0.02489164086687312,0.050387104962558604,0.07662286978014832,0.024586890774576414,0.04915876761974546,80.76666666666667,79.208,78.03900000000002,81.02499988853933,79.97988891603086,78.73664424121787,5.44061346022411e-05,0.013646585205861378,0.012035136404270709,5.890000000000001,0.0766228697801483,5.890000000000001,0.0766228697801483,5.890000000000001,0.0766228697801483,78.79,82.76,76.87,82.76,76.87,82.76,1.0,1.0,1.0,3,6,11,83.5,0.7399999999999949,UP,2.0
DPNB,2020-06-12,83.5,82.76,80.75,78.79,76.87,76.87,0.7399999999999949,2.75,4.709999999999994,0.00894151764137252,0.034055727554179516,0.05977915979185178,0.008901778979467393,0.033488669754043826,82.33666666666666,80.534,78.702,82.26249994426966,81.15325927735391,79.60270892463281,0.00920436915458819,0.011635546692221818,0.011746816407398719,4.709999999999994,0.05977915979185167,6.6299999999999955,0.08624951216339267,6.6299999999999955,0.08624951216339267,80.75,83.5,76.87,83.5,76.87,83.5,1.0,1.0,1.0,4,6,12,83.5,0.0,SAME,1.0
DPNB,2020-06-15,83.5,83.5,82.76,80.75,76.87,76.87,0.0,0.7399999999999949,2.75,0.0,0.00894151764137252,0.034055727554179516,0.0,0.008901778979467393,83.25333333333333,81.86,79.36500000000001,82.88124997213484,81.93550618490261,80.31130730197229,0.01260919607327008,0.011635546692221818,0.011746816407398719,2.75,0.034055727554179564,6.6299999999999955,0.08624951216339267,6.6299999999999955,0.08624951216339267,82.76,83.5,78.79,83.5,76.87,83.5,1.0,1.0,1.0,0,6,15,83.5,0.0,SAME,1.0
DPNB,2020-06-16,83.5,83.5,83.5,82.76,78.79,76.87,0.0,0.0,0.7399999999999949,0.0,0.0,0.00894151764137252,0.0,0.0,83.5,82.80199999999999,80.02799999999999,83.19062498606742,82.4570041232684,80.8910696107046,0.005162387617210209,0.012540070722281204,0.011746816407398719,0.7399999999999949,0.008941517641372581,4.709999999999994,0.05977915979185167,6.6299999999999955,0.08624951216339267,83.5,83.5,80.75,83.5,76.87,83.5,,1.0,1.0,1,6,16,83.5,0.0,SAME,1.0
DPNB,2020-06-17,83.5,83.5,83.5,83.5,80.75,76.87,0.0,0.0,0.0,0.0,0.0,0.0,0.0,0.0,83.5,83.352,80.691,83.3453124930337,82.80466941551228,81.36542059057649,0.0,0.010846750663765038,0.011746816407398719,0.0,0.0,2.75,0.034055727554179564,6.6299999999999955,0.08624951216339267,83.5,83.5,82.76,83.5,76.87,83.5,,1.0,1.0,2,6,17,69.58,-13.920000000000002,DOWN,0.0
DPNB,2020-06-18,69.58,83.5,83.5,83.5,82.76,76.87,-13.920000000000002,-13.920000000000002,-13.920000000000002,-0.1667065868263473,-0.1667065868263473,-0.1667065868263473,-0.18236946213301383,-0.18236946213301383,78.86,80.716,79.962,76.46265624651684,78.3964462770082,79.22261684683531,0.09624809277987534,0.07565228585117814,0.056807755506767976,-13.920000000000002,-0.1667065868263473,-13.180000000000007,-0.15925567907201554,-7.290000000000006,-0.09483543645115138,69.58,83.5,69.58,83.5,69.58,83.5,0.0,0.0,0.0,3,6,18,69.58,0.0,SAME,1.0
DPNB,2020-06-19,69.58,69.58,83.5,83.5,83.5,76.87,0.0,-13.920000000000002,-13.920000000000002,0.0,-0.1667065868263473,-0.1667065868263473,0.0,-0.18236946213301383,74.22,77.93199999999999,79.233,73.02132812325843,75.4576308513388,77.46941378377434,0.09624809277987534,0.07455345208813671,0.056807755506767976,-13.920000000000002,-0.1667065868263473,-13.920000000000002,-0.1667065868263473,-7.290000000000006,-0.09483543645115138,69.58,83.5,69.58,83.5,69.58,83.5,0.0,0.0,0.0,4,6,19,69.58,0.0,SAME,1.0
DPNB,2020-06-22,69.58,69.58,69.58,83.5,83.5,76.87,0.0,0.0,-13.920000000000002,0.0,0.0,-0.1667065868263473,0.0,0.0,69.58,75.148,78.50399999999999,71.30066406162922,73.49842056755921,76.03497491399719,0.09624809277987534,0.07455345208813671,0.056807755506767976,-13.920000000000002,-0.1667065868263473,-13.920000000000002,-0.1667065868263473,-7.290000000000006,-0.09483543645115138,69.58,69.58,69.58,83.5,69.58,83.5,,0.0,0.0,0,6,22,69.58,0.0,SAME,1.0
DPNB,2020-06-23,69.58,69.58,69.58,69.58,83.5,78.79,0.0,0.0,0.0,0.0,0.0,0.0,0.0,0.0,69.58,72.364,77.583,70.4403320308146,72.19228037837281,74.86134311145224,0.0,0.07455345208813671,0.0557206520793993,0.0,0.0,-13.920000000000002,-0.1667065868263473,-9.210000000000008,-0.11689300672674206,69.58,69.58,69.58,83.5,69.58,83.5,,0.0,0.0,1,6,23,69.58,0.0,SAME,1.0
DPNB,2020-06-24,69.58,69.58,69.58,69.58,83.5,80.75,0.0,0.0,0.0,0.0,0.0,0.0,0.0,0.0,69.58,69.58,76.46600000000001,70.0101660154073,71.32152025224855,73.90109890937002,0.0,0.07455345208813671,0.054492706768649604,0.0,0.0,-13.920000000000002,-0.1667065868263473,-11.170000000000002,-0.13832817337461303,69.58,69.58,69.58,69.58,69.58,83.5,,,0.0,2,6,24,69.58,0.0,SAME,1.0
DPNB,2020-06-25,69.58,69.58,69.58,69.58,69.58,82.76,0.0,0.0,0.0,0.0,0.0,0.0,0.0,0.0,69.58,69.58,75.148,69.79508300770365,70.74101350149904,73.11544456221183,0.0,0.0,0.05310582215782566,0.0,0.0,0.0,0.0,-13.180000000000007,-0.15925567907201554,69.58,69.58,69.58,69.58,69.58,83.5,,,0.0,3,6,25,69.58,0.0,SAME,1.0
DPNB,2020-06-26,69.58,69.58,69.58,69.58,69.58,83.5,0.0,0.0,0.0,0.0,0.0,0.0,0.0,0.0,69.58,69.58,73.756,69.68754150385183,70.35400900099937,72.47263645999149,0.0,0.0,0.052717251532387835,0.0,0.0,0.0,0.0,-13.920000000000002,-0.1667065868263473,69.58,69.58,69.58,69.58,69.58,83.5,,,0.0,4,6,26,69.58,0.0,SAME,1.0
DPNB,2020-06-29,69.58,69.58,69.58,69.58,69.58,83.5,0.0,0.0,0.0,0.0,0.0,0.0,0.0,0.0,69.58,69.58,72.36399999999999,69.63377075192591,70.09600600066625,71.94670255817485,0.0,0.0,0.052717251532387835,0.0,0.0,0.0,0.0,-13.920000000000002,-0.1667065868263473,69.58,69.58,69.58,69.58,69.58,83.5,,,0.0,0,6,29,69.58,0.0,SAME,1.0
DPNB,2020-07-01,69.58,69.58,69.58,69.58,69.58,83.5,0.0,0.0,0.0,0.0,0.0,0.0,0.0,0.0,69.58,69.58,70.972,69.60688537596295,69.92400400044417,71.51639300214306,0.0,0.0,0.052717251532387835,0.0,0.0,0.0,0.0,-13.920000000000002,-0.1667065868263473,69.58,69.58,69.58,69.58,69.58,83.5,,,0.0,2,7,1,69.58,0.0,SAME,1.0
DPNB,2020-07-02,69.58,69.58,69.58,69.58,69.58,83.5,0.0,0.0,0.0,0.0,0.0,0.0,0.0,0.0,69.58,69.58,69.58,69.59344268798148,69.80933600029611,71.16432154720796,0.0,0.0,0.052717251532387835,0.0,0.0,0.0,0.0,-13.920000000000002,-0.1667065868263473,69.58,69.58,69.58,69.58,69.58,69.58,,,,3,7,2,69.58,0.0,SAME,1.0
DPNB,2020-07-03,69.58,69.58,69.58,69.58,69.58,69.58,0.0,0.0,0.0,0.0,0.0,0.0,0.0,0.0,69.58,69.58,69.58,69.58672134399075,69.73289066686408,70.87626308407924,0.0,0.0,0.0,0.0,0.0,0.0,0.0,0.0,0.0,69.58,69.58,69.58,69.58,69.58,69.58,,,,4,7,3,69.58,0.0,SAME,1.0
DPNB,2020-07-06,69.58,69.58,69.58,69.58,69.58,69.58,0.0,0.0,0.0,0.0,0.0,0.0,0.0,0.0,69.58,69.58,69.58,69.58336067199537,69.68192711124273,70.64057888697393,0.0,0.0,0.0,0.0,0.0,0.0,0.0,0.0,0.0,69.58,69.58,69.58,69.58,69.58,69.58,,,,0,7,6,69.58,0.0,SAME,1.0
DPNB,2020-07-07,69.58,69.58,69.58,69.58,69.58,69.58,0.0,0.0,0.0,0.0,0.0,0.0,0.0,0.0,69.58,69.58,69.58,69.58168033599767,69.64795140749516,70.44774636206958,0.0,0.0,0.0,0.0,0.0,0.0,0.0,0.0,0.0,69.58,69.58,69.58,69.58,69.58,69.58,,,,1,7,7,69.58,0.0,SAME,1.0
DPNB,2020-07-08,69.58,69.58,69.58,69.58,69.58,69.58,0.0,0.0,0.0,0.0,0.0,0.0,0.0,0.0,69.58,69.58,69.58,69.58084016799884,69.62530093833011,70.28997429623874,0.0,0.0,0.0,0.0,0.0,0.0,0.0,0.0,0.0,69.58,69.58,69.58,69.58,69.58,69.58,,,,2,7,8,69.58,0.0,SAME,1.0
DPNB,2020-07-09,69.58,69.58,69.58,69.58,69.58,69.58,0.0,0.0,0.0,0.0,0.0,0.0,0.0,0.0,69.58,69.58,69.58,69.58042008399943,69.61020062555342,70.16088806055896,0.0,0.0,0.0,0.0,0.0,0.0,0.0,0.0,0.0,69.58,69.58,69.58,69.58,69.58,69.58,,,,3,7,9,69.58,0.0,SAME,1.0
DPNB,2020-07-10,69.58,69.58,69.58,69.58,69.58,69.58,0.0,0.0,0.0,0.0,0.0,0.0,0.0,0.0,69.58,69.58,69.58,69.58021004199972,69.60013375036895,70.05527204954824,0.0,0.0,0.0,0.0,0.0,0.0,0.0,0.0,0.0,69.58,69.58,69.58,69.58,69.58,69.58,,,,4,7,10,69.58,0.0,SAME,1.0
DPNB,2020-07-13,69.58,69.58,69.58,69.58,69.58,69.58,0.0,0.0,0.0,0.0,0.0,0.0,0.0,0.0,69.58,69.58,69.58,69.58010502099987,69.59342250024598,69.96885894963037,0.0,0.0,0.0,0.0,0.0,0.0,0.0,0.0,0.0,69.58,69.58,69.58,69.58,69.58,69.58,,,,0,7,13,69.58,0.0,SAME,1.0
DPNB,2020-07-14,69.58,69.58,69.58,69.58,69.58,69.58,0.0,0.0,0.0,0.0,0.0,0.0,0.0,0.0,69.58,69.58,69.58,69.58005251049994,69.58894833349733,69.89815732242485,0.0,0.0,0.0,0.0,0.0,0.0,0.0,0.0,0.0,69.58,69.58,69.58,69.58,69.58,69.58,,,,1,7,14,69.58,0.0,SAME,1.0
DPNB,2020-07-15,69.58,69.58,69.58,69.58,69.58,69.58,0.0,0.0,0.0,0.0,0.0,0.0,0.0,0.0,69.58,69.58,69.58,69.58002625524998,69.58596555566488,69.84031053652942,0.0,0.0,0.0,0.0,0.0,0.0,0.0,0.0,0.0,69.58,69.58,69.58,69.58,69.58,69.58,,,,2,7,15,69.58,0.0,SAME,1.0
DPNB,2020-07-16,69.58,69.58,69.58,69.58,69.58,69.58,0.0,0.0,0.0,0.0,0.0,0.0,0.0,0.0,69.58,69.58,69.58,69.580013127625,69.58397703710993,69.79298134806952,0.0,0.0,0.0,0.0,0.0,0.0,0.0,0.0,0.0,69.58,69.58,69.58,69.58,69.58,69.58,,,,3,7,16,69.58,0.0,SAME,1.0
DPNB,2020-07-17,69.58,69.58,69.58,69.58,69.58,69.58,0.0,0.0,0.0,0.0,0.0,0.0,0.0,0.0,69.58,69.58,69.58,69.5800065638125,69.58265135807329,69.75425746660233,0.0,0.0,0.0,0.0,0.0,0.0,0.0,0.0,0.0,69.58,69.58,69.58,69.58,69.58,69.58,,,,4,7,17,69.58,0.0,SAME,1.0
DPNB,2020-07-20,69.58,69.58,69.58,69.58,69.58,69.58,0.0,0.0,0.0,0.0,0.0,0.0,0.0,0.0,69.58,69.58,69.58,69.58000328190624,69.58176757204886,69.72257429085644,0.0,0.0,0.0,0.0,0.0,0.0,0.0,0.0,0.0,69.58,69.58,69.58,69.58,69.58,69.58,,,,0,7,20,69.58,0.0,SAME,1.0
DPNB,2020-07-21,69.58,69.58,69.58,69.58,69.58,69.58,0.0,0.0,0.0,0.0,0.0,0.0,0.0,0.0,69.58,69.58,69.58,69.58000164095313,69.58117838136592,69.6966516925189,0.0,0.0,0.0,0.0,0.0,0.0,0.0,0.0,0.0,69.58,69.58,69.58,69.58,69.58,69.58,,,,1,7,21,69.58,0.0,SAME,1.0
DPNB,2020-07-22,69.58,69.58,69.58,69.58,69.58,69.58,0.0,0.0,0.0,0.0,0.0,0.0,0.0,0.0,69.58,69.58,69.58,69.58000082047656,69.58078558757728,69.6754422938791,0.0,0.0,0.0,0.0,0.0,0.0,0.0,0.0,0.0,69.58,69.58,69.58,69.58,69.58,69.58,,,,2,7,22,69.58,0.0,SAME,1.0
DPNB,2020-07-23,69.58,69.58,69.58,69.58,69.58,69.58,0.0,0.0,0.0,0.0,0.0,0.0,0.0,0.0,69.58,69.58,69.58,69.58000041023828,69.58052372505152,69.65808914953745,0.0,0.0,0.0,0.0,0.0,0.0,0.0,0.0,0.0,69.58,69.58,69.58,69.58,69.58,69.58,,,,3,7,23,69.58,0.0,SAME,1.0
DPNB,2020-07-27,69.58,69.58,69.58,69.58,69.58,69.58,0.0,0.0,0.0,0.0,0.0,0.0,0.0,0.0,69.58,69.58,69.58,69.58000020511915,69.58034915003435,69.64389112234882,0.0,0.0,0.0,0.0,0.0,0.0,0.0,0.0,0.0,69.58,69.58,69.58,69.58,69.58,69.58,,,,0,7,27,69.58,0.0,SAME,1.0
DPNB,2020-07-28,69.58,69.58,69.58,69.58,69.58,69.58,0.0,0.0,0.0,0.0,0.0,0.0,0.0,0.0,69.58,69.58,69.58,69.58000010255958,69.58023276668958,69.63227455464903,0.0,0.0,0.0,0.0,0.0,0.0,0.0,0.0,0.0,69.58,69.58,69.58,69.58,69.58,69.58,,,,1,7,28,69.58,0.0,SAME,1.0
DPNB,2020-07-29,69.58,69.58,69.58,69.58,69.58,69.58,0.0,0.0,0.0,0.0,0.0,0.0,0.0,0.0,69.58,69.58,69.58,69.5800000512798,69.58015517779306,69.62277009016738,0.0,0.0,0.0,0.0,0.0,0.0,0.0,0.0,0.0,69.58,69.58,69.58,69.58,69.58,69.58,,,,2,7,29,69.58,0.0,SAME,1.0
DPNB,2020-07-30,69.58,69.58,69.58,69.58,69.58,69.58,0.0,0.0,0.0,0.0,0.0,0.0,0.0,0.0,69.58,69.58,69.58,69.58000002563989,69.58010345186204,69.61499371013694,0.0,0.0,0.0,0.0,0.0,0.0,0.0,0.0,0.0,69.58,69.58,69.58,69.58,69.58,69.58,,,,3,7,30,69.58,0.0,SAME,1.0
DPNB,2020-07-31,69.58,69.58,69.58,69.58,69.58,69.58,0.0,0.0,0.0,0.0,0.0,0.0,0.0,0.0,69.58,69.58,69.58,69.58000001281994,69.58006896790803,69.60863121738477,0.0,0.0,0.0,0.0,0.0,0.0,0.0,0.0,0.0,69.58,69.58,69.58,69.58,69.58,69.58,,,,4,7,31,69.58,0.0,SAME,1.0
DPNB,2020-08-03,69.58,69.58,69.58,69.58,69.58,69.58,0.0,0.0,0.0,0.0,0.0,0.0,0.0,0.0,69.58,69.58,69.58,69.58000000640996,69.58004597860536,69.60342554149662,0.0,0.0,0.0,0.0,0.0,0.0,0.0,0.0,0.0,69.58,69.58,69.58,69.58,69.58,69.58,,,,0,8,3,69.58,0.0,SAME,1.0
DPNB,2020-08-04,69.58,69.58,69.58,69.58,69.58,69.58,0.0,0.0,0.0,0.0,0.0,0.0,0.0,0.0,69.58,69.58,69.58,69.58000000320499,69.58003065240358,69.5991663521336,0.0,0.0,0.0,0.0,0.0,0.0,0.0,0.0,0.0,69.58,69.58,69.58,69.58,69.58,69.58,,,,1,8,4,69.58,0.0,SAME,1.0
DPNB,2020-08-05,69.58,69.58,69.58,69.58,69.58,69.58,0.0,0.0,0.0,0.0,0.0,0.0,0.0,0.0,69.58,69.58,69.58,69.58000000160249,69.58002043493572,69.59568156083657,0.0,0.0,0.0,0.0,0.0,0.0,0.0,0.0,0.0,69.58,69.58,69.58,69.58,69.58,69.58,,,,2,8,5,69.58,0.0,SAME,1.0
DPNB,2020-08-06,69.58,69.58,69.58,69.58,69.58,69.58,0.0,0.0,0.0,0.0,0.0,0.0,0.0,0.0,69.58,69.58,69.58,69.58000000080125,69.58001362329048,69.59283036795719,0.0,0.0,0.0,0.0,0.0,0.0,0.0,0.0,0.0,69.58,69.58,69.58,69.58,69.58,69.58,,,,3,8,6,69.58,0.0,SAME,1.0
DPNB,2020-08-07,69.58,69.58,69.58,69.58,69.58,69.58,0.0,0.0,0.0,0.0,0.0,0.0,0.0,0.0,69.58,69.58,69.58,69.58000000040062,69.58000908219365,69.59049757378315,0.0,0.0,0.0,0.0,0.0,0.0,0.0,0.0,0.0,69.58,69.58,69.58,69.58,69.58,69.58,,,,4,8,7,69.58,0.0,SAME,1.0
DPNB,2020-08-10,69.58,69.58,69.58,69.58,69.58,69.58,0.0,0.0,0.0,0.0,0.0,0.0,0.0,0.0,69.58,69.58,69.58,69.5800000002003,69.58000605479577,69.5885889240044,0.0,0.0,0.0,0.0,0.0,0.0,0.0,0.0,0.0,69.58,69.58,69.58,69.58,69.58,69.58,,,,0,8,10,69.58,0.0,SAME,1.0
DPNB,2020-08-11,69.58,69.58,69.58,69.58,69.58,69.58,0.0,0.0,0.0,0.0,0.0,0.0,0.0,0.0,69.58,69.58,69.58,69.58000000010014,69.58000403653053,69.58702730145814,0.0,0.0,0.0,0.0,0.0,0.0,0.0,0.0,0.0,69.58,69.58,69.58,69.58,69.58,69.58,,,,1,8,11,69.58,0.0,SAME,1.0
DPNB,2020-08-12,69.58,69.58,69.58,69.58,69.58,69.58,0.0,0.0,0.0,0.0,0.0,0.0,0.0,0.0,69.58,69.58,69.58,69.58000000005006,69.58000269102035,69.58574961028393,0.0,0.0,0.0,0.0,0.0,0.0,0.0,0.0,0.0,69.58,69.58,69.58,69.58,69.58,69.58,,,,2,8,12,69.58,0.0,SAME,1.0
DPNB,2020-08-13,69.58,69.58,69.58,69.58,69.58,69.58,0.0,0.0,0.0,0.0,0.0,0.0,0.0,0.0,69.58,69.58,69.58,69.58000000002502,69.58000179401357,69.58470422659593,0.0,0.0,0.0,0.0,0.0,0.0,0.0,0.0,0.0,69.58,69.58,69.58,69.58,69.58,69.58,,,,3,8,13,69.58,0.0,SAME,1.0
DPNB,2020-08-14,69.58,69.58,69.58,69.58,69.58,69.58,0.0,0.0,0.0,0.0,0.0,0.0,0.0,0.0,69.58,69.58,69.58,69.58000000001252,69.58000119600905,69.5838489126694,0.0,0.0,0.0,0.0,0.0,0.0,0.0,0.0,0.0,69.58,69.58,69.58,69.58,69.58,69.58,,,,4,8,14,69.58,0.0,SAME,1.0
DPNB,2020-08-17,69.58,69.58,69.58,69.58,69.58,69.58,0.0,0.0,0.0,0.0,0.0,0.0,0.0,0.0,69.58,69.58,69.58,69.58000000000627,69.58000079733937,69.58314911036587,0.0,0.0,0.0,0.0,0.0,0.0,0.0,0.0,0.0,69.58,69.58,69.58,69.58,69.58,69.58,,,,0,8,17,69.58,0.0,SAME,1.0
DPNB,2020-08-18,69.58,69.58,69.58,69.58,69.58,69.58,0.0,0.0,0.0,0.0,0.0,0.0,0.0,0.0,69.58,69.58,69.58,69.58000000000314,69.58000053155958,69.5825765448448,0.0,0.0,0.0,0.0,0.0,0.0,0.0,0.0,0.0,69.58,69.58,69.58,69.58,69.58,69.58,,,,1,8,18,69.58,0.0,SAME,1.0
DPNB,2020-08-19,69.58,69.58,69.58,69.58,69.58,69.58,0.0,0.0,0.0,0.0,0.0,0.0,0.0,0.0,69.58,69.58,69.58,69.58000000000158,69.58000035437306,69.58210808214574,0.0,0.0,0.0,0.0,0.0,0.0,0.0,0.0,0.0,69.58,69.58,69.58,69.58,69.58,69.58,,,,2,8,19,69.58,0.0,SAME,1.0
DPNB,2020-08-20,69.58,69.58,69.58,69.58,69.58,69.58,0.0,0.0,0.0,0.0,0.0,0.0,0.0,0.0,69.58,69.58,69.58,69.58000000000078,69.58000023624871,69.58172479448287,0.0,0.0,0.0,0.0,0.0,0.0,0.0,0.0,0.0,69.58,69.58,69.58,69.58,69.58,69.58,,,,3,8,20,69.58,0.0,SAME,1.0
DPNB,2020-08-21,69.58,69.58,69.58,69.58,69.58,69.58,0.0,0.0,0.0,0.0,0.0,0.0,0.0,0.0,69.58,69.58,69.58,69.58000000000038,69.58000015749914,69.58141119548598,0.0,0.0,0.0,0.0,0.0,0.0,0.0,0.0,0.0,69.58,69.58,69.58,69.58,69.58,69.58,,,,4,8,21,69.58,0.0,SAME,1.0
DPNB,2020-08-24,69.58,69.58,69.58,69.58,69.58,69.58,0.0,0.0,0.0,0.0,0.0,0.0,0.0,0.0,69.58,69.58,69.58,69.58000000000018,69.58000010499943,69.58115461448853,0.0,0.0,0.0,0.0,0.0,0.0,0.0,0.0,0.0,69.58,69.58,69.58,69.58,69.58,69.58,,,,0,8,24,69.58,0.0,SAME,1.0
DPNB,2020-08-25,69.58,69.58,69.58,69.58,69.58,69.58,0.0,0.0,0.0,0.0,0.0,0.0,0.0,0.0,69.58,69.58,69.58,69.5800000000001,69.58000006999963,69.58094468458152,0.0,0.0,0.0,0.0,0.0,0.0,0.0,0.0,0.0,69.58,69.58,69.58,69.58,69.58,69.58,,,,1,8,25,69.58,0.0,SAME,1.0
DPNB,2020-08-26,69.58,69.58,69.58,69.58,69.58,69.58,0.0,0.0,0.0,0.0,0.0,0.0,0.0,0.0,69.58,69.58,69.58,69.58000000000004,69.58000004666643,69.58077292374851,0.0,0.0,0.0,0.0,0.0,0.0,0.0,0.0,0.0,69.58,69.58,69.58,69.58,69.58,69.58,,,,2,8,26,69.58,0.0,SAME,1.0
DPNB,2020-08-27,69.58,69.58,69.58,69.58,69.58,69.58,0.0,0.0,0.0,0.0,0.0,0.0,0.0,0.0,69.58,69.58,69.58,69.58000000000001,69.58000003111096,69.58063239215787,0.0,0.0,0.0,0.0,0.0,0.0,0.0,0.0,0.0,69.58,69.58,69.58,69.58,69.58,69.58,,,,3,8,27,69.58,0.0,SAME,1.0
DPNB,2020-08-28,69.58,69.58,69.58,69.58,69.58,69.58,0.0,0.0,0.0,0.0,0.0,0.0,0.0,0.0,69.58,69.58,69.58,69.58000000000001,69.58000002074064,69.58051741176553,0.0,0.0,0.0,0.0,0.0,0.0,0.0,0.0,0.0,69.58,69.58,69.58,69.58,69.58,69.58,,,,4,8,28,69.58,0.0,SAME,1.0
DPNB,2020-08-31,69.58,69.58,69.58,69.58,69.58,69.58,0.0,0.0,0.0,0.0,0.0,0.0,0.0,0.0,69.58,69.58,69.58,69.58000000000001,69.5800000138271,69.58042333689906,0.0,0.0,0.0,0.0,0.0,0.0,0.0,0.0,0.0,69.58,69.58,69.58,69.58,69.58,69.58,,,,0,8,31,69.58,0.0,SAME,1.0
DPNB,2020-09-01,69.58,69.58,69.58,69.58,69.58,69.58,0.0,0.0,0.0,0.0,0.0,0.0,0.0,0.0,69.58,69.58,69.58,69.58000000000001,69.58000000921807,69.58034636655377,0.0,0.0,0.0,0.0,0.0,0.0,0.0,0.0,0.0,69.58,69.58,69.58,69.58,69.58,69.58,,,,1,9,1,69.58,0.0,SAME,1.0
DPNB,2020-09-02,69.58,69.58,69.58,69.58,69.58,69.58,0.0,0.0,0.0,0.0,0.0,0.0,0.0,0.0,69.58,69.58,69.58,69.58000000000001,69.58000000614538,69.58028339081672,0.0,0.0,0.0,0.0,0.0,0.0,0.0,0.0,0.0,69.58,69.58,69.58,69.58,69.58,69.58,,,,2,9,2,69.58,0.0,SAME,1.0
DPNB,2020-09-03,69.58,69.58,69.58,69.58,69.58,69.58,0.0,0.0,0.0,0.0,0.0,0.0,0.0,0.0,69.58,69.58,69.58,69.58000000000001,69.58000000409693,69.58023186521368,0.0,0.0,0.0,0.0,0.0,0.0,0.0,0.0,0.0,69.58,69.58,69.58,69.58,69.58,69.58,,,,3,9,3,69.58,0.0,SAME,1.0
DPNB,2020-09-04,69.58,69.58,69.58,69.58,69.58,69.58,0.0,0.0,0.0,0.0,0.0,0.0,0.0,0.0,69.58,69.58,69.58,69.58000000000001,69.5800000027313,69.5801897079021,0.0,0.0,0.0,0.0,0.0,0.0,0.0,0.0,0.0,69.58,69.58,69.58,69.58,69.58,69.58,,,,4,9,4,69.58,0.0,SAME,1.0
DPNB,2020-09-07,69.58,69.58,69.58,69.58,69.58,69.58,0.0,0.0,0.0,0.0,0.0,0.0,0.0,0.0,69.58,69.58,69.58,69.58000000000001,69.58000000182086,69.58015521555626,0.0,0.0,0.0,0.0,0.0,0.0,0.0,0.0,0.0,69.58,69.58,69.58,69.58,69.58,69.58,,,,0,9,7,69.58,0.0,SAME,1.0
DPNB,2020-09-08,69.58,69.58,69.58,69.58,69.58,69.58,0.0,0.0,0.0,0.0,0.0,0.0,0.0,0.0,69.58,69.58,69.58,69.58000000000001,69.58000000121392,69.58012699454603,0.0,0.0,0.0,0.0,0.0,0.0,0.0,0.0,0.0,69.58,69.58,69.58,69.58,69.58,69.58,,,,1,9,8,69.58,0.0,SAME,1.0
DPNB,2020-09-09,69.58,69.58,69.58,69.58,69.58,69.58,0.0,0.0,0.0,0.0,0.0,0.0,0.0,0.0,69.58,69.58,69.58,69.58000000000001,69.58000000080928,69.58010390462857,0.0,0.0,0.0,0.0,0.0,0.0,0.0,0.0,0.0,69.58,69.58,69.58,69.58,69.58,69.58,,,,2,9,9,69.58,0.0,SAME,1.0
DPNB,2020-09-10,69.58,69.58,69.58,69.58,69.58,69.58,0.0,0.0,0.0,0.0,0.0,0.0,0.0,0.0,69.58,69.58,69.58,69.58000000000001,69.58000000053953,69.58008501287792,0.0,0.0,0.0,0.0,0.0,0.0,0.0,0.0,0.0,69.58,69.58,69.58,69.58,69.58,69.58,,,,3,9,10,69.58,0.0,SAME,1.0
DPNB,2020-09-11,69.58,69.58,69.58,69.58,69.58,69.58,0.0,0.0,0.0,0.0,0.0,0.0,0.0,0.0,69.58,69.58,69.58,69.58000000000001,69.58000000035969,69.58006955599102,0.0,0.0,0.0,0.0,0.0,0.0,0.0,0.0,0.0,69.58,69.58,69.58,69.58,69.58,69.58,,,,4,9,11,69.58,0.0,SAME,1.0
DPNB,2020-09-14,69.58,69.58,69.58,69.58,69.58,69.58,0.0,0.0,0.0,0.0,0.0,0.0,0.0,0.0,69.58,69.58,69.58,69.58000000000001,69.58000000023979,69.5800569094472,0.0,0.0,0.0,0.0,0.0,0.0,0.0,0.0,0.0,69.58,69.58,69.58,69.58,69.58,69.58,,,,0,9,14,69.58,0.0,SAME,1.0
DPNB,2020-09-15,69.58,69.58,69.58,69.58,69.58,69.58,0.0,0.0,0.0,0.0,0.0,0.0,0.0,0.0,69.58,69.58,69.58,69.58000000000001,69.58000000015987,69.58004656227497,0.0,0.0,0.0,0.0,0.0,0.0,0.0,0.0,0.0,69.58,69.58,69.58,69.58,69.58,69.58,,,,1,9,15,69.58,0.0,SAME,1.0
DPNB,2020-09-16,69.58,69.58,69.58,69.58,69.58,69.58,0.0,0.0,0.0,0.0,0.0,0.0,0.0,0.0,69.58,69.58,69.58,69.58000000000001,69.58000000010658,69.5800380964068,0.0,0.0,0.0,0.0,0.0,0.0,0.0,0.0,0.0,69.58,69.58,69.58,69.58,69.58,69.58,,,,2,9,16,68.0,-1.5799999999999983,DOWN,0.0
DPNB,2020-09-17,68.0,69.58,69.58,69.58,69.58,69.58,-1.5799999999999983,-1.5799999999999983,-1.5799999999999983,-0.02270767461914336,-0.02270767461914336,-0.02270767461914336,-0.022969464547689198,-0.022969464547689198,69.05333333333334,69.264,69.422,68.79,69.0533333334044,69.29275844251464,0.01311028205403285,0.01015518081187024,0.0071807972162489546,-1.5799999999999983,-0.022707674619143407,-1.5799999999999983,-0.022707674619143407,-1.5799999999999983,-0.022707674619143407,68.0,69.58,68.0,69.58,68.0,69.58,0.0,0.0,0.0,3,9,17,68.0,0.0,SAME,1.0
DPNB,2020-09-18,68.0,68.0,69.58,69.58,69.58,69.58,0.0,-1.5799999999999983,-1.5799999999999983,0.0,-0.02270767461914336,-0.02270767461914336,0.0,-0.022969464547689198,68.52666666666666,68.94800000000001,69.264,68.39500000000001,68.7022222222696,69.05771145296652,0.01311028205403285,0.01015518081187024,0.0071807972162489546,-1.5799999999999983,-0.022707674619143407,-1.5799999999999983,-0.022707674619143407,-1.5799999999999983,-0.022707674619143407,68.0,69.58,68.0,69.58,68.0,69.58,0.0,0.0,0.0,4,9,18,68.0,0.0,SAME,1.0
DPNB,2020-09-21,68.0,68.0,68.0,69.58,69.58,69.58,0.0,0.0,-1.5799999999999983,0.0,0.0,-0.02270767461914336,0.0,0.0,68.0,68.632,69.106,68.1975,68.46814814817974,68.86540027969987,0.01311028205403285,0.01015518081187024,0.0071807972162489546,-1.5799999999999983,-0.022707674619143407,-1.5799999999999983,-0.022707674619143407,-1.5799999999999983,-0.022707674619143407,68.0,68.0,68.0,69.58,68.0,69.58,,0.0,0.0,0,9,21,68.0,0.0,SAME,1.0
DPNB,2020-09-24,68.0,68.0,68.0,68.0,69.58,69.58,0.0,0.0,0.0,0.0,0.0,0.0,0.0,0.0,68.0,68.316,68.94800000000001,68.09875,68.31209876545316,68.7080547742999,0.0,0.01015518081187024,0.0071807972162489546,0.0,0.0,-1.5799999999999983,-0.022707674619143407,-1.5799999999999983,-0.022707674619143407,68.0,68.0,68.0,69.58,68.0,69.58,,0.0,0.0,3,9,24,68.0,0.0,SAME,1.0
DPNB,2020-09-25,68.0,68.0,68.0,68.0,69.58,69.58,0.0,0.0,0.0,0.0,0.0,0.0,0.0,0.0,68.0,68.0,68.78999999999999,68.049375,68.20806584363544,68.579317542609,0.0,0.01015518081187024,0.0071807972162489546,0.0,0.0,-1.5799999999999983,-0.022707674619143407,-1.5799999999999983,-0.022707674619143407,68.0,68.0,68.0,68.0,68.0,69.58,,,0.0,4,9,25,68.0,0.0,SAME,1.0
DPNB,2020-09-29,68.0,68.0,68.0,68.0,68.0,69.58,0.0,0.0,0.0,0.0,0.0,0.0,0.0,0.0,68.0,68.0,68.632,68.0246875,68.13871056242363,68.47398708031645,0.0,0.0,0.0071807972162489546,0.0,0.0,0.0,0.0,-1.5799999999999983,-0.022707674619143407,68.0,68.0,68.0,68.0,68.0,69.58,,,0.0,1,9,29,68.0,0.0,SAME,1.0
DPNB,2020-09-30,68.0,68.0,68.0,68.0,68.0,69.58,0.0,0.0,0.0,0.0,0.0,0.0,0.0,0.0,68.0,68.0,68.474,68.01234375,68.09247370828243,68.387807611168,0.0,0.0,0.0071807972162489546,0.0,0.0,0.0,0.0,-1.5799999999999983,-0.022707674619143407,68.0,68.0,68.0,68.0,68.0,69.58,,,0.0,2,9,30,68.0,0.0,SAME,1.0
DPNB,2020-10-01,68.0,68.0,68.0,68.0,68.0,69.58,0.0,0.0,0.0,0.0,0.0,0.0,0.0,0.0,68.0,68.0,68.316,68.006171875,68.06164913885496,68.31729713641018,0.0,0.0,0.0071807972162489546,0.0,0.0,0.0,0.0,-1.5799999999999983,-0.022707674619143407,68.0,68.0,68.0,68.0,68.0,69.58,,,0.0,3,10,1,68.0,0.0,SAME,1.0
DPNB,2020-10-02,68.0,68.0,68.0,68.0,68.0,69.58,0.0,0.0,0.0,0.0,0.0,0.0,0.0,0.0,68.0,68.0,68.158,68.0030859375,68.04109942590331,68.25960674797196,0.0,0.0,0.0071807972162489546,0.0,0.0,0.0,0.0,-1.5799999999999983,-0.022707674619143407,68.0,68.0,68.0,68.0,68.0,69.58,,,0.0,4,10,2,68.0,0.0,SAME,1.0
DPNB,2020-10-05,68.0,68.0,68.0,68.0,68.0,69.58,0.0,0.0,0.0,0.0,0.0,0.0,0.0,0.0,68.0,68.0,68.0,68.00154296875,68.02739961726888,68.21240552106796,0.0,0.0,0.0071807972162489546,0.0,0.0,0.0,0.0,-1.5799999999999983,-0.022707674619143407,68.0,68.0,68.0,68.0,68.0,68.0,,,,0,10,5,68.0,0.0,SAME,1.0
DPNB,2020-10-06,68.0,68.0,68.0,68.0,68.0,68.0,0.0,0.0,0.0,0.0,0.0,0.0,0.0,0.0,68.0,68.0,68.0,68.00077148437501,68.0182664115126,68.17378633541924,0.0,0.0,0.0,0.0,0.0,0.0,0.0,0.0,0.0,68.0,68.0,68.0,68.0,68.0,68.0,,,,1,10,6,66.0,-2.0,DOWN,0.0
DPNB,2020-10-07,66.0,68.0,68.0,68.0,68.0,68.0,-2.0,-2.0,-2.0,-0.02941176470588236,-0.02941176470588236,-0.02941176470588236,-0.02985296314968116,-0.02985296314968116,67.33333333333333,67.6,67.8,67.0003857421875,67.3455109410084,67.7785524562521,0.016980890270283117,0.013153341044116413,0.009300816647554059,-2.0,-0.029411764705882353,-2.0,-0.029411764705882353,-2.0,-0.029411764705882353,66.0,68.0,66.0,68.0,66.0,68.0,0.0,0.0,0.0,2,10,7,66.0,0.0,SAME,1.0
DPNB,2020-10-08,66.0,66.0,68.0,68.0,68.0,68.0,0.0,-2.0,-2.0,0.0,-0.02941176470588236,-0.02941176470588236,0.0,-0.02985296314968116,66.66666666666667,67.2,67.6,66.50019287109376,66.8970072940056,67.45517928238809,0.016980890270283117,0.013153341044116413,0.009300816647554059,-2.0,-0.029411764705882353,-2.0,-0.029411764705882353,-2.0,-0.029411764705882353,66.0,68.0,66.0,68.0,66.0,68.0,0.0,0.0,0.0,3,10,8,66.0,0.0,SAME,1.0
DPNB,2020-10-09,66.0,66.0,66.0,68.0,68.0,68.0,0.0,0.0,-2.0,0.0,0.0,-0.02941176470588236,0.0,0.0,66.0,66.8,67.4,66.25009643554688,66.59800486267041,67.1906012310448,0.016980890270283117,0.013153341044116413,0.009300816647554059,-2.0,-0.029411764705882353,-2.0,-0.029411764705882353,-2.0,-0.029411764705882353,66.0,66.0,66.0,68.0,66.0,68.0,,0.0,0.0,4,10,9,66.0,0.0,SAME,1.0
DPNB,2020-10-12,66.0,66.0,66.0,66.0,68.0,68.0,0.0,0.0,0.0,0.0,0.0,0.0,0.0,0.0,66.0,66.4,67.2,66.12504821777344,66.39866990844695,66.97412827994575,0.0,0.013153341044116413,0.009300816647554059,0.0,0.0,-2.0,-0.029411764705882353,-2.0,-0.029411764705882353,66.0,66.0,66.0,68.0,66.0,68.0,,0.0,0.0,0,10,12,66.0,0.0,SAME,1.0
DPNB,2020-10-13,66.0,66.0,66.0,66.0,68.0,68.0,0.0,0.0,0.0,0.0,0.0,0.0,0.0,0.0,66.0,66.0,67.0,66.06252410888672,66.26577993896464,66.79701404722833,0.0,0.013153341044116413,0.009300816647554059,0.0,0.0,-2.0,-0.029411764705882353,-2.0,-0.029411764705882353,66.0,66.0,66.0,66.0,66.0,68.0,,,0.0,1,10,13,66.0,0.0,SAME,1.0
DPNB,2020-10-14,66.0,66.0,66.0,66.0,66.0,68.0,0.0,0.0,0.0,0.0,0.0,0.0,0.0,0.0,66.0,66.0,66.8,66.03126205444336,66.17718662597643,66.65210240227772,0.0,0.0,0.009300816647554059,0.0,0.0,0.0,0.0,-2.0,-0.029411764705882353,66.0,66.0,66.0,66.0,66.0,68.0,,,0.0,2,10,14,66.0,0.0,SAME,1.0
DPNB,2020-10-15,66.0,66.0,66.0,66.0,66.0,68.0,0.0,0.0,0.0,0.0,0.0,0.0,0.0,0.0,66.0,66.0,66.6,66.01563102722167,66.11812441731763,66.53353832913632,0.0,0.0,0.009300816647554059,0.0,0.0,0.0,0.0,-2.0,-0.029411764705882353,66.0,66.0,66.0,66.0,66.0,68.0,,,0.0,3,10,15,66.0,0.0,SAME,1.0
DPNB,2020-10-16,66.0,66.0,66.0,66.0,66.0,68.0,0.0,0.0,0.0,0.0,0.0,0.0,0.0,0.0,66.0,66.0,66.4,66.00781551361084,66.07874961154509,66.43653136020244,0.0,0.0,0.009300816647554059,0.0,0.0,0.0,0.0,-2.0,-0.029411764705882353,66.0,66.0,66.0,66.0,66.0,68.0,,,0.0,4,10,16,66.0,0.0,SAME,1.0
DPNB,2020-10-19,66.0,66.0,66.0,66.0,66.0,68.0,0.0,0.0,0.0,0.0,0.0,0.0,0.0,0.0,66.0,66.0,66.2,66.00390775680542,66.05249974103006,66.35716202198381,0.0,0.0,0.009300816647554059,0.0,0.0,0.0,0.0,-2.0,-0.029411764705882353,66.0,66.0,66.0,66.0,66.0,68.0,,,0.0,0,10,19,66.0,0.0,SAME,1.0
DPNB,2020-10-20,66.0,66.0,66.0,66.0,66.0,68.0,0.0,0.0,0.0,0.0,0.0,0.0,0.0,0.0,66.0,66.0,66.0,66.0019538784027,66.03499982735337,66.29222347253221,0.0,0.0,0.009300816647554059,0.0,0.0,0.0,0.0,-2.0,-0.029411764705882353,66.0,66.0,66.0,66.0,66.0,66.0,,,,1,10,20,66.0,0.0,SAME,1.0
DPNB,2020-10-21,66.0,66.0,66.0,66.0,66.0,66.0,0.0,0.0,0.0,0.0,0.0,0.0,0.0,0.0,66.0,66.0,66.0,66.00097693920135,66.02333321823559,66.2390919320718,0.0,0.0,0.0,0.0,0.0,0.0,0.0,0.0,0.0,66.0,66.0,66.0,66.0,66.0,66.0,,,,2,10,21,66.0,0.0,SAME,1.0
DPNB,2020-10-22,66.0,66.0,66.0,66.0,66.0,66.0,0.0,0.0,0.0,0.0,0.0,0.0,0.0,0.0,66.0,66.0,66.0,66.00048846960067,66.01555547882373,66.19562067169511,0.0,0.0,0.0,0.0,0.0,0.0,0.0,0.0,0.0,66.0,66.0,66.0,66.0,66.0,66.0,,,,3,10,22,66.0,0.0,SAME,1.0
DPNB,2020-10-23,66.0,66.0,66.0,66.0,66.0,66.0,0.0,0.0,0.0,0.0,0.0,0.0,0.0,0.0,66.0,66.0,66.0,66.00024423480033,66.01037031921582,66.16005327684145,0.0,0.0,0.0,0.0,0.0,0.0,0.0,0.0,0.0,66.0,66.0,66.0,66.0,66.0,66.0,,,,4,10,23,66.0,0.0,SAME,1.0
DPNB,2020-10-27,66.0,66.0,66.0,66.0,66.0,66.0,0.0,0.0,0.0,0.0,0.0,0.0,0.0,0.0,66.0,66.0,66.0,66.00012211740017,66.00691354614389,66.1309526810521,0.0,0.0,0.0,0.0,0.0,0.0,0.0,0.0,0.0,66.0,66.0,66.0,66.0,66.0,66.0,,,,1,10,27,66.0,0.0,SAME,1.0
DPNB,2020-10-28,66.0,66.0,66.0,66.0,66.0,66.0,0.0,0.0,0.0,0.0,0.0,0.0,0.0,0.0,66.0,66.0,66.0,66.00006105870008,66.0046090307626,66.10714310267898,0.0,0.0,0.0,0.0,0.0,0.0,0.0,0.0,0.0,66.0,66.0,66.0,66.0,66.0,66.0,,,,2,10,28,66.0,0.0,SAME,1.0
DPNB,2020-10-29,66.0,66.0,66.0,66.0,66.0,66.0,0.0,0.0,0.0,0.0,0.0,0.0,0.0,0.0,66.0,66.0,66.0,66.00003052935004,66.00307268717506,66.08766253855552,0.0,0.0,0.0,0.0,0.0,0.0,0.0,0.0,0.0,66.0,66.0,66.0,66.0,66.0,66.0,,,,3,10,29,66.0,0.0,SAME,1.0
DPNB,2020-10-30,66.0,66.0,66.0,66.0,66.0,66.0,0.0,0.0,0.0,0.0,0.0,0.0,0.0,0.0,66.0,66.0,66.0,66.00001526467503,66.00204845811672,66.07172389518178,0.0,0.0,0.0,0.0,0.0,0.0,0.0,0.0,0.0,66.0,66.0,66.0,66.0,66.0,66.0,,,,4,10,30,66.0,0.0,SAME,1.0
DPNB,2020-11-02,66.0,66.0,66.0,66.0,66.0,66.0,0.0,0.0,0.0,0.0,0.0,0.0,0.0,0.0,66.0,66.0,66.0,66.00000763233751,66.00136563874449,66.0586831869669,0.0,0.0,0.0,0.0,0.0,0.0,0.0,0.0,0.0,66.0,66.0,66.0,66.0,66.0,66.0,,,,0,11,2,66.0,0.0,SAME,1.0
DPNB,2020-11-03,66.0,66.0,66.0,66.0,66.0,66.0,0.0,0.0,0.0,0.0,0.0,0.0,0.0,0.0,66.0,66.0,66.0,66.00000381616876,66.00091042582966,66.04801351660927,0.0,0.0,0.0,0.0,0.0,0.0,0.0,0.0,0.0,66.0,66.0,66.0,66.0,66.0,66.0,,,,1,11,3,66.0,0.0,SAME,1.0
DPNB,2020-11-04,66.0,66.0,66.0,66.0,66.0,66.0,0.0,0.0,0.0,0.0,0.0,0.0,0.0,0.0,66.0,66.0,66.0,66.00000190808439,66.0006069505531,66.03928378631667,0.0,0.0,0.0,0.0,0.0,0.0,0.0,0.0,0.0,66.0,66.0,66.0,66.0,66.0,66.0,,,,2,11,4,66.0,0.0,SAME,1.0
DPNB,2020-11-05,66.0,66.0,66.0,66.0,66.0,66.0,0.0,0.0,0.0,0.0,0.0,0.0,0.0,0.0,66.0,66.0,66.0,66.00000095404219,66.00040463370208,66.03214127971364,0.0,0.0,0.0,0.0,0.0,0.0,0.0,0.0,0.0,66.0,66.0,66.0,66.0,66.0,66.0,,,,3,11,5,66.0,0.0,SAME,1.0
DPNB,2020-11-06,66.0,66.0,66.0,66.0,66.0,66.0,0.0,0.0,0.0,0.0,0.0,0.0,0.0,0.0,66.0,66.0,66.0,66.0000004770211,66.00026975580138,66.0262974106748,0.0,0.0,0.0,0.0,0.0,0.0,0.0,0.0,0.0,66.0,66.0,66.0,66.0,66.0,66.0,,,,4,11,6,66.0,0.0,SAME,1.0
DPNB,2020-11-09,66.0,66.0,66.0,66.0,66.0,66.0,0.0,0.0,0.0,0.0,0.0,0.0,0.0,0.0,66.0,66.0,66.0,66.00000023851055,66.00017983720093,66.02151606327938,0.0,0.0,0.0,0.0,0.0,0.0,0.0,0.0,0.0,66.0,66.0,66.0,66.0,66.0,66.0,,,,0,11,9,66.0,0.0,SAME,1.0
DPNB,2020-11-10,66.0,66.0,66.0,66.0,66.0,66.0,0.0,0.0,0.0,0.0,0.0,0.0,0.0,0.0,66.0,66.0,66.0,66.00000011925528,66.00011989146729,66.01760405177404,0.0,0.0,0.0,0.0,0.0,0.0,0.0,0.0,0.0,66.0,66.0,66.0,66.0,66.0,66.0,,,,1,11,10,66.0,0.0,SAME,1.0
DPNB,2020-11-12,66.0,66.0,66.0,66.0,66.0,66.0,0.0,0.0,0.0,0.0,0.0,0.0,0.0,0.0,66.0,66.0,66.0,66.00000005962764,66.00007992764486,66.01440331508785,0.0,0.0,0.0,0.0,0.0,0.0,0.0,0.0,0.0,66.0,66.0,66.0,66.0,66.0,66.0,,,,3,11,12,66.0,0.0,SAME,1.0
DPNB,2020-11-13,66.0,66.0,66.0,66.0,66.0,66.0,0.0,0.0,0.0,0.0,0.0,0.0,0.0,0.0,66.0,66.0,66.0,66.00000002981382,66.00005328509658,66.01178453052643,0.0,0.0,0.0,0.0,0.0,0.0,0.0,0.0,0.0,66.0,66.0,66.0,66.0,66.0,66.0,,,,4,11,13,66.0,0.0,SAME,1.0
DPNB,2020-11-16,66.0,66.0,66.0,66.0,66.0,66.0,0.0,0.0,0.0,0.0,0.0,0.0,0.0,0.0,66.0,66.0,66.0,66.0000000149069,66.00003552339773,66.00964188861252,0.0,0.0,0.0,0.0,0.0,0.0,0.0,0.0,0.0,66.0,66.0,66.0,66.0,66.0,66.0,,,,0,11,16,66.0,0.0,SAME,1.0
DPNB,2020-11-17,66.0,66.0,66.0,66.0,66.0,66.0,0.0,0.0,0.0,0.0,0.0,0.0,0.0,0.0,66.0,66.0,66.0,66.00000000745345,66.00002368226515,66.00788881795569,0.0,0.0,0.0,0.0,0.0,0.0,0.0,0.0,0.0,66.0,66.0,66.0,66.0,66.0,66.0,,,,1,11,17,66.0,0.0,SAME,1.0
DPNB,2020-11-18,66.0,66.0,66.0,66.0,66.0,66.0,0.0,0.0,0.0,0.0,0.0,0.0,0.0,0.0,66.0,66.0,66.0,66.00000000372673,66.00001578817677,66.0064544874183,0.0,0.0,0.0,0.0,0.0,0.0,0.0,0.0,0.0,66.0,66.0,66.0,66.0,66.0,66.0,,,,2,11,18,66.0,0.0,SAME,1.0
DPNB,2020-11-19,66.0,66.0,66.0,66.0,66.0,66.0,0.0,0.0,0.0,0.0,0.0,0.0,0.0,0.0,66.0,66.0,66.0,66.00000000186336,66.00001052545119,66.00528094425133,0.0,0.0,0.0,0.0,0.0,0.0,0.0,0.0,0.0,66.0,66.0,66.0,66.0,66.0,66.0,,,,3,11,19,66.0,0.0,SAME,1.0
DPNB,2020-11-20,66.0,66.0,66.0,66.0,66.0,66.0,0.0,0.0,0.0,0.0,0.0,0.0,0.0,0.0,66.0,66.0,66.0,66.00000000093168,66.00000701696746,66.00432077256926,0.0,0.0,0.0,0.0,0.0,0.0,0.0,0.0,0.0,66.0,66.0,66.0,66.0,66.0,66.0,,,,4,11,20,66.0,0.0,SAME,1.0
DPNB,2020-11-23,66.0,66.0,66.0,66.0,66.0,66.0,0.0,0.0,0.0,0.0,0.0,0.0,0.0,0.0,66.0,66.0,66.0,66.00000000046583,66.00000467797831,66.00353517755667,0.0,0.0,0.0,0.0,0.0,0.0,0.0,0.0,0.0,66.0,66.0,66.0,66.0,66.0,66.0,,,,0,11,23,66.0,0.0,SAME,1.0
DPNB,2020-11-24,66.0,66.0,66.0,66.0,66.0,66.0,0.0,0.0,0.0,0.0,0.0,0.0,0.0,0.0,66.0,66.0,66.0,66.00000000023292,66.00000311865222,66.00289241800091,0.0,0.0,0.0,0.0,0.0,0.0,0.0,0.0,0.0,66.0,66.0,66.0,66.0,66.0,66.0,,,,1,11,24,66.0,0.0,SAME,1.0
DPNB,2020-11-25,66.0,66.0,66.0,66.0,66.0,66.0,0.0,0.0,0.0,0.0,0.0,0.0,0.0,0.0,66.0,66.0,66.0,66.00000000011646,66.00000207910148,66.00236652381892,0.0,0.0,0.0,0.0,0.0,0.0,0.0,0.0,0.0,66.0,66.0,66.0,66.0,66.0,66.0,,,,2,11,25,66.0,0.0,SAME,1.0
DPNB,2020-11-26,66.0,66.0,66.0,66.0,66.0,66.0,0.0,0.0,0.0,0.0,0.0,0.0,0.0,0.0,66.0,66.0,66.0,66.00000000005824,66.00000138606765,66.00193624676093,0.0,0.0,0.0,0.0,0.0,0.0,0.0,0.0,0.0,66.0,66.0,66.0,66.0,66.0,66.0,,,,3,11,26,66.0,0.0,SAME,1.0
DPNB,2020-11-27,66.0,66.0,66.0,66.0,66.0,66.0,0.0,0.0,0.0,0.0,0.0,0.0,0.0,0.0,66.0,66.0,66.0,66.00000000002912,66.00000092404511,66.0015842018953,0.0,0.0,0.0,0.0,0.0,0.0,0.0,0.0,0.0,66.0,66.0,66.0,66.0,66.0,66.0,,,,4,11,27,66.0,0.0,SAME,1.0
DPNB,2020-11-30,66.0,66.0,66.0,66.0,66.0,66.0,0.0,0.0,0.0,0.0,0.0,0.0,0.0,0.0,66.0,66.0,66.0,66.00000000001455,66.00000061603008,66.00129616518706,0.0,0.0,0.0,0.0,0.0,0.0,0.0,0.0,0.0,66.0,66.0,66.0,66.0,66.0,66.0,,,,0,11,30,66.0,0.0,SAME,1.0
DPNB,2020-12-01,66.0,66.0,66.0,66.0,66.0,66.0,0.0,0.0,0.0,0.0,0.0,0.0,0.0,0.0,66.0,66.0,66.0,66.00000000000728,66.00000041068672,66.0010604987894,0.0,0.0,0.0,0.0,0.0,0.0,0.0,0.0,0.0,66.0,66.0,66.0,66.0,66.0,66.0,,,,1,12,1,66.0,0.0,SAME,1.0
DPNB,2020-12-02,66.0,66.0,66.0,66.0,66.0,66.0,0.0,0.0,0.0,0.0,0.0,0.0,0.0,0.0,66.0,66.0,66.0,66.00000000000364,66.00000027379116,66.0008676808277,0.0,0.0,0.0,0.0,0.0,0.0,0.0,0.0,0.0,66.0,66.0,66.0,66.0,66.0,66.0,,,,2,12,2,66.0,0.0,SAME,1.0
DPNB,2020-12-03,66.0,66.0,66.0,66.0,66.0,66.0,0.0,0.0,0.0,0.0,0.0,0.0,0.0,0.0,66.0,66.0,66.0,66.00000000000182,66.00000018252744,66.0007099206772,0.0,0.0,0.0,0.0,0.0,0.0,0.0,0.0,0.0,66.0,66.0,66.0,66.0,66.0,66.0,,,,3,12,3,66.0,0.0,SAME,1.0
DPNB,2020-12-04,66.0,66.0,66.0,66.0,66.0,66.0,0.0,0.0,0.0,0.0,0.0,0.0,0.0,0.0,66.0,66.0,66.0,66.00000000000091,66.00000012168496,66.00058084419044,0.0,0.0,0.0,0.0,0.0,0.0,0.0,0.0,0.0,66.0,66.0,66.0,66.0,66.0,66.0,,,,4,12,4,66.0,0.0,SAME,1.0
DPNB,2020-12-07,66.0,66.0,66.0,66.0,66.0,66.0,0.0,0.0,0.0,0.0,0.0,0.0,0.0,0.0,66.0,66.0,66.0,66.00000000000045,66.00000008112332,66.00047523615581,0.0,0.0,0.0,0.0,0.0,0.0,0.0,0.0,0.0,66.0,66.0,66.0,66.0,66.0,66.0,,,,0,12,7,66.0,0.0,SAME,1.0
DPNB,2020-12-08,66.0,66.0,66.0,66.0,66.0,66.0,0.0,0.0,0.0,0.0,0.0,0.0,0.0,0.0,66.0,66.0,66.0,66.00000000000023,66.00000005408222,66.00038882958202,0.0,0.0,0.0,0.0,0.0,0.0,0.0,0.0,0.0,66.0,66.0,66.0,66.0,66.0,66.0,,,,1,12,8,66.0,0.0,SAME,1.0
DPNB,2020-12-09,66.0,66.0,66.0,66.0,66.0,66.0,0.0,0.0,0.0,0.0,0.0,0.0,0.0,0.0,66.0,66.0,66.0,66.00000000000011,66.00000003605481,66.00031813329437,0.0,0.0,0.0,0.0,0.0,0.0,0.0,0.0,0.0,66.0,66.0,66.0,66.0,66.0,66.0,,,,2,12,9,66.0,0.0,SAME,1.0
DPNB,2020-12-10,66.0,66.0,66.0,66.0,66.0,66.0,0.0,0.0,0.0,0.0,0.0,0.0,0.0,0.0,66.0,66.0,66.0,66.00000000000006,66.00000002403655,66.00026029087721,0.0,0.0,0.0,0.0,0.0,0.0,0.0,0.0,0.0,66.0,66.0,66.0,66.0,66.0,66.0,,,,3,12,10,66.0,0.0,SAME,1.0
DPNB,2020-12-11,66.0,66.0,66.0,66.0,66.0,66.0,0.0,0.0,0.0,0.0,0.0,0.0,0.0,0.0,66.0,66.0,66.0,66.00000000000003,66.00000001602437,66.00021296526316,0.0,0.0,0.0,0.0,0.0,0.0,0.0,0.0,0.0,66.0,66.0,66.0,66.0,66.0,66.0,,,,4,12,11,66.0,0.0,SAME,1.0
DPNB,2020-12-14,66.0,66.0,66.0,66.0,66.0,66.0,0.0,0.0,0.0,0.0,0.0,0.0,0.0,0.0,66.0,66.0,66.0,66.00000000000001,66.00000001068292,66.00017424430621,0.0,0.0,0.0,0.0,0.0,0.0,0.0,0.0,0.0,66.0,66.0,66.0,66.0,66.0,66.0,,,,0,12,14,66.0,0.0,SAME,1.0
DPNB,2020-12-15,66.0,66.0,66.0,66.0,66.0,66.0,0.0,0.0,0.0,0.0,0.0,0.0,0.0,0.0,66.0,66.0,66.0,66.0,66.00000000712195,66.00014256352326,0.0,0.0,0.0,0.0,0.0,0.0,0.0,0.0,0.0,66.0,66.0,66.0,66.0,66.0,66.0,,,,1,12,15,66.0,0.0,SAME,1.0
DPNB,2020-12-16,66.0,66.0,66.0,66.0,66.0,66.0,0.0,0.0,0.0,0.0,0.0,0.0,0.0,0.0,66.0,66.0,66.0,66.0,66.00000000474797,66.00011664288266,0.0,0.0,0.0,0.0,0.0,0.0,0.0,0.0,0.0,66.0,66.0,66.0,66.0,66.0,66.0,,,,2,12,16,66.0,0.0,SAME,1.0
DPNB,2020-12-18,66.0,66.0,66.0,66.0,66.0,66.0,0.0,0.0,0.0,0.0,0.0,0.0,0.0,0.0,66.0,66.0,66.0,66.0,66.00000000316533,66.00009543508581,0.0,0.0,0.0,0.0,0.0,0.0,0.0,0.0,0.0,66.0,66.0,66.0,66.0,66.0,66.0,,,,4,12,18,66.0,0.0,SAME,1.0
DPNB,2020-12-21,66.0,66.0,66.0,66.0,66.0,66.0,0.0,0.0,0.0,0.0,0.0,0.0,0.0,0.0,66.0,66.0,66.0,66.0,66.00000000211023,66.00007808325202,0.0,0.0,0.0,0.0,0.0,0.0,0.0,0.0,0.0,66.0,66.0,66.0,66.0,66.0,66.0,,,,0,12,21,25.1,-40.9,DOWN,0.0
DPNB,2020-12-22,25.1,66.0,66.0,66.0,66.0,66.0,-40.9,-40.9,-40.9,-0.6196969696969696,-0.6196969696969696,-0.6196969696969696,-0.9667868958886874,-0.9667868958886874,52.366666666666674,57.81999999999999,61.910000000000004,45.55,52.36666666807349,58.56370024993347,0.3577822122705408,0.2771369099386103,0.1959653883346768,-40.9,-0.6196969696969696,-40.9,-0.6196969696969696,-40.9,-0.6196969696969696,25.1,66.0,25.1,66.0,25.1,66.0,0.0,0.0,0.0,1,12,22,66.0,40.9,UP,2.0
DPNB,2020-12-23,66.0,25.1,66.0,66.0,66.0,66.0,40.9,0.0,0.0,1.6294820717131473,0.0,0.0,0.9667868958886873,0.0,52.366666666666674,57.82000000000001,61.910000000000004,55.775,56.911111112049,59.91575474994556,1.1617546009237285,0.841917894725402,0.5712821409446567,0.0,0.0,0.0,0.0,0.0,0.0,25.1,66.0,25.1,66.0,25.1,66.0,1.0,1.0,1.0,2,12,23,66.0,0.0,SAME,1.0
DPNB,2020-12-24,66.0,66.0,25.1,66.0,66.0,66.0,0.0,40.9,0.0,0.0,1.6294820717131473,0.0,0.0,0.9667868958886873,52.366666666666674,57.82000000000001,61.910000000000004,60.8875,59.94074074136601,61.02198115904637,1.1617546009237285,0.841917894725402,0.5712821409446567,0.0,0.0,0.0,0.0,0.0,0.0,25.1,66.0,25.1,66.0,25.1,66.0,1.0,1.0,1.0,3,12,24,66.0,0.0,SAME,1.0
DPNB,2020-12-25,66.0,66.0,66.0,25.1,66.0,66.0,0.0,0.0,40.9,0.0,0.0,1.6294820717131473,0.0,0.0,66.0,57.82000000000001,61.910000000000004,63.44375,61.960493827577345,61.92707549376521,0.9407819127432546,0.841917894725402,0.5712821409446567,40.9,1.6294820717131473,0.0,0.0,0.0,0.0,66.0,66.0,25.1,66.0,25.1,66.0,,1.0,1.0,4,12,25,66.0,0.0,SAME,1.0
DPNB,2020-12-28,66.0,66.0,66.0,66.0,66.0,66.0,0.0,0.0,0.0,0.0,0.0,0.0,0.0,0.0,66.0,57.82000000000001,61.910000000000004,64.721875,63.30699588505157,62.66760722217153,0.0,0.841917894725402,0.5712821409446567,0.0,0.0,0.0,0.0,0.0,0.0,66.0,66.0,25.1,66.0,25.1,66.0,,1.0,1.0,0,12,28,66.0,0.0,SAME,1.0
DPNB,2020-12-29,66.0,66.0,66.0,66.0,25.1,66.0,0.0,0.0,0.0,0.0,0.0,0.0,0.0,0.0,66.0,66.0,61.910000000000004,65.3609375,64.20466392336772,63.273496818140345,0.0,0.7287265360935569,0.5712821409446567,0.0,0.0,40.9,1.6294820717131473,0.0,0.0,66.0,66.0,66.0,66.0,25.1,66.0,,,1.0,1,12,29,66.0,0.0,SAME,1.0
DPNB,2020-12-30,66.0,66.0,66.0,66.0,66.0,66.0,0.0,0.0,0.0,0.0,0.0,0.0,0.0,0.0,66.0,66.0,61.910000000000004,65.68046875,64.80310928224515,63.76922466938755,0.0,0.0,0.5712821409446567,0.0,0.0,0.0,0.0,0.0,0.0,66.0,66.0,66.0,66.0,25.1,66.0,,,1.0,2,12,30,66.0,0.0,SAME,1.0
DPNB,2020-12-31,66.0,66.0,66.0,66.0,66.0,66.0,0.0,0.0,0.0,0.0,0.0,0.0,0.0,0.0,66.0,66.0,61.910000000000004,65.840234375,65.2020728548301,64.17482018404435,0.0,0.0,0.5712821409446567,0.0,0.0,0.0,0.0,0.0,0.0,66.0,66.0,66.0,66.0,25.1,66.0,,,1.0,3,12,31,66.0,0.0,SAME,1.0
DPNB,2021-01-01,66.0,66.0,66.0,66.0,66.0,66.0,0.0,0.0,0.0,0.0,0.0,0.0,0.0,0.0,66.0,66.0,61.910000000000004,65.9201171875,65.46804856988675,64.50667105967264,0.0,0.0,0.5712821409446567,0.0,0.0,0.0,0.0,0.0,0.0,66.0,66.0,66.0,66.0,25.1,66.0,,,1.0,4,1,1,66.0,0.0,SAME,1.0
DPNB,2021-01-04,66.0,66.0,66.0,66.0,66.0,66.0,0.0,0.0,0.0,0.0,0.0,0.0,0.0,0.0,66.0,66.0,61.910000000000004,65.96005859375,65.64536571325783,64.77818541245944,0.0,0.0,0.5712821409446567,0.0,0.0,0.0,0.0,0.0,0.0,66.0,66.0,66.0,66.0,25.1,66.0,,,1.0,0,1,4,66.0,0.0,SAME,1.0
DPNB,2021-01-05,66.0,66.0,66.0,66.0,66.0,25.1,0.0,0.0,0.0,0.0,0.0,0.0,0.0,0.0,66.0,66.0,66.0,65.980029296875,65.7635771421719,65.000333519285,0.0,0.0,0.5152874753023374,0.0,0.0,0.0,0.0,40.9,1.6294820717131473,66.0,66.0,66.0,66.0,66.0,66.0,,,,1,1,5,66.0,0.0,SAME,1.0
DPNB,2021-01-06,66.0,66.0,66.0,66.0,66.0,66.0,0.0,0.0,0.0,0.0,0.0,0.0,0.0,0.0,66.0,66.0,66.0,65.9900146484375,65.84238476144793,65.18209106123317,0.0,0.0,0.0,0.0,0.0,0.0,0.0,0.0,0.0,66.0,66.0,66.0,66.0,66.0,66.0,,,,2,1,6,66.0,0.0,SAME,1.0
DPNB,2021-01-07,66.0,66.0,66.0,66.0,66.0,66.0,0.0,0.0,0.0,0.0,0.0,0.0,0.0,0.0,66.0,66.0,66.0,65.99500732421875,65.89492317429863,65.33080177737259,0.0,0.0,0.0,0.0,0.0,0.0,0.0,0.0,0.0,66.0,66.0,66.0,66.0,66.0,66.0,,,,3,1,7,66.0,0.0,SAME,1.0
DPNB,2021-01-08,66.0,66.0,66.0,66.0,66.0,66.0,0.0,0.0,0.0,0.0,0.0,0.0,0.0,0.0,66.0,66.0,66.0,65.99750366210938,65.92994878286575,65.45247418148665,0.0,0.0,0.0,0.0,0.0,0.0,0.0,0.0,0.0,66.0,66.0,66.0,66.0,66.0,66.0,,,,4,1,8,66.0,0.0,SAME,1.0
DPNB,2021-01-11,66.0,66.0,66.0,66.0,66.0,66.0,0.0,0.0,0.0,0.0,0.0,0.0,0.0,0.0,66.0,66.0,66.0,65.99875183105469,65.95329918857718,65.55202433030726,0.0,0.0,0.0,0.0,0.0,0.0,0.0,0.0,0.0,66.0,66.0,66.0,66.0,66.0,66.0,,,,0,1,11,66.0,0.0,SAME,1.0
DPNB,2021-01-12,66.0,66.0,66.0,66.0,66.0,66.0,0.0,0.0,0.0,0.0,0.0,0.0,0.0,0.0,66.0,66.0,66.0,65.99937591552734,65.96886612571812,65.63347445206958,0.0,0.0,0.0,0.0,0.0,0.0,0.0,0.0,0.0,66.0,66.0,66.0,66.0,66.0,66.0,,,,1,1,12,66.0,0.0,SAME,1.0
DPNB,2021-01-13,66.0,66.0,66.0,66.0,66.0,66.0,0.0,0.0,0.0,0.0,0.0,0.0,0.0,0.0,66.0,66.0,66.0,65.99968795776367,65.97924408381209,65.70011546078419,0.0,0.0,0.0,0.0,0.0,0.0,0.0,0.0,0.0,66.0,66.0,66.0,66.0,66.0,66.0,,,,2,1,13,66.0,0.0,SAME,1.0
DPNB,2021-01-15,66.0,66.0,66.0,66.0,66.0,66.0,0.0,0.0,0.0,0.0,0.0,0.0,0.0,0.0,66.0,66.0,66.0,65.99984397888184,65.9861627225414,65.75463992245979,0.0,0.0,0.0,0.0,0.0,0.0,0.0,0.0,0.0,66.0,66.0,66.0,66.0,66.0,66.0,,,,4,1,15,66.0,0.0,SAME,1.0
DPNB,2021-01-18,66.0,66.0,66.0,66.0,66.0,66.0,0.0,0.0,0.0,0.0,0.0,0.0,0.0,0.0,66.0,66.0,66.0,65.99992198944092,65.99077514836094,65.79925084564891,0.0,0.0,0.0,0.0,0.0,0.0,0.0,0.0,0.0,66.0,66.0,66.0,66.0,66.0,66.0,,,,0,1,18,66.0,0.0,SAME,1.0
DPNB,2021-01-19,66.0,66.0,66.0,66.0,66.0,66.0,0.0,0.0,0.0,0.0,0.0,0.0,0.0,0.0,66.0,66.0,66.0,65.99996099472045,65.9938500989073,65.83575069189456,0.0,0.0,0.0,0.0,0.0,0.0,0.0,0.0,0.0,66.0,66.0,66.0,66.0,66.0,66.0,,,,1,1,19,66.0,0.0,SAME,1.0
DPNB,2021-01-20,66.0,66.0,66.0,66.0,66.0,66.0,0.0,0.0,0.0,0.0,0.0,0.0,0.0,0.0,66.0,66.0,66.0,65.99998049736023,65.9959000659382,65.86561420245918,0.0,0.0,0.0,0.0,0.0,0.0,0.0,0.0,0.0,66.0,66.0,66.0,66.0,66.0,66.0,,,,2,1,20,66.0,0.0,SAME,1.0
DPNB,2021-01-21,66.0,66.0,66.0,66.0,66.0,66.0,0.0,0.0,0.0,0.0,0.0,0.0,0.0,0.0,66.0,66.0,66.0,65.99999024868012,65.99726671062547,65.89004798383024,0.0,0.0,0.0,0.0,0.0,0.0,0.0,0.0,0.0,66.0,66.0,66.0,66.0,66.0,66.0,,,,3,1,21,66.0,0.0,SAME,1.0
DPNB,2021-01-22,66.0,66.0,66.0,66.0,66.0,66.0,0.0,0.0,0.0,0.0,0.0,0.0,0.0,0.0,66.0,66.0,66.0,65.99999512434006,65.99817780708365,65.91003925949747,0.0,0.0,0.0,0.0,0.0,0.0,0.0,0.0,0.0,66.0,66.0,66.0,66.0,66.0,66.0,,,,4,1,22,66.0,0.0,SAME,1.0
DPNB,2021-01-25,66.0,66.0,66.0,66.0,66.0,66.0,0.0,0.0,0.0,0.0,0.0,0.0,0.0,0.0,66.0,66.0,66.0,65.99999756217002,65.99878520472244,65.92639575777065,0.0,0.0,0.0,0.0,0.0,0.0,0.0,0.0,0.0,66.0,66.0,66.0,66.0,66.0,66.0,,,,0,1,25,66.0,0.0,SAME,1.0
DPNB,2021-01-26,66.0,66.0,66.0,66.0,66.0,66.0,0.0,0.0,0.0,0.0,0.0,0.0,0.0,0.0,66.0,66.0,66.0,65.99999878108501,65.99919013648163,65.9397783472669,0.0,0.0,0.0,0.0,0.0,0.0,0.0,0.0,0.0,66.0,66.0,66.0,66.0,66.0,66.0,,,,1,1,26,66.0,0.0,SAME,1.0
DPNB,2021-01-27,66.0,66.0,66.0,66.0,66.0,66.0,0.0,0.0,0.0,0.0,0.0,0.0,0.0,0.0,66.0,66.0,66.0,65.99999939054251,65.99946009098775,65.95072773867291,0.0,0.0,0.0,0.0,0.0,0.0,0.0,0.0,0.0,66.0,66.0,66.0,66.0,66.0,66.0,,,,2,1,27,66.0,0.0,SAME,1.0
DPNB,2021-01-28,66.0,66.0,66.0,66.0,66.0,66.0,0.0,0.0,0.0,0.0,0.0,0.0,0.0,0.0,66.0,66.0,66.0,65.99999969527126,65.9996400606585,65.95968633164148,0.0,0.0,0.0,0.0,0.0,0.0,0.0,0.0,0.0,66.0,66.0,66.0,66.0,66.0,66.0,,,,3,1,28,66.0,0.0,SAME,1.0
DPNB,2021-01-29,66.0,66.0,66.0,66.0,66.0,66.0,0.0,0.0,0.0,0.0,0.0,0.0,0.0,0.0,66.0,66.0,66.0,65.99999984763562,65.99976004043901,65.96701608952483,0.0,0.0,0.0,0.0,0.0,0.0,0.0,0.0,0.0,66.0,66.0,66.0,66.0,66.0,66.0,,,,4,1,29,66.0,0.0,SAME,1.0
DPNB,2021-02-01,66.0,66.0,66.0,66.0,66.0,66.0,0.0,0.0,0.0,0.0,0.0,0.0,0.0,0.0,66.0,66.0,66.0,65.99999992381781,65.99984002695935,65.97301316415667,0.0,0.0,0.0,0.0,0.0,0.0,0.0,0.0,0.0,66.0,66.0,66.0,66.0,66.0,66.0,,,,0,2,1,66.0,0.0,SAME,1.0
DPNB,2021-02-02,66.0,66.0,66.0,66.0,66.0,66.0,0.0,0.0,0.0,0.0,0.0,0.0,0.0,0.0,66.0,66.0,66.0,65.99999996190891,65.99989335130624,65.97791986158273,0.0,0.0,0.0,0.0,0.0,0.0,0.0,0.0,0.0,66.0,66.0,66.0,66.0,66.0,66.0,,,,1,2,2,66.0,0.0,SAME,1.0
DPNB,2021-02-03,66.0,66.0,66.0,66.0,66.0,66.0,0.0,0.0,0.0,0.0,0.0,0.0,0.0,0.0,66.0,66.0,66.0,65.99999998095446,65.99992890087083,65.98193443220404,0.0,0.0,0.0,0.0,0.0,0.0,0.0,0.0,0.0,66.0,66.0,66.0,66.0,66.0,66.0,,,,2,2,3,66.0,0.0,SAME,1.0
DPNB,2021-02-04,66.0,66.0,66.0,66.0,66.0,66.0,0.0,0.0,0.0,0.0,0.0,0.0,0.0,0.0,66.0,66.0,66.0,65.99999999047722,65.99995260058056,65.98521908089421,0.0,0.0,0.0,0.0,0.0,0.0,0.0,0.0,0.0,66.0,66.0,66.0,66.0,66.0,66.0,,,,3,2,4,66.0,0.0,SAME,1.0
DPNB,2021-02-05,66.0,66.0,66.0,66.0,66.0,66.0,0.0,0.0,0.0,0.0,0.0,0.0,0.0,0.0,66.0,66.0,66.0,65.99999999523861,65.99996840038705,65.98790652073163,0.0,0.0,0.0,0.0,0.0,0.0,0.0,0.0,0.0,66.0,66.0,66.0,66.0,66.0,66.0,,,,4,2,5,66.0,0.0,SAME,1.0
DPNB,2021-02-08,66.0,66.0,66.0,66.0,66.0,66.0,0.0,0.0,0.0,0.0,0.0,0.0,0.0,0.0,66.0,66.0,66.0,65.99999999761931,65.99997893359136,65.99010533514405,0.0,0.0,0.0,0.0,0.0,0.0,0.0,0.0,0.0,66.0,66.0,66.0,66.0,66.0,66.0,,,,0,2,8,66.0,0.0,SAME,1.0
DPNB,2021-02-09,66.0,66.0,66.0,66.0,66.0,66.0,0.0,0.0,0.0,0.0,0.0,0.0,0.0,0.0,66.0,66.0,66.0,65.99999999880966,65.99998595572758,65.99190436511785,0.0,0.0,0.0,0.0,0.0,0.0,0.0,0.0,0.0,66.0,66.0,66.0,66.0,66.0,66.0,,,,1,2,9,66.0,0.0,SAME,1.0
DPNB,2021-02-10,66.0,66.0,66.0,66.0,66.0,66.0,0.0,0.0,0.0,0.0,0.0,0.0,0.0,0.0,66.0,66.0,66.0,65.99999999940482,65.99999063715173,65.99337629873278,0.0,0.0,0.0,0.0,0.0,0.0,0.0,0.0,0.0,66.0,66.0,66.0,66.0,66.0,66.0,,,,2,2,10,66.0,0.0,SAME,1.0
DPNB,2021-02-11,66.0,66.0,66.0,66.0,66.0,66.0,0.0,0.0,0.0,0.0,0.0,0.0,0.0,0.0,66.0,66.0,66.0,65.99999999970241,65.99999375810116,65.9945806080541,0.0,0.0,0.0,0.0,0.0,0.0,0.0,0.0,0.0,66.0,66.0,66.0,66.0,66.0,66.0,,,,3,2,11,66.0,0.0,SAME,1.0
DPNB,2021-02-15,66.0,66.0,66.0,66.0,66.0,66.0,0.0,0.0,0.0,0.0,0.0,0.0,0.0,0.0,66.0,66.0,66.0,65.99999999985121,65.99999583873411,65.99556595204425,0.0,0.0,0.0,0.0,0.0,0.0,0.0,0.0,0.0,66.0,66.0,66.0,66.0,66.0,66.0,,,,0,2,15,66.0,0.0,SAME,1.0
DPNB,2021-02-16,66.0,66.0,66.0,66.0,66.0,66.0,0.0,0.0,0.0,0.0,0.0,0.0,0.0,0.0,66.0,66.0,66.0,65.9999999999256,65.99999722582274,65.99637214258165,0.0,0.0,0.0,0.0,0.0,0.0,0.0,0.0,0.0,66.0,66.0,66.0,66.0,66.0,66.0,,,,1,2,16,66.0,0.0,SAME,1.0
DPNB,2021-02-17,66.0,66.0,66.0,66.0,66.0,66.0,0.0,0.0,0.0,0.0,0.0,0.0,0.0,0.0,66.0,66.0,66.0,65.9999999999628,65.99999815054849,65.99703175302135,0.0,0.0,0.0,0.0,0.0,0.0,0.0,0.0,0.0,66.0,66.0,66.0,66.0,66.0,66.0,,,,2,2,17,66.0,0.0,SAME,1.0
DPNB,2021-02-18,66.0,66.0,66.0,66.0,66.0,66.0,0.0,0.0,0.0,0.0,0.0,0.0,0.0,0.0,66.0,66.0,66.0,65.9999999999814,65.99999876703234,65.9975714342902,0.0,0.0,0.0,0.0,0.0,0.0,0.0,0.0,0.0,66.0,66.0,66.0,66.0,66.0,66.0,,,,3,2,18,66.0,0.0,SAME,1.0
DPNB,2021-02-19,66.0,66.0,66.0,66.0,66.0,66.0,0.0,0.0,0.0,0.0,0.0,0.0,0.0,0.0,66.0,66.0,66.0,65.9999999999907,65.99999917802157,65.99801299169198,0.0,0.0,0.0,0.0,0.0,0.0,0.0,0.0,0.0,66.0,66.0,66.0,66.0,66.0,66.0,,,,4,2,19,66.0,0.0,SAME,1.0
DPNB,2021-02-24,66.0,66.0,66.0,66.0,66.0,66.0,0.0,0.0,0.0,0.0,0.0,0.0,0.0,0.0,66.0,66.0,66.0,65.99999999999535,65.99999945201438,65.9983742659298,0.0,0.0,0.0,0.0,0.0,0.0,0.0,0.0,0.0,66.0,66.0,66.0,66.0,66.0,66.0,,,,2,2,24,66.0,0.0,SAME,1.0
DPNB,2021-02-25,66.0,66.0,66.0,66.0,66.0,66.0,0.0,0.0,0.0,0.0,0.0,0.0,0.0,0.0,66.0,66.0,66.0,65.99999999999767,65.99999963467626,65.99866985394256,0.0,0.0,0.0,0.0,0.0,0.0,0.0,0.0,0.0,66.0,66.0,66.0,66.0,66.0,66.0,,,,3,2,25,66.0,0.0,SAME,1.0
DPNB,2021-02-26,66.0,66.0,66.0,66.0,66.0,66.0,0.0,0.0,0.0,0.0,0.0,0.0,0.0,0.0,66.0,66.0,66.0,65.99999999999883,65.99999975645085,65.99891169868027,0.0,0.0,0.0,0.0,0.0,0.0,0.0,0.0,0.0,66.0,66.0,66.0,66.0,66.0,66.0,,,,4,2,26,66.0,0.0,SAME,1.0
DPNB,2021-03-01,66.0,66.0,66.0,66.0,66.0,66.0,0.0,0.0,0.0,0.0,0.0,0.0,0.0,0.0,66.0,66.0,66.0,65.99999999999942,65.99999983763391,65.9991095716475,0.0,0.0,0.0,0.0,0.0,0.0,0.0,0.0,0.0,66.0,66.0,66.0,66.0,66.0,66.0,,,,0,3,1,66.0,0.0,SAME,1.0
DPNB,2021-03-02,66.0,66.0,66.0,66.0,66.0,66.0,0.0,0.0,0.0,0.0,0.0,0.0,0.0,0.0,66.0,66.0,66.0,65.99999999999972,65.99999989175595,65.99927146771158,0.0,0.0,0.0,0.0,0.0,0.0,0.0,0.0,0.0,66.0,66.0,66.0,66.0,66.0,66.0,,,,1,3,2,66.0,0.0,SAME,1.0
DPNB,2021-03-03,66.0,66.0,66.0,66.0,66.0,66.0,0.0,0.0,0.0,0.0,0.0,0.0,0.0,0.0,66.0,66.0,66.0,65.99999999999986,65.99999992783731,65.99940392812766,0.0,0.0,0.0,0.0,0.0,0.0,0.0,0.0,0.0,66.0,66.0,66.0,66.0,66.0,66.0,,,,2,3,3,66.0,0.0,SAME,1.0
DPNB,2021-03-04,66.0,66.0,66.0,66.0,66.0,66.0,0.0,0.0,0.0,0.0,0.0,0.0,0.0,0.0,66.0,66.0,66.0,65.99999999999993,65.99999995189154,65.99951230483171,0.0,0.0,0.0,0.0,0.0,0.0,0.0,0.0,0.0,66.0,66.0,66.0,66.0,66.0,66.0,,,,3,3,4,66.0,0.0,SAME,1.0
DPNB,2021-03-05,66.0,66.0,66.0,66.0,66.0,66.0,0.0,0.0,0.0,0.0,0.0,0.0,0.0,0.0,66.0,66.0,66.0,65.99999999999997,65.99999996792769,65.99960097668048,0.0,0.0,0.0,0.0,0.0,0.0,0.0,0.0,0.0,66.0,66.0,66.0,66.0,66.0,66.0,,,,4,3,5,66.0,0.0,SAME,1.0
DPNB,2021-03-08,66.0,66.0,66.0,66.0,66.0,66.0,0.0,0.0,0.0,0.0,0.0,0.0,0.0,0.0,66.0,66.0,66.0,65.99999999999999,65.99999997861846,65.99967352637493,0.0,0.0,0.0,0.0,0.0,0.0,0.0,0.0,0.0,66.0,66.0,66.0,66.0,66.0,66.0,,,,0,3,8,66.0,0.0,SAME,1.0
DPNB,2021-03-09,66.0,66.0,66.0,66.0,66.0,66.0,0.0,0.0,0.0,0.0,0.0,0.0,0.0,0.0,66.0,66.0,66.0,66.0,65.99999998574565,65.99973288521585,0.0,0.0,0.0,0.0,0.0,0.0,0.0,0.0,0.0,66.0,66.0,66.0,66.0,66.0,66.0,,,,1,3,9,66.0,0.0,SAME,1.0
DPNB,2021-03-10,66.0,66.0,66.0,66.0,66.0,66.0,0.0,0.0,0.0,0.0,0.0,0.0,0.0,0.0,66.0,66.0,66.0,66.0,65.9999999904971,65.99978145154023,0.0,0.0,0.0,0.0,0.0,0.0,0.0,0.0,0.0,66.0,66.0,66.0,66.0,66.0,66.0,,,,2,3,10,66.0,0.0,SAME,1.0
DPNB,2021-03-11,66.0,66.0,66.0,66.0,66.0,66.0,0.0,0.0,0.0,0.0,0.0,0.0,0.0,0.0,66.0,66.0,66.0,66.0,65.99999999366474,65.99982118762382,0.0,0.0,0.0,0.0,0.0,0.0,0.0,0.0,0.0,66.0,66.0,66.0,66.0,66.0,66.0,,,,3,3,11,66.0,0.0,SAME,1.0
DPNB,2021-03-12,66.0,66.0,66.0,66.0,66.0,66.0,0.0,0.0,0.0,0.0,0.0,0.0,0.0,0.0,66.0,66.0,66.0,66.0,65.9999999957765,65.99985369896494,0.0,0.0,0.0,0.0,0.0,0.0,0.0,0.0,0.0,66.0,66.0,66.0,66.0,66.0,66.0,,,,4,3,12,66.0,0.0,SAME,1.0
DPNB,2021-03-15,66.0,66.0,66.0,66.0,66.0,66.0,0.0,0.0,0.0,0.0,0.0,0.0,0.0,0.0,66.0,66.0,66.0,66.0,65.99999999718435,65.99988029915312,0.0,0.0,0.0,0.0,0.0,0.0,0.0,0.0,0.0,66.0,66.0,66.0,66.0,66.0,66.0,,,,0,3,15,66.0,0.0,SAME,1.0
DPNB,2021-03-16,66.0,66.0,66.0,66.0,66.0,66.0,0.0,0.0,0.0,0.0,0.0,0.0,0.0,0.0,66.0,66.0,66.0,66.0,65.9999999981229,65.99990206294345,0.0,0.0,0.0,0.0,0.0,0.0,0.0,0.0,0.0,66.0,66.0,66.0,66.0,66.0,66.0,,,,1,3,16,66.0,0.0,SAME,1.0
DPNB,2021-03-17,66.0,66.0,66.0,66.0,66.0,66.0,0.0,0.0,0.0,0.0,0.0,0.0,0.0,0.0,66.0,66.0,66.0,66.0,65.9999999987486,65.99991986968101,0.0,0.0,0.0,0.0,0.0,0.0,0.0,0.0,0.0,66.0,66.0,66.0,66.0,66.0,66.0,,,,2,3,17,66.0,0.0,SAME,1.0
DPNB,2021-03-18,66.0,66.0,66.0,66.0,66.0,66.0,0.0,0.0,0.0,0.0,0.0,0.0,0.0,0.0,66.0,66.0,66.0,66.0,65.99999999916574,65.99993443882991,0.0,0.0,0.0,0.0,0.0,0.0,0.0,0.0,0.0,66.0,66.0,66.0,66.0,66.0,66.0,,,,3,3,18,66.0,0.0,SAME,1.0
DPNB,2021-03-19,66.0,66.0,66.0,66.0,66.0,66.0,0.0,0.0,0.0,0.0,0.0,0.0,0.0,0.0,66.0,66.0,66.0,66.0,65.99999999944383,65.99994635904265,0.0,0.0,0.0,0.0,0.0,0.0,0.0,0.0,0.0,66.0,66.0,66.0,66.0,66.0,66.0,,,,4,3,19,66.0,0.0,SAME,1.0
DPNB,2021-03-22,66.0,66.0,66.0,66.0,66.0,66.0,0.0,0.0,0.0,0.0,0.0,0.0,0.0,0.0,66.0,66.0,66.0,66.0,65.99999999962922,65.99995611194399,0.0,0.0,0.0,0.0,0.0,0.0,0.0,0.0,0.0,66.0,66.0,66.0,66.0,66.0,66.0,,,,0,3,22,66.0,0.0,SAME,1.0
DPNB,2021-03-23,66.0,66.0,66.0,66.0,66.0,66.0,0.0,0.0,0.0,0.0,0.0,0.0,0.0,0.0,66.0,66.0,66.0,66.0,65.99999999975282,65.99996409159053,0.0,0.0,0.0,0.0,0.0,0.0,0.0,0.0,0.0,66.0,66.0,66.0,66.0,66.0,66.0,,,,1,3,23,66.0,0.0,SAME,1.0
DPNB,2021-03-24,66.0,66.0,66.0,66.0,66.0,66.0,0.0,0.0,0.0,0.0,0.0,0.0,0.0,0.0,66.0,66.0,66.0,66.0,65.99999999983521,65.99997062039225,0.0,0.0,0.0,0.0,0.0,0.0,0.0,0.0,0.0,66.0,66.0,66.0,66.0,66.0,66.0,,,,2,3,24,66.0,0.0,SAME,1.0
DPNB,2021-03-25,66.0,66.0,66.0,66.0,66.0,66.0,0.0,0.0,0.0,0.0,0.0,0.0,0.0,0.0,66.0,66.0,66.0,66.0,65.99999999989015,65.9999759621391,0.0,0.0,0.0,0.0,0.0,0.0,0.0,0.0,0.0,66.0,66.0,66.0,66.0,66.0,66.0,,,,3,3,25,67.0,1.0,UP,2.0
DPNB,2021-03-26,67.0,66.0,66.0,66.0,66.0,66.0,1.0,1.0,1.0,0.015151515151515138,0.015151515151515138,0.015151515151515138,0.015037877364540502,0.015037877364540502,66.33333333333333,66.2,66.1,66.5,66.3333333332601,66.18179851447745,0.008747731351351613,0.006775963568173032,0.004791329788133895,1.0,0.015151515151515152,1.0,0.015151515151515152,1.0,0.015151515151515152,66.0,67.0,66.0,67.0,66.0,67.0,1.0,1.0,1.0,4,3,26,67.0,0.0,SAME,1.0
DPNB,2021-03-29,67.0,67.0,66.0,66.0,66.0,66.0,0.0,1.0,1.0,0.0,0.015151515151515138,0.015151515151515138,0.0,0.015037877364540502,66.66666666666667,66.4,66.2,66.75,66.55555555550674,66.33056242093609,0.008747731351351613,0.006775963568173032,0.004791329788133895,1.0,0.015151515151515152,1.0,0.015151515151515152,1.0,0.015151515151515152,66.0,67.0,66.0,67.0,66.0,67.0,1.0,1.0,1.0,0,3,29,67.0,0.0,SAME,1.0
DPNB,2021-03-30,67.0,67.0,67.0,66.0,66.0,66.0,0.0,0.0,1.0,0.0,0.0,0.015151515151515138,0.0,0.0,67.0,66.6,66.3,66.875,66.70370370367117,66.45227834440226,0.008747731351351613,0.006775963568173032,0.004791329788133895,1.0,0.015151515151515152,1.0,0.015151515151515152,1.0,0.015151515151515152,67.0,67.0,66.0,67.0,66.0,67.0,,1.0,1.0,1,3,30,67.0,0.0,SAME,1.0
DPNB,2021-03-31,67.0,67.0,67.0,67.0,66.0,66.0,0.0,0.0,0.0,0.0,0.0,0.0,0.0,0.0,67.0,66.8,66.4,66.9375,66.80246913578078,66.55186409996548,0.0,0.006775963568173032,0.004791329788133895,0.0,0.0,1.0,0.015151515151515152,1.0,0.015151515151515152,67.0,67.0,66.0,67.0,66.0,67.0,,1.0,1.0,2,3,31,67.0,0.0,SAME,1.0
DPNB,2021-04-01,67.0,67.0,67.0,67.0,66.0,66.0,0.0,0.0,0.0,0.0,0.0,0.0,0.0,0.0,67.0,67.0,66.5,66.96875,66.8683127571872,66.63334335451721,0.0,0.006775963568173032,0.004791329788133895,0.0,0.0,1.0,0.015151515151515152,1.0,0.015151515151515152,67.0,67.0,67.0,67.0,66.0,67.0,,,1.0,3,4,1,67.0,0.0,SAME,1.0
DPNB,2021-04-02,67.0,67.0,67.0,67.0,67.0,66.0,0.0,0.0,0.0,0.0,0.0,0.0,0.0,0.0,67.0,67.0,66.6,66.984375,66.91220850479147,66.70000819915045,0.0,0.0,0.004791329788133895,0.0,0.0,0.0,0.0,1.0,0.015151515151515152,67.0,67.0,67.0,67.0,66.0,67.0,,,1.0,4,4,2,67.0,0.0,SAME,1.0
DPNB,2021-04-05,67.0,67.0,67.0,67.0,67.0,66.0,0.0,0.0,0.0,0.0,0.0,0.0,0.0,0.0,67.0,67.0,66.7,66.9921875,66.94147233652765,66.75455216294127,0.0,0.0,0.004791329788133895,0.0,0.0,0.0,0.0,1.0,0.015151515151515152,67.0,67.0,67.0,67.0,66.0,67.0,,,1.0,0,4,5,67.0,0.0,SAME,1.0
DPNB,2021-04-06,67.0,67.0,67.0,67.0,67.0,66.0,0.0,0.0,0.0,0.0,0.0,0.0,0.0,0.0,67.0,67.0,66.8,66.99609375,66.9609815576851,66.7991790424065,0.0,0.0,0.004791329788133895,0.0,0.0,0.0,0.0,1.0,0.015151515151515152,67.0,67.0,67.0,67.0,66.0,67.0,,,1.0,1,4,6,67.0,0.0,SAME,1.0
DPNB,2021-04-07,67.0,67.0,67.0,67.0,67.0,66.0,0.0,0.0,0.0,0.0,0.0,0.0,0.0,0.0,67.0,67.0,66.9,66.998046875,66.9739877051234,66.83569194378713,0.0,0.0,0.004791329788133895,0.0,0.0,0.0,0.0,1.0,0.015151515151515152,67.0,67.0,67.0,67.0,66.0,67.0,,,1.0,2,4,7,67.0,0.0,SAME,1.0
DPNB,2021-04-08,67.0,67.0,67.0,67.0,67.0,66.0,0.0,0.0,0.0,0.0,0.0,0.0,0.0,0.0,67.0,67.0,67.0,66.9990234375,66.98265847008227,66.86556613582583,0.0,0.0,0.004791329788133895,0.0,0.0,0.0,0.0,1.0,0.015151515151515152,67.0,67.0,67.0,67.0,67.0,67.0,,,,3,4,8,67.0,0.0,SAME,1.0
DPNB,2021-04-09,67.0,67.0,67.0,67.0,67.0,67.0,0.0,0.0,0.0,0.0,0.0,0.0,0.0,0.0,67.0,67.0,67.0,66.99951171875,66.98843898005485,66.89000865658477,0.0,0.0,0.0,0.0,0.0,0.0,0.0,0.0,0.0,67.0,67.0,67.0,67.0,67.0,67.0,,,,4,4,9,67.0,0.0,SAME,1.0
DPNB,2021-04-12,67.0,67.0,67.0,67.0,67.0,67.0,0.0,0.0,0.0,0.0,0.0,0.0,0.0,0.0,67.0,67.0,67.0,66.999755859375,66.9922926533699,66.91000708266026,0.0,0.0,0.0,0.0,0.0,0.0,0.0,0.0,0.0,67.0,67.0,67.0,67.0,67.0,67.0,,,,0,4,12,67.0,0.0,SAME,1.0
DPNB,2021-04-13,67.0,67.0,67.0,67.0,67.0,67.0,0.0,0.0,0.0,0.0,0.0,0.0,0.0,0.0,67.0,67.0,67.0,66.9998779296875,66.99486176891327,66.92636943126747,0.0,0.0,0.0,0.0,0.0,0.0,0.0,0.0,0.0,67.0,67.0,67.0,67.0,67.0,67.0,,,,1,4,13,67.0,0.0,SAME,1.0
DPNB,2021-04-14,67.0,67.0,67.0,67.0,67.0,67.0,0.0,0.0,0.0,0.0,0.0,0.0,0.0,0.0,67.0,67.0,67.0,66.99993896484375,66.99657451260884,66.93975680740066,0.0,0.0,0.0,0.0,0.0,0.0,0.0,0.0,0.0,67.0,67.0,67.0,67.0,67.0,67.0,,,,2,4,14,67.0,0.0,SAME,1.0
DPNB,2021-04-15,67.0,67.0,67.0,67.0,67.0,67.0,0.0,0.0,0.0,0.0,0.0,0.0,0.0,0.0,67.0,67.0,67.0,66.99996948242188,66.99771634173923,66.950710115146,0.0,0.0,0.0,0.0,0.0,0.0,0.0,0.0,0.0,67.0,67.0,67.0,67.0,67.0,67.0,,,,3,4,15,67.0,0.0,SAME,1.0
DPNB,2021-04-16,67.0,67.0,67.0,67.0,67.0,67.0,0.0,0.0,0.0,0.0,0.0,0.0,0.0,0.0,67.0,67.0,67.0,66.99998474121094,66.99847756115949,66.95967191239218,0.0,0.0,0.0,0.0,0.0,0.0,0.0,0.0,0.0,67.0,67.0,67.0,67.0,67.0,67.0,,,,4,4,16,67.0,0.0,SAME,1.0
DPNB,2021-04-19,67.0,67.0,67.0,67.0,67.0,67.0,0.0,0.0,0.0,0.0,0.0,0.0,0.0,0.0,67.0,67.0,67.0,66.99999237060547,66.998985040773,66.96700429195724,0.0,0.0,0.0,0.0,0.0,0.0,0.0,0.0,0.0,67.0,67.0,67.0,67.0,67.0,67.0,,,,0,4,19,67.0,0.0,SAME,1.0
DPNB,2021-04-20,67.0,67.0,67.0,67.0,67.0,67.0,0.0,0.0,0.0,0.0,0.0,0.0,0.0,0.0,67.0,67.0,67.0,66.99999618530273,66.99932336051533,66.97300351160138,0.0,0.0,0.0,0.0,0.0,0.0,0.0,0.0,0.0,67.0,67.0,67.0,67.0,67.0,67.0,,,,1,4,20,67.0,0.0,SAME,1.0
DPNB,2021-04-21,67.0,67.0,67.0,67.0,67.0,67.0,0.0,0.0,0.0,0.0,0.0,0.0,0.0,0.0,67.0,67.0,67.0,66.99999809265137,66.99954890701022,66.97791196403749,0.0,0.0,0.0,0.0,0.0,0.0,0.0,0.0,0.0,67.0,67.0,67.0,67.0,67.0,67.0,,,,2,4,21,67.0,0.0,SAME,1.0
DPNB,2021-04-23,67.0,67.0,67.0,67.0,67.0,67.0,0.0,0.0,0.0,0.0,0.0,0.0,0.0,0.0,67.0,67.0,67.0,66.99999904632568,66.99969927134015,66.98192797057612,0.0,0.0,0.0,0.0,0.0,0.0,0.0,0.0,0.0,67.0,67.0,67.0,67.0,67.0,67.0,,,,4,4,23,67.0,0.0,SAME,1.0
DPNB,2021-04-26,67.0,67.0,67.0,67.0,67.0,67.0,0.0,0.0,0.0,0.0,0.0,0.0,0.0,0.0,67.0,67.0,67.0,66.99999952316284,66.99979951422677,66.98521379410774,0.0,0.0,0.0,0.0,0.0,0.0,0.0,0.0,0.0,67.0,67.0,67.0,67.0,67.0,67.0,,,,0,4,26,67.0,0.0,SAME,1.0
DPNB,2021-04-27,67.0,67.0,67.0,67.0,67.0,67.0,0.0,0.0,0.0,0.0,0.0,0.0,0.0,0.0,67.0,67.0,67.0,66.99999976158142,66.99986634281785,66.98790219517906,0.0,0.0,0.0,0.0,0.0,0.0,0.0,0.0,0.0,67.0,67.0,67.0,67.0,67.0,67.0,,,,1,4,27,67.0,0.0,SAME,1.0
DPNB,2021-04-29,67.0,67.0,67.0,67.0,67.0,67.0,0.0,0.0,0.0,0.0,0.0,0.0,0.0,0.0,67.0,67.0,67.0,66.99999988079071,66.99991089521191,66.9901017960556,0.0,0.0,0.0,0.0,0.0,0.0,0.0,0.0,0.0,67.0,67.0,67.0,67.0,67.0,67.0,,,,3,4,29,67.0,0.0,SAME,1.0
DPNB,2021-04-30,67.0,67.0,67.0,67.0,67.0,67.0,0.0,0.0,0.0,0.0,0.0,0.0,0.0,0.0,67.0,67.0,67.0,66.99999994039536,66.99994059680795,66.99190146950004,0.0,0.0,0.0,0.0,0.0,0.0,0.0,0.0,0.0,67.0,67.0,67.0,67.0,67.0,67.0,,,,4,4,30,67.0,0.0,SAME,1.0
DPNB,2021-05-03,67.0,67.0,67.0,67.0,67.0,67.0,0.0,0.0,0.0,0.0,0.0,0.0,0.0,0.0,67.0,67.0,67.0,66.99999997019768,66.99996039787197,66.99337392959093,0.0,0.0,0.0,0.0,0.0,0.0,0.0,0.0,0.0,67.0,67.0,67.0,67.0,67.0,67.0,,,,0,5,3,67.0,0.0,SAME,1.0
DPNB,2021-05-04,67.0,67.0,67.0,67.0,67.0,67.0,0.0,0.0,0.0,0.0,0.0,0.0,0.0,0.0,67.0,67.0,67.0,66.99999998509884,66.99997359858132,66.9945786696653,0.0,0.0,0.0,0.0,0.0,0.0,0.0,0.0,0.0,67.0,67.0,67.0,67.0,67.0,67.0,,,,1,5,4,67.0,0.0,SAME,1.0
DPNB,2021-05-05,67.0,67.0,67.0,67.0,67.0,67.0,0.0,0.0,0.0,0.0,0.0,0.0,0.0,0.0,67.0,67.0,67.0,66.99999999254942,66.99998239905422,66.9955643660898,0.0,0.0,0.0,0.0,0.0,0.0,0.0,0.0,0.0,67.0,67.0,67.0,67.0,67.0,67.0,,,,2,5,5,67.0,0.0,SAME,1.0
DPNB,2021-05-06,67.0,67.0,67.0,67.0,67.0,67.0,0.0,0.0,0.0,0.0,0.0,0.0,0.0,0.0,67.0,67.0,67.0,66.99999999627471,66.99998826603615,66.99637084498255,0.0,0.0,0.0,0.0,0.0,0.0,0.0,0.0,0.0,67.0,67.0,67.0,67.0,67.0,67.0,,,,3,5,6,67.0,0.0,SAME,1.0
DPNB,2021-05-07,67.0,67.0,67.0,67.0,67.0,67.0,0.0,0.0,0.0,0.0,0.0,0.0,0.0,0.0,67.0,67.0,67.0,66.99999999813735,66.99999217735744,66.99703069134935,0.0,0.0,0.0,0.0,0.0,0.0,0.0,0.0,0.0,67.0,67.0,67.0,67.0,67.0,67.0,,,,4,5,7,67.0,0.0,SAME,1.0
DPNB,2021-05-10,67.0,67.0,67.0,67.0,67.0,67.0,0.0,0.0,0.0,0.0,0.0,0.0,0.0,0.0,67.0,67.0,67.0,66.99999999906868,66.99999478490497,66.99757056564947,0.0,0.0,0.0,0.0,0.0,0.0,0.0,0.0,0.0,67.0,67.0,67.0,67.0,67.0,67.0,,,,0,5,10,67.0,0.0,SAME,1.0
DPNB,2021-05-11,67.0,67.0,67.0,67.0,67.0,67.0,0.0,0.0,0.0,0.0,0.0,0.0,0.0,0.0,67.0,67.0,67.0,66.99999999953434,66.99999652326999,66.99801228098593,0.0,0.0,0.0,0.0,0.0,0.0,0.0,0.0,0.0,67.0,67.0,67.0,67.0,67.0,67.0,,,,1,5,11,67.0,0.0,SAME,1.0
DPNB,2021-05-12,67.0,67.0,67.0,67.0,67.0,67.0,0.0,0.0,0.0,0.0,0.0,0.0,0.0,0.0,67.0,67.0,67.0,66.99999999976717,66.99999768218,66.99837368444304,0.0,0.0,0.0,0.0,0.0,0.0,0.0,0.0,0.0,67.0,67.0,67.0,67.0,67.0,67.0,,,,2,5,12,67.0,0.0,SAME,1.0
DPNB,2021-05-13,67.0,67.0,67.0,67.0,67.0,67.0,0.0,0.0,0.0,0.0,0.0,0.0,0.0,0.0,67.0,67.0,67.0,66.99999999988358,66.99999845478666,66.99866937818067,0.0,0.0,0.0,0.0,0.0,0.0,0.0,0.0,0.0,67.0,67.0,67.0,67.0,67.0,67.0,,,,3,5,13,67.0,0.0,SAME,1.0
DPNB,2021-05-14,67.0,67.0,67.0,67.0,67.0,67.0,0.0,0.0,0.0,0.0,0.0,0.0,0.0,0.0,67.0,67.0,67.0,66.99999999994179,66.99999896985778,66.99891130942054,0.0,0.0,0.0,0.0,0.0,0.0,0.0,0.0,0.0,67.0,67.0,67.0,67.0,67.0,67.0,,,,4,5,14,67.0,0.0,SAME,1.0
DPNB,2021-05-17,67.0,67.0,67.0,67.0,67.0,67.0,0.0,0.0,0.0,0.0,0.0,0.0,0.0,0.0,67.0,67.0,67.0,66.9999999999709,66.99999931323853,66.99910925316226,0.0,0.0,0.0,0.0,0.0,0.0,0.0,0.0,0.0,67.0,67.0,67.0,67.0,67.0,67.0,,,,0,5,17,67.0,0.0,SAME,1.0
DPNB,2021-05-18,67.0,67.0,67.0,67.0,67.0,67.0,0.0,0.0,0.0,0.0,0.0,0.0,0.0,0.0,67.0,67.0,67.0,66.99999999998545,66.99999954215903,66.99927120713275,0.0,0.0,0.0,0.0,0.0,0.0,0.0,0.0,0.0,67.0,67.0,67.0,67.0,67.0,67.0,,,,1,5,18,67.0,0.0,SAME,1.0
DPNB,2021-05-19,67.0,67.0,67.0,67.0,67.0,67.0,0.0,0.0,0.0,0.0,0.0,0.0,0.0,0.0,67.0,67.0,67.0,66.99999999999272,66.9999996947727,66.9994037149268,0.0,0.0,0.0,0.0,0.0,0.0,0.0,0.0,0.0,67.0,67.0,67.0,67.0,67.0,67.0,,,,2,5,19,66.0,-1.0,DOWN,0.0
DPNB,2021-05-20,66.0,67.0,67.0,67.0,67.0,67.0,-1.0,-1.0,-1.0,-0.014925373134328401,-0.014925373134328401,-0.014925373134328401,-0.015037877364540559,-0.015037877364540559,66.66666666666667,66.8,66.9,66.49999999999636,66.6666664631818,66.81769394857648,0.00861716819685367,0.0066748297835731146,0.004719817403236409,-1.0,-0.014925373134328358,-1.0,-0.014925373134328358,-1.0,-0.014925373134328358,66.0,67.0,66.0,67.0,66.0,67.0,0.0,0.0,0.0,3,5,20,66.01,0.010000000000005116,UP,2.0
DPNB,2021-05-21,66.01,66.0,67.0,67.0,67.0,67.0,0.010000000000005116,-0.9899999999999949,-0.9899999999999949,0.00015151515151523576,-0.014776119402984955,-0.014776119402984955,0.00015150367425397109,-0.014886373690286506,66.33666666666667,66.602,66.801,66.25499999999818,66.44777764212121,66.67084050338075,0.008661238175757684,0.0066920913043001275,0.004725381020151099,-0.9899999999999949,-0.014776119402984999,-0.9899999999999949,-0.014776119402984999,-0.9899999999999949,-0.014776119402984999,66.0,67.0,66.0,67.0,66.0,67.0,0.010000000000005116,0.010000000000005116,0.010000000000005116,4,5,21,66.01,0.0,SAME,1.0
DPNB,2021-05-24,66.01,66.01,66.0,67.0,67.0,67.0,0.0,0.010000000000005116,-0.9899999999999949,0.0,0.00015151515151523576,-0.014776119402984955,0.0,0.00015150367425397109,66.00666666666667,66.404,66.702,66.13249999999908,66.30185176141414,66.55068768458425,0.008661238175757684,0.0066920913043001275,0.004725381020151099,-0.9899999999999949,-0.014776119402984999,-0.9899999999999949,-0.014776119402984999,-0.9899999999999949,-0.014776119402984999,66.0,66.01,66.0,67.0,66.0,67.0,1.0,0.010000000000005116,0.010000000000005116,0,5,24,66.01,0.0,SAME,1.0
DPNB,2021-05-25,66.01,66.01,66.01,66.0,67.0,67.0,0.0,0.0,0.010000000000005116,0.0,0.0,0.00015151515151523576,0.0,0.0,66.01,66.20599999999999,66.603,66.07124999999954,66.20456784094277,66.45238083284165,8.7477312879196e-05,0.0066920913043001275,0.004725381020151099,0.010000000000005116,0.00015151515151522904,-0.9899999999999949,-0.014776119402984999,-0.9899999999999949,-0.014776119402984999,66.01,66.01,66.0,67.0,66.0,67.0,,0.010000000000005116,0.010000000000005116,1,5,25,66.01,0.0,SAME,1.0
DPNB,2021-05-27,66.01,66.01,66.01,66.01,67.0,67.0,0.0,0.0,0.0,0.0,0.0,0.0,0.0,0.0,66.01,66.008,66.50399999999999,66.04062499999978,66.13971189396186,66.37194795414317,0.0,0.0066920913043001275,0.004725381020151099,0.0,0.0,-0.9899999999999949,-0.014776119402984999,-0.9899999999999949,-0.014776119402984999,66.01,66.01,66.0,66.01,66.0,67.0,,1.0,0.010000000000005116,3,5,27,66.01,0.0,SAME,1.0
DPNB,2021-05-28,66.01,66.01,66.01,66.01,66.0,67.0,0.0,0.0,0.0,0.0,0.0,0.0,0.0,0.0,66.01,66.01,66.405,66.0253124999999,66.09647459597458,66.30613923520805,0.0,6.775963486264133e-05,0.004725381020151099,0.0,0.0,0.010000000000005116,0.00015151515151522904,-0.9899999999999949,-0.014776119402984999,66.01,66.01,66.01,66.01,66.0,67.0,,,0.010000000000005116,4,5,28,66.01,0.0,SAME,1.0
DPNB,2021-05-31,66.01,66.01,66.01,66.01,66.01,67.0,0.0,0.0,0.0,0.0,0.0,0.0,0.0,0.0,66.01,66.01,66.306,66.01765624999996,66.06764973064973,66.2522957378975,0.0,0.0,0.004725381020151099,0.0,0.0,0.0,0.0,-0.9899999999999949,-0.014776119402984999,66.01,66.01,66.01,66.01,66.0,67.0,,,0.010000000000005116,0,5,31,66.01,0.0,SAME,1.0
DPNB,2021-06-01,66.01,66.01,66.01,66.01,66.01,67.0,0.0,0.0,0.0,0.0,0.0,0.0,0.0,0.0,66.01,66.01,66.20700000000001,66.01382812499997,66.0484331537665,66.20824196737068,0.0,0.0,0.004725381020151099,0.0,0.0,0.0,0.0,-0.9899999999999949,-0.014776119402984999,66.01,66.01,66.01,66.01,66.0,67.0,,,0.010000000000005116,1,6,1,66.01,0.0,SAME,1.0
DPNB,2021-06-02,66.01,66.01,66.01,66.01,66.01,67.0,0.0,0.0,0.0,0.0,0.0,0.0,0.0,0.0,66.01,66.01,66.108,66.01191406249998,66.035622102511,66.17219797330328,0.0,0.0,0.004725381020151099,0.0,0.0,0.0,0.0,-0.9899999999999949,-0.014776119402984999,66.01,66.01,66.01,66.01,66.0,67.0,,,0.010000000000005116,2,6,2,66.01,0.0,SAME,1.0
DPNB,2021-06-03,66.01,66.01,66.01,66.01,66.01,67.0,0.0,0.0,0.0,0.0,0.0,0.0,0.0,0.0,66.01,66.01,66.009,66.01095703125,66.02708140167401,66.14270743270268,0.0,0.0,0.004725381020151099,0.0,0.0,0.0,0.0,-0.9899999999999949,-0.014776119402984999,66.01,66.01,66.01,66.01,66.0,66.01,,,1.0,3,6,3,66.01,0.0,SAME,1.0
DPNB,2021-06-04,66.01,66.01,66.01,66.01,66.01,66.0,0.0,0.0,0.0,0.0,0.0,0.0,0.0,0.0,66.01,66.01,66.01,66.01047851562501,66.02138760111602,66.11857880857492,0.0,0.0,4.791329788134916e-05,0.0,0.0,0.0,0.0,0.010000000000005116,0.00015151515151522904,66.01,66.01,66.01,66.01,66.01,66.01,,,,4,6,4,66.01,0.0,SAME,1.0
DPNB,2021-06-07,66.01,66.01,66.01,66.01,66.01,66.01,0.0,0.0,0.0,0.0,0.0,0.0,0.0,0.0,66.01,66.01,66.01,66.01023925781251,66.01759173407736,66.09883720701585,0.0,0.0,0.0,0.0,0.0,0.0,0.0,0.0,0.0,66.01,66.01,66.01,66.01,66.01,66.01,,,,0,6,7,66.01,0.0,SAME,1.0
DPNB,2021-06-08,66.01,66.01,66.01,66.01,66.01,66.01,0.0,0.0,0.0,0.0,0.0,0.0,0.0,0.0,66.01,66.01,66.01,66.01011962890627,66.01506115605157,66.08268498755842,0.0,0.0,0.0,0.0,0.0,0.0,0.0,0.0,0.0,66.01,66.01,66.01,66.01,66.01,66.01,,,,1,6,8,66.01,0.0,SAME,1.0
DPNB,2021-06-09,66.01,66.01,66.01,66.01,66.01,66.01,0.0,0.0,0.0,0.0,0.0,0.0,0.0,0.0,66.01,66.01,66.01,66.01005981445314,66.01337410403438,66.06946953527508,0.0,0.0,0.0,0.0,0.0,0.0,0.0,0.0,0.0,66.01,66.01,66.01,66.01,66.01,66.01,,,,2,6,9,66.01,0.0,SAME,1.0
DPNB,2021-06-10,66.01,66.01,66.01,66.01,66.01,66.01,0.0,0.0,0.0,0.0,0.0,0.0,0.0,0.0,66.01,66.01,66.01,66.01002990722657,66.01224940268959,66.0586568924978,0.0,0.0,0.0,0.0,0.0,0.0,0.0,0.0,0.0,66.01,66.01,66.01,66.01,66.01,66.01,,,,3,6,10,66.01,0.0,SAME,1.0
DPNB,2021-06-11,66.01,66.01,66.01,66.01,66.01,66.01,0.0,0.0,0.0,0.0,0.0,0.0,0.0,0.0,66.01,66.01,66.01,66.01001495361328,66.01149960179306,66.04981018477092,0.0,0.0,0.0,0.0,0.0,0.0,0.0,0.0,0.0,66.01,66.01,66.01,66.01,66.01,66.01,,,,4,6,11,66.01,0.0,SAME,1.0
DPNB,2021-06-14,66.01,66.01,66.01,66.01,66.01,66.01,0.0,0.0,0.0,0.0,0.0,0.0,0.0,0.0,66.01,66.01,66.01,66.01000747680663,66.01099973452871,66.04257196935802,0.0,0.0,0.0,0.0,0.0,0.0,0.0,0.0,0.0,66.01,66.01,66.01,66.01,66.01,66.01,,,,0,6,14,66.01,0.0,SAME,1.0
DPNB,2021-06-15,66.01,66.01,66.01,66.01,66.01,66.01,0.0,0.0,0.0,0.0,0.0,0.0,0.0,0.0,66.01,66.01,66.01,66.01000373840333,66.01066648968582,66.03664979311111,0.0,0.0,0.0,0.0,0.0,0.0,0.0,0.0,0.0,66.01,66.01,66.01,66.01,66.01,66.01,,,,1,6,15,66.01,0.0,SAME,1.0
DPNB,2021-06-16,66.01,66.01,66.01,66.01,66.01,66.01,0.0,0.0,0.0,0.0,0.0,0.0,0.0,0.0,66.01,66.01,66.01,66.01000186920166,66.01044432645722,66.03180437618181,0.0,0.0,0.0,0.0,0.0,0.0,0.0,0.0,0.0,66.01,66.01,66.01,66.01,66.01,66.01,,,,2,6,16,66.01,0.0,SAME,1.0
DPNB,2021-06-17,66.01,66.01,66.01,66.01,66.01,66.01,0.0,0.0,0.0,0.0,0.0,0.0,0.0,0.0,66.01,66.01,66.01,66.01000093460084,66.01029621763816,66.02783994414875,0.0,0.0,0.0,0.0,0.0,0.0,0.0,0.0,0.0,66.01,66.01,66.01,66.01,66.01,66.01,,,,3,6,17,66.01,0.0,SAME,1.0
DPNB,2021-06-18,66.01,66.01,66.01,66.01,66.01,66.01,0.0,0.0,0.0,0.0,0.0,0.0,0.0,0.0,66.01,66.01,66.01,66.01000046730042,66.01019747842544,66.02459631793988,0.0,0.0,0.0,0.0,0.0,0.0,0.0,0.0,0.0,66.01,66.01,66.01,66.01,66.01,66.01,,,,4,6,18,66.01,0.0,SAME,1.0
DPNB,2021-06-21,66.01,66.01,66.01,66.01,66.01,66.01,0.0,0.0,0.0,0.0,0.0,0.0,0.0,0.0,66.01,66.01,66.01,66.0100002336502,66.01013165228363,66.02194244195081,0.0,0.0,0.0,0.0,0.0,0.0,0.0,0.0,0.0,66.01,66.01,66.01,66.01,66.01,66.01,,,,0,6,21,66.01,0.0,SAME,1.0
DPNB,2021-06-22,66.01,66.01,66.01,66.01,66.01,66.01,0.0,0.0,0.0,0.0,0.0,0.0,0.0,0.0,66.01,66.01,66.01,66.0100001168251,66.0100877681891,66.01977108886885,0.0,0.0,0.0,0.0,0.0,0.0,0.0,0.0,0.0,66.01,66.01,66.01,66.01,66.01,66.01,,,,1,6,22,66.01,0.0,SAME,1.0
DPNB,2021-06-23,66.01,66.01,66.01,66.01,66.01,66.01,0.0,0.0,0.0,0.0,0.0,0.0,0.0,0.0,66.01,66.01,66.01,66.01000005841254,66.01005851212607,66.01799452725633,0.0,0.0,0.0,0.0,0.0,0.0,0.0,0.0,0.0,66.01,66.01,66.01,66.01,66.01,66.01,,,,2,6,23,65.5,-0.5100000000000051,DOWN,0.0
DPNB,2021-06-24,65.5,66.01,66.01,66.01,66.01,66.01,-0.5100000000000051,-0.5100000000000051,-0.5100000000000051,-0.00772610210574165,-0.00772610210574165,-0.00772610210574165,-0.007756103059473294,-0.007756103059473294,65.84000000000002,65.908,65.95900000000002,65.75500002920627,65.84003900808405,65.92381370411881,0.004460667130524035,0.0034552179018924032,0.002443208008916678,-0.5100000000000051,-0.007726102105741631,-0.5100000000000051,-0.007726102105741631,-0.5100000000000051,-0.007726102105741631,65.5,66.01,65.5,66.01,65.5,66.01,0.0,0.0,0.0,3,6,24,65.5,0.0,SAME,1.0
DPNB,2021-06-25,65.5,65.5,66.01,66.01,66.01,66.01,0.0,-0.5100000000000051,-0.5100000000000051,0.0,-0.00772610210574165,-0.00772610210574165,0.0,-0.007756103059473294,65.67,65.806,65.908,65.62750001460313,65.72669267205603,65.8467566670063,0.004460667130524035,0.0034552179018924032,0.002443208008916678,-0.5100000000000051,-0.007726102105741631,-0.5100000000000051,-0.007726102105741631,-0.5100000000000051,-0.007726102105741631,65.5,66.01,65.5,66.01,65.5,66.01,0.0,0.0,0.0,4,6,25,65.5,0.0,SAME,1.0
DPNB,2021-06-28,65.5,65.5,65.5,66.01,66.01,66.01,0.0,0.0,-0.5100000000000051,0.0,0.0,-0.00772610210574165,0.0,0.0,65.5,65.704,65.857,65.56375000730156,65.65112844803735,65.78371000027788,0.004460667130524035,0.0034552179018924032,0.002443208008916678,-0.5100000000000051,-0.007726102105741631,-0.5100000000000051,-0.007726102105741631,-0.5100000000000051,-0.007726102105741631,65.5,65.5,65.5,66.01,65.5,66.01,,0.0,0.0,0,6,28,65.5,0.0,SAME,1.0
DPNB,2021-06-29,65.5,65.5,65.5,65.5,66.01,66.01,0.0,0.0,0.0,0.0,0.0,0.0,0.0,0.0,65.5,65.602,65.80600000000001,65.53187500365078,65.60075229869157,65.73212636386371,0.0,0.0034552179018924032,0.002443208008916678,0.0,0.0,-0.5100000000000051,-0.007726102105741631,-0.5100000000000051,-0.007726102105741631,65.5,65.5,65.5,66.01,65.5,66.01,,0.0,0.0,1,6,29,65.5,0.0,SAME,1.0
DPNB,2021-06-30,65.5,65.5,65.5,65.5,66.01,66.01,0.0,0.0,0.0,0.0,0.0,0.0,0.0,0.0,65.5,65.5,65.75500000000001,65.51593750182539,65.56716819912772,65.68992157043394,0.0,0.0034552179018924032,0.002443208008916678,0.0,0.0,-0.5100000000000051,-0.007726102105741631,-0.5100000000000051,-0.007726102105741631,65.5,65.5,65.5,65.5,65.5,66.01,,,0.0,2,6,30,65.5,0.0,SAME,1.0
DPNB,2021-07-01,65.5,65.5,65.5,65.5,65.5,66.01,0.0,0.0,0.0,0.0,0.0,0.0,0.0,0.0,65.5,65.5,65.70400000000001,65.5079687509127,65.54477879941848,65.65539037580959,0.0,0.0,0.002443208008916678,0.0,0.0,0.0,0.0,-0.5100000000000051,-0.007726102105741631,65.5,65.5,65.5,65.5,65.5,66.01,,,0.0,3,7,1,65.5,0.0,SAME,1.0
DPNB,2021-07-02,65.5,65.5,65.5,65.5,65.5,66.01,0.0,0.0,0.0,0.0,0.0,0.0,0.0,0.0,65.5,65.5,65.653,65.50398437545635,65.52985253294565,65.62713758020784,0.0,0.0,0.002443208008916678,0.0,0.0,0.0,0.0,-0.5100000000000051,-0.007726102105741631,65.5,65.5,65.5,65.5,65.5,66.01,,,0.0,4,7,2,65.5,0.0,SAME,1.0
DPNB,2021-07-05,65.5,65.5,65.5,65.5,65.5,66.01,0.0,0.0,0.0,0.0,0.0,0.0,0.0,0.0,65.5,65.5,65.602,65.50199218772818,65.51990168863044,65.60402165653369,0.0,0.0,0.002443208008916678,0.0,0.0,0.0,0.0,-0.5100000000000051,-0.007726102105741631,65.5,65.5,65.5,65.5,65.5,66.01,,,0.0,0,7,5,65.5,0.0,SAME,1.0
DPNB,2021-07-06,65.5,65.5,65.5,65.5,65.5,66.01,0.0,0.0,0.0,0.0,0.0,0.0,0.0,0.0,65.5,65.5,65.551,65.50099609386409,65.5132677924203,65.58510862807302,0.0,0.0,0.002443208008916678,0.0,0.0,0.0,0.0,-0.5100000000000051,-0.007726102105741631,65.5,65.5,65.5,65.5,65.5,66.01,,,0.0,1,7,6,65.5,0.0,SAME,1.0
DPNB,2021-07-07,65.5,65.5,65.5,65.5,65.5,66.01,0.0,0.0,0.0,0.0,0.0,0.0,0.0,0.0,65.5,65.5,65.5,65.50049804693205,65.50884519494687,65.56963433205974,0.0,0.0,0.002443208008916678,0.0,0.0,0.0,0.0,-0.5100000000000051,-0.007726102105741631,65.5,65.5,65.5,65.5,65.5,65.5,,,,2,7,7,65.5,0.0,SAME,1.0
DPNB,2021-07-08,65.5,65.5,65.5,65.5,65.5,65.5,0.0,0.0,0.0,0.0,0.0,0.0,0.0,0.0,65.5,65.5,65.5,65.50024902346603,65.50589679663125,65.55697354441251,0.0,0.0,0.0,0.0,0.0,0.0,0.0,0.0,0.0,65.5,65.5,65.5,65.5,65.5,65.5,,,,3,7,8,65.5,0.0,SAME,1.0
DPNB,2021-07-09,65.5,65.5,65.5,65.5,65.5,65.5,0.0,0.0,0.0,0.0,0.0,0.0,0.0,0.0,65.5,65.5,65.5,65.50012451173302,65.50393119775417,65.5466147181557,0.0,0.0,0.0,0.0,0.0,0.0,0.0,0.0,0.0,65.5,65.5,65.5,65.5,65.5,65.5,,,,4,7,9,65.5,0.0,SAME,1.0
DPNB,2021-07-12,65.5,65.5,65.5,65.5,65.5,65.5,0.0,0.0,0.0,0.0,0.0,0.0,0.0,0.0,65.5,65.5,65.5,65.50006225586651,65.50262079850279,65.53813931485466,0.0,0.0,0.0,0.0,0.0,0.0,0.0,0.0,0.0,65.5,65.5,65.5,65.5,65.5,65.5,,,,0,7,12,65.5,0.0,SAME,1.0
DPNB,2021-07-13,65.5,65.5,65.5,65.5,65.5,65.5,0.0,0.0,0.0,0.0,0.0,0.0,0.0,0.0,65.5,65.5,65.5,65.50003112793325,65.50174719900187,65.53120489397199,0.0,0.0,0.0,0.0,0.0,0.0,0.0,0.0,0.0,65.5,65.5,65.5,65.5,65.5,65.5,,,,1,7,13,65.5,0.0,SAME,1.0
DPNB,2021-07-15,65.5,65.5,65.5,65.5,65.5,65.5,0.0,0.0,0.0,0.0,0.0,0.0,0.0,0.0,65.5,65.5,65.5,65.50001556396663,65.50116479933459,65.52553127688617,0.0,0.0,0.0,0.0,0.0,0.0,0.0,0.0,0.0,65.5,65.5,65.5,65.5,65.5,65.5,,,,3,7,15,65.5,0.0,SAME,1.0
DPNB,2021-07-16,65.5,65.5,65.5,65.5,65.5,65.5,0.0,0.0,0.0,0.0,0.0,0.0,0.0,0.0,65.5,65.5,65.5,65.50000778198331,65.50077653288973,65.52088922654323,0.0,0.0,0.0,0.0,0.0,0.0,0.0,0.0,0.0,65.5,65.5,65.5,65.5,65.5,65.5,,,,4,7,16,65.5,0.0,SAME,1.0
DPNB,2021-07-19,65.5,65.5,65.5,65.5,65.5,65.5,0.0,0.0,0.0,0.0,0.0,0.0,0.0,0.0,65.5,65.5,65.5,65.50000389099165,65.50051768859316,65.51709118535355,0.0,0.0,0.0,0.0,0.0,0.0,0.0,0.0,0.0,65.5,65.5,65.5,65.5,65.5,65.5,,,,0,7,19,65.5,0.0,SAME,1.0
DPNB,2021-07-20,65.5,65.5,65.5,65.5,65.5,65.5,0.0,0.0,0.0,0.0,0.0,0.0,0.0,0.0,65.5,65.5,65.5,65.50000194549582,65.50034512572878,65.51398369710745,0.0,0.0,0.0,0.0,0.0,0.0,0.0,0.0,0.0,65.5,65.5,65.5,65.5,65.5,65.5,,,,1,7,20,65.5,0.0,SAME,1.0
DPNB,2021-07-21,65.5,65.5,65.5,65.5,65.5,65.5,0.0,0.0,0.0,0.0,0.0,0.0,0.0,0.0,65.5,65.5,65.5,65.50000097274791,65.50023008381919,65.51144120672427,0.0,0.0,0.0,0.0,0.0,0.0,0.0,0.0,0.0,65.5,65.5,65.5,65.5,65.5,65.5,,,,2,7,21,65.5,0.0,SAME,1.0
DPNB,2021-07-22,65.5,65.5,65.5,65.5,65.5,65.5,0.0,0.0,0.0,0.0,0.0,0.0,0.0,0.0,65.5,65.5,65.5,65.50000048637395,65.5001533892128,65.50936098731985,0.0,0.0,0.0,0.0,0.0,0.0,0.0,0.0,0.0,65.5,65.5,65.5,65.5,65.5,65.5,,,,3,7,22,65.5,0.0,SAME,1.0
DPNB,2021-07-23,65.5,65.5,65.5,65.5,65.5,65.5,0.0,0.0,0.0,0.0,0.0,0.0,0.0,0.0,65.5,65.5,65.5,65.50000024318697,65.5001022594752,65.50765898962533,0.0,0.0,0.0,0.0,0.0,0.0,0.0,0.0,0.0,65.5,65.5,65.5,65.5,65.5,65.5,,,,4,7,23,65.5,0.0,SAME,1.0
DPNB,2021-07-26,65.5,65.5,65.5,65.5,65.5,65.5,0.0,0.0,0.0,0.0,0.0,0.0,0.0,0.0,65.5,65.5,65.5,65.50000012159349,65.50006817298348,65.50626644605708,0.0,0.0,0.0,0.0,0.0,0.0,0.0,0.0,0.0,65.5,65.5,65.5,65.5,65.5,65.5,,,,0,7,26,65.5,0.0,SAME,1.0
DPNB,2021-07-27,65.5,65.5,65.5,65.5,65.5,65.5,0.0,0.0,0.0,0.0,0.0,0.0,0.0,0.0,65.5,65.5,65.5,65.50000006079674,65.50004544865565,65.50512709222852,0.0,0.0,0.0,0.0,0.0,0.0,0.0,0.0,0.0,65.5,65.5,65.5,65.5,65.5,65.5,,,,1,7,27,65.5,0.0,SAME,1.0
DPNB,2021-07-28,65.5,65.5,65.5,65.5,65.5,65.5,0.0,0.0,0.0,0.0,0.0,0.0,0.0,0.0,65.5,65.5,65.5,65.50000003039837,65.50003029910377,65.50419489364151,0.0,0.0,0.0,0.0,0.0,0.0,0.0,0.0,0.0,65.5,65.5,65.5,65.5,65.5,65.5,,,,2,7,28,65.5,0.0,SAME,1.0
DPNB,2021-07-29,65.5,65.5,65.5,65.5,65.5,65.5,0.0,0.0,0.0,0.0,0.0,0.0,0.0,0.0,65.5,65.5,65.5,65.50000001519919,65.50002019940251,65.50343218570669,0.0,0.0,0.0,0.0,0.0,0.0,0.0,0.0,0.0,65.5,65.5,65.5,65.5,65.5,65.5,,,,3,7,29,65.5,0.0,SAME,1.0
DPNB,2021-07-30,65.5,65.5,65.5,65.5,65.5,65.5,0.0,0.0,0.0,0.0,0.0,0.0,0.0,0.0,65.5,65.5,65.5,65.5000000075996,65.50001346626834,65.50280815194184,0.0,0.0,0.0,0.0,0.0,0.0,0.0,0.0,0.0,65.5,65.5,65.5,65.5,65.5,65.5,,,,4,7,30,65.5,0.0,SAME,1.0
DPNB,2021-08-02,65.5,65.5,65.5,65.5,65.5,65.5,0.0,0.0,0.0,0.0,0.0,0.0,0.0,0.0,65.5,65.5,65.5,65.5000000037998,65.50000897751224,65.5022975788615,0.0,0.0,0.0,0.0,0.0,0.0,0.0,0.0,0.0,65.5,65.5,65.5,65.5,65.5,65.5,,,,0,8,2,65.5,0.0,SAME,1.0
DPNB,2021-08-03,65.5,65.5,65.5,65.5,65.5,65.5,0.0,0.0,0.0,0.0,0.0,0.0,0.0,0.0,65.5,65.5,65.5,65.5000000018999,65.50000598500816,65.50187983725031,0.0,0.0,0.0,0.0,0.0,0.0,0.0,0.0,0.0,65.5,65.5,65.5,65.5,65.5,65.5,,,,1,8,3,65.5,0.0,SAME,1.0
DPNB,2021-08-04,65.5,65.5,65.5,65.5,65.5,65.5,0.0,0.0,0.0,0.0,0.0,0.0,0.0,0.0,65.5,65.5,65.5,65.50000000094995,65.50000399000544,65.50153804865934,0.0,0.0,0.0,0.0,0.0,0.0,0.0,0.0,0.0,65.5,65.5,65.5,65.5,65.5,65.5,,,,2,8,4,65.5,0.0,SAME,1.0
DPNB,2021-08-05,65.5,65.5,65.5,65.5,65.5,65.5,0.0,0.0,0.0,0.0,0.0,0.0,0.0,0.0,65.5,65.5,65.5,65.50000000047498,65.50000266000363,65.50125840344855,0.0,0.0,0.0,0.0,0.0,0.0,0.0,0.0,0.0,65.5,65.5,65.5,65.5,65.5,65.5,,,,3,8,5,65.5,0.0,SAME,1.0
DPNB,2021-08-06,65.5,65.5,65.5,65.5,65.5,65.5,0.0,0.0,0.0,0.0,0.0,0.0,0.0,0.0,65.5,65.5,65.5,65.50000000023749,65.50000177333575,65.50102960282153,0.0,0.0,0.0,0.0,0.0,0.0,0.0,0.0,0.0,65.5,65.5,65.5,65.5,65.5,65.5,,,,4,8,6,65.5,0.0,SAME,1.0
DPNB,2021-08-09,65.5,65.5,65.5,65.5,65.5,65.5,0.0,0.0,0.0,0.0,0.0,0.0,0.0,0.0,65.5,65.5,65.5,65.50000000011875,65.50000118222384,65.50084240230852,0.0,0.0,0.0,0.0,0.0,0.0,0.0,0.0,0.0,65.5,65.5,65.5,65.5,65.5,65.5,,,,0,8,9,64.75,-0.75,DOWN,0.0
DPNB,2021-08-10,64.75,65.5,65.5,65.5,65.5,65.5,-0.75,-0.75,-0.75,-0.011450381679389277,-0.011450381679389277,-0.011450381679389277,-0.011516442061559067,-0.011516442061559067,65.25,65.35,65.425,65.12500000005937,65.25000078814924,65.3643256018888,0.006610880944910964,0.005120766360675634,0.0036209286185134087,-0.75,-0.011450381679389313,-0.75,-0.011450381679389313,-0.75,-0.011450381679389313,64.75,65.5,64.75,65.5,64.75,65.5,0.0,0.0,0.0,1,8,10,64.75,0.0,SAME,1.0
DPNB,2021-08-11,64.75,64.75,65.5,65.5,65.5,65.5,0.0,-0.75,-0.75,0.0,-0.011450381679389277,-0.011450381679389277,0.0,-0.011516442061559067,65.0,65.2,65.35,64.93750000002969,65.08333385876617,65.252630037909,0.006610880944910964,0.005120766360675634,0.0036209286185134087,-0.75,-0.011450381679389313,-0.75,-0.011450381679389313,-0.75,-0.011450381679389313,64.75,65.5,64.75,65.5,64.75,65.5,0.0,0.0,0.0,2,8,11,64.75,0.0,SAME,1.0
DPNB,2021-08-12,64.75,64.75,64.75,65.5,65.5,65.5,0.0,0.0,-0.75,0.0,0.0,-0.011450381679389277,0.0,0.0,64.75,65.05,65.275,64.84375000001484,64.97222257251079,65.16124275828918,0.006610880944910964,0.005120766360675634,0.0036209286185134087,-0.75,-0.011450381679389313,-0.75,-0.011450381679389313,-0.75,-0.011450381679389313,64.75,64.75,64.75,65.5,64.75,65.5,,0.0,0.0,3,8,12,63.65,-1.1000000000000014,DOWN,0.0
DPNB,2021-08-13,63.65,64.75,64.75,64.75,65.5,65.5,-1.1000000000000014,-1.1000000000000014,-1.1000000000000014,-0.01698841698841702,-0.01698841698841702,-0.01698841698841702,-0.01713437557623164,-0.01713437557623164,64.38333333333334,64.68,65.09,64.24687500000742,64.53148171500719,64.88647134769114,0.009808267121362521,0.00803063662547958,0.006135878325329443,-1.1000000000000014,-0.01698841698841701,-1.8500000000000014,-0.028244274809160325,-1.8500000000000014,-0.028244274809160325,63.65,64.75,63.65,65.5,63.65,65.5,0.0,0.0,0.0,4,8,13,63.65,0.0,SAME,1.0
DPNB,2021-08-16,63.65,63.65,64.75,64.75,65.5,65.5,0.0,-1.1000000000000014,-1.1000000000000014,0.0,-0.01698841698841702,-0.01698841698841702,0.0,-0.01713437557623164,64.01666666666667,64.31,64.905,63.948437500003706,64.23765447667147,64.66165837538365,0.009808267121362521,0.00803063662547958,0.006135878325329443,-1.1000000000000014,-0.01698841698841701,-1.8500000000000014,-0.028244274809160325,-1.8500000000000014,-0.028244274809160325,63.65,64.75,63.65,64.75,63.65,65.5,0.0,0.0,0.0,0,8,16,63.65,0.0,SAME,1.0
DPNB,2021-08-17,63.65,63.65,63.65,64.75,64.75,65.5,0.0,0.0,-1.1000000000000014,0.0,0.0,-0.01698841698841702,0.0,0.0,63.65,64.09,64.72,63.799218750001856,64.04176965111431,64.47772048895025,0.009808267121362521,0.007597451043235187,0.006135878325329443,-1.1000000000000014,-0.01698841698841701,-1.1000000000000014,-0.01698841698841701,-1.8500000000000014,-0.028244274809160325,63.65,63.65,63.65,64.75,63.65,65.5,,0.0,0.0,1,8,17,63.65,0.0,SAME,1.0
DPNB,2021-08-18,63.65,63.65,63.65,63.65,64.75,65.5,0.0,0.0,0.0,0.0,0.0,0.0,0.0,0.0,63.65,63.870000000000005,64.535,63.724609375000924,63.911179767409536,64.32722585459565,0.0,0.007597451043235187,0.006135878325329443,0.0,0.0,-1.1000000000000014,-0.01698841698841701,-1.8500000000000014,-0.028244274809160325,63.65,63.65,63.65,64.75,63.65,65.5,,0.0,0.0,2,8,18,63.65,0.0,SAME,1.0
DPNB,2021-08-19,63.65,63.65,63.65,63.65,64.75,65.5,0.0,0.0,0.0,0.0,0.0,0.0,0.0,0.0,63.65,63.65,64.35,63.68730468750046,63.82411984493969,64.2040938810328,0.0,0.007597451043235187,0.006135878325329443,0.0,0.0,-1.1000000000000014,-0.01698841698841701,-1.8500000000000014,-0.028244274809160325,63.65,63.65,63.65,63.65,63.65,65.5,,,0.0,3,8,19,63.65,0.0,SAME,1.0
DPNB,2021-08-20,63.65,63.65,63.65,63.65,63.65,65.5,0.0,0.0,0.0,0.0,0.0,0.0,0.0,0.0,63.65,63.65,64.16499999999999,63.668652343750225,63.766079896626465,64.10334953902684,0.0,0.0,0.006135878325329443,0.0,0.0,0.0,0.0,-1.8500000000000014,-0.028244274809160325,63.65,63.65,63.65,63.65,63.65,65.5,,,0.0,4,8,20,63.65,0.0,SAME,1.0
DPNB,2021-08-23,63.65,63.65,63.65,63.65,63.65,65.5,0.0,0.0,0.0,0.0,0.0,0.0,0.0,0.0,63.65,63.65,63.98,63.65932617187511,63.72738659775098,64.02092235011287,0.0,0.0,0.006135878325329443,0.0,0.0,0.0,0.0,-1.8500000000000014,-0.028244274809160325,63.65,63.65,63.65,63.65,63.65,64.75,,,0.0,0,8,23,63.65,0.0,SAME,1.0
DPNB,2021-08-24,63.65,63.65,63.65,63.65,63.65,64.75,0.0,0.0,0.0,0.0,0.0,0.0,0.0,0.0,63.65,63.65,63.86999999999999,63.65466308593756,63.70159106516732,63.95348192281961,0.0,0.0,0.005372209152409622,0.0,0.0,0.0,0.0,-1.1000000000000014,-0.01698841698841701,63.65,63.65,63.65,63.65,63.65,64.75,,,0.0,1,8,24,63.65,0.0,SAME,1.0
DPNB,2021-08-25,63.65,63.65,63.65,63.65,63.65,64.75,0.0,0.0,0.0,0.0,0.0,0.0,0.0,0.0,63.65,63.65,63.75999999999999,63.65233154296878,63.68439404344488,63.89830339139786,0.0,0.0,0.005372209152409622,0.0,0.0,0.0,0.0,-1.1000000000000014,-0.01698841698841701,63.65,63.65,63.65,63.65,63.65,64.75,,,0.0,2,8,25,63.65,0.0,SAME,1.0
DPNB,2021-08-26,63.65,63.65,63.65,63.65,63.65,64.75,0.0,0.0,0.0,0.0,0.0,0.0,0.0,0.0,63.65,63.65,63.65,63.651165771484386,63.672929362296586,63.85315732023461,0.0,0.0,0.005372209152409622,0.0,0.0,0.0,0.0,-1.1000000000000014,-0.01698841698841701,63.65,63.65,63.65,63.65,63.65,63.65,,,,3,8,26,63.65,0.0,SAME,1.0
DPNB,2021-08-27,63.65,63.65,63.65,63.65,63.65,63.65,0.0,0.0,0.0,0.0,0.0,0.0,0.0,0.0,63.65,63.65,63.65,63.650582885742196,63.665286241531064,63.81621962564649,0.0,0.0,0.0,0.0,0.0,0.0,0.0,0.0,0.0,63.65,63.65,63.65,63.65,63.65,63.65,,,,4,8,27,63.65,0.0,SAME,1.0
DPNB,2021-08-30,63.65,63.65,63.65,63.65,63.65,63.65,0.0,0.0,0.0,0.0,0.0,0.0,0.0,0.0,63.65,63.65,63.65,63.650291442871094,63.66019082768737,63.78599787552894,0.0,0.0,0.0,0.0,0.0,0.0,0.0,0.0,0.0,63.65,63.65,63.65,63.65,63.65,63.65,,,,0,8,30,65.0,1.3500000000000014,UP,2.0
DPNB,2021-08-31,65.0,63.65,63.65,63.65,63.65,63.65,1.3500000000000014,1.3500000000000014,1.3500000000000014,0.02120974076983506,0.02120974076983506,0.02120974076983506,0.02098794489222161,0.02098794489222161,64.10000000000001,63.92,63.785000000000004,64.32514572143555,64.10679388512492,64.00672553452367,0.012245449542901922,0.00948528442929418,0.006707108941441181,1.3500000000000014,0.021209740769835058,1.3500000000000014,0.021209740769835058,1.3500000000000014,0.021209740769835058,63.65,65.0,63.65,65.0,63.65,65.0,1.0,1.0,1.0,1,8,31,64.9,-0.09999999999999432,DOWN,0.0
DPNB,2021-09-01,64.9,65.0,63.65,63.65,63.65,63.65,-0.09999999999999432,1.250000000000007,1.250000000000007,-0.0015384615384614886,0.019638648860958563,0.019638648860958563,-0.0015396461855927501,0.019448298706628977,64.51666666666667,64.17,63.910000000000004,64.61257286071778,64.37119592341662,64.16913907370117,0.012712858816223907,0.009680239177168537,0.006778430208053426,1.250000000000007,0.01963864886095848,1.250000000000007,0.01963864886095848,1.250000000000007,0.01963864886095848,63.65,65.0,63.65,65.0,63.65,65.0,0.9259259259259303,0.9259259259259303,0.9259259259259303,2,9,1,65.0,0.09999999999999432,UP,2.0
DPNB,2021-09-02,65.0,64.9,65.0,63.65,63.65,63.65,0.09999999999999432,0.0,1.3500000000000014,0.0015408320493064398,0.0,0.02120974076983506,0.0015396461855926144,0.0,64.96666666666668,64.44000000000001,64.04499999999999,64.80628643035888,64.58079728227776,64.32020469666459,0.012341182598078395,0.009547295400215025,0.006746182165859957,1.3500000000000014,0.021209740769835058,1.3500000000000014,0.021209740769835058,1.3500000000000014,0.021209740769835058,64.9,65.0,63.65,65.0,63.65,65.0,1.0,1.0,1.0,3,9,2,65.0,0.0,SAME,1.0
DPNB,2021-09-03,65.0,65.0,64.9,65.0,63.65,63.65,0.0,0.09999999999999432,0.0,0.0,0.0015408320493064398,0.0,0.0,0.0015396461855926144,64.96666666666668,64.71000000000001,64.17999999999999,64.90314321517944,64.72053152151851,64.44380384272557,0.0015396469459207232,0.009547295400215025,0.006746182165859957,0.0,0.0,1.3500000000000014,0.021209740769835058,1.3500000000000014,0.021209740769835058,64.9,65.0,63.65,65.0,63.65,65.0,1.0,1.0,1.0,4,9,3,65.0,0.0,SAME,1.0
DPNB,2021-09-06,65.0,65.0,65.0,64.9,63.65,63.65,0.0,0.0,0.09999999999999432,0.0,0.0,0.0015408320493064398,0.0,0.0,65.0,64.98,64.315,64.95157160758973,64.81368768101234,64.54493041677546,0.000889599798380706,0.009547295400215025,0.006746182165859957,0.09999999999999432,0.0015408320493065378,1.3500000000000014,0.021209740769835058,1.3500000000000014,0.021209740769835058,65.0,65.0,64.9,65.0,63.65,65.0,,1.0,1.0,0,9,6,65.0,0.0,SAME,1.0
DPNB,2021-09-07,65.0,65.0,65.0,65.0,65.0,63.65,0.0,0.0,0.0,0.0,0.0,0.0,0.0,0.0,65.0,64.98,64.45,64.97578580379486,64.87579178734157,64.6276703409981,0.0,0.0010886948820935367,0.006746182165859957,0.0,0.0,0.0,0.0,1.3500000000000014,0.021209740769835058,65.0,65.0,64.9,65.0,63.65,65.0,,1.0,1.0,1,9,7,64.4,-0.5999999999999943,DOWN,0.0
DPNB,2021-09-08,64.4,65.0,65.0,65.0,64.9,63.65,-0.5999999999999943,-0.5999999999999943,-0.5999999999999943,-0.009230769230769154,-0.009230769230769154,-0.009230769230769154,-0.009273636785329102,-0.009273636785329102,64.8,64.88,64.525,64.68789290189744,64.71719452489438,64.58627573354389,0.005329387100201476,0.004351845505773106,0.007640869465455097,-0.5999999999999943,-0.009230769230769143,-0.5,-0.007704160246533127,0.7500000000000071,0.011783189316575132,64.4,65.0,64.4,65.0,63.65,65.0,0.0,0.0,0.5555555555555602,2,9,8,64.4,0.0,SAME,1.0
DPNB,2021-09-09,64.4,64.4,65.0,65.0,65.0,63.65,0.0,-0.5999999999999943,-0.5999999999999943,0.0,-0.009230769230769154,-0.009230769230769154,0.0,-0.009273636785329102,64.60000000000001,64.76,64.6,64.54394645094872,64.61146301659626,64.55240741835408,0.005329387100201476,0.004128125496909154,0.007640869465455097,-0.5999999999999943,-0.009230769230769143,-0.5999999999999943,-0.009230769230769143,0.7500000000000071,0.011783189316575132,64.4,65.0,64.4,65.0,63.65,65.0,0.0,0.0,0.5555555555555602,3,9,9,64.4,0.0,SAME,1.0
DPNB,2021-09-10,64.4,64.4,64.4,65.0,65.0,63.65,0.0,0.0,-0.5999999999999943,0.0,0.0,-0.009230769230769154,0.0,0.0,64.4,64.64,64.675,64.47197322547436,64.54097534439751,64.52469697865334,0.005329387100201476,0.004128125496909154,0.007640869465455097,-0.5999999999999943,-0.009230769230769143,-0.5999999999999943,-0.009230769230769143,0.7500000000000071,0.011783189316575132,64.4,64.4,64.4,65.0,63.65,65.0,,0.0,0.5555555555555602,4,9,10,62.59,-1.8100000000000023,DOWN,0.0
DPNB,2021-09-13,62.59,64.4,64.4,64.4,65.0,63.65,-1.8100000000000023,-1.8100000000000023,-1.8100000000000023,-0.028105590062111885,-0.028105590062111885,-0.028105590062111885,-0.02850811217369792,-0.02850811217369792,63.796666666666674,64.158,64.569,63.53098661273718,63.89065022959835,64.17293389162545,0.01622676998809015,0.012209940092823194,0.012035716692727523,-1.8100000000000023,-0.028105590062111833,-2.4099999999999966,-0.03707692307692302,-1.0599999999999952,-0.016653574234092618,62.59,64.4,62.59,65.0,62.59,65.0,0.0,0.0,0.0,0,9,13,62.59,0.0,SAME,1.0
DPNB,2021-09-14,62.59,62.59,64.4,64.4,65.0,65.0,0.0,-1.8100000000000023,-1.8100000000000023,0.0,-0.028105590062111885,-0.028105590062111885,0.0,-0.02850811217369792,63.19333333333335,63.676,64.328,63.06049330636859,63.45710015306557,63.88512772951173,0.01622676998809015,0.012209940092823194,0.009070646484389903,-1.8100000000000023,-0.028105590062111833,-2.4099999999999966,-0.03707692307692302,-2.4099999999999966,-0.03707692307692302,62.59,64.4,62.59,64.4,62.59,65.0,0.0,0.0,0.0,1,9,14,62.59,0.0,SAME,1.0
DPNB,2021-09-15,62.59,62.59,62.59,64.4,64.4,64.9,0.0,0.0,-1.8100000000000023,0.0,0.0,-0.028105590062111885,0.0,0.0,62.59,63.31400000000001,64.09700000000001,62.825246653184294,63.16806676871039,63.6496499605096,0.01622676998809015,0.012569201985320475,0.009124895613837147,-1.8100000000000023,-0.028105590062111833,-1.8100000000000023,-0.028105590062111833,-2.3100000000000023,-0.03559322033898308,62.59,62.59,62.59,64.4,62.59,65.0,,0.0,0.0,2,9,15,62.59,0.0,SAME,1.0
DPNB,2021-09-20,62.59,62.59,62.59,62.59,64.4,65.0,0.0,0.0,0.0,0.0,0.0,0.0,0.0,0.0,62.59,62.952,63.85600000000001,62.70762332659215,62.97537784580693,63.456986331326036,0.0,0.012569201985320475,0.009041453427940101,0.0,0.0,-1.8100000000000023,-0.028105590062111833,-2.4099999999999966,-0.03707692307692302,62.59,62.59,62.59,64.4,62.59,65.0,,0.0,0.0,0,9,20,62.59,0.0,SAME,1.0
DPNB,2021-09-21,62.59,62.59,62.59,62.59,64.4,65.0,0.0,0.0,0.0,0.0,0.0,0.0,0.0,0.0,62.59,62.59,63.61500000000001,62.64881166329607,62.8469185638713,63.29935245290312,0.0,0.012569201985320475,0.009041453427940101,0.0,0.0,-1.8100000000000023,-0.028105590062111833,-2.4099999999999966,-0.03707692307692302,62.59,62.59,62.59,62.59,62.59,65.0,,,0.0,1,9,21,64.8,2.2099999999999937,UP,2.0
DPNB,2021-09-22,64.8,62.59,62.59,62.59,62.59,65.0,2.2099999999999937,2.2099999999999937,2.2099999999999937,0.035309154817063426,0.035309154817063426,0.035309154817063426,0.034700082421618914,0.034700082421618914,63.326666666666675,63.032,63.595000000000006,63.724405831648035,63.49794570924753,63.57219746146619,0.020385750038487017,0.01579073407980013,0.015353091441964358,2.2099999999999937,0.03530915481706333,2.2099999999999937,0.03530915481706333,-0.20000000000000284,-0.0030769230769231207,62.59,64.8,62.59,64.8,62.59,65.0,1.0,1.0,0.9170124481327788,2,9,22,64.8,0.0,SAME,1.0
DPNB,2021-09-23,64.8,64.8,62.59,62.59,62.59,65.0,0.0,2.2099999999999937,2.2099999999999937,0.0,0.035309154817063426,0.035309154817063426,0.0,0.034700082421618914,64.06333333333333,63.474000000000004,63.575,64.26220291582402,63.93196380616503,63.79543428665415,0.020385750038487017,0.01579073407980013,0.015353091441964358,2.2099999999999937,0.03530915481706333,2.2099999999999937,0.03530915481706333,-0.20000000000000284,-0.0030769230769231207,62.59,64.8,62.59,64.8,62.59,64.8,1.0,1.0,1.0,3,9,23,64.8,0.0,SAME,1.0
DPNB,2021-09-24,64.8,64.8,64.8,62.59,62.59,64.4,0.0,0.0,2.2099999999999937,0.0,0.0,0.035309154817063426,0.0,0.0,64.8,63.916,63.61500000000001,64.531101457912,64.22130920411003,63.978082598171575,0.020385750038487017,0.01579073407980013,0.015023949296288232,2.2099999999999937,0.03530915481706333,2.2099999999999937,0.03530915481706333,0.3999999999999915,0.006211180124223469,64.8,64.8,62.59,64.8,62.59,64.8,,1.0,1.0,4,9,24,64.8,0.0,SAME,1.0
DPNB,2021-09-27,64.8,64.8,64.8,64.8,62.59,64.4,0.0,0.0,0.0,0.0,0.0,0.0,0.0,0.0,64.8,64.358,63.654999999999994,64.66555072895599,64.41420613607336,64.12752212577674,0.0,0.01579073407980013,0.015023949296288232,0.0,0.0,2.2099999999999937,0.03530915481706333,0.3999999999999915,0.006211180124223469,64.8,64.8,62.59,64.8,62.59,64.8,,1.0,1.0,0,9,27,64.8,0.0,SAME,1.0
DPNB,2021-09-28,64.8,64.8,64.8,64.8,62.59,64.4,0.0,0.0,0.0,0.0,0.0,0.0,0.0,0.0,64.8,64.8,63.69500000000001,64.73277536447799,64.54280409071558,64.24979083018096,0.0,0.01579073407980013,0.015023949296288232,0.0,0.0,2.2099999999999937,0.03530915481706333,0.3999999999999915,0.006211180124223469,64.8,64.8,64.8,64.8,62.59,64.8,,,1.0,1,9,28,64.8,0.0,SAME,1.0
DPNB,2021-09-29,64.8,64.8,64.8,64.8,64.8,62.59,0.0,0.0,0.0,0.0,0.0,0.0,0.0,0.0,64.8,64.8,63.916,64.76638768223899,64.62853606047706,64.34982886105715,0.0,0.0,0.011165735147742628,0.0,0.0,0.0,0.0,2.2099999999999937,0.03530915481706333,64.8,64.8,64.8,64.8,62.59,64.8,,,1.0,2,9,29,63.5,-1.2999999999999972,DOWN,0.0
DPNB,2021-09-30,63.5,64.8,64.8,64.8,64.8,62.59,-1.2999999999999972,-1.2999999999999972,-1.2999999999999972,-0.020061728395061706,-0.020061728395061706,-0.020061728395061706,-0.020265697459583024,-0.020265697459583024,64.36666666666667,64.53999999999999,64.007,64.13319384111949,64.25235737365138,64.19531452268312,0.011582644289293256,0.00897187768749291,0.013441068735794377,-1.2999999999999972,-0.020061728395061686,-1.2999999999999972,-0.020061728395061686,0.9099999999999966,0.014539063748202533,63.5,64.8,63.5,64.8,62.59,64.8,0.0,0.0,0.4117647058823526,3,9,30,63.5,0.0,SAME,1.0
DPNB,2021-10-01,63.5,63.5,64.8,64.8,64.8,62.59,0.0,-1.2999999999999972,-1.2999999999999972,0.0,-0.020061728395061706,-0.020061728395061706,0.0,-0.020265697459583024,63.93333333333334,64.28,64.098,63.816596920559746,64.00157158243425,64.06889370037709,0.011582644289293256,0.00897187768749291,0.013441068735794377,-1.2999999999999972,-0.020061728395061686,-1.2999999999999972,-0.020061728395061686,0.9099999999999966,0.014539063748202533,63.5,64.8,63.5,64.8,62.59,64.8,0.0,0.0,0.4117647058823526,4,10,1,63.5,0.0,SAME,1.0
DPNB,2021-10-04,63.5,63.5,63.5,64.8,64.8,62.59,0.0,0.0,-1.2999999999999972,0.0,0.0,-0.020061728395061706,0.0,0.0,63.5,64.02,64.189,63.65829846027987,63.83438105495617,63.96545848212671,0.011582644289293256,0.00897187768749291,0.013441068735794377,-1.2999999999999972,-0.020061728395061686,-1.2999999999999972,-0.020061728395061686,0.9099999999999966,0.014539063748202533,63.5,63.5,63.5,64.8,62.59,64.8,,0.0,0.4117647058823526,0,10,4,63.5,0.0,SAME,1.0
DPNB,2021-10-05,63.5,63.5,63.5,63.5,64.8,62.59,0.0,0.0,0.0,0.0,0.0,0.0,0.0,0.0,63.5,63.760000000000005,64.28,63.57914923013993,63.72292070330411,63.880829667194575,0.0,0.00897187768749291,0.013441068735794377,0.0,0.0,-1.2999999999999972,-0.020061728395061686,0.9099999999999966,0.014539063748202533,63.5,63.5,63.5,64.8,63.5,64.8,,0.0,0.0,1,10,5,63.5,0.0,SAME,1.0
DPNB,2021-10-06,63.5,63.5,63.5,63.5,64.8,64.8,0.0,0.0,0.0,0.0,0.0,0.0,0.0,0.0,63.5,63.5,64.15,63.53957461506997,63.648613802202746,63.811587909522835,0.0,0.00897187768749291,0.0063440755528069315,0.0,0.0,-1.2999999999999972,-0.020061728395061686,-1.2999999999999972,-0.020061728395061686,63.5,63.5,63.5,63.5,63.5,64.8,,,0.0,2,10,6,63.5,0.0,SAME,1.0
DPNB,2021-10-07,63.5,63.5,63.5,63.5,63.5,64.8,0.0,0.0,0.0,0.0,0.0,0.0,0.0,0.0,63.5,63.5,64.02000000000001,63.51978730753498,63.599075868135166,63.75493556233686,0.0,0.0,0.0063440755528069315,0.0,0.0,0.0,0.0,-1.2999999999999972,-0.020061728395061686,63.5,63.5,63.5,63.5,63.5,64.8,,,0.0,3,10,7,63.5,0.0,SAME,1.0
DPNB,2021-10-08,63.5,63.5,63.5,63.5,63.5,64.8,0.0,0.0,0.0,0.0,0.0,0.0,0.0,0.0,63.5,63.5,63.89,63.50989365376749,63.56605057875678,63.70858364191197,0.0,0.0,0.0063440755528069315,0.0,0.0,0.0,0.0,-1.2999999999999972,-0.020061728395061686,63.5,63.5,63.5,63.5,63.5,64.8,,,0.0,4,10,8,63.5,0.0,SAME,1.0
DPNB,2021-10-11,63.5,63.5,63.5,63.5,63.5,64.8,0.0,0.0,0.0,0.0,0.0,0.0,0.0,0.0,63.5,63.5,63.760000000000005,63.504946826883746,63.54403371917119,63.67065934338252,0.0,0.0,0.0063440755528069315,0.0,0.0,0.0,0.0,-1.2999999999999972,-0.020061728395061686,63.5,63.5,63.5,63.5,63.5,64.8,,,0.0,0,10,11,63.5,0.0,SAME,1.0
DPNB,2021-10-12,63.5,63.5,63.5,63.5,63.5,64.8,0.0,0.0,0.0,0.0,0.0,0.0,0.0,0.0,63.5,63.5,63.629999999999995,63.50247341344188,63.52935581278079,63.63963037185842,0.0,0.0,0.0063440755528069315,0.0,0.0,0.0,0.0,-1.2999999999999972,-0.020061728395061686,63.5,63.5,63.5,63.5,63.5,64.8,,,0.0,1,10,12,63.5,0.0,SAME,1.0
DPNB,2021-10-13,63.5,63.5,63.5,63.5,63.5,64.8,0.0,0.0,0.0,0.0,0.0,0.0,0.0,0.0,63.5,63.5,63.5,63.50123670672094,63.51957054185387,63.61424303152052,0.0,0.0,0.0063440755528069315,0.0,0.0,0.0,0.0,-1.2999999999999972,-0.020061728395061686,63.5,63.5,63.5,63.5,63.5,63.5,,,,2,10,13,63.5,0.0,SAME,1.0
DPNB,2021-10-14,63.5,63.5,63.5,63.5,63.5,63.5,0.0,0.0,0.0,0.0,0.0,0.0,0.0,0.0,63.5,63.5,63.5,63.500618353360466,63.51304702790258,63.59347157124406,0.0,0.0,0.0,0.0,0.0,0.0,0.0,0.0,0.0,63.5,63.5,63.5,63.5,63.5,63.5,,,,3,10,14,63.5,0.0,SAME,1.0
DPNB,2021-10-18,63.5,63.5,63.5,63.5,63.5,63.5,0.0,0.0,0.0,0.0,0.0,0.0,0.0,0.0,63.5,63.5,63.5,63.50030917668023,63.50869801860172,63.576476740108774,0.0,0.0,0.0,0.0,0.0,0.0,0.0,0.0,0.0,63.5,63.5,63.5,63.5,63.5,63.5,,,,0,10,18,63.5,0.0,SAME,1.0
DPNB,2021-10-19,63.5,63.5,63.5,63.5,63.5,63.5,0.0,0.0,0.0,0.0,0.0,0.0,0.0,0.0,63.5,63.5,63.5,63.500154588340116,63.505798679067816,63.56257187827081,0.0,0.0,0.0,0.0,0.0,0.0,0.0,0.0,0.0,63.5,63.5,63.5,63.5,63.5,63.5,,,,1,10,19,64.0,0.5,UP,2.0
DPNB,2021-10-20,64.0,63.5,63.5,63.5,63.5,63.5,0.5,0.5,0.5,0.007874015748031482,0.007874015748031482,0.007874015748031482,0.007843177461025879,0.007843177461025879,63.666666666666664,63.6,63.55,63.750077294170055,63.67053245271188,63.642104264039745,0.004546065111717129,0.0035213668936847358,0.002489982409581377,0.5,0.007874015748031496,0.5,0.007874015748031496,0.5,0.007874015748031496,63.5,64.0,63.5,64.0,63.5,64.0,1.0,1.0,1.0,2,10,20,64.0,0.0,SAME,1.0
DPNB,2021-10-21,64.0,64.0,63.5,63.5,63.5,63.5,0.0,0.5,0.5,0.0,0.007874015748031482,0.007874015748031482,0.0,0.007843177461025879,63.833333333333336,63.7,63.6,63.87503864708503,63.7803549684746,63.70717621603251,0.004546065111717129,0.0035213668936847358,0.002489982409581377,0.5,0.007874015748031496,0.5,0.007874015748031496,0.5,0.007874015748031496,63.5,64.0,63.5,64.0,63.5,64.0,1.0,1.0,1.0,3,10,21,64.0,0.0,SAME,1.0
DPNB,2021-10-22,64.0,64.0,64.0,63.5,63.5,63.5,0.0,0.0,0.5,0.0,0.0,0.007874015748031482,0.0,0.0,64.0,63.8,63.65,63.93751932354252,63.853569978983074,63.7604169040266,0.004546065111717129,0.0035213668936847358,0.002489982409581377,0.5,0.007874015748031496,0.5,0.007874015748031496,0.5,0.007874015748031496,64.0,64.0,63.5,64.0,63.5,64.0,,1.0,1.0,4,10,22,64.0,0.0,SAME,1.0
DPNB,2021-10-25,64.0,64.0,64.0,64.0,63.5,63.5,0.0,0.0,0.0,0.0,0.0,0.0,0.0,0.0,64.0,63.9,63.7,63.96875966177126,63.902379985988716,63.803977466930846,0.0,0.0035213668936847358,0.002489982409581377,0.0,0.0,0.5,0.007874015748031496,0.5,0.007874015748031496,64.0,64.0,63.5,64.0,63.5,64.0,,1.0,1.0,0,10,25,64.0,0.0,SAME,1.0
DPNB,2021-10-26,64.0,64.0,64.0,64.0,63.5,63.5,0.0,0.0,0.0,0.0,0.0,0.0,0.0,0.0,64.0,64.0,63.75,63.98437983088563,63.934919990659154,63.839617927488874,0.0,0.0035213668936847358,0.002489982409581377,0.0,0.0,0.5,0.007874015748031496,0.5,0.007874015748031496,64.0,64.0,64.0,64.0,63.5,64.0,,,1.0,1,10,26,64.0,0.0,SAME,1.0
DPNB,2021-10-28,64.0,64.0,64.0,64.0,64.0,63.5,0.0,0.0,0.0,0.0,0.0,0.0,0.0,0.0,64.0,64.0,63.8,63.992189915442815,63.95661332710611,63.868778304309075,0.0,0.0,0.002489982409581377,0.0,0.0,0.0,0.0,0.5,0.007874015748031496,64.0,64.0,64.0,64.0,63.5,64.0,,,1.0,3,10,28,64.0,0.0,SAME,1.0
DPNB,2021-10-29,64.0,64.0,64.0,64.0,64.0,63.5,0.0,0.0,0.0,0.0,0.0,0.0,0.0,0.0,64.0,64.0,63.85,63.99609495772141,63.971075551404084,63.892636794434694,0.0,0.0,0.002489982409581377,0.0,0.0,0.0,0.0,0.5,0.007874015748031496,64.0,64.0,64.0,64.0,63.5,64.0,,,1.0,4,10,29,64.0,0.0,SAME,1.0
DPNB,2021-11-02,64.0,64.0,64.0,64.0,64.0,63.5,0.0,0.0,0.0,0.0,0.0,0.0,0.0,0.0,64.0,64.0,63.9,63.998047478860705,63.98071703426939,63.91215737726475,0.0,0.0,0.002489982409581377,0.0,0.0,0.0,0.0,0.5,0.007874015748031496,64.0,64.0,64.0,64.0,63.5,64.0,,,1.0,1,11,2,64.0,0.0,SAME,1.0
DPNB,2021-11-03,64.0,64.0,64.0,64.0,64.0,63.5,0.0,0.0,0.0,0.0,0.0,0.0,0.0,0.0,64.0,64.0,63.95,63.999023739430356,63.98714468951293,63.928128763216606,0.0,0.0,0.002489982409581377,0.0,0.0,0.0,0.0,0.5,0.007874015748031496,64.0,64.0,64.0,64.0,63.5,64.0,,,1.0,2,11,3,64.0,0.0,SAME,1.0
DPNB,2021-11-04,64.0,64.0,64.0,64.0,64.0,63.5,0.0,0.0,0.0,0.0,0.0,0.0,0.0,0.0,64.0,64.0,64.0,63.99951186971518,63.99142979300862,63.941196260813584,0.0,0.0,0.002489982409581377,0.0,0.0,0.0,0.0,0.5,0.007874015748031496,64.0,64.0,64.0,64.0,64.0,64.0,,,,3,11,4,64.0,0.0,SAME,1.0
DPNB,2021-11-05,64.0,64.0,64.0,64.0,64.0,64.0,0.0,0.0,0.0,0.0,0.0,0.0,0.0,0.0,64.0,64.0,64.0,63.99975593485759,63.99428652867242,63.95188784975656,0.0,0.0,0.0,0.0,0.0,0.0,0.0,0.0,0.0,64.0,64.0,64.0,64.0,64.0,64.0,,,,4,11,5,64.0,0.0,SAME,1.0
DPNB,2021-11-08,64.0,64.0,64.0,64.0,64.0,64.0,0.0,0.0,0.0,0.0,0.0,0.0,0.0,0.0,64.0,64.0,64.0,63.999877967428795,63.996191019114946,63.96063551343718,0.0,0.0,0.0,0.0,0.0,0.0,0.0,0.0,0.0,64.0,64.0,64.0,64.0,64.0,64.0,,,,0,11,8,64.0,0.0,SAME,1.0
DPNB,2021-11-09,64.0,64.0,64.0,64.0,64.0,64.0,0.0,0.0,0.0,0.0,0.0,0.0,0.0,0.0,64.0,64.0,64.0,63.9999389837144,63.99746067940997,63.96779269281224,0.0,0.0,0.0,0.0,0.0,0.0,0.0,0.0,0.0,64.0,64.0,64.0,64.0,64.0,64.0,,,,1,11,9,64.0,0.0,SAME,1.0
DPNB,2021-11-10,64.0,64.0,64.0,64.0,64.0,64.0,0.0,0.0,0.0,0.0,0.0,0.0,0.0,0.0,64.0,64.0,64.0,63.9999694918572,63.99830711960665,63.97364856684638,0.0,0.0,0.0,0.0,0.0,0.0,0.0,0.0,0.0,64.0,64.0,64.0,64.0,64.0,64.0,,,,2,11,10,64.0,0.0,SAME,1.0
DPNB,2021-11-12,64.0,64.0,64.0,64.0,64.0,64.0,0.0,0.0,0.0,0.0,0.0,0.0,0.0,0.0,64.0,64.0,64.0,63.9999847459286,63.9988714130711,63.978439736510666,0.0,0.0,0.0,0.0,0.0,0.0,0.0,0.0,0.0,64.0,64.0,64.0,64.0,64.0,64.0,,,,4,11,12,64.0,0.0,SAME,1.0
DPNB,2021-11-15,64.0,64.0,64.0,64.0,64.0,64.0,0.0,0.0,0.0,0.0,0.0,0.0,0.0,0.0,64.0,64.0,64.0,63.9999923729643,63.99924760871407,63.98235978441781,0.0,0.0,0.0,0.0,0.0,0.0,0.0,0.0,0.0,64.0,64.0,64.0,64.0,64.0,64.0,,,,0,11,15,64.0,0.0,SAME,1.0
DPNB,2021-11-16,64.0,64.0,64.0,64.0,64.0,64.0,0.0,0.0,0.0,0.0,0.0,0.0,0.0,0.0,64.0,64.0,64.0,63.99999618648215,63.99949840580939,63.98556709634184,0.0,0.0,0.0,0.0,0.0,0.0,0.0,0.0,0.0,64.0,64.0,64.0,64.0,64.0,64.0,,,,1,11,16,64.0,0.0,SAME,1.0
DPNB,2021-11-17,64.0,64.0,64.0,64.0,64.0,64.0,0.0,0.0,0.0,0.0,0.0,0.0,0.0,0.0,64.0,64.0,64.0,63.999998093241075,63.99966560387293,63.98819126064332,0.0,0.0,0.0,0.0,0.0,0.0,0.0,0.0,0.0,64.0,64.0,64.0,64.0,64.0,64.0,,,,2,11,17,64.0,0.0,SAME,1.0
DPNB,2021-11-18,64.0,64.0,64.0,64.0,64.0,64.0,0.0,0.0,0.0,0.0,0.0,0.0,0.0,0.0,64.0,64.0,64.0,63.99999904662054,63.99977706924862,63.990338304162705,0.0,0.0,0.0,0.0,0.0,0.0,0.0,0.0,0.0,64.0,64.0,64.0,64.0,64.0,64.0,,,,3,11,18,64.0,0.0,SAME,1.0
DPNB,2021-11-19,64.0,64.0,64.0,64.0,64.0,64.0,0.0,0.0,0.0,0.0,0.0,0.0,0.0,0.0,64.0,64.0,64.0,63.999999523310265,63.99985137949909,63.99209497613312,0.0,0.0,0.0,0.0,0.0,0.0,0.0,0.0,0.0,64.0,64.0,64.0,64.0,64.0,64.0,,,,4,11,19,64.0,0.0,SAME,1.0
DPNB,2021-11-22,64.0,64.0,64.0,64.0,64.0,64.0,0.0,0.0,0.0,0.0,0.0,0.0,0.0,0.0,64.0,64.0,64.0,63.99999976165513,63.99990091966606,63.99353225319982,0.0,0.0,0.0,0.0,0.0,0.0,0.0,0.0,0.0,64.0,64.0,64.0,64.0,64.0,64.0,,,,0,11,22,64.0,0.0,SAME,1.0
DPNB,2021-11-23,64.0,64.0,64.0,64.0,64.0,64.0,0.0,0.0,0.0,0.0,0.0,0.0,0.0,0.0,64.0,64.0,64.0,63.999999880827566,63.999933946444045,63.994708207163484,0.0,0.0,0.0,0.0,0.0,0.0,0.0,0.0,0.0,64.0,64.0,64.0,64.0,64.0,64.0,,,,1,11,23,64.0,0.0,SAME,1.0
DPNB,2021-11-24,64.0,64.0,64.0,64.0,64.0,64.0,0.0,0.0,0.0,0.0,0.0,0.0,0.0,0.0,64.0,64.0,64.0,63.99999994041379,63.999955964296035,63.99567035131557,0.0,0.0,0.0,0.0,0.0,0.0,0.0,0.0,0.0,64.0,64.0,64.0,64.0,64.0,64.0,,,,2,11,24,64.0,0.0,SAME,1.0
DPNB,2021-11-25,64.0,64.0,64.0,64.0,64.0,64.0,0.0,0.0,0.0,0.0,0.0,0.0,0.0,0.0,64.0,64.0,64.0,63.99999997020689,63.99997064286403,63.99645756016727,0.0,0.0,0.0,0.0,0.0,0.0,0.0,0.0,0.0,64.0,64.0,64.0,64.0,64.0,64.0,,,,3,11,25,64.0,0.0,SAME,1.0
DPNB,2021-11-26,64.0,64.0,64.0,64.0,64.0,64.0,0.0,0.0,0.0,0.0,0.0,0.0,0.0,0.0,64.0,64.0,64.0,63.99999998510344,63.99998042857602,63.99710164013686,0.0,0.0,0.0,0.0,0.0,0.0,0.0,0.0,0.0,64.0,64.0,64.0,64.0,64.0,64.0,,,,4,11,26,64.0,0.0,SAME,1.0
DPNB,2021-11-29,64.0,64.0,64.0,64.0,64.0,64.0,0.0,0.0,0.0,0.0,0.0,0.0,0.0,0.0,64.0,64.0,64.0,63.99999999255172,63.99998695238402,63.99762861465743,0.0,0.0,0.0,0.0,0.0,0.0,0.0,0.0,0.0,64.0,64.0,64.0,64.0,64.0,64.0,,,,0,11,29,63.0,-1.0,DOWN,0.0
DPNB,2021-11-30,63.0,64.0,64.0,64.0,64.0,64.0,-1.0,-1.0,-1.0,-0.015625,-0.015625,-0.015625,-0.015748356968139168,-0.015748356968139168,63.666666666666664,63.8,63.9,63.49999999627586,63.66665796825602,63.81624159381062,0.009021097956081765,0.006987712429678849,0.004941058844013096,-1.0,-0.015625,-1.0,-0.015625,-1.0,-0.015625,63.0,64.0,63.0,64.0,63.0,64.0,0.0,0.0,0.0,1,11,30,63.0,0.0,SAME,1.0
DPNB,2021-12-01,63.0,63.0,64.0,64.0,64.0,64.0,0.0,-1.0,-1.0,0.0,-0.015625,-0.015625,0.0,-0.015748356968139168,63.333333333333336,63.6,63.8,63.24999999813793,63.444438645504015,63.66783403129959,0.009021097956081765,0.006987712429678849,0.004941058844013096,-1.0,-0.015625,-1.0,-0.015625,-1.0,-0.015625,63.0,64.0,63.0,64.0,63.0,64.0,0.0,0.0,0.0,2,12,1,63.0,0.0,SAME,1.0
DPNB,2021-12-02,63.0,63.0,63.0,64.0,64.0,64.0,0.0,0.0,-1.0,0.0,0.0,-0.015625,0.0,0.0,63.0,63.4,63.7,63.12499999906896,63.29629243033602,63.54640966197239,0.009021097956081765,0.006987712429678849,0.004941058844013096,-1.0,-0.015625,-1.0,-0.015625,-1.0,-0.015625,63.0,63.0,63.0,64.0,63.0,64.0,,0.0,0.0,3,12,2,63.0,0.0,SAME,1.0
DPNB,2021-12-03,63.0,63.0,63.0,63.0,64.0,64.0,0.0,0.0,0.0,0.0,0.0,0.0,0.0,0.0,63.0,63.2,63.6,63.06249999953448,63.19752828689068,63.44706245070468,0.0,0.006987712429678849,0.004941058844013096,0.0,0.0,-1.0,-0.015625,-1.0,-0.015625,63.0,63.0,63.0,64.0,63.0,64.0,,0.0,0.0,4,12,3,63.0,0.0,SAME,1.0
DPNB,2021-12-06,63.0,63.0,63.0,63.0,64.0,64.0,0.0,0.0,0.0,0.0,0.0,0.0,0.0,0.0,63.0,63.0,63.5,63.03124999976724,63.13168552459379,63.36577836875837,0.0,0.006987712429678849,0.004941058844013096,0.0,0.0,-1.0,-0.015625,-1.0,-0.015625,63.0,63.0,63.0,63.0,63.0,64.0,,,0.0,0,12,6,63.0,0.0,SAME,1.0
DPNB,2021-12-07,63.0,63.0,63.0,63.0,63.0,64.0,0.0,0.0,0.0,0.0,0.0,0.0,0.0,0.0,63.0,63.0,63.4,63.01562499988362,63.0877903497292,63.2992732108023,0.0,0.0,0.004941058844013096,0.0,0.0,0.0,0.0,-1.0,-0.015625,63.0,63.0,63.0,63.0,63.0,64.0,,,0.0,1,12,7,63.0,0.0,SAME,1.0
DPNB,2021-12-08,63.0,63.0,63.0,63.0,63.0,64.0,0.0,0.0,0.0,0.0,0.0,0.0,0.0,0.0,63.0,63.0,63.3,63.00781249994181,63.05852689981947,63.24485989974733,0.0,0.0,0.004941058844013096,0.0,0.0,0.0,0.0,-1.0,-0.015625,63.0,63.0,63.0,63.0,63.0,64.0,,,0.0,2,12,8,63.0,0.0,SAME,1.0
DPNB,2021-12-09,63.0,63.0,63.0,63.0,63.0,64.0,0.0,0.0,0.0,0.0,0.0,0.0,0.0,0.0,63.0,63.0,63.2,63.0039062499709,63.03901793321298,63.200339917975086,0.0,0.0,0.004941058844013096,0.0,0.0,0.0,0.0,-1.0,-0.015625,63.0,63.0,63.0,63.0,63.0,64.0,,,0.0,3,12,9,63.0,0.0,SAME,1.0
DPNB,2021-12-10,63.0,63.0,63.0,63.0,63.0,64.0,0.0,0.0,0.0,0.0,0.0,0.0,0.0,0.0,63.0,63.0,63.1,63.00195312498545,63.026011955475326,63.163914478343244,0.0,0.0,0.004941058844013096,0.0,0.0,0.0,0.0,-1.0,-0.015625,63.0,63.0,63.0,63.0,63.0,64.0,,,0.0,4,12,10,63.0,0.0,SAME,1.0
DPNB,2021-12-13,63.0,63.0,63.0,63.0,63.0,64.0,0.0,0.0,0.0,0.0,0.0,0.0,0.0,0.0,63.0,63.0,63.0,63.000976562492724,63.01734130365022,63.1341118459172,0.0,0.0,0.004941058844013096,0.0,0.0,0.0,0.0,-1.0,-0.015625,63.0,63.0,63.0,63.0,63.0,63.0,,,,0,12,13,63.0,0.0,SAME,1.0
DPNB,2021-12-14,63.0,63.0,63.0,63.0,63.0,63.0,0.0,0.0,0.0,0.0,0.0,0.0,0.0,0.0,63.0,63.0,63.0,63.00048828124636,63.01156086910015,63.10972787393224,0.0,0.0,0.0,0.0,0.0,0.0,0.0,0.0,0.0,63.0,63.0,63.0,63.0,63.0,63.0,,,,1,12,14,63.0,0.0,SAME,1.0
DPNB,2021-12-15,63.0,63.0,63.0,63.0,63.0,63.0,0.0,0.0,0.0,0.0,0.0,0.0,0.0,0.0,63.0,63.0,63.0,63.00024414062318,63.00770724606677,63.0897773513991,0.0,0.0,0.0,0.0,0.0,0.0,0.0,0.0,0.0,63.0,63.0,63.0,63.0,63.0,63.0,,,,2,12,15,63.0,0.0,SAME,1.0
DPNB,2021-12-16,63.0,63.0,63.0,63.0,63.0,63.0,0.0,0.0,0.0,0.0,0.0,0.0,0.0,0.0,63.0,63.0,63.0,63.00012207031159,63.00513816404452,63.07345419659926,0.0,0.0,0.0,0.0,0.0,0.0,0.0,0.0,0.0,63.0,63.0,63.0,63.0,63.0,63.0,,,,3,12,16,63.0,0.0,SAME,1.0
DPNB,2021-12-20,63.0,63.0,63.0,63.0,63.0,63.0,0.0,0.0,0.0,0.0,0.0,0.0,0.0,0.0,63.0,63.0,63.0,63.000061035155795,63.00342544269635,63.06009888812666,0.0,0.0,0.0,0.0,0.0,0.0,0.0,0.0,0.0,63.0,63.0,63.0,63.0,63.0,63.0,,,,0,12,20,65.0,2.0,UP,2.0
DPNB,2021-12-21,65.0,63.0,63.0,63.0,63.0,63.0,2.0,2.0,2.0,0.031746031746031855,0.031746031746031855,0.031746031746031855,0.03125254350410453,0.03125254350410453,63.666666666666664,63.4,63.2,64.0000305175779,63.6689502951309,63.412808181194535,0.018328579974270866,0.014197256999994853,0.010038976698947258,2.0,0.031746031746031744,2.0,0.031746031746031744,2.0,0.031746031746031744,63.0,65.0,63.0,65.0,63.0,65.0,1.0,1.0,1.0,1,12,21,65.0,0.0,SAME,1.0
DPNB,2021-12-23,65.0,65.0,63.0,63.0,63.0,63.0,0.0,2.0,2.0,0.0,0.031746031746031855,0.031746031746031855,0.0,0.03125254350410453,64.33333333333333,63.8,63.4,64.50001525878895,64.11263353008727,63.701388511886435,0.018328579974270866,0.014197256999994853,0.010038976698947258,2.0,0.031746031746031744,2.0,0.031746031746031744,2.0,0.031746031746031744,63.0,65.0,63.0,65.0,63.0,65.0,1.0,1.0,1.0,3,12,23,65.0,0.0,SAME,1.0
DPNB,2021-12-24,65.0,65.0,65.0,63.0,63.0,63.0,0.0,0.0,2.0,0.0,0.0,0.031746031746031855,0.0,0.0,65.0,64.2,63.6,64.75000762939447,64.40842235339152,63.937499691543444,0.018328579974270866,0.014197256999994853,0.010038976698947258,2.0,0.031746031746031744,2.0,0.031746031746031744,2.0,0.031746031746031744,65.0,65.0,63.0,65.0,63.0,65.0,,1.0,1.0,4,12,24,65.0,0.0,SAME,1.0
DPNB,2021-12-27,65.0,65.0,65.0,65.0,63.0,63.0,0.0,0.0,0.0,0.0,0.0,0.0,0.0,0.0,65.0,64.6,63.8,64.87500381469724,64.60561490226101,64.13068156580826,0.0,0.014197256999994853,0.010038976698947258,0.0,0.0,2.0,0.031746031746031744,2.0,0.031746031746031744,65.0,65.0,63.0,65.0,63.0,65.0,,1.0,1.0,0,12,27,63.5,-1.5,DOWN,0.0
DPNB,2021-12-28,63.5,65.0,65.0,65.0,63.0,63.0,-1.5,-1.5,-1.5,-0.023076923076923106,-0.023076923076923106,-0.023076923076923106,-0.023347363996991177,-0.023347363996991177,64.5,64.7,63.85,64.18750190734862,64.23707660150734,64.01601219020675,0.01332346775052569,0.019527699693604995,0.01305049835492289,-1.5,-0.023076923076923078,0.5,0.007936507936507936,0.5,0.007936507936507936,63.5,65.0,63.5,65.0,63.0,65.0,0.0,0.0,0.25,1,12,28,63.5,0.0,SAME,1.0
DPNB,2021-12-29,63.5,63.5,65.0,65.0,65.0,63.0,0.0,-1.5,-1.5,0.0,-0.023076923076923106,-0.023076923076923106,0.0,-0.023347363996991177,64.0,64.4,63.9,63.84375095367431,63.99138440100489,63.92219179198734,0.01332346775052569,0.010320313742301307,0.01305049835492289,-1.5,-0.023076923076923078,-1.5,-0.023076923076923078,0.5,0.007936507936507936,63.5,65.0,63.5,65.0,63.0,65.0,0.0,0.0,0.25,2,12,29,63.5,0.0,SAME,1.0
DPNB,2021-12-30,63.5,63.5,63.5,65.0,65.0,63.0,0.0,0.0,-1.5,0.0,0.0,-0.023076923076923106,0.0,0.0,63.5,64.1,63.95,63.67187547683716,63.82758960066993,63.84542964798964,0.01332346775052569,0.010320313742301307,0.01305049835492289,-1.5,-0.023076923076923078,-1.5,-0.023076923076923078,0.5,0.007936507936507936,63.5,63.5,63.5,65.0,63.0,65.0,,0.0,0.25,3,12,30,66.65,3.1500000000000057,UP,2.0
DPNB,2021-12-31,66.65,63.5,63.5,63.5,65.0,63.0,3.1500000000000057,3.1500000000000057,3.1500000000000057,0.049606299212598515,0.049606299212598515,0.049606299212598515,0.048415140726071795,0.048415140726071795,64.55000000000001,64.42999999999999,64.315,65.16093773841858,64.7683930671133,64.35535153017334,0.028640210203892933,0.026704717470130677,0.020170213229496504,3.1500000000000057,0.049606299212598515,1.6500000000000057,0.02538461538461547,3.6500000000000057,0.05793650793650803,63.5,66.65,63.5,66.65,63.0,66.65,1.0,1.0,1.0,4,12,31,66.65,0.0,SAME,1.0
DPNB,2022-01-03,66.65,66.65,63.5,63.5,65.0,63.0,0.0,3.1500000000000057,3.1500000000000057,0.0,0.049606299212598515,0.049606299212598515,0.0,0.048415140726071795,65.60000000000001,64.76,64.67999999999999,65.9054688692093,65.39559537807554,64.7725603428691,0.028640210203892937,0.026704717470130677,0.020170213229496504,3.1500000000000057,0.049606299212598515,1.6500000000000057,0.02538461538461547,3.6500000000000057,0.05793650793650803,63.5,66.65,63.5,66.65,63.0,66.65,1.0,1.0,1.0,0,1,3,66.65,0.0,SAME,1.0
DPNB,2022-01-04,66.65,66.65,66.65,63.5,63.5,63.0,0.0,0.0,3.1500000000000057,0.0,0.0,0.049606299212598515,0.0,0.0,66.65,65.39,65.045,66.27773443460465,65.81373025205036,65.11391300780198,0.028640210203892937,0.022184611430310464,0.020170213229496504,3.1500000000000057,0.049606299212598515,3.1500000000000057,0.049606299212598515,3.6500000000000057,0.05793650793650803,66.65,66.65,63.5,66.65,63.5,66.65,,1.0,1.0,1,1,4,66.65,0.0,SAME,1.0
DPNB,2022-01-05,66.65,66.65,66.65,66.65,63.5,65.0,0.0,0.0,0.0,0.0,0.0,0.0,0.0,0.0,66.65,66.02000000000001,65.21000000000001,66.46386721730232,66.09248683470025,65.39320155183799,0.0,0.022184611430310464,0.018021433290061593,0.0,0.0,3.1500000000000057,0.049606299212598515,1.6500000000000057,0.02538461538461547,66.65,66.65,63.5,66.65,63.5,66.65,,1.0,1.0,2,1,5,66.65,0.0,SAME,1.0
DPNB,2022-01-06,66.65,66.65,66.65,66.65,63.5,65.0,0.0,0.0,0.0,0.0,0.0,0.0,0.0,0.0,66.65,66.65,65.375,66.55693360865116,66.27832455646684,65.62171036059472,0.0,0.022184611430310464,0.018021433290061593,0.0,0.0,3.1500000000000057,0.049606299212598515,1.6500000000000057,0.02538461538461547,66.65,66.65,66.65,66.65,63.5,66.65,,,1.0,3,1,6,66.65,0.0,SAME,1.0
DPNB,2022-01-07,66.65,66.65,66.65,66.65,66.65,65.0,0.0,0.0,0.0,0.0,0.0,0.0,0.0,0.0,66.65,66.65,65.53999999999999,66.60346680432559,66.4022163709779,65.80867211321386,0.0,0.0,0.018021433290061593,0.0,0.0,0.0,0.0,1.6500000000000057,0.02538461538461547,66.65,66.65,66.65,66.65,63.5,66.65,,,1.0,4,1,7,66.65,0.0,SAME,1.0
DPNB,2022-01-10,66.65,66.65,66.65,66.65,66.65,65.0,0.0,0.0,0.0,0.0,0.0,0.0,0.0,0.0,66.65,66.65,65.70500000000001,66.6267334021628,66.48481091398527,65.96164081990224,0.0,0.0,0.018021433290061593,0.0,0.0,0.0,0.0,1.6500000000000057,0.02538461538461547,66.65,66.65,66.65,66.65,63.5,66.65,,,1.0,0,1,10,66.65,0.0,SAME,1.0
DPNB,2022-01-11,66.65,66.65,66.65,66.65,66.65,63.5,0.0,0.0,0.0,0.0,0.0,0.0,0.0,0.0,66.65,66.65,66.02000000000001,66.6383667010814,66.53987394265685,66.08679703446548,0.0,0.0,0.015686889180362845,0.0,0.0,0.0,0.0,3.1500000000000057,0.049606299212598515,66.65,66.65,66.65,66.65,63.5,66.65,,,1.0,1,1,11,66.65,0.0,SAME,1.0
DPNB,2022-01-12,66.65,66.65,66.65,66.65,66.65,63.5,0.0,0.0,0.0,0.0,0.0,0.0,0.0,0.0,66.65,66.65,66.33500000000001,66.6441833505407,66.5765826284379,66.18919757365357,0.0,0.0,0.015686889180362845,0.0,0.0,0.0,0.0,3.1500000000000057,0.049606299212598515,66.65,66.65,66.65,66.65,63.5,66.65,,,1.0,2,1,12,66.65,0.0,SAME,1.0
DPNB,2022-01-13,66.65,66.65,66.65,66.65,66.65,63.5,0.0,0.0,0.0,0.0,0.0,0.0,0.0,0.0,66.65,66.65,66.65,66.64709167527036,66.60105508562528,66.27297983298928,0.0,0.0,0.015686889180362845,0.0,0.0,0.0,0.0,3.1500000000000057,0.049606299212598515,66.65,66.65,66.65,66.65,66.65,66.65,,,,3,1,13,66.65,0.0,SAME,1.0
DPNB,2022-01-14,66.65,66.65,66.65,66.65,66.65,66.65,0.0,0.0,0.0,0.0,0.0,0.0,0.0,0.0,66.65,66.65,66.65,66.64854583763518,66.61737005708352,66.34152895426395,0.0,0.0,0.0,0.0,0.0,0.0,0.0,0.0,0.0,66.65,66.65,66.65,66.65,66.65,66.65,,,,4,1,14,66.65,0.0,SAME,1.0
DPNB,2022-01-17,66.65,66.65,66.65,66.65,66.65,66.65,0.0,0.0,0.0,0.0,0.0,0.0,0.0,0.0,66.65,66.65,66.65,66.64927291881759,66.62824670472236,66.39761459894324,0.0,0.0,0.0,0.0,0.0,0.0,0.0,0.0,0.0,66.65,66.65,66.65,66.65,66.65,66.65,,,,0,1,17,66.65,0.0,SAME,1.0
DPNB,2022-01-18,66.65,66.65,66.65,66.65,66.65,66.65,0.0,0.0,0.0,0.0,0.0,0.0,0.0,0.0,66.65,66.65,66.65,66.6496364594088,66.63549780314824,66.44350285368083,0.0,0.0,0.0,0.0,0.0,0.0,0.0,0.0,0.0,66.65,66.65,66.65,66.65,66.65,66.65,,,,1,1,18,66.65,0.0,SAME,1.0
DPNB,2022-01-19,66.65,66.65,66.65,66.65,66.65,66.65,0.0,0.0,0.0,0.0,0.0,0.0,0.0,0.0,66.65,66.65,66.65,66.64981822970441,66.6403318687655,66.48104778937522,0.0,0.0,0.0,0.0,0.0,0.0,0.0,0.0,0.0,66.65,66.65,66.65,66.65,66.65,66.65,,,,2,1,19,66.65,0.0,SAME,1.0
DPNB,2022-01-20,66.65,66.65,66.65,66.65,66.65,66.65,0.0,0.0,0.0,0.0,0.0,0.0,0.0,0.0,66.65,66.65,66.65,66.6499091148522,66.643554579177,66.51176637312518,0.0,0.0,0.0,0.0,0.0,0.0,0.0,0.0,0.0,66.65,66.65,66.65,66.65,66.65,66.65,,,,3,1,20,66.65,0.0,SAME,1.0
DPNB,2022-01-21,66.65,66.65,66.65,66.65,66.65,66.65,0.0,0.0,0.0,0.0,0.0,0.0,0.0,0.0,66.65,66.65,66.65,66.6499545574261,66.64570305278468,66.5368997598297,0.0,0.0,0.0,0.0,0.0,0.0,0.0,0.0,0.0,66.65,66.65,66.65,66.65,66.65,66.65,,,,4,1,21,66.65,0.0,SAME,1.0
DPNB,2022-01-24,66.65,66.65,66.65,66.65,66.65,66.65,0.0,0.0,0.0,0.0,0.0,0.0,0.0,0.0,66.65,66.65,66.65,66.64997727871305,66.64713536852312,66.55746343986065,0.0,0.0,0.0,0.0,0.0,0.0,0.0,0.0,0.0,66.65,66.65,66.65,66.65,66.65,66.65,,,,0,1,24,66.65,0.0,SAME,1.0
DPNB,2022-01-25,66.65,66.65,66.65,66.65,66.65,66.65,0.0,0.0,0.0,0.0,0.0,0.0,0.0,0.0,66.65,66.65,66.65,66.64998863935654,66.64809024568208,66.5742882689769,0.0,0.0,0.0,0.0,0.0,0.0,0.0,0.0,0.0,66.65,66.65,66.65,66.65,66.65,66.65,,,,1,1,25,66.65,0.0,SAME,1.0
DPNB,2022-01-26,66.65,66.65,66.65,66.65,66.65,66.65,0.0,0.0,0.0,0.0,0.0,0.0,0.0,0.0,66.65,66.65,66.65,66.64999431967827,66.64872683045473,66.58805403825383,0.0,0.0,0.0,0.0,0.0,0.0,0.0,0.0,0.0,66.65,66.65,66.65,66.65,66.65,66.65,,,,2,1,26,66.65,0.0,SAME,1.0
DPNB,2022-01-27,66.65,66.65,66.65,66.65,66.65,66.65,0.0,0.0,0.0,0.0,0.0,0.0,0.0,0.0,66.65,66.65,66.65,66.64999715983913,66.64915122030317,66.5993169403895,0.0,0.0,0.0,0.0,0.0,0.0,0.0,0.0,0.0,66.65,66.65,66.65,66.65,66.65,66.65,,,,3,1,27,66.65,0.0,SAME,1.0
DPNB,2022-01-28,66.65,66.65,66.65,66.65,66.65,66.65,0.0,0.0,0.0,0.0,0.0,0.0,0.0,0.0,66.65,66.65,66.65,66.64999857991957,66.64943414686878,66.60853204213686,0.0,0.0,0.0,0.0,0.0,0.0,0.0,0.0,0.0,66.65,66.65,66.65,66.65,66.65,66.65,,,,4,1,28,66.65,0.0,SAME,1.0
DPNB,2022-01-31,66.65,66.65,66.65,66.65,66.65,66.65,0.0,0.0,0.0,0.0,0.0,0.0,0.0,0.0,66.65,66.65,66.65,66.6499992899598,66.64962276457919,66.61607167083925,0.0,0.0,0.0,0.0,0.0,0.0,0.0,0.0,0.0,66.65,66.65,66.65,66.65,66.65,66.65,,,,0,1,31,66.65,0.0,SAME,1.0
DPNB,2022-02-01,66.65,66.65,66.65,66.65,66.65,66.65,0.0,0.0,0.0,0.0,0.0,0.0,0.0,0.0,66.65,66.65,66.65,66.6499996449799,66.64974850971947,66.62224045795938,0.0,0.0,0.0,0.0,0.0,0.0,0.0,0.0,0.0,66.65,66.65,66.65,66.65,66.65,66.65,,,,1,2,1,66.65,0.0,SAME,1.0
DPNB,2022-02-03,66.65,66.65,66.65,66.65,66.65,66.65,0.0,0.0,0.0,0.0,0.0,0.0,0.0,0.0,66.65,66.65,66.65,66.64999982248995,66.64983233981299,66.62728764742131,0.0,0.0,0.0,0.0,0.0,0.0,0.0,0.0,0.0,66.65,66.65,66.65,66.65,66.65,66.65,,,,3,2,3,66.65,0.0,SAME,1.0
DPNB,2022-02-04,66.65,66.65,66.65,66.65,66.65,66.65,0.0,0.0,0.0,0.0,0.0,0.0,0.0,0.0,66.65,66.65,66.65,66.64999991124498,66.649888226542,66.63141716607198,0.0,0.0,0.0,0.0,0.0,0.0,0.0,0.0,0.0,66.65,66.65,66.65,66.65,66.65,66.65,,,,4,2,4,66.65,0.0,SAME,1.0
DPNB,2022-02-07,66.65,66.65,66.65,66.65,66.65,66.65,0.0,0.0,0.0,0.0,0.0,0.0,0.0,0.0,66.65,66.65,66.65,66.64999995562249,66.64992548436135,66.6347958631498,0.0,0.0,0.0,0.0,0.0,0.0,0.0,0.0,0.0,66.65,66.65,66.65,66.65,66.65,66.65,,,,0,2,7,66.65,0.0,SAME,1.0
DPNB,2022-02-08,66.65,66.65,66.65,66.65,66.65,66.65,0.0,0.0,0.0,0.0,0.0,0.0,0.0,0.0,66.65,66.65,66.65,66.64999997781125,66.64995032290757,66.63756025166802,0.0,0.0,0.0,0.0,0.0,0.0,0.0,0.0,0.0,66.65,66.65,66.65,66.65,66.65,66.65,,,,1,2,8,66.65,0.0,SAME,1.0
DPNB,2022-02-09,66.65,66.65,66.65,66.65,66.65,66.65,0.0,0.0,0.0,0.0,0.0,0.0,0.0,0.0,66.65,66.65,66.65,66.64999998890562,66.64996688193838,66.63982202409201,0.0,0.0,0.0,0.0,0.0,0.0,0.0,0.0,0.0,66.65,66.65,66.65,66.65,66.65,66.65,,,,2,2,9,66.65,0.0,SAME,1.0
DPNB,2022-02-10,66.65,66.65,66.65,66.65,66.65,66.65,0.0,0.0,0.0,0.0,0.0,0.0,0.0,0.0,66.65,66.65,66.65,66.64999999445281,66.64997792129226,66.64167256516619,0.0,0.0,0.0,0.0,0.0,0.0,0.0,0.0,0.0,66.65,66.65,66.65,66.65,66.65,66.65,,,,3,2,10,66.65,0.0,SAME,1.0
DPNB,2022-02-11,66.65,66.65,66.65,66.65,66.65,66.65,0.0,0.0,0.0,0.0,0.0,0.0,0.0,0.0,66.65,66.65,66.65,66.64999999722642,66.64998528086151,66.64318664422689,0.0,0.0,0.0,0.0,0.0,0.0,0.0,0.0,0.0,66.65,66.65,66.65,66.65,66.65,66.65,,,,4,2,11,66.65,0.0,SAME,1.0
DPNB,2022-02-14,66.65,66.65,66.65,66.65,66.65,66.65,0.0,0.0,0.0,0.0,0.0,0.0,0.0,0.0,66.65,66.65,66.65,66.64999999861321,66.64999018724102,66.64442543618563,0.0,0.0,0.0,0.0,0.0,0.0,0.0,0.0,0.0,66.65,66.65,66.65,66.65,66.65,66.65,,,,0,2,14,66.65,0.0,SAME,1.0
DPNB,2022-02-15,66.65,66.65,66.65,66.65,66.65,66.65,0.0,0.0,0.0,0.0,0.0,0.0,0.0,0.0,66.65,66.65,66.65,66.6499999993066,66.64999345816068,66.64543899324279,0.0,0.0,0.0,0.0,0.0,0.0,0.0,0.0,0.0,66.65,66.65,66.65,66.65,66.65,66.65,,,,1,2,15,63.5,-3.1500000000000057,DOWN,0.0
DPNB,2022-02-16,63.5,66.65,66.65,66.65,66.65,66.65,-3.1500000000000057,-3.1500000000000057,-3.1500000000000057,-0.04726181545386354,-0.04726181545386354,-0.04726181545386354,-0.048415140726071795,-0.048415140726071795,65.60000000000001,66.02000000000001,66.33500000000001,65.0749999996533,65.59999563877379,66.07354099447137,0.02728662187467651,0.021136126418975117,0.01494549831887534,-3.1500000000000057,-0.04726181545386355,-3.1500000000000057,-0.04726181545386355,-3.1500000000000057,-0.04726181545386355,63.5,66.65,63.5,66.65,63.5,66.65,0.0,0.0,0.0,2,2,16,63.5,0.0,SAME,1.0
DPNB,2022-02-17,63.5,63.5,66.65,66.65,66.65,66.65,0.0,-3.1500000000000057,-3.1500000000000057,0.0,-0.04726181545386354,-0.04726181545386354,0.0,-0.048415140726071795,64.55000000000001,65.39000000000001,66.02000000000001,64.28749999982665,64.89999709251586,65.60562445002202,0.02728662187467651,0.021136126418975117,0.01494549831887534,-3.1500000000000057,-0.04726181545386355,-3.1500000000000057,-0.04726181545386355,-3.1500000000000057,-0.04726181545386355,63.5,66.65,63.5,66.65,63.5,66.65,0.0,0.0,0.0,3,2,17,63.5,0.0,SAME,1.0
DPNB,2022-02-18,63.5,63.5,63.5,66.65,66.65,66.65,0.0,0.0,-3.1500000000000057,0.0,0.0,-0.04726181545386354,0.0,0.0,63.5,64.76,65.70500000000001,63.893749999913325,64.43333139501058,65.2227836409271,0.02728662187467651,0.021136126418975117,0.01494549831887534,-3.1500000000000057,-0.04726181545386355,-3.1500000000000057,-0.04726181545386355,-3.1500000000000057,-0.04726181545386355,63.5,63.5,63.5,66.65,63.5,66.65,,0.0,0.0,4,2,18,63.5,0.0,SAME,1.0
DPNB,2022-02-24,63.5,63.5,63.5,63.5,66.65,66.65,0.0,0.0,0.0,0.0,0.0,0.0,0.0,0.0,63.5,64.13000000000001,65.39000000000001,63.69687499995666,64.12222093000706,64.90955025166762,0.0,0.021136126418975117,0.01494549831887534,0.0,0.0,-3.1500000000000057,-0.04726181545386355,-3.1500000000000057,-0.04726181545386355,63.5,63.5,63.5,66.65,63.5,66.65,,0.0,0.0,3,2,24,63.5,0.0,SAME,1.0
DPNB,2022-02-25,63.5,63.5,63.5,63.5,66.65,66.65,0.0,0.0,0.0,0.0,0.0,0.0,0.0,0.0,63.5,63.5,65.075,63.59843749997833,63.91481395333804,64.65326838772805,0.0,0.021136126418975117,0.01494549831887534,0.0,0.0,-3.1500000000000057,-0.04726181545386355,-3.1500000000000057,-0.04726181545386355,63.5,63.5,63.5,63.5,63.5,66.65,,,0.0,4,2,25,63.5,0.0,SAME,1.0
DPNB,2022-02-28,63.5,63.5,63.5,63.5,63.5,66.65,0.0,0.0,0.0,0.0,0.0,0.0,0.0,0.0,63.5,63.5,64.76,63.549218749989166,63.7765426355587,64.44358322632294,0.0,0.0,0.01494549831887534,0.0,0.0,0.0,0.0,-3.1500000000000057,-0.04726181545386355,63.5,63.5,63.5,63.5,63.5,66.65,,,0.0,0,2,28,63.5,0.0,SAME,1.0
DPNB,2022-03-01,63.5,63.5,63.5,63.5,63.5,66.65,0.0,0.0,0.0,0.0,0.0,0.0,0.0,0.0,63.5,63.5,64.44500000000001,63.52460937499458,63.684361757039134,64.27202263971877,0.0,0.0,0.01494549831887534,0.0,0.0,0.0,0.0,-3.1500000000000057,-0.04726181545386355,63.5,63.5,63.5,63.5,63.5,66.65,,,0.0,1,3,1,63.5,0.0,SAME,1.0
DPNB,2022-03-02,63.5,63.5,63.5,63.5,63.5,66.65,0.0,0.0,0.0,0.0,0.0,0.0,0.0,0.0,63.5,63.5,64.13000000000001,63.51230468749729,63.622907838026094,64.13165488704263,0.0,0.0,0.01494549831887534,0.0,0.0,0.0,0.0,-3.1500000000000057,-0.04726181545386355,63.5,63.5,63.5,63.5,63.5,66.65,,,0.0,2,3,2,63.5,0.0,SAME,1.0
DPNB,2022-03-07,63.5,63.5,63.5,63.5,63.5,66.65,0.0,0.0,0.0,0.0,0.0,0.0,0.0,0.0,63.5,63.5,63.815,63.506152343748646,63.581938558684065,64.01680854394397,0.0,0.0,0.01494549831887534,0.0,0.0,0.0,0.0,-3.1500000000000057,-0.04726181545386355,63.5,63.5,63.5,63.5,63.5,66.65,,,0.0,0,3,7,63.5,0.0,SAME,1.0
DPNB,2022-03-08,63.5,63.5,63.5,63.5,63.5,66.65,0.0,0.0,0.0,0.0,0.0,0.0,0.0,0.0,63.5,63.5,63.5,63.503076171874326,63.55462570578938,63.92284335413597,0.0,0.0,0.01494549831887534,0.0,0.0,0.0,0.0,-3.1500000000000057,-0.04726181545386355,63.5,63.5,63.5,63.5,63.5,63.5,,,,1,3,8,63.5,0.0,SAME,1.0
DPNB,2022-03-09,63.5,63.5,63.5,63.5,63.5,63.5,0.0,0.0,0.0,0.0,0.0,0.0,0.0,0.0,63.5,63.5,63.5,63.50153808593716,63.53641713719292,63.84596274429306,0.0,0.0,0.0,0.0,0.0,0.0,0.0,0.0,0.0,63.5,63.5,63.5,63.5,63.5,63.5,,,,2,3,9,63.5,0.0,SAME,1.0
DPNB,2022-03-10,63.5,63.5,63.5,63.5,63.5,63.5,0.0,0.0,0.0,0.0,0.0,0.0,0.0,0.0,63.5,63.5,63.5,63.500769042968585,63.52427809146195,63.78306042714887,0.0,0.0,0.0,0.0,0.0,0.0,0.0,0.0,0.0,63.5,63.5,63.5,63.5,63.5,63.5,,,,3,3,10,63.5,0.0,SAME,1.0
DPNB,2022-03-11,63.5,63.5,63.5,63.5,63.5,63.5,0.0,0.0,0.0,0.0,0.0,0.0,0.0,0.0,63.5,63.5,63.5,63.50038452148429,63.51618539430797,63.73159489493998,0.0,0.0,0.0,0.0,0.0,0.0,0.0,0.0,0.0,63.5,63.5,63.5,63.5,63.5,63.5,,,,4,3,11,63.5,0.0,SAME,1.0
DPNB,2022-03-14,63.5,63.5,63.5,63.5,63.5,63.5,0.0,0.0,0.0,0.0,0.0,0.0,0.0,0.0,63.5,63.5,63.5,63.500192260742146,63.51079026287198,63.68948673222362,0.0,0.0,0.0,0.0,0.0,0.0,0.0,0.0,0.0,63.5,63.5,63.5,63.5,63.5,63.5,,,,0,3,14,63.5,0.0,SAME,1.0
DPNB,2022-03-15,63.5,63.5,63.5,63.5,63.5,63.5,0.0,0.0,0.0,0.0,0.0,0.0,0.0,0.0,63.5,63.5,63.5,63.50009613037108,63.507193508581324,63.65503459909205,0.0,0.0,0.0,0.0,0.0,0.0,0.0,0.0,0.0,63.5,63.5,63.5,63.5,63.5,63.5,,,,1,3,15,63.5,0.0,SAME,1.0
DPNB,2022-03-16,63.5,63.5,63.5,63.5,63.5,63.5,0.0,0.0,0.0,0.0,0.0,0.0,0.0,0.0,63.5,63.5,63.5,63.50004806518554,63.50479567238755,63.626846490166216,0.0,0.0,0.0,0.0,0.0,0.0,0.0,0.0,0.0,63.5,63.5,63.5,63.5,63.5,63.5,,,,2,3,16,63.5,0.0,SAME,1.0
DPNB,2022-03-17,63.5,63.5,63.5,63.5,63.5,63.5,0.0,0.0,0.0,0.0,0.0,0.0,0.0,0.0,63.5,63.5,63.5,63.50002403259277,63.50319711492504,63.603783491954175,0.0,0.0,0.0,0.0,0.0,0.0,0.0,0.0,0.0,63.5,63.5,63.5,63.5,63.5,63.5,,,,3,3,17,63.5,0.0,SAME,1.0
DPNB,2022-03-18,63.5,63.5,63.5,63.5,63.5,63.5,0.0,0.0,0.0,0.0,0.0,0.0,0.0,0.0,63.5,63.5,63.5,63.50001201629638,63.502131409950024,63.584913766144325,0.0,0.0,0.0,0.0,0.0,0.0,0.0,0.0,0.0,63.5,63.5,63.5,63.5,63.5,63.5,,,,4,3,18,63.5,0.0,SAME,1.0
DPNB,2022-03-21,63.5,63.5,63.5,63.5,63.5,63.5,0.0,0.0,0.0,0.0,0.0,0.0,0.0,0.0,63.5,63.5,63.5,63.50000600814819,63.501420939966685,63.569474899572626,0.0,0.0,0.0,0.0,0.0,0.0,0.0,0.0,0.0,63.5,63.5,63.5,63.5,63.5,63.5,,,,0,3,21,63.5,0.0,SAME,1.0
DPNB,2022-03-22,63.5,63.5,63.5,63.5,63.5,63.5,0.0,0.0,0.0,0.0,0.0,0.0,0.0,0.0,63.5,63.5,63.5,63.500003004074095,63.50094729331113,63.55684309965033,0.0,0.0,0.0,0.0,0.0,0.0,0.0,0.0,0.0,63.5,63.5,63.5,63.5,63.5,63.5,,,,1,3,22,63.5,0.0,SAME,1.0
DPNB,2022-03-23,63.5,63.5,63.5,63.5,63.5,63.5,0.0,0.0,0.0,0.0,0.0,0.0,0.0,0.0,63.5,63.5,63.5,63.50000150203705,63.50063152887409,63.54650799062299,0.0,0.0,0.0,0.0,0.0,0.0,0.0,0.0,0.0,63.5,63.5,63.5,63.5,63.5,63.5,,,,2,3,23,63.5,0.0,SAME,1.0
DPNB,2022-03-24,63.5,63.5,63.5,63.5,63.5,63.5,0.0,0.0,0.0,0.0,0.0,0.0,0.0,0.0,63.5,63.5,63.5,63.500000751018526,63.500421019249394,63.5380519923279,0.0,0.0,0.0,0.0,0.0,0.0,0.0,0.0,0.0,63.5,63.5,63.5,63.5,63.5,63.5,,,,3,3,24,63.5,0.0,SAME,1.0
DPNB,2022-03-25,63.5,63.5,63.5,63.5,63.5,63.5,0.0,0.0,0.0,0.0,0.0,0.0,0.0,0.0,63.5,63.5,63.5,63.50000037550926,63.500280679499596,63.53113344826828,0.0,0.0,0.0,0.0,0.0,0.0,0.0,0.0,0.0,63.5,63.5,63.5,63.5,63.5,63.5,,,,4,3,25,63.5,0.0,SAME,1.0
DPNB,2022-03-28,63.5,63.5,63.5,63.5,63.5,63.5,0.0,0.0,0.0,0.0,0.0,0.0,0.0,0.0,63.5,63.5,63.5,63.50000018775463,63.5001871196664,63.52547282131041,0.0,0.0,0.0,0.0,0.0,0.0,0.0,0.0,0.0,63.5,63.5,63.5,63.5,63.5,63.5,,,,0,3,28,63.5,0.0,SAME,1.0
DPNB,2022-03-29,63.5,63.5,63.5,63.5,63.5,63.5,0.0,0.0,0.0,0.0,0.0,0.0,0.0,0.0,63.5,63.5,63.5,63.50000009387732,63.50012474644427,63.52084139925397,0.0,0.0,0.0,0.0,0.0,0.0,0.0,0.0,0.0,63.5,63.5,63.5,63.5,63.5,63.5,,,,1,3,29,63.5,0.0,SAME,1.0
DPNB,2022-03-30,63.5,63.5,63.5,63.5,63.5,63.5,0.0,0.0,0.0,0.0,0.0,0.0,0.0,0.0,63.5,63.5,63.5,63.50000004693866,63.500083164296186,63.51705205393506,0.0,0.0,0.0,0.0,0.0,0.0,0.0,0.0,0.0,63.5,63.5,63.5,63.5,63.5,63.5,,,,2,3,30,63.5,0.0,SAME,1.0
DPNB,2022-03-31,63.5,63.5,63.5,63.5,63.5,63.5,0.0,0.0,0.0,0.0,0.0,0.0,0.0,0.0,63.5,63.5,63.5,63.500000023469326,63.500055442864124,63.51395168049232,0.0,0.0,0.0,0.0,0.0,0.0,0.0,0.0,0.0,63.5,63.5,63.5,63.5,63.5,63.5,,,,3,3,31,63.5,0.0,SAME,1.0
DPNB,2022-04-01,63.5,63.5,63.5,63.5,63.5,63.5,0.0,0.0,0.0,0.0,0.0,0.0,0.0,0.0,63.5,63.5,63.5,63.50000001173466,63.500036961909416,63.5114150113119,0.0,0.0,0.0,0.0,0.0,0.0,0.0,0.0,0.0,63.5,63.5,63.5,63.5,63.5,63.5,,,,4,4,1,63.5,0.0,SAME,1.0
DPNB,2022-04-04,63.5,63.5,63.5,63.5,63.5,63.5,0.0,0.0,0.0,0.0,0.0,0.0,0.0,0.0,63.5,63.5,63.5,63.500000005867335,63.500024641272944,63.50933955470973,0.0,0.0,0.0,0.0,0.0,0.0,0.0,0.0,0.0,63.5,63.5,63.5,63.5,63.5,63.5,,,,0,4,4,63.5,0.0,SAME,1.0
DPNB,2022-04-05,63.5,63.5,63.5,63.5,63.5,63.5,0.0,0.0,0.0,0.0,0.0,0.0,0.0,0.0,63.5,63.5,63.5,63.50000000293367,63.5000164275153,63.50764145385342,0.0,0.0,0.0,0.0,0.0,0.0,0.0,0.0,0.0,63.5,63.5,63.5,63.5,63.5,63.5,,,,1,4,5,63.5,0.0,SAME,1.0
DPNB,2022-04-06,63.5,63.5,63.5,63.5,63.5,63.5,0.0,0.0,0.0,0.0,0.0,0.0,0.0,0.0,63.5,63.5,63.5,63.50000000146683,63.50001095167687,63.50625209860734,0.0,0.0,0.0,0.0,0.0,0.0,0.0,0.0,0.0,63.5,63.5,63.5,63.5,63.5,63.5,,,,2,4,6,63.5,0.0,SAME,1.0
DPNB,2022-04-07,63.5,63.5,63.5,63.5,63.5,63.5,0.0,0.0,0.0,0.0,0.0,0.0,0.0,0.0,63.5,63.5,63.5,63.500000000733415,63.50000730111792,63.505115353406005,0.0,0.0,0.0,0.0,0.0,0.0,0.0,0.0,0.0,63.5,63.5,63.5,63.5,63.5,63.5,,,,3,4,7,63.5,0.0,SAME,1.0
DPNB,2022-04-08,63.5,63.5,63.5,63.5,63.5,63.5,0.0,0.0,0.0,0.0,0.0,0.0,0.0,0.0,63.5,63.5,63.5,63.50000000036671,63.500004867411945,63.504185289150364,0.0,0.0,0.0,0.0,0.0,0.0,0.0,0.0,0.0,63.5,63.5,63.5,63.5,63.5,63.5,,,,4,4,8,63.5,0.0,SAME,1.0
DPNB,2022-04-11,63.5,63.5,63.5,63.5,63.5,63.5,0.0,0.0,0.0,0.0,0.0,0.0,0.0,0.0,63.5,63.5,63.5,63.500000000183356,63.5000032449413,63.503424327486655,0.0,0.0,0.0,0.0,0.0,0.0,0.0,0.0,0.0,63.5,63.5,63.5,63.5,63.5,63.5,,,,0,4,11,63.5,0.0,SAME,1.0
DPNB,2022-04-12,63.5,63.5,63.5,63.5,63.5,63.5,0.0,0.0,0.0,0.0,0.0,0.0,0.0,0.0,63.5,63.5,63.5,63.500000000091674,63.5000021632942,63.50280172248908,0.0,0.0,0.0,0.0,0.0,0.0,0.0,0.0,0.0,63.5,63.5,63.5,63.5,63.5,63.5,,,,1,4,12,63.5,0.0,SAME,1.0
DPNB,2022-04-13,63.5,63.5,63.5,63.5,63.5,63.5,0.0,0.0,0.0,0.0,0.0,0.0,0.0,0.0,63.5,63.5,63.5,63.50000000004584,63.50000144219614,63.50229231840016,0.0,0.0,0.0,0.0,0.0,0.0,0.0,0.0,0.0,63.5,63.5,63.5,63.5,63.5,63.5,,,,2,4,13,63.5,0.0,SAME,1.0
DPNB,2022-04-14,63.5,63.5,63.5,63.5,63.5,63.5,0.0,0.0,0.0,0.0,0.0,0.0,0.0,0.0,63.5,63.5,63.5,63.50000000002292,63.500000961464096,63.50187553323649,0.0,0.0,0.0,0.0,0.0,0.0,0.0,0.0,0.0,63.5,63.5,63.5,63.5,63.5,63.5,,,,3,4,14,63.5,0.0,SAME,1.0
DPNB,2022-04-15,63.5,63.5,63.5,63.5,63.5,63.5,0.0,0.0,0.0,0.0,0.0,0.0,0.0,0.0,63.5,63.5,63.5,63.50000000001146,63.50000064097607,63.50153452719349,0.0,0.0,0.0,0.0,0.0,0.0,0.0,0.0,0.0,63.5,63.5,63.5,63.5,63.5,63.5,,,,4,4,15,63.5,0.0,SAME,1.0
DPNB,2022-04-18,63.5,63.5,63.5,63.5,63.5,63.5,0.0,0.0,0.0,0.0,0.0,0.0,0.0,0.0,63.5,63.5,63.5,63.50000000000573,63.50000042731738,63.50125552224922,0.0,0.0,0.0,0.0,0.0,0.0,0.0,0.0,0.0,63.5,63.5,63.5,63.5,63.5,63.5,,,,0,4,18,65.5,2.0,UP,2.0
DPNB,2022-04-19,65.5,63.5,63.5,63.5,63.5,63.5,2.0,2.0,2.0,0.03149606299212593,0.03149606299212593,0.03149606299212593,0.031010236742560218,0.031010236742560218,64.16666666666667,63.9,63.7,64.50000000000287,64.16666695154493,63.864663609112995,0.018184260446914277,0.01408546757479791,0.009959929638325572,2.0,0.031496062992125984,2.0,0.031496062992125984,2.0,0.031496062992125984,63.5,65.5,63.5,65.5,63.5,65.5,1.0,1.0,1.0,1,4,19,65.5,0.0,SAME,1.0
DPNB,2022-04-20,65.5,65.5,63.5,63.5,63.5,63.5,0.0,2.0,2.0,0.0,0.03149606299212593,0.03149606299212593,0.0,0.031010236742560218,64.83333333333333,64.3,63.9,65.00000000000144,64.61111130102995,64.16199749836518,0.018184260446914277,0.01408546757479791,0.009959929638325572,2.0,0.031496062992125984,2.0,0.031496062992125984,2.0,0.031496062992125984,63.5,65.5,63.5,65.5,63.5,65.5,1.0,1.0,1.0,2,4,20,65.5,0.0,SAME,1.0
DPNB,2022-04-21,65.5,65.5,65.5,63.5,63.5,63.5,0.0,0.0,2.0,0.0,0.0,0.03149606299212593,0.0,0.0,65.5,64.7,64.1,65.25000000000071,64.90740753401997,64.4052706804806,0.018184260446914277,0.01408546757479791,0.009959929638325572,2.0,0.031496062992125984,2.0,0.031496062992125984,2.0,0.031496062992125984,65.5,65.5,63.5,65.5,63.5,65.5,,1.0,1.0,3,4,21,65.5,0.0,SAME,1.0
DPNB,2022-04-22,65.5,65.5,65.5,65.5,63.5,63.5,0.0,0.0,0.0,0.0,0.0,0.0,0.0,0.0,65.5,65.1,64.3,65.37500000000036,65.10493835601332,64.60431237493867,0.0,0.01408546757479791,0.009959929638325572,0.0,0.0,2.0,0.031496062992125984,2.0,0.031496062992125984,65.5,65.5,63.5,65.5,63.5,65.5,,1.0,1.0,4,4,22,65.5,0.0,SAME,1.0
DPNB,2022-04-25,65.5,65.5,65.5,65.5,63.5,63.5,0.0,0.0,0.0,0.0,0.0,0.0,0.0,0.0,65.5,65.5,64.5,65.43750000000017,65.23662557067556,64.76716467040437,0.0,0.01408546757479791,0.009959929638325572,0.0,0.0,2.0,0.031496062992125984,2.0,0.031496062992125984,65.5,65.5,65.5,65.5,63.5,65.5,,,1.0,0,4,25,65.5,0.0,SAME,1.0
DPNB,2022-04-26,65.5,65.5,65.5,65.5,65.5,63.5,0.0,0.0,0.0,0.0,0.0,0.0,0.0,0.0,65.5,65.5,64.7,65.46875000000009,65.32441704711704,64.90040745760358,0.0,0.0,0.009959929638325572,0.0,0.0,0.0,0.0,2.0,0.031496062992125984,65.5,65.5,65.5,65.5,63.5,65.5,,,1.0,1,4,26,63.5,-2.0,DOWN,0.0
DPNB,2022-04-27,63.5,65.5,65.5,65.5,65.5,63.5,-2.0,-2.0,-2.0,-0.03053435114503822,-0.03053435114503822,-0.03053435114503822,-0.031010236742560322,-0.031010236742560322,64.83333333333333,65.1,64.7,64.48437500000004,64.71627803141136,64.64578791985747,0.017629015853115243,0.013655376961826685,0.014622114510732547,-2.0,-0.030534351145038167,-2.0,-0.030534351145038167,0.0,0.0,63.5,65.5,63.5,65.5,63.5,65.5,0.0,0.0,0.0,2,4,27,63.5,0.0,SAME,1.0
DPNB,2022-04-28,63.5,63.5,65.5,65.5,65.5,63.5,0.0,-2.0,-2.0,0.0,-0.03053435114503822,-0.03053435114503822,0.0,-0.031010236742560322,64.16666666666667,64.7,64.7,63.99218750000002,64.31085202094091,64.43746284351974,0.017629015853115243,0.013655376961826685,0.014622114510732547,-2.0,-0.030534351145038167,-2.0,-0.030534351145038167,0.0,0.0,63.5,65.5,63.5,65.5,63.5,65.5,0.0,0.0,0.0,3,4,28,63.5,0.0,SAME,1.0
DPNB,2022-04-29,63.5,63.5,63.5,65.5,65.5,63.5,0.0,0.0,-2.0,0.0,0.0,-0.03053435114503822,0.0,0.0,63.5,64.3,64.7,63.746093750000014,64.04056801396061,64.26701505378887,0.017629015853115243,0.013655376961826685,0.014622114510732547,-2.0,-0.030534351145038167,-2.0,-0.030534351145038167,0.0,0.0,63.5,63.5,63.5,65.5,63.5,65.5,,0.0,0.0,4,4,29,63.5,0.0,SAME,1.0
DPNB,2022-05-03,63.5,63.5,63.5,63.5,65.5,63.5,0.0,0.0,0.0,0.0,0.0,0.0,0.0,0.0,63.5,63.9,64.7,63.62304687500001,63.86037867597374,64.1275577712818,0.0,0.013655376961826685,0.014622114510732547,0.0,0.0,-2.0,-0.030534351145038167,0.0,0.0,63.5,63.5,63.5,65.5,63.5,65.5,,0.0,0.0,1,5,3,63.5,0.0,SAME,1.0
DPNB,2022-05-04,63.5,63.5,63.5,63.5,65.5,65.5,0.0,0.0,0.0,0.0,0.0,0.0,0.0,0.0,63.5,63.5,64.5,63.5615234375,63.740252450649166,64.01345635832146,0.0,0.013655376961826685,0.009655809649369117,0.0,0.0,-2.0,-0.030534351145038167,-2.0,-0.030534351145038167,63.5,63.5,63.5,63.5,63.5,65.5,,,0.0,2,5,4,63.5,0.0,SAME,1.0
DPNB,2022-05-05,63.5,63.5,63.5,63.5,63.5,65.5,0.0,0.0,0.0,0.0,0.0,0.0,0.0,0.0,63.5,63.5,64.3,63.53076171875,63.66016830043278,63.920100656808465,0.0,0.0,0.009655809649369117,0.0,0.0,0.0,0.0,-2.0,-0.030534351145038167,63.5,63.5,63.5,63.5,63.5,65.5,,,0.0,3,5,5,63.5,0.0,SAME,1.0
DPNB,2022-05-06,63.5,63.5,63.5,63.5,63.5,65.5,0.0,0.0,0.0,0.0,0.0,0.0,0.0,0.0,63.5,63.5,64.1,63.515380859375,63.60677886695519,63.843718719206926,0.0,0.0,0.009655809649369117,0.0,0.0,0.0,0.0,-2.0,-0.030534351145038167,63.5,63.5,63.5,63.5,63.5,65.5,,,0.0,4,5,6,63.0,-0.5,DOWN,0.0
DPNB,2022-05-09,63.0,63.5,63.5,63.5,63.5,65.5,-0.5,-0.5,-0.5,-0.007874015748031482,-0.007874015748031482,-0.007874015748031482,-0.007905179507113261,-0.007905179507113261,63.333333333333336,63.4,63.85,63.2576904296875,63.404519244636795,63.690315315714756,0.004546065111717179,0.003521366893684636,0.009700094267064743,-0.5,-0.007874015748031496,-0.5,-0.007874015748031496,-2.5,-0.03816793893129771,63.0,63.5,63.0,63.5,63.0,65.5,0.0,0.0,0.0,0,5,9,64.0,1.0,UP,2.0
DPNB,2022-05-10,64.0,63.0,63.5,63.5,63.5,65.5,1.0,0.5,0.5,0.015873015873015817,0.007874015748031482,0.007874015748031482,0.015748356968139112,0.007843177461025879,63.5,63.5,63.7,63.62884521484375,63.60301282975787,63.746621621948435,0.012095965358440923,0.008676922788421557,0.011525407450951585,0.5,0.007874015748031496,0.5,0.007874015748031496,-1.5,-0.022900763358778626,63.0,64.0,63.0,64.0,63.0,65.5,1.0,1.0,0.4,1,5,10,64.0,0.0,SAME,1.0
DPNB,2022-05-12,64.0,64.0,63.0,63.5,63.5,65.5,0.0,1.0,0.5,0.0,0.015873015873015817,0.007874015748031482,0.0,0.015748356968139112,63.666666666666664,63.6,63.55,63.814422607421875,63.73534188650525,63.7926904179578,0.012095965358440923,0.008676922788421557,0.011525407450951585,0.5,0.007874015748031496,0.5,0.007874015748031496,-1.5,-0.022900763358778626,63.0,64.0,63.0,64.0,63.0,64.0,1.0,1.0,1.0,3,5,12,64.0,0.0,SAME,1.0
DPNB,2022-05-13,64.0,64.0,64.0,63.0,63.5,63.5,0.0,0.0,1.0,0.0,0.0,0.015873015873015817,0.0,0.0,64.0,63.7,63.6,63.90721130371094,63.82356125767018,63.830383069238195,0.009164289987130852,0.008676922788421557,0.005845742578105776,1.0,0.015873015873015872,0.5,0.007874015748031496,0.5,0.007874015748031496,64.0,64.0,63.0,64.0,63.0,64.0,,1.0,1.0,4,5,13,64.0,0.0,SAME,1.0
DPNB,2022-05-16,64.0,64.0,64.0,64.0,63.5,63.5,0.0,0.0,0.0,0.0,0.0,0.0,0.0,0.0,64.0,63.8,63.65,63.95360565185547,63.88237417178013,63.86122251119488,0.0,0.008676922788421557,0.005845742578105776,0.0,0.0,0.5,0.007874015748031496,0.5,0.007874015748031496,64.0,64.0,63.0,64.0,63.0,64.0,,1.0,1.0,0,5,16,64.0,0.0,SAME,1.0
DPNB,2022-05-17,64.0,64.0,64.0,64.0,63.0,63.5,0.0,0.0,0.0,0.0,0.0,0.0,0.0,0.0,64.0,64.0,63.7,63.976802825927734,63.92158278118676,63.88645478188671,0.0,0.007098628499991537,0.005845742578105776,0.0,0.0,1.0,0.015873015873015872,0.5,0.007874015748031496,64.0,64.0,64.0,64.0,63.0,64.0,,,1.0,1,5,17,64.0,0.0,SAME,1.0
DPNB,2022-05-18,64.0,64.0,64.0,64.0,64.0,63.5,0.0,0.0,0.0,0.0,0.0,0.0,0.0,0.0,64.0,64.0,63.75,63.98840141296387,63.94772185412451,63.90709936699821,0.0,0.0,0.005845742578105776,0.0,0.0,0.0,0.0,0.5,0.007874015748031496,64.0,64.0,64.0,64.0,63.0,64.0,,,1.0,2,5,18,64.0,0.0,SAME,1.0
DPNB,2022-05-19,64.0,64.0,64.0,64.0,64.0,63.5,0.0,0.0,0.0,0.0,0.0,0.0,0.0,0.0,64.0,64.0,63.8,63.994200706481934,63.96514790274968,63.923990391180354,0.0,0.0,0.005845742578105776,0.0,0.0,0.0,0.0,0.5,0.007874015748031496,64.0,64.0,64.0,64.0,63.0,64.0,,,1.0,3,5,19,64.0,0.0,SAME,1.0
DPNB,2022-05-20,64.0,64.0,64.0,64.0,64.0,63.5,0.0,0.0,0.0,0.0,0.0,0.0,0.0,0.0,64.0,64.0,63.85,63.99710035324097,63.97676526849979,63.937810320056656,0.0,0.0,0.005845742578105776,0.0,0.0,0.0,0.0,0.5,0.007874015748031496,64.0,64.0,64.0,64.0,63.0,64.0,,,1.0,4,5,20,64.0,0.0,SAME,1.0
DPNB,2022-05-23,64.0,64.0,64.0,64.0,64.0,63.5,0.0,0.0,0.0,0.0,0.0,0.0,0.0,0.0,64.0,64.0,63.9,63.99855017662048,63.98451017899987,63.94911753459181,0.0,0.0,0.005845742578105776,0.0,0.0,0.0,0.0,0.5,0.007874015748031496,64.0,64.0,64.0,64.0,63.0,64.0,,,1.0,0,5,23,64.0,0.0,SAME,1.0
DPNB,2022-05-24,64.0,64.0,64.0,64.0,64.0,63.0,0.0,0.0,0.0,0.0,0.0,0.0,0.0,0.0,64.0,64.0,64.0,63.99927508831024,63.98967345266658,63.95836889193875,0.0,0.0,0.0050194883494735845,0.0,0.0,0.0,0.0,1.0,0.015873015873015872,64.0,64.0,64.0,64.0,64.0,64.0,,,,1,5,24,64.0,0.0,SAME,1.0
DPNB,2022-05-25,64.0,64.0,64.0,64.0,64.0,64.0,0.0,0.0,0.0,0.0,0.0,0.0,0.0,0.0,64.0,64.0,64.0,63.99963754415512,63.99311563511105,63.965938184313515,0.0,0.0,0.0,0.0,0.0,0.0,0.0,0.0,0.0,64.0,64.0,64.0,64.0,64.0,64.0,,,,2,5,25,64.0,0.0,SAME,1.0
DPNB,2022-05-26,64.0,64.0,64.0,64.0,64.0,64.0,0.0,0.0,0.0,0.0,0.0,0.0,0.0,0.0,64.0,64.0,64.0,63.99981877207756,63.99541042340738,63.972131241711054,0.0,0.0,0.0,0.0,0.0,0.0,0.0,0.0,0.0,64.0,64.0,64.0,64.0,64.0,64.0,,,,3,5,26,64.0,0.0,SAME,1.0
DPNB,2022-05-27,64.0,64.0,64.0,64.0,64.0,64.0,0.0,0.0,0.0,0.0,0.0,0.0,0.0,0.0,64.0,64.0,64.0,63.99990938603878,63.996940282271595,63.97719828867268,0.0,0.0,0.0,0.0,0.0,0.0,0.0,0.0,0.0,64.0,64.0,64.0,64.0,64.0,64.0,,,,4,5,27,64.0,0.0,SAME,1.0
DPNB,2022-05-30,64.0,64.0,64.0,64.0,64.0,64.0,0.0,0.0,0.0,0.0,0.0,0.0,0.0,0.0,64.0,64.0,64.0,63.99995469301939,63.99796018818107,63.98134405436855,0.0,0.0,0.0,0.0,0.0,0.0,0.0,0.0,0.0,64.0,64.0,64.0,64.0,64.0,64.0,,,,0,5,30,63.0,-1.0,DOWN,0.0
DPNB,2022-05-31,63.0,64.0,64.0,64.0,64.0,64.0,-1.0,-1.0,-1.0,-0.015625,-0.015625,-0.015625,-0.015748356968139168,-0.015748356968139168,63.666666666666664,63.8,63.9,63.499977346509695,63.66530679212072,63.80291786266517,0.00902109795608178,0.006987712429678849,0.004941058844013094,-1.0,-0.015625,-1.0,-0.015625,-1.0,-0.015625,63.0,64.0,63.0,64.0,63.0,64.0,0.0,0.0,0.0,1,5,31,63.0,0.0,SAME,1.0
DPNB,2022-06-01,63.0,63.0,64.0,64.0,64.0,64.0,0.0,-1.0,-1.0,0.0,-0.015625,-0.015625,0.0,-0.015748356968139168,63.333333333333336,63.6,63.8,63.24998867325485,63.443537861413816,63.65693279672604,0.00902109795608178,0.006987712429678849,0.004941058844013094,-1.0,-0.015625,-1.0,-0.015625,-1.0,-0.015625,63.0,64.0,63.0,64.0,63.0,64.0,0.0,0.0,0.0,2,6,1,63.0,0.0,SAME,1.0
DPNB,2022-06-02,63.0,63.0,63.0,64.0,64.0,64.0,0.0,0.0,-1.0,0.0,0.0,-0.015625,0.0,0.0,63.0,63.4,63.7,63.124994336627424,63.29569190760922,63.537490470048574,0.00902109795608178,0.006987712429678849,0.004941058844013094,-1.0,-0.015625,-1.0,-0.015625,-1.0,-0.015625,63.0,63.0,63.0,64.0,63.0,64.0,,0.0,0.0,3,6,2,63.0,0.0,SAME,1.0
DPNB,2022-06-03,63.0,63.0,63.0,63.0,64.0,64.0,0.0,0.0,0.0,0.0,0.0,0.0,0.0,0.0,63.0,63.2,63.6,63.06249716831371,63.19712793840615,63.439764930039736,0.0,0.006987712429678849,0.004941058844013094,0.0,0.0,-1.0,-0.015625,-1.0,-0.015625,63.0,63.0,63.0,64.0,63.0,64.0,,0.0,0.0,4,6,3,63.0,0.0,SAME,1.0
DPNB,2022-06-06,63.0,63.0,63.0,63.0,64.0,64.0,0.0,0.0,0.0,0.0,0.0,0.0,0.0,0.0,63.0,63.0,63.5,63.031248584156856,63.131418625604105,63.35980767003251,0.0,0.006987712429678849,0.004941058844013094,0.0,0.0,-1.0,-0.015625,-1.0,-0.015625,63.0,63.0,63.0,63.0,63.0,64.0,,,0.0,0,6,6,63.0,0.0,SAME,1.0
DPNB,2022-06-07,63.0,63.0,63.0,63.0,63.0,64.0,0.0,0.0,0.0,0.0,0.0,0.0,0.0,0.0,63.0,63.0,63.4,63.01562429207843,63.08761241706941,63.29438809366296,0.0,0.0,0.004941058844013094,0.0,0.0,0.0,0.0,-1.0,-0.015625,63.0,63.0,63.0,63.0,63.0,64.0,,,0.0,1,6,7,63.0,0.0,SAME,1.0
DPNB,2022-06-08,63.0,63.0,63.0,63.0,63.0,64.0,0.0,0.0,0.0,0.0,0.0,0.0,0.0,0.0,63.0,63.0,63.3,63.007812146039214,63.05840827804628,63.240862985724235,0.0,0.0,0.004941058844013094,0.0,0.0,0.0,0.0,-1.0,-0.015625,63.0,63.0,63.0,63.0,63.0,64.0,,,0.0,2,6,8,63.0,0.0,SAME,1.0
DPNB,2022-06-09,63.0,63.0,63.0,63.0,63.0,64.0,0.0,0.0,0.0,0.0,0.0,0.0,0.0,0.0,63.0,63.0,63.2,63.00390607301961,63.03893885203086,63.19706971559255,0.0,0.0,0.004941058844013094,0.0,0.0,0.0,0.0,-1.0,-0.015625,63.0,63.0,63.0,63.0,63.0,64.0,,,0.0,3,6,9,63.0,0.0,SAME,1.0
DPNB,2022-06-10,63.0,63.0,63.0,63.0,63.0,64.0,0.0,0.0,0.0,0.0,0.0,0.0,0.0,0.0,63.0,63.0,63.1,63.0019530365098,63.02595923468724,63.16123885821208,0.0,0.0,0.004941058844013094,0.0,0.0,0.0,0.0,-1.0,-0.015625,63.0,63.0,63.0,63.0,63.0,64.0,,,0.0,4,6,10,63.0,0.0,SAME,1.0
DPNB,2022-06-13,63.0,63.0,63.0,63.0,63.0,64.0,0.0,0.0,0.0,0.0,0.0,0.0,0.0,0.0,63.0,63.0,63.0,63.0009765182549,63.01730615645817,63.13192270217351,0.0,0.0,0.004941058844013094,0.0,0.0,0.0,0.0,-1.0,-0.015625,63.0,63.0,63.0,63.0,63.0,63.0,,,,0,6,13,63.0,0.0,SAME,1.0
DPNB,2022-06-15,63.0,63.0,63.0,63.0,63.0,63.0,0.0,0.0,0.0,0.0,0.0,0.0,0.0,0.0,63.0,63.0,63.0,63.00048825912745,63.011537437638786,63.107936756323774,0.0,0.0,0.0,0.0,0.0,0.0,0.0,0.0,0.0,63.0,63.0,63.0,63.0,63.0,63.0,,,,2,6,15,63.0,0.0,SAME,1.0
DPNB,2022-06-16,63.0,63.0,63.0,63.0,63.0,63.0,0.0,0.0,0.0,0.0,0.0,0.0,0.0,0.0,63.0,63.0,63.0,63.000244129563725,63.00769162509253,63.08831189153763,0.0,0.0,0.0,0.0,0.0,0.0,0.0,0.0,0.0,63.0,63.0,63.0,63.0,63.0,63.0,,,,3,6,16,63.0,0.0,SAME,1.0
DPNB,2022-06-17,63.0,63.0,63.0,63.0,63.0,63.0,0.0,0.0,0.0,0.0,0.0,0.0,0.0,0.0,63.0,63.0,63.0,63.00012206478186,63.00512775006169,63.07225518398533,0.0,0.0,0.0,0.0,0.0,0.0,0.0,0.0,0.0,63.0,63.0,63.0,63.0,63.0,63.0,,,,4,6,17,63.0,0.0,SAME,1.0
DPNB,2022-06-20,63.0,63.0,63.0,63.0,63.0,63.0,0.0,0.0,0.0,0.0,0.0,0.0,0.0,0.0,63.0,63.0,63.0,63.00006103239093,63.00341850004113,63.05911787780617,0.0,0.0,0.0,0.0,0.0,0.0,0.0,0.0,0.0,63.0,63.0,63.0,63.0,63.0,63.0,,,,0,6,20,63.0,0.0,SAME,1.0
DPNB,2022-06-21,63.0,63.0,63.0,63.0,63.0,63.0,0.0,0.0,0.0,0.0,0.0,0.0,0.0,0.0,63.0,63.0,63.0,63.000030516195466,63.00227900002742,63.0483691727505,0.0,0.0,0.0,0.0,0.0,0.0,0.0,0.0,0.0,63.0,63.0,63.0,63.0,63.0,63.0,,,,1,6,21,63.0,0.0,SAME,1.0
DPNB,2022-06-22,63.0,63.0,63.0,63.0,63.0,63.0,0.0,0.0,0.0,0.0,0.0,0.0,0.0,0.0,63.0,63.0,63.0,63.00001525809773,63.00151933335162,63.03957477770495,0.0,0.0,0.0,0.0,0.0,0.0,0.0,0.0,0.0,63.0,63.0,63.0,63.0,63.0,63.0,,,,2,6,22,63.0,0.0,SAME,1.0
DPNB,2022-06-23,63.0,63.0,63.0,63.0,63.0,63.0,0.0,0.0,0.0,0.0,0.0,0.0,0.0,0.0,63.0,63.0,63.0,63.000007629048866,63.00101288890108,63.03237936357677,0.0,0.0,0.0,0.0,0.0,0.0,0.0,0.0,0.0,63.0,63.0,63.0,63.0,63.0,63.0,,,,3,6,23,63.0,0.0,SAME,1.0
DPNB,2022-06-24,63.0,63.0,63.0,63.0,63.0,63.0,0.0,0.0,0.0,0.0,0.0,0.0,0.0,0.0,63.0,63.0,63.0,63.00000381452443,63.00067525926739,63.02649220656281,0.0,0.0,0.0,0.0,0.0,0.0,0.0,0.0,0.0,63.0,63.0,63.0,63.0,63.0,63.0,,,,4,6,24,63.5,0.5,UP,2.0
DPNB,2022-06-27,63.5,63.0,63.0,63.0,63.0,63.0,0.5,0.5,0.5,0.007936507936507908,0.007936507936507908,0.007936507936507908,0.007905179507113247,0.007905179507113247,63.166666666666664,63.1,63.05,63.25000190726222,63.16711683951159,63.112584532642295,0.004582144993556381,0.0035493142499840643,0.0025097441747367766,0.5,0.007936507936507936,0.5,0.007936507936507936,0.5,0.007936507936507936,63.0,63.5,63.0,63.5,63.0,63.5,1.0,1.0,1.0,0,6,27,63.5,0.0,SAME,1.0
DPNB,2022-06-28,63.5,63.5,63.0,63.0,63.0,63.0,0.0,0.5,0.5,0.0,0.007936507936507908,0.007936507936507908,0.0,0.007905179507113247,63.333333333333336,63.2,63.1,63.37500095363111,63.27807789300773,63.18302370852551,0.004582144993556381,0.0035493142499840643,0.0025097441747367766,0.5,0.007936507936507936,0.5,0.007936507936507936,0.5,0.007936507936507936,63.0,63.5,63.0,63.5,63.0,63.5,1.0,1.0,1.0,1,6,28,63.5,0.0,SAME,1.0
DPNB,2022-06-29,63.5,63.5,63.5,63.0,63.0,63.0,0.0,0.0,0.5,0.0,0.0,0.007936507936507908,0.0,0.0,63.5,63.3,63.15,63.43750047681556,63.35205192867183,63.24065576152087,0.004582144993556381,0.0035493142499840643,0.0025097441747367766,0.5,0.007936507936507936,0.5,0.007936507936507936,0.5,0.007936507936507936,63.5,63.5,63.0,63.5,63.0,63.5,,1.0,1.0,2,6,29,63.5,0.0,SAME,1.0
DPNB,2022-06-30,63.5,63.5,63.5,63.5,63.0,63.0,0.0,0.0,0.0,0.0,0.0,0.0,0.0,0.0,63.5,63.4,63.2,63.46875023840778,63.401367952447885,63.28780925942616,0.0,0.0035493142499840643,0.0025097441747367766,0.0,0.0,0.5,0.007936507936507936,0.5,0.007936507936507936,63.5,63.5,63.0,63.5,63.0,63.5,,1.0,1.0,3,6,30,63.5,0.0,SAME,1.0
DPNB,2022-07-01,63.5,63.5,63.5,63.5,63.0,63.0,0.0,0.0,0.0,0.0,0.0,0.0,0.0,0.0,63.5,63.5,63.25,63.48437511920389,63.434245301631925,63.326389394075946,0.0,0.0035493142499840643,0.0025097441747367766,0.0,0.0,0.5,0.007936507936507936,0.5,0.007936507936507936,63.5,63.5,63.5,63.5,63.0,63.5,,,1.0,4,7,1,63.5,0.0,SAME,1.0
DPNB,2022-07-04,63.5,63.5,63.5,63.5,63.5,63.0,0.0,0.0,0.0,0.0,0.0,0.0,0.0,0.0,63.5,63.5,63.3,63.492187559601945,63.456163534421286,63.357954958789406,0.0,0.0,0.0025097441747367766,0.0,0.0,0.0,0.0,0.5,0.007936507936507936,63.5,63.5,63.5,63.5,63.0,63.5,,,1.0,0,7,4,63.5,0.0,SAME,1.0
DPNB,2022-07-05,63.5,63.5,63.5,63.5,63.5,63.0,0.0,0.0,0.0,0.0,0.0,0.0,0.0,0.0,63.5,63.5,63.35,63.49609377980097,63.47077568961419,63.383781329918605,0.0,0.0,0.0025097441747367766,0.0,0.0,0.0,0.0,0.5,0.007936507936507936,63.5,63.5,63.5,63.5,63.0,63.5,,,1.0,1,7,5,63.5,0.0,SAME,1.0
DPNB,2022-07-06,63.5,63.5,63.5,63.5,63.5,63.0,0.0,0.0,0.0,0.0,0.0,0.0,0.0,0.0,63.5,63.5,63.4,63.498046889900486,63.48051712640947,63.40491199720613,0.0,0.0,0.0025097441747367766,0.0,0.0,0.0,0.0,0.5,0.007936507936507936,63.5,63.5,63.5,63.5,63.0,63.5,,,1.0,2,7,6,63.5,0.0,SAME,1.0
DPNB,2022-07-07,63.5,63.5,63.5,63.5,63.5,63.0,0.0,0.0,0.0,0.0,0.0,0.0,0.0,0.0,63.5,63.5,63.45,63.49902344495024,63.48701141760631,63.42220072498683,0.0,0.0,0.0025097441747367766,0.0,0.0,0.0,0.0,0.5,0.007936507936507936,63.5,63.5,63.5,63.5,63.0,63.5,,,1.0,3,7,7,63.5,0.0,SAME,1.0
DPNB,2022-07-08,63.5,63.5,63.5,63.5,63.5,63.0,0.0,0.0,0.0,0.0,0.0,0.0,0.0,0.0,63.5,63.5,63.5,63.49951172247512,63.491340945070874,63.4363460477165,0.0,0.0,0.0025097441747367766,0.0,0.0,0.0,0.0,0.5,0.007936507936507936,63.5,63.5,63.5,63.5,63.5,63.5,,,,4,7,8,63.5,0.0,SAME,1.0
DPNB,2022-07-11,63.5,63.5,63.5,63.5,63.5,63.5,0.0,0.0,0.0,0.0,0.0,0.0,0.0,0.0,63.5,63.5,63.5,63.49975586123756,63.494227296713916,63.44791949358622,0.0,0.0,0.0,0.0,0.0,0.0,0.0,0.0,0.0,63.5,63.5,63.5,63.5,63.5,63.5,,,,0,7,11,63.5,0.0,SAME,1.0
DPNB,2022-07-12,63.5,63.5,63.5,63.5,63.5,63.5,0.0,0.0,0.0,0.0,0.0,0.0,0.0,0.0,63.5,63.5,63.5,63.49987793061878,63.496151531142615,63.45738867657054,0.0,0.0,0.0,0.0,0.0,0.0,0.0,0.0,0.0,63.5,63.5,63.5,63.5,63.5,63.5,,,,1,7,12,63.5,0.0,SAME,1.0
DPNB,2022-07-13,63.5,63.5,63.5,63.5,63.5,63.5,0.0,0.0,0.0,0.0,0.0,0.0,0.0,0.0,63.5,63.5,63.5,63.49993896530939,63.49743435409508,63.465136189921346,0.0,0.0,0.0,0.0,0.0,0.0,0.0,0.0,0.0,63.5,63.5,63.5,63.5,63.5,63.5,,,,2,7,13,63.5,0.0,SAME,1.0
DPNB,2022-07-14,63.5,63.5,63.5,63.5,63.5,63.5,0.0,0.0,0.0,0.0,0.0,0.0,0.0,0.0,63.5,63.5,63.5,63.49996948265469,63.49828956939672,63.4714750644811,0.0,0.0,0.0,0.0,0.0,0.0,0.0,0.0,0.0,63.5,63.5,63.5,63.5,63.5,63.5,,,,3,7,14,63.5,0.0,SAME,1.0
DPNB,2022-07-15,63.5,63.5,63.5,63.5,63.5,63.5,0.0,0.0,0.0,0.0,0.0,0.0,0.0,0.0,63.5,63.5,63.5,63.499984741327346,63.49885971293115,63.476661416393625,0.0,0.0,0.0,0.0,0.0,0.0,0.0,0.0,0.0,63.5,63.5,63.5,63.5,63.5,63.5,,,,4,7,15,63.5,0.0,SAME,1.0
DPNB,2022-07-18,63.5,63.5,63.5,63.5,63.5,63.5,0.0,0.0,0.0,0.0,0.0,0.0,0.0,0.0,63.5,63.5,63.5,63.499992370663676,63.49923980862077,63.48090479523115,0.0,0.0,0.0,0.0,0.0,0.0,0.0,0.0,0.0,63.5,63.5,63.5,63.5,63.5,63.5,,,,0,7,18,63.5,0.0,SAME,1.0
DPNB,2022-07-19,63.5,63.5,63.5,63.5,63.5,63.5,0.0,0.0,0.0,0.0,0.0,0.0,0.0,0.0,63.5,63.5,63.5,63.49999618533184,63.499493205747186,63.48437665064366,0.0,0.0,0.0,0.0,0.0,0.0,0.0,0.0,0.0,63.5,63.5,63.5,63.5,63.5,63.5,,,,1,7,19,63.5,0.0,SAME,1.0
DPNB,2022-07-20,63.5,63.5,63.5,63.5,63.5,63.5,0.0,0.0,0.0,0.0,0.0,0.0,0.0,0.0,63.5,63.5,63.5,63.49999809266592,63.49966213716479,63.48721725961754,0.0,0.0,0.0,0.0,0.0,0.0,0.0,0.0,0.0,63.5,63.5,63.5,63.5,63.5,63.5,,,,2,7,20,63.5,0.0,SAME,1.0
DPNB,2022-07-21,63.5,63.5,63.5,63.5,63.5,63.5,0.0,0.0,0.0,0.0,0.0,0.0,0.0,0.0,63.5,63.5,63.5,63.49999904633296,63.499774758109865,63.489541394232525,0.0,0.0,0.0,0.0,0.0,0.0,0.0,0.0,0.0,63.5,63.5,63.5,63.5,63.5,63.5,,,,3,7,21,63.5,0.0,SAME,1.0
DPNB,2022-07-22,63.5,63.5,63.5,63.5,63.5,63.5,0.0,0.0,0.0,0.0,0.0,0.0,0.0,0.0,63.5,63.5,63.5,63.49999952316648,63.49984983873991,63.49144295891752,0.0,0.0,0.0,0.0,0.0,0.0,0.0,0.0,0.0,63.5,63.5,63.5,63.5,63.5,63.5,,,,4,7,22,63.5,0.0,SAME,1.0
DPNB,2022-07-25,63.5,63.5,63.5,63.5,63.5,63.5,0.0,0.0,0.0,0.0,0.0,0.0,0.0,0.0,63.5,63.5,63.5,63.49999976158324,63.499899892493275,63.492998784568876,0.0,0.0,0.0,0.0,0.0,0.0,0.0,0.0,0.0,63.5,63.5,63.5,63.5,63.5,63.5,,,,0,7,25,63.5,0.0,SAME,1.0
DPNB,2022-07-26,63.5,63.5,63.5,63.5,63.5,63.5,0.0,0.0,0.0,0.0,0.0,0.0,0.0,0.0,63.5,63.5,63.5,63.49999988079162,63.499933261662186,63.49427173282908,0.0,0.0,0.0,0.0,0.0,0.0,0.0,0.0,0.0,63.5,63.5,63.5,63.5,63.5,63.5,,,,1,7,26,63.5,0.0,SAME,1.0
DPNB,2022-07-27,63.5,63.5,63.5,63.5,63.5,63.5,0.0,0.0,0.0,0.0,0.0,0.0,0.0,0.0,63.5,63.5,63.5,63.49999994039581,63.49995550777479,63.49531323595106,0.0,0.0,0.0,0.0,0.0,0.0,0.0,0.0,0.0,63.5,63.5,63.5,63.5,63.5,63.5,,,,2,7,27,63.5,0.0,SAME,1.0
DPNB,2022-07-28,63.5,63.5,63.5,63.5,63.5,63.5,0.0,0.0,0.0,0.0,0.0,0.0,0.0,0.0,63.5,63.5,63.5,63.499999970197905,63.49997033851653,63.496165374869044,0.0,0.0,0.0,0.0,0.0,0.0,0.0,0.0,0.0,63.5,63.5,63.5,63.5,63.5,63.5,,,,3,7,28,64.0,0.5,UP,2.0
DPNB,2022-07-29,64.0,63.5,63.5,63.5,63.5,63.5,0.5,0.5,0.5,0.007874015748031482,0.007874015748031482,0.007874015748031482,0.007843177461025879,0.007843177461025879,63.666666666666664,63.6,63.55,63.74999998509895,63.66664689234436,63.587771670347394,0.004546065111717172,0.0035213668936847366,0.0024899824095813736,0.5,0.007874015748031496,0.5,0.007874015748031496,0.5,0.007874015748031496,63.5,64.0,63.5,64.0,63.5,64.0,1.0,1.0,1.0,4,7,29,64.0,0.0,SAME,1.0
DPNB,2022-08-02,64.0,64.0,63.5,63.5,63.5,63.5,0.0,0.5,0.5,0.0,0.007874015748031482,0.007874015748031482,0.0,0.007843177461025879,63.833333333333336,63.7,63.6,63.874999992549476,63.77776459489624,63.66272227573877,0.004546065111717172,0.0035213668936847366,0.0024899824095813736,0.5,0.007874015748031496,0.5,0.007874015748031496,0.5,0.007874015748031496,63.5,64.0,63.5,64.0,63.5,64.0,1.0,1.0,1.0,1,8,2,64.0,0.0,SAME,1.0
DPNB,2022-08-03,64.0,64.0,64.0,63.5,63.5,63.5,0.0,0.0,0.5,0.0,0.0,0.007874015748031482,0.0,0.0,64.0,63.8,63.65,63.93749999627474,63.85184306326417,63.72404549833172,0.004546065111717172,0.0035213668936847366,0.0024899824095813736,0.5,0.007874015748031496,0.5,0.007874015748031496,0.5,0.007874015748031496,64.0,64.0,63.5,64.0,63.5,64.0,,1.0,1.0,2,8,3,64.0,0.0,SAME,1.0
DPNB,2022-08-04,64.0,64.0,64.0,64.0,63.5,63.5,0.0,0.0,0.0,0.0,0.0,0.0,0.0,0.0,64.0,63.9,63.7,63.96874999813737,63.90122870884278,63.77421904408959,0.0,0.0035213668936847366,0.0024899824095813736,0.0,0.0,0.5,0.007874015748031496,0.5,0.007874015748031496,64.0,64.0,63.5,64.0,63.5,64.0,,1.0,1.0,3,8,4,64.0,0.0,SAME,1.0
DPNB,2022-08-05,64.0,64.0,64.0,64.0,63.5,63.5,0.0,0.0,0.0,0.0,0.0,0.0,0.0,0.0,64.0,64.0,63.75,63.984374999068685,63.93415247256186,63.815270126982384,0.0,0.0035213668936847366,0.0024899824095813736,0.0,0.0,0.5,0.007874015748031496,0.5,0.007874015748031496,64.0,64.0,64.0,64.0,63.5,64.0,,,1.0,4,8,5,64.0,0.0,SAME,1.0
DPNB,2022-08-08,64.0,64.0,64.0,64.0,64.0,63.5,0.0,0.0,0.0,0.0,0.0,0.0,0.0,0.0,64.0,64.0,63.8,63.99218749953434,63.956101648374585,63.84885737662195,0.0,0.0,0.0024899824095813736,0.0,0.0,0.0,0.0,0.5,0.007874015748031496,64.0,64.0,64.0,64.0,63.5,64.0,,,1.0,0,8,8,64.0,0.0,SAME,1.0
DPNB,2022-08-09,64.0,64.0,64.0,64.0,64.0,63.5,0.0,0.0,0.0,0.0,0.0,0.0,0.0,0.0,64.0,64.0,63.85,63.99609374976717,63.97073443224973,63.87633785359978,0.0,0.0,0.0024899824095813736,0.0,0.0,0.0,0.0,0.5,0.007874015748031496,64.0,64.0,64.0,64.0,63.5,64.0,,,1.0,1,8,9,64.0,0.0,SAME,1.0
DPNB,2022-08-10,64.0,64.0,64.0,64.0,64.0,63.5,0.0,0.0,0.0,0.0,0.0,0.0,0.0,0.0,64.0,64.0,63.9,63.998046874883585,63.98048962149983,63.898821880217994,0.0,0.0,0.0024899824095813736,0.0,0.0,0.0,0.0,0.5,0.007874015748031496,64.0,64.0,64.0,64.0,63.5,64.0,,,1.0,2,8,10,64.0,0.0,SAME,1.0
DPNB,2022-08-11,64.0,64.0,64.0,64.0,64.0,63.5,0.0,0.0,0.0,0.0,0.0,0.0,0.0,0.0,64.0,64.0,63.95,63.99902343744179,63.986993080999895,63.91721790199654,0.0,0.0,0.0024899824095813736,0.0,0.0,0.0,0.0,0.5,0.007874015748031496,64.0,64.0,64.0,64.0,63.5,64.0,,,1.0,3,8,11,64.0,0.0,SAME,1.0
DPNB,2022-08-12,64.0,64.0,64.0,64.0,64.0,63.5,0.0,0.0,0.0,0.0,0.0,0.0,0.0,0.0,64.0,64.0,64.0,63.999511718720896,63.9913287206666,63.93226919254262,0.0,0.0,0.0024899824095813736,0.0,0.0,0.0,0.0,0.5,0.007874015748031496,64.0,64.0,64.0,64.0,64.0,64.0,,,,4,8,12,64.0,0.0,SAME,1.0
DPNB,2022-08-15,64.0,64.0,64.0,64.0,64.0,64.0,0.0,0.0,0.0,0.0,0.0,0.0,0.0,0.0,64.0,64.0,64.0,63.99975585936045,63.99421914711107,63.9445838848076,0.0,0.0,0.0,0.0,0.0,0.0,0.0,0.0,0.0,64.0,64.0,64.0,64.0,64.0,64.0,,,,0,8,15,64.0,0.0,SAME,1.0
DPNB,2022-08-16,64.0,64.0,64.0,64.0,64.0,64.0,0.0,0.0,0.0,0.0,0.0,0.0,0.0,0.0,64.0,64.0,64.0,63.999877929680224,63.99614609807405,63.95465954211531,0.0,0.0,0.0,0.0,0.0,0.0,0.0,0.0,0.0,64.0,64.0,64.0,64.0,64.0,64.0,,,,1,8,16,64.0,0.0,SAME,1.0
DPNB,2022-08-17,64.0,64.0,64.0,64.0,64.0,64.0,0.0,0.0,0.0,0.0,0.0,0.0,0.0,0.0,64.0,64.0,64.0,63.99993896484011,63.99743073204937,63.9629032617307,0.0,0.0,0.0,0.0,0.0,0.0,0.0,0.0,0.0,64.0,64.0,64.0,64.0,64.0,64.0,,,,2,8,17,64.0,0.0,SAME,1.0
DPNB,2022-08-18,64.0,64.0,64.0,64.0,64.0,64.0,0.0,0.0,0.0,0.0,0.0,0.0,0.0,0.0,64.0,64.0,64.0,63.999969482420056,63.99828715469958,63.96964812323421,0.0,0.0,0.0,0.0,0.0,0.0,0.0,0.0,0.0,64.0,64.0,64.0,64.0,64.0,64.0,,,,3,8,18,64.0,0.0,SAME,1.0
DPNB,2022-08-19,64.0,64.0,64.0,64.0,64.0,64.0,0.0,0.0,0.0,0.0,0.0,0.0,0.0,0.0,64.0,64.0,64.0,63.99998474121003,63.99885810313306,63.97516664628253,0.0,0.0,0.0,0.0,0.0,0.0,0.0,0.0,0.0,64.0,64.0,64.0,64.0,64.0,64.0,,,,4,8,19,64.0,0.0,SAME,1.0
DPNB,2022-08-22,64.0,64.0,64.0,64.0,64.0,64.0,0.0,0.0,0.0,0.0,0.0,0.0,0.0,0.0,64.0,64.0,64.0,63.999992370605014,63.99923873542204,63.97968180150389,0.0,0.0,0.0,0.0,0.0,0.0,0.0,0.0,0.0,64.0,64.0,64.0,64.0,64.0,64.0,,,,0,8,22,64.0,0.0,SAME,1.0
DPNB,2022-08-23,64.0,64.0,64.0,64.0,64.0,64.0,0.0,0.0,0.0,0.0,0.0,0.0,0.0,0.0,64.0,64.0,64.0,63.99999618530251,63.99949249028137,63.98337601941226,0.0,0.0,0.0,0.0,0.0,0.0,0.0,0.0,0.0,64.0,64.0,64.0,64.0,64.0,64.0,,,,1,8,23,64.0,0.0,SAME,1.0
DPNB,2022-08-24,64.0,64.0,64.0,64.0,64.0,64.0,0.0,0.0,0.0,0.0,0.0,0.0,0.0,0.0,64.0,64.0,64.0,63.99999809265125,63.999661660187584,63.986398561337296,0.0,0.0,0.0,0.0,0.0,0.0,0.0,0.0,0.0,64.0,64.0,64.0,64.0,64.0,64.0,,,,2,8,24,64.0,0.0,SAME,1.0
DPNB,2022-08-25,64.0,64.0,64.0,64.0,64.0,64.0,0.0,0.0,0.0,0.0,0.0,0.0,0.0,0.0,64.0,64.0,64.0,63.99999904632563,63.999774440125066,63.98887155018505,0.0,0.0,0.0,0.0,0.0,0.0,0.0,0.0,0.0,64.0,64.0,64.0,64.0,64.0,64.0,,,,3,8,25,64.0,0.0,SAME,1.0
DPNB,2022-08-26,64.0,64.0,64.0,64.0,64.0,64.0,0.0,0.0,0.0,0.0,0.0,0.0,0.0,0.0,64.0,64.0,64.0,63.99999952316281,63.99984962675005,63.99089490469686,0.0,0.0,0.0,0.0,0.0,0.0,0.0,0.0,0.0,64.0,64.0,64.0,64.0,64.0,64.0,,,,4,8,26,64.0,0.0,SAME,1.0
DPNB,2022-08-29,64.0,64.0,64.0,64.0,64.0,64.0,0.0,0.0,0.0,0.0,0.0,0.0,0.0,0.0,64.0,64.0,64.0,63.99999976158141,63.99989975116671,63.99255037657015,0.0,0.0,0.0,0.0,0.0,0.0,0.0,0.0,0.0,64.0,64.0,64.0,64.0,64.0,64.0,,,,0,8,29,64.0,0.0,SAME,1.0
DPNB,2022-08-30,64.0,64.0,64.0,64.0,64.0,64.0,0.0,0.0,0.0,0.0,0.0,0.0,0.0,0.0,64.0,64.0,64.0,63.9999998807907,63.99993316744448,63.993904853557396,0.0,0.0,0.0,0.0,0.0,0.0,0.0,0.0,0.0,64.0,64.0,64.0,64.0,64.0,64.0,,,,1,8,30,64.0,0.0,SAME,1.0
DPNB,2022-08-31,64.0,64.0,64.0,64.0,64.0,64.0,0.0,0.0,0.0,0.0,0.0,0.0,0.0,0.0,64.0,64.0,64.0,63.999999940395355,63.99995544496299,63.995013062001505,0.0,0.0,0.0,0.0,0.0,0.0,0.0,0.0,0.0,64.0,64.0,64.0,64.0,64.0,64.0,,,,2,8,31,64.0,0.0,SAME,1.0
DPNB,2022-09-01,64.0,64.0,64.0,64.0,64.0,64.0,0.0,0.0,0.0,0.0,0.0,0.0,0.0,0.0,64.0,64.0,64.0,63.99999997019768,63.999970296642005,63.99591977800122,0.0,0.0,0.0,0.0,0.0,0.0,0.0,0.0,0.0,64.0,64.0,64.0,64.0,64.0,64.0,,,,3,9,1,64.0,0.0,SAME,1.0
DPNB,2022-09-02,64.0,64.0,64.0,64.0,64.0,64.0,0.0,0.0,0.0,0.0,0.0,0.0,0.0,0.0,64.0,64.0,64.0,63.99999998509884,63.999980197761346,63.99666163654645,0.0,0.0,0.0,0.0,0.0,0.0,0.0,0.0,0.0,64.0,64.0,64.0,64.0,64.0,64.0,,,,4,9,2,62.0,-2.0,DOWN,0.0
DPNB,2022-09-05,62.0,64.0,64.0,64.0,64.0,64.0,-2.0,-2.0,-2.0,-0.03125,-0.03125,-0.03125,-0.0317486983145803,-0.0317486983145803,63.333333333333336,63.6,63.8,62.99999999254942,63.3333201318409,63.63363224808346,0.018042195912172744,0.013975424859369664,0.00988211768802619,-2.0,-0.03125,-2.0,-0.03125,-2.0,-0.03125,62.0,64.0,62.0,64.0,62.0,64.0,0.0,0.0,0.0,0,9,5,62.0,0.0,SAME,1.0
DPNB,2022-09-06,62.0,62.0,64.0,64.0,64.0,64.0,0.0,-2.0,-2.0,0.0,-0.03125,-0.03125,0.0,-0.0317486983145803,62.666666666666664,63.2,63.6,62.49999999627471,62.88888008789394,63.336608202977374,0.018042195912172744,0.013975424859369664,0.00988211768802619,-2.0,-0.03125,-2.0,-0.03125,-2.0,-0.03125,62.0,64.0,62.0,64.0,62.0,64.0,0.0,0.0,0.0,1,9,6,62.0,0.0,SAME,1.0
DPNB,2022-09-07,62.0,62.0,62.0,64.0,64.0,64.0,0.0,0.0,-2.0,0.0,0.0,-0.03125,0.0,0.0,62.0,62.8,63.4,62.249999998137355,62.59258672526263,63.093588529708754,0.018042195912172744,0.013975424859369664,0.00988211768802619,-2.0,-0.03125,-2.0,-0.03125,-2.0,-0.03125,62.0,62.0,62.0,64.0,62.0,64.0,,0.0,0.0,2,9,7,62.0,0.0,SAME,1.0
DPNB,2022-09-08,62.0,62.0,62.0,62.0,64.0,64.0,0.0,0.0,0.0,0.0,0.0,0.0,0.0,0.0,62.0,62.4,63.2,62.12499999906868,62.39505781684176,62.89475425157988,0.0,0.013975424859369664,0.00988211768802619,0.0,0.0,-2.0,-0.03125,-2.0,-0.03125,62.0,62.0,62.0,64.0,62.0,64.0,,0.0,0.0,3,9,8,62.0,0.0,SAME,1.0
DPNB,2022-09-09,62.0,62.0,62.0,62.0,64.0,64.0,0.0,0.0,0.0,0.0,0.0,0.0,0.0,0.0,62.0,62.0,63.0,62.06249999953434,62.26337187789451,62.73207166038354,0.0,0.013975424859369664,0.00988211768802619,0.0,0.0,-2.0,-0.03125,-2.0,-0.03125,62.0,62.0,62.0,62.0,62.0,64.0,,,0.0,4,9,9,62.0,0.0,SAME,1.0
DPNB,2022-09-12,62.0,62.0,62.0,62.0,62.0,64.0,0.0,0.0,0.0,0.0,0.0,0.0,0.0,0.0,62.0,62.0,62.8,62.03124999976717,62.17558125192967,62.59896772213198,0.0,0.0,0.00988211768802619,0.0,0.0,0.0,0.0,-2.0,-0.03125,62.0,62.0,62.0,62.0,62.0,64.0,,,0.0,0,9,12,62.0,0.0,SAME,1.0
DPNB,2022-09-13,62.0,62.0,62.0,62.0,62.0,64.0,0.0,0.0,0.0,0.0,0.0,0.0,0.0,0.0,62.0,62.0,62.6,62.015624999883585,62.117054167953114,62.49006449992616,0.0,0.0,0.00988211768802619,0.0,0.0,0.0,0.0,-2.0,-0.03125,62.0,62.0,62.0,62.0,62.0,64.0,,,0.0,1,9,13,62.0,0.0,SAME,1.0
DPNB,2022-09-14,62.0,62.0,62.0,62.0,62.0,64.0,0.0,0.0,0.0,0.0,0.0,0.0,0.0,0.0,62.0,62.0,62.4,62.00781249994179,62.07803611196874,62.40096186357595,0.0,0.0,0.00988211768802619,0.0,0.0,0.0,0.0,-2.0,-0.03125,62.0,62.0,62.0,62.0,62.0,64.0,,,0.0,2,9,14,62.0,0.0,SAME,1.0
DPNB,2022-09-15,62.0,62.0,62.0,62.0,62.0,64.0,0.0,0.0,0.0,0.0,0.0,0.0,0.0,0.0,62.0,62.0,62.2,62.003906249970896,62.05202407464583,62.32805970656214,0.0,0.0,0.00988211768802619,0.0,0.0,0.0,0.0,-2.0,-0.03125,62.0,62.0,62.0,62.0,62.0,64.0,,,0.0,3,9,15,62.0,0.0,SAME,1.0
DPNB,2022-09-16,62.0,62.0,62.0,62.0,62.0,64.0,0.0,0.0,0.0,0.0,0.0,0.0,0.0,0.0,62.0,62.0,62.0,62.00195312498545,62.03468271643055,62.2684124871872,0.0,0.0,0.00988211768802619,0.0,0.0,0.0,0.0,-2.0,-0.03125,62.0,62.0,62.0,62.0,62.0,62.0,,,,4,9,16,62.0,0.0,SAME,1.0
DPNB,2022-09-19,62.0,62.0,62.0,62.0,62.0,62.0,0.0,0.0,0.0,0.0,0.0,0.0,0.0,0.0,62.0,62.0,62.0,62.000976562492724,62.023121810953704,62.219610216789526,0.0,0.0,0.0,0.0,0.0,0.0,0.0,0.0,0.0,62.0,62.0,62.0,62.0,62.0,62.0,,,,0,9,19,62.0,0.0,SAME,1.0
DPNB,2022-09-20,62.0,62.0,62.0,62.0,62.0,62.0,0.0,0.0,0.0,0.0,0.0,0.0,0.0,0.0,62.0,62.0,62.0,62.00048828124636,62.0154145406358,62.17968108646416,0.0,0.0,0.0,0.0,0.0,0.0,0.0,0.0,0.0,62.0,62.0,62.0,62.0,62.0,62.0,,,,1,9,20,62.0,0.0,SAME,1.0
DPNB,2022-09-21,62.0,62.0,62.0,62.0,62.0,62.0,0.0,0.0,0.0,0.0,0.0,0.0,0.0,0.0,62.0,62.0,62.0,62.00024414062318,62.01027636042387,62.14701179801612,0.0,0.0,0.0,0.0,0.0,0.0,0.0,0.0,0.0,62.0,62.0,62.0,62.0,62.0,62.0,,,,2,9,21,62.0,0.0,SAME,1.0
DPNB,2022-09-22,62.0,62.0,62.0,62.0,62.0,62.0,0.0,0.0,0.0,0.0,0.0,0.0,0.0,0.0,62.0,62.0,62.0,62.00012207031159,62.00685090694925,62.12028238019501,0.0,0.0,0.0,0.0,0.0,0.0,0.0,0.0,0.0,62.0,62.0,62.0,62.0,62.0,62.0,,,,3,9,22,62.0,0.0,SAME,1.0
DPNB,2022-09-26,62.0,62.0,62.0,62.0,62.0,62.0,0.0,0.0,0.0,0.0,0.0,0.0,0.0,0.0,62.0,62.0,62.0,62.000061035155795,62.00456727129951,62.09841285652318,0.0,0.0,0.0,0.0,0.0,0.0,0.0,0.0,0.0,62.0,62.0,62.0,62.0,62.0,62.0,,,,0,9,26,62.0,0.0,SAME,1.0
DPNB,2022-09-27,62.0,62.0,62.0,62.0,62.0,62.0,0.0,0.0,0.0,0.0,0.0,0.0,0.0,0.0,62.0,62.0,62.0,62.0000305175779,62.003044847533005,62.0805196098826,0.0,0.0,0.0,0.0,0.0,0.0,0.0,0.0,0.0,62.0,62.0,62.0,62.0,62.0,62.0,,,,1,9,27,62.0,0.0,SAME,1.0
DPNB,2022-09-28,62.0,62.0,62.0,62.0,62.0,62.0,0.0,0.0,0.0,0.0,0.0,0.0,0.0,0.0,62.0,62.0,62.0,62.00001525878895,62.00202989835534,62.06587968081303,0.0,0.0,0.0,0.0,0.0,0.0,0.0,0.0,0.0,62.0,62.0,62.0,62.0,62.0,62.0,,,,2,9,28,62.0,0.0,SAME,1.0
DPNB,2022-09-29,62.0,62.0,62.0,62.0,62.0,62.0,0.0,0.0,0.0,0.0,0.0,0.0,0.0,0.0,62.0,62.0,62.0,62.000007629394474,62.00135326557023,62.053901557028844,0.0,0.0,0.0,0.0,0.0,0.0,0.0,0.0,0.0,62.0,62.0,62.0,62.0,62.0,62.0,,,,3,9,29,62.0,0.0,SAME,1.0
DPNB,2022-10-03,62.0,62.0,62.0,62.0,62.0,62.0,0.0,0.0,0.0,0.0,0.0,0.0,0.0,0.0,62.0,62.0,62.0,62.00000381469724,62.000902177046825,62.04410127393269,0.0,0.0,0.0,0.0,0.0,0.0,0.0,0.0,0.0,62.0,62.0,62.0,62.0,62.0,62.0,,,,0,10,3,62.0,0.0,SAME,1.0
DPNB,2022-10-07,62.0,62.0,62.0,62.0,62.0,62.0,0.0,0.0,0.0,0.0,0.0,0.0,0.0,0.0,62.0,62.0,62.0,62.00000190734862,62.00060145136455,62.03608286049038,0.0,0.0,0.0,0.0,0.0,0.0,0.0,0.0,0.0,62.0,62.0,62.0,62.0,62.0,62.0,,,,4,10,7,62.0,0.0,SAME,1.0
DPNB,2022-10-10,62.0,62.0,62.0,62.0,62.0,62.0,0.0,0.0,0.0,0.0,0.0,0.0,0.0,0.0,62.0,62.0,62.0,62.00000095367431,62.00040096757637,62.029522340401215,0.0,0.0,0.0,0.0,0.0,0.0,0.0,0.0,0.0,62.0,62.0,62.0,62.0,62.0,62.0,,,,0,10,10,62.0,0.0,SAME,1.0
DPNB,2022-10-11,62.0,62.0,62.0,62.0,62.0,62.0,0.0,0.0,0.0,0.0,0.0,0.0,0.0,0.0,62.0,62.0,62.0,62.00000047683716,62.00026731171758,62.02415464214644,0.0,0.0,0.0,0.0,0.0,0.0,0.0,0.0,0.0,62.0,62.0,62.0,62.0,62.0,62.0,,,,1,10,11,62.0,0.0,SAME,1.0
DPNB,2022-10-12,62.0,62.0,62.0,62.0,62.0,62.0,0.0,0.0,0.0,0.0,0.0,0.0,0.0,0.0,62.0,62.0,62.0,62.00000023841858,62.00017820781172,62.019762889028904,0.0,0.0,0.0,0.0,0.0,0.0,0.0,0.0,0.0,62.0,62.0,62.0,62.0,62.0,62.0,,,,2,10,12,62.0,0.0,SAME,1.0
DPNB,2022-10-13,62.0,62.0,62.0,62.0,62.0,62.0,0.0,0.0,0.0,0.0,0.0,0.0,0.0,0.0,62.0,62.0,62.0,62.00000011920929,62.00011880520782,62.01616963647819,0.0,0.0,0.0,0.0,0.0,0.0,0.0,0.0,0.0,62.0,62.0,62.0,62.0,62.0,62.0,,,,3,10,13,62.0,0.0,SAME,1.0
DPNB,2022-10-14,62.0,62.0,62.0,62.0,62.0,62.0,0.0,0.0,0.0,0.0,0.0,0.0,0.0,0.0,62.0,62.0,62.0,62.000000059604645,62.000079203471884,62.013229702573064,0.0,0.0,0.0,0.0,0.0,0.0,0.0,0.0,0.0,62.0,62.0,62.0,62.0,62.0,62.0,,,,4,10,14,62.0,0.0,SAME,1.0
DPNB,2022-10-17,62.0,62.0,62.0,62.0,62.0,62.0,0.0,0.0,0.0,0.0,0.0,0.0,0.0,0.0,62.0,62.0,62.0,62.00000002980232,62.00005280231459,62.01082430210523,0.0,0.0,0.0,0.0,0.0,0.0,0.0,0.0,0.0,62.0,62.0,62.0,62.0,62.0,62.0,,,,0,10,17,62.0,0.0,SAME,1.0
DPNB,2022-10-18,62.0,62.0,62.0,62.0,62.0,62.0,0.0,0.0,0.0,0.0,0.0,0.0,0.0,0.0,62.0,62.0,62.0,62.00000001490116,62.000035201543064,62.008856247177,0.0,0.0,0.0,0.0,0.0,0.0,0.0,0.0,0.0,62.0,62.0,62.0,62.0,62.0,62.0,,,,1,10,18,62.0,0.0,SAME,1.0
DPNB,2022-10-19,62.0,62.0,62.0,62.0,62.0,62.0,0.0,0.0,0.0,0.0,0.0,0.0,0.0,0.0,62.0,62.0,62.0,62.00000000745058,62.00002346769538,62.00724602041754,0.0,0.0,0.0,0.0,0.0,0.0,0.0,0.0,0.0,62.0,62.0,62.0,62.0,62.0,62.0,,,,2,10,19,62.0,0.0,SAME,1.0
DPNB,2022-10-20,62.0,62.0,62.0,62.0,62.0,62.0,0.0,0.0,0.0,0.0,0.0,0.0,0.0,0.0,62.0,62.0,62.0,62.00000000372529,62.000015645130254,62.0059285621598,0.0,0.0,0.0,0.0,0.0,0.0,0.0,0.0,0.0,62.0,62.0,62.0,62.0,62.0,62.0,,,,3,10,20,62.0,0.0,SAME,1.0
DPNB,2022-10-21,62.0,62.0,62.0,62.0,62.0,62.0,0.0,0.0,0.0,0.0,0.0,0.0,0.0,0.0,62.0,62.0,62.0,62.000000001862645,62.00001043008684,62.004850641767106,0.0,0.0,0.0,0.0,0.0,0.0,0.0,0.0,0.0,62.0,62.0,62.0,62.0,62.0,62.0,,,,4,10,21,62.0,0.0,SAME,1.0
DPNB,2022-10-24,62.0,62.0,62.0,62.0,62.0,62.0,0.0,0.0,0.0,0.0,0.0,0.0,0.0,0.0,62.0,62.0,62.0,62.00000000093132,62.00000695339123,62.00396870690036,0.0,0.0,0.0,0.0,0.0,0.0,0.0,0.0,0.0,62.0,62.0,62.0,62.0,62.0,62.0,,,,0,10,24,62.0,0.0,SAME,1.0
DPNB,2022-10-25,62.0,62.0,62.0,62.0,62.0,62.0,0.0,0.0,0.0,0.0,0.0,0.0,0.0,0.0,62.0,62.0,62.0,62.00000000046566,62.00000463559415,62.00324712382756,0.0,0.0,0.0,0.0,0.0,0.0,0.0,0.0,0.0,62.0,62.0,62.0,62.0,62.0,62.0,,,,1,10,25,62.0,0.0,SAME,1.0
DPNB,2022-10-26,62.0,62.0,62.0,62.0,62.0,62.0,0.0,0.0,0.0,0.0,0.0,0.0,0.0,0.0,62.0,62.0,62.0,62.00000000023283,62.000003090396106,62.00265673767709,0.0,0.0,0.0,0.0,0.0,0.0,0.0,0.0,0.0,62.0,62.0,62.0,62.0,62.0,62.0,,,,2,10,26,62.0,0.0,SAME,1.0
DPNB,2022-10-27,62.0,62.0,62.0,62.0,62.0,62.0,0.0,0.0,0.0,0.0,0.0,0.0,0.0,0.0,62.0,62.0,62.0,62.000000000116415,62.00000206026407,62.002173694463075,0.0,0.0,0.0,0.0,0.0,0.0,0.0,0.0,0.0,62.0,62.0,62.0,62.0,62.0,62.0,,,,3,10,27,62.0,0.0,SAME,1.0
DPNB,2022-10-28,62.0,62.0,62.0,62.0,62.0,62.0,0.0,0.0,0.0,0.0,0.0,0.0,0.0,0.0,62.0,62.0,62.0,62.00000000005821,62.000001373509384,62.001778477287964,0.0,0.0,0.0,0.0,0.0,0.0,0.0,0.0,0.0,62.0,62.0,62.0,62.0,62.0,62.0,,,,4,10,28,62.0,0.0,SAME,1.0
DPNB,2022-10-31,62.0,62.0,62.0,62.0,62.0,62.0,0.0,0.0,0.0,0.0,0.0,0.0,0.0,0.0,62.0,62.0,62.0,62.000000000029104,62.00000091567293,62.001455117781056,0.0,0.0,0.0,0.0,0.0,0.0,0.0,0.0,0.0,62.0,62.0,62.0,62.0,62.0,62.0,,,,0,10,31,62.0,0.0,SAME,1.0
DPNB,2022-11-02,62.0,62.0,62.0,62.0,62.0,62.0,0.0,0.0,0.0,0.0,0.0,0.0,0.0,0.0,62.0,62.0,62.0,62.00000000001455,62.00000061044862,62.00119055091177,0.0,0.0,0.0,0.0,0.0,0.0,0.0,0.0,0.0,62.0,62.0,62.0,62.0,62.0,62.0,,,,2,11,2,62.0,0.0,SAME,1.0
DPNB,2022-11-03,62.0,62.0,62.0,62.0,62.0,62.0,0.0,0.0,0.0,0.0,0.0,0.0,0.0,0.0,62.0,62.0,62.0,62.000000000007276,62.00000040696575,62.000974087109626,0.0,0.0,0.0,0.0,0.0,0.0,0.0,0.0,0.0,62.0,62.0,62.0,62.0,62.0,62.0,,,,3,11,3,62.0,0.0,SAME,1.0
DPNB,2022-11-04,62.0,62.0,62.0,62.0,62.0,62.0,0.0,0.0,0.0,0.0,0.0,0.0,0.0,0.0,62.0,62.0,62.0,62.00000000000364,62.000000271310505,62.000796980362416,0.0,0.0,0.0,0.0,0.0,0.0,0.0,0.0,0.0,62.0,62.0,62.0,62.0,62.0,62.0,,,,4,11,4,58.9,-3.1000000000000014,DOWN,0.0
DPNB,2022-11-07,58.9,62.0,62.0,62.0,62.0,62.0,-3.1000000000000014,-3.1000000000000014,-3.1000000000000014,-0.050000000000000044,-0.050000000000000044,-0.050000000000000044,-0.05129329438755058,-0.05129329438755058,60.96666666666667,61.379999999999995,61.69,60.45000000000182,60.96666684754034,61.43701571120561,0.028867513459479403,0.02236067977499538,0.01581138830084192,-3.1000000000000014,-0.050000000000000024,-3.1000000000000014,-0.050000000000000024,-3.1000000000000014,-0.050000000000000024,58.9,62.0,58.9,62.0,58.9,62.0,0.0,0.0,0.0,0,11,7,58.9,0.0,SAME,1.0
DPNB,2022-11-08,58.9,58.9,62.0,62.0,62.0,62.0,0.0,-3.1000000000000014,-3.1000000000000014,0.0,-0.050000000000000044,-0.050000000000000044,0.0,-0.05129329438755058,59.93333333333334,60.75999999999999,61.379999999999995,59.67500000000091,60.27777789836023,60.97574012735004,0.028867513459479403,0.02236067977499538,0.01581138830084192,-3.1000000000000014,-0.050000000000000024,-3.1000000000000014,-0.050000000000000024,-3.1000000000000014,-0.050000000000000024,58.9,62.0,58.9,62.0,58.9,62.0,0.0,0.0,0.0,1,11,8,58.9,0.0,SAME,1.0
DPNB,2022-11-09,58.9,58.9,58.9,62.0,62.0,62.0,0.0,0.0,-3.1000000000000014,0.0,0.0,-0.050000000000000044,0.0,0.0,58.9,60.14,61.06999999999999,59.28750000000045,59.81851859890682,60.59833283146821,0.028867513459479403,0.02236067977499538,0.01581138830084192,-3.1000000000000014,-0.050000000000000024,-3.1000000000000014,-0.050000000000000024,-3.1000000000000014,-0.050000000000000024,58.9,58.9,58.9,62.0,58.9,62.0,,0.0,0.0,2,11,9,58.9,0.0,SAME,1.0
DPNB,2022-11-10,58.9,58.9,58.9,58.9,62.0,62.0,0.0,0.0,0.0,0.0,0.0,0.0,0.0,0.0,58.9,59.519999999999996,60.760000000000005,59.09375000000023,59.51234573260455,60.289545043928534,0.0,0.02236067977499538,0.01581138830084192,0.0,0.0,-3.1000000000000014,-0.050000000000000024,-3.1000000000000014,-0.050000000000000024,58.9,58.9,58.9,62.0,58.9,62.0,,0.0,0.0,3,11,10,58.9,0.0,SAME,1.0
DPNB,2022-11-14,58.9,58.9,58.9,58.9,62.0,62.0,0.0,0.0,0.0,0.0,0.0,0.0,0.0,0.0,58.9,58.9,60.45,58.99687500000012,59.30823048840304,60.03690049048698,0.0,0.02236067977499538,0.01581138830084192,0.0,0.0,-3.1000000000000014,-0.050000000000000024,-3.1000000000000014,-0.050000000000000024,58.9,58.9,58.9,58.9,58.9,62.0,,,0.0,0,11,14,58.9,0.0,SAME,1.0
DPNB,2022-11-16,58.9,58.9,58.9,58.9,58.9,62.0,0.0,0.0,0.0,0.0,0.0,0.0,0.0,0.0,58.9,58.9,60.14,58.948437500000054,59.172153658935365,59.83019131039843,0.0,0.0,0.01581138830084192,0.0,0.0,0.0,0.0,-3.1000000000000014,-0.050000000000000024,58.9,58.9,58.9,58.9,58.9,62.0,,,0.0,2,11,16,58.9,0.0,SAME,1.0
DPNB,2022-11-17,58.9,58.9,58.9,58.9,58.9,62.0,0.0,0.0,0.0,0.0,0.0,0.0,0.0,0.0,58.9,58.9,59.83,58.92421875000002,59.08143577262358,59.661065617598716,0.0,0.0,0.01581138830084192,0.0,0.0,0.0,0.0,-3.1000000000000014,-0.050000000000000024,58.9,58.9,58.9,58.9,58.9,62.0,,,0.0,3,11,17,58.9,0.0,SAME,1.0
DPNB,2022-11-18,58.9,58.9,58.9,58.9,58.9,62.0,0.0,0.0,0.0,0.0,0.0,0.0,0.0,0.0,58.9,58.9,59.519999999999996,58.912109375000014,59.020957181749054,59.522690050762584,0.0,0.0,0.01581138830084192,0.0,0.0,0.0,0.0,-3.1000000000000014,-0.050000000000000024,58.9,58.9,58.9,58.9,58.9,62.0,,,0.0,4,11,18,58.9,0.0,SAME,1.0
DPNB,2022-11-21,58.9,58.9,58.9,58.9,58.9,62.0,0.0,0.0,0.0,0.0,0.0,0.0,0.0,0.0,58.9,58.9,59.21,58.9060546875,58.98063812116604,59.409473677896656,0.0,0.0,0.01581138830084192,0.0,0.0,0.0,0.0,-3.1000000000000014,-0.050000000000000024,58.9,58.9,58.9,58.9,58.9,62.0,,,0.0,0,11,21,58.9,0.0,SAME,1.0
DPNB,2022-11-22,58.9,58.9,58.9,58.9,58.9,62.0,0.0,0.0,0.0,0.0,0.0,0.0,0.0,0.0,58.9,58.9,58.9,58.90302734375,58.95375874744403,59.31684210009726,0.0,0.0,0.01581138830084192,0.0,0.0,0.0,0.0,-3.1000000000000014,-0.050000000000000024,58.9,58.9,58.9,58.9,58.9,58.9,,,,1,11,22,58.9,0.0,SAME,1.0
DPNB,2022-11-23,58.9,58.9,58.9,58.9,58.9,58.9,0.0,0.0,0.0,0.0,0.0,0.0,0.0,0.0,58.9,58.9,58.9,58.901513671874994,58.93583916496269,59.2410526273523,0.0,0.0,0.0,0.0,0.0,0.0,0.0,0.0,0.0,58.9,58.9,58.9,58.9,58.9,58.9,,,,2,11,23,58.9,0.0,SAME,1.0
DPNB,2022-11-24,58.9,58.9,58.9,58.9,58.9,58.9,0.0,0.0,0.0,0.0,0.0,0.0,0.0,0.0,58.9,58.9,58.9,58.9007568359375,58.92389277664179,59.17904305874279,0.0,0.0,0.0,0.0,0.0,0.0,0.0,0.0,0.0,58.9,58.9,58.9,58.9,58.9,58.9,,,,3,11,24,58.9,0.0,SAME,1.0
DPNB,2022-11-25,58.9,58.9,58.9,58.9,58.9,58.9,0.0,0.0,0.0,0.0,0.0,0.0,0.0,0.0,58.9,58.9,58.9,58.90037841796875,58.9159285177612,59.12830795715319,0.0,0.0,0.0,0.0,0.0,0.0,0.0,0.0,0.0,58.9,58.9,58.9,58.9,58.9,58.9,,,,4,11,25,58.9,0.0,SAME,1.0
DPNB,2022-11-28,58.9,58.9,58.9,58.9,58.9,58.9,0.0,0.0,0.0,0.0,0.0,0.0,0.0,0.0,58.9,58.9,58.9,58.90018920898437,58.91061901184081,59.086797419488974,0.0,0.0,0.0,0.0,0.0,0.0,0.0,0.0,0.0,58.9,58.9,58.9,58.9,58.9,58.9,,,,0,11,28,58.9,0.0,SAME,1.0
DPNB,2022-11-29,58.9,58.9,58.9,58.9,58.9,58.9,0.0,0.0,0.0,0.0,0.0,0.0,0.0,0.0,58.9,58.9,58.9,58.90009460449218,58.90707934122721,59.05283425230916,0.0,0.0,0.0,0.0,0.0,0.0,0.0,0.0,0.0,58.9,58.9,58.9,58.9,58.9,58.9,,,,1,11,29,58.9,0.0,SAME,1.0
DPNB,2022-11-30,58.9,58.9,58.9,58.9,58.9,58.9,0.0,0.0,0.0,0.0,0.0,0.0,0.0,0.0,58.9,58.9,58.9,58.900047302246094,58.904719560818144,59.025046206434766,0.0,0.0,0.0,0.0,0.0,0.0,0.0,0.0,0.0,58.9,58.9,58.9,58.9,58.9,58.9,,,,2,11,30,58.9,0.0,SAME,1.0
DPNB,2022-12-01,58.9,58.9,58.9,58.9,58.9,58.9,0.0,0.0,0.0,0.0,0.0,0.0,0.0,0.0,58.9,58.9,58.9,58.90002365112305,58.90314637387877,59.002310532537535,0.0,0.0,0.0,0.0,0.0,0.0,0.0,0.0,0.0,58.9,58.9,58.9,58.9,58.9,58.9,,,,3,12,1,58.9,0.0,SAME,1.0
DPNB,2022-12-02,58.9,58.9,58.9,58.9,58.9,58.9,0.0,0.0,0.0,0.0,0.0,0.0,0.0,0.0,58.9,58.9,58.9,58.90001182556152,58.90209758258585,58.98370861753071,0.0,0.0,0.0,0.0,0.0,0.0,0.0,0.0,0.0,58.9,58.9,58.9,58.9,58.9,58.9,,,,4,12,2,58.9,0.0,SAME,1.0
DPNB,2022-12-05,58.9,58.9,58.9,58.9,58.9,58.9,0.0,0.0,0.0,0.0,0.0,0.0,0.0,0.0,58.9,58.9,58.9,58.900005912780756,58.901398388390575,58.96848886888876,0.0,0.0,0.0,0.0,0.0,0.0,0.0,0.0,0.0,58.9,58.9,58.9,58.9,58.9,58.9,,,,0,12,5,58.9,0.0,SAME,1.0
DPNB,2022-12-06,58.9,58.9,58.9,58.9,58.9,58.9,0.0,0.0,0.0,0.0,0.0,0.0,0.0,0.0,58.9,58.9,58.9,58.90000295639038,58.90093225892706,58.95603634727262,0.0,0.0,0.0,0.0,0.0,0.0,0.0,0.0,0.0,58.9,58.9,58.9,58.9,58.9,58.9,,,,1,12,6,58.9,0.0,SAME,1.0
DPNB,2022-12-07,58.9,58.9,58.9,58.9,58.9,58.9,0.0,0.0,0.0,0.0,0.0,0.0,0.0,0.0,58.9,58.9,58.9,58.90000147819519,58.90062150595138,58.94584792049578,0.0,0.0,0.0,0.0,0.0,0.0,0.0,0.0,0.0,58.9,58.9,58.9,58.9,58.9,58.9,,,,2,12,7,58.9,0.0,SAME,1.0
DPNB,2022-12-08,58.9,58.9,58.9,58.9,58.9,58.9,0.0,0.0,0.0,0.0,0.0,0.0,0.0,0.0,58.9,58.9,58.9,58.90000073909759,58.90041433730092,58.93751193495109,0.0,0.0,0.0,0.0,0.0,0.0,0.0,0.0,0.0,58.9,58.9,58.9,58.9,58.9,58.9,,,,3,12,8,58.9,0.0,SAME,1.0
DPNB,2022-12-09,58.9,58.9,58.9,58.9,58.9,58.9,0.0,0.0,0.0,0.0,0.0,0.0,0.0,0.0,58.9,58.9,58.9,58.90000036954879,58.900276224867284,58.9306915831418,0.0,0.0,0.0,0.0,0.0,0.0,0.0,0.0,0.0,58.9,58.9,58.9,58.9,58.9,58.9,,,,4,12,9,58.9,0.0,SAME,1.0
DPNB,2022-12-12,58.9,58.9,58.9,58.9,58.9,58.9,0.0,0.0,0.0,0.0,0.0,0.0,0.0,0.0,58.9,58.9,58.9,58.9000001847744,58.900184149911524,58.92511129529783,0.0,0.0,0.0,0.0,0.0,0.0,0.0,0.0,0.0,58.9,58.9,58.9,58.9,58.9,58.9,,,,0,12,12,58.9,0.0,SAME,1.0
DPNB,2022-12-13,58.9,58.9,58.9,58.9,58.9,58.9,0.0,0.0,0.0,0.0,0.0,0.0,0.0,0.0,58.9,58.9,58.9,58.9000000923872,58.90012276660769,58.92054560524368,0.0,0.0,0.0,0.0,0.0,0.0,0.0,0.0,0.0,58.9,58.9,58.9,58.9,58.9,58.9,,,,1,12,13,58.9,0.0,SAME,1.0
DPNB,2022-12-14,58.9,58.9,58.9,58.9,58.9,58.9,0.0,0.0,0.0,0.0,0.0,0.0,0.0,0.0,58.9,58.9,58.9,58.9000000461936,58.90008184440513,58.91681004065392,0.0,0.0,0.0,0.0,0.0,0.0,0.0,0.0,0.0,58.9,58.9,58.9,58.9,58.9,58.9,,,,2,12,14,58.9,0.0,SAME,1.0
DPNB,2022-12-15,58.9,58.9,58.9,58.9,58.9,58.9,0.0,0.0,0.0,0.0,0.0,0.0,0.0,0.0,58.9,58.9,58.9,58.900000023096794,58.90005456293676,58.91375366962593,0.0,0.0,0.0,0.0,0.0,0.0,0.0,0.0,0.0,58.9,58.9,58.9,58.9,58.9,58.9,,,,3,12,15,58.9,0.0,SAME,1.0
DPNB,2022-12-16,58.9,58.9,58.9,58.9,58.9,58.9,0.0,0.0,0.0,0.0,0.0,0.0,0.0,0.0,58.9,58.9,58.9,58.9000000115484,58.90003637529118,58.91125300242122,0.0,0.0,0.0,0.0,0.0,0.0,0.0,0.0,0.0,58.9,58.9,58.9,58.9,58.9,58.9,,,,4,12,16,58.9,0.0,SAME,1.0
DPNB,2022-12-19,58.9,58.9,58.9,58.9,58.9,58.9,0.0,0.0,0.0,0.0,0.0,0.0,0.0,0.0,58.9,58.9,58.9,58.9000000057742,58.90002425019412,58.909207001980995,0.0,0.0,0.0,0.0,0.0,0.0,0.0,0.0,0.0,58.9,58.9,58.9,58.9,58.9,58.9,,,,0,12,19,58.9,0.0,SAME,1.0
DPNB,2022-12-20,58.9,58.9,58.9,58.9,58.9,58.9,0.0,0.0,0.0,0.0,0.0,0.0,0.0,0.0,58.9,58.9,58.9,58.9000000028871,58.900016166796085,58.90753300162081,0.0,0.0,0.0,0.0,0.0,0.0,0.0,0.0,0.0,58.9,58.9,58.9,58.9,58.9,58.9,,,,1,12,20,58.9,0.0,SAME,1.0
DPNB,2022-12-21,58.9,58.9,58.9,58.9,58.9,58.9,0.0,0.0,0.0,0.0,0.0,0.0,0.0,0.0,58.9,58.9,58.9,58.900000001443544,58.90001077786406,58.90616336496248,0.0,0.0,0.0,0.0,0.0,0.0,0.0,0.0,0.0,58.9,58.9,58.9,58.9,58.9,58.9,,,,2,12,21,58.9,0.0,SAME,1.0
DPNB,2022-12-22,58.9,58.9,58.9,58.9,58.9,58.9,0.0,0.0,0.0,0.0,0.0,0.0,0.0,0.0,58.9,58.9,58.9,58.900000000721775,58.900007185242714,58.90504275315112,0.0,0.0,0.0,0.0,0.0,0.0,0.0,0.0,0.0,58.9,58.9,58.9,58.9,58.9,58.9,,,,3,12,22,58.9,0.0,SAME,1.0
DPNB,2022-12-23,58.9,58.9,58.9,58.9,58.9,58.9,0.0,0.0,0.0,0.0,0.0,0.0,0.0,0.0,58.9,58.9,58.9,58.90000000036089,58.900004790161816,58.90412588894183,0.0,0.0,0.0,0.0,0.0,0.0,0.0,0.0,0.0,58.9,58.9,58.9,58.9,58.9,58.9,,,,4,12,23,58.9,0.0,SAME,1.0
DPNB,2022-12-26,58.9,58.9,58.9,58.9,58.9,58.9,0.0,0.0,0.0,0.0,0.0,0.0,0.0,0.0,58.9,58.9,58.9,58.90000000018044,58.900003193441215,58.90337572731604,0.0,0.0,0.0,0.0,0.0,0.0,0.0,0.0,0.0,58.9,58.9,58.9,58.9,58.9,58.9,,,,0,12,26,58.9,0.0,SAME,1.0
DPNB,2022-12-27,58.9,58.9,58.9,58.9,58.9,58.9,0.0,0.0,0.0,0.0,0.0,0.0,0.0,0.0,58.9,58.9,58.9,58.900000000090216,58.900002128960814,58.90276195871312,0.0,0.0,0.0,0.0,0.0,0.0,0.0,0.0,0.0,58.9,58.9,58.9,58.9,58.9,58.9,,,,1,12,27,58.9,0.0,SAME,1.0
DPNB,2022-12-28,58.9,58.9,58.9,58.9,58.9,58.9,0.0,0.0,0.0,0.0,0.0,0.0,0.0,0.0,58.9,58.9,58.9,58.90000000004511,58.900001419307216,58.90225978440164,0.0,0.0,0.0,0.0,0.0,0.0,0.0,0.0,0.0,58.9,58.9,58.9,58.9,58.9,58.9,,,,2,12,28,58.9,0.0,SAME,1.0
DPNB,2022-12-29,58.9,58.9,58.9,58.9,58.9,58.9,0.0,0.0,0.0,0.0,0.0,0.0,0.0,0.0,58.9,58.9,58.9,58.90000000002256,58.90000094620481,58.90184891451043,0.0,0.0,0.0,0.0,0.0,0.0,0.0,0.0,0.0,58.9,58.9,58.9,58.9,58.9,58.9,,,,3,12,29,58.9,0.0,SAME,1.0
DPNB,2022-12-30,58.9,58.9,58.9,58.9,58.9,58.9,0.0,0.0,0.0,0.0,0.0,0.0,0.0,0.0,58.9,58.9,58.9,58.900000000011275,58.90000063080321,58.9015127482358,0.0,0.0,0.0,0.0,0.0,0.0,0.0,0.0,0.0,58.9,58.9,58.9,58.9,58.9,58.9,,,,4,12,30,58.9,0.0,SAME,1.0
DPNB,2023-01-03,58.9,58.9,58.9,58.9,58.9,58.9,0.0,0.0,0.0,0.0,0.0,0.0,0.0,0.0,58.9,58.9,58.9,58.90000000000563,58.90000042053548,58.90123770310202,0.0,0.0,0.0,0.0,0.0,0.0,0.0,0.0,0.0,58.9,58.9,58.9,58.9,58.9,58.9,,,,1,1,3,58.9,0.0,SAME,1.0
DPNB,2023-01-04,58.9,58.9,58.9,58.9,58.9,58.9,0.0,0.0,0.0,0.0,0.0,0.0,0.0,0.0,58.9,58.9,58.9,58.90000000000282,58.90000028035699,58.901012666174374,0.0,0.0,0.0,0.0,0.0,0.0,0.0,0.0,0.0,58.9,58.9,58.9,58.9,58.9,58.9,,,,2,1,4,58.9,0.0,SAME,1.0
DPNB,2023-01-05,58.9,58.9,58.9,58.9,58.9,58.9,0.0,0.0,0.0,0.0,0.0,0.0,0.0,0.0,58.9,58.9,58.9,58.90000000000141,58.90000018690466,58.90082854505176,0.0,0.0,0.0,0.0,0.0,0.0,0.0,0.0,0.0,58.9,58.9,58.9,58.9,58.9,58.9,,,,3,1,5,58.9,0.0,SAME,1.0
DPNB,2023-01-06,58.9,58.9,58.9,58.9,58.9,58.9,0.0,0.0,0.0,0.0,0.0,0.0,0.0,0.0,58.9,58.9,58.9,58.9000000000007,58.90000012460311,58.900677900496895,0.0,0.0,0.0,0.0,0.0,0.0,0.0,0.0,0.0,58.9,58.9,58.9,58.9,58.9,58.9,,,,4,1,6,58.9,0.0,SAME,1.0
DPNB,2023-01-09,58.9,58.9,58.9,58.9,58.9,58.9,0.0,0.0,0.0,0.0,0.0,0.0,0.0,0.0,58.9,58.9,58.9,58.90000000000035,58.90000008306875,58.90055464586109,0.0,0.0,0.0,0.0,0.0,0.0,0.0,0.0,0.0,58.9,58.9,58.9,58.9,58.9,58.9,,,,0,1,9,58.9,0.0,SAME,1.0
DPNB,2023-01-10,58.9,58.9,58.9,58.9,58.9,58.9,0.0,0.0,0.0,0.0,0.0,0.0,0.0,0.0,58.9,58.9,58.9,58.900000000000176,58.90000005537917,58.900453801159074,0.0,0.0,0.0,0.0,0.0,0.0,0.0,0.0,0.0,58.9,58.9,58.9,58.9,58.9,58.9,,,,1,1,10,58.9,0.0,SAME,1.0
DPNB,2023-01-11,58.9,58.9,58.9,58.9,58.9,58.9,0.0,0.0,0.0,0.0,0.0,0.0,0.0,0.0,58.9,58.9,58.9,58.90000000000009,58.90000003691945,58.900371291857425,0.0,0.0,0.0,0.0,0.0,0.0,0.0,0.0,0.0,58.9,58.9,58.9,58.9,58.9,58.9,,,,2,1,11,58.9,0.0,SAME,1.0
DPNB,2023-01-12,58.9,58.9,58.9,58.9,58.9,58.9,0.0,0.0,0.0,0.0,0.0,0.0,0.0,0.0,58.9,58.9,58.9,58.90000000000005,58.90000002461297,58.90030378424698,0.0,0.0,0.0,0.0,0.0,0.0,0.0,0.0,0.0,58.9,58.9,58.9,58.9,58.9,58.9,,,,3,1,12,58.9,0.0,SAME,1.0
DPNB,2023-01-13,58.9,58.9,58.9,58.9,58.9,58.9,0.0,0.0,0.0,0.0,0.0,0.0,0.0,0.0,58.9,58.9,58.9,58.90000000000002,58.900000016408654,58.90024855074753,0.0,0.0,0.0,0.0,0.0,0.0,0.0,0.0,0.0,58.9,58.9,58.9,58.9,58.9,58.9,,,,4,1,13,58.9,0.0,SAME,1.0
DPNB,2023-01-16,58.9,58.9,58.9,58.9,58.9,58.9,0.0,0.0,0.0,0.0,0.0,0.0,0.0,0.0,58.9,58.9,58.9,58.900000000000006,58.90000001093911,58.90020335970252,0.0,0.0,0.0,0.0,0.0,0.0,0.0,0.0,0.0,58.9,58.9,58.9,58.9,58.9,58.9,,,,0,1,16,58.9,0.0,SAME,1.0
DPNB,2023-01-17,58.9,58.9,58.9,58.9,58.9,58.9,0.0,0.0,0.0,0.0,0.0,0.0,0.0,0.0,58.9,58.9,58.9,58.900000000000006,58.900000007292746,58.90016638521115,0.0,0.0,0.0,0.0,0.0,0.0,0.0,0.0,0.0,58.9,58.9,58.9,58.9,58.9,58.9,,,,1,1,17,58.9,0.0,SAME,1.0
DPNB,2023-01-18,58.9,58.9,58.9,58.9,58.9,58.9,0.0,0.0,0.0,0.0,0.0,0.0,0.0,0.0,58.9,58.9,58.9,58.900000000000006,58.90000000486184,58.90013613335458,0.0,0.0,0.0,0.0,0.0,0.0,0.0,0.0,0.0,58.9,58.9,58.9,58.9,58.9,58.9,,,,2,1,18,58.9,0.0,SAME,1.0
DPNB,2023-01-19,58.9,58.9,58.9,58.9,58.9,58.9,0.0,0.0,0.0,0.0,0.0,0.0,0.0,0.0,58.9,58.9,58.9,58.900000000000006,58.90000000324123,58.900111381835565,0.0,0.0,0.0,0.0,0.0,0.0,0.0,0.0,0.0,58.9,58.9,58.9,58.9,58.9,58.9,,,,3,1,19,58.9,0.0,SAME,1.0
DPNB,2023-01-20,58.9,58.9,58.9,58.9,58.9,58.9,0.0,0.0,0.0,0.0,0.0,0.0,0.0,0.0,58.9,58.9,58.9,58.900000000000006,58.90000000216082,58.900091130592735,0.0,0.0,0.0,0.0,0.0,0.0,0.0,0.0,0.0,58.9,58.9,58.9,58.9,58.9,58.9,,,,4,1,20,58.9,0.0,SAME,1.0
DPNB,2023-01-23,58.9,58.9,58.9,58.9,58.9,58.9,0.0,0.0,0.0,0.0,0.0,0.0,0.0,0.0,58.9,58.9,58.9,58.900000000000006,58.90000000144055,58.90007456139406,0.0,0.0,0.0,0.0,0.0,0.0,0.0,0.0,0.0,58.9,58.9,58.9,58.9,58.9,58.9,,,,0,1,23,58.9,0.0,SAME,1.0
DPNB,2023-01-24,58.9,58.9,58.9,58.9,58.9,58.9,0.0,0.0,0.0,0.0,0.0,0.0,0.0,0.0,58.9,58.9,58.9,58.900000000000006,58.900000000960375,58.90006100477695,0.0,0.0,0.0,0.0,0.0,0.0,0.0,0.0,0.0,58.9,58.9,58.9,58.9,58.9,58.9,,,,1,1,24,58.9,0.0,SAME,1.0
DPNB,2023-01-25,58.9,58.9,58.9,58.9,58.9,58.9,0.0,0.0,0.0,0.0,0.0,0.0,0.0,0.0,58.9,58.9,58.9,58.900000000000006,58.900000000640254,58.90004991299932,0.0,0.0,0.0,0.0,0.0,0.0,0.0,0.0,0.0,58.9,58.9,58.9,58.9,58.9,58.9,,,,2,1,25,58.9,0.0,SAME,1.0
DPNB,2023-01-26,58.9,58.9,58.9,58.9,58.9,58.9,0.0,0.0,0.0,0.0,0.0,0.0,0.0,0.0,58.9,58.9,58.9,58.900000000000006,58.90000000042684,58.900040837908534,0.0,0.0,0.0,0.0,0.0,0.0,0.0,0.0,0.0,58.9,58.9,58.9,58.9,58.9,58.9,,,,3,1,26,58.9,0.0,SAME,1.0
DPNB,2023-01-27,58.9,58.9,58.9,58.9,58.9,58.9,0.0,0.0,0.0,0.0,0.0,0.0,0.0,0.0,58.9,58.9,58.9,58.900000000000006,58.900000000284564,58.900033412834254,0.0,0.0,0.0,0.0,0.0,0.0,0.0,0.0,0.0,58.9,58.9,58.9,58.9,58.9,58.9,,,,4,1,27,58.9,0.0,SAME,1.0
DPNB,2023-01-30,58.9,58.9,58.9,58.9,58.9,58.9,0.0,0.0,0.0,0.0,0.0,0.0,0.0,0.0,58.9,58.9,58.9,58.900000000000006,58.90000000018971,58.90002733777348,0.0,0.0,0.0,0.0,0.0,0.0,0.0,0.0,0.0,58.9,58.9,58.9,58.9,58.9,58.9,,,,0,1,30,58.9,0.0,SAME,1.0
DPNB,2023-01-31,58.9,58.9,58.9,58.9,58.9,58.9,0.0,0.0,0.0,0.0,0.0,0.0,0.0,0.0,58.9,58.9,58.9,58.900000000000006,58.90000000012648,58.90002236726921,0.0,0.0,0.0,0.0,0.0,0.0,0.0,0.0,0.0,58.9,58.9,58.9,58.9,58.9,58.9,,,,1,1,31,58.9,0.0,SAME,1.0
DPNB,2023-02-01,58.9,58.9,58.9,58.9,58.9,58.9,0.0,0.0,0.0,0.0,0.0,0.0,0.0,0.0,58.9,58.9,58.9,58.900000000000006,58.900000000084326,58.90001830049299,0.0,0.0,0.0,0.0,0.0,0.0,0.0,0.0,0.0,58.9,58.9,58.9,58.9,58.9,58.9,,,,2,2,1,58.9,0.0,SAME,1.0
DPNB,2023-02-02,58.9,58.9,58.9,58.9,58.9,58.9,0.0,0.0,0.0,0.0,0.0,0.0,0.0,0.0,58.9,58.9,58.9,58.900000000000006,58.900000000056224,58.900014973130624,0.0,0.0,0.0,0.0,0.0,0.0,0.0,0.0,0.0,58.9,58.9,58.9,58.9,58.9,58.9,,,,3,2,2,58.9,0.0,SAME,1.0
DPNB,2023-02-03,58.9,58.9,58.9,58.9,58.9,58.9,0.0,0.0,0.0,0.0,0.0,0.0,0.0,0.0,58.9,58.9,58.9,58.900000000000006,58.90000000003749,58.90001225074324,0.0,0.0,0.0,0.0,0.0,0.0,0.0,0.0,0.0,58.9,58.9,58.9,58.9,58.9,58.9,,,,4,2,3,58.9,0.0,SAME,1.0
DPNB,2023-02-06,58.9,58.9,58.9,58.9,58.9,58.9,0.0,0.0,0.0,0.0,0.0,0.0,0.0,0.0,58.9,58.9,58.9,58.900000000000006,58.900000000024995,58.900010023335376,0.0,0.0,0.0,0.0,0.0,0.0,0.0,0.0,0.0,58.9,58.9,58.9,58.9,58.9,58.9,,,,0,2,6,58.9,0.0,SAME,1.0
DPNB,2023-02-07,58.9,58.9,58.9,58.9,58.9,58.9,0.0,0.0,0.0,0.0,0.0,0.0,0.0,0.0,58.9,58.9,58.9,58.900000000000006,58.90000000001667,58.90000820091076,0.0,0.0,0.0,0.0,0.0,0.0,0.0,0.0,0.0,58.9,58.9,58.9,58.9,58.9,58.9,,,,1,2,7,58.9,0.0,SAME,1.0
DPNB,2023-02-08,58.9,58.9,58.9,58.9,58.9,58.9,0.0,0.0,0.0,0.0,0.0,0.0,0.0,0.0,58.9,58.9,58.9,58.900000000000006,58.90000000001112,58.90000670983608,0.0,0.0,0.0,0.0,0.0,0.0,0.0,0.0,0.0,58.9,58.9,58.9,58.9,58.9,58.9,,,,2,2,8,58.9,0.0,SAME,1.0
DPNB,2023-02-09,58.9,58.9,58.9,58.9,58.9,58.9,0.0,0.0,0.0,0.0,0.0,0.0,0.0,0.0,58.9,58.9,58.9,58.900000000000006,58.90000000000742,58.900005489865876,0.0,0.0,0.0,0.0,0.0,0.0,0.0,0.0,0.0,58.9,58.9,58.9,58.9,58.9,58.9,,,,3,2,9,58.9,0.0,SAME,1.0
DPNB,2023-02-10,58.9,58.9,58.9,58.9,58.9,58.9,0.0,0.0,0.0,0.0,0.0,0.0,0.0,0.0,58.9,58.9,58.9,58.900000000000006,58.90000000000495,58.900004491708444,0.0,0.0,0.0,0.0,0.0,0.0,0.0,0.0,0.0,58.9,58.9,58.9,58.9,58.9,58.9,,,,4,2,10,58.9,0.0,SAME,1.0
DPNB,2023-02-13,58.9,58.9,58.9,58.9,58.9,58.9,0.0,0.0,0.0,0.0,0.0,0.0,0.0,0.0,58.9,58.9,58.9,58.900000000000006,58.9000000000033,58.90000367503418,0.0,0.0,0.0,0.0,0.0,0.0,0.0,0.0,0.0,58.9,58.9,58.9,58.9,58.9,58.9,,,,0,2,13,58.9,0.0,SAME,1.0
DPNB,2023-02-14,58.9,58.9,58.9,58.9,58.9,58.9,0.0,0.0,0.0,0.0,0.0,0.0,0.0,0.0,58.9,58.9,58.9,58.900000000000006,58.90000000000221,58.90000300684614,0.0,0.0,0.0,0.0,0.0,0.0,0.0,0.0,0.0,58.9,58.9,58.9,58.9,58.9,58.9,,,,1,2,14,58.9,0.0,SAME,1.0
DPNB,2023-02-15,58.9,58.9,58.9,58.9,58.9,58.9,0.0,0.0,0.0,0.0,0.0,0.0,0.0,0.0,58.9,58.9,58.9,58.900000000000006,58.90000000000148,58.900002460146844,0.0,0.0,0.0,0.0,0.0,0.0,0.0,0.0,0.0,58.9,58.9,58.9,58.9,58.9,58.9,,,,2,2,15,58.9,0.0,SAME,1.0
DPNB,2023-02-16,58.9,58.9,58.9,58.9,58.9,58.9,0.0,0.0,0.0,0.0,0.0,0.0,0.0,0.0,58.9,58.9,58.9,58.900000000000006,58.900000000000986,58.900002012847416,0.0,0.0,0.0,0.0,0.0,0.0,0.0,0.0,0.0,58.9,58.9,58.9,58.9,58.9,58.9,,,,3,2,16,58.9,0.0,SAME,1.0
DPNB,2023-02-17,58.9,58.9,58.9,58.9,58.9,58.9,0.0,0.0,0.0,0.0,0.0,0.0,0.0,0.0,58.9,58.9,58.9,58.900000000000006,58.90000000000066,58.900001646875154,0.0,0.0,0.0,0.0,0.0,0.0,0.0,0.0,0.0,58.9,58.9,58.9,58.9,58.9,58.9,,,,4,2,17,58.9,0.0,SAME,1.0
DPNB,2023-02-20,58.9,58.9,58.9,58.9,58.9,58.9,0.0,0.0,0.0,0.0,0.0,0.0,0.0,0.0,58.9,58.9,58.9,58.900000000000006,58.900000000000446,58.90000134744331,0.0,0.0,0.0,0.0,0.0,0.0,0.0,0.0,0.0,58.9,58.9,58.9,58.9,58.9,58.9,,,,0,2,20,58.9,0.0,SAME,1.0
DPNB,2023-02-24,58.9,58.9,58.9,58.9,58.9,58.9,0.0,0.0,0.0,0.0,0.0,0.0,0.0,0.0,58.9,58.9,58.9,58.900000000000006,58.900000000000304,58.900001102453615,0.0,0.0,0.0,0.0,0.0,0.0,0.0,0.0,0.0,58.9,58.9,58.9,58.9,58.9,58.9,,,,4,2,24,58.9,0.0,SAME,1.0
DPNB,2023-02-27,58.9,58.9,58.9,58.9,58.9,58.9,0.0,0.0,0.0,0.0,0.0,0.0,0.0,0.0,58.9,58.9,58.9,58.900000000000006,58.900000000000205,58.9000009020075,0.0,0.0,0.0,0.0,0.0,0.0,0.0,0.0,0.0,58.9,58.9,58.9,58.9,58.9,58.9,,,,0,2,27,58.9,0.0,SAME,1.0
DPNB,2023-02-28,58.9,58.9,58.9,58.9,58.9,58.9,0.0,0.0,0.0,0.0,0.0,0.0,0.0,0.0,58.9,58.9,58.9,58.900000000000006,58.90000000000014,58.900000738006135,0.0,0.0,0.0,0.0,0.0,0.0,0.0,0.0,0.0,58.9,58.9,58.9,58.9,58.9,58.9,,,,1,2,28,58.9,0.0,SAME,1.0
DPNB,2023-03-01,58.9,58.9,58.9,58.9,58.9,58.9,0.0,0.0,0.0,0.0,0.0,0.0,0.0,0.0,58.9,58.9,58.9,58.900000000000006,58.9000000000001,58.9000006038232,0.0,0.0,0.0,0.0,0.0,0.0,0.0,0.0,0.0,58.9,58.9,58.9,58.9,58.9,58.9,,,,2,3,1,58.9,0.0,SAME,1.0
DPNB,2023-03-02,58.9,58.9,58.9,58.9,58.9,58.9,0.0,0.0,0.0,0.0,0.0,0.0,0.0,0.0,58.9,58.9,58.9,58.900000000000006,58.90000000000007,58.900000494037165,0.0,0.0,0.0,0.0,0.0,0.0,0.0,0.0,0.0,58.9,58.9,58.9,58.9,58.9,58.9,,,,3,3,2,58.9,0.0,SAME,1.0
DPNB,2023-03-03,58.9,58.9,58.9,58.9,58.9,58.9,0.0,0.0,0.0,0.0,0.0,0.0,0.0,0.0,58.9,58.9,58.9,58.900000000000006,58.90000000000005,58.90000040421222,0.0,0.0,0.0,0.0,0.0,0.0,0.0,0.0,0.0,58.9,58.9,58.9,58.9,58.9,58.9,,,,4,3,3,58.9,0.0,SAME,1.0
DPNB,2023-03-06,58.9,58.9,58.9,58.9,58.9,58.9,0.0,0.0,0.0,0.0,0.0,0.0,0.0,0.0,58.9,58.9,58.9,58.900000000000006,58.900000000000034,58.90000033071909,0.0,0.0,0.0,0.0,0.0,0.0,0.0,0.0,0.0,58.9,58.9,58.9,58.9,58.9,58.9,,,,0,3,6,58.9,0.0,SAME,1.0
DPNB,2023-03-07,58.9,58.9,58.9,58.9,58.9,58.9,0.0,0.0,0.0,0.0,0.0,0.0,0.0,0.0,58.9,58.9,58.9,58.900000000000006,58.90000000000003,58.90000027058834,0.0,0.0,0.0,0.0,0.0,0.0,0.0,0.0,0.0,58.9,58.9,58.9,58.9,58.9,58.9,,,,1,3,7,58.9,0.0,SAME,1.0
DPNB,2023-03-08,58.9,58.9,58.9,58.9,58.9,58.9,0.0,0.0,0.0,0.0,0.0,0.0,0.0,0.0,58.9,58.9,58.9,58.900000000000006,58.90000000000002,58.900000221390464,0.0,0.0,0.0,0.0,0.0,0.0,0.0,0.0,0.0,58.9,58.9,58.9,58.9,58.9,58.9,,,,2,3,8,58.9,0.0,SAME,1.0
DPNB,2023-03-09,58.9,58.9,58.9,58.9,58.9,58.9,0.0,0.0,0.0,0.0,0.0,0.0,0.0,0.0,58.9,58.9,58.9,58.900000000000006,58.90000000000002,58.90000018113765,0.0,0.0,0.0,0.0,0.0,0.0,0.0,0.0,0.0,58.9,58.9,58.9,58.9,58.9,58.9,,,,3,3,9,58.9,0.0,SAME,1.0
DPNB,2023-03-10,58.9,58.9,58.9,58.9,58.9,58.9,0.0,0.0,0.0,0.0,0.0,0.0,0.0,0.0,58.9,58.9,58.9,58.900000000000006,58.90000000000002,58.90000014820353,0.0,0.0,0.0,0.0,0.0,0.0,0.0,0.0,0.0,58.9,58.9,58.9,58.9,58.9,58.9,,,,4,3,10,58.9,0.0,SAME,1.0
DPNB,2023-03-13,58.9,58.9,58.9,58.9,58.9,58.9,0.0,0.0,0.0,0.0,0.0,0.0,0.0,0.0,58.9,58.9,58.9,58.900000000000006,58.90000000000002,58.900000121257435,0.0,0.0,0.0,0.0,0.0,0.0,0.0,0.0,0.0,58.9,58.9,58.9,58.9,58.9,58.9,,,,0,3,13,58.9,0.0,SAME,1.0
DPNB,2023-03-14,58.9,58.9,58.9,58.9,58.9,58.9,0.0,0.0,0.0,0.0,0.0,0.0,0.0,0.0,58.9,58.9,58.9,58.900000000000006,58.90000000000002,58.90000009921063,0.0,0.0,0.0,0.0,0.0,0.0,0.0,0.0,0.0,58.9,58.9,58.9,58.9,58.9,58.9,,,,1,3,14,58.9,0.0,SAME,1.0
DPNB,2023-03-15,58.9,58.9,58.9,58.9,58.9,58.9,0.0,0.0,0.0,0.0,0.0,0.0,0.0,0.0,58.9,58.9,58.9,58.900000000000006,58.90000000000002,58.90000008117233,0.0,0.0,0.0,0.0,0.0,0.0,0.0,0.0,0.0,58.9,58.9,58.9,58.9,58.9,58.9,,,,2,3,15,58.9,0.0,SAME,1.0
DPNB,2023-03-16,58.9,58.9,58.9,58.9,58.9,58.9,0.0,0.0,0.0,0.0,0.0,0.0,0.0,0.0,58.9,58.9,58.9,58.900000000000006,58.90000000000002,58.900000066413725,0.0,0.0,0.0,0.0,0.0,0.0,0.0,0.0,0.0,58.9,58.9,58.9,58.9,58.9,58.9,,,,3,3,16,58.9,0.0,SAME,1.0
DPNB,2023-03-17,58.9,58.9,58.9,58.9,58.9,58.9,0.0,0.0,0.0,0.0,0.0,0.0,0.0,0.0,58.9,58.9,58.9,58.900000000000006,58.90000000000002,58.9000000543385,0.0,0.0,0.0,0.0,0.0,0.0,0.0,0.0,0.0,58.9,58.9,58.9,58.9,58.9,58.9,,,,4,3,17,58.9,0.0,SAME,1.0
DPNB,2023-03-20,58.9,58.9,58.9,58.9,58.9,58.9,0.0,0.0,0.0,0.0,0.0,0.0,0.0,0.0,58.9,58.9,58.9,58.900000000000006,58.90000000000002,58.90000004445877,0.0,0.0,0.0,0.0,0.0,0.0,0.0,0.0,0.0,58.9,58.9,58.9,58.9,58.9,58.9,,,,0,3,20,58.9,0.0,SAME,1.0
DPNB,2023-03-21,58.9,58.9,58.9,58.9,58.9,58.9,0.0,0.0,0.0,0.0,0.0,0.0,0.0,0.0,58.9,58.9,58.9,58.900000000000006,58.90000000000002,58.90000003637535,0.0,0.0,0.0,0.0,0.0,0.0,0.0,0.0,0.0,58.9,58.9,58.9,58.9,58.9,58.9,,,,1,3,21,58.9,0.0,SAME,1.0
DPNB,2023-03-22,58.9,58.9,58.9,58.9,58.9,58.9,0.0,0.0,0.0,0.0,0.0,0.0,0.0,0.0,58.9,58.9,58.9,58.900000000000006,58.90000000000002,58.90000002976165,0.0,0.0,0.0,0.0,0.0,0.0,0.0,0.0,0.0,58.9,58.9,58.9,58.9,58.9,58.9,,,,2,3,22,58.9,0.0,SAME,1.0
DPNB,2023-03-23,58.9,58.9,58.9,58.9,58.9,58.9,0.0,0.0,0.0,0.0,0.0,0.0,0.0,0.0,58.9,58.9,58.9,58.900000000000006,58.90000000000002,58.90000002435044,0.0,0.0,0.0,0.0,0.0,0.0,0.0,0.0,0.0,58.9,58.9,58.9,58.9,58.9,58.9,,,,3,3,23,61.0,2.1000000000000014,UP,2.0
DPNB,2023-03-24,61.0,58.9,58.9,58.9,58.9,58.9,2.1000000000000014,2.1000000000000014,2.1000000000000014,0.035653650254668934,0.035653650254668934,0.035653650254668934,0.03503277351577023,0.03503277351577023,59.6,59.32000000000001,59.10999999999999,59.95,59.60000000000002,59.28181820174127,0.020584644572123185,0.015944797123085053,0.01127467417037961,2.1000000000000014,0.035653650254668955,2.1000000000000014,0.035653650254668955,2.1000000000000014,0.035653650254668955,58.9,61.0,58.9,61.0,58.9,61.0,1.0,1.0,1.0,4,3,24,61.0,0.0,SAME,1.0
DPNB,2023-03-27,61.0,61.0,58.9,58.9,58.9,58.9,0.0,2.1000000000000014,2.1000000000000014,0.0,0.035653650254668934,0.035653650254668934,0.0,0.03503277351577023,60.300000000000004,59.739999999999995,59.31999999999999,60.475,60.06666666666669,59.59421489233376,0.020584644572123185,0.015944797123085053,0.01127467417037961,2.1000000000000014,0.035653650254668955,2.1000000000000014,0.035653650254668955,2.1000000000000014,0.035653650254668955,58.9,61.0,58.9,61.0,58.9,61.0,1.0,1.0,1.0,0,3,27,61.85,0.8500000000000014,UP,2.0
DPNB,2023-03-28,61.85,61.0,61.0,58.9,58.9,58.9,0.8500000000000014,0.8500000000000014,2.950000000000003,0.013934426229508245,0.013934426229508245,0.05008488964346358,0.013838234665185705,0.013838234665185705,61.28333333333334,60.33,59.614999999999995,61.1625,60.66111111111113,60.00435763918216,0.01796791447313012,0.015600925813451785,0.011640223737291296,2.950000000000003,0.05008488964346355,2.950000000000003,0.05008488964346355,2.950000000000003,0.05008488964346355,61.0,61.85,58.9,61.85,58.9,61.85,1.0,1.0,1.0,1,3,28,61.85,0.0,SAME,1.0
DPNB,2023-03-29,61.85,61.85,61.0,61.0,58.9,58.9,0.0,0.8500000000000014,0.8500000000000014,0.0,0.013934426229508245,0.013934426229508245,0.0,0.013838234665185705,61.56666666666667,60.92,59.910000000000004,61.50625,61.057407407407425,60.33992897751267,0.008045044734602682,0.015600925813451785,0.011640223737291296,0.8500000000000014,0.01393442622950822,2.950000000000003,0.05008488964346355,2.950000000000003,0.05008488964346355,61.0,61.85,58.9,61.85,58.9,61.85,1.0,1.0,1.0,2,3,29,62.95,1.1000000000000014,UP,2.0
DPNB,2023-03-30,62.95,61.85,61.85,61.0,58.9,58.9,1.1000000000000014,1.1000000000000014,1.9500000000000028,0.017784963621665373,0.017784963621665373,0.031967213114754145,0.01762866165185932,0.01762866165185932,62.21666666666667,61.730000000000004,60.31500000000001,62.228125000000006,61.688271604938286,60.81448734523764,0.009356813948288373,0.014780313217509096,0.012146070642811339,1.9500000000000028,0.031967213114754145,4.050000000000004,0.06876061120543302,4.050000000000004,0.06876061120543302,61.85,62.95,61.0,62.95,58.9,62.95,1.0,1.0,1.0,3,3,30,62.95,0.0,SAME,1.0
DPNB,2023-03-31,62.95,62.95,61.85,61.85,61.0,58.9,0.0,1.1000000000000014,1.1000000000000014,0.0,0.017784963621665373,0.017784963621665373,0.0,0.01762866165185932,62.58333333333334,62.120000000000005,60.71999999999999,62.589062500000004,62.10884773662553,61.202762373376245,0.010268153534490808,0.0087927417064159,0.012146070642811339,1.1000000000000014,0.01778496362166534,1.9500000000000028,0.031967213114754145,4.050000000000004,0.06876061120543302,61.85,62.95,61.0,62.95,58.9,62.95,1.0,1.0,1.0,4,3,31,65.0,2.049999999999997,UP,2.0
DPNB,2023-04-03,65.0,62.95,62.95,61.85,61.0,58.9,2.049999999999997,2.049999999999997,3.1499999999999986,0.03256552819698166,0.03256552819698166,0.05092966855295056,0.03204650940528087,0.03204650940528087,63.63333333333335,62.92,61.33,63.794531250000006,63.072565157750354,61.89316921458056,0.01630584581746067,0.013642549747260728,0.014311603005015034,3.1499999999999986,0.05092966855295066,4.0,0.06557377049180328,6.100000000000001,0.10356536502546691,62.95,65.0,61.85,65.0,58.9,65.0,1.0,1.0,1.0,0,4,3,65.0,0.0,SAME,1.0
DPNB,2023-04-04,65.0,65.0,62.95,62.95,61.85,58.9,0.0,2.049999999999997,2.049999999999997,0.0,0.03256552819698166,0.03256552819698166,0.0,0.03204650940528087,64.31666666666668,63.55,61.94,64.397265625,63.71504343850024,62.458047539202276,0.018801716470826763,0.014746051611329766,0.014311603005015034,2.049999999999997,0.032565528196981684,3.1499999999999986,0.05092966855295066,6.100000000000001,0.10356536502546691,62.95,65.0,61.85,65.0,58.9,65.0,1.0,1.0,1.0,1,4,4,65.0,0.0,SAME,1.0
DPNB,2023-04-05,65.0,65.0,65.0,62.95,61.85,58.9,0.0,0.0,2.049999999999997,0.0,0.0,0.03256552819698166,0.0,0.0,65.0,64.17999999999999,62.55,64.6986328125,64.14336229233349,62.92022071389277,0.018801716470826763,0.014746051611329766,0.014311603005015034,2.049999999999997,0.032565528196981684,3.1499999999999986,0.05092966855295066,6.100000000000001,0.10356536502546691,65.0,65.0,62.95,65.0,58.9,65.0,,1.0,1.0,2,4,5,65.0,0.0,SAME,1.0
DPNB,2023-04-06,65.0,65.0,65.0,65.0,62.95,58.9,0.0,0.0,0.0,0.0,0.0,0.0,0.0,0.0,65.0,64.59,63.160000000000004,64.84931640625,64.428908194889,63.2983624022759,0.0,0.01456374695432367,0.014311603005015034,0.0,0.0,2.049999999999997,0.032565528196981684,6.100000000000001,0.10356536502546691,65.0,65.0,62.95,65.0,61.0,65.0,,1.0,1.0,3,4,6,62.0,-3.0,DOWN,0.0
DPNB,2023-04-07,62.0,65.0,65.0,65.0,62.95,61.0,-3.0,-3.0,-3.0,-0.0461538461538461,-0.0461538461538461,-0.0461538461538461,-0.0472528848505455,-0.0472528848505455,64.00000000000001,64.4,63.260000000000005,63.424658203125,63.619272129926,63.062296510953004,0.026646935501057546,0.02807918563883881,0.020188805286613692,-3.0,-0.046153846153846156,-0.9500000000000028,-0.0150913423351867,1.0,0.01639344262295082,62.0,65.0,62.0,65.0,61.0,65.0,0.0,0.0,0.25,4,4,7,62.5,0.5,UP,2.0
DPNB,2023-04-10,62.5,62.0,65.0,65.0,65.0,61.0,0.5,-2.5,-2.5,0.008064516129032251,-0.038461538461538436,-0.038461538461538436,0.008032171697264253,-0.03922071315328127,63.16666666666668,63.9,63.410000000000004,62.9623291015625,63.24618141995067,62.960060781688824,0.029254187004669658,0.021823465139844473,0.020269242830010605,-2.5,-0.038461538461538464,-2.5,-0.038461538461538464,1.5,0.02459016393442623,62.0,65.0,62.0,65.0,61.85,65.0,0.16666666666666666,0.16666666666666666,0.206349206349206,0,4,10,59.37,-3.1300000000000026,DOWN,0.0
DPNB,2023-04-11,59.37,62.5,62.0,65.0,65.0,61.85,-3.1300000000000026,-2.6300000000000026,-5.630000000000003,-0.05008000000000001,-0.04241935483870973,-0.08661538461538465,-0.05137750845977178,-0.04334533676250756,61.29000000000001,62.774,63.162,61.16616455078125,61.954120946633786,62.3073224577454,0.03249571830395441,0.02805554394314495,0.025684003756411555,-5.630000000000003,-0.08661538461538465,-5.630000000000003,-0.08661538461538465,-2.480000000000004,-0.04009700889248188,59.37,62.5,59.37,65.0,59.37,65.0,0.0,0.0,0.0,1,4,11,59.37,0.0,SAME,1.0
DPNB,2023-04-12,59.37,59.37,62.5,62.0,65.0,61.85,0.0,-3.1300000000000026,-2.6300000000000026,0.0,-0.05008000000000001,-0.04241935483870973,0.0,-0.05137750845977178,60.413333333333334,61.648,62.914,60.268082275390626,61.092747297755864,61.77326382906442,0.03150086659197927,0.02805554394314495,0.025684003756411555,-2.6300000000000026,-0.04241935483870972,-5.630000000000003,-0.08661538461538465,-2.480000000000004,-0.04009700889248188,59.37,62.5,59.37,65.0,59.37,65.0,0.0,0.0,0.0,2,4,12,59.37,0.0,SAME,1.0
DPNB,2023-04-13,59.37,59.37,59.37,62.5,65.0,62.95,0.0,0.0,-3.1300000000000026,0.0,0.0,-0.05008000000000001,0.0,0.0,59.37,60.522000000000006,62.556,59.81904113769531,60.51849819850391,61.336306769234525,0.028913701481014558,0.02805554394314495,0.024618321280808198,-3.1300000000000026,-0.05008000000000004,-5.630000000000003,-0.08661538461538465,-3.5800000000000054,-0.056870532168387694,59.37,59.37,59.37,62.5,59.37,65.0,,0.0,0.0,3,4,13,59.37,0.0,SAME,1.0
DPNB,2023-04-14,59.37,59.37,59.37,59.37,62.0,62.95,0.0,0.0,0.0,0.0,0.0,0.0,0.0,0.0,59.37,59.996,62.198,59.594520568847656,60.13566546566928,60.97879644755552,0.0,0.0235583458853368,0.024618321280808198,0.0,0.0,-2.6300000000000026,-0.04241935483870972,-3.5800000000000054,-0.056870532168387694,59.37,59.37,59.37,62.5,59.37,65.0,,0.0,0.0,4,4,14,59.37,0.0,SAME,1.0
DPNB,2023-04-17,59.37,59.37,59.37,59.37,62.5,65.0,0.0,0.0,0.0,0.0,0.0,0.0,0.0,0.0,59.37,59.37,61.635000000000005,59.48226028442383,59.88044364377952,60.686288002545425,0.0,0.02239645686263537,0.020885500710849002,0.0,0.0,-3.1300000000000026,-0.05008000000000004,-5.630000000000003,-0.08661538461538465,59.37,59.37,59.37,59.37,59.37,65.0,,,0.0,0,4,17,59.37,0.0,SAME,1.0
DPNB,2023-04-18,59.37,59.37,59.37,59.37,59.37,65.0,0.0,0.0,0.0,0.0,0.0,0.0,0.0,0.0,59.37,59.37,61.072,59.42613014221192,59.710295762519685,60.44696291117353,0.0,0.0,0.020885500710849002,0.0,0.0,0.0,0.0,-5.630000000000003,-0.08661538461538465,59.37,59.37,59.37,59.37,59.37,65.0,,,0.0,1,4,18,60.0,0.6300000000000026,UP,2.0
DPNB,2023-04-19,60.0,59.37,59.37,59.37,59.37,65.0,0.6300000000000026,0.6300000000000026,0.6300000000000026,0.010611419909045017,0.010611419909045017,0.010611419909045017,0.010555513939516679,0.010555513939516679,59.580000000000005,59.495999999999995,60.572,59.71306507110596,59.80686384167979,60.365696927323796,0.006126506140962254,0.004745571250872222,0.021639212415124308,0.6300000000000026,0.010611419909045015,0.6300000000000026,0.010611419909045015,-5.0,-0.07692307692307693,59.37,60.0,59.37,60.0,59.37,65.0,1.0,1.0,0.11190053285968068,2,4,19,60.0,0.0,SAME,1.0
DPNB,2023-04-21,60.0,60.0,59.37,59.37,59.37,65.0,0.0,0.6300000000000026,0.6300000000000026,0.0,0.010611419909045017,0.010611419909045017,0.0,0.010555513939516679,59.79,59.622,60.072,59.85653253555298,59.871242561119864,60.299206576901284,0.006126506140962254,0.004745571250872222,0.021639212415124308,0.6300000000000026,0.010611419909045015,0.6300000000000026,0.010611419909045015,-5.0,-0.07692307692307693,59.37,60.0,59.37,60.0,59.37,62.5,1.0,1.0,0.20127795527156614,4,4,21,60.0,0.0,SAME,1.0
DPNB,2023-04-24,60.0,60.0,60.0,59.37,59.37,62.0,0.0,0.0,0.6300000000000026,0.0,0.0,0.010611419909045017,0.0,0.0,60.0,59.748000000000005,59.872,59.92826626777649,59.91416170741325,60.244805381101045,0.006126506140962254,0.004745571250872222,0.016954263736263603,0.6300000000000026,0.010611419909045015,0.6300000000000026,0.010611419909045015,-2.0,-0.03225806451612903,60.0,60.0,59.37,60.0,59.37,62.5,,1.0,0.20127795527156614,0,4,24,60.0,0.0,SAME,1.0
DPNB,2023-04-25,60.0,60.0,60.0,60.0,59.37,62.5,0.0,0.0,0.0,0.0,0.0,0.0,0.0,0.0,60.0,59.874,59.622,59.96413313388825,59.942774471608836,60.20029531180994,0.0,0.004745571250872222,0.016549023976075404,0.0,0.0,0.6300000000000026,0.010611419909045015,-2.5,-0.04,60.0,60.0,59.37,60.0,59.37,60.0,,1.0,1.0,1,4,25,60.0,0.0,SAME,1.0
DPNB,2023-04-26,60.0,60.0,60.0,60.0,59.37,59.37,0.0,0.0,0.0,0.0,0.0,0.0,0.0,0.0,60.0,60.0,59.685,59.98206656694413,59.96184964773923,60.16387798238995,0.0,0.004745571250872222,0.003355625612103884,0.0,0.0,0.6300000000000026,0.010611419909045015,0.6300000000000026,0.010611419909045015,60.0,60.0,60.0,60.0,59.37,60.0,,,1.0,2,4,26,60.0,0.0,SAME,1.0
DPNB,2023-04-27,60.0,60.0,60.0,60.0,60.0,59.37,0.0,0.0,0.0,0.0,0.0,0.0,0.0,0.0,60.0,60.0,59.748000000000005,59.99103328347206,59.974566431826155,60.13408198559178,0.0,0.0,0.003355625612103884,0.0,0.0,0.0,0.0,0.6300000000000026,0.010611419909045015,60.0,60.0,60.0,60.0,59.37,60.0,,,1.0,3,4,27,60.0,0.0,SAME,1.0
DPNB,2023-04-28,60.0,60.0,60.0,60.0,60.0,59.37,0.0,0.0,0.0,0.0,0.0,0.0,0.0,0.0,60.0,60.0,59.811,59.99551664173603,59.983044287884105,60.10970344275691,0.0,0.0,0.003355625612103884,0.0,0.0,0.0,0.0,0.6300000000000026,0.010611419909045015,60.0,60.0,60.0,60.0,59.37,60.0,,,1.0,4,4,28,60.0,0.0,SAME,1.0
DPNB,2023-05-01,60.0,60.0,60.0,60.0,60.0,59.37,0.0,0.0,0.0,0.0,0.0,0.0,0.0,0.0,60.0,60.0,59.874,59.997758320868016,59.98869619192274,60.089757362255654,0.0,0.0,0.003355625612103884,0.0,0.0,0.0,0.0,0.6300000000000026,0.010611419909045015,60.0,60.0,60.0,60.0,59.37,60.0,,,1.0,0,5,1,60.0,0.0,SAME,1.0
DPNB,2023-05-03,60.0,60.0,60.0,60.0,60.0,59.37,0.0,0.0,0.0,0.0,0.0,0.0,0.0,0.0,60.0,60.0,59.937,59.99887916043401,59.9924641279485,60.07343784184553,0.0,0.0,0.003355625612103884,0.0,0.0,0.0,0.0,0.6300000000000026,0.010611419909045015,60.0,60.0,60.0,60.0,59.37,60.0,,,1.0,2,5,3,60.0,0.0,SAME,1.0
DPNB,2023-05-04,60.0,60.0,60.0,60.0,60.0,59.37,0.0,0.0,0.0,0.0,0.0,0.0,0.0,0.0,60.0,60.0,60.0,59.999439580217,59.99497608529901,60.060085506964526,0.0,0.0,0.003355625612103884,0.0,0.0,0.0,0.0,0.6300000000000026,0.010611419909045015,60.0,60.0,60.0,60.0,60.0,60.0,,,,3,5,4,60.0,0.0,SAME,1.0
DPNB,2023-05-05,60.0,60.0,60.0,60.0,60.0,60.0,0.0,0.0,0.0,0.0,0.0,0.0,0.0,0.0,60.0,60.0,60.0,59.9997197901085,59.996650723532674,60.049160869334614,0.0,0.0,0.0,0.0,0.0,0.0,0.0,0.0,0.0,60.0,60.0,60.0,60.0,60.0,60.0,,,,4,5,5,60.0,0.0,SAME,1.0
DPNB,2023-05-08,60.0,60.0,60.0,60.0,60.0,60.0,0.0,0.0,0.0,0.0,0.0,0.0,0.0,0.0,60.0,60.0,60.0,59.99985989505425,59.99776714902179,60.04022252945559,0.0,0.0,0.0,0.0,0.0,0.0,0.0,0.0,0.0,60.0,60.0,60.0,60.0,60.0,60.0,,,,0,5,8,60.0,0.0,SAME,1.0
DPNB,2023-05-09,60.0,60.0,60.0,60.0,60.0,60.0,0.0,0.0,0.0,0.0,0.0,0.0,0.0,0.0,60.0,60.0,60.0,59.99992994752712,59.9985114326812,60.03290934228184,0.0,0.0,0.0,0.0,0.0,0.0,0.0,0.0,0.0,60.0,60.0,60.0,60.0,60.0,60.0,,,,1,5,9,60.0,0.0,SAME,1.0
DPNB,2023-05-10,60.0,60.0,60.0,60.0,60.0,60.0,0.0,0.0,0.0,0.0,0.0,0.0,0.0,0.0,60.0,60.0,60.0,59.99996497376356,59.99900762178747,60.02692582550333,0.0,0.0,0.0,0.0,0.0,0.0,0.0,0.0,0.0,60.0,60.0,60.0,60.0,60.0,60.0,,,,2,5,10,60.0,0.0,SAME,1.0
DPNB,2023-05-11,60.0,60.0,60.0,60.0,60.0,60.0,0.0,0.0,0.0,0.0,0.0,0.0,0.0,0.0,60.0,60.0,60.0,59.99998248688178,59.999338414524985,60.022030220866355,0.0,0.0,0.0,0.0,0.0,0.0,0.0,0.0,0.0,60.0,60.0,60.0,60.0,60.0,60.0,,,,3,5,11,60.0,0.0,SAME,1.0
DPNB,2023-05-12,60.0,60.0,60.0,60.0,60.0,60.0,0.0,0.0,0.0,0.0,0.0,0.0,0.0,0.0,60.0,60.0,60.0,59.99999124344089,59.99955894301666,60.018024726163375,0.0,0.0,0.0,0.0,0.0,0.0,0.0,0.0,0.0,60.0,60.0,60.0,60.0,60.0,60.0,,,,4,5,12,60.0,0.0,SAME,1.0
DPNB,2023-05-15,60.0,60.0,60.0,60.0,60.0,60.0,0.0,0.0,0.0,0.0,0.0,0.0,0.0,0.0,60.0,60.0,60.0,59.999995621720444,59.99970596201111,60.014747503224584,0.0,0.0,0.0,0.0,0.0,0.0,0.0,0.0,0.0,60.0,60.0,60.0,60.0,60.0,60.0,,,,0,5,15,60.0,0.0,SAME,1.0
DPNB,2023-05-16,60.0,60.0,60.0,60.0,60.0,60.0,0.0,0.0,0.0,0.0,0.0,0.0,0.0,0.0,60.0,60.0,60.0,59.99999781086022,59.99980397467408,60.01206613900193,0.0,0.0,0.0,0.0,0.0,0.0,0.0,0.0,0.0,60.0,60.0,60.0,60.0,60.0,60.0,,,,1,5,16,60.0,0.0,SAME,1.0
DPNB,2023-05-17,60.0,60.0,60.0,60.0,60.0,60.0,0.0,0.0,0.0,0.0,0.0,0.0,0.0,0.0,60.0,60.0,60.0,59.99999890543011,59.99986931644939,60.00987229554703,0.0,0.0,0.0,0.0,0.0,0.0,0.0,0.0,0.0,60.0,60.0,60.0,60.0,60.0,60.0,,,,2,5,17,60.0,0.0,SAME,1.0
DPNB,2023-05-18,60.0,60.0,60.0,60.0,60.0,60.0,0.0,0.0,0.0,0.0,0.0,0.0,0.0,0.0,60.0,60.0,60.0,59.99999945271506,59.99991287763293,60.00807733272029,0.0,0.0,0.0,0.0,0.0,0.0,0.0,0.0,0.0,60.0,60.0,60.0,60.0,60.0,60.0,,,,3,5,18,63.0,3.0,UP,2.0
DPNB,2023-05-19,63.0,60.0,60.0,60.0,60.0,60.0,3.0,3.0,3.0,0.050000000000000044,0.050000000000000044,0.050000000000000044,0.04879016416943205,0.04879016416943205,61.00000000000001,60.6,60.3,61.49999972635753,60.99994191842196,60.55206327222569,0.02886751345947939,0.022360679774995486,0.0158113883008419,3.0,0.05,3.0,0.05,3.0,0.05,60.0,63.0,60.0,63.0,60.0,63.0,1.0,1.0,1.0,4,5,19,63.0,0.0,SAME,1.0
DPNB,2023-05-22,63.0,63.0,60.0,60.0,60.0,60.0,0.0,3.0,3.0,0.0,0.050000000000000044,0.050000000000000044,0.0,0.04879016416943205,62.00000000000001,61.2,60.6,62.249999863178765,61.66662794561464,60.997142677275555,0.02886751345947939,0.022360679774995486,0.0158113883008419,3.0,0.05,3.0,0.05,3.0,0.05,60.0,63.0,60.0,63.0,60.0,63.0,1.0,1.0,1.0,0,5,22,64.0,1.0,UP,2.0
DPNB,2023-05-23,64.0,63.0,63.0,60.0,60.0,60.0,1.0,1.0,4.0,0.015873015873015817,0.015873015873015817,0.06666666666666665,0.015748356968139112,0.015748356968139112,63.33333333333334,62.0,61.0,63.124999931589386,62.44441863040977,61.54311673595272,0.025549310749045602,0.02170312067919764,0.01604863168582139,4.0,0.06666666666666667,4.0,0.06666666666666667,4.0,0.06666666666666667,63.0,64.0,60.0,64.0,60.0,64.0,1.0,1.0,1.0,1,5,23,64.0,0.0,SAME,1.0
DPNB,2023-05-24,64.0,64.0,63.0,63.0,60.0,60.0,0.0,1.0,1.0,0.0,0.015873015873015817,0.015873015873015817,0.0,0.015748356968139112,63.66666666666668,62.8,61.4,63.56249996579469,62.96294575360652,61.989822783961316,0.009164289987130833,0.02170312067919764,0.01604863168582139,1.0,0.015873015873015872,4.0,0.06666666666666667,4.0,0.06666666666666667,63.0,64.0,60.0,64.0,60.0,64.0,1.0,1.0,1.0,2,5,24,64.0,0.0,SAME,1.0
DPNB,2023-05-25,64.0,64.0,64.0,63.0,60.0,60.0,0.0,0.0,1.0,0.0,0.0,0.015873015873015817,0.0,0.0,64.0,63.6,61.8,63.78124998289735,63.308630502404355,62.355309550513795,0.009164289987130833,0.02170312067919764,0.01604863168582139,1.0,0.015873015873015872,4.0,0.06666666666666667,4.0,0.06666666666666667,64.0,64.0,63.0,64.0,60.0,64.0,,1.0,1.0,3,5,25,64.0,0.0,SAME,1.0
DPNB,2023-05-26,64.0,64.0,64.0,64.0,63.0,60.0,0.0,0.0,0.0,0.0,0.0,0.0,0.0,0.0,64.0,63.8,62.2,63.890624991448675,63.53908700160291,62.654344177693105,0.0,0.0070986284999915465,0.01604863168582139,0.0,0.0,1.0,0.015873015873015872,4.0,0.06666666666666667,64.0,64.0,63.0,64.0,60.0,64.0,,1.0,1.0,4,5,26,67.2,3.200000000000003,UP,2.0
DPNB,2023-05-29,67.2,64.0,64.0,64.0,63.0,60.0,3.200000000000003,3.200000000000003,3.200000000000003,0.050000000000000044,0.050000000000000044,0.050000000000000044,0.04879016416943205,0.04879016416943205,65.06666666666668,64.64,62.92,65.54531249572435,64.75939133440194,63.48082705447617,0.02886751345947939,0.02170312067919764,0.020841457221802986,3.200000000000003,0.050000000000000044,4.200000000000003,0.06666666666666671,7.200000000000003,0.12000000000000005,64.0,67.2,64.0,67.2,60.0,67.2,1.0,1.0,1.0,0,5,29,67.2,0.0,SAME,1.0
DPNB,2023-05-30,67.2,67.2,64.0,64.0,64.0,60.0,0.0,3.200000000000003,3.200000000000003,0.0,0.050000000000000044,0.050000000000000044,0.0,0.04879016416943205,66.13333333333334,65.28,63.64,66.37265624786218,65.57292755626796,64.15704031729868,0.02886751345947939,0.022360679774995486,0.020841457221802986,3.200000000000003,0.050000000000000044,3.200000000000003,0.050000000000000044,7.200000000000003,0.12000000000000005,64.0,67.2,64.0,67.2,60.0,67.2,1.0,1.0,1.0,1,5,30,67.2,0.0,SAME,1.0
DPNB,2023-05-31,67.2,67.2,67.2,64.0,64.0,60.0,0.0,0.0,3.200000000000003,0.0,0.0,0.050000000000000044,0.0,0.0,67.2,65.92,64.36,66.7863281239311,66.11528503751197,64.71030571415346,0.02886751345947939,0.022360679774995486,0.020841457221802986,3.200000000000003,0.050000000000000044,3.200000000000003,0.050000000000000044,7.200000000000003,0.12000000000000005,67.2,67.2,64.0,67.2,60.0,67.2,,1.0,1.0,2,5,31,67.2,0.0,SAME,1.0
DPNB,2023-06-01,67.2,67.2,67.2,67.2,64.0,60.0,0.0,0.0,0.0,0.0,0.0,0.0,0.0,0.0,67.2,66.56,65.08,66.99316406196556,66.47685669167464,65.16297740248919,0.0,0.022360679774995486,0.020841457221802986,0.0,0.0,3.200000000000003,0.050000000000000044,7.200000000000003,0.12000000000000005,67.2,67.2,64.0,67.2,63.0,67.2,,1.0,1.0,3,6,1,67.2,0.0,SAME,1.0
DPNB,2023-06-02,67.2,67.2,67.2,67.2,64.0,63.0,0.0,0.0,0.0,0.0,0.0,0.0,0.0,0.0,67.2,67.2,65.5,67.09658203098277,66.71790446111643,65.53334514749116,0.0,0.022360679774995486,0.01604863168582139,0.0,0.0,3.200000000000003,0.050000000000000044,4.200000000000003,0.06666666666666671,67.2,67.2,67.2,67.2,63.0,67.2,,,1.0,4,6,2,70.56,3.3599999999999994,UP,2.0
DPNB,2023-06-05,70.56,67.2,67.2,67.2,67.2,63.0,3.3599999999999994,3.3599999999999994,3.3599999999999994,0.050000000000000044,0.050000000000000044,0.050000000000000044,0.04879016416943205,0.04879016416943205,68.32000000000001,67.872,66.256,68.82829101549139,67.99860297407763,66.44728239340186,0.02886751345947939,0.022360679774995486,0.020841457221802986,3.3599999999999994,0.04999999999999999,3.3599999999999994,0.04999999999999999,7.560000000000002,0.12000000000000004,67.2,70.56,67.2,70.56,64.0,70.56,1.0,1.0,1.0,0,6,5,70.56,0.0,SAME,1.0
DPNB,2023-06-06,70.56,70.56,67.2,67.2,67.2,64.0,0.0,3.3599999999999994,3.3599999999999994,0.0,0.050000000000000044,0.050000000000000044,0.0,0.04879016416943205,69.44000000000001,68.54400000000001,66.912,69.6941455077457,68.85240198271842,67.19504923096515,0.02886751345947939,0.022360679774995486,0.0210818510677892,3.3599999999999994,0.04999999999999999,3.3599999999999994,0.04999999999999999,6.560000000000002,0.10250000000000004,67.2,70.56,67.2,70.56,64.0,70.56,1.0,1.0,1.0,1,6,6,70.56,0.0,SAME,1.0
DPNB,2023-06-07,70.56,70.56,70.56,67.2,67.2,64.0,0.0,0.0,3.3599999999999994,0.0,0.0,0.050000000000000044,0.0,0.0,70.56,69.216,67.56800000000001,70.12707275387285,69.42160132181229,67.80685846169877,0.02886751345947939,0.022360679774995486,0.0210818510677892,3.3599999999999994,0.04999999999999999,3.3599999999999994,0.04999999999999999,6.560000000000002,0.10250000000000004,70.56,70.56,67.2,70.56,64.0,70.56,,1.0,1.0,2,6,7,70.56,0.0,SAME,1.0
DPNB,2023-06-08,70.56,70.56,70.56,70.56,67.2,64.0,0.0,0.0,0.0,0.0,0.0,0.0,0.0,0.0,70.56,69.888,68.224,70.34353637693643,69.80106754787487,68.30742965048081,0.0,0.022360679774995486,0.0210818510677892,0.0,0.0,3.3599999999999994,0.04999999999999999,6.560000000000002,0.10250000000000004,70.56,70.56,67.2,70.56,64.0,70.56,,1.0,1.0,3,6,8,70.56,0.0,SAME,1.0
DPNB,2023-06-09,70.56,70.56,70.56,70.56,67.2,64.0,0.0,0.0,0.0,0.0,0.0,0.0,0.0,0.0,70.56,70.56,68.88,70.45176818846821,70.05404503191659,68.71698789584794,0.0,0.022360679774995486,0.0210818510677892,0.0,0.0,3.3599999999999994,0.04999999999999999,6.560000000000002,0.10250000000000004,70.56,70.56,70.56,70.56,67.2,70.56,,,1.0,4,6,9,70.56,0.0,SAME,1.0
DPNB,2023-06-12,70.56,70.56,70.56,70.56,70.56,67.2,0.0,0.0,0.0,0.0,0.0,0.0,0.0,0.0,70.56,70.56,69.216,70.5058840942341,70.22269668794439,69.05208100569376,0.0,0.0,0.015811388300841903,0.0,0.0,0.0,0.0,3.3599999999999994,0.04999999999999999,70.56,70.56,70.56,70.56,67.2,70.56,,,1.0,0,6,12,70.56,0.0,SAME,1.0
DPNB,2023-06-13,70.56,70.56,70.56,70.56,70.56,67.2,0.0,0.0,0.0,0.0,0.0,0.0,0.0,0.0,70.56,70.56,69.55199999999999,70.53294204711705,70.33513112529627,69.32624809556762,0.0,0.0,0.015811388300841903,0.0,0.0,0.0,0.0,3.3599999999999994,0.04999999999999999,70.56,70.56,70.56,70.56,67.2,70.56,,,1.0,1,6,13,77.7,7.140000000000001,UP,2.0
DPNB,2023-06-14,77.7,70.56,70.56,70.56,70.56,67.2,7.140000000000001,7.140000000000001,7.140000000000001,0.10119047619047628,0.10119047619047628,0.10119047619047628,0.09639184567506597,0.09639184567506597,72.94000000000001,71.988,70.602,74.11647102355852,72.79008741686418,70.84874844182805,0.05842234866799694,0.04525375668749461,0.034081041426747394,7.140000000000001,0.10119047619047619,7.140000000000001,0.10119047619047619,10.5,0.15625,70.56,77.7,70.56,77.7,67.2,77.7,1.0,1.0,1.0,2,6,14,77.7,0.0,SAME,1.0
DPNB,2023-06-15,77.7,77.7,70.56,70.56,70.56,67.2,0.0,7.140000000000001,7.140000000000001,0.0,0.10119047619047628,0.10119047619047628,0.0,0.09639184567506597,75.32000000000001,73.41600000000001,71.65200000000002,75.90823551177925,74.42672494457612,72.09443054331386,0.05842234866799694,0.04525375668749461,0.034081041426747394,7.140000000000001,0.10119047619047619,7.140000000000001,0.10119047619047619,10.5,0.15625,70.56,77.7,70.56,77.7,67.2,77.7,1.0,1.0,1.0,3,6,15,47.35,-30.35,DOWN,0.0
DPNB,2023-06-16,47.35,77.7,77.7,70.56,70.56,67.2,-30.35,-30.35,-23.21,-0.39060489060489056,-0.39060489060489056,-0.3289399092970522,-0.49528843774151443,-0.49528843774151443,67.58333333333336,68.774,69.667,61.629117755889624,65.40114996305076,67.59544317180224,0.2597031561345577,0.19108869169965664,0.13315812106630315,-23.21,-0.32893990929705214,-23.21,-0.32893990929705214,-19.85,-0.29538690476190477,47.35,77.7,47.35,77.7,47.35,77.7,0.0,0.0,0.0,4,6,16,52.2,4.850000000000001,UP,2.0
DPNB,2023-06-19,52.2,47.35,77.7,77.7,70.56,70.56,4.850000000000001,-25.5,-25.5,0.10242872228088706,-0.3281853281853282,-0.3281853281853282,0.09751567525650583,-0.39777276248500876,59.08333333333334,65.102,67.831,56.91455887794481,61.00076664203384,64.79627168602002,0.26017493062289065,0.20390598714338776,0.13735880478915372,-25.5,-0.3281853281853282,-18.36,-0.260204081632653,-18.36,-0.260204081632653,47.35,77.7,47.35,77.7,47.35,77.7,0.15980230642504123,0.15980230642504123,0.15980230642504123,0,6,19,52.2,0.0,SAME,1.0
DPNB,2023-06-20,52.2,52.2,47.35,77.7,70.56,70.56,0.0,4.850000000000001,-25.5,0.0,0.10242872228088706,-0.3281853281853282,0.0,0.09751567525650583,50.58333333333334,61.43000000000001,65.995,54.55727943897241,58.06717776135589,62.506040470380015,0.26017493062289065,0.20390598714338776,0.13735880478915372,-25.5,-0.3281853281853282,-18.36,-0.260204081632653,-18.36,-0.260204081632653,47.35,52.2,47.35,77.7,47.35,77.7,1.0,0.15980230642504123,0.15980230642504123,1,6,20,52.2,0.0,SAME,1.0
DPNB,2023-06-21,52.2,52.2,52.2,47.35,77.7,70.56,0.0,0.0,4.850000000000001,0.0,0.0,0.10242872228088706,0.0,0.0,52.2,56.330000000000005,64.159,53.3786397194862,56.11145184090393,60.632214930310916,0.059137250381618614,0.19134701651356642,0.13735880478915372,4.850000000000001,0.10242872228088704,-25.5,-0.3281853281853282,-18.36,-0.260204081632653,52.2,52.2,47.35,77.7,47.35,77.7,,0.15980230642504123,0.15980230642504123,2,6,21,52.2,0.0,SAME,1.0
DPNB,2023-06-22,52.2,52.2,52.2,52.2,77.7,70.56,0.0,0.0,0.0,0.0,0.0,0.0,0.0,0.0,52.2,51.230000000000004,62.323,52.7893198597431,54.80763456060262,59.099084942981655,0.0,0.19134701651356642,0.13735880478915372,0.0,0.0,-25.5,-0.3281853281853282,-18.36,-0.260204081632653,52.2,52.2,47.35,52.2,47.35,77.7,,1.0,0.15980230642504123,3,6,22,52.2,0.0,SAME,1.0
DPNB,2023-06-23,52.2,52.2,52.2,52.2,47.35,70.56,0.0,0.0,0.0,0.0,0.0,0.0,0.0,0.0,52.2,52.2,60.48700000000001,52.49465992987155,53.93842304040175,57.84470586243953,0.0,0.04580751717370096,0.13735880478915372,0.0,0.0,4.850000000000001,0.10242872228088704,-18.36,-0.260204081632653,52.2,52.2,52.2,52.2,47.35,77.7,,,0.15980230642504123,4,6,23,52.2,0.0,SAME,1.0
DPNB,2023-06-26,52.2,52.2,52.2,52.2,52.2,70.56,0.0,0.0,0.0,0.0,0.0,0.0,0.0,0.0,52.2,52.2,58.650999999999996,52.34732996493578,53.35894869360117,56.81839570563234,0.0,0.0,0.13735880478915372,0.0,0.0,0.0,0.0,-18.36,-0.260204081632653,52.2,52.2,52.2,52.2,47.35,77.7,,,0.15980230642504123,0,6,26,52.2,0.0,SAME,1.0
DPNB,2023-06-27,52.2,52.2,52.2,52.2,52.2,70.56,0.0,0.0,0.0,0.0,0.0,0.0,0.0,0.0,52.2,52.2,56.81500000000001,52.27366498246789,52.97263246240078,55.97868739551737,0.0,0.0,0.13735880478915372,0.0,0.0,0.0,0.0,-18.36,-0.260204081632653,52.2,52.2,52.2,52.2,47.35,77.7,,,0.15980230642504123,1,6,27,52.2,0.0,SAME,1.0
DPNB,2023-06-29,52.2,52.2,52.2,52.2,52.2,77.7,0.0,0.0,0.0,0.0,0.0,0.0,0.0,0.0,52.2,52.2,54.26500000000001,52.23683249123395,52.71508830826719,55.29165332360512,0.0,0.0,0.13113151723601055,0.0,0.0,0.0,0.0,-25.5,-0.3281853281853282,52.2,52.2,52.2,52.2,47.35,77.7,,,0.15980230642504123,3,6,29,52.2,0.0,SAME,1.0
DPNB,2023-06-30,52.2,52.2,52.2,52.2,52.2,77.7,0.0,0.0,0.0,0.0,0.0,0.0,0.0,0.0,52.2,52.2,51.714999999999996,52.21841624561698,52.543392205511466,54.72953453749509,0.0,0.0,0.13113151723601055,0.0,0.0,0.0,0.0,-25.5,-0.3281853281853282,52.2,52.2,52.2,52.2,47.35,52.2,,,1.0,4,6,30,52.2,0.0,SAME,1.0
DPNB,2023-07-03,52.2,52.2,52.2,52.2,52.2,47.35,0.0,0.0,0.0,0.0,0.0,0.0,0.0,0.0,52.2,52.2,52.2,52.20920812280849,52.428928137007645,54.269619167041434,0.0,0.0,0.03239080602284407,0.0,0.0,0.0,0.0,4.850000000000001,0.10242872228088704,52.2,52.2,52.2,52.2,52.2,52.2,,,,0,7,3,52.2,0.0,SAME,1.0
DPNB,2023-07-04,52.2,52.2,52.2,52.2,52.2,52.2,0.0,0.0,0.0,0.0,0.0,0.0,0.0,0.0,52.2,52.2,52.2,52.20460406140425,52.3526187580051,53.893324773033896,0.0,0.0,0.0,0.0,0.0,0.0,0.0,0.0,0.0,52.2,52.2,52.2,52.2,52.2,52.2,,,,1,7,4,52.2,0.0,SAME,1.0
DPNB,2023-07-05,52.2,52.2,52.2,52.2,52.2,52.2,0.0,0.0,0.0,0.0,0.0,0.0,0.0,0.0,52.2,52.2,52.2,52.20230203070213,52.30174583867007,53.58544754157319,0.0,0.0,0.0,0.0,0.0,0.0,0.0,0.0,0.0,52.2,52.2,52.2,52.2,52.2,52.2,,,,2,7,5,52.2,0.0,SAME,1.0
DPNB,2023-07-06,52.2,52.2,52.2,52.2,52.2,52.2,0.0,0.0,0.0,0.0,0.0,0.0,0.0,0.0,52.2,52.2,52.2,52.201151015351066,52.267830559113385,53.33354798855988,0.0,0.0,0.0,0.0,0.0,0.0,0.0,0.0,0.0,52.2,52.2,52.2,52.2,52.2,52.2,,,,3,7,6,52.2,0.0,SAME,1.0
DPNB,2023-07-07,52.2,52.2,52.2,52.2,52.2,52.2,0.0,0.0,0.0,0.0,0.0,0.0,0.0,0.0,52.2,52.2,52.2,52.20057550767554,52.24522037274226,53.12744835427626,0.0,0.0,0.0,0.0,0.0,0.0,0.0,0.0,0.0,52.2,52.2,52.2,52.2,52.2,52.2,,,,4,7,7,52.2,0.0,SAME,1.0
DPNB,2023-07-10,52.2,52.2,52.2,52.2,52.2,52.2,0.0,0.0,0.0,0.0,0.0,0.0,0.0,0.0,52.2,52.2,52.2,52.20028775383777,52.23014691516151,52.95882138077148,0.0,0.0,0.0,0.0,0.0,0.0,0.0,0.0,0.0,52.2,52.2,52.2,52.2,52.2,52.2,,,,0,7,10,49.59,-2.6099999999999994,DOWN,0.0
DPNB,2023-07-11,49.59,52.2,52.2,52.2,52.2,52.2,-2.6099999999999994,-2.6099999999999994,-2.6099999999999994,-0.04999999999999993,-0.04999999999999993,-0.04999999999999993,-0.05129329438755046,-0.05129329438755046,51.33000000000001,51.678,51.939,50.89514387691889,51.350097943441014,52.34630840244939,0.02886751345947926,0.022360679774995267,0.015811388300841965,-2.6099999999999994,-0.04999999999999999,-2.6099999999999994,-0.04999999999999999,-2.6099999999999994,-0.04999999999999999,49.59,52.2,49.59,52.2,49.59,52.2,0.0,0.0,0.0,1,7,11,49.59,0.0,SAME,1.0
DPNB,2023-07-12,49.59,49.59,52.2,52.2,52.2,52.2,0.0,-2.6099999999999994,-2.6099999999999994,0.0,-0.04999999999999993,-0.04999999999999993,0.0,-0.05129329438755046,50.460000000000015,51.156000000000006,51.678,50.24257193845945,50.76339862896068,51.84516142018586,0.028867513459479258,0.022360679774995267,0.015811388300841965,-2.6099999999999994,-0.04999999999999999,-2.6099999999999994,-0.04999999999999999,-2.6099999999999994,-0.04999999999999999,49.59,52.2,49.59,52.2,49.59,52.2,0.0,0.0,0.0,2,7,12,49.59,0.0,SAME,1.0
DPNB,2023-07-13,49.59,49.59,49.59,52.2,52.2,52.2,0.0,0.0,-2.6099999999999994,0.0,0.0,-0.04999999999999993,0.0,0.0,49.59,50.634,51.41700000000001,49.916285969229726,50.37226575264046,51.435132071061155,0.028867513459479258,0.022360679774995267,0.015811388300841965,-2.6099999999999994,-0.04999999999999999,-2.6099999999999994,-0.04999999999999999,-2.6099999999999994,-0.04999999999999999,49.59,49.59,49.59,52.2,49.59,52.2,,0.0,0.0,3,7,13,49.59,0.0,SAME,1.0
DPNB,2023-07-14,49.59,49.59,49.59,49.59,52.2,52.2,0.0,0.0,0.0,0.0,0.0,0.0,0.0,0.0,49.59,50.11200000000001,51.156000000000006,49.75314298461487,50.111510501760314,51.099653512686395,0.0,0.022360679774995267,0.015811388300841965,0.0,0.0,-2.6099999999999994,-0.04999999999999999,-2.6099999999999994,-0.04999999999999999,49.59,49.59,49.59,52.2,49.59,52.2,,0.0,0.0,4,7,14,49.59,0.0,SAME,1.0
DPNB,2023-07-17,49.59,49.59,49.59,49.59,52.2,52.2,0.0,0.0,0.0,0.0,0.0,0.0,0.0,0.0,49.59,49.59,50.894999999999996,49.671571492307436,49.937673667840215,50.82517105583432,0.0,0.022360679774995267,0.015811388300841965,0.0,0.0,-2.6099999999999994,-0.04999999999999999,-2.6099999999999994,-0.04999999999999999,49.59,49.59,49.59,49.59,49.59,52.2,,,0.0,0,7,17,49.59,0.0,SAME,1.0
DPNB,2023-07-18,49.59,49.59,49.59,49.59,49.59,52.2,0.0,0.0,0.0,0.0,0.0,0.0,0.0,0.0,49.59,49.59,50.634,49.63078574615372,49.821782445226816,50.60059450022808,0.0,0.0,0.015811388300841965,0.0,0.0,0.0,0.0,-2.6099999999999994,-0.04999999999999999,49.59,49.59,49.59,49.59,49.59,52.2,,,0.0,1,7,18,49.59,0.0,SAME,1.0
DPNB,2023-07-19,49.59,49.59,49.59,49.59,49.59,52.2,0.0,0.0,0.0,0.0,0.0,0.0,0.0,0.0,49.59,49.59,50.373000000000005,49.61039287307686,49.74452163015122,50.41685004564115,0.0,0.0,0.015811388300841965,0.0,0.0,0.0,0.0,-2.6099999999999994,-0.04999999999999999,49.59,49.59,49.59,49.59,49.59,52.2,,,0.0,2,7,19,49.59,0.0,SAME,1.0
DPNB,2023-07-20,49.59,49.59,49.59,49.59,49.59,52.2,0.0,0.0,0.0,0.0,0.0,0.0,0.0,0.0,49.59,49.59,50.11200000000001,49.60019643653843,49.693014420100816,50.26651367370639,0.0,0.0,0.015811388300841965,0.0,0.0,0.0,0.0,-2.6099999999999994,-0.04999999999999999,49.59,49.59,49.59,49.59,49.59,52.2,,,0.0,3,7,20,49.59,0.0,SAME,1.0
DPNB,2023-07-24,49.59,49.59,49.59,49.59,49.59,52.2,0.0,0.0,0.0,0.0,0.0,0.0,0.0,0.0,49.59,49.59,49.851,49.595098218269214,49.65867628006722,50.14351118757795,0.0,0.0,0.015811388300841965,0.0,0.0,0.0,0.0,-2.6099999999999994,-0.04999999999999999,49.59,49.59,49.59,49.59,49.59,52.2,,,0.0,0,7,24,49.59,0.0,SAME,1.0
DPNB,2023-07-25,49.59,49.59,49.59,49.59,49.59,52.2,0.0,0.0,0.0,0.0,0.0,0.0,0.0,0.0,49.59,49.59,49.59,49.59254910913461,49.63578418671148,50.0428727898365,0.0,0.0,0.015811388300841965,0.0,0.0,0.0,0.0,-2.6099999999999994,-0.04999999999999999,49.59,49.59,49.59,49.59,49.59,49.59,,,,1,7,25,49.59,0.0,SAME,1.0
DPNB,2023-07-26,49.59,49.59,49.59,49.59,49.59,49.59,0.0,0.0,0.0,0.0,0.0,0.0,0.0,0.0,49.59,49.59,49.59,49.591274554567306,49.62052279114099,49.9605322825935,0.0,0.0,0.0,0.0,0.0,0.0,0.0,0.0,0.0,49.59,49.59,49.59,49.59,49.59,49.59,,,,2,7,26,49.59,0.0,SAME,1.0
DPNB,2023-07-27,49.59,49.59,49.59,49.59,49.59,49.59,0.0,0.0,0.0,0.0,0.0,0.0,0.0,0.0,49.59,49.59,49.59,49.590637277283655,49.610348527427334,49.8931627766674,0.0,0.0,0.0,0.0,0.0,0.0,0.0,0.0,0.0,49.59,49.59,49.59,49.59,49.59,49.59,,,,3,7,27,49.59,0.0,SAME,1.0
DPNB,2023-07-28,49.59,49.59,49.59,49.59,49.59,49.59,0.0,0.0,0.0,0.0,0.0,0.0,0.0,0.0,49.59,49.59,49.59,49.59031863864183,49.60356568495156,49.83804227181878,0.0,0.0,0.0,0.0,0.0,0.0,0.0,0.0,0.0,49.59,49.59,49.59,49.59,49.59,49.59,,,,4,7,28,49.59,0.0,SAME,1.0
DPNB,2023-07-31,49.59,49.59,49.59,49.59,49.59,49.59,0.0,0.0,0.0,0.0,0.0,0.0,0.0,0.0,49.59,49.59,49.59,49.59015931932092,49.599043789967716,49.792943676942635,0.0,0.0,0.0,0.0,0.0,0.0,0.0,0.0,0.0,49.59,49.59,49.59,49.59,49.59,49.59,,,,0,7,31,49.59,0.0,SAME,1.0
DPNB,2023-08-01,49.59,49.59,49.59,49.59,49.59,49.59,0.0,0.0,0.0,0.0,0.0,0.0,0.0,0.0,49.59,49.59,49.59,49.59007965966046,49.596029193311814,49.756044826589424,0.0,0.0,0.0,0.0,0.0,0.0,0.0,0.0,0.0,49.59,49.59,49.59,49.59,49.59,49.59,,,,1,8,1,49.59,0.0,SAME,1.0
DPNB,2023-08-02,49.59,49.59,49.59,49.59,49.59,49.59,0.0,0.0,0.0,0.0,0.0,0.0,0.0,0.0,49.59,49.59,49.59,49.59003982983023,49.59401946220788,49.725854858118616,0.0,0.0,0.0,0.0,0.0,0.0,0.0,0.0,0.0,49.59,49.59,49.59,49.59,49.59,49.59,,,,2,8,2,49.59,0.0,SAME,1.0
DPNB,2023-08-03,49.59,49.59,49.59,49.59,49.59,49.59,0.0,0.0,0.0,0.0,0.0,0.0,0.0,0.0,49.59,49.59,49.59,49.59001991491512,49.592679641471925,49.701153974824315,0.0,0.0,0.0,0.0,0.0,0.0,0.0,0.0,0.0,49.59,49.59,49.59,49.59,49.59,49.59,,,,3,8,3,49.59,0.0,SAME,1.0
DPNB,2023-08-04,49.59,49.59,49.59,49.59,49.59,49.59,0.0,0.0,0.0,0.0,0.0,0.0,0.0,0.0,49.59,49.59,49.59,49.59000995745756,49.59178642764795,49.68094416121989,0.0,0.0,0.0,0.0,0.0,0.0,0.0,0.0,0.0,49.59,49.59,49.59,49.59,49.59,49.59,,,,4,8,4,49.59,0.0,SAME,1.0
DPNB,2023-08-07,49.59,49.59,49.59,49.59,49.59,49.59,0.0,0.0,0.0,0.0,0.0,0.0,0.0,0.0,49.59,49.59,49.59,49.590004978728786,49.591190951765306,49.66440885917991,0.0,0.0,0.0,0.0,0.0,0.0,0.0,0.0,0.0,49.59,49.59,49.59,49.59,49.59,49.59,,,,0,8,7,49.59,0.0,SAME,1.0
DPNB,2023-08-08,49.59,49.59,49.59,49.59,49.59,49.59,0.0,0.0,0.0,0.0,0.0,0.0,0.0,0.0,49.59,49.59,49.59,49.590002489364394,49.590793967843545,49.650879975692646,0.0,0.0,0.0,0.0,0.0,0.0,0.0,0.0,0.0,49.59,49.59,49.59,49.59,49.59,49.59,,,,1,8,8,49.59,0.0,SAME,1.0
DPNB,2023-08-09,49.59,49.59,49.59,49.59,49.59,49.59,0.0,0.0,0.0,0.0,0.0,0.0,0.0,0.0,49.59,49.59,49.59,49.5900012446822,49.5905293118957,49.63981088920307,0.0,0.0,0.0,0.0,0.0,0.0,0.0,0.0,0.0,49.59,49.59,49.59,49.59,49.59,49.59,,,,2,8,9,49.59,0.0,SAME,1.0
DPNB,2023-08-10,49.59,49.59,49.59,49.59,49.59,49.59,0.0,0.0,0.0,0.0,0.0,0.0,0.0,0.0,49.59,49.59,49.59,49.5900006223411,49.59035287459714,49.630754363893416,0.0,0.0,0.0,0.0,0.0,0.0,0.0,0.0,0.0,49.59,49.59,49.59,49.59,49.59,49.59,,,,3,8,10,49.59,0.0,SAME,1.0
DPNB,2023-08-11,49.59,49.59,49.59,49.59,49.59,49.59,0.0,0.0,0.0,0.0,0.0,0.0,0.0,0.0,49.59,49.59,49.59,49.590000311170556,49.59023524973143,49.623344479549154,0.0,0.0,0.0,0.0,0.0,0.0,0.0,0.0,0.0,49.59,49.59,49.59,49.59,49.59,49.59,,,,4,8,11,49.59,0.0,SAME,1.0
DPNB,2023-08-14,49.59,49.59,49.59,49.59,49.59,49.59,0.0,0.0,0.0,0.0,0.0,0.0,0.0,0.0,49.59,49.59,49.59,49.59000015558528,49.59015683315429,49.61728184690385,0.0,0.0,0.0,0.0,0.0,0.0,0.0,0.0,0.0,49.59,49.59,49.59,49.59,49.59,49.59,,,,0,8,14,49.59,0.0,SAME,1.0
DPNB,2023-08-15,49.59,49.59,49.59,49.59,49.59,49.59,0.0,0.0,0.0,0.0,0.0,0.0,0.0,0.0,49.59,49.59,49.59,49.59000007779264,49.5901045554362,49.61232151110315,0.0,0.0,0.0,0.0,0.0,0.0,0.0,0.0,0.0,49.59,49.59,49.59,49.59,49.59,49.59,,,,1,8,15,49.59,0.0,SAME,1.0
DPNB,2023-08-16,49.59,49.59,49.59,49.59,49.59,49.59,0.0,0.0,0.0,0.0,0.0,0.0,0.0,0.0,49.59,49.59,49.59,49.59000003889632,49.59006970362414,49.60826305453894,0.0,0.0,0.0,0.0,0.0,0.0,0.0,0.0,0.0,49.59,49.59,49.59,49.59,49.59,49.59,,,,2,8,16,49.59,0.0,SAME,1.0
DPNB,2023-08-17,49.59,49.59,49.59,49.59,49.59,49.59,0.0,0.0,0.0,0.0,0.0,0.0,0.0,0.0,49.59,49.59,49.59,49.59000001944816,49.590046469082765,49.60494249916822,0.0,0.0,0.0,0.0,0.0,0.0,0.0,0.0,0.0,49.59,49.59,49.59,49.59,49.59,49.59,,,,3,8,17,49.59,0.0,SAME,1.0
DPNB,2023-08-18,49.59,49.59,49.59,49.59,49.59,49.59,0.0,0.0,0.0,0.0,0.0,0.0,0.0,0.0,49.59,49.59,49.59,49.59000000972408,49.590030979388516,49.602225681137625,0.0,0.0,0.0,0.0,0.0,0.0,0.0,0.0,0.0,49.59,49.59,49.59,49.59,49.59,49.59,,,,4,8,18,49.59,0.0,SAME,1.0
DPNB,2023-08-21,49.59,49.59,49.59,49.59,49.59,49.59,0.0,0.0,0.0,0.0,0.0,0.0,0.0,0.0,49.59,49.59,49.59,49.59000000486204,49.59002065292568,49.60000283002169,0.0,0.0,0.0,0.0,0.0,0.0,0.0,0.0,0.0,49.59,49.59,49.59,49.59,49.59,49.59,,,,0,8,21,49.59,0.0,SAME,1.0
DPNB,2023-08-22,49.59,49.59,49.59,49.59,49.59,49.59,0.0,0.0,0.0,0.0,0.0,0.0,0.0,0.0,49.59,49.59,49.59,49.590000002431026,49.590013768617126,49.5981841336541,0.0,0.0,0.0,0.0,0.0,0.0,0.0,0.0,0.0,49.59,49.59,49.59,49.59,49.59,49.59,,,,1,8,22,49.59,0.0,SAME,1.0
DPNB,2023-08-23,49.59,49.59,49.59,49.59,49.59,49.59,0.0,0.0,0.0,0.0,0.0,0.0,0.0,0.0,49.59,49.59,49.59,49.590000001215515,49.59000917907809,49.59669610935335,0.0,0.0,0.0,0.0,0.0,0.0,0.0,0.0,0.0,49.59,49.59,49.59,49.59,49.59,49.59,,,,2,8,23,49.59,0.0,SAME,1.0
DPNB,2023-08-24,49.59,49.59,49.59,49.59,49.59,49.59,0.0,0.0,0.0,0.0,0.0,0.0,0.0,0.0,49.59,49.59,49.59,49.59000000060776,49.5900061193854,49.59547863492546,0.0,0.0,0.0,0.0,0.0,0.0,0.0,0.0,0.0,49.59,49.59,49.59,49.59,49.59,49.59,,,,3,8,24,49.59,0.0,SAME,1.0
DPNB,2023-08-25,49.59,49.59,49.59,49.59,49.59,49.59,0.0,0.0,0.0,0.0,0.0,0.0,0.0,0.0,49.59,49.59,49.59,49.59000000030388,49.59000407959027,49.594482519484465,0.0,0.0,0.0,0.0,0.0,0.0,0.0,0.0,0.0,49.59,49.59,49.59,49.59,49.59,49.59,,,,4,8,25,49.59,0.0,SAME,1.0
DPNB,2023-08-28,49.59,49.59,49.59,49.59,49.59,49.59,0.0,0.0,0.0,0.0,0.0,0.0,0.0,0.0,49.59,49.59,49.59,49.590000000151946,49.590002719726854,49.59366751594183,0.0,0.0,0.0,0.0,0.0,0.0,0.0,0.0,0.0,49.59,49.59,49.59,49.59,49.59,49.59,,,,0,8,28,49.59,0.0,SAME,1.0
DPNB,2023-08-29,49.59,49.59,49.59,49.59,49.59,49.59,0.0,0.0,0.0,0.0,0.0,0.0,0.0,0.0,49.59,49.59,49.59,49.590000000075975,49.59000181315124,49.593000694861495,0.0,0.0,0.0,0.0,0.0,0.0,0.0,0.0,0.0,49.59,49.59,49.59,49.59,49.59,49.59,,,,1,8,29,49.59,0.0,SAME,1.0
DPNB,2023-08-30,49.59,49.59,49.59,49.59,49.59,49.59,0.0,0.0,0.0,0.0,0.0,0.0,0.0,0.0,49.59,49.59,49.59,49.59000000003799,49.5900012087675,49.592455113977586,0.0,0.0,0.0,0.0,0.0,0.0,0.0,0.0,0.0,49.59,49.59,49.59,49.59,49.59,49.59,,,,2,8,30,49.59,0.0,SAME,1.0
DPNB,2023-08-31,49.59,49.59,49.59,49.59,49.59,49.59,0.0,0.0,0.0,0.0,0.0,0.0,0.0,0.0,49.59,49.59,49.59,49.590000000018996,49.590000805845,49.59200872961802,0.0,0.0,0.0,0.0,0.0,0.0,0.0,0.0,0.0,49.59,49.59,49.59,49.59,49.59,49.59,,,,3,8,31,49.59,0.0,SAME,1.0
DPNB,2023-09-01,49.59,49.59,49.59,49.59,49.59,49.59,0.0,0.0,0.0,0.0,0.0,0.0,0.0,0.0,49.59,49.59,49.59,49.590000000009496,49.590000537230004,49.591643506051106,0.0,0.0,0.0,0.0,0.0,0.0,0.0,0.0,0.0,49.59,49.59,49.59,49.59,49.59,49.59,,,,4,9,1,49.59,0.0,SAME,1.0
DPNB,2023-09-04,49.59,49.59,49.59,49.59,49.59,49.59,0.0,0.0,0.0,0.0,0.0,0.0,0.0,0.0,49.59,49.59,49.59,49.59000000000475,49.59000035815334,49.591344686769084,0.0,0.0,0.0,0.0,0.0,0.0,0.0,0.0,0.0,49.59,49.59,49.59,49.59,49.59,49.59,,,,0,9,4,49.59,0.0,SAME,1.0
DPNB,2023-09-05,49.59,49.59,49.59,49.59,49.59,49.59,0.0,0.0,0.0,0.0,0.0,0.0,0.0,0.0,49.59,49.59,49.59,49.59000000000238,49.5900002387689,49.59110019826561,0.0,0.0,0.0,0.0,0.0,0.0,0.0,0.0,0.0,49.59,49.59,49.59,49.59,49.59,49.59,,,,1,9,5,49.59,0.0,SAME,1.0
DPNB,2023-09-06,49.59,49.59,49.59,49.59,49.59,49.59,0.0,0.0,0.0,0.0,0.0,0.0,0.0,0.0,49.59,49.59,49.59,49.59000000000119,49.590000159179276,49.59090016221731,0.0,0.0,0.0,0.0,0.0,0.0,0.0,0.0,0.0,49.59,49.59,49.59,49.59,49.59,49.59,,,,2,9,6,49.59,0.0,SAME,1.0
DPNB,2023-09-07,49.59,49.59,49.59,49.59,49.59,49.59,0.0,0.0,0.0,0.0,0.0,0.0,0.0,0.0,49.59,49.59,49.59,49.5900000000006,49.590000106119525,49.59073649635961,0.0,0.0,0.0,0.0,0.0,0.0,0.0,0.0,0.0,49.59,49.59,49.59,49.59,49.59,49.59,,,,3,9,7,49.59,0.0,SAME,1.0
DPNB,2023-09-08,49.59,49.59,49.59,49.59,49.59,49.59,0.0,0.0,0.0,0.0,0.0,0.0,0.0,0.0,49.59,49.59,49.59,49.5900000000003,49.590000070746356,49.59060258793059,0.0,0.0,0.0,0.0,0.0,0.0,0.0,0.0,0.0,49.59,49.59,49.59,49.59,49.59,49.59,,,,4,9,8,49.59,0.0,SAME,1.0
DPNB,2023-09-11,49.59,49.59,49.59,49.59,49.59,49.59,0.0,0.0,0.0,0.0,0.0,0.0,0.0,0.0,49.59,49.59,49.59,49.59000000000015,49.590000047164246,49.59049302648866,0.0,0.0,0.0,0.0,0.0,0.0,0.0,0.0,0.0,49.59,49.59,49.59,49.59,49.59,49.59,,,,0,9,11,49.59,0.0,SAME,1.0
DPNB,2023-09-12,49.59,49.59,49.59,49.59,49.59,49.59,0.0,0.0,0.0,0.0,0.0,0.0,0.0,0.0,49.59,49.59,49.59,49.590000000000074,49.590000031442834,49.590403385308896,0.0,0.0,0.0,0.0,0.0,0.0,0.0,0.0,0.0,49.59,49.59,49.59,49.59,49.59,49.59,,,,1,9,12,49.59,0.0,SAME,1.0
DPNB,2023-09-13,49.59,49.59,49.59,49.59,49.59,49.59,0.0,0.0,0.0,0.0,0.0,0.0,0.0,0.0,49.59,49.59,49.59,49.59000000000004,49.590000020961895,49.59033004252546,0.0,0.0,0.0,0.0,0.0,0.0,0.0,0.0,0.0,49.59,49.59,49.59,49.59,49.59,49.59,,,,2,9,13,49.59,0.0,SAME,1.0
DPNB,2023-09-14,49.59,49.59,49.59,49.59,49.59,49.59,0.0,0.0,0.0,0.0,0.0,0.0,0.0,0.0,49.59,49.59,49.59,49.59000000000002,49.5900000139746,49.590270034793555,0.0,0.0,0.0,0.0,0.0,0.0,0.0,0.0,0.0,49.59,49.59,49.59,49.59,49.59,49.59,,,,3,9,14,42.15,-7.440000000000005,DOWN,0.0
DPNB,2023-09-15,42.15,49.59,49.59,49.59,49.59,49.59,-7.440000000000005,-7.440000000000005,-7.440000000000005,-0.15003024803387788,-0.15003024803387788,-0.15003024803387788,-0.16255451605317814,-0.16255451605317814,47.110000000000014,48.102,48.846000000000004,45.870000000000005,47.1100000093164,48.237493664831085,0.08662000408894505,0.06709556665698012,0.04744373017070532,-7.440000000000005,-0.15003024803387788,-7.440000000000005,-0.15003024803387788,-7.440000000000005,-0.15003024803387788,42.15,49.59,42.15,49.59,42.15,49.59,0.0,0.0,0.0,4,9,15,42.15,0.0,SAME,1.0
DPNB,2023-09-18,42.15,42.15,49.59,49.59,49.59,49.59,0.0,-7.440000000000005,-7.440000000000005,0.0,-0.15003024803387788,-0.15003024803387788,0.0,-0.16255451605317814,44.63,46.614,48.102000000000004,44.010000000000005,45.4566666728776,47.13067663486179,0.08662000408894505,0.06709556665698012,0.04744373017070532,-7.440000000000005,-0.15003024803387788,-7.440000000000005,-0.15003024803387788,-7.440000000000005,-0.15003024803387788,42.15,49.59,42.15,49.59,42.15,49.59,0.0,0.0,0.0,0,9,18,35.93,-6.219999999999999,DOWN,0.0
DPNB,2023-09-19,35.93,42.15,42.15,49.59,49.59,49.59,-6.219999999999999,-6.219999999999999,-13.660000000000004,-0.14756820877817312,-0.14756820877817312,-0.2754587618471467,-0.159662083322437,-0.159662083322437,40.076666666666675,43.882,46.736000000000004,39.97,42.28111111525174,45.09418997397783,0.08591809394650363,0.08150534226006609,0.06274194717466317,-13.660000000000004,-0.2754587618471467,-13.660000000000004,-0.2754587618471467,-13.660000000000004,-0.2754587618471467,35.93,42.15,35.93,49.59,35.93,49.59,0.0,0.0,0.0,1,9,19,35.93,0.0,SAME,1.0
DPNB,2023-09-21,35.93,35.93,42.15,42.15,49.59,49.59,0.0,-6.219999999999999,-6.219999999999999,0.0,-0.14756820877817312,-0.14756820877817312,0.0,-0.159662083322437,38.00333333333334,41.15,45.370000000000005,37.95,40.164074076834495,43.427973615072766,0.08519854506190846,0.08150534226006609,0.06274194717466317,-6.219999999999999,-0.14756820877817317,-13.660000000000004,-0.2754587618471467,-13.660000000000004,-0.2754587618471467,35.93,42.15,35.93,49.59,35.93,49.59,0.0,0.0,0.0,3,9,21,35.93,0.0,SAME,1.0
DPNB,2023-09-22,35.93,35.93,35.93,42.15,49.59,49.59,0.0,0.0,-6.219999999999999,0.0,0.0,-0.14756820877817312,0.0,0.0,35.93,38.41799999999999,44.004000000000005,36.94,38.752716051223004,42.06470568505953,0.08519854506190846,0.08150534226006609,0.06274194717466317,-6.219999999999999,-0.14756820877817317,-13.660000000000004,-0.2754587618471467,-13.660000000000004,-0.2754587618471467,35.93,35.93,35.93,42.15,35.93,49.59,,0.0,0.0,4,9,22,35.97,0.03999999999999915,UP,2.0
DPNB,2023-09-27,35.97,35.93,35.93,35.93,42.15,49.59,0.03999999999999915,0.03999999999999915,0.03999999999999915,0.0011132758140828258,0.0011132758140828258,0.0011132758140828258,0.0011126565821050927,0.0011126565821050927,35.94333333333334,37.182,42.642,36.455,37.82514403414867,40.95657737868507,0.0006427500908532845,0.06612073454509748,0.0628015787973907,0.03999999999999915,0.0011132758140829154,-6.18,-0.14661921708185052,-13.620000000000005,-0.2746521476104054,35.93,35.97,35.93,42.15,35.93,49.59,1.0,0.006430868167202436,0.0029282576866763643,2,9,27,35.97,0.0,SAME,1.0
DPNB,2023-09-28,35.97,35.97,35.93,35.93,42.15,49.59,0.0,0.03999999999999915,0.03999999999999915,0.0,0.0011132758140828258,0.0011132758140828258,0.0,0.0011126565821050927,35.95666666666668,35.946000000000005,41.28,36.2125,37.20676268943245,40.04992694619687,0.0006427500908532845,0.06612073454509748,0.0628015787973907,0.03999999999999915,0.0011132758140829154,-6.18,-0.14661921708185052,-13.620000000000005,-0.2746521476104054,35.93,35.97,35.93,35.97,35.93,49.59,1.0,1.0,0.0029282576866763643,3,9,28,35.97,0.0,SAME,1.0
DPNB,2023-09-29,35.97,35.97,35.97,35.93,35.93,49.59,0.0,0.0,0.03999999999999915,0.0,0.0,0.0011132758140828258,0.0,0.0,35.97,35.95399999999999,39.918,36.09125,36.79450845962164,39.30812204688834,0.0006427500908532845,0.0004978720794840985,0.0628015787973907,0.03999999999999915,0.0011132758140829154,0.03999999999999915,0.0011132758140829154,-13.620000000000005,-0.2746521476104054,35.97,35.97,35.93,35.97,35.93,49.59,,1.0,0.0029282576866763643,4,9,29,35.97,0.0,SAME,1.0
DPNB,2023-10-02,35.97,35.97,35.97,35.97,35.93,49.59,0.0,0.0,0.0,0.0,0.0,0.0,0.0,0.0,35.97,35.962,38.556,36.030625,36.51967230641443,38.701190765635914,0.0,0.0004978720794840985,0.0628015787973907,0.0,0.0,0.03999999999999915,0.0011132758140829154,-13.620000000000005,-0.2746521476104054,35.97,35.97,35.93,35.97,35.93,49.59,,1.0,0.0029282576866763643,0,10,2,35.97,0.0,SAME,1.0
DPNB,2023-10-03,35.97,35.97,35.97,35.97,35.93,49.59,0.0,0.0,0.0,0.0,0.0,0.0,0.0,0.0,35.97,35.97,37.194,36.0003125,36.33644820427629,38.204610626429385,0.0,0.0004978720794840985,0.0628015787973907,0.0,0.0,0.03999999999999915,0.0011132758140829154,-13.620000000000005,-0.2746521476104054,35.97,35.97,35.97,35.97,35.93,42.15,,,0.006430868167202436,1,10,3,35.97,0.0,SAME,1.0
DPNB,2023-10-04,35.97,35.97,35.97,35.97,35.97,42.15,0.0,0.0,0.0,0.0,0.0,0.0,0.0,0.0,35.97,35.97,36.576,35.98515625,36.21429880285086,37.7983177852604,0.0,0.0,0.04670559196366239,0.0,0.0,0.0,0.0,-6.18,-0.14661921708185052,35.97,35.97,35.97,35.97,35.93,42.15,,,0.006430868167202436,2,10,4,35.97,0.0,SAME,1.0
DPNB,2023-10-05,35.97,35.97,35.97,35.97,35.97,42.15,0.0,0.0,0.0,0.0,0.0,0.0,0.0,0.0,35.97,35.97,35.958,35.977578125,36.132865868567244,37.46589636975851,0.0,0.0,0.04670559196366239,0.0,0.0,0.0,0.0,-6.18,-0.14661921708185052,35.97,35.97,35.97,35.97,35.93,35.97,,,1.0,3,10,5,35.97,0.0,SAME,1.0
DPNB,2023-10-06,35.97,35.97,35.97,35.97,35.97,35.93,0.0,0.0,0.0,0.0,0.0,0.0,0.0,0.0,35.97,35.97,35.962,35.9737890625,36.0785772457115,37.1939152116206,0.0,0.0,0.00035204872365238643,0.0,0.0,0.0,0.0,0.03999999999999915,0.0011132758140829154,35.97,35.97,35.97,35.97,35.93,35.97,,,1.0,4,10,6,35.97,0.0,SAME,1.0
DPNB,2023-10-09,35.97,35.97,35.97,35.97,35.97,35.93,0.0,0.0,0.0,0.0,0.0,0.0,0.0,0.0,35.97,35.97,35.965999999999994,35.97189453125,36.04238483047433,36.97138517314413,0.0,0.0,0.00035204872365238643,0.0,0.0,0.0,0.0,0.03999999999999915,0.0011132758140829154,35.97,35.97,35.97,35.97,35.93,35.97,,,1.0,0,10,9,35.97,0.0,SAME,1.0
DPNB,2023-10-10,35.97,35.97,35.97,35.97,35.97,35.93,0.0,0.0,0.0,0.0,0.0,0.0,0.0,0.0,35.97,35.97,35.97,35.970947265625,36.01825655364956,36.78931514166337,0.0,0.0,0.00035204872365238643,0.0,0.0,0.0,0.0,0.03999999999999915,0.0011132758140829154,35.97,35.97,35.97,35.97,35.97,35.97,,,,1,10,10,35.97,0.0,SAME,1.0
DPNB,2023-10-11,35.97,35.97,35.97,35.97,35.97,35.97,0.0,0.0,0.0,0.0,0.0,0.0,0.0,0.0,35.97,35.97,35.97,35.9704736328125,36.002171035766374,36.64034875227003,0.0,0.0,0.0,0.0,0.0,0.0,0.0,0.0,0.0,35.97,35.97,35.97,35.97,35.97,35.97,,,,2,10,11,36.0,0.030000000000001137,UP,2.0
DPNB,2023-10-12,36.0,35.97,35.97,35.97,35.97,35.97,0.030000000000001137,0.030000000000001137,0.030000000000001137,0.0008340283569641116,0.0008340283569641116,0.0008340283569641116,0.0008336807485774087,0.0008336807485774087,35.98000000000001,35.976,35.973,35.98523681640625,36.00144735717758,36.523921706402746,0.0004815264962852303,0.00037298882011328895,0.00026374292412332693,0.030000000000001137,0.0008340283569641684,0.030000000000001137,0.0008340283569641684,0.030000000000001137,0.0008340283569641684,35.97,36.0,35.97,36.0,35.97,36.0,1.0,1.0,1.0,3,10,12,36.0,0.0,SAME,1.0
DPNB,2023-10-13,36.0,36.0,35.97,35.97,35.97,35.97,0.0,0.030000000000001137,0.030000000000001137,0.0,0.0008340283569641116,0.0008340283569641116,0.0,0.0008336807485774087,35.99000000000001,35.98199999999999,35.976,35.99261840820313,36.00096490478506,36.42866321432952,0.0004815264962852303,0.00037298882011328895,0.00026374292412332693,0.030000000000001137,0.0008340283569641684,0.030000000000001137,0.0008340283569641684,0.030000000000001137,0.0008340283569641684,35.97,36.0,35.97,36.0,35.97,36.0,1.0,1.0,1.0,4,10,13,36.0,0.0,SAME,1.0
DPNB,2023-10-16,36.0,36.0,36.0,35.97,35.97,35.97,0.0,0.0,0.030000000000001137,0.0,0.0,0.0008340283569641116,0.0,0.0,36.0,35.988,35.979,35.996309204101564,36.00064326985671,36.35072444808778,0.0004815264962852303,0.00037298882011328895,0.00026374292412332693,0.030000000000001137,0.0008340283569641684,0.030000000000001137,0.0008340283569641684,0.030000000000001137,0.0008340283569641684,36.0,36.0,35.97,36.0,35.97,36.0,,1.0,1.0,0,10,16,36.01,0.00999999999999801,UP,2.0
DPNB,2023-10-17,36.01,36.0,36.0,36.0,35.97,35.97,0.00999999999999801,0.00999999999999801,0.00999999999999801,0.0002777777777778212,0.0002777777777778212,0.0002777777777778212,0.00027773920467390965,0.00027773920467390965,36.00333333333334,35.995999999999995,35.983,36.003154602050785,36.00376217990448,36.288774548435455,0.00016037507441527096,0.0003624711082760043,0.00026856666996614314,0.00999999999999801,0.00027777777777772254,0.03999999999999915,0.001112037809285492,0.03999999999999915,0.001112037809285492,36.0,36.01,35.97,36.01,35.97,36.01,1.0,1.0,1.0,1,10,17,36.01,0.0,SAME,1.0
DPNB,2023-10-18,36.01,36.01,36.0,36.0,35.97,35.97,0.0,0.00999999999999801,0.00999999999999801,0.0,0.0002777777777778212,0.0002777777777778212,0.0,0.00027773920467390965,36.006666666666675,36.004,35.987,36.00657730102539,36.00584145326965,36.238088266901734,0.00016037507441527096,0.0003624711082760043,0.00026856666996614314,0.00999999999999801,0.00027777777777772254,0.03999999999999915,0.001112037809285492,0.03999999999999915,0.001112037809285492,36.0,36.01,36.0,36.01,35.97,36.01,1.0,1.0,1.0,2,10,18,36.01,0.0,SAME,1.0
DPNB,2023-10-19,36.01,36.01,36.01,36.0,36.0,35.97,0.0,0.0,0.00999999999999801,0.0,0.0,0.0002777777777778212,0.0,0.0,36.01,36.00599999999999,35.991,36.0082886505127,36.007227635513104,36.1966176729196,0.00016037507441527096,0.00012422599828886273,0.00026856666996614314,0.00999999999999801,0.00027777777777772254,0.00999999999999801,0.00027777777777772254,0.03999999999999915,0.001112037809285492,36.01,36.01,36.0,36.01,35.97,36.01,,1.0,1.0,3,10,19,36.01,0.0,SAME,1.0
DPNB,2023-10-20,36.01,36.01,36.01,36.01,36.0,35.97,0.0,0.0,0.0,0.0,0.0,0.0,0.0,0.0,36.01,36.007999999999996,35.995,36.009144325256344,36.00815175700874,36.16268718693422,0.0,0.00012422599828886273,0.00026856666996614314,0.0,0.0,0.00999999999999801,0.00027777777777772254,0.03999999999999915,0.001112037809285492,36.01,36.01,36.0,36.01,35.97,36.01,,1.0,1.0,4,10,20,36.01,0.0,SAME,1.0
DPNB,2023-10-23,36.01,36.01,36.01,36.01,36.0,35.97,0.0,0.0,0.0,0.0,0.0,0.0,0.0,0.0,36.01,36.01,35.999,36.009572162628174,36.00876783800583,36.1349258802189,0.0,0.00012422599828886273,0.00026856666996614314,0.0,0.0,0.00999999999999801,0.00027777777777772254,0.03999999999999915,0.001112037809285492,36.01,36.01,36.01,36.01,35.97,36.01,,,1.0,0,10,23,36.01,0.0,SAME,1.0
DPNB,2023-10-25,36.01,36.01,36.01,36.01,36.01,35.97,0.0,0.0,0.0,0.0,0.0,0.0,0.0,0.0,36.01,36.01,36.003,36.00978608131409,36.009178558670556,36.112212083815464,0.0,0.0,0.00026856666996614314,0.0,0.0,0.0,0.0,0.03999999999999915,0.001112037809285492,36.01,36.01,36.01,36.01,35.97,36.01,,,1.0,2,10,25,36.01,0.0,SAME,1.0
DPNB,2023-10-26,36.01,36.01,36.01,36.01,36.01,35.97,0.0,0.0,0.0,0.0,0.0,0.0,0.0,0.0,36.01,36.01,36.007,36.00989304065705,36.009452372447036,36.09362806857629,0.0,0.0,0.00026856666996614314,0.0,0.0,0.0,0.0,0.03999999999999915,0.001112037809285492,36.01,36.01,36.01,36.01,36.0,36.01,,,1.0,3,10,26,36.01,0.0,SAME,1.0
DPNB,2023-10-27,36.01,36.01,36.01,36.01,36.01,36.0,0.0,0.0,0.0,0.0,0.0,0.0,0.0,0.0,36.01,36.01,36.007999999999996,36.009946520328526,36.00963491496469,36.078422965198776,0.0,0.0,8.784104613344335e-05,0.0,0.0,0.0,0.0,0.00999999999999801,0.00027777777777772254,36.01,36.01,36.01,36.01,36.0,36.01,,,1.0,4,10,27,36.01,0.0,SAME,1.0
DPNB,2023-10-30,36.01,36.01,36.01,36.01,36.01,36.0,0.0,0.0,0.0,0.0,0.0,0.0,0.0,0.0,36.01,36.01,36.009,36.00997326016426,36.00975660997646,36.06598242607173,0.0,0.0,8.784104613344335e-05,0.0,0.0,0.0,0.0,0.00999999999999801,0.00027777777777772254,36.01,36.01,36.01,36.01,36.0,36.01,,,1.0,0,10,30,35.99,-0.01999999999999602,DOWN,0.0
DPNB,2023-10-31,35.99,36.01,36.01,36.01,36.01,36.0,-0.01999999999999602,-0.01999999999999602,-0.01999999999999602,-0.0005554012774228179,-0.0005554012774228179,-0.0005554012774228179,-0.0005555555698444162,-0.0005555555698444162,36.003333333333345,36.00599999999999,36.007999999999996,35.999986630082134,36.003171073317645,36.052167439513234,0.00032066107684844484,0.000248383001990817,0.00020491830135242753,-0.01999999999999602,-0.0005554012774228276,-0.01999999999999602,-0.0005554012774228276,-0.00999999999999801,-0.00027777777777772254,35.99,36.01,35.99,36.01,35.99,36.01,0.0,0.0,0.0,1,10,31,35.99,0.0,SAME,1.0
DPNB,2023-11-02,35.99,35.99,36.01,36.01,36.01,36.01,0.0,-0.01999999999999602,-0.01999999999999602,0.0,-0.0005554012774228179,-0.0005554012774228179,0.0,-0.0005555555698444162,35.99666666666668,36.001999999999995,36.006,35.99499331504107,35.998780715545095,36.040864268692644,0.00032066107684844484,0.000248383001990817,0.00017563330521114663,-0.01999999999999602,-0.0005554012774228276,-0.01999999999999602,-0.0005554012774228276,-0.01999999999999602,-0.0005554012774228276,35.99,36.01,35.99,36.01,35.99,36.01,0.0,0.0,0.0,3,11,2,35.99,0.0,SAME,1.0
DPNB,2023-11-03,35.99,35.99,35.99,36.01,36.01,36.01,0.0,0.0,-0.01999999999999602,0.0,0.0,-0.0005554012774228179,0.0,0.0,35.99,35.998000000000005,36.004,35.99249665752053,35.9958538103634,36.031616219839435,0.00032066107684844484,0.000248383001990817,0.00017563330521114663,-0.01999999999999602,-0.0005554012774228276,-0.01999999999999602,-0.0005554012774228276,-0.01999999999999602,-0.0005554012774228276,35.99,35.99,35.99,36.01,35.99,36.01,,0.0,0.0,4,11,3,35.99,0.0,SAME,1.0
DPNB,2023-11-06,35.99,35.99,35.99,35.99,36.01,36.01,0.0,0.0,0.0,0.0,0.0,0.0,0.0,0.0,35.99,35.99400000000001,36.001999999999995,35.991248328760264,35.99390254024227,36.024049634414084,0.0,0.000248383001990817,0.00017563330521114663,0.0,0.0,-0.01999999999999602,-0.0005554012774228276,-0.01999999999999602,-0.0005554012774228276,35.99,35.99,35.99,36.01,35.99,36.01,,0.0,0.0,0,11,6,35.99,0.0,SAME,1.0
DPNB,2023-11-07,35.99,35.99,35.99,35.99,36.01,36.01,0.0,0.0,0.0,0.0,0.0,0.0,0.0,0.0,35.99,35.99,36.0,35.99062416438014,35.99260169349485,36.01785879179334,0.0,0.000248383001990817,0.00017563330521114663,0.0,0.0,-0.01999999999999602,-0.0005554012774228276,-0.01999999999999602,-0.0005554012774228276,35.99,35.99,35.99,35.99,35.99,36.01,,,0.0,1,11,7,34.89,-1.1000000000000014,DOWN,0.0
DPNB,2023-11-08,34.89,35.99,35.99,35.99,35.99,36.01,-1.1000000000000014,-1.1000000000000014,-1.1000000000000014,-0.03056404556821346,-0.03056404556821346,-0.03056404556821346,-0.031040866892256654,-0.031040866892256654,35.62333333333334,35.769999999999996,35.888,35.44031208219007,35.625067795663234,35.81279355692182,0.017646159936328756,0.013668656711581056,0.009647264176824561,-1.1000000000000014,-0.03056404556821343,-1.1000000000000014,-0.03056404556821343,-1.1199999999999974,-0.03110247153568446,34.89,35.99,34.89,35.99,34.89,36.01,0.0,0.0,0.0,2,11,8,34.89,0.0,SAME,1.0
DPNB,2023-11-09,34.89,34.89,35.99,35.99,35.99,36.01,0.0,-1.1000000000000014,-1.1000000000000014,0.0,-0.03056404556821346,-0.03056404556821346,0.0,-0.031040866892256654,35.256666666666675,35.55,35.775999999999996,35.16515604109503,35.38004519710883,35.64501291020876,0.017646159936328756,0.013668656711581056,0.009647264176824561,-1.1000000000000014,-0.03056404556821343,-1.1000000000000014,-0.03056404556821343,-1.1199999999999974,-0.03110247153568446,34.89,35.99,34.89,35.99,34.89,36.01,0.0,0.0,0.0,3,11,9,34.89,0.0,SAME,1.0
DPNB,2023-11-10,34.89,34.89,34.89,35.99,35.99,36.01,0.0,0.0,-1.1000000000000014,0.0,0.0,-0.03056404556821346,0.0,0.0,34.89,35.33,35.664,35.027578020547516,35.216696798072554,35.50773783562535,0.017646159936328756,0.013668656711581056,0.009647264176824561,-1.1000000000000014,-0.03056404556821343,-1.1000000000000014,-0.03056404556821343,-1.1199999999999974,-0.03110247153568446,34.89,34.89,34.89,35.99,34.89,36.01,,0.0,0.0,4,11,10,34.89,0.0,SAME,1.0
DPNB,2023-11-13,34.89,34.89,34.89,34.89,35.99,36.01,0.0,0.0,0.0,0.0,0.0,0.0,0.0,0.0,34.89,35.11,35.55200000000001,34.95878901027376,35.107797865381706,35.39542186551165,0.0,0.013668656711581056,0.009647264176824561,0.0,0.0,-1.1000000000000014,-0.03056404556821343,-1.1199999999999974,-0.03110247153568446,34.89,34.89,34.89,35.99,34.89,36.01,,0.0,0.0,0,11,13,34.89,0.0,SAME,1.0
DPNB,2023-11-14,34.89,34.89,34.89,34.89,35.99,36.01,0.0,0.0,0.0,0.0,0.0,0.0,0.0,0.0,34.89,34.89,35.440000000000005,34.92439450513688,35.03519857692114,35.303526980873166,0.0,0.013668656711581056,0.009647264176824561,0.0,0.0,-1.1000000000000014,-0.03056404556821343,-1.1199999999999974,-0.03110247153568446,34.89,34.89,34.89,34.89,34.89,35.99,,,0.0,1,11,14,34.89,0.0,SAME,1.0
DPNB,2023-11-15,34.89,34.89,34.89,34.89,34.89,35.99,0.0,0.0,0.0,0.0,0.0,0.0,0.0,0.0,34.89,34.89,35.33,34.90719725256844,34.98679905128076,35.228340257078045,0.0,0.0,0.009665199850473143,0.0,0.0,0.0,0.0,-1.1000000000000014,-0.03056404556821343,34.89,34.89,34.89,34.89,34.89,35.99,,,0.0,2,11,15,34.89,0.0,SAME,1.0
DPNB,2023-11-16,34.89,34.89,34.89,34.89,34.89,35.99,0.0,0.0,0.0,0.0,0.0,0.0,0.0,0.0,34.89,34.89,35.220000000000006,34.89859862628422,34.95453270085385,35.16682384670022,0.0,0.0,0.009665199850473143,0.0,0.0,0.0,0.0,-1.1000000000000014,-0.03056404556821343,34.89,34.89,34.89,34.89,34.89,35.99,,,0.0,3,11,16,34.89,0.0,SAME,1.0
DPNB,2023-11-17,34.89,34.89,34.89,34.89,34.89,35.99,0.0,0.0,0.0,0.0,0.0,0.0,0.0,0.0,34.89,34.89,35.11,34.89429931314211,34.933021800569236,35.11649223820927,0.0,0.0,0.009665199850473143,0.0,0.0,0.0,0.0,-1.1000000000000014,-0.03056404556821343,34.89,34.89,34.89,34.89,34.89,35.99,,,0.0,4,11,17,34.89,0.0,SAME,1.0
DPNB,2023-11-20,34.89,34.89,34.89,34.89,34.89,35.99,0.0,0.0,0.0,0.0,0.0,0.0,0.0,0.0,34.89,34.89,35.0,34.89214965657106,34.918681200379496,35.07531183126213,0.0,0.0,0.009665199850473143,0.0,0.0,0.0,0.0,-1.1000000000000014,-0.03056404556821343,34.89,34.89,34.89,34.89,34.89,35.99,,,0.0,0,11,20,34.89,0.0,SAME,1.0
DPNB,2023-11-21,34.89,34.89,34.89,34.89,34.89,35.99,0.0,0.0,0.0,0.0,0.0,0.0,0.0,0.0,34.89,34.89,34.89,34.891074828285525,34.909120800253,35.041618771032645,0.0,0.0,0.009665199850473143,0.0,0.0,0.0,0.0,-1.1000000000000014,-0.03056404556821343,34.89,34.89,34.89,34.89,34.89,34.89,,,,1,11,21,34.89,0.0,SAME,1.0
DPNB,2023-11-22,34.89,34.89,34.89,34.89,34.89,34.89,0.0,0.0,0.0,0.0,0.0,0.0,0.0,0.0,34.89,34.89,34.89,34.89053741414276,34.90274720016867,35.01405172175398,0.0,0.0,0.0,0.0,0.0,0.0,0.0,0.0,0.0,34.89,34.89,34.89,34.89,34.89,34.89,,,,2,11,22,34.89,0.0,SAME,1.0
DPNB,2023-11-23,34.89,34.89,34.89,34.89,34.89,34.89,0.0,0.0,0.0,0.0,0.0,0.0,0.0,0.0,34.89,34.89,34.89,34.890268707071385,34.898498133445784,34.99149686325325,0.0,0.0,0.0,0.0,0.0,0.0,0.0,0.0,0.0,34.89,34.89,34.89,34.89,34.89,34.89,,,,3,11,23,33.06,-1.8299999999999983,DOWN,0.0
DPNB,2023-11-24,33.06,34.89,34.89,34.89,34.89,34.89,-1.8299999999999983,-1.8299999999999983,-1.8299999999999983,-0.05245055889939809,-0.05245055889939809,-0.05245055889939809,-0.05387616280580461,-0.05387616280580461,34.28000000000001,34.524,34.707,33.975134353535694,34.28566542229719,34.64031561538903,0.0302823442997119,0.023456603031379645,0.016586323067091336,-1.8299999999999983,-0.05245055889939806,-1.8299999999999983,-0.05245055889939806,-1.8299999999999983,-0.05245055889939806,33.06,34.89,33.06,34.89,33.06,34.89,0.0,0.0,0.0,4,11,24,33.06,0.0,SAME,1.0
DPNB,2023-11-27,33.06,33.06,34.89,34.89,34.89,34.89,0.0,-1.8299999999999983,-1.8299999999999983,0.0,-0.05245055889939809,-0.05245055889939809,0.0,-0.05387616280580461,33.67000000000001,34.158,34.524,33.51756717676785,33.877110281531465,34.35298550350011,0.0302823442997119,0.023456603031379645,0.016586323067091336,-1.8299999999999983,-0.05245055889939806,-1.8299999999999983,-0.05245055889939806,-1.8299999999999983,-0.05245055889939806,33.06,34.89,33.06,34.89,33.06,34.89,0.0,0.0,0.0,0,11,27,33.06,0.0,SAME,1.0
DPNB,2023-11-28,33.06,33.06,33.06,34.89,34.89,34.89,0.0,0.0,-1.8299999999999983,0.0,0.0,-0.05245055889939809,0.0,0.0,33.06,33.79200000000001,34.341,33.28878358838392,33.604740187687646,34.11789723013645,0.0302823442997119,0.023456603031379645,0.016586323067091336,-1.8299999999999983,-0.05245055889939806,-1.8299999999999983,-0.05245055889939806,-1.8299999999999983,-0.05245055889939806,33.06,33.06,33.06,34.89,33.06,34.89,,0.0,0.0,1,11,28,33.06,0.0,SAME,1.0
DPNB,2023-11-29,33.06,33.06,33.06,33.06,34.89,34.89,0.0,0.0,0.0,0.0,0.0,0.0,0.0,0.0,33.06,33.426,34.158,33.17439179419196,33.4231601251251,33.92555227920255,0.0,0.023456603031379645,0.016586323067091336,0.0,0.0,-1.8299999999999983,-0.05245055889939806,-1.8299999999999983,-0.05245055889939806,33.06,33.06,33.06,34.89,33.06,34.89,,0.0,0.0,2,11,29,33.06,0.0,SAME,1.0
DPNB,2023-12-01,33.06,33.06,33.06,33.06,34.89,34.89,0.0,0.0,0.0,0.0,0.0,0.0,0.0,0.0,33.06,33.06,33.97500000000001,33.11719589709598,33.302106750083404,33.76817913752936,0.0,0.023456603031379645,0.016586323067091336,0.0,0.0,-1.8299999999999983,-0.05245055889939806,-1.8299999999999983,-0.05245055889939806,33.06,33.06,33.06,33.06,33.06,34.89,,,0.0,4,12,1,33.06,0.0,SAME,1.0
DPNB,2023-12-04,33.06,33.06,33.06,33.06,33.06,34.89,0.0,0.0,0.0,0.0,0.0,0.0,0.0,0.0,33.06,33.06,33.792,33.08859794854799,33.221404500055606,33.639419294342204,0.0,0.0,0.016586323067091336,0.0,0.0,0.0,0.0,-1.8299999999999983,-0.05245055889939806,33.06,33.06,33.06,33.06,33.06,34.89,,,0.0,0,12,4,33.06,0.0,SAME,1.0
DPNB,2023-12-05,33.06,33.06,33.06,33.06,33.06,34.89,0.0,0.0,0.0,0.0,0.0,0.0,0.0,0.0,33.06,33.06,33.609,33.074298974274,33.167603000037076,33.534070331734526,0.0,0.0,0.016586323067091336,0.0,0.0,0.0,0.0,-1.8299999999999983,-0.05245055889939806,33.06,33.06,33.06,33.06,33.06,34.89,,,0.0,1,12,5,33.06,0.0,SAME,1.0
DPNB,2023-12-06,33.06,33.06,33.06,33.06,33.06,34.89,0.0,0.0,0.0,0.0,0.0,0.0,0.0,0.0,33.06,33.06,33.426,33.067149487137,33.13173533335805,33.44787572596461,0.0,0.0,0.016586323067091336,0.0,0.0,0.0,0.0,-1.8299999999999983,-0.05245055889939806,33.06,33.06,33.06,33.06,33.06,34.89,,,0.0,2,12,6,33.06,0.0,SAME,1.0
DPNB,2023-12-07,33.06,33.06,33.06,33.06,33.06,34.89,0.0,0.0,0.0,0.0,0.0,0.0,0.0,0.0,33.06,33.06,33.243,33.0635747435685,33.10782355557204,33.37735286669832,0.0,0.0,0.016586323067091336,0.0,0.0,0.0,0.0,-1.8299999999999983,-0.05245055889939806,33.06,33.06,33.06,33.06,33.06,34.89,,,0.0,3,12,7,33.06,0.0,SAME,1.0
DPNB,2023-12-08,33.06,33.06,33.06,33.06,33.06,34.89,0.0,0.0,0.0,0.0,0.0,0.0,0.0,0.0,33.06,33.06,33.06,33.06178737178425,33.09188237038136,33.319652345480435,0.0,0.0,0.016586323067091336,0.0,0.0,0.0,0.0,-1.8299999999999983,-0.05245055889939806,33.06,33.06,33.06,33.06,33.06,33.06,,,,4,12,8,33.06,0.0,SAME,1.0
DPNB,2023-12-11,33.06,33.06,33.06,33.06,33.06,33.06,0.0,0.0,0.0,0.0,0.0,0.0,0.0,0.0,33.06,33.06,33.06,33.060893685892125,33.08125491358758,33.272442828120354,0.0,0.0,0.0,0.0,0.0,0.0,0.0,0.0,0.0,33.06,33.06,33.06,33.06,33.06,33.06,,,,0,12,11,33.06,0.0,SAME,1.0
DPNB,2023-12-12,33.06,33.06,33.06,33.06,33.06,33.06,0.0,0.0,0.0,0.0,0.0,0.0,0.0,0.0,33.06,33.06,33.06,33.060446842946064,33.07416994239172,33.2338168593712,0.0,0.0,0.0,0.0,0.0,0.0,0.0,0.0,0.0,33.06,33.06,33.06,33.06,33.06,33.06,,,,1,12,12,33.06,0.0,SAME,1.0
DPNB,2023-12-13,33.06,33.06,33.06,33.06,33.06,33.06,0.0,0.0,0.0,0.0,0.0,0.0,0.0,0.0,33.06,33.06,33.06,33.06022342147303,33.06944662826115,33.20221379403098,0.0,0.0,0.0,0.0,0.0,0.0,0.0,0.0,0.0,33.06,33.06,33.06,33.06,33.06,33.06,,,,2,12,13,33.06,0.0,SAME,1.0
DPNB,2023-12-14,33.06,33.06,33.06,33.06,33.06,33.06,0.0,0.0,0.0,0.0,0.0,0.0,0.0,0.0,33.06,33.06,33.06,33.06011171073652,33.0662977521741,33.1763567405708,0.0,0.0,0.0,0.0,0.0,0.0,0.0,0.0,0.0,33.06,33.06,33.06,33.06,33.06,33.06,,,,3,12,14,33.06,0.0,SAME,1.0
DPNB,2023-12-15,33.06,33.06,33.06,33.06,33.06,33.06,0.0,0.0,0.0,0.0,0.0,0.0,0.0,0.0,33.06,33.06,33.06,33.06005585536826,33.064198501449404,33.155200969557924,0.0,0.0,0.0,0.0,0.0,0.0,0.0,0.0,0.0,33.06,33.06,33.06,33.06,33.06,33.06,,,,4,12,15,33.06,0.0,SAME,1.0
DPNB,2023-12-18,33.06,33.06,33.06,33.06,33.06,33.06,0.0,0.0,0.0,0.0,0.0,0.0,0.0,0.0,33.06,33.06,33.06,33.06002792768413,33.06279900096627,33.13789170236557,0.0,0.0,0.0,0.0,0.0,0.0,0.0,0.0,0.0,33.06,33.06,33.06,33.06,33.06,33.06,,,,0,12,18,33.06,0.0,SAME,1.0
DPNB,2023-12-19,33.06,33.06,33.06,33.06,33.06,33.06,0.0,0.0,0.0,0.0,0.0,0.0,0.0,0.0,33.06,33.06,33.06,33.06001396384207,33.06186600064419,33.12372957466274,0.0,0.0,0.0,0.0,0.0,0.0,0.0,0.0,0.0,33.06,33.06,33.06,33.06,33.06,33.06,,,,1,12,19,33.06,0.0,SAME,1.0
DPNB,2023-12-20,33.06,33.06,33.06,33.06,33.06,33.06,0.0,0.0,0.0,0.0,0.0,0.0,0.0,0.0,33.06,33.06,33.06,33.060006981921035,33.06124400042946,33.112142379269514,0.0,0.0,0.0,0.0,0.0,0.0,0.0,0.0,0.0,33.06,33.06,33.06,33.06,33.06,33.06,,,,2,12,20,33.06,0.0,SAME,1.0
DPNB,2023-12-21,33.06,33.06,33.06,33.06,33.06,33.06,0.0,0.0,0.0,0.0,0.0,0.0,0.0,0.0,33.06,33.06,33.06,33.06000349096052,33.060829333619644,33.102661946675056,0.0,0.0,0.0,0.0,0.0,0.0,0.0,0.0,0.0,33.06,33.06,33.06,33.06,33.06,33.06,,,,3,12,21,33.06,0.0,SAME,1.0
DPNB,2023-12-22,33.06,33.06,33.06,33.06,33.06,33.06,0.0,0.0,0.0,0.0,0.0,0.0,0.0,0.0,33.06,33.06,33.06,33.060001745480264,33.060552889079766,33.094905229097776,0.0,0.0,0.0,0.0,0.0,0.0,0.0,0.0,0.0,33.06,33.06,33.06,33.06,33.06,33.06,,,,4,12,22,33.06,0.0,SAME,1.0
DPNB,2023-12-25,33.06,33.06,33.06,33.06,33.06,33.06,0.0,0.0,0.0,0.0,0.0,0.0,0.0,0.0,33.06,33.06,33.06,33.06000087274013,33.06036859271985,33.08855882380727,0.0,0.0,0.0,0.0,0.0,0.0,0.0,0.0,0.0,33.06,33.06,33.06,33.06,33.06,33.06,,,,0,12,25,35.17,2.1099999999999994,UP,2.0
DPNB,2023-12-26,35.17,33.06,33.06,33.06,33.06,33.06,2.1099999999999994,2.1099999999999994,2.1099999999999994,0.06382335148215357,0.06382335148215357,0.06382335148215357,0.061869354093012884,0.061869354093012884,33.76333333333334,33.482000000000006,33.271,34.11500043637007,33.76357906181323,33.46700267402413,0.0368484291588039,0.02854267049318951,0.020182715858908937,2.1099999999999994,0.06382335148215364,2.1099999999999994,0.06382335148215364,2.1099999999999994,0.06382335148215364,33.06,35.17,33.06,35.17,33.06,35.17,1.0,1.0,1.0,1,12,26,35.17,0.0,SAME,1.0
DPNB,2023-12-27,35.17,35.17,33.06,33.06,33.06,33.06,0.0,2.1099999999999994,2.1099999999999994,0.0,0.06382335148215357,0.06382335148215357,0.0,0.061869354093012884,34.466666666666676,33.90400000000001,33.482,34.642500218185035,34.23238604120883,33.776638551474285,0.0368484291588039,0.02854267049318951,0.020182715858908937,2.1099999999999994,0.06382335148215364,2.1099999999999994,0.06382335148215364,2.1099999999999994,0.06382335148215364,33.06,35.17,33.06,35.17,33.06,35.17,1.0,1.0,1.0,2,12,27,35.17,0.0,SAME,1.0
DPNB,2023-12-28,35.17,35.17,35.17,33.06,33.06,33.06,0.0,0.0,2.1099999999999994,0.0,0.0,0.06382335148215357,0.0,0.0,35.17,34.32600000000001,33.693,34.90625010909252,34.544924027472554,34.02997699666078,0.0368484291588039,0.02854267049318951,0.020182715858908937,2.1099999999999994,0.06382335148215364,2.1099999999999994,0.06382335148215364,2.1099999999999994,0.06382335148215364,35.17,35.17,33.06,35.17,33.06,35.17,,1.0,1.0,3,12,28,35.17,0.0,SAME,1.0
DPNB,2023-12-29,35.17,35.17,35.17,35.17,33.06,33.06,0.0,0.0,0.0,0.0,0.0,0.0,0.0,0.0,35.17,34.748000000000005,33.904,35.038125054546256,34.753282684981706,34.237253906358816,0.0,0.02854267049318951,0.020182715858908937,0.0,0.0,2.1099999999999994,0.06382335148215364,2.1099999999999994,0.06382335148215364,35.17,35.17,33.06,35.17,33.06,35.17,,1.0,1.0,4,12,29,35.17,0.0,SAME,1.0
DPNB,2024-01-01,35.17,35.17,35.17,35.17,33.06,33.06,0.0,0.0,0.0,0.0,0.0,0.0,0.0,0.0,35.17,35.17,34.114999999999995,35.10406252727313,34.89218845665447,34.406844105202666,0.0,0.02854267049318951,0.020182715858908937,0.0,0.0,2.1099999999999994,0.06382335148215364,2.1099999999999994,0.06382335148215364,35.17,35.17,35.17,35.17,33.06,35.17,,,1.0,0,1,1,35.17,0.0,SAME,1.0
DPNB,2024-01-03,35.17,35.17,35.17,35.17,35.17,33.06,0.0,0.0,0.0,0.0,0.0,0.0,0.0,0.0,35.17,35.17,34.326,35.137031263636565,34.98479230443632,34.545599722438546,0.0,0.0,0.020182715858908937,0.0,0.0,0.0,0.0,2.1099999999999994,0.06382335148215364,35.17,35.17,35.17,35.17,33.06,35.17,,,1.0,2,1,3,35.17,0.0,SAME,1.0
DPNB,2024-01-04,35.17,35.17,35.17,35.17,35.17,33.06,0.0,0.0,0.0,0.0,0.0,0.0,0.0,0.0,35.17,35.17,34.537,35.15351563181828,35.046528202957546,34.659127045631536,0.0,0.0,0.020182715858908937,0.0,0.0,0.0,0.0,2.1099999999999994,0.06382335148215364,35.17,35.17,35.17,35.17,33.06,35.17,,,1.0,3,1,4,35.17,0.0,SAME,1.0
DPNB,2024-01-05,35.17,35.17,35.17,35.17,35.17,33.06,0.0,0.0,0.0,0.0,0.0,0.0,0.0,0.0,35.17,35.17,34.748000000000005,35.16175781590914,35.08768546863837,34.75201303733489,0.0,0.0,0.020182715858908937,0.0,0.0,0.0,0.0,2.1099999999999994,0.06382335148215364,35.17,35.17,35.17,35.17,33.06,35.17,,,1.0,4,1,5,35.17,0.0,SAME,1.0
DPNB,2024-01-08,35.17,35.17,35.17,35.17,35.17,33.06,0.0,0.0,0.0,0.0,0.0,0.0,0.0,0.0,35.17,35.17,34.959,35.16587890795457,35.11512364575891,34.828010666910366,0.0,0.0,0.020182715858908937,0.0,0.0,0.0,0.0,2.1099999999999994,0.06382335148215364,35.17,35.17,35.17,35.17,33.06,35.17,,,1.0,0,1,8,35.17,0.0,SAME,1.0
DPNB,2024-01-10,35.17,35.17,35.17,35.17,35.17,33.06,0.0,0.0,0.0,0.0,0.0,0.0,0.0,0.0,35.17,35.17,35.17,35.16793945397728,35.13341576383928,34.89019054565394,0.0,0.0,0.020182715858908937,0.0,0.0,0.0,0.0,2.1099999999999994,0.06382335148215364,35.17,35.17,35.17,35.17,35.17,35.17,,,,2,1,10,35.17,0.0,SAME,1.0
DPNB,2024-01-11,35.17,35.17,35.17,35.17,35.17,35.17,0.0,0.0,0.0,0.0,0.0,0.0,0.0,0.0,35.17,35.17,35.17,35.16896972698864,35.14561050922619,34.94106499189868,0.0,0.0,0.0,0.0,0.0,0.0,0.0,0.0,0.0,35.17,35.17,35.17,35.17,35.17,35.17,,,,3,1,11,35.17,0.0,SAME,1.0
DPNB,2024-01-15,35.17,35.17,35.17,35.17,35.17,35.17,0.0,0.0,0.0,0.0,0.0,0.0,0.0,0.0,35.17,35.17,35.17,35.16948486349432,35.15374033948413,34.98268953882619,0.0,0.0,0.0,0.0,0.0,0.0,0.0,0.0,0.0,35.17,35.17,35.17,35.17,35.17,35.17,,,,0,1,15,35.17,0.0,SAME,1.0
DPNB,2024-01-16,35.17,35.17,35.17,35.17,35.17,35.17,0.0,0.0,0.0,0.0,0.0,0.0,0.0,0.0,35.17,35.17,35.17,35.16974243174716,35.159160226322754,35.01674598631234,0.0,0.0,0.0,0.0,0.0,0.0,0.0,0.0,0.0,35.17,35.17,35.17,35.17,35.17,35.17,,,,1,1,16,35.17,0.0,SAME,1.0
DPNB,2024-01-17,35.17,35.17,35.17,35.17,35.17,35.17,0.0,0.0,0.0,0.0,0.0,0.0,0.0,0.0,35.17,35.17,35.17,35.169871215873584,35.16277348421517,35.04461035243737,0.0,0.0,0.0,0.0,0.0,0.0,0.0,0.0,0.0,35.17,35.17,35.17,35.17,35.17,35.17,,,,2,1,17,35.17,0.0,SAME,1.0
DPNB,2024-01-18,35.17,35.17,35.17,35.17,35.17,35.17,0.0,0.0,0.0,0.0,0.0,0.0,0.0,0.0,35.17,35.17,35.17,35.16993560793679,35.16518232281012,35.06740847017603,0.0,0.0,0.0,0.0,0.0,0.0,0.0,0.0,0.0,35.17,35.17,35.17,35.17,35.17,35.17,,,,3,1,18,35.0,-0.1700000000000017,DOWN,0.0
DPNB,2024-01-19,35.0,35.17,35.17,35.17,35.17,35.17,-0.1700000000000017,-0.1700000000000017,-0.1700000000000017,-0.0048336650554450244,-0.0048336650554450244,-0.0048336650554450244,-0.00484538499647745,-0.00484538499647745,35.113333333333344,35.136,35.153000000000006,35.0849678039684,35.11012154854008,35.05515238468948,0.002790717820912959,0.002161680728861516,0.0015285391021580494,-0.1700000000000017,-0.00483366505544503,-0.1700000000000017,-0.00483366505544503,-0.1700000000000017,-0.00483366505544503,35.0,35.17,35.0,35.17,35.0,35.17,0.0,0.0,0.0,4,1,19,35.0,0.0,SAME,1.0
DPNB,2024-01-22,35.0,35.0,35.17,35.17,35.17,35.17,0.0,-0.1700000000000017,-0.1700000000000017,0.0,-0.0048336650554450244,-0.0048336650554450244,0.0,-0.00484538499647745,35.05666666666668,35.102,35.136,35.0424839019842,35.07341436569339,35.0451246783823,0.002790717820912959,0.002161680728861516,0.0015285391021580494,-0.1700000000000017,-0.00483366505544503,-0.1700000000000017,-0.00483366505544503,-0.1700000000000017,-0.00483366505544503,35.0,35.17,35.0,35.17,35.0,35.17,0.0,0.0,0.0,0,1,22,35.0,0.0,SAME,1.0
DPNB,2024-01-23,35.0,35.0,35.0,35.17,35.17,35.17,0.0,0.0,-0.1700000000000017,0.0,0.0,-0.0048336650554450244,0.0,0.0,35.0,35.068,35.119,35.0212419509921,35.04894291046226,35.0369201914037,0.002790717820912959,0.002161680728861516,0.0015285391021580494,-0.1700000000000017,-0.00483366505544503,-0.1700000000000017,-0.00483366505544503,-0.1700000000000017,-0.00483366505544503,35.0,35.0,35.0,35.17,35.0,35.17,,0.0,0.0,1,1,23,35.0,0.0,SAME,1.0
DPNB,2024-01-24,35.0,35.0,35.0,35.0,35.17,35.17,0.0,0.0,0.0,0.0,0.0,0.0,0.0,0.0,35.0,35.034000000000006,35.102,35.01062097549605,35.03262860697484,35.030207429330304,0.0,0.002161680728861516,0.0015285391021580494,0.0,0.0,-0.1700000000000017,-0.00483366505544503,-0.1700000000000017,-0.00483366505544503,35.0,35.0,35.0,35.17,35.0,35.17,,0.0,0.0,2,1,24,35.0,0.0,SAME,1.0
DPNB,2024-01-25,35.0,35.0,35.0,35.0,35.17,35.17,0.0,0.0,0.0,0.0,0.0,0.0,0.0,0.0,35.0,35.0,35.085,35.00531048774803,35.021752404649895,35.024715169452065,0.0,0.002161680728861516,0.0015285391021580494,0.0,0.0,-0.1700000000000017,-0.00483366505544503,-0.1700000000000017,-0.00483366505544503,35.0,35.0,35.0,35.0,35.0,35.17,,,0.0,3,1,25,35.01,0.00999999999999801,UP,2.0
DPNB,2024-01-26,35.01,35.0,35.0,35.0,35.0,35.17,0.00999999999999801,0.00999999999999801,0.00999999999999801,0.0002857142857142225,0.0002857142857142225,0.0002857142857142225,0.0002856734771605647,0.0002856734771605647,35.00333333333334,35.001999999999995,35.069,35.00765524387401,35.01783493643326,35.022039684097145,0.0001649572194181183,0.00012777531255156528,0.0015411959606072862,0.00999999999999801,0.00028571428571422887,0.00999999999999801,0.00028571428571422887,-0.1600000000000037,-0.004549331816889499,35.0,35.01,35.0,35.01,35.0,35.17,1.0,1.0,0.05882352941175241,4,1,26,35.01,0.0,SAME,1.0
DPNB,2024-01-29,35.01,35.01,35.0,35.0,35.0,35.17,0.0,0.00999999999999801,0.00999999999999801,0.0,0.0002857142857142225,0.0002857142857142225,0.0,0.0002856734771605647,35.006666666666675,35.004,35.053,35.008827621937,35.015223290955504,35.01985065062493,0.0001649572194181183,0.00012777531255156528,0.0015411959606072862,0.00999999999999801,0.00028571428571422887,0.00999999999999801,0.00028571428571422887,-0.1600000000000037,-0.004549331816889499,35.0,35.01,35.0,35.01,35.0,35.17,1.0,1.0,0.05882352941175241,0,1,29,35.01,0.0,SAME,1.0
DPNB,2024-01-30,35.01,35.01,35.01,35.0,35.0,35.17,0.0,0.0,0.00999999999999801,0.0,0.0,0.0002857142857142225,0.0,0.0,35.01,35.006,35.037,35.009413810968496,35.01348219397033,35.01805962323858,0.0001649572194181183,0.00012777531255156528,0.0015411959606072862,0.00999999999999801,0.00028571428571422887,0.00999999999999801,0.00028571428571422887,-0.1600000000000037,-0.004549331816889499,35.01,35.01,35.0,35.01,35.0,35.17,,1.0,0.05882352941175241,1,1,30,35.01,0.0,SAME,1.0
DPNB,2024-01-31,35.01,35.01,35.01,35.01,35.0,35.17,0.0,0.0,0.0,0.0,0.0,0.0,0.0,0.0,35.01,35.007999999999996,35.021,35.00970690548425,35.01232146264689,35.0165942371952,0.0,0.00012777531255156528,0.0015411959606072862,0.0,0.0,0.00999999999999801,0.00028571428571422887,-0.1600000000000037,-0.004549331816889499,35.01,35.01,35.0,35.01,35.0,35.17,,1.0,0.05882352941175241,2,1,31,35.01,0.0,SAME,1.0
DPNB,2024-02-01,35.01,35.01,35.01,35.01,35.0,35.17,0.0,0.0,0.0,0.0,0.0,0.0,0.0,0.0,35.01,35.01,35.005,35.00985345274212,35.011547641764594,35.01539528497789,0.0,0.00012777531255156528,0.0015411959606072862,0.0,0.0,0.00999999999999801,0.00028571428571422887,-0.1600000000000037,-0.004549331816889499,35.01,35.01,35.01,35.01,35.0,35.01,,,1.0,3,2,1,35.01,0.0,SAME,1.0
DPNB,2024-02-02,35.01,35.01,35.01,35.01,35.01,35.0,0.0,0.0,0.0,0.0,0.0,0.0,0.0,0.0,35.01,35.01,35.006,35.00992672637106,35.0110317611764,35.01441432407282,0.0,0.0,9.035079030756256e-05,0.0,0.0,0.0,0.0,0.00999999999999801,0.00028571428571422887,35.01,35.01,35.01,35.01,35.0,35.01,,,1.0,4,2,2,35.01,0.0,SAME,1.0
DPNB,2024-02-05,35.01,35.01,35.01,35.01,35.01,35.0,0.0,0.0,0.0,0.0,0.0,0.0,0.0,0.0,35.01,35.01,35.007,35.009963363185534,35.010687840784264,35.01361171969594,0.0,0.0,9.035079030756256e-05,0.0,0.0,0.0,0.0,0.00999999999999801,0.00028571428571422887,35.01,35.01,35.01,35.01,35.0,35.01,,,1.0,0,2,5,35.01,0.0,SAME,1.0
DPNB,2024-02-06,35.01,35.01,35.01,35.01,35.01,35.0,0.0,0.0,0.0,0.0,0.0,0.0,0.0,0.0,35.01,35.01,35.007999999999996,35.00998168159276,35.01045856052284,35.012955043387585,0.0,0.0,9.035079030756256e-05,0.0,0.0,0.0,0.0,0.00999999999999801,0.00028571428571422887,35.01,35.01,35.01,35.01,35.0,35.01,,,1.0,1,2,6,35.01,0.0,SAME,1.0
DPNB,2024-02-07,35.01,35.01,35.01,35.01,35.01,35.0,0.0,0.0,0.0,0.0,0.0,0.0,0.0,0.0,35.01,35.01,35.009,35.00999084079638,35.01030570701523,35.012417762771655,0.0,0.0,9.035079030756256e-05,0.0,0.0,0.0,0.0,0.00999999999999801,0.00028571428571422887,35.01,35.01,35.01,35.01,35.0,35.01,,,1.0,2,2,7,35.01,0.0,SAME,1.0
DPNB,2024-02-08,35.01,35.01,35.01,35.01,35.01,35.0,0.0,0.0,0.0,0.0,0.0,0.0,0.0,0.0,35.01,35.01,35.01,35.009995420398184,35.01020380467682,35.01197816954044,0.0,0.0,9.035079030756256e-05,0.0,0.0,0.0,0.0,0.00999999999999801,0.00028571428571422887,35.01,35.01,35.01,35.01,35.01,35.01,,,,3,2,8,35.01,0.0,SAME,1.0
DPNB,2024-02-09,35.01,35.01,35.01,35.01,35.01,35.01,0.0,0.0,0.0,0.0,0.0,0.0,0.0,0.0,35.01,35.01,35.01,35.00999771019909,35.01013586978455,35.01161850235127,0.0,0.0,0.0,0.0,0.0,0.0,0.0,0.0,0.0,35.01,35.01,35.01,35.01,35.01,35.01,,,,4,2,9,35.01,0.0,SAME,1.0
DPNB,2024-02-12,35.01,35.01,35.01,35.01,35.01,35.01,0.0,0.0,0.0,0.0,0.0,0.0,0.0,0.0,35.01,35.01,35.01,35.00999885509954,35.01009057985637,35.01132422919649,0.0,0.0,0.0,0.0,0.0,0.0,0.0,0.0,0.0,35.01,35.01,35.01,35.01,35.01,35.01,,,,0,2,12,35.01,0.0,SAME,1.0
DPNB,2024-02-13,35.01,35.01,35.01,35.01,35.01,35.01,0.0,0.0,0.0,0.0,0.0,0.0,0.0,0.0,35.01,35.01,35.01,35.00999942754977,35.01006038657091,35.01108346025167,0.0,0.0,0.0,0.0,0.0,0.0,0.0,0.0,0.0,35.01,35.01,35.01,35.01,35.01,35.01,,,,1,2,13,35.01,0.0,SAME,1.0
DPNB,2024-02-14,35.01,35.01,35.01,35.01,35.01,35.01,0.0,0.0,0.0,0.0,0.0,0.0,0.0,0.0,35.01,35.01,35.01,35.00999971377489,35.01004025771394,35.010886467478635,0.0,0.0,0.0,0.0,0.0,0.0,0.0,0.0,0.0,35.01,35.01,35.01,35.01,35.01,35.01,,,,2,2,14,35.01,0.0,SAME,1.0
DPNB,2024-02-15,35.01,35.01,35.01,35.01,35.01,35.01,0.0,0.0,0.0,0.0,0.0,0.0,0.0,0.0,35.01,35.01,35.01,35.00999985688745,35.01002683847596,35.01072529157343,0.0,0.0,0.0,0.0,0.0,0.0,0.0,0.0,0.0,35.01,35.01,35.01,35.01,35.01,35.01,,,,3,2,15,35.26,0.25,UP,2.0
DPNB,2024-02-16,35.26,35.01,35.01,35.01,35.01,35.01,0.25,0.25,0.25,0.0071408169094544505,0.0071408169094544505,0.0071408169094544505,0.00711544200314987,0.00711544200314987,35.09333333333334,35.059999999999995,35.035,35.13499992844372,35.09335122565064,35.0560479658328,0.004122752564893348,0.003193470404866129,0.002258124578812719,0.25,0.007140816909454442,0.25,0.007140816909454442,0.25,0.007140816909454442,35.01,35.26,35.01,35.26,35.01,35.26,1.0,1.0,1.0,4,2,16,35.26,0.0,SAME,1.0
DPNB,2024-02-19,35.26,35.26,35.01,35.01,35.01,35.01,0.0,0.25,0.25,0.0,0.0071408169094544505,0.0071408169094544505,0.0,0.00711544200314987,35.17666666666668,35.11,35.059999999999995,35.19749996422186,35.14890081710043,35.0931301538632,0.004122752564893348,0.003193470404866129,0.002258124578812719,0.25,0.007140816909454442,0.25,0.007140816909454442,0.25,0.007140816909454442,35.01,35.26,35.01,35.26,35.01,35.26,1.0,1.0,1.0,0,2,19,35.02,-0.23999999999999488,DOWN,0.0
DPNB,2024-02-20,35.02,35.26,35.26,35.01,35.01,35.01,-0.23999999999999488,-0.23999999999999488,0.010000000000005116,-0.006806579693703796,-0.006806579693703796,0.00028563267637826684,-0.006829850112018258,-0.006829850112018258,35.180000000000014,35.112,35.061,35.108749982110936,35.105933878066956,35.07983376225171,0.006974365744952347,0.004931998843201267,0.0032881879814045493,0.010000000000005116,0.0002856326763783238,0.010000000000005116,0.0002856326763783238,0.010000000000005116,0.0002856326763783238,35.02,35.26,35.01,35.26,35.01,35.26,0.0,0.040000000000020464,0.040000000000020464,1,2,20,35.02,0.0,SAME,1.0
DPNB,2024-02-26,35.02,35.02,35.26,35.26,35.01,35.01,0.0,-0.23999999999999488,-0.23999999999999488,0.0,-0.006806579693703796,-0.006806579693703796,0.0,-0.006829850112018258,35.100000000000016,35.114000000000004,35.062,35.06437499105547,35.07728925204464,35.06895489638776,0.003929780618405817,0.004931998843201267,0.0032881879814045493,-0.23999999999999488,-0.006806579693703769,0.010000000000005116,0.0002856326763783238,0.010000000000005116,0.0002856326763783238,35.02,35.26,35.01,35.26,35.01,35.26,0.0,0.040000000000020464,0.040000000000020464,0,2,26,35.02,0.0,SAME,1.0
DPNB,2024-02-27,35.02,35.02,35.02,35.26,35.01,35.01,0.0,0.0,-0.23999999999999488,0.0,0.0,-0.006806579693703796,0.0,0.0,35.02,35.116,35.063,35.04218749552774,35.058192834696435,35.06005400613544,0.003929780618405817,0.004931998843201267,0.0032881879814045493,-0.23999999999999488,-0.006806579693703769,0.010000000000005116,0.0002856326763783238,0.010000000000005116,0.0002856326763783238,35.02,35.02,35.02,35.26,35.01,35.26,,0.0,0.040000000000020464,1,2,27,35.02,0.0,SAME,1.0
DPNB,2024-02-28,35.02,35.02,35.02,35.02,35.26,35.01,0.0,0.0,0.0,0.0,0.0,0.0,0.0,0.0,35.02,35.068,35.06400000000001,35.031093747763876,35.04546188979763,35.052771459565356,0.0,0.003043994977859403,0.0032881879814045493,0.0,0.0,-0.23999999999999488,-0.006806579693703769,0.010000000000005116,0.0002856326763783238,35.02,35.02,35.02,35.26,35.01,35.26,,0.0,0.040000000000020464,2,2,28,35.02,0.0,SAME,1.0
DPNB,2024-02-29,35.02,35.02,35.02,35.02,35.26,35.01,0.0,0.0,0.0,0.0,0.0,0.0,0.0,0.0,35.02,35.02,35.065,35.025546873881936,35.03697459319842,35.04681301237166,0.0,0.003043994977859403,0.0032881879814045493,0.0,0.0,-0.23999999999999488,-0.006806579693703769,0.010000000000005116,0.0002856326763783238,35.02,35.02,35.02,35.02,35.01,35.26,,,0.040000000000020464,3,2,29,35.02,0.0,SAME,1.0
DPNB,2024-03-01,35.02,35.02,35.02,35.02,35.02,35.01,0.0,0.0,0.0,0.0,0.0,0.0,0.0,0.0,35.02,35.02,35.065999999999995,35.022773436940966,35.031316395465616,35.041937919213176,0.0,0.0,0.0032881879814045493,0.0,0.0,0.0,0.0,0.010000000000005116,0.0002856326763783238,35.02,35.02,35.02,35.02,35.01,35.26,,,0.040000000000020464,4,3,1,35.99,0.9699999999999989,UP,2.0
DPNB,2024-03-04,35.99,35.02,35.02,35.02,35.02,35.01,0.9699999999999989,0.9699999999999989,0.9699999999999989,0.027698458023986294,0.027698458023986294,0.027698458023986294,0.02732179523323354,0.02732179523323354,35.34333333333334,35.214,35.164,35.50638671847048,35.35087759697708,35.2143128429926,0.01599171219628243,0.012387127002706994,0.009344886717863127,0.9699999999999989,0.02769845802398626,0.9699999999999989,0.02769845802398626,0.980000000000004,0.027992002285061525,35.02,35.99,35.02,35.99,35.01,35.99,1.0,1.0,1.0,0,3,4,35.99,0.0,SAME,1.0
DPNB,2024-03-05,35.99,35.99,35.02,35.02,35.02,35.01,0.0,0.9699999999999989,0.9699999999999989,0.0,0.027698458023986294,0.027698458023986294,0.0,0.02732179523323354,35.66666666666668,35.408,35.262,35.748193359235245,35.56391839798472,35.355346871539396,0.01599171219628243,0.012387127002706994,0.009344886717863127,0.9699999999999989,0.02769845802398626,0.9699999999999989,0.02769845802398626,0.980000000000004,0.027992002285061525,35.02,35.99,35.02,35.99,35.02,35.99,1.0,1.0,1.0,1,3,5,35.99,0.0,SAME,1.0
DPNB,2024-03-06,35.99,35.99,35.99,35.02,35.02,35.26,0.0,0.0,0.9699999999999989,0.0,0.0,0.027698458023986294,0.0,0.0,35.99,35.602000000000004,35.335,35.86909667961763,35.705945598656484,35.470738349441326,0.01599171219628243,0.012387127002706994,0.009248946162290696,0.9699999999999989,0.02769845802398626,0.9699999999999989,0.02769845802398626,0.730000000000004,0.020703346568349518,35.99,35.99,35.02,35.99,35.02,35.99,,1.0,1.0,2,3,6,35.99,0.0,SAME,1.0
DPNB,2024-03-07,35.99,35.99,35.99,35.99,35.02,35.26,0.0,0.0,0.0,0.0,0.0,0.0,0.0,0.0,35.99,35.79600000000001,35.408,35.92954833980882,35.80063039910432,35.56514955863381,0.0,0.012387127002706994,0.009248946162290696,0.0,0.0,0.9699999999999989,0.02769845802398626,0.730000000000004,0.020703346568349518,35.99,35.99,35.02,35.99,35.02,35.99,,1.0,1.0,3,3,7,35.99,0.0,SAME,1.0
DPNB,2024-03-08,35.99,35.99,35.99,35.99,35.02,35.02,0.0,0.0,0.0,0.0,0.0,0.0,0.0,0.0,35.99,35.99,35.50500000000001,35.95977416990441,35.863753599402884,35.642395093427666,0.0,0.012387127002706994,0.008759021503036516,0.0,0.0,0.9699999999999989,0.02769845802398626,0.9699999999999989,0.02769845802398626,35.99,35.99,35.99,35.99,35.02,35.99,,,1.0,4,3,8,35.99,0.0,SAME,1.0
DPNB,2024-03-11,35.99,35.99,35.99,35.99,35.99,35.02,0.0,0.0,0.0,0.0,0.0,0.0,0.0,0.0,35.99,35.99,35.602000000000004,35.9748870849522,35.90583573293526,35.70559598553172,0.0,0.0,0.008759021503036516,0.0,0.0,0.0,0.0,0.9699999999999989,0.02769845802398626,35.99,35.99,35.99,35.99,35.02,35.99,,,1.0,0,3,11,35.99,0.0,SAME,1.0
DPNB,2024-03-12,35.99,35.99,35.99,35.99,35.99,35.02,0.0,0.0,0.0,0.0,0.0,0.0,0.0,0.0,35.99,35.99,35.699,35.982443542476105,35.933890488623504,35.757305806344135,0.0,0.0,0.008759021503036516,0.0,0.0,0.0,0.0,0.9699999999999989,0.02769845802398626,35.99,35.99,35.99,35.99,35.02,35.99,,,1.0,1,3,12,35.99,0.0,SAME,1.0
DPNB,2024-03-13,35.99,35.99,35.99,35.99,35.99,35.02,0.0,0.0,0.0,0.0,0.0,0.0,0.0,0.0,35.99,35.99,35.796,35.98622177123805,35.95259365908234,35.79961384155429,0.0,0.0,0.008759021503036516,0.0,0.0,0.0,0.0,0.9699999999999989,0.02769845802398626,35.99,35.99,35.99,35.99,35.02,35.99,,,1.0,2,3,13,35.99,0.0,SAME,1.0
DPNB,2024-03-14,35.99,35.99,35.99,35.99,35.99,35.02,0.0,0.0,0.0,0.0,0.0,0.0,0.0,0.0,35.99,35.99,35.893,35.98811088561902,35.96506243938823,35.83422950672624,0.0,0.0,0.008759021503036516,0.0,0.0,0.0,0.0,0.9699999999999989,0.02769845802398626,35.99,35.99,35.99,35.99,35.02,35.99,,,1.0,3,3,14,35.99,0.0,SAME,1.0
DPNB,2024-03-15,35.99,35.99,35.99,35.99,35.99,35.02,0.0,0.0,0.0,0.0,0.0,0.0,0.0,0.0,35.99,35.99,35.99,35.989055442809516,35.97337495959215,35.86255141459419,0.0,0.0,0.008759021503036516,0.0,0.0,0.0,0.0,0.9699999999999989,0.02769845802398626,35.99,35.99,35.99,35.99,35.99,35.99,,,,4,3,15,35.99,0.0,SAME,1.0
DPNB,2024-03-18,35.99,35.99,35.99,35.99,35.99,35.99,0.0,0.0,0.0,0.0,0.0,0.0,0.0,0.0,35.99,35.99,35.99,35.989527721404755,35.9789166397281,35.885723884667975,0.0,0.0,0.0,0.0,0.0,0.0,0.0,0.0,0.0,35.99,35.99,35.99,35.99,35.99,35.99,,,,0,3,18,34.63,-1.3599999999999994,DOWN,0.0
DPNB,2024-03-19,34.63,35.99,35.99,35.99,35.99,35.99,-1.3599999999999994,-1.3599999999999994,-1.3599999999999994,-0.037788274520700216,-0.037788274520700216,-0.037788274520700216,-0.03852076367660876,-0.03852076367660876,35.53666666666668,35.718,35.854,35.309763860702375,35.52927775981873,35.65741045109198,0.021817070466735086,0.016899430116138352,0.01194970163331216,-1.3599999999999994,-0.037788274520700174,-1.3599999999999994,-0.037788274520700174,-1.3599999999999994,-0.037788274520700174,34.63,35.99,34.63,35.99,34.63,35.99,0.0,0.0,0.0,1,3,19,34.63,0.0,SAME,1.0
DPNB,2024-03-20,34.63,34.63,35.99,35.99,35.99,35.99,0.0,-1.3599999999999994,-1.3599999999999994,0.0,-0.037788274520700216,-0.037788274520700216,0.0,-0.03852076367660876,35.08333333333334,35.446000000000005,35.718,34.96988193035119,35.22951850654582,35.47060855089343,0.021817070466735086,0.016899430116138352,0.01194970163331216,-1.3599999999999994,-0.037788274520700174,-1.3599999999999994,-0.037788274520700174,-1.3599999999999994,-0.037788274520700174,34.63,35.99,34.63,35.99,34.63,35.99,0.0,0.0,0.0,2,3,20,34.63,0.0,SAME,1.0
DPNB,2024-03-21,34.63,34.63,34.63,35.99,35.99,35.99,0.0,0.0,-1.3599999999999994,0.0,0.0,-0.037788274520700216,0.0,0.0,34.63,35.174,35.582,34.799940965175594,35.029679004363885,35.31777063254917,0.021817070466735086,0.016899430116138352,0.01194970163331216,-1.3599999999999994,-0.037788274520700174,-1.3599999999999994,-0.037788274520700174,-1.3599999999999994,-0.037788274520700174,34.63,34.63,34.63,35.99,34.63,35.99,,0.0,0.0,3,3,21,35.99,1.3599999999999994,UP,2.0
DPNB,2024-03-22,35.99,34.63,34.63,34.63,35.99,35.99,1.3599999999999994,1.3599999999999994,1.3599999999999994,0.03927230724805075,0.03927230724805075,0.03927230724805075,0.03852076367660867,0.03852076367660867,35.08333333333335,35.174,35.582,35.394970482587794,35.349786002909255,35.43999415390387,0.022673877161357246,0.027248061110882155,0.018166047611848573,1.3599999999999994,0.0392723072480508,0.0,0.0,0.0,0.0,34.63,35.99,34.63,35.99,34.63,35.99,1.0,1.0,1.0,4,3,22,35.99,0.0,SAME,1.0
DPNB,2024-03-25,35.99,35.99,34.63,34.63,35.99,35.99,0.0,1.3599999999999994,1.3599999999999994,0.0,0.03927230724805075,0.03927230724805075,0.0,0.03852076367660867,35.53666666666668,35.174,35.582,35.692485241293895,35.56319066860617,35.539995216830434,0.022673877161357246,0.027248061110882155,0.018166047611848573,1.3599999999999994,0.0392723072480508,0.0,0.0,0.0,0.0,34.63,35.99,34.63,35.99,34.63,35.99,1.0,1.0,1.0,0,3,25,35.99,0.0,SAME,1.0
DPNB,2024-03-26,35.99,35.99,35.99,34.63,34.63,35.99,0.0,0.0,1.3599999999999994,0.0,0.0,0.03927230724805075,0.0,0.0,35.99,35.446000000000005,35.58200000000001,35.84124262064695,35.705460445737444,35.62181426831581,0.022673877161357246,0.017563109727976624,0.018166047611848573,1.3599999999999994,0.0392723072480508,1.3599999999999994,0.0392723072480508,0.0,0.0,35.99,35.99,34.63,35.99,34.63,35.99,,1.0,1.0,1,3,26,35.99,0.0,SAME,1.0
DPNB,2024-03-27,35.99,35.99,35.99,35.99,34.63,35.99,0.0,0.0,0.0,0.0,0.0,0.0,0.0,0.0,35.99,35.718,35.58200000000001,35.91562131032347,35.800306963824966,35.68875712862202,0.0,0.017563109727976624,0.018166047611848573,0.0,0.0,1.3599999999999994,0.0392723072480508,0.0,0.0,35.99,35.99,34.63,35.99,34.63,35.99,,1.0,1.0,2,3,27,35.99,0.0,SAME,1.0
DPNB,2024-03-28,35.99,35.99,35.99,35.99,34.63,35.99,0.0,0.0,0.0,0.0,0.0,0.0,0.0,0.0,35.99,35.99,35.58200000000001,35.95281065516174,35.86353797588331,35.74352855978165,0.0,0.017563109727976624,0.018166047611848573,0.0,0.0,1.3599999999999994,0.0392723072480508,0.0,0.0,35.99,35.99,35.99,35.99,34.63,35.99,,,1.0,3,3,28,34.87,-1.1200000000000045,DOWN,0.0
DPNB,2024-03-29,34.87,35.99,35.99,35.99,35.99,35.99,-1.1200000000000045,-1.1200000000000045,-1.1200000000000045,-0.03111975548763557,-0.03111975548763557,-0.03111975548763557,-0.03161426140337966,-0.03161426140337966,35.616666666666674,35.766,35.470000000000006,35.411405327580866,35.532358650588876,35.584705185275894,0.017966999207898498,0.013917177742700884,0.020685151365425033,-1.1200000000000045,-0.03111975548763558,-1.1200000000000045,-0.03111975548763558,-1.1200000000000045,-0.03111975548763558,34.87,35.99,34.87,35.99,34.63,35.99,0.0,0.0,0.17647058823529044,4,3,29,34.87,0.0,SAME,1.0
DPNB,2024-04-01,34.87,34.87,35.99,35.99,35.99,35.99,0.0,-1.1200000000000045,-1.1200000000000045,0.0,-0.03111975548763557,-0.03111975548763557,0.0,-0.03161426140337966,35.24333333333334,35.542,35.358000000000004,35.140702663790435,35.311572433725914,35.454758787953,0.017966999207898498,0.013917177742700884,0.020685151365425033,-1.1200000000000045,-0.03111975548763558,-1.1200000000000045,-0.03111975548763558,-1.1200000000000045,-0.03111975548763558,34.87,35.99,34.87,35.99,34.63,35.99,0.0,0.0,0.17647058823529044,0,4,1,34.87,0.0,SAME,1.0
DPNB,2024-04-02,34.87,34.87,34.87,35.99,35.99,34.63,0.0,0.0,-1.1200000000000045,0.0,0.0,-0.03111975548763557,0.0,0.0,34.87,35.318,35.382,35.00535133189521,35.164381622483944,35.34843900832517,0.017966999207898498,0.013917177742700884,0.01668035067635279,-1.1200000000000045,-0.03111975548763558,-1.1200000000000045,-0.03111975548763558,0.23999999999999488,0.006930407161420586,34.87,34.87,34.87,35.99,34.63,35.99,,0.0,0.17647058823529044,1,4,2,34.92,0.05000000000000426,UP,2.0
DPNB,2024-04-03,34.92,34.87,34.87,34.87,35.99,34.63,0.05000000000000426,0.05000000000000426,0.05000000000000426,0.001433897332951073,0.001433897332951073,0.001433897332951073,0.0014328702838417775,0.0014328702838417775,34.88666666666668,35.104,35.411,34.96267566594761,35.08292108165597,35.270541006811506,0.0008278610110995275,0.014091178164858992,0.016678726833687898,0.05000000000000426,0.001433897332951083,-1.0700000000000003,-0.029730480689080307,0.28999999999999915,0.008374241986716694,34.87,34.92,34.87,35.99,34.63,35.99,1.0,0.044642857142860766,0.21323529411764652,2,4,3,34.92,0.0,SAME,1.0
DPNB,2024-04-04,34.92,34.92,34.87,34.87,35.99,34.63,0.0,0.05000000000000426,0.05000000000000426,0.0,0.001433897332951073,0.001433897332951073,0.0,0.0014328702838417775,34.90333333333334,34.89,35.440000000000005,34.9413378329738,35.02861405443731,35.20680627830032,0.0008278610110995275,0.014091178164858992,0.016678726833687898,0.05000000000000426,0.001433897332951083,-1.0700000000000003,-0.029730480689080307,0.28999999999999915,0.008374241986716694,34.87,34.92,34.87,34.92,34.87,35.99,1.0,1.0,0.044642857142860766,3,4,4,34.92,0.0,SAME,1.0
DPNB,2024-04-05,34.92,34.92,34.92,34.87,34.87,35.99,0.0,0.0,0.05000000000000426,0.0,0.0,0.001433897332951073,0.0,0.0,34.92,34.9,35.333000000000006,34.9306689164869,34.99240936962488,35.154659682245715,0.0008278610110995275,0.0006412583817575809,0.00990157241010904,0.05000000000000426,0.001433897332951083,0.05000000000000426,0.001433897332951083,-1.0700000000000003,-0.029730480689080307,34.92,34.92,34.87,34.92,34.87,35.99,,1.0,0.044642857142860766,4,4,5,34.92,0.0,SAME,1.0
DPNB,2024-04-08,34.92,34.92,34.92,34.92,34.87,35.99,0.0,0.0,0.0,0.0,0.0,0.0,0.0,0.0,34.92,34.910000000000004,35.226,34.925334458243455,34.968272913083254,35.11199428547376,0.0,0.0006412583817575809,0.00990157241010904,0.0,0.0,0.05000000000000426,0.001433897332951083,-1.0700000000000003,-0.029730480689080307,34.92,34.92,34.87,34.92,34.87,35.99,,1.0,0.044642857142860766,0,4,8,34.92,0.0,SAME,1.0
DPNB,2024-04-09,34.92,34.92,34.92,34.92,34.87,35.99,0.0,0.0,0.0,0.0,0.0,0.0,0.0,0.0,34.92,34.92,35.119,34.92266722912173,34.9521819420555,35.07708623356944,0.0,0.0006412583817575809,0.00990157241010904,0.0,0.0,0.05000000000000426,0.001433897332951083,-1.0700000000000003,-0.029730480689080307,34.92,34.92,34.92,34.92,34.87,35.99,,,0.044642857142860766,1,4,9,36.0,1.0799999999999983,UP,2.0
DPNB,2024-04-10,36.0,34.92,34.92,34.92,34.92,35.99,1.0799999999999983,1.0799999999999983,1.0799999999999983,0.030927835051546282,0.030927835051546282,0.030927835051546282,0.03045920748470844,0.03045920748470844,35.28000000000001,35.136,35.12,35.461333614560864,35.30145462803701,35.24488873655681,0.017856193892459345,0.013831348314427548,0.014632049956957568,1.0799999999999983,0.03092783505154634,1.0799999999999983,0.03092783505154634,0.00999999999999801,0.0002778549597109755,34.92,36.0,34.92,36.0,34.87,36.0,1.0,1.0,1.0,2,4,10,36.0,0.0,SAME,1.0
DPNB,2024-04-11,36.0,36.0,34.92,34.92,34.92,35.99,0.0,1.0799999999999983,1.0799999999999983,0.0,0.030927835051546282,0.030927835051546282,0.0,0.03045920748470844,35.64000000000001,35.352,35.120999999999995,35.73066680728043,35.534303085358005,35.38218169354648,0.017856193892459345,0.013831348314427548,0.014632049956957568,1.0799999999999983,0.03092783505154634,1.0799999999999983,0.03092783505154634,0.00999999999999801,0.0002778549597109755,34.92,36.0,34.92,36.0,34.87,36.0,1.0,1.0,1.0,3,4,11,36.0,0.0,SAME,1.0
DPNB,2024-04-12,36.0,36.0,36.0,34.92,34.92,34.87,0.0,0.0,1.0799999999999983,0.0,0.0,0.030927835051546282,0.0,0.0,36.0,35.568,35.233999999999995,35.865333403640214,35.689535390238674,35.49451229471984,0.017856193892459345,0.013831348314427548,0.009740287870743315,1.0799999999999983,0.03092783505154634,1.0799999999999983,0.03092783505154634,1.1300000000000026,0.03240607972469179,36.0,36.0,34.92,36.0,34.87,36.0,,1.0,1.0,4,4,12,36.0,0.0,SAME,1.0
DPNB,2024-04-15,36.0,36.0,36.0,36.0,34.92,34.87,0.0,0.0,0.0,0.0,0.0,0.0,0.0,0.0,36.0,35.784,35.347,35.93266670182011,35.79302359349245,35.58641915022532,0.0,0.013831348314427548,0.009740287870743315,0.0,0.0,1.0799999999999983,0.03092783505154634,1.1300000000000026,0.03240607972469179,36.0,36.0,34.92,36.0,34.87,36.0,,1.0,1.0,0,4,15,36.0,0.0,SAME,1.0
DPNB,2024-04-16,36.0,36.0,36.0,36.0,34.92,34.87,0.0,0.0,0.0,0.0,0.0,0.0,0.0,0.0,36.0,36.0,35.46,35.966333350910055,35.86201572899497,35.66161566836617,0.0,0.013831348314427548,0.009740287870743315,0.0,0.0,1.0799999999999983,0.03092783505154634,1.1300000000000026,0.03240607972469179,36.0,36.0,36.0,36.0,34.92,36.0,,,1.0,1,4,16,36.0,0.0,SAME,1.0
DPNB,2024-04-17,36.0,36.0,36.0,36.0,36.0,34.92,0.0,0.0,0.0,0.0,0.0,0.0,0.0,0.0,36.0,36.0,35.568,35.983166675455024,35.90801048599665,35.72314009229959,0.0,0.0,0.009780240186087892,0.0,0.0,0.0,0.0,1.0799999999999983,0.03092783505154634,36.0,36.0,36.0,36.0,34.92,36.0,,,1.0,2,4,17,36.0,0.0,SAME,1.0
DPNB,2024-04-19,36.0,36.0,36.0,36.0,36.0,34.92,0.0,0.0,0.0,0.0,0.0,0.0,0.0,0.0,36.0,36.0,35.676,35.99158333772751,35.9386736573311,35.77347825733602,0.0,0.0,0.009780240186087892,0.0,0.0,0.0,0.0,1.0799999999999983,0.03092783505154634,36.0,36.0,36.0,36.0,34.92,36.0,,,1.0,4,4,19,36.0,0.0,SAME,1.0
DPNB,2024-04-22,36.0,36.0,36.0,36.0,36.0,34.92,0.0,0.0,0.0,0.0,0.0,0.0,0.0,0.0,36.0,36.0,35.784,35.99579166886376,35.95911577155407,35.814664028729474,0.0,0.0,0.009780240186087892,0.0,0.0,0.0,0.0,1.0799999999999983,0.03092783505154634,36.0,36.0,36.0,36.0,34.92,36.0,,,1.0,0,4,22,36.0,0.0,SAME,1.0
DPNB,2024-04-23,36.0,36.0,36.0,36.0,36.0,34.92,0.0,0.0,0.0,0.0,0.0,0.0,0.0,0.0,36.0,36.0,35.892,35.99789583443188,35.972743847702716,35.84836147805139,0.0,0.0,0.009780240186087892,0.0,0.0,0.0,0.0,1.0799999999999983,0.03092783505154634,36.0,36.0,36.0,36.0,34.92,36.0,,,1.0,1,4,23,36.0,0.0,SAME,1.0
DPNB,2024-04-24,36.0,36.0,36.0,36.0,36.0,34.92,0.0,0.0,0.0,0.0,0.0,0.0,0.0,0.0,36.0,36.0,36.0,35.99894791721594,35.98182923180181,35.87593211840568,0.0,0.0,0.009780240186087892,0.0,0.0,0.0,0.0,1.0799999999999983,0.03092783505154634,36.0,36.0,36.0,36.0,36.0,36.0,,,,2,4,24,36.0,0.0,SAME,1.0
DPNB,2024-04-25,36.0,36.0,36.0,36.0,36.0,36.0,0.0,0.0,0.0,0.0,0.0,0.0,0.0,0.0,36.0,36.0,36.0,35.99947395860797,35.98788615453454,35.89848991505919,0.0,0.0,0.0,0.0,0.0,0.0,0.0,0.0,0.0,36.0,36.0,36.0,36.0,36.0,36.0,,,,3,4,25,37.96,1.9600000000000009,UP,2.0
DPNB,2024-04-26,37.96,36.0,36.0,36.0,36.0,36.0,1.9600000000000009,1.9600000000000009,1.9600000000000009,0.05444444444444452,0.05444444444444452,0.05444444444444452,0.053014035285617184,0.053014035285617184,36.65333333333334,36.392,36.196000000000005,36.979736979303986,36.64525743635636,36.27330993050297,0.03143351465587783,0.02434829575499544,0.01721684503869462,1.9600000000000009,0.05444444444444447,1.9600000000000009,0.05444444444444447,1.9600000000000009,0.05444444444444447,36.0,37.96,36.0,37.96,36.0,37.96,1.0,1.0,1.0,4,4,26,36.46,-1.5,DOWN,0.0
DPNB,2024-04-29,36.46,37.96,36.0,36.0,36.0,36.0,-1.5,0.46000000000000085,0.46000000000000085,-0.0395152792413066,0.012777777777777777,0.012777777777777777,-0.040317204491210096,0.012696830794406977,36.80666666666668,36.484,36.242000000000004,36.719868489651994,36.58350495757091,36.30725357950243,0.04717712104308727,0.03347043034399793,0.022369043159927795,0.46000000000000085,0.012777777777777801,0.46000000000000085,0.012777777777777801,0.46000000000000085,0.012777777777777801,36.0,37.96,36.0,37.96,36.0,37.96,0.23469387755102075,0.23469387755102075,0.23469387755102075,0,4,29,36.46,0.0,SAME,1.0
DPNB,2024-04-30,36.46,36.46,37.96,36.0,36.0,36.0,0.0,-1.5,0.46000000000000085,0.0,-0.0395152792413066,0.012777777777777777,0.0,-0.040317204491210096,36.960000000000015,36.576,36.288,36.589934244826,36.542336638380604,36.335025655956535,0.04717712104308727,0.03347043034399793,0.022369043159927795,0.46000000000000085,0.012777777777777801,0.46000000000000085,0.012777777777777801,0.46000000000000085,0.012777777777777801,36.46,37.96,36.0,37.96,36.0,37.96,0.0,0.23469387755102075,0.23469387755102075,1,4,30,36.46,0.0,SAME,1.0
DPNB,2024-05-01,36.46,36.46,36.46,37.96,36.0,36.0,0.0,0.0,-1.5,0.0,0.0,-0.0395152792413066,0.0,0.0,36.46,36.668,36.334,36.524967122413,36.514891092253734,36.35774826396444,0.02281415710706906,0.03347043034399793,0.022369043159927795,-1.5,-0.039515279241306635,0.46000000000000085,0.012777777777777801,0.46000000000000085,0.012777777777777801,36.46,36.46,36.0,37.96,36.0,37.96,,0.23469387755102075,0.23469387755102075,2,5,1,36.46,0.0,SAME,1.0
DPNB,2024-05-03,36.46,36.46,36.46,36.46,36.0,36.0,0.0,0.0,0.0,0.0,0.0,0.0,0.0,0.0,36.46,36.760000000000005,36.38,36.4924835612065,36.49659406150249,36.37633948869818,0.0,0.03347043034399793,0.022369043159927795,0.0,0.0,0.46000000000000085,0.012777777777777801,0.46000000000000085,0.012777777777777801,36.46,36.46,36.46,37.96,36.0,37.96,,0.0,0.23469387755102075,4,5,3,35.9,-0.5600000000000023,DOWN,0.0
DPNB,2024-05-06,35.9,36.46,36.46,36.46,37.96,36.0,-0.5600000000000023,-0.5600000000000023,-0.5600000000000023,-0.015359297860669252,-0.015359297860669252,-0.015359297860669252,-0.015478473756283816,-0.015478473756283816,36.27333333333334,36.348,36.37,36.196241780603245,36.29772937433499,36.28973230893487,0.008867694754414521,0.017285264547198788,0.023001314826536723,-0.5600000000000023,-0.015359297860669288,-2.0600000000000023,-0.054267650158061176,-0.10000000000000142,-0.0027777777777778173,35.9,36.46,35.9,36.46,35.9,37.96,0.0,0.0,0.0,0,5,6,35.93,0.030000000000001137,UP,2.0
DPNB,2024-05-07,35.93,35.9,36.46,36.46,36.46,36.0,0.030000000000001137,-0.5300000000000011,-0.5300000000000011,0.0008356545961003548,-0.014536478332419112,-0.014536478332419112,0.0008353056311942492,-0.01464316812508964,36.09666666666667,36.242,36.363,36.06312089030162,36.175152916223325,36.22432643458308,0.009118505309287971,0.006971712605970479,0.02300300639519188,-0.5300000000000011,-0.01453647833241912,-0.5300000000000011,-0.01453647833241912,-0.07000000000000028,-0.0019444444444444524,35.9,36.46,35.9,36.46,35.9,37.96,0.053571428571430386,0.053571428571430386,0.014563106796117041,1,5,7,35.93,0.0,SAME,1.0
DPNB,2024-05-08,35.93,35.93,35.9,36.46,36.46,36.0,0.0,0.030000000000001137,-0.5300000000000011,0.0,0.0008356545961003548,-0.014536478332419112,0.0,0.0008353056311942492,35.92000000000001,36.136,36.356,35.996560445150806,36.093435277482214,36.170812537386155,0.009118505309287971,0.006971712605970479,0.02300300639519188,-0.5300000000000011,-0.01453647833241912,-0.5300000000000011,-0.01453647833241912,-0.07000000000000028,-0.0019444444444444524,35.9,35.93,35.9,36.46,35.9,37.96,1.0,0.053571428571430386,0.014563106796117041,2,5,8,35.93,0.0,SAME,1.0
DPNB,2024-05-09,35.93,35.93,35.93,35.9,36.46,36.0,0.0,0.0,0.030000000000001137,0.0,0.0,0.0008356545961003548,0.0,0.0,35.93,36.03,36.349000000000004,35.963280222575406,36.03895685165482,36.12702843967958,0.000482465405888429,0.006971712605970479,0.02300300639519188,0.030000000000001137,0.0008356545961003103,-0.5300000000000011,-0.01453647833241912,-0.07000000000000028,-0.0019444444444444524,35.93,35.93,35.9,36.46,35.9,37.96,,0.053571428571430386,0.014563106796117041,3,5,9,35.93,0.0,SAME,1.0
DPNB,2024-05-10,35.93,35.93,35.93,35.93,36.46,36.0,0.0,0.0,0.0,0.0,0.0,0.0,0.0,0.0,35.93,35.924,36.342,35.94664011128771,36.00263790110321,36.091205087010565,0.0,0.006971712605970479,0.02300300639519188,0.0,0.0,-0.5300000000000011,-0.01453647833241912,-0.07000000000000028,-0.0019444444444444524,35.93,35.93,35.9,35.93,35.9,37.96,,1.0,0.014563106796117041,4,5,10,35.93,0.0,SAME,1.0
DPNB,2024-05-13,35.93,35.93,35.93,35.93,35.9,37.96,0.0,0.0,0.0,0.0,0.0,0.0,0.0,0.0,35.93,35.93,36.139,35.93832005564386,35.978425267402145,36.06189507119046,0.0,0.0003737160963650057,0.012935923831355185,0.0,0.0,0.030000000000001137,0.0008356545961003103,-2.030000000000001,-0.05347734457323501,35.93,35.93,35.93,35.93,35.9,36.46,,,0.053571428571430386,0,5,13,35.93,0.0,SAME,1.0
DPNB,2024-05-14,35.93,35.93,35.93,35.93,35.93,36.46,0.0,0.0,0.0,0.0,0.0,0.0,0.0,0.0,35.93,35.93,36.086,35.93416002782193,35.96228351160143,36.03791414915583,0.0,0.0,0.004893450589071132,0.0,0.0,0.0,0.0,-0.5300000000000011,-0.01453647833241912,35.93,35.93,35.93,35.93,35.9,36.46,,,0.053571428571430386,1,5,14,35.93,0.0,SAME,1.0
DPNB,2024-05-15,35.93,35.93,35.93,35.93,35.93,36.46,0.0,0.0,0.0,0.0,0.0,0.0,0.0,0.0,35.93,35.93,36.033,35.93208001391096,35.951522341067616,36.01829339476386,0.0,0.0,0.004893450589071132,0.0,0.0,0.0,0.0,-0.5300000000000011,-0.01453647833241912,35.93,35.93,35.93,35.93,35.9,36.46,,,0.053571428571430386,2,5,15,35.93,0.0,SAME,1.0
DPNB,2024-05-16,35.93,35.93,35.93,35.93,35.93,36.46,0.0,0.0,0.0,0.0,0.0,0.0,0.0,0.0,35.93,35.93,35.98,35.931040006955485,35.94434822737841,36.002240050261335,0.0,0.0,0.004893450589071132,0.0,0.0,0.0,0.0,-0.5300000000000011,-0.01453647833241912,35.93,35.93,35.93,35.93,35.9,36.46,,,0.053571428571430386,3,5,16,35.93,0.0,SAME,1.0
DPNB,2024-05-17,35.93,35.93,35.93,35.93,35.93,36.46,0.0,0.0,0.0,0.0,0.0,0.0,0.0,0.0,35.93,35.93,35.927,35.93052000347774,35.939565484918944,35.98910549566836,0.0,0.0,0.004893450589071132,0.0,0.0,0.0,0.0,-0.5300000000000011,-0.01453647833241912,35.93,35.93,35.93,35.93,35.9,35.93,,,1.0,4,5,17,35.93,0.0,SAME,1.0
DPNB,2024-05-20,35.93,35.93,35.93,35.93,35.93,35.9,0.0,0.0,0.0,0.0,0.0,0.0,0.0,0.0,35.93,35.93,35.93,35.93026000173887,35.93637698994597,35.97835904191047,0.0,0.0,0.00026425718609239925,0.0,0.0,0.0,0.0,0.030000000000001137,0.0008356545961003103,35.93,35.93,35.93,35.93,35.93,35.93,,,,0,5,20,36.0,0.07000000000000028,UP,2.0
DPNB,2024-05-21,36.0,35.93,35.93,35.93,35.93,35.93,0.07000000000000028,0.07000000000000028,0.07000000000000028,0.0019482326746451673,0.0019482326746451673,0.0019482326746451673,0.0019463373306826636,0.0019463373306826636,35.95333333333334,35.944,35.937,35.965130000869436,35.957584659963985,35.98229376156311,0.0011248126590990893,0.0008712761392329244,0.0006160852663865696,0.07000000000000028,0.0019482326746451512,0.07000000000000028,0.0019482326746451512,0.07000000000000028,0.0019482326746451512,35.93,36.0,35.93,36.0,35.93,36.0,1.0,1.0,1.0,1,5,21,36.0,0.0,SAME,1.0
DPNB,2024-05-22,36.0,36.0,35.93,35.93,35.93,35.93,0.0,0.07000000000000028,0.07000000000000028,0.0,0.0019482326746451673,0.0019482326746451673,0.0,0.0019463373306826636,35.97666666666668,35.958,35.944,35.98256500043472,35.971723106642656,35.985513077642544,0.0011248126590990893,0.0008712761392329244,0.0006160852663865696,0.07000000000000028,0.0019482326746451512,0.07000000000000028,0.0019482326746451512,0.07000000000000028,0.0019482326746451512,35.93,36.0,35.93,36.0,35.93,36.0,1.0,1.0,1.0,2,5,22,36.0,0.0,SAME,1.0
DPNB,2024-05-24,36.0,36.0,36.0,35.93,35.93,35.93,0.0,0.0,0.07000000000000028,0.0,0.0,0.0019482326746451673,0.0,0.0,36.0,35.971999999999994,35.951,35.99128250021736,35.98114873776177,35.988147063525716,0.0011248126590990893,0.0008712761392329244,0.0006160852663865696,0.07000000000000028,0.0019482326746451512,0.07000000000000028,0.0019482326746451512,0.07000000000000028,0.0019482326746451512,36.0,36.0,35.93,36.0,35.93,36.0,,1.0,1.0,4,5,24,36.0,0.0,SAME,1.0
DPNB,2024-05-27,36.0,36.0,36.0,36.0,35.93,35.93,0.0,0.0,0.0,0.0,0.0,0.0,0.0,0.0,36.0,35.986000000000004,35.958,35.995641250108676,35.98743249184118,35.99030214288467,0.0,0.0008712761392329244,0.0006160852663865696,0.0,0.0,0.07000000000000028,0.0019482326746451512,0.07000000000000028,0.0019482326746451512,36.0,36.0,35.93,36.0,35.93,36.0,,1.0,1.0,0,5,27,36.0,0.0,SAME,1.0
DPNB,2024-05-28,36.0,36.0,36.0,36.0,35.93,35.93,0.0,0.0,0.0,0.0,0.0,0.0,0.0,0.0,36.0,36.0,35.964999999999996,35.99782062505434,35.991621661227455,35.99206538963291,0.0,0.0008712761392329244,0.0006160852663865696,0.0,0.0,0.07000000000000028,0.0019482326746451512,0.07000000000000028,0.0019482326746451512,36.0,36.0,36.0,36.0,35.93,36.0,,,1.0,1,5,28,36.0,0.0,SAME,1.0
DPNB,2024-05-29,36.0,36.0,36.0,36.0,36.0,35.93,0.0,0.0,0.0,0.0,0.0,0.0,0.0,0.0,36.0,36.0,35.971999999999994,35.99891031252717,35.9944144408183,35.99350804606329,0.0,0.0,0.0006160852663865696,0.0,0.0,0.0,0.0,0.07000000000000028,0.0019482326746451512,36.0,36.0,36.0,36.0,35.93,36.0,,,1.0,2,5,29,36.0,0.0,SAME,1.0
DPNB,2024-05-30,36.0,36.0,36.0,36.0,36.0,35.93,0.0,0.0,0.0,0.0,0.0,0.0,0.0,0.0,36.0,36.0,35.979,35.999455156263586,35.99627629387887,35.99468840132451,0.0,0.0,0.0006160852663865696,0.0,0.0,0.0,0.0,0.07000000000000028,0.0019482326746451512,36.0,36.0,36.0,36.0,35.93,36.0,,,1.0,3,5,30,36.0,0.0,SAME,1.0
DPNB,2024-05-31,36.0,36.0,36.0,36.0,36.0,35.93,0.0,0.0,0.0,0.0,0.0,0.0,0.0,0.0,36.0,36.0,35.986000000000004,35.9997275781318,35.99751752925258,35.995654146538236,0.0,0.0,0.0006160852663865696,0.0,0.0,0.0,0.0,0.07000000000000028,0.0019482326746451512,36.0,36.0,36.0,36.0,35.93,36.0,,,1.0,4,5,31,36.0,0.0,SAME,1.0
DPNB,2024-06-03,36.0,36.0,36.0,36.0,36.0,35.93,0.0,0.0,0.0,0.0,0.0,0.0,0.0,0.0,36.0,36.0,35.993,35.9998637890659,35.99834501950173,35.9964443017131,0.0,0.0,0.0006160852663865696,0.0,0.0,0.0,0.0,0.07000000000000028,0.0019482326746451512,36.0,36.0,36.0,36.0,35.93,36.0,,,1.0,0,6,3,36.0,0.0,SAME,1.0
DPNB,2024-06-04,36.0,36.0,36.0,36.0,36.0,35.93,0.0,0.0,0.0,0.0,0.0,0.0,0.0,0.0,36.0,36.0,36.0,35.99993189453295,35.99889667966782,35.997090792310715,0.0,0.0,0.0006160852663865696,0.0,0.0,0.0,0.0,0.07000000000000028,0.0019482326746451512,36.0,36.0,36.0,36.0,36.0,36.0,,,,1,6,4,36.0,0.0,SAME,1.0
DPNB,2024-06-05,36.0,36.0,36.0,36.0,36.0,36.0,0.0,0.0,0.0,0.0,0.0,0.0,0.0,0.0,36.0,36.0,36.0,35.999965947266475,35.999264453111884,35.99761973916331,0.0,0.0,0.0,0.0,0.0,0.0,0.0,0.0,0.0,36.0,36.0,36.0,36.0,36.0,36.0,,,,2,6,5,36.0,0.0,SAME,1.0
DPNB,2024-06-06,36.0,36.0,36.0,36.0,36.0,36.0,0.0,0.0,0.0,0.0,0.0,0.0,0.0,0.0,36.0,36.0,36.0,35.99998297363324,35.999509635407925,35.99805251386089,0.0,0.0,0.0,0.0,0.0,0.0,0.0,0.0,0.0,36.0,36.0,36.0,36.0,36.0,36.0,,,,3,6,6,36.0,0.0,SAME,1.0
DPNB,2024-06-07,36.0,36.0,36.0,36.0,36.0,36.0,0.0,0.0,0.0,0.0,0.0,0.0,0.0,0.0,36.0,36.0,36.0,35.99999148681662,35.999673090271955,35.998406602249815,0.0,0.0,0.0,0.0,0.0,0.0,0.0,0.0,0.0,36.0,36.0,36.0,36.0,36.0,36.0,,,,4,6,7,36.0,0.0,SAME,1.0
DPNB,2024-06-10,36.0,36.0,36.0,36.0,36.0,36.0,0.0,0.0,0.0,0.0,0.0,0.0,0.0,0.0,36.0,36.0,36.0,35.999995743408306,35.9997820601813,35.99869631093166,0.0,0.0,0.0,0.0,0.0,0.0,0.0,0.0,0.0,36.0,36.0,36.0,36.0,36.0,36.0,,,,0,6,10,36.0,0.0,SAME,1.0
DPNB,2024-06-11,36.0,36.0,36.0,36.0,36.0,36.0,0.0,0.0,0.0,0.0,0.0,0.0,0.0,0.0,36.0,36.0,36.0,35.99999787170415,35.99985470678754,35.99893334530772,0.0,0.0,0.0,0.0,0.0,0.0,0.0,0.0,0.0,36.0,36.0,36.0,36.0,36.0,36.0,,,,1,6,11,36.0,0.0,SAME,1.0
DPNB,2024-06-12,36.0,36.0,36.0,36.0,36.0,36.0,0.0,0.0,0.0,0.0,0.0,0.0,0.0,0.0,36.0,36.0,36.0,35.999998935852076,35.99990313785836,35.9991272825245,0.0,0.0,0.0,0.0,0.0,0.0,0.0,0.0,0.0,36.0,36.0,36.0,36.0,36.0,36.0,,,,2,6,12,36.0,0.0,SAME,1.0
DPNB,2024-06-13,36.0,36.0,36.0,36.0,36.0,36.0,0.0,0.0,0.0,0.0,0.0,0.0,0.0,0.0,36.0,36.0,36.0,35.99999946792604,35.99993542523891,35.999285958429134,0.0,0.0,0.0,0.0,0.0,0.0,0.0,0.0,0.0,36.0,36.0,36.0,36.0,36.0,36.0,,,,3,6,13,36.0,0.0,SAME,1.0
DPNB,2024-06-14,36.0,36.0,36.0,36.0,36.0,36.0,0.0,0.0,0.0,0.0,0.0,0.0,0.0,0.0,36.0,36.0,36.0,35.99999973396302,35.99995695015927,35.99941578416929,0.0,0.0,0.0,0.0,0.0,0.0,0.0,0.0,0.0,36.0,36.0,36.0,36.0,36.0,36.0,,,,4,6,14,36.0,0.0,SAME,1.0
DPNB,2024-06-17,36.0,36.0,36.0,36.0,36.0,36.0,0.0,0.0,0.0,0.0,0.0,0.0,0.0,0.0,36.0,36.0,36.0,35.99999986698151,35.99997130010618,35.999522005229416,0.0,0.0,0.0,0.0,0.0,0.0,0.0,0.0,0.0,36.0,36.0,36.0,36.0,36.0,36.0,,,,0,6,17,36.0,0.0,SAME,1.0
DPNB,2024-06-18,36.0,36.0,36.0,36.0,36.0,36.0,0.0,0.0,0.0,0.0,0.0,0.0,0.0,0.0,36.0,36.0,36.0,35.999999933490756,35.99998086673746,35.99960891336952,0.0,0.0,0.0,0.0,0.0,0.0,0.0,0.0,0.0,36.0,36.0,36.0,36.0,36.0,36.0,,,,1,6,18,36.0,0.0,SAME,1.0
DPNB,2024-06-19,36.0,36.0,36.0,36.0,36.0,36.0,0.0,0.0,0.0,0.0,0.0,0.0,0.0,0.0,36.0,36.0,36.0,35.99999996674538,35.99998724449164,35.99968002002961,0.0,0.0,0.0,0.0,0.0,0.0,0.0,0.0,0.0,36.0,36.0,36.0,36.0,36.0,36.0,,,,2,6,19,36.0,0.0,SAME,1.0
DPNB,2024-06-20,36.0,36.0,36.0,36.0,36.0,36.0,0.0,0.0,0.0,0.0,0.0,0.0,0.0,0.0,36.0,36.0,36.0,35.99999998337269,35.999991496327766,35.99973819820604,0.0,0.0,0.0,0.0,0.0,0.0,0.0,0.0,0.0,36.0,36.0,36.0,36.0,36.0,36.0,,,,3,6,20,36.0,0.0,SAME,1.0
DPNB,2024-06-21,36.0,36.0,36.0,36.0,36.0,36.0,0.0,0.0,0.0,0.0,0.0,0.0,0.0,0.0,36.0,36.0,36.0,35.999999991686344,35.99999433088518,35.99978579853221,0.0,0.0,0.0,0.0,0.0,0.0,0.0,0.0,0.0,36.0,36.0,36.0,36.0,36.0,36.0,,,,4,6,21,36.0,0.0,SAME,1.0
DPNB,2024-06-24,36.0,36.0,36.0,36.0,36.0,36.0,0.0,0.0,0.0,0.0,0.0,0.0,0.0,0.0,36.0,36.0,36.0,35.99999999584317,35.99999622059012,35.99982474425362,0.0,0.0,0.0,0.0,0.0,0.0,0.0,0.0,0.0,36.0,36.0,36.0,36.0,36.0,36.0,,,,0,6,24,36.0,0.0,SAME,1.0
DPNB,2024-06-25,36.0,36.0,36.0,36.0,36.0,36.0,0.0,0.0,0.0,0.0,0.0,0.0,0.0,0.0,36.0,36.0,36.0,35.999999997921584,35.99999748039342,35.99985660893478,0.0,0.0,0.0,0.0,0.0,0.0,0.0,0.0,0.0,36.0,36.0,36.0,36.0,36.0,36.0,,,,1,6,25,36.0,0.0,SAME,1.0
DPNB,2024-06-26,36.0,36.0,36.0,36.0,36.0,36.0,0.0,0.0,0.0,0.0,0.0,0.0,0.0,0.0,36.0,36.0,36.0,35.99999999896079,35.99999832026228,35.999882680037544,0.0,0.0,0.0,0.0,0.0,0.0,0.0,0.0,0.0,36.0,36.0,36.0,36.0,36.0,36.0,,,,2,6,26,36.0,0.0,SAME,1.0
DPNB,2024-06-27,36.0,36.0,36.0,36.0,36.0,36.0,0.0,0.0,0.0,0.0,0.0,0.0,0.0,0.0,36.0,36.0,36.0,35.999999999480394,35.99999888017486,35.99990401093981,0.0,0.0,0.0,0.0,0.0,0.0,0.0,0.0,0.0,36.0,36.0,36.0,36.0,36.0,36.0,,,,3,6,27,36.0,0.0,SAME,1.0
DPNB,2024-06-28,36.0,36.0,36.0,36.0,36.0,36.0,0.0,0.0,0.0,0.0,0.0,0.0,0.0,0.0,36.0,36.0,36.0,35.9999999997402,35.99999925344991,35.99992146349621,0.0,0.0,0.0,0.0,0.0,0.0,0.0,0.0,0.0,36.0,36.0,36.0,36.0,36.0,36.0,,,,4,6,28,36.0,0.0,SAME,1.0
DPNB,2024-07-01,36.0,36.0,36.0,36.0,36.0,36.0,0.0,0.0,0.0,0.0,0.0,0.0,0.0,0.0,36.0,36.0,36.0,35.9999999998701,35.99999950229994,35.99993574286053,0.0,0.0,0.0,0.0,0.0,0.0,0.0,0.0,0.0,36.0,36.0,36.0,36.0,36.0,36.0,,,,0,7,1,36.0,0.0,SAME,1.0
DPNB,2024-07-02,36.0,36.0,36.0,36.0,36.0,36.0,0.0,0.0,0.0,0.0,0.0,0.0,0.0,0.0,36.0,36.0,36.0,35.99999999993505,35.99999966819996,35.99994742597679,0.0,0.0,0.0,0.0,0.0,0.0,0.0,0.0,0.0,36.0,36.0,36.0,36.0,36.0,36.0,,,,1,7,2,36.0,0.0,SAME,1.0
DPNB,2024-07-03,36.0,36.0,36.0,36.0,36.0,36.0,0.0,0.0,0.0,0.0,0.0,0.0,0.0,0.0,36.0,36.0,36.0,35.99999999996753,35.999999778799975,35.9999569848901,0.0,0.0,0.0,0.0,0.0,0.0,0.0,0.0,0.0,36.0,36.0,36.0,36.0,36.0,36.0,,,,2,7,3,33.06,-2.9399999999999977,DOWN,0.0
DPNB,2024-07-04,33.06,36.0,36.0,36.0,36.0,36.0,-2.9399999999999977,-2.9399999999999977,-2.9399999999999977,-0.08166666666666655,-0.08166666666666655,-0.08166666666666655,-0.08519484606323176,-0.08519484606323176,35.02000000000001,35.412,35.706,34.529999999983765,35.01999985253332,35.46541935127371,0.047150271983818146,0.0365224436324949,0.025825267558041792,-2.9399999999999977,-0.08166666666666661,-2.9399999999999977,-0.08166666666666661,-2.9399999999999977,-0.08166666666666661,33.06,36.0,33.06,36.0,33.06,36.0,0.0,0.0,0.0,3,7,4,33.06,0.0,SAME,1.0
DPNB,2024-07-05,33.06,33.06,36.0,36.0,36.0,36.0,0.0,-2.9399999999999977,-2.9399999999999977,0.0,-0.08166666666666655,-0.08166666666666655,0.0,-0.08519484606323176,34.04000000000001,34.824,35.412,33.79499999999189,34.36666656835555,35.02807037831485,0.047150271983818146,0.0365224436324949,0.025825267558041792,-2.9399999999999977,-0.08166666666666661,-2.9399999999999977,-0.08166666666666661,-2.9399999999999977,-0.08166666666666661,33.06,36.0,33.06,36.0,33.06,36.0,0.0,0.0,0.0,4,7,5,33.06,0.0,SAME,1.0
DPNB,2024-07-08,33.06,33.06,33.06,36.0,36.0,36.0,0.0,0.0,-2.9399999999999977,0.0,0.0,-0.08166666666666655,0.0,0.0,33.06,34.236000000000004,35.118,33.427499999995945,33.93111104557037,34.67023940043942,0.047150271983818146,0.0365224436324949,0.025825267558041792,-2.9399999999999977,-0.08166666666666661,-2.9399999999999977,-0.08166666666666661,-2.9399999999999977,-0.08166666666666661,33.06,33.06,33.06,36.0,33.06,36.0,,0.0,0.0,0,7,8,33.06,0.0,SAME,1.0
DPNB,2024-07-09,33.06,33.06,33.06,33.06,36.0,36.0,0.0,0.0,0.0,0.0,0.0,0.0,0.0,0.0,33.06,33.648,34.824,33.24374999999797,33.640740697046915,34.37746860035952,0.0,0.0365224436324949,0.025825267558041792,0.0,0.0,-2.9399999999999977,-0.08166666666666661,-2.9399999999999977,-0.08166666666666661,33.06,33.06,33.06,36.0,33.06,36.0,,0.0,0.0,1,7,9,33.06,0.0,SAME,1.0
DPNB,2024-07-11,33.06,33.06,33.06,33.06,36.0,36.0,0.0,0.0,0.0,0.0,0.0,0.0,0.0,0.0,33.06,33.06,34.53,33.15187499999899,33.447160464697944,34.13792885483961,0.0,0.0365224436324949,0.025825267558041792,0.0,0.0,-2.9399999999999977,-0.08166666666666661,-2.9399999999999977,-0.08166666666666661,33.06,33.06,33.06,33.06,33.06,36.0,,,0.0,3,7,11,33.06,0.0,SAME,1.0
DPNB,2024-07-12,33.06,33.06,33.06,33.06,33.06,36.0,0.0,0.0,0.0,0.0,0.0,0.0,0.0,0.0,33.06,33.06,34.236000000000004,33.1059374999995,33.3181069764653,33.94194179032331,0.0,0.0,0.025825267558041792,0.0,0.0,0.0,0.0,-2.9399999999999977,-0.08166666666666661,33.06,33.06,33.06,33.06,33.06,36.0,,,0.0,4,7,12,33.06,0.0,SAME,1.0
DPNB,2024-07-15,33.06,33.06,33.06,33.06,33.06,36.0,0.0,0.0,0.0,0.0,0.0,0.0,0.0,0.0,33.06,33.06,33.942,33.08296874999975,33.23207131764354,33.781588737537255,0.0,0.0,0.025825267558041792,0.0,0.0,0.0,0.0,-2.9399999999999977,-0.08166666666666661,33.06,33.06,33.06,33.06,33.06,36.0,,,0.0,0,7,15,33.06,0.0,SAME,1.0
DPNB,2024-07-16,33.06,33.06,33.06,33.06,33.06,36.0,0.0,0.0,0.0,0.0,0.0,0.0,0.0,0.0,33.06,33.06,33.648,33.071484374999876,33.174714211762364,33.650390785257756,0.0,0.0,0.025825267558041792,0.0,0.0,0.0,0.0,-2.9399999999999977,-0.08166666666666661,33.06,33.06,33.06,33.06,33.06,36.0,,,0.0,1,7,16,30.9,-2.1600000000000037,DOWN,0.0
DPNB,2024-07-17,30.9,33.06,33.06,33.06,33.06,36.0,-2.1600000000000037,-2.1600000000000037,-2.1600000000000037,-0.06533575317604368,-0.06533575317604368,-0.06533575317604368,-0.06756790848917847,-0.06756790848917847,32.34000000000001,32.628,33.138,31.985742187499937,32.41647614117491,33.150319733392706,0.03772161468389423,0.02921903709255428,0.031228964375264966,-2.1600000000000037,-0.06533575317604366,-2.1600000000000037,-0.06533575317604366,-5.100000000000001,-0.14166666666666672,30.9,33.06,30.9,33.06,30.9,36.0,0.0,0.0,0.0,2,7,17,30.19,-0.7099999999999973,DOWN,0.0
DPNB,2024-07-18,30.19,30.9,33.06,33.06,33.06,36.0,-0.7099999999999973,-2.870000000000001,-2.870000000000001,-0.022977346278317046,-0.08681185722928009,-0.08681185722928009,-0.023245440184952237,-0.09081334867413067,31.383333333333344,32.054,32.557,31.087871093749968,31.674317427449942,32.61207978186676,0.03314351047587665,0.028446785310588946,0.030870430728851078,-2.870000000000001,-0.08681185722928011,-2.870000000000001,-0.08681185722928011,-5.809999999999999,-0.16138888888888886,30.19,33.06,30.19,33.06,30.19,33.06,0.0,0.0,0.0,3,7,18,30.19,0.0,SAME,1.0
DPNB,2024-07-19,30.19,30.19,30.9,33.06,33.06,33.06,0.0,-0.7099999999999973,-2.870000000000001,0.0,-0.022977346278317046,-0.08681185722928009,0.0,-0.023245440184952237,30.426666666666677,31.48,32.27,30.638935546874983,31.179544951633297,32.17170163970917,0.03314351047587665,0.028446785310588946,0.021126073231254733,-2.870000000000001,-0.08681185722928011,-2.870000000000001,-0.08681185722928011,-2.870000000000001,-0.08681185722928011,30.19,30.9,30.19,33.06,30.19,33.06,0.0,0.0,0.0,4,7,19,30.08,-0.11000000000000298,DOWN,0.0
DPNB,2024-07-22,30.08,30.19,30.19,30.9,33.06,33.06,-0.11000000000000298,-0.11000000000000298,-0.8200000000000003,-0.0036435905929116386,-0.0036435905929116386,-0.026537216828478982,-0.0036502446371084376,-0.0036502446371084376,30.153333333333347,30.884000000000004,31.972,30.35946777343749,30.813029967755533,31.791392250671137,0.012349280028303244,0.027923056192834837,0.02098780480035003,-0.8200000000000003,-0.026537216828478975,-2.980000000000004,-0.09013914095583798,-2.980000000000004,-0.09013914095583798,30.08,30.19,30.08,33.06,30.08,33.06,0.0,0.0,0.0,0,7,22,29.02,-1.0599999999999987,DOWN,0.0
DPNB,2024-07-23,29.02,30.08,30.19,30.19,33.06,33.06,-1.0599999999999987,-1.1700000000000017,-1.1700000000000017,-0.0352393617021276,-0.038754554488241166,-0.038754554488241166,-0.03587525162559723,-0.03952549626270568,29.763333333333346,30.076,31.568,29.689733886718745,30.215353311837024,31.287502750549113,0.01937946128236199,0.02653318834275781,0.022195905259487114,-1.1700000000000017,-0.038754554488241194,-4.040000000000003,-0.12220205686630377,-4.040000000000003,-0.12220205686630377,29.02,30.19,29.02,30.9,29.02,33.06,0.0,0.0,0.0,1,7,23,29.02,0.0,SAME,1.0
DPNB,2024-07-24,29.02,29.02,30.08,30.19,30.9,33.06,0.0,-1.0599999999999987,-1.1700000000000017,0.0,-0.0352393617021276,-0.038754554488241166,0.0,-0.03587525162559723,29.373333333333346,29.7,31.163999999999998,29.354866943359372,29.81690220789135,30.875229523176547,0.01937946128236199,0.015950764085604145,0.022195905259487114,-1.1700000000000017,-0.038754554488241194,-1.879999999999999,-0.060841423948220036,-4.040000000000003,-0.12220205686630377,29.02,30.08,29.02,30.19,29.02,33.06,0.0,0.0,0.0,2,7,24,29.02,0.0,SAME,1.0
DPNB,2024-07-25,29.02,29.02,29.02,30.08,30.19,33.06,0.0,0.0,-1.0599999999999987,0.0,0.0,-0.0352393617021276,0.0,0.0,29.02,29.466,30.76,29.187433471679686,29.551268138594235,30.537915064417174,0.020345454964791117,0.015433013070573803,0.022195905259487114,-1.0599999999999987,-0.03523936170212762,-1.1700000000000017,-0.038754554488241194,-4.040000000000003,-0.12220205686630377,29.02,29.02,29.02,30.19,29.02,33.06,,0.0,0.0,3,7,25,29.02,0.0,SAME,1.0
DPNB,2024-07-26,29.02,29.02,29.02,29.02,30.19,33.06,0.0,0.0,0.0,0.0,0.0,0.0,0.0,0.0,29.02,29.232,30.356,29.103716735839843,29.374178759062826,30.261930507250415,0.0,0.015433013070573803,0.022195905259487114,0.0,0.0,-1.1700000000000017,-0.038754554488241194,-4.040000000000003,-0.12220205686630377,29.02,29.02,29.02,30.08,29.02,33.06,,0.0,0.0,4,7,26,29.02,0.0,SAME,1.0
DPNB,2024-07-29,29.02,29.02,29.02,29.02,30.08,33.06,0.0,0.0,0.0,0.0,0.0,0.0,0.0,0.0,29.02,29.02,29.951999999999998,29.06185836791992,29.25611917270855,30.03612496047761,0.0,0.01575952164992832,0.022195905259487114,0.0,0.0,-1.0599999999999987,-0.03523936170212762,-4.040000000000003,-0.12220205686630377,29.02,29.02,29.02,29.02,29.02,33.06,,,0.0,0,7,29,29.02,0.0,SAME,1.0
DPNB,2024-07-30,29.02,29.02,29.02,29.02,29.02,33.06,0.0,0.0,0.0,0.0,0.0,0.0,0.0,0.0,29.02,29.02,29.548000000000002,29.04092918395996,29.177412781805703,29.8513749676635,0.0,0.0,0.022195905259487114,0.0,0.0,0.0,0.0,-4.040000000000003,-0.12220205686630377,29.02,29.02,29.02,29.02,29.02,30.9,,,0.0,1,7,30,29.02,0.0,SAME,1.0
DPNB,2024-07-31,29.02,29.02,29.02,29.02,29.02,30.9,0.0,0.0,0.0,0.0,0.0,0.0,0.0,0.0,29.02,29.02,29.360000000000003,29.030464591979978,29.124941854537138,29.70021588263377,0.0,0.0,0.012473871151853428,0.0,0.0,0.0,0.0,-1.879999999999999,-0.060841423948220036,29.02,29.02,29.02,29.02,29.02,30.19,,,0.0,2,7,31,29.02,0.0,SAME,1.0
DPNB,2024-08-01,29.02,29.02,29.02,29.02,29.02,30.19,0.0,0.0,0.0,0.0,0.0,0.0,0.0,0.0,29.02,29.02,29.242999999999995,29.025232295989987,29.089961236358093,29.57654026760945,0.0,0.0,0.011074996702604617,0.0,0.0,0.0,0.0,-1.1700000000000017,-0.038754554488241194,29.02,29.02,29.02,29.02,29.02,30.19,,,0.0,3,8,1,29.02,0.0,SAME,1.0
DPNB,2024-08-02,29.02,29.02,29.02,29.02,29.02,30.19,0.0,0.0,0.0,0.0,0.0,0.0,0.0,0.0,29.02,29.02,29.125999999999998,29.022616147994995,29.06664082423873,29.475351128044093,0.0,0.0,0.011074996702604617,0.0,0.0,0.0,0.0,-1.1700000000000017,-0.038754554488241194,29.02,29.02,29.02,29.02,29.02,30.08,,,0.0,4,8,2,29.02,0.0,SAME,1.0
DPNB,2024-08-05,29.02,29.02,29.02,29.02,29.02,30.08,0.0,0.0,0.0,0.0,0.0,0.0,0.0,0.0,29.02,29.02,29.02,29.021308073997496,29.05109388282582,29.392560013854258,0.0,0.0,0.011143664626923256,0.0,0.0,0.0,0.0,-1.0599999999999987,-0.03523936170212762,29.02,29.02,29.02,29.02,29.02,29.02,,,,0,8,5,29.02,0.0,SAME,1.0
DPNB,2024-08-06,29.02,29.02,29.02,29.02,29.02,29.02,0.0,0.0,0.0,0.0,0.0,0.0,0.0,0.0,29.02,29.02,29.02,29.02065403699875,29.040729255217215,29.32482182951712,0.0,0.0,0.0,0.0,0.0,0.0,0.0,0.0,0.0,29.02,29.02,29.02,29.02,29.02,29.02,,,,1,8,6,29.02,0.0,SAME,1.0
DPNB,2024-08-07,29.02,29.02,29.02,29.02,29.02,29.02,0.0,0.0,0.0,0.0,0.0,0.0,0.0,0.0,29.02,29.02,29.02,29.020327018499373,29.033819503478146,29.269399678695823,0.0,0.0,0.0,0.0,0.0,0.0,0.0,0.0,0.0,29.02,29.02,29.02,29.02,29.02,29.02,,,,2,8,7,29.02,0.0,SAME,1.0
DPNB,2024-08-08,29.02,29.02,29.02,29.02,29.02,29.02,0.0,0.0,0.0,0.0,0.0,0.0,0.0,0.0,29.02,29.02,29.02,29.020163509249684,29.029213002318766,29.22405428256931,0.0,0.0,0.0,0.0,0.0,0.0,0.0,0.0,0.0,29.02,29.02,29.02,29.02,29.02,29.02,,,,3,8,8,29.02,0.0,SAME,1.0
DPNB,2024-08-09,29.02,29.02,29.02,29.02,29.02,29.02,0.0,0.0,0.0,0.0,0.0,0.0,0.0,0.0,29.02,29.02,29.02,29.02008175462484,29.026142001545846,29.186953503920343,0.0,0.0,0.0,0.0,0.0,0.0,0.0,0.0,0.0,29.02,29.02,29.02,29.02,29.02,29.02,,,,4,8,9,29.02,0.0,SAME,1.0
DPNB,2024-08-12,29.02,29.02,29.02,29.02,29.02,29.02,0.0,0.0,0.0,0.0,0.0,0.0,0.0,0.0,29.02,29.02,29.02,29.020040877312418,29.02409466769723,29.15659832138937,0.0,0.0,0.0,0.0,0.0,0.0,0.0,0.0,0.0,29.02,29.02,29.02,29.02,29.02,29.02,,,,0,8,12,29.02,0.0,SAME,1.0
DPNB,2024-08-13,29.02,29.02,29.02,29.02,29.02,29.02,0.0,0.0,0.0,0.0,0.0,0.0,0.0,0.0,29.02,29.02,29.02,29.02002043865621,29.02272977846482,29.13176226295494,0.0,0.0,0.0,0.0,0.0,0.0,0.0,0.0,0.0,29.02,29.02,29.02,29.02,29.02,29.02,,,,1,8,13,29.02,0.0,SAME,1.0
DPNB,2024-08-14,29.02,29.02,29.02,29.02,29.02,29.02,0.0,0.0,0.0,0.0,0.0,0.0,0.0,0.0,29.02,29.02,29.02,29.020010219328107,29.021819852309882,29.111441851508587,0.0,0.0,0.0,0.0,0.0,0.0,0.0,0.0,0.0,29.02,29.02,29.02,29.02,29.02,29.02,,,,2,8,14,29.02,0.0,SAME,1.0
DPNB,2024-08-15,29.02,29.02,29.02,29.02,29.02,29.02,0.0,0.0,0.0,0.0,0.0,0.0,0.0,0.0,29.02,29.02,29.02,29.020005109664055,29.021213234873255,29.094816060325208,0.0,0.0,0.0,0.0,0.0,0.0,0.0,0.0,0.0,29.02,29.02,29.02,29.02,29.02,29.02,,,,3,8,15,33.35,4.330000000000002,UP,2.0
DPNB,2024-08-16,33.35,29.02,29.02,29.02,29.02,29.02,4.330000000000002,4.330000000000002,4.330000000000002,0.1492074431426602,0.1492074431426602,0.1492074431426602,0.1390725249055909,0.1390725249055909,30.463333333333342,29.886000000000003,29.452999999999996,31.185002554832028,30.464142156582174,29.86848586753881,0.08614495746350999,0.06672759712318381,0.047183536418087826,4.330000000000002,0.1492074431426603,4.330000000000002,0.1492074431426603,4.330000000000002,0.1492074431426603,29.02,33.35,29.02,33.35,29.02,33.35,1.0,1.0,1.0,4,8,16,33.35,0.0,SAME,1.0
DPNB,2024-08-19,33.35,33.35,29.02,29.02,29.02,29.02,0.0,4.330000000000002,4.330000000000002,0.0,0.1492074431426602,0.1492074431426602,0.0,0.1390725249055909,31.906666666666677,30.752,29.886000000000003,32.26750127741602,31.426094771054785,30.501488437077207,0.08614495746350999,0.06672759712318381,0.047183536418087826,4.330000000000002,0.1492074431426603,4.330000000000002,0.1492074431426603,4.330000000000002,0.1492074431426603,29.02,33.35,29.02,33.35,29.02,33.35,1.0,1.0,1.0,0,8,19,33.35,0.0,SAME,1.0
DPNB,2024-08-20,33.35,33.35,33.35,29.02,29.02,29.02,0.0,0.0,4.330000000000002,0.0,0.0,0.1492074431426602,0.0,0.0,33.35,31.618000000000002,30.319,32.808750638708005,32.06739651403653,31.019399630335897,0.08614495746350999,0.06672759712318381,0.047183536418087826,4.330000000000002,0.1492074431426603,4.330000000000002,0.1492074431426603,4.330000000000002,0.1492074431426603,33.35,33.35,29.02,33.35,29.02,33.35,,1.0,1.0,1,8,20,33.35,0.0,SAME,1.0
DPNB,2024-08-21,33.35,33.35,33.35,33.35,29.02,29.02,0.0,0.0,0.0,0.0,0.0,0.0,0.0,0.0,33.35,32.484,30.752,33.079375319354,32.494931009357686,31.443145152093003,0.0,0.06672759712318381,0.047183536418087826,0.0,0.0,4.330000000000002,0.1492074431426603,4.330000000000002,0.1492074431426603,33.35,33.35,29.02,33.35,29.02,33.35,,1.0,1.0,2,8,21,33.35,0.0,SAME,1.0
DPNB,2024-08-22,33.35,33.35,33.35,33.35,29.02,29.02,0.0,0.0,0.0,0.0,0.0,0.0,0.0,0.0,33.35,33.35,31.185000000000002,33.214687659677,32.779954006238455,31.789846033530637,0.0,0.06672759712318381,0.047183536418087826,0.0,0.0,4.330000000000002,0.1492074431426603,4.330000000000002,0.1492074431426603,33.35,33.35,33.35,33.35,29.02,33.35,,,1.0,3,8,22,33.35,0.0,SAME,1.0
DPNB,2024-08-23,33.35,33.35,33.35,33.35,33.35,29.02,0.0,0.0,0.0,0.0,0.0,0.0,0.0,0.0,33.35,33.35,31.618000000000002,33.282343829838496,32.9699693374923,32.07351039107052,0.0,0.0,0.047183536418087826,0.0,0.0,0.0,0.0,4.330000000000002,0.1492074431426603,33.35,33.35,33.35,33.35,29.02,33.35,,,1.0,4,8,23,33.35,0.0,SAME,1.0
DPNB,2024-08-26,33.35,33.35,33.35,33.35,33.35,29.02,0.0,0.0,0.0,0.0,0.0,0.0,0.0,0.0,33.35,33.35,32.051,33.31617191491925,33.09664622499487,32.30559941087588,0.0,0.0,0.047183536418087826,0.0,0.0,0.0,0.0,4.330000000000002,0.1492074431426603,33.35,33.35,33.35,33.35,29.02,33.35,,,1.0,0,8,26,33.35,0.0,SAME,1.0
DPNB,2024-08-27,33.35,33.35,33.35,33.35,33.35,29.02,0.0,0.0,0.0,0.0,0.0,0.0,0.0,0.0,33.35,33.35,32.484,33.33308595745963,33.18109748332992,32.49549042708026,0.0,0.0,0.047183536418087826,0.0,0.0,0.0,0.0,4.330000000000002,0.1492074431426603,33.35,33.35,33.35,33.35,29.02,33.35,,,1.0,1,8,27,33.35,0.0,SAME,1.0
DPNB,2024-08-28,33.35,33.35,33.35,33.35,33.35,29.02,0.0,0.0,0.0,0.0,0.0,0.0,0.0,0.0,33.35,33.35,32.917,33.34154297872982,33.237398322219946,32.65085580397476,0.0,0.0,0.047183536418087826,0.0,0.0,0.0,0.0,4.330000000000002,0.1492074431426603,33.35,33.35,33.35,33.35,29.02,33.35,,,1.0,2,8,28,33.35,0.0,SAME,1.0
DPNB,2024-08-29,33.35,33.35,33.35,33.35,33.35,29.02,0.0,0.0,0.0,0.0,0.0,0.0,0.0,0.0,33.35,33.35,33.35,33.34577148936491,33.274932214813305,32.7779729305248,0.0,0.0,0.047183536418087826,0.0,0.0,0.0,0.0,4.330000000000002,0.1492074431426603,33.35,33.35,33.35,33.35,33.35,33.35,,,,3,8,29,33.35,0.0,SAME,1.0
DPNB,2024-08-30,33.35,33.35,33.35,33.35,33.35,33.35,0.0,0.0,0.0,0.0,0.0,0.0,0.0,0.0,33.35,33.35,33.35,33.34788574468246,33.299954809875544,32.88197785224756,0.0,0.0,0.0,0.0,0.0,0.0,0.0,0.0,0.0,33.35,33.35,33.35,33.35,33.35,33.35,,,,4,8,30,33.35,0.0,SAME,1.0
DPNB,2024-09-02,33.35,33.35,33.35,33.35,33.35,33.35,0.0,0.0,0.0,0.0,0.0,0.0,0.0,0.0,33.35,33.35,33.35,33.348942872341226,33.31663653991703,32.96707278820255,0.0,0.0,0.0,0.0,0.0,0.0,0.0,0.0,0.0,33.35,33.35,33.35,33.35,33.35,33.35,,,,0,9,2,34.0,0.6499999999999986,UP,2.0
DPNB,2024-09-03,34.0,33.35,33.35,33.35,33.35,33.35,0.6499999999999986,0.6499999999999986,0.6499999999999986,0.019490254872563728,0.019490254872563728,0.019490254872563728,0.019302752254528675,0.019302752254528675,33.566666666666684,33.480000000000004,33.415000000000006,33.67447143617061,33.544424359944685,33.15487773580208,0.011252703897243966,0.008716306958763279,0.0061633597574498305,0.6499999999999986,0.019490254872563676,0.6499999999999986,0.019490254872563676,0.6499999999999986,0.019490254872563676,33.35,34.0,33.35,34.0,33.35,34.0,1.0,1.0,1.0,1,9,3,34.0,0.0,SAME,1.0
DPNB,2024-09-04,34.0,34.0,33.35,33.35,33.35,33.35,0.0,0.6499999999999986,0.6499999999999986,0.0,0.019490254872563728,0.019490254872563728,0.0,0.019302752254528675,33.78333333333334,33.61,33.480000000000004,33.83723571808531,33.69628290662979,33.30853632929261,0.011252703897243966,0.008716306958763279,0.0061633597574498305,0.6499999999999986,0.019490254872563676,0.6499999999999986,0.019490254872563676,0.6499999999999986,0.019490254872563676,33.35,34.0,33.35,34.0,33.35,34.0,1.0,1.0,1.0,2,9,4,34.5,0.5,UP,2.0
DPNB,2024-09-05,34.5,34.0,34.0,33.35,33.35,33.35,0.5,0.5,1.1499999999999986,0.014705882352941124,0.014705882352941124,0.0344827586206895,0.014598799421152631,0.014598799421152631,34.16666666666668,33.839999999999996,33.595,34.168617859042655,33.96418860441986,33.52516608760304,0.010157289920560085,0.009516536273067993,0.007296844300118194,1.1499999999999986,0.03448275862068961,1.1499999999999986,0.03448275862068961,1.1499999999999986,0.03448275862068961,34.0,34.5,33.35,34.5,33.35,34.5,1.0,1.0,1.0,3,9,5,34.5,0.0,SAME,1.0
DPNB,2024-09-06,34.5,34.5,34.0,34.0,33.35,33.35,0.0,0.5,0.5,0.0,0.014705882352941124,0.014705882352941124,0.0,0.014598799421152631,34.33333333333334,34.07,33.71,34.33430892952133,34.142792402946576,33.702408617129755,0.00849044513513474,0.009516536273067993,0.007296844300118194,0.5,0.014705882352941176,1.1499999999999986,0.03448275862068961,1.1499999999999986,0.03448275862068961,34.0,34.5,33.35,34.5,33.35,34.5,1.0,1.0,1.0,4,9,6,34.5,0.0,SAME,1.0
DPNB,2024-09-10,34.5,34.5,34.5,34.0,33.35,33.35,0.0,0.0,0.5,0.0,0.0,0.014705882352941124,0.0,0.0,34.5,34.3,33.825,34.417154464760664,34.261861601964384,33.84742523219707,0.00849044513513474,0.009516536273067993,0.007296844300118194,0.5,0.014705882352941176,1.1499999999999986,0.03448275862068961,1.1499999999999986,0.03448275862068961,34.5,34.5,34.0,34.5,33.35,34.5,,1.0,1.0,1,9,10,34.5,0.0,SAME,1.0
DPNB,2024-09-11,34.5,34.5,34.5,34.5,34.0,33.35,0.0,0.0,0.0,0.0,0.0,0.0,0.0,0.0,34.5,34.4,33.94,34.458577232380335,34.341241067976256,33.96607518997941,0.0,0.006576670522049524,0.007296844300118194,0.0,0.0,0.5,0.014705882352941176,1.1499999999999986,0.03448275862068961,34.5,34.5,34.0,34.5,33.35,34.5,,1.0,1.0,2,9,11,34.5,0.0,SAME,1.0
DPNB,2024-09-12,34.5,34.5,34.5,34.5,34.0,33.35,0.0,0.0,0.0,0.0,0.0,0.0,0.0,0.0,34.5,34.5,34.055,34.47928861619017,34.39416071198417,34.06315242816497,0.0,0.006576670522049524,0.007296844300118194,0.0,0.0,0.5,0.014705882352941176,1.1499999999999986,0.03448275862068961,34.5,34.5,34.5,34.5,33.35,34.5,,,1.0,3,9,12,34.5,0.0,SAME,1.0
DPNB,2024-09-16,34.5,34.5,34.5,34.5,34.5,33.35,0.0,0.0,0.0,0.0,0.0,0.0,0.0,0.0,34.5,34.5,34.17,34.48964430809508,34.42944047465612,34.1425792594077,0.0,0.0,0.007296844300118194,0.0,0.0,0.0,0.0,1.1499999999999986,0.03448275862068961,34.5,34.5,34.5,34.5,33.35,34.5,,,1.0,0,9,16,35.0,0.5,UP,2.0
DPNB,2024-09-17,35.0,34.5,34.5,34.5,34.5,33.35,0.5,0.5,0.5,0.01449275362318847,0.01449275362318847,0.01449275362318847,0.01438873745209967,0.01438873745209967,34.66666666666668,34.6,34.335,34.74482215404754,34.619626983104084,34.29847393951539,0.008367395205639902,0.006481356456512373,0.00795202356602049,0.5,0.014492753623188406,0.5,0.014492753623188406,1.6499999999999986,0.04947526236881555,34.5,35.0,34.5,35.0,33.35,35.0,1.0,1.0,1.0,1,9,17,35.0,0.0,SAME,1.0
DPNB,2024-09-18,35.0,35.0,34.5,34.5,34.5,33.35,0.0,0.5,0.5,0.0,0.01449275362318847,0.01449275362318847,0.0,0.01438873745209967,34.83333333333334,34.7,34.5,34.87241107702377,34.746417988736056,34.426024132330774,0.008367395205639902,0.006481356456512373,0.00795202356602049,0.5,0.014492753623188406,0.5,0.014492753623188406,1.6499999999999986,0.04947526236881555,34.5,35.0,34.5,35.0,34.0,35.0,1.0,1.0,1.0,2,9,18,35.0,0.0,SAME,1.0
DPNB,2024-09-19,35.0,35.0,35.0,34.5,34.5,34.0,0.0,0.0,0.5,0.0,0.0,0.01449275362318847,0.0,0.0,35.0,34.8,34.6,34.936205538511885,34.83094532582404,34.530383380997904,0.008367395205639902,0.006481356456512373,0.0061558179262869136,0.5,0.014492753623188406,0.5,0.014492753623188406,1.0,0.029411764705882353,35.0,35.0,34.5,35.0,34.0,35.0,,1.0,1.0,3,9,19,35.0,0.0,SAME,1.0
DPNB,2024-09-20,35.0,35.0,35.0,35.0,34.5,34.0,0.0,0.0,0.0,0.0,0.0,0.0,0.0,0.0,35.0,34.9,34.7,34.96810276925594,34.8872968838827,34.61576822081646,0.0,0.006481356456512373,0.0061558179262869136,0.0,0.0,0.5,0.014492753623188406,1.0,0.029411764705882353,35.0,35.0,34.5,35.0,34.5,35.0,,1.0,1.0,4,9,20,35.0,0.0,SAME,1.0
DPNB,2024-09-24,35.0,35.0,35.0,35.0,34.5,34.5,0.0,0.0,0.0,0.0,0.0,0.0,0.0,0.0,35.0,35.0,34.75,34.984051384627975,34.92486458925514,34.68562854430438,0.0,0.006481356456512373,0.004583011101693611,0.0,0.0,0.5,0.014492753623188406,0.5,0.014492753623188406,35.0,35.0,35.0,35.0,34.5,35.0,,,1.0,1,9,24,35.0,0.0,SAME,1.0
DPNB,2024-09-25,35.0,35.0,35.0,35.0,35.0,34.5,0.0,0.0,0.0,0.0,0.0,0.0,0.0,0.0,35.0,35.0,34.8,34.99202569231399,34.94990972617009,34.74278699079449,0.0,0.0,0.004583011101693611,0.0,0.0,0.0,0.0,0.5,0.014492753623188406,35.0,35.0,35.0,35.0,34.5,35.0,,,1.0,2,9,25,35.0,0.0,SAME,1.0
DPNB,2024-09-26,35.0,35.0,35.0,35.0,35.0,34.5,0.0,0.0,0.0,0.0,0.0,0.0,0.0,0.0,35.0,35.0,34.85,34.996012846156994,34.9666064841134,34.789552992468224,0.0,0.0,0.004583011101693611,0.0,0.0,0.0,0.0,0.5,0.014492753623188406,35.0,35.0,35.0,35.0,34.5,35.0,,,1.0,3,9,26,35.0,0.0,SAME,1.0
DPNB,2024-09-27,35.0,35.0,35.0,35.0,35.0,34.5,0.0,0.0,0.0,0.0,0.0,0.0,0.0,0.0,35.0,35.0,34.9,34.99800642307849,34.977737656075604,34.82781608474673,0.0,0.0,0.004583011101693611,0.0,0.0,0.0,0.0,0.5,0.014492753623188406,35.0,35.0,35.0,35.0,34.5,35.0,,,1.0,4,9,27,35.0,0.0,SAME,1.0
DPNB,2024-09-30,35.0,35.0,35.0,35.0,35.0,34.5,0.0,0.0,0.0,0.0,0.0,0.0,0.0,0.0,35.0,35.0,34.95,34.99900321153925,34.98515843738374,34.859122251156414,0.0,0.0,0.004583011101693611,0.0,0.0,0.0,0.0,0.5,0.014492753623188406,35.0,35.0,35.0,35.0,34.5,35.0,,,1.0,0,9,30,34.0,-1.0,DOWN,0.0
DPNB,2024-10-01,34.0,35.0,35.0,35.0,35.0,34.5,-1.0,-1.0,-1.0,-0.02857142857142858,-0.02857142857142858,-0.02857142857142858,-0.028987536873252298,-0.028987536873252298,34.66666666666668,34.8,34.9,34.49950160576962,34.656772291589164,34.702918205491606,0.01649572197684295,0.012777531299994276,0.01057536723483656,-1.0,-0.02857142857142857,-1.0,-0.02857142857142857,-0.5,-0.014492753623188406,34.0,35.0,34.0,35.0,34.0,35.0,0.0,0.0,0.0,1,10,1,34.0,0.0,SAME,1.0
DPNB,2024-10-02,34.0,34.0,35.0,35.0,35.0,35.0,0.0,-1.0,-1.0,0.0,-0.02857142857142858,-0.02857142857142858,0.0,-0.028987536873252298,34.33333333333334,34.6,34.8,34.24975080288481,34.43784819439278,34.57511489540222,0.01649572197684295,0.012777531299994276,0.00903507902905267,-1.0,-0.02857142857142857,-1.0,-0.02857142857142857,-1.0,-0.02857142857142857,34.0,35.0,34.0,35.0,34.0,35.0,0.0,0.0,0.0,2,10,2,34.0,0.0,SAME,1.0
DPNB,2024-10-03,34.0,34.0,34.0,35.0,35.0,35.0,0.0,0.0,-1.0,0.0,0.0,-0.02857142857142858,0.0,0.0,34.0,34.4,34.7,34.12487540144241,34.291898796261854,34.47054855078363,0.01649572197684295,0.012777531299994276,0.00903507902905267,-1.0,-0.02857142857142857,-1.0,-0.02857142857142857,-1.0,-0.02857142857142857,34.0,34.0,34.0,35.0,34.0,35.0,,0.0,0.0,3,10,3,34.0,0.0,SAME,1.0
DPNB,2024-10-04,34.0,34.0,34.0,34.0,35.0,35.0,0.0,0.0,0.0,0.0,0.0,0.0,0.0,0.0,34.0,34.2,34.6,34.062437700721205,34.194599197507905,34.38499426882297,0.0,0.012777531299994276,0.00903507902905267,0.0,0.0,-1.0,-0.02857142857142857,-1.0,-0.02857142857142857,34.0,34.0,34.0,35.0,34.0,35.0,,0.0,0.0,4,10,4,34.0,0.0,SAME,1.0
DPNB,2024-10-07,34.0,34.0,34.0,34.0,35.0,35.0,0.0,0.0,0.0,0.0,0.0,0.0,0.0,0.0,34.0,34.0,34.5,34.0312188503606,34.12973279833861,34.31499531085516,0.0,0.012777531299994276,0.00903507902905267,0.0,0.0,-1.0,-0.02857142857142857,-1.0,-0.02857142857142857,34.0,34.0,34.0,34.0,34.0,35.0,,,0.0,0,10,7,34.0,0.0,SAME,1.0
DPNB,2024-10-08,34.0,34.0,34.0,34.0,34.0,35.0,0.0,0.0,0.0,0.0,0.0,0.0,0.0,0.0,34.0,34.0,34.4,34.0156094251803,34.086488532225744,34.25772343615422,0.0,0.0,0.00903507902905267,0.0,0.0,0.0,0.0,-1.0,-0.02857142857142857,34.0,34.0,34.0,34.0,34.0,35.0,,,0.0,1,10,8,34.0,0.0,SAME,1.0
DPNB,2024-10-09,34.0,34.0,34.0,34.0,34.0,35.0,0.0,0.0,0.0,0.0,0.0,0.0,0.0,0.0,34.0,34.0,34.3,34.00780471259015,34.05765902148383,34.210864629580726,0.0,0.0,0.00903507902905267,0.0,0.0,0.0,0.0,-1.0,-0.02857142857142857,34.0,34.0,34.0,34.0,34.0,35.0,,,0.0,2,10,9,34.0,0.0,SAME,1.0
DPNB,2024-10-10,34.0,34.0,34.0,34.0,34.0,35.0,0.0,0.0,0.0,0.0,0.0,0.0,0.0,0.0,34.0,34.0,34.2,34.00390235629507,34.03843934765589,34.17252560602059,0.0,0.0,0.00903507902905267,0.0,0.0,0.0,0.0,-1.0,-0.02857142857142857,34.0,34.0,34.0,34.0,34.0,35.0,,,0.0,3,10,10,34.0,0.0,SAME,1.0
DPNB,2024-10-11,34.0,34.0,34.0,34.0,34.0,35.0,0.0,0.0,0.0,0.0,0.0,0.0,0.0,0.0,34.0,34.0,34.1,34.001951178147536,34.025626231770595,34.141157314016844,0.0,0.0,0.00903507902905267,0.0,0.0,0.0,0.0,-1.0,-0.02857142857142857,34.0,34.0,34.0,34.0,34.0,35.0,,,0.0,4,10,11,34.0,0.0,SAME,1.0
DPNB,2024-10-14,34.0,34.0,34.0,34.0,34.0,35.0,0.0,0.0,0.0,0.0,0.0,0.0,0.0,0.0,34.0,34.0,34.0,34.00097558907377,34.01708415451373,34.11549234783196,0.0,0.0,0.00903507902905267,0.0,0.0,0.0,0.0,-1.0,-0.02857142857142857,34.0,34.0,34.0,34.0,34.0,34.0,,,,0,10,14,34.0,0.0,SAME,1.0
DPNB,2024-10-15,34.0,34.0,34.0,34.0,34.0,34.0,0.0,0.0,0.0,0.0,0.0,0.0,0.0,0.0,34.0,34.0,34.0,34.00048779453688,34.01138943634249,34.09449373913524,0.0,0.0,0.0,0.0,0.0,0.0,0.0,0.0,0.0,34.0,34.0,34.0,34.0,34.0,34.0,,,,1,10,15,37.85,3.8500000000000014,UP,2.0
DPNB,2024-10-16,37.85,34.0,34.0,34.0,34.0,34.0,3.8500000000000014,3.8500000000000014,3.8500000000000014,0.1132352941176471,0.1132352941176471,0.1132352941176471,0.10727045526729644,0.10727045526729644,35.283333333333346,34.769999999999996,34.385000000000005,35.925243897268444,35.290926290895,34.77731305929247,0.06537642754058913,0.05064036301984712,0.03580814409308316,3.8500000000000014,0.1132352941176471,3.8500000000000014,0.1132352941176471,3.8500000000000014,0.1132352941176471,34.0,37.85,34.0,37.85,34.0,37.85,1.0,1.0,1.0,2,10,16,37.85,0.0,SAME,1.0
DPNB,2024-10-17,37.85,37.85,34.0,34.0,34.0,34.0,0.0,3.8500000000000014,3.8500000000000014,0.0,0.1132352941176471,0.1132352941176471,0.0,0.10727045526729644,36.56666666666667,35.54,34.769999999999996,36.88762194863422,36.143950860596675,35.33598341214838,0.06537642754058913,0.05064036301984712,0.03580814409308316,3.8500000000000014,0.1132352941176471,3.8500000000000014,0.1132352941176471,3.8500000000000014,0.1132352941176471,34.0,37.85,34.0,37.85,34.0,37.85,1.0,1.0,1.0,3,10,17,37.85,0.0,SAME,1.0
DPNB,2024-10-18,37.85,37.85,37.85,34.0,34.0,34.0,0.0,0.0,3.8500000000000014,0.0,0.0,0.1132352941176471,0.0,0.0,37.85,36.31,35.155,37.368810974317114,36.71263390706446,35.79307733721231,0.06537642754058913,0.05064036301984712,0.03580814409308316,3.8500000000000014,0.1132352941176471,3.8500000000000014,0.1132352941176471,3.8500000000000014,0.1132352941176471,37.85,37.85,34.0,37.85,34.0,37.85,,1.0,1.0,4,10,18,37.85,0.0,SAME,1.0
DPNB,2024-10-21,37.85,37.85,37.85,37.85,34.0,34.0,0.0,0.0,0.0,0.0,0.0,0.0,0.0,0.0,37.85,37.08,35.54,37.609405487158554,37.09175593804298,36.16706327590098,0.0,0.05064036301984712,0.03580814409308316,0.0,0.0,3.8500000000000014,0.1132352941176471,3.8500000000000014,0.1132352941176471,37.85,37.85,34.0,37.85,34.0,37.85,,1.0,1.0,0,10,21,37.85,0.0,SAME,1.0
DPNB,2024-10-22,37.85,37.85,37.85,37.85,34.0,34.0,0.0,0.0,0.0,0.0,0.0,0.0,0.0,0.0,37.85,37.85,35.925,37.72970274357928,37.34450395869533,36.473051771191706,0.0,0.05064036301984712,0.03580814409308316,0.0,0.0,3.8500000000000014,0.1132352941176471,3.8500000000000014,0.1132352941176471,37.85,37.85,37.85,37.85,34.0,37.85,,,1.0,1,10,22,37.85,0.0,SAME,1.0
DPNB,2024-10-23,37.85,37.85,37.85,37.85,37.85,34.0,0.0,0.0,0.0,0.0,0.0,0.0,0.0,0.0,37.85,37.85,36.31,37.78985137178964,37.51300263913022,36.72340599461139,0.0,0.0,0.03580814409308316,0.0,0.0,0.0,0.0,3.8500000000000014,0.1132352941176471,37.85,37.85,37.85,37.85,34.0,37.85,,,1.0,2,10,23,37.85,0.0,SAME,1.0
DPNB,2024-10-24,37.85,37.85,37.85,37.85,37.85,34.0,0.0,0.0,0.0,0.0,0.0,0.0,0.0,0.0,37.85,37.85,36.695,37.819925685894816,37.62533509275349,36.92824126831841,0.0,0.0,0.03580814409308316,0.0,0.0,0.0,0.0,3.8500000000000014,0.1132352941176471,37.85,37.85,37.85,37.85,34.0,37.85,,,1.0,3,10,24,37.85,0.0,SAME,1.0
DPNB,2024-10-25,37.85,37.85,37.85,37.85,37.85,34.0,0.0,0.0,0.0,0.0,0.0,0.0,0.0,0.0,37.85,37.85,37.08,37.834962842947405,37.70022339516899,37.09583376498779,0.0,0.0,0.03580814409308316,0.0,0.0,0.0,0.0,3.8500000000000014,0.1132352941176471,37.85,37.85,37.85,37.85,34.0,37.85,,,1.0,4,10,25,37.85,0.0,SAME,1.0
DPNB,2024-10-28,37.85,37.85,37.85,37.85,37.85,34.0,0.0,0.0,0.0,0.0,0.0,0.0,0.0,0.0,37.85,37.85,37.465,37.84248142147371,37.75014893011266,37.23295489862637,0.0,0.0,0.03580814409308316,0.0,0.0,0.0,0.0,3.8500000000000014,0.1132352941176471,37.85,37.85,37.85,37.85,34.0,37.85,,,1.0,0,10,28,37.85,0.0,SAME,1.0
DPNB,2024-10-29,37.85,37.85,37.85,37.85,37.85,34.0,0.0,0.0,0.0,0.0,0.0,0.0,0.0,0.0,37.85,37.85,37.85,37.84624071073685,37.783432620075104,37.34514491705794,0.0,0.0,0.03580814409308316,0.0,0.0,0.0,0.0,3.8500000000000014,0.1132352941176471,37.85,37.85,37.85,37.85,37.85,37.85,,,,1,10,29,37.85,0.0,SAME,1.0
DPNB,2024-10-30,37.85,37.85,37.85,37.85,37.85,37.85,0.0,0.0,0.0,0.0,0.0,0.0,0.0,0.0,37.85,37.85,37.85,37.84812035536842,37.80562174671674,37.43693675032013,0.0,0.0,0.0,0.0,0.0,0.0,0.0,0.0,0.0,37.85,37.85,37.85,37.85,37.85,37.85,,,,2,10,30,37.85,0.0,SAME,1.0
DPNB,2024-10-31,37.85,37.85,37.85,37.85,37.85,37.85,0.0,0.0,0.0,0.0,0.0,0.0,0.0,0.0,37.85,37.85,37.85,37.84906017768421,37.82041449781116,37.51203915935283,0.0,0.0,0.0,0.0,0.0,0.0,0.0,0.0,0.0,37.85,37.85,37.85,37.85,37.85,37.85,,,,3,10,31,37.85,0.0,SAME,1.0
DPNB,2024-11-04,37.85,37.85,37.85,37.85,37.85,37.85,0.0,0.0,0.0,0.0,0.0,0.0,0.0,0.0,37.85,37.85,37.85,37.8495300888421,37.8302763318741,37.57348658492504,0.0,0.0,0.0,0.0,0.0,0.0,0.0,0.0,0.0,37.85,37.85,37.85,37.85,37.85,37.85,,,,0,11,4,37.85,0.0,SAME,1.0
DPNB,2024-11-05,37.85,37.85,37.85,37.85,37.85,37.85,0.0,0.0,0.0,0.0,0.0,0.0,0.0,0.0,37.85,37.85,37.85,37.84976504442105,37.83685088791607,37.623761751302304,0.0,0.0,0.0,0.0,0.0,0.0,0.0,0.0,0.0,37.85,37.85,37.85,37.85,37.85,37.85,,,,1,11,5,37.85,0.0,SAME,1.0
DPNB,2024-11-06,37.85,37.85,37.85,37.85,37.85,37.85,0.0,0.0,0.0,0.0,0.0,0.0,0.0,0.0,37.85,37.85,37.85,37.84988252221052,37.84123392527738,37.664895978338244,0.0,0.0,0.0,0.0,0.0,0.0,0.0,0.0,0.0,37.85,37.85,37.85,37.85,37.85,37.85,,,,2,11,6,37.85,0.0,SAME,1.0
DPNB,2024-11-07,37.85,37.85,37.85,37.85,37.85,37.85,0.0,0.0,0.0,0.0,0.0,0.0,0.0,0.0,37.85,37.85,37.85,37.84994126110526,37.84415595018493,37.69855125500401,0.0,0.0,0.0,0.0,0.0,0.0,0.0,0.0,0.0,37.85,37.85,37.85,37.85,37.85,37.85,,,,3,11,7,37.85,0.0,SAME,1.0
DPNB,2024-11-08,37.85,37.85,37.85,37.85,37.85,37.85,0.0,0.0,0.0,0.0,0.0,0.0,0.0,0.0,37.85,37.85,37.85,37.84997063055263,37.846103966789954,37.72608739045783,0.0,0.0,0.0,0.0,0.0,0.0,0.0,0.0,0.0,37.85,37.85,37.85,37.85,37.85,37.85,,,,4,11,8,37.85,0.0,SAME,1.0
DPNB,2024-11-12,37.85,37.85,37.85,37.85,37.85,37.85,0.0,0.0,0.0,0.0,0.0,0.0,0.0,0.0,37.85,37.85,37.85,37.849985315276314,37.84740264452664,37.74861695582913,0.0,0.0,0.0,0.0,0.0,0.0,0.0,0.0,0.0,37.85,37.85,37.85,37.85,37.85,37.85,,,,1,11,12,37.85,0.0,SAME,1.0
DPNB,2024-11-13,37.85,37.85,37.85,37.85,37.85,37.85,0.0,0.0,0.0,0.0,0.0,0.0,0.0,0.0,37.85,37.85,37.85,37.849992657638154,37.848268429684424,37.767050236587465,0.0,0.0,0.0,0.0,0.0,0.0,0.0,0.0,0.0,37.85,37.85,37.85,37.85,37.85,37.85,,,,2,11,13,37.85,0.0,SAME,1.0
DPNB,2024-11-14,37.85,37.85,37.85,37.85,37.85,37.85,0.0,0.0,0.0,0.0,0.0,0.0,0.0,0.0,37.85,37.85,37.85,37.849996328819074,37.848845619789614,37.782132011753376,0.0,0.0,0.0,0.0,0.0,0.0,0.0,0.0,0.0,37.85,37.85,37.85,37.85,37.85,37.85,,,,3,11,14,37.85,0.0,SAME,1.0
DPNB,2024-11-15,37.85,37.85,37.85,37.85,37.85,37.85,0.0,0.0,0.0,0.0,0.0,0.0,0.0,0.0,37.85,37.85,37.85,37.84999816440954,37.849230413193084,37.79447164598003,0.0,0.0,0.0,0.0,0.0,0.0,0.0,0.0,0.0,37.85,37.85,37.85,37.85,37.85,37.85,,,,4,11,15,37.85,0.0,SAME,1.0
DPNB,2024-11-18,37.85,37.85,37.85,37.85,37.85,37.85,0.0,0.0,0.0,0.0,0.0,0.0,0.0,0.0,37.85,37.85,37.85,37.849999082204775,37.84948694212872,37.80456771034729,0.0,0.0,0.0,0.0,0.0,0.0,0.0,0.0,0.0,37.85,37.85,37.85,37.85,37.85,37.85,,,,0,11,18,37.85,0.0,SAME,1.0
DPNB,2024-11-19,37.85,37.85,37.85,37.85,37.85,37.85,0.0,0.0,0.0,0.0,0.0,0.0,0.0,0.0,37.85,37.85,37.85,37.84999954110239,37.849657961419155,37.81282812664778,0.0,0.0,0.0,0.0,0.0,0.0,0.0,0.0,0.0,37.85,37.85,37.85,37.85,37.85,37.85,,,,1,11,19,37.85,0.0,SAME,1.0
DPNB,2024-11-20,37.85,37.85,37.85,37.85,37.85,37.85,0.0,0.0,0.0,0.0,0.0,0.0,0.0,0.0,37.85,37.85,37.85,37.84999977055119,37.849771974279435,37.819586649075454,0.0,0.0,0.0,0.0,0.0,0.0,0.0,0.0,0.0,37.85,37.85,37.85,37.85,37.85,37.85,,,,2,11,20,37.85,0.0,SAME,1.0
DPNB,2024-11-21,37.85,37.85,37.85,37.85,37.85,37.85,0.0,0.0,0.0,0.0,0.0,0.0,0.0,0.0,37.85,37.85,37.85,37.849999885275594,37.849847982852964,37.82511634924355,0.0,0.0,0.0,0.0,0.0,0.0,0.0,0.0,0.0,37.85,37.85,37.85,37.85,37.85,37.85,,,,3,11,21,37.85,0.0,SAME,1.0
DPNB,2024-11-22,37.85,37.85,37.85,37.85,37.85,37.85,0.0,0.0,0.0,0.0,0.0,0.0,0.0,0.0,37.85,37.85,37.85,37.849999942637794,37.84989865523531,37.82964064938108,0.0,0.0,0.0,0.0,0.0,0.0,0.0,0.0,0.0,37.85,37.85,37.85,37.85,37.85,37.85,,,,4,11,22,37.85,0.0,SAME,1.0
DPNB,2024-11-25,37.85,37.85,37.85,37.85,37.85,37.85,0.0,0.0,0.0,0.0,0.0,0.0,0.0,0.0,37.85,37.85,37.85,37.849999971318894,37.849932436823536,37.83334234949361,0.0,0.0,0.0,0.0,0.0,0.0,0.0,0.0,0.0,37.85,37.85,37.85,37.85,37.85,37.85,,,,0,11,25,37.85,0.0,SAME,1.0
DPNB,2024-11-26,37.85,37.85,37.85,37.85,37.85,37.85,0.0,0.0,0.0,0.0,0.0,0.0,0.0,0.0,37.85,37.85,37.85,37.84999998565945,37.84995495788236,37.83637101322204,0.0,0.0,0.0,0.0,0.0,0.0,0.0,0.0,0.0,37.85,37.85,37.85,37.85,37.85,37.85,,,,1,11,26,37.85,0.0,SAME,1.0
DPNB,2024-11-27,37.85,37.85,37.85,37.85,37.85,37.85,0.0,0.0,0.0,0.0,0.0,0.0,0.0,0.0,37.85,37.85,37.85,37.84999999282972,37.84996997192158,37.83884901081803,0.0,0.0,0.0,0.0,0.0,0.0,0.0,0.0,0.0,37.85,37.85,37.85,37.85,37.85,37.85,,,,2,11,27,37.85,0.0,SAME,1.0
DPNB,2024-11-28,37.85,37.85,37.85,37.85,37.85,37.85,0.0,0.0,0.0,0.0,0.0,0.0,0.0,0.0,37.85,37.85,37.85,37.849999996414866,37.84997998128105,37.84087646339657,0.0,0.0,0.0,0.0,0.0,0.0,0.0,0.0,0.0,37.85,37.85,37.85,37.85,37.85,37.85,,,,3,11,28,37.85,0.0,SAME,1.0
DPNB,2024-11-29,37.85,37.85,37.85,37.85,37.85,37.85,0.0,0.0,0.0,0.0,0.0,0.0,0.0,0.0,37.85,37.85,37.85,37.84999999820744,37.849986654187376,37.842535288233556,0.0,0.0,0.0,0.0,0.0,0.0,0.0,0.0,0.0,37.85,37.85,37.85,37.85,37.85,37.85,,,,4,11,29,37.85,0.0,SAME,1.0
DPNB,2024-12-02,37.85,37.85,37.85,37.85,37.85,37.85,0.0,0.0,0.0,0.0,0.0,0.0,0.0,0.0,37.85,37.85,37.85,37.849999999103716,37.84999110279159,37.843892508554724,0.0,0.0,0.0,0.0,0.0,0.0,0.0,0.0,0.0,37.85,37.85,37.85,37.85,37.85,37.85,,,,0,12,2,37.85,0.0,SAME,1.0
DPNB,2024-12-03,37.85,37.85,37.85,37.85,37.85,37.85,0.0,0.0,0.0,0.0,0.0,0.0,0.0,0.0,37.85,37.85,37.85,37.849999999551855,37.849994068527735,37.84500296154477,0.0,0.0,0.0,0.0,0.0,0.0,0.0,0.0,0.0,37.85,37.85,37.85,37.85,37.85,37.85,,,,1,12,3,37.85,0.0,SAME,1.0
DPNB,2024-12-04,37.85,37.85,37.85,37.85,37.85,37.85,0.0,0.0,0.0,0.0,0.0,0.0,0.0,0.0,37.85,37.85,37.85,37.84999999977593,37.84999604568516,37.845911513991176,0.0,0.0,0.0,0.0,0.0,0.0,0.0,0.0,0.0,37.85,37.85,37.85,37.85,37.85,37.85,,,,2,12,4,37.85,0.0,SAME,1.0
DPNB,2024-12-05,37.85,37.85,37.85,37.85,37.85,37.85,0.0,0.0,0.0,0.0,0.0,0.0,0.0,0.0,37.85,37.85,37.85,37.84999999988797,37.84999736379011,37.846654875083686,0.0,0.0,0.0,0.0,0.0,0.0,0.0,0.0,0.0,37.85,37.85,37.85,37.85,37.85,37.85,,,,3,12,5,37.85,0.0,SAME,1.0
DPNB,2024-12-06,37.85,37.85,37.85,37.85,37.85,37.85,0.0,0.0,0.0,0.0,0.0,0.0,0.0,0.0,37.85,37.85,37.85,37.84999999994399,37.84999824252674,37.847263079613924,0.0,0.0,0.0,0.0,0.0,0.0,0.0,0.0,0.0,37.85,37.85,37.85,37.85,37.85,37.85,,,,4,12,6,37.85,0.0,SAME,1.0
DPNB,2024-12-09,37.85,37.85,37.85,37.85,37.85,37.85,0.0,0.0,0.0,0.0,0.0,0.0,0.0,0.0,37.85,37.85,37.85,37.849999999972,37.84999882835116,37.847760701502295,0.0,0.0,0.0,0.0,0.0,0.0,0.0,0.0,0.0,37.85,37.85,37.85,37.85,37.85,37.85,,,,0,12,9,37.85,0.0,SAME,1.0
DPNB,2024-12-10,37.85,37.85,37.85,37.85,37.85,37.85,0.0,0.0,0.0,0.0,0.0,0.0,0.0,0.0,37.85,37.85,37.85,37.849999999986,37.84999921890078,37.848167846683694,0.0,0.0,0.0,0.0,0.0,0.0,0.0,0.0,0.0,37.85,37.85,37.85,37.85,37.85,37.85,,,,1,12,10,37.85,0.0,SAME,1.0
DPNB,2024-12-11,37.85,37.85,37.85,37.85,37.85,37.85,0.0,0.0,0.0,0.0,0.0,0.0,0.0,0.0,37.85,37.85,37.85,37.849999999993,37.84999947926718,37.848500965468475,0.0,0.0,0.0,0.0,0.0,0.0,0.0,0.0,0.0,37.85,37.85,37.85,37.85,37.85,37.85,,,,2,12,11,37.85,0.0,SAME,1.0
DPNB,2024-12-12,37.85,37.85,37.85,37.85,37.85,37.85,0.0,0.0,0.0,0.0,0.0,0.0,0.0,0.0,37.85,37.85,37.85,37.8499999999965,37.84999965284479,37.84877351720148,0.0,0.0,0.0,0.0,0.0,0.0,0.0,0.0,0.0,37.85,37.85,37.85,37.85,37.85,37.85,,,,3,12,12,37.85,0.0,SAME,1.0
DPNB,2024-12-13,37.85,37.85,37.85,37.85,37.85,37.85,0.0,0.0,0.0,0.0,0.0,0.0,0.0,0.0,37.85,37.85,37.85,37.849999999998246,37.849999768563194,37.84899651407393,0.0,0.0,0.0,0.0,0.0,0.0,0.0,0.0,0.0,37.85,37.85,37.85,37.85,37.85,37.85,,,,4,12,13,37.85,0.0,SAME,1.0
DPNB,2024-12-16,37.85,37.85,37.85,37.85,37.85,37.85,0.0,0.0,0.0,0.0,0.0,0.0,0.0,0.0,37.85,37.85,37.85,37.84999999999913,37.849999845708794,37.849178966060485,0.0,0.0,0.0,0.0,0.0,0.0,0.0,0.0,0.0,37.85,37.85,37.85,37.85,37.85,37.85,,,,0,12,16,37.85,0.0,SAME,1.0
DPNB,2024-12-18,37.85,37.85,37.85,37.85,37.85,37.85,0.0,0.0,0.0,0.0,0.0,0.0,0.0,0.0,37.85,37.85,37.85,37.84999999999957,37.8499998971392,37.84932824495858,0.0,0.0,0.0,0.0,0.0,0.0,0.0,0.0,0.0,37.85,37.85,37.85,37.85,37.85,37.85,,,,2,12,18,37.85,0.0,SAME,1.0
DPNB,2024-12-19,37.85,37.85,37.85,37.85,37.85,37.85,0.0,0.0,0.0,0.0,0.0,0.0,0.0,0.0,37.85,37.85,37.85,37.84999999999978,37.84999993142614,37.849450382238835,0.0,0.0,0.0,0.0,0.0,0.0,0.0,0.0,0.0,37.85,37.85,37.85,37.85,37.85,37.85,,,,3,12,19,37.85,0.0,SAME,1.0
DPNB,2024-12-20,37.85,37.85,37.85,37.85,37.85,37.85,0.0,0.0,0.0,0.0,0.0,0.0,0.0,0.0,37.85,37.85,37.85,37.849999999999895,37.8499999542841,37.84955031274086,0.0,0.0,0.0,0.0,0.0,0.0,0.0,0.0,0.0,37.85,37.85,37.85,37.85,37.85,37.85,,,,4,12,20,37.85,0.0,SAME,1.0
DPNB,2024-12-23,37.85,37.85,37.85,37.85,37.85,37.85,0.0,0.0,0.0,0.0,0.0,0.0,0.0,0.0,37.85,37.85,37.85,37.84999999999995,37.84999996952274,37.8496320740607,0.0,0.0,0.0,0.0,0.0,0.0,0.0,0.0,0.0,37.85,37.85,37.85,37.85,37.85,37.85,,,,0,12,23,37.85,0.0,SAME,1.0
DPNB,2024-12-24,37.85,37.85,37.85,37.85,37.85,37.85,0.0,0.0,0.0,0.0,0.0,0.0,0.0,0.0,37.85,37.85,37.85,37.84999999999998,37.849999979681826,37.849698969686024,0.0,0.0,0.0,0.0,0.0,0.0,0.0,0.0,0.0,37.85,37.85,37.85,37.85,37.85,37.85,,,,1,12,24,32.58,-5.270000000000003,DOWN,0.0
DPNB,2024-12-25,32.58,37.85,37.85,37.85,37.85,37.85,-5.270000000000003,-5.270000000000003,-5.270000000000003,-0.13923381770145316,-0.13923381770145316,-0.13923381770145316,-0.14993237670955878,-0.14993237670955878,36.09333333333334,36.796,37.323,35.21499999999999,36.09333331978789,36.89157188428856,0.08038668213023253,0.06226725622945159,0.04402959912572624,-5.270000000000003,-0.13923381770145318,-5.270000000000003,-0.13923381770145318,-5.270000000000003,-0.13923381770145318,32.58,37.85,32.58,37.85,32.58,37.85,0.0,0.0,0.0,2,12,25,32.58,0.0,SAME,1.0
DPNB,2024-12-26,32.58,32.58,37.85,37.85,37.85,37.85,0.0,-5.270000000000003,-5.270000000000003,0.0,-0.13923381770145316,-0.13923381770145316,0.0,-0.14993237670955878,34.33666666666668,35.742000000000004,36.79600000000001,33.897499999999994,34.92222221319193,36.10764972350882,0.08038668213023253,0.06226725622945159,0.04402959912572624,-5.270000000000003,-0.13923381770145318,-5.270000000000003,-0.13923381770145318,-5.270000000000003,-0.13923381770145318,32.58,37.85,32.58,37.85,32.58,37.85,0.0,0.0,0.0,3,12,26,32.58,0.0,SAME,1.0
DPNB,2024-12-27,32.58,32.58,32.58,37.85,37.85,37.85,0.0,0.0,-5.270000000000003,0.0,0.0,-0.13923381770145316,0.0,0.0,32.58,34.688,36.269,33.238749999999996,34.14148147546129,35.46625886468903,0.08038668213023253,0.06226725622945159,0.04402959912572624,-5.270000000000003,-0.13923381770145318,-5.270000000000003,-0.13923381770145318,-5.270000000000003,-0.13923381770145318,32.58,32.58,32.58,37.85,32.58,37.85,,0.0,0.0,4,12,27,32.96,0.38000000000000256,UP,2.0
DPNB,2024-12-30,32.96,32.58,32.58,32.58,37.85,37.85,0.38000000000000256,0.38000000000000256,0.38000000000000256,0.011663597298956496,0.011663597298956496,0.011663597298956496,0.011596101867371958,0.011596101867371958,32.70666666666668,33.709999999999994,35.779999999999994,33.099374999999995,33.7476543169742,35.01057543474557,0.006733981040263501,0.06377159098486748,0.044590332011820666,0.38000000000000256,0.011663597298956494,-4.890000000000001,-0.12919418758256276,-4.890000000000001,-0.12919418758256276,32.58,32.96,32.58,37.85,32.58,37.85,1.0,0.07210626185958298,0.07210626185958298,0,12,30,32.96,0.0,SAME,1.0
DPNB,2024-12-31,32.96,32.96,32.58,32.58,37.85,37.85,0.0,0.38000000000000256,0.38000000000000256,0.0,0.011663597298956496,0.011663597298956496,0.0,0.011596101867371958,32.83333333333334,32.732,35.291000000000004,33.029687499999994,33.485102877982804,34.6377435375191,0.006733981040263501,0.06377159098486748,0.044590332011820666,0.38000000000000256,0.011663597298956494,-4.890000000000001,-0.12919418758256276,-4.890000000000001,-0.12919418758256276,32.58,32.96,32.58,32.96,32.58,37.85,1.0,1.0,0.07210626185958298,1,12,31,32.96,0.0,SAME,1.0
DPNB,2025-01-01,32.96,32.96,32.96,32.58,32.58,37.85,0.0,0.0,0.38000000000000256,0.0,0.0,0.011663597298956496,0.0,0.0,32.96,32.80800000000001,34.802,32.99484375,33.31006858532187,34.33269925797017,0.006733981040263501,0.005216119284519025,0.044590332011820666,0.38000000000000256,0.011663597298956494,0.38000000000000256,0.011663597298956494,-4.890000000000001,-0.12919418758256276,32.96,32.96,32.58,32.96,32.58,37.85,,1.0,0.07210626185958298,2,1,1,32.96,0.0,SAME,1.0
DPNB,2025-01-03,32.96,32.96,32.96,32.96,32.58,37.85,0.0,0.0,0.0,0.0,0.0,0.0,0.0,0.0,32.96,32.884,34.313,32.977421875000005,33.19337905688125,34.08311757470287,0.0,0.005216119284519025,0.044590332011820666,0.0,0.0,0.38000000000000256,0.011663597298956494,-4.890000000000001,-0.12919418758256276,32.96,32.96,32.58,32.96,32.58,37.85,,1.0,0.07210626185958298,4,1,3,32.96,0.0,SAME,1.0
DPNB,2025-01-06,32.96,32.96,32.96,32.96,32.58,37.85,0.0,0.0,0.0,0.0,0.0,0.0,0.0,0.0,32.96,32.96,33.824,32.968710937500006,33.115586037920835,33.878914379302344,0.0,0.005216119284519025,0.044590332011820666,0.0,0.0,0.38000000000000256,0.011663597298956494,-4.890000000000001,-0.12919418758256276,32.96,32.96,32.96,32.96,32.58,37.85,,,0.07210626185958298,0,1,6,32.96,0.0,SAME,1.0
DPNB,2025-01-07,32.96,32.96,32.96,32.96,32.96,37.85,0.0,0.0,0.0,0.0,0.0,0.0,0.0,0.0,32.96,32.96,33.334999999999994,32.96435546875,33.06372402528056,33.71183903761101,0.0,0.0,0.044590332011820666,0.0,0.0,0.0,0.0,-4.890000000000001,-0.12919418758256276,32.96,32.96,32.96,32.96,32.58,37.85,,,0.07210626185958298,1,1,7,32.96,0.0,SAME,1.0
DPNB,2025-01-08,32.96,32.96,32.96,32.96,32.96,37.85,0.0,0.0,0.0,0.0,0.0,0.0,0.0,0.0,32.96,32.96,32.846000000000004,32.962177734375004,33.02914935018704,33.57514103077264,0.0,0.0,0.044590332011820666,0.0,0.0,0.0,0.0,-4.890000000000001,-0.12919418758256276,32.96,32.96,32.96,32.96,32.58,32.96,,,1.0,2,1,8,32.96,0.0,SAME,1.0
DPNB,2025-01-09,32.96,32.96,32.96,32.96,32.96,32.58,0.0,0.0,0.0,0.0,0.0,0.0,0.0,0.0,32.96,32.96,32.884,32.9610888671875,33.00609956679136,33.4632972069958,0.0,0.0,0.0036883533175694023,0.0,0.0,0.0,0.0,0.38000000000000256,0.011663597298956494,32.96,32.96,32.96,32.96,32.58,32.96,,,1.0,3,1,9,32.96,0.0,SAME,1.0
DPNB,2025-01-10,32.96,32.96,32.96,32.96,32.96,32.58,0.0,0.0,0.0,0.0,0.0,0.0,0.0,0.0,32.96,32.96,32.922000000000004,32.96054443359375,32.99073304452758,33.37178862390565,0.0,0.0,0.0036883533175694023,0.0,0.0,0.0,0.0,0.38000000000000256,0.011663597298956494,32.96,32.96,32.96,32.96,32.58,32.96,,,1.0,4,1,10,32.96,0.0,SAME,1.0
DPNB,2025-01-13,32.96,32.96,32.96,32.96,32.96,32.58,0.0,0.0,0.0,0.0,0.0,0.0,0.0,0.0,32.96,32.96,32.96,32.96027221679688,32.98048869635172,33.29691796501371,0.0,0.0,0.0036883533175694023,0.0,0.0,0.0,0.0,0.38000000000000256,0.011663597298956494,32.96,32.96,32.96,32.96,32.96,32.96,,,,0,1,13,30.2,-2.7600000000000016,DOWN,0.0
DPNB,2025-01-14,30.2,32.96,32.96,32.96,32.96,32.96,-2.7600000000000016,-2.7600000000000016,-2.7600000000000016,-0.08373786407766992,-0.08373786407766992,-0.08373786407766992,-0.08745278066044701,-0.08745278066044701,32.04000000000001,32.408,32.684,31.58013610839844,32.05365913090115,32.73384197137485,0.04834607836660584,0.037448711273659965,0.026480237688303244,-2.7600000000000016,-0.08373786407766995,-2.7600000000000016,-0.08373786407766995,-2.7600000000000016,-0.08373786407766995,30.2,32.96,30.2,32.96,30.2,32.96,0.0,0.0,0.0,1,1,14,30.2,0.0,SAME,1.0
DPNB,2025-01-15,30.2,30.2,32.96,32.96,32.96,32.96,0.0,-2.7600000000000016,-2.7600000000000016,0.0,-0.08373786407766992,-0.08373786407766992,0.0,-0.08745278066044701,31.120000000000008,31.855999999999995,32.408,30.89006805419922,31.435772753934103,32.27314343112487,0.04834607836660584,0.037448711273659965,0.026480237688303244,-2.7600000000000016,-0.08373786407766995,-2.7600000000000016,-0.08373786407766995,-2.7600000000000016,-0.08373786407766995,30.2,32.96,30.2,32.96,30.2,32.96,0.0,0.0,0.0,2,1,15,30.2,0.0,SAME,1.0
DPNB,2025-01-16,30.2,30.2,30.2,32.96,32.96,32.96,0.0,0.0,-2.7600000000000016,0.0,0.0,-0.08373786407766992,0.0,0.0,30.2,31.304000000000002,32.132,30.54503402709961,31.023848502622737,31.89620826182944,0.04834607836660584,0.037448711273659965,0.026480237688303244,-2.7600000000000016,-0.08373786407766995,-2.7600000000000016,-0.08373786407766995,-2.7600000000000016,-0.08373786407766995,30.2,30.2,30.2,32.96,30.2,32.96,,0.0,0.0,3,1,16,30.2,0.0,SAME,1.0
DPNB,2025-01-17,30.2,30.2,30.2,30.2,32.96,32.96,0.0,0.0,0.0,0.0,0.0,0.0,0.0,0.0,30.2,30.752,31.856,30.372517013549803,30.749232335081828,31.58780675967863,0.0,0.037448711273659965,0.026480237688303244,0.0,0.0,-2.7600000000000016,-0.08373786407766995,-2.7600000000000016,-0.08373786407766995,30.2,30.2,30.2,32.96,30.2,32.96,,0.0,0.0,4,1,17,30.2,0.0,SAME,1.0
DPNB,2025-01-20,30.2,30.2,30.2,30.2,32.96,32.96,0.0,0.0,0.0,0.0,0.0,0.0,0.0,0.0,30.2,30.2,31.580000000000002,30.2862585067749,30.566154890054555,31.33547825791888,0.0,0.037448711273659965,0.026480237688303244,0.0,0.0,-2.7600000000000016,-0.08373786407766995,-2.7600000000000016,-0.08373786407766995,30.2,30.2,30.2,30.2,30.2,32.96,,,0.0,0,1,20,30.2,0.0,SAME,1.0
DPNB,2025-01-21,30.2,30.2,30.2,30.2,30.2,32.96,0.0,0.0,0.0,0.0,0.0,0.0,0.0,0.0,30.2,30.2,31.304000000000002,30.24312925338745,30.44410326003637,31.129027665569993,0.0,0.0,0.026480237688303244,0.0,0.0,0.0,0.0,-2.7600000000000016,-0.08373786407766995,30.2,30.2,30.2,30.2,30.2,32.96,,,0.0,1,1,21,30.2,0.0,SAME,1.0
DPNB,2025-01-22,30.2,30.2,30.2,30.2,30.2,32.96,0.0,0.0,0.0,0.0,0.0,0.0,0.0,0.0,30.2,30.2,31.028,30.221564626693727,30.362735506690917,30.960113544557267,0.0,0.0,0.026480237688303244,0.0,0.0,0.0,0.0,-2.7600000000000016,-0.08373786407766995,30.2,30.2,30.2,30.2,30.2,32.96,,,0.0,2,1,22,30.2,0.0,SAME,1.0
DPNB,2025-01-23,30.2,30.2,30.2,30.2,30.2,32.96,0.0,0.0,0.0,0.0,0.0,0.0,0.0,0.0,30.2,30.2,30.752,30.21078231334686,30.30849033779395,30.82191108191049,0.0,0.0,0.026480237688303244,0.0,0.0,0.0,0.0,-2.7600000000000016,-0.08373786407766995,30.2,30.2,30.2,30.2,30.2,32.96,,,0.0,3,1,23,30.2,0.0,SAME,1.0
DPNB,2025-01-24,30.2,30.2,30.2,30.2,30.2,32.96,0.0,0.0,0.0,0.0,0.0,0.0,0.0,0.0,30.2,30.2,30.476,30.20539115667343,30.272326891862633,30.708836339744945,0.0,0.0,0.026480237688303244,0.0,0.0,0.0,0.0,-2.7600000000000016,-0.08373786407766995,30.2,30.2,30.2,30.2,30.2,32.96,,,0.0,4,1,24,30.2,0.0,SAME,1.0
DPNB,2025-01-27,30.2,30.2,30.2,30.2,30.2,32.96,0.0,0.0,0.0,0.0,0.0,0.0,0.0,0.0,30.2,30.2,30.2,30.202695578336716,30.248217927908424,30.616320641609498,0.0,0.0,0.026480237688303244,0.0,0.0,0.0,0.0,-2.7600000000000016,-0.08373786407766995,30.2,30.2,30.2,30.2,30.2,30.2,,,,0,1,27,30.2,0.0,SAME,1.0
DPNB,2025-01-28,30.2,30.2,30.2,30.2,30.2,30.2,0.0,0.0,0.0,0.0,0.0,0.0,0.0,0.0,30.2,30.2,30.2,30.20134778916836,30.232145285272285,30.540625979498678,0.0,0.0,0.0,0.0,0.0,0.0,0.0,0.0,0.0,30.2,30.2,30.2,30.2,30.2,30.2,,,,1,1,28,30.2,0.0,SAME,1.0
DPNB,2025-01-29,30.2,30.2,30.2,30.2,30.2,30.2,0.0,0.0,0.0,0.0,0.0,0.0,0.0,0.0,30.2,30.2,30.2,30.200673894584178,30.221430190181525,30.47869398322619,0.0,0.0,0.0,0.0,0.0,0.0,0.0,0.0,0.0,30.2,30.2,30.2,30.2,30.2,30.2,,,,2,1,29,30.2,0.0,SAME,1.0
DPNB,2025-01-31,30.2,30.2,30.2,30.2,30.2,30.2,0.0,0.0,0.0,0.0,0.0,0.0,0.0,0.0,30.2,30.2,30.2,30.200336947292087,30.214286793454352,30.428022349912336,0.0,0.0,0.0,0.0,0.0,0.0,0.0,0.0,0.0,30.2,30.2,30.2,30.2,30.2,30.2,,,,4,1,31,30.2,0.0,SAME,1.0
DPNB,2025-02-03,30.2,30.2,30.2,30.2,30.2,30.2,0.0,0.0,0.0,0.0,0.0,0.0,0.0,0.0,30.2,30.2,30.2,30.200168473646045,30.20952452896957,30.386563740837364,0.0,0.0,0.0,0.0,0.0,0.0,0.0,0.0,0.0,30.2,30.2,30.2,30.2,30.2,30.2,,,,0,2,3,30.2,0.0,SAME,1.0
DPNB,2025-02-04,30.2,30.2,30.2,30.2,30.2,30.2,0.0,0.0,0.0,0.0,0.0,0.0,0.0,0.0,30.2,30.2,30.2,30.200084236823024,30.206349685979717,30.352643060685114,0.0,0.0,0.0,0.0,0.0,0.0,0.0,0.0,0.0,30.2,30.2,30.2,30.2,30.2,30.2,,,,1,2,4,30.2,0.0,SAME,1.0
DPNB,2025-02-05,30.2,30.2,30.2,30.2,30.2,30.2,0.0,0.0,0.0,0.0,0.0,0.0,0.0,0.0,30.2,30.2,30.2,30.20004211841151,30.20423312398648,30.324889776924184,0.0,0.0,0.0,0.0,0.0,0.0,0.0,0.0,0.0,30.2,30.2,30.2,30.2,30.2,30.2,,,,2,2,5,30.2,0.0,SAME,1.0
DPNB,2025-02-06,30.2,30.2,30.2,30.2,30.2,30.2,0.0,0.0,0.0,0.0,0.0,0.0,0.0,0.0,30.2,30.2,30.2,30.200021059205753,30.202822082657654,30.30218254475615,0.0,0.0,0.0,0.0,0.0,0.0,0.0,0.0,0.0,30.2,30.2,30.2,30.2,30.2,30.2,,,,3,2,6,30.2,0.0,SAME,1.0
DPNB,2025-02-07,30.2,30.2,30.2,30.2,30.2,30.2,0.0,0.0,0.0,0.0,0.0,0.0,0.0,0.0,30.2,30.2,30.2,30.200010529602878,30.201881388438437,30.28360390025503,0.0,0.0,0.0,0.0,0.0,0.0,0.0,0.0,0.0,30.2,30.2,30.2,30.2,30.2,30.2,,,,4,2,7,30.2,0.0,SAME,1.0
DPNB,2025-02-10,30.2,30.2,30.2,30.2,30.2,30.2,0.0,0.0,0.0,0.0,0.0,0.0,0.0,0.0,30.2,30.2,30.2,30.20000526480144,30.20125425895896,30.268403191117752,0.0,0.0,0.0,0.0,0.0,0.0,0.0,0.0,0.0,30.2,30.2,30.2,30.2,30.2,30.2,,,,0,2,10,30.2,0.0,SAME,1.0
DPNB,2025-02-11,30.2,30.2,30.2,30.2,30.2,30.2,0.0,0.0,0.0,0.0,0.0,0.0,0.0,0.0,30.2,30.2,30.2,30.200002632400718,30.20083617263931,30.25596624727816,0.0,0.0,0.0,0.0,0.0,0.0,0.0,0.0,0.0,30.2,30.2,30.2,30.2,30.2,30.2,,,,1,2,11,29.93,-0.2699999999999996,DOWN,0.0
DPNB,2025-02-12,29.93,30.2,30.2,30.2,30.2,30.2,-0.2699999999999996,-0.2699999999999996,-0.2699999999999996,-0.00894039735099339,-0.00894039735099339,-0.00894039735099339,-0.008980602516216402,-0.008980602516216402,30.11000000000001,30.146000000000004,30.173000000000002,30.06500131620036,30.11055744842621,30.196699656863945,0.005161740817247272,0.0039982672445217195,0.0028272018816079794,-0.2699999999999996,-0.008940397350993364,-0.2699999999999996,-0.008940397350993364,-0.2699999999999996,-0.008940397350993364,29.93,30.2,29.93,30.2,29.93,30.2,0.0,0.0,0.0,2,2,12,29.41,-0.5199999999999996,DOWN,0.0
DPNB,2025-02-13,29.41,29.93,30.2,30.2,30.2,30.2,-0.5199999999999996,-0.7899999999999991,-0.7899999999999991,-0.017373872368860677,-0.026158940397351005,-0.026158940397351005,-0.017526569298703908,-0.026507171814920308,29.846666666666675,29.988,30.094,29.73750065810018,29.877038298950808,30.053663355615953,0.008688168648219448,0.007798942038905072,0.0058929153961365865,-0.7899999999999991,-0.026158940397350967,-0.7899999999999991,-0.026158940397350967,-0.7899999999999991,-0.026158940397350967,29.41,30.2,29.41,30.2,29.41,30.2,0.0,0.0,0.0,3,2,13,29.41,0.0,SAME,1.0
DPNB,2025-02-14,29.41,29.41,29.93,30.2,30.2,30.2,0.0,-0.5199999999999996,-0.7899999999999991,0.0,-0.017373872368860677,-0.026158940397351005,0.0,-0.017526569298703908,29.583333333333343,29.830000000000002,30.015000000000004,29.573750329050092,29.721358865967204,29.936633654594868,0.008688168648219448,0.007798942038905072,0.0058929153961365865,-0.7899999999999991,-0.026158940397350967,-0.7899999999999991,-0.026158940397350967,-0.7899999999999991,-0.026158940397350967,29.41,29.93,29.41,30.2,29.41,30.2,0.0,0.0,0.0,4,2,14,30.08,0.6699999999999982,UP,2.0
DPNB,2025-02-17,30.08,29.41,29.41,29.93,30.2,30.2,0.6699999999999982,0.6699999999999982,0.14999999999999858,0.022781366882012932,0.022781366882012932,0.005011693952555962,0.022525746515735426,0.022525746515735426,29.633333333333344,29.806,30.003000000000004,29.826875164525045,29.840905910644807,29.962700262850344,0.02013821142917347,0.014985630971060268,0.009997358999310476,0.14999999999999858,0.005011693952555916,-0.120000000000001,-0.003973509933774867,-0.120000000000001,-0.003973509933774867,29.41,30.08,29.41,30.2,29.41,30.2,1.0,0.8481012658227833,0.8481012658227833,0,2,17,30.08,0.0,SAME,1.0
DPNB,2025-02-18,30.08,30.08,29.41,29.41,30.2,30.2,0.0,0.6699999999999982,0.6699999999999982,0.0,0.022781366882012932,0.022781366882012932,0.0,0.022525746515735426,29.856666666666673,29.782,29.990999999999996,29.953437582262524,29.92060394042987,29.984027487786644,0.013152828301833503,0.014985630971060268,0.009997358999310476,0.6699999999999982,0.02278136688201286,-0.120000000000001,-0.003973509933774867,-0.120000000000001,-0.003973509933774867,29.41,30.08,29.41,30.08,29.41,30.2,1.0,1.0,0.8481012658227833,1,2,18,30.08,0.0,SAME,1.0
DPNB,2025-02-19,30.08,30.08,30.08,29.41,29.93,30.2,0.0,0.0,0.6699999999999982,0.0,0.0,0.022781366882012932,0.0,0.0,30.08,29.812,29.978999999999996,30.01671879113126,29.973735960286582,30.001477035461797,0.013152828301833503,0.014274049169033338,0.009997358999310476,0.6699999999999982,0.02278136688201286,0.14999999999999858,0.005011693952555916,-0.120000000000001,-0.003973509933774867,30.08,30.08,29.41,30.08,29.41,30.2,,1.0,0.8481012658227833,2,2,19,30.08,0.0,SAME,1.0
DPNB,2025-02-20,30.08,30.08,30.08,30.08,29.41,30.2,0.0,0.0,0.0,0.0,0.0,0.0,0.0,0.0,30.08,29.945999999999998,29.967000000000002,30.04835939556563,30.009157306857723,30.015753938105103,0.0,0.010188136993703103,0.009997358999310476,0.0,0.0,0.6699999999999982,0.02278136688201286,-0.120000000000001,-0.003973509933774867,30.08,30.08,29.41,30.08,29.41,30.2,,1.0,0.8481012658227833,3,2,20,30.08,0.0,SAME,1.0
DPNB,2025-02-24,30.08,30.08,30.08,30.08,29.41,30.2,0.0,0.0,0.0,0.0,0.0,0.0,0.0,0.0,30.08,30.08,29.955000000000002,30.064179697782812,30.03277153790515,30.02743504026781,0.0,0.010188136993703103,0.009997358999310476,0.0,0.0,0.6699999999999982,0.02278136688201286,-0.120000000000001,-0.003973509933774867,30.08,30.08,30.08,30.08,29.41,30.2,,,0.8481012658227833,0,2,24,30.08,0.0,SAME,1.0
DPNB,2025-02-25,30.08,30.08,30.08,30.08,30.08,30.2,0.0,0.0,0.0,0.0,0.0,0.0,0.0,0.0,30.08,30.08,29.943,30.072089848891405,30.048514358603434,30.03699230567366,0.0,0.0,0.009997358999310476,0.0,0.0,0.0,0.0,-0.120000000000001,-0.003973509933774867,30.08,30.08,30.08,30.08,29.41,30.2,,,0.8481012658227833,1,2,25,30.08,0.0,SAME,1.0
DPNB,2025-02-26,30.08,30.08,30.08,30.08,30.08,30.2,0.0,0.0,0.0,0.0,0.0,0.0,0.0,0.0,30.08,30.08,29.930999999999994,30.076044924445704,30.05900957240229,30.044811886460266,0.0,0.0,0.009997358999310476,0.0,0.0,0.0,0.0,-0.120000000000001,-0.003973509933774867,30.08,30.08,30.08,30.08,29.41,30.08,,,1.0,2,2,26,30.08,0.0,SAME,1.0
DPNB,2025-02-27,30.08,30.08,30.08,30.08,30.08,29.93,0.0,0.0,0.0,0.0,0.0,0.0,0.0,0.0,30.08,30.08,29.946000000000005,30.07802246222285,30.066006381601525,30.05120972528567,0.0,0.0,0.009533088682241815,0.0,0.0,0.0,0.0,0.14999999999999858,0.005011693952555916,30.08,30.08,30.08,30.08,29.41,30.08,,,1.0,3,2,27,30.08,0.0,SAME,1.0
DPNB,2025-03-03,30.08,30.08,30.08,30.08,30.08,29.41,0.0,0.0,0.0,0.0,0.0,0.0,0.0,0.0,30.08,30.08,30.012999999999998,30.079011231111423,30.070670921067688,30.05644432068827,0.0,0.0,0.007204100755909106,0.0,0.0,0.0,0.0,0.6699999999999982,0.02278136688201286,30.08,30.08,30.08,30.08,29.41,30.08,,,1.0,0,3,3,30.08,0.0,SAME,1.0
DPNB,2025-03-04,30.08,30.08,30.08,30.08,30.08,29.41,0.0,0.0,0.0,0.0,0.0,0.0,0.0,0.0,30.08,30.08,30.08,30.07950561555571,30.073780614045127,30.06072717147222,0.0,0.0,0.007204100755909106,0.0,0.0,0.0,0.0,0.6699999999999982,0.02278136688201286,30.08,30.08,30.08,30.08,30.08,30.08,,,,1,3,4,30.08,0.0,SAME,1.0
DPNB,2025-03-05,30.08,30.08,30.08,30.08,30.08,30.08,0.0,0.0,0.0,0.0,0.0,0.0,0.0,0.0,30.08,30.08,30.08,30.079752807777854,30.07585374269675,30.06423132211363,0.0,0.0,0.0,0.0,0.0,0.0,0.0,0.0,0.0,30.08,30.08,30.08,30.08,30.08,30.08,,,,2,3,5,30.08,0.0,SAME,1.0
DPNB,2025-03-06,30.08,30.08,30.08,30.08,30.08,30.08,0.0,0.0,0.0,0.0,0.0,0.0,0.0,0.0,30.08,30.08,30.08,30.079876403888925,30.077235828464502,30.067098354456604,0.0,0.0,0.0,0.0,0.0,0.0,0.0,0.0,0.0,30.08,30.08,30.08,30.08,30.08,30.08,,,,3,3,6,30.08,0.0,SAME,1.0
DPNB,2025-03-07,30.08,30.08,30.08,30.08,30.08,30.08,0.0,0.0,0.0,0.0,0.0,0.0,0.0,0.0,30.08,30.08,30.08,30.07993820194446,30.078157218976337,30.069444108191764,0.0,0.0,0.0,0.0,0.0,0.0,0.0,0.0,0.0,30.08,30.08,30.08,30.08,30.08,30.08,,,,4,3,7,30.08,0.0,SAME,1.0
DPNB,2025-03-10,30.08,30.08,30.08,30.08,30.08,30.08,0.0,0.0,0.0,0.0,0.0,0.0,0.0,0.0,30.08,30.08,30.08,30.079969100972228,30.07877147931756,30.071363361247805,0.0,0.0,0.0,0.0,0.0,0.0,0.0,0.0,0.0,30.08,30.08,30.08,30.08,30.08,30.08,,,,0,3,10,30.08,0.0,SAME,1.0
DPNB,2025-03-11,30.08,30.08,30.08,30.08,30.08,30.08,0.0,0.0,0.0,0.0,0.0,0.0,0.0,0.0,30.08,30.08,30.08,30.079984550486113,30.07918098621171,30.072933659202747,0.0,0.0,0.0,0.0,0.0,0.0,0.0,0.0,0.0,30.08,30.08,30.08,30.08,30.08,30.08,,,,1,3,11,30.08,0.0,SAME,1.0
DPNB,2025-03-12,30.08,30.08,30.08,30.08,30.08,30.08,0.0,0.0,0.0,0.0,0.0,0.0,0.0,0.0,30.08,30.08,30.08,30.079992275243058,30.079453990807806,30.074218448438607,0.0,0.0,0.0,0.0,0.0,0.0,0.0,0.0,0.0,30.08,30.08,30.08,30.08,30.08,30.08,,,,2,3,12,30.08,0.0,SAME,1.0
DPNB,2025-03-13,30.08,30.08,30.08,30.08,30.08,30.08,0.0,0.0,0.0,0.0,0.0,0.0,0.0,0.0,30.08,30.08,30.08,30.079996137621528,30.079635993871875,30.075269639631586,0.0,0.0,0.0,0.0,0.0,0.0,0.0,0.0,0.0,30.08,30.08,30.08,30.08,30.08,30.08,,,,3,3,13,30.08,0.0,SAME,1.0
DPNB,2025-03-14,30.08,30.08,30.08,30.08,30.08,30.08,0.0,0.0,0.0,0.0,0.0,0.0,0.0,0.0,30.08,30.08,30.08,30.079998068810763,30.07975732924792,30.076129705153114,0.0,0.0,0.0,0.0,0.0,0.0,0.0,0.0,0.0,30.08,30.08,30.08,30.08,30.08,30.08,,,,4,3,14,30.08,0.0,SAME,1.0
DPNB,2025-03-17,30.08,30.08,30.08,30.08,30.08,30.08,0.0,0.0,0.0,0.0,0.0,0.0,0.0,0.0,30.08,30.08,30.08,30.079999034405382,30.079838219498612,30.076833395125274,0.0,0.0,0.0,0.0,0.0,0.0,0.0,0.0,0.0,30.08,30.08,30.08,30.08,30.08,30.08,,,,0,3,17,30.08,0.0,SAME,1.0
DPNB,2025-03-18,30.08,30.08,30.08,30.08,30.08,30.08,0.0,0.0,0.0,0.0,0.0,0.0,0.0,0.0,30.08,30.08,30.08,30.07999951720269,30.079892146332412,30.07740914146613,0.0,0.0,0.0,0.0,0.0,0.0,0.0,0.0,0.0,30.08,30.08,30.08,30.08,30.08,30.08,,,,1,3,18,30.08,0.0,SAME,1.0
DPNB,2025-03-19,30.08,30.08,30.08,30.08,30.08,30.08,0.0,0.0,0.0,0.0,0.0,0.0,0.0,0.0,30.08,30.08,30.08,30.079999758601346,30.07992809755494,30.077880206654104,0.0,0.0,0.0,0.0,0.0,0.0,0.0,0.0,0.0,30.08,30.08,30.08,30.08,30.08,30.08,,,,2,3,19,30.08,0.0,SAME,1.0
DPNB,2025-03-20,30.08,30.08,30.08,30.08,30.08,30.08,0.0,0.0,0.0,0.0,0.0,0.0,0.0,0.0,30.08,30.08,30.08,30.079999879300672,30.07995206503663,30.078265623626084,0.0,0.0,0.0,0.0,0.0,0.0,0.0,0.0,0.0,30.08,30.08,30.08,30.08,30.08,30.08,,,,3,3,20,30.08,0.0,SAME,1.0
DPNB,2025-03-21,30.08,30.08,30.08,30.08,30.08,30.08,0.0,0.0,0.0,0.0,0.0,0.0,0.0,0.0,30.08,30.08,30.08,30.079999939650335,30.079968043357752,30.078580964784976,0.0,0.0,0.0,0.0,0.0,0.0,0.0,0.0,0.0,30.08,30.08,30.08,30.08,30.08,30.08,,,,4,3,21,30.08,0.0,SAME,1.0
DPNB,2025-03-24,30.08,30.08,30.08,30.08,30.08,30.08,0.0,0.0,0.0,0.0,0.0,0.0,0.0,0.0,30.08,30.08,30.08,30.079999969825167,30.07997869557184,30.078838971187704,0.0,0.0,0.0,0.0,0.0,0.0,0.0,0.0,0.0,30.08,30.08,30.08,30.08,30.08,30.08,,,,0,3,24,30.08,0.0,SAME,1.0
DPNB,2025-03-25,30.08,30.08,30.08,30.08,30.08,30.08,0.0,0.0,0.0,0.0,0.0,0.0,0.0,0.0,30.08,30.08,30.08,30.079999984912583,30.079985797047897,30.07905006733539,0.0,0.0,0.0,0.0,0.0,0.0,0.0,0.0,0.0,30.08,30.08,30.08,30.08,30.08,30.08,,,,1,3,25,30.08,0.0,SAME,1.0
DPNB,2025-03-26,30.08,30.08,30.08,30.08,30.08,30.08,0.0,0.0,0.0,0.0,0.0,0.0,0.0,0.0,30.08,30.08,30.08,30.07999999245629,30.07999053136527,30.079222782365317,0.0,0.0,0.0,0.0,0.0,0.0,0.0,0.0,0.0,30.08,30.08,30.08,30.08,30.08,30.08,,,,2,3,26,30.08,0.0,SAME,1.0
DPNB,2025-03-27,30.08,30.08,30.08,30.08,30.08,30.08,0.0,0.0,0.0,0.0,0.0,0.0,0.0,0.0,30.08,30.08,30.08,30.079999996228146,30.079993687576845,30.07936409466253,0.0,0.0,0.0,0.0,0.0,0.0,0.0,0.0,0.0,30.08,30.08,30.08,30.08,30.08,30.08,,,,3,3,27,30.08,0.0,SAME,1.0
DPNB,2025-03-28,30.08,30.08,30.08,30.08,30.08,30.08,0.0,0.0,0.0,0.0,0.0,0.0,0.0,0.0,30.08,30.08,30.08,30.079999998114072,30.0799957917179,30.079479713814795,0.0,0.0,0.0,0.0,0.0,0.0,0.0,0.0,0.0,30.08,30.08,30.08,30.08,30.08,30.08,,,,4,3,28,30.08,0.0,SAME,1.0
DPNB,2025-03-31,30.08,30.08,30.08,30.08,30.08,30.08,0.0,0.0,0.0,0.0,0.0,0.0,0.0,0.0,30.08,30.08,30.08,30.079999999057037,30.0799971944786,30.079574311303013,0.0,0.0,0.0,0.0,0.0,0.0,0.0,0.0,0.0,30.08,30.08,30.08,30.08,30.08,30.08,,,,0,3,31,30.08,0.0,SAME,1.0
DPNB,2025-04-01,30.08,30.08,30.08,30.08,30.08,30.08,0.0,0.0,0.0,0.0,0.0,0.0,0.0,0.0,30.08,30.08,30.08,30.079999999528518,30.079998129652402,30.079651709247916,0.0,0.0,0.0,0.0,0.0,0.0,0.0,0.0,0.0,30.08,30.08,30.08,30.08,30.08,30.08,,,,1,4,1,30.08,0.0,SAME,1.0
DPNB,2025-04-02,30.08,30.08,30.08,30.08,30.08,30.08,0.0,0.0,0.0,0.0,0.0,0.0,0.0,0.0,30.08,30.08,30.08,30.079999999764258,30.079998753101606,30.0797150348392,0.0,0.0,0.0,0.0,0.0,0.0,0.0,0.0,0.0,30.08,30.08,30.08,30.08,30.08,30.08,,,,2,4,2,30.08,0.0,SAME,1.0
DPNB,2025-04-03,30.08,30.08,30.08,30.08,30.08,30.08,0.0,0.0,0.0,0.0,0.0,0.0,0.0,0.0,30.08,30.08,30.08,30.079999999882126,30.079999168734403,30.079766846686617,0.0,0.0,0.0,0.0,0.0,0.0,0.0,0.0,0.0,30.08,30.08,30.08,30.08,30.08,30.08,,,,3,4,3,30.08,0.0,SAME,1.0
DPNB,2025-04-04,30.08,30.08,30.08,30.08,30.08,30.08,0.0,0.0,0.0,0.0,0.0,0.0,0.0,0.0,30.08,30.08,30.08,30.079999999941062,30.079999445822935,30.079809238198138,0.0,0.0,0.0,0.0,0.0,0.0,0.0,0.0,0.0,30.08,30.08,30.08,30.08,30.08,30.08,,,,4,4,4,30.08,0.0,SAME,1.0
DPNB,2025-04-07,30.08,30.08,30.08,30.08,30.08,30.08,0.0,0.0,0.0,0.0,0.0,0.0,0.0,0.0,30.08,30.08,30.08,30.079999999970532,30.079999630548627,30.07984392216211,0.0,0.0,0.0,0.0,0.0,0.0,0.0,0.0,0.0,30.08,30.08,30.08,30.08,30.08,30.08,,,,0,4,7,30.08,0.0,SAME,1.0
DPNB,2025-04-08,30.08,30.08,30.08,30.08,30.08,30.08,0.0,0.0,0.0,0.0,0.0,0.0,0.0,0.0,30.08,30.08,30.08,30.079999999985265,30.079999753699084,30.079872299950814,0.0,0.0,0.0,0.0,0.0,0.0,0.0,0.0,0.0,30.08,30.08,30.08,30.08,30.08,30.08,,,,1,4,8,30.08,0.0,SAME,1.0
DPNB,2025-04-09,30.08,30.08,30.08,30.08,30.08,30.08,0.0,0.0,0.0,0.0,0.0,0.0,0.0,0.0,30.08,30.08,30.08,30.07999999999263,30.07999983579939,30.079895518141573,0.0,0.0,0.0,0.0,0.0,0.0,0.0,0.0,0.0,30.08,30.08,30.08,30.08,30.08,30.08,,,,2,4,9,30.1,0.020000000000003126,UP,2.0
DPNB,2025-04-10,30.1,30.08,30.08,30.08,30.08,30.08,0.020000000000003126,0.020000000000003126,0.020000000000003126,0.0006648936170214892,0.0006648936170214892,0.0006648936170214892,0.0006646726731911818,0.0006646726731911818,30.086666666666673,30.084000000000003,30.082,30.089999999996316,30.0866665571996,30.083550878479468,0.0003838765086224031,0.0002973494649009942,0.0002102578231559703,0.020000000000003126,0.0006648936170213806,0.020000000000003126,0.0006648936170213806,0.020000000000003126,0.0006648936170213806,30.08,30.1,30.08,30.1,30.08,30.1,1.0,1.0,1.0,3,4,10,30.1,0.0,SAME,1.0
DPNB,2025-04-11,30.1,30.1,30.08,30.08,30.08,30.08,0.0,0.020000000000003126,0.020000000000003126,0.0,0.0006648936170214892,0.0006648936170214892,0.0,0.0006646726731911818,30.093333333333344,30.088,30.083999999999996,30.09499999999816,30.09111103813307,30.086541627846835,0.0003838765086224031,0.0002973494649009942,0.0002102578231559703,0.020000000000003126,0.0006648936170213806,0.020000000000003126,0.0006648936170213806,0.020000000000003126,0.0006648936170213806,30.08,30.1,30.08,30.1,30.08,30.1,1.0,1.0,1.0,4,4,11,30.1,0.0,SAME,1.0
DPNB,2025-04-14,30.1,30.1,30.1,30.08,30.08,30.08,0.0,0.0,0.020000000000003126,0.0,0.0,0.0006648936170214892,0.0,0.0,30.1,30.092000000000002,30.086000000000002,30.09749999999908,30.094074025422053,30.088988604601955,0.0003838765086224031,0.0002973494649009942,0.0002102578231559703,0.020000000000003126,0.0006648936170213806,0.020000000000003126,0.0006648936170213806,0.020000000000003126,0.0006648936170213806,30.1,30.1,30.08,30.1,30.08,30.1,,1.0,1.0,0,4,14,29.1,-1.0,DOWN,0.0
DPNB,2025-04-15,29.1,30.1,30.1,30.1,30.08,30.08,-1.0,-1.0,-1.0,-0.03322259136212624,-0.03322259136212624,-0.03322259136212624,-0.03378699757738321,-0.03378699757738321,29.76666666666668,29.895999999999997,29.988,29.59874999999954,29.762716016948037,29.909172494674323,0.01918107206609756,0.014934707260639552,0.010531341014591989,-1.0,-0.03322259136212624,-0.9799999999999969,-0.03257978723404245,-0.9799999999999969,-0.03257978723404245,29.1,30.1,29.1,30.1,29.1,30.1,0.0,0.0,0.0,1,4,15,29.1,0.0,SAME,1.0
DPNB,2025-04-16,29.1,29.1,30.1,30.1,30.08,30.08,0.0,-1.0,-1.0,0.0,-0.03322259136212624,-0.03322259136212624,0.0,-0.03378699757738321,29.433333333333348,29.7,29.890000000000004,29.34937499999977,29.54181067796536,29.762050222915356,0.01918107206609756,0.014934707260639552,0.010531341014591989,-1.0,-0.03322259136212624,-0.9799999999999969,-0.03257978723404245,-0.9799999999999969,-0.03257978723404245,29.1,30.1,29.1,30.1,29.1,30.1,0.0,0.0,0.0,2,4,16,29.1,0.0,SAME,1.0
DPNB,2025-04-17,29.1,29.1,29.1,30.1,30.1,30.08,0.0,0.0,-1.0,0.0,0.0,-0.03322259136212624,0.0,0.0,29.1,29.5,29.791999999999994,29.224687499999888,29.39454045197691,29.641677455112564,0.01918107206609756,0.014857594534878431,0.010531341014591989,-1.0,-0.03322259136212624,-1.0,-0.03322259136212624,-0.9799999999999969,-0.03257978723404245,29.1,29.1,29.1,30.1,29.1,30.1,,0.0,0.0,3,4,17,29.1,0.0,SAME,1.0
DPNB,2025-04-18,29.1,29.1,29.1,29.1,30.1,30.08,0.0,0.0,0.0,0.0,0.0,0.0,0.0,0.0,29.1,29.3,29.694,29.162343749999945,29.29636030131794,29.543190645092096,0.0,0.014857594534878431,0.010531341014591989,0.0,0.0,-1.0,-0.03322259136212624,-0.9799999999999969,-0.03257978723404245,29.1,29.1,29.1,30.1,29.1,30.1,,0.0,0.0,4,4,18,29.1,0.0,SAME,1.0
DPNB,2025-04-21,29.1,29.1,29.1,29.1,30.1,30.08,0.0,0.0,0.0,0.0,0.0,0.0,0.0,0.0,29.1,29.1,29.596000000000004,29.13117187499997,29.230906867545293,29.462610527802624,0.0,0.014857594534878431,0.010531341014591989,0.0,0.0,-1.0,-0.03322259136212624,-0.9799999999999969,-0.03257978723404245,29.1,29.1,29.1,29.1,29.1,30.1,,,0.0,0,4,21,29.21,0.10999999999999943,UP,2.0
DPNB,2025-04-22,29.21,29.1,29.1,29.1,29.1,30.08,0.10999999999999943,0.10999999999999943,0.10999999999999943,0.0037800687285223233,0.0037800687285223233,0.0037800687285223233,0.0037729422222027528,0.0037729422222027528,29.136666666666674,29.122000000000003,29.509000000000004,29.170585937499986,29.223937911696865,29.41668134092942,0.002182423697941772,0.0016904981272856667,0.010727205221344436,0.10999999999999943,0.003780068728522317,0.10999999999999943,0.003780068728522317,-0.8699999999999974,-0.028922872340425447,29.1,29.21,29.1,29.21,29.1,30.1,1.0,1.0,0.10999999999999943,1,4,22,29.21,0.0,SAME,1.0
DPNB,2025-04-23,29.21,29.21,29.1,29.1,29.1,30.08,0.0,0.10999999999999943,0.10999999999999943,0.0,0.0037800687285223233,0.0037800687285223233,0.0,0.0037729422222027528,29.173333333333346,29.144,29.421999999999997,29.190292968749993,29.219291941131246,29.379102915305886,0.0021824236979417723,0.0016904981272856667,0.010727205221344436,0.10999999999999943,0.003780068728522317,0.10999999999999943,0.003780068728522317,-0.8699999999999974,-0.028922872340425447,29.1,29.21,29.1,29.21,29.1,30.1,1.0,1.0,0.10999999999999943,2,4,23,29.21,0.0,SAME,1.0
DPNB,2025-04-24,29.21,29.21,29.21,29.1,29.1,30.1,0.0,0.0,0.10999999999999943,0.0,0.0,0.0037800687285223233,0.0,0.0,29.21,29.166000000000004,29.333000000000006,29.200146484374997,29.216194627420833,29.348356930704814,0.0021824236979417723,0.0016904981272856667,0.010704844606813285,0.10999999999999943,0.003780068728522317,0.10999999999999943,0.003780068728522317,-0.8900000000000006,-0.029568106312292376,29.21,29.21,29.1,29.21,29.1,30.1,,1.0,0.10999999999999943,3,4,24,29.21,0.0,SAME,1.0
DPNB,2025-04-25,29.21,29.21,29.21,29.21,29.1,30.1,0.0,0.0,0.0,0.0,0.0,0.0,0.0,0.0,29.21,29.188,29.244,29.2050732421875,29.21412975161389,29.323201125122118,0.0,0.0016904981272856667,0.010704844606813285,0.0,0.0,0.10999999999999943,0.003780068728522317,-0.8900000000000006,-0.029568106312292376,29.21,29.21,29.1,29.21,29.1,30.1,,1.0,0.10999999999999943,4,4,25,29.21,0.0,SAME,1.0
DPNB,2025-04-28,29.21,29.21,29.21,29.21,29.1,30.1,0.0,0.0,0.0,0.0,0.0,0.0,0.0,0.0,29.21,29.21,29.15500000000001,29.20753662109375,29.212753167742598,29.302619102372642,0.0,0.0016904981272856667,0.010704844606813285,0.0,0.0,0.10999999999999943,0.003780068728522317,-0.8900000000000006,-0.029568106312292376,29.21,29.21,29.21,29.21,29.1,29.21,,,1.0,0,4,28,29.21,0.0,SAME,1.0
DPNB,2025-04-29,29.21,29.21,29.21,29.21,29.21,29.1,0.0,0.0,0.0,0.0,0.0,0.0,0.0,0.0,29.21,29.21,29.166000000000004,29.208768310546876,29.211835445161732,29.285779265577617,0.0,0.0,0.001195362689411844,0.0,0.0,0.0,0.0,0.10999999999999943,0.003780068728522317,29.21,29.21,29.21,29.21,29.1,29.21,,,1.0,1,4,29,29.21,0.0,SAME,1.0
DPNB,2025-04-30,29.21,29.21,29.21,29.21,29.21,29.1,0.0,0.0,0.0,0.0,0.0,0.0,0.0,0.0,29.21,29.21,29.177,29.20938415527344,29.211223630107824,29.27200121729078,0.0,0.0,0.001195362689411844,0.0,0.0,0.0,0.0,0.10999999999999943,0.003780068728522317,29.21,29.21,29.21,29.21,29.1,29.21,,,1.0,2,4,30,29.21,0.0,SAME,1.0
DPNB,2025-05-01,29.21,29.21,29.21,29.21,29.21,29.1,0.0,0.0,0.0,0.0,0.0,0.0,0.0,0.0,29.21,29.21,29.188000000000006,29.20969207763672,29.21081575340522,29.260728268692453,0.0,0.0,0.001195362689411844,0.0,0.0,0.0,0.0,0.10999999999999943,0.003780068728522317,29.21,29.21,29.21,29.21,29.1,29.21,,,1.0,3,5,1,29.21,0.0,SAME,1.0
DPNB,2025-05-05,29.21,29.21,29.21,29.21,29.21,29.1,0.0,0.0,0.0,0.0,0.0,0.0,0.0,0.0,29.21,29.21,29.199,29.209846038818363,29.21054383560348,29.251504947112007,0.0,0.0,0.001195362689411844,0.0,0.0,0.0,0.0,0.10999999999999943,0.003780068728522317,29.21,29.21,29.21,29.21,29.1,29.21,,,1.0,0,5,5,29.21,0.0,SAME,1.0
DPNB,2025-05-06,29.21,29.21,29.21,29.21,29.21,29.1,0.0,0.0,0.0,0.0,0.0,0.0,0.0,0.0,29.21,29.21,29.21,29.20992301940918,29.21036255706899,29.24395859309164,0.0,0.0,0.001195362689411844,0.0,0.0,0.0,0.0,0.10999999999999943,0.003780068728522317,29.21,29.21,29.21,29.21,29.21,29.21,,,,1,5,6,29.21,0.0,SAME,1.0
DPNB,2025-05-08,29.21,29.21,29.21,29.21,29.21,29.21,0.0,0.0,0.0,0.0,0.0,0.0,0.0,0.0,29.21,29.21,29.21,29.20996150970459,29.210241704712665,29.237784303438616,0.0,0.0,0.0,0.0,0.0,0.0,0.0,0.0,0.0,29.21,29.21,29.21,29.21,29.21,29.21,,,,3,5,8,29.21,0.0,SAME,1.0
DPNB,2025-05-09,29.21,29.21,29.21,29.21,29.21,29.21,0.0,0.0,0.0,0.0,0.0,0.0,0.0,0.0,29.21,29.21,29.21,29.209980754852296,29.210161136475115,29.23273261190432,0.0,0.0,0.0,0.0,0.0,0.0,0.0,0.0,0.0,29.21,29.21,29.21,29.21,29.21,29.21,,,,4,5,9,29.21,0.0,SAME,1.0
DPNB,2025-05-12,29.21,29.21,29.21,29.21,29.21,29.21,0.0,0.0,0.0,0.0,0.0,0.0,0.0,0.0,29.21,29.21,29.21,29.20999037742615,29.210107424316746,29.2285994097399,0.0,0.0,0.0,0.0,0.0,0.0,0.0,0.0,0.0,29.21,29.21,29.21,29.21,29.21,29.21,,,,0,5,12,29.21,0.0,SAME,1.0
DPNB,2025-05-13,29.21,29.21,29.21,29.21,29.21,29.21,0.0,0.0,0.0,0.0,0.0,0.0,0.0,0.0,29.21,29.21,29.21,29.209995188713073,29.210071616211167,29.2252176988781,0.0,0.0,0.0,0.0,0.0,0.0,0.0,0.0,0.0,29.21,29.21,29.21,29.21,29.21,29.21,,,,1,5,13,29.21,0.0,SAME,1.0
DPNB,2025-05-14,29.21,29.21,29.21,29.21,29.21,29.21,0.0,0.0,0.0,0.0,0.0,0.0,0.0,0.0,29.21,29.21,29.21,29.209997594356537,29.21004774414078,29.222450844536628,0.0,0.0,0.0,0.0,0.0,0.0,0.0,0.0,0.0,29.21,29.21,29.21,29.21,29.21,29.21,,,,2,5,14,29.21,0.0,SAME,1.0
DPNB,2025-05-15,29.21,29.21,29.21,29.21,29.21,29.21,0.0,0.0,0.0,0.0,0.0,0.0,0.0,0.0,29.21,29.21,29.21,29.20999879717827,29.210031829427187,29.220187054620876,0.0,0.0,0.0,0.0,0.0,0.0,0.0,0.0,0.0,29.21,29.21,29.21,29.21,29.21,29.21,,,,3,5,15,29.21,0.0,SAME,1.0
DPNB,2025-05-16,29.21,29.21,29.21,29.21,29.21,29.21,0.0,0.0,0.0,0.0,0.0,0.0,0.0,0.0,29.21,29.21,29.21,29.209999398589133,29.210021219618127,29.218334862871625,0.0,0.0,0.0,0.0,0.0,0.0,0.0,0.0,0.0,29.21,29.21,29.21,29.21,29.21,29.21,,,,4,5,16,29.21,0.0,SAME,1.0
DPNB,2025-05-19,29.21,29.21,29.21,29.21,29.21,29.21,0.0,0.0,0.0,0.0,0.0,0.0,0.0,0.0,29.21,29.21,29.21,29.209999699294567,29.210014146412085,29.216819433258603,0.0,0.0,0.0,0.0,0.0,0.0,0.0,0.0,0.0,29.21,29.21,29.21,29.21,29.21,29.21,,,,0,5,19,29.21,0.0,SAME,1.0
DPNB,2025-05-20,29.21,29.21,29.21,29.21,29.21,29.21,0.0,0.0,0.0,0.0,0.0,0.0,0.0,0.0,29.21,29.21,29.21,29.209999849647282,29.21000943094139,29.215579536302492,0.0,0.0,0.0,0.0,0.0,0.0,0.0,0.0,0.0,29.21,29.21,29.21,29.21,29.21,29.21,,,,1,5,20,29.21,0.0,SAME,1.0
DPNB,2025-05-21,29.21,29.21,29.21,29.21,29.21,29.21,0.0,0.0,0.0,0.0,0.0,0.0,0.0,0.0,29.21,29.21,29.21,29.20999992482364,29.210006287294263,29.214565075156585,0.0,0.0,0.0,0.0,0.0,0.0,0.0,0.0,0.0,29.21,29.21,29.21,29.21,29.21,29.21,,,,2,5,21,29.21,0.0,SAME,1.0
DPNB,2025-05-22,29.21,29.21,29.21,29.21,29.21,29.21,0.0,0.0,0.0,0.0,0.0,0.0,0.0,0.0,29.21,29.21,29.21,29.20999996241182,29.210004191529514,29.21373506149175,0.0,0.0,0.0,0.0,0.0,0.0,0.0,0.0,0.0,29.21,29.21,29.21,29.21,29.21,29.21,,,,3,5,22,28.55,-0.6600000000000001,DOWN,0.0
DPNB,2025-05-23,28.55,29.21,29.21,29.21,29.21,29.21,-0.6600000000000001,-0.6600000000000001,-0.6600000000000001,-0.022595001711742557,-0.022595001711742557,-0.022595001711742557,-0.022854180297630377,-0.022854180297630377,28.99000000000001,29.078000000000003,29.144,28.879999981205913,28.99000279435301,29.09305595940234,0.01304523032061027,0.010104791955830396,0.007145166914451174,-0.6600000000000001,-0.022595001711742557,-0.6600000000000001,-0.022595001711742557,-0.6600000000000001,-0.022595001711742557,28.55,29.21,28.55,29.21,28.55,29.21,0.0,0.0,0.0,4,5,23,28.55,0.0,SAME,1.0
DPNB,2025-05-26,28.55,28.55,29.21,29.21,29.21,29.21,0.0,-0.6600000000000001,-0.6600000000000001,0.0,-0.022595001711742557,-0.022595001711742557,0.0,-0.022854180297630377,28.77000000000001,28.945999999999998,29.078000000000003,28.714999990602955,28.84333519623534,28.994318512238276,0.01304523032061027,0.010104791955830396,0.007145166914451174,-0.6600000000000001,-0.022595001711742557,-0.6600000000000001,-0.022595001711742557,-0.6600000000000001,-0.022595001711742557,28.55,29.21,28.55,29.21,28.55,29.21,0.0,0.0,0.0,0,5,26,28.55,0.0,SAME,1.0
DPNB,2025-05-27,28.55,28.55,28.55,29.21,29.21,29.21,0.0,0.0,-0.6600000000000001,0.0,0.0,-0.022595001711742557,0.0,0.0,28.55,28.814,29.012,28.63249999530148,28.745556797490227,28.91353332819495,0.01304523032061027,0.010104791955830396,0.007145166914451174,-0.6600000000000001,-0.022595001711742557,-0.6600000000000001,-0.022595001711742557,-0.6600000000000001,-0.022595001711742557,28.55,28.55,28.55,29.21,28.55,29.21,,0.0,0.0,1,5,27,28.55,0.0,SAME,1.0
DPNB,2025-05-28,28.55,28.55,28.55,28.55,29.21,29.21,0.0,0.0,0.0,0.0,0.0,0.0,0.0,0.0,28.55,28.682,28.946000000000005,28.591249997650742,28.68037119832682,28.847436359432233,0.0,0.010104791955830396,0.007145166914451174,0.0,0.0,-0.6600000000000001,-0.022595001711742557,-0.6600000000000001,-0.022595001711742557,28.55,28.55,28.55,29.21,28.55,29.21,,0.0,0.0,2,5,28,28.55,0.0,SAME,1.0
DPNB,2025-05-29,28.55,28.55,28.55,28.55,29.21,29.21,0.0,0.0,0.0,0.0,0.0,0.0,0.0,0.0,28.55,28.55,28.880000000000003,28.570624998825373,28.636914132217882,28.793357021353643,0.0,0.010104791955830396,0.007145166914451174,0.0,0.0,-0.6600000000000001,-0.022595001711742557,-0.6600000000000001,-0.022595001711742557,28.55,28.55,28.55,28.55,28.55,29.21,,,0.0,3,5,29,28.55,0.0,SAME,1.0
DPNB,2025-05-30,28.55,28.55,28.55,28.55,28.55,29.21,0.0,0.0,0.0,0.0,0.0,0.0,0.0,0.0,28.55,28.55,28.814,28.56031249941269,28.607942754811923,28.749110290198434,0.0,0.0,0.007145166914451174,0.0,0.0,0.0,0.0,-0.6600000000000001,-0.022595001711742557,28.55,28.55,28.55,28.55,28.55,29.21,,,0.0,4,5,30,28.55,0.0,SAME,1.0
DPNB,2025-06-02,28.55,28.55,28.55,28.55,28.55,29.21,0.0,0.0,0.0,0.0,0.0,0.0,0.0,0.0,28.55,28.55,28.748,28.555156249706343,28.58862850320795,28.712908419253264,0.0,0.0,0.007145166914451174,0.0,0.0,0.0,0.0,-0.6600000000000001,-0.022595001711742557,28.55,28.55,28.55,28.55,28.55,29.21,,,0.0,0,6,2,28.55,0.0,SAME,1.0
DPNB,2025-06-03,28.55,28.55,28.55,28.55,28.55,29.21,0.0,0.0,0.0,0.0,0.0,0.0,0.0,0.0,28.55,28.55,28.682,28.55257812485317,28.575752335471968,28.68328870666176,0.0,0.0,0.007145166914451174,0.0,0.0,0.0,0.0,-0.6600000000000001,-0.022595001711742557,28.55,28.55,28.55,28.55,28.55,29.21,,,0.0,1,6,3,28.55,0.0,SAME,1.0
DPNB,2025-06-04,28.55,28.55,28.55,28.55,28.55,29.21,0.0,0.0,0.0,0.0,0.0,0.0,0.0,0.0,28.55,28.55,28.616000000000003,28.551289062426584,28.56716822364798,28.659054396359622,0.0,0.0,0.007145166914451174,0.0,0.0,0.0,0.0,-0.6600000000000001,-0.022595001711742557,28.55,28.55,28.55,28.55,28.55,29.21,,,0.0,2,6,4,28.55,0.0,SAME,1.0
DPNB,2025-06-05,28.55,28.55,28.55,28.55,28.55,29.21,0.0,0.0,0.0,0.0,0.0,0.0,0.0,0.0,28.55,28.55,28.55,28.550644531213294,28.56144548243199,28.639226324294235,0.0,0.0,0.007145166914451174,0.0,0.0,0.0,0.0,-0.6600000000000001,-0.022595001711742557,28.55,28.55,28.55,28.55,28.55,28.55,,,,3,6,5,28.55,0.0,SAME,1.0
DPNB,2025-06-06,28.55,28.55,28.55,28.55,28.55,28.55,0.0,0.0,0.0,0.0,0.0,0.0,0.0,0.0,28.55,28.55,28.55,28.550322265606646,28.55763032162133,28.623003356240737,0.0,0.0,0.0,0.0,0.0,0.0,0.0,0.0,0.0,28.55,28.55,28.55,28.55,28.55,28.55,,,,4,6,6,28.55,0.0,SAME,1.0
DPNB,2025-06-09,28.55,28.55,28.55,28.55,28.55,28.55,0.0,0.0,0.0,0.0,0.0,0.0,0.0,0.0,28.55,28.55,28.55,28.550161132803325,28.555086881080886,28.60973001874242,0.0,0.0,0.0,0.0,0.0,0.0,0.0,0.0,0.0,28.55,28.55,28.55,28.55,28.55,28.55,,,,0,6,9,28.55,0.0,SAME,1.0
DPNB,2025-06-10,28.55,28.55,28.55,28.55,28.55,28.55,0.0,0.0,0.0,0.0,0.0,0.0,0.0,0.0,28.55,28.55,28.55,28.55008056640166,28.553391254053924,28.598870015334708,0.0,0.0,0.0,0.0,0.0,0.0,0.0,0.0,0.0,28.55,28.55,28.55,28.55,28.55,28.55,,,,1,6,10,28.55,0.0,SAME,1.0
DPNB,2025-06-12,28.55,28.55,28.55,28.55,28.55,28.55,0.0,0.0,0.0,0.0,0.0,0.0,0.0,0.0,28.55,28.55,28.55,28.55004028320083,28.552260836035952,28.589984558001124,0.0,0.0,0.0,0.0,0.0,0.0,0.0,0.0,0.0,28.55,28.55,28.55,28.55,28.55,28.55,,,,3,6,12,28.01,-0.5399999999999991,DOWN,0.0
DPNB,2025-06-13,28.01,28.55,28.55,28.55,28.55,28.55,-0.5399999999999991,-0.5399999999999991,-0.5399999999999991,-0.01891418563922942,-0.01891418563922942,-0.01891418563922942,-0.019095346830002063,-0.019095346830002063,28.370000000000008,28.442,28.496,28.280020141600417,28.37150722402397,28.484532820182736,0.010920110170306465,0.008458680965666661,0.00598119067072151,-0.5399999999999991,-0.01891418563922939,-0.5399999999999991,-0.01891418563922939,-0.5399999999999991,-0.01891418563922939,28.01,28.55,28.01,28.55,28.01,28.55,0.0,0.0,0.0,4,6,13,28.01,0.0,SAME,1.0
DPNB,2025-06-16,28.01,28.01,28.55,28.55,28.55,28.55,0.0,-0.5399999999999991,-0.5399999999999991,0.0,-0.01891418563922942,-0.01891418563922942,0.0,-0.019095346830002063,28.190000000000012,28.334000000000003,28.442,28.14501007080021,28.251004816015982,28.398254125604055,0.010920110170306465,0.008458680965666661,0.00598119067072151,-0.5399999999999991,-0.01891418563922939,-0.5399999999999991,-0.01891418563922939,-0.5399999999999991,-0.01891418563922939,28.01,28.55,28.01,28.55,28.01,28.55,0.0,0.0,0.0,0,6,16,28.01,0.0,SAME,1.0
DPNB,2025-06-17,28.01,28.01,28.01,28.55,28.55,28.55,0.0,0.0,-0.5399999999999991,0.0,0.0,-0.01891418563922942,0.0,0.0,28.01,28.226,28.387999999999998,28.077505035400108,28.17066987734399,28.327662466403318,0.010920110170306465,0.008458680965666661,0.00598119067072151,-0.5399999999999991,-0.01891418563922939,-0.5399999999999991,-0.01891418563922939,-0.5399999999999991,-0.01891418563922939,28.01,28.01,28.01,28.55,28.01,28.55,,0.0,0.0,1,6,17,28.01,0.0,SAME,1.0
DPNB,2025-06-18,28.01,28.01,28.01,28.01,28.55,28.55,0.0,0.0,0.0,0.0,0.0,0.0,0.0,0.0,28.01,28.118000000000002,28.334000000000003,28.043752517700057,28.11711325156266,28.269905654329985,0.0,0.008458680965666661,0.00598119067072151,0.0,0.0,-0.5399999999999991,-0.01891418563922939,-0.5399999999999991,-0.01891418563922939,28.01,28.01,28.01,28.55,28.01,28.55,,0.0,0.0,2,6,18,28.01,0.0,SAME,1.0
DPNB,2025-06-19,28.01,28.01,28.01,28.01,28.55,28.55,0.0,0.0,0.0,0.0,0.0,0.0,0.0,0.0,28.01,28.01,28.28,28.02687625885003,28.081408834375107,28.22265008081544,0.0,0.008458680965666661,0.00598119067072151,0.0,0.0,-0.5399999999999991,-0.01891418563922939,-0.5399999999999991,-0.01891418563922939,28.01,28.01,28.01,28.01,28.01,28.55,,,0.0,3,6,19,28.01,0.0,SAME,1.0
DPNB,2025-06-20,28.01,28.01,28.01,28.01,28.01,28.55,0.0,0.0,0.0,0.0,0.0,0.0,0.0,0.0,28.01,28.01,28.226,28.018438129425014,28.057605889583407,28.183986429758086,0.0,0.0,0.00598119067072151,0.0,0.0,0.0,0.0,-0.5399999999999991,-0.01891418563922939,28.01,28.01,28.01,28.01,28.01,28.55,,,0.0,4,6,20,28.01,0.0,SAME,1.0
DPNB,2025-06-23,28.01,28.01,28.01,28.01,28.01,28.55,0.0,0.0,0.0,0.0,0.0,0.0,0.0,0.0,28.01,28.01,28.172000000000004,28.014219064712506,28.04173725972227,28.15235253343843,0.0,0.0,0.00598119067072151,0.0,0.0,0.0,0.0,-0.5399999999999991,-0.01891418563922939,28.01,28.01,28.01,28.01,28.01,28.55,,,0.0,0,6,23,28.01,0.0,SAME,1.0
DPNB,2025-06-24,28.01,28.01,28.01,28.01,28.01,28.55,0.0,0.0,0.0,0.0,0.0,0.0,0.0,0.0,28.01,28.01,28.118000000000002,28.012109532356256,28.03115817314818,28.126470254631442,0.0,0.0,0.00598119067072151,0.0,0.0,0.0,0.0,-0.5399999999999991,-0.01891418563922939,28.01,28.01,28.01,28.01,28.01,28.55,,,0.0,1,6,24,28.01,0.0,SAME,1.0
DPNB,2025-06-25,28.01,28.01,28.01,28.01,28.01,28.55,0.0,0.0,0.0,0.0,0.0,0.0,0.0,0.0,28.01,28.01,28.064000000000004,28.011054766178127,28.024105448765457,28.10529384469845,0.0,0.0,0.00598119067072151,0.0,0.0,0.0,0.0,-0.5399999999999991,-0.01891418563922939,28.01,28.01,28.01,28.01,28.01,28.55,,,0.0,2,6,25,28.01,0.0,SAME,1.0
DPNB,2025-06-26,28.01,28.01,28.01,28.01,28.01,28.55,0.0,0.0,0.0,0.0,0.0,0.0,0.0,0.0,28.01,28.01,28.01,28.010527383089062,28.019403632510308,28.087967691116916,0.0,0.0,0.00598119067072151,0.0,0.0,0.0,0.0,-0.5399999999999991,-0.01891418563922939,28.01,28.01,28.01,28.01,28.01,28.01,,,,3,6,26,28.01,0.0,SAME,1.0
DPNB,2025-06-27,28.01,28.01,28.01,28.01,28.01,28.01,0.0,0.0,0.0,0.0,0.0,0.0,0.0,0.0,28.01,28.01,28.01,28.01026369154453,28.016269088340206,28.073791747277475,0.0,0.0,0.0,0.0,0.0,0.0,0.0,0.0,0.0,28.01,28.01,28.01,28.01,28.01,28.01,,,,4,6,27,28.01,0.0,SAME,1.0
DPNB,2025-06-30,28.01,28.01,28.01,28.01,28.01,28.01,0.0,0.0,0.0,0.0,0.0,0.0,0.0,0.0,28.01,28.01,28.01,28.010131845772264,28.014179392226804,28.06219324777248,0.0,0.0,0.0,0.0,0.0,0.0,0.0,0.0,0.0,28.01,28.01,28.01,28.01,28.01,28.01,,,,0,6,30,28.01,0.0,SAME,1.0
DPNB,2025-07-01,28.01,28.01,28.01,28.01,28.01,28.01,0.0,0.0,0.0,0.0,0.0,0.0,0.0,0.0,28.01,28.01,28.01,28.010065922886135,28.01278626148454,28.052703566359302,0.0,0.0,0.0,0.0,0.0,0.0,0.0,0.0,0.0,28.01,28.01,28.01,28.01,28.01,28.01,,,,1,7,1,28.01,0.0,SAME,1.0
DPNB,2025-07-02,28.01,28.01,28.01,28.01,28.01,28.01,0.0,0.0,0.0,0.0,0.0,0.0,0.0,0.0,28.01,28.01,28.01,28.010032961443066,28.011857507656362,28.044939281566702,0.0,0.0,0.0,0.0,0.0,0.0,0.0,0.0,0.0,28.01,28.01,28.01,28.01,28.01,28.01,,,,2,7,2,28.01,0.0,SAME,1.0
DPNB,2025-07-03,28.01,28.01,28.01,28.01,28.01,28.01,0.0,0.0,0.0,0.0,0.0,0.0,0.0,0.0,28.01,28.01,28.01,28.010016480721532,28.011238338437575,28.03858668491821,0.0,0.0,0.0,0.0,0.0,0.0,0.0,0.0,0.0,28.01,28.01,28.01,28.01,28.01,28.01,,,,3,7,3,28.01,0.0,SAME,1.0
DPNB,2025-07-04,28.01,28.01,28.01,28.01,28.01,28.01,0.0,0.0,0.0,0.0,0.0,0.0,0.0,0.0,28.01,28.01,28.01,28.01000824036077,28.010825558958384,28.033389105842172,0.0,0.0,0.0,0.0,0.0,0.0,0.0,0.0,0.0,28.01,28.01,28.01,28.01,28.01,28.01,,,,4,7,4,28.01,0.0,SAME,1.0
DPNB,2025-07-07,28.01,28.01,28.01,28.01,28.01,28.01,0.0,0.0,0.0,0.0,0.0,0.0,0.0,0.0,28.01,28.01,28.01,28.010004120180383,28.010550372638924,28.029136541143593,0.0,0.0,0.0,0.0,0.0,0.0,0.0,0.0,0.0,28.01,28.01,28.01,28.01,28.01,28.01,,,,0,7,7,28.01,0.0,SAME,1.0
DPNB,2025-07-08,28.01,28.01,28.01,28.01,28.01,28.01,0.0,0.0,0.0,0.0,0.0,0.0,0.0,0.0,28.01,28.01,28.01,28.010002060090194,28.010366915092618,28.025657170026577,0.0,0.0,0.0,0.0,0.0,0.0,0.0,0.0,0.0,28.01,28.01,28.01,28.01,28.01,28.01,,,,1,7,8,28.01,0.0,SAME,1.0
DPNB,2025-07-09,28.01,28.01,28.01,28.01,28.01,28.01,0.0,0.0,0.0,0.0,0.0,0.0,0.0,0.0,28.01,28.01,28.01,28.010001030045096,28.010244610061747,28.022810411839927,0.0,0.0,0.0,0.0,0.0,0.0,0.0,0.0,0.0,28.01,28.01,28.01,28.01,28.01,28.01,,,,2,7,9,28.01,0.0,SAME,1.0
DPNB,2025-07-10,28.01,28.01,28.01,28.01,28.01,28.01,0.0,0.0,0.0,0.0,0.0,0.0,0.0,0.0,28.01,28.01,28.01,28.010000515022547,28.0101630733745,28.02048124605085,0.0,0.0,0.0,0.0,0.0,0.0,0.0,0.0,0.0,28.01,28.01,28.01,28.01,28.01,28.01,,,,3,7,10,28.01,0.0,SAME,1.0
DPNB,2025-07-11,28.01,28.01,28.01,28.01,28.01,28.01,0.0,0.0,0.0,0.0,0.0,0.0,0.0,0.0,28.01,28.01,28.01,28.010000257511273,28.010108715583,28.018575564950694,0.0,0.0,0.0,0.0,0.0,0.0,0.0,0.0,0.0,28.01,28.01,28.01,28.01,28.01,28.01,,,,4,7,11,28.01,0.0,SAME,1.0
DPNB,2025-07-14,28.01,28.01,28.01,28.01,28.01,28.01,0.0,0.0,0.0,0.0,0.0,0.0,0.0,0.0,28.01,28.01,28.01,28.010000128755635,28.010072477055335,28.017016371323294,0.0,0.0,0.0,0.0,0.0,0.0,0.0,0.0,0.0,28.01,28.01,28.01,28.01,28.01,28.01,,,,0,7,14,28.01,0.0,SAME,1.0
DPNB,2025-07-15,28.01,28.01,28.01,28.01,28.01,28.01,0.0,0.0,0.0,0.0,0.0,0.0,0.0,0.0,28.01,28.01,28.01,28.01000006437782,28.01004831803689,28.01574066744633,0.0,0.0,0.0,0.0,0.0,0.0,0.0,0.0,0.0,28.01,28.01,28.01,28.01,28.01,28.01,,,,1,7,15,28.01,0.0,SAME,1.0
DPNB,2025-07-16,28.01,28.01,28.01,28.01,28.01,28.01,0.0,0.0,0.0,0.0,0.0,0.0,0.0,0.0,28.01,28.01,28.01,28.010000032188913,28.010032212024594,28.014696909728816,0.0,0.0,0.0,0.0,0.0,0.0,0.0,0.0,0.0,28.01,28.01,28.01,28.01,28.01,28.01,,,,2,7,16,28.01,0.0,SAME,1.0
DPNB,2025-07-17,28.01,28.01,28.01,28.01,28.01,28.01,0.0,0.0,0.0,0.0,0.0,0.0,0.0,0.0,28.01,28.01,28.01,28.01000001609446,28.010021474683064,28.01384292614176,0.0,0.0,0.0,0.0,0.0,0.0,0.0,0.0,0.0,28.01,28.01,28.01,28.01,28.01,28.01,,,,3,7,17,28.01,0.0,SAME,1.0
DPNB,2025-07-18,28.01,28.01,28.01,28.01,28.01,28.01,0.0,0.0,0.0,0.0,0.0,0.0,0.0,0.0,28.01,28.01,28.01,28.01000000804723,28.01001431645538,28.013144212297803,0.0,0.0,0.0,0.0,0.0,0.0,0.0,0.0,0.0,28.01,28.01,28.01,28.01,28.01,28.01,,,,4,7,18,28.01,0.0,SAME,1.0
DPNB,2025-07-21,28.01,28.01,28.01,28.01,28.01,28.01,0.0,0.0,0.0,0.0,0.0,0.0,0.0,0.0,28.01,28.01,28.01,28.010000004023617,28.01000954430359,28.012572537334567,0.0,0.0,0.0,0.0,0.0,0.0,0.0,0.0,0.0,28.01,28.01,28.01,28.01,28.01,28.01,,,,0,7,21,28.01,0.0,SAME,1.0
DPNB,2025-07-22,28.01,28.01,28.01,28.01,28.01,28.01,0.0,0.0,0.0,0.0,0.0,0.0,0.0,0.0,28.01,28.01,28.01,28.010000002011807,28.01000636286906,28.012104803273736,0.0,0.0,0.0,0.0,0.0,0.0,0.0,0.0,0.0,28.01,28.01,28.01,28.01,28.01,28.01,,,,1,7,22,28.01,0.0,SAME,1.0
DPNB,2025-07-23,28.01,28.01,28.01,28.01,28.01,28.01,0.0,0.0,0.0,0.0,0.0,0.0,0.0,0.0,28.01,28.01,28.01,28.010000001005906,28.010004241912707,28.01172211176942,0.0,0.0,0.0,0.0,0.0,0.0,0.0,0.0,0.0,28.01,28.01,28.01,28.01,28.01,28.01,,,,2,7,23,28.01,0.0,SAME,1.0
DPNB,2025-07-24,28.01,28.01,28.01,28.01,28.01,28.01,0.0,0.0,0.0,0.0,0.0,0.0,0.0,0.0,28.01,28.01,28.01,28.010000000502956,28.010002827941808,28.011409000538617,0.0,0.0,0.0,0.0,0.0,0.0,0.0,0.0,0.0,28.01,28.01,28.01,28.01,28.01,28.01,,,,3,7,24,31.67,3.66,UP,2.0
DPNB,2025-07-25,31.67,28.01,28.01,28.01,28.01,28.01,3.66,3.66,3.66,0.13066761870760435,0.13066761870760435,0.13066761870760435,0.12280827127853121,0.12280827127853121,29.230000000000008,28.742,28.375999999999998,29.84000000025148,29.23000188529454,28.676607364077046,0.07544098483520202,0.058436335577644376,0.04132072915464573,3.66,0.13066761870760443,3.66,0.13066761870760443,3.66,0.13066761870760443,28.01,31.67,28.01,31.67,28.01,31.67,1.0,1.0,1.0,4,7,25,33.68,2.009999999999998,UP,2.0
DPNB,2025-07-29,33.68,31.67,28.01,28.01,28.01,28.01,2.009999999999998,5.669999999999998,5.669999999999998,0.06346700347331846,0.20242770439128877,0.20242770439128877,0.06153432882357742,0.18434260010210876,31.120000000000008,29.875999999999998,28.943,31.76000000012574,30.713334590196364,29.586315116063037,0.06534269889904044,0.05823323106854826,0.0438852822148144,5.669999999999998,0.20242770439128874,5.669999999999998,0.20242770439128874,5.669999999999998,0.20242770439128874,28.01,33.68,28.01,33.68,28.01,33.68,1.0,1.0,1.0,1,7,29,33.68,0.0,SAME,1.0
DPNB,2025-07-30,33.68,33.68,31.67,28.01,28.01,28.01,0.0,2.009999999999998,5.669999999999998,0.0,0.06346700347331846,0.20242770439128877,0.0,0.06153432882357742,33.01000000000001,31.01,29.51,32.72000000006287,31.702223060130912,30.33062145859703,0.06534269889904044,0.05823323106854826,0.0438852822148144,5.669999999999998,0.20242770439128874,5.669999999999998,0.20242770439128874,5.669999999999998,0.20242770439128874,31.67,33.68,28.01,33.68,28.01,33.68,1.0,1.0,1.0,2,7,30,33.68,0.0,SAME,1.0
DPNB,2025-07-31,33.68,33.68,33.68,31.67,28.01,28.01,0.0,0.0,2.009999999999998,0.0,0.0,0.06346700347331846,0.0,0.0,33.68,32.144,30.077000000000005,33.20000000003144,32.36148204008728,30.93959937521575,0.03664269153997777,0.05823323106854826,0.0438852822148144,2.009999999999998,0.06346700347331853,5.669999999999998,0.20242770439128874,5.669999999999998,0.20242770439128874,33.68,33.68,28.01,33.68,28.01,33.68,,1.0,1.0,3,7,31,33.68,0.0,SAME,1.0
DPNB,2025-08-01,33.68,33.68,33.68,33.68,28.01,28.01,0.0,0.0,0.0,0.0,0.0,0.0,0.0,0.0,33.68,33.278,30.644,33.440000000015715,32.80098802672485,31.43785403426743,0.0,0.05823323106854826,0.0438852822148144,0.0,0.0,5.669999999999998,0.20242770439128874,5.669999999999998,0.20242770439128874,33.68,33.68,31.67,33.68,28.01,33.68,,1.0,1.0,4,8,1,33.68,0.0,SAME,1.0
DPNB,2025-08-04,33.68,33.68,33.68,33.68,31.67,28.01,0.0,0.0,0.0,0.0,0.0,0.0,0.0,0.0,33.68,33.68,31.211000000000002,33.56000000000786,33.093992017816575,31.845516937127897,0.0,0.028383306818909115,0.0438852822148144,0.0,0.0,2.009999999999998,0.06346700347331853,5.669999999999998,0.20242770439128874,33.68,33.68,33.68,33.68,28.01,33.68,,,1.0,0,8,4,33.68,0.0,SAME,1.0
DPNB,2025-08-05,33.68,33.68,33.68,33.68,33.68,28.01,0.0,0.0,0.0,0.0,0.0,0.0,0.0,0.0,33.68,33.68,31.778,33.62000000000393,33.289328011877714,32.17905931219555,0.0,0.0,0.0438852822148144,0.0,0.0,0.0,0.0,5.669999999999998,0.20242770439128874,33.68,33.68,33.68,33.68,28.01,33.68,,,1.0,1,8,5,33.68,0.0,SAME,1.0
DPNB,2025-08-06,33.68,33.68,33.68,33.68,33.68,28.01,0.0,0.0,0.0,0.0,0.0,0.0,0.0,0.0,33.68,33.68,32.345,33.65000000000197,33.41955200791848,32.451957619069084,0.0,0.0,0.0438852822148144,0.0,0.0,0.0,0.0,5.669999999999998,0.20242770439128874,33.68,33.68,33.68,33.68,28.01,33.68,,,1.0,2,8,6,33.68,0.0,SAME,1.0
DPNB,2025-08-07,33.68,33.68,33.68,33.68,33.68,28.01,0.0,0.0,0.0,0.0,0.0,0.0,0.0,0.0,33.68,33.68,32.912,33.66500000000099,33.506368005278986,32.675238051965614,0.0,0.0,0.0438852822148144,0.0,0.0,0.0,0.0,5.669999999999998,0.20242770439128874,33.68,33.68,33.68,33.68,28.01,33.68,,,1.0,3,8,7,33.54,-0.14000000000000057,DOWN,0.0
DPNB,2025-08-08,33.54,33.68,33.68,33.68,33.68,28.01,-0.14000000000000057,-0.14000000000000057,-0.14000000000000057,-0.004156769596199594,-0.004156769596199594,-0.004156769596199594,-0.004165432979063255,-0.004165432979063255,33.63333333333334,33.652,33.465,33.60250000000049,33.517578670186,32.83246749706277,0.0023999120453009376,0.0018589638767507533,0.04410871341835573,-0.14000000000000057,-0.004156769596199542,-0.14000000000000057,-0.004156769596199542,5.529999999999998,0.19742948946804703,33.54,33.68,33.54,33.68,31.67,33.68,0.0,0.0,0.9303482587064673,4,8,8,33.54,0.0,SAME,1.0
DPNB,2025-08-11,33.54,33.54,33.68,33.68,33.68,31.67,0.0,-0.14000000000000057,-0.14000000000000057,0.0,-0.004156769596199594,-0.004156769596199594,0.0,-0.004165432979063255,33.58666666666667,33.624,33.652,33.57125000000025,33.52505244679067,32.961109770324086,0.0023999120453009376,0.0018589638767507533,0.02025824627460322,-0.14000000000000057,-0.004156769596199542,-0.14000000000000057,-0.004156769596199542,1.8699999999999974,0.05904641616671921,33.54,33.68,33.54,33.68,33.54,33.68,0.0,0.0,0.0,0,8,11,33.54,0.0,SAME,1.0
DPNB,2025-08-12,33.54,33.54,33.54,33.68,33.68,33.68,0.0,0.0,-0.14000000000000057,0.0,0.0,-0.004156769596199594,0.0,0.0,33.54,33.596,33.638,33.55562500000012,33.53003496452712,33.06636253935607,0.0023999120453009376,0.0018589638767507533,0.0013144859632540761,-0.14000000000000057,-0.004156769596199542,-0.14000000000000057,-0.004156769596199542,-0.14000000000000057,-0.004156769596199542,33.54,33.54,33.54,33.68,33.54,33.68,,0.0,0.0,1,8,12,33.54,0.0,SAME,1.0
DPNB,2025-08-13,33.54,33.54,33.54,33.54,33.68,33.68,0.0,0.0,0.0,0.0,0.0,0.0,0.0,0.0,33.54,33.568,33.624,33.54781250000006,33.53335664301808,33.15247844129133,0.0,0.0018589638767507533,0.0013144859632540761,0.0,0.0,-0.14000000000000057,-0.004156769596199542,-0.14000000000000057,-0.004156769596199542,33.54,33.54,33.54,33.68,33.54,33.68,,0.0,0.0,2,8,13,33.54,0.0,SAME,1.0
DPNB,2025-08-14,33.54,33.54,33.54,33.54,33.68,33.68,0.0,0.0,0.0,0.0,0.0,0.0,0.0,0.0,33.54,33.54,33.61,33.543906250000035,33.53557109534539,33.22293690651109,0.0,0.0018589638767507533,0.0013144859632540761,0.0,0.0,-0.14000000000000057,-0.004156769596199542,-0.14000000000000057,-0.004156769596199542,33.54,33.54,33.54,33.54,33.54,33.68,,,0.0,3,8,14,33.54,0.0,SAME,1.0
DPNB,2025-08-15,33.54,33.54,33.54,33.54,33.54,33.68,0.0,0.0,0.0,0.0,0.0,0.0,0.0,0.0,33.54,33.54,33.596,33.54195312500002,33.537047396896924,33.28058474169089,0.0,0.0,0.0013144859632540761,0.0,0.0,0.0,0.0,-0.14000000000000057,-0.004156769596199542,33.54,33.54,33.54,33.54,33.54,33.68,,,0.0,4,8,15,33.54,0.0,SAME,1.0
DPNB,2025-08-18,33.54,33.54,33.54,33.54,33.54,33.68,0.0,0.0,0.0,0.0,0.0,0.0,0.0,0.0,33.54,33.54,33.582,33.540976562500006,33.53803159793128,33.32775115229254,0.0,0.0,0.0013144859632540761,0.0,0.0,0.0,0.0,-0.14000000000000057,-0.004156769596199542,33.54,33.54,33.54,33.54,33.54,33.68,,,0.0,0,8,18,33.54,0.0,SAME,1.0
DPNB,2025-08-19,33.54,33.54,33.54,33.54,33.54,33.68,0.0,0.0,0.0,0.0,0.0,0.0,0.0,0.0,33.54,33.54,33.568,33.540488281250006,33.538687731954184,33.36634185187572,0.0,0.0,0.0013144859632540761,0.0,0.0,0.0,0.0,-0.14000000000000057,-0.004156769596199542,33.54,33.54,33.54,33.54,33.54,33.68,,,0.0,1,8,19,33.54,0.0,SAME,1.0
DPNB,2025-08-20,33.54,33.54,33.54,33.54,33.54,33.68,0.0,0.0,0.0,0.0,0.0,0.0,0.0,0.0,33.54,33.54,33.554,33.540244140625006,33.539125154636125,33.39791606062558,0.0,0.0,0.0013144859632540761,0.0,0.0,0.0,0.0,-0.14000000000000057,-0.004156769596199542,33.54,33.54,33.54,33.54,33.54,33.68,,,0.0,2,8,20,33.54,0.0,SAME,1.0
DPNB,2025-08-21,33.54,33.54,33.54,33.54,33.54,33.68,0.0,0.0,0.0,0.0,0.0,0.0,0.0,0.0,33.54,33.54,33.54,33.540122070312506,33.53941676975742,33.423749504148205,0.0,0.0,0.0013144859632540761,0.0,0.0,0.0,0.0,-0.14000000000000057,-0.004156769596199542,33.54,33.54,33.54,33.54,33.54,33.54,,,,3,8,21,33.54,0.0,SAME,1.0
DPNB,2025-08-22,33.54,33.54,33.54,33.54,33.54,33.54,0.0,0.0,0.0,0.0,0.0,0.0,0.0,0.0,33.54,33.54,33.54,33.540061035156256,33.53961117983829,33.44488595793944,0.0,0.0,0.0,0.0,0.0,0.0,0.0,0.0,0.0,33.54,33.54,33.54,33.54,33.54,33.54,,,,4,8,22,33.54,0.0,SAME,1.0
DPNB,2025-08-25,33.54,33.54,33.54,33.54,33.54,33.54,0.0,0.0,0.0,0.0,0.0,0.0,0.0,0.0,33.54,33.54,33.54,33.54003051757813,33.539740786558866,33.462179420132266,0.0,0.0,0.0,0.0,0.0,0.0,0.0,0.0,0.0,33.54,33.54,33.54,33.54,33.54,33.54,,,,0,8,25,33.54,0.0,SAME,1.0
DPNB,2025-08-26,33.54,33.54,33.54,33.54,33.54,33.54,0.0,0.0,0.0,0.0,0.0,0.0,0.0,0.0,33.54,33.54,33.54,33.54001525878907,33.53982719103925,33.476328616471854,0.0,0.0,0.0,0.0,0.0,0.0,0.0,0.0,0.0,33.54,33.54,33.54,33.54,33.54,33.54,,,,1,8,26,33.54,0.0,SAME,1.0
DPNB,2025-08-27,33.54,33.54,33.54,33.54,33.54,33.54,0.0,0.0,0.0,0.0,0.0,0.0,0.0,0.0,33.54,33.54,33.54,33.54000762939454,33.539884794026165,33.487905231658786,0.0,0.0,0.0,0.0,0.0,0.0,0.0,0.0,0.0,33.54,33.54,33.54,33.54,33.54,33.54,,,,2,8,27,33.54,0.0,SAME,1.0
DPNB,2025-08-28,33.54,33.54,33.54,33.54,33.54,33.54,0.0,0.0,0.0,0.0,0.0,0.0,0.0,0.0,33.54,33.54,33.54,33.54000381469727,33.53992319601744,33.49737700772082,0.0,0.0,0.0,0.0,0.0,0.0,0.0,0.0,0.0,33.54,33.54,33.54,33.54,33.54,33.54,,,,3,8,28,33.54,0.0,SAME,1.0
DPNB,2025-08-29,33.54,33.54,33.54,33.54,33.54,33.54,0.0,0.0,0.0,0.0,0.0,0.0,0.0,0.0,33.54,33.54,33.54,33.54000190734864,33.53994879734496,33.50512664268067,0.0,0.0,0.0,0.0,0.0,0.0,0.0,0.0,0.0,33.54,33.54,33.54,33.54,33.54,33.54,,,,4,8,29,33.54,0.0,SAME,1.0
DPNB,2025-09-01,33.54,33.54,33.54,33.54,33.54,33.54,0.0,0.0,0.0,0.0,0.0,0.0,0.0,0.0,33.54,33.54,33.54,33.54000095367432,33.539965864896644,33.51146725310237,0.0,0.0,0.0,0.0,0.0,0.0,0.0,0.0,0.0,33.54,33.54,33.54,33.54,33.54,33.54,,,,0,9,1,30.52,-3.0199999999999996,DOWN,0.0
DPNB,2025-09-02,30.52,33.54,33.54,33.54,33.54,33.54,-3.0199999999999996,-3.0199999999999996,-3.0199999999999996,-0.0900417412045319,-0.0900417412045319,-0.0900417412045319,-0.09435654997880653,-0.09435654997880653,32.53333333333334,32.936,33.238,32.03000047683716,32.53331057659776,32.967564116174664,0.05198562352273797,0.040267890829153975,0.028473698669375453,-3.0199999999999996,-0.09004174120453189,-3.0199999999999996,-0.09004174120453189,-3.0199999999999996,-0.09004174120453189,30.52,33.54,30.52,33.54,30.52,33.54,0.0,0.0,0.0,1,9,2,30.52,0.0,SAME,1.0
DPNB,2025-09-03,30.52,30.52,33.54,33.54,33.54,33.54,0.0,-3.0199999999999996,-3.0199999999999996,0.0,-0.0900417412045319,-0.0900417412045319,0.0,-0.09435654997880653,31.52666666666668,32.331999999999994,32.936,31.275000238418578,31.862207051065177,32.52255245868836,0.05198562352273797,0.040267890829153975,0.028473698669375453,-3.0199999999999996,-0.09004174120453189,-3.0199999999999996,-0.09004174120453189,-3.0199999999999996,-0.09004174120453189,30.52,33.54,30.52,33.54,30.52,33.54,0.0,0.0,0.0,2,9,3,30.52,0.0,SAME,1.0
DPNB,2025-09-04,30.52,30.52,30.52,33.54,33.54,33.54,0.0,0.0,-3.0199999999999996,0.0,0.0,-0.0900417412045319,0.0,0.0,30.52,31.727999999999998,32.634,30.89750011920929,31.414804700710118,32.15845201165411,0.05198562352273798,0.040267890829153975,0.028473698669375453,-3.0199999999999996,-0.09004174120453189,-3.0199999999999996,-0.09004174120453189,-3.0199999999999996,-0.09004174120453189,30.52,30.52,30.52,33.54,30.52,33.54,,0.0,0.0,3,9,4,30.52,0.0,SAME,1.0
DPNB,2025-09-05,30.52,30.52,30.52,30.52,33.54,33.54,0.0,0.0,0.0,0.0,0.0,0.0,0.0,0.0,30.52,31.124000000000002,32.332,30.708750059604647,31.11653646714008,31.860551645898816,0.0,0.040267890829153975,0.028473698669375453,0.0,0.0,-3.0199999999999996,-0.09004174120453189,-3.0199999999999996,-0.09004174120453189,30.52,30.52,30.52,33.54,30.52,33.54,,0.0,0.0,4,9,5,30.52,0.0,SAME,1.0
DPNB,2025-09-08,30.52,30.52,30.52,30.52,33.54,33.54,0.0,0.0,0.0,0.0,0.0,0.0,0.0,0.0,30.52,30.52,32.029999999999994,30.614375029802325,30.917690978093386,31.61681498300812,0.0,0.040267890829153975,0.028473698669375453,0.0,0.0,-3.0199999999999996,-0.09004174120453189,-3.0199999999999996,-0.09004174120453189,30.52,30.52,30.52,30.52,30.52,33.54,,,0.0,0,9,8,30.52,0.0,SAME,1.0
DPNB,2025-09-09,30.52,30.52,30.52,30.52,30.52,33.54,0.0,0.0,0.0,0.0,0.0,0.0,0.0,0.0,30.52,30.52,31.728,30.567187514901164,30.785127318728925,31.41739407700664,0.0,0.0,0.028473698669375453,0.0,0.0,0.0,0.0,-3.0199999999999996,-0.09004174120453189,30.52,30.52,30.52,30.52,30.52,33.54,,,0.0,1,9,9,30.52,0.0,SAME,1.0
DPNB,2025-09-10,30.52,30.52,30.52,30.52,30.52,33.54,0.0,0.0,0.0,0.0,0.0,0.0,0.0,0.0,30.52,30.52,31.426,30.54359375745058,30.696751545819286,31.254231517550885,0.0,0.0,0.028473698669375453,0.0,0.0,0.0,0.0,-3.0199999999999996,-0.09004174120453189,30.52,30.52,30.52,30.52,30.52,33.54,,,0.0,2,9,10,30.52,0.0,SAME,1.0
DPNB,2025-09-11,30.52,30.52,30.52,30.52,30.52,33.54,0.0,0.0,0.0,0.0,0.0,0.0,0.0,0.0,30.52,30.52,31.123999999999995,30.531796878725288,30.637834363879524,31.120734877996178,0.0,0.0,0.028473698669375453,0.0,0.0,0.0,0.0,-3.0199999999999996,-0.09004174120453189,30.52,30.52,30.52,30.52,30.52,33.54,,,0.0,3,9,11,30.52,0.0,SAME,1.0
DPNB,2025-09-12,30.52,30.52,30.52,30.52,30.52,33.54,0.0,0.0,0.0,0.0,0.0,0.0,0.0,0.0,30.52,30.52,30.822000000000003,30.525898439362642,30.59855624258635,31.011510354724145,0.0,0.0,0.028473698669375453,0.0,0.0,0.0,0.0,-3.0199999999999996,-0.09004174120453189,30.52,30.52,30.52,30.52,30.52,33.54,,,0.0,4,9,12,30.52,0.0,SAME,1.0
DPNB,2025-09-15,30.52,30.52,30.52,30.52,30.52,33.54,0.0,0.0,0.0,0.0,0.0,0.0,0.0,0.0,30.52,30.52,30.52,30.522949219681323,30.572370828390902,30.92214483568339,0.0,0.0,0.028473698669375453,0.0,0.0,0.0,0.0,-3.0199999999999996,-0.09004174120453189,30.52,30.52,30.52,30.52,30.52,30.52,,,,0,9,15,30.52,0.0,SAME,1.0
DPNB,2025-09-16,30.52,30.52,30.52,30.52,30.52,30.52,0.0,0.0,0.0,0.0,0.0,0.0,0.0,0.0,30.52,30.52,30.52,30.52147460984066,30.554913885593937,30.84902759283186,0.0,0.0,0.0,0.0,0.0,0.0,0.0,0.0,0.0,30.52,30.52,30.52,30.52,30.52,30.52,,,,1,9,16,30.52,0.0,SAME,1.0
DPNB,2025-09-17,30.52,30.52,30.52,30.52,30.52,30.52,0.0,0.0,0.0,0.0,0.0,0.0,0.0,0.0,30.52,30.52,30.52,30.52073730492033,30.543275923729293,30.789204394135155,0.0,0.0,0.0,0.0,0.0,0.0,0.0,0.0,0.0,30.52,30.52,30.52,30.52,30.52,30.52,,,,2,9,17,30.52,0.0,SAME,1.0
DPNB,2025-09-18,30.52,30.52,30.52,30.52,30.52,30.52,0.0,0.0,0.0,0.0,0.0,0.0,0.0,0.0,30.52,30.52,30.52,30.520368652460164,30.535517282486197,30.74025814065603,0.0,0.0,0.0,0.0,0.0,0.0,0.0,0.0,0.0,30.52,30.52,30.52,30.52,30.52,30.52,,,,3,9,18,30.52,0.0,SAME,1.0
DPNB,2025-09-19,30.52,30.52,30.52,30.52,30.52,30.52,0.0,0.0,0.0,0.0,0.0,0.0,0.0,0.0,30.52,30.52,30.52,30.52018432623008,30.530344854990798,30.700211205991295,0.0,0.0,0.0,0.0,0.0,0.0,0.0,0.0,0.0,30.52,30.52,30.52,30.52,30.52,30.52,,,,4,9,19,30.52,0.0,SAME,1.0
DPNB,2025-09-22,30.52,30.52,30.52,30.52,30.52,30.52,0.0,0.0,0.0,0.0,0.0,0.0,0.0,0.0,30.52,30.52,30.52,30.520092163115038,30.526896569993866,30.667445532174696,0.0,0.0,0.0,0.0,0.0,0.0,0.0,0.0,0.0,30.52,30.52,30.52,30.52,30.52,30.52,,,,0,9,22,30.52,0.0,SAME,1.0
DPNB,2025-09-24,30.52,30.52,30.52,30.52,30.52,30.52,0.0,0.0,0.0,0.0,0.0,0.0,0.0,0.0,30.52,30.52,30.52,30.520046081557517,30.524597713329246,30.640637253597475,0.0,0.0,0.0,0.0,0.0,0.0,0.0,0.0,0.0,30.52,30.52,30.52,30.52,30.52,30.52,,,,2,9,24,30.52,0.0,SAME,1.0
DPNB,2025-09-25,30.52,30.52,30.52,30.52,30.52,30.52,0.0,0.0,0.0,0.0,0.0,0.0,0.0,0.0,30.52,30.52,30.52,30.52002304077876,30.523065142219497,30.618703207488842,0.0,0.0,0.0,0.0,0.0,0.0,0.0,0.0,0.0,30.52,30.52,30.52,30.52,30.52,30.52,,,,3,9,25,30.52,0.0,SAME,1.0
DPNB,2025-09-26,30.52,30.52,30.52,30.52,30.52,30.52,0.0,0.0,0.0,0.0,0.0,0.0,0.0,0.0,30.52,30.52,30.52,30.52001152038938,30.522043428146333,30.600757169763597,0.0,0.0,0.0,0.0,0.0,0.0,0.0,0.0,0.0,30.52,30.52,30.52,30.52,30.52,30.52,,,,4,9,26,30.52,0.0,SAME,1.0
DPNB,2025-09-29,30.52,30.52,30.52,30.52,30.52,30.52,0.0,0.0,0.0,0.0,0.0,0.0,0.0,0.0,30.52,30.52,30.52,30.520005760194692,30.52136228543089,30.586074047988397,0.0,0.0,0.0,0.0,0.0,0.0,0.0,0.0,0.0,30.52,30.52,30.52,30.52,30.52,30.52,,,,0,9,29,30.52,0.0,SAME,1.0
DPNB,2025-09-30,30.52,30.52,30.52,30.52,30.52,30.52,0.0,0.0,0.0,0.0,0.0,0.0,0.0,0.0,30.52,30.52,30.52,30.520002880097344,30.520908190287262,30.574060584717778,0.0,0.0,0.0,0.0,0.0,0.0,0.0,0.0,0.0,30.52,30.52,30.52,30.52,30.52,30.52,,,,1,9,30,30.52,0.0,SAME,1.0
DPNB,2025-10-01,30.52,30.52,30.52,30.52,30.52,30.52,0.0,0.0,0.0,0.0,0.0,0.0,0.0,0.0,30.52,30.52,30.52,30.520001440048674,30.520605460191508,30.564231387496363,0.0,0.0,0.0,0.0,0.0,0.0,0.0,0.0,0.0,30.52,30.52,30.52,30.52,30.52,30.52,,,,2,10,1,30.52,0.0,SAME,1.0
DPNB,2025-10-06,30.52,30.52,30.52,30.52,30.52,30.52,0.0,0.0,0.0,0.0,0.0,0.0,0.0,0.0,30.52,30.52,30.52,30.520000720024335,30.52040364012767,30.556189317042474,0.0,0.0,0.0,0.0,0.0,0.0,0.0,0.0,0.0,30.52,30.52,30.52,30.52,30.52,30.52,,,,0,10,6,30.52,0.0,SAME,1.0
DPNB,2025-10-07,30.52,30.52,30.52,30.52,30.52,30.52,0.0,0.0,0.0,0.0,0.0,0.0,0.0,0.0,30.52,30.52,30.52,30.52000036001217,30.52026909341845,30.549609441216568,0.0,0.0,0.0,0.0,0.0,0.0,0.0,0.0,0.0,30.52,30.52,30.52,30.52,30.52,30.52,,,,1,10,7,30.52,0.0,SAME,1.0
DPNB,2025-10-08,30.52,30.52,30.52,30.52,30.52,30.52,0.0,0.0,0.0,0.0,0.0,0.0,0.0,0.0,30.52,30.52,30.52,30.520000180006086,30.5201793956123,30.544225906449917,0.0,0.0,0.0,0.0,0.0,0.0,0.0,0.0,0.0,30.52,30.52,30.52,30.52,30.52,30.52,,,,2,10,8,30.52,0.0,SAME,1.0
DPNB,2025-10-09,30.52,30.52,30.52,30.52,30.52,30.52,0.0,0.0,0.0,0.0,0.0,0.0,0.0,0.0,30.52,30.52,30.52,30.520000090003045,30.520119597074867,30.539821196186296,0.0,0.0,0.0,0.0,0.0,0.0,0.0,0.0,0.0,30.52,30.52,30.52,30.52,30.52,30.52,,,,3,10,9,30.52,0.0,SAME,1.0
DPNB,2025-10-10,30.52,30.52,30.52,30.52,30.52,30.52,0.0,0.0,0.0,0.0,0.0,0.0,0.0,0.0,30.52,30.52,30.52,30.520000045001524,30.520079731383245,30.53621734233424,0.0,0.0,0.0,0.0,0.0,0.0,0.0,0.0,0.0,30.52,30.52,30.52,30.52,30.52,30.52,,,,4,10,10,30.52,0.0,SAME,1.0
DPNB,2025-10-13,30.52,30.52,30.52,30.52,30.52,30.52,0.0,0.0,0.0,0.0,0.0,0.0,0.0,0.0,30.52,30.52,30.52,30.52000002250076,30.520053154255496,30.533268734637105,0.0,0.0,0.0,0.0,0.0,0.0,0.0,0.0,0.0,30.52,30.52,30.52,30.52,30.52,30.52,,,,0,10,13,30.46,-0.05999999999999872,DOWN,0.0
DPNB,2025-10-14,30.46,30.52,30.52,30.52,30.52,30.52,-0.05999999999999872,-0.05999999999999872,-0.05999999999999872,-0.001965923984272533,-0.001965923984272533,-0.001965923984272533,-0.0019678589492404287,-0.0019678589492404287,30.50000000000001,30.508,30.514,30.49000001125038,30.500035436170332,30.519947146521265,0.0011350267414756226,0.0008791879334215831,0.0006216797497079129,-0.05999999999999872,-0.0019659239842725663,-0.05999999999999872,-0.0019659239842725663,-0.05999999999999872,-0.0019659239842725663,30.46,30.52,30.46,30.52,30.46,30.52,0.0,0.0,0.0,1,10,14,30.46,0.0,SAME,1.0
DPNB,2025-10-15,30.46,30.46,30.52,30.52,30.52,30.52,0.0,-0.05999999999999872,-0.05999999999999872,0.0,-0.001965923984272533,-0.001965923984272533,0.0,-0.0019678589492404287,30.480000000000008,30.496,30.508,30.47500000562519,30.486690290780224,30.50904766533558,0.0011350267414756226,0.0008791879334215831,0.0006216797497079129,-0.05999999999999872,-0.0019659239842725663,-0.05999999999999872,-0.0019659239842725663,-0.05999999999999872,-0.0019659239842725663,30.46,30.52,30.46,30.52,30.46,30.52,0.0,0.0,0.0,2,10,15,30.46,0.0,SAME,1.0
DPNB,2025-10-16,30.46,30.46,30.46,30.52,30.52,30.52,0.0,0.0,-0.05999999999999872,0.0,0.0,-0.001965923984272533,0.0,0.0,30.46,30.483999999999998,30.502,30.467500002812596,30.47779352718682,30.500129908001835,0.0011350267414756226,0.0008791879334215831,0.0006216797497079129,-0.05999999999999872,-0.0019659239842725663,-0.05999999999999872,-0.0019659239842725663,-0.05999999999999872,-0.0019659239842725663,30.46,30.46,30.46,30.52,30.46,30.52,,0.0,0.0,3,10,16,30.46,0.0,SAME,1.0
DPNB,2025-10-17,30.46,30.46,30.46,30.46,30.52,30.52,0.0,0.0,0.0,0.0,0.0,0.0,0.0,0.0,30.46,30.472,30.496000000000002,30.463750001406297,30.47186235145788,30.49283356109241,0.0,0.0008791879334215831,0.0006216797497079129,0.0,0.0,-0.05999999999999872,-0.0019659239842725663,-0.05999999999999872,-0.0019659239842725663,30.46,30.46,30.46,30.52,30.46,30.52,,0.0,0.0,4,10,17,30.46,0.0,SAME,1.0
DPNB,2025-10-20,30.46,30.46,30.46,30.46,30.52,30.52,0.0,0.0,0.0,0.0,0.0,0.0,0.0,0.0,30.46,30.46,30.49,30.46187500070315,30.467908234305256,30.48686382271197,0.0,0.0008791879334215831,0.0006216797497079129,0.0,0.0,-0.05999999999999872,-0.0019659239842725663,-0.05999999999999872,-0.0019659239842725663,30.46,30.46,30.46,30.46,30.46,30.52,,,0.0,0,10,20,30.46,0.0,SAME,1.0
DPNB,2025-10-21,30.46,30.46,30.46,30.46,30.46,30.52,0.0,0.0,0.0,0.0,0.0,0.0,0.0,0.0,30.46,30.46,30.484,30.460937500351577,30.465272156203504,30.481979491309794,0.0,0.0,0.0006216797497079129,0.0,0.0,0.0,0.0,-0.05999999999999872,-0.0019659239842725663,30.46,30.46,30.46,30.46,30.46,30.52,,,0.0,1,10,21,30.46,0.0,SAME,1.0
DPNB,2025-10-22,30.46,30.46,30.46,30.46,30.46,30.52,0.0,0.0,0.0,0.0,0.0,0.0,0.0,0.0,30.46,30.46,30.478,30.46046875017579,30.463514770802337,30.477983220162557,0.0,0.0,0.0006216797497079129,0.0,0.0,0.0,0.0,-0.05999999999999872,-0.0019659239842725663,30.46,30.46,30.46,30.46,30.46,30.52,,,0.0,2,10,22,30.46,0.0,SAME,1.0
DPNB,2025-10-23,30.46,30.46,30.46,30.46,30.46,30.52,0.0,0.0,0.0,0.0,0.0,0.0,0.0,0.0,30.46,30.46,30.471999999999998,30.460234375087893,30.462343180534894,30.474713543769365,0.0,0.0,0.0006216797497079129,0.0,0.0,0.0,0.0,-0.05999999999999872,-0.0019659239842725663,30.46,30.46,30.46,30.46,30.46,30.52,,,0.0,3,10,23,30.46,0.0,SAME,1.0
DPNB,2025-10-24,30.46,30.46,30.46,30.46,30.46,30.52,0.0,0.0,0.0,0.0,0.0,0.0,0.0,0.0,30.46,30.46,30.466,30.460117187543947,30.461562120356596,30.472038353993117,0.0,0.0,0.0006216797497079129,0.0,0.0,0.0,0.0,-0.05999999999999872,-0.0019659239842725663,30.46,30.46,30.46,30.46,30.46,30.52,,,0.0,4,10,24,30.08,-0.38000000000000256,DOWN,0.0
DPNB,2025-10-27,30.08,30.46,30.46,30.46,30.46,30.52,-0.38000000000000256,-0.38000000000000256,-0.38000000000000256,-0.012475377544320487,-0.012475377544320487,-0.012475377544320487,-0.012553848385376746,-0.012553848385376746,30.333333333333343,30.383999999999997,30.422000000000004,30.27005859377197,30.334374746904402,30.400758653267093,0.007202662583447669,0.0055791584468047935,0.003924917309834239,-0.38000000000000256,-0.012475377544320505,-0.38000000000000256,-0.012475377544320505,-0.4400000000000013,-0.014416775884665835,30.08,30.46,30.08,30.46,30.08,30.46,0.0,0.0,0.0,0,10,27,30.08,0.0,SAME,1.0
DPNB,2025-10-28,30.08,30.08,30.46,30.46,30.46,30.46,0.0,-0.38000000000000256,-0.38000000000000256,0.0,-0.012475377544320487,-0.012475377544320487,0.0,-0.012553848385376746,30.206666666666678,30.308,30.383999999999997,30.175029296885985,30.24958316460294,30.342438898127618,0.007202662583447669,0.0055791584468047935,0.0039450607710574915,-0.38000000000000256,-0.012475377544320505,-0.38000000000000256,-0.012475377544320505,-0.38000000000000256,-0.012475377544320505,30.08,30.46,30.08,30.46,30.08,30.46,0.0,0.0,0.0,1,10,28,30.08,0.0,SAME,1.0
DPNB,2025-10-29,30.08,30.08,30.08,30.46,30.46,30.46,0.0,0.0,-0.38000000000000256,0.0,0.0,-0.012475377544320487,0.0,0.0,30.08,30.232,30.345999999999997,30.12751464844299,30.19305544306863,30.294722734831684,0.007202662583447669,0.0055791584468047935,0.0039450607710574915,-0.38000000000000256,-0.012475377544320505,-0.38000000000000256,-0.012475377544320505,-0.38000000000000256,-0.012475377544320505,30.08,30.08,30.08,30.46,30.08,30.46,,0.0,0.0,2,10,29,30.08,0.0,SAME,1.0
DPNB,2025-10-30,30.08,30.08,30.08,30.08,30.46,30.46,0.0,0.0,0.0,0.0,0.0,0.0,0.0,0.0,30.08,30.156,30.308000000000003,30.103757324221494,30.155370295379086,30.255682237589557,0.0,0.0055791584468047935,0.0039450607710574915,0.0,0.0,-0.38000000000000256,-0.012475377544320505,-0.38000000000000256,-0.012475377544320505,30.08,30.08,30.08,30.46,30.08,30.46,,0.0,0.0,3,10,30,30.08,0.0,SAME,1.0
DPNB,2025-10-31,30.08,30.08,30.08,30.08,30.46,30.46,0.0,0.0,0.0,0.0,0.0,0.0,0.0,0.0,30.08,30.08,30.27,30.091878662110744,30.13024686358606,30.223740012573273,0.0,0.0055791584468047935,0.0039450607710574915,0.0,0.0,-0.38000000000000256,-0.012475377544320505,-0.38000000000000256,-0.012475377544320505,30.08,30.08,30.08,30.08,30.08,30.46,,,0.0,4,10,31,30.05,-0.029999999999997584,DOWN,0.0
DPNB,2025-11-03,30.05,30.08,30.08,30.08,30.08,30.46,-0.029999999999997584,-0.029999999999997584,-0.029999999999997584,-0.0009973404255317897,-0.0009973404255317897,-0.0009973404255317897,-0.000997838100422364,-0.000997838100422364,30.070000000000007,30.074,30.229000000000003,30.07093933105537,30.103497909057374,30.192150919378133,0.0005758147630550388,0.00044602419751235467,0.003922560386168511,-0.029999999999997584,-0.0009973404255318346,-0.029999999999997584,-0.0009973404255318346,-0.41000000000000014,-0.013460275771503615,30.05,30.08,30.05,30.08,30.05,30.46,0.0,0.0,0.0,0,11,3,30.05,0.0,SAME,1.0
DPNB,2025-11-04,30.05,30.05,30.08,30.08,30.08,30.46,0.0,-0.029999999999997584,-0.029999999999997584,0.0,-0.0009973404255317897,-0.0009973404255317897,0.0,-0.000997838100422364,30.060000000000006,30.068,30.188,30.060469665527684,30.08566527270492,30.166305297673016,0.0005758147630550388,0.00044602419751235467,0.003922560386168511,-0.029999999999997584,-0.0009973404255318346,-0.029999999999997584,-0.0009973404255318346,-0.41000000000000014,-0.013460275771503615,30.05,30.08,30.05,30.08,30.05,30.46,0.0,0.0,0.0,1,11,4,30.05,0.0,SAME,1.0
DPNB,2025-11-05,30.05,30.05,30.05,30.08,30.08,30.46,0.0,0.0,-0.029999999999997584,0.0,0.0,-0.0009973404255317897,0.0,0.0,30.05,30.062,30.147,30.055234832763844,30.073776848469947,30.145158879914284,0.0005758147630550388,0.00044602419751235467,0.003922560386168511,-0.029999999999997584,-0.0009973404255318346,-0.029999999999997584,-0.0009973404255318346,-0.41000000000000014,-0.013460275771503615,30.05,30.05,30.05,30.08,30.05,30.46,,0.0,0.0,2,11,5,30.05,0.0,SAME,1.0
DPNB,2025-11-06,30.05,30.05,30.05,30.05,30.08,30.46,0.0,0.0,0.0,0.0,0.0,0.0,0.0,0.0,30.05,30.056,30.106,30.05261741638192,30.0658512323133,30.127857265384414,0.0,0.00044602419751235467,0.003922560386168511,0.0,0.0,-0.029999999999997584,-0.0009973404255318346,-0.41000000000000014,-0.013460275771503615,30.05,30.05,30.05,30.08,30.05,30.46,,0.0,0.0,3,11,6,30.05,0.0,SAME,1.0
DPNB,2025-11-07,30.05,30.05,30.05,30.05,30.08,30.46,0.0,0.0,0.0,0.0,0.0,0.0,0.0,0.0,30.05,30.05,30.064999999999998,30.05130870819096,30.060567488208868,30.113701398950884,0.0,0.00044602419751235467,0.003922560386168511,0.0,0.0,-0.029999999999997584,-0.0009973404255318346,-0.41000000000000014,-0.013460275771503615,30.05,30.05,30.05,30.05,30.05,30.08,,,0.0,4,11,7,30.05,0.0,SAME,1.0
DPNB,2025-11-10,30.05,30.05,30.05,30.05,30.05,30.08,0.0,0.0,0.0,0.0,0.0,0.0,0.0,0.0,30.05,30.05,30.062,30.050654354095478,30.057044992139247,30.102119326414357,0.0,0.0,0.0003153867347290938,0.0,0.0,0.0,0.0,-0.029999999999997584,-0.0009973404255318346,30.05,30.05,30.05,30.05,30.05,30.08,,,0.0,0,11,10,31.0,0.9499999999999993,UP,2.0
DPNB,2025-11-17,31.0,30.05,30.05,30.05,30.05,30.08,0.9499999999999993,0.9499999999999993,0.9499999999999993,0.03161397670549082,0.03161397670549082,0.03161397670549082,0.03112454350392963,0.03112454350392963,30.366666666666678,30.240000000000002,30.154000000000003,30.52532717704774,30.371363328092833,30.26537035797538,0.018252337961066577,0.014138200190510498,0.010037155248540916,0.9499999999999993,0.03161397670549083,0.9499999999999993,0.03161397670549083,0.9200000000000017,0.03058510638297878,30.05,31.0,30.05,31.0,30.05,31.0,1.0,1.0,1.0,0,11,17,31.0,0.0,SAME,1.0
DPNB,2025-11-18,31.0,31.0,30.05,30.05,30.05,30.08,0.0,0.9499999999999993,0.9499999999999993,0.0,0.03161397670549082,0.03161397670549082,0.0,0.03112454350392963,30.68333333333334,30.43,30.246000000000002,30.76266358852387,30.580908885395225,30.398939383798037,0.018252337961066577,0.014138200190510498,0.010037155248540916,0.9499999999999993,0.03161397670549083,0.9499999999999993,0.03161397670549083,0.9200000000000017,0.03058510638297878,30.05,31.0,30.05,31.0,30.05,31.0,1.0,1.0,1.0,1,11,18,31.0,0.0,SAME,1.0
DPNB,2025-11-19,31.0,31.0,31.0,30.05,30.05,30.08,0.0,0.0,0.9499999999999993,0.0,0.0,0.03161397670549082,0.0,0.0,31.0,30.619999999999997,30.338,30.881331794261936,30.720605923596818,30.508223132198392,0.018252337961066577,0.014138200190510498,0.010037155248540916,0.9499999999999993,0.03161397670549083,0.9499999999999993,0.03161397670549083,0.9200000000000017,0.03058510638297878,31.0,31.0,30.05,31.0,30.05,31.0,,1.0,1.0,2,11,19,31.0,0.0,SAME,1.0
DPNB,2025-11-20,31.0,31.0,31.0,31.0,30.05,30.08,0.0,0.0,0.0,0.0,0.0,0.0,0.0,0.0,31.0,30.810000000000002,30.43,30.94066589713097,30.81373728239788,30.59763710816232,0.0,0.014138200190510498,0.010037155248540916,0.0,0.0,0.9499999999999993,0.03161397670549083,0.9200000000000017,0.03058510638297878,31.0,31.0,30.05,31.0,30.05,31.0,,1.0,1.0,3,11,20,31.0,0.0,SAME,1.0
DPNB,2025-11-21,31.0,31.0,31.0,31.0,30.05,30.05,0.0,0.0,0.0,0.0,0.0,0.0,0.0,0.0,31.0,31.0,30.525,30.970332948565485,30.87582485493192,30.670793997587353,0.0,0.014138200190510498,0.009997217228485861,0.0,0.0,0.9499999999999993,0.03161397670549083,0.9499999999999993,0.03161397670549083,31.0,31.0,31.0,31.0,30.05,31.0,,,1.0,4,11,21,31.0,0.0,SAME,1.0
DPNB,2025-11-24,31.0,31.0,31.0,31.0,31.0,30.05,0.0,0.0,0.0,0.0,0.0,0.0,0.0,0.0,31.0,31.0,30.619999999999997,30.985166474282742,30.917216569954615,30.73064963438965,0.0,0.0,0.009997217228485861,0.0,0.0,0.0,0.0,0.9499999999999993,0.03161397670549083,31.0,31.0,31.0,31.0,30.05,31.0,,,1.0,0,11,24,31.0,0.0,SAME,1.0
DPNB,2025-11-25,31.0,31.0,31.0,31.0,31.0,30.05,0.0,0.0,0.0,0.0,0.0,0.0,0.0,0.0,31.0,31.0,30.715000000000003,30.99258323714137,30.94481104663641,30.779622428136985,0.0,0.0,0.009997217228485861,0.0,0.0,0.0,0.0,0.9499999999999993,0.03161397670549083,31.0,31.0,31.0,31.0,30.05,31.0,,,1.0,1,11,25,31.0,0.0,SAME,1.0
DPNB,2025-11-26,31.0,31.0,31.0,31.0,31.0,30.05,0.0,0.0,0.0,0.0,0.0,0.0,0.0,0.0,31.0,31.0,30.810000000000002,30.996291618570687,30.963207364424274,30.819691077566624,0.0,0.0,0.009997217228485861,0.0,0.0,0.0,0.0,0.9499999999999993,0.03161397670549083,31.0,31.0,31.0,31.0,30.05,31.0,,,1.0,2,11,26,31.0,0.0,SAME,1.0
DPNB,2025-11-27,31.0,31.0,31.0,31.0,31.0,30.05,0.0,0.0,0.0,0.0,0.0,0.0,0.0,0.0,31.0,31.0,30.905,30.998145809285344,30.97547157628285,30.852474518009053,0.0,0.0,0.009997217228485861,0.0,0.0,0.0,0.0,0.9499999999999993,0.03161397670549083,31.0,31.0,31.0,31.0,30.05,31.0,,,1.0,3,11,27,31.0,0.0,SAME,1.0
DPNB,2025-11-28,31.0,31.0,31.0,31.0,31.0,30.05,0.0,0.0,0.0,0.0,0.0,0.0,0.0,0.0,31.0,31.0,31.0,30.999072904642674,30.9836477175219,30.879297332916497,0.0,0.0,0.009997217228485861,0.0,0.0,0.0,0.0,0.9499999999999993,0.03161397670549083,31.0,31.0,31.0,31.0,31.0,31.0,,,,4,11,28,31.0,0.0,SAME,1.0
DPNB,2025-12-01,31.0,31.0,31.0,31.0,31.0,31.0,0.0,0.0,0.0,0.0,0.0,0.0,0.0,0.0,31.0,31.0,31.0,30.999536452321337,30.989098478347934,30.901243272386225,0.0,0.0,0.0,0.0,0.0,0.0,0.0,0.0,0.0,31.0,31.0,31.0,31.0,31.0,31.0,,,,0,12,1,31.0,0.0,SAME,1.0
DPNB,2025-12-02,31.0,31.0,31.0,31.0,31.0,31.0,0.0,0.0,0.0,0.0,0.0,0.0,0.0,0.0,31.0,31.0,31.0,30.99976822616067,30.992732318898625,30.919199041043274,0.0,0.0,0.0,0.0,0.0,0.0,0.0,0.0,0.0,31.0,31.0,31.0,31.0,31.0,31.0,,,,1,12,2,31.0,0.0,SAME,1.0
DPNB,2025-12-03,31.0,31.0,31.0,31.0,31.0,31.0,0.0,0.0,0.0,0.0,0.0,0.0,0.0,0.0,31.0,31.0,31.0,30.999884113080334,30.99515487926575,30.93389012448995,0.0,0.0,0.0,0.0,0.0,0.0,0.0,0.0,0.0,31.0,31.0,31.0,31.0,31.0,31.0,,,,2,12,3,31.0,0.0,SAME,1.0
DPNB,2025-12-04,31.0,31.0,31.0,31.0,31.0,31.0,0.0,0.0,0.0,0.0,0.0,0.0,0.0,0.0,31.0,31.0,31.0,30.999942056540167,30.996769919510502,30.94591010185541,0.0,0.0,0.0,0.0,0.0,0.0,0.0,0.0,0.0,31.0,31.0,31.0,31.0,31.0,31.0,,,,3,12,4,31.0,0.0,SAME,1.0
DPNB,2025-12-05,31.0,31.0,31.0,31.0,31.0,31.0,0.0,0.0,0.0,0.0,0.0,0.0,0.0,0.0,31.0,31.0,31.0,30.99997102827008,30.997846613007003,30.95574462879079,0.0,0.0,0.0,0.0,0.0,0.0,0.0,0.0,0.0,31.0,31.0,31.0,31.0,31.0,31.0,,,,4,12,5,31.0,0.0,SAME,1.0
DPNB,2025-12-08,31.0,31.0,31.0,31.0,31.0,31.0,0.0,0.0,0.0,0.0,0.0,0.0,0.0,0.0,31.0,31.0,31.0,30.99998551413504,30.998564408671335,30.963791059919735,0.0,0.0,0.0,0.0,0.0,0.0,0.0,0.0,0.0,31.0,31.0,31.0,31.0,31.0,31.0,,,,0,12,8,31.0,0.0,SAME,1.0
DPNB,2025-12-09,31.0,31.0,31.0,31.0,31.0,31.0,0.0,0.0,0.0,0.0,0.0,0.0,0.0,0.0,31.0,31.0,31.0,30.99999275706752,30.999042939114226,30.970374503570692,0.0,0.0,0.0,0.0,0.0,0.0,0.0,0.0,0.0,31.0,31.0,31.0,31.0,31.0,31.0,,,,1,12,9,31.0,0.0,SAME,1.0
DPNB,2025-12-10,31.0,31.0,31.0,31.0,31.0,31.0,0.0,0.0,0.0,0.0,0.0,0.0,0.0,0.0,31.0,31.0,31.0,30.99999637853376,30.999361959409484,30.975760957466928,0.0,0.0,0.0,0.0,0.0,0.0,0.0,0.0,0.0,31.0,31.0,31.0,31.0,31.0,31.0,,,,2,12,10,31.0,0.0,SAME,1.0
DPNB,2025-12-11,31.0,31.0,31.0,31.0,31.0,31.0,0.0,0.0,0.0,0.0,0.0,0.0,0.0,0.0,31.0,31.0,31.0,30.99999818926688,30.999574639606323,30.980168056109303,0.0,0.0,0.0,0.0,0.0,0.0,0.0,0.0,0.0,31.0,31.0,31.0,31.0,31.0,31.0,,,,3,12,11,31.0,0.0,SAME,1.0
DPNB,2025-12-12,31.0,31.0,31.0,31.0,31.0,31.0,0.0,0.0,0.0,0.0,0.0,0.0,0.0,0.0,31.0,31.0,31.0,30.999999094633438,30.999716426404216,30.98377386408943,0.0,0.0,0.0,0.0,0.0,0.0,0.0,0.0,0.0,31.0,31.0,31.0,31.0,31.0,31.0,,,,4,12,12,31.0,0.0,SAME,1.0
DPNB,2025-12-15,31.0,31.0,31.0,31.0,31.0,31.0,0.0,0.0,0.0,0.0,0.0,0.0,0.0,0.0,31.0,31.0,31.0,30.99999954731672,30.999810950936144,30.98672407061862,0.0,0.0,0.0,0.0,0.0,0.0,0.0,0.0,0.0,31.0,31.0,31.0,31.0,31.0,31.0,,,,0,12,15,31.0,0.0,SAME,1.0
DPNB,2025-12-16,31.0,31.0,31.0,31.0,31.0,31.0,0.0,0.0,0.0,0.0,0.0,0.0,0.0,0.0,31.0,31.0,31.0,30.99999977365836,30.999873967290764,30.989137875960687,0.0,0.0,0.0,0.0,0.0,0.0,0.0,0.0,0.0,31.0,31.0,31.0,31.0,31.0,31.0,,,,1,12,16,31.0,0.0,SAME,1.0
DPNB,2025-12-18,31.0,31.0,31.0,31.0,31.0,31.0,0.0,0.0,0.0,0.0,0.0,0.0,0.0,0.0,31.0,31.0,31.0,30.99999988682918,30.999915978193844,30.991112807604196,0.0,0.0,0.0,0.0,0.0,0.0,0.0,0.0,0.0,31.0,31.0,31.0,31.0,31.0,31.0,,,,3,12,18,31.0,0.0,SAME,1.0
DPNB,2025-12-19,31.0,31.0,31.0,31.0,31.0,31.0,0.0,0.0,0.0,0.0,0.0,0.0,0.0,0.0,31.0,31.0,31.0,30.99999994341459,30.999943985462565,30.992728660767067,0.0,0.0,0.0,0.0,0.0,0.0,0.0,0.0,0.0,31.0,31.0,31.0,31.0,31.0,31.0,,,,4,12,19,31.0,0.0,SAME,1.0
DPNB,2025-12-22,31.0,31.0,31.0,31.0,31.0,31.0,0.0,0.0,0.0,0.0,0.0,0.0,0.0,0.0,31.0,31.0,31.0,30.999999971707297,30.999962656975043,30.99405072244578,0.0,0.0,0.0,0.0,0.0,0.0,0.0,0.0,0.0,31.0,31.0,31.0,31.0,31.0,31.0,,,,0,12,22,31.0,0.0,SAME,1.0
DPNB,2025-12-23,31.0,31.0,31.0,31.0,31.0,31.0,0.0,0.0,0.0,0.0,0.0,0.0,0.0,0.0,31.0,31.0,31.0,30.99999998585365,30.99997510465003,30.99513240927382,0.0,0.0,0.0,0.0,0.0,0.0,0.0,0.0,0.0,31.0,31.0,31.0,31.0,31.0,31.0,,,,1,12,23,31.0,0.0,SAME,1.0
DPNB,2025-12-24,31.0,31.0,31.0,31.0,31.0,31.0,0.0,0.0,0.0,0.0,0.0,0.0,0.0,0.0,31.0,31.0,31.0,30.999999992926824,30.99998340310002,30.996017425769487,0.0,0.0,0.0,0.0,0.0,0.0,0.0,0.0,0.0,31.0,31.0,31.0,31.0,31.0,31.0,,,,2,12,24,31.0,0.0,SAME,1.0
DPNB,2025-12-25,31.0,31.0,31.0,31.0,31.0,31.0,0.0,0.0,0.0,0.0,0.0,0.0,0.0,0.0,31.0,31.0,31.0,30.999999996463412,30.999988935400015,30.996741530175033,0.0,0.0,0.0,0.0,0.0,0.0,0.0,0.0,0.0,31.0,31.0,31.0,31.0,31.0,31.0,,,,3,12,25,31.0,0.0,SAME,1.0
DPNB,2025-12-26,31.0,31.0,31.0,31.0,31.0,31.0,0.0,0.0,0.0,0.0,0.0,0.0,0.0,0.0,31.0,31.0,31.0,30.999999998231708,30.99999262360001,30.997333979234117,0.0,0.0,0.0,0.0,0.0,0.0,0.0,0.0,0.0,31.0,31.0,31.0,31.0,31.0,31.0,,,,4,12,26,31.0,0.0,SAME,1.0
DPNB,2025-12-29,31.0,31.0,31.0,31.0,31.0,31.0,0.0,0.0,0.0,0.0,0.0,0.0,0.0,0.0,31.0,31.0,31.0,30.999999999115854,30.99999508240001,30.99781871028246,0.0,0.0,0.0,0.0,0.0,0.0,0.0,0.0,0.0,31.0,31.0,31.0,31.0,31.0,31.0,,,,0,12,29,31.0,0.0,SAME,1.0
DPNB,2025-12-30,31.0,31.0,31.0,31.0,31.0,31.0,0.0,0.0,0.0,0.0,0.0,0.0,0.0,0.0,31.0,31.0,31.0,30.99999999955793,30.999996721600006,30.99821530841292,0.0,0.0,0.0,0.0,0.0,0.0,0.0,0.0,0.0,31.0,31.0,31.0,31.0,31.0,31.0,,,,1,12,30,31.0,0.0,SAME,1.0
DPNB,2025-12-31,31.0,31.0,31.0,31.0,31.0,31.0,0.0,0.0,0.0,0.0,0.0,0.0,0.0,0.0,31.0,31.0,31.0,30.999999999778964,30.999997814400004,30.998539797792386,0.0,0.0,0.0,0.0,0.0,0.0,0.0,0.0,0.0,31.0,31.0,31.0,31.0,31.0,31.0,,,,2,12,31,31.0,0.0,SAME,1.0
DPNB,2026-01-01,31.0,31.0,31.0,31.0,31.0,31.0,0.0,0.0,0.0,0.0,0.0,0.0,0.0,0.0,31.0,31.0,31.0,30.999999999889482,30.999998542933337,30.998805289102858,0.0,0.0,0.0,0.0,0.0,0.0,0.0,0.0,0.0,31.0,31.0,31.0,31.0,31.0,31.0,,,,3,1,1,31.0,0.0,SAME,1.0
DPNB,2026-01-05,31.0,31.0,31.0,31.0,31.0,31.0,0.0,0.0,0.0,0.0,0.0,0.0,0.0,0.0,31.0,31.0,31.0,30.99999999994474,30.999999028622227,30.999022509265973,0.0,0.0,0.0,0.0,0.0,0.0,0.0,0.0,0.0,31.0,31.0,31.0,31.0,31.0,31.0,,,,0,1,5,31.0,0.0,SAME,1.0
DPNB,2026-01-06,31.0,31.0,31.0,31.0,31.0,31.0,0.0,0.0,0.0,0.0,0.0,0.0,0.0,0.0,31.0,31.0,31.0,30.99999999997237,30.999999352414818,30.999200234853976,0.0,0.0,0.0,0.0,0.0,0.0,0.0,0.0,0.0,31.0,31.0,31.0,31.0,31.0,31.0,,,,1,1,6,31.0,0.0,SAME,1.0
DPNB,2026-01-07,31.0,31.0,31.0,31.0,31.0,31.0,0.0,0.0,0.0,0.0,0.0,0.0,0.0,0.0,31.0,31.0,31.0,30.999999999986187,30.999999568276547,30.999345646698707,0.0,0.0,0.0,0.0,0.0,0.0,0.0,0.0,0.0,31.0,31.0,31.0,31.0,31.0,31.0,,,,2,1,7,31.0,0.0,SAME,1.0
DPNB,2026-01-08,31.0,31.0,31.0,31.0,31.0,31.0,0.0,0.0,0.0,0.0,0.0,0.0,0.0,0.0,31.0,31.0,31.0,30.999999999993094,30.999999712184366,30.999464620026213,0.0,0.0,0.0,0.0,0.0,0.0,0.0,0.0,0.0,31.0,31.0,31.0,31.0,31.0,31.0,,,,3,1,8,31.0,0.0,SAME,1.0
DPNB,2026-01-09,31.0,31.0,31.0,31.0,31.0,31.0,0.0,0.0,0.0,0.0,0.0,0.0,0.0,0.0,31.0,31.0,31.0,30.999999999996547,30.99999980812291,30.99956196183963,0.0,0.0,0.0,0.0,0.0,0.0,0.0,0.0,0.0,31.0,31.0,31.0,31.0,31.0,31.0,,,,4,1,9,31.0,0.0,SAME,1.0
DPNB,2026-01-12,31.0,31.0,31.0,31.0,31.0,31.0,0.0,0.0,0.0,0.0,0.0,0.0,0.0,0.0,31.0,31.0,31.0,30.999999999998273,30.999999872081943,30.999641605141512,0.0,0.0,0.0,0.0,0.0,0.0,0.0,0.0,0.0,31.0,31.0,31.0,31.0,31.0,31.0,,,,0,1,12,31.0,0.0,SAME,1.0
DPNB,2026-01-13,31.0,31.0,31.0,31.0,31.0,31.0,0.0,0.0,0.0,0.0,0.0,0.0,0.0,0.0,31.0,31.0,31.0,30.999999999999137,30.999999914721297,30.999706767843055,0.0,0.0,0.0,0.0,0.0,0.0,0.0,0.0,0.0,31.0,31.0,31.0,31.0,31.0,31.0,,,,1,1,13,31.0,0.0,SAME,1.0
DPNB,2026-01-14,31.0,31.0,31.0,31.0,31.0,31.0,0.0,0.0,0.0,0.0,0.0,0.0,0.0,0.0,31.0,31.0,31.0,30.999999999999567,30.999999943147532,30.99976008278068,0.0,0.0,0.0,0.0,0.0,0.0,0.0,0.0,0.0,31.0,31.0,31.0,31.0,31.0,31.0,,,,2,1,14,31.0,0.0,SAME,1.0
DPNB,2026-01-15,31.0,31.0,31.0,31.0,31.0,31.0,0.0,0.0,0.0,0.0,0.0,0.0,0.0,0.0,31.0,31.0,31.0,30.999999999999783,30.999999962098357,30.99980370409328,0.0,0.0,0.0,0.0,0.0,0.0,0.0,0.0,0.0,31.0,31.0,31.0,31.0,31.0,31.0,,,,3,1,15,31.0,0.0,SAME,1.0
DPNB,2026-01-16,31.0,31.0,31.0,31.0,31.0,31.0,0.0,0.0,0.0,0.0,0.0,0.0,0.0,0.0,31.0,31.0,31.0,30.999999999999893,30.99999997473224,30.99983939425814,0.0,0.0,0.0,0.0,0.0,0.0,0.0,0.0,0.0,31.0,31.0,31.0,31.0,31.0,31.0,,,,4,1,16,31.0,0.0,SAME,1.0
DPNB,2026-01-20,31.0,31.0,31.0,31.0,31.0,31.0,0.0,0.0,0.0,0.0,0.0,0.0,0.0,0.0,31.0,31.0,31.0,30.999999999999947,30.99999998315483,30.99986859530211,0.0,0.0,0.0,0.0,0.0,0.0,0.0,0.0,0.0,31.0,31.0,31.0,31.0,31.0,31.0,,,,1,1,20,31.0,0.0,SAME,1.0
DPNB,2026-01-21,31.0,31.0,31.0,31.0,31.0,31.0,0.0,0.0,0.0,0.0,0.0,0.0,0.0,0.0,31.0,31.0,31.0,30.99999999999997,30.999999988769886,30.999892487065363,0.0,0.0,0.0,0.0,0.0,0.0,0.0,0.0,0.0,31.0,31.0,31.0,31.0,31.0,31.0,,,,2,1,21,31.0,0.0,SAME,1.0
DPNB,2026-01-22,31.0,31.0,31.0,31.0,31.0,31.0,0.0,0.0,0.0,0.0,0.0,0.0,0.0,0.0,31.0,31.0,31.0,30.999999999999986,30.99999999251326,30.99991203487166,0.0,0.0,0.0,0.0,0.0,0.0,0.0,0.0,0.0,31.0,31.0,31.0,31.0,31.0,31.0,,,,3,1,22,27.58,-3.4200000000000017,DOWN,0.0
DPNB,2026-01-23,27.58,31.0,31.0,31.0,31.0,31.0,-3.4200000000000017,-3.4200000000000017,-3.4200000000000017,-0.11032258064516132,-0.11032258064516132,-0.11032258064516132,-0.11689633211999052,-0.11689633211999052,29.86000000000001,30.316000000000003,30.657999999999998,29.289999999999992,29.85999999500884,30.378109846713176,0.06369477163317716,0.04933775795515547,0.03488706321863186,-3.4200000000000017,-0.11032258064516134,-3.4200000000000017,-0.11032258064516134,-3.4200000000000017,-0.11032258064516134,27.58,31.0,27.58,31.0,27.58,31.0,0.0,0.0,0.0,4,1,23,27.58,0.0,SAME,1.0
DPNB,2026-01-26,27.58,27.58,31.0,31.0,31.0,31.0,0.0,-3.4200000000000017,-3.4200000000000017,0.0,-0.11032258064516132,-0.11032258064516132,0.0,-0.11689633211999052,28.72000000000001,29.631999999999998,30.315999999999995,28.434999999999995,29.09999999667256,29.869362601856235,0.06369477163317716,0.04933775795515547,0.03488706321863186,-3.4200000000000017,-0.11032258064516134,-3.4200000000000017,-0.11032258064516134,-3.4200000000000017,-0.11032258064516134,27.58,31.0,27.58,31.0,27.58,31.0,0.0,0.0,0.0,0,1,26,27.58,0.0,SAME,1.0
DPNB,2026-01-27,27.58,27.58,27.58,31.0,31.0,31.0,0.0,0.0,-3.4200000000000017,0.0,0.0,-0.11032258064516132,0.0,0.0,27.58,28.948,29.974,28.007499999999997,28.59333333111504,29.45311485606419,0.06369477163317716,0.04933775795515547,0.03488706321863186,-3.4200000000000017,-0.11032258064516134,-3.4200000000000017,-0.11032258064516134,-3.4200000000000017,-0.11032258064516134,27.58,27.58,27.58,31.0,27.58,31.0,,0.0,0.0,1,1,27,27.58,0.0,SAME,1.0
DPNB,2026-01-28,27.58,27.58,27.58,27.58,31.0,31.0,0.0,0.0,0.0,0.0,0.0,0.0,0.0,0.0,27.58,28.264,29.631999999999998,27.793749999999996,28.255555554076693,29.112548518597972,0.0,0.04933775795515547,0.03488706321863186,0.0,0.0,-3.4200000000000017,-0.11032258064516134,-3.4200000000000017,-0.11032258064516134,27.58,27.58,27.58,31.0,27.58,31.0,,0.0,0.0,2,1,28,27.58,0.0,SAME,1.0
DPNB,2026-01-29,27.58,27.58,27.58,27.58,31.0,31.0,0.0,0.0,0.0,0.0,0.0,0.0,0.0,0.0,27.58,27.58,29.29,27.686874999999997,28.030370369384464,28.83390333339834,0.0,0.04933775795515547,0.03488706321863186,0.0,0.0,-3.4200000000000017,-0.11032258064516134,-3.4200000000000017,-0.11032258064516134,27.58,27.58,27.58,27.58,27.58,31.0,,,0.0,3,1,29,27.58,0.0,SAME,1.0
DPNB,2026-01-30,27.58,27.58,27.58,27.58,27.58,31.0,0.0,0.0,0.0,0.0,0.0,0.0,0.0,0.0,27.58,27.58,28.947999999999997,27.6334375,27.880246912922978,28.605920909144096,0.0,0.0,0.03488706321863186,0.0,0.0,0.0,0.0,-3.4200000000000017,-0.11032258064516134,27.58,27.58,27.58,27.58,27.58,31.0,,,0.0,4,1,30,27.58,0.0,SAME,1.0
DPNB,2026-02-02,27.58,27.58,27.58,27.58,27.58,31.0,0.0,0.0,0.0,0.0,0.0,0.0,0.0,0.0,27.58,27.58,28.606,27.60671875,27.78016460861532,28.41938983475426,0.0,0.0,0.03488706321863186,0.0,0.0,0.0,0.0,-3.4200000000000017,-0.11032258064516134,27.58,27.58,27.58,27.58,27.58,31.0,,,0.0,0,2,2,27.58,0.0,SAME,1.0
DPNB,2026-02-03,27.58,27.58,27.58,27.58,27.58,31.0,0.0,0.0,0.0,0.0,0.0,0.0,0.0,0.0,27.58,27.58,28.264,27.593359375,27.713443072410215,28.266773501162575,0.0,0.0,0.03488706321863186,0.0,0.0,0.0,0.0,-3.4200000000000017,-0.11032258064516134,27.58,27.58,27.58,27.58,27.58,31.0,,,0.0,1,2,3,27.58,0.0,SAME,1.0
DPNB,2026-02-04,27.58,27.58,27.58,27.58,27.58,31.0,0.0,0.0,0.0,0.0,0.0,0.0,0.0,0.0,27.58,27.58,27.921999999999997,27.5866796875,27.668962048273478,28.141905591860287,0.0,0.0,0.03488706321863186,0.0,0.0,0.0,0.0,-3.4200000000000017,-0.11032258064516134,27.58,27.58,27.58,27.58,27.58,31.0,,,0.0,2,2,4,27.58,0.0,SAME,1.0
DPNB,2026-02-05,27.58,27.58,27.58,27.58,27.58,31.0,0.0,0.0,0.0,0.0,0.0,0.0,0.0,0.0,27.58,27.58,27.58,27.583339843749997,27.63930803218232,28.03974093879478,0.0,0.0,0.03488706321863186,0.0,0.0,0.0,0.0,-3.4200000000000017,-0.11032258064516134,27.58,27.58,27.58,27.58,27.58,27.58,,,,3,2,5,27.58,0.0,SAME,1.0
DPNB,2026-02-06,27.58,27.58,27.58,27.58,27.58,27.58,0.0,0.0,0.0,0.0,0.0,0.0,0.0,0.0,27.58,27.58,27.58,27.581669921874997,27.619538688121548,27.956151677195727,0.0,0.0,0.0,0.0,0.0,0.0,0.0,0.0,0.0,27.58,27.58,27.58,27.58,27.58,27.58,,,,4,2,6,27.58,0.0,SAME,1.0
DPNB,2026-02-09,27.58,27.58,27.58,27.58,27.58,27.58,0.0,0.0,0.0,0.0,0.0,0.0,0.0,0.0,27.58,27.58,27.58,27.580834960937498,27.606359125414365,27.88776046316014,0.0,0.0,0.0,0.0,0.0,0.0,0.0,0.0,0.0,27.58,27.58,27.58,27.58,27.58,27.58,,,,0,2,9,27.58,0.0,SAME,1.0
DPNB,2026-02-10,27.58,27.58,27.58,27.58,27.58,27.58,0.0,0.0,0.0,0.0,0.0,0.0,0.0,0.0,27.58,27.58,27.58,27.580417480468746,27.597572750276242,27.83180401531284,0.0,0.0,0.0,0.0,0.0,0.0,0.0,0.0,0.0,27.58,27.58,27.58,27.58,27.58,27.58,,,,1,2,10,27.58,0.0,SAME,1.0
DPNB,2026-02-11,27.58,27.58,27.58,27.58,27.58,27.58,0.0,0.0,0.0,0.0,0.0,0.0,0.0,0.0,27.58,27.58,27.58,27.580208740234372,27.59171516685083,27.786021467074143,0.0,0.0,0.0,0.0,0.0,0.0,0.0,0.0,0.0,27.58,27.58,27.58,27.58,27.58,27.58,,,,2,2,11,27.58,0.0,SAME,1.0
DPNB,2026-02-12,27.58,27.58,27.58,27.58,27.58,27.58,0.0,0.0,0.0,0.0,0.0,0.0,0.0,0.0,27.58,27.58,27.58,27.580104370117184,27.587810111233885,27.748563018515206,0.0,0.0,0.0,0.0,0.0,0.0,0.0,0.0,0.0,27.58,27.58,27.58,27.58,27.58,27.58,,,,3,2,12,27.58,0.0,SAME,1.0
DPNB,2026-02-13,27.58,27.58,27.58,27.58,27.58,27.58,0.0,0.0,0.0,0.0,0.0,0.0,0.0,0.0,27.58,27.58,27.58,27.58005218505859,27.585206740822592,27.717915196966985,0.0,0.0,0.0,0.0,0.0,0.0,0.0,0.0,0.0,27.58,27.58,27.58,27.58,27.58,27.58,,,,4,2,13,27.58,0.0,SAME,1.0
DPNB,2026-02-16,27.58,27.58,27.58,27.58,27.58,27.58,0.0,0.0,0.0,0.0,0.0,0.0,0.0,0.0,27.58,27.58,27.58,27.580026092529295,27.583471160548395,27.69283970660935,0.0,0.0,0.0,0.0,0.0,0.0,0.0,0.0,0.0,27.58,27.58,27.58,27.58,27.58,27.58,,,,0,2,16,27.58,0.0,SAME,1.0
DPNB,2026-02-17,27.58,27.58,27.58,27.58,27.58,27.58,0.0,0.0,0.0,0.0,0.0,0.0,0.0,0.0,27.58,27.58,27.58,27.580013046264646,27.582314107032264,27.67232339631674,0.0,0.0,0.0,0.0,0.0,0.0,0.0,0.0,0.0,27.58,27.58,27.58,27.58,27.58,27.58,,,,1,2,17,27.58,0.0,SAME,1.0
DPNB,2026-02-20,27.58,27.58,27.58,27.58,27.58,27.58,0.0,0.0,0.0,0.0,0.0,0.0,0.0,0.0,27.58,27.58,27.58,27.580006523132322,27.58154273802151,27.65553732425915,0.0,0.0,0.0,0.0,0.0,0.0,0.0,0.0,0.0,27.58,27.58,27.58,27.58,27.58,27.58,,,,4,2,20,27.58,0.0,SAME,1.0
DPNB,2026-02-24,27.58,27.58,27.58,27.58,27.58,27.58,0.0,0.0,0.0,0.0,0.0,0.0,0.0,0.0,27.58,27.58,27.58,27.580003261566162,27.58102849201434,27.64180326530294,0.0,0.0,0.0,0.0,0.0,0.0,0.0,0.0,0.0,27.58,27.58,27.58,27.58,27.58,27.58,,,,1,2,24,27.58,0.0,SAME,1.0
DPNB,2026-02-25,27.58,27.58,27.58,27.58,27.58,27.58,0.0,0.0,0.0,0.0,0.0,0.0,0.0,0.0,27.58,27.58,27.58,27.58000163078308,27.580685661342894,27.630566307975133,0.0,0.0,0.0,0.0,0.0,0.0,0.0,0.0,0.0,27.58,27.58,27.58,27.58,27.58,27.58,,,,2,2,25,27.58,0.0,SAME,1.0
DPNB,2026-02-26,27.58,27.58,27.58,27.58,27.58,27.58,0.0,0.0,0.0,0.0,0.0,0.0,0.0,0.0,27.58,27.58,27.58,27.58000081539154,27.58045710756193,27.621372433797834,0.0,0.0,0.0,0.0,0.0,0.0,0.0,0.0,0.0,27.58,27.58,27.58,27.58,27.58,27.58,,,,3,2,26,27.58,0.0,SAME,1.0
DPNB,2026-02-27,27.58,27.58,27.58,27.58,27.58,27.58,0.0,0.0,0.0,0.0,0.0,0.0,0.0,0.0,27.58,27.58,27.58,27.58000040769577,27.580304738374622,27.61385017310732,0.0,0.0,0.0,0.0,0.0,0.0,0.0,0.0,0.0,27.58,27.58,27.58,27.58,27.58,27.58,,,,4,2,27,27.58,0.0,SAME,1.0
DPNB,2026-03-02,27.58,27.58,27.58,27.58,27.58,27.58,0.0,0.0,0.0,0.0,0.0,0.0,0.0,0.0,27.58,27.58,27.58,27.580000203847884,27.580203158916415,27.607695596178715,0.0,0.0,0.0,0.0,0.0,0.0,0.0,0.0,0.0,27.58,27.58,27.58,27.58,27.58,27.58,,,,0,3,2,27.58,0.0,SAME,1.0
DPNB,2026-03-03,27.58,27.58,27.58,27.58,27.58,27.58,0.0,0.0,0.0,0.0,0.0,0.0,0.0,0.0,27.58,27.58,27.58,27.580000101923943,27.580135439277612,27.60266003323713,0.0,0.0,0.0,0.0,0.0,0.0,0.0,0.0,0.0,27.58,27.58,27.58,27.58,27.58,27.58,,,,1,3,3,27.58,0.0,SAME,1.0
DPNB,2026-03-04,27.58,27.58,27.58,27.58,27.58,27.58,0.0,0.0,0.0,0.0,0.0,0.0,0.0,0.0,27.58,27.58,27.58,27.58000005096197,27.580090292851743,27.598540027194012,0.0,0.0,0.0,0.0,0.0,0.0,0.0,0.0,0.0,27.58,27.58,27.58,27.58,27.58,27.58,,,,2,3,4,27.58,0.0,SAME,1.0
DPNB,2026-03-05,27.58,27.58,27.58,27.58,27.58,27.58,0.0,0.0,0.0,0.0,0.0,0.0,0.0,0.0,27.58,27.58,27.58,27.580000025480985,27.580060195234495,27.595169113158736,0.0,0.0,0.0,0.0,0.0,0.0,0.0,0.0,0.0,27.58,27.58,27.58,27.58,27.58,27.58,,,,3,3,5,27.58,0.0,SAME,1.0
DPNB,2026-03-06,27.58,27.58,27.58,27.58,27.58,27.58,0.0,0.0,0.0,0.0,0.0,0.0,0.0,0.0,27.58,27.58,27.58,27.58000001274049,27.58004013015633,27.59241109258442,0.0,0.0,0.0,0.0,0.0,0.0,0.0,0.0,0.0,27.58,27.58,27.58,27.58,27.58,27.58,,,,4,3,6,27.58,0.0,SAME,1.0
DPNB,2026-03-09,27.58,27.58,27.58,27.58,27.58,27.58,0.0,0.0,0.0,0.0,0.0,0.0,0.0,0.0,27.58,27.58,27.58,27.580000006370245,27.580026753437554,27.590154530296342,0.0,0.0,0.0,0.0,0.0,0.0,0.0,0.0,0.0,27.58,27.58,27.58,27.58,27.58,27.58,,,,0,3,9,27.58,0.0,SAME,1.0
DPNB,2026-03-10,27.58,27.58,27.58,27.58,27.58,27.58,0.0,0.0,0.0,0.0,0.0,0.0,0.0,0.0,27.58,27.58,27.58,27.58000000318512,27.580017835625036,27.588308252060642,0.0,0.0,0.0,0.0,0.0,0.0,0.0,0.0,0.0,27.58,27.58,27.58,27.58,27.58,27.58,,,,1,3,10,27.58,0.0,SAME,1.0
DPNB,2026-03-11,27.58,27.58,27.58,27.58,27.58,27.58,0.0,0.0,0.0,0.0,0.0,0.0,0.0,0.0,27.58,27.58,27.58,27.58000000159256,27.580011890416692,27.586797660776888,0.0,0.0,0.0,0.0,0.0,0.0,0.0,0.0,0.0,27.58,27.58,27.58,27.58,27.58,27.58,,,,2,3,11,27.58,0.0,SAME,1.0
DPNB,2026-03-12,27.58,27.58,27.58,27.58,27.58,27.58,0.0,0.0,0.0,0.0,0.0,0.0,0.0,0.0,27.58,27.58,27.58,27.58000000079628,27.58000792694446,27.585561722453818,0.0,0.0,0.0,0.0,0.0,0.0,0.0,0.0,0.0,27.58,27.58,27.58,27.58,27.58,27.58,,,,3,3,12,27.58,0.0,SAME,1.0
DPNB,2026-03-13,27.58,27.58,27.58,27.58,27.58,27.58,0.0,0.0,0.0,0.0,0.0,0.0,0.0,0.0,27.58,27.58,27.58,27.580000000398137,27.580005284629642,27.584550500189486,0.0,0.0,0.0,0.0,0.0,0.0,0.0,0.0,0.0,27.58,27.58,27.58,27.58,27.58,27.58,,,,4,3,13,27.58,0.0,SAME,1.0
DPNB,2026-03-16,27.58,27.58,27.58,27.58,27.58,27.58,0.0,0.0,0.0,0.0,0.0,0.0,0.0,0.0,27.58,27.58,27.58,27.580000000199068,27.58000352308643,27.58372313651867,0.0,0.0,0.0,0.0,0.0,0.0,0.0,0.0,0.0,27.58,27.58,27.58,27.58,27.58,27.58,,,,0,3,16,27.58,0.0,SAME,1.0
DPNB,2026-03-17,27.58,27.58,27.58,27.58,27.58,27.58,0.0,0.0,0.0,0.0,0.0,0.0,0.0,0.0,27.58,27.58,27.58,27.58000000009953,27.580002348724285,27.583046202606184,0.0,0.0,0.0,0.0,0.0,0.0,0.0,0.0,0.0,27.58,27.58,27.58,27.58,27.58,27.58,,,,1,3,17,27.58,0.0,SAME,1.0
DPNB,2026-03-18,27.58,27.58,27.58,27.58,27.58,27.58,0.0,0.0,0.0,0.0,0.0,0.0,0.0,0.0,27.58,27.58,27.58,27.580000000049765,27.58000156581619,27.58249234758688,0.0,0.0,0.0,0.0,0.0,0.0,0.0,0.0,0.0,27.58,27.58,27.58,27.58,27.58,27.58,,,,2,3,18,27.58,0.0,SAME,1.0
DPNB,2026-03-19,27.58,27.58,27.58,27.58,27.58,27.58,0.0,0.0,0.0,0.0,0.0,0.0,0.0,0.0,27.58,27.58,27.58,27.58000000002488,27.58000104387746,27.582039193480174,0.0,0.0,0.0,0.0,0.0,0.0,0.0,0.0,0.0,27.58,27.58,27.58,27.58,27.58,27.58,,,,3,3,19,27.58,0.0,SAME,1.0
DPNB,2026-03-20,27.58,27.58,27.58,27.58,27.58,27.58,0.0,0.0,0.0,0.0,0.0,0.0,0.0,0.0,27.58,27.58,27.58,27.58000000001244,27.580000695918308,27.581668431029232,0.0,0.0,0.0,0.0,0.0,0.0,0.0,0.0,0.0,27.58,27.58,27.58,27.58,27.58,27.58,,,,4,3,20,31.72,4.140000000000001,UP,2.0
DPNB,2026-03-23,31.72,27.58,27.58,27.58,27.58,27.58,4.140000000000001,4.140000000000001,4.140000000000001,0.15010877447425663,0.15010877447425663,0.15010877447425663,0.1398565244014914,0.1398565244014914,28.960000000000008,28.407999999999998,27.994,29.65000000000622,28.96000046394554,28.334092352660278,0.08666534135043626,0.06713068474872382,0.047468562411519546,4.140000000000001,0.15010877447425675,4.140000000000001,0.15010877447425675,4.140000000000001,0.15010877447425675,27.58,31.72,27.58,31.72,27.58,31.72,1.0,1.0,1.0,0,3,23,36.0,4.280000000000001,UP,2.0
DPNB,2026-03-24,36.0,31.72,27.58,27.58,27.58,27.58,4.280000000000001,8.420000000000002,8.420000000000002,0.13493064312736447,0.3052936910804931,0.3052936910804931,0.1265715416894628,0.2664280660909542,31.766666666666676,30.091999999999995,28.835999999999995,32.82500000000311,31.306666975963697,29.72789374308568,0.08263302235397008,0.07824549301971448,0.06019798415807285,8.420000000000002,0.3052936910804932,8.420000000000002,0.3052936910804932,8.420000000000002,0.3052936910804932,27.58,36.0,27.58,36.0,27.58,36.0,1.0,1.0,1.0,1,3,24,36.0,0.0,SAME,1.0
DPNB,2026-03-25,36.0,36.0,31.72,27.58,27.58,27.58,0.0,4.280000000000001,8.420000000000002,0.0,0.13493064312736447,0.3052936910804931,0.0,0.1265715416894628,34.573333333333345,31.776,29.677999999999997,34.41250000000156,32.87111131730913,30.868276698888284,0.08263302235397008,0.07824549301971448,0.06019798415807285,8.420000000000002,0.3052936910804932,8.420000000000002,0.3052936910804932,8.420000000000002,0.3052936910804932,31.72,36.0,27.58,36.0,27.58,36.0,1.0,1.0,1.0,2,3,25,36.0,0.0,SAME,1.0
DPNB,2026-03-26,36.0,36.0,36.0,31.72,27.58,27.58,0.0,0.0,4.280000000000001,0.0,0.0,0.13493064312736447,0.0,0.0,36.0,33.459999999999994,30.52,35.20625000000078,33.91407421153942,31.801317299090414,0.07790224313151253,0.07824549301971448,0.06019798415807285,4.280000000000001,0.13493064312736447,8.420000000000002,0.3052936910804932,8.420000000000002,0.3052936910804932,36.0,36.0,27.58,36.0,27.58,36.0,,1.0,1.0,3,3,26,36.0,0.0,SAME,1.0
DPNB,2026-03-27,36.0,36.0,36.0,36.0,27.58,27.58,0.0,0.0,0.0,0.0,0.0,0.0,0.0,0.0,36.0,35.144,31.361999999999995,35.60312500000039,34.60938280769295,32.56471415380125,0.0,0.07824549301971448,0.06019798415807285,0.0,0.0,8.420000000000002,0.3052936910804932,8.420000000000002,0.3052936910804932,36.0,36.0,31.72,36.0,27.58,36.0,,1.0,1.0,4,3,27,36.0,0.0,SAME,1.0
DPNB,2026-03-30,36.0,36.0,36.0,36.0,31.72,27.58,0.0,0.0,0.0,0.0,0.0,0.0,0.0,0.0,36.0,36.0,32.20399999999999,35.801562500000195,35.0729218717953,33.189311580382835,0.0,0.06034281805610945,0.06019798415807285,0.0,0.0,4.280000000000001,0.13493064312736447,8.420000000000002,0.3052936910804932,36.0,36.0,36.0,36.0,27.58,36.0,,,1.0,0,3,30,36.0,0.0,SAME,1.0
DPNB,2026-03-31,36.0,36.0,36.0,36.0,36.0,27.58,0.0,0.0,0.0,0.0,0.0,0.0,0.0,0.0,36.0,36.0,33.046,35.900781250000094,35.3819479145302,33.700345838495046,0.0,0.0,0.06019798415807285,0.0,0.0,0.0,0.0,8.420000000000002,0.3052936910804932,36.0,36.0,36.0,36.0,27.58,36.0,,,1.0,1,3,31,36.0,0.0,SAME,1.0
DPNB,2026-04-01,36.0,36.0,36.0,36.0,36.0,27.58,0.0,0.0,0.0,0.0,0.0,0.0,0.0,0.0,36.0,36.0,33.888,35.95039062500005,35.58796527635347,34.11846477695049,0.0,0.0,0.06019798415807285,0.0,0.0,0.0,0.0,8.420000000000002,0.3052936910804932,36.0,36.0,36.0,36.0,27.58,36.0,,,1.0,2,4,1,36.0,0.0,SAME,1.0
DPNB,2026-04-02,36.0,36.0,36.0,36.0,36.0,27.58,0.0,0.0,0.0,0.0,0.0,0.0,0.0,0.0,36.0,36.0,34.73,35.97519531250002,35.72531018423565,34.460562090232216,0.0,0.0,0.06019798415807285,0.0,0.0,0.0,0.0,8.420000000000002,0.3052936910804932,36.0,36.0,36.0,36.0,27.58,36.0,,,1.0,3,4,2,36.0,0.0,SAME,1.0
DPNB,2026-04-03,36.0,36.0,36.0,36.0,36.0,27.58,0.0,0.0,0.0,0.0,0.0,0.0,0.0,0.0,36.0,36.0,35.571999999999996,35.98759765625001,35.816873456157104,34.740459892008175,0.0,0.0,0.06019798415807285,0.0,0.0,0.0,0.0,8.420000000000002,0.3052936910804932,36.0,36.0,36.0,36.0,31.72,36.0,,,1.0,4,4,3,36.0,0.0,SAME,1.0
DPNB,2026-04-06,36.0,36.0,36.0,36.0,36.0,31.72,0.0,0.0,0.0,0.0,0.0,0.0,0.0,0.0,36.0,36.0,36.0,35.99379882812501,35.87791563743807,34.96946718437032,0.0,0.0,0.042668815843381704,0.0,0.0,0.0,0.0,4.280000000000001,0.13493064312736447,36.0,36.0,36.0,36.0,36.0,36.0,,,,0,4,6,36.0,0.0,SAME,1.0
DPNB,2026-04-07,36.0,36.0,36.0,36.0,36.0,36.0,0.0,0.0,0.0,0.0,0.0,0.0,0.0,0.0,36.0,36.0,36.0,35.996899414062504,35.918610424958715,35.15683678721208,0.0,0.0,0.0,0.0,0.0,0.0,0.0,0.0,0.0,36.0,36.0,36.0,36.0,36.0,36.0,,,,1,4,7,36.0,0.0,SAME,1.0
DPNB,2026-04-08,36.0,36.0,36.0,36.0,36.0,36.0,0.0,0.0,0.0,0.0,0.0,0.0,0.0,0.0,36.0,36.0,36.0,35.998449707031256,35.94574028330581,35.31013918953715,0.0,0.0,0.0,0.0,0.0,0.0,0.0,0.0,0.0,36.0,36.0,36.0,36.0,36.0,36.0,,,,2,4,8,36.0,0.0,SAME,1.0
DPNB,2026-04-09,36.0,36.0,36.0,36.0,36.0,36.0,0.0,0.0,0.0,0.0,0.0,0.0,0.0,0.0,36.0,36.0,36.0,35.99922485351563,35.96382685553721,35.435568427803126,0.0,0.0,0.0,0.0,0.0,0.0,0.0,0.0,0.0,36.0,36.0,36.0,36.0,36.0,36.0,,,,3,4,9,36.0,0.0,SAME,1.0
DPNB,2026-04-10,36.0,36.0,36.0,36.0,36.0,36.0,0.0,0.0,0.0,0.0,0.0,0.0,0.0,0.0,36.0,36.0,36.0,35.999612426757814,35.97588457035814,35.538192350020736,0.0,0.0,0.0,0.0,0.0,0.0,0.0,0.0,0.0,36.0,36.0,36.0,36.0,36.0,36.0,,,,4,4,10,36.0,0.0,SAME,1.0
DPNB,2026-04-13,36.0,36.0,36.0,36.0,36.0,36.0,0.0,0.0,0.0,0.0,0.0,0.0,0.0,0.0,36.0,36.0,36.0,35.9998062133789,35.98392304690543,35.62215737728969,0.0,0.0,0.0,0.0,0.0,0.0,0.0,0.0,0.0,36.0,36.0,36.0,36.0,36.0,36.0,,,,0,4,13,36.0,0.0,SAME,1.0
DPNB,2026-04-14,36.0,36.0,36.0,36.0,36.0,36.0,0.0,0.0,0.0,0.0,0.0,0.0,0.0,0.0,36.0,36.0,36.0,35.99990310668945,35.98928203127029,35.69085603596429,0.0,0.0,0.0,0.0,0.0,0.0,0.0,0.0,0.0,36.0,36.0,36.0,36.0,36.0,36.0,,,,1,4,14,36.0,0.0,SAME,1.0
DPNB,2026-04-15,36.0,36.0,36.0,36.0,36.0,36.0,0.0,0.0,0.0,0.0,0.0,0.0,0.0,0.0,36.0,36.0,36.0,35.99995155334473,35.99285468751353,35.747064029425324,0.0,0.0,0.0,0.0,0.0,0.0,0.0,0.0,0.0,36.0,36.0,36.0,36.0,36.0,36.0,,,,2,4,15,36.0,0.0,SAME,1.0
DPNB,2026-04-16,36.0,36.0,36.0,36.0,36.0,36.0,0.0,0.0,0.0,0.0,0.0,0.0,0.0,0.0,36.0,36.0,36.0,35.999975776672365,35.995236458342355,35.793052387711626,0.0,0.0,0.0,0.0,0.0,0.0,0.0,0.0,0.0,36.0,36.0,36.0,36.0,36.0,36.0,,,,3,4,16,36.0,0.0,SAME,1.0
DPNB,2026-04-17,36.0,36.0,36.0,36.0,36.0,36.0,0.0,0.0,0.0,0.0,0.0,0.0,0.0,0.0,36.0,36.0,36.0,35.99998788833618,35.996824305561574,35.830679226309506,0.0,0.0,0.0,0.0,0.0,0.0,0.0,0.0,0.0,36.0,36.0,36.0,36.0,36.0,36.0,,,,4,4,17,36.0,0.0,SAME,1.0
DPNB,2026-04-20,36.0,36.0,36.0,36.0,36.0,36.0,0.0,0.0,0.0,0.0,0.0,0.0,0.0,0.0,36.0,36.0,36.0,35.99999394416809,35.99788287037438,35.861464821525956,0.0,0.0,0.0,0.0,0.0,0.0,0.0,0.0,0.0,36.0,36.0,36.0,36.0,36.0,36.0,,,,0,4,20,,,,
