Company,Date,Close,lag_1,lag_2,lag_3,lag_5,lag_10,diff_1,diff_2,diff_3,return_1,return_2,return_3,log_return_1,log_return_2,sma_3,sma_5,sma_10,ema_3,ema_5,ema_10,volatility_3,volatility_5,volatility_10,momentum_3,roc_3,momentum_5,roc_5,momentum_10,roc_10,roll_min_3,roll_max_3,roll_min_5,roll_max_5,roll_min_10,roll_max_10,range_position_3,range_position_5,range_position_10,day_of_week,month,day,future_close,future_diff,target,target_class
DWAL,2020-04-23,84.55,,,,,,,,,,,,,,,,,84.55,84.55,84.55,,,,,,,,,,,,,,,,,,,3,4,23,84.55,0.0,SAME,1.0
DWAL,2020-04-24,84.55,84.55,,,,,0.0,,,0.0,,,0.0,,,,,84.55,84.55,84.55,,,,,,,,,,,,,,,,,,,4,4,24,84.55,0.0,SAME,1.0
DWAL,2020-04-27,84.55,84.55,84.55,,,,0.0,0.0,,0.0,0.0,,0.0,0.0,84.55,,,84.55,84.55,84.55,,,,,,,,,,84.55,84.55,,,,,,,,0,4,27,84.55,0.0,SAME,1.0
DWAL,2020-04-28,84.55,84.55,84.55,84.55,,,0.0,0.0,0.0,0.0,0.0,0.0,0.0,0.0,84.55,,,84.55,84.55,84.55,0.0,,,0.0,0.0,,,,,84.55,84.55,,,,,,,,1,4,28,84.55,0.0,SAME,1.0
DWAL,2020-04-29,84.55,84.55,84.55,84.55,,,0.0,0.0,0.0,0.0,0.0,0.0,0.0,0.0,84.55,84.55,,84.55,84.55,84.55,0.0,,,0.0,0.0,,,,,84.55,84.55,84.55,84.55,,,,,,2,4,29,84.55,0.0,SAME,1.0
DWAL,2020-04-30,84.55,84.55,84.55,84.55,84.55,,0.0,0.0,0.0,0.0,0.0,0.0,0.0,0.0,84.55,84.55,,84.55,84.55,84.55,0.0,0.0,,0.0,0.0,0.0,0.0,,,84.55,84.55,84.55,84.55,,,,,,3,4,30,81.55,-3.0,DOWN,0.0
DWAL,2020-05-01,81.55,84.55,84.55,84.55,84.55,,-3.0,-3.0,-3.0,-0.03548196333530451,-0.03548196333530451,-0.03548196333530451,-0.03612674627756639,-0.03612674627756639,83.55,83.95,,83.05,83.55000000000001,84.00454545454545,0.02048552108301449,0.01586801639857921,,-3.0,-0.03548196333530455,-3.0,-0.03548196333530455,,,81.55,84.55,81.55,84.55,,,0.0,0.0,,4,5,1,81.55,0.0,SAME,1.0
DWAL,2020-05-04,81.55,81.55,84.55,84.55,84.55,,0.0,-3.0,-3.0,0.0,-0.03548196333530451,-0.03548196333530451,0.0,-0.03612674627756639,82.55,83.35,,82.3,82.88333333333335,83.55826446280992,0.02048552108301449,0.01586801639857921,,-3.0,-0.03548196333530455,-3.0,-0.03548196333530455,,,81.55,84.55,81.55,84.55,,,0.0,0.0,,0,5,4,81.55,0.0,SAME,1.0
DWAL,2020-05-05,81.55,81.55,81.55,84.55,84.55,,0.0,0.0,-3.0,0.0,0.0,-0.03548196333530451,0.0,0.0,81.55,82.75,,81.925,82.4388888888889,83.19312546957174,0.02048552108301449,0.01586801639857921,,-3.0,-0.03548196333530455,-3.0,-0.03548196333530455,,,81.55,81.55,81.55,84.55,,,,0.0,,1,5,5,81.55,0.0,SAME,1.0
DWAL,2020-05-06,81.55,81.55,81.55,81.55,84.55,,0.0,0.0,0.0,0.0,0.0,0.0,0.0,0.0,81.55,82.15,83.35,81.7375,82.14259259259259,82.89437538419506,0.0,0.01586801639857921,,0.0,0.0,-3.0,-0.03548196333530455,,,81.55,81.55,81.55,84.55,81.55,84.55,,0.0,0.0,2,5,6,81.55,0.0,SAME,1.0
DWAL,2020-05-07,81.55,81.55,81.55,81.55,84.55,84.55,0.0,0.0,0.0,0.0,0.0,0.0,0.0,0.0,81.55,81.55,83.05,81.64375,81.94506172839507,82.6499434961596,0.0,0.01586801639857921,0.011220381999414698,0.0,0.0,-3.0,-0.03548196333530455,-3.0,-0.03548196333530455,81.55,81.55,81.55,81.55,81.55,84.55,,,0.0,3,5,7,81.55,0.0,SAME,1.0
DWAL,2020-05-08,81.55,81.55,81.55,81.55,81.55,84.55,0.0,0.0,0.0,0.0,0.0,0.0,0.0,0.0,81.55,81.55,82.75,81.596875,81.81337448559671,82.44995376958512,0.0,0.0,0.011220381999414698,0.0,0.0,0.0,0.0,-3.0,-0.03548196333530455,81.55,81.55,81.55,81.55,81.55,84.55,,,0.0,4,5,8,81.55,0.0,SAME,1.0
DWAL,2020-05-11,81.55,81.55,81.55,81.55,81.55,84.55,0.0,0.0,0.0,0.0,0.0,0.0,0.0,0.0,81.55,81.55,82.45,81.5734375,81.72558299039781,82.28632581147873,0.0,0.0,0.011220381999414698,0.0,0.0,0.0,0.0,-3.0,-0.03548196333530455,81.55,81.55,81.55,81.55,81.55,84.55,,,0.0,0,5,11,81.55,0.0,SAME,1.0
DWAL,2020-05-12,81.55,81.55,81.55,81.55,81.55,84.55,0.0,0.0,0.0,0.0,0.0,0.0,0.0,0.0,81.55,81.55,82.15,81.56171875,81.66705532693189,82.15244839120987,0.0,0.0,0.011220381999414698,0.0,0.0,0.0,0.0,-3.0,-0.03548196333530455,81.55,81.55,81.55,81.55,81.55,84.55,,,0.0,1,5,12,81.55,0.0,SAME,1.0
DWAL,2020-05-13,81.55,81.55,81.55,81.55,81.55,84.55,0.0,0.0,0.0,0.0,0.0,0.0,0.0,0.0,81.55,81.55,81.85,81.555859375,81.62803688462125,82.0429123200808,0.0,0.0,0.011220381999414698,0.0,0.0,0.0,0.0,-3.0,-0.03548196333530455,81.55,81.55,81.55,81.55,81.55,84.55,,,0.0,2,5,13,81.55,0.0,SAME,1.0
DWAL,2020-05-14,81.55,81.55,81.55,81.55,81.55,84.55,0.0,0.0,0.0,0.0,0.0,0.0,0.0,0.0,81.55,81.55,81.55,81.5529296875,81.60202458974751,81.95329189824793,0.0,0.0,0.011220381999414698,0.0,0.0,0.0,0.0,-3.0,-0.03548196333530455,81.55,81.55,81.55,81.55,81.55,81.55,,,,3,5,14,81.55,0.0,SAME,1.0
DWAL,2020-05-15,81.55,81.55,81.55,81.55,81.55,81.55,0.0,0.0,0.0,0.0,0.0,0.0,0.0,0.0,81.55,81.55,81.55,81.55146484375,81.58468305983169,81.87996609856648,0.0,0.0,0.0,0.0,0.0,0.0,0.0,0.0,0.0,81.55,81.55,81.55,81.55,81.55,81.55,,,,4,5,15,81.55,0.0,SAME,1.0
DWAL,2020-05-18,81.55,81.55,81.55,81.55,81.55,81.55,0.0,0.0,0.0,0.0,0.0,0.0,0.0,0.0,81.55,81.55,81.55,81.550732421875,81.5731220398878,81.81997226246348,0.0,0.0,0.0,0.0,0.0,0.0,0.0,0.0,0.0,81.55,81.55,81.55,81.55,81.55,81.55,,,,0,5,18,81.55,0.0,SAME,1.0
DWAL,2020-05-19,81.55,81.55,81.55,81.55,81.55,81.55,0.0,0.0,0.0,0.0,0.0,0.0,0.0,0.0,81.55,81.55,81.55,81.5503662109375,81.56541469325853,81.77088639656102,0.0,0.0,0.0,0.0,0.0,0.0,0.0,0.0,0.0,81.55,81.55,81.55,81.55,81.55,81.55,,,,1,5,19,81.55,0.0,SAME,1.0
DWAL,2020-05-20,81.55,81.55,81.55,81.55,81.55,81.55,0.0,0.0,0.0,0.0,0.0,0.0,0.0,0.0,81.55,81.55,81.55,81.55018310546875,81.56027646217237,81.73072523354992,0.0,0.0,0.0,0.0,0.0,0.0,0.0,0.0,0.0,81.55,81.55,81.55,81.55,81.55,81.55,,,,2,5,20,81.55,0.0,SAME,1.0
DWAL,2020-05-21,81.55,81.55,81.55,81.55,81.55,81.55,0.0,0.0,0.0,0.0,0.0,0.0,0.0,0.0,81.55,81.55,81.55,81.55009155273437,81.55685097478158,81.69786610017721,0.0,0.0,0.0,0.0,0.0,0.0,0.0,0.0,0.0,81.55,81.55,81.55,81.55,81.55,81.55,,,,3,5,21,81.55,0.0,SAME,1.0
DWAL,2020-05-22,81.55,81.55,81.55,81.55,81.55,81.55,0.0,0.0,0.0,0.0,0.0,0.0,0.0,0.0,81.55,81.55,81.55,81.55004577636718,81.55456731652106,81.67098135469044,0.0,0.0,0.0,0.0,0.0,0.0,0.0,0.0,0.0,81.55,81.55,81.55,81.55,81.55,81.55,,,,4,5,22,81.55,0.0,SAME,1.0
DWAL,2020-05-25,81.55,81.55,81.55,81.55,81.55,81.55,0.0,0.0,0.0,0.0,0.0,0.0,0.0,0.0,81.55,81.55,81.55,81.55002288818359,81.55304487768072,81.64898474474671,0.0,0.0,0.0,0.0,0.0,0.0,0.0,0.0,0.0,81.55,81.55,81.55,81.55,81.55,81.55,,,,0,5,25,81.55,0.0,SAME,1.0
DWAL,2020-05-26,81.55,81.55,81.55,81.55,81.55,81.55,0.0,0.0,0.0,0.0,0.0,0.0,0.0,0.0,81.55,81.55,81.55,81.5500114440918,81.55202991845383,81.63098751842912,0.0,0.0,0.0,0.0,0.0,0.0,0.0,0.0,0.0,81.55,81.55,81.55,81.55,81.55,81.55,,,,1,5,26,81.55,0.0,SAME,1.0
DWAL,2020-05-27,81.55,81.55,81.55,81.55,81.55,81.55,0.0,0.0,0.0,0.0,0.0,0.0,0.0,0.0,81.55,81.55,81.55,81.5500057220459,81.55135327896923,81.61626251507838,0.0,0.0,0.0,0.0,0.0,0.0,0.0,0.0,0.0,81.55,81.55,81.55,81.55,81.55,81.55,,,,2,5,27,81.55,0.0,SAME,1.0
DWAL,2020-05-28,81.55,81.55,81.55,81.55,81.55,81.55,0.0,0.0,0.0,0.0,0.0,0.0,0.0,0.0,81.55,81.55,81.55,81.55000286102295,81.55090218597948,81.60421478506412,0.0,0.0,0.0,0.0,0.0,0.0,0.0,0.0,0.0,81.55,81.55,81.55,81.55,81.55,81.55,,,,3,5,28,81.55,0.0,SAME,1.0
DWAL,2020-05-29,81.55,81.55,81.55,81.55,81.55,81.55,0.0,0.0,0.0,0.0,0.0,0.0,0.0,0.0,81.55,81.55,81.55,81.55000143051147,81.55060145731966,81.5943575514161,0.0,0.0,0.0,0.0,0.0,0.0,0.0,0.0,0.0,81.55,81.55,81.55,81.55,81.55,81.55,,,,4,5,29,81.55,0.0,SAME,1.0
DWAL,2020-06-01,81.55,81.55,81.55,81.55,81.55,81.55,0.0,0.0,0.0,0.0,0.0,0.0,0.0,0.0,81.55,81.55,81.55,81.55000071525573,81.55040097154645,81.58629254206771,0.0,0.0,0.0,0.0,0.0,0.0,0.0,0.0,0.0,81.55,81.55,81.55,81.55,81.55,81.55,,,,0,6,1,81.55,0.0,SAME,1.0
DWAL,2020-06-02,81.55,81.55,81.55,81.55,81.55,81.55,0.0,0.0,0.0,0.0,0.0,0.0,0.0,0.0,81.55,81.55,81.55,81.55000035762787,81.5502673143643,81.5796938980554,0.0,0.0,0.0,0.0,0.0,0.0,0.0,0.0,0.0,81.55,81.55,81.55,81.55,81.55,81.55,,,,1,6,2,81.55,0.0,SAME,1.0
DWAL,2020-06-03,81.55,81.55,81.55,81.55,81.55,81.55,0.0,0.0,0.0,0.0,0.0,0.0,0.0,0.0,81.55,81.55,81.55,81.55000017881393,81.55017820957622,81.57429500749987,0.0,0.0,0.0,0.0,0.0,0.0,0.0,0.0,0.0,81.55,81.55,81.55,81.55,81.55,81.55,,,,2,6,3,81.55,0.0,SAME,1.0
DWAL,2020-06-04,81.55,81.55,81.55,81.55,81.55,81.55,0.0,0.0,0.0,0.0,0.0,0.0,0.0,0.0,81.55,81.55,81.55,81.55000008940696,81.55011880638415,81.56987773340899,0.0,0.0,0.0,0.0,0.0,0.0,0.0,0.0,0.0,81.55,81.55,81.55,81.55,81.55,81.55,,,,3,6,4,81.55,0.0,SAME,1.0
DWAL,2020-06-08,81.55,81.55,81.55,81.55,81.55,81.55,0.0,0.0,0.0,0.0,0.0,0.0,0.0,0.0,81.55,81.55,81.55,81.55000004470348,81.5500792042561,81.56626360006189,0.0,0.0,0.0,0.0,0.0,0.0,0.0,0.0,0.0,81.55,81.55,81.55,81.55,81.55,81.55,,,,0,6,8,81.55,0.0,SAME,1.0
DWAL,2020-06-09,81.55,81.55,81.55,81.55,81.55,81.55,0.0,0.0,0.0,0.0,0.0,0.0,0.0,0.0,81.55,81.55,81.55,81.55000002235174,81.5500528028374,81.56330658186882,0.0,0.0,0.0,0.0,0.0,0.0,0.0,0.0,0.0,81.55,81.55,81.55,81.55,81.55,81.55,,,,1,6,9,81.55,0.0,SAME,1.0
DWAL,2020-06-10,81.55,81.55,81.55,81.55,81.55,81.55,0.0,0.0,0.0,0.0,0.0,0.0,0.0,0.0,81.55,81.55,81.55,81.55000001117587,81.5500352018916,81.5608872033472,0.0,0.0,0.0,0.0,0.0,0.0,0.0,0.0,0.0,81.55,81.55,81.55,81.55,81.55,81.55,,,,2,6,10,81.55,0.0,SAME,1.0
DWAL,2020-06-11,81.55,81.55,81.55,81.55,81.55,81.55,0.0,0.0,0.0,0.0,0.0,0.0,0.0,0.0,81.55,81.55,81.55,81.55000000558793,81.55002346792773,81.55890771182953,0.0,0.0,0.0,0.0,0.0,0.0,0.0,0.0,0.0,81.55,81.55,81.55,81.55,81.55,81.55,,,,3,6,11,81.55,0.0,SAME,1.0
DWAL,2020-06-12,81.55,81.55,81.55,81.55,81.55,81.55,0.0,0.0,0.0,0.0,0.0,0.0,0.0,0.0,81.55,81.55,81.55,81.55000000279396,81.55001564528516,81.55728812786052,0.0,0.0,0.0,0.0,0.0,0.0,0.0,0.0,0.0,81.55,81.55,81.55,81.55,81.55,81.55,,,,4,6,12,81.55,0.0,SAME,1.0
DWAL,2020-06-15,81.55,81.55,81.55,81.55,81.55,81.55,0.0,0.0,0.0,0.0,0.0,0.0,0.0,0.0,81.55,81.55,81.55,81.55000000139698,81.5500104301901,81.55596301370406,0.0,0.0,0.0,0.0,0.0,0.0,0.0,0.0,0.0,81.55,81.55,81.55,81.55,81.55,81.55,,,,0,6,15,81.55,0.0,SAME,1.0
DWAL,2020-06-16,81.55,81.55,81.55,81.55,81.55,81.55,0.0,0.0,0.0,0.0,0.0,0.0,0.0,0.0,81.55,81.55,81.55,81.55000000069849,81.55000695346007,81.55487882939423,0.0,0.0,0.0,0.0,0.0,0.0,0.0,0.0,0.0,81.55,81.55,81.55,81.55,81.55,81.55,,,,1,6,16,81.55,0.0,SAME,1.0
DWAL,2020-06-17,81.55,81.55,81.55,81.55,81.55,81.55,0.0,0.0,0.0,0.0,0.0,0.0,0.0,0.0,81.55,81.55,81.55,81.55000000034924,81.55000463564005,81.55399176950436,0.0,0.0,0.0,0.0,0.0,0.0,0.0,0.0,0.0,81.55,81.55,81.55,81.55,81.55,81.55,,,,2,6,17,81.55,0.0,SAME,1.0
DWAL,2020-06-18,81.55,81.55,81.55,81.55,81.55,81.55,0.0,0.0,0.0,0.0,0.0,0.0,0.0,0.0,81.55,81.55,81.55,81.55000000017462,81.55000309042671,81.55326599323084,0.0,0.0,0.0,0.0,0.0,0.0,0.0,0.0,0.0,81.55,81.55,81.55,81.55,81.55,81.55,,,,3,6,18,81.55,0.0,SAME,1.0
DWAL,2020-06-19,81.55,81.55,81.55,81.55,81.55,81.55,0.0,0.0,0.0,0.0,0.0,0.0,0.0,0.0,81.55,81.55,81.55,81.55000000008731,81.55000206028447,81.55267217627977,0.0,0.0,0.0,0.0,0.0,0.0,0.0,0.0,0.0,81.55,81.55,81.55,81.55,81.55,81.55,,,,4,6,19,81.55,0.0,SAME,1.0
DWAL,2020-06-22,81.55,81.55,81.55,81.55,81.55,81.55,0.0,0.0,0.0,0.0,0.0,0.0,0.0,0.0,81.55,81.55,81.55,81.55000000004365,81.55000137352297,81.55218632604708,0.0,0.0,0.0,0.0,0.0,0.0,0.0,0.0,0.0,81.55,81.55,81.55,81.55,81.55,81.55,,,,0,6,22,81.55,0.0,SAME,1.0
DWAL,2020-06-23,81.55,81.55,81.55,81.55,81.55,81.55,0.0,0.0,0.0,0.0,0.0,0.0,0.0,0.0,81.55,81.55,81.55,81.55000000002183,81.55000091568198,81.55178881222034,0.0,0.0,0.0,0.0,0.0,0.0,0.0,0.0,0.0,81.55,81.55,81.55,81.55,81.55,81.55,,,,1,6,23,81.55,0.0,SAME,1.0
DWAL,2020-06-24,81.55,81.55,81.55,81.55,81.55,81.55,0.0,0.0,0.0,0.0,0.0,0.0,0.0,0.0,81.55,81.55,81.55,81.55000000001091,81.55000061045465,81.55146357363482,0.0,0.0,0.0,0.0,0.0,0.0,0.0,0.0,0.0,81.55,81.55,81.55,81.55,81.55,81.55,,,,2,6,24,81.55,0.0,SAME,1.0
DWAL,2020-06-25,81.55,81.55,81.55,81.55,81.55,81.55,0.0,0.0,0.0,0.0,0.0,0.0,0.0,0.0,81.55,81.55,81.55,81.55000000000545,81.55000040696976,81.55119746933758,0.0,0.0,0.0,0.0,0.0,0.0,0.0,0.0,0.0,81.55,81.55,81.55,81.55,81.55,81.55,,,,3,6,25,81.55,0.0,SAME,1.0
DWAL,2020-06-26,81.55,81.55,81.55,81.55,81.55,81.55,0.0,0.0,0.0,0.0,0.0,0.0,0.0,0.0,81.55,81.55,81.55,81.55000000000273,81.55000027131317,81.55097974763983,0.0,0.0,0.0,0.0,0.0,0.0,0.0,0.0,0.0,81.55,81.55,81.55,81.55,81.55,81.55,,,,4,6,26,81.55,0.0,SAME,1.0
DWAL,2020-06-29,81.55,81.55,81.55,81.55,81.55,81.55,0.0,0.0,0.0,0.0,0.0,0.0,0.0,0.0,81.55,81.55,81.55,81.55000000000136,81.55000018087546,81.55080161170531,0.0,0.0,0.0,0.0,0.0,0.0,0.0,0.0,0.0,81.55,81.55,81.55,81.55,81.55,81.55,,,,0,6,29,81.55,0.0,SAME,1.0
DWAL,2020-07-01,81.55,81.55,81.55,81.55,81.55,81.55,0.0,0.0,0.0,0.0,0.0,0.0,0.0,0.0,81.55,81.55,81.55,81.55000000000068,81.55000012058363,81.55065586412252,0.0,0.0,0.0,0.0,0.0,0.0,0.0,0.0,0.0,81.55,81.55,81.55,81.55,81.55,81.55,,,,2,7,1,81.55,0.0,SAME,1.0
DWAL,2020-07-02,81.55,81.55,81.55,81.55,81.55,81.55,0.0,0.0,0.0,0.0,0.0,0.0,0.0,0.0,81.55,81.55,81.55,81.55000000000034,81.55000008038908,81.55053661610023,0.0,0.0,0.0,0.0,0.0,0.0,0.0,0.0,0.0,81.55,81.55,81.55,81.55,81.55,81.55,,,,3,7,2,81.55,0.0,SAME,1.0
DWAL,2020-07-03,81.55,81.55,81.55,81.55,81.55,81.55,0.0,0.0,0.0,0.0,0.0,0.0,0.0,0.0,81.55,81.55,81.55,81.55000000000017,81.55000005359273,81.55043904953655,0.0,0.0,0.0,0.0,0.0,0.0,0.0,0.0,0.0,81.55,81.55,81.55,81.55,81.55,81.55,,,,4,7,3,81.55,0.0,SAME,1.0
DWAL,2020-07-06,81.55,81.55,81.55,81.55,81.55,81.55,0.0,0.0,0.0,0.0,0.0,0.0,0.0,0.0,81.55,81.55,81.55,81.55000000000008,81.55000003572849,81.55035922234808,0.0,0.0,0.0,0.0,0.0,0.0,0.0,0.0,0.0,81.55,81.55,81.55,81.55,81.55,81.55,,,,0,7,6,81.55,0.0,SAME,1.0
DWAL,2020-07-07,81.55,81.55,81.55,81.55,81.55,81.55,0.0,0.0,0.0,0.0,0.0,0.0,0.0,0.0,81.55,81.55,81.55,81.55000000000004,81.550000023819,81.55029390919388,0.0,0.0,0.0,0.0,0.0,0.0,0.0,0.0,0.0,81.55,81.55,81.55,81.55,81.55,81.55,,,,1,7,7,81.55,0.0,SAME,1.0
DWAL,2020-07-08,81.55,81.55,81.55,81.55,81.55,81.55,0.0,0.0,0.0,0.0,0.0,0.0,0.0,0.0,81.55,81.55,81.55,81.55000000000001,81.55000001587933,81.55024047115863,0.0,0.0,0.0,0.0,0.0,0.0,0.0,0.0,0.0,81.55,81.55,81.55,81.55,81.55,81.55,,,,2,7,8,81.55,0.0,SAME,1.0
DWAL,2020-07-09,81.55,81.55,81.55,81.55,81.55,81.55,0.0,0.0,0.0,0.0,0.0,0.0,0.0,0.0,81.55,81.55,81.55,81.55000000000001,81.55000001058622,81.55019674912978,0.0,0.0,0.0,0.0,0.0,0.0,0.0,0.0,0.0,81.55,81.55,81.55,81.55,81.55,81.55,,,,3,7,9,81.55,0.0,SAME,1.0
DWAL,2020-07-10,81.55,81.55,81.55,81.55,81.55,81.55,0.0,0.0,0.0,0.0,0.0,0.0,0.0,0.0,81.55,81.55,81.55,81.55000000000001,81.55000000705749,81.55016097656073,0.0,0.0,0.0,0.0,0.0,0.0,0.0,0.0,0.0,81.55,81.55,81.55,81.55,81.55,81.55,,,,4,7,10,81.55,0.0,SAME,1.0
DWAL,2020-07-13,81.55,81.55,81.55,81.55,81.55,81.55,0.0,0.0,0.0,0.0,0.0,0.0,0.0,0.0,81.55,81.55,81.55,81.55000000000001,81.550000004705,81.55013170809514,0.0,0.0,0.0,0.0,0.0,0.0,0.0,0.0,0.0,81.55,81.55,81.55,81.55,81.55,81.55,,,,0,7,13,81.55,0.0,SAME,1.0
DWAL,2020-07-14,81.55,81.55,81.55,81.55,81.55,81.55,0.0,0.0,0.0,0.0,0.0,0.0,0.0,0.0,81.55,81.55,81.55,81.55000000000001,81.55000000313666,81.55010776116875,0.0,0.0,0.0,0.0,0.0,0.0,0.0,0.0,0.0,81.55,81.55,81.55,81.55,81.55,81.55,,,,1,7,14,81.55,0.0,SAME,1.0
DWAL,2020-07-15,81.55,81.55,81.55,81.55,81.55,81.55,0.0,0.0,0.0,0.0,0.0,0.0,0.0,0.0,81.55,81.55,81.55,81.55000000000001,81.55000000209111,81.55008816822897,0.0,0.0,0.0,0.0,0.0,0.0,0.0,0.0,0.0,81.55,81.55,81.55,81.55,81.55,81.55,,,,2,7,15,85.62,4.070000000000007,UP,2.0
DWAL,2020-07-16,85.62,81.55,81.55,81.55,81.55,81.55,4.070000000000007,4.070000000000007,4.070000000000007,0.04990803188228088,0.04990803188228088,0.04990803188228088,0.04870257164977724,0.04870257164977724,82.90666666666667,82.364,81.95700000000001,83.58500000000001,82.90666666806075,82.29007213764187,0.028814415641959287,0.022319550382401365,0.015782305428430808,4.070000000000007,0.0499080318822809,4.070000000000007,0.0499080318822809,4.070000000000007,0.0499080318822809,81.55,85.62,81.55,85.62,81.55,85.62,1.0,1.0,1.0,3,7,16,85.62,0.0,SAME,1.0
DWAL,2020-07-17,85.62,85.62,81.55,81.55,81.55,81.55,0.0,4.070000000000007,4.070000000000007,0.0,0.04990803188228088,0.04990803188228088,0.0,0.04870257164977724,84.26333333333334,83.178,82.364,84.6025,83.8111111120405,82.89551356716152,0.028814415641959287,0.022319550382401365,0.015782305428430808,4.070000000000007,0.0499080318822809,4.070000000000007,0.0499080318822809,4.070000000000007,0.0499080318822809,81.55,85.62,81.55,85.62,81.55,85.62,1.0,1.0,1.0,4,7,17,89.5,3.8799999999999955,UP,2.0
DWAL,2020-07-20,89.5,85.62,85.62,81.55,81.55,81.55,3.8799999999999955,3.8799999999999955,7.950000000000003,0.045316514832982824,0.045316514832982824,0.09748620478234216,0.04431972456400952,0.04431972456400952,86.91333333333334,84.768,83.159,87.05125000000001,85.70740740802701,84.09632928222305,0.027584658150817305,0.026128793043045585,0.020104247017478045,7.950000000000003,0.09748620478234216,7.950000000000003,0.09748620478234216,7.950000000000003,0.09748620478234216,85.62,89.5,81.55,89.5,81.55,89.5,1.0,1.0,1.0,0,7,20,89.5,0.0,SAME,1.0
DWAL,2020-07-21,89.5,89.5,85.62,85.62,81.55,81.55,0.0,3.8799999999999955,3.8799999999999955,0.0,0.045316514832982824,0.045316514832982824,0.0,0.04431972456400952,88.20666666666666,86.35799999999999,83.954,88.275625,86.97160493868468,85.0788148672734,0.026163502037558302,0.026128793043045582,0.020104247017478045,3.8799999999999955,0.04531651483298289,7.950000000000003,0.09748620478234216,7.950000000000003,0.09748620478234216,85.62,89.5,81.55,89.5,81.55,89.5,1.0,1.0,1.0,1,7,21,89.5,0.0,SAME,1.0
DWAL,2020-07-22,89.5,89.5,89.5,85.62,81.55,81.55,0.0,0.0,3.8799999999999955,0.0,0.0,0.045316514832982824,0.0,0.0,89.5,87.94800000000001,84.749,88.8878125,87.81440329245646,85.88266670958731,0.026163502037558302,0.026128793043045582,0.020104247017478045,3.8799999999999955,0.04531651483298289,7.950000000000003,0.09748620478234216,7.950000000000003,0.09748620478234216,89.5,89.5,85.62,89.5,81.55,89.5,,1.0,1.0,2,7,22,89.5,0.0,SAME,1.0
DWAL,2020-07-23,89.5,89.5,89.5,89.5,85.62,81.55,0.0,0.0,0.0,0.0,0.0,0.0,0.0,0.0,89.5,88.724,85.54400000000001,89.19390625,88.37626886163764,86.54036367148052,0.0,0.020266161533985423,0.020104247017478045,0.0,0.0,3.8799999999999955,0.04531651483298289,7.950000000000003,0.09748620478234216,89.5,89.5,85.62,89.5,81.55,89.5,,1.0,1.0,3,7,23,89.5,0.0,SAME,1.0
DWAL,2020-07-27,89.5,89.5,89.5,89.5,85.62,81.55,0.0,0.0,0.0,0.0,0.0,0.0,0.0,0.0,89.5,89.5,86.339,89.346953125,88.75084590775843,87.07847936757497,0.0,0.020266161533985423,0.020104247017478045,0.0,0.0,3.8799999999999955,0.04531651483298289,7.950000000000003,0.09748620478234216,89.5,89.5,89.5,89.5,81.55,89.5,,,1.0,0,7,27,89.5,0.0,SAME,1.0
DWAL,2020-07-28,89.5,89.5,89.5,89.5,89.5,81.55,0.0,0.0,0.0,0.0,0.0,0.0,0.0,0.0,89.5,89.5,87.134,89.4234765625,89.00056393850562,87.5187558461977,0.0,0.0,0.020104247017478045,0.0,0.0,0.0,0.0,7.950000000000003,0.09748620478234216,89.5,89.5,89.5,89.5,81.55,89.5,,,1.0,1,7,28,89.5,0.0,SAME,1.0
DWAL,2020-07-29,89.5,89.5,89.5,89.5,89.5,81.55,0.0,0.0,0.0,0.0,0.0,0.0,0.0,0.0,89.5,89.5,87.929,89.46173828125,89.16704262567042,87.87898205597995,0.0,0.0,0.020104247017478045,0.0,0.0,0.0,0.0,7.950000000000003,0.09748620478234216,89.5,89.5,89.5,89.5,81.55,89.5,,,1.0,2,7,29,89.5,0.0,SAME,1.0
DWAL,2020-07-30,89.5,89.5,89.5,89.5,89.5,81.55,0.0,0.0,0.0,0.0,0.0,0.0,0.0,0.0,89.5,89.5,88.724,89.480869140625,89.27802841711362,88.1737125912563,0.0,0.0,0.020104247017478045,0.0,0.0,0.0,0.0,7.950000000000003,0.09748620478234216,89.5,89.5,89.5,89.5,85.62,89.5,,,1.0,3,7,30,85.03,-4.469999999999999,DOWN,0.0
DWAL,2020-07-31,85.03,89.5,89.5,89.5,89.5,85.62,-4.469999999999999,-4.469999999999999,-4.469999999999999,-0.0499441340782123,-0.0499441340782123,-0.0499441340782123,-0.05123448988310856,-0.05123448988310856,88.00999999999999,88.60600000000001,88.66499999999999,87.2554345703125,87.86201894474242,87.60212848375517,0.02883525925449864,0.022335695775249294,0.02247433489175923,-4.469999999999999,-0.04994413407821228,-4.469999999999999,-0.04994413407821228,-0.5900000000000034,-0.006890913338005179,85.03,89.5,85.03,89.5,85.03,89.5,0.0,0.0,0.0,4,7,31,89.0,3.969999999999999,UP,2.0
DWAL,2020-08-03,89.0,85.03,89.5,89.5,89.5,85.62,3.969999999999999,-0.5,-0.5,0.04668940373985642,-0.005586592178770999,-0.005586592178770999,0.0456322343344386,-0.005602255548669898,87.84333333333332,88.506,89.003,88.12771728515625,88.24134596316162,87.85628694125423,0.04832590330530458,0.03417674025009802,0.026979383271771868,-0.5,-0.00558659217877095,-0.5,-0.00558659217877095,3.3799999999999955,0.03947675776687684,85.03,89.5,85.03,89.5,85.03,89.5,0.8881431767337807,0.8881431767337807,0.8881431767337807,0,8,3,89.0,0.0,SAME,1.0
DWAL,2020-08-04,89.0,89.0,85.03,89.5,89.5,89.5,0.0,3.969999999999999,-0.5,0.0,0.04668940373985642,-0.005586592178770999,0.0,0.0456322343344386,87.67666666666666,88.40599999999999,88.953,88.56385864257813,88.49423064210775,88.0642347701171,0.04832590330530458,0.03417674025009802,0.022787076316408007,-0.5,-0.00558659217877095,-0.5,-0.00558659217877095,-0.5,-0.00558659217877095,85.03,89.0,85.03,89.5,85.03,89.5,1.0,0.8881431767337807,0.8881431767337807,1,8,4,89.0,0.0,SAME,1.0
DWAL,2020-08-05,89.0,89.0,89.0,85.03,89.5,89.5,0.0,0.0,3.969999999999999,0.0,0.0,0.04668940373985642,0.0,0.0,89.0,88.306,88.90299999999999,88.78192932128906,88.66282042807184,88.23437390282308,0.02695613981750923,0.03417674025009802,0.022787076316408007,3.969999999999999,0.04668940373985651,-0.5,-0.00558659217877095,-0.5,-0.00558659217877095,89.0,89.0,85.03,89.5,85.03,89.5,,0.8881431767337807,0.8881431767337807,2,8,5,89.0,0.0,SAME,1.0
DWAL,2020-08-06,89.0,89.0,89.0,89.0,89.5,89.5,0.0,0.0,0.0,0.0,0.0,0.0,0.0,0.0,89.0,88.20599999999999,88.853,88.89096466064453,88.77521361871456,88.37357864776433,0.0,0.03417674025009802,0.022787076316408007,0.0,0.0,-0.5,-0.00558659217877095,-0.5,-0.00558659217877095,89.0,89.0,85.03,89.0,85.03,89.5,,1.0,0.8881431767337807,3,8,6,89.0,0.0,SAME,1.0
DWAL,2020-08-07,89.0,89.0,89.0,89.0,85.03,89.5,0.0,0.0,0.0,0.0,0.0,0.0,0.0,0.0,89.0,89.0,88.803,88.94548233032226,88.85014241247637,88.4874734390799,0.0,0.020880136118250365,0.022787076316408007,0.0,0.0,3.969999999999999,0.04668940373985651,-0.5,-0.00558659217877095,89.0,89.0,89.0,89.0,85.03,89.5,,,0.8881431767337807,4,8,7,89.0,0.0,SAME,1.0
DWAL,2020-08-10,89.0,89.0,89.0,89.0,89.0,89.5,0.0,0.0,0.0,0.0,0.0,0.0,0.0,0.0,89.0,89.0,88.753,88.97274116516112,88.90009494165092,88.58066008651993,0.0,0.0,0.022787076316408007,0.0,0.0,0.0,0.0,-0.5,-0.00558659217877095,89.0,89.0,89.0,89.0,85.03,89.5,,,0.8881431767337807,0,8,10,89.0,0.0,SAME,1.0
DWAL,2020-08-11,89.0,89.0,89.0,89.0,89.0,89.5,0.0,0.0,0.0,0.0,0.0,0.0,0.0,0.0,89.0,89.0,88.703,88.98637058258056,88.93339662776728,88.65690370715267,0.0,0.0,0.022787076316408007,0.0,0.0,0.0,0.0,-0.5,-0.00558659217877095,89.0,89.0,89.0,89.0,85.03,89.5,,,0.8881431767337807,1,8,11,89.0,0.0,SAME,1.0
DWAL,2020-08-12,89.0,89.0,89.0,89.0,89.0,89.5,0.0,0.0,0.0,0.0,0.0,0.0,0.0,0.0,89.0,89.0,88.65299999999999,88.99318529129027,88.95559775184486,88.71928485130672,0.0,0.0,0.022787076316408007,0.0,0.0,0.0,0.0,-0.5,-0.00558659217877095,89.0,89.0,89.0,89.0,85.03,89.5,,,0.8881431767337807,2,8,12,89.0,0.0,SAME,1.0
DWAL,2020-08-13,89.0,89.0,89.0,89.0,89.0,89.5,0.0,0.0,0.0,0.0,0.0,0.0,0.0,0.0,89.0,89.0,88.603,88.99659264564514,88.97039850122991,88.77032396925095,0.0,0.0,0.022787076316408007,0.0,0.0,0.0,0.0,-0.5,-0.00558659217877095,89.0,89.0,89.0,89.0,85.03,89.0,,,1.0,3,8,13,89.0,0.0,SAME,1.0
DWAL,2020-08-14,89.0,89.0,89.0,89.0,89.0,85.03,0.0,0.0,0.0,0.0,0.0,0.0,0.0,0.0,89.0,89.0,89.0,88.99829632282257,88.9802656674866,88.81208324756896,0.0,0.0,0.01476448584131299,0.0,0.0,0.0,0.0,3.969999999999999,0.04668940373985651,89.0,89.0,89.0,89.0,89.0,89.0,,,,4,8,14,89.0,0.0,SAME,1.0
DWAL,2020-08-17,89.0,89.0,89.0,89.0,89.0,89.0,0.0,0.0,0.0,0.0,0.0,0.0,0.0,0.0,89.0,89.0,89.0,88.99914816141128,88.98684377832441,88.84624992982916,0.0,0.0,0.0,0.0,0.0,0.0,0.0,0.0,0.0,89.0,89.0,89.0,89.0,89.0,89.0,,,,0,8,17,89.0,0.0,SAME,1.0
DWAL,2020-08-18,89.0,89.0,89.0,89.0,89.0,89.0,0.0,0.0,0.0,0.0,0.0,0.0,0.0,0.0,89.0,89.0,89.0,88.99957408070564,88.99122918554961,88.87420448804204,0.0,0.0,0.0,0.0,0.0,0.0,0.0,0.0,0.0,89.0,89.0,89.0,89.0,89.0,89.0,,,,1,8,18,89.0,0.0,SAME,1.0
DWAL,2020-08-19,89.0,89.0,89.0,89.0,89.0,89.0,0.0,0.0,0.0,0.0,0.0,0.0,0.0,0.0,89.0,89.0,89.0,88.99978704035283,88.99415279036641,88.89707639930712,0.0,0.0,0.0,0.0,0.0,0.0,0.0,0.0,0.0,89.0,89.0,89.0,89.0,89.0,89.0,,,,2,8,19,89.0,0.0,SAME,1.0
DWAL,2020-08-20,89.0,89.0,89.0,89.0,89.0,89.0,0.0,0.0,0.0,0.0,0.0,0.0,0.0,0.0,89.0,89.0,89.0,88.99989352017641,88.99610186024428,88.91578978125128,0.0,0.0,0.0,0.0,0.0,0.0,0.0,0.0,0.0,89.0,89.0,89.0,89.0,89.0,89.0,,,,3,8,20,89.0,0.0,SAME,1.0
DWAL,2020-08-21,89.0,89.0,89.0,89.0,89.0,89.0,0.0,0.0,0.0,0.0,0.0,0.0,0.0,0.0,89.0,89.0,89.0,88.9999467600882,88.99740124016286,88.93110073011468,0.0,0.0,0.0,0.0,0.0,0.0,0.0,0.0,0.0,89.0,89.0,89.0,89.0,89.0,89.0,,,,4,8,21,89.0,0.0,SAME,1.0
DWAL,2020-08-24,89.0,89.0,89.0,89.0,89.0,89.0,0.0,0.0,0.0,0.0,0.0,0.0,0.0,0.0,89.0,89.0,89.0,88.99997338004411,88.99826749344192,88.94362787009383,0.0,0.0,0.0,0.0,0.0,0.0,0.0,0.0,0.0,89.0,89.0,89.0,89.0,89.0,89.0,,,,0,8,24,89.0,0.0,SAME,1.0
DWAL,2020-08-25,89.0,89.0,89.0,89.0,89.0,89.0,0.0,0.0,0.0,0.0,0.0,0.0,0.0,0.0,89.0,89.0,89.0,88.99998669002206,88.99884499562795,88.95387734825859,0.0,0.0,0.0,0.0,0.0,0.0,0.0,0.0,0.0,89.0,89.0,89.0,89.0,89.0,89.0,,,,1,8,25,89.0,0.0,SAME,1.0
DWAL,2020-08-26,89.0,89.0,89.0,89.0,89.0,89.0,0.0,0.0,0.0,0.0,0.0,0.0,0.0,0.0,89.0,89.0,89.0,88.99999334501103,88.99922999708531,88.96226328493884,0.0,0.0,0.0,0.0,0.0,0.0,0.0,0.0,0.0,89.0,89.0,89.0,89.0,89.0,89.0,,,,2,8,26,89.0,0.0,SAME,1.0
DWAL,2020-08-27,89.0,89.0,89.0,89.0,89.0,89.0,0.0,0.0,0.0,0.0,0.0,0.0,0.0,0.0,89.0,89.0,89.0,88.99999667250552,88.99948666472355,88.96912450585906,0.0,0.0,0.0,0.0,0.0,0.0,0.0,0.0,0.0,89.0,89.0,89.0,89.0,89.0,89.0,,,,3,8,27,89.0,0.0,SAME,1.0
DWAL,2020-08-28,89.0,89.0,89.0,89.0,89.0,89.0,0.0,0.0,0.0,0.0,0.0,0.0,0.0,0.0,89.0,89.0,89.0,88.99999833625276,88.99965777648237,88.9747382320665,0.0,0.0,0.0,0.0,0.0,0.0,0.0,0.0,0.0,89.0,89.0,89.0,89.0,89.0,89.0,,,,4,8,28,89.0,0.0,SAME,1.0
DWAL,2020-08-31,89.0,89.0,89.0,89.0,89.0,89.0,0.0,0.0,0.0,0.0,0.0,0.0,0.0,0.0,89.0,89.0,89.0,88.99999916812638,88.99977185098825,88.97933128078168,0.0,0.0,0.0,0.0,0.0,0.0,0.0,0.0,0.0,89.0,89.0,89.0,89.0,89.0,89.0,,,,0,8,31,89.0,0.0,SAME,1.0
DWAL,2020-09-01,89.0,89.0,89.0,89.0,89.0,89.0,0.0,0.0,0.0,0.0,0.0,0.0,0.0,0.0,89.0,89.0,89.0,88.99999958406319,88.99984790065884,88.98308922973047,0.0,0.0,0.0,0.0,0.0,0.0,0.0,0.0,0.0,89.0,89.0,89.0,89.0,89.0,89.0,,,,1,9,1,89.0,0.0,SAME,1.0
DWAL,2020-09-02,89.0,89.0,89.0,89.0,89.0,89.0,0.0,0.0,0.0,0.0,0.0,0.0,0.0,0.0,89.0,89.0,89.0,88.99999979203159,88.99989860043922,88.98616391523402,0.0,0.0,0.0,0.0,0.0,0.0,0.0,0.0,0.0,89.0,89.0,89.0,89.0,89.0,89.0,,,,2,9,2,89.0,0.0,SAME,1.0
DWAL,2020-09-03,89.0,89.0,89.0,89.0,89.0,89.0,0.0,0.0,0.0,0.0,0.0,0.0,0.0,0.0,89.0,89.0,89.0,88.9999998960158,88.99993240029282,88.98867956700965,0.0,0.0,0.0,0.0,0.0,0.0,0.0,0.0,0.0,89.0,89.0,89.0,89.0,89.0,89.0,,,,3,9,3,89.0,0.0,SAME,1.0
DWAL,2020-09-04,89.0,89.0,89.0,89.0,89.0,89.0,0.0,0.0,0.0,0.0,0.0,0.0,0.0,0.0,89.0,89.0,89.0,88.9999999480079,88.99995493352856,88.99073782755336,0.0,0.0,0.0,0.0,0.0,0.0,0.0,0.0,0.0,89.0,89.0,89.0,89.0,89.0,89.0,,,,4,9,4,89.0,0.0,SAME,1.0
DWAL,2020-09-07,89.0,89.0,89.0,89.0,89.0,89.0,0.0,0.0,0.0,0.0,0.0,0.0,0.0,0.0,89.0,89.0,89.0,88.99999997400394,88.99996995568571,88.99242185890729,0.0,0.0,0.0,0.0,0.0,0.0,0.0,0.0,0.0,89.0,89.0,89.0,89.0,89.0,89.0,,,,0,9,7,89.0,0.0,SAME,1.0
DWAL,2020-09-08,89.0,89.0,89.0,89.0,89.0,89.0,0.0,0.0,0.0,0.0,0.0,0.0,0.0,0.0,89.0,89.0,89.0,88.99999998700197,88.99997997045715,88.99379970274234,0.0,0.0,0.0,0.0,0.0,0.0,0.0,0.0,0.0,89.0,89.0,89.0,89.0,89.0,89.0,,,,1,9,8,89.0,0.0,SAME,1.0
DWAL,2020-09-09,89.0,89.0,89.0,89.0,89.0,89.0,0.0,0.0,0.0,0.0,0.0,0.0,0.0,0.0,89.0,89.0,89.0,88.99999999350098,88.99998664697144,88.99492702951646,0.0,0.0,0.0,0.0,0.0,0.0,0.0,0.0,0.0,89.0,89.0,89.0,89.0,89.0,89.0,,,,2,9,9,89.0,0.0,SAME,1.0
DWAL,2020-09-10,89.0,89.0,89.0,89.0,89.0,89.0,0.0,0.0,0.0,0.0,0.0,0.0,0.0,0.0,89.0,89.0,89.0,88.99999999675049,88.99999109798097,88.9958493877862,0.0,0.0,0.0,0.0,0.0,0.0,0.0,0.0,0.0,89.0,89.0,89.0,89.0,89.0,89.0,,,,3,9,10,89.0,0.0,SAME,1.0
DWAL,2020-09-11,89.0,89.0,89.0,89.0,89.0,89.0,0.0,0.0,0.0,0.0,0.0,0.0,0.0,0.0,89.0,89.0,89.0,88.99999999837524,88.99999406532065,88.99660404455234,0.0,0.0,0.0,0.0,0.0,0.0,0.0,0.0,0.0,89.0,89.0,89.0,89.0,89.0,89.0,,,,4,9,11,89.0,0.0,SAME,1.0
DWAL,2020-09-14,89.0,89.0,89.0,89.0,89.0,89.0,0.0,0.0,0.0,0.0,0.0,0.0,0.0,0.0,89.0,89.0,89.0,88.99999999918762,88.9999960435471,88.99722149099738,0.0,0.0,0.0,0.0,0.0,0.0,0.0,0.0,0.0,89.0,89.0,89.0,89.0,89.0,89.0,,,,0,9,14,89.0,0.0,SAME,1.0
DWAL,2020-09-15,89.0,89.0,89.0,89.0,89.0,89.0,0.0,0.0,0.0,0.0,0.0,0.0,0.0,0.0,89.0,89.0,89.0,88.99999999959381,88.99999736236474,88.9977266744524,0.0,0.0,0.0,0.0,0.0,0.0,0.0,0.0,0.0,89.0,89.0,89.0,89.0,89.0,89.0,,,,1,9,15,89.0,0.0,SAME,1.0
DWAL,2020-09-16,89.0,89.0,89.0,89.0,89.0,89.0,0.0,0.0,0.0,0.0,0.0,0.0,0.0,0.0,89.0,89.0,89.0,88.9999999997969,88.99999824157649,88.99814000637014,0.0,0.0,0.0,0.0,0.0,0.0,0.0,0.0,0.0,89.0,89.0,89.0,89.0,89.0,89.0,,,,2,9,16,89.0,0.0,SAME,1.0
DWAL,2020-09-17,89.0,89.0,89.0,89.0,89.0,89.0,0.0,0.0,0.0,0.0,0.0,0.0,0.0,0.0,89.0,89.0,89.0,88.99999999989845,88.99999882771766,88.99847818703012,0.0,0.0,0.0,0.0,0.0,0.0,0.0,0.0,0.0,89.0,89.0,89.0,89.0,89.0,89.0,,,,3,9,17,89.0,0.0,SAME,1.0
DWAL,2020-09-18,89.0,89.0,89.0,89.0,89.0,89.0,0.0,0.0,0.0,0.0,0.0,0.0,0.0,0.0,89.0,89.0,89.0,88.99999999994922,88.99999921847845,88.99875488029737,0.0,0.0,0.0,0.0,0.0,0.0,0.0,0.0,0.0,89.0,89.0,89.0,89.0,89.0,89.0,,,,4,9,18,89.0,0.0,SAME,1.0
DWAL,2020-09-21,89.0,89.0,89.0,89.0,89.0,89.0,0.0,0.0,0.0,0.0,0.0,0.0,0.0,0.0,89.0,89.0,89.0,88.99999999997462,88.99999947898564,88.99898126569785,0.0,0.0,0.0,0.0,0.0,0.0,0.0,0.0,0.0,89.0,89.0,89.0,89.0,89.0,89.0,,,,0,9,21,89.0,0.0,SAME,1.0
DWAL,2020-09-24,89.0,89.0,89.0,89.0,89.0,89.0,0.0,0.0,0.0,0.0,0.0,0.0,0.0,0.0,89.0,89.0,89.0,88.99999999998731,88.9999996526571,88.99916649011642,0.0,0.0,0.0,0.0,0.0,0.0,0.0,0.0,0.0,89.0,89.0,89.0,89.0,89.0,89.0,,,,3,9,24,89.0,0.0,SAME,1.0
DWAL,2020-09-25,89.0,89.0,89.0,89.0,89.0,89.0,0.0,0.0,0.0,0.0,0.0,0.0,0.0,0.0,89.0,89.0,89.0,88.99999999999366,88.99999976843807,88.99931803736798,0.0,0.0,0.0,0.0,0.0,0.0,0.0,0.0,0.0,89.0,89.0,89.0,89.0,89.0,89.0,,,,4,9,25,89.0,0.0,SAME,1.0
DWAL,2020-09-29,89.0,89.0,89.0,89.0,89.0,89.0,0.0,0.0,0.0,0.0,0.0,0.0,0.0,0.0,89.0,89.0,89.0,88.99999999999683,88.99999984562538,88.9994420305738,0.0,0.0,0.0,0.0,0.0,0.0,0.0,0.0,0.0,89.0,89.0,89.0,89.0,89.0,89.0,,,,1,9,29,89.0,0.0,SAME,1.0
DWAL,2020-09-30,89.0,89.0,89.0,89.0,89.0,89.0,0.0,0.0,0.0,0.0,0.0,0.0,0.0,0.0,89.0,89.0,89.0,88.99999999999841,88.9999998970836,88.99954347956039,0.0,0.0,0.0,0.0,0.0,0.0,0.0,0.0,0.0,89.0,89.0,89.0,89.0,89.0,89.0,,,,2,9,30,89.0,0.0,SAME,1.0
DWAL,2020-10-01,89.0,89.0,89.0,89.0,89.0,89.0,0.0,0.0,0.0,0.0,0.0,0.0,0.0,0.0,89.0,89.0,89.0,88.9999999999992,88.99999993138907,88.99962648327669,0.0,0.0,0.0,0.0,0.0,0.0,0.0,0.0,0.0,89.0,89.0,89.0,89.0,89.0,89.0,,,,3,10,1,89.0,0.0,SAME,1.0
DWAL,2020-10-02,89.0,89.0,89.0,89.0,89.0,89.0,0.0,0.0,0.0,0.0,0.0,0.0,0.0,0.0,89.0,89.0,89.0,88.9999999999996,88.99999995425938,88.9996943954082,0.0,0.0,0.0,0.0,0.0,0.0,0.0,0.0,0.0,89.0,89.0,89.0,89.0,89.0,89.0,,,,4,10,2,89.0,0.0,SAME,1.0
DWAL,2020-10-05,89.0,89.0,89.0,89.0,89.0,89.0,0.0,0.0,0.0,0.0,0.0,0.0,0.0,0.0,89.0,89.0,89.0,88.9999999999998,88.99999996950626,88.99974995987944,0.0,0.0,0.0,0.0,0.0,0.0,0.0,0.0,0.0,89.0,89.0,89.0,89.0,89.0,89.0,,,,0,10,5,89.0,0.0,SAME,1.0
DWAL,2020-10-06,89.0,89.0,89.0,89.0,89.0,89.0,0.0,0.0,0.0,0.0,0.0,0.0,0.0,0.0,89.0,89.0,89.0,88.9999999999999,88.99999997967085,88.99979542171954,0.0,0.0,0.0,0.0,0.0,0.0,0.0,0.0,0.0,89.0,89.0,89.0,89.0,89.0,89.0,,,,1,10,6,89.0,0.0,SAME,1.0
DWAL,2020-10-07,89.0,89.0,89.0,89.0,89.0,89.0,0.0,0.0,0.0,0.0,0.0,0.0,0.0,0.0,89.0,89.0,89.0,88.99999999999994,88.99999998644724,88.99983261777054,0.0,0.0,0.0,0.0,0.0,0.0,0.0,0.0,0.0,89.0,89.0,89.0,89.0,89.0,89.0,,,,2,10,7,89.0,0.0,SAME,1.0
DWAL,2020-10-08,89.0,89.0,89.0,89.0,89.0,89.0,0.0,0.0,0.0,0.0,0.0,0.0,0.0,0.0,89.0,89.0,89.0,88.99999999999997,88.99999999096482,88.99986305090317,0.0,0.0,0.0,0.0,0.0,0.0,0.0,0.0,0.0,89.0,89.0,89.0,89.0,89.0,89.0,,,,3,10,8,89.0,0.0,SAME,1.0
DWAL,2020-10-09,89.0,89.0,89.0,89.0,89.0,89.0,0.0,0.0,0.0,0.0,0.0,0.0,0.0,0.0,89.0,89.0,89.0,88.99999999999999,88.99999999397656,88.99988795073897,0.0,0.0,0.0,0.0,0.0,0.0,0.0,0.0,0.0,89.0,89.0,89.0,89.0,89.0,89.0,,,,4,10,9,89.0,0.0,SAME,1.0
DWAL,2020-10-12,89.0,89.0,89.0,89.0,89.0,89.0,0.0,0.0,0.0,0.0,0.0,0.0,0.0,0.0,89.0,89.0,89.0,89.0,88.99999999598438,88.99990832333188,0.0,0.0,0.0,0.0,0.0,0.0,0.0,0.0,0.0,89.0,89.0,89.0,89.0,89.0,89.0,,,,0,10,12,89.0,0.0,SAME,1.0
DWAL,2020-10-13,89.0,89.0,89.0,89.0,89.0,89.0,0.0,0.0,0.0,0.0,0.0,0.0,0.0,0.0,89.0,89.0,89.0,89.0,88.99999999732293,88.999924991817,0.0,0.0,0.0,0.0,0.0,0.0,0.0,0.0,0.0,89.0,89.0,89.0,89.0,89.0,89.0,,,,1,10,13,89.0,0.0,SAME,1.0
DWAL,2020-10-14,89.0,89.0,89.0,89.0,89.0,89.0,0.0,0.0,0.0,0.0,0.0,0.0,0.0,0.0,89.0,89.0,89.0,89.0,88.99999999821529,88.99993862966845,0.0,0.0,0.0,0.0,0.0,0.0,0.0,0.0,0.0,89.0,89.0,89.0,89.0,89.0,89.0,,,,2,10,14,89.0,0.0,SAME,1.0
DWAL,2020-10-15,89.0,89.0,89.0,89.0,89.0,89.0,0.0,0.0,0.0,0.0,0.0,0.0,0.0,0.0,89.0,89.0,89.0,89.0,88.9999999988102,88.99994978791055,0.0,0.0,0.0,0.0,0.0,0.0,0.0,0.0,0.0,89.0,89.0,89.0,89.0,89.0,89.0,,,,3,10,15,89.0,0.0,SAME,1.0
DWAL,2020-10-16,89.0,89.0,89.0,89.0,89.0,89.0,0.0,0.0,0.0,0.0,0.0,0.0,0.0,0.0,89.0,89.0,89.0,89.0,88.9999999992068,88.99995891738136,0.0,0.0,0.0,0.0,0.0,0.0,0.0,0.0,0.0,89.0,89.0,89.0,89.0,89.0,89.0,,,,4,10,16,89.0,0.0,SAME,1.0
DWAL,2020-10-19,89.0,89.0,89.0,89.0,89.0,89.0,0.0,0.0,0.0,0.0,0.0,0.0,0.0,0.0,89.0,89.0,89.0,89.0,88.99999999947121,88.99996638694839,0.0,0.0,0.0,0.0,0.0,0.0,0.0,0.0,0.0,89.0,89.0,89.0,89.0,89.0,89.0,,,,0,10,19,89.0,0.0,SAME,1.0
DWAL,2020-10-20,89.0,89.0,89.0,89.0,89.0,89.0,0.0,0.0,0.0,0.0,0.0,0.0,0.0,0.0,89.0,89.0,89.0,89.0,88.99999999964749,88.99997249841232,0.0,0.0,0.0,0.0,0.0,0.0,0.0,0.0,0.0,89.0,89.0,89.0,89.0,89.0,89.0,,,,1,10,20,89.0,0.0,SAME,1.0
DWAL,2020-10-21,89.0,89.0,89.0,89.0,89.0,89.0,0.0,0.0,0.0,0.0,0.0,0.0,0.0,0.0,89.0,89.0,89.0,89.0,88.999999999765,88.99997749870099,0.0,0.0,0.0,0.0,0.0,0.0,0.0,0.0,0.0,89.0,89.0,89.0,89.0,89.0,89.0,,,,2,10,21,89.0,0.0,SAME,1.0
DWAL,2020-10-22,89.0,89.0,89.0,89.0,89.0,89.0,0.0,0.0,0.0,0.0,0.0,0.0,0.0,0.0,89.0,89.0,89.0,89.0,88.99999999984334,88.99998158984626,0.0,0.0,0.0,0.0,0.0,0.0,0.0,0.0,0.0,89.0,89.0,89.0,89.0,89.0,89.0,,,,3,10,22,89.0,0.0,SAME,1.0
DWAL,2020-10-23,89.0,89.0,89.0,89.0,89.0,89.0,0.0,0.0,0.0,0.0,0.0,0.0,0.0,0.0,89.0,89.0,89.0,89.0,88.99999999989556,88.99998493714693,0.0,0.0,0.0,0.0,0.0,0.0,0.0,0.0,0.0,89.0,89.0,89.0,89.0,89.0,89.0,,,,4,10,23,89.0,0.0,SAME,1.0
DWAL,2020-10-27,89.0,89.0,89.0,89.0,89.0,89.0,0.0,0.0,0.0,0.0,0.0,0.0,0.0,0.0,89.0,89.0,89.0,89.0,88.99999999993038,88.99998767584749,0.0,0.0,0.0,0.0,0.0,0.0,0.0,0.0,0.0,89.0,89.0,89.0,89.0,89.0,89.0,,,,1,10,27,89.0,0.0,SAME,1.0
DWAL,2020-10-28,89.0,89.0,89.0,89.0,89.0,89.0,0.0,0.0,0.0,0.0,0.0,0.0,0.0,0.0,89.0,89.0,89.0,89.0,88.99999999995359,88.99998991660249,0.0,0.0,0.0,0.0,0.0,0.0,0.0,0.0,0.0,89.0,89.0,89.0,89.0,89.0,89.0,,,,2,10,28,89.0,0.0,SAME,1.0
DWAL,2020-10-29,89.0,89.0,89.0,89.0,89.0,89.0,0.0,0.0,0.0,0.0,0.0,0.0,0.0,0.0,89.0,89.0,89.0,89.0,88.99999999996906,88.99999174994748,0.0,0.0,0.0,0.0,0.0,0.0,0.0,0.0,0.0,89.0,89.0,89.0,89.0,89.0,89.0,,,,3,10,29,89.0,0.0,SAME,1.0
DWAL,2020-10-30,89.0,89.0,89.0,89.0,89.0,89.0,0.0,0.0,0.0,0.0,0.0,0.0,0.0,0.0,89.0,89.0,89.0,89.0,88.99999999997938,88.99999324995703,0.0,0.0,0.0,0.0,0.0,0.0,0.0,0.0,0.0,89.0,89.0,89.0,89.0,89.0,89.0,,,,4,10,30,89.0,0.0,SAME,1.0
DWAL,2020-11-02,89.0,89.0,89.0,89.0,89.0,89.0,0.0,0.0,0.0,0.0,0.0,0.0,0.0,0.0,89.0,89.0,89.0,89.0,88.99999999998626,88.99999447723756,0.0,0.0,0.0,0.0,0.0,0.0,0.0,0.0,0.0,89.0,89.0,89.0,89.0,89.0,89.0,,,,0,11,2,89.0,0.0,SAME,1.0
DWAL,2020-11-03,89.0,89.0,89.0,89.0,89.0,89.0,0.0,0.0,0.0,0.0,0.0,0.0,0.0,0.0,89.0,89.0,89.0,89.0,88.99999999999085,88.99999548137619,0.0,0.0,0.0,0.0,0.0,0.0,0.0,0.0,0.0,89.0,89.0,89.0,89.0,89.0,89.0,,,,1,11,3,89.0,0.0,SAME,1.0
DWAL,2020-11-04,89.0,89.0,89.0,89.0,89.0,89.0,0.0,0.0,0.0,0.0,0.0,0.0,0.0,0.0,89.0,89.0,89.0,89.0,88.9999999999939,88.99999630294415,0.0,0.0,0.0,0.0,0.0,0.0,0.0,0.0,0.0,89.0,89.0,89.0,89.0,89.0,89.0,,,,2,11,4,89.0,0.0,SAME,1.0
DWAL,2020-11-05,89.0,89.0,89.0,89.0,89.0,89.0,0.0,0.0,0.0,0.0,0.0,0.0,0.0,0.0,89.0,89.0,89.0,89.0,88.99999999999594,88.99999697513613,0.0,0.0,0.0,0.0,0.0,0.0,0.0,0.0,0.0,89.0,89.0,89.0,89.0,89.0,89.0,,,,3,11,5,89.0,0.0,SAME,1.0
DWAL,2020-11-06,89.0,89.0,89.0,89.0,89.0,89.0,0.0,0.0,0.0,0.0,0.0,0.0,0.0,0.0,89.0,89.0,89.0,89.0,88.9999999999973,88.99999752511138,0.0,0.0,0.0,0.0,0.0,0.0,0.0,0.0,0.0,89.0,89.0,89.0,89.0,89.0,89.0,,,,4,11,6,89.0,0.0,SAME,1.0
DWAL,2020-11-09,89.0,89.0,89.0,89.0,89.0,89.0,0.0,0.0,0.0,0.0,0.0,0.0,0.0,0.0,89.0,89.0,89.0,89.0,88.99999999999821,88.99999797509113,0.0,0.0,0.0,0.0,0.0,0.0,0.0,0.0,0.0,89.0,89.0,89.0,89.0,89.0,89.0,,,,0,11,9,89.0,0.0,SAME,1.0
DWAL,2020-11-10,89.0,89.0,89.0,89.0,89.0,89.0,0.0,0.0,0.0,0.0,0.0,0.0,0.0,0.0,89.0,89.0,89.0,89.0,88.9999999999988,88.99999834325638,0.0,0.0,0.0,0.0,0.0,0.0,0.0,0.0,0.0,89.0,89.0,89.0,89.0,89.0,89.0,,,,1,11,10,89.0,0.0,SAME,1.0
DWAL,2020-11-12,89.0,89.0,89.0,89.0,89.0,89.0,0.0,0.0,0.0,0.0,0.0,0.0,0.0,0.0,89.0,89.0,89.0,89.0,88.9999999999992,88.99999864448249,0.0,0.0,0.0,0.0,0.0,0.0,0.0,0.0,0.0,89.0,89.0,89.0,89.0,89.0,89.0,,,,3,11,12,89.0,0.0,SAME,1.0
DWAL,2020-11-13,89.0,89.0,89.0,89.0,89.0,89.0,0.0,0.0,0.0,0.0,0.0,0.0,0.0,0.0,89.0,89.0,89.0,89.0,88.99999999999947,88.99999889094022,0.0,0.0,0.0,0.0,0.0,0.0,0.0,0.0,0.0,89.0,89.0,89.0,89.0,89.0,89.0,,,,4,11,13,89.0,0.0,SAME,1.0
DWAL,2020-11-16,89.0,89.0,89.0,89.0,89.0,89.0,0.0,0.0,0.0,0.0,0.0,0.0,0.0,0.0,89.0,89.0,89.0,89.0,88.99999999999966,88.99999909258746,0.0,0.0,0.0,0.0,0.0,0.0,0.0,0.0,0.0,89.0,89.0,89.0,89.0,89.0,89.0,,,,0,11,16,89.0,0.0,SAME,1.0
DWAL,2020-11-17,89.0,89.0,89.0,89.0,89.0,89.0,0.0,0.0,0.0,0.0,0.0,0.0,0.0,0.0,89.0,89.0,89.0,89.0,88.99999999999977,88.99999925757156,0.0,0.0,0.0,0.0,0.0,0.0,0.0,0.0,0.0,89.0,89.0,89.0,89.0,89.0,89.0,,,,1,11,17,89.0,0.0,SAME,1.0
DWAL,2020-11-18,89.0,89.0,89.0,89.0,89.0,89.0,0.0,0.0,0.0,0.0,0.0,0.0,0.0,0.0,89.0,89.0,89.0,89.0,88.99999999999986,88.99999939255855,0.0,0.0,0.0,0.0,0.0,0.0,0.0,0.0,0.0,89.0,89.0,89.0,89.0,89.0,89.0,,,,2,11,18,89.0,0.0,SAME,1.0
DWAL,2020-11-19,89.0,89.0,89.0,89.0,89.0,89.0,0.0,0.0,0.0,0.0,0.0,0.0,0.0,0.0,89.0,89.0,89.0,89.0,88.99999999999991,88.99999950300246,0.0,0.0,0.0,0.0,0.0,0.0,0.0,0.0,0.0,89.0,89.0,89.0,89.0,89.0,89.0,,,,3,11,19,89.0,0.0,SAME,1.0
DWAL,2020-11-20,89.0,89.0,89.0,89.0,89.0,89.0,0.0,0.0,0.0,0.0,0.0,0.0,0.0,0.0,89.0,89.0,89.0,89.0,88.99999999999994,88.99999959336564,0.0,0.0,0.0,0.0,0.0,0.0,0.0,0.0,0.0,89.0,89.0,89.0,89.0,89.0,89.0,,,,4,11,20,89.0,0.0,SAME,1.0
DWAL,2020-11-23,89.0,89.0,89.0,89.0,89.0,89.0,0.0,0.0,0.0,0.0,0.0,0.0,0.0,0.0,89.0,89.0,89.0,89.0,88.99999999999997,88.99999966729916,0.0,0.0,0.0,0.0,0.0,0.0,0.0,0.0,0.0,89.0,89.0,89.0,89.0,89.0,89.0,,,,0,11,23,89.0,0.0,SAME,1.0
DWAL,2020-11-24,89.0,89.0,89.0,89.0,89.0,89.0,0.0,0.0,0.0,0.0,0.0,0.0,0.0,0.0,89.0,89.0,89.0,89.0,88.99999999999999,88.99999972779023,0.0,0.0,0.0,0.0,0.0,0.0,0.0,0.0,0.0,89.0,89.0,89.0,89.0,89.0,89.0,,,,1,11,24,89.0,0.0,SAME,1.0
DWAL,2020-11-25,89.0,89.0,89.0,89.0,89.0,89.0,0.0,0.0,0.0,0.0,0.0,0.0,0.0,0.0,89.0,89.0,89.0,89.0,89.0,88.99999977728291,0.0,0.0,0.0,0.0,0.0,0.0,0.0,0.0,0.0,89.0,89.0,89.0,89.0,89.0,89.0,,,,2,11,25,89.0,0.0,SAME,1.0
DWAL,2020-11-26,89.0,89.0,89.0,89.0,89.0,89.0,0.0,0.0,0.0,0.0,0.0,0.0,0.0,0.0,89.0,89.0,89.0,89.0,89.0,88.99999981777692,0.0,0.0,0.0,0.0,0.0,0.0,0.0,0.0,0.0,89.0,89.0,89.0,89.0,89.0,89.0,,,,3,11,26,89.0,0.0,SAME,1.0
DWAL,2020-11-27,89.0,89.0,89.0,89.0,89.0,89.0,0.0,0.0,0.0,0.0,0.0,0.0,0.0,0.0,89.0,89.0,89.0,89.0,89.0,88.9999998509084,0.0,0.0,0.0,0.0,0.0,0.0,0.0,0.0,0.0,89.0,89.0,89.0,89.0,89.0,89.0,,,,4,11,27,89.0,0.0,SAME,1.0
DWAL,2020-11-30,89.0,89.0,89.0,89.0,89.0,89.0,0.0,0.0,0.0,0.0,0.0,0.0,0.0,0.0,89.0,89.0,89.0,89.0,89.0,88.99999987801596,0.0,0.0,0.0,0.0,0.0,0.0,0.0,0.0,0.0,89.0,89.0,89.0,89.0,89.0,89.0,,,,0,11,30,93.45,4.450000000000003,UP,2.0
DWAL,2020-12-01,93.45,89.0,89.0,89.0,89.0,89.0,4.450000000000003,4.450000000000003,4.450000000000003,0.050000000000000044,0.050000000000000044,0.050000000000000044,0.04879016416943205,0.04879016416943205,90.48333333333333,89.89,89.44500000000001,91.225,90.48333333333335,89.80909080928578,0.02886751345948132,0.02236067977499791,0.01581138830084191,4.450000000000003,0.05000000000000003,4.450000000000003,0.05000000000000003,4.450000000000003,0.05000000000000003,89.0,93.45,89.0,93.45,89.0,93.45,1.0,1.0,1.0,1,12,1,93.45,0.0,SAME,1.0
DWAL,2020-12-02,93.45,93.45,89.0,89.0,89.0,89.0,0.0,4.450000000000003,4.450000000000003,0.0,0.050000000000000044,0.050000000000000044,0.0,0.04879016416943205,91.96666666666665,90.78,89.89,92.3375,91.47222222222223,90.47107429850655,0.02886751345948132,0.02236067977499791,0.01581138830084191,4.450000000000003,0.05000000000000003,4.450000000000003,0.05000000000000003,4.450000000000003,0.05000000000000003,89.0,93.45,89.0,93.45,89.0,93.45,1.0,1.0,1.0,2,12,2,93.45,0.0,SAME,1.0
DWAL,2020-12-03,93.45,93.45,93.45,89.0,89.0,89.0,0.0,0.0,4.450000000000003,0.0,0.0,0.050000000000000044,0.0,0.0,93.45,91.67,90.33500000000001,92.89375000000001,92.1314814814815,91.01269715332353,0.02886751345948132,0.02236067977499791,0.01581138830084191,4.450000000000003,0.05000000000000003,4.450000000000003,0.05000000000000003,4.450000000000003,0.05000000000000003,93.45,93.45,89.0,93.45,89.0,93.45,,1.0,1.0,3,12,3,93.45,0.0,SAME,1.0
DWAL,2020-12-04,93.45,93.45,93.45,93.45,89.0,89.0,0.0,0.0,0.0,0.0,0.0,0.0,0.0,0.0,93.45,92.56,90.78,93.171875,92.57098765432102,91.4558431254465,0.0,0.02236067977499791,0.01581138830084191,0.0,0.0,4.450000000000003,0.05000000000000003,4.450000000000003,0.05000000000000003,93.45,93.45,89.0,93.45,89.0,93.45,,1.0,1.0,4,12,4,93.45,0.0,SAME,1.0
DWAL,2020-12-07,93.45,93.45,93.45,93.45,89.0,89.0,0.0,0.0,0.0,0.0,0.0,0.0,0.0,0.0,93.45,93.45,91.225,93.3109375,92.86399176954734,91.81841710263805,0.0,0.02236067977499791,0.01581138830084191,0.0,0.0,4.450000000000003,0.05000000000000003,4.450000000000003,0.05000000000000003,93.45,93.45,93.45,93.45,89.0,93.45,,,1.0,0,12,7,93.45,0.0,SAME,1.0
DWAL,2020-12-08,93.45,93.45,93.45,93.45,93.45,89.0,0.0,0.0,0.0,0.0,0.0,0.0,0.0,0.0,93.45,93.45,91.67,93.38046875,93.05932784636491,92.11506853852202,0.0,0.0,0.01581138830084191,0.0,0.0,0.0,0.0,4.450000000000003,0.05000000000000003,93.45,93.45,93.45,93.45,89.0,93.45,,,1.0,1,12,8,93.45,0.0,SAME,1.0
DWAL,2020-12-09,93.45,93.45,93.45,93.45,93.45,89.0,0.0,0.0,0.0,0.0,0.0,0.0,0.0,0.0,93.45,93.45,92.115,93.41523437500001,93.18955189757662,92.35778334969984,0.0,0.0,0.01581138830084191,0.0,0.0,0.0,0.0,4.450000000000003,0.05000000000000003,93.45,93.45,93.45,93.45,89.0,93.45,,,1.0,2,12,9,93.45,0.0,SAME,1.0
DWAL,2020-12-10,93.45,93.45,93.45,93.45,93.45,89.0,0.0,0.0,0.0,0.0,0.0,0.0,0.0,0.0,93.45,93.45,92.56,93.4326171875,93.27636793171774,92.55636819520896,0.0,0.0,0.01581138830084191,0.0,0.0,0.0,0.0,4.450000000000003,0.05000000000000003,93.45,93.45,93.45,93.45,89.0,93.45,,,1.0,3,12,10,93.45,0.0,SAME,1.0
DWAL,2020-12-11,93.45,93.45,93.45,93.45,93.45,89.0,0.0,0.0,0.0,0.0,0.0,0.0,0.0,0.0,93.45,93.45,93.00500000000001,93.44130859375,93.33424528781183,92.71884670517096,0.0,0.0,0.01581138830084191,0.0,0.0,0.0,0.0,4.450000000000003,0.05000000000000003,93.45,93.45,93.45,93.45,89.0,93.45,,,1.0,4,12,11,89.0,-4.450000000000003,DOWN,0.0
DWAL,2020-12-14,89.0,93.45,93.45,93.45,93.45,89.0,-4.450000000000003,-4.450000000000003,-4.450000000000003,-0.04761904761904767,-0.04761904761904767,-0.04761904761904767,-0.048790164169432056,-0.048790164169432056,91.96666666666668,92.56,93.00500000000001,91.220654296875,91.88949685854122,92.04269275877624,0.0274928699614108,0.021295885499998016,0.023014504611756612,-4.450000000000003,-0.04761904761904765,-4.450000000000003,-0.04761904761904765,0.0,0.0,89.0,93.45,89.0,93.45,89.0,93.45,0.0,0.0,0.0,0,12,14,89.0,0.0,SAME,1.0
DWAL,2020-12-15,89.0,89.0,93.45,93.45,93.45,93.45,0.0,-4.450000000000003,-4.450000000000003,0.0,-0.04761904761904767,-0.04761904761904767,0.0,-0.048790164169432056,90.48333333333333,91.67,92.56,90.1103271484375,90.92633123902749,91.4894758935442,0.027492869961410798,0.021295885499998016,0.01505846504842087,-4.450000000000003,-0.04761904761904765,-4.450000000000003,-0.04761904761904765,-4.450000000000003,-0.04761904761904765,89.0,93.45,89.0,93.45,89.0,93.45,0.0,0.0,0.0,1,12,15,89.0,0.0,SAME,1.0
DWAL,2020-12-16,89.0,89.0,89.0,93.45,93.45,93.45,0.0,0.0,-4.450000000000003,0.0,0.0,-0.04761904761904767,0.0,0.0,89.0,90.78,92.11500000000001,89.55516357421875,90.28422082601833,91.0368439128998,0.027492869961410798,0.021295885499998016,0.01505846504842087,-4.450000000000003,-0.04761904761904765,-4.450000000000003,-0.04761904761904765,-4.450000000000003,-0.04761904761904765,89.0,89.0,89.0,93.45,89.0,93.45,,0.0,0.0,2,12,16,89.0,0.0,SAME,1.0
DWAL,2020-12-18,89.0,89.0,89.0,89.0,93.45,93.45,0.0,0.0,0.0,0.0,0.0,0.0,0.0,0.0,89.0,89.89,91.67,89.27758178710937,89.85614721734555,90.66650865600893,0.0,0.021295885499998016,0.01505846504842087,0.0,0.0,-4.450000000000003,-0.04761904761904765,-4.450000000000003,-0.04761904761904765,89.0,89.0,89.0,93.45,89.0,93.45,,0.0,0.0,4,12,18,89.0,0.0,SAME,1.0
DWAL,2020-12-21,89.0,89.0,89.0,89.0,93.45,93.45,0.0,0.0,0.0,0.0,0.0,0.0,0.0,0.0,89.0,89.0,91.225,89.13879089355468,89.5707648115637,90.36350708218913,0.0,0.021295885499998016,0.01505846504842087,0.0,0.0,-4.450000000000003,-0.04761904761904765,-4.450000000000003,-0.04761904761904765,89.0,89.0,89.0,89.0,89.0,93.45,,,0.0,0,12,21,35.0,-54.0,DOWN,0.0
DWAL,2020-12-22,35.0,89.0,89.0,89.0,89.0,93.45,-54.0,-54.0,-54.0,-0.6067415730337078,-0.6067415730337078,-0.6067415730337078,-0.9332883082427261,-0.9332883082427261,71.0,78.2,85.38000000000001,62.06939544677734,71.38050987437582,80.29741488542746,0.3503024105195482,0.27134308041570476,0.19078321844365004,-54.0,-0.6067415730337079,-54.0,-0.6067415730337079,-58.45,-0.6254681647940075,35.0,89.0,35.0,89.0,35.0,93.45,0.0,0.0,0.0,1,12,22,89.0,54.0,UP,2.0
DWAL,2020-12-23,89.0,35.0,89.0,89.0,89.0,93.45,54.0,0.0,0.0,1.5428571428571427,0.0,0.0,0.9332883082427261,0.0,71.0,78.2,84.935,75.53469772338867,77.25367324958388,81.87970308807701,1.1082507341957353,0.802072476104802,0.5448617017608882,0.0,0.0,0.0,0.0,-4.450000000000003,-0.04761904761904765,35.0,89.0,35.0,89.0,35.0,93.45,1.0,1.0,0.9238665526090676,2,12,23,89.0,0.0,SAME,1.0
DWAL,2020-12-24,89.0,89.0,35.0,89.0,89.0,93.45,0.0,54.0,0.0,0.0,1.5428571428571427,0.0,0.0,0.9332883082427261,71.0,78.2,84.49000000000001,82.26734886169433,81.1691154997226,83.17430252660846,1.1082507341957353,0.802072476104802,0.5448617017608882,0.0,0.0,0.0,0.0,-4.450000000000003,-0.04761904761904765,35.0,89.0,35.0,89.0,35.0,93.45,1.0,1.0,0.9238665526090676,3,12,24,89.0,0.0,SAME,1.0
DWAL,2020-12-25,89.0,89.0,89.0,35.0,89.0,93.45,0.0,0.0,54.0,0.0,0.0,1.5428571428571427,0.0,0.0,89.0,78.2,84.045,85.63367443084717,83.7794103331484,84.23352024904328,0.8907689867497082,0.802072476104802,0.5448617017608882,54.0,1.542857142857143,0.0,0.0,-4.450000000000003,-0.04761904761904765,89.0,89.0,35.0,89.0,35.0,93.45,,1.0,0.9238665526090676,4,12,25,89.0,0.0,SAME,1.0
DWAL,2020-12-28,89.0,89.0,89.0,89.0,89.0,93.45,0.0,0.0,0.0,0.0,0.0,0.0,0.0,0.0,89.0,78.2,83.6,87.31683721542359,85.51960688876561,85.10015293103541,0.0,0.802072476104802,0.5448617017608882,0.0,0.0,0.0,0.0,-4.450000000000003,-0.04761904761904765,89.0,89.0,35.0,89.0,35.0,89.0,,1.0,1.0,0,12,28,89.0,0.0,SAME,1.0
DWAL,2020-12-29,89.0,89.0,89.0,89.0,35.0,89.0,0.0,0.0,0.0,0.0,0.0,0.0,0.0,0.0,89.0,89.0,83.6,88.1584186077118,86.67973792584374,85.80921603448351,0.0,0.6899866901999351,0.5437434304794596,0.0,0.0,54.0,1.542857142857143,0.0,0.0,89.0,89.0,89.0,89.0,35.0,89.0,,,1.0,1,12,29,89.0,0.0,SAME,1.0
DWAL,2020-12-30,89.0,89.0,89.0,89.0,89.0,89.0,0.0,0.0,0.0,0.0,0.0,0.0,0.0,0.0,89.0,89.0,83.6,88.57920930385589,87.45315861722916,86.38935857366833,0.0,0.0,0.5437434304794596,0.0,0.0,0.0,0.0,0.0,0.0,89.0,89.0,89.0,89.0,35.0,89.0,,,1.0,2,12,30,89.0,0.0,SAME,1.0
DWAL,2020-12-31,89.0,89.0,89.0,89.0,89.0,89.0,0.0,0.0,0.0,0.0,0.0,0.0,0.0,0.0,89.0,89.0,83.6,88.78960465192795,87.96877241148611,86.86402065118318,0.0,0.0,0.5437434304794596,0.0,0.0,0.0,0.0,0.0,0.0,89.0,89.0,89.0,89.0,35.0,89.0,,,1.0,3,12,31,89.0,0.0,SAME,1.0
DWAL,2021-01-01,89.0,89.0,89.0,89.0,89.0,89.0,0.0,0.0,0.0,0.0,0.0,0.0,0.0,0.0,89.0,89.0,83.6,88.89480232596398,88.31251494099075,87.25238053278623,0.0,0.0,0.5437434304794596,0.0,0.0,0.0,0.0,0.0,0.0,89.0,89.0,89.0,89.0,35.0,89.0,,,1.0,4,1,1,89.0,0.0,SAME,1.0
DWAL,2021-01-04,89.0,89.0,89.0,89.0,89.0,89.0,0.0,0.0,0.0,0.0,0.0,0.0,0.0,0.0,89.0,89.0,83.6,88.94740116298199,88.54167662732718,87.5701295268251,0.0,0.0,0.5437434304794596,0.0,0.0,0.0,0.0,0.0,0.0,89.0,89.0,89.0,89.0,35.0,89.0,,,1.0,0,1,4,89.0,0.0,SAME,1.0
DWAL,2021-01-05,89.0,89.0,89.0,89.0,89.0,35.0,0.0,0.0,0.0,0.0,0.0,0.0,0.0,0.0,89.0,89.0,89.0,88.97370058149099,88.69445108488479,87.83010597649326,0.0,0.0,0.4878942675688356,0.0,0.0,0.0,0.0,54.0,1.542857142857143,89.0,89.0,89.0,89.0,89.0,89.0,,,,1,1,5,89.0,0.0,SAME,1.0
DWAL,2021-01-06,89.0,89.0,89.0,89.0,89.0,89.0,0.0,0.0,0.0,0.0,0.0,0.0,0.0,0.0,89.0,89.0,89.0,88.9868502907455,88.79630072325654,88.0428139807672,0.0,0.0,0.0,0.0,0.0,0.0,0.0,0.0,0.0,89.0,89.0,89.0,89.0,89.0,89.0,,,,2,1,6,89.0,0.0,SAME,1.0
DWAL,2021-01-07,89.0,89.0,89.0,89.0,89.0,89.0,0.0,0.0,0.0,0.0,0.0,0.0,0.0,0.0,89.0,89.0,89.0,88.99342514537275,88.86420048217103,88.2168478024459,0.0,0.0,0.0,0.0,0.0,0.0,0.0,0.0,0.0,89.0,89.0,89.0,89.0,89.0,89.0,,,,3,1,7,89.0,0.0,SAME,1.0
DWAL,2021-01-08,89.0,89.0,89.0,89.0,89.0,89.0,0.0,0.0,0.0,0.0,0.0,0.0,0.0,0.0,89.0,89.0,89.0,88.99671257268638,88.90946698811402,88.3592391110921,0.0,0.0,0.0,0.0,0.0,0.0,0.0,0.0,0.0,89.0,89.0,89.0,89.0,89.0,89.0,,,,4,1,8,89.0,0.0,SAME,1.0
DWAL,2021-01-11,89.0,89.0,89.0,89.0,89.0,89.0,0.0,0.0,0.0,0.0,0.0,0.0,0.0,0.0,89.0,89.0,89.0,88.99835628634318,88.93964465874268,88.47574109089354,0.0,0.0,0.0,0.0,0.0,0.0,0.0,0.0,0.0,89.0,89.0,89.0,89.0,89.0,89.0,,,,0,1,11,89.0,0.0,SAME,1.0
DWAL,2021-01-12,89.0,89.0,89.0,89.0,89.0,89.0,0.0,0.0,0.0,0.0,0.0,0.0,0.0,0.0,89.0,89.0,89.0,88.99917814317159,88.95976310582846,88.57106089254926,0.0,0.0,0.0,0.0,0.0,0.0,0.0,0.0,0.0,89.0,89.0,89.0,89.0,89.0,89.0,,,,1,1,12,89.0,0.0,SAME,1.0
DWAL,2021-01-13,89.0,89.0,89.0,89.0,89.0,89.0,0.0,0.0,0.0,0.0,0.0,0.0,0.0,0.0,89.0,89.0,89.0,88.9995890715858,88.97317540388565,88.64904982117666,0.0,0.0,0.0,0.0,0.0,0.0,0.0,0.0,0.0,89.0,89.0,89.0,89.0,89.0,89.0,,,,2,1,13,89.0,0.0,SAME,1.0
DWAL,2021-01-15,89.0,89.0,89.0,89.0,89.0,89.0,0.0,0.0,0.0,0.0,0.0,0.0,0.0,0.0,89.0,89.0,89.0,88.9997945357929,88.98211693592377,88.71285894459909,0.0,0.0,0.0,0.0,0.0,0.0,0.0,0.0,0.0,89.0,89.0,89.0,89.0,89.0,89.0,,,,4,1,15,89.0,0.0,SAME,1.0
DWAL,2021-01-18,89.0,89.0,89.0,89.0,89.0,89.0,0.0,0.0,0.0,0.0,0.0,0.0,0.0,0.0,89.0,89.0,89.0,88.99989726789644,88.98807795728251,88.76506640921744,0.0,0.0,0.0,0.0,0.0,0.0,0.0,0.0,0.0,89.0,89.0,89.0,89.0,89.0,89.0,,,,0,1,18,89.0,0.0,SAME,1.0
DWAL,2021-01-19,89.0,89.0,89.0,89.0,89.0,89.0,0.0,0.0,0.0,0.0,0.0,0.0,0.0,0.0,89.0,89.0,89.0,88.99994863394822,88.99205197152168,88.80778160754154,0.0,0.0,0.0,0.0,0.0,0.0,0.0,0.0,0.0,89.0,89.0,89.0,89.0,89.0,89.0,,,,1,1,19,89.0,0.0,SAME,1.0
DWAL,2021-01-20,89.0,89.0,89.0,89.0,89.0,89.0,0.0,0.0,0.0,0.0,0.0,0.0,0.0,0.0,89.0,89.0,89.0,88.99997431697412,88.9947013143478,88.84273040617035,0.0,0.0,0.0,0.0,0.0,0.0,0.0,0.0,0.0,89.0,89.0,89.0,89.0,89.0,89.0,,,,2,1,20,89.0,0.0,SAME,1.0
DWAL,2021-01-21,89.0,89.0,89.0,89.0,89.0,89.0,0.0,0.0,0.0,0.0,0.0,0.0,0.0,0.0,89.0,89.0,89.0,88.99998715848706,88.99646754289853,88.87132487777573,0.0,0.0,0.0,0.0,0.0,0.0,0.0,0.0,0.0,89.0,89.0,89.0,89.0,89.0,89.0,,,,3,1,21,89.0,0.0,SAME,1.0
DWAL,2021-01-22,89.0,89.0,89.0,89.0,89.0,89.0,0.0,0.0,0.0,0.0,0.0,0.0,0.0,0.0,89.0,89.0,89.0,88.99999357924352,88.99764502859902,88.89472035454378,0.0,0.0,0.0,0.0,0.0,0.0,0.0,0.0,0.0,89.0,89.0,89.0,89.0,89.0,89.0,,,,4,1,22,89.0,0.0,SAME,1.0
DWAL,2021-01-25,89.0,89.0,89.0,89.0,89.0,89.0,0.0,0.0,0.0,0.0,0.0,0.0,0.0,0.0,89.0,89.0,89.0,88.99999678962176,88.99843001906602,88.91386210826309,0.0,0.0,0.0,0.0,0.0,0.0,0.0,0.0,0.0,89.0,89.0,89.0,89.0,89.0,89.0,,,,0,1,25,89.0,0.0,SAME,1.0
DWAL,2021-01-26,89.0,89.0,89.0,89.0,89.0,89.0,0.0,0.0,0.0,0.0,0.0,0.0,0.0,0.0,89.0,89.0,89.0,88.99999839481089,88.99895334604402,88.92952354312435,0.0,0.0,0.0,0.0,0.0,0.0,0.0,0.0,0.0,89.0,89.0,89.0,89.0,89.0,89.0,,,,1,1,26,89.0,0.0,SAME,1.0
DWAL,2021-01-27,89.0,89.0,89.0,89.0,89.0,89.0,0.0,0.0,0.0,0.0,0.0,0.0,0.0,0.0,89.0,89.0,89.0,88.99999919740544,88.99930223069602,88.94233744437446,0.0,0.0,0.0,0.0,0.0,0.0,0.0,0.0,0.0,89.0,89.0,89.0,89.0,89.0,89.0,,,,2,1,27,89.0,0.0,SAME,1.0
DWAL,2021-01-28,89.0,89.0,89.0,89.0,89.0,89.0,0.0,0.0,0.0,0.0,0.0,0.0,0.0,0.0,89.0,89.0,89.0,88.99999959870271,88.99953482046402,88.95282154539728,0.0,0.0,0.0,0.0,0.0,0.0,0.0,0.0,0.0,89.0,89.0,89.0,89.0,89.0,89.0,,,,3,1,28,89.0,0.0,SAME,1.0
DWAL,2021-01-29,89.0,89.0,89.0,89.0,89.0,89.0,0.0,0.0,0.0,0.0,0.0,0.0,0.0,0.0,89.0,89.0,89.0,88.99999979935136,88.99968988030935,88.96139944623414,0.0,0.0,0.0,0.0,0.0,0.0,0.0,0.0,0.0,89.0,89.0,89.0,89.0,89.0,89.0,,,,4,1,29,93.45,4.450000000000003,UP,2.0
DWAL,2021-02-01,93.45,89.0,89.0,89.0,89.0,89.0,4.450000000000003,4.450000000000003,4.450000000000003,0.050000000000000044,0.050000000000000044,0.050000000000000044,0.04879016416943205,0.04879016416943205,90.48333333333333,89.89000000000001,89.445,91.22499989967568,90.48312658687291,89.77750863782794,0.02886751345947747,0.022360679774997918,0.015811388300841903,4.450000000000003,0.05000000000000003,4.450000000000003,0.05000000000000003,4.450000000000003,0.05000000000000003,89.0,93.45,89.0,93.45,89.0,93.45,1.0,1.0,1.0,0,2,1,93.45,0.0,SAME,1.0
DWAL,2021-02-02,93.45,93.45,89.0,89.0,89.0,89.0,0.0,4.450000000000003,4.450000000000003,0.0,0.050000000000000044,0.050000000000000044,0.0,0.04879016416943205,91.96666666666665,90.78,89.89,92.33749994983785,91.47208439124861,90.44523434004103,0.02886751345947747,0.022360679774997918,0.015811388300841903,4.450000000000003,0.05000000000000003,4.450000000000003,0.05000000000000003,4.450000000000003,0.05000000000000003,89.0,93.45,89.0,93.45,89.0,93.45,1.0,1.0,1.0,1,2,2,93.45,0.0,SAME,1.0
DWAL,2021-02-03,93.45,93.45,93.45,89.0,89.0,89.0,0.0,0.0,4.450000000000003,0.0,0.0,0.050000000000000044,0.0,0.0,93.45,91.67,90.335,92.89374997491893,92.13138959416574,90.99155536912448,0.02886751345947747,0.022360679774997918,0.015811388300841903,4.450000000000003,0.05000000000000003,4.450000000000003,0.05000000000000003,4.450000000000003,0.05000000000000003,93.45,93.45,89.0,93.45,89.0,93.45,,1.0,1.0,2,2,3,93.45,0.0,SAME,1.0
DWAL,2021-02-04,93.45,93.45,93.45,93.45,89.0,89.0,0.0,0.0,0.0,0.0,0.0,0.0,0.0,0.0,93.45,92.56,90.78,93.17187498745946,92.57092639611051,91.43854530201094,0.0,0.022360679774997918,0.015811388300841903,0.0,0.0,4.450000000000003,0.05000000000000003,4.450000000000003,0.05000000000000003,93.45,93.45,89.0,93.45,89.0,93.45,,1.0,1.0,3,2,4,93.45,0.0,SAME,1.0
DWAL,2021-02-05,93.45,93.45,93.45,93.45,89.0,89.0,0.0,0.0,0.0,0.0,0.0,0.0,0.0,0.0,93.45,93.45,91.225,93.31093749372974,92.86395093074034,91.80426433800895,0.0,0.022360679774997918,0.015811388300841903,0.0,0.0,4.450000000000003,0.05000000000000003,4.450000000000003,0.05000000000000003,93.45,93.45,93.45,93.45,89.0,93.45,,,1.0,4,2,5,93.45,0.0,SAME,1.0
DWAL,2021-02-08,93.45,93.45,93.45,93.45,93.45,89.0,0.0,0.0,0.0,0.0,0.0,0.0,0.0,0.0,93.45,93.45,91.66999999999999,93.38046874686486,93.05930062049356,92.1034890038255,0.0,0.0,0.015811388300841903,0.0,0.0,0.0,0.0,4.450000000000003,0.05000000000000003,93.45,93.45,93.45,93.45,89.0,93.45,,,1.0,0,2,8,93.45,0.0,SAME,1.0
DWAL,2021-02-09,93.45,93.45,93.45,93.45,93.45,89.0,0.0,0.0,0.0,0.0,0.0,0.0,0.0,0.0,93.45,93.45,92.115,93.41523437343244,93.18953374699572,92.34830918494814,0.0,0.0,0.015811388300841903,0.0,0.0,0.0,0.0,4.450000000000003,0.05000000000000003,93.45,93.45,93.45,93.45,89.0,93.45,,,1.0,1,2,9,93.45,0.0,SAME,1.0
DWAL,2021-02-10,93.45,93.45,93.45,93.45,93.45,89.0,0.0,0.0,0.0,0.0,0.0,0.0,0.0,0.0,93.45,93.45,92.56,93.43261718671621,93.27635583133048,92.54861660586664,0.0,0.0,0.015811388300841903,0.0,0.0,0.0,0.0,4.450000000000003,0.05000000000000003,93.45,93.45,93.45,93.45,89.0,93.45,,,1.0,2,2,10,93.45,0.0,SAME,1.0
DWAL,2021-02-11,93.45,93.45,93.45,93.45,93.45,89.0,0.0,0.0,0.0,0.0,0.0,0.0,0.0,0.0,93.45,93.45,93.005,93.44130859335812,93.33423722088699,92.71250449570906,0.0,0.0,0.015811388300841903,0.0,0.0,0.0,0.0,4.450000000000003,0.05000000000000003,93.45,93.45,93.45,93.45,89.0,93.45,,,1.0,3,2,11,93.45,0.0,SAME,1.0
DWAL,2021-02-15,93.45,93.45,93.45,93.45,93.45,89.0,0.0,0.0,0.0,0.0,0.0,0.0,0.0,0.0,93.45,93.45,93.45,93.44565429667907,93.37282481392467,92.8465945873983,0.0,0.0,0.015811388300841903,0.0,0.0,0.0,0.0,4.450000000000003,0.05000000000000003,93.45,93.45,93.45,93.45,93.45,93.45,,,,0,2,15,93.45,0.0,SAME,1.0
DWAL,2021-02-16,93.45,93.45,93.45,93.45,93.45,93.45,0.0,0.0,0.0,0.0,0.0,0.0,0.0,0.0,93.45,93.45,93.45,93.44782714833954,93.39854987594978,92.95630466241678,0.0,0.0,0.0,0.0,0.0,0.0,0.0,0.0,0.0,93.45,93.45,93.45,93.45,93.45,93.45,,,,1,2,16,93.45,0.0,SAME,1.0
DWAL,2021-02-17,93.45,93.45,93.45,93.45,93.45,93.45,0.0,0.0,0.0,0.0,0.0,0.0,0.0,0.0,93.45,93.45,93.45,93.44891357416978,93.41569991729986,93.04606745106827,0.0,0.0,0.0,0.0,0.0,0.0,0.0,0.0,0.0,93.45,93.45,93.45,93.45,93.45,93.45,,,,2,2,17,93.45,0.0,SAME,1.0
DWAL,2021-02-18,93.45,93.45,93.45,93.45,93.45,93.45,0.0,0.0,0.0,0.0,0.0,0.0,0.0,0.0,93.45,93.45,93.45,93.4494567870849,93.4271332781999,93.11950973269222,0.0,0.0,0.0,0.0,0.0,0.0,0.0,0.0,0.0,93.45,93.45,93.45,93.45,93.45,93.45,,,,3,2,18,93.45,0.0,SAME,1.0
DWAL,2021-02-19,93.45,93.45,93.45,93.45,93.45,93.45,0.0,0.0,0.0,0.0,0.0,0.0,0.0,0.0,93.45,93.45,93.45,93.44972839354244,93.43475551879993,93.17959887220272,0.0,0.0,0.0,0.0,0.0,0.0,0.0,0.0,0.0,93.45,93.45,93.45,93.45,93.45,93.45,,,,4,2,19,93.45,0.0,SAME,1.0
DWAL,2021-02-24,93.45,93.45,93.45,93.45,93.45,93.45,0.0,0.0,0.0,0.0,0.0,0.0,0.0,0.0,93.45,93.45,93.45,93.44986419677122,93.4398370125333,93.2287627136204,0.0,0.0,0.0,0.0,0.0,0.0,0.0,0.0,0.0,93.45,93.45,93.45,93.45,93.45,93.45,,,,2,2,24,98.0,4.549999999999997,UP,2.0
DWAL,2021-02-25,98.0,93.45,93.45,93.45,93.45,93.45,4.549999999999997,4.549999999999997,4.549999999999997,0.04868913857677892,0.04868913857677892,0.04868913857677892,0.047540944768999976,0.047540944768999976,94.96666666666668,94.36,93.905,95.72493209838561,94.95989134168887,94.09626040205305,0.028110687263910358,0.021774444724717006,0.015396857521419033,4.549999999999997,0.04868913857677899,4.549999999999997,0.04868913857677899,4.549999999999997,0.04868913857677899,93.45,98.0,93.45,98.0,93.45,98.0,1.0,1.0,1.0,3,2,25,98.0,0.0,SAME,1.0
DWAL,2021-02-26,98.0,98.0,93.45,93.45,93.45,93.45,0.0,4.549999999999997,4.549999999999997,0.0,0.04868913857677892,0.04868913857677892,0.0,0.047540944768999976,96.48333333333333,95.27000000000001,94.36,96.8624660491928,95.97326089445926,94.8060312380434,0.028110687263910358,0.021774444724717006,0.015396857521419033,4.549999999999997,0.04868913857677899,4.549999999999997,0.04868913857677899,4.549999999999997,0.04868913857677899,93.45,98.0,93.45,98.0,93.45,98.0,1.0,1.0,1.0,4,2,26,98.0,0.0,SAME,1.0
DWAL,2021-03-01,98.0,98.0,98.0,93.45,93.45,93.45,0.0,0.0,4.549999999999997,0.0,0.0,0.04868913857677892,0.0,0.0,98.0,96.17999999999999,94.815,97.4312330245964,96.64884059630617,95.38675283112642,0.028110687263910358,0.021774444724717006,0.015396857521419033,4.549999999999997,0.04868913857677899,4.549999999999997,0.04868913857677899,4.549999999999997,0.04868913857677899,98.0,98.0,93.45,98.0,93.45,98.0,,1.0,1.0,0,3,1,98.0,0.0,SAME,1.0
DWAL,2021-03-02,98.0,98.0,98.0,98.0,93.45,93.45,0.0,0.0,0.0,0.0,0.0,0.0,0.0,0.0,98.0,97.09,95.27000000000001,97.7156165122982,97.09922706420411,95.86188868001253,0.0,0.021774444724717006,0.015396857521419033,0.0,0.0,4.549999999999997,0.04868913857677899,4.549999999999997,0.04868913857677899,98.0,98.0,93.45,98.0,93.45,98.0,,1.0,1.0,1,3,2,98.0,0.0,SAME,1.0
DWAL,2021-03-03,98.0,98.0,98.0,98.0,93.45,93.45,0.0,0.0,0.0,0.0,0.0,0.0,0.0,0.0,98.0,98.0,95.725,97.8578082561491,97.39948470946942,96.25063619273752,0.0,0.021774444724717006,0.015396857521419033,0.0,0.0,4.549999999999997,0.04868913857677899,4.549999999999997,0.04868913857677899,98.0,98.0,98.0,98.0,93.45,98.0,,,1.0,2,3,3,98.0,0.0,SAME,1.0
DWAL,2021-03-04,98.0,98.0,98.0,98.0,98.0,93.45,0.0,0.0,0.0,0.0,0.0,0.0,0.0,0.0,98.0,98.0,96.17999999999999,97.92890412807455,97.59965647297963,96.5687023395125,0.0,0.0,0.015396857521419033,0.0,0.0,0.0,0.0,4.549999999999997,0.04868913857677899,98.0,98.0,98.0,98.0,93.45,98.0,,,1.0,3,3,4,98.0,0.0,SAME,1.0
DWAL,2021-03-05,98.0,98.0,98.0,98.0,98.0,93.45,0.0,0.0,0.0,0.0,0.0,0.0,0.0,0.0,98.0,98.0,96.635,97.96445206403727,97.73310431531976,96.82893827778295,0.0,0.0,0.015396857521419033,0.0,0.0,0.0,0.0,4.549999999999997,0.04868913857677899,98.0,98.0,98.0,98.0,93.45,98.0,,,1.0,4,3,5,98.0,0.0,SAME,1.0
DWAL,2021-03-08,98.0,98.0,98.0,98.0,98.0,93.45,0.0,0.0,0.0,0.0,0.0,0.0,0.0,0.0,98.0,98.0,97.09,97.98222603201864,97.82206954354652,97.04185859091331,0.0,0.0,0.015396857521419033,0.0,0.0,0.0,0.0,4.549999999999997,0.04868913857677899,98.0,98.0,98.0,98.0,93.45,98.0,,,1.0,0,3,8,98.0,0.0,SAME,1.0
DWAL,2021-03-09,98.0,98.0,98.0,98.0,98.0,93.45,0.0,0.0,0.0,0.0,0.0,0.0,0.0,0.0,98.0,98.0,97.545,97.99111301600932,97.88137969569769,97.21606611983816,0.0,0.0,0.015396857521419033,0.0,0.0,0.0,0.0,4.549999999999997,0.04868913857677899,98.0,98.0,98.0,98.0,93.45,98.0,,,1.0,1,3,9,98.0,0.0,SAME,1.0
DWAL,2021-03-10,98.0,98.0,98.0,98.0,98.0,93.45,0.0,0.0,0.0,0.0,0.0,0.0,0.0,0.0,98.0,98.0,98.0,97.99555650800465,97.9209197971318,97.35859955259485,0.0,0.0,0.015396857521419033,0.0,0.0,0.0,0.0,4.549999999999997,0.04868913857677899,98.0,98.0,98.0,98.0,98.0,98.0,,,,2,3,10,98.0,0.0,SAME,1.0
DWAL,2021-03-11,98.0,98.0,98.0,98.0,98.0,98.0,0.0,0.0,0.0,0.0,0.0,0.0,0.0,0.0,98.0,98.0,98.0,97.99777825400233,97.94727986475453,97.47521781575941,0.0,0.0,0.0,0.0,0.0,0.0,0.0,0.0,0.0,98.0,98.0,98.0,98.0,98.0,98.0,,,,3,3,11,98.0,0.0,SAME,1.0
DWAL,2021-03-12,98.0,98.0,98.0,98.0,98.0,98.0,0.0,0.0,0.0,0.0,0.0,0.0,0.0,0.0,98.0,98.0,98.0,97.99888912700116,97.9648532431697,97.57063275834861,0.0,0.0,0.0,0.0,0.0,0.0,0.0,0.0,0.0,98.0,98.0,98.0,98.0,98.0,98.0,,,,4,3,12,98.0,0.0,SAME,1.0
DWAL,2021-03-15,98.0,98.0,98.0,98.0,98.0,98.0,0.0,0.0,0.0,0.0,0.0,0.0,0.0,0.0,98.0,98.0,98.0,97.99944456350059,97.97656882877982,97.64869952955794,0.0,0.0,0.0,0.0,0.0,0.0,0.0,0.0,0.0,98.0,98.0,98.0,98.0,98.0,98.0,,,,0,3,15,98.0,0.0,SAME,1.0
DWAL,2021-03-16,98.0,98.0,98.0,98.0,98.0,98.0,0.0,0.0,0.0,0.0,0.0,0.0,0.0,0.0,98.0,98.0,98.0,97.9997222817503,97.98437921918656,97.71257234236558,0.0,0.0,0.0,0.0,0.0,0.0,0.0,0.0,0.0,98.0,98.0,98.0,98.0,98.0,98.0,,,,1,3,16,98.0,0.0,SAME,1.0
DWAL,2021-03-17,98.0,98.0,98.0,98.0,98.0,98.0,0.0,0.0,0.0,0.0,0.0,0.0,0.0,0.0,98.0,98.0,98.0,97.99986114087514,97.9895861461244,97.76483191648092,0.0,0.0,0.0,0.0,0.0,0.0,0.0,0.0,0.0,98.0,98.0,98.0,98.0,98.0,98.0,,,,2,3,17,98.0,0.0,SAME,1.0
DWAL,2021-03-18,98.0,98.0,98.0,98.0,98.0,98.0,0.0,0.0,0.0,0.0,0.0,0.0,0.0,0.0,98.0,98.0,98.0,97.99993057043757,97.99305743074962,97.807589749848,0.0,0.0,0.0,0.0,0.0,0.0,0.0,0.0,0.0,98.0,98.0,98.0,98.0,98.0,98.0,,,,3,3,18,98.0,0.0,SAME,1.0
DWAL,2021-03-19,98.0,98.0,98.0,98.0,98.0,98.0,0.0,0.0,0.0,0.0,0.0,0.0,0.0,0.0,98.0,98.0,98.0,97.99996528521879,97.99537162049975,97.84257343169381,0.0,0.0,0.0,0.0,0.0,0.0,0.0,0.0,0.0,98.0,98.0,98.0,98.0,98.0,98.0,,,,4,3,19,98.0,0.0,SAME,1.0
DWAL,2021-03-22,98.0,98.0,98.0,98.0,98.0,98.0,0.0,0.0,0.0,0.0,0.0,0.0,0.0,0.0,98.0,98.0,98.0,97.9999826426094,97.9969144136665,97.87119644411311,0.0,0.0,0.0,0.0,0.0,0.0,0.0,0.0,0.0,98.0,98.0,98.0,98.0,98.0,98.0,,,,0,3,22,98.0,0.0,SAME,1.0
DWAL,2021-03-23,98.0,98.0,98.0,98.0,98.0,98.0,0.0,0.0,0.0,0.0,0.0,0.0,0.0,0.0,98.0,98.0,98.0,97.99999132130469,97.99794294244435,97.89461527245618,0.0,0.0,0.0,0.0,0.0,0.0,0.0,0.0,0.0,98.0,98.0,98.0,98.0,98.0,98.0,,,,1,3,23,99.0,1.0,UP,2.0
DWAL,2021-03-24,99.0,98.0,98.0,98.0,98.0,98.0,1.0,1.0,1.0,0.010204081632652962,0.010204081632652962,0.010204081632652962,0.010152371464017908,0.010152371464017908,98.33333333333333,98.2,98.1,98.49999566065235,98.33196196162957,98.09559431382777,0.005891329277426282,0.004563404035713812,0.0032268139389472856,1.0,0.01020408163265306,1.0,0.01020408163265306,1.0,0.01020408163265306,98.0,99.0,98.0,99.0,98.0,99.0,1.0,1.0,1.0,2,3,24,99.0,0.0,SAME,1.0
DWAL,2021-03-25,99.0,99.0,98.0,98.0,98.0,98.0,0.0,1.0,1.0,0.0,0.010204081632652962,0.010204081632652962,0.0,0.010152371464017908,98.66666666666667,98.4,98.2,98.74999783032618,98.55464130775306,98.26003171131363,0.005891329277426282,0.004563404035713812,0.0032268139389472856,1.0,0.01020408163265306,1.0,0.01020408163265306,1.0,0.01020408163265306,98.0,99.0,98.0,99.0,98.0,99.0,1.0,1.0,1.0,3,3,25,99.0,0.0,SAME,1.0
DWAL,2021-03-26,99.0,99.0,99.0,98.0,98.0,98.0,0.0,0.0,1.0,0.0,0.0,0.010204081632652962,0.0,0.0,99.0,98.6,98.3,98.87499891516309,98.70309420516871,98.39457140016569,0.005891329277426282,0.004563404035713812,0.0032268139389472856,1.0,0.01020408163265306,1.0,0.01020408163265306,1.0,0.01020408163265306,99.0,99.0,98.0,99.0,98.0,99.0,,1.0,1.0,4,3,26,99.0,0.0,SAME,1.0
DWAL,2021-03-29,99.0,99.0,99.0,99.0,98.0,98.0,0.0,0.0,0.0,0.0,0.0,0.0,0.0,0.0,99.0,98.8,98.4,98.93749945758154,98.80206280344582,98.50464932740829,0.0,0.004563404035713812,0.0032268139389472856,0.0,0.0,1.0,0.01020408163265306,1.0,0.01020408163265306,99.0,99.0,98.0,99.0,98.0,99.0,,1.0,1.0,0,3,29,99.0,0.0,SAME,1.0
DWAL,2021-03-30,99.0,99.0,99.0,99.0,98.0,98.0,0.0,0.0,0.0,0.0,0.0,0.0,0.0,0.0,99.0,99.0,98.5,98.96874972879077,98.86804186896389,98.59471308606132,0.0,0.004563404035713812,0.0032268139389472856,0.0,0.0,1.0,0.01020408163265306,1.0,0.01020408163265306,99.0,99.0,99.0,99.0,98.0,99.0,,,1.0,1,3,30,99.0,0.0,SAME,1.0
DWAL,2021-03-31,99.0,99.0,99.0,99.0,99.0,98.0,0.0,0.0,0.0,0.0,0.0,0.0,0.0,0.0,99.0,99.0,98.6,98.98437486439539,98.9120279126426,98.66840161586835,0.0,0.0,0.0032268139389472856,0.0,0.0,0.0,0.0,1.0,0.01020408163265306,99.0,99.0,99.0,99.0,98.0,99.0,,,1.0,2,3,31,99.0,0.0,SAME,1.0
DWAL,2021-04-01,99.0,99.0,99.0,99.0,99.0,98.0,0.0,0.0,0.0,0.0,0.0,0.0,0.0,0.0,99.0,99.0,98.7,98.9921874321977,98.94135194176174,98.728692231165,0.0,0.0,0.0032268139389472856,0.0,0.0,0.0,0.0,1.0,0.01020408163265306,99.0,99.0,99.0,99.0,98.0,99.0,,,1.0,3,4,1,99.0,0.0,SAME,1.0
DWAL,2021-04-02,99.0,99.0,99.0,99.0,99.0,98.0,0.0,0.0,0.0,0.0,0.0,0.0,0.0,0.0,99.0,99.0,98.8,98.99609371609884,98.96090129450783,98.77802091640773,0.0,0.0,0.0032268139389472856,0.0,0.0,0.0,0.0,1.0,0.01020408163265306,99.0,99.0,99.0,99.0,98.0,99.0,,,1.0,4,4,2,99.0,0.0,SAME,1.0
DWAL,2021-04-05,99.0,99.0,99.0,99.0,99.0,98.0,0.0,0.0,0.0,0.0,0.0,0.0,0.0,0.0,99.0,99.0,98.9,98.99804685804942,98.97393419633856,98.81838074978813,0.0,0.0,0.0032268139389472856,0.0,0.0,0.0,0.0,1.0,0.01020408163265306,99.0,99.0,99.0,99.0,98.0,99.0,,,1.0,0,4,5,99.0,0.0,SAME,1.0
DWAL,2021-04-06,99.0,99.0,99.0,99.0,99.0,98.0,0.0,0.0,0.0,0.0,0.0,0.0,0.0,0.0,99.0,99.0,99.0,98.9990234290247,98.98262279755905,98.85140243164483,0.0,0.0,0.0032268139389472856,0.0,0.0,0.0,0.0,1.0,0.01020408163265306,99.0,99.0,99.0,99.0,99.0,99.0,,,,1,4,6,99.0,0.0,SAME,1.0
DWAL,2021-04-07,99.0,99.0,99.0,99.0,99.0,99.0,0.0,0.0,0.0,0.0,0.0,0.0,0.0,0.0,99.0,99.0,99.0,98.99951171451235,98.9884151983727,98.87842017134577,0.0,0.0,0.0,0.0,0.0,0.0,0.0,0.0,0.0,99.0,99.0,99.0,99.0,99.0,99.0,,,,2,4,7,102.0,3.0,UP,2.0
DWAL,2021-04-08,102.0,99.0,99.0,99.0,99.0,99.0,3.0,3.0,3.0,0.030303030303030276,0.030303030303030276,0.030303030303030276,0.02985296314968113,0.02985296314968113,100.0,99.6,99.3,100.49975585725618,99.99227679891514,99.44598014019199,0.017495462702709574,0.01355192713636235,0.009582659576267798,3.0,0.030303030303030304,3.0,0.030303030303030304,3.0,0.030303030303030304,99.0,102.0,99.0,102.0,99.0,102.0,1.0,1.0,1.0,3,4,8,102.0,0.0,SAME,1.0
DWAL,2021-04-09,102.0,102.0,99.0,99.0,99.0,99.0,0.0,3.0,3.0,0.0,0.030303030303030276,0.030303030303030276,0.0,0.02985296314968113,101.0,100.2,99.6,101.24987792862808,100.66151786594344,99.91034738742981,0.017495462702709574,0.01355192713636235,0.009582659576267798,3.0,0.030303030303030304,3.0,0.030303030303030304,3.0,0.030303030303030304,99.0,102.0,99.0,102.0,99.0,102.0,1.0,1.0,1.0,4,4,9,102.0,0.0,SAME,1.0
DWAL,2021-04-12,102.0,102.0,102.0,99.0,99.0,99.0,0.0,0.0,3.0,0.0,0.0,0.030303030303030276,0.0,0.0,102.0,100.8,99.9,101.62493896431404,101.10767857729563,100.29028422607892,0.017495462702709574,0.01355192713636235,0.009582659576267798,3.0,0.030303030303030304,3.0,0.030303030303030304,3.0,0.030303030303030304,102.0,102.0,99.0,102.0,99.0,102.0,,1.0,1.0,0,4,12,102.0,0.0,SAME,1.0
DWAL,2021-04-13,102.0,102.0,102.0,102.0,99.0,99.0,0.0,0.0,0.0,0.0,0.0,0.0,0.0,0.0,102.0,101.4,100.2,101.81246948215701,101.40511905153043,100.60114163951911,0.0,0.01355192713636235,0.009582659576267798,0.0,0.0,3.0,0.030303030303030304,3.0,0.030303030303030304,102.0,102.0,99.0,102.0,99.0,102.0,,1.0,1.0,1,4,13,102.0,0.0,SAME,1.0
DWAL,2021-04-14,102.0,102.0,102.0,102.0,99.0,99.0,0.0,0.0,0.0,0.0,0.0,0.0,0.0,0.0,102.0,102.0,100.5,101.9062347410785,101.6034127010203,100.8554795232429,0.0,0.01355192713636235,0.009582659576267798,0.0,0.0,3.0,0.030303030303030304,3.0,0.030303030303030304,102.0,102.0,102.0,102.0,99.0,102.0,,,1.0,2,4,14,102.0,0.0,SAME,1.0
DWAL,2021-04-15,102.0,102.0,102.0,102.0,102.0,99.0,0.0,0.0,0.0,0.0,0.0,0.0,0.0,0.0,102.0,102.0,100.8,101.95311737053925,101.73560846734688,101.06357415538055,0.0,0.0,0.009582659576267798,0.0,0.0,0.0,0.0,3.0,0.030303030303030304,102.0,102.0,102.0,102.0,99.0,102.0,,,1.0,3,4,15,102.0,0.0,SAME,1.0
DWAL,2021-04-16,102.0,102.0,102.0,102.0,102.0,99.0,0.0,0.0,0.0,0.0,0.0,0.0,0.0,0.0,102.0,102.0,101.1,101.97655868526962,101.82373897823126,101.2338333998568,0.0,0.0,0.009582659576267798,0.0,0.0,0.0,0.0,3.0,0.030303030303030304,102.0,102.0,102.0,102.0,99.0,102.0,,,1.0,4,4,16,95.5,-6.5,DOWN,0.0
DWAL,2021-04-19,95.5,102.0,102.0,102.0,102.0,99.0,-6.5,-6.5,-6.5,-0.06372549019607843,-0.06372549019607843,-0.06372549019607843,-0.0658465657975865,-0.0658465657975865,99.83333333333333,100.7,100.75,98.73827934263481,99.71582598548751,100.19131823624647,0.03679192891894373,0.028498905595585555,0.023255837173460626,-6.5,-0.06372549019607843,-6.5,-0.06372549019607843,-3.5,-0.03535353535353535,95.5,102.0,95.5,102.0,95.5,102.0,0.0,0.0,0.0,0,4,19,95.5,0.0,SAME,1.0
DWAL,2021-04-20,95.5,95.5,102.0,102.0,102.0,99.0,0.0,-6.5,-6.5,0.0,-0.06372549019607843,-0.06372549019607843,0.0,-0.0658465657975865,97.66666666666667,99.4,100.4,97.11913967131741,98.31055065699168,99.33835128420165,0.03679192891894373,0.028498905595585555,0.023255837173460626,-6.5,-0.06372549019607843,-6.5,-0.06372549019607843,-3.5,-0.03535353535353535,95.5,102.0,95.5,102.0,95.5,102.0,0.0,0.0,0.0,1,4,20,95.5,0.0,SAME,1.0
DWAL,2021-04-21,95.5,95.5,95.5,102.0,102.0,99.0,0.0,0.0,-6.5,0.0,0.0,-0.06372549019607843,0.0,0.0,95.5,98.1,100.05,96.3095698356587,97.37370043799446,98.64046923252862,0.03679192891894373,0.028498905595585555,0.023255837173460626,-6.5,-0.06372549019607843,-6.5,-0.06372549019607843,-3.5,-0.03535353535353535,95.5,95.5,95.5,102.0,95.5,102.0,,0.0,0.0,2,4,21,95.5,0.0,SAME,1.0
DWAL,2021-04-23,95.5,95.5,95.5,95.5,102.0,102.0,0.0,0.0,0.0,0.0,0.0,0.0,0.0,0.0,95.5,96.8,99.4,95.90478491782935,96.74913362532965,98.06947482661431,0.0,0.028498905595585555,0.020151769403033797,0.0,0.0,-6.5,-0.06372549019607843,-6.5,-0.06372549019607843,95.5,95.5,95.5,102.0,95.5,102.0,,0.0,0.0,4,4,23,95.5,0.0,SAME,1.0
DWAL,2021-04-26,95.5,95.5,95.5,95.5,102.0,102.0,0.0,0.0,0.0,0.0,0.0,0.0,0.0,0.0,95.5,95.5,98.75,95.70239245891467,96.33275575021977,97.6022975854117,0.0,0.028498905595585555,0.020151769403033797,0.0,0.0,-6.5,-0.06372549019607843,-6.5,-0.06372549019607843,95.5,95.5,95.5,95.5,95.5,102.0,,,0.0,0,4,26,95.5,0.0,SAME,1.0
DWAL,2021-04-27,95.5,95.5,95.5,95.5,95.5,102.0,0.0,0.0,0.0,0.0,0.0,0.0,0.0,0.0,95.5,95.5,98.1,95.60119622945734,96.05517050014652,97.22006166079139,0.0,0.0,0.020151769403033797,0.0,0.0,0.0,0.0,-6.5,-0.06372549019607843,95.5,95.5,95.5,95.5,95.5,102.0,,,0.0,1,4,27,95.5,0.0,SAME,1.0
DWAL,2021-04-29,95.5,95.5,95.5,95.5,95.5,102.0,0.0,0.0,0.0,0.0,0.0,0.0,0.0,0.0,95.5,95.5,97.45,95.55059811472867,95.87011366676435,96.90732317701112,0.0,0.0,0.020151769403033797,0.0,0.0,0.0,0.0,-6.5,-0.06372549019607843,95.5,95.5,95.5,95.5,95.5,102.0,,,0.0,3,4,29,95.5,0.0,SAME,1.0
DWAL,2021-04-30,95.5,95.5,95.5,95.5,95.5,102.0,0.0,0.0,0.0,0.0,0.0,0.0,0.0,0.0,95.5,95.5,96.8,95.52529905736434,95.74674244450958,96.65144623573636,0.0,0.0,0.020151769403033797,0.0,0.0,0.0,0.0,-6.5,-0.06372549019607843,95.5,95.5,95.5,95.5,95.5,102.0,,,0.0,4,4,30,95.5,0.0,SAME,1.0
DWAL,2021-05-03,95.5,95.5,95.5,95.5,95.5,102.0,0.0,0.0,0.0,0.0,0.0,0.0,0.0,0.0,95.5,95.5,96.15,95.51264952868218,95.66449496300639,96.44209237469337,0.0,0.0,0.020151769403033797,0.0,0.0,0.0,0.0,-6.5,-0.06372549019607843,95.5,95.5,95.5,95.5,95.5,102.0,,,0.0,0,5,3,95.5,0.0,SAME,1.0
DWAL,2021-05-04,95.5,95.5,95.5,95.5,95.5,102.0,0.0,0.0,0.0,0.0,0.0,0.0,0.0,0.0,95.5,95.5,95.5,95.50632476434109,95.60966330867093,96.27080285202184,0.0,0.0,0.020151769403033797,0.0,0.0,0.0,0.0,-6.5,-0.06372549019607843,95.5,95.5,95.5,95.5,95.5,95.5,,,,1,5,4,95.5,0.0,SAME,1.0
DWAL,2021-05-05,95.5,95.5,95.5,95.5,95.5,95.5,0.0,0.0,0.0,0.0,0.0,0.0,0.0,0.0,95.5,95.5,95.5,95.50316238217054,95.57310887244729,96.13065687892696,0.0,0.0,0.0,0.0,0.0,0.0,0.0,0.0,0.0,95.5,95.5,95.5,95.5,95.5,95.5,,,,2,5,5,95.5,0.0,SAME,1.0
DWAL,2021-05-06,95.5,95.5,95.5,95.5,95.5,95.5,0.0,0.0,0.0,0.0,0.0,0.0,0.0,0.0,95.5,95.5,95.5,95.50158119108528,95.5487392482982,96.01599199184932,0.0,0.0,0.0,0.0,0.0,0.0,0.0,0.0,0.0,95.5,95.5,95.5,95.5,95.5,95.5,,,,3,5,6,95.5,0.0,SAME,1.0
DWAL,2021-05-07,95.5,95.5,95.5,95.5,95.5,95.5,0.0,0.0,0.0,0.0,0.0,0.0,0.0,0.0,95.5,95.5,95.5,95.50079059554264,95.53249283219881,95.92217526605852,0.0,0.0,0.0,0.0,0.0,0.0,0.0,0.0,0.0,95.5,95.5,95.5,95.5,95.5,95.5,,,,4,5,7,95.5,0.0,SAME,1.0
DWAL,2021-05-10,95.5,95.5,95.5,95.5,95.5,95.5,0.0,0.0,0.0,0.0,0.0,0.0,0.0,0.0,95.5,95.5,95.5,95.50039529777132,95.52166188813254,95.84541612677513,0.0,0.0,0.0,0.0,0.0,0.0,0.0,0.0,0.0,95.5,95.5,95.5,95.5,95.5,95.5,,,,0,5,10,100.0,4.5,UP,2.0
DWAL,2021-05-11,100.0,95.5,95.5,95.5,95.5,95.5,4.5,4.5,4.5,0.04712041884816753,0.04712041884816753,0.04712041884816753,0.0460439385014068,0.0460439385014068,97.0,96.4,95.95,97.75019764888566,97.01444125875503,96.60079501281602,0.027204986506313346,0.021072891934552987,0.014900784786133714,4.5,0.04712041884816754,4.5,0.04712041884816754,4.5,0.04712041884816754,95.5,100.0,95.5,100.0,95.5,100.0,1.0,1.0,1.0,1,5,11,100.0,0.0,SAME,1.0
DWAL,2021-05-12,100.0,100.0,95.5,95.5,95.5,95.5,0.0,4.5,4.5,0.0,0.04712041884816753,0.04712041884816753,0.0,0.0460439385014068,98.5,97.3,96.4,98.87509882444283,98.00962750583669,97.2188322832131,0.027204986506313346,0.021072891934552987,0.014900784786133714,4.5,0.04712041884816754,4.5,0.04712041884816754,4.5,0.04712041884816754,95.5,100.0,95.5,100.0,95.5,100.0,1.0,1.0,1.0,2,5,12,100.0,0.0,SAME,1.0
DWAL,2021-05-13,100.0,100.0,100.0,95.5,95.5,95.5,0.0,0.0,4.5,0.0,0.0,0.04712041884816753,0.0,0.0,100.0,98.2,96.85,99.43754941222141,98.67308500389113,97.72449914081072,0.027204986506313346,0.021072891934552987,0.014900784786133714,4.5,0.04712041884816754,4.5,0.04712041884816754,4.5,0.04712041884816754,100.0,100.0,95.5,100.0,95.5,100.0,,1.0,1.0,3,5,13,100.0,0.0,SAME,1.0
DWAL,2021-05-14,100.0,100.0,100.0,100.0,95.5,95.5,0.0,0.0,0.0,0.0,0.0,0.0,0.0,0.0,100.0,99.1,97.3,99.71877470611071,99.1153900025941,98.13822656975422,0.0,0.021072891934552987,0.014900784786133714,0.0,0.0,4.5,0.04712041884816754,4.5,0.04712041884816754,100.0,100.0,95.5,100.0,95.5,100.0,,1.0,1.0,4,5,14,100.0,0.0,SAME,1.0
DWAL,2021-05-17,100.0,100.0,100.0,100.0,95.5,95.5,0.0,0.0,0.0,0.0,0.0,0.0,0.0,0.0,100.0,100.0,97.75,99.85938735305535,99.4102600017294,98.47673082979891,0.0,0.021072891934552987,0.014900784786133714,0.0,0.0,4.5,0.04712041884816754,4.5,0.04712041884816754,100.0,100.0,100.0,100.0,95.5,100.0,,,1.0,0,5,17,100.0,0.0,SAME,1.0
DWAL,2021-05-18,100.0,100.0,100.0,100.0,100.0,95.5,0.0,0.0,0.0,0.0,0.0,0.0,0.0,0.0,100.0,100.0,98.2,99.92969367652768,99.60684000115293,98.75368886074456,0.0,0.0,0.014900784786133714,0.0,0.0,0.0,0.0,4.5,0.04712041884816754,100.0,100.0,100.0,100.0,95.5,100.0,,,1.0,1,5,18,100.0,0.0,SAME,1.0
DWAL,2021-05-19,100.0,100.0,100.0,100.0,100.0,95.5,0.0,0.0,0.0,0.0,0.0,0.0,0.0,0.0,100.0,100.0,98.65,99.96484683826384,99.73789333410195,98.98029088606373,0.0,0.0,0.014900784786133714,0.0,0.0,0.0,0.0,4.5,0.04712041884816754,100.0,100.0,100.0,100.0,95.5,100.0,,,1.0,2,5,19,100.0,0.0,SAME,1.0
DWAL,2021-05-20,100.0,100.0,100.0,100.0,100.0,95.5,0.0,0.0,0.0,0.0,0.0,0.0,0.0,0.0,100.0,100.0,99.1,99.98242341913192,99.82526222273464,99.16569254314305,0.0,0.0,0.014900784786133714,0.0,0.0,0.0,0.0,4.5,0.04712041884816754,100.0,100.0,100.0,100.0,95.5,100.0,,,1.0,3,5,20,100.0,0.0,SAME,1.0
DWAL,2021-05-21,100.0,100.0,100.0,100.0,100.0,95.5,0.0,0.0,0.0,0.0,0.0,0.0,0.0,0.0,100.0,100.0,99.55,99.99121170956596,99.88350814848977,99.31738480802613,0.0,0.0,0.014900784786133714,0.0,0.0,0.0,0.0,4.5,0.04712041884816754,100.0,100.0,100.0,100.0,95.5,100.0,,,1.0,4,5,21,100.0,0.0,SAME,1.0
DWAL,2021-05-24,100.0,100.0,100.0,100.0,100.0,95.5,0.0,0.0,0.0,0.0,0.0,0.0,0.0,0.0,100.0,100.0,100.0,99.99560585478298,99.92233876565984,99.4414966611123,0.0,0.0,0.014900784786133714,0.0,0.0,0.0,0.0,4.5,0.04712041884816754,100.0,100.0,100.0,100.0,100.0,100.0,,,,0,5,24,105.0,5.0,UP,2.0
DWAL,2021-05-25,105.0,100.0,100.0,100.0,100.0,100.0,5.0,5.0,5.0,0.050000000000000044,0.050000000000000044,0.050000000000000044,0.04879016416943205,0.04879016416943205,101.66666666666667,101.0,100.5,102.49780292739149,101.6148925104399,100.45213363181915,0.028867513459477457,0.022360679774997918,0.0158113883008419,5.0,0.05,5.0,0.05,5.0,0.05,100.0,105.0,100.0,105.0,100.0,105.0,1.0,1.0,1.0,1,5,25,105.0,0.0,SAME,1.0
DWAL,2021-05-27,105.0,105.0,100.0,100.0,100.0,100.0,0.0,5.0,5.0,0.0,0.050000000000000044,0.050000000000000044,0.0,0.04879016416943205,103.33333333333333,102.0,101.0,103.74890146369574,102.7432616736266,101.27901842603384,0.028867513459477457,0.022360679774997918,0.0158113883008419,5.0,0.05,5.0,0.05,5.0,0.05,100.0,105.0,100.0,105.0,100.0,105.0,1.0,1.0,1.0,3,5,27,105.0,0.0,SAME,1.0
DWAL,2021-05-28,105.0,105.0,105.0,100.0,100.0,100.0,0.0,0.0,5.0,0.0,0.0,0.050000000000000044,0.0,0.0,105.0,103.0,101.5,104.37445073184787,103.49550778241775,101.95556053039132,0.028867513459477457,0.022360679774997918,0.0158113883008419,5.0,0.05,5.0,0.05,5.0,0.05,105.0,105.0,100.0,105.0,100.0,105.0,,1.0,1.0,4,5,28,105.0,0.0,SAME,1.0
DWAL,2021-05-31,105.0,105.0,105.0,105.0,100.0,100.0,0.0,0.0,0.0,0.0,0.0,0.0,0.0,0.0,105.0,104.0,102.0,104.68722536592394,103.99700518827851,102.50909497941107,0.0,0.022360679774997918,0.0158113883008419,0.0,0.0,5.0,0.05,5.0,0.05,105.0,105.0,100.0,105.0,100.0,105.0,,1.0,1.0,0,5,31,105.0,0.0,SAME,1.0
DWAL,2021-06-01,105.0,105.0,105.0,105.0,100.0,100.0,0.0,0.0,0.0,0.0,0.0,0.0,0.0,0.0,105.0,105.0,102.5,104.84361268296198,104.33133679218568,102.96198680133632,0.0,0.022360679774997918,0.0158113883008419,0.0,0.0,5.0,0.05,5.0,0.05,105.0,105.0,105.0,105.0,100.0,105.0,,,1.0,1,6,1,105.0,0.0,SAME,1.0
DWAL,2021-06-02,105.0,105.0,105.0,105.0,105.0,100.0,0.0,0.0,0.0,0.0,0.0,0.0,0.0,0.0,105.0,105.0,103.0,104.92180634148099,104.5542245281238,103.33253465563881,0.0,0.0,0.0158113883008419,0.0,0.0,0.0,0.0,5.0,0.05,105.0,105.0,105.0,105.0,100.0,105.0,,,1.0,2,6,2,105.0,0.0,SAME,1.0
DWAL,2021-06-03,105.0,105.0,105.0,105.0,105.0,100.0,0.0,0.0,0.0,0.0,0.0,0.0,0.0,0.0,105.0,105.0,103.5,104.9609031707405,104.70281635208254,103.63571017279538,0.0,0.0,0.0158113883008419,0.0,0.0,0.0,0.0,5.0,0.05,105.0,105.0,105.0,105.0,100.0,105.0,,,1.0,3,6,3,105.0,0.0,SAME,1.0
DWAL,2021-06-04,105.0,105.0,105.0,105.0,105.0,100.0,0.0,0.0,0.0,0.0,0.0,0.0,0.0,0.0,105.0,105.0,104.0,104.98045158537025,104.80187756805503,103.88376286865076,0.0,0.0,0.0158113883008419,0.0,0.0,0.0,0.0,5.0,0.05,105.0,105.0,105.0,105.0,100.0,105.0,,,1.0,4,6,4,105.0,0.0,SAME,1.0
DWAL,2021-06-07,105.0,105.0,105.0,105.0,105.0,100.0,0.0,0.0,0.0,0.0,0.0,0.0,0.0,0.0,105.0,105.0,104.5,104.99022579268512,104.86791837870337,104.08671507435062,0.0,0.0,0.0158113883008419,0.0,0.0,0.0,0.0,5.0,0.05,105.0,105.0,105.0,105.0,100.0,105.0,,,1.0,0,6,7,105.0,0.0,SAME,1.0
DWAL,2021-06-08,105.0,105.0,105.0,105.0,105.0,100.0,0.0,0.0,0.0,0.0,0.0,0.0,0.0,0.0,105.0,105.0,105.0,104.99511289634256,104.91194558580226,104.25276687901415,0.0,0.0,0.0158113883008419,0.0,0.0,0.0,0.0,5.0,0.05,105.0,105.0,105.0,105.0,105.0,105.0,,,,1,6,8,110.21,5.209999999999994,UP,2.0
DWAL,2021-06-09,110.21,105.0,105.0,105.0,105.0,105.0,5.209999999999994,5.209999999999994,5.209999999999994,0.04961904761904745,0.04961904761904745,0.04961904761904745,0.04842728654592705,0.04842728654592705,106.73666666666668,106.042,105.521,107.60255644817127,106.67796372386817,105.33590017373885,0.02864757049978602,0.02219031269099784,0.015690920580454466,5.209999999999994,0.04961904761904756,5.209999999999994,0.04961904761904756,5.209999999999994,0.04961904761904756,105.0,110.21,105.0,110.21,105.0,110.21,1.0,1.0,1.0,2,6,9,110.21,0.0,SAME,1.0
DWAL,2021-06-10,110.21,110.21,105.0,105.0,105.0,105.0,0.0,5.209999999999994,5.209999999999994,0.0,0.04961904761904745,0.04961904761904745,0.0,0.04842728654592705,108.47333333333334,107.08399999999999,106.042,108.90627822408564,107.85530914924546,106.22210014214997,0.02864757049978602,0.02219031269099784,0.015690920580454466,5.209999999999994,0.04961904761904756,5.209999999999994,0.04961904761904756,5.209999999999994,0.04961904761904756,105.0,110.21,105.0,110.21,105.0,110.21,1.0,1.0,1.0,3,6,10,110.21,0.0,SAME,1.0
DWAL,2021-06-11,110.21,110.21,110.21,105.0,105.0,105.0,0.0,0.0,5.209999999999994,0.0,0.0,0.04961904761904745,0.0,0.0,110.21,108.126,106.56299999999999,109.55813911204282,108.64020609949698,106.94717284357725,0.02864757049978602,0.02219031269099784,0.015690920580454466,5.209999999999994,0.04961904761904756,5.209999999999994,0.04961904761904756,5.209999999999994,0.04961904761904756,110.21,110.21,105.0,110.21,105.0,110.21,,1.0,1.0,4,6,11,110.21,0.0,SAME,1.0
DWAL,2021-06-14,110.21,110.21,110.21,110.21,105.0,105.0,0.0,0.0,0.0,0.0,0.0,0.0,0.0,0.0,110.21,109.16799999999998,107.08399999999999,109.88406955602142,109.163470732998,107.54041414474503,0.0,0.02219031269099784,0.015690920580454466,0.0,0.0,5.209999999999994,0.04961904761904756,5.209999999999994,0.04961904761904756,110.21,110.21,105.0,110.21,105.0,110.21,,1.0,1.0,0,6,14,110.21,0.0,SAME,1.0
DWAL,2021-06-15,110.21,110.21,110.21,110.21,105.0,105.0,0.0,0.0,0.0,0.0,0.0,0.0,0.0,0.0,110.21,110.21,107.60499999999999,110.0470347780107,109.51231382199867,108.02579339115502,0.0,0.02219031269099784,0.015690920580454466,0.0,0.0,5.209999999999994,0.04961904761904756,5.209999999999994,0.04961904761904756,110.21,110.21,110.21,110.21,105.0,110.21,,,1.0,1,6,15,110.21,0.0,SAME,1.0
DWAL,2021-06-16,110.21,110.21,110.21,110.21,110.21,105.0,0.0,0.0,0.0,0.0,0.0,0.0,0.0,0.0,110.21,110.21,108.126,110.12851738900534,109.74487588133246,108.42292186549045,0.0,0.0,0.015690920580454466,0.0,0.0,0.0,0.0,5.209999999999994,0.04961904761904756,110.21,110.21,110.21,110.21,105.0,110.21,,,1.0,2,6,16,115.7,5.490000000000009,UP,2.0
DWAL,2021-06-17,115.7,110.21,110.21,110.21,110.21,105.0,5.490000000000009,5.490000000000009,5.490000000000009,0.049813991470828434,0.049813991470828434,0.049813991470828434,0.04861299749618033,0.04861299749618033,112.04,111.30799999999999,109.196,112.91425869450268,111.72991725422165,109.74602698085582,0.02876012138508865,0.02227749423187342,0.02096237557204755,5.490000000000009,0.0498139914708285,5.490000000000009,0.0498139914708285,10.700000000000003,0.10190476190476193,110.21,115.7,110.21,115.7,105.0,115.7,1.0,1.0,1.0,3,6,17,115.7,0.0,SAME,1.0
DWAL,2021-06-18,115.7,115.7,110.21,110.21,110.21,105.0,0.0,5.490000000000009,5.490000000000009,0.0,0.049813991470828434,0.049813991470828434,0.0,0.04861299749618033,113.87,112.40599999999999,110.26599999999999,114.30712934725133,113.0532781694811,110.82856752979112,0.02876012138508865,0.02227749423187342,0.02096237557204755,5.490000000000009,0.0498139914708285,5.490000000000009,0.0498139914708285,10.700000000000003,0.10190476190476193,110.21,115.7,110.21,115.7,105.0,115.7,1.0,1.0,1.0,4,6,18,115.7,0.0,SAME,1.0
DWAL,2021-06-21,115.7,115.7,115.7,110.21,110.21,105.0,0.0,0.0,5.490000000000009,0.0,0.0,0.049813991470828434,0.0,0.0,115.7,113.50399999999999,111.33599999999998,115.00356467362568,113.93551877965407,111.71428252437454,0.02876012138508865,0.02227749423187342,0.02096237557204755,5.490000000000009,0.0498139914708285,5.490000000000009,0.0498139914708285,10.700000000000003,0.10190476190476193,115.7,115.7,110.21,115.7,105.0,115.7,,1.0,1.0,0,6,21,115.7,0.0,SAME,1.0
DWAL,2021-06-22,115.7,115.7,115.7,115.7,110.21,105.0,0.0,0.0,0.0,0.0,0.0,0.0,0.0,0.0,115.7,114.602,112.40599999999999,115.35178233681285,114.52367918643606,112.4389584290337,0.0,0.02227749423187342,0.02096237557204755,0.0,0.0,5.490000000000009,0.0498139914708285,10.700000000000003,0.10190476190476193,115.7,115.7,110.21,115.7,110.21,115.7,,1.0,1.0,1,6,22,113.5,-2.200000000000003,DOWN,0.0
DWAL,2021-06-23,113.5,115.7,115.7,115.7,110.21,110.21,-2.200000000000003,-2.200000000000003,-2.200000000000003,-0.019014693171996555,-0.019014693171996555,-0.019014693171996555,-0.01919779727817354,-0.01919779727817354,114.96666666666668,115.25999999999999,112.73499999999999,114.42589116840642,114.18245279095737,112.6318750783003,0.01097813822140028,0.025754965286041712,0.017474211554652938,-2.200000000000003,-0.019014693171996565,3.2900000000000063,0.02985210053534168,3.2900000000000063,0.02985210053534168,113.5,115.7,113.5,115.7,110.21,115.7,0.0,0.0,0.5992714025500913,2,6,23,110.0,-3.5,DOWN,0.0
DWAL,2021-06-24,110.0,113.5,115.7,115.7,115.7,110.21,-3.5,-5.700000000000003,-5.700000000000003,-0.03083700440528636,-0.04926534140017291,-0.04926534140017291,-0.03132247112904116,-0.05052026840721472,113.06666666666666,114.12,112.71400000000001,112.21294558420321,112.78830186063826,112.15335233679114,0.015557669277092196,0.014277964200556112,0.020531582720821825,-5.700000000000003,-0.049265341400172885,-5.700000000000003,-0.049265341400172885,-0.20999999999999375,-0.0019054532256600467,110.0,115.7,110.0,115.7,110.0,115.7,0.0,0.0,0.0,3,6,24,110.0,0.0,SAME,1.0
DWAL,2021-06-25,110.0,110.0,113.5,115.7,115.7,110.21,0.0,-3.5,-5.700000000000003,0.0,-0.03083700440528636,-0.04926534140017291,0.0,-0.03132247112904116,111.16666666666667,112.97999999999999,112.69300000000001,111.10647279210161,111.85886790709219,111.76183373010184,0.015557669277092196,0.014277964200556112,0.020531582720821825,-5.700000000000003,-0.049265341400172885,-5.700000000000003,-0.049265341400172885,-0.20999999999999375,-0.0019054532256600467,110.0,113.5,110.0,115.7,110.0,115.7,0.0,0.0,0.0,4,6,25,110.0,0.0,SAME,1.0
DWAL,2021-06-28,110.0,110.0,110.0,113.5,115.7,110.21,0.0,0.0,-3.5,0.0,0.0,-0.03083700440528636,0.0,0.0,110.0,111.84,112.672,110.5532363960508,111.2392452713948,111.44150032462878,0.017803752794387555,0.014277964200556112,0.020531582720821825,-3.5,-0.030837004405286344,-5.700000000000003,-0.049265341400172885,-0.20999999999999375,-0.0019054532256600467,110.0,110.0,110.0,115.7,110.0,115.7,,0.0,0.0,0,6,28,110.0,0.0,SAME,1.0
DWAL,2021-06-29,110.0,110.0,110.0,110.0,115.7,110.21,0.0,0.0,0.0,0.0,0.0,0.0,0.0,0.0,110.0,110.7,112.651,110.2766181980254,110.82616351426321,111.17940935651444,0.0,0.014277964200556112,0.020531582720821825,0.0,0.0,-5.700000000000003,-0.049265341400172885,-0.20999999999999375,-0.0019054532256600467,110.0,110.0,110.0,113.5,110.0,115.7,,0.0,0.0,1,6,29,110.0,0.0,SAME,1.0
DWAL,2021-06-30,110.0,110.0,110.0,110.0,113.5,110.21,0.0,0.0,0.0,0.0,0.0,0.0,0.0,0.0,110.0,110.0,112.63,110.1383090990127,110.55077567617548,110.96497129169363,0.0,0.013790727614536155,0.020531582720821825,0.0,0.0,-3.5,-0.030837004405286344,-0.20999999999999375,-0.0019054532256600467,110.0,110.0,110.0,110.0,110.0,115.7,,,0.0,2,6,30,110.0,0.0,SAME,1.0
DWAL,2021-07-01,110.0,110.0,110.0,110.0,110.0,115.7,0.0,0.0,0.0,0.0,0.0,0.0,0.0,0.0,110.0,110.0,112.06000000000002,110.06915454950635,110.367183784117,110.78952196593114,0.0,0.0,0.01087280103940888,0.0,0.0,0.0,0.0,-5.700000000000003,-0.049265341400172885,110.0,110.0,110.0,110.0,110.0,115.7,,,0.0,3,7,1,106.0,-4.0,DOWN,0.0
DWAL,2021-07-02,106.0,110.0,110.0,110.0,110.0,115.7,-4.0,-4.0,-4.0,-0.036363636363636376,-0.036363636363636376,-0.036363636363636376,-0.0370412716803491,-0.0370412716803491,108.66666666666667,109.2,111.09,108.03457727475318,108.911455856078,109.9186997903073,0.02099455524325387,0.016262312563634838,0.014497068922330401,-4.0,-0.03636363636363636,-4.0,-0.03636363636363636,-9.700000000000003,-0.08383751080380296,106.0,110.0,106.0,110.0,106.0,115.7,0.0,0.0,0.0,4,7,2,106.0,0.0,SAME,1.0
DWAL,2021-07-05,106.0,106.0,110.0,110.0,110.0,115.7,0.0,-4.0,-4.0,0.0,-0.036363636363636376,-0.036363636363636376,0.0,-0.0370412716803491,107.33333333333333,108.4,110.12,107.0172886373766,107.94097057071868,109.20620891934234,0.02099455524325387,0.016262312563634838,0.014497068922330401,-4.0,-0.03636363636363636,-4.0,-0.03636363636363636,-9.700000000000003,-0.08383751080380296,106.0,110.0,106.0,110.0,106.0,115.7,0.0,0.0,0.0,0,7,5,106.0,0.0,SAME,1.0
DWAL,2021-07-06,106.0,106.0,106.0,110.0,110.0,115.7,0.0,0.0,-4.0,0.0,0.0,-0.036363636363636376,0.0,0.0,106.0,107.6,109.15,106.5086443186883,107.29398038047913,108.62326184309828,0.02099455524325387,0.016262312563634838,0.014497068922330401,-4.0,-0.03636363636363636,-4.0,-0.03636363636363636,-9.700000000000003,-0.08383751080380296,106.0,106.0,106.0,110.0,106.0,113.5,,0.0,0.0,1,7,6,106.0,0.0,SAME,1.0
DWAL,2021-07-07,106.0,106.0,106.0,106.0,110.0,113.5,0.0,0.0,0.0,0.0,0.0,0.0,0.0,0.0,106.0,106.8,108.4,106.25432215934416,106.86265358698608,108.14630514435314,0.0,0.016262312563634838,0.014226900491295632,0.0,0.0,-4.0,-0.03636363636363636,-7.5,-0.06607929515418502,106.0,106.0,106.0,110.0,106.0,110.0,,0.0,0.0,2,7,7,106.0,0.0,SAME,1.0
DWAL,2021-07-08,106.0,106.0,106.0,106.0,110.0,110.0,0.0,0.0,0.0,0.0,0.0,0.0,0.0,0.0,106.0,106.0,108.0,106.12716107967208,106.57510239132407,107.75606784537985,0.0,0.016262312563634838,0.01149919149152139,0.0,0.0,-4.0,-0.03636363636363636,-4.0,-0.03636363636363636,106.0,106.0,106.0,106.0,106.0,110.0,,,0.0,3,7,8,106.0,0.0,SAME,1.0
DWAL,2021-07-09,106.0,106.0,106.0,106.0,106.0,110.0,0.0,0.0,0.0,0.0,0.0,0.0,0.0,0.0,106.0,106.0,107.6,106.06358053983604,106.38340159421605,107.43678278258349,0.0,0.0,0.01149919149152139,0.0,0.0,0.0,0.0,-4.0,-0.03636363636363636,106.0,106.0,106.0,106.0,106.0,110.0,,,0.0,4,7,9,106.0,0.0,SAME,1.0
DWAL,2021-07-12,106.0,106.0,106.0,106.0,106.0,110.0,0.0,0.0,0.0,0.0,0.0,0.0,0.0,0.0,106.0,106.0,107.2,106.03179026991802,106.25560106281071,107.17554954938649,0.0,0.0,0.01149919149152139,0.0,0.0,0.0,0.0,-4.0,-0.03636363636363636,106.0,106.0,106.0,106.0,106.0,110.0,,,0.0,0,7,12,106.0,0.0,SAME,1.0
DWAL,2021-07-13,106.0,106.0,106.0,106.0,106.0,110.0,0.0,0.0,0.0,0.0,0.0,0.0,0.0,0.0,106.0,106.0,106.8,106.01589513495901,106.17040070854048,106.96181326767984,0.0,0.0,0.01149919149152139,0.0,0.0,0.0,0.0,-4.0,-0.03636363636363636,106.0,106.0,106.0,106.0,106.0,110.0,,,0.0,1,7,13,106.0,0.0,SAME,1.0
DWAL,2021-07-15,106.0,106.0,106.0,106.0,106.0,110.0,0.0,0.0,0.0,0.0,0.0,0.0,0.0,0.0,106.0,106.0,106.4,106.0079475674795,106.11360047236033,106.7869381281017,0.0,0.0,0.01149919149152139,0.0,0.0,0.0,0.0,-4.0,-0.03636363636363636,106.0,106.0,106.0,106.0,106.0,110.0,,,0.0,3,7,15,106.0,0.0,SAME,1.0
DWAL,2021-07-16,106.0,106.0,106.0,106.0,106.0,110.0,0.0,0.0,0.0,0.0,0.0,0.0,0.0,0.0,106.0,106.0,106.0,106.00397378373975,106.07573364824023,106.64385846844684,0.0,0.0,0.01149919149152139,0.0,0.0,0.0,0.0,-4.0,-0.03636363636363636,106.0,106.0,106.0,106.0,106.0,106.0,,,,4,7,16,106.0,0.0,SAME,1.0
DWAL,2021-07-19,106.0,106.0,106.0,106.0,106.0,106.0,0.0,0.0,0.0,0.0,0.0,0.0,0.0,0.0,106.0,106.0,106.0,106.00198689186988,106.05048909882683,106.5267932923656,0.0,0.0,0.0,0.0,0.0,0.0,0.0,0.0,0.0,106.0,106.0,106.0,106.0,106.0,106.0,,,,0,7,19,106.0,0.0,SAME,1.0
DWAL,2021-07-20,106.0,106.0,106.0,106.0,106.0,106.0,0.0,0.0,0.0,0.0,0.0,0.0,0.0,0.0,106.0,106.0,106.0,106.00099344593494,106.0336593992179,106.43101269375367,0.0,0.0,0.0,0.0,0.0,0.0,0.0,0.0,0.0,106.0,106.0,106.0,106.0,106.0,106.0,,,,1,7,20,106.0,0.0,SAME,1.0
DWAL,2021-07-21,106.0,106.0,106.0,106.0,106.0,106.0,0.0,0.0,0.0,0.0,0.0,0.0,0.0,0.0,106.0,106.0,106.0,106.00049672296747,106.0224395994786,106.35264674943483,0.0,0.0,0.0,0.0,0.0,0.0,0.0,0.0,0.0,106.0,106.0,106.0,106.0,106.0,106.0,,,,2,7,21,106.0,0.0,SAME,1.0
DWAL,2021-07-22,106.0,106.0,106.0,106.0,106.0,106.0,0.0,0.0,0.0,0.0,0.0,0.0,0.0,0.0,106.0,106.0,106.0,106.00024836148373,106.01495973298574,106.28852915862848,0.0,0.0,0.0,0.0,0.0,0.0,0.0,0.0,0.0,106.0,106.0,106.0,106.0,106.0,106.0,,,,3,7,22,111.0,5.0,UP,2.0
DWAL,2021-07-23,111.0,106.0,106.0,106.0,106.0,106.0,5.0,5.0,5.0,0.04716981132075482,0.04716981132075482,0.04716981132075482,0.04609110720026709,0.04609110720026709,107.66666666666667,107.0,106.5,108.50012418074186,107.6766398219905,107.14516022069603,0.02723350326365757,0.02109498091980938,0.014916404057398037,5.0,0.04716981132075472,5.0,0.04716981132075472,5.0,0.04716981132075472,106.0,111.0,106.0,111.0,106.0,111.0,1.0,1.0,1.0,4,7,23,111.0,0.0,SAME,1.0
DWAL,2021-07-26,111.0,111.0,106.0,106.0,106.0,106.0,0.0,5.0,5.0,0.0,0.04716981132075482,0.04716981132075482,0.0,0.04609110720026709,109.33333333333333,108.0,107.0,109.75006209037093,108.78442654799368,107.84604018056947,0.02723350326365757,0.02109498091980938,0.014916404057398037,5.0,0.04716981132075472,5.0,0.04716981132075472,5.0,0.04716981132075472,106.0,111.0,106.0,111.0,106.0,111.0,1.0,1.0,1.0,0,7,26,111.0,0.0,SAME,1.0
DWAL,2021-07-27,111.0,111.0,111.0,106.0,106.0,106.0,0.0,0.0,5.0,0.0,0.0,0.04716981132075482,0.0,0.0,111.0,109.0,107.5,110.37503104518547,109.52295103199579,108.41948742046593,0.02723350326365757,0.02109498091980938,0.014916404057398037,5.0,0.04716981132075472,5.0,0.04716981132075472,5.0,0.04716981132075472,111.0,111.0,106.0,111.0,106.0,111.0,,1.0,1.0,1,7,27,111.0,0.0,SAME,1.0
DWAL,2021-07-28,111.0,111.0,111.0,111.0,106.0,106.0,0.0,0.0,0.0,0.0,0.0,0.0,0.0,0.0,111.0,110.0,108.0,110.68751552259273,110.0153006879972,108.88867152583576,0.0,0.02109498091980938,0.014916404057398037,0.0,0.0,5.0,0.04716981132075472,5.0,0.04716981132075472,111.0,111.0,106.0,111.0,106.0,111.0,,1.0,1.0,2,7,28,111.0,0.0,SAME,1.0
DWAL,2021-07-29,111.0,111.0,111.0,111.0,106.0,106.0,0.0,0.0,0.0,0.0,0.0,0.0,0.0,0.0,111.0,111.0,108.5,110.84375776129636,110.34353379199814,109.27254943022926,0.0,0.02109498091980938,0.014916404057398037,0.0,0.0,5.0,0.04716981132075472,5.0,0.04716981132075472,111.0,111.0,111.0,111.0,106.0,111.0,,,1.0,3,7,29,111.0,0.0,SAME,1.0
DWAL,2021-07-30,111.0,111.0,111.0,111.0,111.0,106.0,0.0,0.0,0.0,0.0,0.0,0.0,0.0,0.0,111.0,111.0,109.0,110.92187888064818,110.56235586133211,109.58663135200575,0.0,0.0,0.014916404057398037,0.0,0.0,0.0,0.0,5.0,0.04716981132075472,111.0,111.0,111.0,111.0,106.0,111.0,,,1.0,4,7,30,111.0,0.0,SAME,1.0
DWAL,2021-08-02,111.0,111.0,111.0,111.0,111.0,106.0,0.0,0.0,0.0,0.0,0.0,0.0,0.0,0.0,111.0,111.0,109.5,110.9609394403241,110.70823724088808,109.84360746982289,0.0,0.0,0.014916404057398037,0.0,0.0,0.0,0.0,5.0,0.04716981132075472,111.0,111.0,111.0,111.0,106.0,111.0,,,1.0,0,8,2,111.0,0.0,SAME,1.0
DWAL,2021-08-03,111.0,111.0,111.0,111.0,111.0,106.0,0.0,0.0,0.0,0.0,0.0,0.0,0.0,0.0,111.0,111.0,110.0,110.98046972016205,110.8054914939254,110.05386065712781,0.0,0.0,0.014916404057398037,0.0,0.0,0.0,0.0,5.0,0.04716981132075472,111.0,111.0,111.0,111.0,106.0,111.0,,,1.0,1,8,3,111.0,0.0,SAME,1.0
DWAL,2021-08-04,111.0,111.0,111.0,111.0,111.0,106.0,0.0,0.0,0.0,0.0,0.0,0.0,0.0,0.0,111.0,111.0,110.5,110.99023486008102,110.87032766261694,110.22588599219549,0.0,0.0,0.014916404057398037,0.0,0.0,0.0,0.0,5.0,0.04716981132075472,111.0,111.0,111.0,111.0,106.0,111.0,,,1.0,2,8,4,111.0,0.0,SAME,1.0
DWAL,2021-08-05,111.0,111.0,111.0,111.0,111.0,106.0,0.0,0.0,0.0,0.0,0.0,0.0,0.0,0.0,111.0,111.0,111.0,110.99511743004051,110.91355177507798,110.36663399361449,0.0,0.0,0.014916404057398037,0.0,0.0,0.0,0.0,5.0,0.04716981132075472,111.0,111.0,111.0,111.0,111.0,111.0,,,,3,8,5,111.0,0.0,SAME,1.0
DWAL,2021-08-06,111.0,111.0,111.0,111.0,111.0,111.0,0.0,0.0,0.0,0.0,0.0,0.0,0.0,0.0,111.0,111.0,111.0,110.99755871502026,110.942367850052,110.48179144932094,0.0,0.0,0.0,0.0,0.0,0.0,0.0,0.0,0.0,111.0,111.0,111.0,111.0,111.0,111.0,,,,4,8,6,110.0,-1.0,DOWN,0.0
DWAL,2021-08-09,110.0,111.0,111.0,111.0,111.0,111.0,-1.0,-1.0,-1.0,-0.009009009009009028,-0.009009009009009028,-0.009009009009009028,-0.009049835519917927,-0.009049835519917927,110.66666666666667,110.8,110.9,110.49877935751013,110.628245233368,110.39419300398986,0.00520135377646186,0.00402895131081044,0.002848898792944492,-1.0,-0.009009009009009009,-1.0,-0.009009009009009009,-1.0,-0.009009009009009009,110.0,111.0,110.0,111.0,110.0,111.0,0.0,0.0,0.0,0,8,9,110.0,0.0,SAME,1.0
DWAL,2021-08-10,110.0,110.0,111.0,111.0,111.0,111.0,0.0,-1.0,-1.0,0.0,-0.009009009009009028,-0.009009009009009028,0.0,-0.009049835519917927,110.33333333333333,110.6,110.8,110.24938967875507,110.41883015557869,110.32252154871897,0.00520135377646186,0.00402895131081044,0.002848898792944492,-1.0,-0.009009009009009009,-1.0,-0.009009009009009009,-1.0,-0.009009009009009009,110.0,111.0,110.0,111.0,110.0,111.0,0.0,0.0,0.0,1,8,10,110.0,0.0,SAME,1.0
DWAL,2021-08-11,110.0,110.0,110.0,111.0,111.0,111.0,0.0,0.0,-1.0,0.0,0.0,-0.009009009009009028,0.0,0.0,110.0,110.4,110.7,110.12469483937753,110.27922010371913,110.2638812671337,0.00520135377646186,0.00402895131081044,0.002848898792944492,-1.0,-0.009009009009009009,-1.0,-0.009009009009009009,-1.0,-0.009009009009009009,110.0,110.0,110.0,111.0,110.0,111.0,,0.0,0.0,2,8,11,110.0,0.0,SAME,1.0
DWAL,2021-08-12,110.0,110.0,110.0,110.0,111.0,111.0,0.0,0.0,0.0,0.0,0.0,0.0,0.0,0.0,110.0,110.2,110.6,110.06234741968876,110.18614673581277,110.21590285492756,0.0,0.00402895131081044,0.002848898792944492,0.0,0.0,-1.0,-0.009009009009009009,-1.0,-0.009009009009009009,110.0,110.0,110.0,111.0,110.0,111.0,,0.0,0.0,3,8,12,110.0,0.0,SAME,1.0
DWAL,2021-08-13,110.0,110.0,110.0,110.0,111.0,111.0,0.0,0.0,0.0,0.0,0.0,0.0,0.0,0.0,110.0,110.0,110.5,110.03117370984438,110.12409782387519,110.17664779039528,0.0,0.00402895131081044,0.002848898792944492,0.0,0.0,-1.0,-0.009009009009009009,-1.0,-0.009009009009009009,110.0,110.0,110.0,110.0,110.0,111.0,,,0.0,4,8,13,106.0,-4.0,DOWN,0.0
DWAL,2021-08-16,106.0,110.0,110.0,110.0,110.0,111.0,-4.0,-4.0,-4.0,-0.036363636363636376,-0.036363636363636376,-0.036363636363636376,-0.0370412716803491,-0.0370412716803491,108.66666666666667,109.2,110.0,108.01558685492219,108.74939854925013,109.41725728305067,0.02099455524325387,0.016262312563634838,0.011535494008108679,-4.0,-0.03636363636363636,-4.0,-0.03636363636363636,-5.0,-0.04504504504504504,106.0,110.0,106.0,110.0,106.0,111.0,0.0,0.0,0.0,0,8,16,106.0,0.0,SAME,1.0
DWAL,2021-08-17,106.0,106.0,110.0,110.0,110.0,111.0,0.0,-4.0,-4.0,0.0,-0.036363636363636376,-0.036363636363636376,0.0,-0.0370412716803491,107.33333333333333,108.4,109.5,107.0077934274611,107.83293236616676,108.79593777704144,0.020994555243253867,0.016262312563634838,0.011535494008108679,-4.0,-0.03636363636363636,-4.0,-0.03636363636363636,-5.0,-0.04504504504504504,106.0,110.0,106.0,110.0,106.0,111.0,0.0,0.0,0.0,1,8,17,106.0,0.0,SAME,1.0
DWAL,2021-08-18,106.0,106.0,106.0,110.0,110.0,111.0,0.0,0.0,-4.0,0.0,0.0,-0.036363636363636376,0.0,0.0,106.0,107.6,109.0,106.50389671373054,107.22195491077784,108.287585453943,0.020994555243253867,0.016262312563634838,0.011535494008108679,-4.0,-0.03636363636363636,-4.0,-0.03636363636363636,-5.0,-0.04504504504504504,106.0,106.0,106.0,110.0,106.0,111.0,,0.0,0.0,2,8,18,106.0,0.0,SAME,1.0
DWAL,2021-08-19,106.0,106.0,106.0,106.0,110.0,111.0,0.0,0.0,0.0,0.0,0.0,0.0,0.0,0.0,106.0,106.8,108.5,106.25194835686527,106.81463660718524,107.87166082595334,0.0,0.016262312563634838,0.011535494008108679,0.0,0.0,-4.0,-0.03636363636363636,-5.0,-0.04504504504504504,106.0,106.0,106.0,110.0,106.0,111.0,,0.0,0.0,3,8,19,106.0,0.0,SAME,1.0
DWAL,2021-08-20,106.0,106.0,106.0,106.0,110.0,111.0,0.0,0.0,0.0,0.0,0.0,0.0,0.0,0.0,106.0,106.0,108.0,106.12597417843264,106.54309107145683,107.53135885759818,0.0,0.016262312563634838,0.011535494008108679,0.0,0.0,-4.0,-0.03636363636363636,-5.0,-0.04504504504504504,106.0,106.0,106.0,106.0,106.0,110.0,,,0.0,4,8,20,106.0,0.0,SAME,1.0
DWAL,2021-08-23,106.0,106.0,106.0,106.0,106.0,110.0,0.0,0.0,0.0,0.0,0.0,0.0,0.0,0.0,106.0,106.0,107.6,106.06298708921632,106.36206071430456,107.25292997439851,0.0,0.0,0.011499191491521388,0.0,0.0,0.0,0.0,-4.0,-0.03636363636363636,106.0,106.0,106.0,106.0,106.0,110.0,,,0.0,0,8,23,106.0,0.0,SAME,1.0
DWAL,2021-08-24,106.0,106.0,106.0,106.0,106.0,110.0,0.0,0.0,0.0,0.0,0.0,0.0,0.0,0.0,106.0,106.0,107.2,106.03149354460817,106.24137380953638,107.02512452450787,0.0,0.0,0.011499191491521388,0.0,0.0,0.0,0.0,-4.0,-0.03636363636363636,106.0,106.0,106.0,106.0,106.0,110.0,,,0.0,1,8,24,106.0,0.0,SAME,1.0
DWAL,2021-08-25,106.0,106.0,106.0,106.0,106.0,110.0,0.0,0.0,0.0,0.0,0.0,0.0,0.0,0.0,106.0,106.0,106.8,106.01574677230408,106.16091587302427,106.83873824732461,0.0,0.0,0.011499191491521388,0.0,0.0,0.0,0.0,-4.0,-0.03636363636363636,106.0,106.0,106.0,106.0,106.0,110.0,,,0.0,2,8,25,106.0,0.0,SAME,1.0
DWAL,2021-08-26,106.0,106.0,106.0,106.0,106.0,110.0,0.0,0.0,0.0,0.0,0.0,0.0,0.0,0.0,106.0,106.0,106.4,106.00787338615204,106.10727724868285,106.68624038417468,0.0,0.0,0.011499191491521388,0.0,0.0,0.0,0.0,-4.0,-0.03636363636363636,106.0,106.0,106.0,106.0,106.0,110.0,,,0.0,3,8,26,106.0,0.0,SAME,1.0
DWAL,2021-08-27,106.0,106.0,106.0,106.0,106.0,110.0,0.0,0.0,0.0,0.0,0.0,0.0,0.0,0.0,106.0,106.0,106.0,106.00393669307601,106.07151816578858,106.56146940523382,0.0,0.0,0.011499191491521388,0.0,0.0,0.0,0.0,-4.0,-0.03636363636363636,106.0,106.0,106.0,106.0,106.0,106.0,,,,4,8,27,106.0,0.0,SAME,1.0
DWAL,2021-08-30,106.0,106.0,106.0,106.0,106.0,106.0,0.0,0.0,0.0,0.0,0.0,0.0,0.0,0.0,106.0,106.0,106.0,106.001968346538,106.04767877719239,106.45938405882768,0.0,0.0,0.0,0.0,0.0,0.0,0.0,0.0,0.0,106.0,106.0,106.0,106.0,106.0,106.0,,,,0,8,30,106.0,0.0,SAME,1.0
DWAL,2021-08-31,106.0,106.0,106.0,106.0,106.0,106.0,0.0,0.0,0.0,0.0,0.0,0.0,0.0,0.0,106.0,106.0,106.0,106.000984173269,106.03178585146159,106.37585968449537,0.0,0.0,0.0,0.0,0.0,0.0,0.0,0.0,0.0,106.0,106.0,106.0,106.0,106.0,106.0,,,,1,8,31,106.0,0.0,SAME,1.0
DWAL,2021-09-01,106.0,106.0,106.0,106.0,106.0,106.0,0.0,0.0,0.0,0.0,0.0,0.0,0.0,0.0,106.0,106.0,106.0,106.0004920866345,106.02119056764107,106.30752156004166,0.0,0.0,0.0,0.0,0.0,0.0,0.0,0.0,0.0,106.0,106.0,106.0,106.0,106.0,106.0,,,,2,9,1,106.0,0.0,SAME,1.0
DWAL,2021-09-02,106.0,106.0,106.0,106.0,106.0,106.0,0.0,0.0,0.0,0.0,0.0,0.0,0.0,0.0,106.0,106.0,106.0,106.00024604331725,106.01412704509406,106.251608549125,0.0,0.0,0.0,0.0,0.0,0.0,0.0,0.0,0.0,106.0,106.0,106.0,106.0,106.0,106.0,,,,3,9,2,106.0,0.0,SAME,1.0
DWAL,2021-09-03,106.0,106.0,106.0,106.0,106.0,106.0,0.0,0.0,0.0,0.0,0.0,0.0,0.0,0.0,106.0,106.0,106.0,106.00012302165862,106.0094180300627,106.20586154019318,0.0,0.0,0.0,0.0,0.0,0.0,0.0,0.0,0.0,106.0,106.0,106.0,106.0,106.0,106.0,,,,4,9,3,106.0,0.0,SAME,1.0
DWAL,2021-09-06,106.0,106.0,106.0,106.0,106.0,106.0,0.0,0.0,0.0,0.0,0.0,0.0,0.0,0.0,106.0,106.0,106.0,106.00006151082931,106.00627868670847,106.16843216924897,0.0,0.0,0.0,0.0,0.0,0.0,0.0,0.0,0.0,106.0,106.0,106.0,106.0,106.0,106.0,,,,0,9,6,106.0,0.0,SAME,1.0
DWAL,2021-09-07,106.0,106.0,106.0,106.0,106.0,106.0,0.0,0.0,0.0,0.0,0.0,0.0,0.0,0.0,106.0,106.0,106.0,106.00003075541466,106.00418579113898,106.13780813847643,0.0,0.0,0.0,0.0,0.0,0.0,0.0,0.0,0.0,106.0,106.0,106.0,106.0,106.0,106.0,,,,1,9,7,106.0,0.0,SAME,1.0
DWAL,2021-09-08,106.0,106.0,106.0,106.0,106.0,106.0,0.0,0.0,0.0,0.0,0.0,0.0,0.0,0.0,106.0,106.0,106.0,106.00001537770733,106.00279052742599,106.11275211329888,0.0,0.0,0.0,0.0,0.0,0.0,0.0,0.0,0.0,106.0,106.0,106.0,106.0,106.0,106.0,,,,2,9,8,106.0,0.0,SAME,1.0
DWAL,2021-09-09,106.0,106.0,106.0,106.0,106.0,106.0,0.0,0.0,0.0,0.0,0.0,0.0,0.0,0.0,106.0,106.0,106.0,106.00000768885366,106.00186035161732,106.09225172906272,0.0,0.0,0.0,0.0,0.0,0.0,0.0,0.0,0.0,106.0,106.0,106.0,106.0,106.0,106.0,,,,3,9,9,106.0,0.0,SAME,1.0
DWAL,2021-09-10,106.0,106.0,106.0,106.0,106.0,106.0,0.0,0.0,0.0,0.0,0.0,0.0,0.0,0.0,106.0,106.0,106.0,106.00000384442683,106.00124023441155,106.07547868741494,0.0,0.0,0.0,0.0,0.0,0.0,0.0,0.0,0.0,106.0,106.0,106.0,106.0,106.0,106.0,,,,4,9,10,106.0,0.0,SAME,1.0
DWAL,2021-09-13,106.0,106.0,106.0,106.0,106.0,106.0,0.0,0.0,0.0,0.0,0.0,0.0,0.0,0.0,106.0,106.0,106.0,106.00000192221341,106.00082682294104,106.06175528970314,0.0,0.0,0.0,0.0,0.0,0.0,0.0,0.0,0.0,106.0,106.0,106.0,106.0,106.0,106.0,,,,0,9,13,106.0,0.0,SAME,1.0
DWAL,2021-09-14,106.0,106.0,106.0,106.0,106.0,106.0,0.0,0.0,0.0,0.0,0.0,0.0,0.0,0.0,106.0,106.0,106.0,106.00000096110671,106.00055121529402,106.05052705521166,0.0,0.0,0.0,0.0,0.0,0.0,0.0,0.0,0.0,106.0,106.0,106.0,106.0,106.0,106.0,,,,1,9,14,106.0,0.0,SAME,1.0
DWAL,2021-09-15,106.0,106.0,106.0,106.0,106.0,106.0,0.0,0.0,0.0,0.0,0.0,0.0,0.0,0.0,106.0,106.0,106.0,106.00000048055335,106.00036747686269,106.04134031790045,0.0,0.0,0.0,0.0,0.0,0.0,0.0,0.0,0.0,106.0,106.0,106.0,106.0,106.0,106.0,,,,2,9,15,106.0,0.0,SAME,1.0
DWAL,2021-09-20,106.0,106.0,106.0,106.0,106.0,106.0,0.0,0.0,0.0,0.0,0.0,0.0,0.0,0.0,106.0,106.0,106.0,106.00000024027668,106.00024498457513,106.03382389646399,0.0,0.0,0.0,0.0,0.0,0.0,0.0,0.0,0.0,106.0,106.0,106.0,106.0,106.0,106.0,,,,0,9,20,106.0,0.0,SAME,1.0
DWAL,2021-09-21,106.0,106.0,106.0,106.0,106.0,106.0,0.0,0.0,0.0,0.0,0.0,0.0,0.0,0.0,106.0,106.0,106.0,106.00000012013834,106.00016332305009,106.02767409710688,0.0,0.0,0.0,0.0,0.0,0.0,0.0,0.0,0.0,106.0,106.0,106.0,106.0,106.0,106.0,,,,1,9,21,106.0,0.0,SAME,1.0
DWAL,2021-09-22,106.0,106.0,106.0,106.0,106.0,106.0,0.0,0.0,0.0,0.0,0.0,0.0,0.0,0.0,106.0,106.0,106.0,106.00000006006917,106.0001088820334,106.02264244308745,0.0,0.0,0.0,0.0,0.0,0.0,0.0,0.0,0.0,106.0,106.0,106.0,106.0,106.0,106.0,,,,2,9,22,106.0,0.0,SAME,1.0
DWAL,2021-09-23,106.0,106.0,106.0,106.0,106.0,106.0,0.0,0.0,0.0,0.0,0.0,0.0,0.0,0.0,106.0,106.0,106.0,106.00000003003458,106.00007258802228,106.01852563525335,0.0,0.0,0.0,0.0,0.0,0.0,0.0,0.0,0.0,106.0,106.0,106.0,106.0,106.0,106.0,,,,3,9,23,106.0,0.0,SAME,1.0
DWAL,2021-09-24,106.0,106.0,106.0,106.0,106.0,106.0,0.0,0.0,0.0,0.0,0.0,0.0,0.0,0.0,106.0,106.0,106.0,106.00000001501729,106.00004839201486,106.01515733793457,0.0,0.0,0.0,0.0,0.0,0.0,0.0,0.0,0.0,106.0,106.0,106.0,106.0,106.0,106.0,,,,4,9,24,106.0,0.0,SAME,1.0
DWAL,2021-09-27,106.0,106.0,106.0,106.0,106.0,106.0,0.0,0.0,0.0,0.0,0.0,0.0,0.0,0.0,106.0,106.0,106.0,106.00000000750865,106.00003226134325,106.01240145831011,0.0,0.0,0.0,0.0,0.0,0.0,0.0,0.0,0.0,106.0,106.0,106.0,106.0,106.0,106.0,,,,0,9,27,106.0,0.0,SAME,1.0
DWAL,2021-09-28,106.0,106.0,106.0,106.0,106.0,106.0,0.0,0.0,0.0,0.0,0.0,0.0,0.0,0.0,106.0,106.0,106.0,106.00000000375432,106.00002150756217,106.01014664770827,0.0,0.0,0.0,0.0,0.0,0.0,0.0,0.0,0.0,106.0,106.0,106.0,106.0,106.0,106.0,,,,1,9,28,106.0,0.0,SAME,1.0
DWAL,2021-09-29,106.0,106.0,106.0,106.0,106.0,106.0,0.0,0.0,0.0,0.0,0.0,0.0,0.0,0.0,106.0,106.0,106.0,106.00000000187717,106.00001433837478,106.00830180267039,0.0,0.0,0.0,0.0,0.0,0.0,0.0,0.0,0.0,106.0,106.0,106.0,106.0,106.0,106.0,,,,2,9,29,106.0,0.0,SAME,1.0
DWAL,2021-09-30,106.0,106.0,106.0,106.0,106.0,106.0,0.0,0.0,0.0,0.0,0.0,0.0,0.0,0.0,106.0,106.0,106.0,106.00000000093858,106.00000955891653,106.00679238400303,0.0,0.0,0.0,0.0,0.0,0.0,0.0,0.0,0.0,106.0,106.0,106.0,106.0,106.0,106.0,,,,3,9,30,106.0,0.0,SAME,1.0
DWAL,2021-10-01,106.0,106.0,106.0,106.0,106.0,106.0,0.0,0.0,0.0,0.0,0.0,0.0,0.0,0.0,106.0,106.0,106.0,106.0000000004693,106.00000637261103,106.00555740509338,0.0,0.0,0.0,0.0,0.0,0.0,0.0,0.0,0.0,106.0,106.0,106.0,106.0,106.0,106.0,,,,4,10,1,106.0,0.0,SAME,1.0
DWAL,2021-10-04,106.0,106.0,106.0,106.0,106.0,106.0,0.0,0.0,0.0,0.0,0.0,0.0,0.0,0.0,106.0,106.0,106.0,106.00000000023465,106.00000424840735,106.00454696780366,0.0,0.0,0.0,0.0,0.0,0.0,0.0,0.0,0.0,106.0,106.0,106.0,106.0,106.0,106.0,,,,0,10,4,106.0,0.0,SAME,1.0
DWAL,2021-10-05,106.0,106.0,106.0,106.0,106.0,106.0,0.0,0.0,0.0,0.0,0.0,0.0,0.0,0.0,106.0,106.0,106.0,106.00000000011732,106.00000283227158,106.0037202463848,0.0,0.0,0.0,0.0,0.0,0.0,0.0,0.0,0.0,106.0,106.0,106.0,106.0,106.0,106.0,,,,1,10,5,106.0,0.0,SAME,1.0
DWAL,2021-10-06,106.0,106.0,106.0,106.0,106.0,106.0,0.0,0.0,0.0,0.0,0.0,0.0,0.0,0.0,106.0,106.0,106.0,106.00000000005866,106.00000188818106,106.0030438379512,0.0,0.0,0.0,0.0,0.0,0.0,0.0,0.0,0.0,106.0,106.0,106.0,106.0,106.0,106.0,,,,2,10,6,106.0,0.0,SAME,1.0
DWAL,2021-10-07,106.0,106.0,106.0,106.0,106.0,106.0,0.0,0.0,0.0,0.0,0.0,0.0,0.0,0.0,106.0,106.0,106.0,106.00000000002933,106.00000125878738,106.00249041286915,0.0,0.0,0.0,0.0,0.0,0.0,0.0,0.0,0.0,106.0,106.0,106.0,106.0,106.0,106.0,,,,3,10,7,106.0,0.0,SAME,1.0
DWAL,2021-10-08,106.0,106.0,106.0,106.0,106.0,106.0,0.0,0.0,0.0,0.0,0.0,0.0,0.0,0.0,106.0,106.0,106.0,106.00000000001467,106.00000083919159,106.0020376105293,0.0,0.0,0.0,0.0,0.0,0.0,0.0,0.0,0.0,106.0,106.0,106.0,106.0,106.0,106.0,,,,4,10,8,106.0,0.0,SAME,1.0
DWAL,2021-10-11,106.0,106.0,106.0,106.0,106.0,106.0,0.0,0.0,0.0,0.0,0.0,0.0,0.0,0.0,106.0,106.0,106.0,106.00000000000733,106.00000055946106,106.0016671358876,0.0,0.0,0.0,0.0,0.0,0.0,0.0,0.0,0.0,106.0,106.0,106.0,106.0,106.0,106.0,,,,0,10,11,106.0,0.0,SAME,1.0
DWAL,2021-10-12,106.0,106.0,106.0,106.0,106.0,106.0,0.0,0.0,0.0,0.0,0.0,0.0,0.0,0.0,106.0,106.0,106.0,106.00000000000367,106.00000037297404,106.00136402027167,0.0,0.0,0.0,0.0,0.0,0.0,0.0,0.0,0.0,106.0,106.0,106.0,106.0,106.0,106.0,,,,1,10,12,106.0,0.0,SAME,1.0
DWAL,2021-10-13,106.0,106.0,106.0,106.0,106.0,106.0,0.0,0.0,0.0,0.0,0.0,0.0,0.0,0.0,106.0,106.0,106.0,106.00000000000183,106.00000024864937,106.00111601658591,0.0,0.0,0.0,0.0,0.0,0.0,0.0,0.0,0.0,106.0,106.0,106.0,106.0,106.0,106.0,,,,2,10,13,106.0,0.0,SAME,1.0
DWAL,2021-10-14,106.0,106.0,106.0,106.0,106.0,106.0,0.0,0.0,0.0,0.0,0.0,0.0,0.0,0.0,106.0,106.0,106.0,106.00000000000091,106.00000016576625,106.00091310447937,0.0,0.0,0.0,0.0,0.0,0.0,0.0,0.0,0.0,106.0,106.0,106.0,106.0,106.0,106.0,,,,3,10,14,106.0,0.0,SAME,1.0
DWAL,2021-10-18,106.0,106.0,106.0,106.0,106.0,106.0,0.0,0.0,0.0,0.0,0.0,0.0,0.0,0.0,106.0,106.0,106.0,106.00000000000045,106.00000011051084,106.00074708548311,0.0,0.0,0.0,0.0,0.0,0.0,0.0,0.0,0.0,106.0,106.0,106.0,106.0,106.0,106.0,,,,0,10,18,106.0,0.0,SAME,1.0
DWAL,2021-10-19,106.0,106.0,106.0,106.0,106.0,106.0,0.0,0.0,0.0,0.0,0.0,0.0,0.0,0.0,106.0,106.0,106.0,106.00000000000023,106.0000000736739,106.0006112517589,0.0,0.0,0.0,0.0,0.0,0.0,0.0,0.0,0.0,106.0,106.0,106.0,106.0,106.0,106.0,,,,1,10,19,106.0,0.0,SAME,1.0
DWAL,2021-10-20,106.0,106.0,106.0,106.0,106.0,106.0,0.0,0.0,0.0,0.0,0.0,0.0,0.0,0.0,106.0,106.0,106.0,106.00000000000011,106.00000004911594,106.00050011507545,0.0,0.0,0.0,0.0,0.0,0.0,0.0,0.0,0.0,106.0,106.0,106.0,106.0,106.0,106.0,,,,2,10,20,106.0,0.0,SAME,1.0
DWAL,2021-10-21,106.0,106.0,106.0,106.0,106.0,106.0,0.0,0.0,0.0,0.0,0.0,0.0,0.0,0.0,106.0,106.0,106.0,106.00000000000006,106.00000003274397,106.00040918506173,0.0,0.0,0.0,0.0,0.0,0.0,0.0,0.0,0.0,106.0,106.0,106.0,106.0,106.0,106.0,,,,3,10,21,106.0,0.0,SAME,1.0
DWAL,2021-10-22,106.0,106.0,106.0,106.0,106.0,106.0,0.0,0.0,0.0,0.0,0.0,0.0,0.0,0.0,106.0,106.0,106.0,106.00000000000003,106.00000002182932,106.00033478777777,0.0,0.0,0.0,0.0,0.0,0.0,0.0,0.0,0.0,106.0,106.0,106.0,106.0,106.0,106.0,,,,4,10,22,106.0,0.0,SAME,1.0
DWAL,2021-10-25,106.0,106.0,106.0,106.0,106.0,106.0,0.0,0.0,0.0,0.0,0.0,0.0,0.0,0.0,106.0,106.0,106.0,106.00000000000001,106.00000001455288,106.00027391727272,0.0,0.0,0.0,0.0,0.0,0.0,0.0,0.0,0.0,106.0,106.0,106.0,106.0,106.0,106.0,,,,0,10,25,106.0,0.0,SAME,1.0
DWAL,2021-10-26,106.0,106.0,106.0,106.0,106.0,106.0,0.0,0.0,0.0,0.0,0.0,0.0,0.0,0.0,106.0,106.0,106.0,106.0,106.00000000970192,106.00022411413221,0.0,0.0,0.0,0.0,0.0,0.0,0.0,0.0,0.0,106.0,106.0,106.0,106.0,106.0,106.0,,,,1,10,26,106.0,0.0,SAME,1.0
DWAL,2021-10-28,106.0,106.0,106.0,106.0,106.0,106.0,0.0,0.0,0.0,0.0,0.0,0.0,0.0,0.0,106.0,106.0,106.0,106.0,106.00000000646796,106.00018336610816,0.0,0.0,0.0,0.0,0.0,0.0,0.0,0.0,0.0,106.0,106.0,106.0,106.0,106.0,106.0,,,,3,10,28,106.0,0.0,SAME,1.0
DWAL,2021-10-29,106.0,106.0,106.0,106.0,106.0,106.0,0.0,0.0,0.0,0.0,0.0,0.0,0.0,0.0,106.0,106.0,106.0,106.0,106.00000000431197,106.00015002681576,0.0,0.0,0.0,0.0,0.0,0.0,0.0,0.0,0.0,106.0,106.0,106.0,106.0,106.0,106.0,,,,4,10,29,106.0,0.0,SAME,1.0
DWAL,2021-11-02,106.0,106.0,106.0,106.0,106.0,106.0,0.0,0.0,0.0,0.0,0.0,0.0,0.0,0.0,106.0,106.0,106.0,106.0,106.00000000287466,106.00012274921289,0.0,0.0,0.0,0.0,0.0,0.0,0.0,0.0,0.0,106.0,106.0,106.0,106.0,106.0,106.0,,,,1,11,2,106.0,0.0,SAME,1.0
DWAL,2021-11-03,106.0,106.0,106.0,106.0,106.0,106.0,0.0,0.0,0.0,0.0,0.0,0.0,0.0,0.0,106.0,106.0,106.0,106.0,106.00000000191645,106.00010043117419,0.0,0.0,0.0,0.0,0.0,0.0,0.0,0.0,0.0,106.0,106.0,106.0,106.0,106.0,106.0,,,,2,11,3,106.0,0.0,SAME,1.0
DWAL,2021-11-04,106.0,106.0,106.0,106.0,106.0,106.0,0.0,0.0,0.0,0.0,0.0,0.0,0.0,0.0,106.0,106.0,106.0,106.0,106.00000000127764,106.0000821709607,0.0,0.0,0.0,0.0,0.0,0.0,0.0,0.0,0.0,106.0,106.0,106.0,106.0,106.0,106.0,,,,3,11,4,106.0,0.0,SAME,1.0
DWAL,2021-11-05,106.0,106.0,106.0,106.0,106.0,106.0,0.0,0.0,0.0,0.0,0.0,0.0,0.0,0.0,106.0,106.0,106.0,106.0,106.00000000085177,106.00006723078602,0.0,0.0,0.0,0.0,0.0,0.0,0.0,0.0,0.0,106.0,106.0,106.0,106.0,106.0,106.0,,,,4,11,5,106.0,0.0,SAME,1.0
DWAL,2021-11-08,106.0,106.0,106.0,106.0,106.0,106.0,0.0,0.0,0.0,0.0,0.0,0.0,0.0,0.0,106.0,106.0,106.0,106.0,106.00000000056785,106.00005500700672,0.0,0.0,0.0,0.0,0.0,0.0,0.0,0.0,0.0,106.0,106.0,106.0,106.0,106.0,106.0,,,,0,11,8,106.0,0.0,SAME,1.0
DWAL,2021-11-09,106.0,106.0,106.0,106.0,106.0,106.0,0.0,0.0,0.0,0.0,0.0,0.0,0.0,0.0,106.0,106.0,106.0,106.0,106.00000000037858,106.00004500573277,0.0,0.0,0.0,0.0,0.0,0.0,0.0,0.0,0.0,106.0,106.0,106.0,106.0,106.0,106.0,,,,1,11,9,106.0,0.0,SAME,1.0
DWAL,2021-11-10,106.0,106.0,106.0,106.0,106.0,106.0,0.0,0.0,0.0,0.0,0.0,0.0,0.0,0.0,106.0,106.0,106.0,106.0,106.00000000025238,106.00003682287226,0.0,0.0,0.0,0.0,0.0,0.0,0.0,0.0,0.0,106.0,106.0,106.0,106.0,106.0,106.0,,,,2,11,10,106.0,0.0,SAME,1.0
DWAL,2021-11-12,106.0,106.0,106.0,106.0,106.0,106.0,0.0,0.0,0.0,0.0,0.0,0.0,0.0,0.0,106.0,106.0,106.0,106.0,106.00000000016826,106.00003012780456,0.0,0.0,0.0,0.0,0.0,0.0,0.0,0.0,0.0,106.0,106.0,106.0,106.0,106.0,106.0,,,,4,11,12,106.0,0.0,SAME,1.0
DWAL,2021-11-15,106.0,106.0,106.0,106.0,106.0,106.0,0.0,0.0,0.0,0.0,0.0,0.0,0.0,0.0,106.0,106.0,106.0,106.0,106.00000000011218,106.00002465002191,0.0,0.0,0.0,0.0,0.0,0.0,0.0,0.0,0.0,106.0,106.0,106.0,106.0,106.0,106.0,,,,0,11,15,106.0,0.0,SAME,1.0
DWAL,2021-11-16,106.0,106.0,106.0,106.0,106.0,106.0,0.0,0.0,0.0,0.0,0.0,0.0,0.0,0.0,106.0,106.0,106.0,106.0,106.00000000007479,106.00002016819974,0.0,0.0,0.0,0.0,0.0,0.0,0.0,0.0,0.0,106.0,106.0,106.0,106.0,106.0,106.0,,,,1,11,16,106.0,0.0,SAME,1.0
DWAL,2021-11-17,106.0,106.0,106.0,106.0,106.0,106.0,0.0,0.0,0.0,0.0,0.0,0.0,0.0,0.0,106.0,106.0,106.0,106.0,106.00000000004987,106.00001650125432,0.0,0.0,0.0,0.0,0.0,0.0,0.0,0.0,0.0,106.0,106.0,106.0,106.0,106.0,106.0,,,,2,11,17,106.0,0.0,SAME,1.0
DWAL,2021-11-18,106.0,106.0,106.0,106.0,106.0,106.0,0.0,0.0,0.0,0.0,0.0,0.0,0.0,0.0,106.0,106.0,106.0,106.0,106.00000000003325,106.00001350102625,0.0,0.0,0.0,0.0,0.0,0.0,0.0,0.0,0.0,106.0,106.0,106.0,106.0,106.0,106.0,,,,3,11,18,106.0,0.0,SAME,1.0
DWAL,2021-11-19,106.0,106.0,106.0,106.0,106.0,106.0,0.0,0.0,0.0,0.0,0.0,0.0,0.0,0.0,106.0,106.0,106.0,106.0,106.00000000002217,106.00001104629419,0.0,0.0,0.0,0.0,0.0,0.0,0.0,0.0,0.0,106.0,106.0,106.0,106.0,106.0,106.0,,,,4,11,19,106.0,0.0,SAME,1.0
DWAL,2021-11-22,106.0,106.0,106.0,106.0,106.0,106.0,0.0,0.0,0.0,0.0,0.0,0.0,0.0,0.0,106.0,106.0,106.0,106.0,106.00000000001478,106.00000903787705,0.0,0.0,0.0,0.0,0.0,0.0,0.0,0.0,0.0,106.0,106.0,106.0,106.0,106.0,106.0,,,,0,11,22,106.0,0.0,SAME,1.0
DWAL,2021-11-23,106.0,106.0,106.0,106.0,106.0,106.0,0.0,0.0,0.0,0.0,0.0,0.0,0.0,0.0,106.0,106.0,106.0,106.0,106.00000000000986,106.00000739462666,0.0,0.0,0.0,0.0,0.0,0.0,0.0,0.0,0.0,106.0,106.0,106.0,106.0,106.0,106.0,,,,1,11,23,106.0,0.0,SAME,1.0
DWAL,2021-11-24,106.0,106.0,106.0,106.0,106.0,106.0,0.0,0.0,0.0,0.0,0.0,0.0,0.0,0.0,106.0,106.0,106.0,106.0,106.00000000000658,106.0000060501491,0.0,0.0,0.0,0.0,0.0,0.0,0.0,0.0,0.0,106.0,106.0,106.0,106.0,106.0,106.0,,,,2,11,24,106.0,0.0,SAME,1.0
DWAL,2021-11-25,106.0,106.0,106.0,106.0,106.0,106.0,0.0,0.0,0.0,0.0,0.0,0.0,0.0,0.0,106.0,106.0,106.0,106.0,106.00000000000439,106.00000495012199,0.0,0.0,0.0,0.0,0.0,0.0,0.0,0.0,0.0,106.0,106.0,106.0,106.0,106.0,106.0,,,,3,11,25,106.0,0.0,SAME,1.0
DWAL,2021-11-26,106.0,106.0,106.0,106.0,106.0,106.0,0.0,0.0,0.0,0.0,0.0,0.0,0.0,0.0,106.0,106.0,106.0,106.0,106.00000000000293,106.00000405009982,0.0,0.0,0.0,0.0,0.0,0.0,0.0,0.0,0.0,106.0,106.0,106.0,106.0,106.0,106.0,,,,4,11,26,106.0,0.0,SAME,1.0
DWAL,2021-11-29,106.0,106.0,106.0,106.0,106.0,106.0,0.0,0.0,0.0,0.0,0.0,0.0,0.0,0.0,106.0,106.0,106.0,106.0,106.00000000000196,106.00000331371803,0.0,0.0,0.0,0.0,0.0,0.0,0.0,0.0,0.0,106.0,106.0,106.0,106.0,106.0,106.0,,,,0,11,29,106.0,0.0,SAME,1.0
DWAL,2021-11-30,106.0,106.0,106.0,106.0,106.0,106.0,0.0,0.0,0.0,0.0,0.0,0.0,0.0,0.0,106.0,106.0,106.0,106.0,106.00000000000131,106.00000271122383,0.0,0.0,0.0,0.0,0.0,0.0,0.0,0.0,0.0,106.0,106.0,106.0,106.0,106.0,106.0,,,,1,11,30,111.0,5.0,UP,2.0
DWAL,2021-12-01,111.0,106.0,106.0,106.0,106.0,106.0,5.0,5.0,5.0,0.04716981132075482,0.04716981132075482,0.04716981132075482,0.04609110720026709,0.04609110720026709,107.66666666666667,107.0,106.5,108.5,107.66666666666755,106.90909312736495,0.027233503263657567,0.02109498091980938,0.014916404057398035,5.0,0.04716981132075472,5.0,0.04716981132075472,5.0,0.04716981132075472,106.0,111.0,106.0,111.0,106.0,111.0,1.0,1.0,1.0,2,12,1,116.5,5.5,UP,2.0
DWAL,2021-12-02,116.5,111.0,106.0,106.0,106.0,106.0,5.5,10.5,10.5,0.04954954954954949,0.09905660377358494,0.09905660377358494,0.04836107169342106,0.09445217889368815,111.16666666666667,109.1,107.55,112.5,110.61111111111171,108.65289437693497,0.02794581696376972,0.026501047182926746,0.02039794511405186,10.5,0.09905660377358491,10.5,0.09905660377358491,10.5,0.09905660377358491,106.0,116.5,106.0,116.5,106.0,116.5,1.0,1.0,1.0,3,12,2,116.5,0.0,SAME,1.0
DWAL,2021-12-03,116.5,116.5,111.0,106.0,106.0,106.0,0.0,5.5,10.5,0.0,0.04954954954954949,0.09905660377358494,0.0,0.04836107169342106,114.66666666666667,111.2,108.6,114.5,112.57407407407447,110.07964085385588,0.027945816963769715,0.026501047182926746,0.02039794511405186,10.5,0.09905660377358491,10.5,0.09905660377358491,10.5,0.09905660377358491,111.0,116.5,106.0,116.5,106.0,116.5,1.0,1.0,1.0,4,12,3,116.5,0.0,SAME,1.0
DWAL,2021-12-06,116.5,116.5,116.5,111.0,106.0,106.0,0.0,0.0,5.5,0.0,0.0,0.04954954954954949,0.0,0.0,116.5,113.3,109.65,115.5,113.88271604938299,111.24697888042753,0.028607445770653203,0.026501047182926746,0.02039794511405186,5.5,0.04954954954954955,10.5,0.09905660377358491,10.5,0.09905660377358491,116.5,116.5,106.0,116.5,106.0,116.5,,1.0,1.0,0,12,6,116.5,0.0,SAME,1.0
DWAL,2021-12-07,116.5,116.5,116.5,116.5,106.0,106.0,0.0,0.0,0.0,0.0,0.0,0.0,0.0,0.0,116.5,115.4,110.7,116.0,114.755144032922,112.2020736294407,0.0,0.026501047182926746,0.02039794511405186,0.0,0.0,10.5,0.09905660377358491,10.5,0.09905660377358491,116.5,116.5,111.0,116.5,106.0,116.5,,1.0,1.0,1,12,7,116.5,0.0,SAME,1.0
DWAL,2021-12-08,116.5,116.5,116.5,116.5,111.0,106.0,0.0,0.0,0.0,0.0,0.0,0.0,0.0,0.0,116.5,116.5,111.75,116.25,115.33676268861467,112.98351478772422,0.0,0.022159232209457345,0.02039794511405186,0.0,0.0,5.5,0.04954954954954955,10.5,0.09905660377358491,116.5,116.5,116.5,116.5,106.0,116.5,,,1.0,2,12,8,116.5,0.0,SAME,1.0
DWAL,2021-12-09,116.5,116.5,116.5,116.5,116.5,106.0,0.0,0.0,0.0,0.0,0.0,0.0,0.0,0.0,116.5,116.5,112.8,116.375,115.72450845907645,113.62287573541072,0.0,0.0,0.02039794511405186,0.0,0.0,0.0,0.0,10.5,0.09905660377358491,116.5,116.5,116.5,116.5,106.0,116.5,,,1.0,3,12,9,116.5,0.0,SAME,1.0
DWAL,2021-12-10,116.5,116.5,116.5,116.5,116.5,106.0,0.0,0.0,0.0,0.0,0.0,0.0,0.0,0.0,116.5,116.5,113.85,116.4375,115.9830056393843,114.14598923806331,0.0,0.0,0.02039794511405186,0.0,0.0,0.0,0.0,10.5,0.09905660377358491,116.5,116.5,116.5,116.5,106.0,116.5,,,1.0,4,12,10,116.5,0.0,SAME,1.0
DWAL,2021-12-13,116.5,116.5,116.5,116.5,116.5,106.0,0.0,0.0,0.0,0.0,0.0,0.0,0.0,0.0,116.5,116.5,114.9,116.46875,116.15533709292288,114.57399119477907,0.0,0.0,0.02039794511405186,0.0,0.0,0.0,0.0,10.5,0.09905660377358491,116.5,116.5,116.5,116.5,106.0,116.5,,,1.0,0,12,13,116.5,0.0,SAME,1.0
DWAL,2021-12-14,116.5,116.5,116.5,116.5,116.5,106.0,0.0,0.0,0.0,0.0,0.0,0.0,0.0,0.0,116.5,116.5,115.95,116.484375,116.27022472861526,114.92417461391014,0.0,0.0,0.02039794511405186,0.0,0.0,0.0,0.0,10.5,0.09905660377358491,116.5,116.5,116.5,116.5,111.0,116.5,,,1.0,1,12,14,116.5,0.0,SAME,1.0
DWAL,2021-12-15,116.5,116.5,116.5,116.5,116.5,111.0,0.0,0.0,0.0,0.0,0.0,0.0,0.0,0.0,116.5,116.5,116.5,116.4921875,116.34681648574352,115.21068832047193,0.0,0.0,0.015668943361194645,0.0,0.0,0.0,0.0,5.5,0.04954954954954955,116.5,116.5,116.5,116.5,116.5,116.5,,,,2,12,15,116.5,0.0,SAME,1.0
DWAL,2021-12-16,116.5,116.5,116.5,116.5,116.5,116.5,0.0,0.0,0.0,0.0,0.0,0.0,0.0,0.0,116.5,116.5,116.5,116.49609375,116.39787765716235,115.44510862584067,0.0,0.0,0.0,0.0,0.0,0.0,0.0,0.0,0.0,116.5,116.5,116.5,116.5,116.5,116.5,,,,3,12,16,116.5,0.0,SAME,1.0
DWAL,2021-12-20,116.5,116.5,116.5,116.5,116.5,116.5,0.0,0.0,0.0,0.0,0.0,0.0,0.0,0.0,116.5,116.5,116.5,116.498046875,116.43191843810824,115.63690705750601,0.0,0.0,0.0,0.0,0.0,0.0,0.0,0.0,0.0,116.5,116.5,116.5,116.5,116.5,116.5,,,,0,12,20,116.5,0.0,SAME,1.0
DWAL,2021-12-21,116.5,116.5,116.5,116.5,116.5,116.5,0.0,0.0,0.0,0.0,0.0,0.0,0.0,0.0,116.5,116.5,116.5,116.4990234375,116.45461229207217,115.79383304705037,0.0,0.0,0.0,0.0,0.0,0.0,0.0,0.0,0.0,116.5,116.5,116.5,116.5,116.5,116.5,,,,1,12,21,116.5,0.0,SAME,1.0
DWAL,2021-12-23,116.5,116.5,116.5,116.5,116.5,116.5,0.0,0.0,0.0,0.0,0.0,0.0,0.0,0.0,116.5,116.5,116.5,116.49951171875,116.46974152804812,115.92222703849576,0.0,0.0,0.0,0.0,0.0,0.0,0.0,0.0,0.0,116.5,116.5,116.5,116.5,116.5,116.5,,,,3,12,23,116.5,0.0,SAME,1.0
DWAL,2021-12-24,116.5,116.5,116.5,116.5,116.5,116.5,0.0,0.0,0.0,0.0,0.0,0.0,0.0,0.0,116.5,116.5,116.5,116.499755859375,116.47982768536542,116.02727666786016,0.0,0.0,0.0,0.0,0.0,0.0,0.0,0.0,0.0,116.5,116.5,116.5,116.5,116.5,116.5,,,,4,12,24,116.5,0.0,SAME,1.0
DWAL,2021-12-27,116.5,116.5,116.5,116.5,116.5,116.5,0.0,0.0,0.0,0.0,0.0,0.0,0.0,0.0,116.5,116.5,116.5,116.4998779296875,116.48655179024362,116.11322636461286,0.0,0.0,0.0,0.0,0.0,0.0,0.0,0.0,0.0,116.5,116.5,116.5,116.5,116.5,116.5,,,,0,12,27,120.0,3.5,UP,2.0
DWAL,2021-12-28,120.0,116.5,116.5,116.5,116.5,116.5,3.5,3.5,3.5,0.030042918454935563,0.030042918454935563,0.030042918454935563,0.029600469776290682,0.029600469776290682,117.66666666666667,117.2,116.85,118.24993896484375,117.65770119349575,116.81991248013779,0.017345287057192613,0.013435601581543775,0.009500404987630294,3.5,0.030042918454935622,3.5,0.030042918454935622,3.5,0.030042918454935622,116.5,120.0,116.5,120.0,116.5,120.0,1.0,1.0,1.0,1,12,28,119.0,-1.0,DOWN,0.0
DWAL,2021-12-29,119.0,120.0,116.5,116.5,116.5,116.5,-1.0,2.5,2.5,-0.008333333333333304,0.02145922746781115,0.02145922746781115,-0.00836824967051658,0.021232220105774118,118.5,117.7,117.1,118.62496948242188,118.10513412899718,117.21629202920364,0.02018563059476397,0.014813508839096268,0.010137339038969528,2.5,0.02145922746781116,2.5,0.02145922746781116,2.5,0.02145922746781116,116.5,120.0,116.5,120.0,116.5,120.0,0.7142857142857143,0.7142857142857143,0.7142857142857143,2,12,29,119.0,0.0,SAME,1.0
DWAL,2021-12-30,119.0,119.0,120.0,116.5,116.5,116.5,0.0,-1.0,2.5,0.0,-0.008333333333333304,0.02145922746781115,0.0,-0.00836824967051658,119.33333333333333,118.2,117.35,118.81248474121094,118.4034227526648,117.54060256934844,0.02018563059476397,0.014813508839096268,0.010137339038969528,2.5,0.02145922746781116,2.5,0.02145922746781116,2.5,0.02145922746781116,119.0,120.0,116.5,120.0,116.5,120.0,0.0,0.7142857142857143,0.7142857142857143,3,12,30,119.0,0.0,SAME,1.0
DWAL,2021-12-31,119.0,119.0,119.0,120.0,116.5,116.5,0.0,0.0,-1.0,0.0,0.0,-0.008333333333333304,0.0,0.0,119.0,118.7,117.6,118.90624237060547,118.60228183510986,117.80594755673962,0.004811252243223817,0.014813508839096268,0.010137339038969528,-1.0,-0.008333333333333333,2.5,0.02145922746781116,2.5,0.02145922746781116,119.0,119.0,116.5,120.0,116.5,120.0,,0.7142857142857143,0.7142857142857143,4,12,31,119.01,0.010000000000005116,UP,2.0
DWAL,2022-01-03,119.01,119.0,119.0,119.0,116.5,116.5,0.010000000000005116,0.010000000000005116,0.010000000000005116,8.403361344533344e-05,8.403361344533344e-05,8.403361344533344e-05,8.403008281903191e-05,8.403008281903191e-05,119.00333333333333,119.202,117.851,118.95812118530273,118.73818789007325,118.02486618278697,4.85168270567319e-05,0.014807397575779624,0.010135374101661506,0.010000000000005116,8.403361344542114e-05,2.510000000000005,0.021545064377682447,2.510000000000005,0.021545064377682447,119.0,119.01,119.0,120.0,116.5,120.0,1.0,0.010000000000005116,0.7171428571428586,0,1,3,119.01,0.0,SAME,1.0
DWAL,2022-01-04,119.01,119.01,119.0,119.0,120.0,116.5,0.0,0.010000000000005116,0.010000000000005116,0.0,8.403361344533344e-05,8.403361344533344e-05,0.0,8.403008281903191e-05,119.00666666666667,119.00399999999999,118.102,118.98406059265136,118.82879192671551,118.20398142228024,4.85168270567319e-05,0.0037363523963527554,0.010135374101661506,0.010000000000005116,8.403361344542114e-05,-0.9899999999999949,-0.008249999999999957,2.510000000000005,0.021545064377682447,119.0,119.01,119.0,119.01,116.5,120.0,1.0,1.0,0.7171428571428586,1,1,4,119.01,0.0,SAME,1.0
DWAL,2022-01-05,119.01,119.01,119.01,119.0,119.0,116.5,0.0,0.0,0.010000000000005116,0.0,0.0,8.403361344533344e-05,0.0,0.0,119.01,119.006,118.353,118.99703029632568,118.88919461781035,118.35053025459291,4.85168270567319e-05,3.7580974411833654e-05,0.010135374101661506,0.010000000000005116,8.403361344542114e-05,0.010000000000005116,8.403361344542114e-05,2.510000000000005,0.021545064377682447,119.01,119.01,119.0,119.01,116.5,120.0,,1.0,0.7171428571428586,2,1,5,119.01,0.0,SAME,1.0
DWAL,2022-01-06,119.01,119.01,119.01,119.01,119.0,116.5,0.0,0.0,0.0,0.0,0.0,0.0,0.0,0.0,119.01,119.008,118.604,119.00351514816285,118.92946307854024,118.47043384466693,0.0,3.7580974411833654e-05,0.010135374101661506,0.0,0.0,0.010000000000005116,8.403361344542114e-05,2.510000000000005,0.021545064377682447,119.01,119.01,119.0,119.01,116.5,120.0,,1.0,0.7171428571428586,3,1,6,119.01,0.0,SAME,1.0
DWAL,2022-01-07,119.01,119.01,119.01,119.01,119.0,116.5,0.0,0.0,0.0,0.0,0.0,0.0,0.0,0.0,119.01,119.01,118.85499999999999,119.00675757408143,118.95630871902684,118.56853678200021,0.0,3.7580974411833654e-05,0.010135374101661506,0.0,0.0,0.010000000000005116,8.403361344542114e-05,2.510000000000005,0.021545064377682447,119.01,119.01,119.01,119.01,116.5,120.0,,,0.7171428571428586,4,1,7,119.01,0.0,SAME,1.0
DWAL,2022-01-10,119.01,119.01,119.01,119.01,119.01,116.5,0.0,0.0,0.0,0.0,0.0,0.0,0.0,0.0,119.01,119.01,119.106,119.00837878704073,118.97420581268457,118.64880282163652,0.0,0.0,0.010135374101661506,0.0,0.0,0.0,0.0,2.510000000000005,0.021545064377682447,119.01,119.01,119.01,119.01,119.0,120.0,,,0.010000000000005116,0,1,10,124.96,5.949999999999989,UP,2.0
DWAL,2022-01-11,124.96,119.01,119.01,119.01,119.01,120.0,5.949999999999989,5.949999999999989,5.949999999999989,0.049995798672380465,0.049995798672380465,0.049995798672380465,0.04878616289702736,0.04878616289702736,120.99333333333334,120.2,119.602,121.98418939352035,120.96947054178972,119.7962932177026,0.028865087821845336,0.022358800884167293,0.016312075872741864,5.949999999999989,0.049995798672380375,5.949999999999989,0.049995798672380375,4.959999999999994,0.041333333333333284,119.01,124.96,119.01,124.96,119.0,124.96,1.0,1.0,1.0,1,1,11,124.96,0.0,SAME,1.0
DWAL,2022-01-12,124.96,124.96,119.01,119.01,119.01,119.0,0.0,5.949999999999989,5.949999999999989,0.0,0.049995798672380465,0.049995798672380465,0.0,0.04878616289702736,122.97666666666667,121.39000000000001,120.19800000000001,123.47209469676017,122.2996470278598,120.73514899630212,0.028865087821845336,0.022358800884167293,0.015807129145349232,5.949999999999989,0.049995798672380375,5.949999999999989,0.049995798672380375,5.959999999999994,0.05008403361344532,119.01,124.96,119.01,124.96,119.0,124.96,1.0,1.0,1.0,2,1,12,124.96,0.0,SAME,1.0
DWAL,2022-01-13,124.96,124.96,124.96,119.01,119.01,119.0,0.0,0.0,5.949999999999989,0.0,0.0,0.049995798672380465,0.0,0.0,124.96,122.58,120.79400000000001,124.21604734838007,123.18643135190655,121.50330372424717,0.028865087821845336,0.022358800884167293,0.015807129145349232,5.949999999999989,0.049995798672380375,5.949999999999989,0.049995798672380375,5.959999999999994,0.05008403361344532,124.96,124.96,119.01,124.96,119.0,124.96,,1.0,1.0,3,1,13,124.96,0.0,SAME,1.0
DWAL,2022-01-14,124.96,124.96,124.96,124.96,119.01,119.0,0.0,0.0,0.0,0.0,0.0,0.0,0.0,0.0,124.96,123.76999999999998,121.39000000000001,124.58802367419003,123.77762090127104,122.13179395620223,0.0,0.022358800884167293,0.015807129145349232,0.0,0.0,5.949999999999989,0.049995798672380375,5.959999999999994,0.05008403361344532,124.96,124.96,119.01,124.96,119.01,124.96,,1.0,1.0,4,1,14,124.96,0.0,SAME,1.0
DWAL,2022-01-17,124.96,124.96,124.96,124.96,119.01,119.01,0.0,0.0,0.0,0.0,0.0,0.0,0.0,0.0,124.96,124.96,121.98500000000001,124.774011837095,124.17174726751404,122.64601323689273,0.0,0.022358800884167293,0.015810059724394455,0.0,0.0,5.949999999999989,0.049995798672380375,5.949999999999989,0.049995798672380375,124.96,124.96,124.96,124.96,119.01,124.96,,,1.0,0,1,17,124.96,0.0,SAME,1.0
DWAL,2022-01-18,124.96,124.96,124.96,124.96,124.96,119.01,0.0,0.0,0.0,0.0,0.0,0.0,0.0,0.0,124.96,124.96,122.58,124.8670059185475,124.4344981783427,123.06673810291223,0.0,0.0,0.015810059724394455,0.0,0.0,0.0,0.0,5.949999999999989,0.049995798672380375,124.96,124.96,124.96,124.96,119.01,124.96,,,1.0,1,1,18,124.96,0.0,SAME,1.0
DWAL,2022-01-19,124.96,124.96,124.96,124.96,124.96,119.01,0.0,0.0,0.0,0.0,0.0,0.0,0.0,0.0,124.96,124.96,123.175,124.91350295927376,124.60966545222846,123.41096753874636,0.0,0.0,0.015810059724394455,0.0,0.0,0.0,0.0,5.949999999999989,0.049995798672380375,124.96,124.96,124.96,124.96,119.01,124.96,,,1.0,2,1,19,124.96,0.0,SAME,1.0
DWAL,2022-01-20,124.96,124.96,124.96,124.96,124.96,119.01,0.0,0.0,0.0,0.0,0.0,0.0,0.0,0.0,124.96,124.96,123.77000000000001,124.93675147963688,124.72644363481896,123.69260980442883,0.0,0.0,0.015810059724394455,0.0,0.0,0.0,0.0,5.949999999999989,0.049995798672380375,124.96,124.96,124.96,124.96,119.01,124.96,,,1.0,3,1,20,124.96,0.0,SAME,1.0
DWAL,2022-01-21,124.96,124.96,124.96,124.96,124.96,119.01,0.0,0.0,0.0,0.0,0.0,0.0,0.0,0.0,124.96,124.96,124.36500000000001,124.94837573981843,124.80429575654597,123.92304438544176,0.0,0.0,0.015810059724394455,0.0,0.0,0.0,0.0,5.949999999999989,0.049995798672380375,124.96,124.96,124.96,124.96,119.01,124.96,,,1.0,4,1,21,124.96,0.0,SAME,1.0
DWAL,2022-01-24,124.96,124.96,124.96,124.96,124.96,119.01,0.0,0.0,0.0,0.0,0.0,0.0,0.0,0.0,124.96,124.96,124.96,124.95418786990922,124.85619717103066,124.11158176990688,0.0,0.0,0.015810059724394455,0.0,0.0,0.0,0.0,5.949999999999989,0.049995798672380375,124.96,124.96,124.96,124.96,124.96,124.96,,,,0,1,24,124.96,0.0,SAME,1.0
DWAL,2022-01-25,124.96,124.96,124.96,124.96,124.96,124.96,0.0,0.0,0.0,0.0,0.0,0.0,0.0,0.0,124.96,124.96,124.96,124.9570939349546,124.89079811402044,124.2658396299238,0.0,0.0,0.0,0.0,0.0,0.0,0.0,0.0,0.0,124.96,124.96,124.96,124.96,124.96,124.96,,,,1,1,25,124.96,0.0,SAME,1.0
DWAL,2022-01-26,124.96,124.96,124.96,124.96,124.96,124.96,0.0,0.0,0.0,0.0,0.0,0.0,0.0,0.0,124.96,124.96,124.96,124.9585469674773,124.91386540934695,124.39205060630128,0.0,0.0,0.0,0.0,0.0,0.0,0.0,0.0,0.0,124.96,124.96,124.96,124.96,124.96,124.96,,,,2,1,26,124.96,0.0,SAME,1.0
DWAL,2022-01-27,124.96,124.96,124.96,124.96,124.96,124.96,0.0,0.0,0.0,0.0,0.0,0.0,0.0,0.0,124.96,124.96,124.96,124.95927348373866,124.9292436062313,124.49531413242832,0.0,0.0,0.0,0.0,0.0,0.0,0.0,0.0,0.0,124.96,124.96,124.96,124.96,124.96,124.96,,,,3,1,27,124.96,0.0,SAME,1.0
DWAL,2022-01-28,124.96,124.96,124.96,124.96,124.96,124.96,0.0,0.0,0.0,0.0,0.0,0.0,0.0,0.0,124.96,124.96,124.96,124.95963674186933,124.93949573748753,124.5798024719868,0.0,0.0,0.0,0.0,0.0,0.0,0.0,0.0,0.0,124.96,124.96,124.96,124.96,124.96,124.96,,,,4,1,28,124.96,0.0,SAME,1.0
DWAL,2022-01-31,124.96,124.96,124.96,124.96,124.96,124.96,0.0,0.0,0.0,0.0,0.0,0.0,0.0,0.0,124.96,124.96,124.96,124.95981837093467,124.94633049165836,124.64892929526191,0.0,0.0,0.0,0.0,0.0,0.0,0.0,0.0,0.0,124.96,124.96,124.96,124.96,124.96,124.96,,,,0,1,31,124.96,0.0,SAME,1.0
DWAL,2022-02-01,124.96,124.96,124.96,124.96,124.96,124.96,0.0,0.0,0.0,0.0,0.0,0.0,0.0,0.0,124.96,124.96,124.96,124.95990918546732,124.95088699443892,124.70548760521427,0.0,0.0,0.0,0.0,0.0,0.0,0.0,0.0,0.0,124.96,124.96,124.96,124.96,124.96,124.96,,,,1,2,1,124.96,0.0,SAME,1.0
DWAL,2022-02-03,124.96,124.96,124.96,124.96,124.96,124.96,0.0,0.0,0.0,0.0,0.0,0.0,0.0,0.0,124.96,124.96,124.96,124.95995459273365,124.95392466295928,124.7517625860844,0.0,0.0,0.0,0.0,0.0,0.0,0.0,0.0,0.0,124.96,124.96,124.96,124.96,124.96,124.96,,,,3,2,3,124.96,0.0,SAME,1.0
DWAL,2022-02-04,124.96,124.96,124.96,124.96,124.96,124.96,0.0,0.0,0.0,0.0,0.0,0.0,0.0,0.0,124.96,124.96,124.96,124.95997729636682,124.95594977530618,124.78962393406904,0.0,0.0,0.0,0.0,0.0,0.0,0.0,0.0,0.0,124.96,124.96,124.96,124.96,124.96,124.96,,,,4,2,4,124.96,0.0,SAME,1.0
DWAL,2022-02-07,124.96,124.96,124.96,124.96,124.96,124.96,0.0,0.0,0.0,0.0,0.0,0.0,0.0,0.0,124.96,124.96,124.96,124.95998864818341,124.95729985020412,124.82060140060193,0.0,0.0,0.0,0.0,0.0,0.0,0.0,0.0,0.0,124.96,124.96,124.96,124.96,124.96,124.96,,,,0,2,7,124.96,0.0,SAME,1.0
DWAL,2022-02-08,124.96,124.96,124.96,124.96,124.96,124.96,0.0,0.0,0.0,0.0,0.0,0.0,0.0,0.0,124.96,124.96,124.96,124.9599943240917,124.9581999001361,124.84594660049248,0.0,0.0,0.0,0.0,0.0,0.0,0.0,0.0,0.0,124.96,124.96,124.96,124.96,124.96,124.96,,,,1,2,8,124.96,0.0,SAME,1.0
DWAL,2022-02-09,124.96,124.96,124.96,124.96,124.96,124.96,0.0,0.0,0.0,0.0,0.0,0.0,0.0,0.0,124.96,124.96,124.96,124.95999716204585,124.95879993342407,124.86668358222111,0.0,0.0,0.0,0.0,0.0,0.0,0.0,0.0,0.0,124.96,124.96,124.96,124.96,124.96,124.96,,,,2,2,9,124.96,0.0,SAME,1.0
DWAL,2022-02-10,124.96,124.96,124.96,124.96,124.96,124.96,0.0,0.0,0.0,0.0,0.0,0.0,0.0,0.0,124.96,124.96,124.96,124.95999858102292,124.95919995561604,124.88365020363545,0.0,0.0,0.0,0.0,0.0,0.0,0.0,0.0,0.0,124.96,124.96,124.96,124.96,124.96,124.96,,,,3,2,10,124.96,0.0,SAME,1.0
DWAL,2022-02-11,124.96,124.96,124.96,124.96,124.96,124.96,0.0,0.0,0.0,0.0,0.0,0.0,0.0,0.0,124.96,124.96,124.96,124.95999929051146,124.95946663707736,124.89753198479264,0.0,0.0,0.0,0.0,0.0,0.0,0.0,0.0,0.0,124.96,124.96,124.96,124.96,124.96,124.96,,,,4,2,11,124.96,0.0,SAME,1.0
DWAL,2022-02-14,124.96,124.96,124.96,124.96,124.96,124.96,0.0,0.0,0.0,0.0,0.0,0.0,0.0,0.0,124.96,124.96,124.96,124.95999964525572,124.95964442471825,124.90888980573942,0.0,0.0,0.0,0.0,0.0,0.0,0.0,0.0,0.0,124.96,124.96,124.96,124.96,124.96,124.96,,,,0,2,14,124.96,0.0,SAME,1.0
DWAL,2022-02-15,124.96,124.96,124.96,124.96,124.96,124.96,0.0,0.0,0.0,0.0,0.0,0.0,0.0,0.0,124.96,124.96,124.96,124.95999982262785,124.95976294981216,124.91818256833224,0.0,0.0,0.0,0.0,0.0,0.0,0.0,0.0,0.0,124.96,124.96,124.96,124.96,124.96,124.96,,,,1,2,15,124.96,0.0,SAME,1.0
DWAL,2022-02-16,124.96,124.96,124.96,124.96,124.96,124.96,0.0,0.0,0.0,0.0,0.0,0.0,0.0,0.0,124.96,124.96,124.96,124.95999991131393,124.95984196654143,124.92578573772637,0.0,0.0,0.0,0.0,0.0,0.0,0.0,0.0,0.0,124.96,124.96,124.96,124.96,124.96,124.96,,,,2,2,16,124.96,0.0,SAME,1.0
DWAL,2022-02-17,124.96,124.96,124.96,124.96,124.96,124.96,0.0,0.0,0.0,0.0,0.0,0.0,0.0,0.0,124.96,124.96,124.96,124.95999995565697,124.95989464436096,124.9320065126852,0.0,0.0,0.0,0.0,0.0,0.0,0.0,0.0,0.0,124.96,124.96,124.96,124.96,124.96,124.96,,,,3,2,17,124.96,0.0,SAME,1.0
DWAL,2022-02-18,124.96,124.96,124.96,124.96,124.96,124.96,0.0,0.0,0.0,0.0,0.0,0.0,0.0,0.0,124.96,124.96,124.96,124.95999997782849,124.95992976290731,124.93709623765152,0.0,0.0,0.0,0.0,0.0,0.0,0.0,0.0,0.0,124.96,124.96,124.96,124.96,124.96,124.96,,,,4,2,18,124.96,0.0,SAME,1.0
DWAL,2022-02-24,124.96,124.96,124.96,124.96,124.96,124.96,0.0,0.0,0.0,0.0,0.0,0.0,0.0,0.0,124.96,124.96,124.96,124.95999998891423,124.95995317527155,124.94126055807851,0.0,0.0,0.0,0.0,0.0,0.0,0.0,0.0,0.0,124.96,124.96,124.96,124.96,124.96,124.96,,,,3,2,24,124.96,0.0,SAME,1.0
DWAL,2022-02-25,124.96,124.96,124.96,124.96,124.96,124.96,0.0,0.0,0.0,0.0,0.0,0.0,0.0,0.0,124.96,124.96,124.96,124.95999999445712,124.95996878351437,124.94466772933696,0.0,0.0,0.0,0.0,0.0,0.0,0.0,0.0,0.0,124.96,124.96,124.96,124.96,124.96,124.96,,,,4,2,25,131.0,6.040000000000006,UP,2.0
DWAL,2022-02-28,131.0,124.96,124.96,124.96,124.96,124.96,6.040000000000006,6.040000000000006,6.040000000000006,0.048335467349551964,0.048335467349551964,0.048335467349551964,0.04720363710977581,0.04720363710977581,126.97333333333334,126.16799999999998,125.564,127.97999999722856,126.97331252234292,126.04563723309386,0.0279064950856662,0.021616278143563955,0.015285016859328619,6.040000000000006,0.04833546734955191,6.040000000000006,0.04833546734955191,6.040000000000006,0.04833546734955191,124.96,131.0,124.96,131.0,124.96,131.0,1.0,1.0,1.0,0,2,28,131.0,0.0,SAME,1.0
DWAL,2022-03-01,131.0,131.0,124.96,124.96,124.96,124.96,0.0,6.040000000000006,6.040000000000006,0.0,0.048335467349551964,0.048335467349551964,0.0,0.04720363710977581,128.98666666666668,127.376,126.168,129.48999999861428,128.31554168156197,126.94643046344044,0.0279064950856662,0.021616278143563955,0.015285016859328619,6.040000000000006,0.04833546734955191,6.040000000000006,0.04833546734955191,6.040000000000006,0.04833546734955191,124.96,131.0,124.96,131.0,124.96,131.0,1.0,1.0,1.0,1,3,1,131.0,0.0,SAME,1.0
DWAL,2022-03-02,131.0,131.0,131.0,124.96,124.96,124.96,0.0,0.0,6.040000000000006,0.0,0.0,0.048335467349551964,0.0,0.0,131.0,128.584,126.772,130.24499999930714,129.21036112104133,127.68344310645125,0.0279064950856662,0.021616278143563955,0.015285016859328619,6.040000000000006,0.04833546734955191,6.040000000000006,0.04833546734955191,6.040000000000006,0.04833546734955191,131.0,131.0,124.96,131.0,124.96,131.0,,1.0,1.0,2,3,2,131.0,0.0,SAME,1.0
DWAL,2022-03-07,131.0,131.0,131.0,131.0,124.96,124.96,0.0,0.0,0.0,0.0,0.0,0.0,0.0,0.0,131.0,129.79199999999997,127.376,130.62249999965357,129.80690741402756,128.28645345073284,0.0,0.021616278143563955,0.015285016859328619,0.0,0.0,6.040000000000006,0.04833546734955191,6.040000000000006,0.04833546734955191,131.0,131.0,124.96,131.0,124.96,131.0,,1.0,1.0,0,3,7,131.0,0.0,SAME,1.0
DWAL,2022-03-08,131.0,131.0,131.0,131.0,124.96,124.96,0.0,0.0,0.0,0.0,0.0,0.0,0.0,0.0,131.0,131.0,127.97999999999999,130.81124999982677,130.20460494268505,128.77982555059958,0.0,0.021616278143563955,0.015285016859328619,0.0,0.0,6.040000000000006,0.04833546734955191,6.040000000000006,0.04833546734955191,131.0,131.0,131.0,131.0,124.96,131.0,,,1.0,1,3,8,131.0,0.0,SAME,1.0
DWAL,2022-03-09,131.0,131.0,131.0,131.0,131.0,124.96,0.0,0.0,0.0,0.0,0.0,0.0,0.0,0.0,131.0,131.0,128.584,130.90562499991339,130.4697366284567,129.18349363230874,0.0,0.0,0.015285016859328619,0.0,0.0,0.0,0.0,6.040000000000006,0.04833546734955191,131.0,131.0,131.0,131.0,124.96,131.0,,,1.0,2,3,9,137.55,6.550000000000011,UP,2.0
DWAL,2022-03-10,137.55,131.0,131.0,131.0,131.0,124.96,6.550000000000011,6.550000000000011,6.550000000000011,0.050000000000000044,0.050000000000000044,0.050000000000000044,0.04879016416943205,0.04879016416943205,133.18333333333337,132.31,129.84300000000002,134.2278124999567,132.82982441897116,130.70467660825258,0.028867513459477457,0.022360679774997918,0.020734648913283405,6.550000000000011,0.050000000000000086,6.550000000000011,0.050000000000000086,12.590000000000018,0.1007522407170296,131.0,137.55,131.0,137.55,124.96,137.55,1.0,1.0,1.0,3,3,10,137.55,0.0,SAME,1.0
DWAL,2022-03-11,137.55,137.55,131.0,131.0,131.0,124.96,0.0,6.550000000000011,6.550000000000011,0.0,0.050000000000000044,0.050000000000000044,0.0,0.04879016416943205,135.36666666666667,133.62,131.102,135.88890624997836,134.4032162793141,131.94928086129755,0.028867513459477457,0.022360679774997918,0.020734648913283405,6.550000000000011,0.050000000000000086,6.550000000000011,0.050000000000000086,12.590000000000018,0.1007522407170296,131.0,137.55,131.0,137.55,124.96,137.55,1.0,1.0,1.0,4,3,11,137.55,0.0,SAME,1.0
DWAL,2022-03-14,137.55,137.55,137.55,131.0,131.0,124.96,0.0,0.0,6.550000000000011,0.0,0.0,0.050000000000000044,0.0,0.0,137.55,134.93,132.36100000000002,136.71945312498917,135.4521441862094,132.96759343197073,0.028867513459477457,0.022360679774997918,0.020734648913283405,6.550000000000011,0.050000000000000086,6.550000000000011,0.050000000000000086,12.590000000000018,0.1007522407170296,137.55,137.55,131.0,137.55,124.96,137.55,,1.0,1.0,0,3,14,137.55,0.0,SAME,1.0
DWAL,2022-03-15,137.55,137.55,137.55,137.55,131.0,124.96,0.0,0.0,0.0,0.0,0.0,0.0,0.0,0.0,137.55,136.24,133.62,137.1347265624946,136.15142945747294,133.8007582625215,0.0,0.022360679774997918,0.020734648913283405,0.0,0.0,6.550000000000011,0.050000000000000086,12.590000000000018,0.1007522407170296,137.55,137.55,131.0,137.55,131.0,137.55,,1.0,1.0,1,3,15,137.55,0.0,SAME,1.0
DWAL,2022-03-16,137.55,137.55,137.55,137.55,131.0,131.0,0.0,0.0,0.0,0.0,0.0,0.0,0.0,0.0,137.55,137.55,134.275,137.3423632812473,136.61761963831532,134.48243857842667,0.0,0.022360679774997918,0.0158113883008419,0.0,0.0,6.550000000000011,0.050000000000000086,6.550000000000011,0.050000000000000086,137.55,137.55,137.55,137.55,131.0,137.55,,,1.0,2,3,16,137.55,0.0,SAME,1.0
DWAL,2022-03-17,137.55,137.55,137.55,137.55,137.55,131.0,0.0,0.0,0.0,0.0,0.0,0.0,0.0,0.0,137.55,137.55,134.93,137.44618164062365,136.92841309221023,135.0401770187127,0.0,0.0,0.0158113883008419,0.0,0.0,0.0,0.0,6.550000000000011,0.050000000000000086,137.55,137.55,137.55,137.55,131.0,137.55,,,1.0,3,3,17,137.55,0.0,SAME,1.0
DWAL,2022-03-18,137.55,137.55,137.55,137.55,137.55,131.0,0.0,0.0,0.0,0.0,0.0,0.0,0.0,0.0,137.55,137.55,135.585,137.49809082031183,137.13560872814017,135.49650846985585,0.0,0.0,0.0158113883008419,0.0,0.0,0.0,0.0,6.550000000000011,0.050000000000000086,137.55,137.55,137.55,137.55,131.0,137.55,,,1.0,4,3,18,137.55,0.0,SAME,1.0
DWAL,2022-03-21,137.55,137.55,137.55,137.55,137.55,131.0,0.0,0.0,0.0,0.0,0.0,0.0,0.0,0.0,137.55,137.55,136.24,137.5240454101559,137.27373915209347,135.86987056624568,0.0,0.0,0.0158113883008419,0.0,0.0,0.0,0.0,6.550000000000011,0.050000000000000086,137.55,137.55,137.55,137.55,131.0,137.55,,,1.0,0,3,21,137.55,0.0,SAME,1.0
DWAL,2022-03-22,137.55,137.55,137.55,137.55,137.55,131.0,0.0,0.0,0.0,0.0,0.0,0.0,0.0,0.0,137.55,137.55,136.895,137.53702270507796,137.36582610139567,136.1753486451101,0.0,0.0,0.0158113883008419,0.0,0.0,0.0,0.0,6.550000000000011,0.050000000000000086,137.55,137.55,137.55,137.55,131.0,137.55,,,1.0,1,3,22,137.55,0.0,SAME,1.0
DWAL,2022-03-23,137.55,137.55,137.55,137.55,137.55,131.0,0.0,0.0,0.0,0.0,0.0,0.0,0.0,0.0,137.55,137.55,137.55,137.54351135253899,137.42721740093046,136.42528525509007,0.0,0.0,0.0158113883008419,0.0,0.0,0.0,0.0,6.550000000000011,0.050000000000000086,137.55,137.55,137.55,137.55,137.55,137.55,,,,2,3,23,137.55,0.0,SAME,1.0
DWAL,2022-03-24,137.55,137.55,137.55,137.55,137.55,137.55,0.0,0.0,0.0,0.0,0.0,0.0,0.0,0.0,137.55,137.55,137.55,137.5467556762695,137.46814493395365,136.6297788450737,0.0,0.0,0.0,0.0,0.0,0.0,0.0,0.0,0.0,137.55,137.55,137.55,137.55,137.55,137.55,,,,3,3,24,137.55,0.0,SAME,1.0
DWAL,2022-03-25,137.55,137.55,137.55,137.55,137.55,137.55,0.0,0.0,0.0,0.0,0.0,0.0,0.0,0.0,137.55,137.55,137.55,137.54837783813474,137.49542995596912,136.797091782333,0.0,0.0,0.0,0.0,0.0,0.0,0.0,0.0,0.0,137.55,137.55,137.55,137.55,137.55,137.55,,,,4,3,25,137.55,0.0,SAME,1.0
DWAL,2022-03-28,137.55,137.55,137.55,137.55,137.55,137.55,0.0,0.0,0.0,0.0,0.0,0.0,0.0,0.0,137.55,137.55,137.55,137.54918891906738,137.5136199706461,136.93398418554517,0.0,0.0,0.0,0.0,0.0,0.0,0.0,0.0,0.0,137.55,137.55,137.55,137.55,137.55,137.55,,,,0,3,28,137.55,0.0,SAME,1.0
DWAL,2022-03-29,137.55,137.55,137.55,137.55,137.55,137.55,0.0,0.0,0.0,0.0,0.0,0.0,0.0,0.0,137.55,137.55,137.55,137.5495944595337,137.5257466470974,137.0459870609006,0.0,0.0,0.0,0.0,0.0,0.0,0.0,0.0,0.0,137.55,137.55,137.55,137.55,137.55,137.55,,,,1,3,29,137.55,0.0,SAME,1.0
DWAL,2022-03-30,137.55,137.55,137.55,137.55,137.55,137.55,0.0,0.0,0.0,0.0,0.0,0.0,0.0,0.0,137.55,137.55,137.55,137.54979722976685,137.53383109806495,137.13762577710048,0.0,0.0,0.0,0.0,0.0,0.0,0.0,0.0,0.0,137.55,137.55,137.55,137.55,137.55,137.55,,,,2,3,30,137.55,0.0,SAME,1.0
DWAL,2022-03-31,137.55,137.55,137.55,137.55,137.55,137.55,0.0,0.0,0.0,0.0,0.0,0.0,0.0,0.0,137.55,137.55,137.55,137.54989861488343,137.5392207320433,137.21260290853675,0.0,0.0,0.0,0.0,0.0,0.0,0.0,0.0,0.0,137.55,137.55,137.55,137.55,137.55,137.55,,,,3,3,31,137.55,0.0,SAME,1.0
DWAL,2022-04-01,137.55,137.55,137.55,137.55,137.55,137.55,0.0,0.0,0.0,0.0,0.0,0.0,0.0,0.0,137.55,137.55,137.55,137.54994930744172,137.54281382136222,137.27394783425734,0.0,0.0,0.0,0.0,0.0,0.0,0.0,0.0,0.0,137.55,137.55,137.55,137.55,137.55,137.55,,,,4,4,1,137.55,0.0,SAME,1.0
DWAL,2022-04-04,137.55,137.55,137.55,137.55,137.55,137.55,0.0,0.0,0.0,0.0,0.0,0.0,0.0,0.0,137.55,137.55,137.55,137.54997465372088,137.54520921424148,137.32413913711963,0.0,0.0,0.0,0.0,0.0,0.0,0.0,0.0,0.0,137.55,137.55,137.55,137.55,137.55,137.55,,,,0,4,4,137.55,0.0,SAME,1.0
DWAL,2022-04-05,137.55,137.55,137.55,137.55,137.55,137.55,0.0,0.0,0.0,0.0,0.0,0.0,0.0,0.0,137.55,137.55,137.55,137.54998732686045,137.54680614282768,137.36520474855243,0.0,0.0,0.0,0.0,0.0,0.0,0.0,0.0,0.0,137.55,137.55,137.55,137.55,137.55,137.55,,,,1,4,5,137.55,0.0,SAME,1.0
DWAL,2022-04-06,137.55,137.55,137.55,137.55,137.55,137.55,0.0,0.0,0.0,0.0,0.0,0.0,0.0,0.0,137.55,137.55,137.55,137.54999366343023,137.54787076188512,137.39880388517926,0.0,0.0,0.0,0.0,0.0,0.0,0.0,0.0,0.0,137.55,137.55,137.55,137.55,137.55,137.55,,,,2,4,6,137.55,0.0,SAME,1.0
DWAL,2022-04-07,137.55,137.55,137.55,137.55,137.55,137.55,0.0,0.0,0.0,0.0,0.0,0.0,0.0,0.0,137.55,137.55,137.55,137.54999683171513,137.54858050792342,137.42629408787394,0.0,0.0,0.0,0.0,0.0,0.0,0.0,0.0,0.0,137.55,137.55,137.55,137.55,137.55,137.55,,,,3,4,7,144.43,6.8799999999999955,UP,2.0
DWAL,2022-04-08,144.43,137.55,137.55,137.55,137.55,137.55,6.8799999999999955,6.8799999999999955,6.8799999999999955,0.05001817520901497,0.05001817520901497,0.05001817520901497,0.04880747374249188,0.04880747374249188,139.84333333333336,138.926,138.238,140.98999841585757,139.8423870052823,138.69969516280594,0.028878006921294806,0.022368807975570445,0.01581713580658558,6.8799999999999955,0.050018175209014866,6.8799999999999955,0.050018175209014866,6.8799999999999955,0.050018175209014866,137.55,144.43,137.55,144.43,137.55,144.43,1.0,1.0,1.0,4,4,8,151.65,7.219999999999999,UP,2.0
DWAL,2022-04-11,151.65,144.43,137.55,137.55,137.55,137.55,7.219999999999999,14.099999999999994,14.099999999999994,0.04998961434604987,0.10250817884405672,0.10250817884405672,0.048780273021514636,0.09758774676400658,144.54333333333335,141.746,139.648,146.3199992079288,143.77825800352153,141.05429604229576,0.0288697656422426,0.0273882629942485,0.021083494324912334,14.099999999999994,0.10250817884405666,14.099999999999994,0.10250817884405666,14.099999999999994,0.10250817884405666,137.55,151.65,137.55,151.65,137.55,151.65,1.0,1.0,1.0,0,4,11,151.65,0.0,SAME,1.0
DWAL,2022-04-12,151.65,151.65,144.43,137.55,137.55,137.55,0.0,7.219999999999999,14.099999999999994,0.0,0.04998961434604987,0.10250817884405672,0.0,0.048780273021514636,149.24333333333334,144.566,141.05800000000002,148.9849996039644,146.4021720023477,142.98078767096925,0.028869765642242605,0.0273882629942485,0.021083494324912334,14.099999999999994,0.10250817884405666,14.099999999999994,0.10250817884405666,14.099999999999994,0.10250817884405666,144.43,151.65,137.55,151.65,137.55,151.65,1.0,1.0,1.0,1,4,12,151.65,0.0,SAME,1.0
DWAL,2022-04-13,151.65,151.65,151.65,144.43,137.55,137.55,0.0,0.0,7.219999999999999,0.0,0.0,0.04998961434604987,0.0,0.0,151.65,147.38600000000002,142.46800000000002,150.3174998019822,148.15144800156514,144.55700809442936,0.028861517299373623,0.0273882629942485,0.021083494324912334,7.219999999999999,0.04998961434604998,14.099999999999994,0.10250817884405666,14.099999999999994,0.10250817884405666,151.65,151.65,137.55,151.65,137.55,151.65,,1.0,1.0,2,4,13,151.65,0.0,SAME,1.0
DWAL,2022-04-14,151.65,151.65,151.65,151.65,137.55,137.55,0.0,0.0,0.0,0.0,0.0,0.0,0.0,0.0,151.65,150.206,143.878,150.98374990099109,149.31763200104342,145.8466429863513,0.0,0.0273882629942485,0.021083494324912334,0.0,0.0,14.099999999999994,0.10250817884405666,14.099999999999994,0.10250817884405666,151.65,151.65,144.43,151.65,137.55,151.65,,1.0,1.0,3,4,14,151.65,0.0,SAME,1.0
DWAL,2022-04-15,151.65,151.65,151.65,151.65,144.43,137.55,0.0,0.0,0.0,0.0,0.0,0.0,0.0,0.0,151.65,151.65,145.288,151.31687495049556,150.09508800069563,146.9017988070147,0.0,0.02235603516935324,0.021083494324912334,0.0,0.0,7.219999999999999,0.04998961434604998,14.099999999999994,0.10250817884405666,151.65,151.65,151.65,151.65,137.55,151.65,,,1.0,4,4,15,151.65,0.0,SAME,1.0
DWAL,2022-04-18,151.65,151.65,151.65,151.65,151.65,137.55,0.0,0.0,0.0,0.0,0.0,0.0,0.0,0.0,151.65,151.65,146.69800000000004,151.4834374752478,150.61339200046376,147.76510811483018,0.0,0.0,0.021083494324912334,0.0,0.0,0.0,0.0,14.099999999999994,0.10250817884405666,151.65,151.65,151.65,151.65,137.55,151.65,,,1.0,0,4,18,161.0,9.349999999999994,UP,2.0
DWAL,2022-04-19,161.0,151.65,151.65,151.65,151.65,137.55,9.349999999999994,9.349999999999994,9.349999999999994,0.06165512693702602,0.06165512693702602,0.06165512693702602,0.059829130849872854,0.059829130849872854,154.76666666666668,153.52,149.043,156.2417187376239,154.07559466697586,150.17145209395196,0.0355966041340094,0.027573010998513715,0.02622264546035316,9.349999999999994,0.06165512693702601,9.349999999999994,0.06165512693702601,23.44999999999999,0.17048346055979635,151.65,161.0,151.65,161.0,137.55,161.0,1.0,1.0,1.0,1,4,19,161.0,0.0,SAME,1.0
DWAL,2022-04-20,161.0,161.0,151.65,151.65,151.65,137.55,0.0,9.349999999999994,9.349999999999994,0.0,0.06165512693702602,0.06165512693702602,0.0,0.059829130849872854,157.88333333333335,155.39000000000001,151.388,158.62085936881195,156.38372977798392,152.1402789859607,0.0355966041340094,0.027573010998513715,0.02622264546035316,9.349999999999994,0.06165512693702601,9.349999999999994,0.06165512693702601,23.44999999999999,0.17048346055979635,151.65,161.0,151.65,161.0,137.55,161.0,1.0,1.0,1.0,2,4,20,161.0,0.0,SAME,1.0
DWAL,2022-04-21,161.0,161.0,161.0,151.65,151.65,137.55,0.0,0.0,9.349999999999994,0.0,0.0,0.06165512693702602,0.0,0.0,161.0,157.26000000000002,153.733,159.81042968440596,157.92248651865594,153.75113735214964,0.0355966041340094,0.027573010998513715,0.02622264546035316,9.349999999999994,0.06165512693702601,9.349999999999994,0.06165512693702601,23.44999999999999,0.17048346055979635,161.0,161.0,151.65,161.0,144.43,161.0,,1.0,1.0,3,4,21,161.0,0.0,SAME,1.0
DWAL,2022-04-22,161.0,161.0,161.0,161.0,151.65,144.43,0.0,0.0,0.0,0.0,0.0,0.0,0.0,0.0,161.0,159.13000000000002,155.39000000000001,160.40521484220298,158.94832434577063,155.0691123790315,0.0,0.027573010998513715,0.023696838500973746,0.0,0.0,9.349999999999994,0.06165512693702601,16.569999999999993,0.11472685730111468,161.0,161.0,151.65,161.0,151.65,161.0,,1.0,1.0,4,4,22,157.5,-3.5,DOWN,0.0
DWAL,2022-04-25,157.5,161.0,161.0,161.0,151.65,151.65,-3.5,-3.5,-3.5,-0.021739130434782594,-0.021739130434782594,-0.021739130434782594,-0.02197890671877523,-0.02197890671877523,159.83333333333334,160.3,155.975,158.9526074211015,158.4655495638471,155.51109194648032,0.012551092808461343,0.031445536703671714,0.02138175700088634,-3.5,-0.021739130434782608,5.849999999999994,0.03857566765578631,5.849999999999994,0.03857566765578631,157.5,161.0,157.5,161.0,151.65,161.0,0.0,0.0,0.6256684491978607,0,4,25,157.5,0.0,SAME,1.0
DWAL,2022-04-26,157.5,157.5,161.0,161.0,161.0,151.65,0.0,-3.5,-3.5,0.0,-0.021739130434782594,-0.021739130434782594,0.0,-0.02197890671877523,158.66666666666666,159.6,156.56,158.22630371055075,158.1436997092314,155.8727115925748,0.012551092808461343,0.009722034684781687,0.02138175700088634,-3.5,-0.021739130434782608,-3.5,-0.021739130434782608,5.849999999999994,0.03857566765578631,157.5,161.0,157.5,161.0,151.65,161.0,0.0,0.0,0.6256684491978607,1,4,26,157.5,0.0,SAME,1.0
DWAL,2022-04-27,157.5,157.5,157.5,161.0,161.0,151.65,0.0,0.0,-3.5,0.0,0.0,-0.021739130434782594,0.0,0.0,157.5,158.9,157.145,157.86315185527536,157.92913313948762,156.16858221210666,0.012551092808461343,0.009722034684781687,0.02138175700088634,-3.5,-0.021739130434782608,-3.5,-0.021739130434782608,5.849999999999994,0.03857566765578631,157.5,157.5,157.5,161.0,151.65,161.0,,0.0,0.6256684491978607,2,4,27,150.0,-7.5,DOWN,0.0
DWAL,2022-04-28,150.0,157.5,157.5,157.5,161.0,151.65,-7.5,-7.5,-7.5,-0.04761904761904767,-0.04761904761904767,-0.04761904761904767,-0.048790164169432056,-0.048790164169432056,155.0,156.7,156.98000000000002,153.93157592763768,155.2860887596584,155.04702180990543,0.027492869961406784,0.021083477628324604,0.02694765392009644,-7.5,-0.047619047619047616,-11.0,-0.06832298136645963,-1.6500000000000057,-0.01088031651829875,150.0,157.5,150.0,161.0,150.0,161.0,0.0,0.0,0.0,3,4,28,150.0,0.0,SAME,1.0
DWAL,2022-04-29,150.0,150.0,157.5,157.5,161.0,151.65,0.0,-7.5,-7.5,0.0,-0.04761904761904767,-0.04761904761904767,0.0,-0.048790164169432056,152.5,154.5,156.815,151.96578796381885,153.52405917310563,154.1293814808317,0.027492869961406784,0.021083477628324604,0.02694765392009644,-7.5,-0.047619047619047616,-11.0,-0.06832298136645963,-1.6500000000000057,-0.01088031651829875,150.0,157.5,150.0,157.5,150.0,161.0,0.0,0.0,0.0,4,4,29,150.0,0.0,SAME,1.0
DWAL,2022-05-03,150.0,150.0,150.0,157.5,157.5,151.65,0.0,0.0,-7.5,0.0,0.0,-0.04761904761904767,0.0,0.0,150.0,153.0,156.65,150.98289398190943,152.34937278207042,153.37858484795322,0.027492869961406784,0.02129588549999802,0.02694765392009644,-7.5,-0.047619047619047616,-7.5,-0.047619047619047616,-1.6500000000000057,-0.01088031651829875,150.0,150.0,150.0,157.5,150.0,161.0,,0.0,0.0,1,5,3,150.0,0.0,SAME,1.0
DWAL,2022-05-04,150.0,150.0,150.0,150.0,157.5,161.0,0.0,0.0,0.0,0.0,0.0,0.0,0.0,0.0,150.0,151.5,155.55,150.49144699095473,151.5662485213803,152.7642966937799,0.0,0.02129588549999802,0.01584335753526078,0.0,0.0,-7.5,-0.047619047619047616,-11.0,-0.06832298136645963,150.0,150.0,150.0,157.5,150.0,161.0,,0.0,0.0,2,5,4,150.0,0.0,SAME,1.0
DWAL,2022-05-05,150.0,150.0,150.0,150.0,157.5,161.0,0.0,0.0,0.0,0.0,0.0,0.0,0.0,0.0,150.0,150.0,154.45,150.24572349547736,151.0441656809202,152.26169729491082,0.0,0.02129588549999802,0.01584335753526078,0.0,0.0,-7.5,-0.047619047619047616,-11.0,-0.06832298136645963,150.0,150.0,150.0,150.0,150.0,161.0,,,0.0,3,5,5,157.5,7.5,UP,2.0
DWAL,2022-05-06,157.5,150.0,150.0,150.0,150.0,161.0,7.5,7.5,7.5,0.050000000000000044,0.050000000000000044,0.050000000000000044,0.04879016416943205,0.04879016416943205,152.5,151.5,154.1,153.87286174773868,153.1961104539468,153.2141159685634,0.02886751345947746,0.02236067977499791,0.024043223999125788,7.5,0.05,7.5,0.05,-3.5,-0.021739130434782608,150.0,157.5,150.0,157.5,150.0,161.0,1.0,1.0,0.6818181818181818,4,5,6,165.38,7.8799999999999955,UP,2.0
DWAL,2022-05-09,165.38,157.5,150.0,150.0,150.0,161.0,7.8799999999999955,15.379999999999995,15.379999999999995,0.050031746031746094,0.10253333333333337,0.10253333333333337,0.04882039802833295,0.09761056219776491,157.62666666666667,154.576,154.53799999999998,159.62643087386934,157.25740696929788,155.42609488337004,0.028876682112026927,0.027394824183379934,0.029153334709088274,15.379999999999995,0.10253333333333331,15.379999999999995,0.10253333333333331,4.3799999999999955,0.02720496894409935,150.0,165.38,150.0,165.38,150.0,165.38,1.0,1.0,1.0,0,5,9,180.0,14.620000000000005,UP,2.0
DWAL,2022-05-10,180.0,165.38,157.5,150.0,150.0,157.5,14.620000000000005,22.5,30.0,0.08840246704559207,0.1428571428571428,0.19999999999999996,0.08471099459618983,0.13353139262452257,167.62666666666667,160.576,156.78799999999998,169.81321543693468,164.83827131286526,159.8940776318482,0.02216251608053321,0.03780436899062394,0.0381559000892285,30.0,0.2,30.0,0.2,22.5,0.14285714285714285,157.5,180.0,150.0,180.0,150.0,180.0,1.0,1.0,1.0,1,5,10,182.0,2.0,UP,2.0
DWAL,2022-05-12,182.0,180.0,165.38,157.5,150.0,157.5,2.0,16.620000000000005,24.5,0.011111111111111072,0.100495827790543,0.15555555555555545,0.011049836186584935,0.09576083078277473,175.79333333333332,166.976,159.238,175.90660771846734,170.55884754191018,163.91333624423945,0.038646004010628406,0.03527733443643711,0.03786091934931275,24.5,0.15555555555555556,32.0,0.21333333333333335,24.5,0.15555555555555556,165.38,182.0,150.0,182.0,150.0,182.0,1.0,1.0,1.0,3,5,12,182.0,0.0,SAME,1.0
DWAL,2022-05-13,182.0,182.0,180.0,165.38,150.0,157.5,0.0,2.0,16.620000000000005,0.0,0.011111111111111072,0.100495827790543,0.0,0.011049836186584935,181.33333333333334,173.376,161.688,178.95330385923367,174.37256502794014,167.20182056346863,0.048153239198866896,0.03527733443643711,0.03786091934931275,16.620000000000005,0.10049582779054302,32.0,0.21333333333333335,24.5,0.15555555555555556,180.0,182.0,157.5,182.0,150.0,182.0,1.0,1.0,1.0,4,5,13,191.0,9.0,UP,2.0
DWAL,2022-05-16,191.0,182.0,182.0,180.0,157.5,150.0,9.0,9.0,11.0,0.0494505494505495,0.0494505494505495,0.061111111111111116,0.04826674096983457,0.04826674096983457,185.0,180.076,165.78799999999998,184.97665192961682,179.9150433519601,171.5287622792016,0.0259445760653583,0.03523887724072362,0.03194977119182893,11.0,0.06111111111111111,33.5,0.2126984126984127,41.0,0.2733333333333333,182.0,191.0,165.38,191.0,150.0,191.0,1.0,1.0,1.0,0,5,16,184.77,-6.22999999999999,DOWN,0.0
DWAL,2022-05-17,184.77,191.0,182.0,182.0,165.38,150.0,-6.22999999999999,2.7700000000000102,2.7700000000000102,-0.03261780104712042,0.01521978021978021,0.01521978021978021,-0.03316161967956829,0.015105121290266227,185.92333333333332,183.954,169.265,184.87332596480843,181.5333622346401,173.93626004661948,0.04132088241135439,0.046745152730453855,0.03616161153167316,2.7700000000000102,0.015219780219780276,19.390000000000015,0.11724513242230025,34.77000000000001,0.23180000000000006,182.0,191.0,180.0,191.0,150.0,191.0,0.3077777777777789,0.43363636363636454,0.8480487804878051,1,5,17,184.77,0.0,SAME,1.0
DWAL,2022-05-18,184.77,184.77,191.0,182.0,180.0,150.0,0.0,-6.22999999999999,2.7700000000000102,0.0,-0.03261780104712042,0.01521978021978021,0.0,-0.03316161967956829,186.8466666666667,184.908,172.742,184.82166298240423,182.6122414897601,175.90603094723411,0.04132088241135439,0.029481191967594154,0.03616161153167316,2.7700000000000102,0.015219780219780276,4.77000000000001,0.026500000000000058,34.77000000000001,0.23180000000000006,184.77,191.0,182.0,191.0,150.0,191.0,0.0,0.3077777777777789,0.8480487804878051,2,5,18,183.77,-1.0,DOWN,0.0
DWAL,2022-05-19,183.77,184.77,184.77,191.0,182.0,150.0,-1.0,-1.0,-7.22999999999999,-0.005412134004437963,-0.005412134004437963,-0.03785340314136121,-0.005426832659728609,-0.005426832659728609,184.4366666666667,185.262,176.119,184.29583149120214,182.9981609931734,177.33584350228244,0.01748027678493455,0.02963310182018866,0.03655974537511682,-7.22999999999999,-0.0378534031413612,1.7700000000000102,0.009725274725274782,33.77000000000001,0.2251333333333334,183.77,184.77,182.0,191.0,150.0,191.0,0.0,0.1966666666666678,0.8236585365853661,3,5,19,183.77,0.0,SAME,1.0
DWAL,2022-05-20,183.77,183.77,184.77,184.77,182.0,150.0,0.0,-1.0,-1.0,0.0,-0.005412134004437963,-0.005412134004437963,0.0,-0.005426832659728609,184.10333333333335,185.616,179.496,184.0329157456011,183.2554406621156,178.50569013823107,0.0031246970243178937,0.02963310182018866,0.03655974537511682,-1.0,-0.00541213400443795,1.7700000000000102,0.009725274725274782,33.77000000000001,0.2251333333333334,183.77,184.77,183.77,191.0,157.5,191.0,0.0,0.0,0.7841791044776123,4,5,20,183.77,0.0,SAME,1.0
DWAL,2022-05-23,183.77,183.77,183.77,184.77,191.0,157.5,0.0,0.0,-1.0,0.0,0.0,-0.005412134004437963,0.0,0.0,183.77,184.17000000000002,182.123,183.90145787280056,183.42696044141042,179.4628373858254,0.0031246970243178937,0.014177067288638821,0.035573389278621026,-1.0,-0.00541213400443795,-7.22999999999999,-0.0378534031413612,26.27000000000001,0.16679365079365086,183.77,183.77,183.77,184.77,165.38,191.0,,0.0,0.7177985948477756,0,5,23,183.77,0.0,SAME,1.0
DWAL,2022-05-24,183.77,183.77,183.77,183.77,184.77,165.38,0.0,0.0,0.0,0.0,0.0,0.0,0.0,0.0,183.77,183.97,183.96200000000002,183.8357289364003,183.5413069609403,180.24595786112985,0.0,0.002420379907452148,0.0337414720792361,0.0,0.0,-1.0,-0.00541213400443795,18.390000000000015,0.11119845204982474,183.77,183.77,183.77,184.77,180.0,191.0,,0.0,0.34272727272727366,1,5,24,185.0,1.2299999999999898,UP,2.0
DWAL,2022-05-25,185.0,183.77,183.77,183.77,184.77,180.0,1.2299999999999898,1.2299999999999898,1.2299999999999898,0.006693149045001956,0.006693149045001956,0.006693149045001956,0.00667084937099188,0.00667084937099188,184.18000000000004,184.01600000000002,184.46200000000002,184.41786446820015,184.0275379739602,181.11032915910624,0.003864291402830036,0.004294218168472909,0.02005939703751689,1.2299999999999898,0.006693149045001848,0.22999999999998977,0.001244790821020673,5.0,0.027777777777777776,183.77,185.0,183.77,185.0,182.0,191.0,1.0,1.0,0.3333333333333333,2,5,25,185.0,0.0,SAME,1.0
DWAL,2022-05-26,185.0,185.0,183.77,183.77,183.77,182.0,0.0,1.2299999999999898,1.2299999999999898,0.0,0.006693149045001956,0.006693149045001956,0.0,0.00667084937099188,184.59000000000003,184.262,184.762,184.70893223410008,184.35169198264015,181.81754203926874,0.0038642914028300356,0.0029932672496323174,0.019862181770392135,1.2299999999999898,0.006693149045001848,1.2299999999999898,0.006693149045001848,3.0,0.016483516483516484,183.77,185.0,183.77,185.0,182.0,191.0,1.0,1.0,0.3333333333333333,3,5,26,185.0,0.0,SAME,1.0
DWAL,2022-05-27,185.0,185.0,185.0,183.77,183.77,182.0,0.0,0.0,1.2299999999999898,0.0,0.0,0.006693149045001956,0.0,0.0,185.0,184.50799999999998,185.062,184.85446611705004,184.56779465509345,182.39617075940168,0.0038642914028300356,0.0029932672496323174,0.019862181770392135,1.2299999999999898,0.006693149045001848,1.2299999999999898,0.006693149045001848,3.0,0.016483516483516484,185.0,185.0,183.77,185.0,183.77,191.0,,1.0,0.17012448132779964,4,5,27,190.0,5.0,UP,2.0
DWAL,2022-05-30,190.0,185.0,185.0,185.0,183.77,191.0,5.0,5.0,5.0,0.027027027027026973,0.027027027027026973,0.027027027027026973,0.026668247082161273,0.026668247082161273,186.66666666666666,185.754,184.96200000000002,187.42723305852502,186.3785297700623,183.7786851667832,0.015604061329442314,0.0117030805687277,0.014401439632680308,5.0,0.02702702702702703,6.22999999999999,0.033901071992164064,-1.0,-0.005235602094240838,185.0,190.0,183.77,190.0,183.77,190.0,1.0,1.0,1.0,0,5,30,193.0,3.0,UP,2.0
DWAL,2022-05-31,193.0,190.0,185.0,185.0,183.77,184.77,3.0,8.0,8.0,0.015789473684210575,0.043243243243243246,0.043243243243243246,0.015666116744399456,0.042334363826560736,189.33333333333334,187.6,185.78500000000003,190.2136165292625,188.58568651337487,185.45528786373168,0.013577249809119132,0.011557733660687233,0.009771830365429595,8.0,0.043243243243243246,9.22999999999999,0.05022582576046139,8.22999999999999,0.04454186285652427,185.0,193.0,185.0,193.0,183.77,193.0,1.0,1.0,1.0,1,5,31,202.65,9.650000000000006,UP,2.0
DWAL,2022-06-01,202.65,193.0,190.0,185.0,185.0,184.77,9.650000000000006,12.650000000000006,17.650000000000006,0.050000000000000044,0.06657894736842107,0.09540540540540543,0.04879016416943205,0.06445628091383143,195.2166666666667,191.13000000000002,187.573,196.43180826463126,193.2737910089166,188.581599161235,0.017437508437998378,0.020957022142280804,0.01721892647543708,17.650000000000006,0.09540540540540543,17.650000000000006,0.09540540540540543,17.879999999999995,0.09676895599935051,190.0,202.65,185.0,202.65,183.77,202.65,1.0,1.0,1.0,2,6,1,202.65,0.0,SAME,1.0
DWAL,2022-06-02,202.65,202.65,193.0,190.0,185.0,183.77,0.0,9.650000000000006,12.650000000000006,0.0,0.050000000000000044,0.06657894736842107,0.0,0.04879016416943205,199.43333333333337,194.66000000000003,189.461,199.54090413231563,196.39919400594442,191.13949022282864,0.025559302253212315,0.020957022142280804,0.016780772309805073,12.650000000000006,0.06657894736842108,17.650000000000006,0.09540540540540543,18.879999999999995,0.10273711704848448,193.0,202.65,185.0,202.65,183.77,202.65,1.0,1.0,1.0,3,6,2,202.65,0.0,SAME,1.0
DWAL,2022-06-03,202.65,202.65,202.65,193.0,185.0,183.77,0.0,0.0,9.650000000000006,0.0,0.0,0.050000000000000044,0.0,0.0,202.65,198.19,191.349,201.0954520661578,198.48279600396296,193.23231018231434,0.028867513459477516,0.020957022142280804,0.016780772309805073,9.650000000000006,0.05000000000000003,17.650000000000006,0.09540540540540543,18.879999999999995,0.10273711704848448,202.65,202.65,190.0,202.65,183.77,202.65,,1.0,1.0,4,6,3,202.65,0.0,SAME,1.0
DWAL,2022-06-06,202.65,202.65,202.65,202.65,190.0,183.77,0.0,0.0,0.0,0.0,0.0,0.0,0.0,0.0,202.65,200.72,193.237,201.8727260330789,199.87186400264198,194.94461742189353,0.0,0.021700555924303477,0.016780772309805073,0.0,0.0,12.650000000000006,0.06657894736842108,18.879999999999995,0.10273711704848448,202.65,202.65,193.0,202.65,183.77,202.65,,1.0,1.0,0,6,6,202.65,0.0,SAME,1.0
DWAL,2022-06-07,202.65,202.65,202.65,202.65,193.0,183.77,0.0,0.0,0.0,0.0,0.0,0.0,0.0,0.0,202.65,202.65,195.125,202.26136301653946,200.7979093350947,196.34559607245833,0.0,0.022360679774997897,0.016780772309805073,0.0,0.0,9.650000000000006,0.05000000000000003,18.879999999999995,0.10273711704848448,202.65,202.65,202.65,202.65,185.0,202.65,,,1.0,1,6,7,202.65,0.0,SAME,1.0
DWAL,2022-06-08,202.65,202.65,202.65,202.65,202.65,185.0,0.0,0.0,0.0,0.0,0.0,0.0,0.0,0.0,202.65,202.65,196.89000000000001,202.45568150826972,201.41527289006314,197.49185133201135,0.0,0.0,0.017056368601122137,0.0,0.0,0.0,0.0,17.650000000000006,0.09540540540540543,202.65,202.65,202.65,202.65,185.0,202.65,,,1.0,2,6,8,202.65,0.0,SAME,1.0
DWAL,2022-06-09,202.65,202.65,202.65,202.65,202.65,185.0,0.0,0.0,0.0,0.0,0.0,0.0,0.0,0.0,202.65,202.65,198.655,202.55284075413488,201.82684859337542,198.42969654437292,0.0,0.0,0.017056368601122137,0.0,0.0,0.0,0.0,17.650000000000006,0.09540540540540543,202.65,202.65,202.65,202.65,185.0,202.65,,,1.0,3,6,9,192.52,-10.129999999999995,DOWN,0.0
DWAL,2022-06-10,192.52,202.65,202.65,202.65,202.65,185.0,-10.129999999999995,-10.129999999999995,-10.129999999999995,-0.049987663459166054,-0.049987663459166054,-0.049987663459166054,-0.05128030863940894,-0.05128030863940894,199.27333333333334,200.624,199.40699999999998,197.53642037706743,198.72456572891696,197.35520626357783,0.028860390954306238,0.022355162706215504,0.025375191815836428,-10.129999999999995,-0.049987663459166026,-10.129999999999995,-0.049987663459166026,7.52000000000001,0.04064864864864871,192.52,202.65,192.52,202.65,190.0,202.65,0.0,0.0,0.19920948616600861,4,6,10,192.52,0.0,SAME,1.0
DWAL,2022-06-13,192.52,192.52,202.65,202.65,202.65,190.0,0.0,-10.129999999999995,-10.129999999999995,0.0,-0.049987663459166054,-0.049987663459166054,0.0,-0.05128030863940894,195.89666666666668,198.598,199.65900000000002,195.0282101885337,196.6563771526113,196.4760778520182,0.028860390954306238,0.022355162706215504,0.024090349051233483,-10.129999999999995,-0.049987663459166026,-10.129999999999995,-0.049987663459166026,2.5200000000000102,0.013263157894736897,192.52,202.65,192.52,202.65,192.52,202.65,0.0,0.0,0.0,0,6,13,192.52,0.0,SAME,1.0
DWAL,2022-06-15,192.52,192.52,192.52,202.65,202.65,193.0,0.0,0.0,-10.129999999999995,0.0,0.0,-0.049987663459166054,0.0,0.0,192.52,196.572,199.61100000000002,193.77410509426687,195.27758476840756,195.75679096983305,0.028860390954306238,0.022355162706215504,0.023567318432495606,-10.129999999999995,-0.049987663459166026,-10.129999999999995,-0.049987663459166026,-0.47999999999998977,-0.0024870466321242992,192.52,192.52,192.52,202.65,192.52,202.65,,0.0,0.0,2,6,15,190.0,-2.5200000000000102,DOWN,0.0
DWAL,2022-06-16,190.0,192.52,192.52,192.52,202.65,202.65,-2.5200000000000102,-2.5200000000000102,-2.5200000000000102,-0.013089549137751955,-0.013089549137751955,-0.013089549137751955,-0.013175972274422508,-0.013175972274422508,191.68000000000004,194.042,198.346,191.88705254713344,193.51838984560504,194.7101017025907,0.00755725471823765,0.021646915744148794,0.01588930220073588,-2.5200000000000102,-0.013089549137751974,-12.650000000000006,-0.06242289661978784,-12.650000000000006,-0.06242289661978784,190.0,192.52,190.0,202.65,190.0,202.65,0.0,0.0,0.0,3,6,16,190.0,0.0,SAME,1.0
DWAL,2022-06-17,190.0,190.0,192.52,192.52,202.65,202.65,0.0,-2.5200000000000102,-2.5200000000000102,0.0,-0.013089549137751955,-0.013089549137751955,0.0,-0.013175972274422508,190.84000000000003,191.512,197.08100000000002,190.9435262735667,192.34559323040338,193.85371957484693,0.00755725471823765,0.021646915744148794,0.01588930220073588,-2.5200000000000102,-0.013089549137751974,-12.650000000000006,-0.06242289661978784,-12.650000000000006,-0.06242289661978784,190.0,192.52,190.0,192.52,190.0,202.65,0.0,0.0,0.0,4,6,17,190.0,0.0,SAME,1.0
DWAL,2022-06-20,190.0,190.0,190.0,192.52,192.52,202.65,0.0,0.0,-2.5200000000000102,0.0,0.0,-0.013089549137751955,0.0,0.0,190.0,191.008,195.816,190.47176313678335,191.56372882026892,193.15304328851113,0.00755725471823765,0.0058538243333673655,0.01588930220073588,-2.5200000000000102,-0.013089549137751974,-2.5200000000000102,-0.013089549137751974,-12.650000000000006,-0.06242289661978784,190.0,190.0,190.0,192.52,190.0,202.65,,0.0,0.0,0,6,20,190.0,0.0,SAME,1.0
DWAL,2022-06-21,190.0,190.0,190.0,190.0,192.52,202.65,0.0,0.0,0.0,0.0,0.0,0.0,0.0,0.0,190.0,190.504,194.55100000000002,190.23588156839168,191.0424858801793,192.57976269059998,0.0,0.0058538243333673655,0.01588930220073588,0.0,0.0,-2.5200000000000102,-0.013089549137751974,-12.650000000000006,-0.06242289661978784,190.0,190.0,190.0,192.52,190.0,202.65,,0.0,0.0,1,6,21,190.0,0.0,SAME,1.0
DWAL,2022-06-22,190.0,190.0,190.0,190.0,192.52,202.65,0.0,0.0,0.0,0.0,0.0,0.0,0.0,0.0,190.0,190.0,193.286,190.11794078419584,190.69499058678622,192.11071492867268,0.0,0.0058538243333673655,0.01588930220073588,0.0,0.0,-2.5200000000000102,-0.013089549137751974,-12.650000000000006,-0.06242289661978784,190.0,190.0,190.0,190.0,190.0,202.65,,,0.0,2,6,22,190.0,0.0,SAME,1.0
DWAL,2022-06-23,190.0,190.0,190.0,190.0,190.0,202.65,0.0,0.0,0.0,0.0,0.0,0.0,0.0,0.0,190.0,190.0,192.02100000000002,190.05897039209793,190.4633270578575,191.7269485780049,0.0,0.0,0.01588930220073588,0.0,0.0,0.0,0.0,-12.650000000000006,-0.06242289661978784,190.0,190.0,190.0,190.0,190.0,202.65,,,0.0,3,6,23,190.0,0.0,SAME,1.0
DWAL,2022-06-24,190.0,190.0,190.0,190.0,190.0,202.65,0.0,0.0,0.0,0.0,0.0,0.0,0.0,0.0,190.0,190.0,190.75600000000003,190.02948519604897,190.30888470523834,191.41295792745854,0.0,0.0,0.01588930220073588,0.0,0.0,0.0,0.0,-12.650000000000006,-0.06242289661978784,190.0,190.0,190.0,190.0,190.0,192.52,,,0.0,4,6,24,190.0,0.0,SAME,1.0
DWAL,2022-06-27,190.0,190.0,190.0,190.0,190.0,192.52,0.0,0.0,0.0,0.0,0.0,0.0,0.0,0.0,190.0,190.0,190.50400000000002,190.0147425980245,190.20592313682556,191.15605648610244,0.0,0.0,0.004139278881998918,0.0,0.0,0.0,0.0,-2.5200000000000102,-0.013089549137751974,190.0,190.0,190.0,190.0,190.0,192.52,,,0.0,0,6,27,190.0,0.0,SAME,1.0
DWAL,2022-06-28,190.0,190.0,190.0,190.0,190.0,192.52,0.0,0.0,0.0,0.0,0.0,0.0,0.0,0.0,190.0,190.0,190.252,190.00737129901225,190.13728209121706,190.9458643977202,0.0,0.0,0.004139278881998918,0.0,0.0,0.0,0.0,-2.5200000000000102,-0.013089549137751974,190.0,190.0,190.0,190.0,190.0,192.52,,,0.0,1,6,28,190.0,0.0,SAME,1.0
DWAL,2022-06-29,190.0,190.0,190.0,190.0,190.0,192.52,0.0,0.0,0.0,0.0,0.0,0.0,0.0,0.0,190.0,190.0,190.0,190.0036856495061,190.0915213941447,190.77388905268015,0.0,0.0,0.004139278881998918,0.0,0.0,0.0,0.0,-2.5200000000000102,-0.013089549137751974,190.0,190.0,190.0,190.0,190.0,190.0,,,,2,6,29,190.0,0.0,SAME,1.0
DWAL,2022-06-30,190.0,190.0,190.0,190.0,190.0,190.0,0.0,0.0,0.0,0.0,0.0,0.0,0.0,0.0,190.0,190.0,190.0,190.00184282475306,190.06101426276314,190.63318195219284,0.0,0.0,0.0,0.0,0.0,0.0,0.0,0.0,0.0,190.0,190.0,190.0,190.0,190.0,190.0,,,,3,6,30,190.0,0.0,SAME,1.0
DWAL,2022-07-01,190.0,190.0,190.0,190.0,190.0,190.0,0.0,0.0,0.0,0.0,0.0,0.0,0.0,0.0,190.0,190.0,190.0,190.00092141237653,190.04067617517543,190.51805796088502,0.0,0.0,0.0,0.0,0.0,0.0,0.0,0.0,0.0,190.0,190.0,190.0,190.0,190.0,190.0,,,,4,7,1,190.0,0.0,SAME,1.0
DWAL,2022-07-04,190.0,190.0,190.0,190.0,190.0,190.0,0.0,0.0,0.0,0.0,0.0,0.0,0.0,0.0,190.0,190.0,190.0,190.00046070618828,190.02711745011698,190.42386560436046,0.0,0.0,0.0,0.0,0.0,0.0,0.0,0.0,0.0,190.0,190.0,190.0,190.0,190.0,190.0,,,,0,7,4,190.0,0.0,SAME,1.0
DWAL,2022-07-05,190.0,190.0,190.0,190.0,190.0,190.0,0.0,0.0,0.0,0.0,0.0,0.0,0.0,0.0,190.0,190.0,190.0,190.00023035309414,190.018078300078,190.34679913084034,0.0,0.0,0.0,0.0,0.0,0.0,0.0,0.0,0.0,190.0,190.0,190.0,190.0,190.0,190.0,,,,1,7,5,190.0,0.0,SAME,1.0
DWAL,2022-07-06,190.0,190.0,190.0,190.0,190.0,190.0,0.0,0.0,0.0,0.0,0.0,0.0,0.0,0.0,190.0,190.0,190.0,190.00011517654707,190.012052200052,190.2837447434148,0.0,0.0,0.0,0.0,0.0,0.0,0.0,0.0,0.0,190.0,190.0,190.0,190.0,190.0,190.0,,,,2,7,6,190.0,0.0,SAME,1.0
DWAL,2022-07-07,190.0,190.0,190.0,190.0,190.0,190.0,0.0,0.0,0.0,0.0,0.0,0.0,0.0,0.0,190.0,190.0,190.0,190.00005758827353,190.0080348000347,190.23215479006666,0.0,0.0,0.0,0.0,0.0,0.0,0.0,0.0,0.0,190.0,190.0,190.0,190.0,190.0,190.0,,,,3,7,7,190.0,0.0,SAME,1.0
DWAL,2022-07-08,190.0,190.0,190.0,190.0,190.0,190.0,0.0,0.0,0.0,0.0,0.0,0.0,0.0,0.0,190.0,190.0,190.0,190.00002879413677,190.00535653335646,190.18994482823632,0.0,0.0,0.0,0.0,0.0,0.0,0.0,0.0,0.0,190.0,190.0,190.0,190.0,190.0,190.0,,,,4,7,8,190.0,0.0,SAME,1.0
DWAL,2022-07-11,190.0,190.0,190.0,190.0,190.0,190.0,0.0,0.0,0.0,0.0,0.0,0.0,0.0,0.0,190.0,190.0,190.0,190.00001439706838,190.00357102223765,190.1554094049206,0.0,0.0,0.0,0.0,0.0,0.0,0.0,0.0,0.0,190.0,190.0,190.0,190.0,190.0,190.0,,,,0,7,11,190.0,0.0,SAME,1.0
DWAL,2022-07-12,190.0,190.0,190.0,190.0,190.0,190.0,0.0,0.0,0.0,0.0,0.0,0.0,0.0,0.0,190.0,190.0,190.0,190.0000071985342,190.0023806814918,190.12715314948048,0.0,0.0,0.0,0.0,0.0,0.0,0.0,0.0,0.0,190.0,190.0,190.0,190.0,190.0,190.0,,,,1,7,12,190.0,0.0,SAME,1.0
DWAL,2022-07-13,190.0,190.0,190.0,190.0,190.0,190.0,0.0,0.0,0.0,0.0,0.0,0.0,0.0,0.0,190.0,190.0,190.0,190.0000035992671,190.00158712099454,190.1040343950295,0.0,0.0,0.0,0.0,0.0,0.0,0.0,0.0,0.0,190.0,190.0,190.0,190.0,190.0,190.0,,,,2,7,13,190.0,0.0,SAME,1.0
DWAL,2022-07-14,190.0,190.0,190.0,190.0,190.0,190.0,0.0,0.0,0.0,0.0,0.0,0.0,0.0,0.0,190.0,190.0,190.0,190.00000179963354,190.00105808066303,190.08511905047868,0.0,0.0,0.0,0.0,0.0,0.0,0.0,0.0,0.0,190.0,190.0,190.0,190.0,190.0,190.0,,,,3,7,14,190.0,0.0,SAME,1.0
DWAL,2022-07-15,190.0,190.0,190.0,190.0,190.0,190.0,0.0,0.0,0.0,0.0,0.0,0.0,0.0,0.0,190.0,190.0,190.0,190.00000089981677,190.0007053871087,190.06964285948254,0.0,0.0,0.0,0.0,0.0,0.0,0.0,0.0,0.0,190.0,190.0,190.0,190.0,190.0,190.0,,,,4,7,15,190.0,0.0,SAME,1.0
DWAL,2022-07-18,190.0,190.0,190.0,190.0,190.0,190.0,0.0,0.0,0.0,0.0,0.0,0.0,0.0,0.0,190.0,190.0,190.0,190.00000044990838,190.00047025807248,190.0569805213948,0.0,0.0,0.0,0.0,0.0,0.0,0.0,0.0,0.0,190.0,190.0,190.0,190.0,190.0,190.0,,,,0,7,18,190.0,0.0,SAME,1.0
DWAL,2022-07-19,190.0,190.0,190.0,190.0,190.0,190.0,0.0,0.0,0.0,0.0,0.0,0.0,0.0,0.0,190.0,190.0,190.0,190.0000002249542,190.00031350538165,190.04662042659572,0.0,0.0,0.0,0.0,0.0,0.0,0.0,0.0,0.0,190.0,190.0,190.0,190.0,190.0,190.0,,,,1,7,19,190.0,0.0,SAME,1.0
DWAL,2022-07-20,190.0,190.0,190.0,190.0,190.0,190.0,0.0,0.0,0.0,0.0,0.0,0.0,0.0,0.0,190.0,190.0,190.0,190.0000001124771,190.00020900358777,190.03814398539652,0.0,0.0,0.0,0.0,0.0,0.0,0.0,0.0,0.0,190.0,190.0,190.0,190.0,190.0,190.0,,,,2,7,20,190.0,0.0,SAME,1.0
DWAL,2022-07-21,190.0,190.0,190.0,190.0,190.0,190.0,0.0,0.0,0.0,0.0,0.0,0.0,0.0,0.0,190.0,190.0,190.0,190.00000005623855,190.00013933572518,190.0312087153244,0.0,0.0,0.0,0.0,0.0,0.0,0.0,0.0,0.0,190.0,190.0,190.0,190.0,190.0,190.0,,,,3,7,21,190.0,0.0,SAME,1.0
DWAL,2022-07-22,190.0,190.0,190.0,190.0,190.0,190.0,0.0,0.0,0.0,0.0,0.0,0.0,0.0,0.0,190.0,190.0,190.0,190.00000002811927,190.00009289048347,190.02553440344724,0.0,0.0,0.0,0.0,0.0,0.0,0.0,0.0,0.0,190.0,190.0,190.0,190.0,190.0,190.0,,,,4,7,22,190.0,0.0,SAME,1.0
DWAL,2022-07-25,190.0,190.0,190.0,190.0,190.0,190.0,0.0,0.0,0.0,0.0,0.0,0.0,0.0,0.0,190.0,190.0,190.0,190.00000001405965,190.000061926989,190.02089178463865,0.0,0.0,0.0,0.0,0.0,0.0,0.0,0.0,0.0,190.0,190.0,190.0,190.0,190.0,190.0,,,,0,7,25,190.0,0.0,SAME,1.0
DWAL,2022-07-26,190.0,190.0,190.0,190.0,190.0,190.0,0.0,0.0,0.0,0.0,0.0,0.0,0.0,0.0,190.0,190.0,190.0,190.00000000702983,190.00004128465935,190.01709327834072,0.0,0.0,0.0,0.0,0.0,0.0,0.0,0.0,0.0,190.0,190.0,190.0,190.0,190.0,190.0,,,,1,7,26,190.0,0.0,SAME,1.0
DWAL,2022-07-27,190.0,190.0,190.0,190.0,190.0,190.0,0.0,0.0,0.0,0.0,0.0,0.0,0.0,0.0,190.0,190.0,190.0,190.0000000035149,190.00002752310624,190.01398540955148,0.0,0.0,0.0,0.0,0.0,0.0,0.0,0.0,0.0,190.0,190.0,190.0,190.0,190.0,190.0,,,,2,7,27,190.0,0.0,SAME,1.0
DWAL,2022-07-28,190.0,190.0,190.0,190.0,190.0,190.0,0.0,0.0,0.0,0.0,0.0,0.0,0.0,0.0,190.0,190.0,190.0,190.00000000175746,190.0000183487375,190.01144260781484,0.0,0.0,0.0,0.0,0.0,0.0,0.0,0.0,0.0,190.0,190.0,190.0,190.0,190.0,190.0,,,,3,7,28,190.0,0.0,SAME,1.0
DWAL,2022-07-29,190.0,190.0,190.0,190.0,190.0,190.0,0.0,0.0,0.0,0.0,0.0,0.0,0.0,0.0,190.0,190.0,190.0,190.00000000087874,190.00001223249168,190.00936213366668,0.0,0.0,0.0,0.0,0.0,0.0,0.0,0.0,0.0,190.0,190.0,190.0,190.0,190.0,190.0,,,,4,7,29,190.0,0.0,SAME,1.0
DWAL,2022-08-02,190.0,190.0,190.0,190.0,190.0,190.0,0.0,0.0,0.0,0.0,0.0,0.0,0.0,0.0,190.0,190.0,190.0,190.00000000043937,190.00000815499448,190.00765992754543,0.0,0.0,0.0,0.0,0.0,0.0,0.0,0.0,0.0,190.0,190.0,190.0,190.0,190.0,190.0,,,,1,8,2,190.0,0.0,SAME,1.0
DWAL,2022-08-03,190.0,190.0,190.0,190.0,190.0,190.0,0.0,0.0,0.0,0.0,0.0,0.0,0.0,0.0,190.0,190.0,190.0,190.0000000002197,190.000005436663,190.00626721344628,0.0,0.0,0.0,0.0,0.0,0.0,0.0,0.0,0.0,190.0,190.0,190.0,190.0,190.0,190.0,,,,2,8,3,190.0,0.0,SAME,1.0
DWAL,2022-08-04,190.0,190.0,190.0,190.0,190.0,190.0,0.0,0.0,0.0,0.0,0.0,0.0,0.0,0.0,190.0,190.0,190.0,190.00000000010985,190.000003624442,190.0051277200924,0.0,0.0,0.0,0.0,0.0,0.0,0.0,0.0,0.0,190.0,190.0,190.0,190.0,190.0,190.0,,,,3,8,4,190.0,0.0,SAME,1.0
DWAL,2022-08-05,190.0,190.0,190.0,190.0,190.0,190.0,0.0,0.0,0.0,0.0,0.0,0.0,0.0,0.0,190.0,190.0,190.0,190.0000000000549,190.00000241629468,190.00419540734833,0.0,0.0,0.0,0.0,0.0,0.0,0.0,0.0,0.0,190.0,190.0,190.0,190.0,190.0,190.0,,,,4,8,5,190.0,0.0,SAME,1.0
DWAL,2022-08-08,190.0,190.0,190.0,190.0,190.0,190.0,0.0,0.0,0.0,0.0,0.0,0.0,0.0,0.0,190.0,190.0,190.0,190.00000000002746,190.00000161086314,190.00343260601227,0.0,0.0,0.0,0.0,0.0,0.0,0.0,0.0,0.0,190.0,190.0,190.0,190.0,190.0,190.0,,,,0,8,8,190.0,0.0,SAME,1.0
DWAL,2022-08-09,190.0,190.0,190.0,190.0,190.0,190.0,0.0,0.0,0.0,0.0,0.0,0.0,0.0,0.0,190.0,190.0,190.0,190.00000000001373,190.00000107390878,190.00280849582822,0.0,0.0,0.0,0.0,0.0,0.0,0.0,0.0,0.0,190.0,190.0,190.0,190.0,190.0,190.0,,,,1,8,9,190.0,0.0,SAME,1.0
DWAL,2022-08-10,190.0,190.0,190.0,190.0,190.0,190.0,0.0,0.0,0.0,0.0,0.0,0.0,0.0,0.0,190.0,190.0,190.0,190.00000000000688,190.0000007159392,190.00229786022305,0.0,0.0,0.0,0.0,0.0,0.0,0.0,0.0,0.0,190.0,190.0,190.0,190.0,190.0,190.0,,,,2,8,10,190.0,0.0,SAME,1.0
DWAL,2022-08-11,190.0,190.0,190.0,190.0,190.0,190.0,0.0,0.0,0.0,0.0,0.0,0.0,0.0,0.0,190.0,190.0,190.0,190.00000000000344,190.00000047729282,190.0018800674552,0.0,0.0,0.0,0.0,0.0,0.0,0.0,0.0,0.0,190.0,190.0,190.0,190.0,190.0,190.0,,,,3,8,11,190.0,0.0,SAME,1.0
DWAL,2022-08-12,190.0,190.0,190.0,190.0,190.0,190.0,0.0,0.0,0.0,0.0,0.0,0.0,0.0,0.0,190.0,190.0,190.0,190.0000000000017,190.00000031819522,190.0015382370088,0.0,0.0,0.0,0.0,0.0,0.0,0.0,0.0,0.0,190.0,190.0,190.0,190.0,190.0,190.0,,,,4,8,12,190.0,0.0,SAME,1.0
DWAL,2022-08-15,190.0,190.0,190.0,190.0,190.0,190.0,0.0,0.0,0.0,0.0,0.0,0.0,0.0,0.0,190.0,190.0,190.0,190.00000000000085,190.00000021213015,190.00125855755266,0.0,0.0,0.0,0.0,0.0,0.0,0.0,0.0,0.0,190.0,190.0,190.0,190.0,190.0,190.0,,,,0,8,15,190.0,0.0,SAME,1.0
DWAL,2022-08-16,190.0,190.0,190.0,190.0,190.0,190.0,0.0,0.0,0.0,0.0,0.0,0.0,0.0,0.0,190.0,190.0,190.0,190.00000000000043,190.00000014142012,190.0010297289067,0.0,0.0,0.0,0.0,0.0,0.0,0.0,0.0,0.0,190.0,190.0,190.0,190.0,190.0,190.0,,,,1,8,16,181.0,-9.0,DOWN,0.0
DWAL,2022-08-17,181.0,190.0,190.0,190.0,190.0,190.0,-9.0,-9.0,-9.0,-0.047368421052631615,-0.047368421052631615,-0.047368421052631615,-0.048527040894660436,-0.048527040894660436,187.0,188.2,189.1,185.50000000000023,187.0000000942801,188.36447886910548,0.027348170645820492,0.021183801892103272,0.014979209969218655,-9.0,-0.04736842105263158,-9.0,-0.04736842105263158,-9.0,-0.04736842105263158,181.0,190.0,181.0,190.0,181.0,190.0,0.0,0.0,0.0,2,8,17,181.0,0.0,SAME,1.0
DWAL,2022-08-18,181.0,181.0,190.0,190.0,190.0,190.0,0.0,-9.0,-9.0,0.0,-0.047368421052631615,-0.047368421052631615,0.0,-0.048527040894660436,184.0,186.4,188.2,183.2500000000001,185.00000006285342,187.02548271108628,0.027348170645820492,0.021183801892103272,0.014979209969218655,-9.0,-0.04736842105263158,-9.0,-0.04736842105263158,-9.0,-0.04736842105263158,181.0,190.0,181.0,190.0,181.0,190.0,0.0,0.0,0.0,3,8,18,181.0,0.0,SAME,1.0
DWAL,2022-08-19,181.0,181.0,181.0,190.0,190.0,190.0,0.0,0.0,-9.0,0.0,0.0,-0.047368421052631615,0.0,0.0,181.0,184.6,187.3,182.12500000000006,183.66666670856895,185.92994039997967,0.027348170645820492,0.021183801892103272,0.014979209969218655,-9.0,-0.04736842105263158,-9.0,-0.04736842105263158,-9.0,-0.04736842105263158,181.0,181.0,181.0,190.0,181.0,190.0,,0.0,0.0,4,8,19,181.0,0.0,SAME,1.0
DWAL,2022-08-22,181.0,181.0,181.0,181.0,190.0,190.0,0.0,0.0,0.0,0.0,0.0,0.0,0.0,0.0,181.0,182.8,186.4,181.56250000000003,182.77777780571265,185.03358759998335,0.0,0.021183801892103272,0.014979209969218655,0.0,0.0,-9.0,-0.04736842105263158,-9.0,-0.04736842105263158,181.0,181.0,181.0,190.0,181.0,190.0,,0.0,0.0,0,8,22,181.0,0.0,SAME,1.0
DWAL,2022-08-23,181.0,181.0,181.0,181.0,190.0,190.0,0.0,0.0,0.0,0.0,0.0,0.0,0.0,0.0,181.0,181.0,185.5,181.28125,182.18518520380843,184.30020803635,0.0,0.021183801892103272,0.014979209969218655,0.0,0.0,-9.0,-0.04736842105263158,-9.0,-0.04736842105263158,181.0,181.0,181.0,181.0,181.0,190.0,,,0.0,1,8,23,190.0,9.0,UP,2.0
DWAL,2022-08-24,190.0,181.0,181.0,181.0,181.0,190.0,9.0,9.0,9.0,0.04972375690607733,0.04972375690607733,0.04972375690607733,0.04852704089466038,0.04852704089466038,184.0,182.8,185.5,185.640625,184.79012346920564,185.33653384792274,0.028708024434839437,0.022237140107732686,0.022890232155455433,9.0,0.049723756906077346,9.0,0.049723756906077346,0.0,0.0,181.0,190.0,181.0,190.0,181.0,190.0,1.0,1.0,1.0,2,8,24,190.0,0.0,SAME,1.0
DWAL,2022-08-25,190.0,190.0,181.0,181.0,181.0,190.0,0.0,9.0,9.0,0.0,0.04972375690607733,0.04972375690607733,0.0,0.04852704089466038,187.0,184.6,185.5,187.8203125,186.52674897947043,186.18443678466406,0.028708024434839437,0.022237140107732686,0.022890232155455433,9.0,0.049723756906077346,9.0,0.049723756906077346,0.0,0.0,181.0,190.0,181.0,190.0,181.0,190.0,1.0,1.0,1.0,3,8,25,190.0,0.0,SAME,1.0
DWAL,2022-08-26,190.0,190.0,190.0,181.0,181.0,190.0,0.0,0.0,9.0,0.0,0.0,0.04972375690607733,0.0,0.0,190.0,186.4,185.5,188.91015625,187.68449931964696,186.87817555108876,0.028708024434839437,0.022237140107732686,0.022890232155455433,9.0,0.049723756906077346,9.0,0.049723756906077346,0.0,0.0,190.0,190.0,181.0,190.0,181.0,190.0,,1.0,1.0,4,8,26,195.0,5.0,UP,2.0
DWAL,2022-08-29,195.0,190.0,190.0,190.0,181.0,190.0,5.0,5.0,5.0,0.026315789473684292,0.026315789473684292,0.026315789473684292,0.025975486403260736,0.025975486403260736,191.66666666666666,189.2,186.0,191.955078125,190.12299954643132,188.35487090543626,0.015193428136561968,0.02240853773536974,0.024327708817416267,5.0,0.02631578947368421,14.0,0.07734806629834254,5.0,0.02631578947368421,190.0,195.0,181.0,195.0,181.0,195.0,1.0,1.0,1.0,0,8,29,195.0,0.0,SAME,1.0
DWAL,2022-08-30,195.0,195.0,190.0,190.0,181.0,190.0,0.0,5.0,5.0,0.0,0.026315789473684292,0.026315789473684292,0.0,0.025975486403260736,193.33333333333334,192.0,186.5,193.4775390625,191.74866636428754,189.56307619535693,0.015193428136561967,0.02240853773536974,0.024327708817416267,5.0,0.02631578947368421,14.0,0.07734806629834254,5.0,0.02631578947368421,190.0,195.0,190.0,195.0,181.0,195.0,1.0,1.0,1.0,1,8,30,195.0,0.0,SAME,1.0
DWAL,2022-08-31,195.0,195.0,195.0,190.0,190.0,181.0,0.0,0.0,5.0,0.0,0.0,0.026315789473684292,0.0,0.0,195.0,193.0,187.9,194.23876953125,192.83244424285837,190.5516077962011,0.015193428136561967,0.011768778828946263,0.016953437917864425,5.0,0.02631578947368421,5.0,0.02631578947368421,14.0,0.07734806629834254,195.0,195.0,190.0,195.0,181.0,195.0,,1.0,1.0,2,8,31,195.0,0.0,SAME,1.0
DWAL,2022-09-01,195.0,195.0,195.0,195.0,190.0,181.0,0.0,0.0,0.0,0.0,0.0,0.0,0.0,0.0,195.0,194.0,189.3,194.619384765625,193.55496282857226,191.36040637870997,0.0,0.011768778828946263,0.016953437917864425,0.0,0.0,5.0,0.02631578947368421,14.0,0.07734806629834254,195.0,195.0,190.0,195.0,181.0,195.0,,1.0,1.0,3,9,1,195.0,0.0,SAME,1.0
DWAL,2022-09-02,195.0,195.0,195.0,195.0,190.0,181.0,0.0,0.0,0.0,0.0,0.0,0.0,0.0,0.0,195.0,195.0,190.7,194.8096923828125,194.03664188571486,192.02215067349,0.0,0.011768778828946263,0.016953437917864425,0.0,0.0,5.0,0.02631578947368421,14.0,0.07734806629834254,195.0,195.0,195.0,195.0,181.0,195.0,,,1.0,4,9,2,195.0,0.0,SAME,1.0
DWAL,2022-09-05,195.0,195.0,195.0,195.0,195.0,181.0,0.0,0.0,0.0,0.0,0.0,0.0,0.0,0.0,195.0,195.0,192.1,194.90484619140625,194.35776125714327,192.56357782376455,0.0,0.0,0.016953437917864425,0.0,0.0,0.0,0.0,14.0,0.07734806629834254,195.0,195.0,195.0,195.0,181.0,195.0,,,1.0,0,9,5,195.0,0.0,SAME,1.0
DWAL,2022-09-06,195.0,195.0,195.0,195.0,195.0,181.0,0.0,0.0,0.0,0.0,0.0,0.0,0.0,0.0,195.0,195.0,193.5,194.95242309570312,194.57184083809554,193.00656367398915,0.0,0.0,0.016953437917864425,0.0,0.0,0.0,0.0,14.0,0.07734806629834254,195.0,195.0,195.0,195.0,190.0,195.0,,,1.0,1,9,6,195.0,0.0,SAME,1.0
DWAL,2022-09-07,195.0,195.0,195.0,195.0,195.0,190.0,0.0,0.0,0.0,0.0,0.0,0.0,0.0,0.0,195.0,195.0,194.0,194.97621154785156,194.71456055873037,193.36900664235475,0.0,0.0,0.00832178331623259,0.0,0.0,0.0,0.0,5.0,0.02631578947368421,195.0,195.0,195.0,195.0,190.0,195.0,,,1.0,2,9,7,195.0,0.0,SAME,1.0
DWAL,2022-09-08,195.0,195.0,195.0,195.0,195.0,190.0,0.0,0.0,0.0,0.0,0.0,0.0,0.0,0.0,195.0,195.0,194.5,194.98810577392578,194.8097070391536,193.66555088919932,0.0,0.0,0.00832178331623259,0.0,0.0,0.0,0.0,5.0,0.02631578947368421,195.0,195.0,195.0,195.0,190.0,195.0,,,1.0,3,9,8,195.0,0.0,SAME,1.0
DWAL,2022-09-09,195.0,195.0,195.0,195.0,195.0,190.0,0.0,0.0,0.0,0.0,0.0,0.0,0.0,0.0,195.0,195.0,195.0,194.9940528869629,194.87313802610242,193.908178000254,0.0,0.0,0.00832178331623259,0.0,0.0,0.0,0.0,5.0,0.02631578947368421,195.0,195.0,195.0,195.0,195.0,195.0,,,,4,9,9,204.0,9.0,UP,2.0
DWAL,2022-09-12,204.0,195.0,195.0,195.0,195.0,195.0,9.0,9.0,9.0,0.04615384615384621,0.04615384615384621,0.04615384615384621,0.04512043528046964,0.04512043528046964,198.0,196.8,195.9,199.49702644348145,197.91542535073498,195.74305472748054,0.02664693550105557,0.020640627484613448,0.014595127662315605,9.0,0.046153846153846156,9.0,0.046153846153846156,9.0,0.046153846153846156,195.0,204.0,195.0,204.0,195.0,204.0,1.0,1.0,1.0,0,9,12,204.0,0.0,SAME,1.0
DWAL,2022-09-13,204.0,204.0,195.0,195.0,195.0,195.0,0.0,9.0,9.0,0.0,0.04615384615384621,0.04615384615384621,0.0,0.04512043528046964,201.0,198.6,196.8,201.74851322174072,199.94361690049,197.24431750430224,0.02664693550105557,0.020640627484613448,0.014595127662315605,9.0,0.046153846153846156,9.0,0.046153846153846156,9.0,0.046153846153846156,195.0,204.0,195.0,204.0,195.0,204.0,1.0,1.0,1.0,1,9,13,204.0,0.0,SAME,1.0
DWAL,2022-09-14,204.0,204.0,204.0,195.0,195.0,195.0,0.0,0.0,9.0,0.0,0.0,0.04615384615384621,0.0,0.0,204.0,200.4,197.7,202.87425661087036,201.29574460032669,198.47262341261091,0.02664693550105557,0.020640627484613448,0.014595127662315605,9.0,0.046153846153846156,9.0,0.046153846153846156,9.0,0.046153846153846156,204.0,204.0,195.0,204.0,195.0,204.0,,1.0,1.0,2,9,14,195.0,-9.0,DOWN,0.0
DWAL,2022-09-15,195.0,204.0,204.0,204.0,195.0,195.0,-9.0,-9.0,-9.0,-0.044117647058823484,-0.044117647058823484,-0.044117647058823484,-0.045120435280469544,-0.045120435280469544,201.0,200.4,197.7,198.93712830543518,199.19716306688449,197.8412373375907,0.025471335405420435,0.0319206636657546,0.021281524815159807,-9.0,-0.04411764705882353,0.0,0.0,0.0,0.0,195.0,204.0,195.0,204.0,195.0,204.0,0.0,0.0,0.0,3,9,15,195.0,0.0,SAME,1.0
DWAL,2022-09-16,195.0,195.0,204.0,204.0,195.0,195.0,0.0,-9.0,-9.0,0.0,-0.044117647058823484,-0.044117647058823484,0.0,-0.045120435280469544,198.0,200.4,197.7,196.9685641527176,197.79810871125633,197.324648730756,0.025471335405420435,0.0319206636657546,0.021281524815159807,-9.0,-0.04411764705882353,0.0,0.0,0.0,0.0,195.0,204.0,195.0,204.0,195.0,204.0,0.0,0.0,0.0,4,9,16,195.0,0.0,SAME,1.0
DWAL,2022-09-19,195.0,195.0,195.0,204.0,204.0,195.0,0.0,0.0,-9.0,0.0,0.0,-0.044117647058823484,0.0,0.0,195.0,198.6,197.7,195.9842820763588,196.86540580750423,196.901985325164,0.025471335405420435,0.01973001156617457,0.021281524815159807,-9.0,-0.04411764705882353,-9.0,-0.04411764705882353,0.0,0.0,195.0,195.0,195.0,204.0,195.0,204.0,,0.0,0.0,0,9,19,195.0,0.0,SAME,1.0
DWAL,2022-09-20,195.0,195.0,195.0,195.0,204.0,195.0,0.0,0.0,0.0,0.0,0.0,0.0,0.0,0.0,195.0,196.8,197.7,195.4921410381794,196.2436038716695,196.5561698114978,0.0,0.01973001156617457,0.021281524815159807,0.0,0.0,-9.0,-0.04411764705882353,0.0,0.0,195.0,195.0,195.0,204.0,195.0,204.0,,0.0,0.0,1,9,20,195.0,0.0,SAME,1.0
DWAL,2022-09-21,195.0,195.0,195.0,195.0,204.0,195.0,0.0,0.0,0.0,0.0,0.0,0.0,0.0,0.0,195.0,195.0,197.7,195.2460705190897,195.8290692477797,196.2732298457709,0.0,0.01973001156617457,0.021281524815159807,0.0,0.0,-9.0,-0.04411764705882353,0.0,0.0,195.0,195.0,195.0,195.0,195.0,204.0,,,0.0,2,9,21,195.0,0.0,SAME,1.0
DWAL,2022-09-22,195.0,195.0,195.0,195.0,195.0,195.0,0.0,0.0,0.0,0.0,0.0,0.0,0.0,0.0,195.0,195.0,197.7,195.12303525954485,195.55271283185314,196.0417335101762,0.0,0.0,0.021281524815159807,0.0,0.0,0.0,0.0,0.0,0.0,195.0,195.0,195.0,195.0,195.0,204.0,,,0.0,3,9,22,195.0,0.0,SAME,1.0
DWAL,2022-09-26,195.0,195.0,195.0,195.0,195.0,195.0,0.0,0.0,0.0,0.0,0.0,0.0,0.0,0.0,195.0,195.0,197.7,195.06151762977242,195.36847522123546,195.85232741741686,0.0,0.0,0.021281524815159807,0.0,0.0,0.0,0.0,0.0,0.0,195.0,195.0,195.0,195.0,195.0,204.0,,,0.0,0,9,26,195.0,0.0,SAME,1.0
DWAL,2022-09-27,195.0,195.0,195.0,195.0,195.0,204.0,0.0,0.0,0.0,0.0,0.0,0.0,0.0,0.0,195.0,195.0,196.8,195.0307588148862,195.24565014749032,195.69735879606833,0.0,0.0,0.013951224971331078,0.0,0.0,0.0,0.0,-9.0,-0.04411764705882353,195.0,195.0,195.0,195.0,195.0,204.0,,,0.0,1,9,27,195.0,0.0,SAME,1.0
DWAL,2022-09-28,195.0,195.0,195.0,195.0,195.0,204.0,0.0,0.0,0.0,0.0,0.0,0.0,0.0,0.0,195.0,195.0,195.9,195.0153794074431,195.16376676499357,195.57056628769226,0.0,0.0,0.013951224971331078,0.0,0.0,0.0,0.0,-9.0,-0.04411764705882353,195.0,195.0,195.0,195.0,195.0,204.0,,,0.0,2,9,28,195.0,0.0,SAME,1.0
DWAL,2022-09-29,195.0,195.0,195.0,195.0,195.0,204.0,0.0,0.0,0.0,0.0,0.0,0.0,0.0,0.0,195.0,195.0,195.0,195.00768970372155,195.10917784332906,195.4668269626573,0.0,0.0,0.013951224971331078,0.0,0.0,0.0,0.0,-9.0,-0.04411764705882353,195.0,195.0,195.0,195.0,195.0,195.0,,,,3,9,29,195.0,0.0,SAME,1.0
DWAL,2022-10-03,195.0,195.0,195.0,195.0,195.0,195.0,0.0,0.0,0.0,0.0,0.0,0.0,0.0,0.0,195.0,195.0,195.0,195.00384485186078,195.07278522888606,195.38194933308324,0.0,0.0,0.0,0.0,0.0,0.0,0.0,0.0,0.0,195.0,195.0,195.0,195.0,195.0,195.0,,,,0,10,3,195.0,0.0,SAME,1.0
DWAL,2022-10-07,195.0,195.0,195.0,195.0,195.0,195.0,0.0,0.0,0.0,0.0,0.0,0.0,0.0,0.0,195.0,195.0,195.0,195.0019224259304,195.04852348592405,195.31250399979535,0.0,0.0,0.0,0.0,0.0,0.0,0.0,0.0,0.0,195.0,195.0,195.0,195.0,195.0,195.0,,,,4,10,7,195.0,0.0,SAME,1.0
DWAL,2022-10-10,195.0,195.0,195.0,195.0,195.0,195.0,0.0,0.0,0.0,0.0,0.0,0.0,0.0,0.0,195.0,195.0,195.0,195.0009612129652,195.03234899061604,195.25568509074162,0.0,0.0,0.0,0.0,0.0,0.0,0.0,0.0,0.0,195.0,195.0,195.0,195.0,195.0,195.0,,,,0,10,10,195.0,0.0,SAME,1.0
DWAL,2022-10-11,195.0,195.0,195.0,195.0,195.0,195.0,0.0,0.0,0.0,0.0,0.0,0.0,0.0,0.0,195.0,195.0,195.0,195.0004806064826,195.02156599374405,195.20919689242493,0.0,0.0,0.0,0.0,0.0,0.0,0.0,0.0,0.0,195.0,195.0,195.0,195.0,195.0,195.0,,,,1,10,11,195.0,0.0,SAME,1.0
DWAL,2022-10-12,195.0,195.0,195.0,195.0,195.0,195.0,0.0,0.0,0.0,0.0,0.0,0.0,0.0,0.0,195.0,195.0,195.0,195.0002403032413,195.01437732916273,195.1711610938022,0.0,0.0,0.0,0.0,0.0,0.0,0.0,0.0,0.0,195.0,195.0,195.0,195.0,195.0,195.0,,,,2,10,12,195.0,0.0,SAME,1.0
DWAL,2022-10-13,195.0,195.0,195.0,195.0,195.0,195.0,0.0,0.0,0.0,0.0,0.0,0.0,0.0,0.0,195.0,195.0,195.0,195.00012015162065,195.0095848861085,195.14004089492903,0.0,0.0,0.0,0.0,0.0,0.0,0.0,0.0,0.0,195.0,195.0,195.0,195.0,195.0,195.0,,,,3,10,13,195.0,0.0,SAME,1.0
DWAL,2022-10-14,195.0,195.0,195.0,195.0,195.0,195.0,0.0,0.0,0.0,0.0,0.0,0.0,0.0,0.0,195.0,195.0,195.0,195.00006007581032,195.00638992407235,195.11457891403285,0.0,0.0,0.0,0.0,0.0,0.0,0.0,0.0,0.0,195.0,195.0,195.0,195.0,195.0,195.0,,,,4,10,14,195.0,0.0,SAME,1.0
DWAL,2022-10-17,195.0,195.0,195.0,195.0,195.0,195.0,0.0,0.0,0.0,0.0,0.0,0.0,0.0,0.0,195.0,195.0,195.0,195.00003003790516,195.00425994938158,195.09374638420866,0.0,0.0,0.0,0.0,0.0,0.0,0.0,0.0,0.0,195.0,195.0,195.0,195.0,195.0,195.0,,,,0,10,17,195.0,0.0,SAME,1.0
DWAL,2022-10-18,195.0,195.0,195.0,195.0,195.0,195.0,0.0,0.0,0.0,0.0,0.0,0.0,0.0,0.0,195.0,195.0,195.0,195.00001501895258,195.0028399662544,195.0767015870798,0.0,0.0,0.0,0.0,0.0,0.0,0.0,0.0,0.0,195.0,195.0,195.0,195.0,195.0,195.0,,,,1,10,18,195.0,0.0,SAME,1.0
DWAL,2022-10-19,195.0,195.0,195.0,195.0,195.0,195.0,0.0,0.0,0.0,0.0,0.0,0.0,0.0,0.0,195.0,195.0,195.0,195.0000075094763,195.0018933108363,195.0627558439744,0.0,0.0,0.0,0.0,0.0,0.0,0.0,0.0,0.0,195.0,195.0,195.0,195.0,195.0,195.0,,,,2,10,19,195.0,0.0,SAME,1.0
DWAL,2022-10-20,195.0,195.0,195.0,195.0,195.0,195.0,0.0,0.0,0.0,0.0,0.0,0.0,0.0,0.0,195.0,195.0,195.0,195.00000375473815,195.00126220722422,195.0513456905245,0.0,0.0,0.0,0.0,0.0,0.0,0.0,0.0,0.0,195.0,195.0,195.0,195.0,195.0,195.0,,,,3,10,20,195.0,0.0,SAME,1.0
DWAL,2022-10-21,195.0,195.0,195.0,195.0,195.0,195.0,0.0,0.0,0.0,0.0,0.0,0.0,0.0,0.0,195.0,195.0,195.0,195.00000187736907,195.00084147148283,195.04201011042915,0.0,0.0,0.0,0.0,0.0,0.0,0.0,0.0,0.0,195.0,195.0,195.0,195.0,195.0,195.0,,,,4,10,21,195.0,0.0,SAME,1.0
DWAL,2022-10-24,195.0,195.0,195.0,195.0,195.0,195.0,0.0,0.0,0.0,0.0,0.0,0.0,0.0,0.0,195.0,195.0,195.0,195.00000093868454,195.00056098098858,195.03437190853293,0.0,0.0,0.0,0.0,0.0,0.0,0.0,0.0,0.0,195.0,195.0,195.0,195.0,195.0,195.0,,,,0,10,24,195.0,0.0,SAME,1.0
DWAL,2022-10-25,195.0,195.0,195.0,195.0,195.0,195.0,0.0,0.0,0.0,0.0,0.0,0.0,0.0,0.0,195.0,195.0,195.0,195.00000046934227,195.00037398732573,195.02812247061786,0.0,0.0,0.0,0.0,0.0,0.0,0.0,0.0,0.0,195.0,195.0,195.0,195.0,195.0,195.0,,,,1,10,25,195.0,0.0,SAME,1.0
DWAL,2022-10-26,195.0,195.0,195.0,195.0,195.0,195.0,0.0,0.0,0.0,0.0,0.0,0.0,0.0,0.0,195.0,195.0,195.0,195.00000023467112,195.00024932488384,195.02300929414184,0.0,0.0,0.0,0.0,0.0,0.0,0.0,0.0,0.0,195.0,195.0,195.0,195.0,195.0,195.0,,,,2,10,26,195.0,0.0,SAME,1.0
DWAL,2022-10-27,195.0,195.0,195.0,195.0,195.0,195.0,0.0,0.0,0.0,0.0,0.0,0.0,0.0,0.0,195.0,195.0,195.0,195.00000011733556,195.00016621658924,195.01882578611605,0.0,0.0,0.0,0.0,0.0,0.0,0.0,0.0,0.0,195.0,195.0,195.0,195.0,195.0,195.0,,,,3,10,27,195.0,0.0,SAME,1.0
DWAL,2022-10-28,195.0,195.0,195.0,195.0,195.0,195.0,0.0,0.0,0.0,0.0,0.0,0.0,0.0,0.0,195.0,195.0,195.0,195.00000005866778,195.0001108110595,195.0154029159131,0.0,0.0,0.0,0.0,0.0,0.0,0.0,0.0,0.0,195.0,195.0,195.0,195.0,195.0,195.0,,,,4,10,28,195.0,0.0,SAME,1.0
DWAL,2022-10-31,195.0,195.0,195.0,195.0,195.0,195.0,0.0,0.0,0.0,0.0,0.0,0.0,0.0,0.0,195.0,195.0,195.0,195.00000002933388,195.00007387403969,195.01260238574707,0.0,0.0,0.0,0.0,0.0,0.0,0.0,0.0,0.0,195.0,195.0,195.0,195.0,195.0,195.0,,,,0,10,31,195.0,0.0,SAME,1.0
DWAL,2022-11-02,195.0,195.0,195.0,195.0,195.0,195.0,0.0,0.0,0.0,0.0,0.0,0.0,0.0,0.0,195.0,195.0,195.0,195.00000001466694,195.00004924935982,195.01031104288393,0.0,0.0,0.0,0.0,0.0,0.0,0.0,0.0,0.0,195.0,195.0,195.0,195.0,195.0,195.0,,,,2,11,2,195.0,0.0,SAME,1.0
DWAL,2022-11-03,195.0,195.0,195.0,195.0,195.0,195.0,0.0,0.0,0.0,0.0,0.0,0.0,0.0,0.0,195.0,195.0,195.0,195.00000000733348,195.00003283290656,195.00843630781412,0.0,0.0,0.0,0.0,0.0,0.0,0.0,0.0,0.0,195.0,195.0,195.0,195.0,195.0,195.0,,,,3,11,3,195.0,0.0,SAME,1.0
DWAL,2022-11-04,195.0,195.0,195.0,195.0,195.0,195.0,0.0,0.0,0.0,0.0,0.0,0.0,0.0,0.0,195.0,195.0,195.0,195.00000000366674,195.00002188860438,195.00690243366608,0.0,0.0,0.0,0.0,0.0,0.0,0.0,0.0,0.0,195.0,195.0,195.0,195.0,195.0,195.0,,,,4,11,4,195.0,0.0,SAME,1.0
DWAL,2022-11-07,195.0,195.0,195.0,195.0,195.0,195.0,0.0,0.0,0.0,0.0,0.0,0.0,0.0,0.0,195.0,195.0,195.0,195.00000000183337,195.00001459240295,195.00564744572677,0.0,0.0,0.0,0.0,0.0,0.0,0.0,0.0,0.0,195.0,195.0,195.0,195.0,195.0,195.0,,,,0,11,7,195.0,0.0,SAME,1.0
DWAL,2022-11-08,195.0,195.0,195.0,195.0,195.0,195.0,0.0,0.0,0.0,0.0,0.0,0.0,0.0,0.0,195.0,195.0,195.0,195.00000000091669,195.00000972826865,195.0046206374128,0.0,0.0,0.0,0.0,0.0,0.0,0.0,0.0,0.0,195.0,195.0,195.0,195.0,195.0,195.0,,,,1,11,8,195.0,0.0,SAME,1.0
DWAL,2022-11-09,195.0,195.0,195.0,195.0,195.0,195.0,0.0,0.0,0.0,0.0,0.0,0.0,0.0,0.0,195.0,195.0,195.0,195.00000000045833,195.00000648551244,195.00378052151956,0.0,0.0,0.0,0.0,0.0,0.0,0.0,0.0,0.0,195.0,195.0,195.0,195.0,195.0,195.0,,,,2,11,9,195.0,0.0,SAME,1.0
DWAL,2022-11-10,195.0,195.0,195.0,195.0,195.0,195.0,0.0,0.0,0.0,0.0,0.0,0.0,0.0,0.0,195.0,195.0,195.0,195.00000000022916,195.00000432367497,195.00309315397055,0.0,0.0,0.0,0.0,0.0,0.0,0.0,0.0,0.0,195.0,195.0,195.0,195.0,195.0,195.0,,,,3,11,10,195.0,0.0,SAME,1.0
DWAL,2022-11-14,195.0,195.0,195.0,195.0,195.0,195.0,0.0,0.0,0.0,0.0,0.0,0.0,0.0,0.0,195.0,195.0,195.0,195.0000000001146,195.00000288245,195.00253076233952,0.0,0.0,0.0,0.0,0.0,0.0,0.0,0.0,0.0,195.0,195.0,195.0,195.0,195.0,195.0,,,,0,11,14,195.0,0.0,SAME,1.0
DWAL,2022-11-16,195.0,195.0,195.0,195.0,195.0,195.0,0.0,0.0,0.0,0.0,0.0,0.0,0.0,0.0,195.0,195.0,195.0,195.0000000000573,195.00000192163336,195.00207062373232,0.0,0.0,0.0,0.0,0.0,0.0,0.0,0.0,0.0,195.0,195.0,195.0,195.0,195.0,195.0,,,,2,11,16,195.0,0.0,SAME,1.0
DWAL,2022-11-17,195.0,195.0,195.0,195.0,195.0,195.0,0.0,0.0,0.0,0.0,0.0,0.0,0.0,0.0,195.0,195.0,195.0,195.00000000002865,195.0000012810889,195.00169414669006,0.0,0.0,0.0,0.0,0.0,0.0,0.0,0.0,0.0,195.0,195.0,195.0,195.0,195.0,195.0,,,,3,11,17,195.0,0.0,SAME,1.0
DWAL,2022-11-18,195.0,195.0,195.0,195.0,195.0,195.0,0.0,0.0,0.0,0.0,0.0,0.0,0.0,0.0,195.0,195.0,195.0,195.00000000001432,195.0000008540593,195.0013861200191,0.0,0.0,0.0,0.0,0.0,0.0,0.0,0.0,0.0,195.0,195.0,195.0,195.0,195.0,195.0,,,,4,11,18,195.0,0.0,SAME,1.0
DWAL,2022-11-21,195.0,195.0,195.0,195.0,195.0,195.0,0.0,0.0,0.0,0.0,0.0,0.0,0.0,0.0,195.0,195.0,195.0,195.00000000000716,195.00000056937287,195.00113409819744,0.0,0.0,0.0,0.0,0.0,0.0,0.0,0.0,0.0,195.0,195.0,195.0,195.0,195.0,195.0,,,,0,11,21,195.0,0.0,SAME,1.0
DWAL,2022-11-22,195.0,195.0,195.0,195.0,195.0,195.0,0.0,0.0,0.0,0.0,0.0,0.0,0.0,0.0,195.0,195.0,195.0,195.00000000000358,195.00000037958193,195.00092789852516,0.0,0.0,0.0,0.0,0.0,0.0,0.0,0.0,0.0,195.0,195.0,195.0,195.0,195.0,195.0,,,,1,11,22,195.0,0.0,SAME,1.0
DWAL,2022-11-23,195.0,195.0,195.0,195.0,195.0,195.0,0.0,0.0,0.0,0.0,0.0,0.0,0.0,0.0,195.0,195.0,195.0,195.0000000000018,195.00000025305465,195.00075918970236,0.0,0.0,0.0,0.0,0.0,0.0,0.0,0.0,0.0,195.0,195.0,195.0,195.0,195.0,195.0,,,,2,11,23,195.0,0.0,SAME,1.0
DWAL,2022-11-24,195.0,195.0,195.0,195.0,195.0,195.0,0.0,0.0,0.0,0.0,0.0,0.0,0.0,0.0,195.0,195.0,195.0,195.0000000000009,195.0000001687031,195.00062115521104,0.0,0.0,0.0,0.0,0.0,0.0,0.0,0.0,0.0,195.0,195.0,195.0,195.0,195.0,195.0,,,,3,11,24,195.0,0.0,SAME,1.0
DWAL,2022-11-25,195.0,195.0,195.0,195.0,195.0,195.0,0.0,0.0,0.0,0.0,0.0,0.0,0.0,0.0,195.0,195.0,195.0,195.00000000000045,195.00000011246877,195.00050821789995,0.0,0.0,0.0,0.0,0.0,0.0,0.0,0.0,0.0,195.0,195.0,195.0,195.0,195.0,195.0,,,,4,11,25,195.0,0.0,SAME,1.0
DWAL,2022-11-28,195.0,195.0,195.0,195.0,195.0,195.0,0.0,0.0,0.0,0.0,0.0,0.0,0.0,0.0,195.0,195.0,195.0,195.00000000000023,195.0000000749792,195.0004158146454,0.0,0.0,0.0,0.0,0.0,0.0,0.0,0.0,0.0,195.0,195.0,195.0,195.0,195.0,195.0,,,,0,11,28,195.0,0.0,SAME,1.0
DWAL,2022-11-29,195.0,195.0,195.0,195.0,195.0,195.0,0.0,0.0,0.0,0.0,0.0,0.0,0.0,0.0,195.0,195.0,195.0,195.0000000000001,195.00000004998614,195.00034021198258,0.0,0.0,0.0,0.0,0.0,0.0,0.0,0.0,0.0,195.0,195.0,195.0,195.0,195.0,195.0,,,,1,11,29,195.0,0.0,SAME,1.0
DWAL,2022-11-30,195.0,195.0,195.0,195.0,195.0,195.0,0.0,0.0,0.0,0.0,0.0,0.0,0.0,0.0,195.0,195.0,195.0,195.00000000000006,195.0000000333241,195.00027835525844,0.0,0.0,0.0,0.0,0.0,0.0,0.0,0.0,0.0,195.0,195.0,195.0,195.0,195.0,195.0,,,,2,11,30,195.0,0.0,SAME,1.0
DWAL,2022-12-01,195.0,195.0,195.0,195.0,195.0,195.0,0.0,0.0,0.0,0.0,0.0,0.0,0.0,0.0,195.0,195.0,195.0,195.00000000000003,195.00000002221608,195.00022774521142,0.0,0.0,0.0,0.0,0.0,0.0,0.0,0.0,0.0,195.0,195.0,195.0,195.0,195.0,195.0,,,,3,12,1,195.0,0.0,SAME,1.0
DWAL,2022-12-02,195.0,195.0,195.0,195.0,195.0,195.0,0.0,0.0,0.0,0.0,0.0,0.0,0.0,0.0,195.0,195.0,195.0,195.0,195.00000001481075,195.00018633699113,0.0,0.0,0.0,0.0,0.0,0.0,0.0,0.0,0.0,195.0,195.0,195.0,195.0,195.0,195.0,,,,4,12,2,195.0,0.0,SAME,1.0
DWAL,2022-12-05,195.0,195.0,195.0,195.0,195.0,195.0,0.0,0.0,0.0,0.0,0.0,0.0,0.0,0.0,195.0,195.0,195.0,195.0,195.00000000987384,195.0001524575382,0.0,0.0,0.0,0.0,0.0,0.0,0.0,0.0,0.0,195.0,195.0,195.0,195.0,195.0,195.0,,,,0,12,5,195.0,0.0,SAME,1.0
DWAL,2022-12-06,195.0,195.0,195.0,195.0,195.0,195.0,0.0,0.0,0.0,0.0,0.0,0.0,0.0,0.0,195.0,195.0,195.0,195.0,195.00000000658258,195.0001247379858,0.0,0.0,0.0,0.0,0.0,0.0,0.0,0.0,0.0,195.0,195.0,195.0,195.0,195.0,195.0,,,,1,12,6,195.0,0.0,SAME,1.0
DWAL,2022-12-07,195.0,195.0,195.0,195.0,195.0,195.0,0.0,0.0,0.0,0.0,0.0,0.0,0.0,0.0,195.0,195.0,195.0,195.0,195.0000000043884,195.000102058352,0.0,0.0,0.0,0.0,0.0,0.0,0.0,0.0,0.0,195.0,195.0,195.0,195.0,195.0,195.0,,,,2,12,7,195.0,0.0,SAME,1.0
DWAL,2022-12-08,195.0,195.0,195.0,195.0,195.0,195.0,0.0,0.0,0.0,0.0,0.0,0.0,0.0,0.0,195.0,195.0,195.0,195.0,195.00000000292562,195.00008350228802,0.0,0.0,0.0,0.0,0.0,0.0,0.0,0.0,0.0,195.0,195.0,195.0,195.0,195.0,195.0,,,,3,12,8,195.0,0.0,SAME,1.0
DWAL,2022-12-09,195.0,195.0,195.0,195.0,195.0,195.0,0.0,0.0,0.0,0.0,0.0,0.0,0.0,0.0,195.0,195.0,195.0,195.0,195.00000000195044,195.0000683200538,0.0,0.0,0.0,0.0,0.0,0.0,0.0,0.0,0.0,195.0,195.0,195.0,195.0,195.0,195.0,,,,4,12,9,65.0,-130.0,DOWN,0.0
DWAL,2022-12-12,65.0,195.0,195.0,195.0,195.0,195.0,-130.0,-130.0,-130.0,-0.6666666666666667,-0.6666666666666667,-0.6666666666666667,-1.0986122886681098,-1.0986122886681098,151.66666666666666,169.0,182.0,130.0,151.66666666796698,171.36369226186218,0.3849001794597503,0.298142396999972,0.21081851067789198,-130.0,-0.6666666666666666,-130.0,-0.6666666666666666,-130.0,-0.6666666666666666,65.0,195.0,65.0,195.0,65.0,195.0,0.0,0.0,0.0,0,12,12,65.0,0.0,SAME,1.0
DWAL,2022-12-13,65.0,65.0,195.0,195.0,195.0,195.0,0.0,-130.0,-130.0,0.0,-0.6666666666666667,-0.6666666666666667,0.0,-1.0986122886681098,108.33333333333333,143.0,169.0,97.5,122.77777777864466,152.02483912334176,0.3849001794597503,0.298142396999972,0.21081851067789198,-130.0,-0.6666666666666666,-130.0,-0.6666666666666666,-130.0,-0.6666666666666666,65.0,195.0,65.0,195.0,65.0,195.0,0.0,0.0,0.0,1,12,13,68.25,3.25,UP,2.0
DWAL,2022-12-14,68.25,65.0,65.0,195.0,195.0,195.0,3.25,3.25,-126.75,0.050000000000000044,0.050000000000000044,-0.65,0.04879016416943205,0.04879016416943205,66.08333333333334,117.65,156.325,82.875,104.60185185242979,136.79305019182507,0.4001157240006851,0.30450323844291416,0.2131553076636498,-126.75,-0.65,-126.75,-0.65,-126.75,-0.65,65.0,68.25,65.0,195.0,65.0,195.0,1.0,0.025,0.025,2,12,14,68.25,0.0,SAME,1.0
DWAL,2022-12-15,68.25,68.25,65.0,65.0,195.0,195.0,0.0,3.25,3.25,0.0,0.050000000000000044,0.050000000000000044,0.0,0.04879016416943205,67.16666666666667,92.3,143.65,75.5625,92.48456790161987,124.33067742967505,0.028867513459477242,0.30450323844291416,0.2131553076636498,3.25,0.05,-126.75,-0.65,-126.75,-0.65,65.0,68.25,65.0,195.0,65.0,195.0,1.0,0.025,0.025,3,12,15,71.66,3.4099999999999966,UP,2.0
DWAL,2022-12-16,71.66,68.25,68.25,65.0,195.0,195.0,3.4099999999999966,3.4099999999999966,6.659999999999997,0.04996336996336992,0.04996336996336992,0.10246153846153838,0.0487552778117386,0.0487552778117386,69.38666666666667,67.63199999999999,131.31599999999997,73.61125,85.54304526774658,114.75419062427957,0.0288569450908406,0.3103265447410454,0.21533578949401655,6.659999999999997,0.10246153846153841,-123.34,-0.6325128205128205,-123.34,-0.6325128205128205,68.25,71.66,65.0,71.66,65.0,195.0,1.0,1.0,0.051230769230769205,4,12,16,79.0,7.340000000000003,UP,2.0
DWAL,2022-12-19,79.0,71.66,68.25,68.25,65.0,195.0,7.340000000000003,10.75,10.75,0.10242813284956753,0.15750915750915762,0.15750915750915762,0.09751514059021386,0.14627041840195248,72.97000000000001,70.43199999999999,119.71599999999998,76.30562499999999,83.36203017849772,108.25342869259237,0.05121915670568439,0.04270654708288126,0.22070018939841066,10.75,0.1575091575091575,14.0,0.2153846153846154,-116.0,-0.5948717948717949,68.25,79.0,65.0,79.0,65.0,195.0,1.0,1.0,0.1076923076923077,0,12,19,82.95,3.950000000000003,UP,2.0
DWAL,2022-12-20,82.95,79.0,71.66,68.25,65.0,195.0,3.950000000000003,11.290000000000006,14.700000000000003,0.050000000000000044,0.15754953949204586,0.2153846153846155,0.04879016416943205,0.14630530475964582,77.87,74.02199999999999,108.51100000000001,79.6278125,83.22468678566514,103.6528052939392,0.03027997633353037,0.03622004486023819,0.22242849388885666,14.700000000000003,0.21538461538461542,17.950000000000003,0.2761538461538462,-112.05,-0.5746153846153846,71.66,82.95,68.25,82.95,65.0,195.0,1.0,1.0,0.1380769230769231,1,12,20,87.1,4.1499999999999915,UP,2.0
DWAL,2022-12-21,87.1,82.95,79.0,71.66,68.25,195.0,4.1499999999999915,8.099999999999994,15.439999999999998,0.050030138637733534,0.10253164556962013,0.21546190343287752,0.04881886722200358,0.09760903139143551,83.01666666666667,77.792,97.721,83.36390625,84.5164578571101,100.6432043314048,0.0302607000906327,0.03621994786966807,0.22402080164183177,15.439999999999998,0.21546190343287747,18.849999999999994,0.2761904761904761,-107.9,-0.5533333333333333,79.0,87.1,68.25,87.1,65.0,195.0,1.0,1.0,0.16999999999999996,2,12,21,91.46,4.359999999999999,UP,2.0
DWAL,2022-12-22,91.46,87.1,82.95,79.0,68.25,195.0,4.359999999999999,8.509999999999991,12.459999999999994,0.05005740528128588,0.10259192284508734,0.15772151898734177,0.04884483437145202,0.09766370159345557,87.17,82.434,87.367,87.411953125,86.83097190474007,98.97353081660393,2.8714607804251163e-05,0.023440907567628157,0.22547965607299664,12.459999999999994,0.15772151898734169,23.209999999999994,0.34007326007326,-103.54,-0.530974358974359,82.95,91.46,71.66,91.46,65.0,195.0,1.0,1.0,0.2035384615384615,3,12,22,91.46,0.0,SAME,1.0
DWAL,2022-12-23,91.46,91.46,87.1,82.95,71.66,195.0,0.0,4.359999999999999,8.509999999999991,0.0,0.05005740528128588,0.10259192284508734,0.0,0.04884483437145202,90.00666666666667,86.39399999999999,77.013,89.4359765625,88.37398126982671,97.6074343044941,0.028892788428585912,0.03621963415012273,0.22547965607299664,8.509999999999991,0.1025919228450873,19.799999999999997,0.27630477253698016,-103.54,-0.530974358974359,87.1,91.46,79.0,91.46,65.0,91.46,1.0,1.0,1.0,4,12,23,100.83,9.370000000000005,UP,2.0
DWAL,2022-12-26,100.83,91.46,91.46,87.1,79.0,65.0,9.370000000000005,9.370000000000005,13.730000000000004,0.10244915810190247,0.10244915810190247,0.15763490241102196,0.09753421217521485,0.09753421217521485,94.58333333333333,90.75999999999999,80.596,95.13298828125,92.52598751321781,98.19335534004063,0.05122901128413251,0.03622717011399599,0.037707179058876536,13.730000000000004,0.15763490241102188,21.83,0.27632911392405063,35.83,0.5512307692307692,91.46,100.83,82.95,100.83,65.0,100.83,1.0,1.0,1.0,0,12,26,122.56,21.730000000000004,UP,2.0
DWAL,2022-12-27,122.56,100.83,91.46,91.46,82.95,65.0,21.730000000000004,31.10000000000001,31.10000000000001,0.2155112565704651,0.340039361469495,0.340039361469495,0.19516477558715714,0.29269898776237213,104.95,98.68199999999999,86.352,108.846494140625,102.53732500881188,102.62365436912414,0.10779917270437259,0.08215362311470206,0.06235083880421974,31.10000000000001,0.340039361469495,39.61,0.47751657625075344,57.56,0.8855384615384616,91.46,122.56,87.1,122.56,68.25,122.56,1.0,1.0,1.0,1,12,27,128.69,6.1299999999999955,UP,2.0
DWAL,2022-12-28,128.69,122.56,100.83,91.46,87.1,68.25,6.1299999999999955,27.86,37.230000000000004,0.05001631853785904,0.2763066547654467,0.40706319702602234,0.04880570551329235,0.24397048110044942,117.36000000000001,107.0,92.396,118.7682470703125,111.25488333920792,107.36298993837428,0.08457818403630873,0.08215503554115958,0.062350343375524794,37.230000000000004,0.4070631970260224,41.59,0.4774971297359358,60.44,0.8855677655677655,100.83,128.69,91.46,128.69,68.25,128.69,1.0,1.0,1.0,2,12,28,134.79,6.099999999999994,UP,2.0
DWAL,2022-12-29,134.79,128.69,122.56,100.83,91.46,68.25,6.099999999999994,12.22999999999999,33.959999999999994,0.047400730437485494,0.09978785900783271,0.3368045224635525,0.046311600244604845,0.09511730575789694,128.68,115.66599999999998,99.05,126.77912353515624,119.09992222613862,112.34971904048805,0.0963124817215926,0.0824343763383577,0.05836115094227245,33.959999999999994,0.33680452246355247,43.33,0.47375902033675926,66.53999999999999,0.9749450549450548,122.56,134.79,91.46,134.79,71.66,134.79,1.0,1.0,1.0,3,12,29,135.0,0.21000000000000796,UP,2.0
DWAL,2022-12-30,135.0,134.79,128.69,122.56,91.46,71.66,0.21000000000000796,6.310000000000002,12.439999999999998,0.0015579790785666958,0.04903255886238256,0.10150130548302871,0.0015567666882512128,0.047868366932856045,132.82666666666668,124.374,105.38399999999999,130.88956176757813,124.39994815075909,116.4679519422175,0.027253775935385038,0.08204387193598749,0.06225005240928425,12.439999999999998,0.1015013054830287,43.540000000000006,0.4760551060572929,63.34,0.8838961763885014,128.69,135.0,100.83,135.0,79.0,135.0,1.0,1.0,1.0,4,12,30,128.25,-6.75,DOWN,0.0
DWAL,2023-01-03,128.25,135.0,134.79,128.69,100.83,79.0,-6.75,-6.539999999999992,-0.4399999999999977,-0.050000000000000044,-0.04851991987536164,-0.0034190690807366364,-0.05129329438755058,-0.04973652769929932,132.68,129.858,110.309,129.56978088378906,125.68329876717273,118.61014249817794,0.04872830346006293,0.09963105868979381,0.07068655545034286,-0.4399999999999977,-0.0034190690807366364,27.42,0.27194287414459983,49.25,0.6234177215189873,128.25,135.0,122.56,135.0,82.95,135.0,0.0,0.4573954983922829,0.8703170028818443,1,1,3,128.25,0.0,SAME,1.0
DWAL,2023-01-04,128.25,128.25,135.0,134.79,122.56,82.95,0.0,-6.75,-6.539999999999992,0.0,-0.050000000000000044,-0.04851991987536164,0.0,-0.05129329438755058,130.5,130.996,114.83899999999998,128.90989044189453,126.53886584478182,120.36284386214558,0.029327610726281417,0.04114358391754651,0.07256378953059359,-6.539999999999992,-0.04851991987536162,5.689999999999998,0.04642624020887726,45.3,0.5461121157323688,128.25,135.0,128.25,135.0,87.1,135.0,0.0,0.0,0.8590814196242171,2,1,4,121.84,-6.409999999999997,DOWN,0.0
DWAL,2023-01-05,121.84,128.25,128.25,135.0,128.69,87.1,-6.409999999999997,-6.409999999999997,-13.159999999999997,-0.049980506822612014,-0.049980506822612014,-0.0974814814814815,-0.05127277546397247,-0.05127277546397247,126.11333333333334,129.626,118.31300000000002,125.37494522094727,124.97257722985455,120.63141770539184,0.028861887909570727,0.04100811763231547,0.07868771568449855,-13.159999999999997,-0.09748148148148146,-6.849999999999994,-0.053228689097831954,34.74000000000001,0.3988518943742826,121.84,128.25,121.84,135.0,91.46,135.0,0.0,0.0,0.6977491961414792,3,1,5,115.75,-6.090000000000003,DOWN,0.0
DWAL,2023-01-06,115.75,121.84,128.25,128.25,134.79,91.46,-6.090000000000003,-12.5,-12.5,-0.04998358502954703,-0.09746588693957114,-0.09746588693957114,-0.051276015620563005,-0.10254879108453545,121.94666666666667,125.81800000000001,120.742,120.56247261047363,121.89838481990304,119.7438872135024,0.028857147711110486,0.027811698400793405,0.08304005725830431,-12.5,-0.09746588693957114,-19.039999999999992,-0.14125676979004373,24.290000000000006,0.2655805816750493,115.75,128.25,115.75,135.0,91.46,135.0,0.0,0.0,0.5578778135048232,4,1,6,115.75,0.0,SAME,1.0
DWAL,2023-01-09,115.75,115.75,121.84,128.25,135.0,91.46,0.0,-6.090000000000003,-12.5,0.0,-0.04998358502954703,-0.09746588693957114,0.0,-0.051276015620563005,117.78000000000002,121.968,123.171,118.15623630523682,119.8489232132687,119.01772590195651,0.028857147711110486,0.027379572977142143,0.08304005725830431,-12.5,-0.09746588693957114,-19.25,-0.1425925925925926,24.290000000000006,0.2655805816750493,115.75,121.84,115.75,128.25,100.83,135.0,0.0,0.0,0.43664032777290024,0,1,9,115.75,0.0,SAME,1.0
DWAL,2023-01-10,115.75,115.75,115.75,121.84,128.25,100.83,0.0,0.0,-6.090000000000003,0.0,0.0,-0.04998358502954703,0.0,0.0,115.75,119.468,124.66300000000001,116.9531181526184,118.48261547551247,118.42359391978259,0.028858036271867483,0.027376294045605352,0.07887095298064138,-6.090000000000003,-0.04998358502954697,-12.5,-0.09746588693957114,14.920000000000002,0.1479718337796291,115.75,115.75,115.75,128.25,115.75,135.0,,0.0,0.0,1,1,10,115.75,0.0,SAME,1.0
DWAL,2023-01-11,115.75,115.75,115.75,115.75,128.25,122.56,0.0,0.0,0.0,0.0,0.0,0.0,0.0,0.0,115.75,116.968,123.982,116.3515590763092,117.57174365034166,117.93748593436757,0.0,0.027376294045605352,0.03649552489590066,0.0,0.0,-12.5,-0.09746588693957114,-6.810000000000002,-0.05556462140992169,115.75,115.75,115.75,121.84,115.75,135.0,,0.0,0.0,2,1,11,115.75,0.0,SAME,1.0
DWAL,2023-01-12,115.75,115.75,115.75,115.75,121.84,128.69,0.0,0.0,0.0,0.0,0.0,0.0,0.0,0.0,115.75,115.75,122.68800000000002,116.0507795381546,116.96449576689444,117.53976121902801,0.0,0.022353338777041834,0.031136719397202306,0.0,0.0,-6.090000000000003,-0.04998358502954697,-12.939999999999998,-0.10055171341984613,115.75,115.75,115.75,115.75,115.75,135.0,,,0.0,3,1,12,115.75,0.0,SAME,1.0
DWAL,2023-01-13,115.75,115.75,115.75,115.75,115.75,134.79,0.0,0.0,0.0,0.0,0.0,0.0,0.0,0.0,115.75,115.75,120.78400000000002,115.9003897690773,116.5596638445963,117.21435008829563,0.0,0.0,0.024258789249359036,0.0,0.0,0.0,0.0,-19.039999999999992,-0.14125676979004373,115.75,115.75,115.75,115.75,115.75,135.0,,,0.0,4,1,13,115.75,0.0,SAME,1.0
DWAL,2023-01-16,115.75,115.75,115.75,115.75,115.75,135.0,0.0,0.0,0.0,0.0,0.0,0.0,0.0,0.0,115.75,115.75,118.85900000000001,115.82519488453865,116.28977589639754,116.94810461769642,0.0,0.0,0.024146513321219892,0.0,0.0,0.0,0.0,-19.25,-0.1425925925925926,115.75,115.75,115.75,115.75,115.75,128.25,,,0.0,0,1,16,115.75,0.0,SAME,1.0
DWAL,2023-01-17,115.75,115.75,115.75,115.75,115.75,128.25,0.0,0.0,0.0,0.0,0.0,0.0,0.0,0.0,115.75,115.75,117.60900000000001,115.78759744226932,116.10985059759837,116.73026741447887,0.0,0.0,0.021074280978029,0.0,0.0,0.0,0.0,-12.5,-0.09746588693957114,115.75,115.75,115.75,115.75,115.75,128.25,,,0.0,1,1,17,110.0,-5.75,DOWN,0.0
DWAL,2023-01-18,110.0,115.75,115.75,115.75,115.75,128.25,-5.75,-5.75,-5.75,-0.049676025917926525,-0.049676025917926525,-0.049676025917926525,-0.050952327173927184,-0.050952327173927184,113.83333333333333,114.6,115.78400000000002,112.89379872113466,114.07323373173224,115.50658243002816,0.028680466935981638,0.02221579416090526,0.02409449199627012,-5.75,-0.04967602591792657,-5.75,-0.04967602591792657,-18.25,-0.14230019493177387,110.0,115.75,110.0,115.75,110.0,121.84,0.0,0.0,0.0,2,1,18,110.0,0.0,SAME,1.0
DWAL,2023-01-19,110.0,110.0,115.75,115.75,115.75,121.84,0.0,-5.75,-5.75,0.0,-0.049676025917926525,-0.049676025917926525,0.0,-0.050952327173927184,111.91666666666667,113.45,114.6,111.44689936056733,112.71548915448818,114.50538562456849,0.028680466935981638,0.02221579416090526,0.021010215816713987,-5.75,-0.04967602591792657,-5.75,-0.04967602591792657,-11.840000000000003,-0.09717662508207488,110.0,115.75,110.0,115.75,110.0,115.75,0.0,0.0,0.0,3,1,19,110.0,0.0,SAME,1.0
DWAL,2023-01-20,110.0,110.0,110.0,115.75,115.75,115.75,0.0,0.0,-5.75,0.0,0.0,-0.049676025917926525,0.0,0.0,110.0,112.3,114.025,110.72344968028366,111.81032610299212,113.68622460191966,0.028680466935981638,0.02221579416090526,0.015708938700619738,-5.75,-0.04967602591792657,-5.75,-0.04967602591792657,-5.75,-0.04967602591792657,110.0,110.0,110.0,115.75,110.0,115.75,,0.0,0.0,4,1,20,104.61,-5.390000000000001,DOWN,0.0
DWAL,2023-01-23,104.61,110.0,110.0,110.0,115.75,115.75,-5.390000000000001,-5.390000000000001,-5.390000000000001,-0.049000000000000044,-0.049000000000000044,-0.049000000000000044,-0.05024121643674679,-0.05024121643674679,108.20333333333333,110.072,112.91099999999999,107.66672484014182,109.41021740199474,112.03600194702517,0.028290163190287564,0.02702459959373816,0.020803343059076884,-5.390000000000001,-0.049,-11.14,-0.09624190064794817,-11.14,-0.09624190064794817,104.61,110.0,104.61,115.75,104.61,115.75,0.0,0.0,0.0,0,1,23,104.61,0.0,SAME,1.0
DWAL,2023-01-24,104.61,104.61,110.0,110.0,115.75,115.75,0.0,-5.390000000000001,-5.390000000000001,0.0,-0.049000000000000044,-0.049000000000000044,0.0,-0.05024121643674679,106.40666666666668,107.84400000000001,111.797,106.1383624200709,107.81014493466316,110.68581977483876,0.028290163190287564,0.02702459959373816,0.020803343059076884,-5.390000000000001,-0.049,-11.14,-0.09624190064794817,-11.14,-0.09624190064794817,104.61,110.0,104.61,110.0,104.61,115.75,0.0,0.0,0.0,1,1,24,104.61,0.0,SAME,1.0
DWAL,2023-01-25,104.61,104.61,104.61,110.0,110.0,115.75,0.0,0.0,-5.390000000000001,0.0,0.0,-0.049000000000000044,0.0,0.0,104.61,106.76599999999999,110.68299999999999,105.37418121003546,106.7434299564421,109.58112527032262,0.028290163190287564,0.021913466179498197,0.020803343059076884,-5.390000000000001,-0.049,-5.390000000000001,-0.049,-11.14,-0.09624190064794817,104.61,104.61,104.61,110.0,104.61,115.75,,0.0,0.0,2,1,25,104.61,0.0,SAME,1.0
DWAL,2023-01-26,104.61,104.61,104.61,104.61,110.0,115.75,0.0,0.0,0.0,0.0,0.0,0.0,0.0,0.0,104.61,105.68799999999999,109.569,104.99209060501772,106.03228663762806,108.67728431208214,0.0,0.021913466179498197,0.020803343059076884,0.0,0.0,-5.390000000000001,-0.049,-11.14,-0.09624190064794817,104.61,104.61,104.61,110.0,104.61,115.75,,0.0,0.0,3,1,26,104.61,0.0,SAME,1.0
DWAL,2023-01-27,104.61,104.61,104.61,104.61,110.0,115.75,0.0,0.0,0.0,0.0,0.0,0.0,0.0,0.0,104.61,104.61,108.455,104.80104530250887,105.55819109175204,107.93777807352174,0.0,0.021913466179498197,0.020803343059076884,0.0,0.0,-5.390000000000001,-0.049,-11.14,-0.09624190064794817,104.61,104.61,104.61,104.61,104.61,115.75,,,0.0,4,1,27,104.61,0.0,SAME,1.0
DWAL,2023-01-30,104.61,104.61,104.61,104.61,104.61,115.75,0.0,0.0,0.0,0.0,0.0,0.0,0.0,0.0,104.61,104.61,107.34099999999998,104.70552265125443,105.24212739450135,107.3327275146996,0.0,0.0,0.020803343059076884,0.0,0.0,0.0,0.0,-11.14,-0.09624190064794817,104.61,104.61,104.61,104.61,104.61,115.75,,,0.0,0,1,30,104.61,0.0,SAME,1.0
DWAL,2023-01-31,104.61,104.61,104.61,104.61,104.61,115.75,0.0,0.0,0.0,0.0,0.0,0.0,0.0,0.0,104.61,104.61,106.227,104.6577613256272,105.03141826300092,106.83768614839057,0.0,0.0,0.020803343059076884,0.0,0.0,0.0,0.0,-11.14,-0.09624190064794817,104.61,104.61,104.61,104.61,104.61,110.0,,,0.0,1,1,31,104.61,0.0,SAME,1.0
DWAL,2023-02-01,104.61,104.61,104.61,104.61,104.61,110.0,0.0,0.0,0.0,0.0,0.0,0.0,0.0,0.0,104.61,104.61,105.68799999999999,104.6338806628136,104.89094550866727,106.43265230322864,0.0,0.0,0.015495160534824356,0.0,0.0,0.0,0.0,-5.390000000000001,-0.049,104.61,104.61,104.61,104.61,104.61,110.0,,,0.0,2,2,1,104.61,0.0,SAME,1.0
DWAL,2023-02-02,104.61,104.61,104.61,104.61,104.61,110.0,0.0,0.0,0.0,0.0,0.0,0.0,0.0,0.0,104.61,104.61,105.149,104.62194033140679,104.79729700577818,106.10126097536887,0.0,0.0,0.015495160534824356,0.0,0.0,0.0,0.0,-5.390000000000001,-0.049,104.61,104.61,104.61,104.61,104.61,110.0,,,0.0,3,2,2,104.61,0.0,SAME,1.0
DWAL,2023-02-03,104.61,104.61,104.61,104.61,104.61,110.0,0.0,0.0,0.0,0.0,0.0,0.0,0.0,0.0,104.61,104.61,104.61,104.6159701657034,104.73486467051879,105.83012261621089,0.0,0.0,0.015495160534824356,0.0,0.0,0.0,0.0,-5.390000000000001,-0.049,104.61,104.61,104.61,104.61,104.61,104.61,,,,4,2,3,104.61,0.0,SAME,1.0
DWAL,2023-02-06,104.61,104.61,104.61,104.61,104.61,104.61,0.0,0.0,0.0,0.0,0.0,0.0,0.0,0.0,104.61,104.61,104.61,104.61298508285171,104.69324311367919,105.60828214053618,0.0,0.0,0.0,0.0,0.0,0.0,0.0,0.0,0.0,104.61,104.61,104.61,104.61,104.61,104.61,,,,0,2,6,104.61,0.0,SAME,1.0
DWAL,2023-02-07,104.61,104.61,104.61,104.61,104.61,104.61,0.0,0.0,0.0,0.0,0.0,0.0,0.0,0.0,104.61,104.61,104.61,104.61149254142586,104.66549540911947,105.42677629680232,0.0,0.0,0.0,0.0,0.0,0.0,0.0,0.0,0.0,104.61,104.61,104.61,104.61,104.61,104.61,,,,1,2,7,104.61,0.0,SAME,1.0
DWAL,2023-02-08,104.61,104.61,104.61,104.61,104.61,104.61,0.0,0.0,0.0,0.0,0.0,0.0,0.0,0.0,104.61,104.61,104.61,104.61074627071292,104.64699693941299,105.27827151556552,0.0,0.0,0.0,0.0,0.0,0.0,0.0,0.0,0.0,104.61,104.61,104.61,104.61,104.61,104.61,,,,2,2,8,104.61,0.0,SAME,1.0
DWAL,2023-02-09,104.61,104.61,104.61,104.61,104.61,104.61,0.0,0.0,0.0,0.0,0.0,0.0,0.0,0.0,104.61,104.61,104.61,104.61037313535647,104.63466462627534,105.15676760364451,0.0,0.0,0.0,0.0,0.0,0.0,0.0,0.0,0.0,104.61,104.61,104.61,104.61,104.61,104.61,,,,3,2,9,104.61,0.0,SAME,1.0
DWAL,2023-02-10,104.61,104.61,104.61,104.61,104.61,104.61,0.0,0.0,0.0,0.0,0.0,0.0,0.0,0.0,104.61,104.61,104.61,104.61018656767823,104.62644308418356,105.05735531207277,0.0,0.0,0.0,0.0,0.0,0.0,0.0,0.0,0.0,104.61,104.61,104.61,104.61,104.61,104.61,,,,4,2,10,104.61,0.0,SAME,1.0
DWAL,2023-02-13,104.61,104.61,104.61,104.61,104.61,104.61,0.0,0.0,0.0,0.0,0.0,0.0,0.0,0.0,104.61,104.61,104.61,104.61009328383912,104.62096205612238,104.97601798260499,0.0,0.0,0.0,0.0,0.0,0.0,0.0,0.0,0.0,104.61,104.61,104.61,104.61,104.61,104.61,,,,0,2,13,100.0,-4.609999999999999,DOWN,0.0
DWAL,2023-02-14,100.0,104.61,104.61,104.61,104.61,104.61,-4.609999999999999,-4.609999999999999,-4.609999999999999,-0.044068444699359555,-0.044068444699359555,-0.044068444699359555,-0.045068963367578145,-0.045068963367578145,103.07333333333334,103.68799999999999,104.149,102.30504664191956,103.08064137074825,104.07128744031317,0.025442928409938784,0.01970800760209191,0.013935665819114238,-4.609999999999999,-0.04406844469935952,-4.609999999999999,-0.04406844469935952,-4.609999999999999,-0.04406844469935952,100.0,104.61,100.0,104.61,100.0,104.61,0.0,0.0,0.0,1,2,14,100.0,0.0,SAME,1.0
DWAL,2023-02-15,100.0,100.0,104.61,104.61,104.61,104.61,0.0,-4.609999999999999,-4.609999999999999,0.0,-0.044068444699359555,-0.044068444699359555,0.0,-0.045068963367578145,101.53666666666668,102.766,103.68799999999999,101.15252332095977,102.05376091383218,103.33105336025623,0.025442928409938784,0.01970800760209191,0.013935665819114238,-4.609999999999999,-0.04406844469935952,-4.609999999999999,-0.04406844469935952,-4.609999999999999,-0.04406844469935952,100.0,104.61,100.0,104.61,100.0,104.61,0.0,0.0,0.0,2,2,15,100.0,0.0,SAME,1.0
DWAL,2023-02-16,100.0,100.0,100.0,104.61,104.61,104.61,0.0,0.0,-4.609999999999999,0.0,0.0,-0.044068444699359555,0.0,0.0,100.0,101.84400000000001,103.227,100.57626166047989,101.3691739425548,102.7254072947551,0.025442928409938784,0.01970800760209191,0.013935665819114238,-4.609999999999999,-0.04406844469935952,-4.609999999999999,-0.04406844469935952,-4.609999999999999,-0.04406844469935952,100.0,100.0,100.0,104.61,100.0,104.61,,0.0,0.0,3,2,16,100.0,0.0,SAME,1.0
DWAL,2023-02-17,100.0,100.0,100.0,100.0,104.61,104.61,0.0,0.0,0.0,0.0,0.0,0.0,0.0,0.0,100.0,100.922,102.766,100.28813083023994,100.91278262836987,102.22987869570872,0.0,0.01970800760209191,0.013935665819114238,0.0,0.0,-4.609999999999999,-0.04406844469935952,-4.609999999999999,-0.04406844469935952,100.0,100.0,100.0,104.61,100.0,104.61,,0.0,0.0,4,2,17,100.0,0.0,SAME,1.0
DWAL,2023-02-20,100.0,100.0,100.0,100.0,104.61,104.61,0.0,0.0,0.0,0.0,0.0,0.0,0.0,0.0,100.0,100.0,102.305,100.14406541511997,100.60852175224659,101.82444620557986,0.0,0.01970800760209191,0.013935665819114238,0.0,0.0,-4.609999999999999,-0.04406844469935952,-4.609999999999999,-0.04406844469935952,100.0,100.0,100.0,100.0,100.0,104.61,,,0.0,0,2,20,100.0,0.0,SAME,1.0
DWAL,2023-02-24,100.0,100.0,100.0,100.0,100.0,104.61,0.0,0.0,0.0,0.0,0.0,0.0,0.0,0.0,100.0,100.0,101.84400000000001,100.07203270755998,100.40568116816439,101.49272871365625,0.0,0.0,0.013935665819114238,0.0,0.0,0.0,0.0,-4.609999999999999,-0.04406844469935952,100.0,100.0,100.0,100.0,100.0,104.61,,,0.0,4,2,24,95.0,-5.0,DOWN,0.0
DWAL,2023-02-27,95.0,100.0,100.0,100.0,100.0,104.61,-5.0,-5.0,-5.0,-0.050000000000000044,-0.050000000000000044,-0.050000000000000044,-0.05129329438755058,-0.05129329438755058,98.33333333333333,99.0,100.88300000000001,97.53601635377998,98.60378744544295,100.31223258390057,0.028867513459477273,0.02236067977499815,0.019880589610652533,-5.0,-0.05,-5.0,-0.05,-9.61,-0.09186502246439154,95.0,100.0,95.0,100.0,95.0,104.61,0.0,0.0,0.0,0,2,27,95.0,0.0,SAME,1.0
DWAL,2023-02-28,95.0,95.0,100.0,100.0,100.0,104.61,0.0,-5.0,-5.0,0.0,-0.050000000000000044,-0.050000000000000044,0.0,-0.05129329438755058,96.66666666666667,98.0,99.922,96.26800817688999,97.40252496362865,99.34637211410046,0.028867513459477273,0.02236067977499815,0.019880589610652533,-5.0,-0.05,-5.0,-0.05,-9.61,-0.09186502246439154,95.0,100.0,95.0,100.0,95.0,104.61,0.0,0.0,0.0,1,2,28,95.0,0.0,SAME,1.0
DWAL,2023-03-01,95.0,95.0,95.0,100.0,100.0,104.61,0.0,0.0,-5.0,0.0,0.0,-0.050000000000000044,0.0,0.0,95.0,97.0,98.961,95.634004088445,96.60168330908579,98.55612263880946,0.028867513459477273,0.02236067977499815,0.019880589610652533,-5.0,-0.05,-5.0,-0.05,-9.61,-0.09186502246439154,95.0,95.0,95.0,100.0,95.0,104.61,,0.0,0.0,2,3,1,95.0,0.0,SAME,1.0
DWAL,2023-03-02,95.0,95.0,95.0,95.0,100.0,104.61,0.0,0.0,0.0,0.0,0.0,0.0,0.0,0.0,95.0,96.0,98.0,95.3170020442225,96.06778887272387,97.90955488629865,0.0,0.02236067977499815,0.019880589610652533,0.0,0.0,-5.0,-0.05,-9.61,-0.09186502246439154,95.0,95.0,95.0,100.0,95.0,100.0,,0.0,0.0,3,3,2,95.0,0.0,SAME,1.0
DWAL,2023-03-03,95.0,95.0,95.0,95.0,100.0,100.0,0.0,0.0,0.0,0.0,0.0,0.0,0.0,0.0,95.0,95.0,97.5,95.15850102211125,95.7118592484826,97.38054490697161,0.0,0.02236067977499815,0.01581138830084121,0.0,0.0,-5.0,-0.05,-5.0,-0.05,95.0,95.0,95.0,95.0,95.0,100.0,,,0.0,4,3,3,95.0,0.0,SAME,1.0
DWAL,2023-03-06,95.0,95.0,95.0,95.0,95.0,100.0,0.0,0.0,0.0,0.0,0.0,0.0,0.0,0.0,95.0,95.0,97.0,95.07925051105562,95.47457283232174,96.94771856024948,0.0,0.0,0.01581138830084121,0.0,0.0,0.0,0.0,-5.0,-0.05,95.0,95.0,95.0,95.0,95.0,100.0,,,0.0,0,3,6,95.0,0.0,SAME,1.0
DWAL,2023-03-07,95.0,95.0,95.0,95.0,95.0,100.0,0.0,0.0,0.0,0.0,0.0,0.0,0.0,0.0,95.0,95.0,96.5,95.03962525552781,95.3163818882145,96.59358791293138,0.0,0.0,0.01581138830084121,0.0,0.0,0.0,0.0,-5.0,-0.05,95.0,95.0,95.0,95.0,95.0,100.0,,,0.0,1,3,7,95.0,0.0,SAME,1.0
DWAL,2023-03-08,95.0,95.0,95.0,95.0,95.0,100.0,0.0,0.0,0.0,0.0,0.0,0.0,0.0,0.0,95.0,95.0,96.0,95.01981262776391,95.21092125880966,96.30384465603476,0.0,0.0,0.01581138830084121,0.0,0.0,0.0,0.0,-5.0,-0.05,95.0,95.0,95.0,95.0,95.0,100.0,,,0.0,2,3,8,99.75,4.75,UP,2.0
DWAL,2023-03-09,99.75,95.0,95.0,95.0,95.0,100.0,4.75,4.75,4.75,0.050000000000000044,0.050000000000000044,0.050000000000000044,0.04879016416943205,0.04879016416943205,96.58333333333333,95.95,95.975,97.38490631388196,96.72394750587311,96.93041835493753,0.028867513459477193,0.02236067977499815,0.023570226039551133,4.75,0.05,4.75,0.05,-0.25,-0.0025,95.0,99.75,95.0,99.75,95.0,100.0,1.0,1.0,0.95,3,3,9,99.75,0.0,SAME,1.0
DWAL,2023-03-10,99.75,99.75,95.0,95.0,95.0,100.0,0.0,4.75,4.75,0.0,0.050000000000000044,0.050000000000000044,0.0,0.04879016416943205,98.16666666666667,96.9,95.95,98.56745315694099,97.73263167058208,97.4430695631307,0.02886751345947719,0.02236067977499815,0.023570226039551133,4.75,0.05,4.75,0.05,-0.25,-0.0025,95.0,99.75,95.0,99.75,95.0,99.75,1.0,1.0,1.0,4,3,10,99.75,0.0,SAME,1.0
DWAL,2023-03-13,99.75,99.75,99.75,95.0,95.0,95.0,0.0,0.0,4.75,0.0,0.0,0.050000000000000044,0.0,0.0,99.75,97.85,96.425,99.15872657847049,98.40508778038806,97.8625114607433,0.02886751345947719,0.02236067977499815,0.015811388300841205,4.75,0.05,4.75,0.05,4.75,0.05,99.75,99.75,95.0,99.75,95.0,99.75,,1.0,1.0,0,3,13,99.75,0.0,SAME,1.0
DWAL,2023-03-14,99.75,99.75,99.75,99.75,95.0,95.0,0.0,0.0,0.0,0.0,0.0,0.0,0.0,0.0,99.75,98.8,96.9,99.45436328923525,98.85339185359204,98.2056911951536,0.0,0.02236067977499815,0.015811388300841205,0.0,0.0,4.75,0.05,4.75,0.05,99.75,99.75,95.0,99.75,95.0,99.75,,1.0,1.0,1,3,14,99.75,0.0,SAME,1.0
DWAL,2023-03-15,99.75,99.75,99.75,99.75,95.0,95.0,0.0,0.0,0.0,0.0,0.0,0.0,0.0,0.0,99.75,99.75,97.375,99.60218164461762,99.15226123572803,98.48647461421659,0.0,0.02236067977499815,0.015811388300841205,0.0,0.0,4.75,0.05,4.75,0.05,99.75,99.75,99.75,99.75,95.0,99.75,,,1.0,2,3,15,99.75,0.0,SAME,1.0
DWAL,2023-03-16,99.75,99.75,99.75,99.75,99.75,95.0,0.0,0.0,0.0,0.0,0.0,0.0,0.0,0.0,99.75,99.75,97.85,99.67609082230881,99.35150749048536,98.71620650254084,0.0,0.0,0.015811388300841205,0.0,0.0,0.0,0.0,4.75,0.05,99.75,99.75,99.75,99.75,95.0,99.75,,,1.0,3,3,16,99.75,0.0,SAME,1.0
DWAL,2023-03-17,99.75,99.75,99.75,99.75,99.75,95.0,0.0,0.0,0.0,0.0,0.0,0.0,0.0,0.0,99.75,99.75,98.325,99.71304541115441,99.48433832699025,98.90416895662432,0.0,0.0,0.015811388300841205,0.0,0.0,0.0,0.0,4.75,0.05,99.75,99.75,99.75,99.75,95.0,99.75,,,1.0,4,3,17,99.75,0.0,SAME,1.0
DWAL,2023-03-20,99.75,99.75,99.75,99.75,99.75,95.0,0.0,0.0,0.0,0.0,0.0,0.0,0.0,0.0,99.75,99.75,98.8,99.7315227055772,99.57289221799351,99.05795641905625,0.0,0.0,0.015811388300841205,0.0,0.0,0.0,0.0,4.75,0.05,99.75,99.75,99.75,99.75,95.0,99.75,,,1.0,0,3,20,99.75,0.0,SAME,1.0
DWAL,2023-03-21,99.75,99.75,99.75,99.75,99.75,95.0,0.0,0.0,0.0,0.0,0.0,0.0,0.0,0.0,99.75,99.75,99.275,99.74076135278861,99.63192814532901,99.18378252468239,0.0,0.0,0.015811388300841205,0.0,0.0,0.0,0.0,4.75,0.05,99.75,99.75,99.75,99.75,95.0,99.75,,,1.0,1,3,21,99.75,0.0,SAME,1.0
DWAL,2023-03-22,99.75,99.75,99.75,99.75,99.75,95.0,0.0,0.0,0.0,0.0,0.0,0.0,0.0,0.0,99.75,99.75,99.75,99.7453806763943,99.67128543021936,99.28673115655832,0.0,0.0,0.015811388300841205,0.0,0.0,0.0,0.0,4.75,0.05,99.75,99.75,99.75,99.75,99.75,99.75,,,,2,3,22,99.75,0.0,SAME,1.0
DWAL,2023-03-23,99.75,99.75,99.75,99.75,99.75,99.75,0.0,0.0,0.0,0.0,0.0,0.0,0.0,0.0,99.75,99.75,99.75,99.74769033819715,99.69752362014624,99.37096185536589,0.0,0.0,0.0,0.0,0.0,0.0,0.0,0.0,0.0,99.75,99.75,99.75,99.75,99.75,99.75,,,,3,3,23,99.75,0.0,SAME,1.0
DWAL,2023-03-24,99.75,99.75,99.75,99.75,99.75,99.75,0.0,0.0,0.0,0.0,0.0,0.0,0.0,0.0,99.75,99.75,99.75,99.74884516909857,99.71501574676417,99.439877881663,0.0,0.0,0.0,0.0,0.0,0.0,0.0,0.0,0.0,99.75,99.75,99.75,99.75,99.75,99.75,,,,4,3,24,99.75,0.0,SAME,1.0
DWAL,2023-03-27,99.75,99.75,99.75,99.75,99.75,99.75,0.0,0.0,0.0,0.0,0.0,0.0,0.0,0.0,99.75,99.75,99.75,99.74942258454928,99.72667716450945,99.49626372136063,0.0,0.0,0.0,0.0,0.0,0.0,0.0,0.0,0.0,99.75,99.75,99.75,99.75,99.75,99.75,,,,0,3,27,99.75,0.0,SAME,1.0
DWAL,2023-03-28,99.75,99.75,99.75,99.75,99.75,99.75,0.0,0.0,0.0,0.0,0.0,0.0,0.0,0.0,99.75,99.75,99.75,99.74971129227464,99.73445144300631,99.54239759020415,0.0,0.0,0.0,0.0,0.0,0.0,0.0,0.0,0.0,99.75,99.75,99.75,99.75,99.75,99.75,,,,1,3,28,99.75,0.0,SAME,1.0
DWAL,2023-03-29,99.75,99.75,99.75,99.75,99.75,99.75,0.0,0.0,0.0,0.0,0.0,0.0,0.0,0.0,99.75,99.75,99.75,99.74985564613732,99.73963429533755,99.5801434828943,0.0,0.0,0.0,0.0,0.0,0.0,0.0,0.0,0.0,99.75,99.75,99.75,99.75,99.75,99.75,,,,2,3,29,99.75,0.0,SAME,1.0
DWAL,2023-03-30,99.75,99.75,99.75,99.75,99.75,99.75,0.0,0.0,0.0,0.0,0.0,0.0,0.0,0.0,99.75,99.75,99.75,99.74992782306866,99.74308953022505,99.61102648600442,0.0,0.0,0.0,0.0,0.0,0.0,0.0,0.0,0.0,99.75,99.75,99.75,99.75,99.75,99.75,,,,3,3,30,99.75,0.0,SAME,1.0
DWAL,2023-03-31,99.75,99.75,99.75,99.75,99.75,99.75,0.0,0.0,0.0,0.0,0.0,0.0,0.0,0.0,99.75,99.75,99.75,99.74996391153434,99.74539302015005,99.63629439763997,0.0,0.0,0.0,0.0,0.0,0.0,0.0,0.0,0.0,99.75,99.75,99.75,99.75,99.75,99.75,,,,4,3,31,109.98,10.230000000000004,UP,2.0
DWAL,2023-04-03,109.98,99.75,99.75,99.75,99.75,99.75,10.230000000000004,10.230000000000004,10.230000000000004,0.10255639097744362,0.10255639097744362,0.10255639097744362,0.09763147530969582,0.09763147530969582,103.16000000000001,101.79599999999999,100.773,104.86498195576718,103.15692868010004,101.51696814352361,0.05921095993794155,0.04586461235052212,0.03243117840954605,10.230000000000004,0.10255639097744365,10.230000000000004,0.10255639097744365,10.230000000000004,0.10255639097744365,99.75,109.98,99.75,109.98,99.75,109.98,1.0,1.0,1.0,0,4,3,120.05,10.069999999999993,UP,2.0
DWAL,2023-04-04,120.05,109.98,99.75,99.75,99.75,99.75,10.069999999999993,20.299999999999997,20.299999999999997,0.09156210220040006,0.20350877192982453,0.20350877192982453,0.08760979158759358,0.18524126689728937,109.92666666666668,105.856,102.803,112.4574909778836,108.78795245340004,104.88661029924658,0.05630616644055123,0.05330345676161049,0.04100573530388555,20.299999999999997,0.20350877192982453,20.299999999999997,0.20350877192982453,20.299999999999997,0.20350877192982453,99.75,120.05,99.75,120.05,99.75,120.05,1.0,1.0,1.0,1,4,4,120.05,0.0,SAME,1.0
DWAL,2023-04-05,120.05,120.05,109.98,99.75,99.75,99.75,0.0,10.069999999999993,20.299999999999997,0.0,0.09156210220040006,0.20350877192982453,0.0,0.08760979158759358,116.69333333333334,109.91600000000001,104.833,116.2537454889418,112.5419683022667,107.64359024483811,0.056306166440551225,0.05330345676161049,0.04100573530388555,20.299999999999997,0.20350877192982453,20.299999999999997,0.20350877192982453,20.299999999999997,0.20350877192982453,109.98,120.05,99.75,120.05,99.75,120.05,1.0,1.0,1.0,2,4,5,126.05,6.0,UP,2.0
DWAL,2023-04-06,126.05,120.05,120.05,109.98,99.75,99.75,6.0,6.0,16.069999999999993,0.04997917534360674,0.04997917534360674,0.14611747590470991,0.04877033096666652,0.04877033096666652,122.05,115.176,107.463,121.1518727444709,117.04464553484448,110.99021020032208,0.04584516756314937,0.04868936100982491,0.04142058355715963,16.069999999999993,0.1461174759047099,26.299999999999997,0.26365914786967415,26.299999999999997,0.26365914786967415,120.05,126.05,99.75,126.05,99.75,126.05,1.0,1.0,1.0,3,4,6,126.05,0.0,SAME,1.0
DWAL,2023-04-07,126.05,126.05,120.05,120.05,99.75,99.75,0.0,6.0,6.0,0.0,0.04997917534360674,0.04997917534360674,0.0,0.04877033096666652,124.05000000000001,120.436,110.093,123.60093637223545,120.046430356563,113.72835380026352,0.028855490338502692,0.04868936100982491,0.04142058355715963,6.0,0.04997917534360683,26.299999999999997,0.26365914786967415,26.299999999999997,0.26365914786967415,120.05,126.05,109.98,126.05,99.75,126.05,1.0,1.0,1.0,4,4,7,132.35,6.299999999999997,UP,2.0
DWAL,2023-04-10,132.35,126.05,126.05,120.05,109.98,99.75,6.299999999999997,6.299999999999997,12.299999999999997,0.049980166600555265,0.049980166600555265,0.10245730945439391,0.048771275039181376,0.048771275039181376,128.15,124.91,113.353,127.97546818611772,124.14762023770867,117.11410765476106,0.02885577649399217,0.038869849714653744,0.04116253636515757,12.299999999999997,0.10245730945439398,22.36999999999999,0.20340061829423522,32.599999999999994,0.32681704260651623,126.05,132.35,120.05,132.35,99.75,132.35,1.0,1.0,1.0,0,4,10,138.97,6.6200000000000045,UP,2.0
DWAL,2023-04-11,138.97,132.35,126.05,126.05,120.05,99.75,6.6200000000000045,12.920000000000002,12.920000000000002,0.05001888930865128,0.10249900833002767,0.10249900833002767,0.0488081538253803,0.09757942886456168,132.45666666666668,128.69400000000002,117.275,133.47273409305888,129.0884134918058,121.08790626298631,0.028867247416801623,0.02738215814710798,0.04022022794344103,12.920000000000002,0.10249900833002779,18.92,0.1576009995835069,39.22,0.3931829573934837,126.05,138.97,120.05,138.97,99.75,138.97,1.0,1.0,1.0,1,4,11,138.97,0.0,SAME,1.0
DWAL,2023-04-12,138.97,138.97,132.35,126.05,120.05,99.75,0.0,6.6200000000000045,12.920000000000002,0.0,0.05001888930865128,0.10249900833002767,0.0,0.0488081538253803,136.76333333333335,132.478,121.197,136.22136704652945,132.38227566120386,124.33919603335242,0.028867247416801623,0.02738215814710798,0.04022022794344103,12.920000000000002,0.10249900833002779,18.92,0.1576009995835069,39.22,0.3931829573934837,132.35,138.97,126.05,138.97,99.75,138.97,1.0,1.0,1.0,2,4,12,138.97,0.0,SAME,1.0
DWAL,2023-04-13,138.97,138.97,138.97,132.35,126.05,99.75,0.0,0.0,6.6200000000000045,0.0,0.0,0.05001888930865128,0.0,0.0,138.97,135.06199999999998,125.119,137.5956835232647,134.5781837741359,126.99934220910652,0.028878419206911747,0.02738587274738512,0.04022022794344103,6.6200000000000045,0.05001888930865134,12.920000000000002,0.10249900833002779,39.22,0.3931829573934837,138.97,138.97,126.05,138.97,99.75,138.97,,1.0,1.0,3,4,13,138.97,0.0,SAME,1.0
DWAL,2023-04-14,138.97,138.97,138.97,138.97,126.05,99.75,0.0,0.0,0.0,0.0,0.0,0.0,0.0,0.0,138.97,137.64600000000002,129.041,138.28284176163237,136.04212251609061,129.17582544381443,0.0,0.02738587274738512,0.04022022794344103,0.0,0.0,12.920000000000002,0.10249900833002779,39.22,0.3931829573934837,138.97,138.97,132.35,138.97,109.98,138.97,,1.0,1.0,4,4,14,138.97,0.0,SAME,1.0
DWAL,2023-04-17,138.97,138.97,138.97,138.97,132.35,109.98,0.0,0.0,0.0,0.0,0.0,0.0,0.0,0.0,138.97,138.97,131.94,138.62642088081617,137.01808167739375,130.95658445402998,0.0,0.022369127330636562,0.033412023118772866,0.0,0.0,6.6200000000000045,0.05001888930865134,28.989999999999995,0.26359338061465715,138.97,138.97,138.97,138.97,120.05,138.97,,,1.0,0,4,17,145.0,6.030000000000001,UP,2.0
DWAL,2023-04-18,145.0,138.97,138.97,138.97,138.97,120.05,6.030000000000001,6.030000000000001,6.030000000000001,0.043390659854644964,0.043390659854644964,0.043390659854644964,0.04247565992208388,0.04247565992208388,140.98,140.176,134.435,141.81321044040808,139.6787211182625,133.50993273511543,0.02505160914738996,0.01940489300471171,0.02503646422260018,6.030000000000001,0.043390659854644895,6.030000000000001,0.043390659854644895,24.950000000000003,0.20783007080383176,138.97,145.0,138.97,145.0,120.05,145.0,1.0,1.0,1.0,1,4,18,145.0,0.0,SAME,1.0
DWAL,2023-04-19,145.0,145.0,138.97,138.97,138.97,120.05,0.0,6.030000000000001,6.030000000000001,0.0,0.043390659854644964,0.043390659854644964,0.0,0.04247565992208388,142.99,141.382,136.93,143.40660522020403,141.45248074550835,135.59903587418535,0.02505160914738996,0.01940489300471171,0.02503646422260018,6.030000000000001,0.043390659854644895,6.030000000000001,0.043390659854644895,24.950000000000003,0.20783007080383176,138.97,145.0,138.97,145.0,126.05,145.0,1.0,1.0,1.0,2,4,19,145.0,0.0,SAME,1.0
DWAL,2023-04-21,145.0,145.0,145.0,138.97,138.97,126.05,0.0,0.0,6.030000000000001,0.0,0.0,0.043390659854644964,0.0,0.0,145.0,142.58800000000002,138.825,144.203302610102,142.63498716367224,137.3083020788789,0.02505160914738996,0.01940489300471171,0.02315789916836119,6.030000000000001,0.043390659854644895,6.030000000000001,0.043390659854644895,18.950000000000003,0.15033716779055933,145.0,145.0,138.97,145.0,126.05,145.0,,1.0,1.0,4,4,21,145.0,0.0,SAME,1.0
DWAL,2023-04-24,145.0,145.0,145.0,145.0,138.97,126.05,0.0,0.0,0.0,0.0,0.0,0.0,0.0,0.0,145.0,143.794,140.71999999999997,144.601651305051,143.4233247757815,138.70679260999182,0.0,0.01940489300471171,0.02315789916836119,0.0,0.0,6.030000000000001,0.043390659854644895,18.950000000000003,0.15033716779055933,145.0,145.0,138.97,145.0,132.35,145.0,,1.0,1.0,0,4,24,145.0,0.0,SAME,1.0
DWAL,2023-04-25,145.0,145.0,145.0,145.0,138.97,132.35,0.0,0.0,0.0,0.0,0.0,0.0,0.0,0.0,145.0,145.0,141.98499999999999,144.8008256525255,143.94888318385435,139.85101213544786,0.0,0.01940489300471171,0.019754336409460924,0.0,0.0,6.030000000000001,0.043390659854644895,12.650000000000006,0.09557990177559506,145.0,145.0,145.0,145.0,138.97,145.0,,,1.0,1,4,25,137.75,-7.25,DOWN,0.0
DWAL,2023-04-26,137.75,145.0,145.0,145.0,145.0,138.97,-7.25,-7.25,-7.25,-0.050000000000000044,-0.050000000000000044,-0.050000000000000044,-0.05129329438755058,-0.05129329438755058,142.58333333333334,143.55,141.863,141.27541282626277,141.88258878923625,139.46900992900277,0.028867513459477193,0.022360679774998143,0.022056445328861744,-7.25,-0.05,-7.25,-0.05,-1.2199999999999989,-0.008778873138087348,137.75,145.0,137.75,145.0,137.75,145.0,0.0,0.0,0.0,2,4,26,136.75,-1.0,DOWN,0.0
DWAL,2023-04-27,136.75,137.75,145.0,145.0,145.0,138.97,-1.0,-8.25,-8.25,-0.007259528130671544,-0.05689655172413788,-0.05689655172413788,-0.007286006730933319,-0.05857930111848376,139.83333333333334,141.9,141.641,139.01270641313138,140.17172585949083,138.9746444873659,0.027016811692880695,0.021777109750438773,0.022151537595429496,-8.25,-0.056896551724137934,-8.25,-0.056896551724137934,-2.219999999999999,-0.015974670792257315,136.75,145.0,136.75,145.0,136.75,145.0,0.0,0.0,0.0,3,4,27,136.75,0.0,SAME,1.0
DWAL,2023-04-28,136.75,136.75,137.75,145.0,145.0,138.97,0.0,-1.0,-8.25,0.0,-0.007259528130671544,-0.05689655172413788,0.0,-0.007286006730933319,137.08333333333334,140.25,141.41899999999998,137.88135320656568,139.0311505729939,138.5701636714812,0.027016811692880695,0.021777109750438773,0.022151537595429496,-8.25,-0.056896551724137934,-8.25,-0.056896551724137934,-2.219999999999999,-0.015974670792257315,136.75,137.75,136.75,145.0,136.75,145.0,0.0,0.0,0.0,4,4,28,129.91,-6.840000000000003,DOWN,0.0
DWAL,2023-05-01,129.91,136.75,136.75,137.75,145.0,138.97,-6.840000000000003,-6.840000000000003,-7.840000000000003,-0.05001828153564902,-0.05001828153564902,-0.05691470054446468,-0.051312538294449137,-0.051312538294449137,134.47,137.232,140.51299999999998,133.89567660328282,135.9907670486626,136.9955884584846,0.027027270885797632,0.02623367848348208,0.02693432714332898,-7.840000000000003,-0.05691470054446463,-15.090000000000003,-0.1040689655172414,-9.060000000000002,-0.0651939267467799,129.91,136.75,129.91,145.0,129.91,145.0,0.0,0.0,0.0,0,5,1,129.91,0.0,SAME,1.0
DWAL,2023-05-03,129.91,129.91,136.75,136.75,145.0,138.97,0.0,-6.840000000000003,-6.840000000000003,0.0,-0.05001828153564902,-0.05001828153564902,0.0,-0.051312538294449137,132.18999999999997,134.214,139.60700000000003,131.9028383016414,133.9638446991084,135.70729964785102,0.02887806830900533,0.02623367848348208,0.02693432714332898,-6.840000000000003,-0.05001828153564902,-15.090000000000003,-0.1040689655172414,-9.060000000000002,-0.0651939267467799,129.91,136.75,129.91,137.75,129.91,145.0,0.0,0.0,0.0,2,5,3,129.91,0.0,SAME,1.0
DWAL,2023-05-04,129.91,129.91,129.91,136.75,137.75,145.0,0.0,0.0,-6.840000000000003,0.0,0.0,-0.05001828153564902,0.0,0.0,129.91,132.64600000000002,138.098,130.90641915082068,132.61256313273893,134.65324516642355,0.02887806830900533,0.02178519990971652,0.02082646924730091,-6.840000000000003,-0.05001828153564902,-7.840000000000003,-0.05691470054446463,-15.090000000000003,-0.1040689655172414,129.91,129.91,129.91,136.75,129.91,145.0,,0.0,0.0,3,5,4,129.91,0.0,SAME,1.0
DWAL,2023-05-05,129.91,129.91,129.91,129.91,136.75,145.0,0.0,0.0,0.0,0.0,0.0,0.0,0.0,0.0,129.91,131.278,136.589,130.40820957541035,131.7117087551593,133.79083695434653,0.0,0.022368855526286983,0.02082646924730091,0.0,0.0,-6.840000000000003,-0.05001828153564902,-15.090000000000003,-0.1040689655172414,129.91,129.91,129.91,136.75,129.91,145.0,,0.0,0.0,4,5,5,129.91,0.0,SAME,1.0
DWAL,2023-05-08,129.91,129.91,129.91,129.91,136.75,145.0,0.0,0.0,0.0,0.0,0.0,0.0,0.0,0.0,129.91,129.91,135.08,130.1591047877052,131.11113917010618,133.0852302353744,0.0,0.022368855526286983,0.02082646924730091,0.0,0.0,-6.840000000000003,-0.05001828153564902,-15.090000000000003,-0.1040689655172414,129.91,129.91,129.91,129.91,129.91,145.0,,,0.0,0,5,8,129.91,0.0,SAME,1.0
DWAL,2023-05-09,129.91,129.91,129.91,129.91,129.91,145.0,0.0,0.0,0.0,0.0,0.0,0.0,0.0,0.0,129.91,129.91,133.571,130.0345523938526,130.71075944673746,132.50791564712452,0.0,0.0,0.02082646924730091,0.0,0.0,0.0,0.0,-15.090000000000003,-0.1040689655172414,129.91,129.91,129.91,129.91,129.91,145.0,,,0.0,1,5,9,130.0,0.09000000000000341,UP,2.0
DWAL,2023-05-10,130.0,129.91,129.91,129.91,129.91,145.0,0.09000000000000341,0.09000000000000341,0.09000000000000341,0.0006927873142945629,0.0006927873142945629,0.0006927873142945629,0.0006925474479409902,0.0006925474479409902,129.94000000000003,129.928,132.071,130.0172761969263,130.4738396311583,132.05193098401097,0.0003999809420995706,0.00030982390575852507,0.020867232398464993,0.09000000000000341,0.0006927873142945378,0.09000000000000341,0.0006927873142945378,-15.0,-0.10344827586206896,129.91,130.0,129.91,130.0,129.91,137.75,1.0,1.0,0.011479591836735125,2,5,10,130.0,0.0,SAME,1.0
DWAL,2023-05-11,130.0,130.0,129.91,129.91,129.91,137.75,0.0,0.09000000000000341,0.09000000000000341,0.0,0.0006927873142945629,0.0006927873142945629,0.0,0.0006925474479409902,129.97,129.946,131.296,130.00863809846317,130.3158930874389,131.6788526232817,0.0003999809420995706,0.00030982390575852507,0.01575797052381281,0.09000000000000341,0.0006927873142945378,0.09000000000000341,0.0006927873142945378,-7.75,-0.056261343012704176,129.91,130.0,129.91,130.0,129.91,136.75,1.0,1.0,0.013157894736842597,3,5,11,130.0,0.0,SAME,1.0
DWAL,2023-05-12,130.0,130.0,130.0,129.91,129.91,136.75,0.0,0.0,0.09000000000000341,0.0,0.0,0.0006927873142945629,0.0,0.0,130.0,129.964,130.621,130.00431904923158,130.21059539162593,131.37360669177593,0.0003999809420995706,0.00030982390575852507,0.015843007584925312,0.09000000000000341,0.0006927873142945378,0.09000000000000341,0.0006927873142945378,-6.75,-0.04936014625228519,130.0,130.0,129.91,130.0,129.91,136.75,,1.0,0.013157894736842597,4,5,12,136.5,6.5,UP,2.0
DWAL,2023-05-15,136.5,130.0,130.0,130.0,129.91,136.75,6.5,6.5,6.5,0.050000000000000044,0.050000000000000044,0.050000000000000044,0.04879016416943205,0.04879016416943205,132.16666666666666,131.28199999999998,130.596,133.2521595246158,132.3070635944173,132.30567820236212,0.028867513459477134,0.022285242971103264,0.023575559251614697,6.5,0.05,6.590000000000003,0.05072742668000926,-0.25,-0.0018281535648994515,130.0,136.5,129.91,136.5,129.91,136.5,1.0,1.0,1.0,0,5,15,136.5,0.0,SAME,1.0
DWAL,2023-05-16,136.5,136.5,130.0,130.0,129.91,129.91,0.0,6.5,6.5,0.0,0.050000000000000044,0.050000000000000044,0.0,0.04879016416943205,134.33333333333334,132.6,131.255,134.87607976230788,133.70470906294486,133.068282165569,0.02886751345947713,0.022285242971103264,0.015788547486824536,6.5,0.05,6.590000000000003,0.05072742668000926,6.590000000000003,0.05072742668000926,130.0,136.5,130.0,136.5,129.91,136.5,1.0,1.0,1.0,1,5,16,136.5,0.0,SAME,1.0
DWAL,2023-05-17,136.5,136.5,136.5,130.0,130.0,129.91,0.0,0.0,6.5,0.0,0.0,0.050000000000000044,0.0,0.0,136.5,133.9,131.914,135.68803988115394,134.63647270862992,133.69223086273826,0.02886751345947713,0.02236067977499814,0.015788547486824536,6.5,0.05,6.5,0.05,6.590000000000003,0.05072742668000926,136.5,136.5,130.0,136.5,129.91,136.5,,1.0,1.0,2,5,17,136.5,0.0,SAME,1.0
DWAL,2023-05-18,136.5,136.5,136.5,136.5,130.0,129.91,0.0,0.0,0.0,0.0,0.0,0.0,0.0,0.0,136.5,135.2,132.573,136.09401994057697,135.25764847241996,134.20273434224038,0.0,0.02236067977499814,0.015788547486824536,0.0,0.0,6.5,0.05,6.590000000000003,0.05072742668000926,136.5,136.5,130.0,136.5,129.91,136.5,,1.0,1.0,3,5,18,143.33,6.8300000000000125,UP,2.0
DWAL,2023-05-19,143.33,136.5,136.5,136.5,130.0,129.91,6.8300000000000125,6.8300000000000125,6.8300000000000125,0.05003663003663017,0.05003663003663017,0.05003663003663017,0.048825049310109996,0.048825049310109996,138.77666666666667,137.866,133.91500000000002,139.71200997028848,137.94843231494667,135.86223718910577,0.02888866182098596,0.02739616248494266,0.02105417020634464,6.8300000000000125,0.05003663003663013,13.330000000000013,0.10253846153846163,13.420000000000016,0.10330228619813729,136.5,143.33,136.5,143.33,129.91,143.33,1.0,1.0,1.0,4,5,19,151.0,7.6699999999999875,UP,2.0
DWAL,2023-05-22,151.0,143.33,136.5,136.5,136.5,129.91,7.6699999999999875,14.5,14.5,0.05351287239238123,0.1062271062271063,0.1062271062271063,0.05213017287980004,0.10095522218990996,143.61,140.76600000000002,136.02400000000003,145.35600498514424,142.29895487663111,138.61455770017744,0.029942656634586094,0.028384819738932414,0.024695261391707277,14.5,0.10622710622710622,14.5,0.10622710622710622,21.090000000000003,0.16234316064968057,136.5,151.0,136.5,151.0,129.91,151.0,1.0,1.0,1.0,0,5,22,152.0,1.0,UP,2.0
DWAL,2023-05-23,152.0,151.0,143.33,136.5,136.5,129.91,1.0,8.669999999999987,15.5,0.0066225165562914245,0.060489778832065744,0.1135531135531136,0.006600684031352093,0.058730856911151985,148.77666666666667,143.866,138.233,148.67800249257212,145.53263658442074,141.04827448196335,0.026126534980849478,0.027311054671985323,0.024321643188106676,15.5,0.11355311355311355,15.5,0.11355311355311355,22.090000000000003,0.17004079747517514,143.33,152.0,136.5,152.0,130.0,152.0,1.0,1.0,1.0,1,5,23,152.0,0.0,SAME,1.0
DWAL,2023-05-24,152.0,152.0,151.0,143.33,136.5,130.0,0.0,1.0,8.669999999999987,0.0,0.0066225165562914245,0.060489778832065744,0.0,0.006600684031352093,151.66666666666666,146.966,140.433,150.33900124628605,147.68842438961383,143.03949730342455,0.02917244906772856,0.027311054671985323,0.024371299185862078,8.669999999999987,0.06048977883206577,15.5,0.11355311355311355,22.0,0.16923076923076924,151.0,152.0,136.5,152.0,130.0,152.0,1.0,1.0,1.0,2,5,24,152.0,0.0,SAME,1.0
DWAL,2023-05-25,152.0,152.0,152.0,151.0,136.5,130.0,0.0,0.0,1.0,0.0,0.0,0.0066225165562914245,0.0,0.0,152.0,150.066,142.63299999999998,151.16950062314302,149.12561625974257,144.6686796118928,0.0038235117164562094,0.027311054671985323,0.024371299185862078,1.0,0.006622516556291391,15.5,0.11355311355311355,22.0,0.16923076923076924,152.0,152.0,143.33,152.0,130.0,152.0,,1.0,1.0,3,5,25,152.0,0.0,SAME,1.0
DWAL,2023-05-26,152.0,152.0,152.0,152.0,143.33,130.0,0.0,0.0,0.0,0.0,0.0,0.0,0.0,0.0,152.0,151.8,144.833,151.5847503115715,150.08374417316173,146.001646955185,0.0,0.02336788520822992,0.024371299185862078,0.0,0.0,8.669999999999987,0.06048977883206577,22.0,0.16923076923076924,152.0,152.0,151.0,152.0,136.5,152.0,,1.0,1.0,4,5,26,151.0,-1.0,DOWN,0.0
DWAL,2023-05-29,151.0,152.0,152.0,152.0,151.0,136.5,-1.0,-1.0,-1.0,-0.006578947368421018,-0.006578947368421018,-0.006578947368421018,-0.006600684031352024,-0.006600684031352024,151.66666666666666,151.8,146.283,151.29237515578575,150.38916278210783,146.91043841787865,0.0037983570341107043,0.004667437582871956,0.022063745230627766,-1.0,-0.006578947368421052,0.0,0.0,14.5,0.10622710622710622,151.0,152.0,151.0,152.0,136.5,152.0,0.0,0.0,0.9354838709677419,0,5,29,151.0,0.0,SAME,1.0
DWAL,2023-05-30,151.0,151.0,152.0,152.0,152.0,136.5,0.0,-1.0,-1.0,0.0,-0.006578947368421018,-0.006578947368421018,0.0,-0.006600684031352024,151.33333333333334,151.6,147.733,151.14618757789287,150.5927751880719,147.65399506917345,0.0037983570341107043,0.0029421947072382926,0.022063745230627766,-1.0,-0.006578947368421052,-1.0,-0.006578947368421052,14.5,0.10622710622710622,151.0,152.0,151.0,152.0,136.5,152.0,0.0,0.0,0.9354838709677419,1,5,30,151.0,0.0,SAME,1.0
DWAL,2023-05-31,151.0,151.0,151.0,152.0,152.0,136.5,0.0,0.0,-1.0,0.0,0.0,-0.006578947368421018,0.0,0.0,151.0,151.4,149.183,151.07309378894644,150.72851679204794,148.262359602051,0.0037983570341107043,0.0029421947072382926,0.022063745230627766,-1.0,-0.006578947368421052,-1.0,-0.006578947368421052,14.5,0.10622710622710622,151.0,151.0,151.0,152.0,136.5,152.0,,0.0,0.9354838709677419,2,5,31,151.0,0.0,SAME,1.0
DWAL,2023-06-01,151.0,151.0,151.0,151.0,152.0,136.5,0.0,0.0,0.0,0.0,0.0,0.0,0.0,0.0,151.0,151.2,150.63299999999998,151.03654689447322,150.81901119469865,148.76011240167807,0.0,0.0029421947072382926,0.022063745230627766,0.0,0.0,-1.0,-0.006578947368421052,14.5,0.10622710622710622,151.0,151.0,151.0,152.0,143.33,152.0,,0.0,0.8846597462514416,3,6,1,151.0,0.0,SAME,1.0
DWAL,2023-06-02,151.0,151.0,151.0,151.0,152.0,143.33,0.0,0.0,0.0,0.0,0.0,0.0,0.0,0.0,151.0,151.0,151.4,151.0182734472366,150.87934079646578,149.16736469228206,0.0,0.0029421947072382926,0.017204452079570037,0.0,0.0,-1.0,-0.006578947368421052,7.6699999999999875,0.053512872392381124,151.0,151.0,151.0,151.0,151.0,152.0,,,0.0,4,6,2,151.0,0.0,SAME,1.0
DWAL,2023-06-05,151.0,151.0,151.0,151.0,151.0,151.0,0.0,0.0,0.0,0.0,0.0,0.0,0.0,0.0,151.0,151.0,151.4,151.0091367236183,150.9195605309772,149.50057111186715,0.0,0.0,0.0031116284444572023,0.0,0.0,0.0,0.0,0.0,0.0,151.0,151.0,151.0,151.0,151.0,152.0,,,0.0,0,6,5,151.0,0.0,SAME,1.0
DWAL,2023-06-06,151.0,151.0,151.0,151.0,151.0,152.0,0.0,0.0,0.0,0.0,0.0,0.0,0.0,0.0,151.0,151.0,151.3,151.00456836180916,150.94637368731816,149.7731945460731,0.0,0.0,0.0020804458290528374,0.0,0.0,0.0,0.0,-1.0,-0.006578947368421052,151.0,151.0,151.0,151.0,151.0,152.0,,,0.0,1,6,6,151.0,0.0,SAME,1.0
DWAL,2023-06-07,151.0,151.0,151.0,151.0,151.0,152.0,0.0,0.0,0.0,0.0,0.0,0.0,0.0,0.0,151.0,151.0,151.2,151.00228418090458,150.9642491248788,149.99625008315073,0.0,0.0,0.0020804458290528374,0.0,0.0,0.0,0.0,-1.0,-0.006578947368421052,151.0,151.0,151.0,151.0,151.0,152.0,,,0.0,2,6,7,151.0,0.0,SAME,1.0
DWAL,2023-06-08,151.0,151.0,151.0,151.0,151.0,152.0,0.0,0.0,0.0,0.0,0.0,0.0,0.0,0.0,151.0,151.0,151.1,151.00114209045228,150.97616608325254,150.1787500680324,0.0,0.0,0.0020804458290528374,0.0,0.0,0.0,0.0,-1.0,-0.006578947368421052,151.0,151.0,151.0,151.0,151.0,152.0,,,0.0,3,6,8,151.0,0.0,SAME,1.0
DWAL,2023-06-09,151.0,151.0,151.0,151.0,151.0,152.0,0.0,0.0,0.0,0.0,0.0,0.0,0.0,0.0,151.0,151.0,151.0,151.00057104522614,150.98411072216837,150.32806823748106,0.0,0.0,0.0020804458290528374,0.0,0.0,0.0,0.0,-1.0,-0.006578947368421052,151.0,151.0,151.0,151.0,151.0,151.0,,,,4,6,9,151.0,0.0,SAME,1.0
DWAL,2023-06-12,151.0,151.0,151.0,151.0,151.0,151.0,0.0,0.0,0.0,0.0,0.0,0.0,0.0,0.0,151.0,151.0,151.0,151.00028552261307,150.98940714811226,150.45023764884814,0.0,0.0,0.0,0.0,0.0,0.0,0.0,0.0,0.0,151.0,151.0,151.0,151.0,151.0,151.0,,,,0,6,12,151.0,0.0,SAME,1.0
DWAL,2023-06-13,151.0,151.0,151.0,151.0,151.0,151.0,0.0,0.0,0.0,0.0,0.0,0.0,0.0,0.0,151.0,151.0,151.0,151.00014276130653,150.99293809874152,150.55019443996667,0.0,0.0,0.0,0.0,0.0,0.0,0.0,0.0,0.0,151.0,151.0,151.0,151.0,151.0,151.0,,,,1,6,13,151.0,0.0,SAME,1.0
DWAL,2023-06-14,151.0,151.0,151.0,151.0,151.0,151.0,0.0,0.0,0.0,0.0,0.0,0.0,0.0,0.0,151.0,151.0,151.0,151.00007138065325,150.9952920658277,150.63197726906364,0.0,0.0,0.0,0.0,0.0,0.0,0.0,0.0,0.0,151.0,151.0,151.0,151.0,151.0,151.0,,,,2,6,14,151.0,0.0,SAME,1.0
DWAL,2023-06-15,151.0,151.0,151.0,151.0,151.0,151.0,0.0,0.0,0.0,0.0,0.0,0.0,0.0,0.0,151.0,151.0,151.0,151.00003569032663,150.99686137721847,150.69889049287025,0.0,0.0,0.0,0.0,0.0,0.0,0.0,0.0,0.0,151.0,151.0,151.0,151.0,151.0,151.0,,,,3,6,15,151.0,0.0,SAME,1.0
DWAL,2023-06-16,151.0,151.0,151.0,151.0,151.0,151.0,0.0,0.0,0.0,0.0,0.0,0.0,0.0,0.0,151.0,151.0,151.0,151.0000178451633,150.9979075848123,150.75363767598475,0.0,0.0,0.0,0.0,0.0,0.0,0.0,0.0,0.0,151.0,151.0,151.0,151.0,151.0,151.0,,,,4,6,16,151.0,0.0,SAME,1.0
DWAL,2023-06-19,151.0,151.0,151.0,151.0,151.0,151.0,0.0,0.0,0.0,0.0,0.0,0.0,0.0,0.0,151.0,151.0,151.0,151.00000892258166,150.99860505654155,150.7984308258057,0.0,0.0,0.0,0.0,0.0,0.0,0.0,0.0,0.0,151.0,151.0,151.0,151.0,151.0,151.0,,,,0,6,19,151.0,0.0,SAME,1.0
DWAL,2023-06-20,151.0,151.0,151.0,151.0,151.0,151.0,0.0,0.0,0.0,0.0,0.0,0.0,0.0,0.0,151.0,151.0,151.0,151.0000044612908,150.99907003769437,150.8350797665683,0.0,0.0,0.0,0.0,0.0,0.0,0.0,0.0,0.0,151.0,151.0,151.0,151.0,151.0,151.0,,,,1,6,20,151.0,0.0,SAME,1.0
DWAL,2023-06-21,151.0,151.0,151.0,151.0,151.0,151.0,0.0,0.0,0.0,0.0,0.0,0.0,0.0,0.0,151.0,151.0,151.0,151.0000022306454,150.9993800251296,150.8650652635559,0.0,0.0,0.0,0.0,0.0,0.0,0.0,0.0,0.0,151.0,151.0,151.0,151.0,151.0,151.0,,,,2,6,21,151.0,0.0,SAME,1.0
DWAL,2023-06-22,151.0,151.0,151.0,151.0,151.0,151.0,0.0,0.0,0.0,0.0,0.0,0.0,0.0,0.0,151.0,151.0,151.0,151.0000011153227,150.99958668341975,150.88959885200026,0.0,0.0,0.0,0.0,0.0,0.0,0.0,0.0,0.0,151.0,151.0,151.0,151.0,151.0,151.0,,,,3,6,22,151.0,0.0,SAME,1.0
DWAL,2023-06-23,151.0,151.0,151.0,151.0,151.0,151.0,0.0,0.0,0.0,0.0,0.0,0.0,0.0,0.0,151.0,151.0,151.0,151.00000055766134,150.99972445561318,150.90967178800022,0.0,0.0,0.0,0.0,0.0,0.0,0.0,0.0,0.0,151.0,151.0,151.0,151.0,151.0,151.0,,,,4,6,23,151.0,0.0,SAME,1.0
DWAL,2023-06-26,151.0,151.0,151.0,151.0,151.0,151.0,0.0,0.0,0.0,0.0,0.0,0.0,0.0,0.0,151.0,151.0,151.0,151.00000027883067,150.99981630374214,150.9260950992729,0.0,0.0,0.0,0.0,0.0,0.0,0.0,0.0,0.0,151.0,151.0,151.0,151.0,151.0,151.0,,,,0,6,26,151.0,0.0,SAME,1.0
DWAL,2023-06-27,151.0,151.0,151.0,151.0,151.0,151.0,0.0,0.0,0.0,0.0,0.0,0.0,0.0,0.0,151.0,151.0,151.0,151.00000013941533,150.9998775358281,150.93953235395057,0.0,0.0,0.0,0.0,0.0,0.0,0.0,0.0,0.0,151.0,151.0,151.0,151.0,151.0,151.0,,,,1,6,27,151.0,0.0,SAME,1.0
DWAL,2023-06-29,151.0,151.0,151.0,151.0,151.0,151.0,0.0,0.0,0.0,0.0,0.0,0.0,0.0,0.0,151.0,151.0,151.0,151.00000006970765,150.99991835721875,150.9505264714141,0.0,0.0,0.0,0.0,0.0,0.0,0.0,0.0,0.0,151.0,151.0,151.0,151.0,151.0,151.0,,,,3,6,29,151.0,0.0,SAME,1.0
DWAL,2023-06-30,151.0,151.0,151.0,151.0,151.0,151.0,0.0,0.0,0.0,0.0,0.0,0.0,0.0,0.0,151.0,151.0,151.0,151.00000003485383,150.99994557147917,150.9595216584297,0.0,0.0,0.0,0.0,0.0,0.0,0.0,0.0,0.0,151.0,151.0,151.0,151.0,151.0,151.0,,,,4,6,30,151.0,0.0,SAME,1.0
DWAL,2023-07-03,151.0,151.0,151.0,151.0,151.0,151.0,0.0,0.0,0.0,0.0,0.0,0.0,0.0,0.0,151.0,151.0,151.0,151.0000000174269,150.99996371431945,150.96688135689703,0.0,0.0,0.0,0.0,0.0,0.0,0.0,0.0,0.0,151.0,151.0,151.0,151.0,151.0,151.0,,,,0,7,3,151.0,0.0,SAME,1.0
DWAL,2023-07-04,151.0,151.0,151.0,151.0,151.0,151.0,0.0,0.0,0.0,0.0,0.0,0.0,0.0,0.0,151.0,151.0,151.0,151.00000000871347,150.9999758095463,150.9729029283703,0.0,0.0,0.0,0.0,0.0,0.0,0.0,0.0,0.0,151.0,151.0,151.0,151.0,151.0,151.0,,,,1,7,4,151.0,0.0,SAME,1.0
DWAL,2023-07-05,151.0,151.0,151.0,151.0,151.0,151.0,0.0,0.0,0.0,0.0,0.0,0.0,0.0,0.0,151.0,151.0,151.0,151.00000000435674,150.99998387303089,150.9778296686666,0.0,0.0,0.0,0.0,0.0,0.0,0.0,0.0,0.0,151.0,151.0,151.0,151.0,151.0,151.0,,,,2,7,5,151.0,0.0,SAME,1.0
DWAL,2023-07-06,151.0,151.0,151.0,151.0,151.0,151.0,0.0,0.0,0.0,0.0,0.0,0.0,0.0,0.0,151.0,151.0,151.0,151.00000000217835,150.99998924868726,150.98186063799994,0.0,0.0,0.0,0.0,0.0,0.0,0.0,0.0,0.0,151.0,151.0,151.0,151.0,151.0,151.0,,,,3,7,6,151.0,0.0,SAME,1.0
DWAL,2023-07-07,151.0,151.0,151.0,151.0,151.0,151.0,0.0,0.0,0.0,0.0,0.0,0.0,0.0,0.0,151.0,151.0,151.0,151.00000000108918,150.9999928324582,150.98515870381814,0.0,0.0,0.0,0.0,0.0,0.0,0.0,0.0,0.0,151.0,151.0,151.0,151.0,151.0,151.0,,,,4,7,7,151.0,0.0,SAME,1.0
DWAL,2023-07-10,151.0,151.0,151.0,151.0,151.0,151.0,0.0,0.0,0.0,0.0,0.0,0.0,0.0,0.0,151.0,151.0,151.0,151.0000000005446,150.9999952216388,150.98785712130575,0.0,0.0,0.0,0.0,0.0,0.0,0.0,0.0,0.0,151.0,151.0,151.0,151.0,151.0,151.0,,,,0,7,10,151.0,0.0,SAME,1.0
DWAL,2023-07-11,151.0,151.0,151.0,151.0,151.0,151.0,0.0,0.0,0.0,0.0,0.0,0.0,0.0,0.0,151.0,151.0,151.0,151.00000000027228,150.99999681442588,150.99006491743197,0.0,0.0,0.0,0.0,0.0,0.0,0.0,0.0,0.0,151.0,151.0,151.0,151.0,151.0,151.0,,,,1,7,11,151.0,0.0,SAME,1.0
DWAL,2023-07-12,151.0,151.0,151.0,151.0,151.0,151.0,0.0,0.0,0.0,0.0,0.0,0.0,0.0,0.0,151.0,151.0,151.0,151.00000000013614,150.99999787628394,150.9918712960807,0.0,0.0,0.0,0.0,0.0,0.0,0.0,0.0,0.0,151.0,151.0,151.0,151.0,151.0,151.0,,,,2,7,12,151.0,0.0,SAME,1.0
DWAL,2023-07-13,151.0,151.0,151.0,151.0,151.0,151.0,0.0,0.0,0.0,0.0,0.0,0.0,0.0,0.0,151.0,151.0,151.0,151.00000000006807,150.9999985841893,150.99334924224783,0.0,0.0,0.0,0.0,0.0,0.0,0.0,0.0,0.0,151.0,151.0,151.0,151.0,151.0,151.0,,,,3,7,13,151.0,0.0,SAME,1.0
DWAL,2023-07-14,151.0,151.0,151.0,151.0,151.0,151.0,0.0,0.0,0.0,0.0,0.0,0.0,0.0,0.0,151.0,151.0,151.0,151.00000000003405,150.99999905612623,150.99455847093003,0.0,0.0,0.0,0.0,0.0,0.0,0.0,0.0,0.0,151.0,151.0,151.0,151.0,151.0,151.0,,,,4,7,14,151.0,0.0,SAME,1.0
DWAL,2023-07-17,151.0,151.0,151.0,151.0,151.0,151.0,0.0,0.0,0.0,0.0,0.0,0.0,0.0,0.0,151.0,151.0,151.0,151.00000000001702,150.99999937075083,150.99554783985184,0.0,0.0,0.0,0.0,0.0,0.0,0.0,0.0,0.0,151.0,151.0,151.0,151.0,151.0,151.0,,,,0,7,17,151.0,0.0,SAME,1.0
DWAL,2023-07-18,151.0,151.0,151.0,151.0,151.0,151.0,0.0,0.0,0.0,0.0,0.0,0.0,0.0,0.0,151.0,151.0,151.0,151.00000000000853,150.99999958050057,150.99635732351513,0.0,0.0,0.0,0.0,0.0,0.0,0.0,0.0,0.0,151.0,151.0,151.0,151.0,151.0,151.0,,,,1,7,18,151.0,0.0,SAME,1.0
DWAL,2023-07-19,151.0,151.0,151.0,151.0,151.0,151.0,0.0,0.0,0.0,0.0,0.0,0.0,0.0,0.0,151.0,151.0,151.0,151.00000000000426,150.99999972033373,150.99701962833055,0.0,0.0,0.0,0.0,0.0,0.0,0.0,0.0,0.0,151.0,151.0,151.0,151.0,151.0,151.0,,,,2,7,19,151.0,0.0,SAME,1.0
DWAL,2023-07-20,151.0,151.0,151.0,151.0,151.0,151.0,0.0,0.0,0.0,0.0,0.0,0.0,0.0,0.0,151.0,151.0,151.0,151.00000000000213,150.99999981355583,150.99756151408863,0.0,0.0,0.0,0.0,0.0,0.0,0.0,0.0,0.0,151.0,151.0,151.0,151.0,151.0,151.0,,,,3,7,20,151.0,0.0,SAME,1.0
DWAL,2023-07-24,151.0,151.0,151.0,151.0,151.0,151.0,0.0,0.0,0.0,0.0,0.0,0.0,0.0,0.0,151.0,151.0,151.0,151.00000000000108,150.9999998757039,150.99800487516342,0.0,0.0,0.0,0.0,0.0,0.0,0.0,0.0,0.0,151.0,151.0,151.0,151.0,151.0,151.0,,,,0,7,24,151.0,0.0,SAME,1.0
DWAL,2023-07-25,151.0,151.0,151.0,151.0,151.0,151.0,0.0,0.0,0.0,0.0,0.0,0.0,0.0,0.0,151.0,151.0,151.0,151.00000000000054,150.99999991713594,150.9983676251337,0.0,0.0,0.0,0.0,0.0,0.0,0.0,0.0,0.0,151.0,151.0,151.0,151.0,151.0,151.0,,,,1,7,25,151.0,0.0,SAME,1.0
DWAL,2023-07-26,151.0,151.0,151.0,151.0,151.0,151.0,0.0,0.0,0.0,0.0,0.0,0.0,0.0,0.0,151.0,151.0,151.0,151.00000000000028,150.9999999447573,150.99866442056395,0.0,0.0,0.0,0.0,0.0,0.0,0.0,0.0,0.0,151.0,151.0,151.0,151.0,151.0,151.0,,,,2,7,26,151.0,0.0,SAME,1.0
DWAL,2023-07-27,151.0,151.0,151.0,151.0,151.0,151.0,0.0,0.0,0.0,0.0,0.0,0.0,0.0,0.0,151.0,151.0,151.0,151.00000000000014,150.99999996317155,150.9989072531887,0.0,0.0,0.0,0.0,0.0,0.0,0.0,0.0,0.0,151.0,151.0,151.0,151.0,151.0,151.0,,,,3,7,27,151.0,0.0,SAME,1.0
DWAL,2023-07-28,151.0,151.0,151.0,151.0,151.0,151.0,0.0,0.0,0.0,0.0,0.0,0.0,0.0,0.0,151.0,151.0,151.0,151.00000000000006,150.9999999754477,150.99910593442712,0.0,0.0,0.0,0.0,0.0,0.0,0.0,0.0,0.0,151.0,151.0,151.0,151.0,151.0,151.0,,,,4,7,28,151.0,0.0,SAME,1.0
DWAL,2023-07-31,151.0,151.0,151.0,151.0,151.0,151.0,0.0,0.0,0.0,0.0,0.0,0.0,0.0,0.0,151.0,151.0,151.0,151.00000000000003,150.99999998363182,150.999268491804,0.0,0.0,0.0,0.0,0.0,0.0,0.0,0.0,0.0,151.0,151.0,151.0,151.0,151.0,151.0,,,,0,7,31,151.0,0.0,SAME,1.0
DWAL,2023-08-01,151.0,151.0,151.0,151.0,151.0,151.0,0.0,0.0,0.0,0.0,0.0,0.0,0.0,0.0,151.0,151.0,151.0,151.0,150.99999998908788,150.9994014932942,0.0,0.0,0.0,0.0,0.0,0.0,0.0,0.0,0.0,151.0,151.0,151.0,151.0,151.0,151.0,,,,1,8,1,151.0,0.0,SAME,1.0
DWAL,2023-08-02,151.0,151.0,151.0,151.0,151.0,151.0,0.0,0.0,0.0,0.0,0.0,0.0,0.0,0.0,151.0,151.0,151.0,151.0,150.99999999272526,150.99951031269524,0.0,0.0,0.0,0.0,0.0,0.0,0.0,0.0,0.0,151.0,151.0,151.0,151.0,151.0,151.0,,,,2,8,2,151.0,0.0,SAME,1.0
DWAL,2023-08-03,151.0,151.0,151.0,151.0,151.0,151.0,0.0,0.0,0.0,0.0,0.0,0.0,0.0,0.0,151.0,151.0,151.0,151.0,150.99999999515018,150.99959934675064,0.0,0.0,0.0,0.0,0.0,0.0,0.0,0.0,0.0,151.0,151.0,151.0,151.0,151.0,151.0,,,,3,8,3,151.0,0.0,SAME,1.0
DWAL,2023-08-04,151.0,151.0,151.0,151.0,151.0,151.0,0.0,0.0,0.0,0.0,0.0,0.0,0.0,0.0,151.0,151.0,151.0,151.0,150.9999999967668,150.99967219279597,0.0,0.0,0.0,0.0,0.0,0.0,0.0,0.0,0.0,151.0,151.0,151.0,151.0,151.0,151.0,,,,4,8,4,151.0,0.0,SAME,1.0
DWAL,2023-08-07,151.0,151.0,151.0,151.0,151.0,151.0,0.0,0.0,0.0,0.0,0.0,0.0,0.0,0.0,151.0,151.0,151.0,151.0,150.99999999784455,150.9997317941058,0.0,0.0,0.0,0.0,0.0,0.0,0.0,0.0,0.0,151.0,151.0,151.0,151.0,151.0,151.0,,,,0,8,7,151.0,0.0,SAME,1.0
DWAL,2023-08-08,151.0,151.0,151.0,151.0,151.0,151.0,0.0,0.0,0.0,0.0,0.0,0.0,0.0,0.0,151.0,151.0,151.0,151.0,150.99999999856306,150.99978055881382,0.0,0.0,0.0,0.0,0.0,0.0,0.0,0.0,0.0,151.0,151.0,151.0,151.0,151.0,151.0,,,,1,8,8,151.0,0.0,SAME,1.0
DWAL,2023-08-09,151.0,151.0,151.0,151.0,151.0,151.0,0.0,0.0,0.0,0.0,0.0,0.0,0.0,0.0,151.0,151.0,151.0,151.0,150.99999999904205,150.9998204572113,0.0,0.0,0.0,0.0,0.0,0.0,0.0,0.0,0.0,151.0,151.0,151.0,151.0,151.0,151.0,,,,2,8,9,151.0,0.0,SAME,1.0
DWAL,2023-08-10,151.0,151.0,151.0,151.0,151.0,151.0,0.0,0.0,0.0,0.0,0.0,0.0,0.0,0.0,151.0,151.0,151.0,151.0,150.99999999936136,150.99985310135472,0.0,0.0,0.0,0.0,0.0,0.0,0.0,0.0,0.0,151.0,151.0,151.0,151.0,151.0,151.0,,,,3,8,10,151.0,0.0,SAME,1.0
DWAL,2023-08-11,151.0,151.0,151.0,151.0,151.0,151.0,0.0,0.0,0.0,0.0,0.0,0.0,0.0,0.0,151.0,151.0,151.0,151.0,150.99999999957424,150.9998798101993,0.0,0.0,0.0,0.0,0.0,0.0,0.0,0.0,0.0,151.0,151.0,151.0,151.0,151.0,151.0,,,,4,8,11,151.0,0.0,SAME,1.0
DWAL,2023-08-14,151.0,151.0,151.0,151.0,151.0,151.0,0.0,0.0,0.0,0.0,0.0,0.0,0.0,0.0,151.0,151.0,151.0,151.0,150.99999999971618,150.99990166289032,0.0,0.0,0.0,0.0,0.0,0.0,0.0,0.0,0.0,151.0,151.0,151.0,151.0,151.0,151.0,,,,0,8,14,151.0,0.0,SAME,1.0
DWAL,2023-08-15,151.0,151.0,151.0,151.0,151.0,151.0,0.0,0.0,0.0,0.0,0.0,0.0,0.0,0.0,151.0,151.0,151.0,151.0,150.9999999998108,150.9999195423648,0.0,0.0,0.0,0.0,0.0,0.0,0.0,0.0,0.0,151.0,151.0,151.0,151.0,151.0,151.0,,,,1,8,15,151.0,0.0,SAME,1.0
DWAL,2023-08-16,151.0,151.0,151.0,151.0,151.0,151.0,0.0,0.0,0.0,0.0,0.0,0.0,0.0,0.0,151.0,151.0,151.0,151.0,150.99999999987386,150.99993417102576,0.0,0.0,0.0,0.0,0.0,0.0,0.0,0.0,0.0,151.0,151.0,151.0,151.0,151.0,151.0,,,,2,8,16,151.0,0.0,SAME,1.0
DWAL,2023-08-17,151.0,151.0,151.0,151.0,151.0,151.0,0.0,0.0,0.0,0.0,0.0,0.0,0.0,0.0,151.0,151.0,151.0,151.0,150.99999999991593,150.99994613993016,0.0,0.0,0.0,0.0,0.0,0.0,0.0,0.0,0.0,151.0,151.0,151.0,151.0,151.0,151.0,,,,3,8,17,151.0,0.0,SAME,1.0
DWAL,2023-08-18,151.0,151.0,151.0,151.0,151.0,151.0,0.0,0.0,0.0,0.0,0.0,0.0,0.0,0.0,151.0,151.0,151.0,151.0,150.99999999994395,150.99995593267013,0.0,0.0,0.0,0.0,0.0,0.0,0.0,0.0,0.0,151.0,151.0,151.0,151.0,151.0,151.0,,,,4,8,18,143.45,-7.550000000000011,DOWN,0.0
DWAL,2023-08-21,143.45,151.0,151.0,151.0,151.0,151.0,-7.550000000000011,-7.550000000000011,-7.550000000000011,-0.050000000000000044,-0.050000000000000044,-0.050000000000000044,-0.05129329438755058,-0.05129329438755058,148.48333333333332,149.49,150.245,147.225,148.48333333329597,149.62723667218464,0.028867513459477186,0.02236067977499815,0.015811388300841216,-7.550000000000011,-0.05000000000000007,-7.550000000000011,-0.05000000000000007,-7.550000000000011,-0.05000000000000007,143.45,151.0,143.45,151.0,143.45,151.0,0.0,0.0,0.0,0,8,21,143.45,0.0,SAME,1.0
DWAL,2023-08-22,143.45,143.45,151.0,151.0,151.0,151.0,0.0,-7.550000000000011,-7.550000000000011,0.0,-0.050000000000000044,-0.050000000000000044,0.0,-0.05129329438755058,145.96666666666667,147.98,149.48999999999998,145.33749999999998,146.80555555553065,148.5041027317874,0.028867513459477186,0.02236067977499815,0.015811388300841216,-7.550000000000011,-0.05000000000000007,-7.550000000000011,-0.05000000000000007,-7.550000000000011,-0.05000000000000007,143.45,151.0,143.45,151.0,143.45,151.0,0.0,0.0,0.0,1,8,22,143.45,0.0,SAME,1.0
DWAL,2023-08-23,143.45,143.45,143.45,151.0,151.0,151.0,0.0,0.0,-7.550000000000011,0.0,0.0,-0.050000000000000044,0.0,0.0,143.45,146.46999999999997,148.735,144.39374999999998,145.68703703702045,147.58517496237152,0.028867513459477186,0.02236067977499815,0.015811388300841216,-7.550000000000011,-0.05000000000000007,-7.550000000000011,-0.05000000000000007,-7.550000000000011,-0.05000000000000007,143.45,143.45,143.45,151.0,143.45,151.0,,0.0,0.0,2,8,23,143.45,0.0,SAME,1.0
DWAL,2023-08-24,143.45,143.45,143.45,143.45,151.0,151.0,0.0,0.0,0.0,0.0,0.0,0.0,0.0,0.0,143.45,144.95999999999998,147.97999999999996,143.921875,144.9413580246803,146.83332496921307,0.0,0.02236067977499815,0.015811388300841216,0.0,0.0,-7.550000000000011,-0.05000000000000007,-7.550000000000011,-0.05000000000000007,143.45,143.45,143.45,151.0,143.45,151.0,,0.0,0.0,3,8,24,143.45,0.0,SAME,1.0
DWAL,2023-08-25,143.45,143.45,143.45,143.45,151.0,151.0,0.0,0.0,0.0,0.0,0.0,0.0,0.0,0.0,143.45,143.45,147.22499999999997,143.6859375,144.4442386831202,146.2181749748107,0.0,0.02236067977499815,0.015811388300841216,0.0,0.0,-7.550000000000011,-0.05000000000000007,-7.550000000000011,-0.05000000000000007,143.45,143.45,143.45,143.45,143.45,151.0,,,0.0,4,8,25,143.45,0.0,SAME,1.0
DWAL,2023-08-28,143.45,143.45,143.45,143.45,143.45,151.0,0.0,0.0,0.0,0.0,0.0,0.0,0.0,0.0,143.45,143.45,146.47,143.56796874999998,144.11282578874682,145.71487043393603,0.0,0.0,0.015811388300841216,0.0,0.0,0.0,0.0,-7.550000000000011,-0.05000000000000007,143.45,143.45,143.45,143.45,143.45,151.0,,,0.0,0,8,28,143.45,0.0,SAME,1.0
DWAL,2023-08-29,143.45,143.45,143.45,143.45,143.45,151.0,0.0,0.0,0.0,0.0,0.0,0.0,0.0,0.0,143.45,143.45,145.71499999999997,143.50898437499998,143.89188385916455,145.30307580958402,0.0,0.0,0.015811388300841216,0.0,0.0,0.0,0.0,-7.550000000000011,-0.05000000000000007,143.45,143.45,143.45,143.45,143.45,151.0,,,0.0,1,8,29,143.45,0.0,SAME,1.0
DWAL,2023-08-30,143.45,143.45,143.45,143.45,143.45,151.0,0.0,0.0,0.0,0.0,0.0,0.0,0.0,0.0,143.45,143.45,144.95999999999998,143.4794921875,143.74458923944303,144.9661529351142,0.0,0.0,0.015811388300841216,0.0,0.0,0.0,0.0,-7.550000000000011,-0.05000000000000007,143.45,143.45,143.45,143.45,143.45,151.0,,,0.0,2,8,30,143.45,0.0,SAME,1.0
DWAL,2023-08-31,143.45,143.45,143.45,143.45,143.45,151.0,0.0,0.0,0.0,0.0,0.0,0.0,0.0,0.0,143.45,143.45,144.20499999999998,143.46474609375,143.64639282629537,144.69048876509342,0.0,0.0,0.015811388300841216,0.0,0.0,0.0,0.0,-7.550000000000011,-0.05000000000000007,143.45,143.45,143.45,143.45,143.45,151.0,,,0.0,3,8,31,143.45,0.0,SAME,1.0
DWAL,2023-09-01,143.45,143.45,143.45,143.45,143.45,151.0,0.0,0.0,0.0,0.0,0.0,0.0,0.0,0.0,143.45,143.45,143.45,143.45737304687498,143.58092855086358,144.46494535325826,0.0,0.0,0.015811388300841216,0.0,0.0,0.0,0.0,-7.550000000000011,-0.05000000000000007,143.45,143.45,143.45,143.45,143.45,143.45,,,,4,9,1,143.45,0.0,SAME,1.0
DWAL,2023-09-04,143.45,143.45,143.45,143.45,143.45,143.45,0.0,0.0,0.0,0.0,0.0,0.0,0.0,0.0,143.45,143.45,143.45,143.45368652343748,143.53728570057572,144.28040983448403,0.0,0.0,0.0,0.0,0.0,0.0,0.0,0.0,0.0,143.45,143.45,143.45,143.45,143.45,143.45,,,,0,9,4,143.45,0.0,SAME,1.0
DWAL,2023-09-05,143.45,143.45,143.45,143.45,143.45,143.45,0.0,0.0,0.0,0.0,0.0,0.0,0.0,0.0,143.45,143.45,143.45,143.45184326171875,143.5081904670505,144.12942622821421,0.0,0.0,0.0,0.0,0.0,0.0,0.0,0.0,0.0,143.45,143.45,143.45,143.45,143.45,143.45,,,,1,9,5,143.45,0.0,SAME,1.0
DWAL,2023-09-06,143.45,143.45,143.45,143.45,143.45,143.45,0.0,0.0,0.0,0.0,0.0,0.0,0.0,0.0,143.45,143.45,143.45,143.45092163085937,143.48879364470034,144.00589418672072,0.0,0.0,0.0,0.0,0.0,0.0,0.0,0.0,0.0,143.45,143.45,143.45,143.45,143.45,143.45,,,,2,9,6,143.45,0.0,SAME,1.0
DWAL,2023-09-07,143.45,143.45,143.45,143.45,143.45,143.45,0.0,0.0,0.0,0.0,0.0,0.0,0.0,0.0,143.45,143.45,143.45,143.45046081542966,143.47586242980023,143.90482251640785,0.0,0.0,0.0,0.0,0.0,0.0,0.0,0.0,0.0,143.45,143.45,143.45,143.45,143.45,143.45,,,,3,9,7,143.45,0.0,SAME,1.0
DWAL,2023-09-08,143.45,143.45,143.45,143.45,143.45,143.45,0.0,0.0,0.0,0.0,0.0,0.0,0.0,0.0,143.45,143.45,143.45,143.45023040771483,143.46724161986683,143.8221275134246,0.0,0.0,0.0,0.0,0.0,0.0,0.0,0.0,0.0,143.45,143.45,143.45,143.45,143.45,143.45,,,,4,9,8,143.45,0.0,SAME,1.0
DWAL,2023-09-11,143.45,143.45,143.45,143.45,143.45,143.45,0.0,0.0,0.0,0.0,0.0,0.0,0.0,0.0,143.45,143.45,143.45,143.45011520385742,143.46149441324457,143.75446796552922,0.0,0.0,0.0,0.0,0.0,0.0,0.0,0.0,0.0,143.45,143.45,143.45,143.45,143.45,143.45,,,,0,9,11,143.45,0.0,SAME,1.0
DWAL,2023-09-12,143.45,143.45,143.45,143.45,143.45,143.45,0.0,0.0,0.0,0.0,0.0,0.0,0.0,0.0,143.45,143.45,143.45,143.4500576019287,143.45766294216304,143.6991101536148,0.0,0.0,0.0,0.0,0.0,0.0,0.0,0.0,0.0,143.45,143.45,143.45,143.45,143.45,143.45,,,,1,9,12,143.45,0.0,SAME,1.0
DWAL,2023-09-13,143.45,143.45,143.45,143.45,143.45,143.45,0.0,0.0,0.0,0.0,0.0,0.0,0.0,0.0,143.45,143.45,143.45,143.45002880096433,143.4551086281087,143.65381739841212,0.0,0.0,0.0,0.0,0.0,0.0,0.0,0.0,0.0,143.45,143.45,143.45,143.45,143.45,143.45,,,,2,9,13,143.45,0.0,SAME,1.0
DWAL,2023-09-14,143.45,143.45,143.45,143.45,143.45,143.45,0.0,0.0,0.0,0.0,0.0,0.0,0.0,0.0,143.45,143.45,143.45,143.45001440048216,143.45340575207246,143.61675968960992,0.0,0.0,0.0,0.0,0.0,0.0,0.0,0.0,0.0,143.45,143.45,143.45,143.45,143.45,143.45,,,,3,9,14,129.05,-14.399999999999977,DOWN,0.0
DWAL,2023-09-15,129.05,143.45,143.45,143.45,143.45,143.45,-14.399999999999977,-14.399999999999977,-14.399999999999977,-0.1003834088532588,-0.1003834088532588,-0.1003834088532588,-0.10578661626275074,-0.10578661626275074,138.65,140.57,142.01,136.2500072002411,138.65227050138165,140.96825792786265,0.05795638812359919,0.0448928252018083,0.03174402112682056,-14.399999999999977,-0.10038340885325882,-14.399999999999977,-0.10038340885325882,-14.399999999999977,-0.10038340885325882,129.05,143.45,129.05,143.45,129.05,143.45,0.0,0.0,0.0,4,9,15,129.05,0.0,SAME,1.0
DWAL,2023-09-18,129.05,129.05,143.45,143.45,143.45,143.45,0.0,-14.399999999999977,-14.399999999999977,0.0,-0.1003834088532588,-0.1003834088532588,0.0,-0.10578661626275074,133.85,137.69,140.57,132.65000360012056,135.4515136675878,138.80130194097853,0.05795638812359919,0.0448928252018083,0.03174402112682056,-14.399999999999977,-0.10038340885325882,-14.399999999999977,-0.10038340885325882,-14.399999999999977,-0.10038340885325882,129.05,143.45,129.05,143.45,129.05,143.45,0.0,0.0,0.0,0,9,18,129.05,0.0,SAME,1.0
DWAL,2023-09-19,129.05,129.05,129.05,143.45,143.45,143.45,0.0,0.0,-14.399999999999977,0.0,0.0,-0.1003834088532588,0.0,0.0,129.05,134.81,139.13000000000002,130.85000180006028,133.31767577839187,137.0283379517097,0.05795638812359919,0.0448928252018083,0.03174402112682056,-14.399999999999977,-0.10038340885325882,-14.399999999999977,-0.10038340885325882,-14.399999999999977,-0.10038340885325882,129.05,129.05,129.05,143.45,129.05,143.45,,0.0,0.0,1,9,19,129.05,0.0,SAME,1.0
DWAL,2023-09-21,129.05,129.05,129.05,129.05,143.45,143.45,0.0,0.0,0.0,0.0,0.0,0.0,0.0,0.0,129.05,131.93,137.69,129.95000090003015,131.8951171855946,135.5777310513988,0.0,0.0448928252018083,0.03174402112682056,0.0,0.0,-14.399999999999977,-0.10038340885325882,-14.399999999999977,-0.10038340885325882,129.05,129.05,129.05,143.45,129.05,143.45,,0.0,0.0,3,9,21,129.05,0.0,SAME,1.0
DWAL,2023-09-22,129.05,129.05,129.05,129.05,143.45,143.45,0.0,0.0,0.0,0.0,0.0,0.0,0.0,0.0,129.05,129.05,136.25,129.50000045001508,130.9467447903964,134.3908708602354,0.0,0.0448928252018083,0.03174402112682056,0.0,0.0,-14.399999999999977,-0.10038340885325882,-14.399999999999977,-0.10038340885325882,129.05,129.05,129.05,129.05,129.05,143.45,,,0.0,4,9,22,129.05,0.0,SAME,1.0
DWAL,2023-09-27,129.05,129.05,129.05,129.05,129.05,143.45,0.0,0.0,0.0,0.0,0.0,0.0,0.0,0.0,129.05,129.05,134.81,129.27500022500755,130.31449652693095,133.41980343110168,0.0,0.0,0.03174402112682056,0.0,0.0,0.0,0.0,-14.399999999999977,-0.10038340885325882,129.05,129.05,129.05,129.05,129.05,143.45,,,0.0,2,9,27,129.05,0.0,SAME,1.0
DWAL,2023-09-28,129.05,129.05,129.05,129.05,129.05,143.45,0.0,0.0,0.0,0.0,0.0,0.0,0.0,0.0,129.05,129.05,133.37000000000003,129.16250011250378,129.89299768462064,132.6252937163559,0.0,0.0,0.03174402112682056,0.0,0.0,0.0,0.0,-14.399999999999977,-0.10038340885325882,129.05,129.05,129.05,129.05,129.05,143.45,,,0.0,3,9,28,129.05,0.0,SAME,1.0
DWAL,2023-09-29,129.05,129.05,129.05,129.05,129.05,143.45,0.0,0.0,0.0,0.0,0.0,0.0,0.0,0.0,129.05,129.05,131.93,129.1062500562519,129.61199845641377,131.9752403133821,0.0,0.0,0.03174402112682056,0.0,0.0,0.0,0.0,-14.399999999999977,-0.10038340885325882,129.05,129.05,129.05,129.05,129.05,143.45,,,0.0,4,9,29,129.05,0.0,SAME,1.0
DWAL,2023-10-02,129.05,129.05,129.05,129.05,129.05,143.45,0.0,0.0,0.0,0.0,0.0,0.0,0.0,0.0,129.05,129.05,130.49,129.07812502812595,129.4246656376092,131.4433784382217,0.0,0.0,0.03174402112682056,0.0,0.0,0.0,0.0,-14.399999999999977,-0.10038340885325882,129.05,129.05,129.05,129.05,129.05,143.45,,,0.0,0,10,2,129.05,0.0,SAME,1.0
DWAL,2023-10-03,129.05,129.05,129.05,129.05,129.05,143.45,0.0,0.0,0.0,0.0,0.0,0.0,0.0,0.0,129.05,129.05,129.05,129.06406251406298,129.2997770917395,131.0082187221814,0.0,0.0,0.03174402112682056,0.0,0.0,0.0,0.0,-14.399999999999977,-0.10038340885325882,129.05,129.05,129.05,129.05,129.05,129.05,,,,1,10,3,129.05,0.0,SAME,1.0
DWAL,2023-10-04,129.05,129.05,129.05,129.05,129.05,129.05,0.0,0.0,0.0,0.0,0.0,0.0,0.0,0.0,129.05,129.05,129.05,129.0570312570315,129.21651806115966,130.65217895451204,0.0,0.0,0.0,0.0,0.0,0.0,0.0,0.0,0.0,129.05,129.05,129.05,129.05,129.05,129.05,,,,2,10,4,129.05,0.0,SAME,1.0
DWAL,2023-10-05,129.05,129.05,129.05,129.05,129.05,129.05,0.0,0.0,0.0,0.0,0.0,0.0,0.0,0.0,129.05,129.05,129.05,129.05351562851575,129.16101204077313,130.36087369005529,0.0,0.0,0.0,0.0,0.0,0.0,0.0,0.0,0.0,129.05,129.05,129.05,129.05,129.05,129.05,,,,3,10,5,129.05,0.0,SAME,1.0
DWAL,2023-10-06,129.05,129.05,129.05,129.05,129.05,129.05,0.0,0.0,0.0,0.0,0.0,0.0,0.0,0.0,129.05,129.05,129.05,129.05175781425788,129.1240080271821,130.12253301913614,0.0,0.0,0.0,0.0,0.0,0.0,0.0,0.0,0.0,129.05,129.05,129.05,129.05,129.05,129.05,,,,4,10,6,129.05,0.0,SAME,1.0
DWAL,2023-10-09,129.05,129.05,129.05,129.05,129.05,129.05,0.0,0.0,0.0,0.0,0.0,0.0,0.0,0.0,129.05,129.05,129.05,129.05087890712895,129.09933868478808,129.92752701565684,0.0,0.0,0.0,0.0,0.0,0.0,0.0,0.0,0.0,129.05,129.05,129.05,129.05,129.05,129.05,,,,0,10,9,129.05,0.0,SAME,1.0
DWAL,2023-10-10,129.05,129.05,129.05,129.05,129.05,129.05,0.0,0.0,0.0,0.0,0.0,0.0,0.0,0.0,129.05,129.05,129.05,129.05043945356448,129.0828924565254,129.76797664917376,0.0,0.0,0.0,0.0,0.0,0.0,0.0,0.0,0.0,129.05,129.05,129.05,129.05,129.05,129.05,,,,1,10,10,129.05,0.0,SAME,1.0
DWAL,2023-10-11,129.05,129.05,129.05,129.05,129.05,129.05,0.0,0.0,0.0,0.0,0.0,0.0,0.0,0.0,129.05,129.05,129.05,129.05021972678225,129.07192830435028,129.63743544023308,0.0,0.0,0.0,0.0,0.0,0.0,0.0,0.0,0.0,129.05,129.05,129.05,129.05,129.05,129.05,,,,2,10,11,129.05,0.0,SAME,1.0
DWAL,2023-10-12,129.05,129.05,129.05,129.05,129.05,129.05,0.0,0.0,0.0,0.0,0.0,0.0,0.0,0.0,129.05,129.05,129.05,129.05010986339113,129.06461886956686,129.53062899655433,0.0,0.0,0.0,0.0,0.0,0.0,0.0,0.0,0.0,129.05,129.05,129.05,129.05,129.05,129.05,,,,3,10,12,129.05,0.0,SAME,1.0
DWAL,2023-10-13,129.05,129.05,129.05,129.05,129.05,129.05,0.0,0.0,0.0,0.0,0.0,0.0,0.0,0.0,129.05,129.05,129.05,129.05005493169557,129.0597459130446,129.4432419062717,0.0,0.0,0.0,0.0,0.0,0.0,0.0,0.0,0.0,129.05,129.05,129.05,129.05,129.05,129.05,,,,4,10,13,129.05,0.0,SAME,1.0
DWAL,2023-10-16,129.05,129.05,129.05,129.05,129.05,129.05,0.0,0.0,0.0,0.0,0.0,0.0,0.0,0.0,129.05,129.05,129.05,129.0500274658478,129.05649727536309,129.37174337785865,0.0,0.0,0.0,0.0,0.0,0.0,0.0,0.0,0.0,129.05,129.05,129.05,129.05,129.05,129.05,,,,0,10,16,110.74,-18.310000000000016,DOWN,0.0
DWAL,2023-10-17,110.74,129.05,129.05,129.05,129.05,129.05,-18.310000000000016,-18.310000000000016,-18.310000000000016,-0.14188299108872537,-0.14188299108872537,-0.14188299108872537,-0.15301481476980183,-0.15301481476980183,122.94666666666667,125.388,127.21900000000001,119.8950137329239,122.9509981835754,125.98415367279344,0.08191618309850343,0.06345200258507745,0.044867341307774304,-18.310000000000016,-0.1418829910887254,-18.310000000000016,-0.1418829910887254,-18.310000000000016,-0.1418829910887254,110.74,129.05,110.74,129.05,110.74,129.05,0.0,0.0,0.0,1,10,17,110.74,0.0,SAME,1.0
DWAL,2023-10-18,110.74,110.74,129.05,129.05,129.05,129.05,0.0,-18.310000000000016,-18.310000000000016,0.0,-0.14188299108872537,-0.14188299108872537,0.0,-0.15301481476980183,116.84333333333332,121.726,125.38799999999999,115.31750686646194,118.88066545571694,123.21248936864916,0.08191618309850343,0.06345200258507745,0.044867341307774304,-18.310000000000016,-0.1418829910887254,-18.310000000000016,-0.1418829910887254,-18.310000000000016,-0.1418829910887254,110.74,129.05,110.74,129.05,110.74,129.05,0.0,0.0,0.0,2,10,18,110.74,0.0,SAME,1.0
DWAL,2023-10-19,110.74,110.74,110.74,129.05,129.05,129.05,0.0,0.0,-18.310000000000016,0.0,0.0,-0.14188299108872537,0.0,0.0,110.74,118.06400000000001,123.55699999999999,113.02875343323097,116.1671103038113,120.94476402889475,0.08191618309850343,0.06345200258507745,0.044867341307774304,-18.310000000000016,-0.1418829910887254,-18.310000000000016,-0.1418829910887254,-18.310000000000016,-0.1418829910887254,110.74,110.74,110.74,129.05,110.74,129.05,,0.0,0.0,3,10,19,110.74,0.0,SAME,1.0
DWAL,2023-10-20,110.74,110.74,110.74,110.74,129.05,129.05,0.0,0.0,0.0,0.0,0.0,0.0,0.0,0.0,110.74,114.402,121.726,111.88437671661549,114.3580735358742,119.08935238727753,0.0,0.06345200258507745,0.044867341307774304,0.0,0.0,-18.310000000000016,-0.1418829910887254,-18.310000000000016,-0.1418829910887254,110.74,110.74,110.74,129.05,110.74,129.05,,0.0,0.0,4,10,20,110.74,0.0,SAME,1.0
DWAL,2023-10-23,110.74,110.74,110.74,110.74,129.05,129.05,0.0,0.0,0.0,0.0,0.0,0.0,0.0,0.0,110.74,110.74,119.89500000000001,111.31218835830774,113.15204902391613,117.57128831686342,0.0,0.06345200258507745,0.044867341307774304,0.0,0.0,-18.310000000000016,-0.1418829910887254,-18.310000000000016,-0.1418829910887254,110.74,110.74,110.74,110.74,110.74,129.05,,,0.0,0,10,23,110.74,0.0,SAME,1.0
DWAL,2023-10-25,110.74,110.74,110.74,110.74,110.74,129.05,0.0,0.0,0.0,0.0,0.0,0.0,0.0,0.0,110.74,110.74,118.06400000000001,111.02609417915386,112.34803268261076,116.32923589561551,0.0,0.0,0.044867341307774304,0.0,0.0,0.0,0.0,-18.310000000000016,-0.1418829910887254,110.74,110.74,110.74,110.74,110.74,129.05,,,0.0,2,10,25,110.74,0.0,SAME,1.0
DWAL,2023-10-26,110.74,110.74,110.74,110.74,110.74,129.05,0.0,0.0,0.0,0.0,0.0,0.0,0.0,0.0,110.74,110.74,116.23299999999999,110.88304708957693,111.81202178840718,115.31301118732176,0.0,0.0,0.044867341307774304,0.0,0.0,0.0,0.0,-18.310000000000016,-0.1418829910887254,110.74,110.74,110.74,110.74,110.74,129.05,,,0.0,3,10,26,110.74,0.0,SAME,1.0
DWAL,2023-10-27,110.74,110.74,110.74,110.74,110.74,129.05,0.0,0.0,0.0,0.0,0.0,0.0,0.0,0.0,110.74,110.74,114.402,110.81152354478846,111.45468119227145,114.4815546078087,0.0,0.0,0.044867341307774304,0.0,0.0,0.0,0.0,-18.310000000000016,-0.1418829910887254,110.74,110.74,110.74,110.74,110.74,129.05,,,0.0,4,10,27,110.74,0.0,SAME,1.0
DWAL,2023-10-30,110.74,110.74,110.74,110.74,110.74,129.05,0.0,0.0,0.0,0.0,0.0,0.0,0.0,0.0,110.74,110.74,112.571,110.77576177239422,111.21645412818097,113.80127195184349,0.0,0.0,0.044867341307774304,0.0,0.0,0.0,0.0,-18.310000000000016,-0.1418829910887254,110.74,110.74,110.74,110.74,110.74,129.05,,,0.0,0,10,30,110.74,0.0,SAME,1.0
DWAL,2023-10-31,110.74,110.74,110.74,110.74,110.74,129.05,0.0,0.0,0.0,0.0,0.0,0.0,0.0,0.0,110.74,110.74,110.74,110.75788088619711,111.05763608545398,113.24467705150829,0.0,0.0,0.044867341307774304,0.0,0.0,0.0,0.0,-18.310000000000016,-0.1418829910887254,110.74,110.74,110.74,110.74,110.74,110.74,,,,1,10,31,110.74,0.0,SAME,1.0
DWAL,2023-11-02,110.74,110.74,110.74,110.74,110.74,110.74,0.0,0.0,0.0,0.0,0.0,0.0,0.0,0.0,110.74,110.74,110.74,110.74894044309855,110.95175739030266,112.78928122396132,0.0,0.0,0.0,0.0,0.0,0.0,0.0,0.0,0.0,110.74,110.74,110.74,110.74,110.74,110.74,,,,3,11,2,115.21,4.469999999999999,UP,2.0
DWAL,2023-11-03,115.21,110.74,110.74,110.74,110.74,110.74,4.469999999999999,4.469999999999999,4.469999999999999,0.04036481849376927,0.04036481849376927,0.04036481849376927,0.039571438655141164,0.039571438655141164,112.22999999999998,111.63399999999999,111.18699999999998,112.97947022154926,112.37117159353511,113.22941191051379,0.0233046388231628,0.018051695610302038,0.01276447637795894,4.469999999999999,0.04036481849376918,4.469999999999999,0.04036481849376918,4.469999999999999,0.04036481849376918,110.74,115.21,110.74,115.21,110.74,115.21,1.0,1.0,1.0,4,11,3,115.21,0.0,SAME,1.0
DWAL,2023-11-06,115.21,115.21,110.74,110.74,110.74,110.74,0.0,4.469999999999999,4.469999999999999,0.0,0.04036481849376927,0.04036481849376927,0.0,0.039571438655141164,113.71999999999998,112.52799999999999,111.63399999999999,114.09473511077462,113.3174477290234,113.58951883587491,0.0233046388231628,0.018051695610302034,0.01276447637795894,4.469999999999999,0.04036481849376918,4.469999999999999,0.04036481849376918,4.469999999999999,0.04036481849376918,110.74,115.21,110.74,115.21,110.74,115.21,1.0,1.0,1.0,0,11,6,115.21,0.0,SAME,1.0
DWAL,2023-11-07,115.21,115.21,115.21,110.74,110.74,110.74,0.0,0.0,4.469999999999999,0.0,0.0,0.04036481849376927,0.0,0.0,115.21,113.42199999999998,112.08099999999999,114.65236755538731,113.9482984860156,113.88415177480672,0.0233046388231628,0.018051695610302034,0.01276447637795894,4.469999999999999,0.04036481849376918,4.469999999999999,0.04036481849376918,4.469999999999999,0.04036481849376918,115.21,115.21,110.74,115.21,110.74,115.21,,1.0,1.0,1,11,7,115.21,0.0,SAME,1.0
DWAL,2023-11-08,115.21,115.21,115.21,115.21,110.74,110.74,0.0,0.0,0.0,0.0,0.0,0.0,0.0,0.0,115.21,114.31599999999999,112.52799999999999,114.93118377769366,114.36886565734375,114.12521508847823,0.0,0.018051695610302034,0.01276447637795894,0.0,0.0,4.469999999999999,0.04036481849376918,4.469999999999999,0.04036481849376918,115.21,115.21,110.74,115.21,110.74,115.21,,1.0,1.0,2,11,8,115.21,0.0,SAME,1.0
DWAL,2023-11-09,115.21,115.21,115.21,115.21,110.74,110.74,0.0,0.0,0.0,0.0,0.0,0.0,0.0,0.0,115.21,115.21,112.975,115.07059188884682,114.64924377156251,114.3224487087549,0.0,0.018051695610302034,0.01276447637795894,0.0,0.0,4.469999999999999,0.04036481849376918,4.469999999999999,0.04036481849376918,115.21,115.21,115.21,115.21,110.74,115.21,,,1.0,3,11,9,115.21,0.0,SAME,1.0
DWAL,2023-11-10,115.21,115.21,115.21,115.21,115.21,110.74,0.0,0.0,0.0,0.0,0.0,0.0,0.0,0.0,115.21,115.21,113.422,115.1402959444234,114.83616251437502,114.48382167079947,0.0,0.0,0.01276447637795894,0.0,0.0,0.0,0.0,4.469999999999999,0.04036481849376918,115.21,115.21,115.21,115.21,110.74,115.21,,,1.0,4,11,10,125.0,9.790000000000006,UP,2.0
DWAL,2023-11-13,125.0,115.21,115.21,115.21,115.21,110.74,9.790000000000006,9.790000000000006,9.790000000000006,0.08497526256401366,0.08497526256401366,0.08497526256401366,0.08155718725233904,0.08155718725233904,118.47333333333334,117.16799999999998,114.848,120.0701479722117,118.22410834291668,116.39585409429046,0.04906049071578989,0.03800209269980566,0.028439214374015018,9.790000000000006,0.0849752625640136,9.790000000000006,0.0849752625640136,14.260000000000005,0.12877009210763957,115.21,125.0,115.21,125.0,110.74,125.0,1.0,1.0,1.0,0,11,13,125.0,0.0,SAME,1.0
DWAL,2023-11-14,125.0,125.0,115.21,115.21,115.21,110.74,0.0,9.790000000000006,9.790000000000006,0.0,0.08497526256401366,0.08497526256401366,0.0,0.08155718725233904,121.73666666666666,119.126,116.274,122.53507398610586,120.4827388952778,117.9602442589649,0.04906049071578989,0.03800209269980566,0.028439214374015018,9.790000000000006,0.0849752625640136,9.790000000000006,0.0849752625640136,14.260000000000005,0.12877009210763957,115.21,125.0,115.21,125.0,110.74,125.0,1.0,1.0,1.0,1,11,14,125.0,0.0,SAME,1.0
DWAL,2023-11-15,125.0,125.0,125.0,115.21,115.21,110.74,0.0,0.0,9.790000000000006,0.0,0.0,0.08497526256401366,0.0,0.0,125.0,121.08399999999999,117.7,123.76753699305293,121.98849259685187,119.240199848244,0.04906049071578989,0.03800209269980566,0.028439214374015018,9.790000000000006,0.0849752625640136,9.790000000000006,0.0849752625640136,14.260000000000005,0.12877009210763957,125.0,125.0,115.21,125.0,110.74,125.0,,1.0,1.0,2,11,15,120.0,-5.0,DOWN,0.0
DWAL,2023-11-16,120.0,125.0,125.0,125.0,115.21,110.74,-5.0,-5.0,-5.0,-0.040000000000000036,-0.040000000000000036,-0.040000000000000036,-0.040821994520255166,-0.040821994520255166,123.33333333333333,122.04199999999999,118.626,121.88376849652647,121.32566173123459,119.37834533038145,0.023094010767579807,0.04587003487921803,0.03286643150078631,-5.0,-0.04,4.790000000000006,0.04157625206145305,9.260000000000005,0.08361928842333398,120.0,125.0,115.21,125.0,115.21,125.0,0.0,0.4892747701736469,0.4892747701736469,3,11,16,120.0,0.0,SAME,1.0
DWAL,2023-11-17,120.0,120.0,125.0,125.0,115.21,115.21,0.0,-5.0,-5.0,0.0,-0.040000000000000036,-0.040000000000000036,0.0,-0.040821994520255166,121.66666666666667,123.0,119.10499999999999,120.94188424826324,120.88377448748973,119.49137345213026,0.023094010767579807,0.04587003487921803,0.030945324226865877,-5.0,-0.04,4.790000000000006,0.04157625206145305,4.790000000000006,0.04157625206145305,120.0,125.0,120.0,125.0,115.21,125.0,0.0,0.0,0.4892747701736469,4,11,17,120.0,0.0,SAME,1.0
DWAL,2023-11-20,120.0,120.0,120.0,125.0,125.0,115.21,0.0,0.0,-5.0,0.0,0.0,-0.040000000000000036,0.0,0.0,120.0,122.0,119.58400000000002,120.47094212413162,120.58918299165983,119.5838510062884,0.023094010767579807,0.01788854381999863,0.030945324226865877,-5.0,-0.04,-5.0,-0.04,4.790000000000006,0.04157625206145305,120.0,120.0,120.0,125.0,115.21,125.0,,0.0,0.4892747701736469,0,11,20,120.0,0.0,SAME,1.0
DWAL,2023-11-21,120.0,120.0,120.0,120.0,125.0,115.21,0.0,0.0,0.0,0.0,0.0,0.0,0.0,0.0,120.0,121.0,120.06300000000002,120.23547106206581,120.39278866110656,119.65951445969051,0.0,0.01788854381999863,0.030945324226865877,0.0,0.0,-5.0,-0.04,4.790000000000006,0.04157625206145305,120.0,120.0,120.0,125.0,115.21,125.0,,0.0,0.4892747701736469,1,11,21,120.0,0.0,SAME,1.0
DWAL,2023-11-22,120.0,120.0,120.0,120.0,125.0,115.21,0.0,0.0,0.0,0.0,0.0,0.0,0.0,0.0,120.0,120.0,120.542,120.1177355310329,120.26185910740439,119.72142092156497,0.0,0.01788854381999863,0.030945324226865877,0.0,0.0,-5.0,-0.04,4.790000000000006,0.04157625206145305,120.0,120.0,120.0,120.0,115.21,125.0,,,0.4892747701736469,2,11,22,119.1,-0.9000000000000057,DOWN,0.0
DWAL,2023-11-23,119.1,120.0,120.0,120.0,120.0,115.21,-0.9000000000000057,-0.9000000000000057,-0.9000000000000057,-0.007500000000000062,-0.007500000000000062,-0.007500000000000062,-0.007528266420791636,-0.007528266420791636,119.7,119.82000000000001,120.931,119.60886776551645,119.87457273826959,119.60843529946224,0.004330127018894077,0.0033541019662512764,0.031156603932390555,-0.9000000000000057,-0.007500000000000047,-0.9000000000000057,-0.007500000000000047,3.8900000000000006,0.03376443017099211,119.1,120.0,119.1,120.0,115.21,125.0,0.0,0.0,0.3973442288049028,3,11,23,119.1,0.0,SAME,1.0
DWAL,2023-11-24,119.1,119.1,120.0,120.0,120.0,115.21,0.0,-0.9000000000000057,-0.9000000000000057,0.0,-0.007500000000000062,-0.007500000000000062,0.0,-0.007528266420791636,119.39999999999999,119.63999999999999,121.31999999999998,119.35443388275823,119.61638182551306,119.51599251774184,0.004330127018894077,0.0033541019662512764,0.031156603932390555,-0.9000000000000057,-0.007500000000000047,-0.9000000000000057,-0.007500000000000047,3.8900000000000006,0.03376443017099211,119.1,120.0,119.1,120.0,119.1,125.0,0.0,0.0,0.0,4,11,24,119.1,0.0,SAME,1.0
DWAL,2023-11-27,119.1,119.1,119.1,120.0,120.0,125.0,0.0,0.0,-0.9000000000000057,0.0,0.0,-0.007500000000000062,0.0,0.0,119.1,119.46,120.72999999999999,119.22721694137911,119.44425455034204,119.44035751451604,0.004330127018894077,0.0033541019662512764,0.012607867913858848,-0.9000000000000057,-0.007500000000000047,-0.9000000000000057,-0.007500000000000047,-5.900000000000006,-0.04720000000000005,119.1,119.1,119.1,120.0,119.1,125.0,,0.0,0.0,0,11,27,119.1,0.0,SAME,1.0
DWAL,2023-11-28,119.1,119.1,119.1,119.1,120.0,125.0,0.0,0.0,0.0,0.0,0.0,0.0,0.0,0.0,119.1,119.28,120.13999999999999,119.16360847068955,119.32950303356137,119.37847433005857,0.0,0.0033541019662512764,0.012607867913858848,0.0,0.0,-0.9000000000000057,-0.007500000000000047,-5.900000000000006,-0.04720000000000005,119.1,119.1,119.1,120.0,119.1,125.0,,0.0,0.0,1,11,28,119.1,0.0,SAME,1.0
DWAL,2023-11-29,119.1,119.1,119.1,119.1,120.0,125.0,0.0,0.0,0.0,0.0,0.0,0.0,0.0,0.0,119.1,119.1,119.55,119.13180423534477,119.25300202237426,119.32784263368427,0.0,0.0033541019662512764,0.012607867913858848,0.0,0.0,-0.9000000000000057,-0.007500000000000047,-5.900000000000006,-0.04720000000000005,119.1,119.1,119.1,119.1,119.1,120.0,,,0.0,2,11,29,119.1,0.0,SAME,1.0
DWAL,2023-12-01,119.1,119.1,119.1,119.1,119.1,120.0,0.0,0.0,0.0,0.0,0.0,0.0,0.0,0.0,119.1,119.1,119.46,119.11590211767239,119.20200134824952,119.28641670028712,0.0,0.0,0.002371708245121625,0.0,0.0,0.0,0.0,-0.9000000000000057,-0.007500000000000047,119.1,119.1,119.1,119.1,119.1,120.0,,,0.0,4,12,1,119.1,0.0,SAME,1.0
DWAL,2023-12-04,119.1,119.1,119.1,119.1,119.1,120.0,0.0,0.0,0.0,0.0,0.0,0.0,0.0,0.0,119.1,119.1,119.36999999999998,119.10795105883619,119.16800089883301,119.25252275478036,0.0,0.0,0.002371708245121625,0.0,0.0,0.0,0.0,-0.9000000000000057,-0.007500000000000047,119.1,119.1,119.1,119.1,119.1,120.0,,,0.0,0,12,4,120.15,1.0500000000000114,UP,2.0
DWAL,2023-12-05,120.15,119.1,119.1,119.1,119.1,120.0,1.0500000000000114,1.0500000000000114,1.0500000000000114,0.008816120906801173,0.008816120906801173,0.008816120906801173,0.008777485821223662,0.008777485821223662,119.44999999999999,119.30999999999999,119.38499999999999,119.6289755294181,119.49533393255535,119.41570043572938,0.005089989778725919,0.003942689129094224,0.003855742764861063,1.0500000000000114,0.008816120906801103,1.0500000000000114,0.008816120906801103,0.15000000000000568,0.0012500000000000473,119.1,120.15,119.1,120.15,119.1,120.15,1.0,1.0,1.0,1,12,5,120.15,0.0,SAME,1.0
DWAL,2023-12-06,120.15,120.15,119.1,119.1,119.1,120.0,0.0,1.0500000000000114,1.0500000000000114,0.0,0.008816120906801173,0.008816120906801173,0.0,0.008777485821223662,119.80000000000001,119.52000000000001,119.4,119.88948776470906,119.71355595503691,119.54920944741494,0.005089989778725919,0.003942689129094224,0.003855742764861063,1.0500000000000114,0.008816120906801103,1.0500000000000114,0.008816120906801103,0.15000000000000568,0.0012500000000000473,119.1,120.15,119.1,120.15,119.1,120.15,1.0,1.0,1.0,2,12,6,121.19,1.039999999999992,UP,2.0
DWAL,2023-12-07,121.19,120.15,120.15,119.1,119.1,120.0,1.039999999999992,1.039999999999992,2.0900000000000034,0.008655846858093952,0.008655846858093952,0.01754827875734688,0.008618599797918012,0.008618599797918012,120.49666666666667,119.93800000000002,119.51899999999998,120.53974388235453,120.20570397002462,119.84753500243039,0.005044359233231557,0.004785230954683545,0.00470169778512096,2.0900000000000034,0.017548278757346797,2.0900000000000034,0.017548278757346797,1.1899999999999977,0.009916666666666648,120.15,121.19,119.1,121.19,119.1,121.19,1.0,1.0,1.0,3,12,7,121.19,0.0,SAME,1.0
DWAL,2023-12-08,121.19,121.19,120.15,120.15,119.1,119.1,0.0,1.039999999999992,1.039999999999992,0.0,0.008655846858093952,0.008655846858093952,0.0,0.008618599797918012,120.84333333333335,120.356,119.728,120.86487194117726,120.53380264668309,120.09161954744303,0.0049974555135602495,0.004785230954683545,0.0036836079372170837,1.039999999999992,0.008655846858093983,2.0900000000000034,0.017548278757346797,2.0900000000000034,0.017548278757346797,120.15,121.19,119.1,121.19,119.1,121.19,1.0,1.0,1.0,4,12,8,121.19,0.0,SAME,1.0
DWAL,2023-12-11,121.19,121.19,121.19,120.15,119.1,119.1,0.0,0.0,1.039999999999992,0.0,0.0,0.008655846858093952,0.0,0.0,121.19,120.774,119.93700000000001,121.02743597058863,120.75253509778872,120.29132508427156,0.0049974555135602495,0.004785230954683545,0.0036836079372170837,1.039999999999992,0.008655846858093983,2.0900000000000034,0.017548278757346797,2.0900000000000034,0.017548278757346797,121.19,121.19,120.15,121.19,119.1,121.19,,1.0,1.0,0,12,11,121.19,0.0,SAME,1.0
DWAL,2023-12-12,121.19,121.19,121.19,121.19,120.15,119.1,0.0,0.0,0.0,0.0,0.0,0.0,0.0,0.0,121.19,120.982,120.146,121.1087179852943,120.89835673185915,120.4547205234949,0.0,0.0038710123955065564,0.0036836079372170837,0.0,0.0,1.039999999999992,0.008655846858093983,2.0900000000000034,0.017548278757346797,121.19,121.19,120.15,121.19,119.1,121.19,,1.0,1.0,1,12,12,121.19,0.0,SAME,1.0
DWAL,2023-12-13,121.19,121.19,121.19,121.19,120.15,119.1,0.0,0.0,0.0,0.0,0.0,0.0,0.0,0.0,121.19,121.19,120.35499999999999,121.14935899264715,120.99557115457277,120.58840770104128,0.0,0.0038710123955065564,0.0036836079372170837,0.0,0.0,1.039999999999992,0.008655846858093983,2.0900000000000034,0.017548278757346797,121.19,121.19,121.19,121.19,119.1,121.19,,,1.0,2,12,13,121.19,0.0,SAME,1.0
DWAL,2023-12-14,121.19,121.19,121.19,121.19,121.19,119.1,0.0,0.0,0.0,0.0,0.0,0.0,0.0,0.0,121.19,121.19,120.564,121.16967949632357,121.06038076971518,120.69778811903376,0.0,0.0,0.0036836079372170837,0.0,0.0,0.0,0.0,2.0900000000000034,0.017548278757346797,121.19,121.19,121.19,121.19,119.1,121.19,,,1.0,3,12,14,121.19,0.0,SAME,1.0
DWAL,2023-12-15,121.19,121.19,121.19,121.19,121.19,119.1,0.0,0.0,0.0,0.0,0.0,0.0,0.0,0.0,121.19,121.19,120.773,121.17983974816178,121.10358717981012,120.78728118830034,0.0,0.0,0.0036836079372170837,0.0,0.0,0.0,0.0,2.0900000000000034,0.017548278757346797,121.19,121.19,121.19,121.19,119.1,121.19,,,1.0,4,12,15,121.19,0.0,SAME,1.0
DWAL,2023-12-18,121.19,121.19,121.19,121.19,121.19,119.1,0.0,0.0,0.0,0.0,0.0,0.0,0.0,0.0,121.19,121.19,120.98200000000001,121.18491987408089,121.13239145320675,120.86050279042755,0.0,0.0,0.0036836079372170837,0.0,0.0,0.0,0.0,2.0900000000000034,0.017548278757346797,121.19,121.19,121.19,121.19,120.15,121.19,,,1.0,0,12,18,121.19,0.0,SAME,1.0
DWAL,2023-12-19,121.19,121.19,121.19,121.19,121.19,120.15,0.0,0.0,0.0,0.0,0.0,0.0,0.0,0.0,121.19,121.19,121.08599999999998,121.18745993704044,121.15159430213784,120.92041137398617,0.0,0.0,0.0027372191149148592,0.0,0.0,0.0,0.0,1.039999999999992,0.008655846858093983,121.19,121.19,121.19,121.19,120.15,121.19,,,1.0,1,12,19,121.19,0.0,SAME,1.0
DWAL,2023-12-20,121.19,121.19,121.19,121.19,121.19,120.15,0.0,0.0,0.0,0.0,0.0,0.0,0.0,0.0,121.19,121.19,121.19,121.18872996852022,121.16439620142523,120.96942748780685,0.0,0.0,0.0027372191149148592,0.0,0.0,0.0,0.0,1.039999999999992,0.008655846858093983,121.19,121.19,121.19,121.19,121.19,121.19,,,,2,12,20,121.19,0.0,SAME,1.0
DWAL,2023-12-21,121.19,121.19,121.19,121.19,121.19,121.19,0.0,0.0,0.0,0.0,0.0,0.0,0.0,0.0,121.19,121.19,121.19,121.18936498426011,121.17293080095016,121.00953158093287,0.0,0.0,0.0,0.0,0.0,0.0,0.0,0.0,0.0,121.19,121.19,121.19,121.19,121.19,121.19,,,,3,12,21,121.19,0.0,SAME,1.0
DWAL,2023-12-22,121.19,121.19,121.19,121.19,121.19,121.19,0.0,0.0,0.0,0.0,0.0,0.0,0.0,0.0,121.19,121.19,121.19,121.18968249213006,121.17862053396678,121.04234402076325,0.0,0.0,0.0,0.0,0.0,0.0,0.0,0.0,0.0,121.19,121.19,121.19,121.19,121.19,121.19,,,,4,12,22,121.19,0.0,SAME,1.0
DWAL,2023-12-25,121.19,121.19,121.19,121.19,121.19,121.19,0.0,0.0,0.0,0.0,0.0,0.0,0.0,0.0,121.19,121.19,121.19,121.18984124606503,121.18241368931119,121.06919056244266,0.0,0.0,0.0,0.0,0.0,0.0,0.0,0.0,0.0,121.19,121.19,121.19,121.19,121.19,121.19,,,,0,12,25,121.19,0.0,SAME,1.0
DWAL,2023-12-26,121.19,121.19,121.19,121.19,121.19,121.19,0.0,0.0,0.0,0.0,0.0,0.0,0.0,0.0,121.19,121.19,121.19,121.18992062303252,121.18494245954079,121.0911559147258,0.0,0.0,0.0,0.0,0.0,0.0,0.0,0.0,0.0,121.19,121.19,121.19,121.19,121.19,121.19,,,,1,12,26,121.19,0.0,SAME,1.0
DWAL,2023-12-27,121.19,121.19,121.19,121.19,121.19,121.19,0.0,0.0,0.0,0.0,0.0,0.0,0.0,0.0,121.19,121.19,121.19,121.18996031151626,121.18662830636053,121.10912756659383,0.0,0.0,0.0,0.0,0.0,0.0,0.0,0.0,0.0,121.19,121.19,121.19,121.19,121.19,121.19,,,,2,12,27,121.19,0.0,SAME,1.0
DWAL,2023-12-28,121.19,121.19,121.19,121.19,121.19,121.19,0.0,0.0,0.0,0.0,0.0,0.0,0.0,0.0,121.19,121.19,121.19,121.18998015575812,121.18775220424035,121.12383164539494,0.0,0.0,0.0,0.0,0.0,0.0,0.0,0.0,0.0,121.19,121.19,121.19,121.19,121.19,121.19,,,,3,12,28,121.19,0.0,SAME,1.0
DWAL,2023-12-29,121.19,121.19,121.19,121.19,121.19,121.19,0.0,0.0,0.0,0.0,0.0,0.0,0.0,0.0,121.19,121.19,121.19,121.18999007787906,121.18850146949357,121.13586225532312,0.0,0.0,0.0,0.0,0.0,0.0,0.0,0.0,0.0,121.19,121.19,121.19,121.19,121.19,121.19,,,,4,12,29,121.19,0.0,SAME,1.0
DWAL,2024-01-01,121.19,121.19,121.19,121.19,121.19,121.19,0.0,0.0,0.0,0.0,0.0,0.0,0.0,0.0,121.19,121.19,121.19,121.18999503893953,121.18900097966238,121.145705481628,0.0,0.0,0.0,0.0,0.0,0.0,0.0,0.0,0.0,121.19,121.19,121.19,121.19,121.19,121.19,,,,0,1,1,121.19,0.0,SAME,1.0
DWAL,2024-01-03,121.19,121.19,121.19,121.19,121.19,121.19,0.0,0.0,0.0,0.0,0.0,0.0,0.0,0.0,121.19,121.19,121.19,121.18999751946976,121.1893339864416,121.1537590304229,0.0,0.0,0.0,0.0,0.0,0.0,0.0,0.0,0.0,121.19,121.19,121.19,121.19,121.19,121.19,,,,2,1,3,121.19,0.0,SAME,1.0
DWAL,2024-01-04,121.19,121.19,121.19,121.19,121.19,121.19,0.0,0.0,0.0,0.0,0.0,0.0,0.0,0.0,121.19,121.19,121.19,121.18999875973488,121.18955599096107,121.16034829761873,0.0,0.0,0.0,0.0,0.0,0.0,0.0,0.0,0.0,121.19,121.19,121.19,121.19,121.19,121.19,,,,3,1,4,120.0,-1.1899999999999977,DOWN,0.0
DWAL,2024-01-05,120.0,121.19,121.19,121.19,121.19,121.19,-1.1899999999999977,-1.1899999999999977,-1.1899999999999977,-0.00981929202079379,-0.00981929202079379,-0.00981929202079379,-0.009867819198350029,-0.009867819198350029,120.79333333333334,120.952,121.071,120.59499937986743,120.79303732730739,120.94937587986985,0.005669170891435344,0.004391320889884434,0.0031051327795990086,-1.1899999999999977,-0.009819292020793777,-1.1899999999999977,-0.009819292020793777,-1.1899999999999977,-0.009819292020793777,120.0,121.19,120.0,121.19,120.0,121.19,0.0,0.0,0.0,4,1,5,120.0,0.0,SAME,1.0
DWAL,2024-01-08,120.0,120.0,121.19,121.19,121.19,121.19,0.0,-1.1899999999999977,-1.1899999999999977,0.0,-0.00981929202079379,-0.00981929202079379,0.0,-0.009867819198350029,120.39666666666666,120.71400000000001,120.952,120.29749968993372,120.52869155153827,120.77676208352986,0.005669170891435344,0.004391320889884434,0.0031051327795990086,-1.1899999999999977,-0.009819292020793777,-1.1899999999999977,-0.009819292020793777,-1.1899999999999977,-0.009819292020793777,120.0,121.19,120.0,121.19,120.0,121.19,0.0,0.0,0.0,0,1,8,120.0,0.0,SAME,1.0
DWAL,2024-01-10,120.0,120.0,120.0,121.19,121.19,121.19,0.0,0.0,-1.1899999999999977,0.0,0.0,-0.00981929202079379,0.0,0.0,120.0,120.476,120.83300000000001,120.14874984496686,120.35246103435885,120.63553261379715,0.005669170891435344,0.004391320889884434,0.0031051327795990086,-1.1899999999999977,-0.009819292020793777,-1.1899999999999977,-0.009819292020793777,-1.1899999999999977,-0.009819292020793777,120.0,120.0,120.0,121.19,120.0,121.19,,0.0,0.0,2,1,10,120.0,0.0,SAME,1.0
DWAL,2024-01-11,120.0,120.0,120.0,120.0,121.19,121.19,0.0,0.0,0.0,0.0,0.0,0.0,0.0,0.0,120.0,120.23800000000001,120.71400000000001,120.07437492248343,120.23497402290592,120.5199812294704,0.0,0.004391320889884434,0.0031051327795990086,0.0,0.0,-1.1899999999999977,-0.009819292020793777,-1.1899999999999977,-0.009819292020793777,120.0,120.0,120.0,121.19,120.0,121.19,,0.0,0.0,3,1,11,120.0,0.0,SAME,1.0
DWAL,2024-01-15,120.0,120.0,120.0,120.0,121.19,121.19,0.0,0.0,0.0,0.0,0.0,0.0,0.0,0.0,120.0,120.0,120.595,120.03718746124171,120.15664934860395,120.42543918774851,0.0,0.004391320889884434,0.0031051327795990086,0.0,0.0,-1.1899999999999977,-0.009819292020793777,-1.1899999999999977,-0.009819292020793777,120.0,120.0,120.0,120.0,120.0,121.19,,,0.0,0,1,15,120.0,0.0,SAME,1.0
DWAL,2024-01-16,120.0,120.0,120.0,120.0,120.0,121.19,0.0,0.0,0.0,0.0,0.0,0.0,0.0,0.0,120.0,120.0,120.476,120.01859373062086,120.10443289906931,120.34808660815787,0.0,0.0,0.0031051327795990086,0.0,0.0,0.0,0.0,-1.1899999999999977,-0.009819292020793777,120.0,120.0,120.0,120.0,120.0,121.19,,,0.0,1,1,16,120.0,0.0,SAME,1.0
DWAL,2024-01-17,120.0,120.0,120.0,120.0,120.0,121.19,0.0,0.0,0.0,0.0,0.0,0.0,0.0,0.0,120.0,120.0,120.35700000000001,120.00929686531043,120.06962193271288,120.28479813394733,0.0,0.0,0.0031051327795990086,0.0,0.0,0.0,0.0,-1.1899999999999977,-0.009819292020793777,120.0,120.0,120.0,120.0,120.0,121.19,,,0.0,2,1,17,120.0,0.0,SAME,1.0
DWAL,2024-01-18,120.0,120.0,120.0,120.0,120.0,121.19,0.0,0.0,0.0,0.0,0.0,0.0,0.0,0.0,120.0,120.0,120.23800000000001,120.00464843265522,120.0464146218086,120.2330166550478,0.0,0.0,0.0031051327795990086,0.0,0.0,0.0,0.0,-1.1899999999999977,-0.009819292020793777,120.0,120.0,120.0,120.0,120.0,121.19,,,0.0,3,1,18,120.0,0.0,SAME,1.0
DWAL,2024-01-19,120.0,120.0,120.0,120.0,120.0,121.19,0.0,0.0,0.0,0.0,0.0,0.0,0.0,0.0,120.0,120.0,120.119,120.00232421632761,120.03094308120573,120.19064999049365,0.0,0.0,0.0031051327795990086,0.0,0.0,0.0,0.0,-1.1899999999999977,-0.009819292020793777,120.0,120.0,120.0,120.0,120.0,121.19,,,0.0,4,1,19,120.0,0.0,SAME,1.0
DWAL,2024-01-22,120.0,120.0,120.0,120.0,120.0,121.19,0.0,0.0,0.0,0.0,0.0,0.0,0.0,0.0,120.0,120.0,120.0,120.00116210816381,120.02062872080383,120.15598635585843,0.0,0.0,0.0031051327795990086,0.0,0.0,0.0,0.0,-1.1899999999999977,-0.009819292020793777,120.0,120.0,120.0,120.0,120.0,120.0,,,,0,1,22,120.0,0.0,SAME,1.0
DWAL,2024-01-23,120.0,120.0,120.0,120.0,120.0,120.0,0.0,0.0,0.0,0.0,0.0,0.0,0.0,0.0,120.0,120.0,120.0,120.0005810540819,120.0137524805359,120.12762520024779,0.0,0.0,0.0,0.0,0.0,0.0,0.0,0.0,0.0,120.0,120.0,120.0,120.0,120.0,120.0,,,,1,1,23,120.0,0.0,SAME,1.0
DWAL,2024-01-24,120.0,120.0,120.0,120.0,120.0,120.0,0.0,0.0,0.0,0.0,0.0,0.0,0.0,0.0,120.0,120.0,120.0,120.00029052704096,120.00916832035728,120.10442061838455,0.0,0.0,0.0,0.0,0.0,0.0,0.0,0.0,0.0,120.0,120.0,120.0,120.0,120.0,120.0,,,,2,1,24,120.0,0.0,SAME,1.0
DWAL,2024-01-25,120.0,120.0,120.0,120.0,120.0,120.0,0.0,0.0,0.0,0.0,0.0,0.0,0.0,0.0,120.0,120.0,120.0,120.00014526352048,120.00611221357153,120.08543505140554,0.0,0.0,0.0,0.0,0.0,0.0,0.0,0.0,0.0,120.0,120.0,120.0,120.0,120.0,120.0,,,,3,1,25,120.0,0.0,SAME,1.0
DWAL,2024-01-26,120.0,120.0,120.0,120.0,120.0,120.0,0.0,0.0,0.0,0.0,0.0,0.0,0.0,0.0,120.0,120.0,120.0,120.00007263176025,120.0040748090477,120.06990140569545,0.0,0.0,0.0,0.0,0.0,0.0,0.0,0.0,0.0,120.0,120.0,120.0,120.0,120.0,120.0,,,,4,1,26,120.0,0.0,SAME,1.0
DWAL,2024-01-29,120.0,120.0,120.0,120.0,120.0,120.0,0.0,0.0,0.0,0.0,0.0,0.0,0.0,0.0,120.0,120.0,120.0,120.00003631588012,120.00271653936514,120.05719205920536,0.0,0.0,0.0,0.0,0.0,0.0,0.0,0.0,0.0,120.0,120.0,120.0,120.0,120.0,120.0,,,,0,1,29,120.0,0.0,SAME,1.0
DWAL,2024-01-30,120.0,120.0,120.0,120.0,120.0,120.0,0.0,0.0,0.0,0.0,0.0,0.0,0.0,0.0,120.0,120.0,120.0,120.00001815794006,120.00181102624343,120.04679350298619,0.0,0.0,0.0,0.0,0.0,0.0,0.0,0.0,0.0,120.0,120.0,120.0,120.0,120.0,120.0,,,,1,1,30,120.0,0.0,SAME,1.0
DWAL,2024-01-31,120.0,120.0,120.0,120.0,120.0,120.0,0.0,0.0,0.0,0.0,0.0,0.0,0.0,0.0,120.0,120.0,120.0,120.00000907897004,120.00120735082896,120.03828559335233,0.0,0.0,0.0,0.0,0.0,0.0,0.0,0.0,0.0,120.0,120.0,120.0,120.0,120.0,120.0,,,,2,1,31,120.0,0.0,SAME,1.0
DWAL,2024-02-01,120.0,120.0,120.0,120.0,120.0,120.0,0.0,0.0,0.0,0.0,0.0,0.0,0.0,0.0,120.0,120.0,120.0,120.00000453948502,120.00080490055265,120.03132457637918,0.0,0.0,0.0,0.0,0.0,0.0,0.0,0.0,0.0,120.0,120.0,120.0,120.0,120.0,120.0,,,,3,2,1,120.0,0.0,SAME,1.0
DWAL,2024-02-02,120.0,120.0,120.0,120.0,120.0,120.0,0.0,0.0,0.0,0.0,0.0,0.0,0.0,0.0,120.0,120.0,120.0,120.00000226974251,120.00053660036845,120.02562919885568,0.0,0.0,0.0,0.0,0.0,0.0,0.0,0.0,0.0,120.0,120.0,120.0,120.0,120.0,120.0,,,,4,2,2,120.0,0.0,SAME,1.0
DWAL,2024-02-05,120.0,120.0,120.0,120.0,120.0,120.0,0.0,0.0,0.0,0.0,0.0,0.0,0.0,0.0,120.0,120.0,120.0,120.00000113487125,120.00035773357898,120.02096934451828,0.0,0.0,0.0,0.0,0.0,0.0,0.0,0.0,0.0,120.0,120.0,120.0,120.0,120.0,120.0,,,,0,2,5,120.0,0.0,SAME,1.0
DWAL,2024-02-06,120.0,120.0,120.0,120.0,120.0,120.0,0.0,0.0,0.0,0.0,0.0,0.0,0.0,0.0,120.0,120.0,120.0,120.00000056743562,120.00023848905266,120.01715673642403,0.0,0.0,0.0,0.0,0.0,0.0,0.0,0.0,0.0,120.0,120.0,120.0,120.0,120.0,120.0,,,,1,2,6,120.0,0.0,SAME,1.0
DWAL,2024-02-07,120.0,120.0,120.0,120.0,120.0,120.0,0.0,0.0,0.0,0.0,0.0,0.0,0.0,0.0,120.0,120.0,120.0,120.00000028371781,120.00015899270178,120.01403732980148,0.0,0.0,0.0,0.0,0.0,0.0,0.0,0.0,0.0,120.0,120.0,120.0,120.0,120.0,120.0,,,,2,2,7,120.0,0.0,SAME,1.0
DWAL,2024-02-08,120.0,120.0,120.0,120.0,120.0,120.0,0.0,0.0,0.0,0.0,0.0,0.0,0.0,0.0,120.0,120.0,120.0,120.0000001418589,120.00010599513453,120.01148508801938,0.0,0.0,0.0,0.0,0.0,0.0,0.0,0.0,0.0,120.0,120.0,120.0,120.0,120.0,120.0,,,,3,2,8,120.0,0.0,SAME,1.0
DWAL,2024-02-09,120.0,120.0,120.0,120.0,120.0,120.0,0.0,0.0,0.0,0.0,0.0,0.0,0.0,0.0,120.0,120.0,120.0,120.00000007092945,120.00007066342303,120.00939689019768,0.0,0.0,0.0,0.0,0.0,0.0,0.0,0.0,0.0,120.0,120.0,120.0,120.0,120.0,120.0,,,,4,2,9,120.0,0.0,SAME,1.0
DWAL,2024-02-12,120.0,120.0,120.0,120.0,120.0,120.0,0.0,0.0,0.0,0.0,0.0,0.0,0.0,0.0,120.0,120.0,120.0,120.00000003546472,120.00004710894869,120.00768836470718,0.0,0.0,0.0,0.0,0.0,0.0,0.0,0.0,0.0,120.0,120.0,120.0,120.0,120.0,120.0,,,,0,2,12,120.0,0.0,SAME,1.0
DWAL,2024-02-13,120.0,120.0,120.0,120.0,120.0,120.0,0.0,0.0,0.0,0.0,0.0,0.0,0.0,0.0,120.0,120.0,120.0,120.00000001773236,120.0000314059658,120.00629048021497,0.0,0.0,0.0,0.0,0.0,0.0,0.0,0.0,0.0,120.0,120.0,120.0,120.0,120.0,120.0,,,,1,2,13,120.0,0.0,SAME,1.0
DWAL,2024-02-14,120.0,120.0,120.0,120.0,120.0,120.0,0.0,0.0,0.0,0.0,0.0,0.0,0.0,0.0,120.0,120.0,120.0,120.00000000886618,120.00002093731054,120.00514675653952,0.0,0.0,0.0,0.0,0.0,0.0,0.0,0.0,0.0,120.0,120.0,120.0,120.0,120.0,120.0,,,,2,2,14,120.0,0.0,SAME,1.0
DWAL,2024-02-15,120.0,120.0,120.0,120.0,120.0,120.0,0.0,0.0,0.0,0.0,0.0,0.0,0.0,0.0,120.0,120.0,120.0,120.00000000443309,120.00001395820703,120.00421098262325,0.0,0.0,0.0,0.0,0.0,0.0,0.0,0.0,0.0,120.0,120.0,120.0,120.0,120.0,120.0,,,,3,2,15,120.03,0.030000000000001137,UP,2.0
DWAL,2024-02-16,120.03,120.0,120.0,120.0,120.0,120.0,0.030000000000001137,0.030000000000001137,0.030000000000001137,0.0002500000000000835,0.0002500000000000835,0.0002500000000000835,0.0002499687552074404,0.0002499687552074404,120.00999999999999,120.006,120.003,120.01500000221654,120.01000930547136,120.00889989487357,0.00014433756645158748,0.00011180339892178181,7.90569413638164e-05,0.030000000000001137,0.0002500000000000095,0.030000000000001137,0.0002500000000000095,0.030000000000001137,0.0002500000000000095,120.0,120.03,120.0,120.03,120.0,120.03,1.0,1.0,1.0,4,2,16,120.03,0.0,SAME,1.0
DWAL,2024-02-19,120.03,120.03,120.0,120.0,120.0,120.0,0.0,0.030000000000001137,0.030000000000001137,0.0,0.0002500000000000835,0.0002500000000000835,0.0,0.0002499687552074404,120.02,120.01200000000001,120.006,120.02250000110827,120.01667287031424,120.01273627762382,0.00014433756645158748,0.00011180339892178181,7.90569413638164e-05,0.030000000000001137,0.0002500000000000095,0.030000000000001137,0.0002500000000000095,0.030000000000001137,0.0002500000000000095,120.0,120.03,120.0,120.03,120.0,120.03,1.0,1.0,1.0,0,2,19,130.01,9.97999999999999,UP,2.0
DWAL,2024-02-20,130.01,120.03,120.03,120.0,120.0,120.0,9.97999999999999,9.97999999999999,10.009999999999991,0.0831458801966174,0.0831458801966174,0.0834166666666667,0.07986965903682387,0.07986965903682387,123.35666666666667,122.01399999999998,121.00699999999999,125.01625000055412,123.34778191354283,121.83042059078312,0.047932290520484366,0.037156174880215324,0.026284369267881528,10.009999999999991,0.0834166666666666,10.009999999999991,0.0834166666666666,10.009999999999991,0.0834166666666666,120.03,130.01,120.0,130.01,120.0,130.01,1.0,1.0,1.0,1,2,20,130.01,0.0,SAME,1.0
DWAL,2024-02-26,130.01,130.01,120.03,120.03,120.0,120.0,0.0,9.97999999999999,9.97999999999999,0.0,0.0831458801966174,0.0831458801966174,0.0,0.07986965903682387,126.68333333333334,124.01599999999999,122.008,127.51312500027706,125.56852127569522,123.31761684700436,0.04800429631352284,0.037156174880215324,0.026284369267881528,9.97999999999999,0.08314588019661742,10.009999999999991,0.0834166666666666,10.009999999999991,0.0834166666666666,120.03,130.01,120.0,130.01,120.0,130.01,1.0,1.0,1.0,0,2,26,130.01,0.0,SAME,1.0
DWAL,2024-02-27,130.01,130.01,130.01,120.03,120.0,120.0,0.0,0.0,9.97999999999999,0.0,0.0,0.0831458801966174,0.0,0.0,130.01,126.01799999999999,123.00899999999999,128.76156250013852,127.04901418379681,124.53441378391265,0.04800429631352284,0.037156174880215324,0.026284369267881528,9.97999999999999,0.08314588019661742,10.009999999999991,0.0834166666666666,10.009999999999991,0.0834166666666666,130.01,130.01,120.03,130.01,120.0,130.01,,1.0,1.0,1,2,27,130.01,0.0,SAME,1.0
DWAL,2024-02-28,130.01,130.01,130.01,130.01,120.03,120.0,0.0,0.0,0.0,0.0,0.0,0.0,0.0,0.0,130.01,128.01399999999998,124.00999999999999,129.38578125006927,128.03600945586453,125.52997491411035,0.0,0.03718396803373815,0.026284369267881528,0.0,0.0,9.97999999999999,0.08314588019661742,10.009999999999991,0.0834166666666666,130.01,130.01,120.03,130.01,120.0,130.01,,1.0,1.0,2,2,28,130.01,0.0,SAME,1.0
DWAL,2024-02-29,130.01,130.01,130.01,130.01,120.03,120.0,0.0,0.0,0.0,0.0,0.0,0.0,0.0,0.0,130.01,130.01,125.011,129.69789062503463,128.6940063039097,126.34452492972665,0.0,0.03718396803373815,0.026284369267881528,0.0,0.0,9.97999999999999,0.08314588019661742,10.009999999999991,0.0834166666666666,130.01,130.01,130.01,130.01,120.0,130.01,,,1.0,3,2,29,130.01,0.0,SAME,1.0
DWAL,2024-03-01,130.01,130.01,130.01,130.01,130.01,120.0,0.0,0.0,0.0,0.0,0.0,0.0,0.0,0.0,130.01,130.01,126.01199999999999,129.8539453125173,129.13267086927314,127.01097494250361,0.0,0.0,0.026284369267881528,0.0,0.0,0.0,0.0,10.009999999999991,0.0834166666666666,130.01,130.01,130.01,130.01,120.0,130.01,,,1.0,4,3,1,130.01,0.0,SAME,1.0
DWAL,2024-03-04,130.01,130.01,130.01,130.01,130.01,120.0,0.0,0.0,0.0,0.0,0.0,0.0,0.0,0.0,130.01,130.01,127.01299999999999,129.93197265625867,129.42511391284876,127.55625222568476,0.0,0.0,0.026284369267881528,0.0,0.0,0.0,0.0,10.009999999999991,0.0834166666666666,130.01,130.01,130.01,130.01,120.0,130.01,,,1.0,0,3,4,130.01,0.0,SAME,1.0
DWAL,2024-03-05,130.01,130.01,130.01,130.01,130.01,120.0,0.0,0.0,0.0,0.0,0.0,0.0,0.0,0.0,130.01,130.01,128.01399999999998,129.97098632812933,129.6200759418992,128.00238818465115,0.0,0.0,0.026284369267881528,0.0,0.0,0.0,0.0,10.009999999999991,0.0834166666666666,130.01,130.01,130.01,130.01,120.03,130.01,,,1.0,1,3,5,130.0,-0.009999999999990905,DOWN,0.0
DWAL,2024-03-06,130.0,130.01,130.01,130.01,130.01,120.03,-0.009999999999990905,-0.009999999999990905,-0.009999999999990905,-7.691716021840378e-05,-7.691716021840378e-05,-7.691716021840378e-05,-7.69201184948676e-05,-7.69201184948676e-05,130.00666666666666,130.00799999999998,129.011,129.98549316406468,129.74671729459948,128.36559033289637,4.440814040836739e-05,3.4398399931366295e-05,0.026295749652167754,-0.009999999999990905,-7.691716021837479e-05,-0.009999999999990905,-7.691716021837479e-05,9.969999999999999,0.08306256769141047,130.0,130.01,130.0,130.01,120.03,130.01,0.0,0.0,0.9989979959919849,2,3,6,130.0,0.0,SAME,1.0
DWAL,2024-03-07,130.0,130.0,130.01,130.01,130.01,120.03,0.0,-0.009999999999990905,-0.009999999999990905,0.0,-7.691716021840378e-05,-7.691716021840378e-05,0.0,-7.69201184948676e-05,130.00333333333333,130.006,130.00799999999998,129.99274658203234,129.83114486306633,128.6627557269152,4.440814040836739e-05,3.4398399931366295e-05,0.026295749652167754,-0.009999999999990905,-7.691716021837479e-05,-0.009999999999990905,-7.691716021837479e-05,9.969999999999999,0.08306256769141047,130.0,130.01,130.0,130.01,130.0,130.01,0.0,0.0,0.0,3,3,7,130.0,0.0,SAME,1.0
DWAL,2024-03-08,130.0,130.0,130.0,130.01,130.01,130.01,0.0,0.0,-0.009999999999990905,0.0,0.0,-7.691716021840378e-05,0.0,0.0,130.0,130.004,130.007,129.99637329101617,129.88742990871089,128.90589104929424,4.440814040836739e-05,3.4398399931366295e-05,2.43233412868164e-05,-0.009999999999990905,-7.691716021837479e-05,-0.009999999999990905,-7.691716021837479e-05,-0.009999999999990905,-7.691716021837479e-05,130.0,130.0,130.0,130.01,130.0,130.01,,0.0,0.0,4,3,8,130.0,0.0,SAME,1.0
DWAL,2024-03-11,130.0,130.0,130.0,130.0,130.01,130.01,0.0,0.0,0.0,0.0,0.0,0.0,0.0,0.0,130.0,130.002,130.006,129.9981866455081,129.92495327247394,129.10481994942256,0.0,3.4398399931366295e-05,2.43233412868164e-05,0.0,0.0,-0.009999999999990905,-7.691716021837479e-05,-0.009999999999990905,-7.691716021837479e-05,130.0,130.0,130.0,130.01,130.0,130.01,,0.0,0.0,0,3,11,130.0,0.0,SAME,1.0
DWAL,2024-03-12,130.0,130.0,130.0,130.0,130.01,130.01,0.0,0.0,0.0,0.0,0.0,0.0,0.0,0.0,130.0,130.0,130.005,129.99909332275405,129.94996884831596,129.26757995861846,0.0,3.4398399931366295e-05,2.43233412868164e-05,0.0,0.0,-0.009999999999990905,-7.691716021837479e-05,-0.009999999999990905,-7.691716021837479e-05,130.0,130.0,130.0,130.0,130.0,130.01,,,0.0,1,3,12,130.0,0.0,SAME,1.0
DWAL,2024-03-13,130.0,130.0,130.0,130.0,130.0,130.01,0.0,0.0,0.0,0.0,0.0,0.0,0.0,0.0,130.0,130.0,130.004,129.99954666137702,129.96664589887732,129.40074723886963,0.0,0.0,2.43233412868164e-05,0.0,0.0,0.0,0.0,-0.009999999999990905,-7.691716021837479e-05,130.0,130.0,130.0,130.0,130.0,130.01,,,0.0,2,3,13,130.0,0.0,SAME,1.0
DWAL,2024-03-14,130.0,130.0,130.0,130.0,130.0,130.01,0.0,0.0,0.0,0.0,0.0,0.0,0.0,0.0,130.0,130.0,130.003,129.99977333068853,129.97776393258488,129.50970228634787,0.0,0.0,2.43233412868164e-05,0.0,0.0,0.0,0.0,-0.009999999999990905,-7.691716021837479e-05,130.0,130.0,130.0,130.0,130.0,130.01,,,0.0,3,3,14,130.0,0.0,SAME,1.0
DWAL,2024-03-15,130.0,130.0,130.0,130.0,130.0,130.01,0.0,0.0,0.0,0.0,0.0,0.0,0.0,0.0,130.0,130.0,130.002,129.99988666534426,129.9851759550566,129.5988473251937,0.0,0.0,2.43233412868164e-05,0.0,0.0,0.0,0.0,-0.009999999999990905,-7.691716021837479e-05,130.0,130.0,130.0,130.0,130.0,130.01,,,0.0,4,3,15,130.0,0.0,SAME,1.0
DWAL,2024-03-18,130.0,130.0,130.0,130.0,130.0,130.01,0.0,0.0,0.0,0.0,0.0,0.0,0.0,0.0,130.0,130.0,130.001,129.99994333267213,129.99011730337108,129.67178417515848,0.0,0.0,2.43233412868164e-05,0.0,0.0,0.0,0.0,-0.009999999999990905,-7.691716021837479e-05,130.0,130.0,130.0,130.0,130.0,130.01,,,0.0,0,3,18,130.0,0.0,SAME,1.0
DWAL,2024-03-19,130.0,130.0,130.0,130.0,130.0,130.01,0.0,0.0,0.0,0.0,0.0,0.0,0.0,0.0,130.0,130.0,130.0,129.99997166633608,129.99341153558072,129.7314597796751,0.0,0.0,2.43233412868164e-05,0.0,0.0,0.0,0.0,-0.009999999999990905,-7.691716021837479e-05,130.0,130.0,130.0,130.0,130.0,130.0,,,,1,3,19,130.0,0.0,SAME,1.0
DWAL,2024-03-20,130.0,130.0,130.0,130.0,130.0,130.0,0.0,0.0,0.0,0.0,0.0,0.0,0.0,0.0,130.0,130.0,130.0,129.99998583316804,129.99560769038715,129.78028527427963,0.0,0.0,0.0,0.0,0.0,0.0,0.0,0.0,0.0,130.0,130.0,130.0,130.0,130.0,130.0,,,,2,3,20,130.0,0.0,SAME,1.0
DWAL,2024-03-21,130.0,130.0,130.0,130.0,130.0,130.0,0.0,0.0,0.0,0.0,0.0,0.0,0.0,0.0,130.0,130.0,130.0,129.999992916584,129.99707179359143,129.8202334062288,0.0,0.0,0.0,0.0,0.0,0.0,0.0,0.0,0.0,130.0,130.0,130.0,130.0,130.0,130.0,,,,3,3,21,134.91,4.909999999999997,UP,2.0
DWAL,2024-03-22,134.91,130.0,130.0,130.0,130.0,130.0,4.909999999999997,4.909999999999997,4.909999999999997,0.03776923076923078,0.03776923076923078,0.03776923076923078,0.03707343899514331,0.03707343899514331,131.63666666666666,130.982,130.49099999999999,132.454996458292,131.63471452906094,130.74564551418717,0.021806075551694844,0.01689091349157565,0.011943679470327333,4.909999999999997,0.03776923076923074,4.909999999999997,0.03776923076923074,4.909999999999997,0.03776923076923074,130.0,134.91,130.0,134.91,130.0,134.91,1.0,1.0,1.0,4,3,22,134.91,0.0,SAME,1.0
DWAL,2024-03-25,134.91,134.91,130.0,130.0,130.0,130.0,0.0,4.909999999999997,4.909999999999997,0.0,0.03776923076923078,0.03776923076923078,0.0,0.03707343899514331,133.27333333333334,131.964,130.982,133.682498229146,132.72647635270732,131.50280087524405,0.021806075551694844,0.01689091349157565,0.011943679470327333,4.909999999999997,0.03776923076923074,4.909999999999997,0.03776923076923074,4.909999999999997,0.03776923076923074,130.0,134.91,130.0,134.91,130.0,134.91,1.0,1.0,1.0,0,3,25,134.91,0.0,SAME,1.0
DWAL,2024-03-26,134.91,134.91,134.91,130.0,130.0,130.0,0.0,0.0,4.909999999999997,0.0,0.0,0.03776923076923078,0.0,0.0,134.91,132.946,131.473,134.29624911457302,133.45431756847154,132.12229162519967,0.021806075551694844,0.01689091349157565,0.011943679470327333,4.909999999999997,0.03776923076923074,4.909999999999997,0.03776923076923074,4.909999999999997,0.03776923076923074,134.91,134.91,130.0,134.91,130.0,134.91,,1.0,1.0,1,3,26,134.91,0.0,SAME,1.0
DWAL,2024-03-27,134.91,134.91,134.91,134.91,130.0,130.0,0.0,0.0,0.0,0.0,0.0,0.0,0.0,0.0,134.91,133.928,131.964,134.6031245572865,133.93954504564772,132.62914769334517,0.0,0.01689091349157565,0.011943679470327333,0.0,0.0,4.909999999999997,0.03776923076923074,4.909999999999997,0.03776923076923074,134.91,134.91,130.0,134.91,130.0,134.91,,1.0,1.0,2,3,27,134.91,0.0,SAME,1.0
DWAL,2024-03-28,134.91,134.91,134.91,134.91,130.0,130.0,0.0,0.0,0.0,0.0,0.0,0.0,0.0,0.0,134.91,134.91,132.45499999999998,134.75656227864323,134.26303003043182,133.04384811273695,0.0,0.01689091349157565,0.011943679470327333,0.0,0.0,4.909999999999997,0.03776923076923074,4.909999999999997,0.03776923076923074,134.91,134.91,134.91,134.91,130.0,134.91,,,1.0,3,3,28,134.91,0.0,SAME,1.0
DWAL,2024-03-29,134.91,134.91,134.91,134.91,134.91,130.0,0.0,0.0,0.0,0.0,0.0,0.0,0.0,0.0,134.91,134.91,132.946,134.83328113932163,134.47868668695457,133.38314845587567,0.0,0.0,0.011943679470327333,0.0,0.0,0.0,0.0,4.909999999999997,0.03776923076923074,134.91,134.91,134.91,134.91,130.0,134.91,,,1.0,4,3,29,134.91,0.0,SAME,1.0
DWAL,2024-04-01,134.91,134.91,134.91,134.91,134.91,130.0,0.0,0.0,0.0,0.0,0.0,0.0,0.0,0.0,134.91,134.91,133.43699999999998,134.87164056966083,134.62245779130308,133.66075782753464,0.0,0.0,0.011943679470327333,0.0,0.0,0.0,0.0,4.909999999999997,0.03776923076923074,134.91,134.91,134.91,134.91,130.0,134.91,,,1.0,0,4,1,134.91,0.0,SAME,1.0
DWAL,2024-04-02,134.91,134.91,134.91,134.91,134.91,130.0,0.0,0.0,0.0,0.0,0.0,0.0,0.0,0.0,134.91,134.91,133.928,134.8908202848304,134.71830519420206,133.88789276798286,0.0,0.0,0.011943679470327333,0.0,0.0,0.0,0.0,4.909999999999997,0.03776923076923074,134.91,134.91,134.91,134.91,130.0,134.91,,,1.0,1,4,2,149.93,15.02000000000001,UP,2.0
DWAL,2024-04-03,149.93,134.91,134.91,134.91,134.91,130.0,15.02000000000001,15.02000000000001,15.02000000000001,0.11133348158031287,0.11133348158031287,0.11133348158031287,0.10556062905608612,0.10556062905608612,139.91666666666666,137.914,135.921,142.4104101424152,139.78887012946805,136.80463953744052,0.06427841556020994,0.04978984659706016,0.03589877285227634,15.02000000000001,0.11133348158031288,15.02000000000001,0.11133348158031288,19.930000000000007,0.15330769230769237,134.91,149.93,134.91,149.93,130.0,149.93,1.0,1.0,1.0,2,4,3,149.93,0.0,SAME,1.0
DWAL,2024-04-04,149.93,149.93,134.91,134.91,134.91,130.0,0.0,15.02000000000001,15.02000000000001,0.0,0.11133348158031287,0.11133348158031287,0.0,0.10556062905608612,144.92333333333335,140.918,137.914,146.1702050712076,143.16924675297872,139.19106871245134,0.06427841556020994,0.04978984659706016,0.03589877285227634,15.02000000000001,0.11133348158031288,15.02000000000001,0.11133348158031288,19.930000000000007,0.15330769230769237,134.91,149.93,134.91,149.93,134.91,149.93,1.0,1.0,1.0,3,4,4,149.93,0.0,SAME,1.0
DWAL,2024-04-05,149.93,149.93,149.93,134.91,134.91,134.91,0.0,0.0,15.02000000000001,0.0,0.0,0.11133348158031287,0.0,0.0,149.93,143.92200000000003,139.416,148.0501025356038,145.4228311686525,141.1436016738238,0.06427841556020994,0.04978984659706016,0.035206738163018794,15.02000000000001,0.11133348158031288,15.02000000000001,0.11133348158031288,15.02000000000001,0.11133348158031288,149.93,149.93,134.91,149.93,134.91,149.93,,1.0,1.0,4,4,5,149.93,0.0,SAME,1.0
DWAL,2024-04-08,149.93,149.93,149.93,149.93,134.91,134.91,0.0,0.0,0.0,0.0,0.0,0.0,0.0,0.0,149.93,146.926,140.918,148.9900512678019,146.92522077910166,142.74112864221948,0.0,0.04978984659706016,0.035206738163018794,0.0,0.0,15.02000000000001,0.11133348158031288,15.02000000000001,0.11133348158031288,149.93,149.93,134.91,149.93,134.91,149.93,,1.0,1.0,0,4,8,149.93,0.0,SAME,1.0
DWAL,2024-04-09,149.93,149.93,149.93,149.93,134.91,134.91,0.0,0.0,0.0,0.0,0.0,0.0,0.0,0.0,149.93,149.93,142.42,149.46002563390095,147.92681385273445,144.04819616181592,0.0,0.04978984659706016,0.035206738163018794,0.0,0.0,15.02000000000001,0.11133348158031288,15.02000000000001,0.11133348158031288,149.93,149.93,149.93,149.93,134.91,149.93,,,1.0,1,4,9,135.93,-14.0,DOWN,0.0
DWAL,2024-04-10,135.93,149.93,149.93,149.93,149.93,134.91,-14.0,-14.0,-14.0,-0.09337690922430464,-0.09337690922430464,-0.09337690922430464,-0.09802847115965523,-0.09802847115965523,145.26333333333335,147.13,142.522,142.69501281695048,143.92787590182297,142.5721604960312,0.053911183676745314,0.041759423310874594,0.04839897548043305,-14.0,-0.09337690922430467,-14.0,-0.09337690922430467,1.0200000000000102,0.007560595952857537,135.93,149.93,135.93,149.93,134.91,149.93,0.0,0.0,0.0679094540612523,2,4,10,135.93,0.0,SAME,1.0
DWAL,2024-04-11,135.93,135.93,149.93,149.93,149.93,134.91,0.0,-14.0,-14.0,0.0,-0.09337690922430464,-0.09337690922430464,0.0,-0.09802847115965523,140.59666666666666,144.33,142.624,139.31250640847526,141.26191726788198,141.36449495129824,0.053911183676745314,0.041759423310874594,0.04839897548043305,-14.0,-0.09337690922430467,-14.0,-0.09337690922430467,1.0200000000000102,0.007560595952857537,135.93,149.93,135.93,149.93,134.91,149.93,0.0,0.0,0.0679094540612523,3,4,11,130.5,-5.430000000000007,DOWN,0.0
DWAL,2024-04-12,130.5,135.93,135.93,149.93,149.93,134.91,-5.430000000000007,-5.430000000000007,-19.430000000000007,-0.039947031560361945,-0.039947031560361945,-0.12959381044487428,-0.04076682058440841,-0.04076682058440841,134.12,140.44400000000002,142.183,134.90625320423763,137.67461151192134,139.38913223288037,0.04685040792058457,0.04110948147781108,0.05017945418192192,-19.430000000000007,-0.1295938104448743,-19.430000000000007,-0.1295938104448743,-4.409999999999997,-0.03268845897264841,130.5,135.93,130.5,149.93,130.5,149.93,0.0,0.0,0.0,4,4,12,130.5,0.0,SAME,1.0
DWAL,2024-04-15,130.5,130.5,135.93,135.93,149.93,134.91,0.0,-5.430000000000007,-5.430000000000007,0.0,-0.039947031560361945,-0.039947031560361945,0.0,-0.04076682058440841,132.31,136.558,141.74200000000002,132.7031266021188,135.2830743412809,137.77292637235666,0.023063429424696212,0.04110948147781108,0.05017945418192192,-5.430000000000007,-0.039947031560362,-19.430000000000007,-0.1295938104448743,-4.409999999999997,-0.03268845897264841,130.5,135.93,130.5,149.93,130.5,149.93,0.0,0.0,0.0,0,4,15,130.5,0.0,SAME,1.0
DWAL,2024-04-16,130.5,130.5,130.5,135.93,149.93,134.91,0.0,0.0,-5.430000000000007,0.0,0.0,-0.039947031560361945,0.0,0.0,130.5,132.67199999999997,141.301,131.6015633010594,133.68871622752062,136.45057612283728,0.023063429424696212,0.04110948147781108,0.05017945418192192,-5.430000000000007,-0.039947031560362,-19.430000000000007,-0.1295938104448743,-4.409999999999997,-0.03268845897264841,130.5,130.5,130.5,135.93,130.5,149.93,,0.0,0.0,1,4,16,130.5,0.0,SAME,1.0
DWAL,2024-04-17,130.5,130.5,130.5,130.5,135.93,149.93,0.0,0.0,0.0,0.0,0.0,0.0,0.0,0.0,130.5,131.586,139.358,131.0507816505297,132.62581081834708,135.3686531914123,0.0,0.01786485561366005,0.030799504303610427,0.0,0.0,-5.430000000000007,-0.039947031560362,-19.430000000000007,-0.1295938104448743,130.5,130.5,130.5,135.93,130.5,149.93,,0.0,0.0,2,4,17,130.5,0.0,SAME,1.0
DWAL,2024-04-19,130.5,130.5,130.5,130.5,135.93,149.93,0.0,0.0,0.0,0.0,0.0,0.0,0.0,0.0,130.5,130.5,137.41500000000002,130.77539082526485,131.9172072122314,134.48344352024642,0.0,0.01786485561366005,0.030799504303610427,0.0,0.0,-5.430000000000007,-0.039947031560362,-19.430000000000007,-0.1295938104448743,130.5,130.5,130.5,130.5,130.5,149.93,,,0.0,4,4,19,130.5,0.0,SAME,1.0
DWAL,2024-04-22,130.5,130.5,130.5,130.5,130.5,149.93,0.0,0.0,0.0,0.0,0.0,0.0,0.0,0.0,130.5,130.5,135.472,130.6376954126324,131.4448048081543,133.7591810620198,0.0,0.0,0.030799504303610427,0.0,0.0,0.0,0.0,-19.430000000000007,-0.1295938104448743,130.5,130.5,130.5,130.5,130.5,149.93,,,0.0,0,4,22,130.5,0.0,SAME,1.0
DWAL,2024-04-23,130.5,130.5,130.5,130.5,130.5,149.93,0.0,0.0,0.0,0.0,0.0,0.0,0.0,0.0,130.5,130.5,133.529,130.5688477063162,131.12986987210286,133.1666026871071,0.0,0.0,0.030799504303610427,0.0,0.0,0.0,0.0,-19.430000000000007,-0.1295938104448743,130.5,130.5,130.5,130.5,130.5,149.93,,,0.0,1,4,23,130.5,0.0,SAME,1.0
DWAL,2024-04-24,130.5,130.5,130.5,130.5,130.5,149.93,0.0,0.0,0.0,0.0,0.0,0.0,0.0,0.0,130.5,130.5,131.586,130.5344238531581,130.91991324806858,132.6817658349058,0.0,0.0,0.030799504303610427,0.0,0.0,0.0,0.0,-19.430000000000007,-0.1295938104448743,130.5,130.5,130.5,130.5,130.5,135.93,,,0.0,2,4,24,130.5,0.0,SAME,1.0
DWAL,2024-04-25,130.5,130.5,130.5,130.5,130.5,135.93,0.0,0.0,0.0,0.0,0.0,0.0,0.0,0.0,130.5,130.5,131.043,130.51721192657905,130.77994216537905,132.2850811376502,0.0,0.0,0.012632360549336506,0.0,0.0,0.0,0.0,-5.430000000000007,-0.039947031560362,130.5,130.5,130.5,130.5,130.5,135.93,,,0.0,3,4,25,130.5,0.0,SAME,1.0
DWAL,2024-04-26,130.5,130.5,130.5,130.5,130.5,135.93,0.0,0.0,0.0,0.0,0.0,0.0,0.0,0.0,130.5,130.5,130.5,130.50860596328954,130.6866281102527,131.9605209308047,0.0,0.0,0.012632360549336506,0.0,0.0,0.0,0.0,-5.430000000000007,-0.039947031560362,130.5,130.5,130.5,130.5,130.5,130.5,,,,4,4,26,137.0,6.5,UP,2.0
DWAL,2024-04-29,137.0,130.5,130.5,130.5,130.5,130.5,6.5,6.5,6.5,0.04980842911877392,0.04980842911877392,0.04980842911877392,0.04860769906537679,0.04860769906537679,132.66666666666666,131.8,131.15,133.75430298164477,132.79108540683515,132.87678985247658,0.02875690995963225,0.022275006672411907,0.015750808269037197,6.5,0.04980842911877394,6.5,0.04980842911877394,6.5,0.04980842911877394,130.5,137.0,130.5,137.0,130.5,137.0,1.0,1.0,1.0,0,4,29,137.0,0.0,SAME,1.0
DWAL,2024-04-30,137.0,137.0,130.5,130.5,130.5,130.5,0.0,6.5,6.5,0.0,0.04980842911877392,0.04980842911877392,0.0,0.04860769906537679,134.83333333333334,133.1,131.8,135.37715149082237,134.1940569378901,133.62646442475355,0.02875690995963225,0.022275006672411907,0.015750808269037197,6.5,0.04980842911877394,6.5,0.04980842911877394,6.5,0.04980842911877394,130.5,137.0,130.5,137.0,130.5,137.0,1.0,1.0,1.0,1,4,30,133.5,-3.5,DOWN,0.0
DWAL,2024-05-01,133.5,137.0,137.0,130.5,130.5,130.5,-3.5,-3.5,3.0,-0.025547445255474477,-0.025547445255474477,0.02298850574712641,-0.02587944798782072,-0.02587944798782072,135.83333333333334,133.7,132.1,134.43857574541119,133.96270462526007,133.60347089298017,0.03832331616885347,0.02745829793868502,0.018483301883230427,3.0,0.022988505747126436,3.0,0.022988505747126436,3.0,0.022988505747126436,133.5,137.0,130.5,137.0,130.5,137.0,0.0,0.46153846153846156,0.46153846153846156,2,5,1,133.5,0.0,SAME,1.0
DWAL,2024-05-03,133.5,133.5,137.0,137.0,130.5,130.5,0.0,-3.5,-3.5,0.0,-0.025547445255474477,-0.025547445255474477,0.0,-0.02587944798782072,134.66666666666666,134.3,132.4,133.9692878727056,133.8084697501734,133.5846580033474,0.014749824395347225,0.02745829793868502,0.018483301883230427,-3.5,-0.025547445255474453,3.0,0.022988505747126436,3.0,0.022988505747126436,133.5,137.0,130.5,137.0,130.5,137.0,0.0,0.46153846153846156,0.46153846153846156,4,5,3,133.5,0.0,SAME,1.0
DWAL,2024-05-06,133.5,133.5,133.5,137.0,130.5,130.5,0.0,0.0,-3.5,0.0,0.0,-0.025547445255474477,0.0,0.0,133.5,134.9,132.7,133.7346439363528,133.70564650011562,133.5692656391024,0.014749824395347225,0.02745829793868502,0.018483301883230427,-3.5,-0.025547445255474453,3.0,0.022988505747126436,3.0,0.022988505747126436,133.5,133.5,133.5,137.0,130.5,137.0,,0.0,0.46153846153846156,0,5,6,133.5,0.0,SAME,1.0
DWAL,2024-05-07,133.5,133.5,133.5,133.5,137.0,130.5,0.0,0.0,0.0,0.0,0.0,0.0,0.0,0.0,133.5,134.2,133.0,133.61732196817638,133.63709766674376,133.55667188653834,0.0,0.01142516484853953,0.018483301883230427,0.0,0.0,-3.5,-0.025547445255474453,3.0,0.022988505747126436,133.5,133.5,133.5,137.0,130.5,137.0,,0.0,0.46153846153846156,1,5,7,133.5,0.0,SAME,1.0
DWAL,2024-05-08,133.5,133.5,133.5,133.5,137.0,130.5,0.0,0.0,0.0,0.0,0.0,0.0,0.0,0.0,133.5,133.5,133.3,133.5586609840882,133.59139844449584,133.54636790716773,0.0,0.01142516484853953,0.018483301883230427,0.0,0.0,-3.5,-0.025547445255474453,3.0,0.022988505747126436,133.5,133.5,133.5,133.5,130.5,137.0,,,0.46153846153846156,2,5,8,133.5,0.0,SAME,1.0
DWAL,2024-05-09,133.5,133.5,133.5,133.5,133.5,130.5,0.0,0.0,0.0,0.0,0.0,0.0,0.0,0.0,133.5,133.5,133.6,133.5293304920441,133.56093229633058,133.53793737859178,0.0,0.0,0.018483301883230427,0.0,0.0,0.0,0.0,3.0,0.022988505747126436,133.5,133.5,133.5,133.5,130.5,137.0,,,0.46153846153846156,3,5,9,133.5,0.0,SAME,1.0
DWAL,2024-05-10,133.5,133.5,133.5,133.5,133.5,130.5,0.0,0.0,0.0,0.0,0.0,0.0,0.0,0.0,133.5,133.5,133.9,133.51466524602205,133.54062153088705,133.53103967339325,0.0,0.0,0.018483301883230427,0.0,0.0,0.0,0.0,3.0,0.022988505747126436,133.5,133.5,133.5,133.5,130.5,137.0,,,0.46153846153846156,4,5,10,133.5,0.0,SAME,1.0
DWAL,2024-05-13,133.5,133.5,133.5,133.5,133.5,130.5,0.0,0.0,0.0,0.0,0.0,0.0,0.0,0.0,133.5,133.5,134.2,133.50733262301102,133.52708102059137,133.52539609641266,0.0,0.0,0.018483301883230427,0.0,0.0,0.0,0.0,3.0,0.022988505747126436,133.5,133.5,133.5,133.5,133.5,137.0,,,0.0,0,5,13,133.5,0.0,SAME,1.0
DWAL,2024-05-14,133.5,133.5,133.5,133.5,133.5,137.0,0.0,0.0,0.0,0.0,0.0,0.0,0.0,0.0,133.5,133.5,133.85,133.50366631150553,133.51805401372758,133.52077862433762,0.0,0.0,0.008078811540574798,0.0,0.0,0.0,0.0,-3.5,-0.025547445255474453,133.5,133.5,133.5,133.5,133.5,137.0,,,0.0,1,5,14,133.5,0.0,SAME,1.0
DWAL,2024-05-15,133.5,133.5,133.5,133.5,133.5,137.0,0.0,0.0,0.0,0.0,0.0,0.0,0.0,0.0,133.5,133.5,133.5,133.50183315575276,133.51203600915173,133.51700069263987,0.0,0.0,0.008078811540574798,0.0,0.0,0.0,0.0,-3.5,-0.025547445255474453,133.5,133.5,133.5,133.5,133.5,133.5,,,,2,5,15,133.5,0.0,SAME,1.0
DWAL,2024-05-16,133.5,133.5,133.5,133.5,133.5,133.5,0.0,0.0,0.0,0.0,0.0,0.0,0.0,0.0,133.5,133.5,133.5,133.50091657787638,133.50802400610115,133.51390965761442,0.0,0.0,0.0,0.0,0.0,0.0,0.0,0.0,0.0,133.5,133.5,133.5,133.5,133.5,133.5,,,,3,5,16,133.5,0.0,SAME,1.0
DWAL,2024-05-17,133.5,133.5,133.5,133.5,133.5,133.5,0.0,0.0,0.0,0.0,0.0,0.0,0.0,0.0,133.5,133.5,133.5,133.5004582889382,133.5053493374008,133.51138062895726,0.0,0.0,0.0,0.0,0.0,0.0,0.0,0.0,0.0,133.5,133.5,133.5,133.5,133.5,133.5,,,,4,5,17,133.5,0.0,SAME,1.0
DWAL,2024-05-20,133.5,133.5,133.5,133.5,133.5,133.5,0.0,0.0,0.0,0.0,0.0,0.0,0.0,0.0,133.5,133.5,133.5,133.5002291444691,133.50356622493388,133.50931142369228,0.0,0.0,0.0,0.0,0.0,0.0,0.0,0.0,0.0,133.5,133.5,133.5,133.5,133.5,133.5,,,,0,5,20,133.5,0.0,SAME,1.0
DWAL,2024-05-21,133.5,133.5,133.5,133.5,133.5,133.5,0.0,0.0,0.0,0.0,0.0,0.0,0.0,0.0,133.5,133.5,133.5,133.50011457223457,133.50237748328925,133.5076184375664,0.0,0.0,0.0,0.0,0.0,0.0,0.0,0.0,0.0,133.5,133.5,133.5,133.5,133.5,133.5,,,,1,5,21,133.5,0.0,SAME,1.0
DWAL,2024-05-22,133.5,133.5,133.5,133.5,133.5,133.5,0.0,0.0,0.0,0.0,0.0,0.0,0.0,0.0,133.5,133.5,133.5,133.50005728611728,133.50158498885952,133.5062332670998,0.0,0.0,0.0,0.0,0.0,0.0,0.0,0.0,0.0,133.5,133.5,133.5,133.5,133.5,133.5,,,,2,5,22,133.5,0.0,SAME,1.0
DWAL,2024-05-24,133.5,133.5,133.5,133.5,133.5,133.5,0.0,0.0,0.0,0.0,0.0,0.0,0.0,0.0,133.5,133.5,133.5,133.50002864305864,133.50105665923968,133.50509994580892,0.0,0.0,0.0,0.0,0.0,0.0,0.0,0.0,0.0,133.5,133.5,133.5,133.5,133.5,133.5,,,,4,5,24,133.5,0.0,SAME,1.0
DWAL,2024-05-27,133.5,133.5,133.5,133.5,133.5,133.5,0.0,0.0,0.0,0.0,0.0,0.0,0.0,0.0,133.5,133.5,133.5,133.5000143215293,133.50070443949312,133.50417268293455,0.0,0.0,0.0,0.0,0.0,0.0,0.0,0.0,0.0,133.5,133.5,133.5,133.5,133.5,133.5,,,,0,5,27,133.5,0.0,SAME,1.0
DWAL,2024-05-28,133.5,133.5,133.5,133.5,133.5,133.5,0.0,0.0,0.0,0.0,0.0,0.0,0.0,0.0,133.5,133.5,133.5,133.50000716076465,133.50046962632877,133.50341401331008,0.0,0.0,0.0,0.0,0.0,0.0,0.0,0.0,0.0,133.5,133.5,133.5,133.5,133.5,133.5,,,,1,5,28,133.5,0.0,SAME,1.0
DWAL,2024-05-29,133.5,133.5,133.5,133.5,133.5,133.5,0.0,0.0,0.0,0.0,0.0,0.0,0.0,0.0,133.5,133.5,133.5,133.50000358038233,133.5003130842192,133.50279328361734,0.0,0.0,0.0,0.0,0.0,0.0,0.0,0.0,0.0,133.5,133.5,133.5,133.5,133.5,133.5,,,,2,5,29,120.0,-13.5,DOWN,0.0
DWAL,2024-05-30,120.0,133.5,133.5,133.5,133.5,133.5,-13.5,-13.5,-13.5,-0.101123595505618,-0.101123595505618,-0.101123595505618,-0.10660973505825826,-0.10660973505825826,129.0,130.8,132.15,126.75000179019116,129.0002087228128,131.04773995932328,0.058383735086589346,0.04522384673595093,0.03197808869833159,-13.5,-0.10112359550561797,-13.5,-0.10112359550561797,-13.5,-0.10112359550561797,120.0,133.5,120.0,133.5,120.0,133.5,0.0,0.0,0.0,3,5,30,120.0,0.0,SAME,1.0
DWAL,2024-05-31,120.0,120.0,133.5,133.5,133.5,133.5,0.0,-13.5,-13.5,0.0,-0.101123595505618,-0.101123595505618,0.0,-0.10660973505825826,124.5,128.1,130.8,123.37500089509558,126.00013914854188,129.03905996671904,0.058383735086589346,0.04522384673595093,0.03197808869833159,-13.5,-0.10112359550561797,-13.5,-0.10112359550561797,-13.5,-0.10112359550561797,120.0,133.5,120.0,133.5,120.0,133.5,0.0,0.0,0.0,4,5,31,120.0,0.0,SAME,1.0
DWAL,2024-06-03,120.0,120.0,120.0,133.5,133.5,133.5,0.0,0.0,-13.5,0.0,0.0,-0.101123595505618,0.0,0.0,120.0,125.4,129.45,121.68750044754779,124.00009276569459,127.39559451822467,0.058383735086589346,0.04522384673595093,0.03197808869833159,-13.5,-0.10112359550561797,-13.5,-0.10112359550561797,-13.5,-0.10112359550561797,120.0,120.0,120.0,133.5,120.0,133.5,,0.0,0.0,0,6,3,120.0,0.0,SAME,1.0
DWAL,2024-06-04,120.0,120.0,120.0,120.0,133.5,133.5,0.0,0.0,0.0,0.0,0.0,0.0,0.0,0.0,120.0,122.7,128.1,120.8437502237739,122.66672851046307,126.05094096945655,0.0,0.04522384673595093,0.03197808869833159,0.0,0.0,-13.5,-0.10112359550561797,-13.5,-0.10112359550561797,120.0,120.0,120.0,133.5,120.0,133.5,,0.0,0.0,1,6,4,120.0,0.0,SAME,1.0
DWAL,2024-06-05,120.0,120.0,120.0,120.0,133.5,133.5,0.0,0.0,0.0,0.0,0.0,0.0,0.0,0.0,120.0,120.0,126.75,120.42187511188695,121.77781900697539,124.9507698841008,0.0,0.04522384673595093,0.03197808869833159,0.0,0.0,-13.5,-0.10112359550561797,-13.5,-0.10112359550561797,120.0,120.0,120.0,120.0,120.0,133.5,,,0.0,2,6,5,120.0,0.0,SAME,1.0
DWAL,2024-06-06,120.0,120.0,120.0,120.0,120.0,133.5,0.0,0.0,0.0,0.0,0.0,0.0,0.0,0.0,120.0,120.0,125.4,120.21093755594347,121.18521267131693,124.05062990517337,0.0,0.0,0.03197808869833159,0.0,0.0,0.0,0.0,-13.5,-0.10112359550561797,120.0,120.0,120.0,120.0,120.0,133.5,,,0.0,3,6,6,120.0,0.0,SAME,1.0
DWAL,2024-06-07,120.0,120.0,120.0,120.0,120.0,133.5,0.0,0.0,0.0,0.0,0.0,0.0,0.0,0.0,120.0,120.0,124.05,120.10546877797174,120.79014178087796,123.31415174059637,0.0,0.0,0.03197808869833159,0.0,0.0,0.0,0.0,-13.5,-0.10112359550561797,120.0,120.0,120.0,120.0,120.0,133.5,,,0.0,4,6,7,120.0,0.0,SAME,1.0
DWAL,2024-06-10,120.0,120.0,120.0,120.0,120.0,133.5,0.0,0.0,0.0,0.0,0.0,0.0,0.0,0.0,120.0,120.0,122.7,120.05273438898587,120.52676118725198,122.71157869685157,0.0,0.0,0.03197808869833159,0.0,0.0,0.0,0.0,-13.5,-0.10112359550561797,120.0,120.0,120.0,120.0,120.0,133.5,,,0.0,0,6,10,120.0,0.0,SAME,1.0
DWAL,2024-06-11,120.0,120.0,120.0,120.0,120.0,133.5,0.0,0.0,0.0,0.0,0.0,0.0,0.0,0.0,120.0,120.0,121.35,120.02636719449293,120.35117412483466,122.2185643883331,0.0,0.0,0.03197808869833159,0.0,0.0,0.0,0.0,-13.5,-0.10112359550561797,120.0,120.0,120.0,120.0,120.0,133.5,,,0.0,1,6,11,120.0,0.0,SAME,1.0
DWAL,2024-06-12,120.0,120.0,120.0,120.0,120.0,133.5,0.0,0.0,0.0,0.0,0.0,0.0,0.0,0.0,120.0,120.0,120.0,120.01318359724647,120.23411608322311,121.81518904499981,0.0,0.0,0.03197808869833159,0.0,0.0,0.0,0.0,-13.5,-0.10112359550561797,120.0,120.0,120.0,120.0,120.0,120.0,,,,2,6,12,120.0,0.0,SAME,1.0
DWAL,2024-06-13,120.0,120.0,120.0,120.0,120.0,120.0,0.0,0.0,0.0,0.0,0.0,0.0,0.0,0.0,120.0,120.0,120.0,120.00659179862323,120.15607738881542,121.48515467318165,0.0,0.0,0.0,0.0,0.0,0.0,0.0,0.0,0.0,120.0,120.0,120.0,120.0,120.0,120.0,,,,3,6,13,120.0,0.0,SAME,1.0
DWAL,2024-06-14,120.0,120.0,120.0,120.0,120.0,120.0,0.0,0.0,0.0,0.0,0.0,0.0,0.0,0.0,120.0,120.0,120.0,120.00329589931161,120.10405159254363,121.21512655078499,0.0,0.0,0.0,0.0,0.0,0.0,0.0,0.0,0.0,120.0,120.0,120.0,120.0,120.0,120.0,,,,4,6,14,120.0,0.0,SAME,1.0
DWAL,2024-06-17,120.0,120.0,120.0,120.0,120.0,120.0,0.0,0.0,0.0,0.0,0.0,0.0,0.0,0.0,120.0,120.0,120.0,120.0016479496558,120.06936772836242,120.99419445064225,0.0,0.0,0.0,0.0,0.0,0.0,0.0,0.0,0.0,120.0,120.0,120.0,120.0,120.0,120.0,,,,0,6,17,120.0,0.0,SAME,1.0
DWAL,2024-06-18,120.0,120.0,120.0,120.0,120.0,120.0,0.0,0.0,0.0,0.0,0.0,0.0,0.0,0.0,120.0,120.0,120.0,120.00082397482791,120.04624515224162,120.81343182325276,0.0,0.0,0.0,0.0,0.0,0.0,0.0,0.0,0.0,120.0,120.0,120.0,120.0,120.0,120.0,,,,1,6,18,120.0,0.0,SAME,1.0
DWAL,2024-06-19,120.0,120.0,120.0,120.0,120.0,120.0,0.0,0.0,0.0,0.0,0.0,0.0,0.0,0.0,120.0,120.0,120.0,120.00041198741395,120.03083010149443,120.66553512811589,0.0,0.0,0.0,0.0,0.0,0.0,0.0,0.0,0.0,120.0,120.0,120.0,120.0,120.0,120.0,,,,2,6,19,120.0,0.0,SAME,1.0
DWAL,2024-06-20,120.0,120.0,120.0,120.0,120.0,120.0,0.0,0.0,0.0,0.0,0.0,0.0,0.0,0.0,120.0,120.0,120.0,120.00020599370697,120.02055340099629,120.54452874118573,0.0,0.0,0.0,0.0,0.0,0.0,0.0,0.0,0.0,120.0,120.0,120.0,120.0,120.0,120.0,,,,3,6,20,120.0,0.0,SAME,1.0
DWAL,2024-06-21,120.0,120.0,120.0,120.0,120.0,120.0,0.0,0.0,0.0,0.0,0.0,0.0,0.0,0.0,120.0,120.0,120.0,120.00010299685349,120.01370226733087,120.44552351551559,0.0,0.0,0.0,0.0,0.0,0.0,0.0,0.0,0.0,120.0,120.0,120.0,120.0,120.0,120.0,,,,4,6,21,121.0,1.0,UP,2.0
DWAL,2024-06-24,121.0,120.0,120.0,120.0,120.0,120.0,1.0,1.0,1.0,0.008333333333333304,0.008333333333333304,0.008333333333333304,0.008298802814695064,0.008298802814695064,120.33333333333333,120.2,120.1,120.50005149842674,120.34246817822059,120.54633742178548,0.004811252243221536,0.003726779962500968,0.002635231383469471,1.0,0.008333333333333333,1.0,0.008333333333333333,1.0,0.008333333333333333,120.0,121.0,120.0,121.0,120.0,121.0,1.0,1.0,1.0,0,6,24,120.0,-1.0,DOWN,0.0
DWAL,2024-06-25,120.0,121.0,120.0,120.0,120.0,120.0,-1.0,0.0,0.0,-0.008264462809917328,0.0,0.0,-0.008298802814695066,0.0,120.33333333333333,120.2,120.1,120.25002574921336,120.22831211881373,120.44700334509722,0.008298921885727048,0.00586823741321002,0.0039121650110883225,0.0,0.0,0.0,0.0,0.0,0.0,120.0,121.0,120.0,121.0,120.0,121.0,0.0,0.0,0.0,1,6,25,120.0,0.0,SAME,1.0
DWAL,2024-06-26,120.0,120.0,121.0,120.0,120.0,120.0,0.0,-1.0,0.0,0.0,-0.008264462809917328,0.0,0.0,-0.008298802814695066,120.33333333333333,120.2,120.1,120.12501287460668,120.15220807920916,120.365730009625,0.008298921885727048,0.00586823741321002,0.0039121650110883225,0.0,0.0,0.0,0.0,0.0,0.0,120.0,121.0,120.0,121.0,120.0,121.0,0.0,0.0,0.0,2,6,26,120.0,0.0,SAME,1.0
DWAL,2024-06-27,120.0,120.0,120.0,121.0,120.0,120.0,0.0,0.0,-1.0,0.0,0.0,-0.008264462809917328,0.0,0.0,120.0,120.2,120.1,120.06250643730334,120.10147205280612,120.29923364423863,0.004771489827987969,0.00586823741321002,0.0039121650110883225,-1.0,-0.008264462809917356,0.0,0.0,0.0,0.0,120.0,120.0,120.0,121.0,120.0,121.0,,0.0,0.0,3,6,27,120.0,0.0,SAME,1.0
DWAL,2024-06-28,120.0,120.0,120.0,120.0,120.0,120.0,0.0,0.0,0.0,0.0,0.0,0.0,0.0,0.0,120.0,120.2,120.1,120.03125321865167,120.06764803520409,120.24482752710432,0.0,0.00586823741321002,0.0039121650110883225,0.0,0.0,0.0,0.0,0.0,0.0,120.0,120.0,120.0,121.0,120.0,121.0,,0.0,0.0,4,6,28,120.0,0.0,SAME,1.0
DWAL,2024-07-01,120.0,120.0,120.0,120.0,121.0,120.0,0.0,0.0,0.0,0.0,0.0,0.0,0.0,0.0,120.0,120.0,120.1,120.01562660932584,120.04509869013607,120.20031343126718,0.0,0.0036959801281001687,0.0039121650110883225,0.0,0.0,-1.0,-0.008264462809917356,0.0,0.0,120.0,120.0,120.0,120.0,120.0,121.0,,,0.0,0,7,1,120.0,0.0,SAME,1.0
DWAL,2024-07-02,120.0,120.0,120.0,120.0,120.0,120.0,0.0,0.0,0.0,0.0,0.0,0.0,0.0,0.0,120.0,120.0,120.1,120.00781330466292,120.03006579342406,120.1638928074004,0.0,0.0,0.0039121650110883225,0.0,0.0,0.0,0.0,0.0,0.0,120.0,120.0,120.0,120.0,120.0,121.0,,,0.0,1,7,2,120.0,0.0,SAME,1.0
DWAL,2024-07-03,120.0,120.0,120.0,120.0,120.0,120.0,0.0,0.0,0.0,0.0,0.0,0.0,0.0,0.0,120.0,120.0,120.1,120.00390665233147,120.02004386228272,120.13409411514579,0.0,0.0,0.0039121650110883225,0.0,0.0,0.0,0.0,0.0,0.0,120.0,120.0,120.0,120.0,120.0,121.0,,,0.0,2,7,3,120.0,0.0,SAME,1.0
DWAL,2024-07-04,120.0,120.0,120.0,120.0,120.0,120.0,0.0,0.0,0.0,0.0,0.0,0.0,0.0,0.0,120.0,120.0,120.1,120.00195332616573,120.01336257485515,120.10971336693746,0.0,0.0,0.0039121650110883225,0.0,0.0,0.0,0.0,0.0,0.0,120.0,120.0,120.0,120.0,120.0,121.0,,,0.0,3,7,4,117.81,-2.1899999999999977,DOWN,0.0
DWAL,2024-07-05,117.81,120.0,120.0,120.0,120.0,120.0,-2.1899999999999977,-2.1899999999999977,-2.1899999999999977,-0.01824999999999999,-0.01824999999999999,-0.01824999999999999,-0.01841858552401804,-0.01841858552401804,119.27,119.56199999999998,119.881,118.90597666308287,119.27890838323677,119.69158366385791,0.010536642412699162,0.008161648117874844,0.006974182095225864,-2.1899999999999977,-0.01824999999999998,-2.1899999999999977,-0.01824999999999998,-2.1899999999999977,-0.01824999999999998,117.81,120.0,117.81,120.0,117.81,121.0,0.0,0.0,0.0,4,7,5,117.81,0.0,SAME,1.0
DWAL,2024-07-08,117.81,117.81,120.0,120.0,120.0,121.0,0.0,-2.1899999999999977,-2.1899999999999977,0.0,-0.01824999999999999,-0.01824999999999999,0.0,-0.01841858552401804,118.54,119.124,119.56199999999998,118.35798833154143,118.78927225549118,119.34947754315647,0.010536642412699162,0.008161648117874844,0.006065037984001782,-2.1899999999999977,-0.01824999999999998,-2.1899999999999977,-0.01824999999999998,-3.1899999999999977,-0.026363636363636346,117.81,120.0,117.81,120.0,117.81,120.0,0.0,0.0,0.0,0,7,8,117.81,0.0,SAME,1.0
DWAL,2024-07-09,117.81,117.81,117.81,120.0,120.0,120.0,0.0,0.0,-2.1899999999999977,0.0,0.0,-0.01824999999999999,0.0,0.0,117.81,118.686,119.343,118.08399416577072,118.46284817032746,119.06957253530983,0.010536642412699162,0.008161648117874844,0.005771156729805384,-2.1899999999999977,-0.01824999999999998,-2.1899999999999977,-0.01824999999999998,-2.1899999999999977,-0.01824999999999998,117.81,117.81,117.81,120.0,117.81,120.0,,0.0,0.0,1,7,9,115.2,-2.6099999999999994,DOWN,0.0
DWAL,2024-07-11,115.2,117.81,117.81,117.81,120.0,120.0,-2.6099999999999994,-2.6099999999999994,-2.6099999999999994,-0.022154316271963292,-0.022154316271963292,-0.022154316271963292,-0.02240340899623704,-0.02240340899623704,116.94,117.726,118.86300000000001,116.64199708288535,117.37523211355165,118.36601389252621,0.012790800463320647,0.01115094698666049,0.008567544391724281,-2.6099999999999994,-0.022154316271963327,-4.799999999999997,-0.03999999999999997,-4.799999999999997,-0.03999999999999997,115.2,117.81,115.2,120.0,115.2,120.0,0.0,0.0,0.0,3,7,11,115.2,0.0,SAME,1.0
DWAL,2024-07-12,115.2,115.2,117.81,117.81,120.0,120.0,0.0,-2.6099999999999994,-2.6099999999999994,0.0,-0.022154316271963292,-0.022154316271963292,0.0,-0.02240340899623704,116.07000000000001,116.766,118.383,115.92099854144269,116.65015474236776,117.79037500297599,0.012790800463320647,0.01115094698666049,0.008567544391724281,-2.6099999999999994,-0.022154316271963327,-4.799999999999997,-0.03999999999999997,-4.799999999999997,-0.03999999999999997,115.2,117.81,115.2,117.81,115.2,120.0,0.0,0.0,0.0,4,7,12,115.2,0.0,SAME,1.0
DWAL,2024-07-15,115.2,115.2,115.2,117.81,117.81,120.0,0.0,0.0,-2.6099999999999994,0.0,0.0,-0.022154316271963292,0.0,0.0,115.2,116.244,117.90299999999999,115.56049927072135,116.16676982824518,117.31939772970762,0.012790800463320647,0.009907711435828437,0.008567544391724281,-2.6099999999999994,-0.022154316271963327,-2.6099999999999994,-0.022154316271963327,-4.799999999999997,-0.03999999999999997,115.2,115.2,115.2,117.81,115.2,120.0,,0.0,0.0,0,7,15,115.2,0.0,SAME,1.0
DWAL,2024-07-16,115.2,115.2,115.2,115.2,117.81,120.0,0.0,0.0,0.0,0.0,0.0,0.0,0.0,0.0,115.2,115.72200000000001,117.423,115.38024963536068,115.84451321883012,116.9340526879426,0.0,0.009907711435828437,0.008567544391724281,0.0,0.0,-2.6099999999999994,-0.022154316271963327,-4.799999999999997,-0.03999999999999997,115.2,115.2,115.2,117.81,115.2,120.0,,0.0,0.0,1,7,16,105.69,-9.510000000000005,DOWN,0.0
DWAL,2024-07-17,105.69,115.2,115.2,115.2,117.81,120.0,-9.510000000000005,-9.510000000000005,-9.510000000000005,-0.08255208333333341,-0.08255208333333341,-0.08255208333333341,-0.086159467240535,-0.086159467240535,112.03000000000002,113.298,115.992,110.53512481768034,112.4596754792201,114.88967947195303,0.04766146753466195,0.03575253196799853,0.026091495148508673,-9.510000000000005,-0.08255208333333337,-12.120000000000005,-0.10287751464222056,-14.310000000000002,-0.11925000000000002,105.69,115.2,105.69,115.2,105.69,120.0,0.0,0.0,0.0,2,7,17,105.69,0.0,SAME,1.0
DWAL,2024-07-18,105.69,105.69,115.2,115.2,115.2,120.0,0.0,-9.510000000000005,-9.510000000000005,0.0,-0.08255208333333341,-0.08255208333333341,0.0,-0.086159467240535,108.86000000000001,111.396,114.561,108.11256240884018,110.20311698614674,113.21701047705247,0.04766146753466195,0.03691841400351233,0.026091495148508673,-9.510000000000005,-0.08255208333333337,-9.510000000000005,-0.08255208333333337,-14.310000000000002,-0.11925000000000002,105.69,115.2,105.69,115.2,105.69,120.0,0.0,0.0,0.0,3,7,18,105.69,0.0,SAME,1.0
DWAL,2024-07-19,105.69,105.69,105.69,115.2,115.2,120.0,0.0,0.0,-9.510000000000005,0.0,0.0,-0.08255208333333341,0.0,0.0,105.69,109.494,113.13,106.90128120442009,108.69874465743118,111.84846311758838,0.04766146753466195,0.03691841400351233,0.026091495148508673,-9.510000000000005,-0.08255208333333337,-9.510000000000005,-0.08255208333333337,-14.310000000000002,-0.11925000000000002,105.69,105.69,105.69,115.2,105.69,117.81,,0.0,0.0,4,7,19,102.99,-2.700000000000003,DOWN,0.0
DWAL,2024-07-22,102.99,105.69,105.69,105.69,115.2,117.81,-2.700000000000003,-2.700000000000003,-2.700000000000003,-0.025546409310246987,-0.025546409310246987,-0.025546409310246987,-0.02587838488354562,-0.02587838488354562,104.79,107.05199999999999,111.648,104.94564060221003,106.79582977162079,110.23783345984504,0.014749226292091253,0.035813435568783046,0.026376967641737418,-2.700000000000003,-0.025546409310246977,-12.210000000000008,-0.1059895833333334,-14.820000000000007,-0.12579577285459645,102.99,105.69,102.99,115.2,102.99,117.81,0.0,0.0,0.0,0,7,22,100.0,-2.989999999999995,DOWN,0.0
DWAL,2024-07-23,100.0,102.99,105.69,105.69,115.2,117.81,-2.989999999999995,-5.689999999999998,-5.689999999999998,-0.02903194484901439,-0.053836692213075965,-0.053836692213075965,-0.02946171014961893,-0.05534009503316458,102.89333333333333,104.01199999999999,109.867,102.47282030110502,104.53055318108053,108.37640919441867,0.01585150785863106,0.03372450124039815,0.026381748245353477,-5.689999999999998,-0.05383669221307596,-15.200000000000003,-0.13194444444444448,-17.810000000000002,-0.15117562176385707,100.0,105.69,100.0,105.69,100.0,117.81,0.0,0.0,0.0,1,7,23,100.0,0.0,SAME,1.0
DWAL,2024-07-24,100.0,100.0,102.99,105.69,105.69,117.81,0.0,-2.989999999999995,-5.689999999999998,0.0,-0.02903194484901439,-0.053836692213075965,0.0,-0.02946171014961893,100.99666666666667,102.874,108.08600000000001,101.2364101505525,103.02036878738703,106.85342570452437,0.01585150785863106,0.014997612325101746,0.026381748245353477,-5.689999999999998,-0.05383669221307596,-5.689999999999998,-0.05383669221307596,-17.810000000000002,-0.15117562176385707,100.0,102.99,100.0,105.69,100.0,115.2,0.0,0.0,0.0,2,7,24,100.48,0.480000000000004,UP,2.0
DWAL,2024-07-25,100.48,100.0,100.0,102.99,105.69,115.2,0.480000000000004,0.480000000000004,-2.509999999999991,0.0048000000000001375,0.0048000000000001375,-0.024371298184289625,0.004788516731797315,0.004788516731797315,100.16000000000001,101.832,106.614,100.85820507527626,102.17357919159136,105.69462103097447,0.01830525568419045,0.015991684884667103,0.02704363725606402,-2.509999999999991,-0.02437129818428965,-5.209999999999994,-0.04929510833569868,-14.719999999999999,-0.12777777777777777,100.0,100.48,100.0,105.69,100.0,115.2,1.0,0.08435852372583554,0.03157894736842131,3,7,25,100.48,0.0,SAME,1.0
DWAL,2024-07-26,100.48,100.48,100.0,100.0,105.69,115.2,0.0,0.480000000000004,0.480000000000004,0.0,0.0048000000000001375,0.0048000000000001375,0.0,0.004788516731797315,100.32,100.78999999999999,105.14200000000001,100.66910253763814,101.60905279439424,104.74650811625183,0.002771281292066272,0.015991684884667103,0.02704363725606402,0.480000000000004,0.0048000000000000395,-5.209999999999994,-0.04929510833569868,-14.719999999999999,-0.12777777777777777,100.0,100.48,100.0,102.99,100.0,115.2,1.0,0.1605351170568578,0.03157894736842131,4,7,26,100.48,0.0,SAME,1.0
DWAL,2024-07-29,100.48,100.48,100.48,100.0,102.99,115.2,0.0,0.0,0.480000000000004,0.0,0.0,0.0048000000000001375,0.0,0.0,100.48,100.288,103.67,100.57455126881908,101.2327018629295,103.9707793678424,0.002771281292066272,0.013678965526339345,0.02704363725606402,0.480000000000004,0.0048000000000000395,-2.509999999999991,-0.02437129818428965,-14.719999999999999,-0.12777777777777777,100.48,100.48,100.0,100.48,100.0,115.2,,1.0,0.03157894736842131,0,7,29,100.48,0.0,SAME,1.0
DWAL,2024-07-30,100.48,100.48,100.48,100.48,100.0,115.2,0.0,0.0,0.0,0.0,0.0,0.0,0.0,0.0,100.48,100.384,102.19800000000001,100.52727563440953,100.98180124195301,103.33609221005285,0.0,0.0021466252584021552,0.02704363725606402,0.0,0.0,0.480000000000004,0.0048000000000000395,-14.719999999999999,-0.12777777777777777,100.48,100.48,100.0,100.48,100.0,105.69,,1.0,0.08435852372583554,1,7,30,100.48,0.0,SAME,1.0
DWAL,2024-07-31,100.48,100.48,100.48,100.48,100.0,105.69,0.0,0.0,0.0,0.0,0.0,0.0,0.0,0.0,100.48,100.48,101.67699999999999,100.50363781720478,100.81453416130202,102.81680271731597,0.0,0.0021466252584021552,0.011882407145216394,0.0,0.0,0.480000000000004,0.0048000000000000395,-5.209999999999994,-0.04929510833569868,100.48,100.48,100.48,100.48,100.0,105.69,,,0.08435852372583554,2,7,31,105.0,4.519999999999996,UP,2.0
DWAL,2024-08-01,105.0,100.48,100.48,100.48,100.48,105.69,4.519999999999996,4.519999999999996,4.519999999999996,0.04498407643312108,0.04498407643312108,0.04498407643312108,0.044001647437634885,0.044001647437634885,101.98666666666668,101.38399999999999,101.608,102.75181890860239,102.20968944086802,103.21374767780397,0.025971568637904417,0.02011749056190124,0.019832020889382216,4.519999999999996,0.044984076433120974,4.519999999999996,0.044984076433120974,-0.6899999999999977,-0.006528526823729754,100.48,105.0,100.48,105.0,100.0,105.69,1.0,1.0,0.8787346221441128,3,8,1,105.0,0.0,SAME,1.0
DWAL,2024-08-02,105.0,105.0,100.48,100.48,100.48,105.69,0.0,4.519999999999996,4.519999999999996,0.0,0.04498407643312108,0.04498407643312108,0.0,0.044001647437634885,103.49333333333334,102.28800000000001,101.53900000000002,103.8759094543012,103.13979296057869,103.53852082729415,0.025971568637904417,0.02011749056190124,0.019832020889382216,4.519999999999996,0.044984076433120974,4.519999999999996,0.044984076433120974,-0.6899999999999977,-0.006528526823729754,100.48,105.0,100.48,105.0,100.0,105.0,1.0,1.0,1.0,4,8,2,105.0,0.0,SAME,1.0
DWAL,2024-08-05,105.0,105.0,105.0,100.48,100.48,102.99,0.0,0.0,4.519999999999996,0.0,0.0,0.04498407643312108,0.0,0.0,105.0,103.19200000000001,101.74000000000001,104.4379547271506,103.75986197371914,103.80424431324066,0.025971568637904417,0.02011749056190124,0.017783874898746797,4.519999999999996,0.044984076433120974,4.519999999999996,0.044984076433120974,2.010000000000005,0.01951645790853486,105.0,105.0,100.48,105.0,100.0,105.0,,1.0,1.0,0,8,5,104.97,-0.030000000000001137,DOWN,0.0
DWAL,2024-08-06,104.97,105.0,105.0,105.0,100.48,100.0,-0.030000000000001137,-0.030000000000001137,-0.030000000000001137,-0.00028571428571433355,-0.00028571428571433355,-0.00028571428571433355,-0.0002857551098170689,-0.0002857551098170689,104.99000000000001,104.09,102.23700000000001,104.70397736357529,104.16324131581277,104.01619989265143,0.00016495721902911472,0.020149814201760236,0.014148733667977184,-0.030000000000001137,-0.0002857142857142965,4.489999999999995,0.04468550955414007,4.969999999999999,0.04969999999999999,104.97,105.0,100.48,105.0,100.0,105.0,0.0,0.9933628318584068,0.9939999999999998,1,8,6,104.97,0.0,SAME,1.0
DWAL,2024-08-07,104.97,104.97,105.0,105.0,100.48,100.0,0.0,-0.030000000000001137,-0.030000000000001137,0.0,-0.00028571428571433355,-0.00028571428571433355,0.0,-0.0002857551098170689,104.98,104.98799999999999,102.73400000000001,104.83698868178764,104.43216087720852,104.18961809398752,0.00016495721902911472,0.020149814201760236,0.014148733667977184,-0.030000000000001137,-0.0002857142857142965,4.489999999999995,0.04468550955414007,4.969999999999999,0.04969999999999999,104.97,105.0,104.97,105.0,100.48,105.0,0.0,0.0,0.9933628318584068,2,8,7,104.97,0.0,SAME,1.0
DWAL,2024-08-08,104.97,104.97,104.97,105.0,105.0,100.48,0.0,0.0,-0.030000000000001137,0.0,0.0,-0.00028571428571433355,0.0,0.0,104.97,104.982,103.18299999999999,104.90349434089381,104.61144058480568,104.33150571326252,0.00016495721902911472,0.00012777531303855588,0.01423553615790689,-0.030000000000001137,-0.0002857142857142965,-0.030000000000001137,-0.0002857142857142965,4.489999999999995,0.04468550955414007,104.97,104.97,104.97,105.0,100.48,105.0,,0.0,0.9933628318584068,3,8,8,104.97,0.0,SAME,1.0
DWAL,2024-08-09,104.97,104.97,104.97,104.97,105.0,100.48,0.0,0.0,0.0,0.0,0.0,0.0,0.0,0.0,104.97,104.976,103.63199999999999,104.9367471704469,104.73096038987046,104.44759558357842,0.0,0.00012777531303855588,0.01423553615790689,0.0,0.0,-0.030000000000001137,-0.0002857142857142965,4.489999999999995,0.04468550955414007,104.97,104.97,104.97,105.0,100.48,105.0,,0.0,0.9933628318584068,4,8,9,102.82,-2.1500000000000057,DOWN,0.0
DWAL,2024-08-12,102.82,104.97,104.97,104.97,105.0,100.48,-2.1500000000000057,-2.1500000000000057,-2.1500000000000057,-0.020482042488330077,-0.020482042488330077,-0.020482042488330077,-0.020694708420347832,-0.020694708420347832,104.25333333333333,104.53999999999999,103.86600000000001,103.87837358522344,104.09397359324697,104.15166911383687,0.011825312744180451,0.009128742422449081,0.01627718176502323,-2.1500000000000057,-0.020482042488330052,-2.180000000000007,-0.02076190476190483,2.339999999999989,0.023288216560509445,102.82,104.97,102.82,104.97,100.48,105.0,0.0,0.0,0.5176991150442458,0,8,12,102.82,0.0,SAME,1.0
DWAL,2024-08-13,102.82,102.82,104.97,104.97,104.97,100.48,0.0,-2.1500000000000057,-2.1500000000000057,0.0,-0.020482042488330077,-0.020482042488330077,0.0,-0.020694708420347832,103.53666666666668,104.10999999999999,104.1,103.34918679261172,103.66931572883132,103.90954745677561,0.011825312744180451,0.009159847864389543,0.01627718176502323,-2.1500000000000057,-0.020482042488330052,-2.1500000000000057,-0.020482042488330052,2.339999999999989,0.023288216560509445,102.82,104.97,102.82,104.97,100.48,105.0,0.0,0.0,0.5176991150442458,1,8,13,103.62,0.8000000000000114,UP,2.0
DWAL,2024-08-14,103.62,102.82,102.82,104.97,104.97,100.48,0.8000000000000114,0.8000000000000114,-1.3499999999999943,0.007780587434351505,0.007780587434351505,-0.012860817376393219,0.007750474759283846,0.007750474759283846,103.08666666666666,103.83999999999999,104.41399999999999,103.48459339630585,103.65287715255423,103.85690246463459,0.014599245730872214,0.010580479823946302,0.016334422290762204,-1.3499999999999943,-0.012860817376393201,-1.3499999999999943,-0.012860817376393201,3.1400000000000006,0.03125000000000001,102.82,103.62,102.82,104.97,102.82,105.0,1.0,0.3720930232558183,0.36697247706422426,2,8,14,103.62,0.0,SAME,1.0
DWAL,2024-08-15,103.62,103.62,102.82,102.82,104.97,105.0,0.0,0.8000000000000114,0.8000000000000114,0.0,0.007780587434351505,0.007780587434351505,0.0,0.007750474759283846,103.35333333333334,103.57000000000001,104.276,103.55229669815293,103.64191810170283,103.81382928924647,0.0044921242496490585,0.010580479823946304,0.007174542813342996,0.8000000000000114,0.007780587434351405,-1.3499999999999943,-0.012860817376393201,-1.3799999999999955,-0.0131428571428571,102.82,103.62,102.82,104.97,102.82,105.0,1.0,0.3720930232558183,0.36697247706422426,3,8,15,103.62,0.0,SAME,1.0
DWAL,2024-08-16,103.62,103.62,103.62,102.82,104.97,105.0,0.0,0.0,0.8000000000000114,0.0,0.0,0.007780587434351505,0.0,0.0,103.62,103.3,104.13799999999999,103.58614834907647,103.6346120678019,103.77858760029257,0.0044921242496490585,0.010580479823946304,0.007174542813342996,0.8000000000000114,0.007780587434351405,-1.3499999999999943,-0.012860817376393201,-1.3799999999999955,-0.0131428571428571,103.62,103.62,102.82,103.62,102.82,105.0,,1.0,0.36697247706422426,4,8,16,103.62,0.0,SAME,1.0
DWAL,2024-08-19,103.62,103.62,103.62,103.62,102.82,105.0,0.0,0.0,0.0,0.0,0.0,0.0,0.0,0.0,103.62,103.46000000000001,104.0,103.60307417453824,103.62974137853462,103.74975349114847,0.0,0.003479584481619542,0.007174542813342996,0.0,0.0,0.8000000000000114,0.007780587434351405,-1.3799999999999955,-0.0131428571428571,103.62,103.62,102.82,103.62,102.82,104.97,,1.0,0.3720930232558183,0,8,19,103.62,0.0,SAME,1.0
DWAL,2024-08-20,103.62,103.62,103.62,103.62,102.82,104.97,0.0,0.0,0.0,0.0,0.0,0.0,0.0,0.0,103.62,103.62,103.86499999999998,103.61153708726911,103.62649425235642,103.72616194730328,0.0,0.003479584481619542,0.007179592291645704,0.0,0.0,0.8000000000000114,0.007780587434351405,-1.3499999999999943,-0.012860817376393201,103.62,103.62,103.62,103.62,102.82,104.97,,,0.3720930232558183,1,8,20,100.87,-2.75,DOWN,0.0
DWAL,2024-08-21,100.87,103.62,103.62,103.62,103.62,104.97,-2.75,-2.75,-2.75,-0.026539278131634814,-0.026539278131634814,-0.026539278131634814,-0.026897802319898204,-0.026897802319898204,102.70333333333333,103.07000000000001,103.455,102.24076854363456,102.7076628349043,103.20685977506632,0.015322459373389791,0.011868725995222233,0.010699955217824093,-2.75,-0.026539278131634817,-2.75,-0.026539278131634817,-4.099999999999994,-0.03905877869867576,100.87,103.62,100.87,103.62,100.87,104.97,0.0,0.0,0.0,2,8,21,100.87,0.0,SAME,1.0
DWAL,2024-08-22,100.87,100.87,103.62,103.62,103.62,104.97,0.0,-2.75,-2.75,0.0,-0.026539278131634814,-0.026539278131634814,0.0,-0.026897802319898204,101.78666666666668,102.52000000000001,103.045,101.55538427181727,102.09510855660288,102.78197617959971,0.015322459373389791,0.011868725995222233,0.010699955217824093,-2.75,-0.026539278131634817,-2.75,-0.026539278131634817,-4.099999999999994,-0.03905877869867576,100.87,103.62,100.87,103.62,100.87,104.97,0.0,0.0,0.0,3,8,22,100.87,0.0,SAME,1.0
DWAL,2024-08-23,100.87,100.87,100.87,103.62,103.62,104.97,0.0,0.0,-2.75,0.0,0.0,-0.026539278131634814,0.0,0.0,100.87,101.97,102.63499999999999,101.21269213590864,101.68673903773526,102.43434414694521,0.015322459373389791,0.011868725995222233,0.010699955217824093,-2.75,-0.026539278131634817,-2.75,-0.026539278131634817,-4.099999999999994,-0.03905877869867576,100.87,100.87,100.87,103.62,100.87,103.62,,0.0,0.0,4,8,23,100.87,0.0,SAME,1.0
DWAL,2024-08-26,100.87,100.87,100.87,100.87,103.62,102.82,0.0,0.0,0.0,0.0,0.0,0.0,0.0,0.0,100.87,101.42,102.44000000000001,101.04134606795432,101.41449269182353,102.14991793840971,0.0,0.011868725995222233,0.009004208749887936,0.0,0.0,-2.75,-0.026539278131634817,-1.9499999999999886,-0.018965181871231168,100.87,100.87,100.87,103.62,100.87,103.62,,0.0,0.0,0,8,26,100.0,-0.8700000000000045,DOWN,0.0
DWAL,2024-08-27,100.0,100.87,100.87,100.87,103.62,102.82,-0.8700000000000045,-0.8700000000000045,-0.8700000000000045,-0.008624962823436166,-0.008624962823436166,-0.008624962823436166,-0.008662373078652719,-0.008662373078652719,100.58,100.696,102.158,100.52067303397716,100.94299512788236,101.75902376778977,0.004979624607836934,0.01152625805568212,0.009215170826553324,-0.8700000000000045,-0.00862496282343615,-3.6200000000000045,-0.034935340667824784,-2.819999999999993,-0.027426570706088244,100.0,100.87,100.0,100.87,100.0,103.62,0.0,0.0,0.0,1,8,27,100.0,0.0,SAME,1.0
DWAL,2024-08-28,100.0,100.0,100.87,100.87,100.87,103.62,0.0,-0.8700000000000045,-0.8700000000000045,0.0,-0.008624962823436166,-0.008624962823436166,0.0,-0.008662373078652719,100.29,100.522,101.796,100.26033651698859,100.62866341858825,101.43920126455527,0.004979624607836934,0.003857200635323642,0.008531450855244696,-0.8700000000000045,-0.00862496282343615,-0.8700000000000045,-0.00862496282343615,-3.6200000000000045,-0.034935340667824784,100.0,100.87,100.0,100.87,100.0,103.62,0.0,0.0,0.0,2,8,28,100.0,0.0,SAME,1.0
DWAL,2024-08-29,100.0,100.0,100.0,100.87,100.87,103.62,0.0,0.0,-0.8700000000000045,0.0,0.0,-0.008624962823436166,0.0,0.0,100.0,100.348,101.434,100.1301682584943,100.4191089457255,101.1775283073634,0.004979624607836934,0.003857200635323642,0.008531450855244696,-0.8700000000000045,-0.00862496282343615,-0.8700000000000045,-0.00862496282343615,-3.6200000000000045,-0.034935340667824784,100.0,100.0,100.0,100.87,100.0,103.62,,0.0,0.0,3,8,29,100.0,0.0,SAME,1.0
DWAL,2024-08-30,100.0,100.0,100.0,100.0,100.87,103.62,0.0,0.0,0.0,0.0,0.0,0.0,0.0,0.0,100.0,100.174,101.072,100.06508412924714,100.279405963817,100.96343225147915,0.0,0.003857200635323642,0.008531450855244696,0.0,0.0,-0.8700000000000045,-0.00862496282343615,-3.6200000000000045,-0.034935340667824784,100.0,100.0,100.0,100.87,100.0,103.62,,0.0,0.0,4,8,30,100.0,0.0,SAME,1.0
DWAL,2024-09-02,100.0,100.0,100.0,100.0,100.87,103.62,0.0,0.0,0.0,0.0,0.0,0.0,0.0,0.0,100.0,100.0,100.71000000000001,100.03254206462357,100.18627064254467,100.78826275121021,0.0,0.003857200635323642,0.008531450855244696,0.0,0.0,-0.8700000000000045,-0.00862496282343615,-3.6200000000000045,-0.034935340667824784,100.0,100.0,100.0,100.0,100.0,103.62,,,0.0,0,9,2,100.0,0.0,SAME,1.0
DWAL,2024-09-03,100.0,100.0,100.0,100.0,100.0,103.62,0.0,0.0,0.0,0.0,0.0,0.0,0.0,0.0,100.0,100.0,100.348,100.01627103231178,100.12418042836312,100.64494225099017,0.0,0.0,0.008531450855244696,0.0,0.0,0.0,0.0,-3.6200000000000045,-0.034935340667824784,100.0,100.0,100.0,100.0,100.0,100.87,,,0.0,1,9,3,100.0,0.0,SAME,1.0
DWAL,2024-09-04,100.0,100.0,100.0,100.0,100.0,100.87,0.0,0.0,0.0,0.0,0.0,0.0,0.0,0.0,100.0,100.0,100.261,100.00813551615589,100.08278695224209,100.52768002353741,0.0,0.0,0.002727452725629474,0.0,0.0,0.0,0.0,-0.8700000000000045,-0.00862496282343615,100.0,100.0,100.0,100.0,100.0,100.87,,,0.0,2,9,4,99.8,-0.20000000000000284,DOWN,0.0
DWAL,2024-09-05,99.8,100.0,100.0,100.0,100.0,100.87,-0.20000000000000284,-0.20000000000000284,-0.20000000000000284,-0.0020000000000000018,-0.0020000000000000018,-0.0020000000000000018,-0.0020020026706730793,-0.0020020026706730793,99.93333333333334,99.96,100.154,99.90406775807794,99.98852463482807,100.39537456471241,0.0011547005382736629,0.0008944271910054398,0.0027305066726712166,-0.20000000000000284,-0.0020000000000000282,-0.20000000000000284,-0.0020000000000000282,-1.0700000000000074,-0.010607712897789306,99.8,100.0,99.8,100.0,99.8,100.87,0.0,0.0,0.0,3,9,5,99.8,0.0,SAME,1.0
DWAL,2024-09-06,99.8,99.8,100.0,100.0,100.0,100.87,0.0,-0.20000000000000284,-0.20000000000000284,0.0,-0.0020000000000000018,-0.0020000000000000018,0.0,-0.0020020026706730793,99.86666666666667,99.91999999999999,100.047,99.85203387903897,99.92568308988538,100.2871246438556,0.0011547005382736629,0.0008944271910054398,0.0027305066726712166,-0.20000000000000284,-0.0020000000000000282,-0.20000000000000284,-0.0020000000000000282,-1.0700000000000074,-0.010607712897789306,99.8,100.0,99.8,100.0,99.8,100.87,0.0,0.0,0.0,4,9,6,99.8,0.0,SAME,1.0
DWAL,2024-09-10,99.8,99.8,99.8,100.0,100.0,100.87,0.0,0.0,-0.20000000000000284,0.0,0.0,-0.0020000000000000018,0.0,0.0,99.8,99.88000000000001,99.94,99.82601693951949,99.88378872659027,100.19855652679094,0.0011547005382736629,0.0008944271910054398,0.0027305066726712166,-0.20000000000000284,-0.0020000000000000282,-0.20000000000000284,-0.0020000000000000282,-1.0700000000000074,-0.010607712897789306,99.8,99.8,99.8,100.0,99.8,100.0,,0.0,0.0,1,9,10,99.8,0.0,SAME,1.0
DWAL,2024-09-11,99.8,99.8,99.8,99.8,100.0,100.0,0.0,0.0,0.0,0.0,0.0,0.0,0.0,0.0,99.8,99.83999999999999,99.91999999999999,99.81300846975975,99.85585915106019,100.12609170373803,0.0,0.0008944271910054398,0.0006324555320163247,0.0,0.0,-0.20000000000000284,-0.0020000000000000282,-0.20000000000000284,-0.0020000000000000282,99.8,99.8,99.8,100.0,99.8,100.0,,0.0,0.0,2,9,11,99.8,0.0,SAME,1.0
DWAL,2024-09-12,99.8,99.8,99.8,99.8,100.0,100.0,0.0,0.0,0.0,0.0,0.0,0.0,0.0,0.0,99.8,99.8,99.9,99.80650423487987,99.83723943404013,100.06680230305838,0.0,0.0008944271910054398,0.0006324555320163247,0.0,0.0,-0.20000000000000284,-0.0020000000000000282,-0.20000000000000284,-0.0020000000000000282,99.8,99.8,99.8,99.8,99.8,100.0,,,0.0,3,9,12,99.8,0.0,SAME,1.0
DWAL,2024-09-16,99.8,99.8,99.8,99.8,99.8,100.0,0.0,0.0,0.0,0.0,0.0,0.0,0.0,0.0,99.8,99.8,99.88,99.80325211743994,99.82482628936009,100.01829279341139,0.0,0.0,0.0006324555320163247,0.0,0.0,0.0,0.0,-0.20000000000000284,-0.0020000000000000282,99.8,99.8,99.8,99.8,99.8,100.0,,,0.0,0,9,16,99.8,0.0,SAME,1.0
DWAL,2024-09-17,99.8,99.8,99.8,99.8,99.8,100.0,0.0,0.0,0.0,0.0,0.0,0.0,0.0,0.0,99.8,99.8,99.85999999999999,99.80162605871996,99.8165508595734,99.9786031946093,0.0,0.0,0.0006324555320163247,0.0,0.0,0.0,0.0,-0.20000000000000284,-0.0020000000000000282,99.8,99.8,99.8,99.8,99.8,100.0,,,0.0,1,9,17,99.8,0.0,SAME,1.0
DWAL,2024-09-18,99.8,99.8,99.8,99.8,99.8,100.0,0.0,0.0,0.0,0.0,0.0,0.0,0.0,0.0,99.8,99.8,99.84,99.80081302935997,99.81103390638228,99.94612988649851,0.0,0.0,0.0006324555320163247,0.0,0.0,0.0,0.0,-0.20000000000000284,-0.0020000000000000282,99.8,99.8,99.8,99.8,99.8,100.0,,,0.0,2,9,18,99.8,0.0,SAME,1.0
DWAL,2024-09-19,99.8,99.8,99.8,99.8,99.8,100.0,0.0,0.0,0.0,0.0,0.0,0.0,0.0,0.0,99.8,99.8,99.82,99.80040651467999,99.8073559375882,99.91956081622604,0.0,0.0,0.0006324555320163247,0.0,0.0,0.0,0.0,-0.20000000000000284,-0.0020000000000000282,99.8,99.8,99.8,99.8,99.8,100.0,,,0.0,3,9,19,99.8,0.0,SAME,1.0
DWAL,2024-09-20,99.8,99.8,99.8,99.8,99.8,100.0,0.0,0.0,0.0,0.0,0.0,0.0,0.0,0.0,99.8,99.8,99.8,99.80020325734,99.80490395839215,99.89782248600311,0.0,0.0,0.0006324555320163247,0.0,0.0,0.0,0.0,-0.20000000000000284,-0.0020000000000000282,99.8,99.8,99.8,99.8,99.8,99.8,,,,4,9,20,99.8,0.0,SAME,1.0
DWAL,2024-09-24,99.8,99.8,99.8,99.8,99.8,99.8,0.0,0.0,0.0,0.0,0.0,0.0,0.0,0.0,99.8,99.8,99.8,99.80010162867,99.80326930559477,99.88003657945708,0.0,0.0,0.0,0.0,0.0,0.0,0.0,0.0,0.0,99.8,99.8,99.8,99.8,99.8,99.8,,,,1,9,24,99.8,0.0,SAME,1.0
DWAL,2024-09-25,99.8,99.8,99.8,99.8,99.8,99.8,0.0,0.0,0.0,0.0,0.0,0.0,0.0,0.0,99.8,99.8,99.8,99.80005081433501,99.80217953706318,99.86548447410124,0.0,0.0,0.0,0.0,0.0,0.0,0.0,0.0,0.0,99.8,99.8,99.8,99.8,99.8,99.8,,,,2,9,25,100.22,0.4200000000000017,UP,2.0
DWAL,2024-09-26,100.22,99.8,99.8,99.8,99.8,99.8,0.4200000000000017,0.4200000000000017,0.4200000000000017,0.00420841683366735,0.00420841683366735,0.00420841683366735,0.004199586214160314,0.004199586214160314,99.94,99.884,99.842,100.0100254071675,99.94145302470879,99.92994184244645,0.002429730591729753,0.0018820612235495402,0.0013308182537700355,0.4200000000000017,0.004208416833667352,0.4200000000000017,0.004208416833667352,0.4200000000000017,0.004208416833667352,99.8,100.22,99.8,100.22,99.8,100.22,1.0,1.0,1.0,3,9,26,100.22,0.0,SAME,1.0
DWAL,2024-09-27,100.22,100.22,99.8,99.8,99.8,99.8,0.0,0.4200000000000017,0.4200000000000017,0.0,0.00420841683366735,0.00420841683366735,0.0,0.004199586214160314,100.08,99.968,99.884,100.11501270358374,100.03430201647254,99.98267968927436,0.002429730591729753,0.0018820612235495402,0.0013308182537700355,0.4200000000000017,0.004208416833667352,0.4200000000000017,0.004208416833667352,0.4200000000000017,0.004208416833667352,99.8,100.22,99.8,100.22,99.8,100.22,1.0,1.0,1.0,4,9,27,100.22,0.0,SAME,1.0
DWAL,2024-09-30,100.22,100.22,100.22,99.8,99.8,99.8,0.0,0.0,0.4200000000000017,0.0,0.0,0.00420841683366735,0.0,0.0,100.22,100.05199999999999,99.926,100.16750635179187,100.09620134431503,100.02582883667901,0.002429730591729753,0.0018820612235495402,0.0013308182537700355,0.4200000000000017,0.004208416833667352,0.4200000000000017,0.004208416833667352,0.4200000000000017,0.004208416833667352,100.22,100.22,99.8,100.22,99.8,100.22,,1.0,1.0,0,9,30,100.22,0.0,SAME,1.0
DWAL,2024-10-01,100.22,100.22,100.22,100.22,99.8,99.8,0.0,0.0,0.0,0.0,0.0,0.0,0.0,0.0,100.22,100.136,99.96799999999999,100.19375317589594,100.1374675628767,100.06113268455555,0.0,0.0018820612235495402,0.0013308182537700355,0.0,0.0,0.4200000000000017,0.004208416833667352,0.4200000000000017,0.004208416833667352,100.22,100.22,99.8,100.22,99.8,100.22,,1.0,1.0,1,10,1,100.22,0.0,SAME,1.0
DWAL,2024-10-02,100.22,100.22,100.22,100.22,99.8,99.8,0.0,0.0,0.0,0.0,0.0,0.0,0.0,0.0,100.22,100.22,100.01,100.20687658794796,100.16497837525114,100.09001765099998,0.0,0.0018820612235495402,0.0013308182537700355,0.0,0.0,0.4200000000000017,0.004208416833667352,0.4200000000000017,0.004208416833667352,100.22,100.22,100.22,100.22,99.8,100.22,,,1.0,2,10,2,100.22,0.0,SAME,1.0
DWAL,2024-10-03,100.22,100.22,100.22,100.22,100.22,99.8,0.0,0.0,0.0,0.0,0.0,0.0,0.0,0.0,100.22,100.22,100.05199999999999,100.21343829397398,100.1833189168341,100.11365080536362,0.0,0.0,0.0013308182537700355,0.0,0.0,0.0,0.0,0.4200000000000017,0.004208416833667352,100.22,100.22,100.22,100.22,99.8,100.22,,,1.0,3,10,3,100.22,0.0,SAME,1.0
DWAL,2024-10-04,100.22,100.22,100.22,100.22,100.22,99.8,0.0,0.0,0.0,0.0,0.0,0.0,0.0,0.0,100.22,100.22,100.09400000000001,100.21671914698699,100.19554594455607,100.13298702257022,0.0,0.0,0.0013308182537700355,0.0,0.0,0.0,0.0,0.4200000000000017,0.004208416833667352,100.22,100.22,100.22,100.22,99.8,100.22,,,1.0,4,10,4,100.22,0.0,SAME,1.0
DWAL,2024-10-07,100.22,100.22,100.22,100.22,100.22,99.8,0.0,0.0,0.0,0.0,0.0,0.0,0.0,0.0,100.22,100.22,100.136,100.2183595734935,100.20369729637072,100.14880756392108,0.0,0.0,0.0013308182537700355,0.0,0.0,0.0,0.0,0.4200000000000017,0.004208416833667352,100.22,100.22,100.22,100.22,99.8,100.22,,,1.0,0,10,7,99.75,-0.46999999999999886,DOWN,0.0
DWAL,2024-10-08,99.75,100.22,100.22,100.22,100.22,99.8,-0.46999999999999886,-0.46999999999999886,-0.46999999999999886,-0.004689682698064246,-0.004689682698064246,-0.004689682698064246,-0.004700713761605739,-0.004700713761605739,100.06333333333333,100.126,100.131,99.98417978674675,100.05246486424716,100.07629709775361,0.002707589568096317,0.002097289861157614,0.0020997548632319747,-0.46999999999999886,-0.004689682698064248,-0.46999999999999886,-0.004689682698064248,-0.04999999999999716,-0.0005010020040079876,99.75,100.22,99.75,100.22,99.75,100.22,0.0,0.0,0.0,1,10,8,99.75,0.0,SAME,1.0
DWAL,2024-10-09,99.75,99.75,100.22,100.22,100.22,99.8,0.0,-0.46999999999999886,-0.46999999999999886,0.0,-0.004689682698064246,-0.004689682698064246,0.0,-0.004700713761605739,99.90666666666668,100.032,100.126,99.86708989337338,99.95164324283145,100.0169703527075,0.002707589568096317,0.002097289861157614,0.0020997548632319747,-0.46999999999999886,-0.004689682698064248,-0.46999999999999886,-0.004689682698064248,-0.04999999999999716,-0.0005010020040079876,99.75,100.22,99.75,100.22,99.75,100.22,0.0,0.0,0.0,2,10,9,99.75,0.0,SAME,1.0
DWAL,2024-10-10,99.75,99.75,99.75,100.22,100.22,100.22,0.0,0.0,-0.46999999999999886,0.0,0.0,-0.004689682698064246,0.0,0.0,99.75,99.93799999999999,100.079,99.80854494668668,99.8844288285543,99.96843028857886,0.002707589568096317,0.002097289861157614,0.0014830078829292733,-0.46999999999999886,-0.004689682698064248,-0.46999999999999886,-0.004689682698064248,-0.46999999999999886,-0.004689682698064248,99.75,99.75,99.75,100.22,99.75,100.22,,0.0,0.0,3,10,10,99.75,0.0,SAME,1.0
DWAL,2024-10-11,99.75,99.75,99.75,99.75,100.22,100.22,0.0,0.0,0.0,0.0,0.0,0.0,0.0,0.0,99.75,99.84400000000001,100.032,99.77927247334334,99.83961921903621,99.92871569065542,0.0,0.002097289861157614,0.0014830078829292733,0.0,0.0,-0.46999999999999886,-0.004689682698064248,-0.46999999999999886,-0.004689682698064248,99.75,99.75,99.75,100.22,99.75,100.22,,0.0,0.0,4,10,11,99.75,0.0,SAME,1.0
DWAL,2024-10-14,99.75,99.75,99.75,99.75,100.22,100.22,0.0,0.0,0.0,0.0,0.0,0.0,0.0,0.0,99.75,99.75,99.98499999999999,99.76463623667166,99.80974614602415,99.89622192871808,0.0,0.002097289861157614,0.0014830078829292733,0.0,0.0,-0.46999999999999886,-0.004689682698064248,-0.46999999999999886,-0.004689682698064248,99.75,99.75,99.75,99.75,99.75,100.22,,,0.0,0,10,14,99.75,0.0,SAME,1.0
DWAL,2024-10-15,99.75,99.75,99.75,99.75,99.75,100.22,0.0,0.0,0.0,0.0,0.0,0.0,0.0,0.0,99.75,99.75,99.938,99.75731811833583,99.78983076401612,99.8696361234966,0.0,0.0,0.0014830078829292733,0.0,0.0,0.0,0.0,-0.46999999999999886,-0.004689682698064248,99.75,99.75,99.75,99.75,99.75,100.22,,,0.0,1,10,15,102.63,2.8799999999999955,UP,2.0
DWAL,2024-10-16,102.63,99.75,99.75,99.75,99.75,100.22,2.8799999999999955,2.8799999999999955,2.8799999999999955,0.028872180451127827,0.028872180451127827,0.028872180451127827,0.02846323188765017,0.02846323188765017,100.71,100.326,100.179,101.19365905916791,100.73655384267741,100.37152046467904,0.01666936115554274,0.01291203162947285,0.009411084528676934,2.8799999999999955,0.028872180451127775,2.8799999999999955,0.028872180451127775,2.4099999999999966,0.024047096387946484,99.75,102.63,99.75,102.63,99.75,102.63,1.0,1.0,1.0,2,10,16,102.63,0.0,SAME,1.0
DWAL,2024-10-17,102.63,102.63,99.75,99.75,99.75,100.22,0.0,2.8799999999999955,2.8799999999999955,0.0,0.028872180451127827,0.028872180451127827,0.0,0.02846323188765017,101.67,100.902,100.41999999999999,101.91182952958395,101.36770256178494,100.78215310746465,0.01666936115554274,0.01291203162947285,0.009411084528676934,2.8799999999999955,0.028872180451127775,2.8799999999999955,0.028872180451127775,2.4099999999999966,0.024047096387946484,99.75,102.63,99.75,102.63,99.75,102.63,1.0,1.0,1.0,3,10,17,102.63,0.0,SAME,1.0
DWAL,2024-10-18,102.63,102.63,102.63,99.75,99.75,100.22,0.0,0.0,2.8799999999999955,0.0,0.0,0.028872180451127827,0.0,0.0,102.63,101.478,100.661,102.27091476479197,101.78846837452329,101.1181252697438,0.01666936115554274,0.01291203162947285,0.009411084528676934,2.8799999999999955,0.028872180451127775,2.8799999999999955,0.028872180451127775,2.4099999999999966,0.024047096387946484,102.63,102.63,99.75,102.63,99.75,102.63,,1.0,1.0,4,10,18,100.98,-1.6499999999999915,DOWN,0.0
DWAL,2024-10-21,100.98,102.63,102.63,102.63,99.75,100.22,-1.6499999999999915,-1.6499999999999915,-1.6499999999999915,-0.01607717041800638,-0.01607717041800638,-0.01607717041800638,-0.01620781022685331,-0.01620781022685331,102.08,101.72399999999999,100.737,101.62545738239598,101.51897891634887,101.09301158433583,0.009282158668630365,0.016273719276049124,0.01109304939209729,-1.6499999999999915,-0.01607717041800635,1.230000000000004,0.012330827067669213,0.7600000000000051,0.007583316703252895,100.98,102.63,99.75,102.63,99.75,102.63,0.0,0.42708333333333537,0.42708333333333537,0,10,21,100.98,0.0,SAME,1.0
DWAL,2024-10-22,100.98,100.98,102.63,102.63,99.75,99.75,0.0,-1.6499999999999915,-1.6499999999999915,0.0,-0.01607717041800638,-0.01607717041800638,0.0,-0.01620781022685331,101.53000000000002,101.97,100.86,101.30272869119798,101.33931927756592,101.07246402354748,0.009282158668630365,0.016273719276049124,0.010932657420555991,-1.6499999999999915,-0.01607717041800635,1.230000000000004,0.012330827067669213,1.230000000000004,0.012330827067669213,100.98,102.63,100.98,102.63,99.75,102.63,0.0,0.0,0.42708333333333537,1,10,22,100.98,0.0,SAME,1.0
DWAL,2024-10-23,100.98,100.98,100.98,102.63,102.63,99.75,0.0,0.0,-1.6499999999999915,0.0,0.0,-0.01607717041800638,0.0,0.0,100.98,101.64000000000001,100.983,101.14136434559899,101.21954618504395,101.05565238290248,0.009282158668630365,0.007189929188102892,0.010932657420555991,-1.6499999999999915,-0.01607717041800635,-1.6499999999999915,-0.01607717041800635,1.230000000000004,0.012330827067669213,100.98,100.98,100.98,102.63,99.75,102.63,,0.0,0.42708333333333537,2,10,23,100.98,0.0,SAME,1.0
DWAL,2024-10-24,100.98,100.98,100.98,100.98,102.63,99.75,0.0,0.0,0.0,0.0,0.0,0.0,0.0,0.0,100.98,101.31000000000002,101.10600000000001,101.06068217279949,101.13969745669597,101.04189740419294,0.0,0.007189929188102892,0.010932657420555991,0.0,0.0,-1.6499999999999915,-0.01607717041800635,1.230000000000004,0.012330827067669213,100.98,100.98,100.98,102.63,99.75,102.63,,0.0,0.42708333333333537,3,10,24,100.98,0.0,SAME,1.0
DWAL,2024-10-25,100.98,100.98,100.98,100.98,102.63,99.75,0.0,0.0,0.0,0.0,0.0,0.0,0.0,0.0,100.98,100.98,101.22900000000001,101.02034108639975,101.08646497113065,101.0306433307033,0.0,0.007189929188102892,0.010932657420555991,0.0,0.0,-1.6499999999999915,-0.01607717041800635,1.230000000000004,0.012330827067669213,100.98,100.98,100.98,100.98,99.75,102.63,,,0.42708333333333537,4,10,25,100.1,-0.8800000000000097,DOWN,0.0
DWAL,2024-10-28,100.1,100.98,100.98,100.98,100.98,99.75,-0.8800000000000097,-0.8800000000000097,-0.8800000000000097,-0.008714596949891185,-0.008714596949891185,-0.008714596949891185,-0.008752791109594857,-0.008752791109594857,100.68666666666667,100.804,101.264,100.56017054319987,100.7576433140871,100.86143545239361,0.005031374894874552,0.003897286235295083,0.011383991857760338,-0.8800000000000097,-0.008714596949891162,-0.8800000000000097,-0.008714596949891162,0.3499999999999943,0.0035087719298245042,100.1,100.98,100.1,100.98,99.75,102.63,0.0,0.0,0.121527777777776,0,10,28,100.1,0.0,SAME,1.0
DWAL,2024-10-29,100.1,100.1,100.98,100.98,100.98,99.75,0.0,-0.8800000000000097,-0.8800000000000097,0.0,-0.008714596949891185,-0.008714596949891185,0.0,-0.008752791109594857,100.39333333333333,100.628,101.299,100.33008527159993,100.53842887605808,100.7229926428675,0.005031374894874551,0.003897286235295083,0.011383991857760338,-0.8800000000000097,-0.008714596949891162,-0.8800000000000097,-0.008714596949891162,0.3499999999999943,0.0035087719298245042,100.1,100.98,100.1,100.98,100.1,102.63,0.0,0.0,0.0,1,10,29,100.1,0.0,SAME,1.0
DWAL,2024-10-30,100.1,100.1,100.1,100.98,100.98,102.63,0.0,0.0,-0.8800000000000097,0.0,0.0,-0.008714596949891185,0.0,0.0,100.1,100.452,101.046,100.21504263579996,100.39228591737205,100.60972125325522,0.005031374894874551,0.003897286235295083,0.005507131091453452,-0.8800000000000097,-0.008714596949891162,-0.8800000000000097,-0.008714596949891162,-2.530000000000001,-0.024651661307609873,100.1,100.1,100.1,100.98,100.1,102.63,,0.0,0.0,2,10,30,100.1,0.0,SAME,1.0
DWAL,2024-10-31,100.1,100.1,100.1,100.1,100.98,102.63,0.0,0.0,0.0,0.0,0.0,0.0,0.0,0.0,100.1,100.27599999999998,100.793,100.15752131789998,100.29485727824803,100.51704466175427,0.0,0.003897286235295083,0.005507131091453452,0.0,0.0,-0.8800000000000097,-0.008714596949891162,-2.530000000000001,-0.024651661307609873,100.1,100.1,100.1,100.98,100.1,102.63,,0.0,0.0,3,10,31,99.05,-1.0499999999999972,DOWN,0.0
DWAL,2024-11-04,99.05,100.1,100.1,100.1,100.98,102.63,-1.0499999999999972,-1.0499999999999972,-1.0499999999999972,-0.010489510489510412,-0.010489510489510412,-0.010489510489510412,-0.010544913176614887,-0.010544913176614887,99.75,99.89,100.435,99.60376065895,99.87990485216537,100.25030926870804,0.006056121704766128,0.0052965668550445455,0.005962592484564458,-1.0499999999999972,-0.010489510489510462,-1.9300000000000068,-0.019112695583283885,-3.5799999999999983,-0.034882587937250305,99.05,100.1,99.05,100.1,99.05,100.98,0.0,0.0,0.0,0,11,4,99.05,0.0,SAME,1.0
DWAL,2024-11-05,99.05,99.05,100.1,100.1,100.1,100.98,0.0,-1.0499999999999972,-1.0499999999999972,0.0,-0.010489510489510412,-0.010489510489510412,0.0,-0.010544913176614887,99.39999999999999,99.67999999999999,100.24199999999999,99.32688032947499,99.60326990144358,100.03207121985201,0.006056121704766128,0.0046910517010495395,0.004070138627914782,-1.0499999999999972,-0.010489510489510462,-1.0499999999999972,-0.010489510489510462,-1.9300000000000068,-0.019112695583283885,99.05,100.1,99.05,100.1,99.05,100.98,0.0,0.0,0.0,1,11,5,99.06,0.010000000000005116,UP,2.0
DWAL,2024-11-06,99.06,99.05,99.05,100.1,100.1,100.98,0.010000000000005116,0.010000000000005116,-1.039999999999992,0.00010095911155993953,0.00010095911155993953,-0.010389610389610282,0.00010095401553182681,0.00010095401553182681,99.05333333333333,99.47200000000001,100.05,99.1934401647375,99.42217993429573,99.85533099806074,0.006085475459670201,0.004702542480013672,0.004075553070130608,-1.039999999999992,-0.010389610389610312,-1.039999999999992,-0.010389610389610312,-1.9200000000000017,-0.019013666072489617,99.05,99.06,99.05,100.1,99.05,100.98,1.0,0.009523809523814422,0.0051813471502617,2,11,6,99.06,0.0,SAME,1.0
DWAL,2024-11-07,99.06,99.06,99.05,99.05,100.1,100.98,0.0,0.010000000000005116,0.010000000000005116,0.0,0.00010095911155993953,0.00010095911155993953,0.0,0.00010095401553182681,99.05666666666667,99.264,99.85799999999999,99.12672008236875,99.30145328953049,99.71072536204969,5.828876814224774e-05,0.004702542480013672,0.004075553070130608,0.010000000000005116,0.00010095911155986992,-1.039999999999992,-0.010389610389610312,-1.9200000000000017,-0.019013666072489617,99.05,99.06,99.05,100.1,99.05,100.98,1.0,0.009523809523814422,0.0051813471502617,3,11,7,99.06,0.0,SAME,1.0
DWAL,2024-11-08,99.06,99.06,99.06,99.05,100.1,100.98,0.0,0.0,0.010000000000005116,0.0,0.0,0.00010095911155993953,0.0,0.0,99.06,99.05600000000001,99.666,99.09336004118438,99.22096885968699,99.59241165985883,5.828876814224774e-05,0.004702542480013672,0.004075553070130608,0.010000000000005116,0.00010095911155986992,-1.039999999999992,-0.010389610389610312,-1.9200000000000017,-0.019013666072489617,99.06,99.06,99.05,99.06,99.05,100.98,,1.0,0.0051813471502617,4,11,8,99.06,0.0,SAME,1.0
DWAL,2024-11-12,99.06,99.06,99.06,99.06,99.05,100.98,0.0,0.0,0.0,0.0,0.0,0.0,0.0,0.0,99.06,99.058,99.47399999999999,99.07668002059219,99.16731257312466,99.4956095398845,0.0,4.5150287389178136e-05,0.004075553070130608,0.0,0.0,0.010000000000005116,0.00010095911155986992,-1.9200000000000017,-0.019013666072489617,99.06,99.06,99.05,99.06,99.05,100.1,,1.0,0.009523809523814422,1,11,12,99.06,0.0,SAME,1.0
DWAL,2024-11-13,99.06,99.06,99.06,99.06,99.05,100.1,0.0,0.0,0.0,0.0,0.0,0.0,0.0,0.0,99.06,99.06,99.37,99.0683400102961,99.13154171541645,99.41640780536004,0.0,4.5150287389178136e-05,0.0033207733884732128,0.0,0.0,0.010000000000005116,0.00010095911155986992,-1.039999999999992,-0.010389610389610312,99.06,99.06,99.06,99.06,99.05,100.1,,,0.009523809523814422,2,11,13,99.06,0.0,SAME,1.0
DWAL,2024-11-14,99.06,99.06,99.06,99.06,99.06,100.1,0.0,0.0,0.0,0.0,0.0,0.0,0.0,0.0,99.06,99.06,99.26599999999999,99.06417000514804,99.1076944769443,99.35160638620367,0.0,0.0,0.0033207733884732128,0.0,0.0,0.0,0.0,-1.039999999999992,-0.010389610389610312,99.06,99.06,99.06,99.06,99.05,100.1,,,0.009523809523814422,3,11,14,99.06,0.0,SAME,1.0
DWAL,2024-11-15,99.06,99.06,99.06,99.06,99.06,100.1,0.0,0.0,0.0,0.0,0.0,0.0,0.0,0.0,99.06,99.06,99.162,99.06208500257402,99.09179631796287,99.29858704325754,0.0,0.0,0.0033207733884732128,0.0,0.0,0.0,0.0,-1.039999999999992,-0.010389610389610312,99.06,99.06,99.06,99.06,99.05,100.1,,,0.009523809523814422,4,11,15,99.06,0.0,SAME,1.0
DWAL,2024-11-18,99.06,99.06,99.06,99.06,99.06,100.1,0.0,0.0,0.0,0.0,0.0,0.0,0.0,0.0,99.06,99.06,99.05799999999999,99.061042501287,99.08119754530858,99.25520758084707,0.0,0.0,0.0033207733884732128,0.0,0.0,0.0,0.0,-1.039999999999992,-0.010389610389610312,99.06,99.06,99.06,99.06,99.05,99.06,,,1.0,0,11,18,99.06,0.0,SAME,1.0
DWAL,2024-11-19,99.06,99.06,99.06,99.06,99.06,99.05,0.0,0.0,0.0,0.0,0.0,0.0,0.0,0.0,99.06,99.06,99.059,99.0605212506435,99.0741316968724,99.21971529342032,0.0,0.0,3.1926073964068627e-05,0.0,0.0,0.0,0.0,0.010000000000005116,0.00010095911155986992,99.06,99.06,99.06,99.06,99.05,99.06,,,1.0,1,11,19,99.06,0.0,SAME,1.0
DWAL,2024-11-20,99.06,99.06,99.06,99.06,99.06,99.05,0.0,0.0,0.0,0.0,0.0,0.0,0.0,0.0,99.06,99.06,99.06,99.06026062532175,99.06942113124828,99.19067614916207,0.0,0.0,3.1926073964068627e-05,0.0,0.0,0.0,0.0,0.010000000000005116,0.00010095911155986992,99.06,99.06,99.06,99.06,99.06,99.06,,,,2,11,20,99.06,0.0,SAME,1.0
DWAL,2024-11-21,99.06,99.06,99.06,99.06,99.06,99.06,0.0,0.0,0.0,0.0,0.0,0.0,0.0,0.0,99.06,99.06,99.06,99.06013031266087,99.06628075416552,99.16691684931442,0.0,0.0,0.0,0.0,0.0,0.0,0.0,0.0,0.0,99.06,99.06,99.06,99.06,99.06,99.06,,,,3,11,21,99.06,0.0,SAME,1.0
DWAL,2024-11-22,99.06,99.06,99.06,99.06,99.06,99.06,0.0,0.0,0.0,0.0,0.0,0.0,0.0,0.0,99.06,99.06,99.06,99.06006515633044,99.06418716944368,99.14747742216635,0.0,0.0,0.0,0.0,0.0,0.0,0.0,0.0,0.0,99.06,99.06,99.06,99.06,99.06,99.06,,,,4,11,22,99.06,0.0,SAME,1.0
DWAL,2024-11-25,99.06,99.06,99.06,99.06,99.06,99.06,0.0,0.0,0.0,0.0,0.0,0.0,0.0,0.0,99.06,99.06,99.06,99.06003257816522,99.06279144629579,99.13157243631792,0.0,0.0,0.0,0.0,0.0,0.0,0.0,0.0,0.0,99.06,99.06,99.06,99.06,99.06,99.06,,,,0,11,25,98.76,-0.29999999999999716,DOWN,0.0
DWAL,2024-11-26,98.76,99.06,99.06,99.06,99.06,99.06,-0.29999999999999716,-0.29999999999999716,-0.29999999999999716,-0.0030284675953966556,-0.0030284675953966556,-0.0030284675953966556,-0.0030330626831128137,-0.0030330626831128137,98.96,99.0,99.03,98.91001628908262,98.9618609641972,99.06401381153283,0.0017484865813645531,0.0013543718821961222,0.000957685542135215,-0.29999999999999716,-0.0030284675953967007,-0.29999999999999716,-0.0030284675953967007,-0.29999999999999716,-0.0030284675953967007,98.76,99.06,98.76,99.06,98.76,99.06,0.0,0.0,0.0,1,11,26,98.76,0.0,SAME,1.0
DWAL,2024-11-27,98.76,98.76,99.06,99.06,99.06,99.06,0.0,-0.29999999999999716,-0.29999999999999716,0.0,-0.0030284675953966556,-0.0030284675953966556,0.0,-0.0030330626831128137,98.86,98.94,99.0,98.83500814454132,98.89457397613148,99.0087385730723,0.0017484865813645531,0.0013543718821961222,0.000957685542135215,-0.29999999999999716,-0.0030284675953967007,-0.29999999999999716,-0.0030284675953967007,-0.29999999999999716,-0.0030284675953967007,98.76,99.06,98.76,99.06,98.76,99.06,0.0,0.0,0.0,2,11,27,98.76,0.0,SAME,1.0
DWAL,2024-11-28,98.76,98.76,98.76,99.06,99.06,99.06,0.0,0.0,-0.29999999999999716,0.0,0.0,-0.0030284675953966556,0.0,0.0,98.76,98.88,98.97,98.79750407227067,98.84971598408767,98.96351337796824,0.0017484865813645531,0.0013543718821961222,0.000957685542135215,-0.29999999999999716,-0.0030284675953967007,-0.29999999999999716,-0.0030284675953967007,-0.29999999999999716,-0.0030284675953967007,98.76,98.76,98.76,99.06,98.76,99.06,,0.0,0.0,3,11,28,98.76,0.0,SAME,1.0
DWAL,2024-11-29,98.76,98.76,98.76,98.76,99.06,99.06,0.0,0.0,0.0,0.0,0.0,0.0,0.0,0.0,98.76,98.82000000000001,98.94,98.77875203613533,98.81981065605845,98.92651094561037,0.0,0.0013543718821961222,0.000957685542135215,0.0,0.0,-0.29999999999999716,-0.0030284675953967007,-0.29999999999999716,-0.0030284675953967007,98.76,98.76,98.76,99.06,98.76,99.06,,0.0,0.0,4,11,29,98.76,0.0,SAME,1.0
DWAL,2024-12-02,98.76,98.76,98.76,98.76,99.06,99.06,0.0,0.0,0.0,0.0,0.0,0.0,0.0,0.0,98.76,98.76,98.91000000000001,98.76937601806767,98.79987377070564,98.89623622822666,0.0,0.0013543718821961222,0.000957685542135215,0.0,0.0,-0.29999999999999716,-0.0030284675953967007,-0.29999999999999716,-0.0030284675953967007,98.76,98.76,98.76,98.76,98.76,99.06,,,0.0,0,12,2,98.76,0.0,SAME,1.0
DWAL,2024-12-03,98.76,98.76,98.76,98.76,98.76,99.06,0.0,0.0,0.0,0.0,0.0,0.0,0.0,0.0,98.76,98.76,98.88000000000001,98.76468800903385,98.78658251380378,98.8714660049127,0.0,0.0,0.000957685542135215,0.0,0.0,0.0,0.0,-0.29999999999999716,-0.0030284675953967007,98.76,98.76,98.76,98.76,98.76,99.06,,,0.0,1,12,3,99.0,0.23999999999999488,UP,2.0
DWAL,2024-12-04,99.0,98.76,98.76,98.76,98.76,99.06,0.23999999999999488,0.23999999999999488,0.23999999999999488,0.002430133657351119,0.002430133657351119,0.002430133657351119,0.0024271856576111375,0.0024271856576111375,98.84000000000002,98.808,98.87400000000001,98.88234400451692,98.8577216758692,98.8948358222013,0.0014030383211514022,0.0010867888104540205,0.001292773298791709,0.23999999999999488,0.0024301336573511025,0.23999999999999488,0.0024301336573511025,-0.060000000000002274,-0.0006056935190793688,98.76,99.0,98.76,99.0,98.76,99.06,1.0,1.0,0.7999999999999905,2,12,4,96.54,-2.4599999999999937,DOWN,0.0
DWAL,2024-12-05,96.54,99.0,98.76,98.76,98.76,99.06,-2.4599999999999937,-2.219999999999999,-2.219999999999999,-0.024848484848484786,-0.022478736330498128,-0.022478736330498128,-0.02516241990224302,-0.02273523424463186,98.10000000000001,98.364,98.622,97.71117200225846,98.08514778391282,98.46668385452833,0.01509677546389429,0.011432806466832717,0.0079426437398156,-2.219999999999999,-0.022478736330498166,-2.219999999999999,-0.022478736330498166,-2.519999999999996,-0.025439127801332485,96.54,99.0,96.54,99.0,96.54,99.06,0.0,0.0,0.0,3,12,5,96.54,0.0,SAME,1.0
DWAL,2024-12-06,96.54,96.54,99.0,98.76,98.76,99.06,0.0,-2.4599999999999937,-2.219999999999999,0.0,-0.024848484848484786,-0.022478736330498128,0.0,-0.02516241990224302,97.36000000000001,97.92,98.37,97.12558600112924,97.57009852260856,98.11637769915953,0.01509677546389429,0.011432806466832717,0.0079426437398156,-2.219999999999999,-0.022478736330498166,-2.219999999999999,-0.022478736330498166,-2.519999999999996,-0.025439127801332485,96.54,99.0,96.54,99.0,96.54,99.06,0.0,0.0,0.0,4,12,6,96.54,0.0,SAME,1.0
DWAL,2024-12-09,96.54,96.54,96.54,99.0,98.76,99.06,0.0,0.0,-2.4599999999999937,0.0,0.0,-0.024848484848484786,0.0,0.0,96.54,97.476,98.11800000000001,96.83279300056462,97.2267323484057,97.82976357203961,0.014346279416218565,0.011432806466832717,0.0079426437398156,-2.4599999999999937,-0.024848484848484786,-2.219999999999999,-0.022478736330498166,-2.519999999999996,-0.025439127801332485,96.54,96.54,96.54,99.0,96.54,99.0,,0.0,0.0,0,12,9,96.54,0.0,SAME,1.0
DWAL,2024-12-10,96.54,96.54,96.54,96.54,98.76,98.76,0.0,0.0,0.0,0.0,0.0,0.0,0.0,0.0,96.54,97.03200000000001,97.896,96.68639650028231,96.9978215656038,97.59526110439603,0.0,0.011432806466832717,0.007979797420464528,0.0,0.0,-2.219999999999999,-0.022478736330498166,-2.219999999999999,-0.022478736330498166,96.54,96.54,96.54,99.0,96.54,99.0,,0.0,0.0,1,12,10,96.54,0.0,SAME,1.0
DWAL,2024-12-11,96.54,96.54,96.54,96.54,99.0,98.76,0.0,0.0,0.0,0.0,0.0,0.0,0.0,0.0,96.54,96.54,97.674,96.61319825014115,96.8452143770692,97.40339544905129,0.0,0.011112580251817562,0.007979797420464528,0.0,0.0,-2.4599999999999937,-0.024848484848484786,-2.219999999999999,-0.022478736330498166,96.54,96.54,96.54,96.54,96.54,99.0,,,0.0,2,12,11,100.0,3.4599999999999937,UP,2.0
DWAL,2024-12-12,100.0,96.54,96.54,96.54,96.54,98.76,3.4599999999999937,3.4599999999999937,3.4599999999999937,0.03584006629376413,0.03584006629376413,0.03584006629376413,0.03521275575574442,0.03521275575574442,97.69333333333334,97.232,97.798,98.30659912507058,97.8968095847128,97.8755053674056,0.020692271922472815,0.016028164910191413,0.014490797298705598,3.4599999999999937,0.035840066293764176,3.4599999999999937,0.035840066293764176,1.2399999999999949,0.012555690562980911,96.54,100.0,96.54,100.0,96.54,100.0,1.0,1.0,1.0,3,12,12,100.0,0.0,SAME,1.0
DWAL,2024-12-13,100.0,100.0,96.54,96.54,96.54,98.76,0.0,3.4599999999999937,3.4599999999999937,0.0,0.03584006629376413,0.03584006629376413,0.0,0.03521275575574442,98.84666666666665,97.924,97.922,99.1532995625353,98.59787305647521,98.2617771187864,0.020692271922472815,0.016028164910191413,0.014490797298705598,3.4599999999999937,0.035840066293764176,3.4599999999999937,0.035840066293764176,1.2399999999999949,0.012555690562980911,96.54,100.0,96.54,100.0,96.54,100.0,1.0,1.0,1.0,4,12,13,100.0,0.0,SAME,1.0
DWAL,2024-12-16,100.0,100.0,100.0,96.54,96.54,98.76,0.0,0.0,3.4599999999999937,0.0,0.0,0.03584006629376413,0.0,0.0,100.0,98.61600000000001,98.046,99.57664978126765,99.06524870431682,98.57781764264341,0.020692271922472815,0.016028164910191413,0.014490797298705598,3.4599999999999937,0.035840066293764176,3.4599999999999937,0.035840066293764176,1.2399999999999949,0.012555690562980911,100.0,100.0,96.54,100.0,96.54,100.0,,1.0,1.0,0,12,16,100.0,0.0,SAME,1.0
DWAL,2024-12-18,100.0,100.0,100.0,100.0,96.54,98.76,0.0,0.0,0.0,0.0,0.0,0.0,0.0,0.0,100.0,99.308,98.17,99.78832489063382,99.37683246954455,98.83639625307188,0.0,0.016028164910191413,0.014490797298705598,0.0,0.0,3.4599999999999937,0.035840066293764176,1.2399999999999949,0.012555690562980911,100.0,100.0,96.54,100.0,96.54,100.0,,1.0,1.0,2,12,18,100.0,0.0,SAME,1.0
DWAL,2024-12-19,100.0,100.0,100.0,100.0,96.54,99.0,0.0,0.0,0.0,0.0,0.0,0.0,0.0,0.0,100.0,100.0,98.27000000000001,99.89416244531691,99.58455497969638,99.04796057069518,0.0,0.016028164910191413,0.014490901608863127,0.0,0.0,3.4599999999999937,0.035840066293764176,1.0,0.010101010101010102,100.0,100.0,100.0,100.0,96.54,100.0,,,1.0,3,12,19,100.0,0.0,SAME,1.0
DWAL,2024-12-20,100.0,100.0,100.0,100.0,100.0,96.54,0.0,0.0,0.0,0.0,0.0,0.0,0.0,0.0,100.0,100.0,98.61600000000001,99.94708122265845,99.72303665313092,99.2210586487506,0.0,0.0,0.011333624097971437,0.0,0.0,0.0,0.0,3.4599999999999937,0.035840066293764176,100.0,100.0,100.0,100.0,96.54,100.0,,,1.0,4,12,20,100.0,0.0,SAME,1.0
DWAL,2024-12-23,100.0,100.0,100.0,100.0,100.0,96.54,0.0,0.0,0.0,0.0,0.0,0.0,0.0,0.0,100.0,100.0,98.96200000000002,99.97354061132923,99.81535776875396,99.36268434897777,0.0,0.0,0.011333624097971437,0.0,0.0,0.0,0.0,3.4599999999999937,0.035840066293764176,100.0,100.0,100.0,100.0,96.54,100.0,,,1.0,0,12,23,100.0,0.0,SAME,1.0
DWAL,2024-12-24,100.0,100.0,100.0,100.0,100.0,96.54,0.0,0.0,0.0,0.0,0.0,0.0,0.0,0.0,100.0,100.0,99.30799999999999,99.9867703056646,99.87690517916931,99.47855992189089,0.0,0.0,0.011333624097971437,0.0,0.0,0.0,0.0,3.4599999999999937,0.035840066293764176,100.0,100.0,100.0,100.0,96.54,100.0,,,1.0,1,12,24,100.0,0.0,SAME,1.0
DWAL,2024-12-25,100.0,100.0,100.0,100.0,100.0,96.54,0.0,0.0,0.0,0.0,0.0,0.0,0.0,0.0,100.0,100.0,99.654,99.9933851528323,99.91793678611288,99.57336720881982,0.0,0.0,0.011333624097971437,0.0,0.0,0.0,0.0,3.4599999999999937,0.035840066293764176,100.0,100.0,100.0,100.0,96.54,100.0,,,1.0,2,12,25,100.0,0.0,SAME,1.0
DWAL,2024-12-26,100.0,100.0,100.0,100.0,100.0,96.54,0.0,0.0,0.0,0.0,0.0,0.0,0.0,0.0,100.0,100.0,100.0,99.99669257641615,99.94529119074193,99.65093680721621,0.0,0.0,0.011333624097971437,0.0,0.0,0.0,0.0,3.4599999999999937,0.035840066293764176,100.0,100.0,100.0,100.0,100.0,100.0,,,,3,12,26,95.62,-4.3799999999999955,DOWN,0.0
DWAL,2024-12-27,95.62,100.0,100.0,100.0,100.0,100.0,-4.3799999999999955,-4.3799999999999955,-4.3799999999999955,-0.04379999999999995,-0.04379999999999995,-0.04379999999999995,-0.044788182790134,-0.044788182790134,98.54,99.124,99.56200000000001,97.80834628820807,98.50352746049462,98.91803920590417,0.025287941790500798,0.019587955482898396,0.013850776151536695,-4.3799999999999955,-0.04379999999999996,-4.3799999999999955,-0.04379999999999996,-4.3799999999999955,-0.04379999999999996,95.62,100.0,95.62,100.0,95.62,100.0,0.0,0.0,0.0,4,12,27,95.62,0.0,SAME,1.0
DWAL,2024-12-30,95.62,95.62,100.0,100.0,100.0,100.0,0.0,-4.3799999999999955,-4.3799999999999955,0.0,-0.04379999999999995,-0.04379999999999995,0.0,-0.044788182790134,97.08,98.248,99.124,96.71417314410404,97.54235164032976,98.31839571392159,0.025287941790500798,0.019587955482898396,0.013850776151536695,-4.3799999999999955,-0.04379999999999996,-4.3799999999999955,-0.04379999999999996,-4.3799999999999955,-0.04379999999999996,95.62,100.0,95.62,100.0,95.62,100.0,0.0,0.0,0.0,0,12,30,95.62,0.0,SAME,1.0
DWAL,2024-12-31,95.62,95.62,95.62,100.0,100.0,100.0,0.0,0.0,-4.3799999999999955,0.0,0.0,-0.04379999999999995,0.0,0.0,95.62,97.372,98.686,96.16708657205203,96.90156776021985,97.82777831139039,0.025287941790500798,0.019587955482898396,0.013850776151536695,-4.3799999999999955,-0.04379999999999996,-4.3799999999999955,-0.04379999999999996,-4.3799999999999955,-0.04379999999999996,95.62,95.62,95.62,100.0,95.62,100.0,,0.0,0.0,1,12,31,95.62,0.0,SAME,1.0
DWAL,2025-01-01,95.62,95.62,95.62,95.62,100.0,100.0,0.0,0.0,0.0,0.0,0.0,0.0,0.0,0.0,95.62,96.49600000000001,98.248,95.89354328602602,96.47437850681324,97.42636407295578,0.0,0.019587955482898396,0.013850776151536695,0.0,0.0,-4.3799999999999955,-0.04379999999999996,-4.3799999999999955,-0.04379999999999996,95.62,95.62,95.62,100.0,95.62,100.0,,0.0,0.0,2,1,1,95.62,0.0,SAME,1.0
DWAL,2025-01-03,95.62,95.62,95.62,95.62,100.0,100.0,0.0,0.0,0.0,0.0,0.0,0.0,0.0,0.0,95.62,95.62,97.81000000000002,95.75677164301301,96.18958567120883,97.09793424150926,0.0,0.019587955482898396,0.013850776151536695,0.0,0.0,-4.3799999999999955,-0.04379999999999996,-4.3799999999999955,-0.04379999999999996,95.62,95.62,95.62,95.62,95.62,100.0,,,0.0,4,1,3,95.62,0.0,SAME,1.0
DWAL,2025-01-06,95.62,95.62,95.62,95.62,95.62,100.0,0.0,0.0,0.0,0.0,0.0,0.0,0.0,0.0,95.62,95.62,97.372,95.6883858215065,95.9997237808059,96.82921892487121,0.0,0.0,0.013850776151536695,0.0,0.0,0.0,0.0,-4.3799999999999955,-0.04379999999999996,95.62,95.62,95.62,95.62,95.62,100.0,,,0.0,0,1,6,95.62,0.0,SAME,1.0
DWAL,2025-01-07,95.62,95.62,95.62,95.62,95.62,100.0,0.0,0.0,0.0,0.0,0.0,0.0,0.0,0.0,95.62,95.62,96.93400000000001,95.65419291075325,95.87314918720394,96.609360938531,0.0,0.0,0.013850776151536695,0.0,0.0,0.0,0.0,-4.3799999999999955,-0.04379999999999996,95.62,95.62,95.62,95.62,95.62,100.0,,,0.0,1,1,7,95.62,0.0,SAME,1.0
DWAL,2025-01-08,95.62,95.62,95.62,95.62,95.62,100.0,0.0,0.0,0.0,0.0,0.0,0.0,0.0,0.0,95.62,95.62,96.49600000000001,95.63709645537662,95.78876612480263,96.42947713152536,0.0,0.0,0.013850776151536695,0.0,0.0,0.0,0.0,-4.3799999999999955,-0.04379999999999996,95.62,95.62,95.62,95.62,95.62,100.0,,,0.0,2,1,8,95.62,0.0,SAME,1.0
DWAL,2025-01-09,95.62,95.62,95.62,95.62,95.62,100.0,0.0,0.0,0.0,0.0,0.0,0.0,0.0,0.0,95.62,95.62,96.05800000000002,95.62854822768831,95.73251074986842,96.28229947124802,0.0,0.0,0.013850776151536695,0.0,0.0,0.0,0.0,-4.3799999999999955,-0.04379999999999996,95.62,95.62,95.62,95.62,95.62,100.0,,,0.0,3,1,9,95.62,0.0,SAME,1.0
DWAL,2025-01-10,95.62,95.62,95.62,95.62,95.62,100.0,0.0,0.0,0.0,0.0,0.0,0.0,0.0,0.0,95.62,95.62,95.62,95.62427411384417,95.69500716657896,96.16188138556656,0.0,0.0,0.013850776151536695,0.0,0.0,0.0,0.0,-4.3799999999999955,-0.04379999999999996,95.62,95.62,95.62,95.62,95.62,95.62,,,,4,1,10,95.62,0.0,SAME,1.0
DWAL,2025-01-13,95.62,95.62,95.62,95.62,95.62,95.62,0.0,0.0,0.0,0.0,0.0,0.0,0.0,0.0,95.62,95.62,95.62,95.62213705692209,95.67000477771931,96.06335749728173,0.0,0.0,0.0,0.0,0.0,0.0,0.0,0.0,0.0,95.62,95.62,95.62,95.62,95.62,95.62,,,,0,1,13,95.93,0.3100000000000023,UP,2.0
DWAL,2025-01-14,95.93,95.62,95.62,95.62,95.62,95.62,0.3100000000000023,0.3100000000000023,0.3100000000000023,0.0032419995816774794,0.0032419995816774794,0.0032419995816774794,0.003236755631898909,0.003236755631898909,95.72333333333334,95.682,95.65100000000001,95.77606852846105,95.75666985181289,96.03911067959413,0.0018717693311289412,0.0014498662895347997,0.0010252102851307232,0.3100000000000023,0.003241999581677497,0.3100000000000023,0.003241999581677497,0.3100000000000023,0.003241999581677497,95.62,95.93,95.62,95.93,95.62,95.93,1.0,1.0,1.0,1,1,14,95.93,0.0,SAME,1.0
DWAL,2025-01-15,95.93,95.93,95.62,95.62,95.62,95.62,0.0,0.3100000000000023,0.3100000000000023,0.0,0.0032419995816774794,0.0032419995816774794,0.0,0.003236755631898909,95.82666666666667,95.744,95.68200000000002,95.85303426423053,95.81444656787527,96.01927237421339,0.001871769331128941,0.0014498662895347997,0.0010252102851307232,0.3100000000000023,0.003241999581677497,0.3100000000000023,0.003241999581677497,0.3100000000000023,0.003241999581677497,95.62,95.93,95.62,95.93,95.62,95.93,1.0,1.0,1.0,2,1,15,95.93,0.0,SAME,1.0
DWAL,2025-01-16,95.93,95.93,95.93,95.62,95.62,95.62,0.0,0.0,0.3100000000000023,0.0,0.0,0.0032419995816774794,0.0,0.0,95.93,95.80600000000001,95.713,95.89151713211527,95.85296437858352,96.00304103344732,0.001871769331128941,0.0014498662895347997,0.0010252102851307232,0.3100000000000023,0.003241999581677497,0.3100000000000023,0.003241999581677497,0.3100000000000023,0.003241999581677497,95.93,95.93,95.62,95.93,95.62,95.93,,1.0,1.0,3,1,16,95.93,0.0,SAME,1.0
DWAL,2025-01-17,95.93,95.93,95.93,95.93,95.62,95.62,0.0,0.0,0.0,0.0,0.0,0.0,0.0,0.0,95.93,95.86800000000001,95.744,95.91075856605764,95.8786429190557,95.9897608455478,0.0,0.0014498662895347997,0.0010252102851307232,0.0,0.0,0.3100000000000023,0.003241999581677497,0.3100000000000023,0.003241999581677497,95.93,95.93,95.62,95.93,95.62,95.93,,1.0,1.0,4,1,17,95.93,0.0,SAME,1.0
DWAL,2025-01-20,95.93,95.93,95.93,95.93,95.62,95.62,0.0,0.0,0.0,0.0,0.0,0.0,0.0,0.0,95.93,95.93,95.775,95.92037928302882,95.89576194603714,95.97889523726639,0.0,0.0014498662895347997,0.0010252102851307232,0.0,0.0,0.3100000000000023,0.003241999581677497,0.3100000000000023,0.003241999581677497,95.93,95.93,95.93,95.93,95.62,95.93,,,1.0,0,1,20,95.93,0.0,SAME,1.0
DWAL,2025-01-21,95.93,95.93,95.93,95.93,95.93,95.62,0.0,0.0,0.0,0.0,0.0,0.0,0.0,0.0,95.93,95.93,95.80600000000001,95.92518964151441,95.90717463069143,95.97000519412705,0.0,0.0,0.0010252102851307232,0.0,0.0,0.0,0.0,0.3100000000000023,0.003241999581677497,95.93,95.93,95.93,95.93,95.62,95.93,,,1.0,1,1,21,95.93,0.0,SAME,1.0
DWAL,2025-01-22,95.93,95.93,95.93,95.93,95.93,95.62,0.0,0.0,0.0,0.0,0.0,0.0,0.0,0.0,95.93,95.93,95.837,95.92759482075721,95.91478308712763,95.96273152246758,0.0,0.0,0.0010252102851307232,0.0,0.0,0.0,0.0,0.3100000000000023,0.003241999581677497,95.93,95.93,95.93,95.93,95.62,95.93,,,1.0,2,1,22,95.93,0.0,SAME,1.0
DWAL,2025-01-23,95.93,95.93,95.93,95.93,95.93,95.62,0.0,0.0,0.0,0.0,0.0,0.0,0.0,0.0,95.93,95.93,95.86800000000001,95.9287974103786,95.91985539141842,95.95678033656438,0.0,0.0,0.0010252102851307232,0.0,0.0,0.0,0.0,0.3100000000000023,0.003241999581677497,95.93,95.93,95.93,95.93,95.62,95.93,,,1.0,3,1,23,95.93,0.0,SAME,1.0
DWAL,2025-01-24,95.93,95.93,95.93,95.93,95.93,95.62,0.0,0.0,0.0,0.0,0.0,0.0,0.0,0.0,95.93,95.93,95.89900000000002,95.9293987051893,95.9232369276123,95.95191118446175,0.0,0.0,0.0010252102851307232,0.0,0.0,0.0,0.0,0.3100000000000023,0.003241999581677497,95.93,95.93,95.93,95.93,95.62,95.93,,,1.0,4,1,24,95.93,0.0,SAME,1.0
DWAL,2025-01-27,95.93,95.93,95.93,95.93,95.93,95.62,0.0,0.0,0.0,0.0,0.0,0.0,0.0,0.0,95.93,95.93,95.93,95.92969935259465,95.92549128507487,95.94792733274144,0.0,0.0,0.0010252102851307232,0.0,0.0,0.0,0.0,0.3100000000000023,0.003241999581677497,95.93,95.93,95.93,95.93,95.93,95.93,,,,0,1,27,95.93,0.0,SAME,1.0
DWAL,2025-01-28,95.93,95.93,95.93,95.93,95.93,95.93,0.0,0.0,0.0,0.0,0.0,0.0,0.0,0.0,95.93,95.93,95.93,95.92984967629732,95.92699419004992,95.94466781769754,0.0,0.0,0.0,0.0,0.0,0.0,0.0,0.0,0.0,95.93,95.93,95.93,95.93,95.93,95.93,,,,1,1,28,95.93,0.0,SAME,1.0
DWAL,2025-01-29,95.93,95.93,95.93,95.93,95.93,95.93,0.0,0.0,0.0,0.0,0.0,0.0,0.0,0.0,95.93,95.93,95.93,95.92992483814866,95.92799612669995,95.94200094175253,0.0,0.0,0.0,0.0,0.0,0.0,0.0,0.0,0.0,95.93,95.93,95.93,95.93,95.93,95.93,,,,2,1,29,95.93,0.0,SAME,1.0
DWAL,2025-01-31,95.93,95.93,95.93,95.93,95.93,95.93,0.0,0.0,0.0,0.0,0.0,0.0,0.0,0.0,95.93,95.93,95.93,95.92996241907434,95.92866408446665,95.93981895234296,0.0,0.0,0.0,0.0,0.0,0.0,0.0,0.0,0.0,95.93,95.93,95.93,95.93,95.93,95.93,,,,4,1,31,95.93,0.0,SAME,1.0
DWAL,2025-02-03,95.93,95.93,95.93,95.93,95.93,95.93,0.0,0.0,0.0,0.0,0.0,0.0,0.0,0.0,95.93,95.93,95.93,95.92998120953717,95.92910938964444,95.9380336882806,0.0,0.0,0.0,0.0,0.0,0.0,0.0,0.0,0.0,95.93,95.93,95.93,95.93,95.93,95.93,,,,0,2,3,95.93,0.0,SAME,1.0
DWAL,2025-02-04,95.93,95.93,95.93,95.93,95.93,95.93,0.0,0.0,0.0,0.0,0.0,0.0,0.0,0.0,95.93,95.93,95.93,95.92999060476859,95.92940625976297,95.93657301768411,0.0,0.0,0.0,0.0,0.0,0.0,0.0,0.0,0.0,95.93,95.93,95.93,95.93,95.93,95.93,,,,1,2,4,95.93,0.0,SAME,1.0
DWAL,2025-02-05,95.93,95.93,95.93,95.93,95.93,95.93,0.0,0.0,0.0,0.0,0.0,0.0,0.0,0.0,95.93,95.93,95.93,95.9299953023843,95.92960417317532,95.93537792355971,0.0,0.0,0.0,0.0,0.0,0.0,0.0,0.0,0.0,95.93,95.93,95.93,95.93,95.93,95.93,,,,2,2,5,95.93,0.0,SAME,1.0
DWAL,2025-02-06,95.93,95.93,95.93,95.93,95.93,95.93,0.0,0.0,0.0,0.0,0.0,0.0,0.0,0.0,95.93,95.93,95.93,95.92999765119215,95.92973611545023,95.93440011927612,0.0,0.0,0.0,0.0,0.0,0.0,0.0,0.0,0.0,95.93,95.93,95.93,95.93,95.93,95.93,,,,3,2,6,95.93,0.0,SAME,1.0
DWAL,2025-02-07,95.93,95.93,95.93,95.93,95.93,95.93,0.0,0.0,0.0,0.0,0.0,0.0,0.0,0.0,95.93,95.93,95.93,95.92999882559607,95.92982407696682,95.93360009758956,0.0,0.0,0.0,0.0,0.0,0.0,0.0,0.0,0.0,95.93,95.93,95.93,95.93,95.93,95.93,,,,4,2,7,95.93,0.0,SAME,1.0
DWAL,2025-02-10,95.93,95.93,95.93,95.93,95.93,95.93,0.0,0.0,0.0,0.0,0.0,0.0,0.0,0.0,95.93,95.93,95.93,95.92999941279804,95.92988271797789,95.93294553439145,0.0,0.0,0.0,0.0,0.0,0.0,0.0,0.0,0.0,95.93,95.93,95.93,95.93,95.93,95.93,,,,0,2,10,95.93,0.0,SAME,1.0
DWAL,2025-02-11,95.93,95.93,95.93,95.93,95.93,95.93,0.0,0.0,0.0,0.0,0.0,0.0,0.0,0.0,95.93,95.93,95.93,95.92999970639903,95.92992181198527,95.93240998268391,0.0,0.0,0.0,0.0,0.0,0.0,0.0,0.0,0.0,95.93,95.93,95.93,95.93,95.93,95.93,,,,1,2,11,95.93,0.0,SAME,1.0
DWAL,2025-02-12,95.93,95.93,95.93,95.93,95.93,95.93,0.0,0.0,0.0,0.0,0.0,0.0,0.0,0.0,95.93,95.93,95.93,95.92999985319952,95.92994787465685,95.9319718040141,0.0,0.0,0.0,0.0,0.0,0.0,0.0,0.0,0.0,95.93,95.93,95.93,95.93,95.93,95.93,,,,2,2,12,95.93,0.0,SAME,1.0
DWAL,2025-02-13,95.93,95.93,95.93,95.93,95.93,95.93,0.0,0.0,0.0,0.0,0.0,0.0,0.0,0.0,95.93,95.93,95.93,95.92999992659976,95.92996524977124,95.93161329419334,0.0,0.0,0.0,0.0,0.0,0.0,0.0,0.0,0.0,95.93,95.93,95.93,95.93,95.93,95.93,,,,3,2,13,95.93,0.0,SAME,1.0
DWAL,2025-02-14,95.93,95.93,95.93,95.93,95.93,95.93,0.0,0.0,0.0,0.0,0.0,0.0,0.0,0.0,95.93,95.93,95.93,95.92999996329988,95.92997683318083,95.93131996797638,0.0,0.0,0.0,0.0,0.0,0.0,0.0,0.0,0.0,95.93,95.93,95.93,95.93,95.93,95.93,,,,4,2,14,95.93,0.0,SAME,1.0
DWAL,2025-02-17,95.93,95.93,95.93,95.93,95.93,95.93,0.0,0.0,0.0,0.0,0.0,0.0,0.0,0.0,95.93,95.93,95.93,95.92999998164994,95.9299845554539,95.93107997379886,0.0,0.0,0.0,0.0,0.0,0.0,0.0,0.0,0.0,95.93,95.93,95.93,95.93,95.93,95.93,,,,0,2,17,95.93,0.0,SAME,1.0
DWAL,2025-02-18,95.93,95.93,95.93,95.93,95.93,95.93,0.0,0.0,0.0,0.0,0.0,0.0,0.0,0.0,95.93,95.93,95.93,95.92999999082497,95.92998970363594,95.93088361492633,0.0,0.0,0.0,0.0,0.0,0.0,0.0,0.0,0.0,95.93,95.93,95.93,95.93,95.93,95.93,,,,1,2,18,95.93,0.0,SAME,1.0
DWAL,2025-02-19,95.93,95.93,95.93,95.93,95.93,95.93,0.0,0.0,0.0,0.0,0.0,0.0,0.0,0.0,95.93,95.93,95.93,95.92999999541249,95.9299931357573,95.930722957667,0.0,0.0,0.0,0.0,0.0,0.0,0.0,0.0,0.0,95.93,95.93,95.93,95.93,95.93,95.93,,,,2,2,19,95.09,-0.8400000000000034,DOWN,0.0
DWAL,2025-02-20,95.09,95.93,95.93,95.93,95.93,95.93,-0.8400000000000034,-0.8400000000000034,-0.8400000000000034,-0.008756384863963351,-0.008756384863963351,-0.008756384863963351,-0.008794947278503383,-0.008794947278503383,95.65000000000002,95.76200000000001,95.846,95.50999999770625,95.6499954238382,95.77786423809118,0.00505550115831312,0.003915974358595745,0.0027690120239108333,-0.8400000000000034,-0.00875638486396334,-0.8400000000000034,-0.00875638486396334,-0.8400000000000034,-0.00875638486396334,95.09,95.93,95.09,95.93,95.09,95.93,0.0,0.0,0.0,3,2,20,95.09,0.0,SAME,1.0
DWAL,2025-02-24,95.09,95.09,95.93,95.93,95.93,95.93,0.0,-0.8400000000000034,-0.8400000000000034,0.0,-0.008756384863963351,-0.008756384863963351,0.0,-0.008794947278503383,95.37,95.59400000000001,95.762,95.29999999885312,95.46333028255881,95.65279801298368,0.00505550115831312,0.003915974358595745,0.0027690120239108333,-0.8400000000000034,-0.00875638486396334,-0.8400000000000034,-0.00875638486396334,-0.8400000000000034,-0.00875638486396334,95.09,95.93,95.09,95.93,95.09,95.93,0.0,0.0,0.0,0,2,24,95.09,0.0,SAME,1.0
DWAL,2025-02-25,95.09,95.09,95.09,95.93,95.93,95.93,0.0,0.0,-0.8400000000000034,0.0,0.0,-0.008756384863963351,0.0,0.0,95.09,95.426,95.67800000000001,95.19499999942656,95.33888685503922,95.55047110153211,0.00505550115831312,0.003915974358595745,0.0027690120239108333,-0.8400000000000034,-0.00875638486396334,-0.8400000000000034,-0.00875638486396334,-0.8400000000000034,-0.00875638486396334,95.09,95.09,95.09,95.93,95.09,95.93,,0.0,0.0,1,2,25,95.09,0.0,SAME,1.0
DWAL,2025-02-26,95.09,95.09,95.09,95.09,95.93,95.93,0.0,0.0,0.0,0.0,0.0,0.0,0.0,0.0,95.09,95.25800000000001,95.59400000000001,95.14249999971328,95.25592457002615,95.46674908307173,0.0,0.003915974358595745,0.0027690120239108333,0.0,0.0,-0.8400000000000034,-0.00875638486396334,-0.8400000000000034,-0.00875638486396334,95.09,95.09,95.09,95.93,95.09,95.93,,0.0,0.0,2,2,26,95.09,0.0,SAME,1.0
DWAL,2025-02-27,95.09,95.09,95.09,95.09,95.93,95.93,0.0,0.0,0.0,0.0,0.0,0.0,0.0,0.0,95.09,95.09,95.51,95.11624999985665,95.20061638001744,95.39824924978595,0.0,0.003915974358595745,0.0027690120239108333,0.0,0.0,-0.8400000000000034,-0.00875638486396334,-0.8400000000000034,-0.00875638486396334,95.09,95.09,95.09,95.09,95.09,95.93,,,0.0,3,2,27,95.09,0.0,SAME,1.0
DWAL,2025-03-03,95.09,95.09,95.09,95.09,95.09,95.93,0.0,0.0,0.0,0.0,0.0,0.0,0.0,0.0,95.09,95.09,95.42600000000002,95.10312499992833,95.16374425334496,95.34220393164304,0.0,0.0,0.0027690120239108333,0.0,0.0,0.0,0.0,-0.8400000000000034,-0.00875638486396334,95.09,95.09,95.09,95.09,95.09,95.93,,,0.0,0,3,3,95.09,0.0,SAME,1.0
DWAL,2025-03-04,95.09,95.09,95.09,95.09,95.09,95.93,0.0,0.0,0.0,0.0,0.0,0.0,0.0,0.0,95.09,95.09,95.34200000000001,95.09656249996416,95.13916283556331,95.2963486713443,0.0,0.0,0.0027690120239108333,0.0,0.0,0.0,0.0,-0.8400000000000034,-0.00875638486396334,95.09,95.09,95.09,95.09,95.09,95.93,,,0.0,1,3,4,90.85,-4.240000000000009,DOWN,0.0
DWAL,2025-03-05,90.85,95.09,95.09,95.09,95.09,95.93,-4.240000000000009,-4.240000000000009,-4.240000000000009,-0.04458933641813023,-0.04458933641813023,-0.04458933641813023,-0.04561401670917273,-0.04561401670917273,93.67666666666666,94.24199999999999,94.83399999999999,92.97328124998208,93.70944189037554,94.48792164019079,0.025743665383989575,0.019940957460509494,0.014064559874553738,-4.240000000000009,-0.04458933641813029,-4.240000000000009,-0.04458933641813029,-5.0800000000000125,-0.05295527989158774,90.85,95.09,90.85,95.09,90.85,95.93,0.0,0.0,0.0,2,3,5,91.48,0.6300000000000097,UP,2.0
DWAL,2025-03-06,91.48,90.85,95.09,95.09,95.09,95.93,0.6300000000000097,-3.6099999999999994,-3.6099999999999994,0.006934507429829484,-0.03796403407298343,-0.03796403407298343,0.006910574312400293,-0.038703442396772425,92.47333333333334,93.52000000000001,94.389,92.22664062499103,92.96629459358371,93.94102679651974,0.027961291101482415,0.020932744004764168,0.014520370802830172,-3.6099999999999994,-0.03796403407298348,-3.6099999999999994,-0.03796403407298348,-4.450000000000003,-0.04638799124361516,90.85,95.09,90.85,95.09,90.85,95.93,0.14858490566037932,0.14858490566037932,0.12401574803149766,3,3,6,91.48,0.0,SAME,1.0
DWAL,2025-03-07,91.48,91.48,90.85,95.09,95.09,95.93,0.0,0.6300000000000097,-3.6099999999999994,0.0,0.006934507429829484,-0.03796403407298343,0.0,0.006910574312400293,91.27,92.798,93.944,91.85332031249553,92.47086306238916,93.49356737897068,0.027961291101482415,0.020932744004764168,0.014520370802830172,-3.6099999999999994,-0.03796403407298348,-3.6099999999999994,-0.03796403407298348,-4.450000000000003,-0.04638799124361516,90.85,91.48,90.85,95.09,90.85,95.09,1.0,0.14858490566037932,0.14858490566037932,4,3,7,91.11,-0.37000000000000455,DOWN,0.0
DWAL,2025-03-10,91.11,91.48,91.48,90.85,95.09,95.09,-0.37000000000000455,-0.37000000000000455,0.2600000000000051,-0.0040445999125492405,-0.0040445999125492405,0.0028618602091359246,-0.004052801428813349,-0.004052801428813349,91.35666666666667,92.002,93.546,91.48166015624776,92.01724204159277,93.06019149188509,0.005552581678537219,0.020645136411663528,0.014448263513078685,0.2600000000000051,0.002861860209135995,-3.980000000000004,-0.04185508465664112,-3.980000000000004,-0.04185508465664112,91.11,91.48,90.85,95.09,90.85,95.09,0.0,0.06132075471698221,0.06132075471698221,0,3,10,91.11,0.0,SAME,1.0
DWAL,2025-03-11,91.11,91.11,91.48,91.48,95.09,95.09,0.0,-0.37000000000000455,-0.37000000000000455,0.0,-0.0040445999125492405,-0.0040445999125492405,0.0,-0.004052801428813349,91.23333333333333,91.20599999999999,93.148,91.29583007812388,91.71482802772852,92.70561122063324,0.0023351508482224352,0.020645136411663528,0.014448263513078685,-0.37000000000000455,-0.0040445999125492405,-3.980000000000004,-0.04185508465664112,-3.980000000000004,-0.04185508465664112,91.11,91.48,90.85,91.48,90.85,95.09,0.0,0.4126984126984145,0.06132075471698221,1,3,11,91.11,0.0,SAME,1.0
DWAL,2025-03-12,91.11,91.11,91.11,91.48,90.85,95.09,0.0,0.0,-0.37000000000000455,0.0,0.0,-0.0040445999125492405,0.0,0.0,91.11,91.25800000000001,92.75,91.20291503906193,91.51321868515234,92.41550008960901,0.0023351508482224352,0.00396156120283742,0.014448263513078685,-0.37000000000000455,-0.0040445999125492405,0.2600000000000051,0.002861860209135995,-3.980000000000004,-0.04185508465664112,91.11,91.11,91.11,91.48,90.85,95.09,,0.0,0.06132075471698221,2,3,12,91.11,0.0,SAME,1.0
DWAL,2025-03-13,91.11,91.11,91.11,91.11,91.48,95.09,0.0,0.0,0.0,0.0,0.0,0.0,0.0,0.0,91.11,91.184,92.352,91.15645751953096,91.37881245676823,92.17813643695283,0.0,0.0018088000692527062,0.014448263513078685,0.0,0.0,-0.37000000000000455,-0.0040445999125492405,-3.980000000000004,-0.04185508465664112,91.11,91.11,91.11,91.48,90.85,95.09,,0.0,0.06132075471698221,3,3,13,91.25,0.14000000000000057,UP,2.0
DWAL,2025-03-14,91.25,91.11,91.11,91.11,91.48,95.09,0.14000000000000057,0.14000000000000057,0.14000000000000057,0.0015366041049280632,0.0015366041049280632,0.0015366041049280632,0.0015354247368337486,0.0015354247368337486,91.15666666666668,91.13799999999999,91.968,91.20322875976548,91.33587497117882,92.00938435750686,0.0008871587934805352,0.0020893738316602006,0.014505596646246737,0.14000000000000057,0.001536604104928115,-0.23000000000000398,-0.0025142107564495404,-3.8400000000000034,-0.04038279524660851,91.11,91.25,91.11,91.25,90.85,95.09,1.0,1.0,0.09433962264151058,4,3,14,91.25,0.0,SAME,1.0
DWAL,2025-03-17,91.25,91.25,91.11,91.11,91.11,95.09,0.0,0.14000000000000057,0.14000000000000057,0.0,0.0015366041049280632,0.0015366041049280632,0.0,0.0015354247368337486,91.20333333333333,91.16600000000001,91.584,91.22661437988273,91.30724998078588,91.8713144743238,0.0008871587934805352,0.0006871902466320827,0.014505596646246737,0.14000000000000057,0.001536604104928115,0.14000000000000057,0.001536604104928115,-3.8400000000000034,-0.04038279524660851,91.11,91.25,91.11,91.25,90.85,95.09,1.0,1.0,0.09433962264151058,0,3,17,113.3,22.049999999999997,UP,2.0
DWAL,2025-03-18,113.3,91.25,91.25,91.11,91.11,95.09,22.049999999999997,22.049999999999997,22.189999999999998,0.24164383561643832,0.24164383561643832,0.24355175063110512,0.21643617557135972,0.21643617557135972,98.60000000000001,95.604,93.405,102.26330718994137,98.63816665385727,95.76743911535584,0.13907167640448334,0.10789666258854368,0.07915336714634008,22.189999999999998,0.24355175063110523,22.189999999999998,0.24355175063110523,18.209999999999994,0.19150278683352606,91.25,113.3,91.11,113.3,90.85,113.3,1.0,1.0,1.0,1,3,18,103.88,-9.420000000000002,DOWN,0.0
DWAL,2025-03-19,103.88,113.3,91.25,91.25,91.11,90.85,-9.420000000000002,12.629999999999995,12.629999999999995,-0.08314210061782878,0.1384109589041096,0.1384109589041096,-0.08680278123941294,0.12963339433194682,102.81,98.15799999999999,94.708,103.07165359497068,100.38544443590486,97.24245018529115,0.16871586398544808,0.1226624018823015,0.08347760722080441,12.629999999999995,0.13841095890410954,12.769999999999996,0.14016024585665673,13.030000000000001,0.1434232250963126,91.25,113.3,91.11,113.3,91.11,113.3,0.5727891156462583,0.5754844524560612,0.5754844524560612,2,3,19,103.88,0.0,SAME,1.0
DWAL,2025-03-20,103.88,103.88,113.3,91.25,91.11,91.48,0.0,-9.420000000000002,12.629999999999995,0.0,-0.08314210061782878,0.1384109589041096,0.0,-0.08680278123941294,107.02,100.71199999999999,95.94800000000001,103.47582679748534,101.55029629060324,98.44927742432911,0.16871586398544808,0.1226624018823015,0.08359270798907344,12.629999999999995,0.13841095890410954,12.769999999999996,0.14016024585665673,12.399999999999991,0.13554875382597278,103.88,113.3,91.25,113.3,91.11,113.3,0.0,0.5727891156462583,0.5754844524560612,3,3,20,103.88,0.0,SAME,1.0
DWAL,2025-03-21,103.88,103.88,103.88,113.3,91.25,91.48,0.0,0.0,-9.420000000000002,0.0,0.0,-0.08314210061782878,0.0,0.0,103.88,103.23799999999999,97.188,103.67791339874267,102.3268641937355,99.43668152899654,0.048002114172691825,0.12275971671018102,0.08359270798907344,-9.420000000000002,-0.08314210061782878,12.629999999999995,0.13841095890410954,12.399999999999991,0.13554875382597278,103.88,103.88,91.25,113.3,91.11,113.3,,0.5727891156462583,0.5754844524560612,4,3,21,103.88,0.0,SAME,1.0
DWAL,2025-03-24,103.88,103.88,103.88,103.88,91.25,91.11,0.0,0.0,0.0,0.0,0.0,0.0,0.0,0.0,103.88,105.76399999999998,98.465,103.77895669937134,102.844576129157,100.24455761463354,0.0,0.12275971671018102,0.08349683050567624,0.0,0.0,12.629999999999995,0.13841095890410954,12.769999999999996,0.14016024585665673,103.88,103.88,103.88,113.3,91.11,113.3,,0.0,0.5754844524560612,0,3,24,103.88,0.0,SAME,1.0
DWAL,2025-03-25,103.88,103.88,103.88,103.88,113.3,91.11,0.0,0.0,0.0,0.0,0.0,0.0,0.0,0.0,103.88,103.88,99.74199999999999,103.82947834968567,103.18971741943801,100.90554713924561,0.0,0.03718227775471863,0.08349683050567624,0.0,0.0,-9.420000000000002,-0.08314210061782878,12.769999999999996,0.14016024585665673,103.88,103.88,103.88,103.88,91.11,113.3,,,0.5754844524560612,1,3,25,103.88,0.0,SAME,1.0
DWAL,2025-03-26,103.88,103.88,103.88,103.88,103.88,91.11,0.0,0.0,0.0,0.0,0.0,0.0,0.0,0.0,103.88,103.88,101.01899999999999,103.85473917484283,103.41981161295868,101.44635675029186,0.0,0.0,0.08349683050567624,0.0,0.0,0.0,0.0,12.769999999999996,0.14016024585665673,103.88,103.88,103.88,103.88,91.11,113.3,,,0.5754844524560612,2,3,26,103.88,0.0,SAME,1.0
DWAL,2025-03-27,103.88,103.88,103.88,103.88,103.88,91.11,0.0,0.0,0.0,0.0,0.0,0.0,0.0,0.0,103.88,103.88,102.29599999999999,103.86736958742142,103.57320774197247,101.88883734114788,0.0,0.0,0.08349683050567624,0.0,0.0,0.0,0.0,12.769999999999996,0.14016024585665673,103.88,103.88,103.88,103.88,91.25,113.3,,,0.5727891156462583,3,3,27,103.88,0.0,SAME,1.0
DWAL,2025-03-28,103.88,103.88,103.88,103.88,103.88,91.25,0.0,0.0,0.0,0.0,0.0,0.0,0.0,0.0,103.88,103.88,103.559,103.87368479371071,103.67547182798165,102.25086691548462,0.0,0.0,0.08352782117142653,0.0,0.0,0.0,0.0,12.629999999999995,0.13841095890410954,103.88,103.88,103.88,103.88,91.25,113.3,,,0.5727891156462583,4,3,28,103.88,0.0,SAME,1.0
DWAL,2025-03-31,103.88,103.88,103.88,103.88,103.88,91.25,0.0,0.0,0.0,0.0,0.0,0.0,0.0,0.0,103.88,103.88,104.822,103.87684239685535,103.74364788532111,102.54707293085104,0.0,0.0,0.08352782117142653,0.0,0.0,0.0,0.0,12.629999999999995,0.13841095890410954,103.88,103.88,103.88,103.88,103.88,113.3,,,0.0,0,3,31,103.88,0.0,SAME,1.0
DWAL,2025-04-01,103.88,103.88,103.88,103.88,103.88,113.3,0.0,0.0,0.0,0.0,0.0,0.0,0.0,0.0,103.88,103.88,103.88,103.87842119842767,103.78909859021408,102.78942330705995,0.0,0.0,0.02629184074032275,0.0,0.0,0.0,0.0,-9.420000000000002,-0.08314210061782878,103.88,103.88,103.88,103.88,103.88,103.88,,,,1,4,1,103.88,0.0,SAME,1.0
DWAL,2025-04-02,103.88,103.88,103.88,103.88,103.88,103.88,0.0,0.0,0.0,0.0,0.0,0.0,0.0,0.0,103.88,103.88,103.88,103.87921059921383,103.81939906014273,102.98770997850359,0.0,0.0,0.0,0.0,0.0,0.0,0.0,0.0,0.0,103.88,103.88,103.88,103.88,103.88,103.88,,,,2,4,2,95.0,-8.879999999999995,DOWN,0.0
DWAL,2025-04-03,95.0,103.88,103.88,103.88,103.88,103.88,-8.879999999999995,-8.879999999999995,-8.879999999999995,-0.08548324990373501,-0.08548324990373501,-0.08548324990373501,-0.0893594951940068,-0.0893594951940068,100.92,102.104,102.992,99.43960529960691,100.8795993734285,101.53539907332112,0.04935377734312296,0.03822927154447091,0.027032177148916807,-8.879999999999995,-0.08548324990373504,-8.879999999999995,-0.08548324990373504,-8.879999999999995,-0.08548324990373504,95.0,103.88,95.0,103.88,95.0,103.88,0.0,0.0,0.0,3,4,3,95.0,0.0,SAME,1.0
DWAL,2025-04-04,95.0,95.0,103.88,103.88,103.88,103.88,0.0,-8.879999999999995,-8.879999999999995,0.0,-0.08548324990373501,-0.08548324990373501,0.0,-0.0893594951940068,97.96,100.328,102.104,97.21980264980346,98.91973291561902,100.34714469635364,0.04935377734312296,0.03822927154447091,0.027032177148916807,-8.879999999999995,-0.08548324990373504,-8.879999999999995,-0.08548324990373504,-8.879999999999995,-0.08548324990373504,95.0,103.88,95.0,103.88,95.0,103.88,0.0,0.0,0.0,4,4,4,92.74,-2.260000000000005,DOWN,0.0
DWAL,2025-04-07,92.74,95.0,95.0,103.88,103.88,103.88,-2.260000000000005,-2.260000000000005,-11.14,-0.023789473684210583,-0.023789473684210583,-0.10723912206391994,-0.02407701263722612,-0.02407701263722612,94.24666666666667,98.1,100.99,94.97990132490173,96.85982194374601,98.96402747883478,0.04412000131553987,0.03703113368576059,0.027242271605893032,-11.14,-0.10723912206391992,-11.14,-0.10723912206391992,-11.14,-0.10723912206391992,92.74,95.0,92.74,103.88,92.74,103.88,0.0,0.0,0.0,0,4,7,92.74,0.0,SAME,1.0
DWAL,2025-04-08,92.74,92.74,95.0,95.0,103.88,103.88,0.0,-2.260000000000005,-2.260000000000005,0.0,-0.023789473684210583,-0.023789473684210583,0.0,-0.02407701263722612,93.49333333333333,95.872,99.876,93.85995066245087,95.48654796249734,97.83238611904663,0.013734859035449444,0.03703113368576059,0.027242271605893032,-2.260000000000005,-0.02378947368421058,-11.14,-0.10723912206391992,-11.14,-0.10723912206391992,92.74,95.0,92.74,103.88,92.74,103.88,0.0,0.0,0.0,1,4,8,92.74,0.0,SAME,1.0
DWAL,2025-04-09,92.74,92.74,92.74,95.0,103.88,103.88,0.0,0.0,-2.260000000000005,0.0,0.0,-0.023789473684210583,0.0,0.0,92.74,93.644,98.762,93.29997533122543,94.57103197499823,96.90649773376542,0.013734859035449444,0.03703113368576059,0.027242271605893032,-2.260000000000005,-0.02378947368421058,-11.14,-0.10723912206391992,-11.14,-0.10723912206391992,92.74,92.74,92.74,95.0,92.74,103.88,,0.0,0.0,2,4,9,92.74,0.0,SAME,1.0
DWAL,2025-04-10,92.74,92.74,92.74,92.74,95.0,103.88,0.0,0.0,0.0,0.0,0.0,0.0,0.0,0.0,92.74,93.192,97.648,93.01998766561272,93.96068798333216,96.14895269126261,0.0,0.010638976061367923,0.027242271605893032,0.0,0.0,-2.260000000000005,-0.02378947368421058,-11.14,-0.10723912206391992,92.74,92.74,92.74,95.0,92.74,103.88,,0.0,0.0,3,4,10,92.74,0.0,SAME,1.0
DWAL,2025-04-11,92.74,92.74,92.74,92.74,95.0,103.88,0.0,0.0,0.0,0.0,0.0,0.0,0.0,0.0,92.74,92.74,96.53399999999999,92.87999383280635,93.55379198888811,95.52914311103304,0.0,0.010638976061367923,0.027242271605893032,0.0,0.0,-2.260000000000005,-0.02378947368421058,-11.14,-0.10723912206391992,92.74,92.74,92.74,92.74,92.74,103.88,,,0.0,4,4,11,92.74,0.0,SAME,1.0
DWAL,2025-04-14,92.74,92.74,92.74,92.74,92.74,103.88,0.0,0.0,0.0,0.0,0.0,0.0,0.0,0.0,92.74,92.74,95.41999999999999,92.80999691640318,93.28252799259208,95.0220261817543,0.0,0.0,0.027242271605893032,0.0,0.0,0.0,0.0,-11.14,-0.10723912206391992,92.74,92.74,92.74,92.74,92.74,103.88,,,0.0,0,4,14,92.74,0.0,SAME,1.0
DWAL,2025-04-15,92.74,92.74,92.74,92.74,92.74,103.88,0.0,0.0,0.0,0.0,0.0,0.0,0.0,0.0,92.74,92.74,94.306,92.7749984582016,93.10168532839472,94.60711233052623,0.0,0.0,0.027242271605893032,0.0,0.0,0.0,0.0,-11.14,-0.10723912206391992,92.74,92.74,92.74,92.74,92.74,103.88,,,0.0,1,4,15,92.74,0.0,SAME,1.0
DWAL,2025-04-16,92.74,92.74,92.74,92.74,92.74,103.88,0.0,0.0,0.0,0.0,0.0,0.0,0.0,0.0,92.74,92.74,93.192,92.7574992291008,92.98112355226316,94.26763736133964,0.0,0.0,0.027242271605893032,0.0,0.0,0.0,0.0,-11.14,-0.10723912206391992,92.74,92.74,92.74,92.74,92.74,95.0,,,0.0,2,4,16,92.74,0.0,SAME,1.0
DWAL,2025-04-17,92.74,92.74,92.74,92.74,92.74,95.0,0.0,0.0,0.0,0.0,0.0,0.0,0.0,0.0,92.74,92.74,92.966,92.7487496145504,92.90074903484211,93.98988511382333,0.0,0.0,0.007522892117872836,0.0,0.0,0.0,0.0,-2.260000000000005,-0.02378947368421058,92.74,92.74,92.74,92.74,92.74,95.0,,,0.0,3,4,17,92.74,0.0,SAME,1.0
DWAL,2025-04-18,92.74,92.74,92.74,92.74,92.74,95.0,0.0,0.0,0.0,0.0,0.0,0.0,0.0,0.0,92.74,92.74,92.74,92.7443748072752,92.84716602322807,93.76263327494635,0.0,0.0,0.007522892117872836,0.0,0.0,0.0,0.0,-2.260000000000005,-0.02378947368421058,92.74,92.74,92.74,92.74,92.74,92.74,,,,4,4,18,92.74,0.0,SAME,1.0
DWAL,2025-04-21,92.74,92.74,92.74,92.74,92.74,92.74,0.0,0.0,0.0,0.0,0.0,0.0,0.0,0.0,92.74,92.74,92.74,92.74218740363759,92.81144401548538,93.57669995222882,0.0,0.0,0.0,0.0,0.0,0.0,0.0,0.0,0.0,92.74,92.74,92.74,92.74,92.74,92.74,,,,0,4,21,92.74,0.0,SAME,1.0
DWAL,2025-04-22,92.74,92.74,92.74,92.74,92.74,92.74,0.0,0.0,0.0,0.0,0.0,0.0,0.0,0.0,92.74,92.74,92.74,92.74109370181878,92.78762934365692,93.42457268818721,0.0,0.0,0.0,0.0,0.0,0.0,0.0,0.0,0.0,92.74,92.74,92.74,92.74,92.74,92.74,,,,1,4,22,92.74,0.0,SAME,1.0
DWAL,2025-04-23,92.74,92.74,92.74,92.74,92.74,92.74,0.0,0.0,0.0,0.0,0.0,0.0,0.0,0.0,92.74,92.74,92.74,92.7405468509094,92.77175289577129,93.30010492669862,0.0,0.0,0.0,0.0,0.0,0.0,0.0,0.0,0.0,92.74,92.74,92.74,92.74,92.74,92.74,,,,2,4,23,92.74,0.0,SAME,1.0
DWAL,2025-04-24,92.74,92.74,92.74,92.74,92.74,92.74,0.0,0.0,0.0,0.0,0.0,0.0,0.0,0.0,92.74,92.74,92.74,92.74027342545469,92.76116859718086,93.19826766729886,0.0,0.0,0.0,0.0,0.0,0.0,0.0,0.0,0.0,92.74,92.74,92.74,92.74,92.74,92.74,,,,3,4,24,92.74,0.0,SAME,1.0
DWAL,2025-04-25,92.74,92.74,92.74,92.74,92.74,92.74,0.0,0.0,0.0,0.0,0.0,0.0,0.0,0.0,92.74,92.74,92.74,92.74013671272735,92.75411239812057,93.11494627324451,0.0,0.0,0.0,0.0,0.0,0.0,0.0,0.0,0.0,92.74,92.74,92.74,92.74,92.74,92.74,,,,4,4,25,92.74,0.0,SAME,1.0
DWAL,2025-04-28,92.74,92.74,92.74,92.74,92.74,92.74,0.0,0.0,0.0,0.0,0.0,0.0,0.0,0.0,92.74,92.74,92.74,92.74006835636368,92.74940826541372,93.04677422356369,0.0,0.0,0.0,0.0,0.0,0.0,0.0,0.0,0.0,92.74,92.74,92.74,92.74,92.74,92.74,,,,0,4,28,92.74,0.0,SAME,1.0
DWAL,2025-04-29,92.74,92.74,92.74,92.74,92.74,92.74,0.0,0.0,0.0,0.0,0.0,0.0,0.0,0.0,92.74,92.74,92.74,92.74003417818184,92.74627217694248,92.99099709200665,0.0,0.0,0.0,0.0,0.0,0.0,0.0,0.0,0.0,92.74,92.74,92.74,92.74,92.74,92.74,,,,1,4,29,92.74,0.0,SAME,1.0
DWAL,2025-04-30,92.74,92.74,92.74,92.74,92.74,92.74,0.0,0.0,0.0,0.0,0.0,0.0,0.0,0.0,92.74,92.74,92.74,92.74001708909091,92.74418145129499,92.94536125709634,0.0,0.0,0.0,0.0,0.0,0.0,0.0,0.0,0.0,92.74,92.74,92.74,92.74,92.74,92.74,,,,2,4,30,92.74,0.0,SAME,1.0
DWAL,2025-05-01,92.74,92.74,92.74,92.74,92.74,92.74,0.0,0.0,0.0,0.0,0.0,0.0,0.0,0.0,92.74,92.74,92.74,92.74000854454545,92.74278763419666,92.90802284671518,0.0,0.0,0.0,0.0,0.0,0.0,0.0,0.0,0.0,92.74,92.74,92.74,92.74,92.74,92.74,,,,3,5,1,90.0,-2.739999999999995,DOWN,0.0
DWAL,2025-05-05,90.0,92.74,92.74,92.74,92.74,92.74,-2.739999999999995,-2.739999999999995,-2.739999999999995,-0.029544964416648667,-0.029544964416648667,-0.029544964416648667,-0.029990208633049676,-0.029990208633049676,91.82666666666667,92.19199999999998,92.466,91.37000427227272,91.82852508946445,92.37929142003969,0.017057793159142735,0.013212909765688154,0.009342938094522626,-2.739999999999995,-0.029544964416648643,-2.739999999999995,-0.029544964416648643,-2.739999999999995,-0.029544964416648643,90.0,92.74,90.0,92.74,90.0,92.74,0.0,0.0,0.0,0,5,5,90.0,0.0,SAME,1.0
DWAL,2025-05-06,90.0,90.0,92.74,92.74,92.74,92.74,0.0,-2.739999999999995,-2.739999999999995,0.0,-0.029544964416648667,-0.029544964416648667,0.0,-0.029990208633049676,90.91333333333334,91.644,92.192,90.68500213613636,91.21901672630963,91.94669298003247,0.017057793159142735,0.013212909765688154,0.009342938094522626,-2.739999999999995,-0.029544964416648643,-2.739999999999995,-0.029544964416648643,-2.739999999999995,-0.029544964416648643,90.0,92.74,90.0,92.74,90.0,92.74,0.0,0.0,0.0,1,5,6,90.0,0.0,SAME,1.0
DWAL,2025-05-08,90.0,90.0,90.0,92.74,92.74,92.74,0.0,0.0,-2.739999999999995,0.0,0.0,-0.029544964416648667,0.0,0.0,90.0,91.096,91.91799999999999,90.34250106806817,90.81267781753976,91.59274880184473,0.017057793159142735,0.013212909765688154,0.009342938094522626,-2.739999999999995,-0.029544964416648643,-2.739999999999995,-0.029544964416648643,-2.739999999999995,-0.029544964416648643,90.0,90.0,90.0,92.74,90.0,92.74,,0.0,0.0,3,5,8,90.0,0.0,SAME,1.0
DWAL,2025-05-09,90.0,90.0,90.0,90.0,92.74,92.74,0.0,0.0,0.0,0.0,0.0,0.0,0.0,0.0,90.0,90.548,91.644,90.17125053403409,90.54178521169318,91.30315811060022,0.0,0.013212909765688154,0.009342938094522626,0.0,0.0,-2.739999999999995,-0.029544964416648643,-2.739999999999995,-0.029544964416648643,90.0,90.0,90.0,92.74,90.0,92.74,,0.0,0.0,4,5,9,90.0,0.0,SAME,1.0
DWAL,2025-05-12,90.0,90.0,90.0,90.0,92.74,92.74,0.0,0.0,0.0,0.0,0.0,0.0,0.0,0.0,90.0,90.0,91.37,90.08562526701704,90.36119014112879,91.06622027230927,0.0,0.013212909765688154,0.009342938094522626,0.0,0.0,-2.739999999999995,-0.029544964416648643,-2.739999999999995,-0.029544964416648643,90.0,90.0,90.0,90.0,90.0,92.74,,,0.0,0,5,12,90.0,0.0,SAME,1.0
DWAL,2025-05-13,90.0,90.0,90.0,90.0,90.0,92.74,0.0,0.0,0.0,0.0,0.0,0.0,0.0,0.0,90.0,90.0,91.096,90.04281263350852,90.24079342741919,90.8723620409803,0.0,0.0,0.009342938094522626,0.0,0.0,0.0,0.0,-2.739999999999995,-0.029544964416648643,90.0,90.0,90.0,90.0,90.0,92.74,,,0.0,1,5,13,90.0,0.0,SAME,1.0
DWAL,2025-05-14,90.0,90.0,90.0,90.0,90.0,92.74,0.0,0.0,0.0,0.0,0.0,0.0,0.0,0.0,90.0,90.0,90.822,90.02140631675425,90.1605289516128,90.71375076080206,0.0,0.0,0.009342938094522626,0.0,0.0,0.0,0.0,-2.739999999999995,-0.029544964416648643,90.0,90.0,90.0,90.0,90.0,92.74,,,0.0,2,5,14,90.0,0.0,SAME,1.0
DWAL,2025-05-15,90.0,90.0,90.0,90.0,90.0,92.74,0.0,0.0,0.0,0.0,0.0,0.0,0.0,0.0,90.0,90.0,90.548,90.01070315837713,90.10701930107521,90.58397789520167,0.0,0.0,0.009342938094522626,0.0,0.0,0.0,0.0,-2.739999999999995,-0.029544964416648643,90.0,90.0,90.0,90.0,90.0,92.74,,,0.0,3,5,15,90.0,0.0,SAME,1.0
DWAL,2025-05-16,90.0,90.0,90.0,90.0,90.0,92.74,0.0,0.0,0.0,0.0,0.0,0.0,0.0,0.0,90.0,90.0,90.274,90.00535157918856,90.07134620071682,90.47780009607409,0.0,0.0,0.009342938094522626,0.0,0.0,0.0,0.0,-2.739999999999995,-0.029544964416648643,90.0,90.0,90.0,90.0,90.0,92.74,,,0.0,4,5,16,90.0,0.0,SAME,1.0
DWAL,2025-05-19,90.0,90.0,90.0,90.0,90.0,92.74,0.0,0.0,0.0,0.0,0.0,0.0,0.0,0.0,90.0,90.0,90.0,90.00267578959428,90.04756413381122,90.39092735133333,0.0,0.0,0.009342938094522626,0.0,0.0,0.0,0.0,-2.739999999999995,-0.029544964416648643,90.0,90.0,90.0,90.0,90.0,90.0,,,,0,5,19,90.0,0.0,SAME,1.0
DWAL,2025-05-20,90.0,90.0,90.0,90.0,90.0,90.0,0.0,0.0,0.0,0.0,0.0,0.0,0.0,0.0,90.0,90.0,90.0,90.00133789479713,90.03170942254081,90.3198496510909,0.0,0.0,0.0,0.0,0.0,0.0,0.0,0.0,0.0,90.0,90.0,90.0,90.0,90.0,90.0,,,,1,5,20,90.0,0.0,SAME,1.0
DWAL,2025-05-21,90.0,90.0,90.0,90.0,90.0,90.0,0.0,0.0,0.0,0.0,0.0,0.0,0.0,0.0,90.0,90.0,90.0,90.00066894739857,90.02113961502721,90.26169516907437,0.0,0.0,0.0,0.0,0.0,0.0,0.0,0.0,0.0,90.0,90.0,90.0,90.0,90.0,90.0,,,,2,5,21,90.0,0.0,SAME,1.0
DWAL,2025-05-22,90.0,90.0,90.0,90.0,90.0,90.0,0.0,0.0,0.0,0.0,0.0,0.0,0.0,0.0,90.0,90.0,90.0,90.00033447369928,90.01409307668482,90.21411422924265,0.0,0.0,0.0,0.0,0.0,0.0,0.0,0.0,0.0,90.0,90.0,90.0,90.0,90.0,90.0,,,,3,5,22,90.0,0.0,SAME,1.0
DWAL,2025-05-23,90.0,90.0,90.0,90.0,90.0,90.0,0.0,0.0,0.0,0.0,0.0,0.0,0.0,0.0,90.0,90.0,90.0,90.00016723684965,90.00939538445655,90.17518436938035,0.0,0.0,0.0,0.0,0.0,0.0,0.0,0.0,0.0,90.0,90.0,90.0,90.0,90.0,90.0,,,,4,5,23,90.0,0.0,SAME,1.0
DWAL,2025-05-26,90.0,90.0,90.0,90.0,90.0,90.0,0.0,0.0,0.0,0.0,0.0,0.0,0.0,0.0,90.0,90.0,90.0,90.00008361842482,90.00626358963771,90.14333266585663,0.0,0.0,0.0,0.0,0.0,0.0,0.0,0.0,0.0,90.0,90.0,90.0,90.0,90.0,90.0,,,,0,5,26,90.0,0.0,SAME,1.0
DWAL,2025-05-27,90.0,90.0,90.0,90.0,90.0,90.0,0.0,0.0,0.0,0.0,0.0,0.0,0.0,0.0,90.0,90.0,90.0,90.0000418092124,90.00417572642515,90.11727218115541,0.0,0.0,0.0,0.0,0.0,0.0,0.0,0.0,0.0,90.0,90.0,90.0,90.0,90.0,90.0,,,,1,5,27,86.54,-3.4599999999999937,DOWN,0.0
DWAL,2025-05-28,86.54,90.0,90.0,90.0,90.0,90.0,-3.4599999999999937,-3.4599999999999937,-3.4599999999999937,-0.03844444444444439,-0.03844444444444439,-0.03844444444444439,-0.03920293553352628,-0.03920293553352628,88.84666666666668,89.30799999999999,89.654,88.27002090460621,88.84945048428344,89.46685905730897,0.02219591034883999,0.017192878226998658,0.012157200782424202,-3.4599999999999937,-0.03844444444444438,-3.4599999999999937,-0.03844444444444438,-3.4599999999999937,-0.03844444444444438,86.54,90.0,86.54,90.0,86.54,90.0,0.0,0.0,0.0,2,5,28,93.94,7.3999999999999915,UP,2.0
DWAL,2025-05-29,93.94,86.54,90.0,90.0,90.0,90.0,7.3999999999999915,3.9399999999999977,3.9399999999999977,0.0855095909406054,0.04377777777777769,0.04377777777777769,0.08204954580211021,0.04284661026858389,90.16000000000001,90.09599999999999,90.048,91.1050104523031,90.54630032285563,90.2801574105255,0.063448756672489,0.04568052059831043,0.030855132204115364,3.9399999999999977,0.043777777777777756,3.9399999999999977,0.043777777777777756,3.9399999999999977,0.043777777777777756,86.54,93.94,86.54,93.94,86.54,93.94,1.0,1.0,1.0,3,5,29,93.94,0.0,SAME,1.0
DWAL,2025-05-30,93.94,93.94,86.54,90.0,90.0,90.0,0.0,7.3999999999999915,3.9399999999999977,0.0,0.0855095909406054,0.04377777777777769,0.0,0.08204954580211021,91.47333333333334,90.884,90.442,92.52250522615155,91.67753354857042,90.94558333588449,0.063448756672489,0.04568052059831043,0.030855132204115364,3.9399999999999977,0.043777777777777756,3.9399999999999977,0.043777777777777756,3.9399999999999977,0.043777777777777756,86.54,93.94,86.54,93.94,86.54,93.94,1.0,1.0,1.0,4,5,30,93.94,0.0,SAME,1.0
DWAL,2025-06-02,93.94,93.94,93.94,86.54,90.0,90.0,0.0,0.0,7.3999999999999915,0.0,0.0,0.0855095909406054,0.0,0.0,93.94,91.672,90.836,93.23125261307578,92.43168903238029,91.49002272936004,0.04936898534785075,0.04568052059831043,0.030855132204115364,7.3999999999999915,0.0855095909406054,3.9399999999999977,0.043777777777777756,3.9399999999999977,0.043777777777777756,93.94,93.94,86.54,93.94,86.54,93.94,,1.0,1.0,0,6,2,93.94,0.0,SAME,1.0
DWAL,2025-06-03,93.94,93.94,93.94,93.94,90.0,90.0,0.0,0.0,0.0,0.0,0.0,0.0,0.0,0.0,93.94,92.46000000000001,91.22999999999999,93.58562630653789,92.9344593549202,91.93547314220366,0.0,0.04568052059831043,0.030855132204115364,0.0,0.0,3.9399999999999977,0.043777777777777756,3.9399999999999977,0.043777777777777756,93.94,93.94,86.54,93.94,86.54,93.94,,1.0,1.0,1,6,3,91.77,-2.1700000000000017,DOWN,0.0
DWAL,2025-06-04,91.77,93.94,93.94,93.94,86.54,90.0,-2.1700000000000017,-2.1700000000000017,-2.1700000000000017,-0.023099850968703484,-0.023099850968703484,-0.023099850968703484,-0.023370833767927316,-0.023370833767927316,93.21666666666665,93.506,91.407,92.67781315326894,92.54630623661347,91.90538711634845,0.013336705175011834,0.042031232818387367,0.03208674878318309,-2.1700000000000017,-0.023099850968703445,5.22999999999999,0.06043448116477917,1.769999999999996,0.019666666666666624,91.77,93.94,91.77,93.94,86.54,93.94,0.0,0.0,0.7067567567567562,2,6,4,91.77,0.0,SAME,1.0
DWAL,2025-06-05,91.77,91.77,93.94,93.94,93.94,90.0,0.0,-2.1700000000000017,-2.1700000000000017,0.0,-0.023099850968703484,-0.023099850968703484,0.0,-0.023370833767927316,92.49333333333333,93.072,91.58399999999999,92.22390657663448,92.28753749107565,91.88077127701237,0.013336705175011834,0.010330567407227556,0.03208674878318309,-2.1700000000000017,-0.023099850968703445,-2.1700000000000017,-0.023099850968703445,1.769999999999996,0.019666666666666624,91.77,93.94,91.77,93.94,86.54,93.94,0.0,0.0,0.7067567567567562,3,6,5,91.77,0.0,SAME,1.0
DWAL,2025-06-06,91.77,91.77,91.77,93.94,93.94,90.0,0.0,0.0,-2.1700000000000017,0.0,0.0,-0.023099850968703484,0.0,0.0,91.77,92.638,91.761,91.99695328831723,92.11502499405043,91.8606310448283,0.013336705175011834,0.010330567407227556,0.03208674878318309,-2.1700000000000017,-0.023099850968703445,-2.1700000000000017,-0.023099850968703445,1.769999999999996,0.019666666666666624,91.77,91.77,91.77,93.94,86.54,93.94,,0.0,0.7067567567567562,4,6,6,91.77,0.0,SAME,1.0
DWAL,2025-06-09,91.77,91.77,91.77,91.77,93.94,90.0,0.0,0.0,0.0,0.0,0.0,0.0,0.0,0.0,91.77,92.204,91.938,91.8834766441586,92.00001666270029,91.84415267304134,0.0,0.010330567407227556,0.03208674878318309,0.0,0.0,-2.1700000000000017,-0.023099850968703445,1.769999999999996,0.019666666666666624,91.77,91.77,91.77,93.94,86.54,93.94,,0.0,0.7067567567567562,0,6,9,91.77,0.0,SAME,1.0
DWAL,2025-06-10,91.77,91.77,91.77,91.77,93.94,90.0,0.0,0.0,0.0,0.0,0.0,0.0,0.0,0.0,91.77,91.77,92.115,91.82673832207931,91.9233444418002,91.830670368852,0.0,0.010330567407227556,0.03208674878318309,0.0,0.0,-2.1700000000000017,-0.023099850968703445,1.769999999999996,0.019666666666666624,91.77,91.77,91.77,91.77,86.54,93.94,,,0.7067567567567562,1,6,10,91.77,0.0,SAME,1.0
DWAL,2025-06-12,91.77,91.77,91.77,91.77,91.77,86.54,0.0,0.0,0.0,0.0,0.0,0.0,0.0,0.0,91.77,91.77,92.638,91.79836916103966,91.8722296278668,91.81963939269708,0.0,0.0,0.02878270254716989,0.0,0.0,0.0,0.0,5.22999999999999,0.06043448116477917,91.77,91.77,91.77,91.77,91.77,93.94,,,0.0,3,6,12,91.77,0.0,SAME,1.0
DWAL,2025-06-13,91.77,91.77,91.77,91.77,91.77,93.94,0.0,0.0,0.0,0.0,0.0,0.0,0.0,0.0,91.77,91.77,92.42099999999999,91.78418458051982,91.83815308524453,91.81061404857034,0.0,0.0,0.007304814267153534,0.0,0.0,0.0,0.0,-2.1700000000000017,-0.023099850968703445,91.77,91.77,91.77,91.77,91.77,93.94,,,0.0,4,6,13,91.77,0.0,SAME,1.0
DWAL,2025-06-16,91.77,91.77,91.77,91.77,91.77,93.94,0.0,0.0,0.0,0.0,0.0,0.0,0.0,0.0,91.77,91.77,92.204,91.7770922902599,91.81543539016303,91.803229676103,0.0,0.0,0.007304814267153534,0.0,0.0,0.0,0.0,-2.1700000000000017,-0.023099850968703445,91.77,91.77,91.77,91.77,91.77,93.94,,,0.0,0,6,16,91.77,0.0,SAME,1.0
DWAL,2025-06-17,91.77,91.77,91.77,91.77,91.77,93.94,0.0,0.0,0.0,0.0,0.0,0.0,0.0,0.0,91.77,91.77,91.987,91.77354614512996,91.80029026010868,91.79718791681154,0.0,0.0,0.007304814267153534,0.0,0.0,0.0,0.0,-2.1700000000000017,-0.023099850968703445,91.77,91.77,91.77,91.77,91.77,93.94,,,0.0,1,6,17,91.77,0.0,SAME,1.0
DWAL,2025-06-18,91.77,91.77,91.77,91.77,91.77,93.94,0.0,0.0,0.0,0.0,0.0,0.0,0.0,0.0,91.77,91.77,91.77,91.77177307256497,91.79019350673912,91.79224465920943,0.0,0.0,0.007304814267153534,0.0,0.0,0.0,0.0,-2.1700000000000017,-0.023099850968703445,91.77,91.77,91.77,91.77,91.77,91.77,,,,2,6,18,91.77,0.0,SAME,1.0
DWAL,2025-06-19,91.77,91.77,91.77,91.77,91.77,91.77,0.0,0.0,0.0,0.0,0.0,0.0,0.0,0.0,91.77,91.77,91.77,91.77088653628249,91.78346233782608,91.78820017571681,0.0,0.0,0.0,0.0,0.0,0.0,0.0,0.0,0.0,91.77,91.77,91.77,91.77,91.77,91.77,,,,3,6,19,91.77,0.0,SAME,1.0
DWAL,2025-06-20,91.77,91.77,91.77,91.77,91.77,91.77,0.0,0.0,0.0,0.0,0.0,0.0,0.0,0.0,91.77,91.77,91.77,91.77044326814124,91.77897489188405,91.78489105285921,0.0,0.0,0.0,0.0,0.0,0.0,0.0,0.0,0.0,91.77,91.77,91.77,91.77,91.77,91.77,,,,4,6,20,86.88,-4.890000000000001,DOWN,0.0
DWAL,2025-06-23,86.88,91.77,91.77,91.77,91.77,91.77,-4.890000000000001,-4.890000000000001,-4.890000000000001,-0.05328538738149724,-0.05328538738149724,-0.05328538738149724,-0.05475759064529649,-0.05475759064529649,90.14,90.792,91.281,89.32522163407062,90.14598326125603,90.89309267961208,0.030764332748576876,0.023829949678487682,0.016850319012992047,-4.890000000000001,-0.05328538738149723,-4.890000000000001,-0.05328538738149723,-4.890000000000001,-0.05328538738149723,86.88,91.77,86.88,91.77,86.88,91.77,0.0,0.0,0.0,0,6,23,86.88,0.0,SAME,1.0
DWAL,2025-06-24,86.88,86.88,91.77,91.77,91.77,91.77,0.0,-4.890000000000001,-4.890000000000001,0.0,-0.05328538738149724,-0.05328538738149724,0.0,-0.05475759064529649,88.50999999999999,89.814,90.792,88.1026108170353,89.0573221741707,90.16343946513716,0.030764332748576876,0.023829949678487682,0.016850319012992047,-4.890000000000001,-0.05328538738149723,-4.890000000000001,-0.05328538738149723,-4.890000000000001,-0.05328538738149723,86.88,91.77,86.88,91.77,86.88,91.77,0.0,0.0,0.0,1,6,24,86.88,0.0,SAME,1.0
DWAL,2025-06-25,86.88,86.88,86.88,91.77,91.77,91.77,0.0,0.0,-4.890000000000001,0.0,0.0,-0.05328538738149724,0.0,0.0,86.88,88.83599999999998,90.303,87.49130540851765,88.3315481161138,89.56645047147585,0.030764332748576876,0.023829949678487682,0.016850319012992047,-4.890000000000001,-0.05328538738149723,-4.890000000000001,-0.05328538738149723,-4.890000000000001,-0.05328538738149723,86.88,86.88,86.88,91.77,86.88,91.77,,0.0,0.0,2,6,25,86.88,0.0,SAME,1.0
DWAL,2025-06-26,86.88,86.88,86.88,86.88,91.77,91.77,0.0,0.0,0.0,0.0,0.0,0.0,0.0,0.0,86.88,87.85799999999999,89.814,87.18565270425881,87.84769874407587,89.0780049312075,0.0,0.023829949678487682,0.016850319012992047,0.0,0.0,-4.890000000000001,-0.05328538738149723,-4.890000000000001,-0.05328538738149723,86.88,86.88,86.88,91.77,86.88,91.77,,0.0,0.0,3,6,26,86.88,0.0,SAME,1.0
DWAL,2025-06-27,86.88,86.88,86.88,86.88,91.77,91.77,0.0,0.0,0.0,0.0,0.0,0.0,0.0,0.0,86.88,86.88,89.325,87.0328263521294,87.52513249605059,88.67836767098795,0.0,0.023829949678487682,0.016850319012992047,0.0,0.0,-4.890000000000001,-0.05328538738149723,-4.890000000000001,-0.05328538738149723,86.88,86.88,86.88,86.88,86.88,91.77,,,0.0,4,6,27,86.88,0.0,SAME,1.0
DWAL,2025-06-30,86.88,86.88,86.88,86.88,86.88,91.77,0.0,0.0,0.0,0.0,0.0,0.0,0.0,0.0,86.88,86.88,88.836,86.9564131760647,87.3100883307004,88.35139173080832,0.0,0.0,0.016850319012992047,0.0,0.0,0.0,0.0,-4.890000000000001,-0.05328538738149723,86.88,86.88,86.88,86.88,86.88,91.77,,,0.0,0,6,30,86.88,0.0,SAME,1.0
DWAL,2025-07-01,86.88,86.88,86.88,86.88,86.88,91.77,0.0,0.0,0.0,0.0,0.0,0.0,0.0,0.0,86.88,86.88,88.34700000000001,86.91820658803235,87.16672555380026,88.08386596157044,0.0,0.0,0.016850319012992047,0.0,0.0,0.0,0.0,-4.890000000000001,-0.05328538738149723,86.88,86.88,86.88,86.88,86.88,91.77,,,0.0,1,7,1,86.88,0.0,SAME,1.0
DWAL,2025-07-02,86.88,86.88,86.88,86.88,86.88,91.77,0.0,0.0,0.0,0.0,0.0,0.0,0.0,0.0,86.88,86.88,87.858,86.89910329401617,87.07115036920018,87.8649812412849,0.0,0.0,0.016850319012992047,0.0,0.0,0.0,0.0,-4.890000000000001,-0.05328538738149723,86.88,86.88,86.88,86.88,86.88,91.77,,,0.0,2,7,2,86.88,0.0,SAME,1.0
DWAL,2025-07-03,86.88,86.88,86.88,86.88,86.88,91.77,0.0,0.0,0.0,0.0,0.0,0.0,0.0,0.0,86.88,86.88,87.369,86.88955164700809,87.00743357946679,87.68589374286945,0.0,0.0,0.016850319012992047,0.0,0.0,0.0,0.0,-4.890000000000001,-0.05328538738149723,86.88,86.88,86.88,86.88,86.88,91.77,,,0.0,3,7,3,86.88,0.0,SAME,1.0
DWAL,2025-07-04,86.88,86.88,86.88,86.88,86.88,91.77,0.0,0.0,0.0,0.0,0.0,0.0,0.0,0.0,86.88,86.88,86.88,86.88477582350404,86.96495571964454,87.53936760780228,0.0,0.0,0.016850319012992047,0.0,0.0,0.0,0.0,-4.890000000000001,-0.05328538738149723,86.88,86.88,86.88,86.88,86.88,86.88,,,,4,7,4,86.88,0.0,SAME,1.0
DWAL,2025-07-07,86.88,86.88,86.88,86.88,86.88,86.88,0.0,0.0,0.0,0.0,0.0,0.0,0.0,0.0,86.88,86.88,86.88,86.88238791175202,86.93663714642969,87.41948258820186,0.0,0.0,0.0,0.0,0.0,0.0,0.0,0.0,0.0,86.88,86.88,86.88,86.88,86.88,86.88,,,,0,7,7,86.88,0.0,SAME,1.0
DWAL,2025-07-08,86.88,86.88,86.88,86.88,86.88,86.88,0.0,0.0,0.0,0.0,0.0,0.0,0.0,0.0,86.88,86.88,86.88,86.881193955876,86.9177580976198,87.32139484489242,0.0,0.0,0.0,0.0,0.0,0.0,0.0,0.0,0.0,86.88,86.88,86.88,86.88,86.88,86.88,,,,1,7,8,86.88,0.0,SAME,1.0
DWAL,2025-07-09,86.88,86.88,86.88,86.88,86.88,86.88,0.0,0.0,0.0,0.0,0.0,0.0,0.0,0.0,86.88,86.88,86.88,86.880596977938,86.90517206507987,87.24114123673016,0.0,0.0,0.0,0.0,0.0,0.0,0.0,0.0,0.0,86.88,86.88,86.88,86.88,86.88,86.88,,,,2,7,9,86.88,0.0,SAME,1.0
DWAL,2025-07-10,86.88,86.88,86.88,86.88,86.88,86.88,0.0,0.0,0.0,0.0,0.0,0.0,0.0,0.0,86.88,86.88,86.88,86.880298488969,86.89678137671991,87.1754791936883,0.0,0.0,0.0,0.0,0.0,0.0,0.0,0.0,0.0,86.88,86.88,86.88,86.88,86.88,86.88,,,,3,7,10,86.88,0.0,SAME,1.0
DWAL,2025-07-11,86.88,86.88,86.88,86.88,86.88,86.88,0.0,0.0,0.0,0.0,0.0,0.0,0.0,0.0,86.88,86.88,86.88,86.8801492444845,86.89118758447995,87.1217557039268,0.0,0.0,0.0,0.0,0.0,0.0,0.0,0.0,0.0,86.88,86.88,86.88,86.88,86.88,86.88,,,,4,7,11,86.88,0.0,SAME,1.0
DWAL,2025-07-14,86.88,86.88,86.88,86.88,86.88,86.88,0.0,0.0,0.0,0.0,0.0,0.0,0.0,0.0,86.88,86.88,86.88,86.88007462224225,86.8874583896533,87.07780012139465,0.0,0.0,0.0,0.0,0.0,0.0,0.0,0.0,0.0,86.88,86.88,86.88,86.88,86.88,86.88,,,,0,7,14,86.88,0.0,SAME,1.0
DWAL,2025-07-15,86.88,86.88,86.88,86.88,86.88,86.88,0.0,0.0,0.0,0.0,0.0,0.0,0.0,0.0,86.88,86.88,86.88,86.88003731112113,86.88497225976887,87.04183646295925,0.0,0.0,0.0,0.0,0.0,0.0,0.0,0.0,0.0,86.88,86.88,86.88,86.88,86.88,86.88,,,,1,7,15,86.88,0.0,SAME,1.0
DWAL,2025-07-16,86.88,86.88,86.88,86.88,86.88,86.88,0.0,0.0,0.0,0.0,0.0,0.0,0.0,0.0,86.88,86.88,86.88,86.88001865556056,86.88331483984592,87.01241165151211,0.0,0.0,0.0,0.0,0.0,0.0,0.0,0.0,0.0,86.88,86.88,86.88,86.88,86.88,86.88,,,,2,7,16,86.88,0.0,SAME,1.0
DWAL,2025-07-17,86.88,86.88,86.88,86.88,86.88,86.88,0.0,0.0,0.0,0.0,0.0,0.0,0.0,0.0,86.88,86.88,86.88,86.88000932778027,86.88220989323062,86.98833680578264,0.0,0.0,0.0,0.0,0.0,0.0,0.0,0.0,0.0,86.88,86.88,86.88,86.88,86.88,86.88,,,,3,7,17,86.88,0.0,SAME,1.0
DWAL,2025-07-18,86.88,86.88,86.88,86.88,86.88,86.88,0.0,0.0,0.0,0.0,0.0,0.0,0.0,0.0,86.88,86.88,86.88,86.88000466389013,86.88147326215375,86.96863920473125,0.0,0.0,0.0,0.0,0.0,0.0,0.0,0.0,0.0,86.88,86.88,86.88,86.88,86.88,86.88,,,,4,7,18,86.88,0.0,SAME,1.0
DWAL,2025-07-21,86.88,86.88,86.88,86.88,86.88,86.88,0.0,0.0,0.0,0.0,0.0,0.0,0.0,0.0,86.88,86.88,86.88,86.88000233194506,86.88098217476917,86.9525229856892,0.0,0.0,0.0,0.0,0.0,0.0,0.0,0.0,0.0,86.88,86.88,86.88,86.88,86.88,86.88,,,,0,7,21,86.88,0.0,SAME,1.0
DWAL,2025-07-22,86.88,86.88,86.88,86.88,86.88,86.88,0.0,0.0,0.0,0.0,0.0,0.0,0.0,0.0,86.88,86.88,86.88,86.88000116597253,86.88065478317945,86.93933698829116,0.0,0.0,0.0,0.0,0.0,0.0,0.0,0.0,0.0,86.88,86.88,86.88,86.88,86.88,86.88,,,,1,7,22,86.88,0.0,SAME,1.0
DWAL,2025-07-23,86.88,86.88,86.88,86.88,86.88,86.88,0.0,0.0,0.0,0.0,0.0,0.0,0.0,0.0,86.88,86.88,86.88,86.88000058298627,86.88043652211964,86.92854844496549,0.0,0.0,0.0,0.0,0.0,0.0,0.0,0.0,0.0,86.88,86.88,86.88,86.88,86.88,86.88,,,,2,7,23,86.88,0.0,SAME,1.0
DWAL,2025-07-24,86.88,86.88,86.88,86.88,86.88,86.88,0.0,0.0,0.0,0.0,0.0,0.0,0.0,0.0,86.88,86.88,86.88,86.88000029149313,86.88029101474643,86.91972145497175,0.0,0.0,0.0,0.0,0.0,0.0,0.0,0.0,0.0,86.88,86.88,86.88,86.88,86.88,86.88,,,,3,7,24,86.88,0.0,SAME,1.0
DWAL,2025-07-25,86.88,86.88,86.88,86.88,86.88,86.88,0.0,0.0,0.0,0.0,0.0,0.0,0.0,0.0,86.88,86.88,86.88,86.88000014574656,86.88019400983096,86.91249937224961,0.0,0.0,0.0,0.0,0.0,0.0,0.0,0.0,0.0,86.88,86.88,86.88,86.88,86.88,86.88,,,,4,7,25,86.88,0.0,SAME,1.0
DWAL,2025-07-29,86.88,86.88,86.88,86.88,86.88,86.88,0.0,0.0,0.0,0.0,0.0,0.0,0.0,0.0,86.88,86.88,86.88,86.88000007287329,86.8801293398873,86.90659039547695,0.0,0.0,0.0,0.0,0.0,0.0,0.0,0.0,0.0,86.88,86.88,86.88,86.88,86.88,86.88,,,,1,7,29,86.88,0.0,SAME,1.0
DWAL,2025-07-30,86.88,86.88,86.88,86.88,86.88,86.88,0.0,0.0,0.0,0.0,0.0,0.0,0.0,0.0,86.88,86.88,86.88,86.88000003643664,86.88008622659154,86.9017557781175,0.0,0.0,0.0,0.0,0.0,0.0,0.0,0.0,0.0,86.88,86.88,86.88,86.88,86.88,86.88,,,,2,7,30,86.88,0.0,SAME,1.0
DWAL,2025-07-31,86.88,86.88,86.88,86.88,86.88,86.88,0.0,0.0,0.0,0.0,0.0,0.0,0.0,0.0,86.88,86.88,86.88,86.88000001821831,86.88005748439437,86.89780018209613,0.0,0.0,0.0,0.0,0.0,0.0,0.0,0.0,0.0,86.88,86.88,86.88,86.88,86.88,86.88,,,,3,7,31,86.88,0.0,SAME,1.0
DWAL,2025-08-01,86.88,86.88,86.88,86.88,86.88,86.88,0.0,0.0,0.0,0.0,0.0,0.0,0.0,0.0,86.88,86.88,86.88,86.88000000910915,86.88003832292958,86.89456378535138,0.0,0.0,0.0,0.0,0.0,0.0,0.0,0.0,0.0,86.88,86.88,86.88,86.88,86.88,86.88,,,,4,8,1,86.88,0.0,SAME,1.0
DWAL,2025-08-04,86.88,86.88,86.88,86.88,86.88,86.88,0.0,0.0,0.0,0.0,0.0,0.0,0.0,0.0,86.88,86.88,86.88,86.88000000455457,86.88002554861973,86.8919158243784,0.0,0.0,0.0,0.0,0.0,0.0,0.0,0.0,0.0,86.88,86.88,86.88,86.88,86.88,86.88,,,,0,8,4,86.88,0.0,SAME,1.0
DWAL,2025-08-05,86.88,86.88,86.88,86.88,86.88,86.88,0.0,0.0,0.0,0.0,0.0,0.0,0.0,0.0,86.88,86.88,86.88,86.88000000227728,86.88001703241315,86.88974931085505,0.0,0.0,0.0,0.0,0.0,0.0,0.0,0.0,0.0,86.88,86.88,86.88,86.88,86.88,86.88,,,,1,8,5,86.88,0.0,SAME,1.0
DWAL,2025-08-06,86.88,86.88,86.88,86.88,86.88,86.88,0.0,0.0,0.0,0.0,0.0,0.0,0.0,0.0,86.88,86.88,86.88,86.88000000113864,86.8800113549421,86.8879767088814,0.0,0.0,0.0,0.0,0.0,0.0,0.0,0.0,0.0,86.88,86.88,86.88,86.88,86.88,86.88,,,,2,8,6,86.88,0.0,SAME,1.0
DWAL,2025-08-07,86.88,86.88,86.88,86.88,86.88,86.88,0.0,0.0,0.0,0.0,0.0,0.0,0.0,0.0,86.88,86.88,86.88,86.88000000056931,86.8800075699614,86.88652639817569,0.0,0.0,0.0,0.0,0.0,0.0,0.0,0.0,0.0,86.88,86.88,86.88,86.88,86.88,86.88,,,,3,8,7,89.81,2.930000000000007,UP,2.0
DWAL,2025-08-08,89.81,86.88,86.88,86.88,86.88,86.88,2.930000000000007,2.930000000000007,2.930000000000007,0.03372467771639043,0.03372467771639043,0.03372467771639043,0.03316847149723306,0.03316847149723306,87.85666666666667,87.466,87.17299999999999,88.34500000028466,87.8566717133076,87.41806705305284,0.019470951757884956,0.015082134378624594,0.010664679493890977,2.930000000000007,0.033724677716390504,2.930000000000007,0.033724677716390504,2.930000000000007,0.033724677716390504,86.88,89.81,86.88,89.81,86.88,89.81,1.0,1.0,1.0,4,8,8,89.81,0.0,SAME,1.0
DWAL,2025-08-11,89.81,89.81,86.88,86.88,86.88,86.88,0.0,2.930000000000007,2.930000000000007,0.0,0.03372467771639043,0.03372467771639043,0.0,0.03316847149723306,88.83333333333333,88.05199999999999,87.466,89.07750000014232,88.50778114220508,87.85296395249777,0.019470951757884956,0.015082134378624596,0.010664679493890977,2.930000000000007,0.033724677716390504,2.930000000000007,0.033724677716390504,2.930000000000007,0.033724677716390504,86.88,89.81,86.88,89.81,86.88,89.81,1.0,1.0,1.0,0,8,11,89.81,0.0,SAME,1.0
DWAL,2025-08-12,89.81,89.81,89.81,86.88,86.88,86.88,0.0,0.0,2.930000000000007,0.0,0.0,0.03372467771639043,0.0,0.0,89.81,88.638,87.75899999999999,89.44375000007116,88.94185409480339,88.20878868840727,0.019470951757884956,0.015082134378624596,0.010664679493890977,2.930000000000007,0.033724677716390504,2.930000000000007,0.033724677716390504,2.930000000000007,0.033724677716390504,89.81,89.81,86.88,89.81,86.88,89.81,,1.0,1.0,1,8,12,89.81,0.0,SAME,1.0
DWAL,2025-08-13,89.81,89.81,89.81,89.81,86.88,86.88,0.0,0.0,0.0,0.0,0.0,0.0,0.0,0.0,89.81,89.224,88.05199999999999,89.62687500003558,89.23123606320226,88.49991801778776,0.0,0.015082134378624596,0.010664679493890977,0.0,0.0,2.930000000000007,0.033724677716390504,2.930000000000007,0.033724677716390504,89.81,89.81,86.88,89.81,86.88,89.81,,1.0,1.0,2,8,13,89.81,0.0,SAME,1.0
DWAL,2025-08-14,89.81,89.81,89.81,89.81,86.88,86.88,0.0,0.0,0.0,0.0,0.0,0.0,0.0,0.0,89.81,89.81,88.345,89.71843750001779,89.42415737546818,88.73811474182635,0.0,0.015082134378624596,0.010664679493890977,0.0,0.0,2.930000000000007,0.033724677716390504,2.930000000000007,0.033724677716390504,89.81,89.81,89.81,89.81,86.88,89.81,,,1.0,3,8,14,89.81,0.0,SAME,1.0
DWAL,2025-08-15,89.81,89.81,89.81,89.81,89.81,86.88,0.0,0.0,0.0,0.0,0.0,0.0,0.0,0.0,89.81,89.81,88.638,89.7642187500089,89.55277158364547,88.93300297058519,0.0,0.0,0.010664679493890977,0.0,0.0,0.0,0.0,2.930000000000007,0.033724677716390504,89.81,89.81,89.81,89.81,86.88,89.81,,,1.0,4,8,15,89.81,0.0,SAME,1.0
DWAL,2025-08-18,89.81,89.81,89.81,89.81,89.81,86.88,0.0,0.0,0.0,0.0,0.0,0.0,0.0,0.0,89.81,89.81,88.931,89.78710937500445,89.63851438909698,89.09245697593333,0.0,0.0,0.010664679493890977,0.0,0.0,0.0,0.0,2.930000000000007,0.033724677716390504,89.81,89.81,89.81,89.81,86.88,89.81,,,1.0,0,8,18,89.81,0.0,SAME,1.0
DWAL,2025-08-19,89.81,89.81,89.81,89.81,89.81,86.88,0.0,0.0,0.0,0.0,0.0,0.0,0.0,0.0,89.81,89.81,89.224,89.79855468750222,89.695676259398,89.22291934394545,0.0,0.0,0.010664679493890977,0.0,0.0,0.0,0.0,2.930000000000007,0.033724677716390504,89.81,89.81,89.81,89.81,86.88,89.81,,,1.0,1,8,19,89.81,0.0,SAME,1.0
DWAL,2025-08-20,89.81,89.81,89.81,89.81,89.81,86.88,0.0,0.0,0.0,0.0,0.0,0.0,0.0,0.0,89.81,89.81,89.517,89.80427734375111,89.733784172932,89.32966128140991,0.0,0.0,0.010664679493890977,0.0,0.0,0.0,0.0,2.930000000000007,0.033724677716390504,89.81,89.81,89.81,89.81,86.88,89.81,,,1.0,2,8,20,89.81,0.0,SAME,1.0
DWAL,2025-08-21,89.81,89.81,89.81,89.81,89.81,86.88,0.0,0.0,0.0,0.0,0.0,0.0,0.0,0.0,89.81,89.81,89.81,89.80713867187555,89.75918944862134,89.41699559388083,0.0,0.0,0.010664679493890977,0.0,0.0,0.0,0.0,2.930000000000007,0.033724677716390504,89.81,89.81,89.81,89.81,89.81,89.81,,,,3,8,21,89.81,0.0,SAME,1.0
DWAL,2025-08-22,89.81,89.81,89.81,89.81,89.81,89.81,0.0,0.0,0.0,0.0,0.0,0.0,0.0,0.0,89.81,89.81,89.81,89.80856933593778,89.7761262990809,89.48845094044795,0.0,0.0,0.0,0.0,0.0,0.0,0.0,0.0,0.0,89.81,89.81,89.81,89.81,89.81,89.81,,,,4,8,22,89.81,0.0,SAME,1.0
DWAL,2025-08-25,89.81,89.81,89.81,89.81,89.81,89.81,0.0,0.0,0.0,0.0,0.0,0.0,0.0,0.0,89.81,89.81,89.81,89.80928466796888,89.78741753272061,89.54691440582104,0.0,0.0,0.0,0.0,0.0,0.0,0.0,0.0,0.0,89.81,89.81,89.81,89.81,89.81,89.81,,,,0,8,25,90.0,0.18999999999999773,UP,2.0
DWAL,2025-08-26,90.0,89.81,89.81,89.81,89.81,89.81,0.18999999999999773,0.18999999999999773,0.18999999999999773,0.0021155773299186276,0.0021155773299186276,0.0021155773299186276,0.0021133426474066125,0.0021133426474066125,89.87333333333333,89.848,89.82900000000001,89.90464233398444,89.85827835514708,89.62929360476267,0.0012214291408177574,0.0009461149442763324,0.0006690042928600773,0.18999999999999773,0.0021155773299186918,0.18999999999999773,0.0021155773299186918,0.18999999999999773,0.0021155773299186918,89.81,90.0,89.81,90.0,89.81,90.0,1.0,1.0,1.0,1,8,26,90.0,0.0,SAME,1.0
DWAL,2025-08-27,90.0,90.0,89.81,89.81,89.81,89.81,0.0,0.18999999999999773,0.18999999999999773,0.0,0.0021155773299186276,0.0021155773299186276,0.0,0.0021133426474066125,89.93666666666667,89.886,89.848,89.95232116699222,89.90551890343139,89.69669476753307,0.0012214291408177574,0.0009461149442763324,0.0006690042928600773,0.18999999999999773,0.0021155773299186918,0.18999999999999773,0.0021155773299186918,0.18999999999999773,0.0021155773299186918,89.81,90.0,89.81,90.0,89.81,90.0,1.0,1.0,1.0,2,8,27,90.0,0.0,SAME,1.0
DWAL,2025-08-28,90.0,90.0,90.0,89.81,89.81,89.81,0.0,0.0,0.18999999999999773,0.0,0.0,0.0021155773299186276,0.0,0.0,90.0,89.924,89.867,89.97616058349611,89.9370126022876,89.75184117343615,0.0012214291408177574,0.0009461149442763324,0.0006690042928600773,0.18999999999999773,0.0021155773299186918,0.18999999999999773,0.0021155773299186918,0.18999999999999773,0.0021155773299186918,90.0,90.0,89.81,90.0,89.81,90.0,,1.0,1.0,3,8,28,90.0,0.0,SAME,1.0
DWAL,2025-08-29,90.0,90.0,90.0,90.0,89.81,89.81,0.0,0.0,0.0,0.0,0.0,0.0,0.0,0.0,90.0,89.962,89.886,89.98808029174805,89.95800840152506,89.7969609600841,0.0,0.0009461149442763324,0.0006690042928600773,0.0,0.0,0.18999999999999773,0.0021155773299186918,0.18999999999999773,0.0021155773299186918,90.0,90.0,89.81,90.0,89.81,90.0,,1.0,1.0,4,8,29,90.0,0.0,SAME,1.0
DWAL,2025-09-01,90.0,90.0,90.0,90.0,89.81,89.81,0.0,0.0,0.0,0.0,0.0,0.0,0.0,0.0,90.0,90.0,89.905,89.99404014587402,89.97200560101672,89.83387714915972,0.0,0.0009461149442763324,0.0006690042928600773,0.0,0.0,0.18999999999999773,0.0021155773299186918,0.18999999999999773,0.0021155773299186918,90.0,90.0,90.0,90.0,89.81,90.0,,,1.0,0,9,1,90.0,0.0,SAME,1.0
DWAL,2025-09-02,90.0,90.0,90.0,90.0,90.0,89.81,0.0,0.0,0.0,0.0,0.0,0.0,0.0,0.0,90.0,90.0,89.924,89.997020072937,89.98133706734448,89.86408130385794,0.0,0.0,0.0006690042928600773,0.0,0.0,0.0,0.0,0.18999999999999773,0.0021155773299186918,90.0,90.0,90.0,90.0,89.81,90.0,,,1.0,1,9,2,90.0,0.0,SAME,1.0
DWAL,2025-09-03,90.0,90.0,90.0,90.0,90.0,89.81,0.0,0.0,0.0,0.0,0.0,0.0,0.0,0.0,90.0,90.0,89.94300000000001,89.9985100364685,89.98755804489633,89.88879379406558,0.0,0.0,0.0006690042928600773,0.0,0.0,0.0,0.0,0.18999999999999773,0.0021155773299186918,90.0,90.0,90.0,90.0,89.81,90.0,,,1.0,2,9,3,90.0,0.0,SAME,1.0
DWAL,2025-09-04,90.0,90.0,90.0,90.0,90.0,89.81,0.0,0.0,0.0,0.0,0.0,0.0,0.0,0.0,90.0,90.0,89.962,89.99925501823425,89.99170536326423,89.90901310423547,0.0,0.0,0.0006690042928600773,0.0,0.0,0.0,0.0,0.18999999999999773,0.0021155773299186918,90.0,90.0,90.0,90.0,89.81,90.0,,,1.0,3,9,4,90.0,0.0,SAME,1.0
DWAL,2025-09-05,90.0,90.0,90.0,90.0,90.0,89.81,0.0,0.0,0.0,0.0,0.0,0.0,0.0,0.0,90.0,90.0,89.98100000000001,89.99962750911712,89.99447024217616,89.92555617619264,0.0,0.0,0.0006690042928600773,0.0,0.0,0.0,0.0,0.18999999999999773,0.0021155773299186918,90.0,90.0,90.0,90.0,89.81,90.0,,,1.0,4,9,5,90.0,0.0,SAME,1.0
DWAL,2025-09-08,90.0,90.0,90.0,90.0,90.0,89.81,0.0,0.0,0.0,0.0,0.0,0.0,0.0,0.0,90.0,90.0,90.0,89.99981375455856,89.99631349478412,89.93909141688488,0.0,0.0,0.0006690042928600773,0.0,0.0,0.0,0.0,0.18999999999999773,0.0021155773299186918,90.0,90.0,90.0,90.0,90.0,90.0,,,,0,9,8,90.0,0.0,SAME,1.0
DWAL,2025-09-09,90.0,90.0,90.0,90.0,90.0,90.0,0.0,0.0,0.0,0.0,0.0,0.0,0.0,0.0,90.0,90.0,90.0,89.99990687727927,89.99754232985609,89.95016570472399,0.0,0.0,0.0,0.0,0.0,0.0,0.0,0.0,0.0,90.0,90.0,90.0,90.0,90.0,90.0,,,,1,9,9,90.0,0.0,SAME,1.0
DWAL,2025-09-10,90.0,90.0,90.0,90.0,90.0,90.0,0.0,0.0,0.0,0.0,0.0,0.0,0.0,0.0,90.0,90.0,90.0,89.99995343863964,89.9983615532374,89.95922648568325,0.0,0.0,0.0,0.0,0.0,0.0,0.0,0.0,0.0,90.0,90.0,90.0,90.0,90.0,90.0,,,,2,9,10,90.0,0.0,SAME,1.0
DWAL,2025-09-11,90.0,90.0,90.0,90.0,90.0,90.0,0.0,0.0,0.0,0.0,0.0,0.0,0.0,0.0,90.0,90.0,90.0,89.99997671931982,89.99890770215828,89.96663985192265,0.0,0.0,0.0,0.0,0.0,0.0,0.0,0.0,0.0,90.0,90.0,90.0,90.0,90.0,90.0,,,,3,9,11,90.0,0.0,SAME,1.0
DWAL,2025-09-12,90.0,90.0,90.0,90.0,90.0,90.0,0.0,0.0,0.0,0.0,0.0,0.0,0.0,0.0,90.0,90.0,90.0,89.99998835965991,89.99927180143885,89.97270533339125,0.0,0.0,0.0,0.0,0.0,0.0,0.0,0.0,0.0,90.0,90.0,90.0,90.0,90.0,90.0,,,,4,9,12,90.0,0.0,SAME,1.0
DWAL,2025-09-15,90.0,90.0,90.0,90.0,90.0,90.0,0.0,0.0,0.0,0.0,0.0,0.0,0.0,0.0,90.0,90.0,90.0,89.99999417982995,89.99951453429257,89.97766800004737,0.0,0.0,0.0,0.0,0.0,0.0,0.0,0.0,0.0,90.0,90.0,90.0,90.0,90.0,90.0,,,,0,9,15,89.22,-0.7800000000000011,DOWN,0.0
DWAL,2025-09-16,89.22,90.0,90.0,90.0,90.0,90.0,-0.7800000000000011,-0.7800000000000011,-0.7800000000000011,-0.008666666666666711,-0.008666666666666711,-0.008666666666666711,-0.008704440630146406,-0.008704440630146406,89.74000000000001,89.84400000000001,89.922,89.60999708991497,89.73967635619505,89.83991018185694,0.005003702332951851,0.003875851161000938,0.002740640638808718,-0.7800000000000011,-0.00866666666666668,-0.7800000000000011,-0.00866666666666668,-0.7800000000000011,-0.00866666666666668,89.22,90.0,89.22,90.0,89.22,90.0,0.0,0.0,0.0,1,9,16,89.22,0.0,SAME,1.0
DWAL,2025-09-17,89.22,89.22,90.0,90.0,90.0,90.0,0.0,-0.7800000000000011,-0.7800000000000011,0.0,-0.008666666666666711,-0.008666666666666711,0.0,-0.008704440630146406,89.48,89.688,89.844,89.41499854495748,89.56645090413004,89.72719923970112,0.005003702332951851,0.003875851161000938,0.002740640638808718,-0.7800000000000011,-0.00866666666666668,-0.7800000000000011,-0.00866666666666668,-0.7800000000000011,-0.00866666666666668,89.22,90.0,89.22,90.0,89.22,90.0,0.0,0.0,0.0,2,9,17,89.22,0.0,SAME,1.0
DWAL,2025-09-18,89.22,89.22,89.22,90.0,90.0,90.0,0.0,0.0,-0.7800000000000011,0.0,0.0,-0.008666666666666711,0.0,0.0,89.22,89.53200000000001,89.76599999999999,89.31749927247874,89.45096726942003,89.63498119611909,0.005003702332951851,0.003875851161000938,0.002740640638808718,-0.7800000000000011,-0.00866666666666668,-0.7800000000000011,-0.00866666666666668,-0.7800000000000011,-0.00866666666666668,89.22,89.22,89.22,90.0,89.22,90.0,,0.0,0.0,3,9,18,87.04,-2.1799999999999926,DOWN,0.0
DWAL,2025-09-19,87.04,89.22,89.22,89.22,90.0,90.0,-2.1799999999999926,-2.1799999999999926,-2.1799999999999926,-0.024433983411791038,-0.024433983411791038,-0.024433983411791038,-0.024737446592486168,-0.024737446592486168,88.49333333333334,88.94000000000001,89.47,88.17874963623937,88.6473115129467,89.16316643318834,0.014106966900163576,0.010641898906627647,0.00790615339056969,-2.1799999999999926,-0.024433983411790997,-2.9599999999999937,-0.03288888888888882,-2.9599999999999937,-0.03288888888888882,87.04,89.22,87.04,90.0,87.04,90.0,0.0,0.0,0.0,4,9,19,87.04,0.0,SAME,1.0
DWAL,2025-09-22,87.04,87.04,89.22,89.22,90.0,90.0,0.0,-2.1799999999999926,-2.1799999999999926,0.0,-0.024433983411791038,-0.024433983411791038,0.0,-0.024737446592486168,87.76666666666667,88.348,89.174,87.60937481811969,88.11154100863115,88.77713617260864,0.014106966900163578,0.010641898906627647,0.00790615339056969,-2.1799999999999926,-0.024433983411790997,-2.9599999999999937,-0.03288888888888882,-2.9599999999999937,-0.03288888888888882,87.04,89.22,87.04,89.22,87.04,90.0,0.0,0.0,0.0,0,9,22,87.04,0.0,SAME,1.0
DWAL,2025-09-24,87.04,87.04,87.04,89.22,89.22,90.0,0.0,0.0,-2.1799999999999926,0.0,0.0,-0.024433983411791038,0.0,0.0,87.04,87.912,88.878,87.32468740905985,87.75436067242077,88.46129323213434,0.014106966900163578,0.010927209573973858,0.00790615339056969,-2.1799999999999926,-0.024433983411790997,-2.1799999999999926,-0.024433983411790997,-2.9599999999999937,-0.03288888888888882,87.04,87.04,87.04,89.22,87.04,90.0,,0.0,0.0,2,9,24,87.04,0.0,SAME,1.0
DWAL,2025-09-25,87.04,87.04,87.04,87.04,89.22,90.0,0.0,0.0,0.0,0.0,0.0,0.0,0.0,0.0,87.04,87.47600000000001,88.582,87.18234370452993,87.51624044828053,88.20287628083719,0.0,0.010927209573973858,0.00790615339056969,0.0,0.0,-2.1799999999999926,-0.024433983411790997,-2.9599999999999937,-0.03288888888888882,87.04,87.04,87.04,89.22,87.04,90.0,,0.0,0.0,3,9,25,87.04,0.0,SAME,1.0
DWAL,2025-09-26,87.04,87.04,87.04,87.04,89.22,90.0,0.0,0.0,0.0,0.0,0.0,0.0,0.0,0.0,87.04,87.04,88.286,87.11117185226496,87.35749363218703,87.99144422977588,0.0,0.010927209573973858,0.00790615339056969,0.0,0.0,-2.1799999999999926,-0.024433983411790997,-2.9599999999999937,-0.03288888888888882,87.04,87.04,87.04,87.04,87.04,90.0,,,0.0,4,9,26,87.04,0.0,SAME,1.0
DWAL,2025-09-29,87.04,87.04,87.04,87.04,87.04,90.0,0.0,0.0,0.0,0.0,0.0,0.0,0.0,0.0,87.04,87.04,87.99,87.07558592613248,87.25166242145804,87.81845436981662,0.0,0.0,0.00790615339056969,0.0,0.0,0.0,0.0,-2.9599999999999937,-0.03288888888888882,87.04,87.04,87.04,87.04,87.04,90.0,,,0.0,0,9,29,87.04,0.0,SAME,1.0
DWAL,2025-09-30,87.04,87.04,87.04,87.04,87.04,90.0,0.0,0.0,0.0,0.0,0.0,0.0,0.0,0.0,87.04,87.04,87.694,87.05779296306625,87.18110828097204,87.67691721166814,0.0,0.0,0.00790615339056969,0.0,0.0,0.0,0.0,-2.9599999999999937,-0.03288888888888882,87.04,87.04,87.04,87.04,87.04,89.22,,,0.0,1,9,30,87.04,0.0,SAME,1.0
DWAL,2025-10-01,87.04,87.04,87.04,87.04,87.04,89.22,0.0,0.0,0.0,0.0,0.0,0.0,0.0,0.0,87.04,87.04,87.47600000000001,87.04889648153312,87.1340721873147,87.56111408227393,0.0,0.0,0.0077267039892017775,0.0,0.0,0.0,0.0,-2.1799999999999926,-0.024433983411790997,87.04,87.04,87.04,87.04,87.04,89.22,,,0.0,2,10,1,87.04,0.0,SAME,1.0
DWAL,2025-10-06,87.04,87.04,87.04,87.04,87.04,89.22,0.0,0.0,0.0,0.0,0.0,0.0,0.0,0.0,87.04,87.04,87.25800000000001,87.04444824076657,87.10271479154315,87.46636606731504,0.0,0.0,0.0077267039892017775,0.0,0.0,0.0,0.0,-2.1799999999999926,-0.024433983411790997,87.04,87.04,87.04,87.04,87.04,89.22,,,0.0,0,10,6,87.04,0.0,SAME,1.0
DWAL,2025-10-07,87.04,87.04,87.04,87.04,87.04,89.22,0.0,0.0,0.0,0.0,0.0,0.0,0.0,0.0,87.04,87.04,87.04,87.04222412038328,87.08180986102877,87.38884496416685,0.0,0.0,0.0077267039892017775,0.0,0.0,0.0,0.0,-2.1799999999999926,-0.024433983411790997,87.04,87.04,87.04,87.04,87.04,87.04,,,,1,10,7,87.04,0.0,SAME,1.0
DWAL,2025-10-08,87.04,87.04,87.04,87.04,87.04,87.04,0.0,0.0,0.0,0.0,0.0,0.0,0.0,0.0,87.04,87.04,87.04,87.04111206019164,87.06787324068586,87.3254186070456,0.0,0.0,0.0,0.0,0.0,0.0,0.0,0.0,0.0,87.04,87.04,87.04,87.04,87.04,87.04,,,,2,10,8,87.04,0.0,SAME,1.0
DWAL,2025-10-09,87.04,87.04,87.04,87.04,87.04,87.04,0.0,0.0,0.0,0.0,0.0,0.0,0.0,0.0,87.04,87.04,87.04,87.04055603009581,87.05858216045725,87.27352431485549,0.0,0.0,0.0,0.0,0.0,0.0,0.0,0.0,0.0,87.04,87.04,87.04,87.04,87.04,87.04,,,,3,10,9,87.04,0.0,SAME,1.0
DWAL,2025-10-10,87.04,87.04,87.04,87.04,87.04,87.04,0.0,0.0,0.0,0.0,0.0,0.0,0.0,0.0,87.04,87.04,87.04,87.0402780150479,87.0523881069715,87.23106534851813,0.0,0.0,0.0,0.0,0.0,0.0,0.0,0.0,0.0,87.04,87.04,87.04,87.04,87.04,87.04,,,,4,10,10,87.04,0.0,SAME,1.0
DWAL,2025-10-13,87.04,87.04,87.04,87.04,87.04,87.04,0.0,0.0,0.0,0.0,0.0,0.0,0.0,0.0,87.04,87.04,87.04,87.04013900752395,87.04825873798102,87.1963261942421,0.0,0.0,0.0,0.0,0.0,0.0,0.0,0.0,0.0,87.04,87.04,87.04,87.04,87.04,87.04,,,,0,10,13,87.04,0.0,SAME,1.0
DWAL,2025-10-14,87.04,87.04,87.04,87.04,87.04,87.04,0.0,0.0,0.0,0.0,0.0,0.0,0.0,0.0,87.04,87.04,87.04,87.04006950376197,87.04550582532069,87.16790324983445,0.0,0.0,0.0,0.0,0.0,0.0,0.0,0.0,0.0,87.04,87.04,87.04,87.04,87.04,87.04,,,,1,10,14,87.04,0.0,SAME,1.0
DWAL,2025-10-15,87.04,87.04,87.04,87.04,87.04,87.04,0.0,0.0,0.0,0.0,0.0,0.0,0.0,0.0,87.04,87.04,87.04,87.040034751881,87.0436705502138,87.1446481135009,0.0,0.0,0.0,0.0,0.0,0.0,0.0,0.0,0.0,87.04,87.04,87.04,87.04,87.04,87.04,,,,2,10,15,87.04,0.0,SAME,1.0
DWAL,2025-10-16,87.04,87.04,87.04,87.04,87.04,87.04,0.0,0.0,0.0,0.0,0.0,0.0,0.0,0.0,87.04,87.04,87.04,87.0400173759405,87.04244703347588,87.12562118377346,0.0,0.0,0.0,0.0,0.0,0.0,0.0,0.0,0.0,87.04,87.04,87.04,87.04,87.04,87.04,,,,3,10,16,87.04,0.0,SAME,1.0
DWAL,2025-10-17,87.04,87.04,87.04,87.04,87.04,87.04,0.0,0.0,0.0,0.0,0.0,0.0,0.0,0.0,87.04,87.04,87.04,87.04000868797024,87.0416313556506,87.11005369581464,0.0,0.0,0.0,0.0,0.0,0.0,0.0,0.0,0.0,87.04,87.04,87.04,87.04,87.04,87.04,,,,4,10,17,87.04,0.0,SAME,1.0
DWAL,2025-10-20,87.04,87.04,87.04,87.04,87.04,87.04,0.0,0.0,0.0,0.0,0.0,0.0,0.0,0.0,87.04,87.04,87.04,87.04000434398512,87.04108757043375,87.09731666021197,0.0,0.0,0.0,0.0,0.0,0.0,0.0,0.0,0.0,87.04,87.04,87.04,87.04,87.04,87.04,,,,0,10,20,85.95,-1.0900000000000034,DOWN,0.0
DWAL,2025-10-21,85.95,87.04,87.04,87.04,87.04,87.04,-1.0900000000000034,-1.0900000000000034,-1.0900000000000034,-0.012522977941176516,-0.012522977941176516,-0.012522977941176516,-0.012602051278774281,-0.012602051278774281,86.67666666666668,86.822,86.93100000000001,86.49500217199255,86.67739171362251,86.88871363108251,0.007230144685376766,0.005600445991441098,0.003960113338213698,-1.0900000000000034,-0.01252297794117651,-1.0900000000000034,-0.01252297794117651,-1.0900000000000034,-0.01252297794117651,85.95,87.04,85.95,87.04,85.95,87.04,0.0,0.0,0.0,1,10,21,85.95,0.0,SAME,1.0
DWAL,2025-10-22,85.95,85.95,87.04,87.04,87.04,87.04,0.0,-1.0900000000000034,-1.0900000000000034,0.0,-0.012522977941176516,-0.012522977941176516,0.0,-0.012602051278774281,86.31333333333333,86.604,86.822,86.22250108599627,86.43492780908167,86.71803842543113,0.007230144685376767,0.005600445991441098,0.003960113338213698,-1.0900000000000034,-0.01252297794117651,-1.0900000000000034,-0.01252297794117651,-1.0900000000000034,-0.01252297794117651,85.95,87.04,85.95,87.04,85.95,87.04,0.0,0.0,0.0,2,10,22,85.95,0.0,SAME,1.0
DWAL,2025-10-23,85.95,85.95,85.95,87.04,87.04,87.04,0.0,0.0,-1.0900000000000034,0.0,0.0,-0.012522977941176516,0.0,0.0,85.95,86.38600000000001,86.71300000000001,86.08625054299813,86.27328520605445,86.57839507535273,0.007230144685376767,0.005600445991441098,0.003960113338213698,-1.0900000000000034,-0.01252297794117651,-1.0900000000000034,-0.01252297794117651,-1.0900000000000034,-0.01252297794117651,85.95,85.95,85.95,87.04,85.95,87.04,,0.0,0.0,3,10,23,84.96,-0.9900000000000091,DOWN,0.0
DWAL,2025-10-24,84.96,85.95,85.95,85.95,87.04,87.04,-0.9900000000000091,-0.9900000000000091,-0.9900000000000091,-0.011518324607329933,-0.011518324607329933,-0.011518324607329933,-0.01158517433522965,-0.01158517433522965,85.62,85.97,86.505,85.52312527149905,85.83552347070297,86.2841414252886,0.006650107812636682,0.006593556184436654,0.005073880341206564,-0.9900000000000091,-0.011518324607329948,-2.0800000000000125,-0.023897058823529552,-2.0800000000000125,-0.023897058823529552,84.96,85.95,84.96,87.04,84.96,87.04,0.0,0.0,0.0,4,10,24,84.96,0.0,SAME,1.0
DWAL,2025-10-27,84.96,84.96,85.95,85.95,87.04,87.04,0.0,-0.9900000000000091,-0.9900000000000091,0.0,-0.011518324607329933,-0.011518324607329933,0.0,-0.01158517433522965,85.29,85.554,86.297,85.24156263574952,85.54368231380198,86.04338843887248,0.006650107812636682,0.006593556184436654,0.005073880341206564,-0.9900000000000091,-0.011518324607329948,-2.0800000000000125,-0.023897058823529552,-2.0800000000000125,-0.023897058823529552,84.96,85.95,84.96,85.95,84.96,87.04,0.0,0.0,0.0,0,10,27,84.96,0.0,SAME,1.0
DWAL,2025-10-28,84.96,84.96,84.96,85.95,85.95,87.04,0.0,0.0,-0.9900000000000091,0.0,0.0,-0.011518324607329933,0.0,0.0,84.96,85.356,86.08900000000001,85.10078131787475,85.34912154253466,85.84640872271385,0.006650107812636682,0.005151151361780625,0.005073880341206564,-0.9900000000000091,-0.011518324607329948,-0.9900000000000091,-0.011518324607329948,-2.0800000000000125,-0.023897058823529552,84.96,84.96,84.96,85.95,84.96,87.04,,0.0,0.0,1,10,28,84.96,0.0,SAME,1.0
DWAL,2025-10-29,84.96,84.96,84.96,84.96,85.95,87.04,0.0,0.0,0.0,0.0,0.0,0.0,0.0,0.0,84.96,85.15799999999999,85.881,85.03039065893736,85.21941436168977,85.68524350040224,0.0,0.005151151361780625,0.005073880341206564,0.0,0.0,-0.9900000000000091,-0.011518324607329948,-2.0800000000000125,-0.023897058823529552,84.96,84.96,84.96,85.95,84.96,87.04,,0.0,0.0,2,10,29,84.96,0.0,SAME,1.0
DWAL,2025-10-30,84.96,84.96,84.96,84.96,85.95,87.04,0.0,0.0,0.0,0.0,0.0,0.0,0.0,0.0,84.96,84.96,85.673,84.99519532946869,85.13294290779318,85.55338104578365,0.0,0.005151151361780625,0.005073880341206564,0.0,0.0,-0.9900000000000091,-0.011518324607329948,-2.0800000000000125,-0.023897058823529552,84.96,84.96,84.96,84.96,84.96,87.04,,,0.0,3,10,30,84.96,0.0,SAME,1.0
DWAL,2025-10-31,84.96,84.96,84.96,84.96,84.96,87.04,0.0,0.0,0.0,0.0,0.0,0.0,0.0,0.0,84.96,84.96,85.465,84.97759766473433,85.07529527186212,85.4454935829139,0.0,0.0,0.005073880341206564,0.0,0.0,0.0,0.0,-2.0800000000000125,-0.023897058823529552,84.96,84.96,84.96,84.96,84.96,87.04,,,0.0,4,10,31,84.96,0.0,SAME,1.0
DWAL,2025-11-03,84.96,84.96,84.96,84.96,84.96,87.04,0.0,0.0,0.0,0.0,0.0,0.0,0.0,0.0,84.96,84.96,85.25699999999999,84.96879883236716,85.03686351457475,85.3572220223841,0.0,0.0,0.005073880341206564,0.0,0.0,0.0,0.0,-2.0800000000000125,-0.023897058823529552,84.96,84.96,84.96,84.96,84.96,85.95,,,0.0,0,11,3,84.96,0.0,SAME,1.0
DWAL,2025-11-04,84.96,84.96,84.96,84.96,84.96,85.95,0.0,0.0,0.0,0.0,0.0,0.0,0.0,0.0,84.96,84.96,85.15799999999999,84.96439941618357,85.01124234304983,85.28499983649607,0.0,0.0,0.0036424140588297896,0.0,0.0,0.0,0.0,-0.9900000000000091,-0.011518324607329948,84.96,84.96,84.96,84.96,84.96,85.95,,,0.0,1,11,4,84.96,0.0,SAME,1.0
DWAL,2025-11-05,84.96,84.96,84.96,84.96,84.96,85.95,0.0,0.0,0.0,0.0,0.0,0.0,0.0,0.0,84.96,84.96,85.059,84.96219970809179,84.99416156203323,85.22590895713314,0.0,0.0,0.0036424140588297896,0.0,0.0,0.0,0.0,-0.9900000000000091,-0.011518324607329948,84.96,84.96,84.96,84.96,84.96,85.95,,,0.0,2,11,5,84.96,0.0,SAME,1.0
DWAL,2025-11-06,84.96,84.96,84.96,84.96,84.96,85.95,0.0,0.0,0.0,0.0,0.0,0.0,0.0,0.0,84.96,84.96,84.96,84.9610998540459,84.98277437468882,85.17756187401802,0.0,0.0,0.0036424140588297896,0.0,0.0,0.0,0.0,-0.9900000000000091,-0.011518324607329948,84.96,84.96,84.96,84.96,84.96,84.96,,,,3,11,6,84.96,0.0,SAME,1.0
DWAL,2025-11-07,84.96,84.96,84.96,84.96,84.96,84.96,0.0,0.0,0.0,0.0,0.0,0.0,0.0,0.0,84.96,84.96,84.96,84.96054992702295,84.97518291645922,85.13800516965111,0.0,0.0,0.0,0.0,0.0,0.0,0.0,0.0,0.0,84.96,84.96,84.96,84.96,84.96,84.96,,,,4,11,7,84.96,0.0,SAME,1.0
DWAL,2025-11-10,84.96,84.96,84.96,84.96,84.96,84.96,0.0,0.0,0.0,0.0,0.0,0.0,0.0,0.0,84.96,84.96,84.96,84.96027496351147,84.97012194430614,85.10564059335091,0.0,0.0,0.0,0.0,0.0,0.0,0.0,0.0,0.0,84.96,84.96,84.96,84.96,84.96,84.96,,,,0,11,10,84.96,0.0,SAME,1.0
DWAL,2025-11-17,84.96,84.96,84.96,84.96,84.96,84.96,0.0,0.0,0.0,0.0,0.0,0.0,0.0,0.0,84.96,84.96,84.96,84.96013748175574,84.96674796287077,85.07916048546893,0.0,0.0,0.0,0.0,0.0,0.0,0.0,0.0,0.0,84.96,84.96,84.96,84.96,84.96,84.96,,,,0,11,17,84.96,0.0,SAME,1.0
DWAL,2025-11-18,84.96,84.96,84.96,84.96,84.96,84.96,0.0,0.0,0.0,0.0,0.0,0.0,0.0,0.0,84.96,84.96,84.96,84.96006874087786,84.96449864191385,85.0574949426564,0.0,0.0,0.0,0.0,0.0,0.0,0.0,0.0,0.0,84.96,84.96,84.96,84.96,84.96,84.96,,,,1,11,18,84.96,0.0,SAME,1.0
DWAL,2025-11-19,84.96,84.96,84.96,84.96,84.96,84.96,0.0,0.0,0.0,0.0,0.0,0.0,0.0,0.0,84.96,84.96,84.96,84.96003437043893,84.96299909460923,85.03976858944615,0.0,0.0,0.0,0.0,0.0,0.0,0.0,0.0,0.0,84.96,84.96,84.96,84.96,84.96,84.96,,,,2,11,19,84.32,-0.6400000000000006,DOWN,0.0
DWAL,2025-11-20,84.32,84.96,84.96,84.96,84.96,84.96,-0.6400000000000006,-0.6400000000000006,-0.6400000000000006,-0.007532956685499026,-0.007532956685499026,-0.007532956685499026,-0.007561472700576475,-0.007561472700576475,84.74666666666666,84.832,84.89599999999999,84.64001718521946,84.74866606307282,84.90890157318321,0.004349154570137982,0.0033688406440689376,0.0023821300641524838,-0.6400000000000006,-0.007532956685499066,-0.6400000000000006,-0.007532956685499066,-0.6400000000000006,-0.007532956685499066,84.32,84.96,84.32,84.96,84.32,84.96,0.0,0.0,0.0,3,11,20,84.32,0.0,SAME,1.0
DWAL,2025-11-21,84.32,84.32,84.96,84.96,84.96,84.96,0.0,-0.6400000000000006,-0.6400000000000006,0.0,-0.007532956685499026,-0.007532956685499026,0.0,-0.007561472700576475,84.53333333333332,84.704,84.832,84.48000859260972,84.60577737538188,84.80182855987717,0.004349154570137982,0.0033688406440689376,0.0023821300641524838,-0.6400000000000006,-0.007532956685499066,-0.6400000000000006,-0.007532956685499066,-0.6400000000000006,-0.007532956685499066,84.32,84.96,84.32,84.96,84.32,84.96,0.0,0.0,0.0,4,11,21,84.07,-0.25,DOWN,0.0
DWAL,2025-11-24,84.07,84.32,84.32,84.96,84.96,84.96,-0.25,-0.25,-0.8900000000000006,-0.0029648956356735923,-0.0029648956356735923,-0.010475517890772168,-0.0029692996458466855,-0.0029692996458466855,84.23666666666666,84.526,84.743,84.27500429630486,84.42718491692125,84.66876882171768,0.003794803998220835,0.0032975393054765346,0.0024611549280804893,-0.8900000000000006,-0.010475517890772135,-0.8900000000000006,-0.010475517890772135,-0.8900000000000006,-0.010475517890772135,84.07,84.32,84.07,84.96,84.07,84.96,0.0,0.0,0.0,0,11,24,84.07,0.0,SAME,1.0
DWAL,2025-11-25,84.07,84.07,84.32,84.32,84.96,84.96,0.0,-0.25,-0.25,0.0,-0.0029648956356735923,-0.0029648956356735923,0.0,-0.0029692996458466855,84.15333333333332,84.348,84.654,84.17250214815243,84.3081232779475,84.55990176322355,0.0017117832933024207,0.0032975393054765346,0.0024611549280804893,-0.25,-0.0029648956356736244,-0.8900000000000006,-0.010475517890772135,-0.8900000000000006,-0.010475517890772135,84.07,84.32,84.07,84.96,84.07,84.96,0.0,0.0,0.0,1,11,25,84.07,0.0,SAME,1.0
DWAL,2025-11-26,84.07,84.07,84.07,84.32,84.96,84.96,0.0,0.0,-0.25,0.0,0.0,-0.0029648956356735923,0.0,0.0,84.07,84.16999999999999,84.565,84.12125107407621,84.22874885196501,84.47082871536472,0.0017117832933024207,0.0032975393054765346,0.0024611549280804893,-0.25,-0.0029648956356736244,-0.8900000000000006,-0.010475517890772135,-0.8900000000000006,-0.010475517890772135,84.07,84.07,84.07,84.32,84.07,84.96,,0.0,0.0,2,11,26,84.07,0.0,SAME,1.0
DWAL,2025-11-27,84.07,84.07,84.07,84.07,84.32,84.96,0.0,0.0,0.0,0.0,0.0,0.0,0.0,0.0,84.07,84.12,84.47599999999998,84.0956255370381,84.17583256797667,84.39795076711658,0.0,0.0013259416375154512,0.0024611549280804893,0.0,0.0,-0.25,-0.0029648956356736244,-0.8900000000000006,-0.010475517890772135,84.07,84.07,84.07,84.32,84.07,84.96,,0.0,0.0,3,11,27,84.07,0.0,SAME,1.0
DWAL,2025-11-28,84.07,84.07,84.07,84.07,84.32,84.96,0.0,0.0,0.0,0.0,0.0,0.0,0.0,0.0,84.07,84.07,84.387,84.08281276851905,84.14055504531778,84.33832335491356,0.0,0.0013259416375154512,0.0024611549280804893,0.0,0.0,-0.25,-0.0029648956356736244,-0.8900000000000006,-0.010475517890772135,84.07,84.07,84.07,84.07,84.07,84.96,,,0.0,4,11,28,84.07,0.0,SAME,1.0
DWAL,2025-12-01,84.07,84.07,84.07,84.07,84.07,84.96,0.0,0.0,0.0,0.0,0.0,0.0,0.0,0.0,84.07,84.07,84.29799999999999,84.07640638425951,84.11703669687853,84.2895372903838,0.0,0.0,0.0024611549280804893,0.0,0.0,0.0,0.0,-0.8900000000000006,-0.010475517890772135,84.07,84.07,84.07,84.07,84.07,84.96,,,0.0,0,12,1,84.07,0.0,SAME,1.0
DWAL,2025-12-02,84.07,84.07,84.07,84.07,84.07,84.96,0.0,0.0,0.0,0.0,0.0,0.0,0.0,0.0,84.07,84.07,84.20899999999999,84.07320319212975,84.10135779791902,84.24962141940492,0.0,0.0,0.0024611549280804893,0.0,0.0,0.0,0.0,-0.8900000000000006,-0.010475517890772135,84.07,84.07,84.07,84.07,84.07,84.96,,,0.0,1,12,2,84.07,0.0,SAME,1.0
DWAL,2025-12-03,84.07,84.07,84.07,84.07,84.07,84.96,0.0,0.0,0.0,0.0,0.0,0.0,0.0,0.0,84.07,84.07,84.11999999999999,84.07160159606488,84.09090519861269,84.2169629795131,0.0,0.0,0.0024611549280804893,0.0,0.0,0.0,0.0,-0.8900000000000006,-0.010475517890772135,84.07,84.07,84.07,84.07,84.07,84.32,,,0.0,2,12,3,84.07,0.0,SAME,1.0
DWAL,2025-12-04,84.07,84.07,84.07,84.07,84.07,84.32,0.0,0.0,0.0,0.0,0.0,0.0,0.0,0.0,84.07,84.07,84.095,84.07080079803244,84.08393679907513,84.19024243778344,0.0,0.0,0.0009375823233307523,0.0,0.0,0.0,0.0,-0.25,-0.0029648956356736244,84.07,84.07,84.07,84.07,84.07,84.32,,,0.0,3,12,4,84.07,0.0,SAME,1.0
DWAL,2025-12-05,84.07,84.07,84.07,84.07,84.07,84.32,0.0,0.0,0.0,0.0,0.0,0.0,0.0,0.0,84.07,84.07,84.07,84.07040039901622,84.07929119938342,84.16838017636826,0.0,0.0,0.0009375823233307523,0.0,0.0,0.0,0.0,-0.25,-0.0029648956356736244,84.07,84.07,84.07,84.07,84.07,84.07,,,,4,12,5,84.07,0.0,SAME,1.0
DWAL,2025-12-08,84.07,84.07,84.07,84.07,84.07,84.07,0.0,0.0,0.0,0.0,0.0,0.0,0.0,0.0,84.07,84.07,84.07,84.07020019950811,84.07619413292228,84.15049287157402,0.0,0.0,0.0,0.0,0.0,0.0,0.0,0.0,0.0,84.07,84.07,84.07,84.07,84.07,84.07,,,,0,12,8,84.07,0.0,SAME,1.0
DWAL,2025-12-09,84.07,84.07,84.07,84.07,84.07,84.07,0.0,0.0,0.0,0.0,0.0,0.0,0.0,0.0,84.07,84.07,84.07,84.07010009975406,84.07412942194819,84.13585780401509,0.0,0.0,0.0,0.0,0.0,0.0,0.0,0.0,0.0,84.07,84.07,84.07,84.07,84.07,84.07,,,,1,12,9,84.07,0.0,SAME,1.0
DWAL,2025-12-10,84.07,84.07,84.07,84.07,84.07,84.07,0.0,0.0,0.0,0.0,0.0,0.0,0.0,0.0,84.07,84.07,84.07,84.07005004987703,84.07275294796545,84.12388365783052,0.0,0.0,0.0,0.0,0.0,0.0,0.0,0.0,0.0,84.07,84.07,84.07,84.07,84.07,84.07,,,,2,12,10,84.07,0.0,SAME,1.0
DWAL,2025-12-11,84.07,84.07,84.07,84.07,84.07,84.07,0.0,0.0,0.0,0.0,0.0,0.0,0.0,0.0,84.07,84.07,84.07,84.0700250249385,84.07183529864363,84.11408662913405,0.0,0.0,0.0,0.0,0.0,0.0,0.0,0.0,0.0,84.07,84.07,84.07,84.07,84.07,84.07,,,,3,12,11,84.07,0.0,SAME,1.0
DWAL,2025-12-12,84.07,84.07,84.07,84.07,84.07,84.07,0.0,0.0,0.0,0.0,0.0,0.0,0.0,0.0,84.07,84.07,84.07,84.07001251246925,84.07122353242909,84.1060708783824,0.0,0.0,0.0,0.0,0.0,0.0,0.0,0.0,0.0,84.07,84.07,84.07,84.07,84.07,84.07,,,,4,12,12,83.31,-0.7599999999999909,DOWN,0.0
DWAL,2025-12-15,83.31,84.07,84.07,84.07,84.07,84.07,-0.7599999999999909,-0.7599999999999909,-0.7599999999999909,-0.009040085642916473,-0.009040085642916473,-0.009040085642916473,-0.009081195160387462,-0.009081195160387462,83.81666666666666,83.918,83.994,83.69000625623462,83.81748235495273,83.96133071867649,0.0052192958794112084,0.004042849203997453,0.002858726087456636,-0.7599999999999909,-0.00904008564291651,-0.7599999999999909,-0.00904008564291651,-0.7599999999999909,-0.00904008564291651,83.31,84.07,83.31,84.07,83.31,84.07,0.0,0.0,0.0,0,12,15,83.31,0.0,SAME,1.0
DWAL,2025-12-16,83.31,83.31,84.07,84.07,84.07,84.07,0.0,-0.7599999999999909,-0.7599999999999909,0.0,-0.009040085642916473,-0.009040085642916473,0.0,-0.009081195160387462,83.56333333333333,83.76599999999999,83.91799999999999,83.50000312811731,83.64832156996849,83.84290695164441,0.0052192958794112084,0.004042849203997453,0.002858726087456636,-0.7599999999999909,-0.00904008564291651,-0.7599999999999909,-0.00904008564291651,-0.7599999999999909,-0.00904008564291651,83.31,84.07,83.31,84.07,83.31,84.07,0.0,0.0,0.0,1,12,16,83.31,0.0,SAME,1.0
DWAL,2025-12-18,83.31,83.31,83.31,84.07,84.07,84.07,0.0,0.0,-0.7599999999999909,0.0,0.0,-0.009040085642916473,0.0,0.0,83.31,83.614,83.842,83.40500156405867,83.53554771331233,83.74601477861816,0.0052192958794112084,0.004042849203997453,0.002858726087456636,-0.7599999999999909,-0.00904008564291651,-0.7599999999999909,-0.00904008564291651,-0.7599999999999909,-0.00904008564291651,83.31,83.31,83.31,84.07,83.31,84.07,,0.0,0.0,3,12,18,83.31,0.0,SAME,1.0
DWAL,2025-12-19,83.31,83.31,83.31,83.31,84.07,84.07,0.0,0.0,0.0,0.0,0.0,0.0,0.0,0.0,83.31,83.46199999999999,83.76599999999999,83.35750078202933,83.46036514220822,83.66673936432394,0.0,0.004042849203997453,0.002858726087456636,0.0,0.0,-0.7599999999999909,-0.00904008564291651,-0.7599999999999909,-0.00904008564291651,83.31,83.31,83.31,84.07,83.31,84.07,,0.0,0.0,4,12,19,83.31,0.0,SAME,1.0
DWAL,2025-12-22,83.31,83.31,83.31,83.31,84.07,84.07,0.0,0.0,0.0,0.0,0.0,0.0,0.0,0.0,83.31,83.31,83.69,83.33375039101466,83.41024342813881,83.60187766171958,0.0,0.004042849203997453,0.002858726087456636,0.0,0.0,-0.7599999999999909,-0.00904008564291651,-0.7599999999999909,-0.00904008564291651,83.31,83.31,83.31,83.31,83.31,84.07,,,0.0,0,12,22,83.31,0.0,SAME,1.0
DWAL,2025-12-23,83.31,83.31,83.31,83.31,83.31,84.07,0.0,0.0,0.0,0.0,0.0,0.0,0.0,0.0,83.31,83.31,83.614,83.32187519550733,83.37682895209255,83.54880899595238,0.0,0.0,0.002858726087456636,0.0,0.0,0.0,0.0,-0.7599999999999909,-0.00904008564291651,83.31,83.31,83.31,83.31,83.31,84.07,,,0.0,1,12,23,82.22,-1.0900000000000034,DOWN,0.0
DWAL,2025-12-24,82.22,83.31,83.31,83.31,83.31,84.07,-1.0900000000000034,-1.0900000000000034,-1.0900000000000034,-0.013083663425759284,-0.013083663425759284,-0.013083663425759284,-0.013170008517085592,-0.013170008517085592,82.94666666666667,83.09200000000001,83.429,82.77093759775366,82.99121930139503,83.30720736032468,0.007553856600832084,0.005851192162945957,0.0047604781480698015,-1.0900000000000034,-0.013083663425759253,-1.0900000000000034,-0.013083663425759253,-1.8499999999999943,-0.022005471630783806,82.22,83.31,82.22,83.31,82.22,84.07,0.0,0.0,0.0,2,12,24,82.22,0.0,SAME,1.0
DWAL,2025-12-25,82.22,82.22,83.31,83.31,83.31,84.07,0.0,-1.0900000000000034,-1.0900000000000034,0.0,-0.013083663425759284,-0.013083663425759284,0.0,-0.013170008517085592,82.58333333333333,82.874,83.244,82.49546879887683,82.73414620093003,83.1095332948111,0.007553856600832084,0.005851192162945957,0.0047604781480698015,-1.0900000000000034,-0.013083663425759253,-1.0900000000000034,-0.013083663425759253,-1.8499999999999943,-0.022005471630783806,82.22,83.31,82.22,83.31,82.22,84.07,0.0,0.0,0.0,3,12,25,82.22,0.0,SAME,1.0
DWAL,2025-12-26,82.22,82.22,82.22,83.31,83.31,84.07,0.0,0.0,-1.0900000000000034,0.0,0.0,-0.013083663425759284,0.0,0.0,82.22,82.656,83.059,82.35773439943841,82.56276413395335,82.9477999684818,0.007553856600832084,0.005851192162945957,0.0047604781480698015,-1.0900000000000034,-0.013083663425759253,-1.0900000000000034,-0.013083663425759253,-1.8499999999999943,-0.022005471630783806,82.22,82.22,82.22,83.31,82.22,84.07,,0.0,0.0,4,12,26,82.22,0.0,SAME,1.0
DWAL,2025-12-29,82.22,82.22,82.22,82.22,83.31,84.07,0.0,0.0,0.0,0.0,0.0,0.0,0.0,0.0,82.22,82.43800000000002,82.874,82.2888671997192,82.44850942263557,82.8154727014851,0.0,0.005851192162945957,0.0047604781480698015,0.0,0.0,-1.0900000000000034,-0.013083663425759253,-1.8499999999999943,-0.022005471630783806,82.22,82.22,82.22,83.31,82.22,83.31,,0.0,0.0,0,12,29,82.22,0.0,SAME,1.0
DWAL,2025-12-30,82.22,82.22,82.22,82.22,83.31,83.31,0.0,0.0,0.0,0.0,0.0,0.0,0.0,0.0,82.22,82.22,82.76500000000001,82.2544335998596,82.37233961509038,82.70720493757872,0.0,0.005851192162945957,0.004137417656441491,0.0,0.0,-1.0900000000000034,-0.013083663425759253,-1.0900000000000034,-0.013083663425759253,82.22,82.22,82.22,82.22,82.22,83.31,,,0.0,1,12,30,82.22,0.0,SAME,1.0
DWAL,2025-12-31,82.22,82.22,82.22,82.22,82.22,83.31,0.0,0.0,0.0,0.0,0.0,0.0,0.0,0.0,82.22,82.22,82.65599999999999,82.2372167999298,82.32155974339359,82.61862222165531,0.0,0.0,0.004137417656441491,0.0,0.0,0.0,0.0,-1.0900000000000034,-0.013083663425759253,82.22,82.22,82.22,82.22,82.22,83.31,,,0.0,2,12,31,81.01,-1.2099999999999937,DOWN,0.0
DWAL,2026-01-01,81.01,82.22,82.22,82.22,82.22,83.31,-1.2099999999999937,-1.2099999999999937,-1.2099999999999937,-0.014716613962539427,-0.014716613962539427,-0.014716613962539427,-0.014825977627332372,-0.014825977627332372,81.81666666666666,81.978,82.426,81.6236083999649,81.8843731622624,82.32614545408163,0.008496641032817276,0.0065814698437728966,0.005873437691790754,-1.2099999999999937,-0.014716613962539453,-1.2099999999999937,-0.014716613962539453,-2.299999999999997,-0.02760773016444601,81.01,82.22,81.01,82.22,81.01,83.31,0.0,0.0,0.0,3,1,1,81.01,0.0,SAME,1.0
DWAL,2026-01-05,81.01,81.01,82.22,82.22,82.22,83.31,0.0,-1.2099999999999937,-1.2099999999999937,0.0,-0.014716613962539427,-0.014716613962539427,0.0,-0.014825977627332372,81.41333333333334,81.736,82.196,81.31680419998244,81.59291544150828,82.08684628061224,0.008496641032817276,0.0065814698437728966,0.005873437691790754,-1.2099999999999937,-0.014716613962539453,-1.2099999999999937,-0.014716613962539453,-2.299999999999997,-0.02760773016444601,81.01,82.22,81.01,82.22,81.01,83.31,0.0,0.0,0.0,0,1,5,81.01,0.0,SAME,1.0
DWAL,2026-01-06,81.01,81.01,81.01,82.22,82.22,83.31,0.0,0.0,-1.2099999999999937,0.0,0.0,-0.014716613962539427,0.0,0.0,81.01,81.494,81.96600000000001,81.16340209999123,81.39861029433887,81.89105604777365,0.008496641032817276,0.0065814698437728966,0.005873437691790754,-1.2099999999999937,-0.014716613962539453,-1.2099999999999937,-0.014716613962539453,-2.299999999999997,-0.02760773016444601,81.01,81.01,81.01,82.22,81.01,83.31,,0.0,0.0,1,1,6,81.01,0.0,SAME,1.0
DWAL,2026-01-07,81.01,81.01,81.01,81.01,82.22,83.31,0.0,0.0,0.0,0.0,0.0,0.0,0.0,0.0,81.01,81.252,81.736,81.08670104999561,81.26907352955925,81.73086403908752,0.0,0.0065814698437728966,0.005873437691790754,0.0,0.0,-1.2099999999999937,-0.014716613962539453,-2.299999999999997,-0.02760773016444601,81.01,81.01,81.01,82.22,81.01,82.22,,0.0,0.0,2,1,7,81.01,0.0,SAME,1.0
DWAL,2026-01-08,81.01,81.01,81.01,81.01,82.22,82.22,0.0,0.0,0.0,0.0,0.0,0.0,0.0,0.0,81.01,81.01,81.61500000000001,81.0483505249978,81.18271568637284,81.59979785016252,0.0,0.0065814698437728966,0.004653801956703758,0.0,0.0,-1.2099999999999937,-0.014716613962539453,-1.2099999999999937,-0.014716613962539453,81.01,81.01,81.01,81.01,81.01,82.22,,,0.0,3,1,8,81.01,0.0,SAME,1.0
DWAL,2026-01-09,81.01,81.01,81.01,81.01,81.01,82.22,0.0,0.0,0.0,0.0,0.0,0.0,0.0,0.0,81.01,81.01,81.494,81.02917526249891,81.12514379091523,81.49256187740569,0.0,0.0,0.004653801956703758,0.0,0.0,0.0,0.0,-1.2099999999999937,-0.014716613962539453,81.01,81.01,81.01,81.01,81.01,82.22,,,0.0,4,1,9,81.01,0.0,SAME,1.0
DWAL,2026-01-12,81.01,81.01,81.01,81.01,81.01,82.22,0.0,0.0,0.0,0.0,0.0,0.0,0.0,0.0,81.01,81.01,81.373,81.01958763124946,81.08676252727683,81.40482335424102,0.0,0.0,0.004653801956703758,0.0,0.0,0.0,0.0,-1.2099999999999937,-0.014716613962539453,81.01,81.01,81.01,81.01,81.01,82.22,,,0.0,0,1,12,81.01,0.0,SAME,1.0
DWAL,2026-01-13,81.01,81.01,81.01,81.01,81.01,82.22,0.0,0.0,0.0,0.0,0.0,0.0,0.0,0.0,81.01,81.01,81.252,81.01479381562473,81.06117501818456,81.33303728983356,0.0,0.0,0.004653801956703758,0.0,0.0,0.0,0.0,-1.2099999999999937,-0.014716613962539453,81.01,81.01,81.01,81.01,81.01,82.22,,,0.0,1,1,13,81.01,0.0,SAME,1.0
DWAL,2026-01-14,81.01,81.01,81.01,81.01,81.01,82.22,0.0,0.0,0.0,0.0,0.0,0.0,0.0,0.0,81.01,81.01,81.131,81.01239690781236,81.0441166787897,81.27430323713655,0.0,0.0,0.004653801956703758,0.0,0.0,0.0,0.0,-1.2099999999999937,-0.014716613962539453,81.01,81.01,81.01,81.01,81.01,82.22,,,0.0,2,1,14,81.01,0.0,SAME,1.0
DWAL,2026-01-15,81.01,81.01,81.01,81.01,81.01,82.22,0.0,0.0,0.0,0.0,0.0,0.0,0.0,0.0,81.01,81.01,81.01,81.01119845390619,81.03274445252647,81.22624810311173,0.0,0.0,0.004653801956703758,0.0,0.0,0.0,0.0,-1.2099999999999937,-0.014716613962539453,81.01,81.01,81.01,81.01,81.01,81.01,,,,3,1,15,81.01,0.0,SAME,1.0
DWAL,2026-01-16,81.01,81.01,81.01,81.01,81.01,81.01,0.0,0.0,0.0,0.0,0.0,0.0,0.0,0.0,81.01,81.01,81.01,81.0105992269531,81.02516296835098,81.18693026618233,0.0,0.0,0.0,0.0,0.0,0.0,0.0,0.0,0.0,81.01,81.01,81.01,81.01,81.01,81.01,,,,4,1,16,81.01,0.0,SAME,1.0
DWAL,2026-01-20,81.01,81.01,81.01,81.01,81.01,81.01,0.0,0.0,0.0,0.0,0.0,0.0,0.0,0.0,81.01,81.01,81.01,81.01029961347655,81.02010864556733,81.15476112687645,0.0,0.0,0.0,0.0,0.0,0.0,0.0,0.0,0.0,81.01,81.01,81.01,81.01,81.01,81.01,,,,1,1,20,81.01,0.0,SAME,1.0
DWAL,2026-01-21,81.01,81.01,81.01,81.01,81.01,81.01,0.0,0.0,0.0,0.0,0.0,0.0,0.0,0.0,81.01,81.01,81.01,81.01014980673827,81.01673909704489,81.12844092198982,0.0,0.0,0.0,0.0,0.0,0.0,0.0,0.0,0.0,81.01,81.01,81.01,81.01,81.01,81.01,,,,2,1,21,81.01,0.0,SAME,1.0
DWAL,2026-01-22,81.01,81.01,81.01,81.01,81.01,81.01,0.0,0.0,0.0,0.0,0.0,0.0,0.0,0.0,81.01,81.01,81.01,81.01007490336914,81.01449273136326,81.10690620890077,0.0,0.0,0.0,0.0,0.0,0.0,0.0,0.0,0.0,81.01,81.01,81.01,81.01,81.01,81.01,,,,3,1,22,81.01,0.0,SAME,1.0
DWAL,2026-01-23,81.01,81.01,81.01,81.01,81.01,81.01,0.0,0.0,0.0,0.0,0.0,0.0,0.0,0.0,81.01,81.01,81.01,81.01003745168458,81.01299515424218,81.08928689819153,0.0,0.0,0.0,0.0,0.0,0.0,0.0,0.0,0.0,81.01,81.01,81.01,81.01,81.01,81.01,,,,4,1,23,81.01,0.0,SAME,1.0
DWAL,2026-01-26,81.01,81.01,81.01,81.01,81.01,81.01,0.0,0.0,0.0,0.0,0.0,0.0,0.0,0.0,81.01,81.01,81.01,81.01001872584229,81.01199676949479,81.07487109852035,0.0,0.0,0.0,0.0,0.0,0.0,0.0,0.0,0.0,81.01,81.01,81.01,81.01,81.01,81.01,,,,0,1,26,81.01,0.0,SAME,1.0
DWAL,2026-01-27,81.01,81.01,81.01,81.01,81.01,81.01,0.0,0.0,0.0,0.0,0.0,0.0,0.0,0.0,81.01,81.01,81.01,81.01000936292115,81.0113311796632,81.06307635333484,0.0,0.0,0.0,0.0,0.0,0.0,0.0,0.0,0.0,81.01,81.01,81.01,81.01,81.01,81.01,,,,1,1,27,80.03,-0.980000000000004,DOWN,0.0
DWAL,2026-01-28,80.03,81.01,81.01,81.01,81.01,81.01,-0.980000000000004,-0.980000000000004,-0.980000000000004,-0.012097271941735599,-0.012097271941735599,-0.012097271941735599,-0.012171039463445091,-0.012171039463445091,80.68333333333334,80.814,80.912,80.52000468146058,80.68422078644214,80.87524428909212,0.0069843632120033085,0.005410064480805253,0.003825493281030437,-0.980000000000004,-0.012097271941735637,-0.980000000000004,-0.012097271941735637,-0.980000000000004,-0.012097271941735637,80.03,81.01,80.03,81.01,80.03,81.01,0.0,0.0,0.0,2,1,28,80.03,0.0,SAME,1.0
DWAL,2026-01-29,80.03,80.03,81.01,81.01,81.01,81.01,0.0,-0.980000000000004,-0.980000000000004,0.0,-0.012097271941735599,-0.012097271941735599,0.0,-0.012171039463445091,80.35666666666667,80.61800000000001,80.81400000000001,80.27500234073028,80.46614719096144,80.72156350925718,0.0069843632120033085,0.005410064480805253,0.003825493281030437,-0.980000000000004,-0.012097271941735637,-0.980000000000004,-0.012097271941735637,-0.980000000000004,-0.012097271941735637,80.03,81.01,80.03,81.01,80.03,81.01,0.0,0.0,0.0,3,1,29,80.03,0.0,SAME,1.0
DWAL,2026-01-30,80.03,80.03,80.03,81.01,81.01,81.01,0.0,0.0,-0.980000000000004,0.0,0.0,-0.012097271941735599,0.0,0.0,80.03,80.422,80.71600000000001,80.15250117036514,80.32076479397429,80.59582468939223,0.006984363212003308,0.005410064480805253,0.003825493281030437,-0.980000000000004,-0.012097271941735637,-0.980000000000004,-0.012097271941735637,-0.980000000000004,-0.012097271941735637,80.03,80.03,80.03,81.01,80.03,81.01,,0.0,0.0,4,1,30,80.03,0.0,SAME,1.0
DWAL,2026-02-02,80.03,80.03,80.03,80.03,81.01,81.01,0.0,0.0,0.0,0.0,0.0,0.0,0.0,0.0,80.03,80.22600000000001,80.618,80.09125058518256,80.22384319598287,80.49294747313908,0.0,0.005410064480805253,0.003825493281030437,0.0,0.0,-0.980000000000004,-0.012097271941735637,-0.980000000000004,-0.012097271941735637,80.03,80.03,80.03,81.01,80.03,81.01,,0.0,0.0,0,2,2,80.03,0.0,SAME,1.0
DWAL,2026-02-03,80.03,80.03,80.03,80.03,81.01,81.01,0.0,0.0,0.0,0.0,0.0,0.0,0.0,0.0,80.03,80.03,80.52000000000001,80.06062529259128,80.15922879732192,80.4087752052956,0.0,0.005410064480805253,0.003825493281030437,0.0,0.0,-0.980000000000004,-0.012097271941735637,-0.980000000000004,-0.012097271941735637,80.03,80.03,80.03,80.03,80.03,81.01,,,0.0,1,2,3,80.03,0.0,SAME,1.0
DWAL,2026-02-04,80.03,80.03,80.03,80.03,80.03,81.01,0.0,0.0,0.0,0.0,0.0,0.0,0.0,0.0,80.03,80.03,80.422,80.04531264629564,80.11615253154795,80.33990698615094,0.0,0.0,0.003825493281030437,0.0,0.0,0.0,0.0,-0.980000000000004,-0.012097271941735637,80.03,80.03,80.03,80.03,80.03,81.01,,,0.0,2,2,4,80.03,0.0,SAME,1.0
DWAL,2026-02-05,80.03,80.03,80.03,80.03,80.03,81.01,0.0,0.0,0.0,0.0,0.0,0.0,0.0,0.0,80.03,80.03,80.324,80.03765632314781,80.08743502103198,80.28356026139622,0.0,0.0,0.003825493281030437,0.0,0.0,0.0,0.0,-0.980000000000004,-0.012097271941735637,80.03,80.03,80.03,80.03,80.03,81.01,,,0.0,3,2,5,80.03,0.0,SAME,1.0
DWAL,2026-02-06,80.03,80.03,80.03,80.03,80.03,81.01,0.0,0.0,0.0,0.0,0.0,0.0,0.0,0.0,80.03,80.03,80.226,80.03382816157391,80.06829001402133,80.23745839568781,0.0,0.0,0.003825493281030437,0.0,0.0,0.0,0.0,-0.980000000000004,-0.012097271941735637,80.03,80.03,80.03,80.03,80.03,81.01,,,0.0,4,2,6,80.03,0.0,SAME,1.0
DWAL,2026-02-09,80.03,80.03,80.03,80.03,80.03,81.01,0.0,0.0,0.0,0.0,0.0,0.0,0.0,0.0,80.03,80.03,80.12800000000001,80.03191408078695,80.05552667601422,80.19973868738093,0.0,0.0,0.003825493281030437,0.0,0.0,0.0,0.0,-0.980000000000004,-0.012097271941735637,80.03,80.03,80.03,80.03,80.03,81.01,,,0.0,0,2,9,80.03,0.0,SAME,1.0
DWAL,2026-02-10,80.03,80.03,80.03,80.03,80.03,81.01,0.0,0.0,0.0,0.0,0.0,0.0,0.0,0.0,80.03,80.03,80.03,80.03095704039347,80.04701778400948,80.16887710785711,0.0,0.0,0.003825493281030437,0.0,0.0,0.0,0.0,-0.980000000000004,-0.012097271941735637,80.03,80.03,80.03,80.03,80.03,80.03,,,,1,2,10,80.03,0.0,SAME,1.0
DWAL,2026-02-11,80.03,80.03,80.03,80.03,80.03,80.03,0.0,0.0,0.0,0.0,0.0,0.0,0.0,0.0,80.03,80.03,80.03,80.03047852019674,80.04134518933967,80.14362672461036,0.0,0.0,0.0,0.0,0.0,0.0,0.0,0.0,0.0,80.03,80.03,80.03,80.03,80.03,80.03,,,,2,2,11,80.03,0.0,SAME,1.0
DWAL,2026-02-12,80.03,80.03,80.03,80.03,80.03,80.03,0.0,0.0,0.0,0.0,0.0,0.0,0.0,0.0,80.03,80.03,80.03,80.03023926009837,80.03756345955978,80.12296732013574,0.0,0.0,0.0,0.0,0.0,0.0,0.0,0.0,0.0,80.03,80.03,80.03,80.03,80.03,80.03,,,,3,2,12,80.03,0.0,SAME,1.0
DWAL,2026-02-13,80.03,80.03,80.03,80.03,80.03,80.03,0.0,0.0,0.0,0.0,0.0,0.0,0.0,0.0,80.03,80.03,80.03,80.03011963004919,80.03504230637319,80.10606417102015,0.0,0.0,0.0,0.0,0.0,0.0,0.0,0.0,0.0,80.03,80.03,80.03,80.03,80.03,80.03,,,,4,2,13,80.03,0.0,SAME,1.0
DWAL,2026-02-16,80.03,80.03,80.03,80.03,80.03,80.03,0.0,0.0,0.0,0.0,0.0,0.0,0.0,0.0,80.03,80.03,80.03,80.0300598150246,80.03336153758212,80.09223432174375,0.0,0.0,0.0,0.0,0.0,0.0,0.0,0.0,0.0,80.03,80.03,80.03,80.03,80.03,80.03,,,,0,2,16,80.03,0.0,SAME,1.0
DWAL,2026-02-17,80.03,80.03,80.03,80.03,80.03,80.03,0.0,0.0,0.0,0.0,0.0,0.0,0.0,0.0,80.03,80.03,80.03,80.0300299075123,80.03224102505476,80.0809189905176,0.0,0.0,0.0,0.0,0.0,0.0,0.0,0.0,0.0,80.03,80.03,80.03,80.03,80.03,80.03,,,,1,2,17,80.03,0.0,SAME,1.0
DWAL,2026-02-20,80.03,80.03,80.03,80.03,80.03,80.03,0.0,0.0,0.0,0.0,0.0,0.0,0.0,0.0,80.03,80.03,80.03,80.03001495375615,80.03149401670318,80.07166099224166,0.0,0.0,0.0,0.0,0.0,0.0,0.0,0.0,0.0,80.03,80.03,80.03,80.03,80.03,80.03,,,,4,2,20,80.03,0.0,SAME,1.0
DWAL,2026-02-24,80.03,80.03,80.03,80.03,80.03,80.03,0.0,0.0,0.0,0.0,0.0,0.0,0.0,0.0,80.03,80.03,80.03,80.03000747687807,80.03099601113546,80.06408626637953,0.0,0.0,0.0,0.0,0.0,0.0,0.0,0.0,0.0,80.03,80.03,80.03,80.03,80.03,80.03,,,,1,2,24,80.03,0.0,SAME,1.0
DWAL,2026-02-25,80.03,80.03,80.03,80.03,80.03,80.03,0.0,0.0,0.0,0.0,0.0,0.0,0.0,0.0,80.03,80.03,80.03,80.03000373843904,80.03066400742364,80.05788876340142,0.0,0.0,0.0,0.0,0.0,0.0,0.0,0.0,0.0,80.03,80.03,80.03,80.03,80.03,80.03,,,,2,2,25,80.03,0.0,SAME,1.0
DWAL,2026-02-26,80.03,80.03,80.03,80.03,80.03,80.03,0.0,0.0,0.0,0.0,0.0,0.0,0.0,0.0,80.03,80.03,80.03,80.03000186921952,80.03044267161576,80.0528180791466,0.0,0.0,0.0,0.0,0.0,0.0,0.0,0.0,0.0,80.03,80.03,80.03,80.03,80.03,80.03,,,,3,2,26,80.03,0.0,SAME,1.0
DWAL,2026-02-27,80.03,80.03,80.03,80.03,80.03,80.03,0.0,0.0,0.0,0.0,0.0,0.0,0.0,0.0,80.03,80.03,80.03,80.03000093460976,80.0302951144105,80.04866933748357,0.0,0.0,0.0,0.0,0.0,0.0,0.0,0.0,0.0,80.03,80.03,80.03,80.03,80.03,80.03,,,,4,2,27,79.9,-0.12999999999999545,DOWN,0.0
DWAL,2026-03-02,79.9,80.03,80.03,80.03,80.03,80.03,-0.12999999999999545,-0.12999999999999545,-0.12999999999999545,-0.0016243908534299134,-0.0016243908534299134,-0.0016243908534299134,-0.0016257116067257614,-0.0016257116067257614,79.98666666666668,80.00399999999999,80.01700000000001,79.96500046730489,79.98686340960701,80.02163854885019,0.0009378424963638995,0.0007264496740664383,0.0005136774906975567,-0.12999999999999545,-0.001624390853429907,-0.12999999999999545,-0.001624390853429907,-0.12999999999999545,-0.001624390853429907,79.9,80.03,79.9,80.03,79.9,80.03,0.0,0.0,0.0,0,3,2,79.9,0.0,SAME,1.0
DWAL,2026-03-03,79.9,79.9,80.03,80.03,80.03,80.03,0.0,-0.12999999999999545,-0.12999999999999545,0.0,-0.0016243908534299134,-0.0016243908534299134,0.0,-0.0016257116067257614,79.94333333333333,79.97800000000001,80.004,79.93250023365245,79.95790893973802,79.99952244905924,0.0009378424963638995,0.0007264496740664383,0.0005136774906975567,-0.12999999999999545,-0.001624390853429907,-0.12999999999999545,-0.001624390853429907,-0.12999999999999545,-0.001624390853429907,79.9,80.03,79.9,80.03,79.9,80.03,0.0,0.0,0.0,1,3,3,79.9,0.0,SAME,1.0
DWAL,2026-03-04,79.9,79.9,79.9,80.03,80.03,80.03,0.0,0.0,-0.12999999999999545,0.0,0.0,-0.0016243908534299134,0.0,0.0,79.9,79.952,79.991,79.91625011682623,79.93860595982535,79.98142745832119,0.0009378424963638995,0.0007264496740664383,0.0005136774906975567,-0.12999999999999545,-0.001624390853429907,-0.12999999999999545,-0.001624390853429907,-0.12999999999999545,-0.001624390853429907,79.9,79.9,79.9,80.03,79.9,80.03,,0.0,0.0,2,3,4,79.9,0.0,SAME,1.0
DWAL,2026-03-05,79.9,79.9,79.9,79.9,80.03,80.03,0.0,0.0,0.0,0.0,0.0,0.0,0.0,0.0,79.9,79.92600000000002,79.978,79.90812505841312,79.92573730655025,79.96662246589915,0.0,0.0007264496740664383,0.0005136774906975567,0.0,0.0,-0.12999999999999545,-0.001624390853429907,-0.12999999999999545,-0.001624390853429907,79.9,79.9,79.9,80.03,79.9,80.03,,0.0,0.0,3,3,5,79.9,0.0,SAME,1.0
DWAL,2026-03-06,79.9,79.9,79.9,79.9,80.03,80.03,0.0,0.0,0.0,0.0,0.0,0.0,0.0,0.0,79.9,79.9,79.965,79.90406252920656,79.91715820436684,79.95450929028112,0.0,0.0007264496740664383,0.0005136774906975567,0.0,0.0,-0.12999999999999545,-0.001624390853429907,-0.12999999999999545,-0.001624390853429907,79.9,79.9,79.9,79.9,79.9,80.03,,,0.0,4,3,6,79.9,0.0,SAME,1.0
DWAL,2026-03-09,79.9,79.9,79.9,79.9,79.9,80.03,0.0,0.0,0.0,0.0,0.0,0.0,0.0,0.0,79.9,79.9,79.95200000000001,79.90203126460328,79.91143880291123,79.94459851023001,0.0,0.0,0.0005136774906975567,0.0,0.0,0.0,0.0,-0.12999999999999545,-0.001624390853429907,79.9,79.9,79.9,79.9,79.9,80.03,,,0.0,0,3,9,79.9,0.0,SAME,1.0
DWAL,2026-03-10,79.9,79.9,79.9,79.9,79.9,80.03,0.0,0.0,0.0,0.0,0.0,0.0,0.0,0.0,79.9,79.9,79.939,79.90101563230164,79.9076258686075,79.93648969018818,0.0,0.0,0.0005136774906975567,0.0,0.0,0.0,0.0,-0.12999999999999545,-0.001624390853429907,79.9,79.9,79.9,79.9,79.9,80.03,,,0.0,1,3,10,79.9,0.0,SAME,1.0
DWAL,2026-03-11,79.9,79.9,79.9,79.9,79.9,80.03,0.0,0.0,0.0,0.0,0.0,0.0,0.0,0.0,79.9,79.9,79.926,79.90050781615082,79.905083912405,79.92985520106306,0.0,0.0,0.0005136774906975567,0.0,0.0,0.0,0.0,-0.12999999999999545,-0.001624390853429907,79.9,79.9,79.9,79.9,79.9,80.03,,,0.0,2,3,11,79.9,0.0,SAME,1.0
DWAL,2026-03-12,79.9,79.9,79.9,79.9,79.9,80.03,0.0,0.0,0.0,0.0,0.0,0.0,0.0,0.0,79.9,79.9,79.91300000000001,79.90025390807541,79.90338927493667,79.92442698268796,0.0,0.0,0.0005136774906975567,0.0,0.0,0.0,0.0,-0.12999999999999545,-0.001624390853429907,79.9,79.9,79.9,79.9,79.9,80.03,,,0.0,3,3,12,79.9,0.0,SAME,1.0
DWAL,2026-03-13,79.9,79.9,79.9,79.9,79.9,80.03,0.0,0.0,0.0,0.0,0.0,0.0,0.0,0.0,79.9,79.9,79.9,79.90012695403772,79.90225951662445,79.91998571310833,0.0,0.0,0.0005136774906975567,0.0,0.0,0.0,0.0,-0.12999999999999545,-0.001624390853429907,79.9,79.9,79.9,79.9,79.9,79.9,,,,4,3,13,79.9,0.0,SAME,1.0
DWAL,2026-03-16,79.9,79.9,79.9,79.9,79.9,79.9,0.0,0.0,0.0,0.0,0.0,0.0,0.0,0.0,79.9,79.9,79.9,79.90006347701886,79.9015063444163,79.91635194708863,0.0,0.0,0.0,0.0,0.0,0.0,0.0,0.0,0.0,79.9,79.9,79.9,79.9,79.9,79.9,,,,0,3,16,79.9,0.0,SAME,1.0
DWAL,2026-03-17,79.9,79.9,79.9,79.9,79.9,79.9,0.0,0.0,0.0,0.0,0.0,0.0,0.0,0.0,79.9,79.9,79.9,79.90003173850943,79.90100422961088,79.91337886579979,0.0,0.0,0.0,0.0,0.0,0.0,0.0,0.0,0.0,79.9,79.9,79.9,79.9,79.9,79.9,,,,1,3,17,79.9,0.0,SAME,1.0
DWAL,2026-03-18,79.9,79.9,79.9,79.9,79.9,79.9,0.0,0.0,0.0,0.0,0.0,0.0,0.0,0.0,79.9,79.9,79.9,79.90001586925472,79.90066948640725,79.91094634474528,0.0,0.0,0.0,0.0,0.0,0.0,0.0,0.0,0.0,79.9,79.9,79.9,79.9,79.9,79.9,,,,2,3,18,79.13,-0.7700000000000102,DOWN,0.0
DWAL,2026-03-19,79.13,79.9,79.9,79.9,79.9,79.9,-0.7700000000000102,-0.7700000000000102,-0.7700000000000102,-0.009637046307884978,-0.009637046307884978,-0.009637046307884978,-0.009683783151127117,-0.009683783151127117,79.64333333333333,79.74600000000001,79.82300000000001,79.51500793462736,79.64377965760484,79.76895610024614,0.005563951280027873,0.004309818129349987,0.003047501624939784,-0.7700000000000102,-0.009637046307884983,-0.7700000000000102,-0.009637046307884983,-0.7700000000000102,-0.009637046307884983,79.13,79.9,79.13,79.9,79.13,79.9,0.0,0.0,0.0,3,3,19,79.13,0.0,SAME,1.0
DWAL,2026-03-20,79.13,79.13,79.9,79.9,79.9,79.9,0.0,-0.7700000000000102,-0.7700000000000102,0.0,-0.009637046307884978,-0.009637046307884978,0.0,-0.009683783151127117,79.38666666666667,79.592,79.74600000000001,79.32250396731368,79.47251977173656,79.65278226383775,0.005563951280027873,0.004309818129349987,0.003047501624939784,-0.7700000000000102,-0.009637046307884983,-0.7700000000000102,-0.009637046307884983,-0.7700000000000102,-0.009637046307884983,79.13,79.9,79.13,79.9,79.13,79.9,0.0,0.0,0.0,4,3,20,79.13,0.0,SAME,1.0
DWAL,2026-03-23,79.13,79.13,79.13,79.9,79.9,79.9,0.0,0.0,-0.7700000000000102,0.0,0.0,-0.009637046307884978,0.0,0.0,79.13,79.438,79.66900000000001,79.22625198365684,79.35834651449105,79.55773094313997,0.005563951280027873,0.004309818129349987,0.003047501624939784,-0.7700000000000102,-0.009637046307884983,-0.7700000000000102,-0.009637046307884983,-0.7700000000000102,-0.009637046307884983,79.13,79.13,79.13,79.9,79.13,79.9,,0.0,0.0,0,3,23,79.13,0.0,SAME,1.0
DWAL,2026-03-24,79.13,79.13,79.13,79.13,79.9,79.9,0.0,0.0,0.0,0.0,0.0,0.0,0.0,0.0,79.13,79.28399999999999,79.59200000000001,79.17812599182841,79.2822310096607,79.47996168075089,0.0,0.004309818129349987,0.003047501624939784,0.0,0.0,-0.7700000000000102,-0.009637046307884983,-0.7700000000000102,-0.009637046307884983,79.13,79.13,79.13,79.9,79.13,79.9,,0.0,0.0,1,3,24,79.13,0.0,SAME,1.0
DWAL,2026-03-25,79.13,79.13,79.13,79.13,79.9,79.9,0.0,0.0,0.0,0.0,0.0,0.0,0.0,0.0,79.13,79.13,79.51500000000001,79.1540629959142,79.2314873397738,79.41633228425073,0.0,0.004309818129349987,0.003047501624939784,0.0,0.0,-0.7700000000000102,-0.009637046307884983,-0.7700000000000102,-0.009637046307884983,79.13,79.13,79.13,79.13,79.13,79.9,,,0.0,2,3,25,79.13,0.0,SAME,1.0
DWAL,2026-03-26,79.13,79.13,79.13,79.13,79.13,79.9,0.0,0.0,0.0,0.0,0.0,0.0,0.0,0.0,79.13,79.13,79.438,79.1420314979571,79.19765822651587,79.3642718689324,0.0,0.0,0.003047501624939784,0.0,0.0,0.0,0.0,-0.7700000000000102,-0.009637046307884983,79.13,79.13,79.13,79.13,79.13,79.9,,,0.0,3,3,26,79.13,0.0,SAME,1.0
DWAL,2026-03-27,79.13,79.13,79.13,79.13,79.13,79.9,0.0,0.0,0.0,0.0,0.0,0.0,0.0,0.0,79.13,79.13,79.361,79.13601574897855,79.17510548434392,79.32167698367196,0.0,0.0,0.003047501624939784,0.0,0.0,0.0,0.0,-0.7700000000000102,-0.009637046307884983,79.13,79.13,79.13,79.13,79.13,79.9,,,0.0,4,3,27,79.13,0.0,SAME,1.0
DWAL,2026-03-30,79.13,79.13,79.13,79.13,79.13,79.9,0.0,0.0,0.0,0.0,0.0,0.0,0.0,0.0,79.13,79.13,79.284,79.13300787448927,79.16007032289595,79.28682662300433,0.0,0.0,0.003047501624939784,0.0,0.0,0.0,0.0,-0.7700000000000102,-0.009637046307884983,79.13,79.13,79.13,79.13,79.13,79.9,,,0.0,0,3,30,79.13,0.0,SAME,1.0
DWAL,2026-03-31,79.13,79.13,79.13,79.13,79.13,79.9,0.0,0.0,0.0,0.0,0.0,0.0,0.0,0.0,79.13,79.13,79.20700000000001,79.13150393724463,79.15004688193063,79.258312691549,0.0,0.0,0.003047501624939784,0.0,0.0,0.0,0.0,-0.7700000000000102,-0.009637046307884983,79.13,79.13,79.13,79.13,79.13,79.9,,,0.0,1,3,31,79.13,0.0,SAME,1.0
DWAL,2026-04-01,79.13,79.13,79.13,79.13,79.13,79.9,0.0,0.0,0.0,0.0,0.0,0.0,0.0,0.0,79.13,79.13,79.13,79.13075196862232,79.14336458795376,79.23498311126735,0.0,0.0,0.003047501624939784,0.0,0.0,0.0,0.0,-0.7700000000000102,-0.009637046307884983,79.13,79.13,79.13,79.13,79.13,79.13,,,,2,4,1,79.13,0.0,SAME,1.0
DWAL,2026-04-02,79.13,79.13,79.13,79.13,79.13,79.13,0.0,0.0,0.0,0.0,0.0,0.0,0.0,0.0,79.13,79.13,79.13,79.13037598431116,79.13890972530251,79.21589527285511,0.0,0.0,0.0,0.0,0.0,0.0,0.0,0.0,0.0,79.13,79.13,79.13,79.13,79.13,79.13,,,,3,4,2,79.13,0.0,SAME,1.0
DWAL,2026-04-03,79.13,79.13,79.13,79.13,79.13,79.13,0.0,0.0,0.0,0.0,0.0,0.0,0.0,0.0,79.13,79.13,79.13,79.13018799215558,79.13593981686834,79.20027795051782,0.0,0.0,0.0,0.0,0.0,0.0,0.0,0.0,0.0,79.13,79.13,79.13,79.13,79.13,79.13,,,,4,4,3,79.13,0.0,SAME,1.0
DWAL,2026-04-06,79.13,79.13,79.13,79.13,79.13,79.13,0.0,0.0,0.0,0.0,0.0,0.0,0.0,0.0,79.13,79.13,79.13,79.13009399607779,79.13395987791223,79.18750014133276,0.0,0.0,0.0,0.0,0.0,0.0,0.0,0.0,0.0,79.13,79.13,79.13,79.13,79.13,79.13,,,,0,4,6,79.13,0.0,SAME,1.0
DWAL,2026-04-07,79.13,79.13,79.13,79.13,79.13,79.13,0.0,0.0,0.0,0.0,0.0,0.0,0.0,0.0,79.13,79.13,79.13,79.13004699803889,79.13263991860816,79.17704557018135,0.0,0.0,0.0,0.0,0.0,0.0,0.0,0.0,0.0,79.13,79.13,79.13,79.13,79.13,79.13,,,,1,4,7,79.13,0.0,SAME,1.0
DWAL,2026-04-08,79.13,79.13,79.13,79.13,79.13,79.13,0.0,0.0,0.0,0.0,0.0,0.0,0.0,0.0,79.13,79.13,79.13,79.13002349901944,79.13175994573878,79.16849183014837,0.0,0.0,0.0,0.0,0.0,0.0,0.0,0.0,0.0,79.13,79.13,79.13,79.13,79.13,79.13,,,,2,4,8,79.13,0.0,SAME,1.0
DWAL,2026-04-09,79.13,79.13,79.13,79.13,79.13,79.13,0.0,0.0,0.0,0.0,0.0,0.0,0.0,0.0,79.13,79.13,79.13,79.13001174950972,79.1311732971592,79.16149331557594,0.0,0.0,0.0,0.0,0.0,0.0,0.0,0.0,0.0,79.13,79.13,79.13,79.13,79.13,79.13,,,,3,4,9,79.13,0.0,SAME,1.0
DWAL,2026-04-10,79.13,79.13,79.13,79.13,79.13,79.13,0.0,0.0,0.0,0.0,0.0,0.0,0.0,0.0,79.13,79.13,79.13,79.13000587475486,79.13078219810613,79.1557672581985,0.0,0.0,0.0,0.0,0.0,0.0,0.0,0.0,0.0,79.13,79.13,79.13,79.13,79.13,79.13,,,,4,4,10,81.41,2.280000000000001,UP,2.0
DWAL,2026-04-13,81.41,79.13,79.13,79.13,79.13,79.13,2.280000000000001,2.280000000000001,2.280000000000001,0.02881334512826994,0.02881334512826994,0.02881334512826994,0.02840604596478438,0.02840604596478438,79.88999999999999,79.586,79.35799999999999,80.27000293737743,79.89052146540409,79.56562775670785,0.016635392566052724,0.012885719673195174,0.00911157976138377,2.280000000000001,0.02881334512826995,2.280000000000001,0.02881334512826995,2.280000000000001,0.02881334512826995,79.13,81.41,79.13,81.41,79.13,81.41,1.0,1.0,1.0,0,4,13,82.03,0.6200000000000045,UP,2.0
DWAL,2026-04-14,82.03,81.41,79.13,79.13,79.13,79.13,0.6200000000000045,2.9000000000000057,2.9000000000000057,0.007615772018179534,0.036648553014027696,0.036648553014027696,0.007586918428772113,0.035992964393556676,80.85666666666667,80.166,79.648,81.15000146868871,80.60368097693606,80.01369543730642,0.014930650503074816,0.01247790773426954,0.00916212483425662,2.9000000000000057,0.03664855301402763,2.9000000000000057,0.03664855301402763,2.9000000000000057,0.03664855301402763,79.13,82.03,79.13,82.03,79.13,82.03,1.0,1.0,1.0,1,4,14,82.03,0.0,SAME,1.0
DWAL,2026-04-15,82.03,82.03,81.41,79.13,79.13,79.13,0.0,0.6200000000000045,2.9000000000000057,0.0,0.007615772018179534,0.036648553014027696,0.0,0.007586918428772113,81.82333333333332,80.74600000000001,79.93799999999999,81.59000073434436,81.07912065129071,80.38029626688707,0.014930650503074816,0.01247790773426954,0.00916212483425662,2.9000000000000057,0.03664855301402763,2.9000000000000057,0.03664855301402763,2.9000000000000057,0.03664855301402763,81.41,82.03,79.13,82.03,79.13,82.03,1.0,1.0,1.0,2,4,15,82.3,0.269999999999996,UP,2.0
DWAL,2026-04-16,82.3,82.03,82.03,81.41,79.13,79.13,0.269999999999996,0.269999999999996,0.8900000000000006,0.00329147872729485,0.00329147872729485,0.01093231789706417,0.0032860736683655604,0.0032860736683655604,82.12,81.38,80.255,81.94500036717218,81.48608043419381,80.72933330927124,0.003819540288857036,0.012077846722542203,0.009075425300528123,0.8900000000000006,0.01093231789706425,3.1700000000000017,0.04006065967395428,3.1700000000000017,0.04006065967395428,82.03,82.3,79.13,82.3,79.13,82.3,1.0,1.0,1.0,3,4,16,82.3,0.0,SAME,1.0
DWAL,2026-04-17,82.3,82.3,82.03,82.03,79.13,79.13,0.0,0.269999999999996,0.269999999999996,0.0,0.00329147872729485,0.00329147872729485,0.0,0.0032860736683655604,82.21,82.014,80.57199999999999,82.12250018358608,81.75738695612921,81.01490907122192,0.0019003361291699292,0.012077846722542203,0.009075425300528123,0.269999999999996,0.0032914787272948437,3.1700000000000017,0.04006065967395428,3.1700000000000017,0.04006065967395428,82.03,82.3,81.41,82.3,79.13,82.3,1.0,1.0,1.0,4,4,17,82.3,0.0,SAME,1.0
DWAL,2026-04-20,82.3,82.3,82.3,82.03,81.41,79.13,0.0,0.0,0.269999999999996,0.0,0.0,0.00329147872729485,0.0,0.0,82.3,82.192,80.88899999999998,82.21125009179303,81.9382579707528,81.24856196736339,0.0019003361291699292,0.0033555994948827658,0.009075425300528123,0.269999999999996,0.0032914787272948437,0.8900000000000006,0.01093231789706425,3.1700000000000017,0.04006065967395428,82.3,82.3,82.03,82.3,79.13,82.3,,1.0,1.0,0,4,20,,,,
