Company,Date,Close,lag_1,lag_2,lag_3,lag_5,lag_10,diff_1,diff_2,diff_3,return_1,return_2,return_3,log_return_1,log_return_2,sma_3,sma_5,sma_10,ema_3,ema_5,ema_10,volatility_3,volatility_5,volatility_10,momentum_3,roc_3,momentum_5,roc_5,momentum_10,roc_10,roll_min_3,roll_max_3,roll_min_5,roll_max_5,roll_min_10,roll_max_10,range_position_3,range_position_5,range_position_10,day_of_week,month,day,future_close,future_diff,target,target_class
KCL,2020-04-23,48.57,,,,,,,,,,,,,,,,,48.57,48.57,48.57,,,,,,,,,,,,,,,,,,,3,4,23,48.57,0.0,SAME,1.0
KCL,2020-04-24,48.57,48.57,,,,,0.0,,,0.0,,,0.0,,,,,48.57,48.57,48.57,,,,,,,,,,,,,,,,,,,4,4,24,48.57,0.0,SAME,1.0
KCL,2020-04-27,48.57,48.57,48.57,,,,0.0,0.0,,0.0,0.0,,0.0,0.0,48.57,,,48.57,48.57,48.57,,,,,,,,,,48.57,48.57,,,,,,,,0,4,27,48.57,0.0,SAME,1.0
KCL,2020-04-28,48.57,48.57,48.57,48.57,,,0.0,0.0,0.0,0.0,0.0,0.0,0.0,0.0,48.57,,,48.57,48.57,48.57,0.0,,,0.0,0.0,,,,,48.57,48.57,,,,,,,,1,4,28,48.57,0.0,SAME,1.0
KCL,2020-04-29,48.57,48.57,48.57,48.57,,,0.0,0.0,0.0,0.0,0.0,0.0,0.0,0.0,48.57,48.57,,48.57,48.57,48.57,0.0,,,0.0,0.0,,,,,48.57,48.57,48.57,48.57,,,,,,2,4,29,48.57,0.0,SAME,1.0
KCL,2020-04-30,48.57,48.57,48.57,48.57,48.57,,0.0,0.0,0.0,0.0,0.0,0.0,0.0,0.0,48.57,48.57,,48.57,48.57,48.57,0.0,0.0,,0.0,0.0,0.0,0.0,,,48.57,48.57,48.57,48.57,,,,,,3,4,30,48.57,0.0,SAME,1.0
KCL,2020-05-01,48.57,48.57,48.57,48.57,48.57,,0.0,0.0,0.0,0.0,0.0,0.0,0.0,0.0,48.57,48.57,,48.57,48.57,48.57,0.0,0.0,,0.0,0.0,0.0,0.0,,,48.57,48.57,48.57,48.57,,,,,,4,5,1,48.57,0.0,SAME,1.0
KCL,2020-05-04,48.57,48.57,48.57,48.57,48.57,,0.0,0.0,0.0,0.0,0.0,0.0,0.0,0.0,48.57,48.57,,48.57,48.57,48.57,0.0,0.0,,0.0,0.0,0.0,0.0,,,48.57,48.57,48.57,48.57,,,,,,0,5,4,48.57,0.0,SAME,1.0
KCL,2020-05-05,48.57,48.57,48.57,48.57,48.57,,0.0,0.0,0.0,0.0,0.0,0.0,0.0,0.0,48.57,48.57,,48.57,48.57,48.57,0.0,0.0,,0.0,0.0,0.0,0.0,,,48.57,48.57,48.57,48.57,,,,,,1,5,5,47.07,-1.5,DOWN,0.0
KCL,2020-05-06,47.07,48.57,48.57,48.57,48.57,,-1.5,-1.5,-1.5,-0.030883261272390383,-0.030883261272390383,-0.030883261272390383,-0.03137020094460256,-0.03137020094460256,48.07,48.27,48.42,47.82,48.07,48.29727272727273,0.01783045920906813,0.01381141431439031,,-1.5,-0.030883261272390366,-1.5,-0.030883261272390366,,,47.07,48.57,47.07,48.57,47.07,48.57,0.0,0.0,0.0,2,5,6,47.07,0.0,SAME,1.0
KCL,2020-05-07,47.07,47.07,48.57,48.57,48.57,48.57,0.0,-1.5,-1.5,0.0,-0.030883261272390383,-0.030883261272390383,0.0,-0.03137020094460256,47.57,47.970000000000006,48.269999999999996,47.445,47.73666666666667,48.07413223140496,0.01783045920906813,0.01381141431439031,0.009766144719482337,-1.5,-0.030883261272390366,-1.5,-0.030883261272390366,-1.5,-0.030883261272390366,47.07,48.57,47.07,48.57,47.07,48.57,0.0,0.0,0.0,3,5,7,47.07,0.0,SAME,1.0
KCL,2020-05-08,47.07,47.07,47.07,48.57,48.57,48.57,0.0,0.0,-1.5,0.0,0.0,-0.030883261272390383,0.0,0.0,47.07,47.67,48.120000000000005,47.2575,47.51444444444445,47.89156273478588,0.01783045920906813,0.01381141431439031,0.009766144719482337,-1.5,-0.030883261272390366,-1.5,-0.030883261272390366,-1.5,-0.030883261272390366,47.07,47.07,47.07,48.57,47.07,48.57,,0.0,0.0,4,5,8,47.07,0.0,SAME,1.0
KCL,2020-05-11,47.07,47.07,47.07,47.07,48.57,48.57,0.0,0.0,0.0,0.0,0.0,0.0,0.0,0.0,47.07,47.37,47.970000000000006,47.16375,47.366296296296305,47.74218769209753,0.0,0.01381141431439031,0.009766144719482337,0.0,0.0,-1.5,-0.030883261272390366,-1.5,-0.030883261272390366,47.07,47.07,47.07,48.57,47.07,48.57,,0.0,0.0,0,5,11,47.07,0.0,SAME,1.0
KCL,2020-05-12,47.07,47.07,47.07,47.07,48.57,48.57,0.0,0.0,0.0,0.0,0.0,0.0,0.0,0.0,47.07,47.07,47.82,47.116875,47.26753086419754,47.61997174807979,0.0,0.01381141431439031,0.009766144719482337,0.0,0.0,-1.5,-0.030883261272390366,-1.5,-0.030883261272390366,47.07,47.07,47.07,47.07,47.07,48.57,,,0.0,1,5,12,47.07,0.0,SAME,1.0
KCL,2020-05-13,47.07,47.07,47.07,47.07,47.07,48.57,0.0,0.0,0.0,0.0,0.0,0.0,0.0,0.0,47.07,47.07,47.67,47.0934375,47.201687242798364,47.519976884792555,0.0,0.0,0.009766144719482337,0.0,0.0,0.0,0.0,-1.5,-0.030883261272390366,47.07,47.07,47.07,47.07,47.07,48.57,,,0.0,2,5,13,47.07,0.0,SAME,1.0
KCL,2020-05-14,47.07,47.07,47.07,47.07,47.07,48.57,0.0,0.0,0.0,0.0,0.0,0.0,0.0,0.0,47.07,47.07,47.519999999999996,47.08171875,47.157791495198914,47.43816290573936,0.0,0.0,0.009766144719482337,0.0,0.0,0.0,0.0,-1.5,-0.030883261272390366,47.07,47.07,47.07,47.07,47.07,48.57,,,0.0,3,5,14,47.07,0.0,SAME,1.0
KCL,2020-05-15,47.07,47.07,47.07,47.07,47.07,48.57,0.0,0.0,0.0,0.0,0.0,0.0,0.0,0.0,47.07,47.07,47.37,47.075859375,47.128527663465945,47.371224195604924,0.0,0.0,0.009766144719482337,0.0,0.0,0.0,0.0,-1.5,-0.030883261272390366,47.07,47.07,47.07,47.07,47.07,48.57,,,0.0,4,5,15,47.07,0.0,SAME,1.0
KCL,2020-05-18,47.07,47.07,47.07,47.07,47.07,48.57,0.0,0.0,0.0,0.0,0.0,0.0,0.0,0.0,47.07,47.07,47.22,47.0729296875,47.109018442310635,47.31645616004039,0.0,0.0,0.009766144719482337,0.0,0.0,0.0,0.0,-1.5,-0.030883261272390366,47.07,47.07,47.07,47.07,47.07,48.57,,,0.0,0,5,18,47.07,0.0,SAME,1.0
KCL,2020-05-19,47.07,47.07,47.07,47.07,47.07,48.57,0.0,0.0,0.0,0.0,0.0,0.0,0.0,0.0,47.07,47.07,47.07,47.07146484375,47.09601229487376,47.27164594912395,0.0,0.0,0.009766144719482337,0.0,0.0,0.0,0.0,-1.5,-0.030883261272390366,47.07,47.07,47.07,47.07,47.07,47.07,,,,1,5,19,47.07,0.0,SAME,1.0
KCL,2020-05-20,47.07,47.07,47.07,47.07,47.07,47.07,0.0,0.0,0.0,0.0,0.0,0.0,0.0,0.0,47.07,47.07,47.07,47.070732421875,47.08734152991584,47.23498304928323,0.0,0.0,0.0,0.0,0.0,0.0,0.0,0.0,0.0,47.07,47.07,47.07,47.07,47.07,47.07,,,,2,5,20,47.07,0.0,SAME,1.0
KCL,2020-05-21,47.07,47.07,47.07,47.07,47.07,47.07,0.0,0.0,0.0,0.0,0.0,0.0,0.0,0.0,47.07,47.07,47.07,47.0703662109375,47.0815610199439,47.204986131231735,0.0,0.0,0.0,0.0,0.0,0.0,0.0,0.0,0.0,47.07,47.07,47.07,47.07,47.07,47.07,,,,3,5,21,47.07,0.0,SAME,1.0
KCL,2020-05-22,47.07,47.07,47.07,47.07,47.07,47.07,0.0,0.0,0.0,0.0,0.0,0.0,0.0,0.0,47.07,47.07,47.07,47.07018310546875,47.07770734662927,47.180443198280514,0.0,0.0,0.0,0.0,0.0,0.0,0.0,0.0,0.0,47.07,47.07,47.07,47.07,47.07,47.07,,,,4,5,22,47.07,0.0,SAME,1.0
KCL,2020-05-25,47.07,47.07,47.07,47.07,47.07,47.07,0.0,0.0,0.0,0.0,0.0,0.0,0.0,0.0,47.07,47.07,47.07,47.070091552734375,47.07513823108618,47.16036261677496,0.0,0.0,0.0,0.0,0.0,0.0,0.0,0.0,0.0,47.07,47.07,47.07,47.07,47.07,47.07,,,,0,5,25,47.07,0.0,SAME,1.0
KCL,2020-05-26,47.07,47.07,47.07,47.07,47.07,47.07,0.0,0.0,0.0,0.0,0.0,0.0,0.0,0.0,47.07,47.07,47.07,47.07004577636719,47.073425487390786,47.143933050088606,0.0,0.0,0.0,0.0,0.0,0.0,0.0,0.0,0.0,47.07,47.07,47.07,47.07,47.07,47.07,,,,1,5,26,47.07,0.0,SAME,1.0
KCL,2020-05-27,47.07,47.07,47.07,47.07,47.07,47.07,0.0,0.0,0.0,0.0,0.0,0.0,0.0,0.0,47.07,47.07,47.07,47.070022888183594,47.072283658260524,47.13049067734522,0.0,0.0,0.0,0.0,0.0,0.0,0.0,0.0,0.0,47.07,47.07,47.07,47.07,47.07,47.07,,,,2,5,27,47.07,0.0,SAME,1.0
KCL,2020-05-28,47.07,47.07,47.07,47.07,47.07,47.07,0.0,0.0,0.0,0.0,0.0,0.0,0.0,0.0,47.07,47.07,47.07,47.0700114440918,47.071522438840354,47.11949237237336,0.0,0.0,0.0,0.0,0.0,0.0,0.0,0.0,0.0,47.07,47.07,47.07,47.07,47.07,47.07,,,,3,5,28,47.07,0.0,SAME,1.0
KCL,2020-05-29,47.07,47.07,47.07,47.07,47.07,47.07,0.0,0.0,0.0,0.0,0.0,0.0,0.0,0.0,47.07,47.07,47.07,47.0700057220459,47.07101495922691,47.11049375921456,0.0,0.0,0.0,0.0,0.0,0.0,0.0,0.0,0.0,47.07,47.07,47.07,47.07,47.07,47.07,,,,4,5,29,47.07,0.0,SAME,1.0
KCL,2020-06-01,47.07,47.07,47.07,47.07,47.07,47.07,0.0,0.0,0.0,0.0,0.0,0.0,0.0,0.0,47.07,47.07,47.07,47.07000286102295,47.07067663948461,47.10313125753919,0.0,0.0,0.0,0.0,0.0,0.0,0.0,0.0,0.0,47.07,47.07,47.07,47.07,47.07,47.07,,,,0,6,1,47.07,0.0,SAME,1.0
KCL,2020-06-02,47.07,47.07,47.07,47.07,47.07,47.07,0.0,0.0,0.0,0.0,0.0,0.0,0.0,0.0,47.07,47.07,47.07,47.070001430511475,47.07045109298974,47.09710739253207,0.0,0.0,0.0,0.0,0.0,0.0,0.0,0.0,0.0,47.07,47.07,47.07,47.07,47.07,47.07,,,,1,6,2,47.07,0.0,SAME,1.0
KCL,2020-06-03,47.07,47.07,47.07,47.07,47.07,47.07,0.0,0.0,0.0,0.0,0.0,0.0,0.0,0.0,47.07,47.07,47.07,47.07000071525574,47.07030072865983,47.09217877570805,0.0,0.0,0.0,0.0,0.0,0.0,0.0,0.0,0.0,47.07,47.07,47.07,47.07,47.07,47.07,,,,2,6,3,47.07,0.0,SAME,1.0
KCL,2020-06-04,47.07,47.07,47.07,47.07,47.07,47.07,0.0,0.0,0.0,0.0,0.0,0.0,0.0,0.0,47.07,47.07,47.07,47.07000035762787,47.07020048577322,47.08814627103385,0.0,0.0,0.0,0.0,0.0,0.0,0.0,0.0,0.0,47.07,47.07,47.07,47.07,47.07,47.07,,,,3,6,4,47.07,0.0,SAME,1.0
KCL,2020-06-08,47.07,47.07,47.07,47.07,47.07,47.07,0.0,0.0,0.0,0.0,0.0,0.0,0.0,0.0,47.07,47.07,47.07,47.070000178813935,47.07013365718215,47.08484694902769,0.0,0.0,0.0,0.0,0.0,0.0,0.0,0.0,0.0,47.07,47.07,47.07,47.07,47.07,47.07,,,,0,6,8,47.07,0.0,SAME,1.0
KCL,2020-06-09,47.07,47.07,47.07,47.07,47.07,47.07,0.0,0.0,0.0,0.0,0.0,0.0,0.0,0.0,47.07,47.07,47.07,47.07000008940697,47.0700891047881,47.08214750374992,0.0,0.0,0.0,0.0,0.0,0.0,0.0,0.0,0.0,47.07,47.07,47.07,47.07,47.07,47.07,,,,1,6,9,47.07,0.0,SAME,1.0
KCL,2020-06-10,47.07,47.07,47.07,47.07,47.07,47.07,0.0,0.0,0.0,0.0,0.0,0.0,0.0,0.0,47.07,47.07,47.07,47.070000044703484,47.07005940319207,47.07993886670448,0.0,0.0,0.0,0.0,0.0,0.0,0.0,0.0,0.0,47.07,47.07,47.07,47.07,47.07,47.07,,,,2,6,10,47.07,0.0,SAME,1.0
KCL,2020-06-11,47.07,47.07,47.07,47.07,47.07,47.07,0.0,0.0,0.0,0.0,0.0,0.0,0.0,0.0,47.07,47.07,47.07,47.07000002235174,47.07003960212805,47.07813180003093,0.0,0.0,0.0,0.0,0.0,0.0,0.0,0.0,0.0,47.07,47.07,47.07,47.07,47.07,47.07,,,,3,6,11,47.07,0.0,SAME,1.0
KCL,2020-06-12,47.07,47.07,47.07,47.07,47.07,47.07,0.0,0.0,0.0,0.0,0.0,0.0,0.0,0.0,47.07,47.07,47.07,47.07000001117587,47.0700264014187,47.0766532909344,0.0,0.0,0.0,0.0,0.0,0.0,0.0,0.0,0.0,47.07,47.07,47.07,47.07,47.07,47.07,,,,4,6,12,47.07,0.0,SAME,1.0
KCL,2020-06-15,47.07,47.07,47.07,47.07,47.07,47.07,0.0,0.0,0.0,0.0,0.0,0.0,0.0,0.0,47.07,47.07,47.07,47.070000005587936,47.0700176009458,47.0754436016736,0.0,0.0,0.0,0.0,0.0,0.0,0.0,0.0,0.0,47.07,47.07,47.07,47.07,47.07,47.07,,,,0,6,15,47.07,0.0,SAME,1.0
KCL,2020-06-16,47.07,47.07,47.07,47.07,47.07,47.07,0.0,0.0,0.0,0.0,0.0,0.0,0.0,0.0,47.07,47.07,47.07,47.07000000279397,47.070011733963874,47.074453855914754,0.0,0.0,0.0,0.0,0.0,0.0,0.0,0.0,0.0,47.07,47.07,47.07,47.07,47.07,47.07,,,,1,6,16,47.07,0.0,SAME,1.0
KCL,2020-06-17,47.07,47.07,47.07,47.07,47.07,47.07,0.0,0.0,0.0,0.0,0.0,0.0,0.0,0.0,47.07,47.07,47.07,47.070000001396984,47.07000782264259,47.073644063930246,0.0,0.0,0.0,0.0,0.0,0.0,0.0,0.0,0.0,47.07,47.07,47.07,47.07,47.07,47.07,,,,2,6,17,47.07,0.0,SAME,1.0
KCL,2020-06-18,47.07,47.07,47.07,47.07,47.07,47.07,0.0,0.0,0.0,0.0,0.0,0.0,0.0,0.0,47.07,47.07,47.07,47.07000000069849,47.07000521509506,47.07298150685202,0.0,0.0,0.0,0.0,0.0,0.0,0.0,0.0,0.0,47.07,47.07,47.07,47.07,47.07,47.07,,,,3,6,18,47.07,0.0,SAME,1.0
KCL,2020-06-19,47.07,47.07,47.07,47.07,47.07,47.07,0.0,0.0,0.0,0.0,0.0,0.0,0.0,0.0,47.07,47.07,47.07,47.070000000349246,47.070003476730044,47.0724394146971,0.0,0.0,0.0,0.0,0.0,0.0,0.0,0.0,0.0,47.07,47.07,47.07,47.07,47.07,47.07,,,,4,6,19,47.07,0.0,SAME,1.0
KCL,2020-06-22,47.07,47.07,47.07,47.07,47.07,47.07,0.0,0.0,0.0,0.0,0.0,0.0,0.0,0.0,47.07,47.07,47.07,47.07000000017462,47.070002317820034,47.07199588475217,0.0,0.0,0.0,0.0,0.0,0.0,0.0,0.0,0.0,47.07,47.07,47.07,47.07,47.07,47.07,,,,0,6,22,47.07,0.0,SAME,1.0
KCL,2020-06-23,47.07,47.07,47.07,47.07,47.07,47.07,0.0,0.0,0.0,0.0,0.0,0.0,0.0,0.0,47.07,47.07,47.07,47.07000000008731,47.07000154521336,47.071632996615406,0.0,0.0,0.0,0.0,0.0,0.0,0.0,0.0,0.0,47.07,47.07,47.07,47.07,47.07,47.07,,,,1,6,23,47.07,0.0,SAME,1.0
KCL,2020-06-24,47.07,47.07,47.07,47.07,47.07,47.07,0.0,0.0,0.0,0.0,0.0,0.0,0.0,0.0,47.07,47.07,47.07,47.070000000043656,47.070001030142244,47.07133608813987,0.0,0.0,0.0,0.0,0.0,0.0,0.0,0.0,0.0,47.07,47.07,47.07,47.07,47.07,47.07,,,,2,6,24,47.07,0.0,SAME,1.0
KCL,2020-06-25,47.07,47.07,47.07,47.07,47.07,47.07,0.0,0.0,0.0,0.0,0.0,0.0,0.0,0.0,47.07,47.07,47.07,47.07000000002183,47.070000686761496,47.071093163023534,0.0,0.0,0.0,0.0,0.0,0.0,0.0,0.0,0.0,47.07,47.07,47.07,47.07,47.07,47.07,,,,3,6,25,47.07,0.0,SAME,1.0
KCL,2020-06-26,47.07,47.07,47.07,47.07,47.07,47.07,0.0,0.0,0.0,0.0,0.0,0.0,0.0,0.0,47.07,47.07,47.07,47.070000000010914,47.070000457841,47.070894406110156,0.0,0.0,0.0,0.0,0.0,0.0,0.0,0.0,0.0,47.07,47.07,47.07,47.07,47.07,47.07,,,,4,6,26,47.07,0.0,SAME,1.0
KCL,2020-06-29,47.07,47.07,47.07,47.07,47.07,47.07,0.0,0.0,0.0,0.0,0.0,0.0,0.0,0.0,47.07,47.07,47.07,47.07000000000546,47.07000030522733,47.070731786817404,0.0,0.0,0.0,0.0,0.0,0.0,0.0,0.0,0.0,47.07,47.07,47.07,47.07,47.07,47.07,,,,0,6,29,47.07,0.0,SAME,1.0
KCL,2020-07-01,47.07,47.07,47.07,47.07,47.07,47.07,0.0,0.0,0.0,0.0,0.0,0.0,0.0,0.0,47.07,47.07,47.07,47.07000000000273,47.07000020348489,47.07059873466878,0.0,0.0,0.0,0.0,0.0,0.0,0.0,0.0,0.0,47.07,47.07,47.07,47.07,47.07,47.07,,,,2,7,1,47.07,0.0,SAME,1.0
KCL,2020-07-02,47.07,47.07,47.07,47.07,47.07,47.07,0.0,0.0,0.0,0.0,0.0,0.0,0.0,0.0,47.07,47.07,47.07,47.070000000001365,47.07000013565659,47.07048987381991,0.0,0.0,0.0,0.0,0.0,0.0,0.0,0.0,0.0,47.07,47.07,47.07,47.07,47.07,47.07,,,,3,7,2,47.07,0.0,SAME,1.0
KCL,2020-07-03,47.07,47.07,47.07,47.07,47.07,47.07,0.0,0.0,0.0,0.0,0.0,0.0,0.0,0.0,47.07,47.07,47.07,47.07000000000068,47.07000009043773,47.07040080585266,0.0,0.0,0.0,0.0,0.0,0.0,0.0,0.0,0.0,47.07,47.07,47.07,47.07,47.07,47.07,,,,4,7,3,47.07,0.0,SAME,1.0
KCL,2020-07-06,47.07,47.07,47.07,47.07,47.07,47.07,0.0,0.0,0.0,0.0,0.0,0.0,0.0,0.0,47.07,47.07,47.07,47.07000000000034,47.070000060291825,47.07032793206126,0.0,0.0,0.0,0.0,0.0,0.0,0.0,0.0,0.0,47.07,47.07,47.07,47.07,47.07,47.07,,,,0,7,6,47.07,0.0,SAME,1.0
KCL,2020-07-07,47.07,47.07,47.07,47.07,47.07,47.07,0.0,0.0,0.0,0.0,0.0,0.0,0.0,0.0,47.07,47.07,47.07,47.07000000000017,47.07000004019455,47.07026830805012,0.0,0.0,0.0,0.0,0.0,0.0,0.0,0.0,0.0,47.07,47.07,47.07,47.07,47.07,47.07,,,,1,7,7,47.07,0.0,SAME,1.0
KCL,2020-07-08,47.07,47.07,47.07,47.07,47.07,47.07,0.0,0.0,0.0,0.0,0.0,0.0,0.0,0.0,47.07,47.07,47.07,47.070000000000086,47.07000002679637,47.07021952476828,0.0,0.0,0.0,0.0,0.0,0.0,0.0,0.0,0.0,47.07,47.07,47.07,47.07,47.07,47.07,,,,2,7,8,47.07,0.0,SAME,1.0
KCL,2020-07-09,47.07,47.07,47.07,47.07,47.07,47.07,0.0,0.0,0.0,0.0,0.0,0.0,0.0,0.0,47.07,47.07,47.07,47.07000000000004,47.07000001786425,47.07017961117404,0.0,0.0,0.0,0.0,0.0,0.0,0.0,0.0,0.0,47.07,47.07,47.07,47.07,47.07,47.07,,,,3,7,9,47.07,0.0,SAME,1.0
KCL,2020-07-10,47.07,47.07,47.07,47.07,47.07,47.07,0.0,0.0,0.0,0.0,0.0,0.0,0.0,0.0,47.07,47.07,47.07,47.07000000000002,47.07000001190951,47.070146954596936,0.0,0.0,0.0,0.0,0.0,0.0,0.0,0.0,0.0,47.07,47.07,47.07,47.07,47.07,47.07,,,,4,7,10,47.07,0.0,SAME,1.0
KCL,2020-07-13,47.07,47.07,47.07,47.07,47.07,47.07,0.0,0.0,0.0,0.0,0.0,0.0,0.0,0.0,47.07,47.07,47.07,47.07000000000001,47.070000007939676,47.07012023557931,0.0,0.0,0.0,0.0,0.0,0.0,0.0,0.0,0.0,47.07,47.07,47.07,47.07,47.07,47.07,,,,0,7,13,47.07,0.0,SAME,1.0
KCL,2020-07-14,47.07,47.07,47.07,47.07,47.07,47.07,0.0,0.0,0.0,0.0,0.0,0.0,0.0,0.0,47.07,47.07,47.07,47.07000000000001,47.07000000529312,47.07009837456489,0.0,0.0,0.0,0.0,0.0,0.0,0.0,0.0,0.0,47.07,47.07,47.07,47.07,47.07,47.07,,,,1,7,14,47.07,0.0,SAME,1.0
KCL,2020-07-15,47.07,47.07,47.07,47.07,47.07,47.07,0.0,0.0,0.0,0.0,0.0,0.0,0.0,0.0,47.07,47.07,47.07,47.07000000000001,47.07000000352875,47.07008048828037,0.0,0.0,0.0,0.0,0.0,0.0,0.0,0.0,0.0,47.07,47.07,47.07,47.07,47.07,47.07,,,,2,7,15,47.07,0.0,SAME,1.0
KCL,2020-07-16,47.07,47.07,47.07,47.07,47.07,47.07,0.0,0.0,0.0,0.0,0.0,0.0,0.0,0.0,47.07,47.07,47.07,47.07000000000001,47.0700000023525,47.07006585404757,0.0,0.0,0.0,0.0,0.0,0.0,0.0,0.0,0.0,47.07,47.07,47.07,47.07,47.07,47.07,,,,3,7,16,47.07,0.0,SAME,1.0
KCL,2020-07-17,47.07,47.07,47.07,47.07,47.07,47.07,0.0,0.0,0.0,0.0,0.0,0.0,0.0,0.0,47.07,47.07,47.07,47.07000000000001,47.07000000156834,47.07005388058437,0.0,0.0,0.0,0.0,0.0,0.0,0.0,0.0,0.0,47.07,47.07,47.07,47.07,47.07,47.07,,,,4,7,17,47.07,0.0,SAME,1.0
KCL,2020-07-20,47.07,47.07,47.07,47.07,47.07,47.07,0.0,0.0,0.0,0.0,0.0,0.0,0.0,0.0,47.07,47.07,47.07,47.07000000000001,47.070000001045564,47.070044084114485,0.0,0.0,0.0,0.0,0.0,0.0,0.0,0.0,0.0,47.07,47.07,47.07,47.07,47.07,47.07,,,,0,7,20,47.07,0.0,SAME,1.0
KCL,2020-07-21,47.07,47.07,47.07,47.07,47.07,47.07,0.0,0.0,0.0,0.0,0.0,0.0,0.0,0.0,47.07,47.07,47.07,47.07000000000001,47.07000000069704,47.07003606882094,0.0,0.0,0.0,0.0,0.0,0.0,0.0,0.0,0.0,47.07,47.07,47.07,47.07,47.07,47.07,,,,1,7,21,47.07,0.0,SAME,1.0
KCL,2020-07-22,47.07,47.07,47.07,47.07,47.07,47.07,0.0,0.0,0.0,0.0,0.0,0.0,0.0,0.0,47.07,47.07,47.07,47.07000000000001,47.070000000464695,47.07002951085349,0.0,0.0,0.0,0.0,0.0,0.0,0.0,0.0,0.0,47.07,47.07,47.07,47.07,47.07,47.07,,,,2,7,22,47.07,0.0,SAME,1.0
KCL,2020-07-23,47.07,47.07,47.07,47.07,47.07,47.07,0.0,0.0,0.0,0.0,0.0,0.0,0.0,0.0,47.07,47.07,47.07,47.07000000000001,47.0700000003098,47.070024145243764,0.0,0.0,0.0,0.0,0.0,0.0,0.0,0.0,0.0,47.07,47.07,47.07,47.07,47.07,47.07,,,,3,7,23,47.07,0.0,SAME,1.0
KCL,2020-07-27,47.07,47.07,47.07,47.07,47.07,47.07,0.0,0.0,0.0,0.0,0.0,0.0,0.0,0.0,47.07,47.07,47.07,47.07000000000001,47.070000000206534,47.07001975519944,0.0,0.0,0.0,0.0,0.0,0.0,0.0,0.0,0.0,47.07,47.07,47.07,47.07,47.07,47.07,,,,0,7,27,47.07,0.0,SAME,1.0
KCL,2020-07-28,47.07,47.07,47.07,47.07,47.07,47.07,0.0,0.0,0.0,0.0,0.0,0.0,0.0,0.0,47.07,47.07,47.07,47.07000000000001,47.07000000013769,47.07001616334499,0.0,0.0,0.0,0.0,0.0,0.0,0.0,0.0,0.0,47.07,47.07,47.07,47.07,47.07,47.07,,,,1,7,28,47.07,0.0,SAME,1.0
KCL,2020-07-29,47.07,47.07,47.07,47.07,47.07,47.07,0.0,0.0,0.0,0.0,0.0,0.0,0.0,0.0,47.07,47.07,47.07,47.07000000000001,47.070000000091795,47.070013224554984,0.0,0.0,0.0,0.0,0.0,0.0,0.0,0.0,0.0,47.07,47.07,47.07,47.07,47.07,47.07,,,,2,7,29,47.07,0.0,SAME,1.0
KCL,2020-07-30,47.07,47.07,47.07,47.07,47.07,47.07,0.0,0.0,0.0,0.0,0.0,0.0,0.0,0.0,47.07,47.07,47.07,47.07000000000001,47.0700000000612,47.070010820090445,0.0,0.0,0.0,0.0,0.0,0.0,0.0,0.0,0.0,47.07,47.07,47.07,47.07,47.07,47.07,,,,3,7,30,47.07,0.0,SAME,1.0
KCL,2020-07-31,47.07,47.07,47.07,47.07,47.07,47.07,0.0,0.0,0.0,0.0,0.0,0.0,0.0,0.0,47.07,47.07,47.07,47.07000000000001,47.0700000000408,47.070008852801266,0.0,0.0,0.0,0.0,0.0,0.0,0.0,0.0,0.0,47.07,47.07,47.07,47.07,47.07,47.07,,,,4,7,31,47.07,0.0,SAME,1.0
KCL,2020-08-03,47.07,47.07,47.07,47.07,47.07,47.07,0.0,0.0,0.0,0.0,0.0,0.0,0.0,0.0,47.07,47.07,47.07,47.07000000000001,47.0700000000272,47.07000724320103,0.0,0.0,0.0,0.0,0.0,0.0,0.0,0.0,0.0,47.07,47.07,47.07,47.07,47.07,47.07,,,,0,8,3,47.07,0.0,SAME,1.0
KCL,2020-08-04,47.07,47.07,47.07,47.07,47.07,47.07,0.0,0.0,0.0,0.0,0.0,0.0,0.0,0.0,47.07,47.07,47.07,47.07000000000001,47.07000000001813,47.07000592625539,0.0,0.0,0.0,0.0,0.0,0.0,0.0,0.0,0.0,47.07,47.07,47.07,47.07,47.07,47.07,,,,1,8,4,47.07,0.0,SAME,1.0
KCL,2020-08-05,47.07,47.07,47.07,47.07,47.07,47.07,0.0,0.0,0.0,0.0,0.0,0.0,0.0,0.0,47.07,47.07,47.07,47.07000000000001,47.070000000012094,47.07000484875441,0.0,0.0,0.0,0.0,0.0,0.0,0.0,0.0,0.0,47.07,47.07,47.07,47.07,47.07,47.07,,,,2,8,5,47.07,0.0,SAME,1.0
KCL,2020-08-06,47.07,47.07,47.07,47.07,47.07,47.07,0.0,0.0,0.0,0.0,0.0,0.0,0.0,0.0,47.07,47.07,47.07,47.07000000000001,47.070000000008065,47.07000396716269,0.0,0.0,0.0,0.0,0.0,0.0,0.0,0.0,0.0,47.07,47.07,47.07,47.07,47.07,47.07,,,,3,8,6,47.07,0.0,SAME,1.0
KCL,2020-08-07,47.07,47.07,47.07,47.07,47.07,47.07,0.0,0.0,0.0,0.0,0.0,0.0,0.0,0.0,47.07,47.07,47.07,47.07000000000001,47.07000000000538,47.07000324586038,0.0,0.0,0.0,0.0,0.0,0.0,0.0,0.0,0.0,47.07,47.07,47.07,47.07,47.07,47.07,,,,4,8,7,47.07,0.0,SAME,1.0
KCL,2020-08-10,47.07,47.07,47.07,47.07,47.07,47.07,0.0,0.0,0.0,0.0,0.0,0.0,0.0,0.0,47.07,47.07,47.07,47.07000000000001,47.07000000000359,47.070002655703945,0.0,0.0,0.0,0.0,0.0,0.0,0.0,0.0,0.0,47.07,47.07,47.07,47.07,47.07,47.07,,,,0,8,10,47.07,0.0,SAME,1.0
KCL,2020-08-11,47.07,47.07,47.07,47.07,47.07,47.07,0.0,0.0,0.0,0.0,0.0,0.0,0.0,0.0,47.07,47.07,47.07,47.07000000000001,47.070000000002395,47.070002172848675,0.0,0.0,0.0,0.0,0.0,0.0,0.0,0.0,0.0,47.07,47.07,47.07,47.07,47.07,47.07,,,,1,8,11,47.07,0.0,SAME,1.0
KCL,2020-08-12,47.07,47.07,47.07,47.07,47.07,47.07,0.0,0.0,0.0,0.0,0.0,0.0,0.0,0.0,47.07,47.07,47.07,47.07000000000001,47.0700000000016,47.07000177778528,0.0,0.0,0.0,0.0,0.0,0.0,0.0,0.0,0.0,47.07,47.07,47.07,47.07,47.07,47.07,,,,2,8,12,47.07,0.0,SAME,1.0
KCL,2020-08-13,47.07,47.07,47.07,47.07,47.07,47.07,0.0,0.0,0.0,0.0,0.0,0.0,0.0,0.0,47.07,47.07,47.07,47.07000000000001,47.070000000001066,47.07000145455159,0.0,0.0,0.0,0.0,0.0,0.0,0.0,0.0,0.0,47.07,47.07,47.07,47.07,47.07,47.07,,,,3,8,13,47.07,0.0,SAME,1.0
KCL,2020-08-14,47.07,47.07,47.07,47.07,47.07,47.07,0.0,0.0,0.0,0.0,0.0,0.0,0.0,0.0,47.07,47.07,47.07,47.07000000000001,47.07000000000071,47.070001190087666,0.0,0.0,0.0,0.0,0.0,0.0,0.0,0.0,0.0,47.07,47.07,47.07,47.07,47.07,47.07,,,,4,8,14,47.07,0.0,SAME,1.0
KCL,2020-08-17,47.07,47.07,47.07,47.07,47.07,47.07,0.0,0.0,0.0,0.0,0.0,0.0,0.0,0.0,47.07,47.07,47.07,47.07000000000001,47.070000000000476,47.07000097370809,0.0,0.0,0.0,0.0,0.0,0.0,0.0,0.0,0.0,47.07,47.07,47.07,47.07,47.07,47.07,,,,0,8,17,47.07,0.0,SAME,1.0
KCL,2020-08-18,47.07,47.07,47.07,47.07,47.07,47.07,0.0,0.0,0.0,0.0,0.0,0.0,0.0,0.0,47.07,47.07,47.07,47.07000000000001,47.07000000000032,47.07000079667026,0.0,0.0,0.0,0.0,0.0,0.0,0.0,0.0,0.0,47.07,47.07,47.07,47.07,47.07,47.07,,,,1,8,18,47.07,0.0,SAME,1.0
KCL,2020-08-19,47.07,47.07,47.07,47.07,47.07,47.07,0.0,0.0,0.0,0.0,0.0,0.0,0.0,0.0,47.07,47.07,47.07,47.07000000000001,47.07000000000021,47.07000065182112,0.0,0.0,0.0,0.0,0.0,0.0,0.0,0.0,0.0,47.07,47.07,47.07,47.07,47.07,47.07,,,,2,8,19,47.07,0.0,SAME,1.0
KCL,2020-08-20,47.07,47.07,47.07,47.07,47.07,47.07,0.0,0.0,0.0,0.0,0.0,0.0,0.0,0.0,47.07,47.07,47.07,47.07000000000001,47.07000000000014,47.07000053330819,0.0,0.0,0.0,0.0,0.0,0.0,0.0,0.0,0.0,47.07,47.07,47.07,47.07,47.07,47.07,,,,3,8,20,47.07,0.0,SAME,1.0
KCL,2020-08-21,47.07,47.07,47.07,47.07,47.07,47.07,0.0,0.0,0.0,0.0,0.0,0.0,0.0,0.0,47.07,47.07,47.07,47.07000000000001,47.0700000000001,47.070000436343065,0.0,0.0,0.0,0.0,0.0,0.0,0.0,0.0,0.0,47.07,47.07,47.07,47.07,47.07,47.07,,,,4,8,21,47.07,0.0,SAME,1.0
KCL,2020-08-24,47.07,47.07,47.07,47.07,47.07,47.07,0.0,0.0,0.0,0.0,0.0,0.0,0.0,0.0,47.07,47.07,47.07,47.07000000000001,47.07000000000007,47.070000357007956,0.0,0.0,0.0,0.0,0.0,0.0,0.0,0.0,0.0,47.07,47.07,47.07,47.07,47.07,47.07,,,,0,8,24,47.07,0.0,SAME,1.0
KCL,2020-08-25,47.07,47.07,47.07,47.07,47.07,47.07,0.0,0.0,0.0,0.0,0.0,0.0,0.0,0.0,47.07,47.07,47.07,47.07000000000001,47.07000000000005,47.07000029209742,0.0,0.0,0.0,0.0,0.0,0.0,0.0,0.0,0.0,47.07,47.07,47.07,47.07,47.07,47.07,,,,1,8,25,47.07,0.0,SAME,1.0
KCL,2020-08-26,47.07,47.07,47.07,47.07,47.07,47.07,0.0,0.0,0.0,0.0,0.0,0.0,0.0,0.0,47.07,47.07,47.07,47.07000000000001,47.070000000000036,47.0700002389888,0.0,0.0,0.0,0.0,0.0,0.0,0.0,0.0,0.0,47.07,47.07,47.07,47.07,47.07,47.07,,,,2,8,26,47.07,0.0,SAME,1.0
KCL,2020-08-27,47.07,47.07,47.07,47.07,47.07,47.07,0.0,0.0,0.0,0.0,0.0,0.0,0.0,0.0,47.07,47.07,47.07,47.07000000000001,47.07000000000003,47.07000019553628,0.0,0.0,0.0,0.0,0.0,0.0,0.0,0.0,0.0,47.07,47.07,47.07,47.07,47.07,47.07,,,,3,8,27,47.07,0.0,SAME,1.0
KCL,2020-08-28,47.07,47.07,47.07,47.07,47.07,47.07,0.0,0.0,0.0,0.0,0.0,0.0,0.0,0.0,47.07,47.07,47.07,47.07000000000001,47.07000000000002,47.07000015998423,0.0,0.0,0.0,0.0,0.0,0.0,0.0,0.0,0.0,47.07,47.07,47.07,47.07,47.07,47.07,,,,4,8,28,47.07,0.0,SAME,1.0
KCL,2020-08-31,47.07,47.07,47.07,47.07,47.07,47.07,0.0,0.0,0.0,0.0,0.0,0.0,0.0,0.0,47.07,47.07,47.07,47.07000000000001,47.070000000000014,47.07000013089619,0.0,0.0,0.0,0.0,0.0,0.0,0.0,0.0,0.0,47.07,47.07,47.07,47.07,47.07,47.07,,,,0,8,31,47.07,0.0,SAME,1.0
KCL,2020-09-01,47.07,47.07,47.07,47.07,47.07,47.07,0.0,0.0,0.0,0.0,0.0,0.0,0.0,0.0,47.07,47.07,47.07,47.07000000000001,47.070000000000014,47.070000107096874,0.0,0.0,0.0,0.0,0.0,0.0,0.0,0.0,0.0,47.07,47.07,47.07,47.07,47.07,47.07,,,,1,9,1,47.07,0.0,SAME,1.0
KCL,2020-09-02,47.07,47.07,47.07,47.07,47.07,47.07,0.0,0.0,0.0,0.0,0.0,0.0,0.0,0.0,47.07,47.07,47.07,47.07000000000001,47.070000000000014,47.070000087624706,0.0,0.0,0.0,0.0,0.0,0.0,0.0,0.0,0.0,47.07,47.07,47.07,47.07,47.07,47.07,,,,2,9,2,47.07,0.0,SAME,1.0
KCL,2020-09-03,47.07,47.07,47.07,47.07,47.07,47.07,0.0,0.0,0.0,0.0,0.0,0.0,0.0,0.0,47.07,47.07,47.07,47.07000000000001,47.070000000000014,47.070000071692945,0.0,0.0,0.0,0.0,0.0,0.0,0.0,0.0,0.0,47.07,47.07,47.07,47.07,47.07,47.07,,,,3,9,3,47.07,0.0,SAME,1.0
KCL,2020-09-04,47.07,47.07,47.07,47.07,47.07,47.07,0.0,0.0,0.0,0.0,0.0,0.0,0.0,0.0,47.07,47.07,47.07,47.07000000000001,47.070000000000014,47.07000005865787,0.0,0.0,0.0,0.0,0.0,0.0,0.0,0.0,0.0,47.07,47.07,47.07,47.07,47.07,47.07,,,,4,9,4,47.07,0.0,SAME,1.0
KCL,2020-09-07,47.07,47.07,47.07,47.07,47.07,47.07,0.0,0.0,0.0,0.0,0.0,0.0,0.0,0.0,47.07,47.07,47.07,47.07000000000001,47.070000000000014,47.07000004799279,0.0,0.0,0.0,0.0,0.0,0.0,0.0,0.0,0.0,47.07,47.07,47.07,47.07,47.07,47.07,,,,0,9,7,47.07,0.0,SAME,1.0
KCL,2020-09-08,47.07,47.07,47.07,47.07,47.07,47.07,0.0,0.0,0.0,0.0,0.0,0.0,0.0,0.0,47.07,47.07,47.07,47.07000000000001,47.070000000000014,47.07000003926683,0.0,0.0,0.0,0.0,0.0,0.0,0.0,0.0,0.0,47.07,47.07,47.07,47.07,47.07,47.07,,,,1,9,8,47.07,0.0,SAME,1.0
KCL,2020-09-09,47.07,47.07,47.07,47.07,47.07,47.07,0.0,0.0,0.0,0.0,0.0,0.0,0.0,0.0,47.07,47.07,47.07,47.07000000000001,47.070000000000014,47.07000003212741,0.0,0.0,0.0,0.0,0.0,0.0,0.0,0.0,0.0,47.07,47.07,47.07,47.07,47.07,47.07,,,,2,9,9,47.07,0.0,SAME,1.0
KCL,2020-09-10,47.07,47.07,47.07,47.07,47.07,47.07,0.0,0.0,0.0,0.0,0.0,0.0,0.0,0.0,47.07,47.07,47.07,47.07000000000001,47.070000000000014,47.07000002628607,0.0,0.0,0.0,0.0,0.0,0.0,0.0,0.0,0.0,47.07,47.07,47.07,47.07,47.07,47.07,,,,3,9,10,47.07,0.0,SAME,1.0
KCL,2020-09-11,47.07,47.07,47.07,47.07,47.07,47.07,0.0,0.0,0.0,0.0,0.0,0.0,0.0,0.0,47.07,47.07,47.07,47.07000000000001,47.070000000000014,47.070000021506786,0.0,0.0,0.0,0.0,0.0,0.0,0.0,0.0,0.0,47.07,47.07,47.07,47.07,47.07,47.07,,,,4,9,11,47.07,0.0,SAME,1.0
KCL,2020-09-14,47.07,47.07,47.07,47.07,47.07,47.07,0.0,0.0,0.0,0.0,0.0,0.0,0.0,0.0,47.07,47.07,47.07,47.07000000000001,47.070000000000014,47.070000017596456,0.0,0.0,0.0,0.0,0.0,0.0,0.0,0.0,0.0,47.07,47.07,47.07,47.07,47.07,47.07,,,,0,9,14,47.07,0.0,SAME,1.0
KCL,2020-09-15,47.07,47.07,47.07,47.07,47.07,47.07,0.0,0.0,0.0,0.0,0.0,0.0,0.0,0.0,47.07,47.07,47.07,47.07000000000001,47.070000000000014,47.070000014397095,0.0,0.0,0.0,0.0,0.0,0.0,0.0,0.0,0.0,47.07,47.07,47.07,47.07,47.07,47.07,,,,1,9,15,47.07,0.0,SAME,1.0
KCL,2020-09-16,47.07,47.07,47.07,47.07,47.07,47.07,0.0,0.0,0.0,0.0,0.0,0.0,0.0,0.0,47.07,47.07,47.07,47.07000000000001,47.070000000000014,47.07000001177944,0.0,0.0,0.0,0.0,0.0,0.0,0.0,0.0,0.0,47.07,47.07,47.07,47.07,47.07,47.07,,,,2,9,16,47.07,0.0,SAME,1.0
KCL,2020-09-17,47.07,47.07,47.07,47.07,47.07,47.07,0.0,0.0,0.0,0.0,0.0,0.0,0.0,0.0,47.07,47.07,47.07,47.07000000000001,47.070000000000014,47.070000009637724,0.0,0.0,0.0,0.0,0.0,0.0,0.0,0.0,0.0,47.07,47.07,47.07,47.07,47.07,47.07,,,,3,9,17,47.07,0.0,SAME,1.0
KCL,2020-09-18,47.07,47.07,47.07,47.07,47.07,47.07,0.0,0.0,0.0,0.0,0.0,0.0,0.0,0.0,47.07,47.07,47.07,47.07000000000001,47.070000000000014,47.07000000788541,0.0,0.0,0.0,0.0,0.0,0.0,0.0,0.0,0.0,47.07,47.07,47.07,47.07,47.07,47.07,,,,4,9,18,47.07,0.0,SAME,1.0
KCL,2020-09-21,47.07,47.07,47.07,47.07,47.07,47.07,0.0,0.0,0.0,0.0,0.0,0.0,0.0,0.0,47.07,47.07,47.07,47.07000000000001,47.070000000000014,47.07000000645169,0.0,0.0,0.0,0.0,0.0,0.0,0.0,0.0,0.0,47.07,47.07,47.07,47.07,47.07,47.07,,,,0,9,21,47.07,0.0,SAME,1.0
KCL,2020-09-24,47.07,47.07,47.07,47.07,47.07,47.07,0.0,0.0,0.0,0.0,0.0,0.0,0.0,0.0,47.07,47.07,47.07,47.07000000000001,47.070000000000014,47.07000000527866,0.0,0.0,0.0,0.0,0.0,0.0,0.0,0.0,0.0,47.07,47.07,47.07,47.07,47.07,47.07,,,,3,9,24,49.42,2.3500000000000014,UP,2.0
KCL,2020-09-25,49.42,47.07,47.07,47.07,47.07,47.07,2.3500000000000014,2.3500000000000014,2.3500000000000014,0.04992564265986821,0.04992564265986821,0.04992564265986821,0.04871934514741303,0.04871934514741303,47.85333333333333,47.540000000000006,47.305,48.245000000000005,47.853333333333346,47.49727273159163,0.028824583229139975,0.022327426161565744,0.015787874445285066,2.3500000000000014,0.04992564265986831,2.3500000000000014,0.04992564265986831,2.3500000000000014,0.04992564265986831,47.07,49.42,47.07,49.42,47.07,49.42,1.0,1.0,1.0,4,9,25,49.42,0.0,SAME,1.0
KCL,2020-09-29,49.42,49.42,47.07,47.07,47.07,47.07,0.0,2.3500000000000014,2.3500000000000014,0.0,0.04992564265986821,0.04992564265986821,0.0,0.04871934514741303,48.63666666666668,48.010000000000005,47.540000000000006,48.8325,48.375555555555565,47.846859507665876,0.028824583229139975,0.022327426161565744,0.015787874445285066,2.3500000000000014,0.04992564265986831,2.3500000000000014,0.04992564265986831,2.3500000000000014,0.04992564265986831,47.07,49.42,47.07,49.42,47.07,49.42,1.0,1.0,1.0,1,9,29,49.42,0.0,SAME,1.0
KCL,2020-09-30,49.42,49.42,49.42,47.07,47.07,47.07,0.0,0.0,2.3500000000000014,0.0,0.0,0.04992564265986821,0.0,0.0,49.42,48.480000000000004,47.775,49.12625,48.72370370370372,48.132885051726625,0.028824583229139975,0.022327426161565744,0.015787874445285066,2.3500000000000014,0.04992564265986831,2.3500000000000014,0.04992564265986831,2.3500000000000014,0.04992564265986831,49.42,49.42,47.07,49.42,47.07,49.42,,1.0,1.0,2,9,30,49.42,0.0,SAME,1.0
KCL,2020-10-01,49.42,49.42,49.42,49.42,47.07,47.07,0.0,0.0,0.0,0.0,0.0,0.0,0.0,0.0,49.42,48.95,48.01,49.273125,48.95580246913582,48.36690595141269,0.0,0.022327426161565744,0.015787874445285066,0.0,0.0,2.3500000000000014,0.04992564265986831,2.3500000000000014,0.04992564265986831,49.42,49.42,47.07,49.42,47.07,49.42,,1.0,1.0,3,10,1,49.42,0.0,SAME,1.0
KCL,2020-10-02,49.42,49.42,49.42,49.42,47.07,47.07,0.0,0.0,0.0,0.0,0.0,0.0,0.0,0.0,49.42,49.42,48.245,49.346562500000005,49.11053497942389,48.55837759661038,0.0,0.022327426161565744,0.015787874445285066,0.0,0.0,2.3500000000000014,0.04992564265986831,2.3500000000000014,0.04992564265986831,49.42,49.42,49.42,49.42,47.07,49.42,,,1.0,4,10,2,49.42,0.0,SAME,1.0
KCL,2020-10-05,49.42,49.42,49.42,49.42,49.42,47.07,0.0,0.0,0.0,0.0,0.0,0.0,0.0,0.0,49.42,49.42,48.480000000000004,49.38328125,49.2136899862826,48.71503621540849,0.0,0.0,0.015787874445285066,0.0,0.0,0.0,0.0,2.3500000000000014,0.04992564265986831,49.42,49.42,49.42,49.42,47.07,49.42,,,1.0,0,10,5,49.42,0.0,SAME,1.0
KCL,2020-10-06,49.42,49.42,49.42,49.42,49.42,47.07,0.0,0.0,0.0,0.0,0.0,0.0,0.0,0.0,49.42,49.42,48.714999999999996,49.401640625,49.282459990855074,48.84321144897058,0.0,0.0,0.015787874445285066,0.0,0.0,0.0,0.0,2.3500000000000014,0.04992564265986831,49.42,49.42,49.42,49.42,47.07,49.42,,,1.0,1,10,6,49.42,0.0,SAME,1.0
KCL,2020-10-07,49.42,49.42,49.42,49.42,49.42,47.07,0.0,0.0,0.0,0.0,0.0,0.0,0.0,0.0,49.42,49.42,48.95,49.4108203125,49.32830666057005,48.94808209461229,0.0,0.0,0.015787874445285066,0.0,0.0,0.0,0.0,2.3500000000000014,0.04992564265986831,49.42,49.42,49.42,49.42,47.07,49.42,,,1.0,2,10,7,49.42,0.0,SAME,1.0
KCL,2020-10-08,49.42,49.42,49.42,49.42,49.42,47.07,0.0,0.0,0.0,0.0,0.0,0.0,0.0,0.0,49.42,49.42,49.185,49.415410156250005,49.35887110704671,49.033885350137325,0.0,0.0,0.015787874445285066,0.0,0.0,0.0,0.0,2.3500000000000014,0.04992564265986831,49.42,49.42,49.42,49.42,47.07,49.42,,,1.0,3,10,8,49.42,0.0,SAME,1.0
KCL,2020-10-09,49.42,49.42,49.42,49.42,49.42,47.07,0.0,0.0,0.0,0.0,0.0,0.0,0.0,0.0,49.42,49.42,49.42,49.417705078125,49.37924740469781,49.104088013748715,0.0,0.0,0.015787874445285066,0.0,0.0,0.0,0.0,2.3500000000000014,0.04992564265986831,49.42,49.42,49.42,49.42,49.42,49.42,,,,4,10,9,49.42,0.0,SAME,1.0
KCL,2020-10-12,49.42,49.42,49.42,49.42,49.42,49.42,0.0,0.0,0.0,0.0,0.0,0.0,0.0,0.0,49.42,49.42,49.42,49.4188525390625,49.39283160313188,49.16152655670349,0.0,0.0,0.0,0.0,0.0,0.0,0.0,0.0,0.0,49.42,49.42,49.42,49.42,49.42,49.42,,,,0,10,12,49.42,0.0,SAME,1.0
KCL,2020-10-13,49.42,49.42,49.42,49.42,49.42,49.42,0.0,0.0,0.0,0.0,0.0,0.0,0.0,0.0,49.42,49.42,49.42,49.41942626953125,49.401887735421255,49.20852172821194,0.0,0.0,0.0,0.0,0.0,0.0,0.0,0.0,0.0,49.42,49.42,49.42,49.42,49.42,49.42,,,,1,10,13,49.42,0.0,SAME,1.0
KCL,2020-10-14,49.42,49.42,49.42,49.42,49.42,49.42,0.0,0.0,0.0,0.0,0.0,0.0,0.0,0.0,49.42,49.42,49.42,49.41971313476563,49.40792515694751,49.246972323082495,0.0,0.0,0.0,0.0,0.0,0.0,0.0,0.0,0.0,49.42,49.42,49.42,49.42,49.42,49.42,,,,2,10,14,51.89,2.469999999999999,UP,2.0
KCL,2020-10-15,51.89,49.42,49.42,49.42,49.42,49.42,2.469999999999999,2.469999999999999,2.469999999999999,0.04997976527721559,0.04997976527721559,0.04997976527721559,0.04877089281918415,0.04877089281918415,50.24333333333334,49.914,49.667,50.654856567382815,50.235283437965016,49.72752280979477,0.028855830936834737,0.022351630531867537,0.015804989519659814,2.469999999999999,0.049979765277215676,2.469999999999999,0.049979765277215676,2.469999999999999,0.049979765277215676,49.42,51.89,49.42,51.89,49.42,51.89,1.0,1.0,1.0,3,10,15,51.89,0.0,SAME,1.0
KCL,2020-10-16,51.89,51.89,49.42,49.42,49.42,49.42,0.0,2.469999999999999,2.469999999999999,0.0,0.04997976527721559,0.04997976527721559,0.0,0.04877089281918415,51.06666666666666,50.408,49.914,51.27242828369141,50.78685562531002,50.12070048074118,0.028855830936834737,0.022351630531867537,0.015804989519659814,2.469999999999999,0.049979765277215676,2.469999999999999,0.049979765277215676,2.469999999999999,0.049979765277215676,49.42,51.89,49.42,51.89,49.42,51.89,1.0,1.0,1.0,4,10,16,51.89,0.0,SAME,1.0
KCL,2020-10-19,51.89,51.89,51.89,49.42,49.42,49.42,0.0,0.0,2.469999999999999,0.0,0.0,0.04997976527721559,0.0,0.0,51.89,50.902,50.161,51.581214141845706,51.15457041687335,50.442391302424596,0.028855830936834737,0.022351630531867537,0.015804989519659814,2.469999999999999,0.049979765277215676,2.469999999999999,0.049979765277215676,2.469999999999999,0.049979765277215676,51.89,51.89,49.42,51.89,49.42,51.89,,1.0,1.0,0,10,19,51.89,0.0,SAME,1.0
KCL,2020-10-20,51.89,51.89,51.89,51.89,49.42,49.42,0.0,0.0,0.0,0.0,0.0,0.0,0.0,0.0,51.89,51.396,50.408,51.73560707092285,51.399713611248906,50.70559288380194,0.0,0.022351630531867537,0.015804989519659814,0.0,0.0,2.469999999999999,0.049979765277215676,2.469999999999999,0.049979765277215676,51.89,51.89,49.42,51.89,49.42,51.89,,1.0,1.0,1,10,20,51.89,0.0,SAME,1.0
KCL,2020-10-21,51.89,51.89,51.89,51.89,49.42,49.42,0.0,0.0,0.0,0.0,0.0,0.0,0.0,0.0,51.89,51.89,50.655,51.81280353546143,51.56314240749928,50.92093963220159,0.0,0.022351630531867537,0.015804989519659814,0.0,0.0,2.469999999999999,0.049979765277215676,2.469999999999999,0.049979765277215676,51.89,51.89,51.89,51.89,49.42,51.89,,,1.0,2,10,21,51.89,0.0,SAME,1.0
KCL,2020-10-22,51.89,51.89,51.89,51.89,51.89,49.42,0.0,0.0,0.0,0.0,0.0,0.0,0.0,0.0,51.89,51.89,50.902,51.851401767730714,51.672094938332854,51.097132426346754,0.0,0.0,0.015804989519659814,0.0,0.0,0.0,0.0,2.469999999999999,0.049979765277215676,51.89,51.89,51.89,51.89,49.42,51.89,,,1.0,3,10,22,51.89,0.0,SAME,1.0
KCL,2020-10-23,51.89,51.89,51.89,51.89,51.89,49.42,0.0,0.0,0.0,0.0,0.0,0.0,0.0,0.0,51.89,51.89,51.149,51.870700883865354,51.74472995888858,51.24129016701098,0.0,0.0,0.015804989519659814,0.0,0.0,0.0,0.0,2.469999999999999,0.049979765277215676,51.89,51.89,51.89,51.89,49.42,51.89,,,1.0,4,10,23,54.48,2.5899999999999963,UP,2.0
KCL,2020-10-27,54.48,51.89,51.89,51.89,51.89,49.42,2.5899999999999963,2.5899999999999963,2.5899999999999963,0.049913278088263624,0.049913278088263624,0.049913278088263624,0.048707568461608654,0.048707568461608654,52.75333333333333,52.408,51.65500000000001,53.17535044193268,52.65648663925905,51.83014650028171,0.028817444540395656,0.022321896557041643,0.021059308460209206,2.5899999999999963,0.04991327808826356,2.5899999999999963,0.04991327808826356,5.059999999999995,0.10238769728854705,51.89,54.48,51.89,54.48,49.42,54.48,1.0,1.0,1.0,1,10,27,54.48,0.0,SAME,1.0
KCL,2020-10-28,54.48,54.48,51.89,51.89,51.89,49.42,0.0,2.5899999999999963,2.5899999999999963,0.0,0.049913278088263624,0.049913278088263624,0.0,0.048707568461608654,53.61666666666667,52.926,52.161,53.82767522096634,53.2643244261727,52.31193804568503,0.028817444540395656,0.022321896557041643,0.021059308460209206,2.5899999999999963,0.04991327808826356,2.5899999999999963,0.04991327808826356,5.059999999999995,0.10238769728854705,51.89,54.48,51.89,54.48,49.42,54.48,1.0,1.0,1.0,2,10,28,54.48,0.0,SAME,1.0
KCL,2020-10-29,54.48,54.48,54.48,51.89,51.89,49.42,0.0,0.0,2.5899999999999963,0.0,0.0,0.049913278088263624,0.0,0.0,54.48,53.444,52.666999999999994,54.153837610483166,53.66954961744847,52.70613112828775,0.028817444540395656,0.022321896557041643,0.021059308460209206,2.5899999999999963,0.04991327808826356,2.5899999999999963,0.04991327808826356,5.059999999999995,0.10238769728854705,54.48,54.48,51.89,54.48,51.89,54.48,,1.0,1.0,3,10,29,54.48,0.0,SAME,1.0
KCL,2020-10-30,54.48,54.48,54.48,54.48,51.89,51.89,0.0,0.0,0.0,0.0,0.0,0.0,0.0,0.0,54.48,53.962,52.926,54.316918805241585,53.939699744965644,53.02865274132634,0.0,0.022321896557041643,0.015783964424428792,0.0,0.0,2.5899999999999963,0.04991327808826356,2.5899999999999963,0.04991327808826356,54.48,54.48,51.89,54.48,51.89,54.48,,1.0,1.0,4,10,30,54.48,0.0,SAME,1.0
KCL,2020-11-02,54.48,54.48,54.48,54.48,51.89,51.89,0.0,0.0,0.0,0.0,0.0,0.0,0.0,0.0,54.48,54.48,53.185,54.39845940262079,54.1197998299771,53.292534061085185,0.0,0.022321896557041643,0.015783964424428792,0.0,0.0,2.5899999999999963,0.04991327808826356,2.5899999999999963,0.04991327808826356,54.48,54.48,54.48,54.48,51.89,54.48,,,1.0,0,11,2,54.48,0.0,SAME,1.0
KCL,2020-11-03,54.48,54.48,54.48,54.48,54.48,51.89,0.0,0.0,0.0,0.0,0.0,0.0,0.0,0.0,54.48,54.48,53.443999999999996,54.439229701310396,54.239866553318066,53.50843695906969,0.0,0.0,0.015783964424428792,0.0,0.0,0.0,0.0,2.5899999999999963,0.04991327808826356,54.48,54.48,54.48,54.48,51.89,54.48,,,1.0,1,11,3,54.48,0.0,SAME,1.0
KCL,2020-11-04,54.48,54.48,54.48,54.48,54.48,51.89,0.0,0.0,0.0,0.0,0.0,0.0,0.0,0.0,54.48,54.48,53.702999999999996,54.4596148506552,54.31991103554538,53.68508478469338,0.0,0.0,0.015783964424428792,0.0,0.0,0.0,0.0,2.5899999999999963,0.04991327808826356,54.48,54.48,54.48,54.48,51.89,54.48,,,1.0,2,11,4,54.48,0.0,SAME,1.0
KCL,2020-11-05,54.48,54.48,54.48,54.48,54.48,51.89,0.0,0.0,0.0,0.0,0.0,0.0,0.0,0.0,54.48,54.48,53.962,54.4698074253276,54.37327402369692,53.82961482384004,0.0,0.0,0.015783964424428792,0.0,0.0,0.0,0.0,2.5899999999999963,0.04991327808826356,54.48,54.48,54.48,54.48,51.89,54.48,,,1.0,3,11,5,54.48,0.0,SAME,1.0
KCL,2020-11-06,54.48,54.48,54.48,54.48,54.48,51.89,0.0,0.0,0.0,0.0,0.0,0.0,0.0,0.0,54.48,54.48,54.221000000000004,54.4749037126638,54.40884934913128,53.947866674050935,0.0,0.0,0.015783964424428792,0.0,0.0,0.0,0.0,2.5899999999999963,0.04991327808826356,54.48,54.48,54.48,54.48,51.89,54.48,,,1.0,4,11,6,54.48,0.0,SAME,1.0
KCL,2020-11-09,54.48,54.48,54.48,54.48,54.48,51.89,0.0,0.0,0.0,0.0,0.0,0.0,0.0,0.0,54.48,54.48,54.48,54.477451856331896,54.43256623275419,54.044618187859854,0.0,0.0,0.015783964424428792,0.0,0.0,0.0,0.0,2.5899999999999963,0.04991327808826356,54.48,54.48,54.48,54.48,54.48,54.48,,,,0,11,9,54.48,0.0,SAME,1.0
KCL,2020-11-10,54.48,54.48,54.48,54.48,54.48,54.48,0.0,0.0,0.0,0.0,0.0,0.0,0.0,0.0,54.48,54.48,54.48,54.47872592816594,54.44837748850279,54.12377851733988,0.0,0.0,0.0,0.0,0.0,0.0,0.0,0.0,0.0,54.48,54.48,54.48,54.48,54.48,54.48,,,,1,11,10,60.06,5.580000000000005,UP,2.0
KCL,2020-11-12,60.06,54.48,54.48,54.48,54.48,54.48,5.580000000000005,5.580000000000005,5.580000000000005,0.10242290748898686,0.10242290748898686,0.10242290748898686,0.09751040071392736,0.09751040071392736,56.34,55.596000000000004,55.038,57.26936296408297,56.318918325668534,55.20309151418717,0.0591338932099507,0.04580491671970938,0.03238896722419157,5.580000000000005,0.10242290748898689,5.580000000000005,0.10242290748898689,5.580000000000005,0.10242290748898689,54.48,60.06,54.48,60.06,54.48,60.06,1.0,1.0,1.0,3,11,12,63.0,2.9399999999999977,UP,2.0
KCL,2020-11-13,63.0,60.06,54.48,54.48,54.48,54.48,2.9399999999999977,8.520000000000003,8.520000000000003,0.04895104895104896,0.15638766519823788,0.15638766519823788,0.04779066383634848,0.14530106455027575,59.18,57.3,55.89,60.134681482041486,58.545945550445694,56.62071123888041,0.05122807958435621,0.045562710175766484,0.03431107644782199,8.520000000000003,0.15638766519823796,8.520000000000003,0.15638766519823796,8.520000000000003,0.15638766519823796,54.48,63.0,54.48,63.0,54.48,63.0,1.0,1.0,1.0,4,11,13,63.0,0.0,SAME,1.0
KCL,2020-11-16,63.0,63.0,60.06,54.48,54.48,54.48,0.0,2.9399999999999977,8.520000000000003,0.0,0.04895104895104896,0.15638766519823788,0.0,0.04779066383634848,62.02,59.004,56.742,61.56734074102074,60.0306303669638,57.78058192272033,0.05122807958435621,0.045562710175766484,0.03431107644782199,8.520000000000003,0.15638766519823796,8.520000000000003,0.15638766519823796,8.520000000000003,0.15638766519823796,60.06,63.0,54.48,63.0,54.48,63.0,1.0,1.0,1.0,0,11,16,63.0,0.0,SAME,1.0
KCL,2020-11-17,63.0,63.0,63.0,60.06,54.48,54.48,0.0,0.0,2.9399999999999977,0.0,0.0,0.04895104895104896,0.0,0.0,63.0,60.708000000000006,57.593999999999994,62.28367037051037,61.02042024464254,58.72956702768027,0.028261901289002668,0.045562710175766484,0.03431107644782199,2.9399999999999977,0.04895104895104891,8.520000000000003,0.15638766519823796,8.520000000000003,0.15638766519823796,63.0,63.0,54.48,63.0,54.48,63.0,,1.0,1.0,1,11,17,63.0,0.0,SAME,1.0
KCL,2020-11-18,63.0,63.0,63.0,63.0,54.48,54.48,0.0,0.0,0.0,0.0,0.0,0.0,0.0,0.0,63.0,62.412,58.44599999999999,62.64183518525519,61.68028016309503,59.50600938628385,0.0,0.045562710175766484,0.03431107644782199,0.0,0.0,8.520000000000003,0.15638766519823796,8.520000000000003,0.15638766519823796,63.0,63.0,60.06,63.0,54.48,63.0,,1.0,1.0,2,11,18,63.0,0.0,SAME,1.0
KCL,2020-11-19,63.0,63.0,63.0,63.0,60.06,54.48,0.0,0.0,0.0,0.0,0.0,0.0,0.0,0.0,63.0,63.0,59.29799999999999,62.820917592627595,62.12018677539669,60.14128040695951,0.0,0.021891574604893056,0.03431107644782199,0.0,0.0,2.9399999999999977,0.04895104895104891,8.520000000000003,0.15638766519823796,63.0,63.0,63.0,63.0,54.48,63.0,,,1.0,3,11,19,63.0,0.0,SAME,1.0
KCL,2020-11-20,63.0,63.0,63.0,63.0,63.0,54.48,0.0,0.0,0.0,0.0,0.0,0.0,0.0,0.0,63.0,63.0,60.15,62.9104587963138,62.413457850264464,60.66104760569414,0.0,0.0,0.03431107644782199,0.0,0.0,0.0,0.0,8.520000000000003,0.15638766519823796,63.0,63.0,63.0,63.0,54.48,63.0,,,1.0,4,11,20,63.0,0.0,SAME,1.0
KCL,2020-11-23,63.0,63.0,63.0,63.0,63.0,54.48,0.0,0.0,0.0,0.0,0.0,0.0,0.0,0.0,63.0,63.0,61.001999999999995,62.9552293981569,62.608971900176314,61.08631167738611,0.0,0.0,0.03431107644782199,0.0,0.0,0.0,0.0,8.520000000000003,0.15638766519823796,63.0,63.0,63.0,63.0,54.48,63.0,,,1.0,0,11,23,63.0,0.0,SAME,1.0
KCL,2020-11-24,63.0,63.0,63.0,63.0,63.0,54.48,0.0,0.0,0.0,0.0,0.0,0.0,0.0,0.0,63.0,63.0,61.854,62.97761469907845,62.739314600117545,61.43425500877044,0.0,0.0,0.03431107644782199,0.0,0.0,0.0,0.0,8.520000000000003,0.15638766519823796,63.0,63.0,63.0,63.0,54.48,63.0,,,1.0,1,11,24,63.0,0.0,SAME,1.0
KCL,2020-11-25,63.0,63.0,63.0,63.0,63.0,54.48,0.0,0.0,0.0,0.0,0.0,0.0,0.0,0.0,63.0,63.0,62.705999999999996,62.98880734953923,62.8262097334117,61.71893591626672,0.0,0.0,0.03431107644782199,0.0,0.0,0.0,0.0,8.520000000000003,0.15638766519823796,63.0,63.0,63.0,63.0,60.06,63.0,,,1.0,2,11,25,63.0,0.0,SAME,1.0
KCL,2020-11-26,63.0,63.0,63.0,63.0,63.0,60.06,0.0,0.0,0.0,0.0,0.0,0.0,0.0,0.0,63.0,63.0,63.0,62.994403674769615,62.88413982227447,61.951856658763674,0.0,0.0,0.01547968085397109,0.0,0.0,0.0,0.0,2.9399999999999977,0.04895104895104891,63.0,63.0,63.0,63.0,63.0,63.0,,,,3,11,26,63.0,0.0,SAME,1.0
KCL,2020-11-27,63.0,63.0,63.0,63.0,63.0,63.0,0.0,0.0,0.0,0.0,0.0,0.0,0.0,0.0,63.0,63.0,63.0,62.99720183738481,62.92275988151632,62.142428175352094,0.0,0.0,0.0,0.0,0.0,0.0,0.0,0.0,0.0,63.0,63.0,63.0,63.0,63.0,63.0,,,,4,11,27,63.0,0.0,SAME,1.0
KCL,2020-11-30,63.0,63.0,63.0,63.0,63.0,63.0,0.0,0.0,0.0,0.0,0.0,0.0,0.0,0.0,63.0,63.0,63.0,62.998600918692404,62.94850658767755,62.29835032528807,0.0,0.0,0.0,0.0,0.0,0.0,0.0,0.0,0.0,63.0,63.0,63.0,63.0,63.0,63.0,,,,0,11,30,63.0,0.0,SAME,1.0
KCL,2020-12-01,63.0,63.0,63.0,63.0,63.0,63.0,0.0,0.0,0.0,0.0,0.0,0.0,0.0,0.0,63.0,63.0,63.0,62.9993004593462,62.965671058451704,62.42592299341751,0.0,0.0,0.0,0.0,0.0,0.0,0.0,0.0,0.0,63.0,63.0,63.0,63.0,63.0,63.0,,,,1,12,1,63.0,0.0,SAME,1.0
KCL,2020-12-02,63.0,63.0,63.0,63.0,63.0,63.0,0.0,0.0,0.0,0.0,0.0,0.0,0.0,0.0,63.0,63.0,63.0,62.9996502296731,62.977114038967805,62.530300630977955,0.0,0.0,0.0,0.0,0.0,0.0,0.0,0.0,0.0,63.0,63.0,63.0,63.0,63.0,63.0,,,,2,12,2,63.0,0.0,SAME,1.0
KCL,2020-12-03,63.0,63.0,63.0,63.0,63.0,63.0,0.0,0.0,0.0,0.0,0.0,0.0,0.0,0.0,63.0,63.0,63.0,62.999825114836554,62.984742692645206,62.615700516254684,0.0,0.0,0.0,0.0,0.0,0.0,0.0,0.0,0.0,63.0,63.0,63.0,63.0,63.0,63.0,,,,3,12,3,61.0,-2.0,DOWN,0.0
KCL,2020-12-04,61.0,63.0,63.0,63.0,63.0,63.0,-2.0,-2.0,-2.0,-0.031746031746031744,-0.031746031746031744,-0.031746031746031744,-0.032260862218221435,-0.032260862218221435,62.333333333333336,62.6,62.8,61.99991255741828,62.32316179509681,62.321936786026555,0.01832857997427382,0.014197256999998676,0.010038976698947233,-2.0,-0.031746031746031744,-2.0,-0.031746031746031744,-2.0,-0.031746031746031744,61.0,63.0,61.0,63.0,61.0,63.0,0.0,0.0,0.0,4,12,4,59.0,-2.0,DOWN,0.0
KCL,2020-12-07,59.0,61.0,63.0,63.0,63.0,63.0,-2.0,-4.0,-4.0,-0.032786885245901676,-0.06349206349206349,-0.06349206349206349,-0.033336420267591836,-0.06559728248581323,61.0,61.8,62.4,60.499956278709135,61.215441196731206,61.71794827947627,0.018636316480446488,0.017676898063930985,0.013606945278052363,-4.0,-0.06349206349206349,-4.0,-0.06349206349206349,-4.0,-0.06349206349206349,59.0,63.0,59.0,63.0,59.0,63.0,0.0,0.0,0.0,0,12,7,59.0,0.0,SAME,1.0
KCL,2020-12-08,59.0,59.0,61.0,63.0,63.0,63.0,0.0,-2.0,-4.0,0.0,-0.032786885245901676,-0.06349206349206349,0.0,-0.033336420267591836,59.666666666666664,61.0,62.0,59.74997813935457,60.47696079782081,61.223775865026035,0.018636316480446488,0.017676898063930985,0.013606945278052363,-4.0,-0.06349206349206349,-4.0,-0.06349206349206349,-4.0,-0.06349206349206349,59.0,61.0,59.0,63.0,59.0,63.0,0.0,0.0,0.0,1,12,8,59.0,0.0,SAME,1.0
KCL,2020-12-09,59.0,59.0,59.0,61.0,63.0,63.0,0.0,0.0,-2.0,0.0,0.0,-0.032786885245901676,0.0,0.0,59.0,60.2,61.6,59.374989069677284,59.984640531880544,60.819452980475845,0.018929517022610694,0.017676898063930985,0.013606945278052363,-2.0,-0.03278688524590164,-4.0,-0.06349206349206349,-4.0,-0.06349206349206349,59.0,59.0,59.0,63.0,59.0,63.0,,0.0,0.0,2,12,9,59.0,0.0,SAME,1.0
KCL,2020-12-10,59.0,59.0,59.0,59.0,63.0,63.0,0.0,0.0,0.0,0.0,0.0,0.0,0.0,0.0,59.0,59.4,61.2,59.18749453483864,59.6564270212537,60.48864334766205,0.0,0.017676898063930985,0.013606945278052363,0.0,0.0,-4.0,-0.06349206349206349,-4.0,-0.06349206349206349,59.0,59.0,59.0,61.0,59.0,63.0,,0.0,0.0,3,12,10,59.0,0.0,SAME,1.0
KCL,2020-12-11,59.0,59.0,59.0,59.0,61.0,63.0,0.0,0.0,0.0,0.0,0.0,0.0,0.0,0.0,59.0,59.0,60.8,59.09374726741932,59.43761801416913,60.2179809208144,0.0,0.014662740836064224,0.013606945278052363,0.0,0.0,-2.0,-0.03278688524590164,-4.0,-0.06349206349206349,59.0,59.0,59.0,59.0,59.0,63.0,,,0.0,4,12,11,56.05,-2.950000000000003,DOWN,0.0
KCL,2020-12-14,56.05,59.0,59.0,59.0,59.0,63.0,-2.950000000000003,-2.950000000000003,-2.950000000000003,-0.050000000000000044,-0.050000000000000044,-0.050000000000000044,-0.05129329438755058,-0.05129329438755058,58.01666666666667,58.410000000000004,60.105000000000004,57.57187363370966,58.30841200944609,59.460166207939054,0.028867513459481305,0.022360679774997925,0.019064252377100018,-2.950000000000003,-0.05000000000000005,-2.950000000000003,-0.05000000000000005,-6.950000000000003,-0.11031746031746036,56.05,59.0,56.05,59.0,56.05,63.0,0.0,0.0,0.0,0,12,14,56.05,0.0,SAME,1.0
KCL,2020-12-15,56.05,56.05,59.0,59.0,59.0,63.0,0.0,-2.950000000000003,-2.950000000000003,0.0,-0.050000000000000044,-0.050000000000000044,0.0,-0.05129329438755058,57.03333333333333,57.82000000000001,59.410000000000004,56.81093681685483,57.55560800629739,58.84013598831376,0.028867513459481305,0.022360679774997925,0.019064252377100018,-2.950000000000003,-0.05000000000000005,-2.950000000000003,-0.05000000000000005,-6.950000000000003,-0.11031746031746036,56.05,59.0,56.05,59.0,56.05,63.0,0.0,0.0,0.0,1,12,15,56.05,0.0,SAME,1.0
KCL,2020-12-16,56.05,56.05,56.05,59.0,59.0,63.0,0.0,0.0,-2.950000000000003,0.0,0.0,-0.050000000000000044,0.0,0.0,56.05,57.23,58.714999999999996,56.430468408427416,57.05373867086493,58.332838535893075,0.028867513459481305,0.022360679774997925,0.019064252377100018,-2.950000000000003,-0.05000000000000005,-2.950000000000003,-0.05000000000000005,-6.950000000000003,-0.11031746031746036,56.05,56.05,56.05,59.0,56.05,63.0,,0.0,0.0,2,12,16,56.05,0.0,SAME,1.0
KCL,2020-12-18,56.05,56.05,56.05,56.05,59.0,63.0,0.0,0.0,0.0,0.0,0.0,0.0,0.0,0.0,56.05,56.64,58.02,56.24023420421371,56.71915911390995,57.91777698391252,0.0,0.022360679774997925,0.019064252377100018,0.0,0.0,-2.950000000000003,-0.05000000000000005,-6.950000000000003,-0.11031746031746036,56.05,56.05,56.05,59.0,56.05,61.0,,0.0,0.0,4,12,18,56.05,0.0,SAME,1.0
KCL,2020-12-21,56.05,56.05,56.05,56.05,59.0,61.0,0.0,0.0,0.0,0.0,0.0,0.0,0.0,0.0,56.05,56.05,57.525,56.14511710210685,56.49610607593997,57.57818116865569,0.0,0.022360679774997925,0.01791837358460155,0.0,0.0,-2.950000000000003,-0.05000000000000005,-4.950000000000003,-0.0811475409836066,56.05,56.05,56.05,56.05,56.05,59.0,,,0.0,0,12,21,13.55,-42.5,DOWN,0.0
KCL,2020-12-22,13.55,56.05,56.05,56.05,56.05,59.0,-42.5,-42.5,-42.5,-0.7582515611061552,-0.7582515611061552,-0.7582515611061552,-1.419857602192459,-1.419857602192459,41.88333333333333,47.55,52.980000000000004,34.847558551053424,42.180737383959986,49.573057319809195,0.43777674291809265,0.33910040693573973,0.23854148749731094,-42.5,-0.7582515611061552,-42.5,-0.7582515611061552,-45.45,-0.7703389830508475,13.55,56.05,13.55,56.05,13.55,59.0,0.0,0.0,0.0,1,12,22,54.1,40.55,UP,2.0
KCL,2020-12-23,54.1,13.55,56.05,56.05,56.05,59.0,40.55,-1.9499999999999957,-1.9499999999999957,2.992619926199262,-0.0347903657448706,-0.0347903657448706,1.384447638526726,-0.03540996366573303,41.23333333333333,47.160000000000004,52.489999999999995,44.47377927552671,46.15382492263999,50.39613780711661,1.9832530670124424,1.4604998334833035,1.0031103261114538,-1.9499999999999957,-0.03479036574487058,-1.9499999999999957,-0.03479036574487058,-4.899999999999999,-0.0830508474576271,13.55,56.05,13.55,56.05,13.55,59.0,0.9541176470588235,0.9541176470588235,0.8921892189218921,2,12,23,54.1,0.0,SAME,1.0
KCL,2020-12-24,54.1,54.1,13.55,56.05,56.05,59.0,0.0,40.55,-1.9499999999999957,0.0,2.992619926199262,-0.0347903657448706,0.0,1.384447638526726,40.583333333333336,46.769999999999996,52.0,49.28688963776335,48.80254994842666,51.06956729673177,1.9832530670124424,1.4604998334833035,1.0031103261114538,-1.9499999999999957,-0.03479036574487058,-1.9499999999999957,-0.03479036574487058,-4.899999999999999,-0.0830508474576271,13.55,54.1,13.55,56.05,13.55,59.0,1.0,0.9541176470588235,0.8921892189218921,3,12,24,54.1,0.0,SAME,1.0
KCL,2020-12-25,54.1,54.1,54.1,13.55,56.05,59.0,0.0,0.0,40.55,0.0,0.0,2.992619926199262,0.0,0.0,54.1,46.38,51.50999999999999,51.69344481888167,50.568366632284445,51.62055506096235,1.7277899199733822,1.4604998334833035,1.0031103261114538,40.55,2.9926199261992616,-1.9499999999999957,-0.03479036574487058,-4.899999999999999,-0.0830508474576271,54.1,54.1,13.55,56.05,13.55,59.0,,0.9541176470588235,0.8921892189218921,4,12,25,54.1,0.0,SAME,1.0
KCL,2020-12-28,54.1,54.1,54.1,54.1,56.05,59.0,0.0,0.0,0.0,0.0,0.0,0.0,0.0,0.0,54.1,45.989999999999995,51.019999999999996,52.89672240944084,51.7455777548563,52.071363231696466,0.0,1.4604998334833035,1.0031103261114538,0.0,0.0,-1.9499999999999957,-0.03479036574487058,-4.899999999999999,-0.0830508474576271,54.1,54.1,13.55,54.1,13.55,56.05,,1.0,0.9541176470588235,0,12,28,54.1,0.0,SAME,1.0
KCL,2020-12-29,54.1,54.1,54.1,54.1,13.55,56.05,0.0,0.0,0.0,0.0,0.0,0.0,0.0,0.0,54.1,54.1,50.825,53.498361204720425,52.5303851699042,52.440206280478925,0.0,1.3383403171603907,1.0017473208522483,0.0,0.0,40.55,2.9926199261992616,-1.9499999999999957,-0.03479036574487058,54.1,54.1,54.1,54.1,13.55,56.05,,,0.9541176470588235,1,12,29,54.1,0.0,SAME,1.0
KCL,2020-12-30,54.1,54.1,54.1,54.1,54.1,56.05,0.0,0.0,0.0,0.0,0.0,0.0,0.0,0.0,54.1,54.1,50.63,53.79918060236021,53.05359011326947,52.74198695675548,0.0,0.0,1.0017473208522483,0.0,0.0,0.0,0.0,-1.9499999999999957,-0.03479036574487058,54.1,54.1,54.1,54.1,13.55,56.05,,,0.9541176470588235,2,12,30,54.1,0.0,SAME,1.0
KCL,2020-12-31,54.1,54.1,54.1,54.1,54.1,56.05,0.0,0.0,0.0,0.0,0.0,0.0,0.0,0.0,54.1,54.1,50.435,53.94959030118011,53.402393408846315,52.988898419163576,0.0,0.0,1.0017473208522483,0.0,0.0,0.0,0.0,-1.9499999999999957,-0.03479036574487058,54.1,54.1,54.1,54.1,13.55,56.05,,,0.9541176470588235,3,12,31,54.1,0.0,SAME,1.0
KCL,2021-01-01,54.1,54.1,54.1,54.1,54.1,56.05,0.0,0.0,0.0,0.0,0.0,0.0,0.0,0.0,54.1,54.1,50.239999999999995,54.02479515059005,53.63492893923088,53.190916888406555,0.0,0.0,1.0017473208522483,0.0,0.0,0.0,0.0,-1.9499999999999957,-0.03479036574487058,54.1,54.1,54.1,54.1,13.55,56.05,,,0.9541176470588235,4,1,1,54.1,0.0,SAME,1.0
KCL,2021-01-04,54.1,54.1,54.1,54.1,54.1,56.05,0.0,0.0,0.0,0.0,0.0,0.0,0.0,0.0,54.1,54.1,50.045,54.06239757529502,53.78995262615393,53.35620472687809,0.0,0.0,1.0017473208522483,0.0,0.0,0.0,0.0,-1.9499999999999957,-0.03479036574487058,54.1,54.1,54.1,54.1,13.55,54.1,,,1.0,0,1,4,54.1,0.0,SAME,1.0
KCL,2021-01-05,54.1,54.1,54.1,54.1,54.1,13.55,0.0,0.0,0.0,0.0,0.0,0.0,0.0,0.0,54.1,54.1,54.1,54.08119878764751,53.89330175076929,53.49144023108207,0.0,0.0,0.9463495137994671,0.0,0.0,0.0,0.0,40.55,2.9926199261992616,54.1,54.1,54.1,54.1,54.1,54.1,,,,1,1,5,54.1,0.0,SAME,1.0
KCL,2021-01-06,54.1,54.1,54.1,54.1,54.1,54.1,0.0,0.0,0.0,0.0,0.0,0.0,0.0,0.0,54.1,54.1,54.1,54.09059939382375,53.96220116717953,53.60208746179442,0.0,0.0,0.0,0.0,0.0,0.0,0.0,0.0,0.0,54.1,54.1,54.1,54.1,54.1,54.1,,,,2,1,6,54.1,0.0,SAME,1.0
KCL,2021-01-07,54.1,54.1,54.1,54.1,54.1,54.1,0.0,0.0,0.0,0.0,0.0,0.0,0.0,0.0,54.1,54.1,54.1,54.09529969691188,54.008134111453025,53.69261701419543,0.0,0.0,0.0,0.0,0.0,0.0,0.0,0.0,0.0,54.1,54.1,54.1,54.1,54.1,54.1,,,,3,1,7,54.1,0.0,SAME,1.0
KCL,2021-01-08,54.1,54.1,54.1,54.1,54.1,54.1,0.0,0.0,0.0,0.0,0.0,0.0,0.0,0.0,54.1,54.1,54.1,54.097649848455944,54.03875607430202,53.76668664797808,0.0,0.0,0.0,0.0,0.0,0.0,0.0,0.0,0.0,54.1,54.1,54.1,54.1,54.1,54.1,,,,4,1,8,54.1,0.0,SAME,1.0
KCL,2021-01-11,54.1,54.1,54.1,54.1,54.1,54.1,0.0,0.0,0.0,0.0,0.0,0.0,0.0,0.0,54.1,54.1,54.1,54.09882492422797,54.05917071620135,53.827289075618424,0.0,0.0,0.0,0.0,0.0,0.0,0.0,0.0,0.0,54.1,54.1,54.1,54.1,54.1,54.1,,,,0,1,11,54.1,0.0,SAME,1.0
KCL,2021-01-12,54.1,54.1,54.1,54.1,54.1,54.1,0.0,0.0,0.0,0.0,0.0,0.0,0.0,0.0,54.1,54.1,54.1,54.09941246211399,54.07278047746757,53.87687288005144,0.0,0.0,0.0,0.0,0.0,0.0,0.0,0.0,0.0,54.1,54.1,54.1,54.1,54.1,54.1,,,,1,1,12,54.1,0.0,SAME,1.0
KCL,2021-01-13,54.1,54.1,54.1,54.1,54.1,54.1,0.0,0.0,0.0,0.0,0.0,0.0,0.0,0.0,54.1,54.1,54.1,54.099706231057,54.08185365164505,53.91744144731481,0.0,0.0,0.0,0.0,0.0,0.0,0.0,0.0,0.0,54.1,54.1,54.1,54.1,54.1,54.1,,,,2,1,13,54.1,0.0,SAME,1.0
KCL,2021-01-15,54.1,54.1,54.1,54.1,54.1,54.1,0.0,0.0,0.0,0.0,0.0,0.0,0.0,0.0,54.1,54.1,54.1,54.099853115528504,54.087902434430035,53.95063391143938,0.0,0.0,0.0,0.0,0.0,0.0,0.0,0.0,0.0,54.1,54.1,54.1,54.1,54.1,54.1,,,,4,1,15,54.1,0.0,SAME,1.0
KCL,2021-01-18,54.1,54.1,54.1,54.1,54.1,54.1,0.0,0.0,0.0,0.0,0.0,0.0,0.0,0.0,54.1,54.1,54.1,54.09992655776425,54.09193495628669,53.977791382086764,0.0,0.0,0.0,0.0,0.0,0.0,0.0,0.0,0.0,54.1,54.1,54.1,54.1,54.1,54.1,,,,0,1,18,54.1,0.0,SAME,1.0
KCL,2021-01-19,54.1,54.1,54.1,54.1,54.1,54.1,0.0,0.0,0.0,0.0,0.0,0.0,0.0,0.0,54.1,54.1,54.1,54.09996327888213,54.09462330419113,54.000011130798256,0.0,0.0,0.0,0.0,0.0,0.0,0.0,0.0,0.0,54.1,54.1,54.1,54.1,54.1,54.1,,,,1,1,19,54.1,0.0,SAME,1.0
KCL,2021-01-20,54.1,54.1,54.1,54.1,54.1,54.1,0.0,0.0,0.0,0.0,0.0,0.0,0.0,0.0,54.1,54.1,54.1,54.09998163944107,54.096415536127424,54.01819092519857,0.0,0.0,0.0,0.0,0.0,0.0,0.0,0.0,0.0,54.1,54.1,54.1,54.1,54.1,54.1,,,,2,1,20,54.1,0.0,SAME,1.0
KCL,2021-01-21,54.1,54.1,54.1,54.1,54.1,54.1,0.0,0.0,0.0,0.0,0.0,0.0,0.0,0.0,54.1,54.1,54.1,54.09999081972053,54.09761035741828,54.03306530243519,0.0,0.0,0.0,0.0,0.0,0.0,0.0,0.0,0.0,54.1,54.1,54.1,54.1,54.1,54.1,,,,3,1,21,54.1,0.0,SAME,1.0
KCL,2021-01-22,54.1,54.1,54.1,54.1,54.1,54.1,0.0,0.0,0.0,0.0,0.0,0.0,0.0,0.0,54.1,54.1,54.1,54.09999540986027,54.09840690494553,54.04523524744697,0.0,0.0,0.0,0.0,0.0,0.0,0.0,0.0,0.0,54.1,54.1,54.1,54.1,54.1,54.1,,,,4,1,22,54.1,0.0,SAME,1.0
KCL,2021-01-25,54.1,54.1,54.1,54.1,54.1,54.1,0.0,0.0,0.0,0.0,0.0,0.0,0.0,0.0,54.1,54.1,54.1,54.09999770493013,54.09893793663036,54.05519247518388,0.0,0.0,0.0,0.0,0.0,0.0,0.0,0.0,0.0,54.1,54.1,54.1,54.1,54.1,54.1,,,,0,1,25,54.1,0.0,SAME,1.0
KCL,2021-01-26,54.1,54.1,54.1,54.1,54.1,54.1,0.0,0.0,0.0,0.0,0.0,0.0,0.0,0.0,54.1,54.1,54.1,54.09999885246506,54.09929195775357,54.06333929787772,0.0,0.0,0.0,0.0,0.0,0.0,0.0,0.0,0.0,54.1,54.1,54.1,54.1,54.1,54.1,,,,1,1,26,54.1,0.0,SAME,1.0
KCL,2021-01-27,54.1,54.1,54.1,54.1,54.1,54.1,0.0,0.0,0.0,0.0,0.0,0.0,0.0,0.0,54.1,54.1,54.1,54.09999942623253,54.09952797183572,54.07000488008177,0.0,0.0,0.0,0.0,0.0,0.0,0.0,0.0,0.0,54.1,54.1,54.1,54.1,54.1,54.1,,,,2,1,27,54.1,0.0,SAME,1.0
KCL,2021-01-28,54.1,54.1,54.1,54.1,54.1,54.1,0.0,0.0,0.0,0.0,0.0,0.0,0.0,0.0,54.1,54.1,54.1,54.09999971311626,54.09968531455715,54.07545853824872,0.0,0.0,0.0,0.0,0.0,0.0,0.0,0.0,0.0,54.1,54.1,54.1,54.1,54.1,54.1,,,,3,1,28,54.1,0.0,SAME,1.0
KCL,2021-01-29,54.1,54.1,54.1,54.1,54.1,54.1,0.0,0.0,0.0,0.0,0.0,0.0,0.0,0.0,54.1,54.1,54.1,54.09999985655813,54.09979020970477,54.079920622203495,0.0,0.0,0.0,0.0,0.0,0.0,0.0,0.0,0.0,54.1,54.1,54.1,54.1,54.1,54.1,,,,4,1,29,54.1,0.0,SAME,1.0
KCL,2021-02-01,54.1,54.1,54.1,54.1,54.1,54.1,0.0,0.0,0.0,0.0,0.0,0.0,0.0,0.0,54.1,54.1,54.1,54.09999992827906,54.099860139803184,54.08357141816649,0.0,0.0,0.0,0.0,0.0,0.0,0.0,0.0,0.0,54.1,54.1,54.1,54.1,54.1,54.1,,,,0,2,1,54.1,0.0,SAME,1.0
KCL,2021-02-02,54.1,54.1,54.1,54.1,54.1,54.1,0.0,0.0,0.0,0.0,0.0,0.0,0.0,0.0,54.1,54.1,54.1,54.09999996413953,54.099906759868794,54.08655843304531,0.0,0.0,0.0,0.0,0.0,0.0,0.0,0.0,0.0,54.1,54.1,54.1,54.1,54.1,54.1,,,,1,2,2,54.1,0.0,SAME,1.0
KCL,2021-02-03,54.1,54.1,54.1,54.1,54.1,54.1,0.0,0.0,0.0,0.0,0.0,0.0,0.0,0.0,54.1,54.1,54.1,54.09999998206976,54.099937839912535,54.0890023543098,0.0,0.0,0.0,0.0,0.0,0.0,0.0,0.0,0.0,54.1,54.1,54.1,54.1,54.1,54.1,,,,2,2,3,54.1,0.0,SAME,1.0
KCL,2021-02-04,54.1,54.1,54.1,54.1,54.1,54.1,0.0,0.0,0.0,0.0,0.0,0.0,0.0,0.0,54.1,54.1,54.1,54.09999999103488,54.09995855994169,54.09100192625347,0.0,0.0,0.0,0.0,0.0,0.0,0.0,0.0,0.0,54.1,54.1,54.1,54.1,54.1,54.1,,,,3,2,4,54.1,0.0,SAME,1.0
KCL,2021-02-05,54.1,54.1,54.1,54.1,54.1,54.1,0.0,0.0,0.0,0.0,0.0,0.0,0.0,0.0,54.1,54.1,54.1,54.099999995517436,54.09997237329446,54.09263793966193,0.0,0.0,0.0,0.0,0.0,0.0,0.0,0.0,0.0,54.1,54.1,54.1,54.1,54.1,54.1,,,,4,2,5,54.1,0.0,SAME,1.0
KCL,2021-02-08,54.1,54.1,54.1,54.1,54.1,54.1,0.0,0.0,0.0,0.0,0.0,0.0,0.0,0.0,54.1,54.1,54.1,54.099999997758715,54.099981582196314,54.09397649608703,0.0,0.0,0.0,0.0,0.0,0.0,0.0,0.0,0.0,54.1,54.1,54.1,54.1,54.1,54.1,,,,0,2,8,54.1,0.0,SAME,1.0
KCL,2021-02-09,54.1,54.1,54.1,54.1,54.1,54.1,0.0,0.0,0.0,0.0,0.0,0.0,0.0,0.0,54.1,54.1,54.1,54.099999998879355,54.09998772146421,54.095071678616655,0.0,0.0,0.0,0.0,0.0,0.0,0.0,0.0,0.0,54.1,54.1,54.1,54.1,54.1,54.1,,,,1,2,9,54.1,0.0,SAME,1.0
KCL,2021-02-10,54.1,54.1,54.1,54.1,54.1,54.1,0.0,0.0,0.0,0.0,0.0,0.0,0.0,0.0,54.1,54.1,54.1,54.099999999439675,54.099991814309476,54.09596773704999,0.0,0.0,0.0,0.0,0.0,0.0,0.0,0.0,0.0,54.1,54.1,54.1,54.1,54.1,54.1,,,,2,2,10,54.1,0.0,SAME,1.0
KCL,2021-02-11,54.1,54.1,54.1,54.1,54.1,54.1,0.0,0.0,0.0,0.0,0.0,0.0,0.0,0.0,54.1,54.1,54.1,54.09999999971984,54.099994542872984,54.09670087576817,0.0,0.0,0.0,0.0,0.0,0.0,0.0,0.0,0.0,54.1,54.1,54.1,54.1,54.1,54.1,,,,3,2,11,54.1,0.0,SAME,1.0
KCL,2021-02-15,54.1,54.1,54.1,54.1,54.1,54.1,0.0,0.0,0.0,0.0,0.0,0.0,0.0,0.0,54.1,54.1,54.1,54.09999999985992,54.09999636191532,54.09730071653759,0.0,0.0,0.0,0.0,0.0,0.0,0.0,0.0,0.0,54.1,54.1,54.1,54.1,54.1,54.1,,,,0,2,15,54.1,0.0,SAME,1.0
KCL,2021-02-16,54.1,54.1,54.1,54.1,54.1,54.1,0.0,0.0,0.0,0.0,0.0,0.0,0.0,0.0,54.1,54.1,54.1,54.09999999992996,54.09999757461022,54.097791495348936,0.0,0.0,0.0,0.0,0.0,0.0,0.0,0.0,0.0,54.1,54.1,54.1,54.1,54.1,54.1,,,,1,2,16,54.1,0.0,SAME,1.0
KCL,2021-02-17,54.1,54.1,54.1,54.1,54.1,54.1,0.0,0.0,0.0,0.0,0.0,0.0,0.0,0.0,54.1,54.1,54.1,54.09999999996498,54.09999838307348,54.098193041649125,0.0,0.0,0.0,0.0,0.0,0.0,0.0,0.0,0.0,54.1,54.1,54.1,54.1,54.1,54.1,,,,2,2,17,54.1,0.0,SAME,1.0
KCL,2021-02-18,54.1,54.1,54.1,54.1,54.1,54.1,0.0,0.0,0.0,0.0,0.0,0.0,0.0,0.0,54.1,54.1,54.1,54.09999999998249,54.09999892204899,54.0985215795311,0.0,0.0,0.0,0.0,0.0,0.0,0.0,0.0,0.0,54.1,54.1,54.1,54.1,54.1,54.1,,,,3,2,18,54.1,0.0,SAME,1.0
KCL,2021-02-19,54.1,54.1,54.1,54.1,54.1,54.1,0.0,0.0,0.0,0.0,0.0,0.0,0.0,0.0,54.1,54.1,54.1,54.09999999999124,54.099999281365996,54.09879038325272,0.0,0.0,0.0,0.0,0.0,0.0,0.0,0.0,0.0,54.1,54.1,54.1,54.1,54.1,54.1,,,,4,2,19,54.1,0.0,SAME,1.0
KCL,2021-02-24,54.1,54.1,54.1,54.1,54.1,54.1,0.0,0.0,0.0,0.0,0.0,0.0,0.0,0.0,54.1,54.1,54.1,54.09999999999562,54.099999520910664,54.0990103135704,0.0,0.0,0.0,0.0,0.0,0.0,0.0,0.0,0.0,54.1,54.1,54.1,54.1,54.1,54.1,,,,2,2,24,54.1,0.0,SAME,1.0
KCL,2021-02-25,54.1,54.1,54.1,54.1,54.1,54.1,0.0,0.0,0.0,0.0,0.0,0.0,0.0,0.0,54.1,54.1,54.1,54.099999999997806,54.09999968060711,54.0991902565576,0.0,0.0,0.0,0.0,0.0,0.0,0.0,0.0,0.0,54.1,54.1,54.1,54.1,54.1,54.1,,,,3,2,25,54.1,0.0,SAME,1.0
KCL,2021-02-26,54.1,54.1,54.1,54.1,54.1,54.1,0.0,0.0,0.0,0.0,0.0,0.0,0.0,0.0,54.1,54.1,54.1,54.0999999999989,54.09999978707141,54.099337482638035,0.0,0.0,0.0,0.0,0.0,0.0,0.0,0.0,0.0,54.1,54.1,54.1,54.1,54.1,54.1,,,,4,2,26,54.1,0.0,SAME,1.0
KCL,2021-03-01,54.1,54.1,54.1,54.1,54.1,54.1,0.0,0.0,0.0,0.0,0.0,0.0,0.0,0.0,54.1,54.1,54.1,54.099999999999454,54.09999985804761,54.09945794034021,0.0,0.0,0.0,0.0,0.0,0.0,0.0,0.0,0.0,54.1,54.1,54.1,54.1,54.1,54.1,,,,0,3,1,51.5,-2.6000000000000014,DOWN,0.0
KCL,2021-03-02,51.5,54.1,54.1,54.1,54.1,54.1,-2.6000000000000014,-2.6000000000000014,-2.6000000000000014,-0.04805914972273573,-0.04805914972273573,-0.04805914972273573,-0.04925237818274543,-0.04925237818274543,53.23333333333333,53.58,53.839999999999996,52.79999999999973,53.23333323869841,53.62682922391471,0.027746963029453814,0.02149270514417545,0.015197637553489473,-2.6000000000000014,-0.0480591497227357,-2.6000000000000014,-0.0480591497227357,-2.6000000000000014,-0.0480591497227357,51.5,54.1,51.5,54.1,51.5,54.1,0.0,0.0,0.0,1,3,2,51.5,0.0,SAME,1.0
KCL,2021-03-03,51.5,51.5,54.1,54.1,54.1,54.1,0.0,-2.6000000000000014,-2.6000000000000014,0.0,-0.04805914972273573,-0.04805914972273573,0.0,-0.04925237818274543,52.366666666666674,53.06,53.580000000000005,52.149999999999864,52.65555549246561,53.24013300138476,0.027746963029453814,0.02149270514417545,0.015197637553489473,-2.6000000000000014,-0.0480591497227357,-2.6000000000000014,-0.0480591497227357,-2.6000000000000014,-0.0480591497227357,51.5,54.1,51.5,54.1,51.5,54.1,0.0,0.0,0.0,2,3,3,51.5,0.0,SAME,1.0
KCL,2021-03-04,51.5,51.5,51.5,54.1,54.1,54.1,0.0,0.0,-2.6000000000000014,0.0,0.0,-0.04805914972273573,0.0,0.0,51.5,52.54,53.32000000000001,51.82499999999993,52.270370328310406,52.923745182951166,0.027746963029453814,0.02149270514417545,0.015197637553489473,-2.6000000000000014,-0.0480591497227357,-2.6000000000000014,-0.0480591497227357,-2.6000000000000014,-0.0480591497227357,51.5,51.5,51.5,54.1,51.5,54.1,,0.0,0.0,3,3,4,51.5,0.0,SAME,1.0
KCL,2021-03-05,51.5,51.5,51.5,51.5,54.1,54.1,0.0,0.0,0.0,0.0,0.0,0.0,0.0,0.0,51.5,52.02,53.06,51.662499999999966,52.01358021887361,52.66488242241459,0.0,0.02149270514417545,0.015197637553489473,0.0,0.0,-2.6000000000000014,-0.0480591497227357,-2.6000000000000014,-0.0480591497227357,51.5,51.5,51.5,54.1,51.5,54.1,,0.0,0.0,4,3,5,51.5,0.0,SAME,1.0
KCL,2021-03-08,51.5,51.5,51.5,51.5,54.1,54.1,0.0,0.0,0.0,0.0,0.0,0.0,0.0,0.0,51.5,51.5,52.8,51.58124999999998,51.842386812582404,52.4530856183392,0.0,0.02149270514417545,0.015197637553489473,0.0,0.0,-2.6000000000000014,-0.0480591497227357,-2.6000000000000014,-0.0480591497227357,51.5,51.5,51.5,51.5,51.5,54.1,,,0.0,0,3,8,51.5,0.0,SAME,1.0
KCL,2021-03-09,51.5,51.5,51.5,51.5,51.5,54.1,0.0,0.0,0.0,0.0,0.0,0.0,0.0,0.0,51.5,51.5,52.54,51.54062499999999,51.728257875054936,52.27979732409571,0.0,0.0,0.015197637553489473,0.0,0.0,0.0,0.0,-2.6000000000000014,-0.0480591497227357,51.5,51.5,51.5,51.5,51.5,54.1,,,0.0,1,3,9,51.5,0.0,SAME,1.0
KCL,2021-03-10,51.5,51.5,51.5,51.5,51.5,54.1,0.0,0.0,0.0,0.0,0.0,0.0,0.0,0.0,51.5,51.5,52.28000000000001,51.520312499999996,51.652171916703296,52.138015992441936,0.0,0.0,0.015197637553489473,0.0,0.0,0.0,0.0,-2.6000000000000014,-0.0480591497227357,51.5,51.5,51.5,51.5,51.5,54.1,,,0.0,2,3,10,51.5,0.0,SAME,1.0
KCL,2021-03-11,51.5,51.5,51.5,51.5,51.5,54.1,0.0,0.0,0.0,0.0,0.0,0.0,0.0,0.0,51.5,51.5,52.02,51.510156249999994,51.601447944468866,52.02201308472522,0.0,0.0,0.015197637553489473,0.0,0.0,0.0,0.0,-2.6000000000000014,-0.0480591497227357,51.5,51.5,51.5,51.5,51.5,54.1,,,0.0,3,3,11,51.5,0.0,SAME,1.0
KCL,2021-03-12,51.5,51.5,51.5,51.5,51.5,54.1,0.0,0.0,0.0,0.0,0.0,0.0,0.0,0.0,51.5,51.5,51.760000000000005,51.505078125,51.56763196297925,51.92710161477517,0.0,0.0,0.015197637553489473,0.0,0.0,0.0,0.0,-2.6000000000000014,-0.0480591497227357,51.5,51.5,51.5,51.5,51.5,54.1,,,0.0,4,3,12,51.5,0.0,SAME,1.0
KCL,2021-03-15,51.5,51.5,51.5,51.5,51.5,54.1,0.0,0.0,0.0,0.0,0.0,0.0,0.0,0.0,51.5,51.5,51.5,51.5025390625,51.545087975319504,51.84944677572513,0.0,0.0,0.015197637553489473,0.0,0.0,0.0,0.0,-2.6000000000000014,-0.0480591497227357,51.5,51.5,51.5,51.5,51.5,51.5,,,,0,3,15,51.5,0.0,SAME,1.0
KCL,2021-03-16,51.5,51.5,51.5,51.5,51.5,51.5,0.0,0.0,0.0,0.0,0.0,0.0,0.0,0.0,51.5,51.5,51.5,51.50126953125,51.53005865021301,51.78591099832056,0.0,0.0,0.0,0.0,0.0,0.0,0.0,0.0,0.0,51.5,51.5,51.5,51.5,51.5,51.5,,,,1,3,16,51.5,0.0,SAME,1.0
KCL,2021-03-17,51.5,51.5,51.5,51.5,51.5,51.5,0.0,0.0,0.0,0.0,0.0,0.0,0.0,0.0,51.5,51.5,51.5,51.500634765625,51.52003910014201,51.733927180444084,0.0,0.0,0.0,0.0,0.0,0.0,0.0,0.0,0.0,51.5,51.5,51.5,51.5,51.5,51.5,,,,2,3,17,51.5,0.0,SAME,1.0
KCL,2021-03-18,51.5,51.5,51.5,51.5,51.5,51.5,0.0,0.0,0.0,0.0,0.0,0.0,0.0,0.0,51.5,51.5,51.5,51.5003173828125,51.51335940009467,51.69139496581788,0.0,0.0,0.0,0.0,0.0,0.0,0.0,0.0,0.0,51.5,51.5,51.5,51.5,51.5,51.5,,,,3,3,18,51.5,0.0,SAME,1.0
KCL,2021-03-19,51.5,51.5,51.5,51.5,51.5,51.5,0.0,0.0,0.0,0.0,0.0,0.0,0.0,0.0,51.5,51.5,51.5,51.50015869140625,51.50890626672978,51.65659588112372,0.0,0.0,0.0,0.0,0.0,0.0,0.0,0.0,0.0,51.5,51.5,51.5,51.5,51.5,51.5,,,,4,3,19,51.5,0.0,SAME,1.0
KCL,2021-03-22,51.5,51.5,51.5,51.5,51.5,51.5,0.0,0.0,0.0,0.0,0.0,0.0,0.0,0.0,51.5,51.5,51.5,51.50007934570313,51.50593751115319,51.628123902737585,0.0,0.0,0.0,0.0,0.0,0.0,0.0,0.0,0.0,51.5,51.5,51.5,51.5,51.5,51.5,,,,0,3,22,51.5,0.0,SAME,1.0
KCL,2021-03-23,51.5,51.5,51.5,51.5,51.5,51.5,0.0,0.0,0.0,0.0,0.0,0.0,0.0,0.0,51.5,51.5,51.5,51.500039672851564,51.5039583407688,51.60482864769439,0.0,0.0,0.0,0.0,0.0,0.0,0.0,0.0,0.0,51.5,51.5,51.5,51.5,51.5,51.5,,,,1,3,23,51.5,0.0,SAME,1.0
KCL,2021-03-24,51.5,51.5,51.5,51.5,51.5,51.5,0.0,0.0,0.0,0.0,0.0,0.0,0.0,0.0,51.5,51.5,51.5,51.50001983642578,51.50263889384587,51.58576889356813,0.0,0.0,0.0,0.0,0.0,0.0,0.0,0.0,0.0,51.5,51.5,51.5,51.5,51.5,51.5,,,,2,3,24,51.5,0.0,SAME,1.0
KCL,2021-03-25,51.5,51.5,51.5,51.5,51.5,51.5,0.0,0.0,0.0,0.0,0.0,0.0,0.0,0.0,51.5,51.5,51.5,51.50000991821289,51.501759262563915,51.57017454928301,0.0,0.0,0.0,0.0,0.0,0.0,0.0,0.0,0.0,51.5,51.5,51.5,51.5,51.5,51.5,,,,3,3,25,51.5,0.0,SAME,1.0
KCL,2021-03-26,51.5,51.5,51.5,51.5,51.5,51.5,0.0,0.0,0.0,0.0,0.0,0.0,0.0,0.0,51.5,51.5,51.5,51.50000495910645,51.50117284170928,51.55741554032245,0.0,0.0,0.0,0.0,0.0,0.0,0.0,0.0,0.0,51.5,51.5,51.5,51.5,51.5,51.5,,,,4,3,26,51.5,0.0,SAME,1.0
KCL,2021-03-29,51.5,51.5,51.5,51.5,51.5,51.5,0.0,0.0,0.0,0.0,0.0,0.0,0.0,0.0,51.5,51.5,51.5,51.500002479553224,51.50078189447285,51.546976351172916,0.0,0.0,0.0,0.0,0.0,0.0,0.0,0.0,0.0,51.5,51.5,51.5,51.5,51.5,51.5,,,,0,3,29,51.5,0.0,SAME,1.0
KCL,2021-03-30,51.5,51.5,51.5,51.5,51.5,51.5,0.0,0.0,0.0,0.0,0.0,0.0,0.0,0.0,51.5,51.5,51.5,51.50000123977661,51.500521262981906,51.5384351964142,0.0,0.0,0.0,0.0,0.0,0.0,0.0,0.0,0.0,51.5,51.5,51.5,51.5,51.5,51.5,,,,1,3,30,51.5,0.0,SAME,1.0
KCL,2021-03-31,51.5,51.5,51.5,51.5,51.5,51.5,0.0,0.0,0.0,0.0,0.0,0.0,0.0,0.0,51.5,51.5,51.5,51.500000619888304,51.500347508654606,51.53144697888435,0.0,0.0,0.0,0.0,0.0,0.0,0.0,0.0,0.0,51.5,51.5,51.5,51.5,51.5,51.5,,,,2,3,31,51.5,0.0,SAME,1.0
KCL,2021-04-01,51.5,51.5,51.5,51.5,51.5,51.5,0.0,0.0,0.0,0.0,0.0,0.0,0.0,0.0,51.5,51.5,51.5,51.500000309944156,51.500231672436406,51.52572934635991,0.0,0.0,0.0,0.0,0.0,0.0,0.0,0.0,0.0,51.5,51.5,51.5,51.5,51.5,51.5,,,,3,4,1,51.5,0.0,SAME,1.0
KCL,2021-04-02,51.5,51.5,51.5,51.5,51.5,51.5,0.0,0.0,0.0,0.0,0.0,0.0,0.0,0.0,51.5,51.5,51.5,51.50000015497208,51.50015444829094,51.521051283385376,0.0,0.0,0.0,0.0,0.0,0.0,0.0,0.0,0.0,51.5,51.5,51.5,51.5,51.5,51.5,,,,4,4,2,51.5,0.0,SAME,1.0
KCL,2021-04-05,51.5,51.5,51.5,51.5,51.5,51.5,0.0,0.0,0.0,0.0,0.0,0.0,0.0,0.0,51.5,51.5,51.5,51.500000077486035,51.5001029655273,51.51722377731531,0.0,0.0,0.0,0.0,0.0,0.0,0.0,0.0,0.0,51.5,51.5,51.5,51.5,51.5,51.5,,,,0,4,5,51.5,0.0,SAME,1.0
KCL,2021-04-06,51.5,51.5,51.5,51.5,51.5,51.5,0.0,0.0,0.0,0.0,0.0,0.0,0.0,0.0,51.5,51.5,51.5,51.50000003874302,51.50006864368487,51.51409218143979,0.0,0.0,0.0,0.0,0.0,0.0,0.0,0.0,0.0,51.5,51.5,51.5,51.5,51.5,51.5,,,,1,4,6,51.5,0.0,SAME,1.0
KCL,2021-04-07,51.5,51.5,51.5,51.5,51.5,51.5,0.0,0.0,0.0,0.0,0.0,0.0,0.0,0.0,51.5,51.5,51.5,51.50000001937151,51.50004576245658,51.51152996663255,0.0,0.0,0.0,0.0,0.0,0.0,0.0,0.0,0.0,51.5,51.5,51.5,51.5,51.5,51.5,,,,2,4,7,51.5,0.0,SAME,1.0
KCL,2021-04-08,51.5,51.5,51.5,51.5,51.5,51.5,0.0,0.0,0.0,0.0,0.0,0.0,0.0,0.0,51.5,51.5,51.5,51.500000009685756,51.50003050830439,51.509433609062995,0.0,0.0,0.0,0.0,0.0,0.0,0.0,0.0,0.0,51.5,51.5,51.5,51.5,51.5,51.5,,,,3,4,8,51.5,0.0,SAME,1.0
KCL,2021-04-09,51.5,51.5,51.5,51.5,51.5,51.5,0.0,0.0,0.0,0.0,0.0,0.0,0.0,0.0,51.5,51.5,51.5,51.500000004842875,51.5000203388696,51.50771840741517,0.0,0.0,0.0,0.0,0.0,0.0,0.0,0.0,0.0,51.5,51.5,51.5,51.5,51.5,51.5,,,,4,4,9,51.5,0.0,SAME,1.0
KCL,2021-04-12,51.5,51.5,51.5,51.5,51.5,51.5,0.0,0.0,0.0,0.0,0.0,0.0,0.0,0.0,51.5,51.5,51.5,51.50000000242144,51.5000135592464,51.50631506061241,0.0,0.0,0.0,0.0,0.0,0.0,0.0,0.0,0.0,51.5,51.5,51.5,51.5,51.5,51.5,,,,0,4,12,51.5,0.0,SAME,1.0
KCL,2021-04-13,51.5,51.5,51.5,51.5,51.5,51.5,0.0,0.0,0.0,0.0,0.0,0.0,0.0,0.0,51.5,51.5,51.5,51.50000000121072,51.5000090394976,51.50516686777378,0.0,0.0,0.0,0.0,0.0,0.0,0.0,0.0,0.0,51.5,51.5,51.5,51.5,51.5,51.5,,,,1,4,13,51.5,0.0,SAME,1.0
KCL,2021-04-14,51.5,51.5,51.5,51.5,51.5,51.5,0.0,0.0,0.0,0.0,0.0,0.0,0.0,0.0,51.5,51.5,51.5,51.50000000060536,51.50000602633173,51.50422743726945,0.0,0.0,0.0,0.0,0.0,0.0,0.0,0.0,0.0,51.5,51.5,51.5,51.5,51.5,51.5,,,,2,4,14,51.5,0.0,SAME,1.0
KCL,2021-04-15,51.5,51.5,51.5,51.5,51.5,51.5,0.0,0.0,0.0,0.0,0.0,0.0,0.0,0.0,51.5,51.5,51.5,51.50000000030268,51.50000401755449,51.503458812311365,0.0,0.0,0.0,0.0,0.0,0.0,0.0,0.0,0.0,51.5,51.5,51.5,51.5,51.5,51.5,,,,3,4,15,51.5,0.0,SAME,1.0
KCL,2021-04-16,51.5,51.5,51.5,51.5,51.5,51.5,0.0,0.0,0.0,0.0,0.0,0.0,0.0,0.0,51.5,51.5,51.5,51.50000000015134,51.50000267836966,51.50282993734565,0.0,0.0,0.0,0.0,0.0,0.0,0.0,0.0,0.0,51.5,51.5,51.5,51.5,51.5,51.5,,,,4,4,16,51.5,0.0,SAME,1.0
KCL,2021-04-19,51.5,51.5,51.5,51.5,51.5,51.5,0.0,0.0,0.0,0.0,0.0,0.0,0.0,0.0,51.5,51.5,51.5,51.50000000007567,51.50000178557978,51.50231540328281,0.0,0.0,0.0,0.0,0.0,0.0,0.0,0.0,0.0,51.5,51.5,51.5,51.5,51.5,51.5,,,,0,4,19,51.5,0.0,SAME,1.0
KCL,2021-04-20,51.5,51.5,51.5,51.5,51.5,51.5,0.0,0.0,0.0,0.0,0.0,0.0,0.0,0.0,51.5,51.5,51.5,51.500000000037836,51.50000119038652,51.50189442086774,0.0,0.0,0.0,0.0,0.0,0.0,0.0,0.0,0.0,51.5,51.5,51.5,51.5,51.5,51.5,,,,1,4,20,51.5,0.0,SAME,1.0
KCL,2021-04-21,51.5,51.5,51.5,51.5,51.5,51.5,0.0,0.0,0.0,0.0,0.0,0.0,0.0,0.0,51.5,51.5,51.5,51.500000000018915,51.50000079359101,51.50154998070997,0.0,0.0,0.0,0.0,0.0,0.0,0.0,0.0,0.0,51.5,51.5,51.5,51.5,51.5,51.5,,,,2,4,21,51.5,0.0,SAME,1.0
KCL,2021-04-23,51.5,51.5,51.5,51.5,51.5,51.5,0.0,0.0,0.0,0.0,0.0,0.0,0.0,0.0,51.5,51.5,51.5,51.50000000000946,51.50000052906068,51.50126816603543,0.0,0.0,0.0,0.0,0.0,0.0,0.0,0.0,0.0,51.5,51.5,51.5,51.5,51.5,51.5,,,,4,4,23,51.5,0.0,SAME,1.0
KCL,2021-04-26,51.5,51.5,51.5,51.5,51.5,51.5,0.0,0.0,0.0,0.0,0.0,0.0,0.0,0.0,51.5,51.5,51.5,51.50000000000473,51.50000035270712,51.50103759039263,0.0,0.0,0.0,0.0,0.0,0.0,0.0,0.0,0.0,51.5,51.5,51.5,51.5,51.5,51.5,,,,0,4,26,51.5,0.0,SAME,1.0
KCL,2021-04-27,51.5,51.5,51.5,51.5,51.5,51.5,0.0,0.0,0.0,0.0,0.0,0.0,0.0,0.0,51.5,51.5,51.5,51.500000000002366,51.50000023513808,51.50084893759396,0.0,0.0,0.0,0.0,0.0,0.0,0.0,0.0,0.0,51.5,51.5,51.5,51.5,51.5,51.5,,,,1,4,27,51.5,0.0,SAME,1.0
KCL,2021-04-29,51.5,51.5,51.5,51.5,51.5,51.5,0.0,0.0,0.0,0.0,0.0,0.0,0.0,0.0,51.5,51.5,51.5,51.50000000000118,51.50000015675872,51.500694585304146,0.0,0.0,0.0,0.0,0.0,0.0,0.0,0.0,0.0,51.5,51.5,51.5,51.5,51.5,51.5,,,,3,4,29,51.5,0.0,SAME,1.0
KCL,2021-04-30,51.5,51.5,51.5,51.5,51.5,51.5,0.0,0.0,0.0,0.0,0.0,0.0,0.0,0.0,51.5,51.5,51.5,51.50000000000059,51.500000104505816,51.50056829706702,0.0,0.0,0.0,0.0,0.0,0.0,0.0,0.0,0.0,51.5,51.5,51.5,51.5,51.5,51.5,,,,4,4,30,51.5,0.0,SAME,1.0
KCL,2021-05-03,51.5,51.5,51.5,51.5,51.5,51.5,0.0,0.0,0.0,0.0,0.0,0.0,0.0,0.0,51.5,51.5,51.5,51.5000000000003,51.50000006967055,51.500464970327556,0.0,0.0,0.0,0.0,0.0,0.0,0.0,0.0,0.0,51.5,51.5,51.5,51.5,51.5,51.5,,,,0,5,3,51.5,0.0,SAME,1.0
KCL,2021-05-04,51.5,51.5,51.5,51.5,51.5,51.5,0.0,0.0,0.0,0.0,0.0,0.0,0.0,0.0,51.5,51.5,51.5,51.50000000000015,51.500000046447035,51.500380430267995,0.0,0.0,0.0,0.0,0.0,0.0,0.0,0.0,0.0,51.5,51.5,51.5,51.5,51.5,51.5,,,,1,5,4,51.5,0.0,SAME,1.0
KCL,2021-05-05,51.5,51.5,51.5,51.5,51.5,51.5,0.0,0.0,0.0,0.0,0.0,0.0,0.0,0.0,51.5,51.5,51.5,51.50000000000007,51.50000003096469,51.50031126112836,0.0,0.0,0.0,0.0,0.0,0.0,0.0,0.0,0.0,51.5,51.5,51.5,51.5,51.5,51.5,,,,2,5,5,51.5,0.0,SAME,1.0
KCL,2021-05-06,51.5,51.5,51.5,51.5,51.5,51.5,0.0,0.0,0.0,0.0,0.0,0.0,0.0,0.0,51.5,51.5,51.5,51.500000000000036,51.50000002064313,51.50025466819592,0.0,0.0,0.0,0.0,0.0,0.0,0.0,0.0,0.0,51.5,51.5,51.5,51.5,51.5,51.5,,,,3,5,6,51.5,0.0,SAME,1.0
KCL,2021-05-07,51.5,51.5,51.5,51.5,51.5,51.5,0.0,0.0,0.0,0.0,0.0,0.0,0.0,0.0,51.5,51.5,51.5,51.500000000000014,51.50000001376209,51.50020836488757,0.0,0.0,0.0,0.0,0.0,0.0,0.0,0.0,0.0,51.5,51.5,51.5,51.5,51.5,51.5,,,,4,5,7,51.5,0.0,SAME,1.0
KCL,2021-05-10,51.5,51.5,51.5,51.5,51.5,51.5,0.0,0.0,0.0,0.0,0.0,0.0,0.0,0.0,51.5,51.5,51.5,51.50000000000001,51.50000000917473,51.500170480362556,0.0,0.0,0.0,0.0,0.0,0.0,0.0,0.0,0.0,51.5,51.5,51.5,51.5,51.5,51.5,,,,0,5,10,51.5,0.0,SAME,1.0
KCL,2021-05-11,51.5,51.5,51.5,51.5,51.5,51.5,0.0,0.0,0.0,0.0,0.0,0.0,0.0,0.0,51.5,51.5,51.5,51.5,51.50000000611649,51.500139483933,0.0,0.0,0.0,0.0,0.0,0.0,0.0,0.0,0.0,51.5,51.5,51.5,51.5,51.5,51.5,,,,1,5,11,51.5,0.0,SAME,1.0
KCL,2021-05-12,51.5,51.5,51.5,51.5,51.5,51.5,0.0,0.0,0.0,0.0,0.0,0.0,0.0,0.0,51.5,51.5,51.5,51.5,51.50000000407766,51.5001141232179,0.0,0.0,0.0,0.0,0.0,0.0,0.0,0.0,0.0,51.5,51.5,51.5,51.5,51.5,51.5,,,,2,5,12,51.5,0.0,SAME,1.0
KCL,2021-05-13,51.5,51.5,51.5,51.5,51.5,51.5,0.0,0.0,0.0,0.0,0.0,0.0,0.0,0.0,51.5,51.5,51.5,51.5,51.500000002718444,51.500093373541915,0.0,0.0,0.0,0.0,0.0,0.0,0.0,0.0,0.0,51.5,51.5,51.5,51.5,51.5,51.5,,,,3,5,13,51.5,0.0,SAME,1.0
KCL,2021-05-14,51.5,51.5,51.5,51.5,51.5,51.5,0.0,0.0,0.0,0.0,0.0,0.0,0.0,0.0,51.5,51.5,51.5,51.5,51.500000001812296,51.5000763965343,0.0,0.0,0.0,0.0,0.0,0.0,0.0,0.0,0.0,51.5,51.5,51.5,51.5,51.5,51.5,,,,4,5,14,51.5,0.0,SAME,1.0
KCL,2021-05-17,51.5,51.5,51.5,51.5,51.5,51.5,0.0,0.0,0.0,0.0,0.0,0.0,0.0,0.0,51.5,51.5,51.5,51.5,51.5000000012082,51.50006250625533,0.0,0.0,0.0,0.0,0.0,0.0,0.0,0.0,0.0,51.5,51.5,51.5,51.5,51.5,51.5,,,,0,5,17,51.5,0.0,SAME,1.0
KCL,2021-05-18,51.5,51.5,51.5,51.5,51.5,51.5,0.0,0.0,0.0,0.0,0.0,0.0,0.0,0.0,51.5,51.5,51.5,51.5,51.50000000080547,51.500051141481634,0.0,0.0,0.0,0.0,0.0,0.0,0.0,0.0,0.0,51.5,51.5,51.5,51.5,51.5,51.5,,,,1,5,18,54.07,2.5700000000000003,UP,2.0
KCL,2021-05-19,54.07,51.5,51.5,51.5,51.5,51.5,2.5700000000000003,2.5700000000000003,2.5700000000000003,0.04990291262135926,0.04990291262135926,0.04990291262135926,0.04869769572422306,0.04869769572422306,52.35666666666666,52.013999999999996,51.757000000000005,52.785,52.356666667203655,51.96731457030316,0.028811460035296048,0.02231726097931831,0.015780686575985886,2.5700000000000003,0.04990291262135923,2.5700000000000003,0.04990291262135923,2.5700000000000003,0.04990291262135923,51.5,54.07,51.5,54.07,51.5,54.07,1.0,1.0,1.0,2,5,19,54.07,0.0,SAME,1.0
KCL,2021-05-20,54.07,54.07,51.5,51.5,51.5,51.5,0.0,2.5700000000000003,2.5700000000000003,0.0,0.04990291262135926,0.04990291262135926,0.0,0.04869769572422306,53.21333333333333,52.528,52.013999999999996,53.427499999999995,52.92777777813578,52.34962101206622,0.028811460035296044,0.02231726097931831,0.015780686575985886,2.5700000000000003,0.04990291262135923,2.5700000000000003,0.04990291262135923,2.5700000000000003,0.04990291262135923,51.5,54.07,51.5,54.07,51.5,54.07,1.0,1.0,1.0,3,5,20,54.07,0.0,SAME,1.0
KCL,2021-05-21,54.07,54.07,54.07,51.5,51.5,51.5,0.0,0.0,2.5700000000000003,0.0,0.0,0.04990291262135926,0.0,0.0,54.07,53.041999999999994,52.271,53.74875,53.30851851875719,52.66241719169054,0.028811460035296044,0.02231726097931831,0.015780686575985886,2.5700000000000003,0.04990291262135923,2.5700000000000003,0.04990291262135923,2.5700000000000003,0.04990291262135923,54.07,54.07,51.5,54.07,51.5,54.07,,1.0,1.0,4,5,21,54.07,0.0,SAME,1.0
KCL,2021-05-24,54.07,54.07,54.07,54.07,51.5,51.5,0.0,0.0,0.0,0.0,0.0,0.0,0.0,0.0,54.07,53.556,52.528,53.909375,53.562345679171464,52.91834133865589,0.0,0.02231726097931831,0.015780686575985886,0.0,0.0,2.5700000000000003,0.04990291262135923,2.5700000000000003,0.04990291262135923,54.07,54.07,51.5,54.07,51.5,54.07,,1.0,1.0,0,5,24,56.0,1.9299999999999997,UP,2.0
KCL,2021-05-25,56.0,54.07,54.07,54.07,51.5,51.5,1.9299999999999997,1.9299999999999997,1.9299999999999997,0.03569447013131133,0.03569447013131133,0.03569447013131133,0.035072187341235815,0.035072187341235815,54.71333333333333,54.455999999999996,52.977999999999994,54.9546875,54.374897119447645,53.478642913445725,0.02060821193890462,0.023974014574266952,0.018353639338287372,1.9299999999999997,0.03569447013131126,4.5,0.08737864077669903,4.5,0.08737864077669903,54.07,56.0,54.07,56.0,51.5,56.0,1.0,1.0,1.0,1,5,25,56.0,0.0,SAME,1.0
KCL,2021-05-27,56.0,56.0,54.07,54.07,54.07,51.5,0.0,1.9299999999999997,1.9299999999999997,0.0,0.03569447013131133,0.03569447013131133,0.0,0.035072187341235815,55.35666666666666,54.842,53.428,55.47734375,54.91659807963177,53.937071474637406,0.02060821193890462,0.015963052326889597,0.018353639338287372,1.9299999999999997,0.03569447013131126,1.9299999999999997,0.03569447013131126,4.5,0.08737864077669903,54.07,56.0,54.07,56.0,51.5,56.0,1.0,1.0,1.0,3,5,27,56.0,0.0,SAME,1.0
KCL,2021-05-28,56.0,56.0,56.0,54.07,54.07,51.5,0.0,0.0,1.9299999999999997,0.0,0.0,0.03569447013131133,0.0,0.0,56.0,55.227999999999994,53.878,55.738671875,55.277732053087846,54.31214938833969,0.02060821193890462,0.015963052326889597,0.018353639338287372,1.9299999999999997,0.03569447013131126,1.9299999999999997,0.03569447013131126,4.5,0.08737864077669903,56.0,56.0,54.07,56.0,51.5,56.0,,1.0,1.0,4,5,28,56.0,0.0,SAME,1.0
KCL,2021-05-31,56.0,56.0,56.0,56.0,54.07,51.5,0.0,0.0,0.0,0.0,0.0,0.0,0.0,0.0,56.0,55.614,54.327999999999996,55.8693359375,55.5184880353919,54.61903131773247,0.0,0.015963052326889597,0.018353639338287372,0.0,0.0,1.9299999999999997,0.03569447013131126,4.5,0.08737864077669903,56.0,56.0,54.07,56.0,51.5,56.0,,1.0,1.0,0,5,31,56.0,0.0,SAME,1.0
KCL,2021-06-01,56.0,56.0,56.0,56.0,54.07,51.5,0.0,0.0,0.0,0.0,0.0,0.0,0.0,0.0,56.0,56.0,54.778,55.93466796875,55.6789920235946,54.8701165326902,0.0,0.015963052326889597,0.018353639338287372,0.0,0.0,1.9299999999999997,0.03569447013131126,4.5,0.08737864077669903,56.0,56.0,56.0,56.0,51.5,56.0,,,1.0,1,6,1,56.0,0.0,SAME,1.0
KCL,2021-06-02,56.0,56.0,56.0,56.0,56.0,51.5,0.0,0.0,0.0,0.0,0.0,0.0,0.0,0.0,56.0,56.0,55.227999999999994,55.967333984375,55.78599468239641,55.07554989038288,0.0,0.0,0.018353639338287372,0.0,0.0,0.0,0.0,4.5,0.08737864077669903,56.0,56.0,56.0,56.0,54.07,56.0,,,1.0,2,6,2,56.0,0.0,SAME,1.0
KCL,2021-06-03,56.0,56.0,56.0,56.0,56.0,54.07,0.0,0.0,0.0,0.0,0.0,0.0,0.0,0.0,56.0,56.0,55.42100000000001,55.9836669921875,55.85732978826427,55.24363172849508,0.0,0.0,0.011287582548779313,0.0,0.0,0.0,0.0,1.9299999999999997,0.03569447013131126,56.0,56.0,56.0,56.0,54.07,56.0,,,1.0,3,6,3,56.0,0.0,SAME,1.0
KCL,2021-06-04,56.0,56.0,56.0,56.0,56.0,54.07,0.0,0.0,0.0,0.0,0.0,0.0,0.0,0.0,56.0,56.0,55.614,55.99183349609375,55.90488652550952,55.38115323240506,0.0,0.0,0.011287582548779313,0.0,0.0,0.0,0.0,1.9299999999999997,0.03569447013131126,56.0,56.0,56.0,56.0,54.07,56.0,,,1.0,4,6,4,56.0,0.0,SAME,1.0
KCL,2021-06-07,56.0,56.0,56.0,56.0,56.0,54.07,0.0,0.0,0.0,0.0,0.0,0.0,0.0,0.0,56.0,56.0,55.806999999999995,55.995916748046874,55.93659101700635,55.493670826513224,0.0,0.0,0.011287582548779313,0.0,0.0,0.0,0.0,1.9299999999999997,0.03569447013131126,56.0,56.0,56.0,56.0,54.07,56.0,,,1.0,0,6,7,56.0,0.0,SAME,1.0
KCL,2021-06-08,56.0,56.0,56.0,56.0,56.0,54.07,0.0,0.0,0.0,0.0,0.0,0.0,0.0,0.0,56.0,56.0,56.0,55.99795837402344,55.9577273446709,55.585730676238086,0.0,0.0,0.011287582548779313,0.0,0.0,0.0,0.0,1.9299999999999997,0.03569447013131126,56.0,56.0,56.0,56.0,56.0,56.0,,,,1,6,8,56.0,0.0,SAME,1.0
KCL,2021-06-09,56.0,56.0,56.0,56.0,56.0,56.0,0.0,0.0,0.0,0.0,0.0,0.0,0.0,0.0,56.0,56.0,56.0,55.99897918701172,55.9718182297806,55.66105237146752,0.0,0.0,0.0,0.0,0.0,0.0,0.0,0.0,0.0,56.0,56.0,56.0,56.0,56.0,56.0,,,,2,6,9,56.0,0.0,SAME,1.0
KCL,2021-06-10,56.0,56.0,56.0,56.0,56.0,56.0,0.0,0.0,0.0,0.0,0.0,0.0,0.0,0.0,56.0,56.0,56.0,55.99948959350586,55.98121215318707,55.72267921301887,0.0,0.0,0.0,0.0,0.0,0.0,0.0,0.0,0.0,56.0,56.0,56.0,56.0,56.0,56.0,,,,3,6,10,54.0,-2.0,DOWN,0.0
KCL,2021-06-11,54.0,56.0,56.0,56.0,56.0,56.0,-2.0,-2.0,-2.0,-0.0357142857142857,-0.0357142857142857,-0.0357142857142857,-0.03636764417087483,-0.03636764417087483,55.333333333333336,55.6,55.8,54.99974479675293,55.32080810212472,55.409464810651805,0.020619652471068613,0.015971914124998494,0.011293848786315657,-2.0,-0.03571428571428571,-2.0,-0.03571428571428571,-2.0,-0.03571428571428571,54.0,56.0,54.0,56.0,54.0,56.0,0.0,0.0,0.0,4,6,11,54.0,0.0,SAME,1.0
KCL,2021-06-14,54.0,54.0,56.0,56.0,56.0,56.0,0.0,-2.0,-2.0,0.0,-0.0357142857142857,-0.0357142857142857,0.0,-0.03636764417087483,54.666666666666664,55.2,55.6,54.49987239837647,54.88053873474982,55.15319848144239,0.020619652471068613,0.015971914124998494,0.011293848786315657,-2.0,-0.03571428571428571,-2.0,-0.03571428571428571,-2.0,-0.03571428571428571,54.0,56.0,54.0,56.0,54.0,56.0,0.0,0.0,0.0,0,6,14,54.0,0.0,SAME,1.0
KCL,2021-06-15,54.0,54.0,54.0,56.0,56.0,56.0,0.0,0.0,-2.0,0.0,0.0,-0.0357142857142857,0.0,0.0,54.0,54.8,55.4,54.249936199188234,54.58702582316655,54.943526030271045,0.020619652471068613,0.015971914124998494,0.011293848786315657,-2.0,-0.03571428571428571,-2.0,-0.03571428571428571,-2.0,-0.03571428571428571,54.0,54.0,54.0,56.0,54.0,56.0,,0.0,0.0,1,6,15,54.0,0.0,SAME,1.0
KCL,2021-06-16,54.0,54.0,54.0,54.0,56.0,56.0,0.0,0.0,0.0,0.0,0.0,0.0,0.0,0.0,54.0,54.4,55.2,54.12496809959411,54.3913505487777,54.77197584294903,0.0,0.015971914124998494,0.011293848786315657,0.0,0.0,-2.0,-0.03571428571428571,-2.0,-0.03571428571428571,54.0,54.0,54.0,56.0,54.0,56.0,,0.0,0.0,2,6,16,54.0,0.0,SAME,1.0
KCL,2021-06-17,54.0,54.0,54.0,54.0,56.0,56.0,0.0,0.0,0.0,0.0,0.0,0.0,0.0,0.0,54.0,54.0,55.0,54.06248404979706,54.2609003658518,54.63161659877648,0.0,0.015971914124998494,0.011293848786315657,0.0,0.0,-2.0,-0.03571428571428571,-2.0,-0.03571428571428571,54.0,54.0,54.0,54.0,54.0,56.0,,,0.0,3,6,17,54.0,0.0,SAME,1.0
KCL,2021-06-18,54.0,54.0,54.0,54.0,54.0,56.0,0.0,0.0,0.0,0.0,0.0,0.0,0.0,0.0,54.0,54.0,54.8,54.03124202489853,54.17393357723454,54.51677721718076,0.0,0.0,0.011293848786315657,0.0,0.0,0.0,0.0,-2.0,-0.03571428571428571,54.0,54.0,54.0,54.0,54.0,56.0,,,0.0,4,6,18,54.0,0.0,SAME,1.0
KCL,2021-06-21,54.0,54.0,54.0,54.0,54.0,56.0,0.0,0.0,0.0,0.0,0.0,0.0,0.0,0.0,54.0,54.0,54.6,54.015621012449266,54.115955718156364,54.422817723147894,0.0,0.0,0.011293848786315657,0.0,0.0,0.0,0.0,-2.0,-0.03571428571428571,54.0,54.0,54.0,54.0,54.0,56.0,,,0.0,0,6,21,54.0,0.0,SAME,1.0
KCL,2021-06-22,54.0,54.0,54.0,54.0,54.0,56.0,0.0,0.0,0.0,0.0,0.0,0.0,0.0,0.0,54.0,54.0,54.4,54.00781050622463,54.07730381210425,54.34594177348464,0.0,0.0,0.011293848786315657,0.0,0.0,0.0,0.0,-2.0,-0.03571428571428571,54.0,54.0,54.0,54.0,54.0,56.0,,,0.0,1,6,22,54.0,0.0,SAME,1.0
KCL,2021-06-23,54.0,54.0,54.0,54.0,54.0,56.0,0.0,0.0,0.0,0.0,0.0,0.0,0.0,0.0,54.0,54.0,54.2,54.003905253112315,54.05153587473617,54.2830432692147,0.0,0.0,0.011293848786315657,0.0,0.0,0.0,0.0,-2.0,-0.03571428571428571,54.0,54.0,54.0,54.0,54.0,56.0,,,0.0,2,6,23,54.0,0.0,SAME,1.0
KCL,2021-06-24,54.0,54.0,54.0,54.0,54.0,56.0,0.0,0.0,0.0,0.0,0.0,0.0,0.0,0.0,54.0,54.0,54.0,54.00195262655616,54.03435724982412,54.23158085663021,0.0,0.0,0.011293848786315657,0.0,0.0,0.0,0.0,-2.0,-0.03571428571428571,54.0,54.0,54.0,54.0,54.0,54.0,,,,3,6,24,54.0,0.0,SAME,1.0
KCL,2021-06-25,54.0,54.0,54.0,54.0,54.0,54.0,0.0,0.0,0.0,0.0,0.0,0.0,0.0,0.0,54.0,54.0,54.0,54.00097631327808,54.02290483321608,54.18947524633381,0.0,0.0,0.0,0.0,0.0,0.0,0.0,0.0,0.0,54.0,54.0,54.0,54.0,54.0,54.0,,,,4,6,25,54.0,0.0,SAME,1.0
KCL,2021-06-28,54.0,54.0,54.0,54.0,54.0,54.0,0.0,0.0,0.0,0.0,0.0,0.0,0.0,0.0,54.0,54.0,54.0,54.00048815663904,54.01526988881073,54.15502520154584,0.0,0.0,0.0,0.0,0.0,0.0,0.0,0.0,0.0,54.0,54.0,54.0,54.0,54.0,54.0,,,,0,6,28,54.0,0.0,SAME,1.0
KCL,2021-06-29,54.0,54.0,54.0,54.0,54.0,54.0,0.0,0.0,0.0,0.0,0.0,0.0,0.0,0.0,54.0,54.0,54.0,54.00024407831952,54.01017992587382,54.126838801264775,0.0,0.0,0.0,0.0,0.0,0.0,0.0,0.0,0.0,54.0,54.0,54.0,54.0,54.0,54.0,,,,1,6,29,54.0,0.0,SAME,1.0
KCL,2021-06-30,54.0,54.0,54.0,54.0,54.0,54.0,0.0,0.0,0.0,0.0,0.0,0.0,0.0,0.0,54.0,54.0,54.0,54.00012203915976,54.00678661724922,54.103777201034816,0.0,0.0,0.0,0.0,0.0,0.0,0.0,0.0,0.0,54.0,54.0,54.0,54.0,54.0,54.0,,,,2,6,30,54.0,0.0,SAME,1.0
KCL,2021-07-01,54.0,54.0,54.0,54.0,54.0,54.0,0.0,0.0,0.0,0.0,0.0,0.0,0.0,0.0,54.0,54.0,54.0,54.00006101957988,54.00452441149948,54.08490861902848,0.0,0.0,0.0,0.0,0.0,0.0,0.0,0.0,0.0,54.0,54.0,54.0,54.0,54.0,54.0,,,,3,7,1,54.0,0.0,SAME,1.0
KCL,2021-07-02,54.0,54.0,54.0,54.0,54.0,54.0,0.0,0.0,0.0,0.0,0.0,0.0,0.0,0.0,54.0,54.0,54.0,54.00003050978994,54.00301627433299,54.06947068829603,0.0,0.0,0.0,0.0,0.0,0.0,0.0,0.0,0.0,54.0,54.0,54.0,54.0,54.0,54.0,,,,4,7,2,54.0,0.0,SAME,1.0
KCL,2021-07-05,54.0,54.0,54.0,54.0,54.0,54.0,0.0,0.0,0.0,0.0,0.0,0.0,0.0,0.0,54.0,54.0,54.0,54.00001525489497,54.00201084955533,54.05683965406038,0.0,0.0,0.0,0.0,0.0,0.0,0.0,0.0,0.0,54.0,54.0,54.0,54.0,54.0,54.0,,,,0,7,5,54.0,0.0,SAME,1.0
KCL,2021-07-06,54.0,54.0,54.0,54.0,54.0,54.0,0.0,0.0,0.0,0.0,0.0,0.0,0.0,0.0,54.0,54.0,54.0,54.00000762744749,54.001340566370224,54.046505171503945,0.0,0.0,0.0,0.0,0.0,0.0,0.0,0.0,0.0,54.0,54.0,54.0,54.0,54.0,54.0,,,,1,7,6,54.0,0.0,SAME,1.0
KCL,2021-07-07,54.0,54.0,54.0,54.0,54.0,54.0,0.0,0.0,0.0,0.0,0.0,0.0,0.0,0.0,54.0,54.0,54.0,54.000003813723744,54.00089371091349,54.03804968577595,0.0,0.0,0.0,0.0,0.0,0.0,0.0,0.0,0.0,54.0,54.0,54.0,54.0,54.0,54.0,,,,2,7,7,54.0,0.0,SAME,1.0
KCL,2021-07-08,54.0,54.0,54.0,54.0,54.0,54.0,0.0,0.0,0.0,0.0,0.0,0.0,0.0,0.0,54.0,54.0,54.0,54.00000190686187,54.000595807275666,54.03113156108942,0.0,0.0,0.0,0.0,0.0,0.0,0.0,0.0,0.0,54.0,54.0,54.0,54.0,54.0,54.0,,,,3,7,8,54.0,0.0,SAME,1.0
KCL,2021-07-09,54.0,54.0,54.0,54.0,54.0,54.0,0.0,0.0,0.0,0.0,0.0,0.0,0.0,0.0,54.0,54.0,54.0,54.000000953430934,54.00039720485045,54.02547127725498,0.0,0.0,0.0,0.0,0.0,0.0,0.0,0.0,0.0,54.0,54.0,54.0,54.0,54.0,54.0,,,,4,7,9,54.0,0.0,SAME,1.0
KCL,2021-07-12,54.0,54.0,54.0,54.0,54.0,54.0,0.0,0.0,0.0,0.0,0.0,0.0,0.0,0.0,54.0,54.0,54.0,54.00000047671547,54.00026480323364,54.02084013593589,0.0,0.0,0.0,0.0,0.0,0.0,0.0,0.0,0.0,54.0,54.0,54.0,54.0,54.0,54.0,,,,0,7,12,54.0,0.0,SAME,1.0
KCL,2021-07-13,54.0,54.0,54.0,54.0,54.0,54.0,0.0,0.0,0.0,0.0,0.0,0.0,0.0,0.0,54.0,54.0,54.0,54.000000238357735,54.000176535489096,54.017051020311186,0.0,0.0,0.0,0.0,0.0,0.0,0.0,0.0,0.0,54.0,54.0,54.0,54.0,54.0,54.0,,,,1,7,13,54.0,0.0,SAME,1.0
KCL,2021-07-15,54.0,54.0,54.0,54.0,54.0,54.0,0.0,0.0,0.0,0.0,0.0,0.0,0.0,0.0,54.0,54.0,54.0,54.000000119178864,54.00011769032607,54.01395083480006,0.0,0.0,0.0,0.0,0.0,0.0,0.0,0.0,0.0,54.0,54.0,54.0,54.0,54.0,54.0,,,,3,7,15,54.0,0.0,SAME,1.0
KCL,2021-07-16,54.0,54.0,54.0,54.0,54.0,54.0,0.0,0.0,0.0,0.0,0.0,0.0,0.0,0.0,54.0,54.0,54.0,54.00000005958943,54.00007846021739,54.01141431938187,0.0,0.0,0.0,0.0,0.0,0.0,0.0,0.0,0.0,54.0,54.0,54.0,54.0,54.0,54.0,,,,4,7,16,54.0,0.0,SAME,1.0
KCL,2021-07-19,54.0,54.0,54.0,54.0,54.0,54.0,0.0,0.0,0.0,0.0,0.0,0.0,0.0,0.0,54.0,54.0,54.0,54.00000002979472,54.0000523068116,54.009338988585164,0.0,0.0,0.0,0.0,0.0,0.0,0.0,0.0,0.0,54.0,54.0,54.0,54.0,54.0,54.0,,,,0,7,19,54.0,0.0,SAME,1.0
KCL,2021-07-20,54.0,54.0,54.0,54.0,54.0,54.0,0.0,0.0,0.0,0.0,0.0,0.0,0.0,0.0,54.0,54.0,54.0,54.00000001489736,54.00003487120774,54.00764099066059,0.0,0.0,0.0,0.0,0.0,0.0,0.0,0.0,0.0,54.0,54.0,54.0,54.0,54.0,54.0,,,,1,7,20,54.0,0.0,SAME,1.0
KCL,2021-07-21,54.0,54.0,54.0,54.0,54.0,54.0,0.0,0.0,0.0,0.0,0.0,0.0,0.0,0.0,54.0,54.0,54.0,54.000000007448676,54.00002324747183,54.00625171963139,0.0,0.0,0.0,0.0,0.0,0.0,0.0,0.0,0.0,54.0,54.0,54.0,54.0,54.0,54.0,,,,2,7,21,54.0,0.0,SAME,1.0
KCL,2021-07-22,54.0,54.0,54.0,54.0,54.0,54.0,0.0,0.0,0.0,0.0,0.0,0.0,0.0,0.0,54.0,54.0,54.0,54.00000000372434,54.00001549831456,54.005115043334776,0.0,0.0,0.0,0.0,0.0,0.0,0.0,0.0,0.0,54.0,54.0,54.0,54.0,54.0,54.0,,,,3,7,22,54.0,0.0,SAME,1.0
KCL,2021-07-23,54.0,54.0,54.0,54.0,54.0,54.0,0.0,0.0,0.0,0.0,0.0,0.0,0.0,0.0,54.0,54.0,54.0,54.00000000186217,54.00001033220971,54.00418503545573,0.0,0.0,0.0,0.0,0.0,0.0,0.0,0.0,0.0,54.0,54.0,54.0,54.0,54.0,54.0,,,,4,7,23,54.0,0.0,SAME,1.0
KCL,2021-07-26,54.0,54.0,54.0,54.0,54.0,54.0,0.0,0.0,0.0,0.0,0.0,0.0,0.0,0.0,54.0,54.0,54.0,54.00000000093108,54.000006888139815,54.00342411991832,0.0,0.0,0.0,0.0,0.0,0.0,0.0,0.0,0.0,54.0,54.0,54.0,54.0,54.0,54.0,,,,0,7,26,54.0,0.0,SAME,1.0
KCL,2021-07-27,54.0,54.0,54.0,54.0,54.0,54.0,0.0,0.0,0.0,0.0,0.0,0.0,0.0,0.0,54.0,54.0,54.0,54.00000000046554,54.00000459209321,54.00280155266044,0.0,0.0,0.0,0.0,0.0,0.0,0.0,0.0,0.0,54.0,54.0,54.0,54.0,54.0,54.0,,,,1,7,27,54.0,0.0,SAME,1.0
KCL,2021-07-28,54.0,54.0,54.0,54.0,54.0,54.0,0.0,0.0,0.0,0.0,0.0,0.0,0.0,0.0,54.0,54.0,54.0,54.000000000232774,54.00000306139548,54.002292179449455,0.0,0.0,0.0,0.0,0.0,0.0,0.0,0.0,0.0,54.0,54.0,54.0,54.0,54.0,54.0,,,,2,7,28,54.0,0.0,SAME,1.0
KCL,2021-07-29,54.0,54.0,54.0,54.0,54.0,54.0,0.0,0.0,0.0,0.0,0.0,0.0,0.0,0.0,54.0,54.0,54.0,54.00000000011639,54.000002040930326,54.001875419549556,0.0,0.0,0.0,0.0,0.0,0.0,0.0,0.0,0.0,54.0,54.0,54.0,54.0,54.0,54.0,,,,3,7,29,54.0,0.0,SAME,1.0
KCL,2021-07-30,54.0,54.0,54.0,54.0,54.0,54.0,0.0,0.0,0.0,0.0,0.0,0.0,0.0,0.0,54.0,54.0,54.0,54.00000000005819,54.000001360620224,54.00153443417691,0.0,0.0,0.0,0.0,0.0,0.0,0.0,0.0,0.0,54.0,54.0,54.0,54.0,54.0,54.0,,,,4,7,30,54.0,0.0,SAME,1.0
KCL,2021-08-02,54.0,54.0,54.0,54.0,54.0,54.0,0.0,0.0,0.0,0.0,0.0,0.0,0.0,0.0,54.0,54.0,54.0,54.0000000000291,54.00000090708016,54.00125544614475,0.0,0.0,0.0,0.0,0.0,0.0,0.0,0.0,0.0,54.0,54.0,54.0,54.0,54.0,54.0,,,,0,8,2,54.0,0.0,SAME,1.0
KCL,2021-08-03,54.0,54.0,54.0,54.0,54.0,54.0,0.0,0.0,0.0,0.0,0.0,0.0,0.0,0.0,54.0,54.0,54.0,54.00000000001455,54.00000060472011,54.00102718320934,0.0,0.0,0.0,0.0,0.0,0.0,0.0,0.0,0.0,54.0,54.0,54.0,54.0,54.0,54.0,,,,1,8,3,54.0,0.0,SAME,1.0
KCL,2021-08-04,54.0,54.0,54.0,54.0,54.0,54.0,0.0,0.0,0.0,0.0,0.0,0.0,0.0,0.0,54.0,54.0,54.0,54.000000000007276,54.00000040314674,54.00084042262582,0.0,0.0,0.0,0.0,0.0,0.0,0.0,0.0,0.0,54.0,54.0,54.0,54.0,54.0,54.0,,,,2,8,4,54.0,0.0,SAME,1.0
KCL,2021-08-05,54.0,54.0,54.0,54.0,54.0,54.0,0.0,0.0,0.0,0.0,0.0,0.0,0.0,0.0,54.0,54.0,54.0,54.00000000000364,54.0000002687645,54.00068761851203,0.0,0.0,0.0,0.0,0.0,0.0,0.0,0.0,0.0,54.0,54.0,54.0,54.0,54.0,54.0,,,,3,8,5,54.0,0.0,SAME,1.0
KCL,2021-08-06,54.0,54.0,54.0,54.0,54.0,54.0,0.0,0.0,0.0,0.0,0.0,0.0,0.0,0.0,54.0,54.0,54.0,54.00000000000182,54.00000017917634,54.000562596964386,0.0,0.0,0.0,0.0,0.0,0.0,0.0,0.0,0.0,54.0,54.0,54.0,54.0,54.0,54.0,,,,4,8,6,54.0,0.0,SAME,1.0
KCL,2021-08-09,54.0,54.0,54.0,54.0,54.0,54.0,0.0,0.0,0.0,0.0,0.0,0.0,0.0,0.0,54.0,54.0,54.0,54.00000000000091,54.000000119450895,54.00046030660722,0.0,0.0,0.0,0.0,0.0,0.0,0.0,0.0,0.0,54.0,54.0,54.0,54.0,54.0,54.0,,,,0,8,9,54.0,0.0,SAME,1.0
KCL,2021-08-10,54.0,54.0,54.0,54.0,54.0,54.0,0.0,0.0,0.0,0.0,0.0,0.0,0.0,0.0,54.0,54.0,54.0,54.000000000000455,54.000000079633935,54.000376614496815,0.0,0.0,0.0,0.0,0.0,0.0,0.0,0.0,0.0,54.0,54.0,54.0,54.0,54.0,54.0,,,,1,8,10,54.0,0.0,SAME,1.0
KCL,2021-08-11,54.0,54.0,54.0,54.0,54.0,54.0,0.0,0.0,0.0,0.0,0.0,0.0,0.0,0.0,54.0,54.0,54.0,54.00000000000023,54.000000053089295,54.00030813913376,0.0,0.0,0.0,0.0,0.0,0.0,0.0,0.0,0.0,54.0,54.0,54.0,54.0,54.0,54.0,,,,2,8,11,54.0,0.0,SAME,1.0
KCL,2021-08-12,54.0,54.0,54.0,54.0,54.0,54.0,0.0,0.0,0.0,0.0,0.0,0.0,0.0,0.0,54.0,54.0,54.0,54.000000000000114,54.000000035392866,54.00025211383671,0.0,0.0,0.0,0.0,0.0,0.0,0.0,0.0,0.0,54.0,54.0,54.0,54.0,54.0,54.0,,,,3,8,12,54.0,0.0,SAME,1.0
KCL,2021-08-13,54.0,54.0,54.0,54.0,54.0,54.0,0.0,0.0,0.0,0.0,0.0,0.0,0.0,0.0,54.0,54.0,54.0,54.00000000000006,54.00000002359525,54.00020627495731,0.0,0.0,0.0,0.0,0.0,0.0,0.0,0.0,0.0,54.0,54.0,54.0,54.0,54.0,54.0,,,,4,8,13,54.0,0.0,SAME,1.0
KCL,2021-08-16,54.0,54.0,54.0,54.0,54.0,54.0,0.0,0.0,0.0,0.0,0.0,0.0,0.0,0.0,54.0,54.0,54.0,54.00000000000003,54.00000001573017,54.00016877041961,0.0,0.0,0.0,0.0,0.0,0.0,0.0,0.0,0.0,54.0,54.0,54.0,54.0,54.0,54.0,,,,0,8,16,54.0,0.0,SAME,1.0
KCL,2021-08-17,54.0,54.0,54.0,54.0,54.0,54.0,0.0,0.0,0.0,0.0,0.0,0.0,0.0,0.0,54.0,54.0,54.0,54.000000000000014,54.00000001048679,54.000138084888775,0.0,0.0,0.0,0.0,0.0,0.0,0.0,0.0,0.0,54.0,54.0,54.0,54.0,54.0,54.0,,,,1,8,17,54.0,0.0,SAME,1.0
KCL,2021-08-18,54.0,54.0,54.0,54.0,54.0,54.0,0.0,0.0,0.0,0.0,0.0,0.0,0.0,0.0,54.0,54.0,54.0,54.00000000000001,54.00000000699119,54.00011297854536,0.0,0.0,0.0,0.0,0.0,0.0,0.0,0.0,0.0,54.0,54.0,54.0,54.0,54.0,54.0,,,,2,8,18,54.0,0.0,SAME,1.0
KCL,2021-08-19,54.0,54.0,54.0,54.0,54.0,54.0,0.0,0.0,0.0,0.0,0.0,0.0,0.0,0.0,54.0,54.0,54.0,54.0,54.0000000046608,54.00009243699166,0.0,0.0,0.0,0.0,0.0,0.0,0.0,0.0,0.0,54.0,54.0,54.0,54.0,54.0,54.0,,,,3,8,19,54.0,0.0,SAME,1.0
KCL,2021-08-20,54.0,54.0,54.0,54.0,54.0,54.0,0.0,0.0,0.0,0.0,0.0,0.0,0.0,0.0,54.0,54.0,54.0,54.0,54.0000000031072,54.0000756302659,0.0,0.0,0.0,0.0,0.0,0.0,0.0,0.0,0.0,54.0,54.0,54.0,54.0,54.0,54.0,,,,4,8,20,54.0,0.0,SAME,1.0
KCL,2021-08-23,54.0,54.0,54.0,54.0,54.0,54.0,0.0,0.0,0.0,0.0,0.0,0.0,0.0,0.0,54.0,54.0,54.0,54.0,54.000000002071474,54.00006187930846,0.0,0.0,0.0,0.0,0.0,0.0,0.0,0.0,0.0,54.0,54.0,54.0,54.0,54.0,54.0,,,,0,8,23,54.0,0.0,SAME,1.0
KCL,2021-08-24,54.0,54.0,54.0,54.0,54.0,54.0,0.0,0.0,0.0,0.0,0.0,0.0,0.0,0.0,54.0,54.0,54.0,54.0,54.00000000138099,54.0000506285251,0.0,0.0,0.0,0.0,0.0,0.0,0.0,0.0,0.0,54.0,54.0,54.0,54.0,54.0,54.0,,,,1,8,24,54.0,0.0,SAME,1.0
KCL,2021-08-25,54.0,54.0,54.0,54.0,54.0,54.0,0.0,0.0,0.0,0.0,0.0,0.0,0.0,0.0,54.0,54.0,54.0,54.0,54.000000000920664,54.00004142333872,0.0,0.0,0.0,0.0,0.0,0.0,0.0,0.0,0.0,54.0,54.0,54.0,54.0,54.0,54.0,,,,2,8,25,54.0,0.0,SAME,1.0
KCL,2021-08-26,54.0,54.0,54.0,54.0,54.0,54.0,0.0,0.0,0.0,0.0,0.0,0.0,0.0,0.0,54.0,54.0,54.0,54.0,54.00000000061378,54.00003389182259,0.0,0.0,0.0,0.0,0.0,0.0,0.0,0.0,0.0,54.0,54.0,54.0,54.0,54.0,54.0,,,,3,8,26,54.0,0.0,SAME,1.0
KCL,2021-08-27,54.0,54.0,54.0,54.0,54.0,54.0,0.0,0.0,0.0,0.0,0.0,0.0,0.0,0.0,54.0,54.0,54.0,54.0,54.000000000409194,54.00002772967303,0.0,0.0,0.0,0.0,0.0,0.0,0.0,0.0,0.0,54.0,54.0,54.0,54.0,54.0,54.0,,,,4,8,27,54.0,0.0,SAME,1.0
KCL,2021-08-30,54.0,54.0,54.0,54.0,54.0,54.0,0.0,0.0,0.0,0.0,0.0,0.0,0.0,0.0,54.0,54.0,54.0,54.0,54.0000000002728,54.000022687914296,0.0,0.0,0.0,0.0,0.0,0.0,0.0,0.0,0.0,54.0,54.0,54.0,54.0,54.0,54.0,,,,0,8,30,54.0,0.0,SAME,1.0
KCL,2021-08-31,54.0,54.0,54.0,54.0,54.0,54.0,0.0,0.0,0.0,0.0,0.0,0.0,0.0,0.0,54.0,54.0,54.0,54.0,54.00000000018187,54.00001856283897,0.0,0.0,0.0,0.0,0.0,0.0,0.0,0.0,0.0,54.0,54.0,54.0,54.0,54.0,54.0,,,,1,8,31,54.0,0.0,SAME,1.0
KCL,2021-09-01,54.0,54.0,54.0,54.0,54.0,54.0,0.0,0.0,0.0,0.0,0.0,0.0,0.0,0.0,54.0,54.0,54.0,54.0,54.000000000121254,54.000015187777336,0.0,0.0,0.0,0.0,0.0,0.0,0.0,0.0,0.0,54.0,54.0,54.0,54.0,54.0,54.0,,,,2,9,1,54.0,0.0,SAME,1.0
KCL,2021-09-02,54.0,54.0,54.0,54.0,54.0,54.0,0.0,0.0,0.0,0.0,0.0,0.0,0.0,0.0,54.0,54.0,54.0,54.0,54.00000000008084,54.00001242636328,0.0,0.0,0.0,0.0,0.0,0.0,0.0,0.0,0.0,54.0,54.0,54.0,54.0,54.0,54.0,,,,3,9,2,54.0,0.0,SAME,1.0
KCL,2021-09-03,54.0,54.0,54.0,54.0,54.0,54.0,0.0,0.0,0.0,0.0,0.0,0.0,0.0,0.0,54.0,54.0,54.0,54.0,54.000000000053895,54.0000101670245,0.0,0.0,0.0,0.0,0.0,0.0,0.0,0.0,0.0,54.0,54.0,54.0,54.0,54.0,54.0,,,,4,9,3,54.0,0.0,SAME,1.0
KCL,2021-09-06,54.0,54.0,54.0,54.0,54.0,54.0,0.0,0.0,0.0,0.0,0.0,0.0,0.0,0.0,54.0,54.0,54.0,54.0,54.00000000003593,54.00000831847459,0.0,0.0,0.0,0.0,0.0,0.0,0.0,0.0,0.0,54.0,54.0,54.0,54.0,54.0,54.0,,,,0,9,6,54.0,0.0,SAME,1.0
KCL,2021-09-07,54.0,54.0,54.0,54.0,54.0,54.0,0.0,0.0,0.0,0.0,0.0,0.0,0.0,0.0,54.0,54.0,54.0,54.0,54.00000000002396,54.000006806024665,0.0,0.0,0.0,0.0,0.0,0.0,0.0,0.0,0.0,54.0,54.0,54.0,54.0,54.0,54.0,,,,1,9,7,54.0,0.0,SAME,1.0
KCL,2021-09-08,54.0,54.0,54.0,54.0,54.0,54.0,0.0,0.0,0.0,0.0,0.0,0.0,0.0,0.0,54.0,54.0,54.0,54.0,54.00000000001598,54.00000556856563,0.0,0.0,0.0,0.0,0.0,0.0,0.0,0.0,0.0,54.0,54.0,54.0,54.0,54.0,54.0,,,,2,9,8,54.0,0.0,SAME,1.0
KCL,2021-09-09,54.0,54.0,54.0,54.0,54.0,54.0,0.0,0.0,0.0,0.0,0.0,0.0,0.0,0.0,54.0,54.0,54.0,54.0,54.00000000001066,54.00000455609916,0.0,0.0,0.0,0.0,0.0,0.0,0.0,0.0,0.0,54.0,54.0,54.0,54.0,54.0,54.0,,,,3,9,9,54.0,0.0,SAME,1.0
KCL,2021-09-10,54.0,54.0,54.0,54.0,54.0,54.0,0.0,0.0,0.0,0.0,0.0,0.0,0.0,0.0,54.0,54.0,54.0,54.0,54.00000000000711,54.00000372771749,0.0,0.0,0.0,0.0,0.0,0.0,0.0,0.0,0.0,54.0,54.0,54.0,54.0,54.0,54.0,,,,4,9,10,54.0,0.0,SAME,1.0
KCL,2021-09-13,54.0,54.0,54.0,54.0,54.0,54.0,0.0,0.0,0.0,0.0,0.0,0.0,0.0,0.0,54.0,54.0,54.0,54.0,54.000000000004746,54.00000304995067,0.0,0.0,0.0,0.0,0.0,0.0,0.0,0.0,0.0,54.0,54.0,54.0,54.0,54.0,54.0,,,,0,9,13,54.0,0.0,SAME,1.0
KCL,2021-09-14,54.0,54.0,54.0,54.0,54.0,54.0,0.0,0.0,0.0,0.0,0.0,0.0,0.0,0.0,54.0,54.0,54.0,54.0,54.00000000000317,54.000002495414186,0.0,0.0,0.0,0.0,0.0,0.0,0.0,0.0,0.0,54.0,54.0,54.0,54.0,54.0,54.0,,,,1,9,14,54.0,0.0,SAME,1.0
KCL,2021-09-15,54.0,54.0,54.0,54.0,54.0,54.0,0.0,0.0,0.0,0.0,0.0,0.0,0.0,0.0,54.0,54.0,54.0,54.0,54.00000000000212,54.000002041702515,0.0,0.0,0.0,0.0,0.0,0.0,0.0,0.0,0.0,54.0,54.0,54.0,54.0,54.0,54.0,,,,2,9,15,54.0,0.0,SAME,1.0
KCL,2021-09-20,54.0,54.0,54.0,54.0,54.0,54.0,0.0,0.0,0.0,0.0,0.0,0.0,0.0,0.0,54.0,54.0,54.0,54.0,54.000000000001414,54.000001670483876,0.0,0.0,0.0,0.0,0.0,0.0,0.0,0.0,0.0,54.0,54.0,54.0,54.0,54.0,54.0,,,,0,9,20,54.0,0.0,SAME,1.0
KCL,2021-09-21,54.0,54.0,54.0,54.0,54.0,54.0,0.0,0.0,0.0,0.0,0.0,0.0,0.0,0.0,54.0,54.0,54.0,54.0,54.000000000000945,54.000001366759534,0.0,0.0,0.0,0.0,0.0,0.0,0.0,0.0,0.0,54.0,54.0,54.0,54.0,54.0,54.0,,,,1,9,21,54.0,0.0,SAME,1.0
KCL,2021-09-22,54.0,54.0,54.0,54.0,54.0,54.0,0.0,0.0,0.0,0.0,0.0,0.0,0.0,0.0,54.0,54.0,54.0,54.0,54.00000000000063,54.0000011182578,0.0,0.0,0.0,0.0,0.0,0.0,0.0,0.0,0.0,54.0,54.0,54.0,54.0,54.0,54.0,,,,2,9,22,54.0,0.0,SAME,1.0
KCL,2021-09-23,54.0,54.0,54.0,54.0,54.0,54.0,0.0,0.0,0.0,0.0,0.0,0.0,0.0,0.0,54.0,54.0,54.0,54.0,54.000000000000426,54.0000009149382,0.0,0.0,0.0,0.0,0.0,0.0,0.0,0.0,0.0,54.0,54.0,54.0,54.0,54.0,54.0,,,,3,9,23,54.0,0.0,SAME,1.0
KCL,2021-09-24,54.0,54.0,54.0,54.0,54.0,54.0,0.0,0.0,0.0,0.0,0.0,0.0,0.0,0.0,54.0,54.0,54.0,54.0,54.00000000000029,54.0000007485858,0.0,0.0,0.0,0.0,0.0,0.0,0.0,0.0,0.0,54.0,54.0,54.0,54.0,54.0,54.0,,,,4,9,24,54.0,0.0,SAME,1.0
KCL,2021-09-27,54.0,54.0,54.0,54.0,54.0,54.0,0.0,0.0,0.0,0.0,0.0,0.0,0.0,0.0,54.0,54.0,54.0,54.0,54.0000000000002,54.00000061247929,0.0,0.0,0.0,0.0,0.0,0.0,0.0,0.0,0.0,54.0,54.0,54.0,54.0,54.0,54.0,,,,0,9,27,54.0,0.0,SAME,1.0
KCL,2021-09-28,54.0,54.0,54.0,54.0,54.0,54.0,0.0,0.0,0.0,0.0,0.0,0.0,0.0,0.0,54.0,54.0,54.0,54.0,54.000000000000135,54.000000501119416,0.0,0.0,0.0,0.0,0.0,0.0,0.0,0.0,0.0,54.0,54.0,54.0,54.0,54.0,54.0,,,,1,9,28,54.0,0.0,SAME,1.0
KCL,2021-09-29,54.0,54.0,54.0,54.0,54.0,54.0,0.0,0.0,0.0,0.0,0.0,0.0,0.0,0.0,54.0,54.0,54.0,54.0,54.00000000000009,54.00000041000679,0.0,0.0,0.0,0.0,0.0,0.0,0.0,0.0,0.0,54.0,54.0,54.0,54.0,54.0,54.0,,,,2,9,29,54.0,0.0,SAME,1.0
KCL,2021-09-30,54.0,54.0,54.0,54.0,54.0,54.0,0.0,0.0,0.0,0.0,0.0,0.0,0.0,0.0,54.0,54.0,54.0,54.0,54.000000000000064,54.0000003354601,0.0,0.0,0.0,0.0,0.0,0.0,0.0,0.0,0.0,54.0,54.0,54.0,54.0,54.0,54.0,,,,3,9,30,54.0,0.0,SAME,1.0
KCL,2021-10-01,54.0,54.0,54.0,54.0,54.0,54.0,0.0,0.0,0.0,0.0,0.0,0.0,0.0,0.0,54.0,54.0,54.0,54.0,54.00000000000005,54.000000274467354,0.0,0.0,0.0,0.0,0.0,0.0,0.0,0.0,0.0,54.0,54.0,54.0,54.0,54.0,54.0,,,,4,10,1,54.0,0.0,SAME,1.0
KCL,2021-10-04,54.0,54.0,54.0,54.0,54.0,54.0,0.0,0.0,0.0,0.0,0.0,0.0,0.0,0.0,54.0,54.0,54.0,54.0,54.000000000000036,54.0000002245642,0.0,0.0,0.0,0.0,0.0,0.0,0.0,0.0,0.0,54.0,54.0,54.0,54.0,54.0,54.0,,,,0,10,4,54.0,0.0,SAME,1.0
KCL,2021-10-05,54.0,54.0,54.0,54.0,54.0,54.0,0.0,0.0,0.0,0.0,0.0,0.0,0.0,0.0,54.0,54.0,54.0,54.0,54.00000000000003,54.00000018373434,0.0,0.0,0.0,0.0,0.0,0.0,0.0,0.0,0.0,54.0,54.0,54.0,54.0,54.0,54.0,,,,1,10,5,54.0,0.0,SAME,1.0
KCL,2021-10-06,54.0,54.0,54.0,54.0,54.0,54.0,0.0,0.0,0.0,0.0,0.0,0.0,0.0,0.0,54.0,54.0,54.0,54.0,54.00000000000002,54.0000001503281,0.0,0.0,0.0,0.0,0.0,0.0,0.0,0.0,0.0,54.0,54.0,54.0,54.0,54.0,54.0,,,,2,10,6,54.0,0.0,SAME,1.0
KCL,2021-10-07,54.0,54.0,54.0,54.0,54.0,54.0,0.0,0.0,0.0,0.0,0.0,0.0,0.0,0.0,54.0,54.0,54.0,54.0,54.00000000000002,54.000000122995715,0.0,0.0,0.0,0.0,0.0,0.0,0.0,0.0,0.0,54.0,54.0,54.0,54.0,54.0,54.0,,,,3,10,7,54.0,0.0,SAME,1.0
KCL,2021-10-08,54.0,54.0,54.0,54.0,54.0,54.0,0.0,0.0,0.0,0.0,0.0,0.0,0.0,0.0,54.0,54.0,54.0,54.0,54.00000000000002,54.00000010063285,0.0,0.0,0.0,0.0,0.0,0.0,0.0,0.0,0.0,54.0,54.0,54.0,54.0,54.0,54.0,,,,4,10,8,54.0,0.0,SAME,1.0
KCL,2021-10-11,54.0,54.0,54.0,54.0,54.0,54.0,0.0,0.0,0.0,0.0,0.0,0.0,0.0,0.0,54.0,54.0,54.0,54.0,54.00000000000002,54.00000008233597,0.0,0.0,0.0,0.0,0.0,0.0,0.0,0.0,0.0,54.0,54.0,54.0,54.0,54.0,54.0,,,,0,10,11,54.0,0.0,SAME,1.0
KCL,2021-10-12,54.0,54.0,54.0,54.0,54.0,54.0,0.0,0.0,0.0,0.0,0.0,0.0,0.0,0.0,54.0,54.0,54.0,54.0,54.00000000000002,54.0000000673658,0.0,0.0,0.0,0.0,0.0,0.0,0.0,0.0,0.0,54.0,54.0,54.0,54.0,54.0,54.0,,,,1,10,12,54.0,0.0,SAME,1.0
KCL,2021-10-13,54.0,54.0,54.0,54.0,54.0,54.0,0.0,0.0,0.0,0.0,0.0,0.0,0.0,0.0,54.0,54.0,54.0,54.0,54.00000000000002,54.00000005511747,0.0,0.0,0.0,0.0,0.0,0.0,0.0,0.0,0.0,54.0,54.0,54.0,54.0,54.0,54.0,,,,2,10,13,54.0,0.0,SAME,1.0
KCL,2021-10-14,54.0,54.0,54.0,54.0,54.0,54.0,0.0,0.0,0.0,0.0,0.0,0.0,0.0,0.0,54.0,54.0,54.0,54.0,54.00000000000002,54.00000004509611,0.0,0.0,0.0,0.0,0.0,0.0,0.0,0.0,0.0,54.0,54.0,54.0,54.0,54.0,54.0,,,,3,10,14,54.0,0.0,SAME,1.0
KCL,2021-10-18,54.0,54.0,54.0,54.0,54.0,54.0,0.0,0.0,0.0,0.0,0.0,0.0,0.0,0.0,54.0,54.0,54.0,54.0,54.00000000000002,54.000000036896814,0.0,0.0,0.0,0.0,0.0,0.0,0.0,0.0,0.0,54.0,54.0,54.0,54.0,54.0,54.0,,,,0,10,18,54.0,0.0,SAME,1.0
KCL,2021-10-19,54.0,54.0,54.0,54.0,54.0,54.0,0.0,0.0,0.0,0.0,0.0,0.0,0.0,0.0,54.0,54.0,54.0,54.0,54.00000000000002,54.0000000301883,0.0,0.0,0.0,0.0,0.0,0.0,0.0,0.0,0.0,54.0,54.0,54.0,54.0,54.0,54.0,,,,1,10,19,54.0,0.0,SAME,1.0
KCL,2021-10-20,54.0,54.0,54.0,54.0,54.0,54.0,0.0,0.0,0.0,0.0,0.0,0.0,0.0,0.0,54.0,54.0,54.0,54.0,54.00000000000002,54.00000002469952,0.0,0.0,0.0,0.0,0.0,0.0,0.0,0.0,0.0,54.0,54.0,54.0,54.0,54.0,54.0,,,,2,10,20,54.0,0.0,SAME,1.0
KCL,2021-10-21,54.0,54.0,54.0,54.0,54.0,54.0,0.0,0.0,0.0,0.0,0.0,0.0,0.0,0.0,54.0,54.0,54.0,54.0,54.00000000000002,54.000000020208695,0.0,0.0,0.0,0.0,0.0,0.0,0.0,0.0,0.0,54.0,54.0,54.0,54.0,54.0,54.0,,,,3,10,21,54.0,0.0,SAME,1.0
KCL,2021-10-22,54.0,54.0,54.0,54.0,54.0,54.0,0.0,0.0,0.0,0.0,0.0,0.0,0.0,0.0,54.0,54.0,54.0,54.0,54.00000000000002,54.000000016534386,0.0,0.0,0.0,0.0,0.0,0.0,0.0,0.0,0.0,54.0,54.0,54.0,54.0,54.0,54.0,,,,4,10,22,54.0,0.0,SAME,1.0
KCL,2021-10-25,54.0,54.0,54.0,54.0,54.0,54.0,0.0,0.0,0.0,0.0,0.0,0.0,0.0,0.0,54.0,54.0,54.0,54.0,54.00000000000002,54.00000001352813,0.0,0.0,0.0,0.0,0.0,0.0,0.0,0.0,0.0,54.0,54.0,54.0,54.0,54.0,54.0,,,,0,10,25,54.0,0.0,SAME,1.0
KCL,2021-10-26,54.0,54.0,54.0,54.0,54.0,54.0,0.0,0.0,0.0,0.0,0.0,0.0,0.0,0.0,54.0,54.0,54.0,54.0,54.00000000000002,54.000000011068465,0.0,0.0,0.0,0.0,0.0,0.0,0.0,0.0,0.0,54.0,54.0,54.0,54.0,54.0,54.0,,,,1,10,26,54.0,0.0,SAME,1.0
KCL,2021-10-28,54.0,54.0,54.0,54.0,54.0,54.0,0.0,0.0,0.0,0.0,0.0,0.0,0.0,0.0,54.0,54.0,54.0,54.0,54.00000000000002,54.000000009056016,0.0,0.0,0.0,0.0,0.0,0.0,0.0,0.0,0.0,54.0,54.0,54.0,54.0,54.0,54.0,,,,3,10,28,55.0,1.0,UP,2.0
KCL,2021-10-29,55.0,54.0,54.0,54.0,54.0,54.0,1.0,1.0,1.0,0.0185185185185186,0.0185185185185186,0.0185185185185186,0.018349138668196617,0.018349138668196617,54.333333333333336,54.2,54.1,54.5,54.33333333333336,54.18181818922765,0.010691671651680733,0.00828173324999926,0.0058560697410525685,1.0,0.018518518518518517,1.0,0.018518518518518517,1.0,0.018518518518518517,54.0,55.0,54.0,55.0,54.0,55.0,1.0,1.0,1.0,4,10,29,55.0,0.0,SAME,1.0
KCL,2021-11-02,55.0,55.0,54.0,54.0,54.0,54.0,0.0,1.0,1.0,0.0,0.0185185185185186,0.0185185185185186,0.0,0.018349138668196617,54.666666666666664,54.4,54.2,54.75,54.55555555555557,54.330578518458985,0.010691671651680733,0.00828173324999926,0.0058560697410525685,1.0,0.018518518518518517,1.0,0.018518518518518517,1.0,0.018518518518518517,54.0,55.0,54.0,55.0,54.0,55.0,1.0,1.0,1.0,1,11,2,55.0,0.0,SAME,1.0
KCL,2021-11-03,55.0,55.0,55.0,54.0,54.0,54.0,0.0,0.0,1.0,0.0,0.0,0.0185185185185186,0.0,0.0,55.0,54.6,54.3,54.875,54.703703703703724,54.4522915151028,0.010691671651680733,0.00828173324999926,0.0058560697410525685,1.0,0.018518518518518517,1.0,0.018518518518518517,1.0,0.018518518518518517,55.0,55.0,54.0,55.0,54.0,55.0,,1.0,1.0,2,11,3,55.0,0.0,SAME,1.0
KCL,2021-11-04,55.0,55.0,55.0,55.0,54.0,54.0,0.0,0.0,0.0,0.0,0.0,0.0,0.0,0.0,55.0,54.8,54.4,54.9375,54.80246913580248,54.5518748759932,0.0,0.00828173324999926,0.0058560697410525685,0.0,0.0,1.0,0.018518518518518517,1.0,0.018518518518518517,55.0,55.0,54.0,55.0,54.0,55.0,,1.0,1.0,3,11,4,55.0,0.0,SAME,1.0
KCL,2021-11-05,55.0,55.0,55.0,55.0,54.0,54.0,0.0,0.0,0.0,0.0,0.0,0.0,0.0,0.0,55.0,55.0,54.5,54.96875,54.868312757201664,54.63335217126716,0.0,0.00828173324999926,0.0058560697410525685,0.0,0.0,1.0,0.018518518518518517,1.0,0.018518518518518517,55.0,55.0,55.0,55.0,54.0,55.0,,,1.0,4,11,5,55.0,0.0,SAME,1.0
KCL,2021-11-08,55.0,55.0,55.0,55.0,55.0,54.0,0.0,0.0,0.0,0.0,0.0,0.0,0.0,0.0,55.0,55.0,54.6,54.984375,54.912208504801114,54.700015412854945,0.0,0.0,0.0058560697410525685,0.0,0.0,0.0,0.0,1.0,0.018518518518518517,55.0,55.0,55.0,55.0,54.0,55.0,,,1.0,0,11,8,55.0,0.0,SAME,1.0
KCL,2021-11-09,55.0,55.0,55.0,55.0,55.0,54.0,0.0,0.0,0.0,0.0,0.0,0.0,0.0,0.0,55.0,55.0,54.7,54.9921875,54.941472336534076,54.75455806506314,0.0,0.0,0.0058560697410525685,0.0,0.0,0.0,0.0,1.0,0.018518518518518517,55.0,55.0,55.0,55.0,54.0,55.0,,,1.0,1,11,9,55.0,0.0,SAME,1.0
KCL,2021-11-10,55.0,55.0,55.0,55.0,55.0,54.0,0.0,0.0,0.0,0.0,0.0,0.0,0.0,0.0,55.0,55.0,54.8,54.99609375,54.960981557689394,54.79918387141529,0.0,0.0,0.0058560697410525685,0.0,0.0,0.0,0.0,1.0,0.018518518518518517,55.0,55.0,55.0,55.0,54.0,55.0,,,1.0,2,11,10,55.0,0.0,SAME,1.0
KCL,2021-11-12,55.0,55.0,55.0,55.0,55.0,54.0,0.0,0.0,0.0,0.0,0.0,0.0,0.0,0.0,55.0,55.0,54.9,54.998046875,54.97398770512626,54.83569589479432,0.0,0.0,0.0058560697410525685,0.0,0.0,0.0,0.0,1.0,0.018518518518518517,55.0,55.0,55.0,55.0,54.0,55.0,,,1.0,4,11,12,55.0,0.0,SAME,1.0
KCL,2021-11-15,55.0,55.0,55.0,55.0,55.0,54.0,0.0,0.0,0.0,0.0,0.0,0.0,0.0,0.0,55.0,55.0,55.0,54.9990234375,54.982658470084175,54.86556936846808,0.0,0.0,0.0058560697410525685,0.0,0.0,0.0,0.0,1.0,0.018518518518518517,55.0,55.0,55.0,55.0,55.0,55.0,,,,0,11,15,55.0,0.0,SAME,1.0
KCL,2021-11-16,55.0,55.0,55.0,55.0,55.0,55.0,0.0,0.0,0.0,0.0,0.0,0.0,0.0,0.0,55.0,55.0,55.0,54.99951171875,54.98843898005612,54.89001130147388,0.0,0.0,0.0,0.0,0.0,0.0,0.0,0.0,0.0,55.0,55.0,55.0,55.0,55.0,55.0,,,,1,11,16,55.0,0.0,SAME,1.0
KCL,2021-11-17,55.0,55.0,55.0,55.0,55.0,55.0,0.0,0.0,0.0,0.0,0.0,0.0,0.0,0.0,55.0,55.0,55.0,54.999755859375,54.992292653370754,54.910009246660444,0.0,0.0,0.0,0.0,0.0,0.0,0.0,0.0,0.0,55.0,55.0,55.0,55.0,55.0,55.0,,,,2,11,17,55.0,0.0,SAME,1.0
KCL,2021-11-18,55.0,55.0,55.0,55.0,55.0,55.0,0.0,0.0,0.0,0.0,0.0,0.0,0.0,0.0,55.0,55.0,55.0,54.9998779296875,54.994861768913836,54.92637120181309,0.0,0.0,0.0,0.0,0.0,0.0,0.0,0.0,0.0,55.0,55.0,55.0,55.0,55.0,55.0,,,,3,11,18,55.0,0.0,SAME,1.0
KCL,2021-11-19,55.0,55.0,55.0,55.0,55.0,55.0,0.0,0.0,0.0,0.0,0.0,0.0,0.0,0.0,55.0,55.0,55.0,54.99993896484375,54.99657451260923,54.93975825602889,0.0,0.0,0.0,0.0,0.0,0.0,0.0,0.0,0.0,55.0,55.0,55.0,55.0,55.0,55.0,,,,4,11,19,55.0,0.0,SAME,1.0
KCL,2021-11-22,55.0,55.0,55.0,55.0,55.0,55.0,0.0,0.0,0.0,0.0,0.0,0.0,0.0,0.0,55.0,55.0,55.0,54.999969482421875,54.99771634173949,54.95071130038727,0.0,0.0,0.0,0.0,0.0,0.0,0.0,0.0,0.0,55.0,55.0,55.0,55.0,55.0,55.0,,,,0,11,22,55.0,0.0,SAME,1.0
KCL,2021-11-23,55.0,55.0,55.0,55.0,55.0,55.0,0.0,0.0,0.0,0.0,0.0,0.0,0.0,0.0,55.0,55.0,55.0,54.99998474121094,54.99847756115966,54.95967288213504,0.0,0.0,0.0,0.0,0.0,0.0,0.0,0.0,0.0,55.0,55.0,55.0,55.0,55.0,55.0,,,,1,11,23,55.0,0.0,SAME,1.0
KCL,2021-11-24,55.0,55.0,55.0,55.0,55.0,55.0,0.0,0.0,0.0,0.0,0.0,0.0,0.0,0.0,55.0,55.0,55.0,54.99999237060547,54.99898504077311,54.96700508538321,0.0,0.0,0.0,0.0,0.0,0.0,0.0,0.0,0.0,55.0,55.0,55.0,55.0,55.0,55.0,,,,2,11,24,55.0,0.0,SAME,1.0
KCL,2021-11-25,55.0,55.0,55.0,55.0,55.0,55.0,0.0,0.0,0.0,0.0,0.0,0.0,0.0,0.0,55.0,55.0,55.0,54.999996185302734,54.999323360515405,54.97300416076808,0.0,0.0,0.0,0.0,0.0,0.0,0.0,0.0,0.0,55.0,55.0,55.0,55.0,55.0,55.0,,,,3,11,25,55.0,0.0,SAME,1.0
KCL,2021-11-26,55.0,55.0,55.0,55.0,55.0,55.0,0.0,0.0,0.0,0.0,0.0,0.0,0.0,0.0,55.0,55.0,55.0,54.99999809265137,54.99954890701028,54.977912495173875,0.0,0.0,0.0,0.0,0.0,0.0,0.0,0.0,0.0,55.0,55.0,55.0,55.0,55.0,55.0,,,,4,11,26,55.0,0.0,SAME,1.0
KCL,2021-11-29,55.0,55.0,55.0,55.0,55.0,55.0,0.0,0.0,0.0,0.0,0.0,0.0,0.0,0.0,55.0,55.0,55.0,54.999999046325684,54.99969927134019,54.981928405142256,0.0,0.0,0.0,0.0,0.0,0.0,0.0,0.0,0.0,55.0,55.0,55.0,55.0,55.0,55.0,,,,0,11,29,55.0,0.0,SAME,1.0
KCL,2021-11-30,55.0,55.0,55.0,55.0,55.0,55.0,0.0,0.0,0.0,0.0,0.0,0.0,0.0,0.0,55.0,55.0,55.0,54.99999952316284,54.999799514226794,54.98521414966184,0.0,0.0,0.0,0.0,0.0,0.0,0.0,0.0,0.0,55.0,55.0,55.0,55.0,55.0,55.0,,,,1,11,30,55.0,0.0,SAME,1.0
KCL,2021-12-01,55.0,55.0,55.0,55.0,55.0,55.0,0.0,0.0,0.0,0.0,0.0,0.0,0.0,0.0,55.0,55.0,55.0,54.99999976158142,54.99986634281787,54.98790248608696,0.0,0.0,0.0,0.0,0.0,0.0,0.0,0.0,0.0,55.0,55.0,55.0,55.0,55.0,55.0,,,,2,12,1,55.0,0.0,SAME,1.0
KCL,2021-12-02,55.0,55.0,55.0,55.0,55.0,55.0,0.0,0.0,0.0,0.0,0.0,0.0,0.0,0.0,55.0,55.0,55.0,54.99999988079071,54.99991089521191,54.99010203407114,0.0,0.0,0.0,0.0,0.0,0.0,0.0,0.0,0.0,55.0,55.0,55.0,55.0,55.0,55.0,,,,3,12,2,55.0,0.0,SAME,1.0
KCL,2021-12-03,55.0,55.0,55.0,55.0,55.0,55.0,0.0,0.0,0.0,0.0,0.0,0.0,0.0,0.0,55.0,55.0,55.0,54.999999940395355,54.999940596807946,54.991901664240025,0.0,0.0,0.0,0.0,0.0,0.0,0.0,0.0,0.0,55.0,55.0,55.0,55.0,55.0,55.0,,,,4,12,3,55.0,0.0,SAME,1.0
KCL,2021-12-06,55.0,55.0,55.0,55.0,55.0,55.0,0.0,0.0,0.0,0.0,0.0,0.0,0.0,0.0,55.0,55.0,55.0,54.99999997019768,54.99996039787197,54.99337408892365,0.0,0.0,0.0,0.0,0.0,0.0,0.0,0.0,0.0,55.0,55.0,55.0,55.0,55.0,55.0,,,,0,12,6,55.0,0.0,SAME,1.0
KCL,2021-12-07,55.0,55.0,55.0,55.0,55.0,55.0,0.0,0.0,0.0,0.0,0.0,0.0,0.0,0.0,55.0,55.0,55.0,54.99999998509884,54.99997359858132,54.99457880002844,0.0,0.0,0.0,0.0,0.0,0.0,0.0,0.0,0.0,55.0,55.0,55.0,55.0,55.0,55.0,,,,1,12,7,55.0,0.0,SAME,1.0
KCL,2021-12-08,55.0,55.0,55.0,55.0,55.0,55.0,0.0,0.0,0.0,0.0,0.0,0.0,0.0,0.0,55.0,55.0,55.0,54.99999999254942,54.99998239905422,54.99556447275054,0.0,0.0,0.0,0.0,0.0,0.0,0.0,0.0,0.0,55.0,55.0,55.0,55.0,55.0,55.0,,,,2,12,8,55.0,0.0,SAME,1.0
KCL,2021-12-09,55.0,55.0,55.0,55.0,55.0,55.0,0.0,0.0,0.0,0.0,0.0,0.0,0.0,0.0,55.0,55.0,55.0,54.99999999627471,54.999988266036155,54.996370932250436,0.0,0.0,0.0,0.0,0.0,0.0,0.0,0.0,0.0,55.0,55.0,55.0,55.0,55.0,55.0,,,,3,12,9,55.0,0.0,SAME,1.0
KCL,2021-12-10,55.0,55.0,55.0,55.0,55.0,55.0,0.0,0.0,0.0,0.0,0.0,0.0,0.0,0.0,55.0,55.0,55.0,54.999999998137355,54.99999217735744,54.997030762750356,0.0,0.0,0.0,0.0,0.0,0.0,0.0,0.0,0.0,55.0,55.0,55.0,55.0,55.0,55.0,,,,4,12,10,55.0,0.0,SAME,1.0
KCL,2021-12-13,55.0,55.0,55.0,55.0,55.0,55.0,0.0,0.0,0.0,0.0,0.0,0.0,0.0,0.0,55.0,55.0,55.0,54.99999999906868,54.99999478490497,54.99757062406847,0.0,0.0,0.0,0.0,0.0,0.0,0.0,0.0,0.0,55.0,55.0,55.0,55.0,55.0,55.0,,,,0,12,13,55.0,0.0,SAME,1.0
KCL,2021-12-14,55.0,55.0,55.0,55.0,55.0,55.0,0.0,0.0,0.0,0.0,0.0,0.0,0.0,0.0,55.0,55.0,55.0,54.99999999953434,54.999996523269985,54.99801232878329,0.0,0.0,0.0,0.0,0.0,0.0,0.0,0.0,0.0,55.0,55.0,55.0,55.0,55.0,55.0,,,,1,12,14,55.0,0.0,SAME,1.0
KCL,2021-12-15,55.0,55.0,55.0,55.0,55.0,55.0,0.0,0.0,0.0,0.0,0.0,0.0,0.0,0.0,55.0,55.0,55.0,54.99999999976717,54.999997682179995,54.99837372354996,0.0,0.0,0.0,0.0,0.0,0.0,0.0,0.0,0.0,55.0,55.0,55.0,55.0,55.0,55.0,,,,2,12,15,55.0,0.0,SAME,1.0
KCL,2021-12-16,55.0,55.0,55.0,55.0,55.0,55.0,0.0,0.0,0.0,0.0,0.0,0.0,0.0,0.0,55.0,55.0,55.0,54.999999999883585,54.99999845478666,54.998669410177236,0.0,0.0,0.0,0.0,0.0,0.0,0.0,0.0,0.0,55.0,55.0,55.0,55.0,55.0,55.0,,,,3,12,16,55.0,0.0,SAME,1.0
KCL,2021-12-20,55.0,55.0,55.0,55.0,55.0,55.0,0.0,0.0,0.0,0.0,0.0,0.0,0.0,0.0,55.0,55.0,55.0,54.99999999994179,54.999998969857785,54.99891133559955,0.0,0.0,0.0,0.0,0.0,0.0,0.0,0.0,0.0,55.0,55.0,55.0,55.0,55.0,55.0,,,,0,12,20,55.0,0.0,SAME,1.0
KCL,2021-12-21,55.0,55.0,55.0,55.0,55.0,55.0,0.0,0.0,0.0,0.0,0.0,0.0,0.0,0.0,55.0,55.0,55.0,54.999999999970896,54.99999931323853,54.99910927458145,0.0,0.0,0.0,0.0,0.0,0.0,0.0,0.0,0.0,55.0,55.0,55.0,55.0,55.0,55.0,,,,1,12,21,52.25,-2.75,DOWN,0.0
KCL,2021-12-23,52.25,55.0,55.0,55.0,55.0,55.0,-2.75,-2.75,-2.75,-0.050000000000000044,-0.050000000000000044,-0.050000000000000044,-0.05129329438755058,-0.05129329438755058,54.083333333333336,54.45,54.725,53.62499999998545,54.08333287549236,54.49927122465755,0.0288675134594888,0.022360679774997918,0.01581138830084193,-2.75,-0.05,-2.75,-0.05,-2.75,-0.05,52.25,55.0,52.25,55.0,52.25,55.0,0.0,0.0,0.0,3,12,23,52.25,0.0,SAME,1.0
KCL,2021-12-24,52.25,52.25,55.0,55.0,55.0,55.0,0.0,-2.75,-2.75,0.0,-0.050000000000000044,-0.050000000000000044,0.0,-0.05129329438755058,53.166666666666664,53.9,54.45,52.937499999992724,53.47222191699491,54.090312820174354,0.0288675134594888,0.022360679774997918,0.01581138830084193,-2.75,-0.05,-2.75,-0.05,-2.75,-0.05,52.25,55.0,52.25,55.0,52.25,55.0,0.0,0.0,0.0,4,12,24,52.25,0.0,SAME,1.0
KCL,2021-12-27,52.25,52.25,52.25,55.0,55.0,55.0,0.0,0.0,-2.75,0.0,0.0,-0.050000000000000044,0.0,0.0,52.25,53.35,54.175,52.59374999999636,53.06481461132994,53.75571048923356,0.0288675134594888,0.022360679774997918,0.01581138830084193,-2.75,-0.05,-2.75,-0.05,-2.75,-0.05,52.25,52.25,52.25,55.0,52.25,55.0,,0.0,0.0,0,12,27,52.25,0.0,SAME,1.0
KCL,2021-12-28,52.25,52.25,52.25,52.25,55.0,55.0,0.0,0.0,0.0,0.0,0.0,0.0,0.0,0.0,52.25,52.8,53.9,52.42187499999818,52.79320974088663,53.481944945736544,0.0,0.022360679774997918,0.01581138830084193,0.0,0.0,-2.75,-0.05,-2.75,-0.05,52.25,52.25,52.25,55.0,52.25,55.0,,0.0,0.0,1,12,28,52.0,-0.25,DOWN,0.0
KCL,2021-12-29,52.0,52.25,52.25,52.25,55.0,55.0,-0.25,-0.25,-0.25,-0.004784688995215336,-0.004784688995215336,-0.004784688995215336,-0.004796172263493055,-0.004796172263493055,52.166666666666664,52.2,53.6,52.21093749999909,52.52880649392442,53.212500410148074,0.0027624414794563154,0.021923850135870553,0.015715374757615544,-0.25,-0.004784688995215311,-3.0,-0.05454545454545454,-3.0,-0.05454545454545454,52.0,52.25,52.0,52.25,52.0,55.0,0.0,0.0,0.0,2,12,29,52.0,0.0,SAME,1.0
KCL,2021-12-30,52.0,52.0,52.25,52.25,52.25,55.0,0.0,-0.25,-0.25,0.0,-0.004784688995215336,-0.004784688995215336,0.0,-0.004796172263493055,52.083333333333336,52.15,53.3,52.105468749999545,52.352537662616285,52.992045790121146,0.0027624414794563154,0.0021397779688993508,0.015715374757615544,-0.25,-0.004784688995215311,-0.25,-0.004784688995215311,-3.0,-0.05454545454545454,52.0,52.25,52.0,52.25,52.0,55.0,0.0,0.0,0.0,3,12,30,52.0,0.0,SAME,1.0
KCL,2021-12-31,52.0,52.0,52.0,52.25,52.25,55.0,0.0,0.0,-0.25,0.0,0.0,-0.004784688995215336,0.0,0.0,52.0,52.1,53.0,52.05273437499977,52.235025108410866,52.81167382828093,0.0027624414794563154,0.0021397779688993508,0.015715374757615544,-0.25,-0.004784688995215311,-0.25,-0.004784688995215311,-3.0,-0.05454545454545454,52.0,52.0,52.0,52.25,52.0,55.0,,0.0,0.0,4,12,31,52.0,0.0,SAME,1.0
KCL,2022-01-03,52.0,52.0,52.0,52.0,52.25,55.0,0.0,0.0,0.0,0.0,0.0,0.0,0.0,0.0,52.0,52.05,52.7,52.026367187499886,52.156683405607254,52.66409676859348,0.0,0.0021397779688993508,0.015715374757615544,0.0,0.0,-0.25,-0.004784688995215311,-3.0,-0.05454545454545454,52.0,52.0,52.0,52.25,52.0,55.0,,0.0,0.0,0,1,3,52.0,0.0,SAME,1.0
KCL,2022-01-04,52.0,52.0,52.0,52.0,52.25,55.0,0.0,0.0,0.0,0.0,0.0,0.0,0.0,0.0,52.0,52.0,52.4,52.01318359374994,52.104455603738174,52.54335190157648,0.0,0.0021397779688993508,0.015715374757615544,0.0,0.0,-0.25,-0.004784688995215311,-3.0,-0.05454545454545454,52.0,52.0,52.0,52.0,52.0,55.0,,,0.0,1,1,4,52.0,0.0,SAME,1.0
KCL,2022-01-05,52.0,52.0,52.0,52.0,52.0,55.0,0.0,0.0,0.0,0.0,0.0,0.0,0.0,0.0,52.0,52.0,52.1,52.00659179687497,52.06963706915879,52.444560646744385,0.0,0.0,0.015715374757615544,0.0,0.0,0.0,0.0,-3.0,-0.05454545454545454,52.0,52.0,52.0,52.0,52.0,52.25,,,0.0,2,1,5,52.0,0.0,SAME,1.0
KCL,2022-01-06,52.0,52.0,52.0,52.0,52.0,52.25,0.0,0.0,0.0,0.0,0.0,0.0,0.0,0.0,52.0,52.0,52.075,52.003295898437486,52.046424712772534,52.3637314382454,0.0,0.0,0.0015130515120423452,0.0,0.0,0.0,0.0,-0.25,-0.004784688995215311,52.0,52.0,52.0,52.0,52.0,52.25,,,0.0,3,1,6,52.0,0.0,SAME,1.0
KCL,2022-01-07,52.0,52.0,52.0,52.0,52.0,52.25,0.0,0.0,0.0,0.0,0.0,0.0,0.0,0.0,52.0,52.0,52.05,52.00164794921874,52.03094980851503,52.297598449473504,0.0,0.0,0.0015130515120423452,0.0,0.0,0.0,0.0,-0.25,-0.004784688995215311,52.0,52.0,52.0,52.0,52.0,52.25,,,0.0,4,1,7,52.0,0.0,SAME,1.0
KCL,2022-01-10,52.0,52.0,52.0,52.0,52.0,52.25,0.0,0.0,0.0,0.0,0.0,0.0,0.0,0.0,52.0,52.0,52.025,52.000823974609375,52.02063320567669,52.243489640478316,0.0,0.0,0.0015130515120423452,0.0,0.0,0.0,0.0,-0.25,-0.004784688995215311,52.0,52.0,52.0,52.0,52.0,52.25,,,0.0,0,1,10,50.0,-2.0,DOWN,0.0
KCL,2022-01-11,50.0,52.0,52.0,52.0,52.0,52.25,-2.0,-2.0,-2.0,-0.038461538461538436,-0.038461538461538436,-0.038461538461538436,-0.03922071315328127,-0.03922071315328127,51.333333333333336,51.6,51.8,51.00041198730469,51.34708880378446,51.835582433118624,0.02220577958422615,0.017200522903844526,0.012088376284151886,-2.0,-0.038461538461538464,-2.0,-0.038461538461538464,-2.25,-0.0430622009569378,50.0,52.0,50.0,52.0,50.0,52.0,0.0,0.0,0.0,1,1,11,50.0,0.0,SAME,1.0
KCL,2022-01-12,50.0,50.0,52.0,52.0,52.0,52.0,0.0,-2.0,-2.0,0.0,-0.038461538461538436,-0.038461538461538436,0.0,-0.03922071315328127,50.666666666666664,51.2,51.6,50.500205993652344,50.89805920252297,51.5018401725516,0.02220577958422615,0.017200522903844526,0.01216260638526301,-2.0,-0.038461538461538464,-2.0,-0.038461538461538464,-2.0,-0.038461538461538464,50.0,52.0,50.0,52.0,50.0,52.0,0.0,0.0,0.0,2,1,12,50.0,0.0,SAME,1.0
KCL,2022-01-13,50.0,50.0,50.0,52.0,52.0,52.0,0.0,0.0,-2.0,0.0,0.0,-0.038461538461538436,0.0,0.0,50.0,50.8,51.4,50.25010299682617,50.59870613501532,51.22877832299677,0.02220577958422615,0.017200522903844526,0.01216260638526301,-2.0,-0.038461538461538464,-2.0,-0.038461538461538464,-2.0,-0.038461538461538464,50.0,50.0,50.0,52.0,50.0,52.0,,0.0,0.0,3,1,13,50.0,0.0,SAME,1.0
KCL,2022-01-14,50.0,50.0,50.0,50.0,52.0,52.0,0.0,0.0,0.0,0.0,0.0,0.0,0.0,0.0,50.0,50.4,51.2,50.125051498413086,50.39913742334355,51.0053640824519,0.0,0.017200522903844526,0.01216260638526301,0.0,0.0,-2.0,-0.038461538461538464,-2.0,-0.038461538461538464,50.0,50.0,50.0,52.0,50.0,52.0,,0.0,0.0,4,1,14,50.0,0.0,SAME,1.0
KCL,2022-01-17,50.0,50.0,50.0,50.0,52.0,52.0,0.0,0.0,0.0,0.0,0.0,0.0,0.0,0.0,50.0,50.0,51.0,50.06252574920654,50.26609161556237,50.822570612915186,0.0,0.017200522903844526,0.01216260638526301,0.0,0.0,-2.0,-0.038461538461538464,-2.0,-0.038461538461538464,50.0,50.0,50.0,50.0,50.0,52.0,,,0.0,0,1,17,50.0,0.0,SAME,1.0
KCL,2022-01-18,50.0,50.0,50.0,50.0,50.0,52.0,0.0,0.0,0.0,0.0,0.0,0.0,0.0,0.0,50.0,50.0,50.8,50.03126287460327,50.177394410374916,50.67301231965788,0.0,0.0,0.01216260638526301,0.0,0.0,0.0,0.0,-2.0,-0.038461538461538464,50.0,50.0,50.0,50.0,50.0,52.0,,,0.0,1,1,18,50.0,0.0,SAME,1.0
KCL,2022-01-19,50.0,50.0,50.0,50.0,50.0,52.0,0.0,0.0,0.0,0.0,0.0,0.0,0.0,0.0,50.0,50.0,50.6,50.015631437301636,50.11826294024995,50.55064644335645,0.0,0.0,0.01216260638526301,0.0,0.0,0.0,0.0,-2.0,-0.038461538461538464,50.0,50.0,50.0,50.0,50.0,52.0,,,0.0,2,1,19,50.0,0.0,SAME,1.0
KCL,2022-01-20,50.0,50.0,50.0,50.0,50.0,52.0,0.0,0.0,0.0,0.0,0.0,0.0,0.0,0.0,50.0,50.0,50.4,50.00781571865082,50.078841960166635,50.45052890820073,0.0,0.0,0.01216260638526301,0.0,0.0,0.0,0.0,-2.0,-0.038461538461538464,50.0,50.0,50.0,50.0,50.0,52.0,,,0.0,3,1,20,50.0,0.0,SAME,1.0
KCL,2022-01-21,50.0,50.0,50.0,50.0,50.0,52.0,0.0,0.0,0.0,0.0,0.0,0.0,0.0,0.0,50.0,50.0,50.2,50.00390785932541,50.05256130677776,50.36861456125514,0.0,0.0,0.01216260638526301,0.0,0.0,0.0,0.0,-2.0,-0.038461538461538464,50.0,50.0,50.0,50.0,50.0,52.0,,,0.0,4,1,21,52.5,2.5,UP,2.0
KCL,2022-01-24,52.5,50.0,50.0,50.0,50.0,52.0,2.5,2.5,2.5,0.050000000000000044,0.050000000000000044,0.050000000000000044,0.04879016416943205,0.04879016416943205,50.833333333333336,50.5,50.25,51.251953929662704,50.86837420451851,50.75613918648148,0.028867513459489194,0.022360679774997918,0.02099199935256009,2.5,0.05,2.5,0.05,0.5,0.009615384615384616,50.0,52.5,50.0,52.5,50.0,52.5,1.0,1.0,1.0,0,1,24,52.5,0.0,SAME,1.0
KCL,2022-01-25,52.5,52.5,50.0,50.0,50.0,50.0,0.0,2.5,2.5,0.0,0.050000000000000044,0.050000000000000044,0.0,0.04879016416943205,51.666666666666664,51.0,50.5,51.87597696483135,51.41224946967901,51.073204788939385,0.028867513459489194,0.022360679774997918,0.015811388300841896,2.5,0.05,2.5,0.05,2.5,0.05,50.0,52.5,50.0,52.5,50.0,52.5,1.0,1.0,1.0,1,1,25,52.5,0.0,SAME,1.0
KCL,2022-01-26,52.5,52.5,52.5,50.0,50.0,50.0,0.0,0.0,2.5,0.0,0.0,0.050000000000000044,0.0,0.0,52.5,51.5,50.75,52.187988482415676,51.77483297978601,51.33262210004131,0.028867513459489194,0.022360679774997918,0.015811388300841896,2.5,0.05,2.5,0.05,2.5,0.05,52.5,52.5,50.0,52.5,50.0,52.5,,1.0,1.0,2,1,26,52.5,0.0,SAME,1.0
KCL,2022-01-27,52.5,52.5,52.5,52.5,50.0,50.0,0.0,0.0,0.0,0.0,0.0,0.0,0.0,0.0,52.5,52.0,51.0,52.34399424120784,52.016555319857346,51.544872627306525,0.0,0.022360679774997918,0.015811388300841896,0.0,0.0,2.5,0.05,2.5,0.05,52.5,52.5,50.0,52.5,50.0,52.5,,1.0,1.0,3,1,27,52.5,0.0,SAME,1.0
KCL,2022-01-28,52.5,52.5,52.5,52.5,50.0,50.0,0.0,0.0,0.0,0.0,0.0,0.0,0.0,0.0,52.5,52.5,51.25,52.42199712060392,52.17770354657157,51.718532149614425,0.0,0.022360679774997918,0.015811388300841896,0.0,0.0,2.5,0.05,2.5,0.05,52.5,52.5,52.5,52.5,50.0,52.5,,,1.0,4,1,28,52.5,0.0,SAME,1.0
KCL,2022-01-31,52.5,52.5,52.5,52.5,52.5,50.0,0.0,0.0,0.0,0.0,0.0,0.0,0.0,0.0,52.5,52.5,51.5,52.46099856030196,52.28513569771439,51.86061721332089,0.0,0.0,0.015811388300841896,0.0,0.0,0.0,0.0,2.5,0.05,52.5,52.5,52.5,52.5,50.0,52.5,,,1.0,0,1,31,52.5,0.0,SAME,1.0
KCL,2022-02-01,52.5,52.5,52.5,52.5,52.5,50.0,0.0,0.0,0.0,0.0,0.0,0.0,0.0,0.0,52.5,52.5,51.75,52.48049928015098,52.356757131809594,51.97686862908073,0.0,0.0,0.015811388300841896,0.0,0.0,0.0,0.0,2.5,0.05,52.5,52.5,52.5,52.5,50.0,52.5,,,1.0,1,2,1,52.5,0.0,SAME,1.0
KCL,2022-02-03,52.5,52.5,52.5,52.5,52.5,50.0,0.0,0.0,0.0,0.0,0.0,0.0,0.0,0.0,52.5,52.5,52.0,52.49024964007549,52.40450475453974,52.07198342379332,0.0,0.0,0.015811388300841896,0.0,0.0,0.0,0.0,2.5,0.05,52.5,52.5,52.5,52.5,50.0,52.5,,,1.0,3,2,3,52.5,0.0,SAME,1.0
KCL,2022-02-04,52.5,52.5,52.5,52.5,52.5,50.0,0.0,0.0,0.0,0.0,0.0,0.0,0.0,0.0,52.5,52.5,52.25,52.495124820037745,52.436336503026496,52.14980461946726,0.0,0.0,0.015811388300841896,0.0,0.0,0.0,0.0,2.5,0.05,52.5,52.5,52.5,52.5,50.0,52.5,,,1.0,4,2,4,52.5,0.0,SAME,1.0
KCL,2022-02-07,52.5,52.5,52.5,52.5,52.5,50.0,0.0,0.0,0.0,0.0,0.0,0.0,0.0,0.0,52.5,52.5,52.5,52.49756241001887,52.45755766868434,52.21347650683685,0.0,0.0,0.015811388300841896,0.0,0.0,0.0,0.0,2.5,0.05,52.5,52.5,52.5,52.5,52.5,52.5,,,,0,2,7,52.5,0.0,SAME,1.0
KCL,2022-02-08,52.5,52.5,52.5,52.5,52.5,52.5,0.0,0.0,0.0,0.0,0.0,0.0,0.0,0.0,52.5,52.5,52.5,52.498781205009436,52.47170511245623,52.26557168741196,0.0,0.0,0.0,0.0,0.0,0.0,0.0,0.0,0.0,52.5,52.5,52.5,52.5,52.5,52.5,,,,1,2,8,52.5,0.0,SAME,1.0
KCL,2022-02-09,52.5,52.5,52.5,52.5,52.5,52.5,0.0,0.0,0.0,0.0,0.0,0.0,0.0,0.0,52.5,52.5,52.5,52.49939060250472,52.48113674163749,52.30819501697342,0.0,0.0,0.0,0.0,0.0,0.0,0.0,0.0,0.0,52.5,52.5,52.5,52.5,52.5,52.5,,,,2,2,9,50.0,-2.5,DOWN,0.0
KCL,2022-02-10,50.0,52.5,52.5,52.5,52.5,52.5,-2.5,-2.5,-2.5,-0.04761904761904767,-0.04761904761904767,-0.04761904761904767,-0.048790164169432056,-0.048790164169432056,51.666666666666664,52.0,52.25,51.24969530125236,51.654091161091664,51.888523195705524,0.027492869961418642,0.021295885499998023,0.01505846504842089,-2.5,-0.047619047619047616,-2.5,-0.047619047619047616,-2.5,-0.047619047619047616,50.0,52.5,50.0,52.5,50.0,52.5,0.0,0.0,0.0,3,2,10,50.0,0.0,SAME,1.0
KCL,2022-02-11,50.0,50.0,52.5,52.5,52.5,52.5,0.0,-2.5,-2.5,0.0,-0.04761904761904767,-0.04761904761904767,0.0,-0.048790164169432056,50.833333333333336,51.5,52.0,50.62484765062618,51.102727440727776,51.545155341940884,0.027492869961418642,0.021295885499998023,0.01505846504842089,-2.5,-0.047619047619047616,-2.5,-0.047619047619047616,-2.5,-0.047619047619047616,50.0,52.5,50.0,52.5,50.0,52.5,0.0,0.0,0.0,4,2,11,50.0,0.0,SAME,1.0
KCL,2022-02-14,50.0,50.0,50.0,52.5,52.5,52.5,0.0,0.0,-2.5,0.0,0.0,-0.04761904761904767,0.0,0.0,50.0,51.0,51.75,50.31242382531309,50.73515162715185,51.264218007042544,0.027492869961418642,0.021295885499998023,0.01505846504842089,-2.5,-0.047619047619047616,-2.5,-0.047619047619047616,-2.5,-0.047619047619047616,50.0,50.0,50.0,52.5,50.0,52.5,,0.0,0.0,0,2,14,50.0,0.0,SAME,1.0
KCL,2022-02-15,50.0,50.0,50.0,50.0,52.5,52.5,0.0,0.0,0.0,0.0,0.0,0.0,0.0,0.0,50.0,50.5,51.5,50.156211912656545,50.4901010847679,51.03436018758026,0.0,0.021295885499998023,0.01505846504842089,0.0,0.0,-2.5,-0.047619047619047616,-2.5,-0.047619047619047616,50.0,50.0,50.0,52.5,50.0,52.5,,0.0,0.0,1,2,15,50.0,0.0,SAME,1.0
KCL,2022-02-16,50.0,50.0,50.0,50.0,52.5,52.5,0.0,0.0,0.0,0.0,0.0,0.0,0.0,0.0,50.0,50.0,51.25,50.07810595632827,50.32673405651194,50.846294698929306,0.0,0.021295885499998023,0.01505846504842089,0.0,0.0,-2.5,-0.047619047619047616,-2.5,-0.047619047619047616,50.0,50.0,50.0,50.0,50.0,52.5,,,0.0,2,2,16,50.0,0.0,SAME,1.0
KCL,2022-02-17,50.0,50.0,50.0,50.0,50.0,52.5,0.0,0.0,0.0,0.0,0.0,0.0,0.0,0.0,50.0,50.0,51.0,50.039052978164136,50.217822704341295,50.69242293548761,0.0,0.0,0.01505846504842089,0.0,0.0,0.0,0.0,-2.5,-0.047619047619047616,50.0,50.0,50.0,50.0,50.0,52.5,,,0.0,3,2,17,50.0,0.0,SAME,1.0
KCL,2022-02-18,50.0,50.0,50.0,50.0,50.0,52.5,0.0,0.0,0.0,0.0,0.0,0.0,0.0,0.0,50.0,50.0,50.75,50.01952648908207,50.145215136227534,50.56652785630805,0.0,0.0,0.01505846504842089,0.0,0.0,0.0,0.0,-2.5,-0.047619047619047616,50.0,50.0,50.0,50.0,50.0,52.5,,,0.0,4,2,18,50.0,0.0,SAME,1.0
KCL,2022-02-24,50.0,50.0,50.0,50.0,50.0,52.5,0.0,0.0,0.0,0.0,0.0,0.0,0.0,0.0,50.0,50.0,50.5,50.009763244541034,50.09681009081836,50.46352279152477,0.0,0.0,0.01505846504842089,0.0,0.0,0.0,0.0,-2.5,-0.047619047619047616,50.0,50.0,50.0,50.0,50.0,52.5,,,0.0,3,2,24,50.0,0.0,SAME,1.0
KCL,2022-02-25,50.0,50.0,50.0,50.0,50.0,52.5,0.0,0.0,0.0,0.0,0.0,0.0,0.0,0.0,50.0,50.0,50.25,50.00488162227052,50.064540060545575,50.37924592033845,0.0,0.0,0.01505846504842089,0.0,0.0,0.0,0.0,-2.5,-0.047619047619047616,50.0,50.0,50.0,50.0,50.0,52.5,,,0.0,4,2,25,50.0,0.0,SAME,1.0
KCL,2022-02-28,50.0,50.0,50.0,50.0,50.0,52.5,0.0,0.0,0.0,0.0,0.0,0.0,0.0,0.0,50.0,50.0,50.0,50.00244081113526,50.043026707030386,50.31029211664055,0.0,0.0,0.01505846504842089,0.0,0.0,0.0,0.0,-2.5,-0.047619047619047616,50.0,50.0,50.0,50.0,50.0,50.0,,,,0,2,28,50.0,0.0,SAME,1.0
KCL,2022-03-01,50.0,50.0,50.0,50.0,50.0,50.0,0.0,0.0,0.0,0.0,0.0,0.0,0.0,0.0,50.0,50.0,50.0,50.00122040556763,50.02868447135359,50.25387536816044,0.0,0.0,0.0,0.0,0.0,0.0,0.0,0.0,0.0,50.0,50.0,50.0,50.0,50.0,50.0,,,,1,3,1,50.0,0.0,SAME,1.0
KCL,2022-03-02,50.0,50.0,50.0,50.0,50.0,50.0,0.0,0.0,0.0,0.0,0.0,0.0,0.0,0.0,50.0,50.0,50.0,50.00061020278382,50.019122980902395,50.20771621031309,0.0,0.0,0.0,0.0,0.0,0.0,0.0,0.0,0.0,50.0,50.0,50.0,50.0,50.0,50.0,,,,2,3,2,50.0,0.0,SAME,1.0
KCL,2022-03-07,50.0,50.0,50.0,50.0,50.0,50.0,0.0,0.0,0.0,0.0,0.0,0.0,0.0,0.0,50.0,50.0,50.0,50.00030510139191,50.012748653934935,50.1699496266198,0.0,0.0,0.0,0.0,0.0,0.0,0.0,0.0,0.0,50.0,50.0,50.0,50.0,50.0,50.0,,,,0,3,7,50.0,0.0,SAME,1.0
KCL,2022-03-08,50.0,50.0,50.0,50.0,50.0,50.0,0.0,0.0,0.0,0.0,0.0,0.0,0.0,0.0,50.0,50.0,50.0,50.00015255069596,50.00849910262329,50.13904969450711,0.0,0.0,0.0,0.0,0.0,0.0,0.0,0.0,0.0,50.0,50.0,50.0,50.0,50.0,50.0,,,,1,3,8,50.0,0.0,SAME,1.0
KCL,2022-03-09,50.0,50.0,50.0,50.0,50.0,50.0,0.0,0.0,0.0,0.0,0.0,0.0,0.0,0.0,50.0,50.0,50.0,50.00007627534798,50.00566606841553,50.113767931869454,0.0,0.0,0.0,0.0,0.0,0.0,0.0,0.0,0.0,50.0,50.0,50.0,50.0,50.0,50.0,,,,2,3,9,50.0,0.0,SAME,1.0
KCL,2022-03-10,50.0,50.0,50.0,50.0,50.0,50.0,0.0,0.0,0.0,0.0,0.0,0.0,0.0,0.0,50.0,50.0,50.0,50.00003813767399,50.00377737894369,50.09308285334773,0.0,0.0,0.0,0.0,0.0,0.0,0.0,0.0,0.0,50.0,50.0,50.0,50.0,50.0,50.0,,,,3,3,10,50.0,0.0,SAME,1.0
KCL,2022-03-11,50.0,50.0,50.0,50.0,50.0,50.0,0.0,0.0,0.0,0.0,0.0,0.0,0.0,0.0,50.0,50.0,50.0,50.00001906883699,50.00251825262913,50.076158698193595,0.0,0.0,0.0,0.0,0.0,0.0,0.0,0.0,0.0,50.0,50.0,50.0,50.0,50.0,50.0,,,,4,3,11,50.0,0.0,SAME,1.0
KCL,2022-03-14,50.0,50.0,50.0,50.0,50.0,50.0,0.0,0.0,0.0,0.0,0.0,0.0,0.0,0.0,50.0,50.0,50.0,50.000009534418496,50.00167883508609,50.06231166215839,0.0,0.0,0.0,0.0,0.0,0.0,0.0,0.0,0.0,50.0,50.0,50.0,50.0,50.0,50.0,,,,0,3,14,50.0,0.0,SAME,1.0
KCL,2022-03-15,50.0,50.0,50.0,50.0,50.0,50.0,0.0,0.0,0.0,0.0,0.0,0.0,0.0,0.0,50.0,50.0,50.0,50.00000476720925,50.00111922339073,50.050982269038684,0.0,0.0,0.0,0.0,0.0,0.0,0.0,0.0,0.0,50.0,50.0,50.0,50.0,50.0,50.0,,,,1,3,15,50.0,0.0,SAME,1.0
KCL,2022-03-16,50.0,50.0,50.0,50.0,50.0,50.0,0.0,0.0,0.0,0.0,0.0,0.0,0.0,0.0,50.0,50.0,50.0,50.000002383604624,50.000746148927156,50.0417127655771,0.0,0.0,0.0,0.0,0.0,0.0,0.0,0.0,0.0,50.0,50.0,50.0,50.0,50.0,50.0,,,,2,3,16,50.0,0.0,SAME,1.0
KCL,2022-03-17,50.0,50.0,50.0,50.0,50.0,50.0,0.0,0.0,0.0,0.0,0.0,0.0,0.0,0.0,50.0,50.0,50.0,50.00000119180231,50.000497432618104,50.03412862638127,0.0,0.0,0.0,0.0,0.0,0.0,0.0,0.0,0.0,50.0,50.0,50.0,50.0,50.0,50.0,,,,3,3,17,50.0,0.0,SAME,1.0
KCL,2022-03-18,50.0,50.0,50.0,50.0,50.0,50.0,0.0,0.0,0.0,0.0,0.0,0.0,0.0,0.0,50.0,50.0,50.0,50.000000595901156,50.0003316217454,50.027923421584674,0.0,0.0,0.0,0.0,0.0,0.0,0.0,0.0,0.0,50.0,50.0,50.0,50.0,50.0,50.0,,,,4,3,18,50.0,0.0,SAME,1.0
KCL,2022-03-21,50.0,50.0,50.0,50.0,50.0,50.0,0.0,0.0,0.0,0.0,0.0,0.0,0.0,0.0,50.0,50.0,50.0,50.00000029795058,50.0002210811636,50.022846435842006,0.0,0.0,0.0,0.0,0.0,0.0,0.0,0.0,0.0,50.0,50.0,50.0,50.0,50.0,50.0,,,,0,3,21,50.0,0.0,SAME,1.0
KCL,2022-03-22,50.0,50.0,50.0,50.0,50.0,50.0,0.0,0.0,0.0,0.0,0.0,0.0,0.0,0.0,50.0,50.0,50.0,50.00000014897529,50.000147387442404,50.01869253841618,0.0,0.0,0.0,0.0,0.0,0.0,0.0,0.0,0.0,50.0,50.0,50.0,50.0,50.0,50.0,,,,1,3,22,50.0,0.0,SAME,1.0
KCL,2022-03-23,50.0,50.0,50.0,50.0,50.0,50.0,0.0,0.0,0.0,0.0,0.0,0.0,0.0,0.0,50.0,50.0,50.0,50.000000074487644,50.00009825829494,50.015293895067785,0.0,0.0,0.0,0.0,0.0,0.0,0.0,0.0,0.0,50.0,50.0,50.0,50.0,50.0,50.0,,,,2,3,23,50.0,0.0,SAME,1.0
KCL,2022-03-24,50.0,50.0,50.0,50.0,50.0,50.0,0.0,0.0,0.0,0.0,0.0,0.0,0.0,0.0,50.0,50.0,50.0,50.00000003724382,50.00006550552996,50.01251318687364,0.0,0.0,0.0,0.0,0.0,0.0,0.0,0.0,0.0,50.0,50.0,50.0,50.0,50.0,50.0,,,,3,3,24,50.0,0.0,SAME,1.0
KCL,2022-03-25,50.0,50.0,50.0,50.0,50.0,50.0,0.0,0.0,0.0,0.0,0.0,0.0,0.0,0.0,50.0,50.0,50.0,50.00000001862191,50.00004367035331,50.01023806198752,0.0,0.0,0.0,0.0,0.0,0.0,0.0,0.0,0.0,50.0,50.0,50.0,50.0,50.0,50.0,,,,4,3,25,50.0,0.0,SAME,1.0
KCL,2022-03-28,50.0,50.0,50.0,50.0,50.0,50.0,0.0,0.0,0.0,0.0,0.0,0.0,0.0,0.0,50.0,50.0,50.0,50.00000000931095,50.00002911356887,50.00837659617161,0.0,0.0,0.0,0.0,0.0,0.0,0.0,0.0,0.0,50.0,50.0,50.0,50.0,50.0,50.0,,,,0,3,28,50.0,0.0,SAME,1.0
KCL,2022-03-29,50.0,50.0,50.0,50.0,50.0,50.0,0.0,0.0,0.0,0.0,0.0,0.0,0.0,0.0,50.0,50.0,50.0,50.000000004655476,50.00001940904592,50.00685357868586,0.0,0.0,0.0,0.0,0.0,0.0,0.0,0.0,0.0,50.0,50.0,50.0,50.0,50.0,50.0,,,,1,3,29,50.0,0.0,SAME,1.0
KCL,2022-03-30,50.0,50.0,50.0,50.0,50.0,50.0,0.0,0.0,0.0,0.0,0.0,0.0,0.0,0.0,50.0,50.0,50.0,50.00000000232774,50.00001293936395,50.00560747347025,0.0,0.0,0.0,0.0,0.0,0.0,0.0,0.0,0.0,50.0,50.0,50.0,50.0,50.0,50.0,,,,2,3,30,50.0,0.0,SAME,1.0
KCL,2022-03-31,50.0,50.0,50.0,50.0,50.0,50.0,0.0,0.0,0.0,0.0,0.0,0.0,0.0,0.0,50.0,50.0,50.0,50.00000000116387,50.00000862624263,50.00458793283929,0.0,0.0,0.0,0.0,0.0,0.0,0.0,0.0,0.0,50.0,50.0,50.0,50.0,50.0,50.0,,,,3,3,31,50.0,0.0,SAME,1.0
KCL,2022-04-01,50.0,50.0,50.0,50.0,50.0,50.0,0.0,0.0,0.0,0.0,0.0,0.0,0.0,0.0,50.0,50.0,50.0,50.000000000581935,50.00000575082842,50.00375376323215,0.0,0.0,0.0,0.0,0.0,0.0,0.0,0.0,0.0,50.0,50.0,50.0,50.0,50.0,50.0,,,,4,4,1,50.0,0.0,SAME,1.0
KCL,2022-04-04,50.0,50.0,50.0,50.0,50.0,50.0,0.0,0.0,0.0,0.0,0.0,0.0,0.0,0.0,50.0,50.0,50.0,50.00000000029097,50.000003833885614,50.0030712608263,0.0,0.0,0.0,0.0,0.0,0.0,0.0,0.0,0.0,50.0,50.0,50.0,50.0,50.0,50.0,,,,0,4,4,50.0,0.0,SAME,1.0
KCL,2022-04-05,50.0,50.0,50.0,50.0,50.0,50.0,0.0,0.0,0.0,0.0,0.0,0.0,0.0,0.0,50.0,50.0,50.0,50.000000000145484,50.00000255592374,50.00251284976697,0.0,0.0,0.0,0.0,0.0,0.0,0.0,0.0,0.0,50.0,50.0,50.0,50.0,50.0,50.0,,,,1,4,5,50.0,0.0,SAME,1.0
KCL,2022-04-06,50.0,50.0,50.0,50.0,50.0,50.0,0.0,0.0,0.0,0.0,0.0,0.0,0.0,0.0,50.0,50.0,50.0,50.000000000072745,50.00000170394917,50.00205596799116,0.0,0.0,0.0,0.0,0.0,0.0,0.0,0.0,0.0,50.0,50.0,50.0,50.0,50.0,50.0,,,,2,4,6,50.0,0.0,SAME,1.0
KCL,2022-04-07,50.0,50.0,50.0,50.0,50.0,50.0,0.0,0.0,0.0,0.0,0.0,0.0,0.0,0.0,50.0,50.0,50.0,50.00000000003637,50.000001135966116,50.00168215562913,0.0,0.0,0.0,0.0,0.0,0.0,0.0,0.0,0.0,50.0,50.0,50.0,50.0,50.0,50.0,,,,3,4,7,50.0,0.0,SAME,1.0
KCL,2022-04-08,50.0,50.0,50.0,50.0,50.0,50.0,0.0,0.0,0.0,0.0,0.0,0.0,0.0,0.0,50.0,50.0,50.0,50.00000000001819,50.000000757310744,50.001376309151105,0.0,0.0,0.0,0.0,0.0,0.0,0.0,0.0,0.0,50.0,50.0,50.0,50.0,50.0,50.0,,,,4,4,8,50.0,0.0,SAME,1.0
KCL,2022-04-11,50.0,50.0,50.0,50.0,50.0,50.0,0.0,0.0,0.0,0.0,0.0,0.0,0.0,0.0,50.0,50.0,50.0,50.000000000009095,50.00000050487383,50.00112607112363,0.0,0.0,0.0,0.0,0.0,0.0,0.0,0.0,0.0,50.0,50.0,50.0,50.0,50.0,50.0,,,,0,4,11,50.0,0.0,SAME,1.0
KCL,2022-04-12,50.0,50.0,50.0,50.0,50.0,50.0,0.0,0.0,0.0,0.0,0.0,0.0,0.0,0.0,50.0,50.0,50.0,50.00000000000455,50.00000033658256,50.00092133091933,0.0,0.0,0.0,0.0,0.0,0.0,0.0,0.0,0.0,50.0,50.0,50.0,50.0,50.0,50.0,,,,1,4,12,50.0,0.0,SAME,1.0
KCL,2022-04-13,50.0,50.0,50.0,50.0,50.0,50.0,0.0,0.0,0.0,0.0,0.0,0.0,0.0,0.0,50.0,50.0,50.0,50.000000000002274,50.00000022438837,50.000753816206725,0.0,0.0,0.0,0.0,0.0,0.0,0.0,0.0,0.0,50.0,50.0,50.0,50.0,50.0,50.0,,,,2,4,13,50.0,0.0,SAME,1.0
KCL,2022-04-14,50.0,50.0,50.0,50.0,50.0,50.0,0.0,0.0,0.0,0.0,0.0,0.0,0.0,0.0,50.0,50.0,50.0,50.00000000000114,50.00000014959225,50.00061675871459,0.0,0.0,0.0,0.0,0.0,0.0,0.0,0.0,0.0,50.0,50.0,50.0,50.0,50.0,50.0,,,,3,4,14,50.0,0.0,SAME,1.0
KCL,2022-04-15,50.0,50.0,50.0,50.0,50.0,50.0,0.0,0.0,0.0,0.0,0.0,0.0,0.0,0.0,50.0,50.0,50.0,50.00000000000057,50.00000009972817,50.000504620766485,0.0,0.0,0.0,0.0,0.0,0.0,0.0,0.0,0.0,50.0,50.0,50.0,50.0,50.0,50.0,,,,4,4,15,50.0,0.0,SAME,1.0
KCL,2022-04-18,50.0,50.0,50.0,50.0,50.0,50.0,0.0,0.0,0.0,0.0,0.0,0.0,0.0,0.0,50.0,50.0,50.0,50.000000000000284,50.00000006648545,50.00041287153621,0.0,0.0,0.0,0.0,0.0,0.0,0.0,0.0,0.0,50.0,50.0,50.0,50.0,50.0,50.0,,,,0,4,18,50.0,0.0,SAME,1.0
KCL,2022-04-19,50.0,50.0,50.0,50.0,50.0,50.0,0.0,0.0,0.0,0.0,0.0,0.0,0.0,0.0,50.0,50.0,50.0,50.00000000000014,50.000000044323635,50.00033780398417,0.0,0.0,0.0,0.0,0.0,0.0,0.0,0.0,0.0,50.0,50.0,50.0,50.0,50.0,50.0,,,,1,4,19,50.0,0.0,SAME,1.0
KCL,2022-04-20,50.0,50.0,50.0,50.0,50.0,50.0,0.0,0.0,0.0,0.0,0.0,0.0,0.0,0.0,50.0,50.0,50.0,50.00000000000007,50.00000002954909,50.00027638507796,0.0,0.0,0.0,0.0,0.0,0.0,0.0,0.0,0.0,50.0,50.0,50.0,50.0,50.0,50.0,,,,2,4,20,50.0,0.0,SAME,1.0
KCL,2022-04-21,50.0,50.0,50.0,50.0,50.0,50.0,0.0,0.0,0.0,0.0,0.0,0.0,0.0,0.0,50.0,50.0,50.0,50.000000000000036,50.0000000196994,50.000226133245604,0.0,0.0,0.0,0.0,0.0,0.0,0.0,0.0,0.0,50.0,50.0,50.0,50.0,50.0,50.0,,,,3,4,21,50.0,0.0,SAME,1.0
KCL,2022-04-22,50.0,50.0,50.0,50.0,50.0,50.0,0.0,0.0,0.0,0.0,0.0,0.0,0.0,0.0,50.0,50.0,50.0,50.000000000000014,50.00000001313293,50.00018501811004,0.0,0.0,0.0,0.0,0.0,0.0,0.0,0.0,0.0,50.0,50.0,50.0,50.0,50.0,50.0,,,,4,4,22,50.0,0.0,SAME,1.0
KCL,2022-04-25,50.0,50.0,50.0,50.0,50.0,50.0,0.0,0.0,0.0,0.0,0.0,0.0,0.0,0.0,50.0,50.0,50.0,50.00000000000001,50.00000000875529,50.000151378453666,0.0,0.0,0.0,0.0,0.0,0.0,0.0,0.0,0.0,50.0,50.0,50.0,50.0,50.0,50.0,,,,0,4,25,50.0,0.0,SAME,1.0
KCL,2022-04-26,50.0,50.0,50.0,50.0,50.0,50.0,0.0,0.0,0.0,0.0,0.0,0.0,0.0,0.0,50.0,50.0,50.0,50.0,50.00000000583687,50.00012385509845,0.0,0.0,0.0,0.0,0.0,0.0,0.0,0.0,0.0,50.0,50.0,50.0,50.0,50.0,50.0,,,,1,4,26,50.0,0.0,SAME,1.0
KCL,2022-04-27,50.0,50.0,50.0,50.0,50.0,50.0,0.0,0.0,0.0,0.0,0.0,0.0,0.0,0.0,50.0,50.0,50.0,50.0,50.000000003891245,50.00010133598964,0.0,0.0,0.0,0.0,0.0,0.0,0.0,0.0,0.0,50.0,50.0,50.0,50.0,50.0,50.0,,,,2,4,27,50.0,0.0,SAME,1.0
KCL,2022-04-28,50.0,50.0,50.0,50.0,50.0,50.0,0.0,0.0,0.0,0.0,0.0,0.0,0.0,0.0,50.0,50.0,50.0,50.0,50.00000000259416,50.00008291126425,0.0,0.0,0.0,0.0,0.0,0.0,0.0,0.0,0.0,50.0,50.0,50.0,50.0,50.0,50.0,,,,3,4,28,50.0,0.0,SAME,1.0
KCL,2022-04-29,50.0,50.0,50.0,50.0,50.0,50.0,0.0,0.0,0.0,0.0,0.0,0.0,0.0,0.0,50.0,50.0,50.0,50.0,50.00000000172945,50.00006783648893,0.0,0.0,0.0,0.0,0.0,0.0,0.0,0.0,0.0,50.0,50.0,50.0,50.0,50.0,50.0,,,,4,4,29,50.0,0.0,SAME,1.0
KCL,2022-05-03,50.0,50.0,50.0,50.0,50.0,50.0,0.0,0.0,0.0,0.0,0.0,0.0,0.0,0.0,50.0,50.0,50.0,50.0,50.00000000115297,50.00005550258185,0.0,0.0,0.0,0.0,0.0,0.0,0.0,0.0,0.0,50.0,50.0,50.0,50.0,50.0,50.0,,,,1,5,3,50.0,0.0,SAME,1.0
KCL,2022-05-04,50.0,50.0,50.0,50.0,50.0,50.0,0.0,0.0,0.0,0.0,0.0,0.0,0.0,0.0,50.0,50.0,50.0,50.0,50.00000000076865,50.00004541120333,0.0,0.0,0.0,0.0,0.0,0.0,0.0,0.0,0.0,50.0,50.0,50.0,50.0,50.0,50.0,,,,2,5,4,50.0,0.0,SAME,1.0
KCL,2022-05-05,50.0,50.0,50.0,50.0,50.0,50.0,0.0,0.0,0.0,0.0,0.0,0.0,0.0,0.0,50.0,50.0,50.0,50.0,50.000000000512436,50.000037154620905,0.0,0.0,0.0,0.0,0.0,0.0,0.0,0.0,0.0,50.0,50.0,50.0,50.0,50.0,50.0,,,,3,5,5,50.0,0.0,SAME,1.0
KCL,2022-05-06,50.0,50.0,50.0,50.0,50.0,50.0,0.0,0.0,0.0,0.0,0.0,0.0,0.0,0.0,50.0,50.0,50.0,50.0,50.00000000034163,50.000030399235285,0.0,0.0,0.0,0.0,0.0,0.0,0.0,0.0,0.0,50.0,50.0,50.0,50.0,50.0,50.0,,,,4,5,6,50.0,0.0,SAME,1.0
KCL,2022-05-09,50.0,50.0,50.0,50.0,50.0,50.0,0.0,0.0,0.0,0.0,0.0,0.0,0.0,0.0,50.0,50.0,50.0,50.0,50.00000000022776,50.0000248721016,0.0,0.0,0.0,0.0,0.0,0.0,0.0,0.0,0.0,50.0,50.0,50.0,50.0,50.0,50.0,,,,0,5,9,50.0,0.0,SAME,1.0
KCL,2022-05-10,50.0,50.0,50.0,50.0,50.0,50.0,0.0,0.0,0.0,0.0,0.0,0.0,0.0,0.0,50.0,50.0,50.0,50.0,50.00000000015184,50.000020349901305,0.0,0.0,0.0,0.0,0.0,0.0,0.0,0.0,0.0,50.0,50.0,50.0,50.0,50.0,50.0,,,,1,5,10,50.0,0.0,SAME,1.0
KCL,2022-05-12,50.0,50.0,50.0,50.0,50.0,50.0,0.0,0.0,0.0,0.0,0.0,0.0,0.0,0.0,50.0,50.0,50.0,50.0,50.00000000010123,50.000016649919246,0.0,0.0,0.0,0.0,0.0,0.0,0.0,0.0,0.0,50.0,50.0,50.0,50.0,50.0,50.0,,,,3,5,12,50.0,0.0,SAME,1.0
KCL,2022-05-13,50.0,50.0,50.0,50.0,50.0,50.0,0.0,0.0,0.0,0.0,0.0,0.0,0.0,0.0,50.0,50.0,50.0,50.0,50.00000000006749,50.0000136226612,0.0,0.0,0.0,0.0,0.0,0.0,0.0,0.0,0.0,50.0,50.0,50.0,50.0,50.0,50.0,,,,4,5,13,50.0,0.0,SAME,1.0
KCL,2022-05-16,50.0,50.0,50.0,50.0,50.0,50.0,0.0,0.0,0.0,0.0,0.0,0.0,0.0,0.0,50.0,50.0,50.0,50.0,50.00000000004499,50.00001114581371,0.0,0.0,0.0,0.0,0.0,0.0,0.0,0.0,0.0,50.0,50.0,50.0,50.0,50.0,50.0,,,,0,5,16,50.0,0.0,SAME,1.0
KCL,2022-05-17,50.0,50.0,50.0,50.0,50.0,50.0,0.0,0.0,0.0,0.0,0.0,0.0,0.0,0.0,50.0,50.0,50.0,50.0,50.00000000003,50.00000911930213,0.0,0.0,0.0,0.0,0.0,0.0,0.0,0.0,0.0,50.0,50.0,50.0,50.0,50.0,50.0,,,,1,5,17,50.0,0.0,SAME,1.0
KCL,2022-05-18,50.0,50.0,50.0,50.0,50.0,50.0,0.0,0.0,0.0,0.0,0.0,0.0,0.0,0.0,50.0,50.0,50.0,50.0,50.00000000002,50.00000746124719,0.0,0.0,0.0,0.0,0.0,0.0,0.0,0.0,0.0,50.0,50.0,50.0,50.0,50.0,50.0,,,,2,5,18,47.5,-2.5,DOWN,0.0
KCL,2022-05-19,47.5,50.0,50.0,50.0,50.0,50.0,-2.5,-2.5,-2.5,-0.050000000000000044,-0.050000000000000044,-0.050000000000000044,-0.05129329438755058,-0.05129329438755058,49.166666666666664,49.5,49.75,48.75,49.16666666668,49.54546065011134,0.028867513459488788,0.022360679774997918,0.015811388300841934,-2.5,-0.05,-2.5,-0.05,-2.5,-0.05,47.5,50.0,47.5,50.0,47.5,50.0,0.0,0.0,0.0,3,5,19,47.5,0.0,SAME,1.0
KCL,2022-05-20,47.5,47.5,50.0,50.0,50.0,50.0,0.0,-2.5,-2.5,0.0,-0.050000000000000044,-0.050000000000000044,0.0,-0.05129329438755058,48.333333333333336,49.0,49.5,48.125,48.61111111112001,49.17355871372746,0.028867513459488788,0.022360679774997918,0.015811388300841934,-2.5,-0.05,-2.5,-0.05,-2.5,-0.05,47.5,50.0,47.5,50.0,47.5,50.0,0.0,0.0,0.0,4,5,20,47.5,0.0,SAME,1.0
KCL,2022-05-23,47.5,47.5,47.5,50.0,50.0,50.0,0.0,0.0,-2.5,0.0,0.0,-0.050000000000000044,0.0,0.0,47.5,48.5,49.25,47.8125,48.24074074074667,48.86927531123156,0.028867513459488788,0.022360679774997918,0.015811388300841934,-2.5,-0.05,-2.5,-0.05,-2.5,-0.05,47.5,47.5,47.5,50.0,47.5,50.0,,0.0,0.0,0,5,23,47.5,0.0,SAME,1.0
KCL,2022-05-24,47.5,47.5,47.5,47.5,50.0,50.0,0.0,0.0,0.0,0.0,0.0,0.0,0.0,0.0,47.5,48.0,49.0,47.65625,47.99382716049779,48.62031616373491,0.0,0.022360679774997918,0.015811388300841934,0.0,0.0,-2.5,-0.05,-2.5,-0.05,47.5,47.5,47.5,50.0,47.5,50.0,,0.0,0.0,1,5,24,47.5,0.0,SAME,1.0
KCL,2022-05-25,47.5,47.5,47.5,47.5,50.0,50.0,0.0,0.0,0.0,0.0,0.0,0.0,0.0,0.0,47.5,47.5,48.75,47.578125,47.829218106998525,48.4166223157831,0.0,0.022360679774997918,0.015811388300841934,0.0,0.0,-2.5,-0.05,-2.5,-0.05,47.5,47.5,47.5,47.5,47.5,50.0,,,0.0,2,5,25,47.5,0.0,SAME,1.0
KCL,2022-05-26,47.5,47.5,47.5,47.5,47.5,50.0,0.0,0.0,0.0,0.0,0.0,0.0,0.0,0.0,47.5,47.5,48.5,47.5390625,47.71947873799902,48.24996371291344,0.0,0.0,0.015811388300841934,0.0,0.0,0.0,0.0,-2.5,-0.05,47.5,47.5,47.5,47.5,47.5,50.0,,,0.0,3,5,26,47.5,0.0,SAME,1.0
KCL,2022-05-27,47.5,47.5,47.5,47.5,47.5,50.0,0.0,0.0,0.0,0.0,0.0,0.0,0.0,0.0,47.5,47.5,48.25,47.51953125,47.64631915866602,48.113606674201904,0.0,0.0,0.015811388300841934,0.0,0.0,0.0,0.0,-2.5,-0.05,47.5,47.5,47.5,47.5,47.5,50.0,,,0.0,4,5,27,47.5,0.0,SAME,1.0
KCL,2022-05-30,47.5,47.5,47.5,47.5,47.5,50.0,0.0,0.0,0.0,0.0,0.0,0.0,0.0,0.0,47.5,47.5,48.0,47.509765625,47.59754610577735,48.002041824347,0.0,0.0,0.015811388300841934,0.0,0.0,0.0,0.0,-2.5,-0.05,47.5,47.5,47.5,47.5,47.5,50.0,,,0.0,0,5,30,47.5,0.0,SAME,1.0
KCL,2022-05-31,47.5,47.5,47.5,47.5,47.5,50.0,0.0,0.0,0.0,0.0,0.0,0.0,0.0,0.0,47.5,47.5,47.75,47.5048828125,47.5650307371849,47.91076149264755,0.0,0.0,0.015811388300841934,0.0,0.0,0.0,0.0,-2.5,-0.05,47.5,47.5,47.5,47.5,47.5,50.0,,,0.0,1,5,31,47.5,0.0,SAME,1.0
KCL,2022-06-01,47.5,47.5,47.5,47.5,47.5,50.0,0.0,0.0,0.0,0.0,0.0,0.0,0.0,0.0,47.5,47.5,47.5,47.50244140625,47.54335382478993,47.836077584893445,0.0,0.0,0.015811388300841934,0.0,0.0,0.0,0.0,-2.5,-0.05,47.5,47.5,47.5,47.5,47.5,47.5,,,,2,6,1,47.5,0.0,SAME,1.0
KCL,2022-06-02,47.5,47.5,47.5,47.5,47.5,47.5,0.0,0.0,0.0,0.0,0.0,0.0,0.0,0.0,47.5,47.5,47.5,47.501220703125,47.52890254985996,47.77497256945827,0.0,0.0,0.0,0.0,0.0,0.0,0.0,0.0,0.0,47.5,47.5,47.5,47.5,47.5,47.5,,,,3,6,2,47.5,0.0,SAME,1.0
KCL,2022-06-03,47.5,47.5,47.5,47.5,47.5,47.5,0.0,0.0,0.0,0.0,0.0,0.0,0.0,0.0,47.5,47.5,47.5,47.5006103515625,47.51926836657331,47.72497755682949,0.0,0.0,0.0,0.0,0.0,0.0,0.0,0.0,0.0,47.5,47.5,47.5,47.5,47.5,47.5,,,,4,6,3,47.5,0.0,SAME,1.0
KCL,2022-06-06,47.5,47.5,47.5,47.5,47.5,47.5,0.0,0.0,0.0,0.0,0.0,0.0,0.0,0.0,47.5,47.5,47.5,47.50030517578125,47.51284557771554,47.68407254649685,0.0,0.0,0.0,0.0,0.0,0.0,0.0,0.0,0.0,47.5,47.5,47.5,47.5,47.5,47.5,,,,0,6,6,47.5,0.0,SAME,1.0
KCL,2022-06-07,47.5,47.5,47.5,47.5,47.5,47.5,0.0,0.0,0.0,0.0,0.0,0.0,0.0,0.0,47.5,47.5,47.5,47.500152587890625,47.50856371847703,47.65060481077015,0.0,0.0,0.0,0.0,0.0,0.0,0.0,0.0,0.0,47.5,47.5,47.5,47.5,47.5,47.5,,,,1,6,7,47.5,0.0,SAME,1.0
KCL,2022-06-08,47.5,47.5,47.5,47.5,47.5,47.5,0.0,0.0,0.0,0.0,0.0,0.0,0.0,0.0,47.5,47.5,47.5,47.50007629394531,47.50570914565135,47.62322211790284,0.0,0.0,0.0,0.0,0.0,0.0,0.0,0.0,0.0,47.5,47.5,47.5,47.5,47.5,47.5,,,,2,6,8,47.5,0.0,SAME,1.0
KCL,2022-06-09,47.5,47.5,47.5,47.5,47.5,47.5,0.0,0.0,0.0,0.0,0.0,0.0,0.0,0.0,47.5,47.5,47.5,47.500038146972656,47.503806097100906,47.60081809646596,0.0,0.0,0.0,0.0,0.0,0.0,0.0,0.0,0.0,47.5,47.5,47.5,47.5,47.5,47.5,,,,3,6,9,47.5,0.0,SAME,1.0
KCL,2022-06-10,47.5,47.5,47.5,47.5,47.5,47.5,0.0,0.0,0.0,0.0,0.0,0.0,0.0,0.0,47.5,47.5,47.5,47.50001907348633,47.502537398067275,47.58248753347215,0.0,0.0,0.0,0.0,0.0,0.0,0.0,0.0,0.0,47.5,47.5,47.5,47.5,47.5,47.5,,,,4,6,10,47.5,0.0,SAME,1.0
KCL,2022-06-13,47.5,47.5,47.5,47.5,47.5,47.5,0.0,0.0,0.0,0.0,0.0,0.0,0.0,0.0,47.5,47.5,47.5,47.500009536743164,47.50169159871152,47.56748980011358,0.0,0.0,0.0,0.0,0.0,0.0,0.0,0.0,0.0,47.5,47.5,47.5,47.5,47.5,47.5,,,,0,6,13,47.5,0.0,SAME,1.0
KCL,2022-06-15,47.5,47.5,47.5,47.5,47.5,47.5,0.0,0.0,0.0,0.0,0.0,0.0,0.0,0.0,47.5,47.5,47.5,47.50000476837158,47.501127732474345,47.55521892736566,0.0,0.0,0.0,0.0,0.0,0.0,0.0,0.0,0.0,47.5,47.5,47.5,47.5,47.5,47.5,,,,2,6,15,47.5,0.0,SAME,1.0
KCL,2022-06-16,47.5,47.5,47.5,47.5,47.5,47.5,0.0,0.0,0.0,0.0,0.0,0.0,0.0,0.0,47.5,47.5,47.5,47.50000238418579,47.500751821649565,47.54517912239008,0.0,0.0,0.0,0.0,0.0,0.0,0.0,0.0,0.0,47.5,47.5,47.5,47.5,47.5,47.5,,,,3,6,16,47.5,0.0,SAME,1.0
KCL,2022-06-17,47.5,47.5,47.5,47.5,47.5,47.5,0.0,0.0,0.0,0.0,0.0,0.0,0.0,0.0,47.5,47.5,47.5,47.500001192092896,47.500501214433044,47.53696473650098,0.0,0.0,0.0,0.0,0.0,0.0,0.0,0.0,0.0,47.5,47.5,47.5,47.5,47.5,47.5,,,,4,6,17,47.5,0.0,SAME,1.0
KCL,2022-06-20,47.5,47.5,47.5,47.5,47.5,47.5,0.0,0.0,0.0,0.0,0.0,0.0,0.0,0.0,47.5,47.5,47.5,47.50000059604645,47.50033414295537,47.53024387531897,0.0,0.0,0.0,0.0,0.0,0.0,0.0,0.0,0.0,47.5,47.5,47.5,47.5,47.5,47.5,,,,0,6,20,47.5,0.0,SAME,1.0
KCL,2022-06-21,47.5,47.5,47.5,47.5,47.5,47.5,0.0,0.0,0.0,0.0,0.0,0.0,0.0,0.0,47.5,47.5,47.5,47.500000298023224,47.50022276197025,47.52474498889734,0.0,0.0,0.0,0.0,0.0,0.0,0.0,0.0,0.0,47.5,47.5,47.5,47.5,47.5,47.5,,,,1,6,21,47.5,0.0,SAME,1.0
KCL,2022-06-22,47.5,47.5,47.5,47.5,47.5,47.5,0.0,0.0,0.0,0.0,0.0,0.0,0.0,0.0,47.5,47.5,47.5,47.50000014901161,47.50014850798017,47.52024590000691,0.0,0.0,0.0,0.0,0.0,0.0,0.0,0.0,0.0,47.5,47.5,47.5,47.5,47.5,47.5,,,,2,6,22,47.5,0.0,SAME,1.0
KCL,2022-06-23,47.5,47.5,47.5,47.5,47.5,47.5,0.0,0.0,0.0,0.0,0.0,0.0,0.0,0.0,47.5,47.5,47.5,47.500000074505806,47.500099005320116,47.51656482727839,0.0,0.0,0.0,0.0,0.0,0.0,0.0,0.0,0.0,47.5,47.5,47.5,47.5,47.5,47.5,,,,3,6,23,47.5,0.0,SAME,1.0
KCL,2022-06-24,47.5,47.5,47.5,47.5,47.5,47.5,0.0,0.0,0.0,0.0,0.0,0.0,0.0,0.0,47.5,47.5,47.5,47.5000000372529,47.50006600354675,47.5135530405005,0.0,0.0,0.0,0.0,0.0,0.0,0.0,0.0,0.0,47.5,47.5,47.5,47.5,47.5,47.5,,,,4,6,24,47.5,0.0,SAME,1.0
KCL,2022-06-27,47.5,47.5,47.5,47.5,47.5,47.5,0.0,0.0,0.0,0.0,0.0,0.0,0.0,0.0,47.5,47.5,47.5,47.50000001862645,47.500044002364504,47.51108885131859,0.0,0.0,0.0,0.0,0.0,0.0,0.0,0.0,0.0,47.5,47.5,47.5,47.5,47.5,47.5,,,,0,6,27,47.5,0.0,SAME,1.0
KCL,2022-06-28,47.5,47.5,47.5,47.5,47.5,47.5,0.0,0.0,0.0,0.0,0.0,0.0,0.0,0.0,47.5,47.5,47.5,47.500000009313226,47.50002933490967,47.509072696533394,0.0,0.0,0.0,0.0,0.0,0.0,0.0,0.0,0.0,47.5,47.5,47.5,47.5,47.5,47.5,,,,1,6,28,47.5,0.0,SAME,1.0
KCL,2022-06-29,47.5,47.5,47.5,47.5,47.5,47.5,0.0,0.0,0.0,0.0,0.0,0.0,0.0,0.0,47.5,47.5,47.5,47.50000000465661,47.500019556606446,47.5074231153455,0.0,0.0,0.0,0.0,0.0,0.0,0.0,0.0,0.0,47.5,47.5,47.5,47.5,47.5,47.5,,,,2,6,29,47.5,0.0,SAME,1.0
KCL,2022-06-30,47.5,47.5,47.5,47.5,47.5,47.5,0.0,0.0,0.0,0.0,0.0,0.0,0.0,0.0,47.5,47.5,47.5,47.500000002328306,47.50001303773763,47.50607345800995,0.0,0.0,0.0,0.0,0.0,0.0,0.0,0.0,0.0,47.5,47.5,47.5,47.5,47.5,47.5,,,,3,6,30,47.5,0.0,SAME,1.0
KCL,2022-07-01,47.5,47.5,47.5,47.5,47.5,47.5,0.0,0.0,0.0,0.0,0.0,0.0,0.0,0.0,47.5,47.5,47.5,47.50000000116415,47.50000869182509,47.50496919291723,0.0,0.0,0.0,0.0,0.0,0.0,0.0,0.0,0.0,47.5,47.5,47.5,47.5,47.5,47.5,,,,4,7,1,47.5,0.0,SAME,1.0
KCL,2022-07-04,47.5,47.5,47.5,47.5,47.5,47.5,0.0,0.0,0.0,0.0,0.0,0.0,0.0,0.0,47.5,47.5,47.5,47.50000000058208,47.50000579455006,47.50406570329591,0.0,0.0,0.0,0.0,0.0,0.0,0.0,0.0,0.0,47.5,47.5,47.5,47.5,47.5,47.5,,,,0,7,4,47.5,0.0,SAME,1.0
KCL,2022-07-05,47.5,47.5,47.5,47.5,47.5,47.5,0.0,0.0,0.0,0.0,0.0,0.0,0.0,0.0,47.5,47.5,47.5,47.50000000029104,47.50000386303338,47.50332648451483,0.0,0.0,0.0,0.0,0.0,0.0,0.0,0.0,0.0,47.5,47.5,47.5,47.5,47.5,47.5,,,,1,7,5,47.5,0.0,SAME,1.0
KCL,2022-07-06,47.5,47.5,47.5,47.5,47.5,47.5,0.0,0.0,0.0,0.0,0.0,0.0,0.0,0.0,47.5,47.5,47.5,47.50000000014552,47.50000257535559,47.5027216691485,0.0,0.0,0.0,0.0,0.0,0.0,0.0,0.0,0.0,47.5,47.5,47.5,47.5,47.5,47.5,,,,2,7,6,45.12,-2.3800000000000026,DOWN,0.0
KCL,2022-07-07,45.12,47.5,47.5,47.5,47.5,47.5,-2.3800000000000026,-2.3800000000000026,-2.3800000000000026,-0.050105263157894764,-0.050105263157894764,-0.050105263157894764,-0.051404103850792096,-0.051404103850792096,46.70666666666667,47.024,47.262,46.31000000007276,46.706668383570396,47.06949954748513,0.028928287172035043,0.022407754890313696,0.015844675434106857,-2.3800000000000026,-0.05010526315789479,-2.3800000000000026,-0.05010526315789479,-2.3800000000000026,-0.05010526315789479,45.12,47.5,45.12,47.5,45.12,47.5,0.0,0.0,0.0,3,7,7,45.12,0.0,SAME,1.0
KCL,2022-07-08,45.12,45.12,47.5,47.5,47.5,47.5,0.0,-2.3800000000000026,-2.3800000000000026,0.0,-0.050105263157894764,-0.050105263157894764,0.0,-0.051404103850792096,45.913333333333334,46.548,47.024,45.71500000003638,46.17777892238027,46.71504508430601,0.028928287172035043,0.022407754890313696,0.015844675434106857,-2.3800000000000026,-0.05010526315789479,-2.3800000000000026,-0.05010526315789479,-2.3800000000000026,-0.05010526315789479,45.12,47.5,45.12,47.5,45.12,47.5,0.0,0.0,0.0,4,7,8,45.12,0.0,SAME,1.0
KCL,2022-07-11,45.12,45.12,45.12,47.5,47.5,47.5,0.0,0.0,-2.3800000000000026,0.0,0.0,-0.050105263157894764,0.0,0.0,45.12,46.072,46.785999999999994,45.417500000018194,45.82518594825352,46.425036887159465,0.028928287172035043,0.022407754890313696,0.015844675434106857,-2.3800000000000026,-0.05010526315789479,-2.3800000000000026,-0.05010526315789479,-2.3800000000000026,-0.05010526315789479,45.12,45.12,45.12,47.5,45.12,47.5,,0.0,0.0,0,7,11,45.12,0.0,SAME,1.0
KCL,2022-07-12,45.12,45.12,45.12,45.12,47.5,47.5,0.0,0.0,0.0,0.0,0.0,0.0,0.0,0.0,45.12,45.596000000000004,46.547999999999995,45.26875000000909,45.59012396550235,46.187757453130466,0.0,0.022407754890313696,0.015844675434106857,0.0,0.0,-2.3800000000000026,-0.05010526315789479,-2.3800000000000026,-0.05010526315789479,45.12,45.12,45.12,47.5,45.12,47.5,,0.0,0.0,1,7,12,42.86,-2.259999999999998,DOWN,0.0
KCL,2022-07-13,42.86,45.12,45.12,45.12,47.5,47.5,-2.259999999999998,-2.259999999999998,-2.259999999999998,-0.05008865248226946,-0.05008865248226946,-0.05008865248226946,-0.05138661714437245,-0.05138661714437245,44.36666666666667,44.668,46.083999999999996,44.064375000004546,44.680082643668236,45.58271064347038,0.02891869699399135,0.027439234488911023,0.021122732437091514,-2.259999999999998,-0.050088652482269465,-4.640000000000001,-0.0976842105263158,-4.640000000000001,-0.0976842105263158,42.86,45.12,42.86,45.12,42.86,47.5,0.0,0.0,0.0,2,7,13,42.86,0.0,SAME,1.0
KCL,2022-07-14,42.86,42.86,45.12,45.12,45.12,47.5,0.0,-2.259999999999998,-2.259999999999998,0.0,-0.05008865248226946,-0.05008865248226946,0.0,-0.05138661714437245,43.61333333333332,44.215999999999994,45.62,43.46218750000227,44.07338842911216,45.08767234465758,0.02891869699399135,0.022400326370343615,0.021122732437091514,-2.259999999999998,-0.050088652482269465,-2.259999999999998,-0.050088652482269465,-4.640000000000001,-0.0976842105263158,42.86,45.12,42.86,45.12,42.86,47.5,0.0,0.0,0.0,3,7,14,42.86,0.0,SAME,1.0
KCL,2022-07-15,42.86,42.86,42.86,45.12,45.12,47.5,0.0,0.0,-2.259999999999998,0.0,0.0,-0.05008865248226946,0.0,0.0,42.86,43.763999999999996,45.15599999999999,43.161093750001136,43.66892561940811,44.68264100926528,0.02891869699399135,0.022400326370343615,0.021122732437091514,-2.259999999999998,-0.050088652482269465,-2.259999999999998,-0.050088652482269465,-4.640000000000001,-0.0976842105263158,42.86,42.86,42.86,45.12,42.86,47.5,,0.0,0.0,4,7,15,45.0,2.1400000000000006,UP,2.0
KCL,2022-07-18,45.0,42.86,42.86,42.86,45.12,47.5,2.1400000000000006,2.1400000000000006,2.1400000000000006,0.049930004666355554,0.049930004666355554,0.049930004666355554,0.04872349972488878,0.04872349972488878,43.57333333333333,43.739999999999995,44.90599999999999,44.080546875000564,44.11261707960541,44.74034264394432,0.02882710163476754,0.035361962048385924,0.0284014275755354,2.1400000000000006,0.04993000466635559,-0.11999999999999744,-0.00265957446808505,-2.5,-0.05263157894736842,42.86,45.0,42.86,45.12,42.86,47.5,1.0,0.9469026548672578,0.4612068965517242,0,7,18,45.0,0.0,SAME,1.0
KCL,2022-07-19,45.0,45.0,42.86,42.86,45.12,47.5,0.0,2.1400000000000006,2.1400000000000006,0.0,0.049930004666355554,0.049930004666355554,0.0,0.04872349972488878,44.28666666666667,43.715999999999994,44.65599999999999,44.54027343750028,44.40841138640361,44.787553072318076,0.02882710163476754,0.035361962048385924,0.0284014275755354,2.1400000000000006,0.04993000466635559,-0.11999999999999744,-0.00265957446808505,-2.5,-0.05263157894736842,42.86,45.0,42.86,45.0,42.86,47.5,1.0,1.0,0.4612068965517242,1,7,19,45.0,0.0,SAME,1.0
KCL,2022-07-20,45.0,45.0,45.0,42.86,42.86,47.5,0.0,0.0,2.1400000000000006,0.0,0.0,0.049930004666355554,0.0,0.0,45.0,44.144,44.40599999999999,44.77013671875014,44.60560759093574,44.826179786442054,0.02882710163476754,0.022329376910170538,0.0284014275755354,2.1400000000000006,0.04993000466635559,2.1400000000000006,0.04993000466635559,-2.5,-0.05263157894736842,45.0,45.0,42.86,45.0,42.86,45.12,,1.0,0.9469026548672578,2,7,20,45.0,0.0,SAME,1.0
KCL,2022-07-21,45.0,45.0,45.0,45.0,42.86,45.12,0.0,0.0,0.0,0.0,0.0,0.0,0.0,0.0,45.0,44.572,44.39399999999999,44.88506835937507,44.7370717272905,44.857783461634405,0.0,0.022329376910170538,0.0235746472968995,0.0,0.0,2.1400000000000006,0.04993000466635559,-0.11999999999999744,-0.00265957446808505,45.0,45.0,42.86,45.0,42.86,45.12,,1.0,0.9469026548672578,3,7,21,45.0,0.0,SAME,1.0
KCL,2022-07-22,45.0,45.0,45.0,45.0,42.86,45.12,0.0,0.0,0.0,0.0,0.0,0.0,0.0,0.0,45.0,45.0,44.38199999999999,44.942534179687534,44.82471448486034,44.88364101406451,0.0,0.022329376910170538,0.0235746472968995,0.0,0.0,2.1400000000000006,0.04993000466635559,-0.11999999999999744,-0.00265957446808505,45.0,45.0,45.0,45.0,42.86,45.12,,,0.9469026548672578,4,7,22,45.0,0.0,SAME,1.0
KCL,2022-07-25,45.0,45.0,45.0,45.0,45.0,45.12,0.0,0.0,0.0,0.0,0.0,0.0,0.0,0.0,45.0,45.0,44.370000000000005,44.971267089843764,44.883142989906894,44.9047971933255,0.0,0.0,0.0235746472968995,0.0,0.0,0.0,0.0,-0.11999999999999744,-0.00265957446808505,45.0,45.0,45.0,45.0,42.86,45.12,,,0.9469026548672578,0,7,25,45.0,0.0,SAME,1.0
KCL,2022-07-26,45.0,45.0,45.0,45.0,45.0,45.12,0.0,0.0,0.0,0.0,0.0,0.0,0.0,0.0,45.0,45.0,44.358000000000004,44.98563354492188,44.9220953266046,44.92210679453904,0.0,0.0,0.0235746472968995,0.0,0.0,0.0,0.0,-0.11999999999999744,-0.00265957446808505,45.0,45.0,45.0,45.0,42.86,45.0,,,1.0,1,7,26,45.0,0.0,SAME,1.0
KCL,2022-07-27,45.0,45.0,45.0,45.0,45.0,42.86,0.0,0.0,0.0,0.0,0.0,0.0,0.0,0.0,45.0,45.0,44.572,44.99281677246094,44.94806355106974,44.936269195531935,0.0,0.0,0.015789253832851898,0.0,0.0,0.0,0.0,2.1400000000000006,0.04993000466635559,45.0,45.0,45.0,45.0,42.86,45.0,,,1.0,2,7,27,45.0,0.0,SAME,1.0
KCL,2022-07-28,45.0,45.0,45.0,45.0,45.0,42.86,0.0,0.0,0.0,0.0,0.0,0.0,0.0,0.0,45.0,45.0,44.786,44.99640838623047,44.96537570071316,44.947856614526124,0.0,0.0,0.015789253832851898,0.0,0.0,0.0,0.0,2.1400000000000006,0.04993000466635559,45.0,45.0,45.0,45.0,42.86,45.0,,,1.0,3,7,28,45.0,0.0,SAME,1.0
KCL,2022-07-29,45.0,45.0,45.0,45.0,45.0,42.86,0.0,0.0,0.0,0.0,0.0,0.0,0.0,0.0,45.0,45.0,45.0,44.998204193115235,44.976917133808776,44.95733723006683,0.0,0.0,0.015789253832851898,0.0,0.0,0.0,0.0,2.1400000000000006,0.04993000466635559,45.0,45.0,45.0,45.0,45.0,45.0,,,,4,7,29,45.0,0.0,SAME,1.0
KCL,2022-08-02,45.0,45.0,45.0,45.0,45.0,45.0,0.0,0.0,0.0,0.0,0.0,0.0,0.0,0.0,45.0,45.0,45.0,44.99910209655762,44.98461142253919,44.9650940973274,0.0,0.0,0.0,0.0,0.0,0.0,0.0,0.0,0.0,45.0,45.0,45.0,45.0,45.0,45.0,,,,1,8,2,45.0,0.0,SAME,1.0
KCL,2022-08-03,45.0,45.0,45.0,45.0,45.0,45.0,0.0,0.0,0.0,0.0,0.0,0.0,0.0,0.0,45.0,45.0,45.0,44.99955104827881,44.98974094835946,44.97144062508605,0.0,0.0,0.0,0.0,0.0,0.0,0.0,0.0,0.0,45.0,45.0,45.0,45.0,45.0,45.0,,,,2,8,3,45.0,0.0,SAME,1.0
KCL,2022-08-04,45.0,45.0,45.0,45.0,45.0,45.0,0.0,0.0,0.0,0.0,0.0,0.0,0.0,0.0,45.0,45.0,45.0,44.99977552413941,44.99316063223964,44.97663323870677,0.0,0.0,0.0,0.0,0.0,0.0,0.0,0.0,0.0,45.0,45.0,45.0,45.0,45.0,45.0,,,,3,8,4,45.0,0.0,SAME,1.0
KCL,2022-08-05,45.0,45.0,45.0,45.0,45.0,45.0,0.0,0.0,0.0,0.0,0.0,0.0,0.0,0.0,45.0,45.0,45.0,44.999887762069704,44.9954404214931,44.980881740760076,0.0,0.0,0.0,0.0,0.0,0.0,0.0,0.0,0.0,45.0,45.0,45.0,45.0,45.0,45.0,,,,4,8,5,45.0,0.0,SAME,1.0
KCL,2022-08-08,45.0,45.0,45.0,45.0,45.0,45.0,0.0,0.0,0.0,0.0,0.0,0.0,0.0,0.0,45.0,45.0,45.0,44.99994388103485,44.9969602809954,44.9843577878946,0.0,0.0,0.0,0.0,0.0,0.0,0.0,0.0,0.0,45.0,45.0,45.0,45.0,45.0,45.0,,,,0,8,8,45.0,0.0,SAME,1.0
KCL,2022-08-09,45.0,45.0,45.0,45.0,45.0,45.0,0.0,0.0,0.0,0.0,0.0,0.0,0.0,0.0,45.0,45.0,45.0,44.999971940517426,44.99797352066361,44.98720182645921,0.0,0.0,0.0,0.0,0.0,0.0,0.0,0.0,0.0,45.0,45.0,45.0,45.0,45.0,45.0,,,,1,8,9,45.0,0.0,SAME,1.0
KCL,2022-08-10,45.0,45.0,45.0,45.0,45.0,45.0,0.0,0.0,0.0,0.0,0.0,0.0,0.0,0.0,45.0,45.0,45.0,44.99998597025871,44.99864901377574,44.98952876710299,0.0,0.0,0.0,0.0,0.0,0.0,0.0,0.0,0.0,45.0,45.0,45.0,45.0,45.0,45.0,,,,2,8,10,45.0,0.0,SAME,1.0
KCL,2022-08-11,45.0,45.0,45.0,45.0,45.0,45.0,0.0,0.0,0.0,0.0,0.0,0.0,0.0,0.0,45.0,45.0,45.0,44.99999298512935,44.99909934251716,44.99143262762971,0.0,0.0,0.0,0.0,0.0,0.0,0.0,0.0,0.0,45.0,45.0,45.0,45.0,45.0,45.0,,,,3,8,11,43.5,-1.5,DOWN,0.0
KCL,2022-08-12,43.5,45.0,45.0,45.0,45.0,45.0,-1.5,-1.5,-1.5,-0.033333333333333326,-0.033333333333333326,-0.033333333333333326,-0.03390155167568134,-0.03390155167568134,44.5,44.7,44.85,44.24999649256468,44.49939956167811,44.72026305896976,0.019245008972998835,0.01490711984999859,0.010540925533894626,-1.5,-0.03333333333333333,-1.5,-0.03333333333333333,-1.5,-0.03333333333333333,43.5,45.0,43.5,45.0,43.5,45.0,0.0,0.0,0.0,4,8,12,43.5,0.0,SAME,1.0
KCL,2022-08-15,43.5,43.5,45.0,45.0,45.0,45.0,0.0,-1.5,-1.5,0.0,-0.033333333333333326,-0.033333333333333326,0.0,-0.03390155167568134,44.0,44.4,44.7,43.87499824628234,44.16626637445208,44.49839704824798,0.019245008972998835,0.01490711984999859,0.010540925533894626,-1.5,-0.03333333333333333,-1.5,-0.03333333333333333,-1.5,-0.03333333333333333,43.5,45.0,43.5,45.0,43.5,45.0,0.0,0.0,0.0,0,8,15,43.5,0.0,SAME,1.0
KCL,2022-08-16,43.5,43.5,43.5,45.0,45.0,45.0,0.0,0.0,-1.5,0.0,0.0,-0.033333333333333326,0.0,0.0,43.5,44.1,44.55,43.687499123141166,43.94417758296805,44.31687031220289,0.019245008972998835,0.01490711984999859,0.010540925533894626,-1.5,-0.03333333333333333,-1.5,-0.03333333333333333,-1.5,-0.03333333333333333,43.5,43.5,43.5,45.0,43.5,45.0,,0.0,0.0,1,8,16,43.5,0.0,SAME,1.0
KCL,2022-08-17,43.5,43.5,43.5,43.5,45.0,45.0,0.0,0.0,0.0,0.0,0.0,0.0,0.0,0.0,43.5,43.8,44.4,43.59374956157058,43.79611838864537,44.1683484372569,0.0,0.01490711984999859,0.010540925533894626,0.0,0.0,-1.5,-0.03333333333333333,-1.5,-0.03333333333333333,43.5,43.5,43.5,45.0,43.5,45.0,,0.0,0.0,2,8,17,43.5,0.0,SAME,1.0
KCL,2022-08-18,43.5,43.5,43.5,43.5,45.0,45.0,0.0,0.0,0.0,0.0,0.0,0.0,0.0,0.0,43.5,43.5,44.25,43.54687478078529,43.697412259096915,44.046830539573826,0.0,0.01490711984999859,0.010540925533894626,0.0,0.0,-1.5,-0.03333333333333333,-1.5,-0.03333333333333333,43.5,43.5,43.5,43.5,43.5,45.0,,,0.0,3,8,18,43.5,0.0,SAME,1.0
KCL,2022-08-19,43.5,43.5,43.5,43.5,43.5,45.0,0.0,0.0,0.0,0.0,0.0,0.0,0.0,0.0,43.5,43.5,44.1,43.523437390392644,43.631608172731276,43.94740680510585,0.0,0.0,0.010540925533894626,0.0,0.0,0.0,0.0,-1.5,-0.03333333333333333,43.5,43.5,43.5,43.5,43.5,45.0,,,0.0,4,8,19,43.5,0.0,SAME,1.0
KCL,2022-08-22,43.5,43.5,43.5,43.5,43.5,45.0,0.0,0.0,0.0,0.0,0.0,0.0,0.0,0.0,43.5,43.5,43.95,43.51171869519632,43.58773878182085,43.86606011326842,0.0,0.0,0.010540925533894626,0.0,0.0,0.0,0.0,-1.5,-0.03333333333333333,43.5,43.5,43.5,43.5,43.5,45.0,,,0.0,0,8,22,43.5,0.0,SAME,1.0
KCL,2022-08-23,43.5,43.5,43.5,43.5,43.5,45.0,0.0,0.0,0.0,0.0,0.0,0.0,0.0,0.0,43.5,43.5,43.8,43.50585934759816,43.55849252121391,43.79950372903779,0.0,0.0,0.010540925533894626,0.0,0.0,0.0,0.0,-1.5,-0.03333333333333333,43.5,43.5,43.5,43.5,43.5,45.0,,,0.0,1,8,23,43.5,0.0,SAME,1.0
KCL,2022-08-24,43.5,43.5,43.5,43.5,43.5,45.0,0.0,0.0,0.0,0.0,0.0,0.0,0.0,0.0,43.5,43.5,43.65,43.50292967379908,43.53899501414261,43.745048505576364,0.0,0.0,0.010540925533894626,0.0,0.0,0.0,0.0,-1.5,-0.03333333333333333,43.5,43.5,43.5,43.5,43.5,45.0,,,0.0,2,8,24,43.5,0.0,SAME,1.0
KCL,2022-08-25,43.5,43.5,43.5,43.5,43.5,45.0,0.0,0.0,0.0,0.0,0.0,0.0,0.0,0.0,43.5,43.5,43.5,43.501464836899544,43.525996676095076,43.7004942318352,0.0,0.0,0.010540925533894626,0.0,0.0,0.0,0.0,-1.5,-0.03333333333333333,43.5,43.5,43.5,43.5,43.5,43.5,,,,3,8,25,43.5,0.0,SAME,1.0
KCL,2022-08-26,43.5,43.5,43.5,43.5,43.5,43.5,0.0,0.0,0.0,0.0,0.0,0.0,0.0,0.0,43.5,43.5,43.5,43.50073241844977,43.51733111739672,43.66404073513789,0.0,0.0,0.0,0.0,0.0,0.0,0.0,0.0,0.0,43.5,43.5,43.5,43.5,43.5,43.5,,,,4,8,26,43.5,0.0,SAME,1.0
KCL,2022-08-29,43.5,43.5,43.5,43.5,43.5,43.5,0.0,0.0,0.0,0.0,0.0,0.0,0.0,0.0,43.5,43.5,43.5,43.500366209224886,43.51155407826448,43.63421514693099,0.0,0.0,0.0,0.0,0.0,0.0,0.0,0.0,0.0,43.5,43.5,43.5,43.5,43.5,43.5,,,,0,8,29,43.5,0.0,SAME,1.0
KCL,2022-08-30,43.5,43.5,43.5,43.5,43.5,43.5,0.0,0.0,0.0,0.0,0.0,0.0,0.0,0.0,43.5,43.5,43.5,43.50018310461245,43.50770271884299,43.60981239294353,0.0,0.0,0.0,0.0,0.0,0.0,0.0,0.0,0.0,43.5,43.5,43.5,43.5,43.5,43.5,,,,1,8,30,43.5,0.0,SAME,1.0
KCL,2022-08-31,43.5,43.5,43.5,43.5,43.5,43.5,0.0,0.0,0.0,0.0,0.0,0.0,0.0,0.0,43.5,43.5,43.5,43.50009155230622,43.50513514589533,43.58984650331743,0.0,0.0,0.0,0.0,0.0,0.0,0.0,0.0,0.0,43.5,43.5,43.5,43.5,43.5,43.5,,,,2,8,31,43.5,0.0,SAME,1.0
KCL,2022-09-01,43.5,43.5,43.5,43.5,43.5,43.5,0.0,0.0,0.0,0.0,0.0,0.0,0.0,0.0,43.5,43.5,43.5,43.500045776153115,43.50342343059689,43.57351077544153,0.0,0.0,0.0,0.0,0.0,0.0,0.0,0.0,0.0,43.5,43.5,43.5,43.5,43.5,43.5,,,,3,9,1,43.5,0.0,SAME,1.0
KCL,2022-09-02,43.5,43.5,43.5,43.5,43.5,43.5,0.0,0.0,0.0,0.0,0.0,0.0,0.0,0.0,43.5,43.5,43.5,43.50002288807656,43.502282287064595,43.5601451799067,0.0,0.0,0.0,0.0,0.0,0.0,0.0,0.0,0.0,43.5,43.5,43.5,43.5,43.5,43.5,,,,4,9,2,43.5,0.0,SAME,1.0
KCL,2022-09-05,43.5,43.5,43.5,43.5,43.5,43.5,0.0,0.0,0.0,0.0,0.0,0.0,0.0,0.0,43.5,43.5,43.5,43.50001144403828,43.50152152470973,43.549209692650926,0.0,0.0,0.0,0.0,0.0,0.0,0.0,0.0,0.0,43.5,43.5,43.5,43.5,43.5,43.5,,,,0,9,5,43.5,0.0,SAME,1.0
KCL,2022-09-06,43.5,43.5,43.5,43.5,43.5,43.5,0.0,0.0,0.0,0.0,0.0,0.0,0.0,0.0,43.5,43.5,43.5,43.50000572201914,43.50101434980649,43.5402624758053,0.0,0.0,0.0,0.0,0.0,0.0,0.0,0.0,0.0,43.5,43.5,43.5,43.5,43.5,43.5,,,,1,9,6,43.5,0.0,SAME,1.0
KCL,2022-09-07,43.5,43.5,43.5,43.5,43.5,43.5,0.0,0.0,0.0,0.0,0.0,0.0,0.0,0.0,43.5,43.5,43.5,43.50000286100957,43.50067623320433,43.532942025658876,0.0,0.0,0.0,0.0,0.0,0.0,0.0,0.0,0.0,43.5,43.5,43.5,43.5,43.5,43.5,,,,2,9,7,43.5,0.0,SAME,1.0
KCL,2022-09-08,43.5,43.5,43.5,43.5,43.5,43.5,0.0,0.0,0.0,0.0,0.0,0.0,0.0,0.0,43.5,43.5,43.5,43.50000143050478,43.50045082213622,43.526952566448166,0.0,0.0,0.0,0.0,0.0,0.0,0.0,0.0,0.0,43.5,43.5,43.5,43.5,43.5,43.5,,,,3,9,8,43.5,0.0,SAME,1.0
KCL,2022-09-09,43.5,43.5,43.5,43.5,43.5,43.5,0.0,0.0,0.0,0.0,0.0,0.0,0.0,0.0,43.5,43.5,43.5,43.50000071525239,43.50030054809082,43.522052099821224,0.0,0.0,0.0,0.0,0.0,0.0,0.0,0.0,0.0,43.5,43.5,43.5,43.5,43.5,43.5,,,,4,9,9,43.5,0.0,SAME,1.0
KCL,2022-09-12,43.5,43.5,43.5,43.5,43.5,43.5,0.0,0.0,0.0,0.0,0.0,0.0,0.0,0.0,43.5,43.5,43.5,43.50000035762619,43.50020036539388,43.51804262712645,0.0,0.0,0.0,0.0,0.0,0.0,0.0,0.0,0.0,43.5,43.5,43.5,43.5,43.5,43.5,,,,0,9,12,43.5,0.0,SAME,1.0
KCL,2022-09-13,43.5,43.5,43.5,43.5,43.5,43.5,0.0,0.0,0.0,0.0,0.0,0.0,0.0,0.0,43.5,43.5,43.5,43.500000178813096,43.50013357692926,43.51476214946709,0.0,0.0,0.0,0.0,0.0,0.0,0.0,0.0,0.0,43.5,43.5,43.5,43.5,43.5,43.5,,,,1,9,13,43.5,0.0,SAME,1.0
KCL,2022-09-14,43.5,43.5,43.5,43.5,43.5,43.5,0.0,0.0,0.0,0.0,0.0,0.0,0.0,0.0,43.5,43.5,43.5,43.50000008940655,43.500089051286174,43.51207812229125,0.0,0.0,0.0,0.0,0.0,0.0,0.0,0.0,0.0,43.5,43.5,43.5,43.5,43.5,43.5,,,,2,9,14,43.5,0.0,SAME,1.0
KCL,2022-09-15,43.5,43.5,43.5,43.5,43.5,43.5,0.0,0.0,0.0,0.0,0.0,0.0,0.0,0.0,43.5,43.5,43.5,43.50000004470327,43.500059367524116,43.50988210005647,0.0,0.0,0.0,0.0,0.0,0.0,0.0,0.0,0.0,43.5,43.5,43.5,43.5,43.5,43.5,,,,3,9,15,43.5,0.0,SAME,1.0
KCL,2022-09-16,43.5,43.5,43.5,43.5,43.5,43.5,0.0,0.0,0.0,0.0,0.0,0.0,0.0,0.0,43.5,43.5,43.5,43.500000022351635,43.500039578349416,43.50808535459166,0.0,0.0,0.0,0.0,0.0,0.0,0.0,0.0,0.0,43.5,43.5,43.5,43.5,43.5,43.5,,,,4,9,16,43.5,0.0,SAME,1.0
KCL,2022-09-19,43.5,43.5,43.5,43.5,43.5,43.5,0.0,0.0,0.0,0.0,0.0,0.0,0.0,0.0,43.5,43.5,43.5,43.500000011175814,43.50002638556628,43.50661529012044,0.0,0.0,0.0,0.0,0.0,0.0,0.0,0.0,0.0,43.5,43.5,43.5,43.5,43.5,43.5,,,,0,9,19,43.5,0.0,SAME,1.0
KCL,2022-09-20,43.5,43.5,43.5,43.5,43.5,43.5,0.0,0.0,0.0,0.0,0.0,0.0,0.0,0.0,43.5,43.5,43.5,43.50000000558791,43.500017590377524,43.50541251009854,0.0,0.0,0.0,0.0,0.0,0.0,0.0,0.0,0.0,43.5,43.5,43.5,43.5,43.5,43.5,,,,1,9,20,43.5,0.0,SAME,1.0
KCL,2022-09-21,43.5,43.5,43.5,43.5,43.5,43.5,0.0,0.0,0.0,0.0,0.0,0.0,0.0,0.0,43.5,43.5,43.5,43.50000000279395,43.50001172691835,43.504428417353346,0.0,0.0,0.0,0.0,0.0,0.0,0.0,0.0,0.0,43.5,43.5,43.5,43.5,43.5,43.5,,,,2,9,21,43.5,0.0,SAME,1.0
KCL,2022-09-22,43.5,43.5,43.5,43.5,43.5,43.5,0.0,0.0,0.0,0.0,0.0,0.0,0.0,0.0,43.5,43.5,43.5,43.50000000139698,43.50000781794557,43.50362325056182,0.0,0.0,0.0,0.0,0.0,0.0,0.0,0.0,0.0,43.5,43.5,43.5,43.5,43.5,43.5,,,,3,9,22,43.5,0.0,SAME,1.0
KCL,2022-09-26,43.5,43.5,43.5,43.5,43.5,43.5,0.0,0.0,0.0,0.0,0.0,0.0,0.0,0.0,43.5,43.5,43.5,43.50000000069849,43.50000521196372,43.5029644777324,0.0,0.0,0.0,0.0,0.0,0.0,0.0,0.0,0.0,43.5,43.5,43.5,43.5,43.5,43.5,,,,0,9,26,43.5,0.0,SAME,1.0
KCL,2022-09-27,43.5,43.5,43.5,43.5,43.5,43.5,0.0,0.0,0.0,0.0,0.0,0.0,0.0,0.0,43.5,43.5,43.5,43.500000000349246,43.50000347464248,43.502425481781046,0.0,0.0,0.0,0.0,0.0,0.0,0.0,0.0,0.0,43.5,43.5,43.5,43.5,43.5,43.5,,,,1,9,27,43.5,0.0,SAME,1.0
KCL,2022-09-28,43.5,43.5,43.5,43.5,43.5,43.5,0.0,0.0,0.0,0.0,0.0,0.0,0.0,0.0,43.5,43.5,43.5,43.50000000017462,43.50000231642832,43.50198448509358,0.0,0.0,0.0,0.0,0.0,0.0,0.0,0.0,0.0,43.5,43.5,43.5,43.5,43.5,43.5,,,,2,9,28,43.5,0.0,SAME,1.0
KCL,2022-09-29,43.5,43.5,43.5,43.5,43.5,43.5,0.0,0.0,0.0,0.0,0.0,0.0,0.0,0.0,43.5,43.5,43.5,43.50000000008731,43.50000154428555,43.50162366962201,0.0,0.0,0.0,0.0,0.0,0.0,0.0,0.0,0.0,43.5,43.5,43.5,43.5,43.5,43.5,,,,3,9,29,43.5,0.0,SAME,1.0
KCL,2022-10-03,43.5,43.5,43.5,43.5,43.5,43.5,0.0,0.0,0.0,0.0,0.0,0.0,0.0,0.0,43.5,43.5,43.5,43.500000000043656,43.5000010295237,43.50132845696346,0.0,0.0,0.0,0.0,0.0,0.0,0.0,0.0,0.0,43.5,43.5,43.5,43.5,43.5,43.5,,,,0,10,3,43.5,0.0,SAME,1.0
KCL,2022-10-07,43.5,43.5,43.5,43.5,43.5,43.5,0.0,0.0,0.0,0.0,0.0,0.0,0.0,0.0,43.5,43.5,43.5,43.50000000002183,43.50000068634914,43.50108691933374,0.0,0.0,0.0,0.0,0.0,0.0,0.0,0.0,0.0,43.5,43.5,43.5,43.5,43.5,43.5,,,,4,10,7,43.5,0.0,SAME,1.0
KCL,2022-10-10,43.5,43.5,43.5,43.5,43.5,43.5,0.0,0.0,0.0,0.0,0.0,0.0,0.0,0.0,43.5,43.5,43.5,43.500000000010914,43.500000457566095,43.50088929763669,0.0,0.0,0.0,0.0,0.0,0.0,0.0,0.0,0.0,43.5,43.5,43.5,43.5,43.5,43.5,,,,0,10,10,43.5,0.0,SAME,1.0
KCL,2022-10-11,43.5,43.5,43.5,43.5,43.5,43.5,0.0,0.0,0.0,0.0,0.0,0.0,0.0,0.0,43.5,43.5,43.5,43.50000000000546,43.50000030504407,43.50072760715729,0.0,0.0,0.0,0.0,0.0,0.0,0.0,0.0,0.0,43.5,43.5,43.5,43.5,43.5,43.5,,,,1,10,11,43.5,0.0,SAME,1.0
KCL,2022-10-12,43.5,43.5,43.5,43.5,43.5,43.5,0.0,0.0,0.0,0.0,0.0,0.0,0.0,0.0,43.5,43.5,43.5,43.50000000000273,43.50000020336272,43.500595314946864,0.0,0.0,0.0,0.0,0.0,0.0,0.0,0.0,0.0,43.5,43.5,43.5,43.5,43.5,43.5,,,,2,10,12,43.5,0.0,SAME,1.0
KCL,2022-10-13,43.5,43.5,43.5,43.5,43.5,43.5,0.0,0.0,0.0,0.0,0.0,0.0,0.0,0.0,43.5,43.5,43.5,43.500000000001364,43.50000013557515,43.500487075865614,0.0,0.0,0.0,0.0,0.0,0.0,0.0,0.0,0.0,43.5,43.5,43.5,43.5,43.5,43.5,,,,3,10,13,43.5,0.0,SAME,1.0
KCL,2022-10-14,43.5,43.5,43.5,43.5,43.5,43.5,0.0,0.0,0.0,0.0,0.0,0.0,0.0,0.0,43.5,43.5,43.5,43.50000000000068,43.50000009038344,43.50039851661732,0.0,0.0,0.0,0.0,0.0,0.0,0.0,0.0,0.0,43.5,43.5,43.5,43.5,43.5,43.5,,,,4,10,14,43.5,0.0,SAME,1.0
KCL,2022-10-17,43.5,43.5,43.5,43.5,43.5,43.5,0.0,0.0,0.0,0.0,0.0,0.0,0.0,0.0,43.5,43.5,43.5,43.50000000000034,43.50000006025563,43.50032605905053,0.0,0.0,0.0,0.0,0.0,0.0,0.0,0.0,0.0,43.5,43.5,43.5,43.5,43.5,43.5,,,,0,10,17,43.5,0.0,SAME,1.0
KCL,2022-10-18,43.5,43.5,43.5,43.5,43.5,43.5,0.0,0.0,0.0,0.0,0.0,0.0,0.0,0.0,43.5,43.5,43.5,43.50000000000017,43.50000004017042,43.500266775586795,0.0,0.0,0.0,0.0,0.0,0.0,0.0,0.0,0.0,43.5,43.5,43.5,43.5,43.5,43.5,,,,1,10,18,43.5,0.0,SAME,1.0
KCL,2022-10-19,43.5,43.5,43.5,43.5,43.5,43.5,0.0,0.0,0.0,0.0,0.0,0.0,0.0,0.0,43.5,43.5,43.5,43.500000000000085,43.500000026780285,43.500218270934646,0.0,0.0,0.0,0.0,0.0,0.0,0.0,0.0,0.0,43.5,43.5,43.5,43.5,43.5,43.5,,,,2,10,19,43.5,0.0,SAME,1.0
KCL,2022-10-20,43.5,43.5,43.5,43.5,43.5,43.5,0.0,0.0,0.0,0.0,0.0,0.0,0.0,0.0,43.5,43.5,43.5,43.50000000000004,43.50000001785352,43.50017858531016,0.0,0.0,0.0,0.0,0.0,0.0,0.0,0.0,0.0,43.5,43.5,43.5,43.5,43.5,43.5,,,,3,10,20,43.5,0.0,SAME,1.0
KCL,2022-10-21,43.5,43.5,43.5,43.5,43.5,43.5,0.0,0.0,0.0,0.0,0.0,0.0,0.0,0.0,43.5,43.5,43.5,43.50000000000002,43.50000001190235,43.50014611525376,0.0,0.0,0.0,0.0,0.0,0.0,0.0,0.0,0.0,43.5,43.5,43.5,43.5,43.5,43.5,,,,4,10,21,43.5,0.0,SAME,1.0
KCL,2022-10-24,43.5,43.5,43.5,43.5,43.5,43.5,0.0,0.0,0.0,0.0,0.0,0.0,0.0,0.0,43.5,43.5,43.5,43.500000000000014,43.5000000079349,43.50011954884398,0.0,0.0,0.0,0.0,0.0,0.0,0.0,0.0,0.0,43.5,43.5,43.5,43.5,43.5,43.5,,,,0,10,24,43.5,0.0,SAME,1.0
KCL,2022-10-25,43.5,43.5,43.5,43.5,43.5,43.5,0.0,0.0,0.0,0.0,0.0,0.0,0.0,0.0,43.5,43.5,43.5,43.50000000000001,43.500000005289934,43.50009781269053,0.0,0.0,0.0,0.0,0.0,0.0,0.0,0.0,0.0,43.5,43.5,43.5,43.5,43.5,43.5,,,,1,10,25,43.5,0.0,SAME,1.0
KCL,2022-10-26,43.5,43.5,43.5,43.5,43.5,43.5,0.0,0.0,0.0,0.0,0.0,0.0,0.0,0.0,43.5,43.5,43.5,43.5,43.50000000352662,43.50008002856497,0.0,0.0,0.0,0.0,0.0,0.0,0.0,0.0,0.0,43.5,43.5,43.5,43.5,43.5,43.5,,,,2,10,26,43.5,0.0,SAME,1.0
KCL,2022-10-27,43.5,43.5,43.5,43.5,43.5,43.5,0.0,0.0,0.0,0.0,0.0,0.0,0.0,0.0,43.5,43.5,43.5,43.5,43.500000002351086,43.50006547791679,0.0,0.0,0.0,0.0,0.0,0.0,0.0,0.0,0.0,43.5,43.5,43.5,43.5,43.5,43.5,,,,3,10,27,43.5,0.0,SAME,1.0
KCL,2022-10-28,43.5,43.5,43.5,43.5,43.5,43.5,0.0,0.0,0.0,0.0,0.0,0.0,0.0,0.0,43.5,43.5,43.5,43.5,43.50000000156739,43.500053572841004,0.0,0.0,0.0,0.0,0.0,0.0,0.0,0.0,0.0,43.5,43.5,43.5,43.5,43.5,43.5,,,,4,10,28,43.5,0.0,SAME,1.0
KCL,2022-10-31,43.5,43.5,43.5,43.5,43.5,43.5,0.0,0.0,0.0,0.0,0.0,0.0,0.0,0.0,43.5,43.5,43.5,43.5,43.50000000104493,43.50004383232445,0.0,0.0,0.0,0.0,0.0,0.0,0.0,0.0,0.0,43.5,43.5,43.5,43.5,43.5,43.5,,,,0,10,31,43.5,0.0,SAME,1.0
KCL,2022-11-02,43.5,43.5,43.5,43.5,43.5,43.5,0.0,0.0,0.0,0.0,0.0,0.0,0.0,0.0,43.5,43.5,43.5,43.5,43.50000000069662,43.50003586281091,0.0,0.0,0.0,0.0,0.0,0.0,0.0,0.0,0.0,43.5,43.5,43.5,43.5,43.5,43.5,,,,2,11,2,43.5,0.0,SAME,1.0
KCL,2022-11-03,43.5,43.5,43.5,43.5,43.5,43.5,0.0,0.0,0.0,0.0,0.0,0.0,0.0,0.0,43.5,43.5,43.5,43.5,43.50000000046442,43.50002934229983,0.0,0.0,0.0,0.0,0.0,0.0,0.0,0.0,0.0,43.5,43.5,43.5,43.5,43.5,43.5,,,,3,11,3,43.5,0.0,SAME,1.0
KCL,2022-11-04,43.5,43.5,43.5,43.5,43.5,43.5,0.0,0.0,0.0,0.0,0.0,0.0,0.0,0.0,43.5,43.5,43.5,43.5,43.50000000030961,43.50002400733622,0.0,0.0,0.0,0.0,0.0,0.0,0.0,0.0,0.0,43.5,43.5,43.5,43.5,43.5,43.5,,,,4,11,4,43.5,0.0,SAME,1.0
KCL,2022-11-07,43.5,43.5,43.5,43.5,43.5,43.5,0.0,0.0,0.0,0.0,0.0,0.0,0.0,0.0,43.5,43.5,43.5,43.5,43.50000000020641,43.50001964236599,0.0,0.0,0.0,0.0,0.0,0.0,0.0,0.0,0.0,43.5,43.5,43.5,43.5,43.5,43.5,,,,0,11,7,43.5,0.0,SAME,1.0
KCL,2022-11-08,43.5,43.5,43.5,43.5,43.5,43.5,0.0,0.0,0.0,0.0,0.0,0.0,0.0,0.0,43.5,43.5,43.5,43.5,43.50000000013761,43.500016071026714,0.0,0.0,0.0,0.0,0.0,0.0,0.0,0.0,0.0,43.5,43.5,43.5,43.5,43.5,43.5,,,,1,11,8,43.5,0.0,SAME,1.0
KCL,2022-11-09,43.5,43.5,43.5,43.5,43.5,43.5,0.0,0.0,0.0,0.0,0.0,0.0,0.0,0.0,43.5,43.5,43.5,43.5,43.500000000091745,43.500013149021854,0.0,0.0,0.0,0.0,0.0,0.0,0.0,0.0,0.0,43.5,43.5,43.5,43.5,43.5,43.5,,,,2,11,9,43.5,0.0,SAME,1.0
KCL,2022-11-10,43.5,43.5,43.5,43.5,43.5,43.5,0.0,0.0,0.0,0.0,0.0,0.0,0.0,0.0,43.5,43.5,43.5,43.5,43.50000000006116,43.5000107582906,0.0,0.0,0.0,0.0,0.0,0.0,0.0,0.0,0.0,43.5,43.5,43.5,43.5,43.5,43.5,,,,3,11,10,43.5,0.0,SAME,1.0
KCL,2022-11-14,43.5,43.5,43.5,43.5,43.5,43.5,0.0,0.0,0.0,0.0,0.0,0.0,0.0,0.0,43.5,43.5,43.5,43.5,43.50000000004078,43.50000880223776,0.0,0.0,0.0,0.0,0.0,0.0,0.0,0.0,0.0,43.5,43.5,43.5,43.5,43.5,43.5,,,,0,11,14,43.5,0.0,SAME,1.0
KCL,2022-11-16,43.5,43.5,43.5,43.5,43.5,43.5,0.0,0.0,0.0,0.0,0.0,0.0,0.0,0.0,43.5,43.5,43.5,43.5,43.500000000027185,43.50000720183089,0.0,0.0,0.0,0.0,0.0,0.0,0.0,0.0,0.0,43.5,43.5,43.5,43.5,43.5,43.5,,,,2,11,16,43.5,0.0,SAME,1.0
KCL,2022-11-17,43.5,43.5,43.5,43.5,43.5,43.5,0.0,0.0,0.0,0.0,0.0,0.0,0.0,0.0,43.5,43.5,43.5,43.5,43.500000000018126,43.50000589240709,0.0,0.0,0.0,0.0,0.0,0.0,0.0,0.0,0.0,43.5,43.5,43.5,43.5,43.5,43.5,,,,3,11,17,43.5,0.0,SAME,1.0
KCL,2022-11-18,43.5,43.5,43.5,43.5,43.5,43.5,0.0,0.0,0.0,0.0,0.0,0.0,0.0,0.0,43.5,43.5,43.5,43.5,43.500000000012086,43.50000482106034,0.0,0.0,0.0,0.0,0.0,0.0,0.0,0.0,0.0,43.5,43.5,43.5,43.5,43.5,43.5,,,,4,11,18,41.5,-2.0,DOWN,0.0
KCL,2022-11-21,41.5,43.5,43.5,43.5,43.5,43.5,-2.0,-2.0,-2.0,-0.04597701149425293,-0.04597701149425293,-0.04597701149425293,-0.047067510857985856,-0.047067510857985856,42.833333333333336,43.1,43.3,42.5,42.83333333334139,43.13636758086755,0.026544839962749596,0.020561544620687742,0.01453920763295811,-2.0,-0.04597701149425287,-2.0,-0.04597701149425287,-2.0,-0.04597701149425287,41.5,43.5,41.5,43.5,41.5,43.5,0.0,0.0,0.0,0,11,21,41.5,0.0,SAME,1.0
KCL,2022-11-22,41.5,41.5,43.5,43.5,43.5,43.5,0.0,-2.0,-2.0,0.0,-0.04597701149425293,-0.04597701149425293,0.0,-0.047067510857985856,42.166666666666664,42.7,43.1,42.0,42.388888888894265,42.838846202527996,0.026544839962749596,0.020561544620687742,0.01453920763295811,-2.0,-0.04597701149425287,-2.0,-0.04597701149425287,-2.0,-0.04597701149425287,41.5,43.5,41.5,43.5,41.5,43.5,0.0,0.0,0.0,1,11,22,41.5,0.0,SAME,1.0
KCL,2022-11-23,41.5,41.5,41.5,43.5,43.5,43.5,0.0,0.0,-2.0,0.0,0.0,-0.04597701149425293,0.0,0.0,41.5,42.3,42.9,41.75,42.092592592596176,42.595419620250176,0.026544839962749596,0.020561544620687742,0.01453920763295811,-2.0,-0.04597701149425287,-2.0,-0.04597701149425287,-2.0,-0.04597701149425287,41.5,41.5,41.5,43.5,41.5,43.5,,0.0,0.0,2,11,23,41.5,0.0,SAME,1.0
KCL,2022-11-24,41.5,41.5,41.5,41.5,43.5,43.5,0.0,0.0,0.0,0.0,0.0,0.0,0.0,0.0,41.5,41.9,42.7,41.625,41.89506172839745,42.39625241656832,0.0,0.020561544620687742,0.01453920763295811,0.0,0.0,-2.0,-0.04597701149425287,-2.0,-0.04597701149425287,41.5,41.5,41.5,43.5,41.5,43.5,,0.0,0.0,3,11,24,41.5,0.0,SAME,1.0
KCL,2022-11-25,41.5,41.5,41.5,41.5,43.5,43.5,0.0,0.0,0.0,0.0,0.0,0.0,0.0,0.0,41.5,41.5,42.5,41.5625,41.763374485598305,42.23329743173772,0.0,0.020561544620687742,0.01453920763295811,0.0,0.0,-2.0,-0.04597701149425287,-2.0,-0.04597701149425287,41.5,41.5,41.5,41.5,41.5,43.5,,,0.0,4,11,25,41.5,0.0,SAME,1.0
KCL,2022-11-28,41.5,41.5,41.5,41.5,41.5,43.5,0.0,0.0,0.0,0.0,0.0,0.0,0.0,0.0,41.5,41.5,42.3,41.53125,41.67558299039887,42.099970625967224,0.0,0.0,0.01453920763295811,0.0,0.0,0.0,0.0,-2.0,-0.04597701149425287,41.5,41.5,41.5,41.5,41.5,43.5,,,0.0,0,11,28,41.5,0.0,SAME,1.0
KCL,2022-11-29,41.5,41.5,41.5,41.5,41.5,43.5,0.0,0.0,0.0,0.0,0.0,0.0,0.0,0.0,41.5,41.5,42.1,41.515625,41.61705532693259,41.990885057609546,0.0,0.0,0.01453920763295811,0.0,0.0,0.0,0.0,-2.0,-0.04597701149425287,41.5,41.5,41.5,41.5,41.5,43.5,,,0.0,1,11,29,41.5,0.0,SAME,1.0
KCL,2022-11-30,41.5,41.5,41.5,41.5,41.5,43.5,0.0,0.0,0.0,0.0,0.0,0.0,0.0,0.0,41.5,41.5,41.9,41.5078125,41.578036884621724,41.901633228953266,0.0,0.0,0.01453920763295811,0.0,0.0,0.0,0.0,-2.0,-0.04597701149425287,41.5,41.5,41.5,41.5,41.5,43.5,,,0.0,2,11,30,41.5,0.0,SAME,1.0
KCL,2022-12-01,41.5,41.5,41.5,41.5,41.5,43.5,0.0,0.0,0.0,0.0,0.0,0.0,0.0,0.0,41.5,41.5,41.7,41.50390625,41.552024589747816,41.82860900550722,0.0,0.0,0.01453920763295811,0.0,0.0,0.0,0.0,-2.0,-0.04597701149425287,41.5,41.5,41.5,41.5,41.5,43.5,,,0.0,3,12,1,41.5,0.0,SAME,1.0
KCL,2022-12-02,41.5,41.5,41.5,41.5,41.5,43.5,0.0,0.0,0.0,0.0,0.0,0.0,0.0,0.0,41.5,41.5,41.5,41.501953125,41.53468305983188,41.768861913596815,0.0,0.0,0.01453920763295811,0.0,0.0,0.0,0.0,-2.0,-0.04597701149425287,41.5,41.5,41.5,41.5,41.5,41.5,,,,4,12,2,41.5,0.0,SAME,1.0
KCL,2022-12-05,41.5,41.5,41.5,41.5,41.5,41.5,0.0,0.0,0.0,0.0,0.0,0.0,0.0,0.0,41.5,41.5,41.5,41.5009765625,41.52312203988792,41.71997792930648,0.0,0.0,0.0,0.0,0.0,0.0,0.0,0.0,0.0,41.5,41.5,41.5,41.5,41.5,41.5,,,,0,12,5,41.5,0.0,SAME,1.0
KCL,2022-12-06,41.5,41.5,41.5,41.5,41.5,41.5,0.0,0.0,0.0,0.0,0.0,0.0,0.0,0.0,41.5,41.5,41.5,41.50048828125,41.51541469325862,41.67998194215985,0.0,0.0,0.0,0.0,0.0,0.0,0.0,0.0,0.0,41.5,41.5,41.5,41.5,41.5,41.5,,,,1,12,6,41.5,0.0,SAME,1.0
KCL,2022-12-07,41.5,41.5,41.5,41.5,41.5,41.5,0.0,0.0,0.0,0.0,0.0,0.0,0.0,0.0,41.5,41.5,41.5,41.500244140625,41.51027646217241,41.64725795267624,0.0,0.0,0.0,0.0,0.0,0.0,0.0,0.0,0.0,41.5,41.5,41.5,41.5,41.5,41.5,,,,2,12,7,41.5,0.0,SAME,1.0
KCL,2022-12-08,41.5,41.5,41.5,41.5,41.5,41.5,0.0,0.0,0.0,0.0,0.0,0.0,0.0,0.0,41.5,41.5,41.5,41.5001220703125,41.506850974781614,41.620483779462376,0.0,0.0,0.0,0.0,0.0,0.0,0.0,0.0,0.0,41.5,41.5,41.5,41.5,41.5,41.5,,,,3,12,8,41.5,0.0,SAME,1.0
KCL,2022-12-09,41.5,41.5,41.5,41.5,41.5,41.5,0.0,0.0,0.0,0.0,0.0,0.0,0.0,0.0,41.5,41.5,41.5,41.50006103515625,41.504567316521076,41.59857763774194,0.0,0.0,0.0,0.0,0.0,0.0,0.0,0.0,0.0,41.5,41.5,41.5,41.5,41.5,41.5,,,,4,12,9,41.5,0.0,SAME,1.0
KCL,2022-12-12,41.5,41.5,41.5,41.5,41.5,41.5,0.0,0.0,0.0,0.0,0.0,0.0,0.0,0.0,41.5,41.5,41.5,41.500030517578125,41.50304487768072,41.58065443087977,0.0,0.0,0.0,0.0,0.0,0.0,0.0,0.0,0.0,41.5,41.5,41.5,41.5,41.5,41.5,,,,0,12,12,41.5,0.0,SAME,1.0
KCL,2022-12-13,41.5,41.5,41.5,41.5,41.5,41.5,0.0,0.0,0.0,0.0,0.0,0.0,0.0,0.0,41.5,41.5,41.5,41.50001525878906,41.502029918453815,41.56598998890163,0.0,0.0,0.0,0.0,0.0,0.0,0.0,0.0,0.0,41.5,41.5,41.5,41.5,41.5,41.5,,,,1,12,13,41.5,0.0,SAME,1.0
KCL,2022-12-14,41.5,41.5,41.5,41.5,41.5,41.5,0.0,0.0,0.0,0.0,0.0,0.0,0.0,0.0,41.5,41.5,41.5,41.50000762939453,41.50135327896921,41.55399180910133,0.0,0.0,0.0,0.0,0.0,0.0,0.0,0.0,0.0,41.5,41.5,41.5,41.5,41.5,41.5,,,,2,12,14,41.5,0.0,SAME,1.0
KCL,2022-12-15,41.5,41.5,41.5,41.5,41.5,41.5,0.0,0.0,0.0,0.0,0.0,0.0,0.0,0.0,41.5,41.5,41.5,41.500003814697266,41.50090218597948,41.54417511653745,0.0,0.0,0.0,0.0,0.0,0.0,0.0,0.0,0.0,41.5,41.5,41.5,41.5,41.5,41.5,,,,3,12,15,41.5,0.0,SAME,1.0
KCL,2022-12-16,41.5,41.5,41.5,41.5,41.5,41.5,0.0,0.0,0.0,0.0,0.0,0.0,0.0,0.0,41.5,41.5,41.5,41.50000190734863,41.500601457319654,41.53614327716701,0.0,0.0,0.0,0.0,0.0,0.0,0.0,0.0,0.0,41.5,41.5,41.5,41.5,41.5,41.5,,,,4,12,16,41.5,0.0,SAME,1.0
KCL,2022-12-19,41.5,41.5,41.5,41.5,41.5,41.5,0.0,0.0,0.0,0.0,0.0,0.0,0.0,0.0,41.5,41.5,41.5,41.500000953674316,41.50040097154644,41.52957177222755,0.0,0.0,0.0,0.0,0.0,0.0,0.0,0.0,0.0,41.5,41.5,41.5,41.5,41.5,41.5,,,,0,12,19,41.5,0.0,SAME,1.0
KCL,2022-12-20,41.5,41.5,41.5,41.5,41.5,41.5,0.0,0.0,0.0,0.0,0.0,0.0,0.0,0.0,41.5,41.5,41.5,41.50000047683716,41.500267314364294,41.524195086367996,0.0,0.0,0.0,0.0,0.0,0.0,0.0,0.0,0.0,41.5,41.5,41.5,41.5,41.5,41.5,,,,1,12,20,41.5,0.0,SAME,1.0
KCL,2022-12-21,41.5,41.5,41.5,41.5,41.5,41.5,0.0,0.0,0.0,0.0,0.0,0.0,0.0,0.0,41.5,41.5,41.5,41.50000023841858,41.5001782095762,41.519795979755635,0.0,0.0,0.0,0.0,0.0,0.0,0.0,0.0,0.0,41.5,41.5,41.5,41.5,41.5,41.5,,,,2,12,21,41.5,0.0,SAME,1.0
KCL,2022-12-22,41.5,41.5,41.5,41.5,41.5,41.5,0.0,0.0,0.0,0.0,0.0,0.0,0.0,0.0,41.5,41.5,41.5,41.50000011920929,41.50011880638414,41.51619671070915,0.0,0.0,0.0,0.0,0.0,0.0,0.0,0.0,0.0,41.5,41.5,41.5,41.5,41.5,41.5,,,,3,12,22,41.5,0.0,SAME,1.0
KCL,2022-12-23,41.5,41.5,41.5,41.5,41.5,41.5,0.0,0.0,0.0,0.0,0.0,0.0,0.0,0.0,41.5,41.5,41.5,41.500000059604645,41.500079204256096,41.51325185421658,0.0,0.0,0.0,0.0,0.0,0.0,0.0,0.0,0.0,41.5,41.5,41.5,41.5,41.5,41.5,,,,4,12,23,41.5,0.0,SAME,1.0
KCL,2022-12-26,41.5,41.5,41.5,41.5,41.5,41.5,0.0,0.0,0.0,0.0,0.0,0.0,0.0,0.0,41.5,41.5,41.5,41.50000002980232,41.5000528028374,41.5108424261772,0.0,0.0,0.0,0.0,0.0,0.0,0.0,0.0,0.0,41.5,41.5,41.5,41.5,41.5,41.5,,,,0,12,26,41.5,0.0,SAME,1.0
KCL,2022-12-27,41.5,41.5,41.5,41.5,41.5,41.5,0.0,0.0,0.0,0.0,0.0,0.0,0.0,0.0,41.5,41.5,41.5,41.50000001490116,41.500035201891606,41.508871075963164,0.0,0.0,0.0,0.0,0.0,0.0,0.0,0.0,0.0,41.5,41.5,41.5,41.5,41.5,41.5,,,,1,12,27,41.5,0.0,SAME,1.0
KCL,2022-12-28,41.5,41.5,41.5,41.5,41.5,41.5,0.0,0.0,0.0,0.0,0.0,0.0,0.0,0.0,41.5,41.5,41.5,41.50000000745058,41.50002346792774,41.50725815306077,0.0,0.0,0.0,0.0,0.0,0.0,0.0,0.0,0.0,41.5,41.5,41.5,41.5,41.5,41.5,,,,2,12,28,41.5,0.0,SAME,1.0
KCL,2022-12-29,41.5,41.5,41.5,41.5,41.5,41.5,0.0,0.0,0.0,0.0,0.0,0.0,0.0,0.0,41.5,41.5,41.5,41.50000000372529,41.50001564528516,41.5059384888679,0.0,0.0,0.0,0.0,0.0,0.0,0.0,0.0,0.0,41.5,41.5,41.5,41.5,41.5,41.5,,,,3,12,29,41.5,0.0,SAME,1.0
KCL,2022-12-30,41.5,41.5,41.5,41.5,41.5,41.5,0.0,0.0,0.0,0.0,0.0,0.0,0.0,0.0,41.5,41.5,41.5,41.500000001862645,41.50001043019011,41.50485876361919,0.0,0.0,0.0,0.0,0.0,0.0,0.0,0.0,0.0,41.5,41.5,41.5,41.5,41.5,41.5,,,,4,12,30,41.5,0.0,SAME,1.0
KCL,2023-01-03,41.5,41.5,41.5,41.5,41.5,41.5,0.0,0.0,0.0,0.0,0.0,0.0,0.0,0.0,41.5,41.5,41.5,41.50000000093132,41.50000695346007,41.503975352052066,0.0,0.0,0.0,0.0,0.0,0.0,0.0,0.0,0.0,41.5,41.5,41.5,41.5,41.5,41.5,,,,1,1,3,41.5,0.0,SAME,1.0
KCL,2023-01-04,41.5,41.5,41.5,41.5,41.5,41.5,0.0,0.0,0.0,0.0,0.0,0.0,0.0,0.0,41.5,41.5,41.5,41.50000000046566,41.50000463564005,41.50325256076987,0.0,0.0,0.0,0.0,0.0,0.0,0.0,0.0,0.0,41.5,41.5,41.5,41.5,41.5,41.5,,,,2,1,4,41.5,0.0,SAME,1.0
KCL,2023-01-05,41.5,41.5,41.5,41.5,41.5,41.5,0.0,0.0,0.0,0.0,0.0,0.0,0.0,0.0,41.5,41.5,41.5,41.50000000023283,41.5000030904267,41.50266118608444,0.0,0.0,0.0,0.0,0.0,0.0,0.0,0.0,0.0,41.5,41.5,41.5,41.5,41.5,41.5,,,,3,1,5,41.5,0.0,SAME,1.0
KCL,2023-01-06,41.5,41.5,41.5,41.5,41.5,41.5,0.0,0.0,0.0,0.0,0.0,0.0,0.0,0.0,41.5,41.5,41.5,41.500000000116415,41.50000206028447,41.50217733406908,0.0,0.0,0.0,0.0,0.0,0.0,0.0,0.0,0.0,41.5,41.5,41.5,41.5,41.5,41.5,,,,4,1,6,41.5,0.0,SAME,1.0
KCL,2023-01-09,41.5,41.5,41.5,41.5,41.5,41.5,0.0,0.0,0.0,0.0,0.0,0.0,0.0,0.0,41.5,41.5,41.5,41.50000000005821,41.500001373522984,41.50178145514743,0.0,0.0,0.0,0.0,0.0,0.0,0.0,0.0,0.0,41.5,41.5,41.5,41.5,41.5,41.5,,,,0,1,9,41.5,0.0,SAME,1.0
KCL,2023-01-10,41.5,41.5,41.5,41.5,41.5,41.5,0.0,0.0,0.0,0.0,0.0,0.0,0.0,0.0,41.5,41.5,41.5,41.500000000029104,41.500000915681994,41.501457554211534,0.0,0.0,0.0,0.0,0.0,0.0,0.0,0.0,0.0,41.5,41.5,41.5,41.5,41.5,41.5,,,,1,1,10,41.5,0.0,SAME,1.0
KCL,2023-01-11,41.5,41.5,41.5,41.5,41.5,41.5,0.0,0.0,0.0,0.0,0.0,0.0,0.0,0.0,41.5,41.5,41.5,41.50000000001455,41.50000061045466,41.50119254435489,0.0,0.0,0.0,0.0,0.0,0.0,0.0,0.0,0.0,41.5,41.5,41.5,41.5,41.5,41.5,,,,2,1,11,41.5,0.0,SAME,1.0
KCL,2023-01-12,41.5,41.5,41.5,41.5,41.5,41.5,0.0,0.0,0.0,0.0,0.0,0.0,0.0,0.0,41.5,41.5,41.5,41.500000000007276,41.500000406969775,41.50097571810855,0.0,0.0,0.0,0.0,0.0,0.0,0.0,0.0,0.0,41.5,41.5,41.5,41.5,41.5,41.5,,,,3,1,12,41.5,0.0,SAME,1.0
KCL,2023-01-13,41.5,41.5,41.5,41.5,41.5,41.5,0.0,0.0,0.0,0.0,0.0,0.0,0.0,0.0,41.5,41.5,41.5,41.50000000000364,41.50000027131318,41.50079831481609,0.0,0.0,0.0,0.0,0.0,0.0,0.0,0.0,0.0,41.5,41.5,41.5,41.5,41.5,41.5,,,,4,1,13,41.5,0.0,SAME,1.0
KCL,2023-01-16,41.5,41.5,41.5,41.5,41.5,41.5,0.0,0.0,0.0,0.0,0.0,0.0,0.0,0.0,41.5,41.5,41.5,41.50000000000182,41.50000018087546,41.5006531666677,0.0,0.0,0.0,0.0,0.0,0.0,0.0,0.0,0.0,41.5,41.5,41.5,41.5,41.5,41.5,,,,0,1,16,41.5,0.0,SAME,1.0
KCL,2023-01-17,41.5,41.5,41.5,41.5,41.5,41.5,0.0,0.0,0.0,0.0,0.0,0.0,0.0,0.0,41.5,41.5,41.5,41.50000000000091,41.50000012058364,41.500534409091756,0.0,0.0,0.0,0.0,0.0,0.0,0.0,0.0,0.0,41.5,41.5,41.5,41.5,41.5,41.5,,,,1,1,17,41.5,0.0,SAME,1.0
KCL,2023-01-18,41.5,41.5,41.5,41.5,41.5,41.5,0.0,0.0,0.0,0.0,0.0,0.0,0.0,0.0,41.5,41.5,41.5,41.500000000000455,41.5000000803891,41.500437243802345,0.0,0.0,0.0,0.0,0.0,0.0,0.0,0.0,0.0,41.5,41.5,41.5,41.5,41.5,41.5,,,,2,1,18,41.5,0.0,SAME,1.0
KCL,2023-01-19,41.5,41.5,41.5,41.5,41.5,41.5,0.0,0.0,0.0,0.0,0.0,0.0,0.0,0.0,41.5,41.5,41.5,41.50000000000023,41.500000053592736,41.50035774492919,0.0,0.0,0.0,0.0,0.0,0.0,0.0,0.0,0.0,41.5,41.5,41.5,41.5,41.5,41.5,,,,3,1,19,41.5,0.0,SAME,1.0
KCL,2023-01-20,41.5,41.5,41.5,41.5,41.5,41.5,0.0,0.0,0.0,0.0,0.0,0.0,0.0,0.0,41.5,41.5,41.5,41.500000000000114,41.50000003572849,41.50029270039661,0.0,0.0,0.0,0.0,0.0,0.0,0.0,0.0,0.0,41.5,41.5,41.5,41.5,41.5,41.5,,,,4,1,20,43.58,2.0799999999999983,UP,2.0
KCL,2023-01-23,43.58,41.5,41.5,41.5,41.5,41.5,2.0799999999999983,2.0799999999999983,2.0799999999999983,0.05012048192771079,0.05012048192771079,0.05012048192771079,0.04890490227982115,0.04890490227982115,42.193333333333335,41.916,41.708,42.540000000000056,42.193333357152326,41.87842130032449,0.028937073732885458,0.022414560931082197,0.015849488031687273,2.0799999999999983,0.050120481927710805,2.0799999999999983,0.050120481927710805,2.0799999999999983,0.050120481927710805,41.5,43.58,41.5,43.58,41.5,43.58,1.0,1.0,1.0,0,1,23,43.5,-0.0799999999999983,DOWN,0.0
KCL,2023-01-24,43.5,43.58,41.5,41.5,41.5,41.5,-0.0799999999999983,2.0,2.0,-0.0018357044515832088,0.04819277108433728,0.04819277108433728,-0.001837391421835321,0.04706751085798573,42.85999999999999,42.315999999999995,41.908,43.020000000000024,42.62888890476822,42.17325379117458,0.02948128734915932,0.022633761134175832,0.015924441542301597,2.0,0.04819277108433735,2.0,0.04819277108433735,2.0,0.04819277108433735,41.5,43.58,41.5,43.58,41.5,43.58,0.9615384615384623,0.9615384615384623,0.9615384615384623,1,1,24,43.5,0.0,SAME,1.0
KCL,2023-01-25,43.5,43.5,43.58,41.5,41.5,41.5,0.0,-0.0799999999999983,2.0,0.0,-0.0018357044515832088,0.04819277108433728,0.0,-0.001837391421835321,43.526666666666664,42.715999999999994,42.108000000000004,43.26000000000001,42.91925926984548,42.41448037459738,0.02948128734915932,0.022633761134175832,0.015924441542301597,2.0,0.04819277108433735,2.0,0.04819277108433735,2.0,0.04819277108433735,43.5,43.58,41.5,43.58,41.5,43.58,0.0,0.9615384615384623,0.9615384615384623,2,1,25,47.96,4.460000000000001,UP,2.0
KCL,2023-01-26,47.96,43.5,43.5,43.58,41.5,41.5,4.460000000000001,4.460000000000001,4.380000000000003,0.10252873563218401,0.10252873563218401,0.10050481872418549,0.09760639206467518,0.09760639206467518,44.98666666666667,44.007999999999996,42.754000000000005,45.61000000000001,44.59950617989699,43.422756670125125,0.05973196770458412,0.046039740992482925,0.0345657225461338,4.380000000000003,0.10050481872418547,6.460000000000001,0.15566265060240966,6.460000000000001,0.15566265060240966,43.5,47.96,41.5,47.96,41.5,47.96,1.0,1.0,1.0,3,1,26,50.36,2.3999999999999986,UP,2.0
KCL,2023-01-27,50.36,47.96,43.5,43.5,41.5,41.5,2.3999999999999986,6.859999999999999,6.859999999999999,0.05004170141784825,0.15770114942528735,0.15770114942528735,0.048829879016832965,0.146436271081508,47.27333333333333,45.78,43.64,47.985,46.519670786598,44.68407363919328,0.05126922772929046,0.043194856725532034,0.035742076527364636,6.859999999999999,0.15770114942528735,8.86,0.21349397590361444,8.86,0.21349397590361444,43.5,50.36,43.5,50.36,41.5,50.36,1.0,1.0,1.0,4,1,27,50.36,0.0,SAME,1.0
KCL,2023-01-30,50.36,50.36,47.96,43.5,43.58,41.5,0.0,2.3999999999999986,6.859999999999999,0.0,0.05004170141784825,0.15770114942528735,0.0,0.048829879016832965,49.56,47.135999999999996,44.525999999999996,49.1725,47.79978052439867,45.71606025024904,0.05126922772929046,0.04603121603774912,0.035742076527364636,6.859999999999999,0.15770114942528735,6.780000000000001,0.1555759522716843,8.86,0.21349397590361444,47.96,50.36,43.5,50.36,41.5,50.36,1.0,1.0,1.0,0,1,30,50.36,0.0,SAME,1.0
KCL,2023-01-31,50.36,50.36,50.36,47.96,43.5,41.5,0.0,0.0,2.3999999999999986,0.0,0.0,0.05004170141784825,0.0,0.0,50.36,48.508,45.41199999999999,49.76625,48.65318701626578,46.56041293202194,0.028891589784309432,0.04571861179760323,0.035742076527364636,2.3999999999999986,0.050041701417848174,6.859999999999999,0.15770114942528735,8.86,0.21349397590361444,50.36,50.36,43.5,50.36,41.5,50.36,,1.0,1.0,1,1,31,50.36,0.0,SAME,1.0
KCL,2023-02-01,50.36,50.36,50.36,50.36,43.5,41.5,0.0,0.0,0.0,0.0,0.0,0.0,0.0,0.0,50.36,49.88,46.298,50.063125,49.22212467751052,47.251246944381585,0.0,0.04571861179760323,0.035742076527364636,0.0,0.0,6.859999999999999,0.15770114942528735,8.86,0.21349397590361444,50.36,50.36,47.96,50.36,41.5,50.36,,1.0,1.0,2,2,1,50.36,0.0,SAME,1.0
KCL,2023-02-02,50.36,50.36,50.36,50.36,47.96,41.5,0.0,0.0,0.0,0.0,0.0,0.0,0.0,0.0,50.36,50.36,47.184000000000005,50.2115625,49.601416451673686,47.81647477267584,0.0,0.02237932921601127,0.035742076527364636,0.0,0.0,2.3999999999999986,0.050041701417848174,8.86,0.21349397590361444,50.36,50.36,50.36,50.36,41.5,50.36,,,1.0,3,2,2,50.36,0.0,SAME,1.0
KCL,2023-02-03,50.36,50.36,50.36,50.36,50.36,41.5,0.0,0.0,0.0,0.0,0.0,0.0,0.0,0.0,50.36,50.36,48.07000000000001,50.28578125,49.85427763444913,48.27893390491659,0.0,0.0,0.035742076527364636,0.0,0.0,0.0,0.0,8.86,0.21349397590361444,50.36,50.36,50.36,50.36,43.5,50.36,,,1.0,4,2,3,50.36,0.0,SAME,1.0
KCL,2023-02-06,50.36,50.36,50.36,50.36,50.36,43.58,0.0,0.0,0.0,0.0,0.0,0.0,0.0,0.0,50.36,50.36,48.748,50.322890625,50.02285175629943,48.657309558568116,0.0,0.0,0.03455685711147855,0.0,0.0,0.0,0.0,6.780000000000001,0.1555759522716843,50.36,50.36,50.36,50.36,43.5,50.36,,,1.0,0,2,6,50.36,0.0,SAME,1.0
KCL,2023-02-07,50.36,50.36,50.36,50.36,50.36,43.5,0.0,0.0,0.0,0.0,0.0,0.0,0.0,0.0,50.36,50.36,49.434,50.3414453125,50.13523450419963,48.966889638828455,0.0,0.0,0.03446179798779376,0.0,0.0,0.0,0.0,6.859999999999999,0.15770114942528735,50.36,50.36,50.36,50.36,43.5,50.36,,,1.0,1,2,7,50.36,0.0,SAME,1.0
KCL,2023-02-08,50.36,50.36,50.36,50.36,50.36,43.5,0.0,0.0,0.0,0.0,0.0,0.0,0.0,0.0,50.36,50.36,50.12,50.35072265625,50.210156336133096,49.220182431768734,0.0,0.0,0.03446179798779376,0.0,0.0,0.0,0.0,6.859999999999999,0.15770114942528735,50.36,50.36,50.36,50.36,47.96,50.36,,,1.0,2,2,8,50.36,0.0,SAME,1.0
KCL,2023-02-09,50.36,50.36,50.36,50.36,50.36,47.96,0.0,0.0,0.0,0.0,0.0,0.0,0.0,0.0,50.36,50.36,50.36,50.355361328125,50.260104224088735,49.42742198962896,0.0,0.0,0.01582457544704777,0.0,0.0,0.0,0.0,2.3999999999999986,0.050041701417848174,50.36,50.36,50.36,50.36,50.36,50.36,,,,3,2,9,50.36,0.0,SAME,1.0
KCL,2023-02-10,50.36,50.36,50.36,50.36,50.36,50.36,0.0,0.0,0.0,0.0,0.0,0.0,0.0,0.0,50.36,50.36,50.36,50.3576806640625,50.29340281605916,49.596981627878236,0.0,0.0,0.0,0.0,0.0,0.0,0.0,0.0,0.0,50.36,50.36,50.36,50.36,50.36,50.36,,,,4,2,10,50.36,0.0,SAME,1.0
KCL,2023-02-13,50.36,50.36,50.36,50.36,50.36,50.36,0.0,0.0,0.0,0.0,0.0,0.0,0.0,0.0,50.36,50.36,50.36,50.35884033203125,50.31560187737277,49.73571224099128,0.0,0.0,0.0,0.0,0.0,0.0,0.0,0.0,0.0,50.36,50.36,50.36,50.36,50.36,50.36,,,,0,2,13,50.36,0.0,SAME,1.0
KCL,2023-02-14,50.36,50.36,50.36,50.36,50.36,50.36,0.0,0.0,0.0,0.0,0.0,0.0,0.0,0.0,50.36,50.36,50.36,50.359420166015624,50.33040125158185,49.84921910626559,0.0,0.0,0.0,0.0,0.0,0.0,0.0,0.0,0.0,50.36,50.36,50.36,50.36,50.36,50.36,,,,1,2,14,50.36,0.0,SAME,1.0
KCL,2023-02-15,50.36,50.36,50.36,50.36,50.36,50.36,0.0,0.0,0.0,0.0,0.0,0.0,0.0,0.0,50.36,50.36,50.36,50.35971008300781,50.34026750105457,49.94208835967184,0.0,0.0,0.0,0.0,0.0,0.0,0.0,0.0,0.0,50.36,50.36,50.36,50.36,50.36,50.36,,,,2,2,15,50.36,0.0,SAME,1.0
KCL,2023-02-16,50.36,50.36,50.36,50.36,50.36,50.36,0.0,0.0,0.0,0.0,0.0,0.0,0.0,0.0,50.36,50.36,50.36,50.359855041503906,50.346845000703055,50.01807229427696,0.0,0.0,0.0,0.0,0.0,0.0,0.0,0.0,0.0,50.36,50.36,50.36,50.36,50.36,50.36,,,,3,2,16,50.36,0.0,SAME,1.0
KCL,2023-02-17,50.36,50.36,50.36,50.36,50.36,50.36,0.0,0.0,0.0,0.0,0.0,0.0,0.0,0.0,50.36,50.36,50.36,50.35992752075195,50.3512300004687,50.080240968044784,0.0,0.0,0.0,0.0,0.0,0.0,0.0,0.0,0.0,50.36,50.36,50.36,50.36,50.36,50.36,,,,4,2,17,50.36,0.0,SAME,1.0
KCL,2023-02-20,50.36,50.36,50.36,50.36,50.36,50.36,0.0,0.0,0.0,0.0,0.0,0.0,0.0,0.0,50.36,50.36,50.36,50.359963760375976,50.35415333364581,50.13110624658209,0.0,0.0,0.0,0.0,0.0,0.0,0.0,0.0,0.0,50.36,50.36,50.36,50.36,50.36,50.36,,,,0,2,20,50.36,0.0,SAME,1.0
KCL,2023-02-24,50.36,50.36,50.36,50.36,50.36,50.36,0.0,0.0,0.0,0.0,0.0,0.0,0.0,0.0,50.36,50.36,50.36,50.35998188018799,50.35610222243055,50.17272329265807,0.0,0.0,0.0,0.0,0.0,0.0,0.0,0.0,0.0,50.36,50.36,50.36,50.36,50.36,50.36,,,,4,2,24,50.36,0.0,SAME,1.0
KCL,2023-02-27,50.36,50.36,50.36,50.36,50.36,50.36,0.0,0.0,0.0,0.0,0.0,0.0,0.0,0.0,50.36,50.36,50.36,50.359990940093994,50.35740148162037,50.206773603083874,0.0,0.0,0.0,0.0,0.0,0.0,0.0,0.0,0.0,50.36,50.36,50.36,50.36,50.36,50.36,,,,0,2,27,50.36,0.0,SAME,1.0
KCL,2023-02-28,50.36,50.36,50.36,50.36,50.36,50.36,0.0,0.0,0.0,0.0,0.0,0.0,0.0,0.0,50.36,50.36,50.36,50.359995470047,50.35826765441358,50.234632947977715,0.0,0.0,0.0,0.0,0.0,0.0,0.0,0.0,0.0,50.36,50.36,50.36,50.36,50.36,50.36,,,,1,2,28,50.36,0.0,SAME,1.0
KCL,2023-03-01,50.36,50.36,50.36,50.36,50.36,50.36,0.0,0.0,0.0,0.0,0.0,0.0,0.0,0.0,50.36,50.36,50.36,50.3599977350235,50.3588451029424,50.25742695743631,0.0,0.0,0.0,0.0,0.0,0.0,0.0,0.0,0.0,50.36,50.36,50.36,50.36,50.36,50.36,,,,2,3,1,50.36,0.0,SAME,1.0
KCL,2023-03-02,50.36,50.36,50.36,50.36,50.36,50.36,0.0,0.0,0.0,0.0,0.0,0.0,0.0,0.0,50.36,50.36,50.36,50.35999886751175,50.359230068628264,50.2760766015388,0.0,0.0,0.0,0.0,0.0,0.0,0.0,0.0,0.0,50.36,50.36,50.36,50.36,50.36,50.36,,,,3,3,2,50.36,0.0,SAME,1.0
KCL,2023-03-03,50.36,50.36,50.36,50.36,50.36,50.36,0.0,0.0,0.0,0.0,0.0,0.0,0.0,0.0,50.36,50.36,50.36,50.359999433755874,50.35948671241884,50.29133540125901,0.0,0.0,0.0,0.0,0.0,0.0,0.0,0.0,0.0,50.36,50.36,50.36,50.36,50.36,50.36,,,,4,3,3,52.8,2.4399999999999977,UP,2.0
KCL,2023-03-06,52.8,50.36,50.36,50.36,50.36,50.36,2.4399999999999977,2.4399999999999977,2.4399999999999977,0.04845115170770442,0.04845115170770442,0.04845115170770442,0.04731398153606927,0.04731398153606927,51.17333333333334,50.848,50.604,51.579999716877936,51.17299114161257,50.747456237393735,0.027973285480998665,0.021668013761316433,0.01532159946547026,2.4399999999999977,0.04845115170770448,2.4399999999999977,0.04845115170770448,2.4399999999999977,0.04845115170770448,50.36,52.8,50.36,52.8,50.36,52.8,1.0,1.0,1.0,0,3,6,52.8,0.0,SAME,1.0
KCL,2023-03-07,52.8,52.8,50.36,50.36,50.36,50.36,0.0,2.4399999999999977,2.4399999999999977,0.0,0.04845115170770442,0.04845115170770442,0.0,0.04731398153606927,51.98666666666666,51.336,50.848,52.189999858438966,51.71532742774171,51.120646012413054,0.027973285480998665,0.021668013761316433,0.01532159946547026,2.4399999999999977,0.04845115170770448,2.4399999999999977,0.04845115170770448,2.4399999999999977,0.04845115170770448,50.36,52.8,50.36,52.8,50.36,52.8,1.0,1.0,1.0,1,3,7,52.8,0.0,SAME,1.0
KCL,2023-03-08,52.8,52.8,52.8,50.36,50.36,50.36,0.0,0.0,2.4399999999999977,0.0,0.0,0.04845115170770442,0.0,0.0,52.8,51.824,51.092,52.49499992921948,52.07688495182781,51.42598310106523,0.027973285480998665,0.021668013761316433,0.01532159946547026,2.4399999999999977,0.04845115170770448,2.4399999999999977,0.04845115170770448,2.4399999999999977,0.04845115170770448,52.8,52.8,50.36,52.8,50.36,52.8,,1.0,1.0,2,3,8,52.8,0.0,SAME,1.0
KCL,2023-03-09,52.8,52.8,52.8,52.8,50.36,50.36,0.0,0.0,0.0,0.0,0.0,0.0,0.0,0.0,52.8,52.312,51.336,52.647499964609736,52.31792330121854,51.675804355417,0.0,0.021668013761316433,0.01532159946547026,0.0,0.0,2.4399999999999977,0.04845115170770448,2.4399999999999977,0.04845115170770448,52.8,52.8,50.36,52.8,50.36,52.8,,1.0,1.0,3,3,9,52.8,0.0,SAME,1.0
KCL,2023-03-10,52.8,52.8,52.8,52.8,50.36,50.36,0.0,0.0,0.0,0.0,0.0,0.0,0.0,0.0,52.8,52.8,51.58,52.72374998230487,52.4786155341457,51.880203563523,0.0,0.021668013761316433,0.01532159946547026,0.0,0.0,2.4399999999999977,0.04845115170770448,2.4399999999999977,0.04845115170770448,52.8,52.8,52.8,52.8,50.36,52.8,,,1.0,4,3,10,52.8,0.0,SAME,1.0
KCL,2023-03-13,52.8,52.8,52.8,52.8,52.8,50.36,0.0,0.0,0.0,0.0,0.0,0.0,0.0,0.0,52.8,52.8,51.824,52.76187499115243,52.58574368943047,52.047439279246085,0.0,0.0,0.01532159946547026,0.0,0.0,0.0,0.0,2.4399999999999977,0.04845115170770448,52.8,52.8,52.8,52.8,50.36,52.8,,,1.0,0,3,13,52.8,0.0,SAME,1.0
KCL,2023-03-14,52.8,52.8,52.8,52.8,52.8,50.36,0.0,0.0,0.0,0.0,0.0,0.0,0.0,0.0,52.8,52.8,52.068,52.78093749557621,52.657162459620324,52.18426850120134,0.0,0.0,0.01532159946547026,0.0,0.0,0.0,0.0,2.4399999999999977,0.04845115170770448,52.8,52.8,52.8,52.8,50.36,52.8,,,1.0,1,3,14,52.8,0.0,SAME,1.0
KCL,2023-03-15,52.8,52.8,52.8,52.8,52.8,50.36,0.0,0.0,0.0,0.0,0.0,0.0,0.0,0.0,52.8,52.8,52.312,52.790468747788104,52.70477497308022,52.296219682801095,0.0,0.0,0.01532159946547026,0.0,0.0,0.0,0.0,2.4399999999999977,0.04845115170770448,52.8,52.8,52.8,52.8,50.36,52.8,,,1.0,2,3,15,52.8,0.0,SAME,1.0
KCL,2023-03-16,52.8,52.8,52.8,52.8,52.8,50.36,0.0,0.0,0.0,0.0,0.0,0.0,0.0,0.0,52.8,52.8,52.556,52.79523437389405,52.736516648720155,52.38781610410999,0.0,0.0,0.01532159946547026,0.0,0.0,0.0,0.0,2.4399999999999977,0.04845115170770448,52.8,52.8,52.8,52.8,50.36,52.8,,,1.0,3,3,16,52.8,0.0,SAME,1.0
KCL,2023-03-17,52.8,52.8,52.8,52.8,52.8,50.36,0.0,0.0,0.0,0.0,0.0,0.0,0.0,0.0,52.8,52.8,52.8,52.79761718694702,52.75767776581344,52.46275863063544,0.0,0.0,0.01532159946547026,0.0,0.0,0.0,0.0,2.4399999999999977,0.04845115170770448,52.8,52.8,52.8,52.8,52.8,52.8,,,,4,3,17,52.8,0.0,SAME,1.0
KCL,2023-03-20,52.8,52.8,52.8,52.8,52.8,52.8,0.0,0.0,0.0,0.0,0.0,0.0,0.0,0.0,52.8,52.8,52.8,52.79880859347351,52.77178517720897,52.524075243247175,0.0,0.0,0.0,0.0,0.0,0.0,0.0,0.0,0.0,52.8,52.8,52.8,52.8,52.8,52.8,,,,0,3,20,52.8,0.0,SAME,1.0
KCL,2023-03-21,52.8,52.8,52.8,52.8,52.8,52.8,0.0,0.0,0.0,0.0,0.0,0.0,0.0,0.0,52.8,52.8,52.8,52.79940429673675,52.78119011813932,52.574243380838595,0.0,0.0,0.0,0.0,0.0,0.0,0.0,0.0,0.0,52.8,52.8,52.8,52.8,52.8,52.8,,,,1,3,21,52.8,0.0,SAME,1.0
KCL,2023-03-22,52.8,52.8,52.8,52.8,52.8,52.8,0.0,0.0,0.0,0.0,0.0,0.0,0.0,0.0,52.8,52.8,52.8,52.799702148368375,52.78746007875955,52.61529003886794,0.0,0.0,0.0,0.0,0.0,0.0,0.0,0.0,0.0,52.8,52.8,52.8,52.8,52.8,52.8,,,,2,3,22,52.8,0.0,SAME,1.0
KCL,2023-03-23,52.8,52.8,52.8,52.8,52.8,52.8,0.0,0.0,0.0,0.0,0.0,0.0,0.0,0.0,52.8,52.8,52.8,52.79985107418419,52.79164005250637,52.648873668164676,0.0,0.0,0.0,0.0,0.0,0.0,0.0,0.0,0.0,52.8,52.8,52.8,52.8,52.8,52.8,,,,3,3,23,52.8,0.0,SAME,1.0
KCL,2023-03-24,52.8,52.8,52.8,52.8,52.8,52.8,0.0,0.0,0.0,0.0,0.0,0.0,0.0,0.0,52.8,52.8,52.8,52.79992553709209,52.794426701670915,52.67635118304382,0.0,0.0,0.0,0.0,0.0,0.0,0.0,0.0,0.0,52.8,52.8,52.8,52.8,52.8,52.8,,,,4,3,24,52.8,0.0,SAME,1.0
KCL,2023-03-27,52.8,52.8,52.8,52.8,52.8,52.8,0.0,0.0,0.0,0.0,0.0,0.0,0.0,0.0,52.8,52.8,52.8,52.799962768546045,52.79628446778061,52.69883278612676,0.0,0.0,0.0,0.0,0.0,0.0,0.0,0.0,0.0,52.8,52.8,52.8,52.8,52.8,52.8,,,,0,3,27,52.8,0.0,SAME,1.0
KCL,2023-03-28,52.8,52.8,52.8,52.8,52.8,52.8,0.0,0.0,0.0,0.0,0.0,0.0,0.0,0.0,52.8,52.8,52.8,52.799981384273025,52.797522978520405,52.7172268250128,0.0,0.0,0.0,0.0,0.0,0.0,0.0,0.0,0.0,52.8,52.8,52.8,52.8,52.8,52.8,,,,1,3,28,52.8,0.0,SAME,1.0
KCL,2023-03-29,52.8,52.8,52.8,52.8,52.8,52.8,0.0,0.0,0.0,0.0,0.0,0.0,0.0,0.0,52.8,52.8,52.8,52.79999069213651,52.798348652346945,52.73227649319229,0.0,0.0,0.0,0.0,0.0,0.0,0.0,0.0,0.0,52.8,52.8,52.8,52.8,52.8,52.8,,,,2,3,29,52.8,0.0,SAME,1.0
KCL,2023-03-30,52.8,52.8,52.8,52.8,52.8,52.8,0.0,0.0,0.0,0.0,0.0,0.0,0.0,0.0,52.8,52.8,52.8,52.79999534606826,52.79889910156463,52.74458985806641,0.0,0.0,0.0,0.0,0.0,0.0,0.0,0.0,0.0,52.8,52.8,52.8,52.8,52.8,52.8,,,,3,3,30,52.8,0.0,SAME,1.0
KCL,2023-03-31,52.8,52.8,52.8,52.8,52.8,52.8,0.0,0.0,0.0,0.0,0.0,0.0,0.0,0.0,52.8,52.8,52.8,52.79999767303413,52.79926606770975,52.754664429327065,0.0,0.0,0.0,0.0,0.0,0.0,0.0,0.0,0.0,52.8,52.8,52.8,52.8,52.8,52.8,,,,4,3,31,52.8,0.0,SAME,1.0
KCL,2023-04-03,52.8,52.8,52.8,52.8,52.8,52.8,0.0,0.0,0.0,0.0,0.0,0.0,0.0,0.0,52.8,52.8,52.8,52.79999883651706,52.799510711806505,52.7629072603585,0.0,0.0,0.0,0.0,0.0,0.0,0.0,0.0,0.0,52.8,52.8,52.8,52.8,52.8,52.8,,,,0,4,3,52.8,0.0,SAME,1.0
KCL,2023-04-04,52.8,52.8,52.8,52.8,52.8,52.8,0.0,0.0,0.0,0.0,0.0,0.0,0.0,0.0,52.8,52.8,52.8,52.79999941825853,52.799673807871,52.769651394838775,0.0,0.0,0.0,0.0,0.0,0.0,0.0,0.0,0.0,52.8,52.8,52.8,52.8,52.8,52.8,,,,1,4,4,52.8,0.0,SAME,1.0
KCL,2023-04-05,52.8,52.8,52.8,52.8,52.8,52.8,0.0,0.0,0.0,0.0,0.0,0.0,0.0,0.0,52.8,52.8,52.8,52.79999970912927,52.79978253858067,52.7751693230499,0.0,0.0,0.0,0.0,0.0,0.0,0.0,0.0,0.0,52.8,52.8,52.8,52.8,52.8,52.8,,,,2,4,5,52.8,0.0,SAME,1.0
KCL,2023-04-06,52.8,52.8,52.8,52.8,52.8,52.8,0.0,0.0,0.0,0.0,0.0,0.0,0.0,0.0,52.8,52.8,52.8,52.79999985456463,52.79985502572045,52.77968399158628,0.0,0.0,0.0,0.0,0.0,0.0,0.0,0.0,0.0,52.8,52.8,52.8,52.8,52.8,52.8,,,,3,4,6,52.8,0.0,SAME,1.0
KCL,2023-04-07,52.8,52.8,52.8,52.8,52.8,52.8,0.0,0.0,0.0,0.0,0.0,0.0,0.0,0.0,52.8,52.8,52.8,52.799999927282315,52.79990335048031,52.78337781129787,0.0,0.0,0.0,0.0,0.0,0.0,0.0,0.0,0.0,52.8,52.8,52.8,52.8,52.8,52.8,,,,4,4,7,52.8,0.0,SAME,1.0
KCL,2023-04-10,52.8,52.8,52.8,52.8,52.8,52.8,0.0,0.0,0.0,0.0,0.0,0.0,0.0,0.0,52.8,52.8,52.8,52.799999963641156,52.799935566986875,52.78640002742553,0.0,0.0,0.0,0.0,0.0,0.0,0.0,0.0,0.0,52.8,52.8,52.8,52.8,52.8,52.8,,,,0,4,10,52.8,0.0,SAME,1.0
KCL,2023-04-11,52.8,52.8,52.8,52.8,52.8,52.8,0.0,0.0,0.0,0.0,0.0,0.0,0.0,0.0,52.8,52.8,52.8,52.79999998182058,52.799957044657916,52.78887274971179,0.0,0.0,0.0,0.0,0.0,0.0,0.0,0.0,0.0,52.8,52.8,52.8,52.8,52.8,52.8,,,,1,4,11,52.8,0.0,SAME,1.0
KCL,2023-04-12,52.8,52.8,52.8,52.8,52.8,52.8,0.0,0.0,0.0,0.0,0.0,0.0,0.0,0.0,52.8,52.8,52.8,52.79999999091029,52.799971363105286,52.79089588612783,0.0,0.0,0.0,0.0,0.0,0.0,0.0,0.0,0.0,52.8,52.8,52.8,52.8,52.8,52.8,,,,2,4,12,52.8,0.0,SAME,1.0
KCL,2023-04-13,52.8,52.8,52.8,52.8,52.8,52.8,0.0,0.0,0.0,0.0,0.0,0.0,0.0,0.0,52.8,52.8,52.8,52.79999999545514,52.799980908736856,52.79255117955913,0.0,0.0,0.0,0.0,0.0,0.0,0.0,0.0,0.0,52.8,52.8,52.8,52.8,52.8,52.8,,,,3,4,13,52.8,0.0,SAME,1.0
KCL,2023-04-14,52.8,52.8,52.8,52.8,52.8,52.8,0.0,0.0,0.0,0.0,0.0,0.0,0.0,0.0,52.8,52.8,52.8,52.79999999772757,52.79998727249124,52.79390551054838,0.0,0.0,0.0,0.0,0.0,0.0,0.0,0.0,0.0,52.8,52.8,52.8,52.8,52.8,52.8,,,,4,4,14,52.8,0.0,SAME,1.0
KCL,2023-04-17,52.8,52.8,52.8,52.8,52.8,52.8,0.0,0.0,0.0,0.0,0.0,0.0,0.0,0.0,52.8,52.8,52.8,52.79999999886378,52.79999151499416,52.79501359953958,0.0,0.0,0.0,0.0,0.0,0.0,0.0,0.0,0.0,52.8,52.8,52.8,52.8,52.8,52.8,,,,0,4,17,52.8,0.0,SAME,1.0
KCL,2023-04-18,52.8,52.8,52.8,52.8,52.8,52.8,0.0,0.0,0.0,0.0,0.0,0.0,0.0,0.0,52.8,52.8,52.8,52.79999999943189,52.799994343329445,52.79592021780511,0.0,0.0,0.0,0.0,0.0,0.0,0.0,0.0,0.0,52.8,52.8,52.8,52.8,52.8,52.8,,,,1,4,18,50.16,-2.6400000000000006,DOWN,0.0
KCL,2023-04-19,50.16,52.8,52.8,52.8,52.8,52.8,-2.6400000000000006,-2.6400000000000006,-2.6400000000000006,-0.050000000000000044,-0.050000000000000044,-0.050000000000000044,-0.05129329438755058,-0.05129329438755058,51.919999999999995,52.27199999999999,52.53599999999999,51.47999999971594,51.9199962288863,52.316661996385996,0.028867513459488785,0.022360679774997942,0.015811388300841937,-2.6400000000000006,-0.05000000000000002,-2.6400000000000006,-0.05000000000000002,-2.6400000000000006,-0.05000000000000002,50.16,52.8,50.16,52.8,50.16,52.8,0.0,0.0,0.0,2,4,19,50.16,0.0,SAME,1.0
KCL,2023-04-21,50.16,50.16,52.8,52.8,52.8,52.8,0.0,-2.6400000000000006,-2.6400000000000006,0.0,-0.050000000000000044,-0.050000000000000044,0.0,-0.05129329438755058,51.03999999999999,51.74399999999999,52.272000000000006,50.81999999985797,51.33333081925753,51.92454163340672,0.028867513459488785,0.022360679774997942,0.015811388300841937,-2.6400000000000006,-0.05000000000000002,-2.6400000000000006,-0.05000000000000002,-2.6400000000000006,-0.05000000000000002,50.16,52.8,50.16,52.8,50.16,52.8,0.0,0.0,0.0,4,4,21,50.16,0.0,SAME,1.0
KCL,2023-04-24,50.16,50.16,50.16,52.8,52.8,52.8,0.0,0.0,-2.6400000000000006,0.0,0.0,-0.050000000000000044,0.0,0.0,50.16,51.215999999999994,52.007999999999996,50.48999999992898,50.94222054617169,51.603715881878216,0.028867513459488785,0.022360679774997942,0.015811388300841937,-2.6400000000000006,-0.05000000000000002,-2.6400000000000006,-0.05000000000000002,-2.6400000000000006,-0.05000000000000002,50.16,50.16,50.16,52.8,50.16,52.8,,0.0,0.0,0,4,24,50.16,0.0,SAME,1.0
KCL,2023-04-25,50.16,50.16,50.16,50.16,52.8,52.8,0.0,0.0,0.0,0.0,0.0,0.0,0.0,0.0,50.16,50.688,51.74399999999999,50.32499999996449,50.681480364114464,51.34122208517308,0.0,0.022360679774997942,0.015811388300841937,0.0,0.0,-2.6400000000000006,-0.05000000000000002,-2.6400000000000006,-0.05000000000000002,50.16,50.16,50.16,52.8,50.16,52.8,,0.0,0.0,1,4,25,50.16,0.0,SAME,1.0
KCL,2023-04-26,50.16,50.16,50.16,50.16,52.8,52.8,0.0,0.0,0.0,0.0,0.0,0.0,0.0,0.0,50.16,50.16,51.48,50.24249999998224,50.507653576076315,51.126454433323424,0.0,0.022360679774997942,0.015811388300841937,0.0,0.0,-2.6400000000000006,-0.05000000000000002,-2.6400000000000006,-0.05000000000000002,50.16,50.16,50.16,50.16,50.16,52.8,,,0.0,2,4,26,50.16,0.0,SAME,1.0
KCL,2023-04-27,50.16,50.16,50.16,50.16,50.16,52.8,0.0,0.0,0.0,0.0,0.0,0.0,0.0,0.0,50.16,50.16,51.215999999999994,50.20124999999112,50.39176905071755,50.95073544544643,0.0,0.0,0.015811388300841937,0.0,0.0,0.0,0.0,-2.6400000000000006,-0.05000000000000002,50.16,50.16,50.16,50.16,50.16,52.8,,,0.0,3,4,27,50.16,0.0,SAME,1.0
KCL,2023-04-28,50.16,50.16,50.16,50.16,50.16,52.8,0.0,0.0,0.0,0.0,0.0,0.0,0.0,0.0,50.16,50.16,50.952,50.18062499999556,50.31451270047837,50.80696536445617,0.0,0.0,0.015811388300841937,0.0,0.0,0.0,0.0,-2.6400000000000006,-0.05000000000000002,50.16,50.16,50.16,50.16,50.16,52.8,,,0.0,4,4,28,50.16,0.0,SAME,1.0
KCL,2023-05-01,50.16,50.16,50.16,50.16,50.16,52.8,0.0,0.0,0.0,0.0,0.0,0.0,0.0,0.0,50.16,50.16,50.687999999999995,50.17031249999778,50.26300846698558,50.6893352981914,0.0,0.0,0.015811388300841937,0.0,0.0,0.0,0.0,-2.6400000000000006,-0.05000000000000002,50.16,50.16,50.16,50.16,50.16,52.8,,,0.0,0,5,1,50.16,0.0,SAME,1.0
KCL,2023-05-03,50.16,50.16,50.16,50.16,50.16,52.8,0.0,0.0,0.0,0.0,0.0,0.0,0.0,0.0,50.16,50.16,50.42399999999999,50.16515624999889,50.22867231132373,50.59309251670205,0.0,0.0,0.015811388300841937,0.0,0.0,0.0,0.0,-2.6400000000000006,-0.05000000000000002,50.16,50.16,50.16,50.16,50.16,52.8,,,0.0,2,5,3,50.16,0.0,SAME,1.0
KCL,2023-05-04,50.16,50.16,50.16,50.16,50.16,52.8,0.0,0.0,0.0,0.0,0.0,0.0,0.0,0.0,50.16,50.16,50.16,50.16257812499944,50.20578154088249,50.514348422756214,0.0,0.0,0.015811388300841937,0.0,0.0,0.0,0.0,-2.6400000000000006,-0.05000000000000002,50.16,50.16,50.16,50.16,50.16,50.16,,,,3,5,4,50.16,0.0,SAME,1.0
KCL,2023-05-05,50.16,50.16,50.16,50.16,50.16,50.16,0.0,0.0,0.0,0.0,0.0,0.0,0.0,0.0,50.16,50.16,50.16,50.16128906249972,50.190521027254995,50.44992143680053,0.0,0.0,0.0,0.0,0.0,0.0,0.0,0.0,0.0,50.16,50.16,50.16,50.16,50.16,50.16,,,,4,5,5,50.16,0.0,SAME,1.0
KCL,2023-05-08,50.16,50.16,50.16,50.16,50.16,50.16,0.0,0.0,0.0,0.0,0.0,0.0,0.0,0.0,50.16,50.16,50.16,50.16064453124986,50.180347351503336,50.39720844829134,0.0,0.0,0.0,0.0,0.0,0.0,0.0,0.0,0.0,50.16,50.16,50.16,50.16,50.16,50.16,,,,0,5,8,50.16,0.0,SAME,1.0
KCL,2023-05-09,50.16,50.16,50.16,50.16,50.16,50.16,0.0,0.0,0.0,0.0,0.0,0.0,0.0,0.0,50.16,50.16,50.16,50.16032226562493,50.17356490100223,50.35407963951109,0.0,0.0,0.0,0.0,0.0,0.0,0.0,0.0,0.0,50.16,50.16,50.16,50.16,50.16,50.16,,,,1,5,9,50.16,0.0,SAME,1.0
KCL,2023-05-10,50.16,50.16,50.16,50.16,50.16,50.16,0.0,0.0,0.0,0.0,0.0,0.0,0.0,0.0,50.16,50.16,50.16,50.16016113281246,50.16904326733482,50.31879243232725,0.0,0.0,0.0,0.0,0.0,0.0,0.0,0.0,0.0,50.16,50.16,50.16,50.16,50.16,50.16,,,,2,5,10,50.16,0.0,SAME,1.0
KCL,2023-05-11,50.16,50.16,50.16,50.16,50.16,50.16,0.0,0.0,0.0,0.0,0.0,0.0,0.0,0.0,50.16,50.16,50.16,50.16008056640623,50.16602884488989,50.289921080995015,0.0,0.0,0.0,0.0,0.0,0.0,0.0,0.0,0.0,50.16,50.16,50.16,50.16,50.16,50.16,,,,3,5,11,50.16,0.0,SAME,1.0
KCL,2023-05-12,50.16,50.16,50.16,50.16,50.16,50.16,0.0,0.0,0.0,0.0,0.0,0.0,0.0,0.0,50.16,50.16,50.16,50.16004028320312,50.164019229926595,50.266299066268644,0.0,0.0,0.0,0.0,0.0,0.0,0.0,0.0,0.0,50.16,50.16,50.16,50.16,50.16,50.16,,,,4,5,12,50.16,0.0,SAME,1.0
KCL,2023-05-15,50.16,50.16,50.16,50.16,50.16,50.16,0.0,0.0,0.0,0.0,0.0,0.0,0.0,0.0,50.16,50.16,50.16,50.16002014160156,50.16267948661773,50.246971963310706,0.0,0.0,0.0,0.0,0.0,0.0,0.0,0.0,0.0,50.16,50.16,50.16,50.16,50.16,50.16,,,,0,5,15,50.16,0.0,SAME,1.0
KCL,2023-05-16,50.16,50.16,50.16,50.16,50.16,50.16,0.0,0.0,0.0,0.0,0.0,0.0,0.0,0.0,50.16,50.16,50.16,50.16001007080078,50.16178632441183,50.23115887907239,0.0,0.0,0.0,0.0,0.0,0.0,0.0,0.0,0.0,50.16,50.16,50.16,50.16,50.16,50.16,,,,1,5,16,50.16,0.0,SAME,1.0
KCL,2023-05-17,50.16,50.16,50.16,50.16,50.16,50.16,0.0,0.0,0.0,0.0,0.0,0.0,0.0,0.0,50.16,50.16,50.16,50.16000503540039,50.16119088294122,50.21822090105922,0.0,0.0,0.0,0.0,0.0,0.0,0.0,0.0,0.0,50.16,50.16,50.16,50.16,50.16,50.16,,,,2,5,17,50.16,0.0,SAME,1.0
KCL,2023-05-18,50.16,50.16,50.16,50.16,50.16,50.16,0.0,0.0,0.0,0.0,0.0,0.0,0.0,0.0,50.16,50.16,50.16,50.16000251770019,50.16079392196082,50.20763528268481,0.0,0.0,0.0,0.0,0.0,0.0,0.0,0.0,0.0,50.16,50.16,50.16,50.16,50.16,50.16,,,,3,5,18,50.16,0.0,SAME,1.0
KCL,2023-05-19,50.16,50.16,50.16,50.16,50.16,50.16,0.0,0.0,0.0,0.0,0.0,0.0,0.0,0.0,50.16,50.16,50.16,50.160001258850095,50.16052928130721,50.19897432219666,0.0,0.0,0.0,0.0,0.0,0.0,0.0,0.0,0.0,50.16,50.16,50.16,50.16,50.16,50.16,,,,4,5,19,50.16,0.0,SAME,1.0
KCL,2023-05-22,50.16,50.16,50.16,50.16,50.16,50.16,0.0,0.0,0.0,0.0,0.0,0.0,0.0,0.0,50.16,50.16,50.16,50.16000062942504,50.16035285420481,50.191888081797266,0.0,0.0,0.0,0.0,0.0,0.0,0.0,0.0,0.0,50.16,50.16,50.16,50.16,50.16,50.16,,,,0,5,22,50.16,0.0,SAME,1.0
KCL,2023-05-23,50.16,50.16,50.16,50.16,50.16,50.16,0.0,0.0,0.0,0.0,0.0,0.0,0.0,0.0,50.16,50.16,50.16,50.16000031471252,50.16023523613654,50.18609024874321,0.0,0.0,0.0,0.0,0.0,0.0,0.0,0.0,0.0,50.16,50.16,50.16,50.16,50.16,50.16,,,,1,5,23,50.16,0.0,SAME,1.0
KCL,2023-05-24,50.16,50.16,50.16,50.16,50.16,50.16,0.0,0.0,0.0,0.0,0.0,0.0,0.0,0.0,50.16,50.16,50.16,50.16000015735626,50.16015682409103,50.18134656715353,0.0,0.0,0.0,0.0,0.0,0.0,0.0,0.0,0.0,50.16,50.16,50.16,50.16,50.16,50.16,,,,2,5,24,50.16,0.0,SAME,1.0
KCL,2023-05-25,50.16,50.16,50.16,50.16,50.16,50.16,0.0,0.0,0.0,0.0,0.0,0.0,0.0,0.0,50.16,50.16,50.16,50.160000078678124,50.16010454939403,50.177465373125614,0.0,0.0,0.0,0.0,0.0,0.0,0.0,0.0,0.0,50.16,50.16,50.16,50.16,50.16,50.16,,,,3,5,25,50.16,0.0,SAME,1.0
KCL,2023-05-26,50.16,50.16,50.16,50.16,50.16,50.16,0.0,0.0,0.0,0.0,0.0,0.0,0.0,0.0,50.16,50.16,50.16,50.16000003933906,50.16006969959602,50.174289850739136,0.0,0.0,0.0,0.0,0.0,0.0,0.0,0.0,0.0,50.16,50.16,50.16,50.16,50.16,50.16,,,,4,5,26,50.16,0.0,SAME,1.0
KCL,2023-05-29,50.16,50.16,50.16,50.16,50.16,50.16,0.0,0.0,0.0,0.0,0.0,0.0,0.0,0.0,50.16,50.16,50.16,50.160000019669525,50.160046466397354,50.171691696059284,0.0,0.0,0.0,0.0,0.0,0.0,0.0,0.0,0.0,50.16,50.16,50.16,50.16,50.16,50.16,,,,0,5,29,50.16,0.0,SAME,1.0
KCL,2023-05-30,50.16,50.16,50.16,50.16,50.16,50.16,0.0,0.0,0.0,0.0,0.0,0.0,0.0,0.0,50.16,50.16,50.16,50.16000000983476,50.16003097759824,50.16956593313941,0.0,0.0,0.0,0.0,0.0,0.0,0.0,0.0,0.0,50.16,50.16,50.16,50.16,50.16,50.16,,,,1,5,30,50.16,0.0,SAME,1.0
KCL,2023-05-31,50.16,50.16,50.16,50.16,50.16,50.16,0.0,0.0,0.0,0.0,0.0,0.0,0.0,0.0,50.16,50.16,50.16,50.16000000491738,50.16002065173216,50.1678266725686,0.0,0.0,0.0,0.0,0.0,0.0,0.0,0.0,0.0,50.16,50.16,50.16,50.16,50.16,50.16,,,,2,5,31,50.16,0.0,SAME,1.0
KCL,2023-06-01,50.16,50.16,50.16,50.16,50.16,50.16,0.0,0.0,0.0,0.0,0.0,0.0,0.0,0.0,50.16,50.16,50.16,50.16000000245869,50.16001376782145,50.16640364119249,0.0,0.0,0.0,0.0,0.0,0.0,0.0,0.0,0.0,50.16,50.16,50.16,50.16,50.16,50.16,,,,3,6,1,50.16,0.0,SAME,1.0
KCL,2023-06-02,50.16,50.16,50.16,50.16,50.16,50.16,0.0,0.0,0.0,0.0,0.0,0.0,0.0,0.0,50.16,50.16,50.16,50.16000000122934,50.16000917854763,50.165239342793846,0.0,0.0,0.0,0.0,0.0,0.0,0.0,0.0,0.0,50.16,50.16,50.16,50.16,50.16,50.16,,,,4,6,2,50.16,0.0,SAME,1.0
KCL,2023-06-05,50.16,50.16,50.16,50.16,50.16,50.16,0.0,0.0,0.0,0.0,0.0,0.0,0.0,0.0,50.16,50.16,50.16,50.16000000061467,50.160006119031756,50.16428673501314,0.0,0.0,0.0,0.0,0.0,0.0,0.0,0.0,0.0,50.16,50.16,50.16,50.16,50.16,50.16,,,,0,6,5,50.16,0.0,SAME,1.0
KCL,2023-06-06,50.16,50.16,50.16,50.16,50.16,50.16,0.0,0.0,0.0,0.0,0.0,0.0,0.0,0.0,50.16,50.16,50.16,50.160000000307335,50.16000407935451,50.163507328647114,0.0,0.0,0.0,0.0,0.0,0.0,0.0,0.0,0.0,50.16,50.16,50.16,50.16,50.16,50.16,,,,1,6,6,50.16,0.0,SAME,1.0
KCL,2023-06-07,50.16,50.16,50.16,50.16,50.16,50.16,0.0,0.0,0.0,0.0,0.0,0.0,0.0,0.0,50.16,50.16,50.16,50.160000000153666,50.160002719569675,50.16286963252945,0.0,0.0,0.0,0.0,0.0,0.0,0.0,0.0,0.0,50.16,50.16,50.16,50.16,50.16,50.16,,,,2,6,7,50.16,0.0,SAME,1.0
KCL,2023-06-08,50.16,50.16,50.16,50.16,50.16,50.16,0.0,0.0,0.0,0.0,0.0,0.0,0.0,0.0,50.16,50.16,50.16,50.160000000076835,50.160001813046456,50.16234788116045,0.0,0.0,0.0,0.0,0.0,0.0,0.0,0.0,0.0,50.16,50.16,50.16,50.16,50.16,50.16,,,,3,6,8,50.16,0.0,SAME,1.0
KCL,2023-06-09,50.16,50.16,50.16,50.16,50.16,50.16,0.0,0.0,0.0,0.0,0.0,0.0,0.0,0.0,50.16,50.16,50.16,50.160000000038416,50.16000120869764,50.16192099367672,0.0,0.0,0.0,0.0,0.0,0.0,0.0,0.0,0.0,50.16,50.16,50.16,50.16,50.16,50.16,,,,4,6,9,50.16,0.0,SAME,1.0
KCL,2023-06-12,50.16,50.16,50.16,50.16,50.16,50.16,0.0,0.0,0.0,0.0,0.0,0.0,0.0,0.0,50.16,50.16,50.16,50.16000000001921,50.16000080579843,50.16157172209913,0.0,0.0,0.0,0.0,0.0,0.0,0.0,0.0,0.0,50.16,50.16,50.16,50.16,50.16,50.16,,,,0,6,12,50.16,0.0,SAME,1.0
KCL,2023-06-13,50.16,50.16,50.16,50.16,50.16,50.16,0.0,0.0,0.0,0.0,0.0,0.0,0.0,0.0,50.16,50.16,50.16,50.1600000000096,50.16000053719896,50.161285954444736,0.0,0.0,0.0,0.0,0.0,0.0,0.0,0.0,0.0,50.16,50.16,50.16,50.16,50.16,50.16,,,,1,6,13,50.16,0.0,SAME,1.0
KCL,2023-06-14,50.16,50.16,50.16,50.16,50.16,50.16,0.0,0.0,0.0,0.0,0.0,0.0,0.0,0.0,50.16,50.16,50.16,50.1600000000048,50.16000035813264,50.161052144545685,0.0,0.0,0.0,0.0,0.0,0.0,0.0,0.0,0.0,50.16,50.16,50.16,50.16,50.16,50.16,,,,2,6,14,50.16,0.0,SAME,1.0
KCL,2023-06-15,50.16,50.16,50.16,50.16,50.16,50.16,0.0,0.0,0.0,0.0,0.0,0.0,0.0,0.0,50.16,50.16,50.16,50.1600000000024,50.160000238755096,50.16086084553737,0.0,0.0,0.0,0.0,0.0,0.0,0.0,0.0,0.0,50.16,50.16,50.16,50.16,50.16,50.16,,,,3,6,15,50.16,0.0,SAME,1.0
KCL,2023-06-16,50.16,50.16,50.16,50.16,50.16,50.16,0.0,0.0,0.0,0.0,0.0,0.0,0.0,0.0,50.16,50.16,50.16,50.1600000000012,50.16000015917007,50.160704328166936,0.0,0.0,0.0,0.0,0.0,0.0,0.0,0.0,0.0,50.16,50.16,50.16,50.16,50.16,50.16,,,,4,6,16,50.16,0.0,SAME,1.0
KCL,2023-06-19,50.16,50.16,50.16,50.16,50.16,50.16,0.0,0.0,0.0,0.0,0.0,0.0,0.0,0.0,50.16,50.16,50.16,50.16000000000059,50.16000010611338,50.160576268500215,0.0,0.0,0.0,0.0,0.0,0.0,0.0,0.0,0.0,50.16,50.16,50.16,50.16,50.16,50.16,,,,0,6,19,50.16,0.0,SAME,1.0
KCL,2023-06-20,50.16,50.16,50.16,50.16,50.16,50.16,0.0,0.0,0.0,0.0,0.0,0.0,0.0,0.0,50.16,50.16,50.16,50.160000000000295,50.16000007074226,50.16047149240926,0.0,0.0,0.0,0.0,0.0,0.0,0.0,0.0,0.0,50.16,50.16,50.16,50.16,50.16,50.16,,,,1,6,20,50.16,0.0,SAME,1.0
KCL,2023-06-21,50.16,50.16,50.16,50.16,50.16,50.16,0.0,0.0,0.0,0.0,0.0,0.0,0.0,0.0,50.16,50.16,50.16,50.160000000000146,50.16000004716151,50.16038576651666,0.0,0.0,0.0,0.0,0.0,0.0,0.0,0.0,0.0,50.16,50.16,50.16,50.16,50.16,50.16,,,,2,6,21,50.16,0.0,SAME,1.0
KCL,2023-06-22,50.16,50.16,50.16,50.16,50.16,50.16,0.0,0.0,0.0,0.0,0.0,0.0,0.0,0.0,50.16,50.16,50.16,50.16000000000007,50.16000003144101,50.16031562714999,0.0,0.0,0.0,0.0,0.0,0.0,0.0,0.0,0.0,50.16,50.16,50.16,50.16,50.16,50.16,,,,3,6,22,50.16,0.0,SAME,1.0
KCL,2023-06-23,50.16,50.16,50.16,50.16,50.16,50.16,0.0,0.0,0.0,0.0,0.0,0.0,0.0,0.0,50.16,50.16,50.16,50.16000000000003,50.16000002096067,50.16025824039544,0.0,0.0,0.0,0.0,0.0,0.0,0.0,0.0,0.0,50.16,50.16,50.16,50.16,50.16,50.16,,,,4,6,23,50.16,0.0,SAME,1.0
KCL,2023-06-26,50.16,50.16,50.16,50.16,50.16,50.16,0.0,0.0,0.0,0.0,0.0,0.0,0.0,0.0,50.16,50.16,50.16,50.16000000000001,50.160000013973786,50.16021128759627,0.0,0.0,0.0,0.0,0.0,0.0,0.0,0.0,0.0,50.16,50.16,50.16,50.16,50.16,50.16,,,,0,6,26,50.16,0.0,SAME,1.0
KCL,2023-06-27,50.16,50.16,50.16,50.16,50.16,50.16,0.0,0.0,0.0,0.0,0.0,0.0,0.0,0.0,50.16,50.16,50.16,50.160000000000004,50.16000000931586,50.160172871669666,0.0,0.0,0.0,0.0,0.0,0.0,0.0,0.0,0.0,50.16,50.16,50.16,50.16,50.16,50.16,,,,1,6,27,50.16,0.0,SAME,1.0
KCL,2023-06-29,50.16,50.16,50.16,50.16,50.16,50.16,0.0,0.0,0.0,0.0,0.0,0.0,0.0,0.0,50.16,50.16,50.16,50.16,50.16000000621057,50.160141440457,0.0,0.0,0.0,0.0,0.0,0.0,0.0,0.0,0.0,50.16,50.16,50.16,50.16,50.16,50.16,,,,3,6,29,50.16,0.0,SAME,1.0
KCL,2023-06-30,50.16,50.16,50.16,50.16,50.16,50.16,0.0,0.0,0.0,0.0,0.0,0.0,0.0,0.0,50.16,50.16,50.16,50.16,50.160000004140386,50.16011572401026,0.0,0.0,0.0,0.0,0.0,0.0,0.0,0.0,0.0,50.16,50.16,50.16,50.16,50.16,50.16,,,,4,6,30,50.16,0.0,SAME,1.0
KCL,2023-07-03,50.16,50.16,50.16,50.16,50.16,50.16,0.0,0.0,0.0,0.0,0.0,0.0,0.0,0.0,50.16,50.16,50.16,50.16,50.16000000276026,50.160094683281116,0.0,0.0,0.0,0.0,0.0,0.0,0.0,0.0,0.0,50.16,50.16,50.16,50.16,50.16,50.16,,,,0,7,3,50.16,0.0,SAME,1.0
KCL,2023-07-04,50.16,50.16,50.16,50.16,50.16,50.16,0.0,0.0,0.0,0.0,0.0,0.0,0.0,0.0,50.16,50.16,50.16,50.16,50.16000000184018,50.160077468139086,0.0,0.0,0.0,0.0,0.0,0.0,0.0,0.0,0.0,50.16,50.16,50.16,50.16,50.16,50.16,,,,1,7,4,50.16,0.0,SAME,1.0
KCL,2023-07-05,50.16,50.16,50.16,50.16,50.16,50.16,0.0,0.0,0.0,0.0,0.0,0.0,0.0,0.0,50.16,50.16,50.16,50.16,50.16000000122679,50.16006338302288,0.0,0.0,0.0,0.0,0.0,0.0,0.0,0.0,0.0,50.16,50.16,50.16,50.16,50.16,50.16,,,,2,7,5,50.16,0.0,SAME,1.0
KCL,2023-07-06,50.16,50.16,50.16,50.16,50.16,50.16,0.0,0.0,0.0,0.0,0.0,0.0,0.0,0.0,50.16,50.16,50.16,50.16,50.16000000081787,50.160051858836894,0.0,0.0,0.0,0.0,0.0,0.0,0.0,0.0,0.0,50.16,50.16,50.16,50.16,50.16,50.16,,,,3,7,6,50.16,0.0,SAME,1.0
KCL,2023-07-07,50.16,50.16,50.16,50.16,50.16,50.16,0.0,0.0,0.0,0.0,0.0,0.0,0.0,0.0,50.16,50.16,50.16,50.16,50.160000000545246,50.16004242995745,0.0,0.0,0.0,0.0,0.0,0.0,0.0,0.0,0.0,50.16,50.16,50.16,50.16,50.16,50.16,,,,4,7,7,50.16,0.0,SAME,1.0
KCL,2023-07-10,50.16,50.16,50.16,50.16,50.16,50.16,0.0,0.0,0.0,0.0,0.0,0.0,0.0,0.0,50.16,50.16,50.16,50.16,50.1600000003635,50.16003471541973,0.0,0.0,0.0,0.0,0.0,0.0,0.0,0.0,0.0,50.16,50.16,50.16,50.16,50.16,50.16,,,,0,7,10,50.16,0.0,SAME,1.0
KCL,2023-07-11,50.16,50.16,50.16,50.16,50.16,50.16,0.0,0.0,0.0,0.0,0.0,0.0,0.0,0.0,50.16,50.16,50.16,50.16,50.16000000024234,50.160028403525224,0.0,0.0,0.0,0.0,0.0,0.0,0.0,0.0,0.0,50.16,50.16,50.16,50.16,50.16,50.16,,,,1,7,11,50.16,0.0,SAME,1.0
KCL,2023-07-12,50.16,50.16,50.16,50.16,50.16,50.16,0.0,0.0,0.0,0.0,0.0,0.0,0.0,0.0,50.16,50.16,50.16,50.16,50.16000000016157,50.160023239247906,0.0,0.0,0.0,0.0,0.0,0.0,0.0,0.0,0.0,50.16,50.16,50.16,50.16,50.16,50.16,,,,2,7,12,50.16,0.0,SAME,1.0
KCL,2023-07-13,50.16,50.16,50.16,50.16,50.16,50.16,0.0,0.0,0.0,0.0,0.0,0.0,0.0,0.0,50.16,50.16,50.16,50.16,50.160000000107715,50.160019013930096,0.0,0.0,0.0,0.0,0.0,0.0,0.0,0.0,0.0,50.16,50.16,50.16,50.16,50.16,50.16,,,,3,7,13,50.16,0.0,SAME,1.0
KCL,2023-07-14,50.16,50.16,50.16,50.16,50.16,50.16,0.0,0.0,0.0,0.0,0.0,0.0,0.0,0.0,50.16,50.16,50.16,50.16,50.16000000007181,50.16001555685189,0.0,0.0,0.0,0.0,0.0,0.0,0.0,0.0,0.0,50.16,50.16,50.16,50.16,50.16,50.16,,,,4,7,14,50.16,0.0,SAME,1.0
KCL,2023-07-17,50.16,50.16,50.16,50.16,50.16,50.16,0.0,0.0,0.0,0.0,0.0,0.0,0.0,0.0,50.16,50.16,50.16,50.16,50.16000000004788,50.160012728333356,0.0,0.0,0.0,0.0,0.0,0.0,0.0,0.0,0.0,50.16,50.16,50.16,50.16,50.16,50.16,,,,0,7,17,50.16,0.0,SAME,1.0
KCL,2023-07-18,50.16,50.16,50.16,50.16,50.16,50.16,0.0,0.0,0.0,0.0,0.0,0.0,0.0,0.0,50.16,50.16,50.16,50.16,50.16000000003192,50.16001041409092,0.0,0.0,0.0,0.0,0.0,0.0,0.0,0.0,0.0,50.16,50.16,50.16,50.16,50.16,50.16,,,,1,7,18,50.16,0.0,SAME,1.0
KCL,2023-07-19,50.16,50.16,50.16,50.16,50.16,50.16,0.0,0.0,0.0,0.0,0.0,0.0,0.0,0.0,50.16,50.16,50.16,50.16,50.160000000021284,50.16000852061984,0.0,0.0,0.0,0.0,0.0,0.0,0.0,0.0,0.0,50.16,50.16,50.16,50.16,50.16,50.16,,,,2,7,19,50.16,0.0,SAME,1.0
KCL,2023-07-20,50.16,50.16,50.16,50.16,50.16,50.16,0.0,0.0,0.0,0.0,0.0,0.0,0.0,0.0,50.16,50.16,50.16,50.16,50.16000000001419,50.16000697141623,0.0,0.0,0.0,0.0,0.0,0.0,0.0,0.0,0.0,50.16,50.16,50.16,50.16,50.16,50.16,,,,3,7,20,50.16,0.0,SAME,1.0
KCL,2023-07-24,50.16,50.16,50.16,50.16,50.16,50.16,0.0,0.0,0.0,0.0,0.0,0.0,0.0,0.0,50.16,50.16,50.16,50.16,50.16000000000947,50.160005703886,0.0,0.0,0.0,0.0,0.0,0.0,0.0,0.0,0.0,50.16,50.16,50.16,50.16,50.16,50.16,,,,0,7,24,50.16,0.0,SAME,1.0
KCL,2023-07-25,50.16,50.16,50.16,50.16,50.16,50.16,0.0,0.0,0.0,0.0,0.0,0.0,0.0,0.0,50.16,50.16,50.16,50.16,50.16000000000631,50.160004666815816,0.0,0.0,0.0,0.0,0.0,0.0,0.0,0.0,0.0,50.16,50.16,50.16,50.16,50.16,50.16,,,,1,7,25,50.16,0.0,SAME,1.0
KCL,2023-07-26,50.16,50.16,50.16,50.16,50.16,50.16,0.0,0.0,0.0,0.0,0.0,0.0,0.0,0.0,50.16,50.16,50.16,50.16,50.16000000000421,50.16000381830384,0.0,0.0,0.0,0.0,0.0,0.0,0.0,0.0,0.0,50.16,50.16,50.16,50.16,50.16,50.16,,,,2,7,26,50.16,0.0,SAME,1.0
KCL,2023-07-27,50.16,50.16,50.16,50.16,50.16,50.16,0.0,0.0,0.0,0.0,0.0,0.0,0.0,0.0,50.16,50.16,50.16,50.16,50.16000000000281,50.160003124066776,0.0,0.0,0.0,0.0,0.0,0.0,0.0,0.0,0.0,50.16,50.16,50.16,50.16,50.16,50.16,,,,3,7,27,50.16,0.0,SAME,1.0
KCL,2023-07-28,50.16,50.16,50.16,50.16,50.16,50.16,0.0,0.0,0.0,0.0,0.0,0.0,0.0,0.0,50.16,50.16,50.16,50.16,50.16000000000188,50.16000255605463,0.0,0.0,0.0,0.0,0.0,0.0,0.0,0.0,0.0,50.16,50.16,50.16,50.16,50.16,50.16,,,,4,7,28,50.16,0.0,SAME,1.0
KCL,2023-07-31,50.16,50.16,50.16,50.16,50.16,50.16,0.0,0.0,0.0,0.0,0.0,0.0,0.0,0.0,50.16,50.16,50.16,50.16,50.160000000001254,50.160002091317416,0.0,0.0,0.0,0.0,0.0,0.0,0.0,0.0,0.0,50.16,50.16,50.16,50.16,50.16,50.16,,,,0,7,31,50.16,0.0,SAME,1.0
KCL,2023-08-01,50.16,50.16,50.16,50.16,50.16,50.16,0.0,0.0,0.0,0.0,0.0,0.0,0.0,0.0,50.16,50.16,50.16,50.16,50.16000000000084,50.16000171107788,0.0,0.0,0.0,0.0,0.0,0.0,0.0,0.0,0.0,50.16,50.16,50.16,50.16,50.16,50.16,,,,1,8,1,50.16,0.0,SAME,1.0
KCL,2023-08-02,50.16,50.16,50.16,50.16,50.16,50.16,0.0,0.0,0.0,0.0,0.0,0.0,0.0,0.0,50.16,50.16,50.16,50.16,50.160000000000565,50.160001399972806,0.0,0.0,0.0,0.0,0.0,0.0,0.0,0.0,0.0,50.16,50.16,50.16,50.16,50.16,50.16,,,,2,8,2,50.16,0.0,SAME,1.0
KCL,2023-08-03,50.16,50.16,50.16,50.16,50.16,50.16,0.0,0.0,0.0,0.0,0.0,0.0,0.0,0.0,50.16,50.16,50.16,50.16,50.16000000000038,50.16000114543229,0.0,0.0,0.0,0.0,0.0,0.0,0.0,0.0,0.0,50.16,50.16,50.16,50.16,50.16,50.16,,,,3,8,3,50.16,0.0,SAME,1.0
KCL,2023-08-04,50.16,50.16,50.16,50.16,50.16,50.16,0.0,0.0,0.0,0.0,0.0,0.0,0.0,0.0,50.16,50.16,50.16,50.16,50.16000000000026,50.160000937171866,0.0,0.0,0.0,0.0,0.0,0.0,0.0,0.0,0.0,50.16,50.16,50.16,50.16,50.16,50.16,,,,4,8,4,50.16,0.0,SAME,1.0
KCL,2023-08-07,50.16,50.16,50.16,50.16,50.16,50.16,0.0,0.0,0.0,0.0,0.0,0.0,0.0,0.0,50.16,50.16,50.16,50.16,50.160000000000174,50.160000766776975,0.0,0.0,0.0,0.0,0.0,0.0,0.0,0.0,0.0,50.16,50.16,50.16,50.16,50.16,50.16,,,,0,8,7,50.16,0.0,SAME,1.0
KCL,2023-08-08,50.16,50.16,50.16,50.16,50.16,50.16,0.0,0.0,0.0,0.0,0.0,0.0,0.0,0.0,50.16,50.16,50.16,50.16,50.16000000000012,50.160000627362976,0.0,0.0,0.0,0.0,0.0,0.0,0.0,0.0,0.0,50.16,50.16,50.16,50.16,50.16,50.16,,,,1,8,8,50.16,0.0,SAME,1.0
KCL,2023-08-09,50.16,50.16,50.16,50.16,50.16,50.16,0.0,0.0,0.0,0.0,0.0,0.0,0.0,0.0,50.16,50.16,50.16,50.16,50.16000000000008,50.16000051329697,0.0,0.0,0.0,0.0,0.0,0.0,0.0,0.0,0.0,50.16,50.16,50.16,50.16,50.16,50.16,,,,2,8,9,50.16,0.0,SAME,1.0
KCL,2023-08-10,50.16,50.16,50.16,50.16,50.16,50.16,0.0,0.0,0.0,0.0,0.0,0.0,0.0,0.0,50.16,50.16,50.16,50.16,50.16000000000006,50.160000419970245,0.0,0.0,0.0,0.0,0.0,0.0,0.0,0.0,0.0,50.16,50.16,50.16,50.16,50.16,50.16,,,,3,8,10,50.16,0.0,SAME,1.0
KCL,2023-08-11,50.16,50.16,50.16,50.16,50.16,50.16,0.0,0.0,0.0,0.0,0.0,0.0,0.0,0.0,50.16,50.16,50.16,50.16,50.160000000000046,50.16000034361201,0.0,0.0,0.0,0.0,0.0,0.0,0.0,0.0,0.0,50.16,50.16,50.16,50.16,50.16,50.16,,,,4,8,11,50.16,0.0,SAME,1.0
KCL,2023-08-14,50.16,50.16,50.16,50.16,50.16,50.16,0.0,0.0,0.0,0.0,0.0,0.0,0.0,0.0,50.16,50.16,50.16,50.16,50.16000000000003,50.160000281137094,0.0,0.0,0.0,0.0,0.0,0.0,0.0,0.0,0.0,50.16,50.16,50.16,50.16,50.16,50.16,,,,0,8,14,50.16,0.0,SAME,1.0
KCL,2023-08-15,50.16,50.16,50.16,50.16,50.16,50.16,0.0,0.0,0.0,0.0,0.0,0.0,0.0,0.0,50.16,50.16,50.16,50.16,50.160000000000025,50.160000230021254,0.0,0.0,0.0,0.0,0.0,0.0,0.0,0.0,0.0,50.16,50.16,50.16,50.16,50.16,50.16,,,,1,8,15,50.16,0.0,SAME,1.0
KCL,2023-08-16,50.16,50.16,50.16,50.16,50.16,50.16,0.0,0.0,0.0,0.0,0.0,0.0,0.0,0.0,50.16,50.16,50.16,50.16,50.16000000000002,50.1600001881992,0.0,0.0,0.0,0.0,0.0,0.0,0.0,0.0,0.0,50.16,50.16,50.16,50.16,50.16,50.16,,,,2,8,16,47.65,-2.509999999999998,DOWN,0.0
KCL,2023-08-17,47.65,50.16,50.16,50.16,50.16,50.16,-2.509999999999998,-2.509999999999998,-2.509999999999998,-0.05003987240829344,-0.05003987240829344,-0.05003987240829344,-0.05133526622445411,-0.05133526622445411,49.32333333333333,49.657999999999994,49.909,48.905,49.32333333333335,49.703636517617525,0.02889053380515021,0.02237851125807207,0.015823997063442268,-2.509999999999998,-0.050039872408293426,-2.509999999999998,-0.050039872408293426,-2.509999999999998,-0.050039872408293426,47.65,50.16,47.65,50.16,47.65,50.16,0.0,0.0,0.0,3,8,17,47.65,0.0,SAME,1.0
KCL,2023-08-18,47.65,47.65,50.16,50.16,50.16,50.16,0.0,-2.509999999999998,-2.509999999999998,0.0,-0.05003987240829344,-0.05003987240829344,0.0,-0.05133526622445411,48.48666666666667,49.15599999999999,49.658,48.2775,48.76555555555557,49.33024805986888,0.02889053380515021,0.02237851125807207,0.015823997063442268,-2.509999999999998,-0.050039872408293426,-2.509999999999998,-0.050039872408293426,-2.509999999999998,-0.050039872408293426,47.65,50.16,47.65,50.16,47.65,50.16,0.0,0.0,0.0,4,8,18,47.65,0.0,SAME,1.0
KCL,2023-08-21,47.65,47.65,47.65,50.16,50.16,50.16,0.0,0.0,-2.509999999999998,0.0,0.0,-0.05003987240829344,0.0,0.0,47.65,48.653999999999996,49.407,47.963750000000005,48.39370370370372,49.02474841261999,0.02889053380515021,0.02237851125807207,0.015823997063442268,-2.509999999999998,-0.050039872408293426,-2.509999999999998,-0.050039872408293426,-2.509999999999998,-0.050039872408293426,47.65,47.65,47.65,50.16,47.65,50.16,,0.0,0.0,0,8,21,47.65,0.0,SAME,1.0
KCL,2023-08-22,47.65,47.65,47.65,47.65,50.16,50.16,0.0,0.0,0.0,0.0,0.0,0.0,0.0,0.0,47.65,48.152,49.156,47.806875000000005,48.145802469135816,48.77479415577999,0.0,0.02237851125807207,0.015823997063442268,0.0,0.0,-2.509999999999998,-0.050039872408293426,-2.509999999999998,-0.050039872408293426,47.65,47.65,47.65,50.16,47.65,50.16,,0.0,0.0,1,8,22,47.65,0.0,SAME,1.0
KCL,2023-08-23,47.65,47.65,47.65,47.65,50.16,50.16,0.0,0.0,0.0,0.0,0.0,0.0,0.0,0.0,47.65,47.65,48.904999999999994,47.7284375,47.98053497942388,48.570286127456356,0.0,0.02237851125807207,0.015823997063442268,0.0,0.0,-2.509999999999998,-0.050039872408293426,-2.509999999999998,-0.050039872408293426,47.65,47.65,47.65,47.65,47.65,50.16,,,0.0,2,8,23,47.65,0.0,SAME,1.0
KCL,2023-08-24,47.65,47.65,47.65,47.65,47.65,50.16,0.0,0.0,0.0,0.0,0.0,0.0,0.0,0.0,47.65,47.65,48.654,47.689218749999995,47.870356652949255,48.402961377009746,0.0,0.0,0.015823997063442268,0.0,0.0,0.0,0.0,-2.509999999999998,-0.050039872408293426,47.65,47.65,47.65,47.65,47.65,50.16,,,0.0,3,8,24,47.65,0.0,SAME,1.0
KCL,2023-08-25,47.65,47.65,47.65,47.65,47.65,50.16,0.0,0.0,0.0,0.0,0.0,0.0,0.0,0.0,47.65,47.65,48.403,47.66960937499999,47.79690443529951,48.266059308462516,0.0,0.0,0.015823997063442268,0.0,0.0,0.0,0.0,-2.509999999999998,-0.050039872408293426,47.65,47.65,47.65,47.65,47.65,50.16,,,0.0,4,8,25,47.65,0.0,SAME,1.0
KCL,2023-08-28,47.65,47.65,47.65,47.65,47.65,50.16,0.0,0.0,0.0,0.0,0.0,0.0,0.0,0.0,47.65,47.65,48.152,47.6598046875,47.747936290199675,48.154048525105694,0.0,0.0,0.015823997063442268,0.0,0.0,0.0,0.0,-2.509999999999998,-0.050039872408293426,47.65,47.65,47.65,47.65,47.65,50.16,,,0.0,0,8,28,47.65,0.0,SAME,1.0
KCL,2023-08-29,47.65,47.65,47.65,47.65,47.65,50.16,0.0,0.0,0.0,0.0,0.0,0.0,0.0,0.0,47.65,47.65,47.900999999999996,47.654902343749995,47.71529086013312,48.06240333872284,0.0,0.0,0.015823997063442268,0.0,0.0,0.0,0.0,-2.509999999999998,-0.050039872408293426,47.65,47.65,47.65,47.65,47.65,50.16,,,0.0,1,8,29,47.65,0.0,SAME,1.0
KCL,2023-08-30,47.65,47.65,47.65,47.65,47.65,50.16,0.0,0.0,0.0,0.0,0.0,0.0,0.0,0.0,47.65,47.65,47.65,47.652451171875,47.693527240088756,47.9874209135005,0.0,0.0,0.015823997063442268,0.0,0.0,0.0,0.0,-2.509999999999998,-0.050039872408293426,47.65,47.65,47.65,47.65,47.65,47.65,,,,2,8,30,47.65,0.0,SAME,1.0
KCL,2023-08-31,47.65,47.65,47.65,47.65,47.65,47.65,0.0,0.0,0.0,0.0,0.0,0.0,0.0,0.0,47.65,47.65,47.65,47.651225585937496,47.67901816005917,47.926071656500405,0.0,0.0,0.0,0.0,0.0,0.0,0.0,0.0,0.0,47.65,47.65,47.65,47.65,47.65,47.65,,,,3,8,31,47.65,0.0,SAME,1.0
KCL,2023-09-01,47.65,47.65,47.65,47.65,47.65,47.65,0.0,0.0,0.0,0.0,0.0,0.0,0.0,0.0,47.65,47.65,47.65,47.650612792968744,47.66934544003945,47.87587680986397,0.0,0.0,0.0,0.0,0.0,0.0,0.0,0.0,0.0,47.65,47.65,47.65,47.65,47.65,47.65,,,,4,9,1,47.65,0.0,SAME,1.0
KCL,2023-09-04,47.65,47.65,47.65,47.65,47.65,47.65,0.0,0.0,0.0,0.0,0.0,0.0,0.0,0.0,47.65,47.65,47.65,47.65030639648437,47.6628969600263,47.83480829897961,0.0,0.0,0.0,0.0,0.0,0.0,0.0,0.0,0.0,47.65,47.65,47.65,47.65,47.65,47.65,,,,0,9,4,47.65,0.0,SAME,1.0
KCL,2023-09-05,47.65,47.65,47.65,47.65,47.65,47.65,0.0,0.0,0.0,0.0,0.0,0.0,0.0,0.0,47.65,47.65,47.65,47.65015319824218,47.65859797335087,47.801206790074225,0.0,0.0,0.0,0.0,0.0,0.0,0.0,0.0,0.0,47.65,47.65,47.65,47.65,47.65,47.65,,,,1,9,5,47.65,0.0,SAME,1.0
KCL,2023-09-06,47.65,47.65,47.65,47.65,47.65,47.65,0.0,0.0,0.0,0.0,0.0,0.0,0.0,0.0,47.65,47.65,47.65,47.65007659912109,47.65573198223392,47.77371464642437,0.0,0.0,0.0,0.0,0.0,0.0,0.0,0.0,0.0,47.65,47.65,47.65,47.65,47.65,47.65,,,,2,9,6,47.65,0.0,SAME,1.0
KCL,2023-09-07,47.65,47.65,47.65,47.65,47.65,47.65,0.0,0.0,0.0,0.0,0.0,0.0,0.0,0.0,47.65,47.65,47.65,47.65003829956055,47.65382132148928,47.75122107434721,0.0,0.0,0.0,0.0,0.0,0.0,0.0,0.0,0.0,47.65,47.65,47.65,47.65,47.65,47.65,,,,3,9,7,47.65,0.0,SAME,1.0
KCL,2023-09-08,47.65,47.65,47.65,47.65,47.65,47.65,0.0,0.0,0.0,0.0,0.0,0.0,0.0,0.0,47.65,47.65,47.65,47.65001914978028,47.65254754765952,47.73281724264771,0.0,0.0,0.0,0.0,0.0,0.0,0.0,0.0,0.0,47.65,47.65,47.65,47.65,47.65,47.65,,,,4,9,8,47.65,0.0,SAME,1.0
KCL,2023-09-11,47.65,47.65,47.65,47.65,47.65,47.65,0.0,0.0,0.0,0.0,0.0,0.0,0.0,0.0,47.65,47.65,47.65,47.650009574890134,47.651698365106355,47.71775956216631,0.0,0.0,0.0,0.0,0.0,0.0,0.0,0.0,0.0,47.65,47.65,47.65,47.65,47.65,47.65,,,,0,9,11,47.65,0.0,SAME,1.0
KCL,2023-09-12,47.65,47.65,47.65,47.65,47.65,47.65,0.0,0.0,0.0,0.0,0.0,0.0,0.0,0.0,47.65,47.65,47.65,47.65000478744507,47.65113224340424,47.70543964177243,0.0,0.0,0.0,0.0,0.0,0.0,0.0,0.0,0.0,47.65,47.65,47.65,47.65,47.65,47.65,,,,1,9,12,47.65,0.0,SAME,1.0
KCL,2023-09-13,47.65,47.65,47.65,47.65,47.65,47.65,0.0,0.0,0.0,0.0,0.0,0.0,0.0,0.0,47.65,47.65,47.65,47.65000239372253,47.650754828936165,47.69535970690471,0.0,0.0,0.0,0.0,0.0,0.0,0.0,0.0,0.0,47.65,47.65,47.65,47.65,47.65,47.65,,,,2,9,13,47.65,0.0,SAME,1.0
KCL,2023-09-14,47.65,47.65,47.65,47.65,47.65,47.65,0.0,0.0,0.0,0.0,0.0,0.0,0.0,0.0,47.65,47.65,47.65,47.65000119686127,47.65050321929078,47.68711248746749,0.0,0.0,0.0,0.0,0.0,0.0,0.0,0.0,0.0,47.65,47.65,47.65,47.65,47.65,47.65,,,,3,9,14,47.65,0.0,SAME,1.0
KCL,2023-09-15,47.65,47.65,47.65,47.65,47.65,47.65,0.0,0.0,0.0,0.0,0.0,0.0,0.0,0.0,47.65,47.65,47.65,47.65000059843064,47.65033547952719,47.680364762473396,0.0,0.0,0.0,0.0,0.0,0.0,0.0,0.0,0.0,47.65,47.65,47.65,47.65,47.65,47.65,,,,4,9,15,47.65,0.0,SAME,1.0
KCL,2023-09-18,47.65,47.65,47.65,47.65,47.65,47.65,0.0,0.0,0.0,0.0,0.0,0.0,0.0,0.0,47.65,47.65,47.65,47.65000029921532,47.65022365301813,47.674843896569136,0.0,0.0,0.0,0.0,0.0,0.0,0.0,0.0,0.0,47.65,47.65,47.65,47.65,47.65,47.65,,,,0,9,18,47.65,0.0,SAME,1.0
KCL,2023-09-19,47.65,47.65,47.65,47.65,47.65,47.65,0.0,0.0,0.0,0.0,0.0,0.0,0.0,0.0,47.65,47.65,47.65,47.65000014960766,47.650149102012094,47.670326824465654,0.0,0.0,0.0,0.0,0.0,0.0,0.0,0.0,0.0,47.65,47.65,47.65,47.65,47.65,47.65,,,,1,9,19,47.65,0.0,SAME,1.0
KCL,2023-09-21,47.65,47.65,47.65,47.65,47.65,47.65,0.0,0.0,0.0,0.0,0.0,0.0,0.0,0.0,47.65,47.65,47.65,47.65000007480383,47.6500994013414,47.66663103819917,0.0,0.0,0.0,0.0,0.0,0.0,0.0,0.0,0.0,47.65,47.65,47.65,47.65,47.65,47.65,,,,3,9,21,47.65,0.0,SAME,1.0
KCL,2023-09-22,47.65,47.65,47.65,47.65,47.65,47.65,0.0,0.0,0.0,0.0,0.0,0.0,0.0,0.0,47.65,47.65,47.65,47.65000003740191,47.65006626756094,47.66360721307205,0.0,0.0,0.0,0.0,0.0,0.0,0.0,0.0,0.0,47.65,47.65,47.65,47.65,47.65,47.65,,,,4,9,22,47.65,0.0,SAME,1.0
KCL,2023-09-27,47.65,47.65,47.65,47.65,47.65,47.65,0.0,0.0,0.0,0.0,0.0,0.0,0.0,0.0,47.65,47.65,47.65,47.65000001870095,47.65004417837396,47.661133174331674,0.0,0.0,0.0,0.0,0.0,0.0,0.0,0.0,0.0,47.65,47.65,47.65,47.65,47.65,47.65,,,,2,9,27,47.65,0.0,SAME,1.0
KCL,2023-09-28,47.65,47.65,47.65,47.65,47.65,47.65,0.0,0.0,0.0,0.0,0.0,0.0,0.0,0.0,47.65,47.65,47.65,47.65000000935048,47.65002945224931,47.65910896081682,0.0,0.0,0.0,0.0,0.0,0.0,0.0,0.0,0.0,47.65,47.65,47.65,47.65,47.65,47.65,,,,3,9,28,47.65,0.0,SAME,1.0
KCL,2023-09-29,47.65,47.65,47.65,47.65,47.65,47.65,0.0,0.0,0.0,0.0,0.0,0.0,0.0,0.0,47.65,47.65,47.65,47.650000004675235,47.65001963483288,47.65745278612285,0.0,0.0,0.0,0.0,0.0,0.0,0.0,0.0,0.0,47.65,47.65,47.65,47.65,47.65,47.65,,,,4,9,29,47.65,0.0,SAME,1.0
KCL,2023-10-02,47.65,47.65,47.65,47.65,47.65,47.65,0.0,0.0,0.0,0.0,0.0,0.0,0.0,0.0,47.65,47.65,47.65,47.65000000233762,47.65001308988859,47.65609773410051,0.0,0.0,0.0,0.0,0.0,0.0,0.0,0.0,0.0,47.65,47.65,47.65,47.65,47.65,47.65,,,,0,10,2,47.65,0.0,SAME,1.0
KCL,2023-10-03,47.65,47.65,47.65,47.65,47.65,47.65,0.0,0.0,0.0,0.0,0.0,0.0,0.0,0.0,47.65,47.65,47.65,47.650000001168806,47.6500087265924,47.65498905517315,0.0,0.0,0.0,0.0,0.0,0.0,0.0,0.0,0.0,47.65,47.65,47.65,47.65,47.65,47.65,,,,1,10,3,47.65,0.0,SAME,1.0
KCL,2023-10-04,47.65,47.65,47.65,47.65,47.65,47.65,0.0,0.0,0.0,0.0,0.0,0.0,0.0,0.0,47.65,47.65,47.65,47.6500000005844,47.65000581772827,47.65408195423257,0.0,0.0,0.0,0.0,0.0,0.0,0.0,0.0,0.0,47.65,47.65,47.65,47.65,47.65,47.65,,,,2,10,4,47.65,0.0,SAME,1.0
KCL,2023-10-05,47.65,47.65,47.65,47.65,47.65,47.65,0.0,0.0,0.0,0.0,0.0,0.0,0.0,0.0,47.65,47.65,47.65,47.650000000292195,47.65000387848552,47.65333978073574,0.0,0.0,0.0,0.0,0.0,0.0,0.0,0.0,0.0,47.65,47.65,47.65,47.65,47.65,47.65,,,,3,10,5,47.65,0.0,SAME,1.0
KCL,2023-10-06,47.65,47.65,47.65,47.65,47.65,47.65,0.0,0.0,0.0,0.0,0.0,0.0,0.0,0.0,47.65,47.65,47.65,47.65000000014609,47.65000258565702,47.6527325478747,0.0,0.0,0.0,0.0,0.0,0.0,0.0,0.0,0.0,47.65,47.65,47.65,47.65,47.65,47.65,,,,4,10,6,47.65,0.0,SAME,1.0
KCL,2023-10-09,47.65,47.65,47.65,47.65,47.65,47.65,0.0,0.0,0.0,0.0,0.0,0.0,0.0,0.0,47.65,47.65,47.65,47.65000000007305,47.650001723771354,47.652235720988386,0.0,0.0,0.0,0.0,0.0,0.0,0.0,0.0,0.0,47.65,47.65,47.65,47.65,47.65,47.65,,,,0,10,9,47.65,0.0,SAME,1.0
KCL,2023-10-10,47.65,47.65,47.65,47.65,47.65,47.65,0.0,0.0,0.0,0.0,0.0,0.0,0.0,0.0,47.65,47.65,47.65,47.65000000003653,47.65000114918091,47.651829226263224,0.0,0.0,0.0,0.0,0.0,0.0,0.0,0.0,0.0,47.65,47.65,47.65,47.65,47.65,47.65,,,,1,10,10,47.65,0.0,SAME,1.0
KCL,2023-10-11,47.65,47.65,47.65,47.65,47.65,47.65,0.0,0.0,0.0,0.0,0.0,0.0,0.0,0.0,47.65,47.65,47.65,47.65000000001827,47.65000076612061,47.65149663966991,0.0,0.0,0.0,0.0,0.0,0.0,0.0,0.0,0.0,47.65,47.65,47.65,47.65,47.65,47.65,,,,2,10,11,47.65,0.0,SAME,1.0
KCL,2023-10-12,47.65,47.65,47.65,47.65,47.65,47.65,0.0,0.0,0.0,0.0,0.0,0.0,0.0,0.0,47.65,47.65,47.65,47.65000000000913,47.65000051074708,47.65122452336629,0.0,0.0,0.0,0.0,0.0,0.0,0.0,0.0,0.0,47.65,47.65,47.65,47.65,47.65,47.65,,,,3,10,12,47.65,0.0,SAME,1.0
KCL,2023-10-13,47.65,47.65,47.65,47.65,47.65,47.65,0.0,0.0,0.0,0.0,0.0,0.0,0.0,0.0,47.65,47.65,47.65,47.65000000000457,47.65000034049805,47.65100188275424,0.0,0.0,0.0,0.0,0.0,0.0,0.0,0.0,0.0,47.65,47.65,47.65,47.65,47.65,47.65,,,,4,10,13,47.65,0.0,SAME,1.0
KCL,2023-10-16,47.65,47.65,47.65,47.65,47.65,47.65,0.0,0.0,0.0,0.0,0.0,0.0,0.0,0.0,47.65,47.65,47.65,47.65000000000228,47.650000226998706,47.650819722253466,0.0,0.0,0.0,0.0,0.0,0.0,0.0,0.0,0.0,47.65,47.65,47.65,47.65,47.65,47.65,,,,0,10,16,47.65,0.0,SAME,1.0
KCL,2023-10-17,47.65,47.65,47.65,47.65,47.65,47.65,0.0,0.0,0.0,0.0,0.0,0.0,0.0,0.0,47.65,47.65,47.65,47.65000000000114,47.65000015133248,47.65067068184374,0.0,0.0,0.0,0.0,0.0,0.0,0.0,0.0,0.0,47.65,47.65,47.65,47.65,47.65,47.65,,,,1,10,17,47.65,0.0,SAME,1.0
KCL,2023-10-18,47.65,47.65,47.65,47.65,47.65,47.65,0.0,0.0,0.0,0.0,0.0,0.0,0.0,0.0,47.65,47.65,47.65,47.650000000000574,47.65000010088832,47.65054873969033,0.0,0.0,0.0,0.0,0.0,0.0,0.0,0.0,0.0,47.65,47.65,47.65,47.65,47.65,47.65,,,,2,10,18,47.65,0.0,SAME,1.0
KCL,2023-10-19,47.65,47.65,47.65,47.65,47.65,47.65,0.0,0.0,0.0,0.0,0.0,0.0,0.0,0.0,47.65,47.65,47.65,47.65000000000029,47.65000006725889,47.65044896883754,0.0,0.0,0.0,0.0,0.0,0.0,0.0,0.0,0.0,47.65,47.65,47.65,47.65,47.65,47.65,,,,3,10,19,47.65,0.0,SAME,1.0
KCL,2023-10-20,47.65,47.65,47.65,47.65,47.65,47.65,0.0,0.0,0.0,0.0,0.0,0.0,0.0,0.0,47.65,47.65,47.65,47.65000000000015,47.65000004483926,47.6503673381398,0.0,0.0,0.0,0.0,0.0,0.0,0.0,0.0,0.0,47.65,47.65,47.65,47.65,47.65,47.65,,,,4,10,20,47.65,0.0,SAME,1.0
KCL,2023-10-23,47.65,47.65,47.65,47.65,47.65,47.65,0.0,0.0,0.0,0.0,0.0,0.0,0.0,0.0,47.65,47.65,47.65,47.65000000000008,47.650000029892844,47.65030054938711,0.0,0.0,0.0,0.0,0.0,0.0,0.0,0.0,0.0,47.65,47.65,47.65,47.65,47.65,47.65,,,,0,10,23,47.65,0.0,SAME,1.0
KCL,2023-10-25,47.65,47.65,47.65,47.65,47.65,47.65,0.0,0.0,0.0,0.0,0.0,0.0,0.0,0.0,47.65,47.65,47.65,47.650000000000034,47.65000001992857,47.650245904044,0.0,0.0,0.0,0.0,0.0,0.0,0.0,0.0,0.0,47.65,47.65,47.65,47.65,47.65,47.65,,,,2,10,25,47.65,0.0,SAME,1.0
KCL,2023-10-26,47.65,47.65,47.65,47.65,47.65,47.65,0.0,0.0,0.0,0.0,0.0,0.0,0.0,0.0,47.65,47.65,47.65,47.65000000000002,47.65000001328572,47.650201194217814,0.0,0.0,0.0,0.0,0.0,0.0,0.0,0.0,0.0,47.65,47.65,47.65,47.65,47.65,47.65,,,,3,10,26,47.65,0.0,SAME,1.0
KCL,2023-10-27,47.65,47.65,47.65,47.65,47.65,47.65,0.0,0.0,0.0,0.0,0.0,0.0,0.0,0.0,47.65,47.65,47.65,47.650000000000006,47.65000000885715,47.65016461345094,0.0,0.0,0.0,0.0,0.0,0.0,0.0,0.0,0.0,47.65,47.65,47.65,47.65,47.65,47.65,,,,4,10,27,47.65,0.0,SAME,1.0
KCL,2023-10-30,47.65,47.65,47.65,47.65,47.65,47.65,0.0,0.0,0.0,0.0,0.0,0.0,0.0,0.0,47.65,47.65,47.65,47.650000000000006,47.65000000590477,47.65013468373259,0.0,0.0,0.0,0.0,0.0,0.0,0.0,0.0,0.0,47.65,47.65,47.65,47.65,47.65,47.65,,,,0,10,30,47.65,0.0,SAME,1.0
KCL,2023-10-31,47.65,47.65,47.65,47.65,47.65,47.65,0.0,0.0,0.0,0.0,0.0,0.0,0.0,0.0,47.65,47.65,47.65,47.650000000000006,47.65000000393652,47.65011019578121,0.0,0.0,0.0,0.0,0.0,0.0,0.0,0.0,0.0,47.65,47.65,47.65,47.65,47.65,47.65,,,,1,10,31,47.65,0.0,SAME,1.0
KCL,2023-11-02,47.65,47.65,47.65,47.65,47.65,47.65,0.0,0.0,0.0,0.0,0.0,0.0,0.0,0.0,47.65,47.65,47.65,47.650000000000006,47.65000000262435,47.650090160184625,0.0,0.0,0.0,0.0,0.0,0.0,0.0,0.0,0.0,47.65,47.65,47.65,47.65,47.65,47.65,,,,3,11,2,47.65,0.0,SAME,1.0
KCL,2023-11-03,47.65,47.65,47.65,47.65,47.65,47.65,0.0,0.0,0.0,0.0,0.0,0.0,0.0,0.0,47.65,47.65,47.65,47.650000000000006,47.650000001749575,47.650073767423784,0.0,0.0,0.0,0.0,0.0,0.0,0.0,0.0,0.0,47.65,47.65,47.65,47.65,47.65,47.65,,,,4,11,3,47.65,0.0,SAME,1.0
KCL,2023-11-06,47.65,47.65,47.65,47.65,47.65,47.65,0.0,0.0,0.0,0.0,0.0,0.0,0.0,0.0,47.65,47.65,47.65,47.650000000000006,47.65000000116639,47.65006035516491,0.0,0.0,0.0,0.0,0.0,0.0,0.0,0.0,0.0,47.65,47.65,47.65,47.65,47.65,47.65,,,,0,11,6,47.65,0.0,SAME,1.0
KCL,2023-11-07,47.65,47.65,47.65,47.65,47.65,47.65,0.0,0.0,0.0,0.0,0.0,0.0,0.0,0.0,47.65,47.65,47.65,47.650000000000006,47.650000000777595,47.65004938149856,0.0,0.0,0.0,0.0,0.0,0.0,0.0,0.0,0.0,47.65,47.65,47.65,47.65,47.65,47.65,,,,1,11,7,47.65,0.0,SAME,1.0
KCL,2023-11-08,47.65,47.65,47.65,47.65,47.65,47.65,0.0,0.0,0.0,0.0,0.0,0.0,0.0,0.0,47.65,47.65,47.65,47.650000000000006,47.6500000005184,47.65004040304427,0.0,0.0,0.0,0.0,0.0,0.0,0.0,0.0,0.0,47.65,47.65,47.65,47.65,47.65,47.65,,,,2,11,8,47.65,0.0,SAME,1.0
KCL,2023-11-09,47.65,47.65,47.65,47.65,47.65,47.65,0.0,0.0,0.0,0.0,0.0,0.0,0.0,0.0,47.65,47.65,47.65,47.650000000000006,47.65000000034561,47.65003305703622,0.0,0.0,0.0,0.0,0.0,0.0,0.0,0.0,0.0,47.65,47.65,47.65,47.65,47.65,47.65,,,,3,11,9,47.65,0.0,SAME,1.0
KCL,2023-11-10,47.65,47.65,47.65,47.65,47.65,47.65,0.0,0.0,0.0,0.0,0.0,0.0,0.0,0.0,47.65,47.65,47.65,47.650000000000006,47.650000000230406,47.650027046666,0.0,0.0,0.0,0.0,0.0,0.0,0.0,0.0,0.0,47.65,47.65,47.65,47.65,47.65,47.65,,,,4,11,10,47.65,0.0,SAME,1.0
KCL,2023-11-13,47.65,47.65,47.65,47.65,47.65,47.65,0.0,0.0,0.0,0.0,0.0,0.0,0.0,0.0,47.65,47.65,47.65,47.650000000000006,47.65000000015361,47.65002212909036,0.0,0.0,0.0,0.0,0.0,0.0,0.0,0.0,0.0,47.65,47.65,47.65,47.65,47.65,47.65,,,,0,11,13,47.65,0.0,SAME,1.0
KCL,2023-11-14,47.65,47.65,47.65,47.65,47.65,47.65,0.0,0.0,0.0,0.0,0.0,0.0,0.0,0.0,47.65,47.65,47.65,47.650000000000006,47.65000000010241,47.65001810561938,0.0,0.0,0.0,0.0,0.0,0.0,0.0,0.0,0.0,47.65,47.65,47.65,47.65,47.65,47.65,,,,1,11,14,47.65,0.0,SAME,1.0
KCL,2023-11-15,47.65,47.65,47.65,47.65,47.65,47.65,0.0,0.0,0.0,0.0,0.0,0.0,0.0,0.0,47.65,47.65,47.65,47.650000000000006,47.650000000068275,47.650014813688585,0.0,0.0,0.0,0.0,0.0,0.0,0.0,0.0,0.0,47.65,47.65,47.65,47.65,47.65,47.65,,,,2,11,15,47.65,0.0,SAME,1.0
KCL,2023-11-16,47.65,47.65,47.65,47.65,47.65,47.65,0.0,0.0,0.0,0.0,0.0,0.0,0.0,0.0,47.65,47.65,47.65,47.650000000000006,47.65000000004552,47.65001212029066,0.0,0.0,0.0,0.0,0.0,0.0,0.0,0.0,0.0,47.65,47.65,47.65,47.65,47.65,47.65,,,,3,11,16,47.65,0.0,SAME,1.0
KCL,2023-11-17,47.65,47.65,47.65,47.65,47.65,47.65,0.0,0.0,0.0,0.0,0.0,0.0,0.0,0.0,47.65,47.65,47.65,47.650000000000006,47.65000000003035,47.65000991660145,0.0,0.0,0.0,0.0,0.0,0.0,0.0,0.0,0.0,47.65,47.65,47.65,47.65,47.65,47.65,,,,4,11,17,47.65,0.0,SAME,1.0
KCL,2023-11-20,47.65,47.65,47.65,47.65,47.65,47.65,0.0,0.0,0.0,0.0,0.0,0.0,0.0,0.0,47.65,47.65,47.65,47.650000000000006,47.65000000002024,47.650008113583,0.0,0.0,0.0,0.0,0.0,0.0,0.0,0.0,0.0,47.65,47.65,47.65,47.65,47.65,47.65,,,,0,11,20,47.65,0.0,SAME,1.0
KCL,2023-11-21,47.65,47.65,47.65,47.65,47.65,47.65,0.0,0.0,0.0,0.0,0.0,0.0,0.0,0.0,47.65,47.65,47.65,47.650000000000006,47.6500000000135,47.65000663838609,0.0,0.0,0.0,0.0,0.0,0.0,0.0,0.0,0.0,47.65,47.65,47.65,47.65,47.65,47.65,,,,1,11,21,47.65,0.0,SAME,1.0
KCL,2023-11-22,47.65,47.65,47.65,47.65,47.65,47.65,0.0,0.0,0.0,0.0,0.0,0.0,0.0,0.0,47.65,47.65,47.65,47.650000000000006,47.650000000009,47.6500054314068,0.0,0.0,0.0,0.0,0.0,0.0,0.0,0.0,0.0,47.65,47.65,47.65,47.65,47.65,47.65,,,,2,11,22,47.65,0.0,SAME,1.0
KCL,2023-11-23,47.65,47.65,47.65,47.65,47.65,47.65,0.0,0.0,0.0,0.0,0.0,0.0,0.0,0.0,47.65,47.65,47.65,47.650000000000006,47.650000000006,47.65000444387829,0.0,0.0,0.0,0.0,0.0,0.0,0.0,0.0,0.0,47.65,47.65,47.65,47.65,47.65,47.65,,,,3,11,23,47.65,0.0,SAME,1.0
KCL,2023-11-24,47.65,47.65,47.65,47.65,47.65,47.65,0.0,0.0,0.0,0.0,0.0,0.0,0.0,0.0,47.65,47.65,47.65,47.650000000000006,47.650000000004006,47.65000363590042,0.0,0.0,0.0,0.0,0.0,0.0,0.0,0.0,0.0,47.65,47.65,47.65,47.65,47.65,47.65,,,,4,11,24,47.65,0.0,SAME,1.0
KCL,2023-11-27,47.65,47.65,47.65,47.65,47.65,47.65,0.0,0.0,0.0,0.0,0.0,0.0,0.0,0.0,47.65,47.65,47.65,47.650000000000006,47.65000000000268,47.650002974827615,0.0,0.0,0.0,0.0,0.0,0.0,0.0,0.0,0.0,47.65,47.65,47.65,47.65,47.65,47.65,,,,0,11,27,47.65,0.0,SAME,1.0
KCL,2023-11-28,47.65,47.65,47.65,47.65,47.65,47.65,0.0,0.0,0.0,0.0,0.0,0.0,0.0,0.0,47.65,47.65,47.65,47.650000000000006,47.65000000000179,47.650002433949865,0.0,0.0,0.0,0.0,0.0,0.0,0.0,0.0,0.0,47.65,47.65,47.65,47.65,47.65,47.65,,,,1,11,28,47.65,0.0,SAME,1.0
KCL,2023-11-29,47.65,47.65,47.65,47.65,47.65,47.65,0.0,0.0,0.0,0.0,0.0,0.0,0.0,0.0,47.65,47.65,47.65,47.650000000000006,47.6500000000012,47.650001991413525,0.0,0.0,0.0,0.0,0.0,0.0,0.0,0.0,0.0,47.65,47.65,47.65,47.65,47.65,47.65,,,,2,11,29,47.65,0.0,SAME,1.0
KCL,2023-12-01,47.65,47.65,47.65,47.65,47.65,47.65,0.0,0.0,0.0,0.0,0.0,0.0,0.0,0.0,47.65,47.65,47.65,47.650000000000006,47.6500000000008,47.650001629338334,0.0,0.0,0.0,0.0,0.0,0.0,0.0,0.0,0.0,47.65,47.65,47.65,47.65,47.65,47.65,,,,4,12,1,47.65,0.0,SAME,1.0
KCL,2023-12-04,47.65,47.65,47.65,47.65,47.65,47.65,0.0,0.0,0.0,0.0,0.0,0.0,0.0,0.0,47.65,47.65,47.65,47.650000000000006,47.65000000000054,47.650001333095,0.0,0.0,0.0,0.0,0.0,0.0,0.0,0.0,0.0,47.65,47.65,47.65,47.65,47.65,47.65,,,,0,12,4,47.65,0.0,SAME,1.0
KCL,2023-12-05,47.65,47.65,47.65,47.65,47.65,47.65,0.0,0.0,0.0,0.0,0.0,0.0,0.0,0.0,47.65,47.65,47.65,47.650000000000006,47.65000000000036,47.650001090714085,0.0,0.0,0.0,0.0,0.0,0.0,0.0,0.0,0.0,47.65,47.65,47.65,47.65,47.65,47.65,,,,1,12,5,47.65,0.0,SAME,1.0
KCL,2023-12-06,47.65,47.65,47.65,47.65,47.65,47.65,0.0,0.0,0.0,0.0,0.0,0.0,0.0,0.0,47.65,47.65,47.65,47.650000000000006,47.65000000000025,47.65000089240243,0.0,0.0,0.0,0.0,0.0,0.0,0.0,0.0,0.0,47.65,47.65,47.65,47.65,47.65,47.65,,,,2,12,6,47.65,0.0,SAME,1.0
KCL,2023-12-07,47.65,47.65,47.65,47.65,47.65,47.65,0.0,0.0,0.0,0.0,0.0,0.0,0.0,0.0,47.65,47.65,47.65,47.650000000000006,47.65000000000017,47.65000073014744,0.0,0.0,0.0,0.0,0.0,0.0,0.0,0.0,0.0,47.65,47.65,47.65,47.65,47.65,47.65,,,,3,12,7,47.65,0.0,SAME,1.0
KCL,2023-12-08,47.65,47.65,47.65,47.65,47.65,47.65,0.0,0.0,0.0,0.0,0.0,0.0,0.0,0.0,47.65,47.65,47.65,47.650000000000006,47.65000000000012,47.65000059739336,0.0,0.0,0.0,0.0,0.0,0.0,0.0,0.0,0.0,47.65,47.65,47.65,47.65,47.65,47.65,,,,4,12,8,47.65,0.0,SAME,1.0
KCL,2023-12-11,47.65,47.65,47.65,47.65,47.65,47.65,0.0,0.0,0.0,0.0,0.0,0.0,0.0,0.0,47.65,47.65,47.65,47.650000000000006,47.650000000000084,47.650000488776385,0.0,0.0,0.0,0.0,0.0,0.0,0.0,0.0,0.0,47.65,47.65,47.65,47.65,47.65,47.65,,,,0,12,11,47.65,0.0,SAME,1.0
KCL,2023-12-12,47.65,47.65,47.65,47.65,47.65,47.65,0.0,0.0,0.0,0.0,0.0,0.0,0.0,0.0,47.65,47.65,47.65,47.650000000000006,47.65000000000006,47.65000039990795,0.0,0.0,0.0,0.0,0.0,0.0,0.0,0.0,0.0,47.65,47.65,47.65,47.65,47.65,47.65,,,,1,12,12,47.65,0.0,SAME,1.0
KCL,2023-12-13,47.65,47.65,47.65,47.65,47.65,47.65,0.0,0.0,0.0,0.0,0.0,0.0,0.0,0.0,47.65,47.65,47.65,47.650000000000006,47.65000000000005,47.65000032719741,0.0,0.0,0.0,0.0,0.0,0.0,0.0,0.0,0.0,47.65,47.65,47.65,47.65,47.65,47.65,,,,2,12,13,47.65,0.0,SAME,1.0
KCL,2023-12-14,47.65,47.65,47.65,47.65,47.65,47.65,0.0,0.0,0.0,0.0,0.0,0.0,0.0,0.0,47.65,47.65,47.65,47.650000000000006,47.650000000000034,47.65000026770697,0.0,0.0,0.0,0.0,0.0,0.0,0.0,0.0,0.0,47.65,47.65,47.65,47.65,47.65,47.65,,,,3,12,14,41.0,-6.649999999999999,DOWN,0.0
KCL,2023-12-15,41.0,47.65,47.65,47.65,47.65,47.65,-6.649999999999999,-6.649999999999999,-6.649999999999999,-0.13955928646379856,-0.13955928646379856,-0.13955928646379856,-0.15031056339590335,-0.15031056339590335,45.43333333333333,46.32,46.985,44.325,45.43333333333336,46.440909309942064,0.08057459160778875,0.06241281028488398,0.044132521385350974,-6.649999999999999,-0.1395592864637985,-6.649999999999999,-0.1395592864637985,-6.649999999999999,-0.1395592864637985,41.0,47.65,41.0,47.65,41.0,47.65,0.0,0.0,0.0,4,12,15,35.14,-5.859999999999999,DOWN,0.0
KCL,2023-12-18,35.14,41.0,47.65,47.65,47.65,47.65,-5.859999999999999,-12.509999999999998,-12.509999999999998,-0.1429268292682927,-0.26253934942287505,-0.26253934942287505,-0.1542319839453567,-0.30454254734125985,41.26333333333333,43.818,45.734,39.7325,42.002222222222244,44.386198526316235,0.08156409882981057,0.07737117009372968,0.059558591510873525,-12.509999999999998,-0.2625393494228751,-12.509999999999998,-0.2625393494228751,-12.509999999999998,-0.2625393494228751,35.14,47.65,35.14,47.65,35.14,47.65,0.0,0.0,0.0,0,12,18,35.14,0.0,SAME,1.0
KCL,2023-12-19,35.14,35.14,41.0,47.65,47.65,47.65,0.0,-5.859999999999999,-12.509999999999998,0.0,-0.1429268292682927,-0.26253934942287505,0.0,-0.1542319839453567,37.093333333333334,41.316,44.483,37.43625,39.71481481481483,42.705071521531465,0.08156409882981057,0.07737117009372967,0.059558591510873525,-12.509999999999998,-0.2625393494228751,-12.509999999999998,-0.2625393494228751,-12.509999999999998,-0.2625393494228751,35.14,41.0,35.14,47.65,35.14,47.65,0.0,0.0,0.0,1,12,19,35.14,0.0,SAME,1.0
KCL,2023-12-20,35.14,35.14,35.14,41.0,47.65,47.65,0.0,0.0,-5.859999999999999,0.0,0.0,-0.1429268292682927,0.0,0.0,35.14,38.814,43.232,36.288125,38.18987654320989,41.329603972162104,0.08251884335247096,0.07737117009372967,0.059558591510873525,-5.859999999999999,-0.14292682926829267,-12.509999999999998,-0.2625393494228751,-12.509999999999998,-0.2625393494228751,35.14,35.14,35.14,47.65,35.14,47.65,,0.0,0.0,2,12,20,35.14,0.0,SAME,1.0
KCL,2023-12-21,35.14,35.14,35.14,35.14,47.65,47.65,0.0,0.0,0.0,0.0,0.0,0.0,0.0,0.0,35.14,36.312,41.980999999999995,35.7140625,37.1732510288066,40.20422143176899,0.0,0.07737117009372967,0.059558591510873525,0.0,0.0,-12.509999999999998,-0.2625393494228751,-12.509999999999998,-0.2625393494228751,35.14,35.14,35.14,41.0,35.14,47.65,,0.0,0.0,3,12,21,35.14,0.0,SAME,1.0
KCL,2023-12-22,35.14,35.14,35.14,35.14,41.0,47.65,0.0,0.0,0.0,0.0,0.0,0.0,0.0,0.0,35.14,35.14,40.730000000000004,35.42703125,36.495500685871065,39.28345389872008,0.0,0.06391882121048181,0.059558591510873525,0.0,0.0,-5.859999999999999,-0.14292682926829267,-12.509999999999998,-0.2625393494228751,35.14,35.14,35.14,35.14,35.14,47.65,,,0.0,4,12,22,35.14,0.0,SAME,1.0
KCL,2023-12-25,35.14,35.14,35.14,35.14,35.14,47.65,0.0,0.0,0.0,0.0,0.0,0.0,0.0,0.0,35.14,35.14,39.479,35.283515625,36.04366712391405,38.53009864440734,0.0,0.0,0.059558591510873525,0.0,0.0,0.0,0.0,-12.509999999999998,-0.2625393494228751,35.14,35.14,35.14,35.14,35.14,47.65,,,0.0,0,12,25,35.14,0.0,SAME,1.0
KCL,2023-12-26,35.14,35.14,35.14,35.14,35.14,47.65,0.0,0.0,0.0,0.0,0.0,0.0,0.0,0.0,35.14,35.14,38.227999999999994,35.2117578125,35.74244474927603,37.91371707269691,0.0,0.0,0.059558591510873525,0.0,0.0,0.0,0.0,-12.509999999999998,-0.2625393494228751,35.14,35.14,35.14,35.14,35.14,47.65,,,0.0,1,12,26,35.0,-0.14000000000000057,DOWN,0.0
KCL,2023-12-27,35.0,35.14,35.14,35.14,35.14,47.65,-0.14000000000000057,-0.14000000000000057,-0.14000000000000057,-0.003984063745019917,-0.003984063745019917,-0.003984063745019917,-0.00399202126953745,-0.00399202126953745,35.093333333333334,35.112,36.963,35.10587890625,35.49496316618402,37.38395033220657,0.0023002002757523906,0.0017817274721118777,0.05936163122377943,-0.14000000000000057,-0.003984063745019937,-0.14000000000000057,-0.003984063745019937,-12.649999999999999,-0.2654774396642182,35.0,35.14,35.0,35.14,35.0,47.65,0.0,0.0,0.0,2,12,27,35.0,0.0,SAME,1.0
KCL,2023-12-28,35.0,35.0,35.14,35.14,35.14,47.65,0.0,-0.14000000000000057,-0.14000000000000057,0.0,-0.003984063745019917,-0.003984063745019917,0.0,-0.00399202126953745,35.04666666666666,35.083999999999996,35.698,35.052939453125,35.32997544412268,36.95050481725992,0.0023002002757523906,0.0017817274721118777,0.05936163122377943,-0.14000000000000057,-0.003984063745019937,-0.14000000000000057,-0.003984063745019937,-12.649999999999999,-0.2654774396642182,35.0,35.14,35.0,35.14,35.0,41.0,0.0,0.0,0.0,3,12,28,35.0,0.0,SAME,1.0
KCL,2023-12-29,35.0,35.0,35.0,35.14,35.14,41.0,0.0,0.0,-0.14000000000000057,0.0,0.0,-0.003984063745019917,0.0,0.0,35.0,35.056,35.098,35.026469726562496,35.219983629415125,36.59586757775811,0.0023002002757523906,0.0017817274721118777,0.04507483929843196,-0.14000000000000057,-0.003984063745019937,-0.14000000000000057,-0.003984063745019937,-6.0,-0.14634146341463414,35.0,35.0,35.0,35.14,35.0,35.14,,0.0,0.0,4,12,29,35.0,0.0,SAME,1.0
KCL,2024-01-01,35.0,35.0,35.0,35.0,35.14,35.14,0.0,0.0,0.0,0.0,0.0,0.0,0.0,0.0,35.0,35.028,35.083999999999996,35.01323486328125,35.14665575294342,36.305709836347546,0.0,0.0017817274721118777,0.0012598715777563088,0.0,0.0,-0.14000000000000057,-0.003984063745019937,-0.14000000000000057,-0.003984063745019937,35.0,35.0,35.0,35.14,35.0,35.14,,0.0,0.0,0,1,1,35.0,0.0,SAME,1.0
KCL,2024-01-03,35.0,35.0,35.0,35.0,35.14,35.14,0.0,0.0,0.0,0.0,0.0,0.0,0.0,0.0,35.0,35.0,35.07,35.00661743164062,35.09777050196228,36.068308047920716,0.0,0.0017817274721118777,0.0012598715777563088,0.0,0.0,-0.14000000000000057,-0.003984063745019937,-0.14000000000000057,-0.003984063745019937,35.0,35.0,35.0,35.0,35.0,35.14,,,0.0,2,1,3,35.0,0.0,SAME,1.0
KCL,2024-01-04,35.0,35.0,35.0,35.0,35.0,35.14,0.0,0.0,0.0,0.0,0.0,0.0,0.0,0.0,35.0,35.0,35.056,35.00330871582031,35.065180334641525,35.87407022102604,0.0,0.0,0.0012598715777563088,0.0,0.0,0.0,0.0,-0.14000000000000057,-0.003984063745019937,35.0,35.0,35.0,35.0,35.0,35.14,,,0.0,3,1,4,35.0,0.0,SAME,1.0
KCL,2024-01-05,35.0,35.0,35.0,35.0,35.0,35.14,0.0,0.0,0.0,0.0,0.0,0.0,0.0,0.0,35.0,35.0,35.042,35.001654357910155,35.043453556427686,35.715148362657665,0.0,0.0,0.0012598715777563088,0.0,0.0,0.0,0.0,-0.14000000000000057,-0.003984063745019937,35.0,35.0,35.0,35.0,35.0,35.14,,,0.0,4,1,5,35.0,0.0,SAME,1.0
KCL,2024-01-08,35.0,35.0,35.0,35.0,35.0,35.14,0.0,0.0,0.0,0.0,0.0,0.0,0.0,0.0,35.0,35.0,35.028,35.00082717895508,35.02896903761846,35.585121387628995,0.0,0.0,0.0012598715777563088,0.0,0.0,0.0,0.0,-0.14000000000000057,-0.003984063745019937,35.0,35.0,35.0,35.0,35.0,35.14,,,0.0,0,1,8,35.0,0.0,SAME,1.0
KCL,2024-01-10,35.0,35.0,35.0,35.0,35.0,35.14,0.0,0.0,0.0,0.0,0.0,0.0,0.0,0.0,35.0,35.0,35.013999999999996,35.00041358947754,35.01931269174564,35.47873568078736,0.0,0.0,0.0012598715777563088,0.0,0.0,0.0,0.0,-0.14000000000000057,-0.003984063745019937,35.0,35.0,35.0,35.0,35.0,35.14,,,0.0,2,1,10,35.0,0.0,SAME,1.0
KCL,2024-01-11,35.0,35.0,35.0,35.0,35.0,35.14,0.0,0.0,0.0,0.0,0.0,0.0,0.0,0.0,35.0,35.0,35.0,35.00020679473877,35.012875127830426,35.39169282973511,0.0,0.0,0.0012598715777563088,0.0,0.0,0.0,0.0,-0.14000000000000057,-0.003984063745019937,35.0,35.0,35.0,35.0,35.0,35.0,,,,3,1,11,35.0,0.0,SAME,1.0
KCL,2024-01-15,35.0,35.0,35.0,35.0,35.0,35.0,0.0,0.0,0.0,0.0,0.0,0.0,0.0,0.0,35.0,35.0,35.0,35.00010339736939,35.00858341855362,35.32047595160146,0.0,0.0,0.0,0.0,0.0,0.0,0.0,0.0,0.0,35.0,35.0,35.0,35.0,35.0,35.0,,,,0,1,15,35.0,0.0,SAME,1.0
KCL,2024-01-16,35.0,35.0,35.0,35.0,35.0,35.0,0.0,0.0,0.0,0.0,0.0,0.0,0.0,0.0,35.0,35.0,35.0,35.00005169868469,35.00572227903575,35.26220759676483,0.0,0.0,0.0,0.0,0.0,0.0,0.0,0.0,0.0,35.0,35.0,35.0,35.0,35.0,35.0,,,,1,1,16,35.0,0.0,SAME,1.0
KCL,2024-01-17,35.0,35.0,35.0,35.0,35.0,35.0,0.0,0.0,0.0,0.0,0.0,0.0,0.0,0.0,35.0,35.0,35.0,35.00002584934235,35.0038148526905,35.214533488262134,0.0,0.0,0.0,0.0,0.0,0.0,0.0,0.0,0.0,35.0,35.0,35.0,35.0,35.0,35.0,,,,2,1,17,35.0,0.0,SAME,1.0
KCL,2024-01-18,35.0,35.0,35.0,35.0,35.0,35.0,0.0,0.0,0.0,0.0,0.0,0.0,0.0,0.0,35.0,35.0,35.0,35.000012924671175,35.00254323512701,35.1755273994872,0.0,0.0,0.0,0.0,0.0,0.0,0.0,0.0,0.0,35.0,35.0,35.0,35.0,35.0,35.0,,,,3,1,18,35.0,0.0,SAME,1.0
KCL,2024-01-19,35.0,35.0,35.0,35.0,35.0,35.0,0.0,0.0,0.0,0.0,0.0,0.0,0.0,0.0,35.0,35.0,35.0,35.00000646233559,35.00169549008467,35.14361332685316,0.0,0.0,0.0,0.0,0.0,0.0,0.0,0.0,0.0,35.0,35.0,35.0,35.0,35.0,35.0,,,,4,1,19,35.0,0.0,SAME,1.0
KCL,2024-01-22,35.0,35.0,35.0,35.0,35.0,35.0,0.0,0.0,0.0,0.0,0.0,0.0,0.0,0.0,35.0,35.0,35.0,35.000003231167796,35.001130326723114,35.11750181287986,0.0,0.0,0.0,0.0,0.0,0.0,0.0,0.0,0.0,35.0,35.0,35.0,35.0,35.0,35.0,,,,0,1,22,35.0,0.0,SAME,1.0
KCL,2024-01-23,35.0,35.0,35.0,35.0,35.0,35.0,0.0,0.0,0.0,0.0,0.0,0.0,0.0,0.0,35.0,35.0,35.0,35.0000016155839,35.00075355114875,35.096137846901705,0.0,0.0,0.0,0.0,0.0,0.0,0.0,0.0,0.0,35.0,35.0,35.0,35.0,35.0,35.0,,,,1,1,23,35.0,0.0,SAME,1.0
KCL,2024-01-24,35.0,35.0,35.0,35.0,35.0,35.0,0.0,0.0,0.0,0.0,0.0,0.0,0.0,0.0,35.0,35.0,35.0,35.00000080779195,35.0005023674325,35.078658238374125,0.0,0.0,0.0,0.0,0.0,0.0,0.0,0.0,0.0,35.0,35.0,35.0,35.0,35.0,35.0,,,,2,1,24,35.0,0.0,SAME,1.0
KCL,2024-01-25,35.0,35.0,35.0,35.0,35.0,35.0,0.0,0.0,0.0,0.0,0.0,0.0,0.0,0.0,35.0,35.0,35.0,35.000000403895974,35.00033491162167,35.064356740487916,0.0,0.0,0.0,0.0,0.0,0.0,0.0,0.0,0.0,35.0,35.0,35.0,35.0,35.0,35.0,,,,3,1,25,35.0,0.0,SAME,1.0
KCL,2024-01-26,35.0,35.0,35.0,35.0,35.0,35.0,0.0,0.0,0.0,0.0,0.0,0.0,0.0,0.0,35.0,35.0,35.0,35.000000201947984,35.00022327441445,35.05265551494466,0.0,0.0,0.0,0.0,0.0,0.0,0.0,0.0,0.0,35.0,35.0,35.0,35.0,35.0,35.0,,,,4,1,26,35.0,0.0,SAME,1.0
KCL,2024-01-29,35.0,35.0,35.0,35.0,35.0,35.0,0.0,0.0,0.0,0.0,0.0,0.0,0.0,0.0,35.0,35.0,35.0,35.00000010097399,35.00014884960964,35.04308178495472,0.0,0.0,0.0,0.0,0.0,0.0,0.0,0.0,0.0,35.0,35.0,35.0,35.0,35.0,35.0,,,,0,1,29,35.0,0.0,SAME,1.0
KCL,2024-01-30,35.0,35.0,35.0,35.0,35.0,35.0,0.0,0.0,0.0,0.0,0.0,0.0,0.0,0.0,35.0,35.0,35.0,35.000000050486996,35.000099233073094,35.03524873314477,0.0,0.0,0.0,0.0,0.0,0.0,0.0,0.0,0.0,35.0,35.0,35.0,35.0,35.0,35.0,,,,1,1,30,35.0,0.0,SAME,1.0
KCL,2024-01-31,35.0,35.0,35.0,35.0,35.0,35.0,0.0,0.0,0.0,0.0,0.0,0.0,0.0,0.0,35.0,35.0,35.0,35.000000025243494,35.000066155382065,35.028839872572995,0.0,0.0,0.0,0.0,0.0,0.0,0.0,0.0,0.0,35.0,35.0,35.0,35.0,35.0,35.0,,,,2,1,31,35.0,0.0,SAME,1.0
KCL,2024-02-01,35.0,35.0,35.0,35.0,35.0,35.0,0.0,0.0,0.0,0.0,0.0,0.0,0.0,0.0,35.0,35.0,35.0,35.00000001262175,35.000044103588046,35.0235962593779,0.0,0.0,0.0,0.0,0.0,0.0,0.0,0.0,0.0,35.0,35.0,35.0,35.0,35.0,35.0,,,,3,2,1,35.0,0.0,SAME,1.0
KCL,2024-02-02,35.0,35.0,35.0,35.0,35.0,35.0,0.0,0.0,0.0,0.0,0.0,0.0,0.0,0.0,35.0,35.0,35.0,35.00000000631087,35.00002940239203,35.0193060304001,0.0,0.0,0.0,0.0,0.0,0.0,0.0,0.0,0.0,35.0,35.0,35.0,35.0,35.0,35.0,,,,4,2,2,35.0,0.0,SAME,1.0
KCL,2024-02-05,35.0,35.0,35.0,35.0,35.0,35.0,0.0,0.0,0.0,0.0,0.0,0.0,0.0,0.0,35.0,35.0,35.0,35.000000003155435,35.00001960159469,35.015795843054626,0.0,0.0,0.0,0.0,0.0,0.0,0.0,0.0,0.0,35.0,35.0,35.0,35.0,35.0,35.0,,,,0,2,5,35.0,0.0,SAME,1.0
KCL,2024-02-06,35.0,35.0,35.0,35.0,35.0,35.0,0.0,0.0,0.0,0.0,0.0,0.0,0.0,0.0,35.0,35.0,35.0,35.00000000157772,35.000013067729796,35.01292387159015,0.0,0.0,0.0,0.0,0.0,0.0,0.0,0.0,0.0,35.0,35.0,35.0,35.0,35.0,35.0,,,,1,2,6,35.0,0.0,SAME,1.0
KCL,2024-02-07,35.0,35.0,35.0,35.0,35.0,35.0,0.0,0.0,0.0,0.0,0.0,0.0,0.0,0.0,35.0,35.0,35.0,35.00000000078886,35.000008711819866,35.010574076755574,0.0,0.0,0.0,0.0,0.0,0.0,0.0,0.0,0.0,35.0,35.0,35.0,35.0,35.0,35.0,,,,2,2,7,35.0,0.0,SAME,1.0
KCL,2024-02-08,35.0,35.0,35.0,35.0,35.0,35.0,0.0,0.0,0.0,0.0,0.0,0.0,0.0,0.0,35.0,35.0,35.0,35.00000000039443,35.000005807879916,35.00865151734547,0.0,0.0,0.0,0.0,0.0,0.0,0.0,0.0,0.0,35.0,35.0,35.0,35.0,35.0,35.0,,,,3,2,8,35.0,0.0,SAME,1.0
KCL,2024-02-09,35.0,35.0,35.0,35.0,35.0,35.0,0.0,0.0,0.0,0.0,0.0,0.0,0.0,0.0,35.0,35.0,35.0,35.00000000019722,35.000003871919944,35.00707851419175,0.0,0.0,0.0,0.0,0.0,0.0,0.0,0.0,0.0,35.0,35.0,35.0,35.0,35.0,35.0,,,,4,2,9,35.0,0.0,SAME,1.0
KCL,2024-02-12,35.0,35.0,35.0,35.0,35.0,35.0,0.0,0.0,0.0,0.0,0.0,0.0,0.0,0.0,35.0,35.0,35.0,35.00000000009861,35.000002581279965,35.00579151161143,0.0,0.0,0.0,0.0,0.0,0.0,0.0,0.0,0.0,35.0,35.0,35.0,35.0,35.0,35.0,,,,0,2,12,35.0,0.0,SAME,1.0
KCL,2024-02-13,35.0,35.0,35.0,35.0,35.0,35.0,0.0,0.0,0.0,0.0,0.0,0.0,0.0,0.0,35.0,35.0,35.0,35.000000000049305,35.00000172085331,35.00473850950026,0.0,0.0,0.0,0.0,0.0,0.0,0.0,0.0,0.0,35.0,35.0,35.0,35.0,35.0,35.0,,,,1,2,13,35.0,0.0,SAME,1.0
KCL,2024-02-14,35.0,35.0,35.0,35.0,35.0,35.0,0.0,0.0,0.0,0.0,0.0,0.0,0.0,0.0,35.0,35.0,35.0,35.000000000024656,35.000001147235544,35.003876962318394,0.0,0.0,0.0,0.0,0.0,0.0,0.0,0.0,0.0,35.0,35.0,35.0,35.0,35.0,35.0,,,,2,2,14,35.0,0.0,SAME,1.0
KCL,2024-02-15,35.0,35.0,35.0,35.0,35.0,35.0,0.0,0.0,0.0,0.0,0.0,0.0,0.0,0.0,35.0,35.0,35.0,35.00000000001233,35.000000764823696,35.00317206007868,0.0,0.0,0.0,0.0,0.0,0.0,0.0,0.0,0.0,35.0,35.0,35.0,35.0,35.0,35.0,,,,3,2,15,35.0,0.0,SAME,1.0
KCL,2024-02-16,35.0,35.0,35.0,35.0,35.0,35.0,0.0,0.0,0.0,0.0,0.0,0.0,0.0,0.0,35.0,35.0,35.0,35.00000000000617,35.00000050988247,35.00259532188256,0.0,0.0,0.0,0.0,0.0,0.0,0.0,0.0,0.0,35.0,35.0,35.0,35.0,35.0,35.0,,,,4,2,16,35.0,0.0,SAME,1.0
KCL,2024-02-19,35.0,35.0,35.0,35.0,35.0,35.0,0.0,0.0,0.0,0.0,0.0,0.0,0.0,0.0,35.0,35.0,35.0,35.000000000003084,35.00000033992165,35.002123445176636,0.0,0.0,0.0,0.0,0.0,0.0,0.0,0.0,0.0,35.0,35.0,35.0,35.0,35.0,35.0,,,,0,2,19,35.0,0.0,SAME,1.0
KCL,2024-02-20,35.0,35.0,35.0,35.0,35.0,35.0,0.0,0.0,0.0,0.0,0.0,0.0,0.0,0.0,35.0,35.0,35.0,35.00000000000154,35.00000022661443,35.00173736423543,0.0,0.0,0.0,0.0,0.0,0.0,0.0,0.0,0.0,35.0,35.0,35.0,35.0,35.0,35.0,,,,1,2,20,35.0,0.0,SAME,1.0
KCL,2024-02-26,35.0,35.0,35.0,35.0,35.0,35.0,0.0,0.0,0.0,0.0,0.0,0.0,0.0,0.0,35.0,35.0,35.0,35.00000000000077,35.00000015107629,35.00142147982899,0.0,0.0,0.0,0.0,0.0,0.0,0.0,0.0,0.0,35.0,35.0,35.0,35.0,35.0,35.0,,,,0,2,26,35.0,0.0,SAME,1.0
KCL,2024-02-27,35.0,35.0,35.0,35.0,35.0,35.0,0.0,0.0,0.0,0.0,0.0,0.0,0.0,0.0,35.0,35.0,35.0,35.000000000000384,35.00000010071753,35.00116302895099,0.0,0.0,0.0,0.0,0.0,0.0,0.0,0.0,0.0,35.0,35.0,35.0,35.0,35.0,35.0,,,,1,2,27,35.0,0.0,SAME,1.0
KCL,2024-02-28,35.0,35.0,35.0,35.0,35.0,35.0,0.0,0.0,0.0,0.0,0.0,0.0,0.0,0.0,35.0,35.0,35.0,35.00000000000019,35.000000067145024,35.00095156914172,0.0,0.0,0.0,0.0,0.0,0.0,0.0,0.0,0.0,35.0,35.0,35.0,35.0,35.0,35.0,,,,2,2,28,35.0,0.0,SAME,1.0
KCL,2024-02-29,35.0,35.0,35.0,35.0,35.0,35.0,0.0,0.0,0.0,0.0,0.0,0.0,0.0,0.0,35.0,35.0,35.0,35.0000000000001,35.000000044763354,35.000778556570495,0.0,0.0,0.0,0.0,0.0,0.0,0.0,0.0,0.0,35.0,35.0,35.0,35.0,35.0,35.0,,,,3,2,29,35.0,0.0,SAME,1.0
KCL,2024-03-01,35.0,35.0,35.0,35.0,35.0,35.0,0.0,0.0,0.0,0.0,0.0,0.0,0.0,0.0,35.0,35.0,35.0,35.00000000000005,35.00000002984224,35.0006370008304,0.0,0.0,0.0,0.0,0.0,0.0,0.0,0.0,0.0,35.0,35.0,35.0,35.0,35.0,35.0,,,,4,3,1,35.0,0.0,SAME,1.0
KCL,2024-03-04,35.0,35.0,35.0,35.0,35.0,35.0,0.0,0.0,0.0,0.0,0.0,0.0,0.0,0.0,35.0,35.0,35.0,35.00000000000003,35.00000001989483,35.0005211824976,0.0,0.0,0.0,0.0,0.0,0.0,0.0,0.0,0.0,35.0,35.0,35.0,35.0,35.0,35.0,,,,0,3,4,35.0,0.0,SAME,1.0
KCL,2024-03-05,35.0,35.0,35.0,35.0,35.0,35.0,0.0,0.0,0.0,0.0,0.0,0.0,0.0,0.0,35.0,35.0,35.0,35.000000000000014,35.00000001326322,35.00042642204349,0.0,0.0,0.0,0.0,0.0,0.0,0.0,0.0,0.0,35.0,35.0,35.0,35.0,35.0,35.0,,,,1,3,5,35.0,0.0,SAME,1.0
KCL,2024-03-06,35.0,35.0,35.0,35.0,35.0,35.0,0.0,0.0,0.0,0.0,0.0,0.0,0.0,0.0,35.0,35.0,35.0,35.00000000000001,35.00000000884215,35.00034889076285,0.0,0.0,0.0,0.0,0.0,0.0,0.0,0.0,0.0,35.0,35.0,35.0,35.0,35.0,35.0,,,,2,3,6,35.0,0.0,SAME,1.0
KCL,2024-03-07,35.0,35.0,35.0,35.0,35.0,35.0,0.0,0.0,0.0,0.0,0.0,0.0,0.0,0.0,35.0,35.0,35.0,35.0,35.00000000589477,35.00028545607869,0.0,0.0,0.0,0.0,0.0,0.0,0.0,0.0,0.0,35.0,35.0,35.0,35.0,35.0,35.0,,,,3,3,7,35.0,0.0,SAME,1.0
KCL,2024-03-08,35.0,35.0,35.0,35.0,35.0,35.0,0.0,0.0,0.0,0.0,0.0,0.0,0.0,0.0,35.0,35.0,35.0,35.0,35.00000000392985,35.00023355497348,0.0,0.0,0.0,0.0,0.0,0.0,0.0,0.0,0.0,35.0,35.0,35.0,35.0,35.0,35.0,,,,4,3,8,35.0,0.0,SAME,1.0
KCL,2024-03-11,35.0,35.0,35.0,35.0,35.0,35.0,0.0,0.0,0.0,0.0,0.0,0.0,0.0,0.0,35.0,35.0,35.0,35.0,35.0000000026199,35.00019109043284,0.0,0.0,0.0,0.0,0.0,0.0,0.0,0.0,0.0,35.0,35.0,35.0,35.0,35.0,35.0,,,,0,3,11,35.0,0.0,SAME,1.0
KCL,2024-03-12,35.0,35.0,35.0,35.0,35.0,35.0,0.0,0.0,0.0,0.0,0.0,0.0,0.0,0.0,35.0,35.0,35.0,35.0,35.0000000017466,35.00015634671778,0.0,0.0,0.0,0.0,0.0,0.0,0.0,0.0,0.0,35.0,35.0,35.0,35.0,35.0,35.0,,,,1,3,12,35.0,0.0,SAME,1.0
KCL,2024-03-13,35.0,35.0,35.0,35.0,35.0,35.0,0.0,0.0,0.0,0.0,0.0,0.0,0.0,0.0,35.0,35.0,35.0,35.0,35.0000000011644,35.00012792004182,0.0,0.0,0.0,0.0,0.0,0.0,0.0,0.0,0.0,35.0,35.0,35.0,35.0,35.0,35.0,,,,2,3,13,35.0,0.0,SAME,1.0
KCL,2024-03-14,35.0,35.0,35.0,35.0,35.0,35.0,0.0,0.0,0.0,0.0,0.0,0.0,0.0,0.0,35.0,35.0,35.0,35.0,35.00000000077627,35.0001046618524,0.0,0.0,0.0,0.0,0.0,0.0,0.0,0.0,0.0,35.0,35.0,35.0,35.0,35.0,35.0,,,,3,3,14,35.0,0.0,SAME,1.0
KCL,2024-03-15,35.0,35.0,35.0,35.0,35.0,35.0,0.0,0.0,0.0,0.0,0.0,0.0,0.0,0.0,35.0,35.0,35.0,35.0,35.00000000051752,35.000085632424685,0.0,0.0,0.0,0.0,0.0,0.0,0.0,0.0,0.0,35.0,35.0,35.0,35.0,35.0,35.0,,,,4,3,15,35.0,0.0,SAME,1.0
KCL,2024-03-18,35.0,35.0,35.0,35.0,35.0,35.0,0.0,0.0,0.0,0.0,0.0,0.0,0.0,0.0,35.0,35.0,35.0,35.0,35.00000000034501,35.000070062892924,0.0,0.0,0.0,0.0,0.0,0.0,0.0,0.0,0.0,35.0,35.0,35.0,35.0,35.0,35.0,,,,0,3,18,35.0,0.0,SAME,1.0
KCL,2024-03-19,35.0,35.0,35.0,35.0,35.0,35.0,0.0,0.0,0.0,0.0,0.0,0.0,0.0,0.0,35.0,35.0,35.0,35.0,35.00000000023001,35.00005732418512,0.0,0.0,0.0,0.0,0.0,0.0,0.0,0.0,0.0,35.0,35.0,35.0,35.0,35.0,35.0,,,,1,3,19,35.0,0.0,SAME,1.0
KCL,2024-03-20,35.0,35.0,35.0,35.0,35.0,35.0,0.0,0.0,0.0,0.0,0.0,0.0,0.0,0.0,35.0,35.0,35.0,35.0,35.00000000015334,35.000046901606005,0.0,0.0,0.0,0.0,0.0,0.0,0.0,0.0,0.0,35.0,35.0,35.0,35.0,35.0,35.0,,,,2,3,20,35.0,0.0,SAME,1.0
KCL,2024-03-21,35.0,35.0,35.0,35.0,35.0,35.0,0.0,0.0,0.0,0.0,0.0,0.0,0.0,0.0,35.0,35.0,35.0,35.0,35.00000000010223,35.000038374041274,0.0,0.0,0.0,0.0,0.0,0.0,0.0,0.0,0.0,35.0,35.0,35.0,35.0,35.0,35.0,,,,3,3,21,40.25,5.25,UP,2.0
KCL,2024-03-22,40.25,35.0,35.0,35.0,35.0,35.0,5.25,5.25,5.25,0.1499999999999999,0.1499999999999999,0.1499999999999999,0.13976194237515863,0.13976194237515863,36.75,36.05,35.525,37.625,36.750000000068155,35.95457685148831,0.08660254037844659,0.06708203932499367,0.047434164902525645,5.25,0.15,5.25,0.15,5.25,0.15,35.0,40.25,35.0,40.25,35.0,40.25,1.0,1.0,1.0,4,3,22,40.25,0.0,SAME,1.0
KCL,2024-03-25,40.25,40.25,35.0,35.0,35.0,35.0,0.0,5.25,5.25,0.0,0.1499999999999999,0.1499999999999999,0.0,0.13976194237515863,38.5,37.1,36.05,38.9375,37.9166666667121,36.735562878490434,0.08660254037844659,0.06708203932499367,0.047434164902525645,5.25,0.15,5.25,0.15,5.25,0.15,35.0,40.25,35.0,40.25,35.0,40.25,1.0,1.0,1.0,0,3,25,40.25,0.0,SAME,1.0
KCL,2024-03-26,40.25,40.25,40.25,35.0,35.0,35.0,0.0,0.0,5.25,0.0,0.0,0.1499999999999999,0.0,0.0,40.25,38.15,36.575,39.59375,38.69444444447474,37.37455144603763,0.08660254037844659,0.06708203932499367,0.047434164902525645,5.25,0.15,5.25,0.15,5.25,0.15,40.25,40.25,35.0,40.25,35.0,40.25,,1.0,1.0,1,3,26,40.25,0.0,SAME,1.0
KCL,2024-03-27,40.25,40.25,40.25,40.25,35.0,35.0,0.0,0.0,0.0,0.0,0.0,0.0,0.0,0.0,40.25,39.2,37.1,39.921875,39.21296296298316,37.89736027403079,0.0,0.06708203932499367,0.047434164902525645,0.0,0.0,5.25,0.15,5.25,0.15,40.25,40.25,35.0,40.25,35.0,40.25,,1.0,1.0,2,3,27,40.25,0.0,SAME,1.0
KCL,2024-03-28,40.25,40.25,40.25,40.25,35.0,35.0,0.0,0.0,0.0,0.0,0.0,0.0,0.0,0.0,40.25,40.25,37.625,40.0859375,39.55864197532211,38.32511295147973,0.0,0.06708203932499367,0.047434164902525645,0.0,0.0,5.25,0.15,5.25,0.15,40.25,40.25,40.25,40.25,35.0,40.25,,,1.0,3,3,28,40.25,0.0,SAME,1.0
KCL,2024-03-29,40.25,40.25,40.25,40.25,40.25,35.0,0.0,0.0,0.0,0.0,0.0,0.0,0.0,0.0,40.25,40.25,38.15,40.16796875,39.78909465021474,38.67509241484705,0.0,0.0,0.047434164902525645,0.0,0.0,0.0,0.0,5.25,0.15,40.25,40.25,40.25,40.25,35.0,40.25,,,1.0,4,3,29,35.0,-5.25,DOWN,0.0
KCL,2024-04-01,35.0,40.25,40.25,40.25,40.25,35.0,-5.25,-5.25,-5.25,-0.13043478260869568,-0.13043478260869568,-0.13043478260869568,-0.13976194237515874,-0.13976194237515874,38.5,39.2,38.15,37.583984375,38.19272976680983,38.006893793965766,0.0753065568508235,0.0583322081086902,0.06622768197750409,-5.25,-0.13043478260869565,-5.25,-0.13043478260869565,0.0,0.0,35.0,40.25,35.0,40.25,35.0,40.25,0.0,0.0,0.0,0,4,1,35.0,0.0,SAME,1.0
KCL,2024-04-02,35.0,35.0,40.25,40.25,40.25,35.0,0.0,-5.25,-5.25,0.0,-0.13043478260869568,-0.13043478260869568,0.0,-0.13976194237515874,36.75,38.15,38.15,36.2919921875,37.12848651120656,37.460185831426536,0.0753065568508235,0.0583322081086902,0.06622768197750409,-5.25,-0.13043478260869565,-5.25,-0.13043478260869565,0.0,0.0,35.0,40.25,35.0,40.25,35.0,40.25,0.0,0.0,0.0,1,4,2,35.0,0.0,SAME,1.0
KCL,2024-04-03,35.0,35.0,35.0,40.25,40.25,35.0,0.0,0.0,-5.25,0.0,0.0,-0.13043478260869568,0.0,0.0,35.0,37.1,38.15,35.64599609375,36.41899100747104,37.012879316621714,0.0753065568508235,0.0583322081086902,0.06622768197750409,-5.25,-0.13043478260869565,-5.25,-0.13043478260869565,0.0,0.0,35.0,35.0,35.0,40.25,35.0,40.25,,0.0,0.0,2,4,3,35.0,0.0,SAME,1.0
KCL,2024-04-04,35.0,35.0,35.0,35.0,40.25,35.0,0.0,0.0,0.0,0.0,0.0,0.0,0.0,0.0,35.0,36.05,38.15,35.322998046875,35.9459940049807,36.646901259054125,0.0,0.0583322081086902,0.06622768197750409,0.0,0.0,-5.25,-0.13043478260869565,0.0,0.0,35.0,35.0,35.0,40.25,35.0,40.25,,0.0,0.0,3,4,4,40.0,5.0,UP,2.0
KCL,2024-04-05,40.0,35.0,35.0,35.0,40.25,40.25,5.0,5.0,5.0,0.1428571428571428,0.1428571428571428,0.1428571428571428,0.13353139262452257,0.13353139262452257,36.666666666666664,36.0,38.125,37.6614990234375,37.2973293366538,37.256555575589736,0.08247860988423515,0.09668315878768051,0.06446873857069502,5.0,0.14285714285714285,-0.25,-0.006211180124223602,-0.25,-0.006211180124223602,35.0,40.0,35.0,40.0,35.0,40.25,1.0,1.0,0.9523809523809523,4,4,5,40.0,0.0,SAME,1.0
KCL,2024-04-08,40.0,40.0,35.0,35.0,35.0,40.25,0.0,5.0,5.0,0.0,0.1428571428571428,0.1428571428571428,0.0,0.13353139262452257,38.333333333333336,37.0,38.1,38.83074951171875,38.19821955776921,37.755363652755236,0.08247860988423515,0.06388765649999396,0.06446873857069502,5.0,0.14285714285714285,5.0,0.14285714285714285,-0.25,-0.006211180124223602,35.0,40.0,35.0,40.0,35.0,40.25,1.0,1.0,0.9523809523809523,0,4,8,40.0,0.0,SAME,1.0
KCL,2024-04-09,40.0,40.0,40.0,35.0,35.0,40.25,0.0,0.0,5.0,0.0,0.0,0.1428571428571428,0.0,0.0,40.0,38.0,38.075,39.415374755859375,38.798813038512804,38.163479352254285,0.08247860988423515,0.06388765649999396,0.06446873857069502,5.0,0.14285714285714285,5.0,0.14285714285714285,-0.25,-0.006211180124223602,40.0,40.0,35.0,40.0,35.0,40.25,,1.0,0.9523809523809523,1,4,9,45.0,5.0,UP,2.0
KCL,2024-04-10,45.0,40.0,40.0,40.0,35.0,40.25,5.0,5.0,5.0,0.125,0.125,0.125,0.11778303565638346,0.11778303565638346,41.666666666666664,40.0,38.55,42.20768737792969,40.86587535900854,39.406483106389864,0.07216878364870655,0.07362688617174391,0.07539371125399606,5.0,0.125,10.0,0.2857142857142857,4.75,0.11801242236024845,40.0,45.0,35.0,45.0,35.0,45.0,1.0,1.0,1.0,2,4,10,45.0,0.0,SAME,1.0
KCL,2024-04-11,45.0,45.0,40.0,40.0,35.0,40.25,0.0,5.0,5.0,0.0,0.125,0.125,0.0,0.11778303565638346,43.333333333333336,42.0,39.025,43.603843688964844,42.243916906005694,40.42348617795534,0.07216878364870655,0.07362688617174391,0.07539371125399606,5.0,0.125,10.0,0.2857142857142857,4.75,0.11801242236024845,40.0,45.0,40.0,45.0,35.0,45.0,1.0,1.0,1.0,3,4,11,45.0,0.0,SAME,1.0
KCL,2024-04-12,45.0,45.0,45.0,40.0,40.0,40.25,0.0,0.0,5.0,0.0,0.0,0.125,0.0,0.0,45.0,43.0,39.5,44.30192184448242,43.16261127067047,41.255579600145275,0.07216878364870655,0.055901699437494734,0.07539371125399606,5.0,0.125,5.0,0.125,4.75,0.11801242236024845,45.0,45.0,40.0,45.0,35.0,45.0,,1.0,1.0,4,4,12,45.0,0.0,SAME,1.0
KCL,2024-04-15,45.0,45.0,45.0,45.0,40.0,35.0,0.0,0.0,0.0,0.0,0.0,0.0,0.0,0.0,45.0,44.0,40.5,44.65096092224121,43.77507418044698,41.936383309209766,0.0,0.055901699437494734,0.05662588568583462,0.0,0.0,5.0,0.125,10.0,0.2857142857142857,45.0,45.0,40.0,45.0,35.0,45.0,,1.0,1.0,0,4,15,45.0,0.0,SAME,1.0
KCL,2024-04-16,45.0,45.0,45.0,45.0,40.0,35.0,0.0,0.0,0.0,0.0,0.0,0.0,0.0,0.0,45.0,45.0,41.5,44.825480461120605,44.18338278696466,42.493404525717075,0.0,0.055901699437494734,0.05662588568583462,0.0,0.0,5.0,0.125,10.0,0.2857142857142857,45.0,45.0,45.0,45.0,35.0,45.0,,,1.0,1,4,16,45.0,0.0,SAME,1.0
KCL,2024-04-17,45.0,45.0,45.0,45.0,45.0,35.0,0.0,0.0,0.0,0.0,0.0,0.0,0.0,0.0,45.0,45.0,42.5,44.9127402305603,44.455588524643105,42.949149157404875,0.0,0.0,0.05662588568583462,0.0,0.0,0.0,0.0,10.0,0.2857142857142857,45.0,45.0,45.0,45.0,35.0,45.0,,,1.0,2,4,17,48.0,3.0,UP,2.0
KCL,2024-04-19,48.0,45.0,45.0,45.0,45.0,35.0,3.0,3.0,3.0,0.06666666666666665,0.06666666666666665,0.06666666666666665,0.06453852113757116,0.06453852113757116,46.0,45.6,43.8,46.45637011528015,45.637059016428736,43.86748567424035,0.038490017945981087,0.02981423969999718,0.05704480675157255,3.0,0.06666666666666667,3.0,0.06666666666666667,13.0,0.37142857142857144,45.0,48.0,45.0,48.0,40.0,48.0,1.0,1.0,1.0,4,4,19,48.0,0.0,SAME,1.0
KCL,2024-04-22,48.0,48.0,45.0,45.0,45.0,40.0,0.0,3.0,3.0,0.0,0.06666666666666665,0.06666666666666665,0.0,0.06453852113757116,47.0,46.2,44.6,47.228185057640076,46.42470601095249,44.61885191528756,0.038490017945981087,0.02981423969999718,0.042682071871679994,3.0,0.06666666666666667,3.0,0.06666666666666667,8.0,0.2,45.0,48.0,45.0,48.0,40.0,48.0,1.0,1.0,1.0,0,4,22,48.0,0.0,SAME,1.0
KCL,2024-04-23,48.0,48.0,48.0,45.0,45.0,40.0,0.0,0.0,3.0,0.0,0.0,0.06666666666666665,0.0,0.0,48.0,46.8,45.4,47.61409252882004,46.949804007301665,45.233606112508,0.038490017945981087,0.02981423969999718,0.042682071871679994,3.0,0.06666666666666667,3.0,0.06666666666666667,8.0,0.2,48.0,48.0,45.0,48.0,40.0,48.0,,1.0,1.0,1,4,23,48.0,0.0,SAME,1.0
KCL,2024-04-24,48.0,48.0,48.0,48.0,45.0,40.0,0.0,0.0,0.0,0.0,0.0,0.0,0.0,0.0,48.0,47.4,46.2,47.80704626441002,47.29986933820111,45.73658681932472,0.0,0.02981423969999718,0.042682071871679994,0.0,0.0,3.0,0.06666666666666667,8.0,0.2,48.0,48.0,45.0,48.0,45.0,48.0,,1.0,1.0,2,4,24,47.5,-0.5,DOWN,0.0
KCL,2024-04-25,47.5,48.0,48.0,48.0,45.0,45.0,-0.5,-0.5,-0.5,-0.01041666666666663,-0.01041666666666663,-0.01041666666666663,-0.010471299867295366,-0.010471299867295366,47.833333333333336,47.9,46.45,47.65352313220501,47.366579558800744,46.05720739762931,0.006014065304095683,0.03130550626043638,0.02169624939141141,-0.5,-0.010416666666666666,2.5,0.05555555555555555,2.5,0.05555555555555555,47.5,48.0,47.5,48.0,45.0,48.0,0.0,0.0,0.8333333333333334,3,4,25,47.5,0.0,SAME,1.0
KCL,2024-04-26,47.5,47.5,48.0,48.0,48.0,45.0,0.0,-0.5,-0.5,0.0,-0.01041666666666663,-0.01041666666666663,0.0,-0.010471299867295366,47.666666666666664,47.8,46.7,47.576761566102505,47.411053039200496,46.31953332533307,0.006014065304095683,0.004658474953124552,0.02169624939141141,-0.5,-0.010416666666666666,-0.5,-0.010416666666666666,2.5,0.05555555555555555,47.5,48.0,47.5,48.0,45.0,48.0,0.0,0.0,0.8333333333333334,4,4,26,47.5,0.0,SAME,1.0
KCL,2024-04-29,47.5,47.5,47.5,48.0,48.0,45.0,0.0,0.0,-0.5,0.0,0.0,-0.01041666666666663,0.0,0.0,47.5,47.7,46.95,47.53838078305125,47.440702026133664,46.53416362981797,0.006014065304095683,0.004658474953124552,0.02169624939141141,-0.5,-0.010416666666666666,-0.5,-0.010416666666666666,2.5,0.05555555555555555,47.5,47.5,47.5,48.0,45.0,48.0,,0.0,0.8333333333333334,0,4,29,47.5,0.0,SAME,1.0
KCL,2024-04-30,47.5,47.5,47.5,47.5,48.0,45.0,0.0,0.0,0.0,0.0,0.0,0.0,0.0,0.0,47.5,47.6,47.2,47.519190391525626,47.46046801742244,46.70977024257833,0.0,0.004658474953124552,0.02169624939141141,0.0,0.0,-0.5,-0.010416666666666666,2.5,0.05555555555555555,47.5,47.5,47.5,48.0,45.0,48.0,,0.0,0.8333333333333334,1,4,30,47.5,0.0,SAME,1.0
KCL,2024-05-01,47.5,47.5,47.5,47.5,48.0,45.0,0.0,0.0,0.0,0.0,0.0,0.0,0.0,0.0,47.5,47.5,47.45,47.50959519576281,47.473645344948295,46.853448380291354,0.0,0.004658474953124552,0.02169624939141141,0.0,0.0,-0.5,-0.010416666666666666,2.5,0.05555555555555555,47.5,47.5,47.5,47.5,45.0,48.0,,,0.8333333333333334,2,5,1,47.5,0.0,SAME,1.0
KCL,2024-05-03,47.5,47.5,47.5,47.5,47.5,45.0,0.0,0.0,0.0,0.0,0.0,0.0,0.0,0.0,47.5,47.5,47.7,47.50479759788141,47.48243022996553,46.97100322023837,0.0,0.0,0.02169624939141141,0.0,0.0,0.0,0.0,2.5,0.05555555555555555,47.5,47.5,47.5,47.5,47.5,48.0,,,0.0,4,5,3,47.5,0.0,SAME,1.0
KCL,2024-05-06,47.5,47.5,47.5,47.5,47.5,48.0,0.0,0.0,0.0,0.0,0.0,0.0,0.0,0.0,47.5,47.5,47.65,47.5023987989407,47.48828681997702,47.067184452922305,0.0,0.0,0.0032940392293420813,0.0,0.0,0.0,0.0,-0.5,-0.010416666666666666,47.5,47.5,47.5,47.5,47.5,48.0,,,0.0,0,5,6,47.5,0.0,SAME,1.0
KCL,2024-05-07,47.5,47.5,47.5,47.5,47.5,48.0,0.0,0.0,0.0,0.0,0.0,0.0,0.0,0.0,47.5,47.5,47.6,47.50119939947035,47.492191213318016,47.14587818875461,0.0,0.0,0.0032940392293420813,0.0,0.0,0.0,0.0,-0.5,-0.010416666666666666,47.5,47.5,47.5,47.5,47.5,48.0,,,0.0,1,5,7,47.5,0.0,SAME,1.0
KCL,2024-05-08,47.5,47.5,47.5,47.5,47.5,48.0,0.0,0.0,0.0,0.0,0.0,0.0,0.0,0.0,47.5,47.5,47.55,47.500599699735176,47.494794142212015,47.2102639726174,0.0,0.0,0.0032940392293420813,0.0,0.0,0.0,0.0,-0.5,-0.010416666666666666,47.5,47.5,47.5,47.5,47.5,48.0,,,0.0,2,5,8,47.5,0.0,SAME,1.0
KCL,2024-05-09,47.5,47.5,47.5,47.5,47.5,48.0,0.0,0.0,0.0,0.0,0.0,0.0,0.0,0.0,47.5,47.5,47.5,47.50029984986759,47.49652942814134,47.26294325032332,0.0,0.0,0.0032940392293420813,0.0,0.0,0.0,0.0,-0.5,-0.010416666666666666,47.5,47.5,47.5,47.5,47.5,47.5,,,,3,5,9,47.5,0.0,SAME,1.0
KCL,2024-05-10,47.5,47.5,47.5,47.5,47.5,47.5,0.0,0.0,0.0,0.0,0.0,0.0,0.0,0.0,47.5,47.5,47.5,47.500149924933794,47.49768628542756,47.306044477537256,0.0,0.0,0.0,0.0,0.0,0.0,0.0,0.0,0.0,47.5,47.5,47.5,47.5,47.5,47.5,,,,4,5,10,47.5,0.0,SAME,1.0
KCL,2024-05-13,47.5,47.5,47.5,47.5,47.5,47.5,0.0,0.0,0.0,0.0,0.0,0.0,0.0,0.0,47.5,47.5,47.5,47.5000749624669,47.49845752361838,47.34130911798502,0.0,0.0,0.0,0.0,0.0,0.0,0.0,0.0,0.0,47.5,47.5,47.5,47.5,47.5,47.5,,,,0,5,13,47.5,0.0,SAME,1.0
KCL,2024-05-14,47.5,47.5,47.5,47.5,47.5,47.5,0.0,0.0,0.0,0.0,0.0,0.0,0.0,0.0,47.5,47.5,47.5,47.50003748123345,47.498971682412254,47.37016200562411,0.0,0.0,0.0,0.0,0.0,0.0,0.0,0.0,0.0,47.5,47.5,47.5,47.5,47.5,47.5,,,,1,5,14,47.5,0.0,SAME,1.0
KCL,2024-05-15,47.5,47.5,47.5,47.5,47.5,47.5,0.0,0.0,0.0,0.0,0.0,0.0,0.0,0.0,47.5,47.5,47.5,47.500018740616724,47.499314454941505,47.393768913692455,0.0,0.0,0.0,0.0,0.0,0.0,0.0,0.0,0.0,47.5,47.5,47.5,47.5,47.5,47.5,,,,2,5,15,47.5,0.0,SAME,1.0
KCL,2024-05-16,47.5,47.5,47.5,47.5,47.5,47.5,0.0,0.0,0.0,0.0,0.0,0.0,0.0,0.0,47.5,47.5,47.5,47.50000937030836,47.499542969961006,47.41308365665746,0.0,0.0,0.0,0.0,0.0,0.0,0.0,0.0,0.0,47.5,47.5,47.5,47.5,47.5,47.5,,,,3,5,16,47.5,0.0,SAME,1.0
KCL,2024-05-17,47.5,47.5,47.5,47.5,47.5,47.5,0.0,0.0,0.0,0.0,0.0,0.0,0.0,0.0,47.5,47.5,47.5,47.50000468515418,47.49969531330734,47.42888662817428,0.0,0.0,0.0,0.0,0.0,0.0,0.0,0.0,0.0,47.5,47.5,47.5,47.5,47.5,47.5,,,,4,5,17,47.5,0.0,SAME,1.0
KCL,2024-05-20,47.5,47.5,47.5,47.5,47.5,47.5,0.0,0.0,0.0,0.0,0.0,0.0,0.0,0.0,47.5,47.5,47.5,47.50000234257709,47.49979687553823,47.441816332142594,0.0,0.0,0.0,0.0,0.0,0.0,0.0,0.0,0.0,47.5,47.5,47.5,47.5,47.5,47.5,,,,0,5,20,47.5,0.0,SAME,1.0
KCL,2024-05-21,47.5,47.5,47.5,47.5,47.5,47.5,0.0,0.0,0.0,0.0,0.0,0.0,0.0,0.0,47.5,47.5,47.5,47.500001171288545,47.49986458369216,47.452395180843936,0.0,0.0,0.0,0.0,0.0,0.0,0.0,0.0,0.0,47.5,47.5,47.5,47.5,47.5,47.5,,,,1,5,21,47.5,0.0,SAME,1.0
KCL,2024-05-22,47.5,47.5,47.5,47.5,47.5,47.5,0.0,0.0,0.0,0.0,0.0,0.0,0.0,0.0,47.5,47.5,47.5,47.50000058564427,47.49990972246144,47.46105060250868,0.0,0.0,0.0,0.0,0.0,0.0,0.0,0.0,0.0,47.5,47.5,47.5,47.5,47.5,47.5,,,,2,5,22,47.5,0.0,SAME,1.0
KCL,2024-05-24,47.5,47.5,47.5,47.5,47.5,47.5,0.0,0.0,0.0,0.0,0.0,0.0,0.0,0.0,47.5,47.5,47.5,47.500000292822136,47.4999398149743,47.468132311143464,0.0,0.0,0.0,0.0,0.0,0.0,0.0,0.0,0.0,47.5,47.5,47.5,47.5,47.5,47.5,,,,4,5,24,47.5,0.0,SAME,1.0
KCL,2024-05-27,47.5,47.5,47.5,47.5,47.5,47.5,0.0,0.0,0.0,0.0,0.0,0.0,0.0,0.0,47.5,47.5,47.5,47.50000014641107,47.499959876649534,47.4739264363901,0.0,0.0,0.0,0.0,0.0,0.0,0.0,0.0,0.0,47.5,47.5,47.5,47.5,47.5,47.5,,,,0,5,27,47.5,0.0,SAME,1.0
KCL,2024-05-28,47.5,47.5,47.5,47.5,47.5,47.5,0.0,0.0,0.0,0.0,0.0,0.0,0.0,0.0,47.5,47.5,47.5,47.500000073205534,47.49997325109969,47.47866708431917,0.0,0.0,0.0,0.0,0.0,0.0,0.0,0.0,0.0,47.5,47.5,47.5,47.5,47.5,47.5,,,,1,5,28,47.5,0.0,SAME,1.0
KCL,2024-05-29,47.5,47.5,47.5,47.5,47.5,47.5,0.0,0.0,0.0,0.0,0.0,0.0,0.0,0.0,47.5,47.5,47.5,47.50000003660277,47.49998216739979,47.482545796261135,0.0,0.0,0.0,0.0,0.0,0.0,0.0,0.0,0.0,47.5,47.5,47.5,47.5,47.5,47.5,,,,2,5,29,47.5,0.0,SAME,1.0
KCL,2024-05-30,47.5,47.5,47.5,47.5,47.5,47.5,0.0,0.0,0.0,0.0,0.0,0.0,0.0,0.0,47.5,47.5,47.5,47.500000018301385,47.49998811159986,47.48571928785002,0.0,0.0,0.0,0.0,0.0,0.0,0.0,0.0,0.0,47.5,47.5,47.5,47.5,47.5,47.5,,,,3,5,30,47.5,0.0,SAME,1.0
KCL,2024-05-31,47.5,47.5,47.5,47.5,47.5,47.5,0.0,0.0,0.0,0.0,0.0,0.0,0.0,0.0,47.5,47.5,47.5,47.500000009150696,47.49999207439991,47.48831578096819,0.0,0.0,0.0,0.0,0.0,0.0,0.0,0.0,0.0,47.5,47.5,47.5,47.5,47.5,47.5,,,,4,5,31,47.5,0.0,SAME,1.0
KCL,2024-06-03,47.5,47.5,47.5,47.5,47.5,47.5,0.0,0.0,0.0,0.0,0.0,0.0,0.0,0.0,47.5,47.5,47.5,47.50000000457535,47.49999471626661,47.49044018442852,0.0,0.0,0.0,0.0,0.0,0.0,0.0,0.0,0.0,47.5,47.5,47.5,47.5,47.5,47.5,,,,0,6,3,47.5,0.0,SAME,1.0
KCL,2024-06-04,47.5,47.5,47.5,47.5,47.5,47.5,0.0,0.0,0.0,0.0,0.0,0.0,0.0,0.0,47.5,47.5,47.5,47.50000000228768,47.499996477511075,47.492178332714246,0.0,0.0,0.0,0.0,0.0,0.0,0.0,0.0,0.0,47.5,47.5,47.5,47.5,47.5,47.5,,,,1,6,4,47.5,0.0,SAME,1.0
KCL,2024-06-05,47.5,47.5,47.5,47.5,47.5,47.5,0.0,0.0,0.0,0.0,0.0,0.0,0.0,0.0,47.5,47.5,47.5,47.50000000114384,47.49999765167405,47.493600454038926,0.0,0.0,0.0,0.0,0.0,0.0,0.0,0.0,0.0,47.5,47.5,47.5,47.5,47.5,47.5,,,,2,6,5,47.5,0.0,SAME,1.0
KCL,2024-06-06,47.5,47.5,47.5,47.5,47.5,47.5,0.0,0.0,0.0,0.0,0.0,0.0,0.0,0.0,47.5,47.5,47.5,47.500000000571916,47.49999843444937,47.49476400785002,0.0,0.0,0.0,0.0,0.0,0.0,0.0,0.0,0.0,47.5,47.5,47.5,47.5,47.5,47.5,,,,3,6,6,47.5,0.0,SAME,1.0
KCL,2024-06-07,47.5,47.5,47.5,47.5,47.5,47.5,0.0,0.0,0.0,0.0,0.0,0.0,0.0,0.0,47.5,47.5,47.5,47.50000000028596,47.49999895629958,47.49571600642274,0.0,0.0,0.0,0.0,0.0,0.0,0.0,0.0,0.0,47.5,47.5,47.5,47.5,47.5,47.5,,,,4,6,7,47.5,0.0,SAME,1.0
KCL,2024-06-10,47.5,47.5,47.5,47.5,47.5,47.5,0.0,0.0,0.0,0.0,0.0,0.0,0.0,0.0,47.5,47.5,47.5,47.500000000142975,47.49999930419972,47.496494914345874,0.0,0.0,0.0,0.0,0.0,0.0,0.0,0.0,0.0,47.5,47.5,47.5,47.5,47.5,47.5,,,,0,6,10,47.5,0.0,SAME,1.0
KCL,2024-06-11,47.5,47.5,47.5,47.5,47.5,47.5,0.0,0.0,0.0,0.0,0.0,0.0,0.0,0.0,47.5,47.5,47.5,47.50000000007149,47.499999536133146,47.497132202646625,0.0,0.0,0.0,0.0,0.0,0.0,0.0,0.0,0.0,47.5,47.5,47.5,47.5,47.5,47.5,,,,1,6,11,47.5,0.0,SAME,1.0
KCL,2024-06-12,47.5,47.5,47.5,47.5,47.5,47.5,0.0,0.0,0.0,0.0,0.0,0.0,0.0,0.0,47.5,47.5,47.5,47.50000000003574,47.49999969075543,47.497653620347236,0.0,0.0,0.0,0.0,0.0,0.0,0.0,0.0,0.0,47.5,47.5,47.5,47.5,47.5,47.5,,,,2,6,12,47.5,0.0,SAME,1.0
KCL,2024-06-13,47.5,47.5,47.5,47.5,47.5,47.5,0.0,0.0,0.0,0.0,0.0,0.0,0.0,0.0,47.5,47.5,47.5,47.50000000001787,47.499999793836956,47.49808023482956,0.0,0.0,0.0,0.0,0.0,0.0,0.0,0.0,0.0,47.5,47.5,47.5,47.5,47.5,47.5,,,,3,6,13,47.5,0.0,SAME,1.0
KCL,2024-06-14,47.5,47.5,47.5,47.5,47.5,47.5,0.0,0.0,0.0,0.0,0.0,0.0,0.0,0.0,47.5,47.5,47.5,47.50000000000894,47.49999986255797,47.49842928304237,0.0,0.0,0.0,0.0,0.0,0.0,0.0,0.0,0.0,47.5,47.5,47.5,47.5,47.5,47.5,,,,4,6,14,47.5,0.0,SAME,1.0
KCL,2024-06-17,47.5,47.5,47.5,47.5,47.5,47.5,0.0,0.0,0.0,0.0,0.0,0.0,0.0,0.0,47.5,47.5,47.5,47.50000000000447,47.49999990837198,47.49871486794376,0.0,0.0,0.0,0.0,0.0,0.0,0.0,0.0,0.0,47.5,47.5,47.5,47.5,47.5,47.5,,,,0,6,17,47.5,0.0,SAME,1.0
KCL,2024-06-18,47.5,47.5,47.5,47.5,47.5,47.5,0.0,0.0,0.0,0.0,0.0,0.0,0.0,0.0,47.5,47.5,47.5,47.50000000000223,47.499999938914655,47.49894852831763,0.0,0.0,0.0,0.0,0.0,0.0,0.0,0.0,0.0,47.5,47.5,47.5,47.5,47.5,47.5,,,,1,6,18,47.5,0.0,SAME,1.0
KCL,2024-06-19,47.5,47.5,47.5,47.5,47.5,47.5,0.0,0.0,0.0,0.0,0.0,0.0,0.0,0.0,47.5,47.5,47.5,47.500000000001116,47.49999995927644,47.499139704987144,0.0,0.0,0.0,0.0,0.0,0.0,0.0,0.0,0.0,47.5,47.5,47.5,47.5,47.5,47.5,,,,2,6,19,47.5,0.0,SAME,1.0
KCL,2024-06-20,47.5,47.5,47.5,47.5,47.5,47.5,0.0,0.0,0.0,0.0,0.0,0.0,0.0,0.0,47.5,47.5,47.5,47.500000000000554,47.49999997285096,47.49929612226221,0.0,0.0,0.0,0.0,0.0,0.0,0.0,0.0,0.0,47.5,47.5,47.5,47.5,47.5,47.5,,,,3,6,20,47.5,0.0,SAME,1.0
KCL,2024-06-21,47.5,47.5,47.5,47.5,47.5,47.5,0.0,0.0,0.0,0.0,0.0,0.0,0.0,0.0,47.5,47.5,47.5,47.50000000000028,47.49999998190064,47.49942410003271,0.0,0.0,0.0,0.0,0.0,0.0,0.0,0.0,0.0,47.5,47.5,47.5,47.5,47.5,47.5,,,,4,6,21,47.5,0.0,SAME,1.0
KCL,2024-06-24,47.5,47.5,47.5,47.5,47.5,47.5,0.0,0.0,0.0,0.0,0.0,0.0,0.0,0.0,47.5,47.5,47.5,47.50000000000014,47.49999998793376,47.49952880911768,0.0,0.0,0.0,0.0,0.0,0.0,0.0,0.0,0.0,47.5,47.5,47.5,47.5,47.5,47.5,,,,0,6,24,47.5,0.0,SAME,1.0
KCL,2024-06-25,47.5,47.5,47.5,47.5,47.5,47.5,0.0,0.0,0.0,0.0,0.0,0.0,0.0,0.0,47.5,47.5,47.5,47.50000000000007,47.499999991955846,47.49961448018719,0.0,0.0,0.0,0.0,0.0,0.0,0.0,0.0,0.0,47.5,47.5,47.5,47.5,47.5,47.5,,,,1,6,25,47.5,0.0,SAME,1.0
KCL,2024-06-26,47.5,47.5,47.5,47.5,47.5,47.5,0.0,0.0,0.0,0.0,0.0,0.0,0.0,0.0,47.5,47.5,47.5,47.500000000000036,47.499999994637236,47.499684574698605,0.0,0.0,0.0,0.0,0.0,0.0,0.0,0.0,0.0,47.5,47.5,47.5,47.5,47.5,47.5,,,,2,6,26,42.0,-5.5,DOWN,0.0
KCL,2024-06-27,42.0,47.5,47.5,47.5,47.5,47.5,-5.5,-5.5,-5.5,-0.11578947368421055,-0.11578947368421055,-0.11578947368421055,-0.12306009275722725,-0.12306009275722725,45.666666666666664,46.4,46.95,44.750000000000014,45.66666666309149,46.49974192475341,0.0668510838009072,0.051782626847363566,0.03661584659142337,-5.5,-0.11578947368421053,-5.5,-0.11578947368421053,-5.5,-0.11578947368421053,42.0,47.5,42.0,47.5,42.0,47.5,0.0,0.0,0.0,3,6,27,42.0,0.0,SAME,1.0
KCL,2024-06-28,42.0,42.0,47.5,47.5,47.5,47.5,0.0,-5.5,-5.5,0.0,-0.11578947368421055,-0.11578947368421055,0.0,-0.12306009275722725,43.833333333333336,45.3,46.4,43.37500000000001,44.444444442061,45.681607029343695,0.0668510838009072,0.051782626847363566,0.03661584659142337,-5.5,-0.11578947368421053,-5.5,-0.11578947368421053,-5.5,-0.11578947368421053,42.0,47.5,42.0,47.5,42.0,47.5,0.0,0.0,0.0,4,6,28,42.0,0.0,SAME,1.0
KCL,2024-07-01,42.0,42.0,42.0,47.5,47.5,47.5,0.0,0.0,-5.5,0.0,0.0,-0.11578947368421055,0.0,0.0,42.0,44.2,45.85,42.6875,43.62962962804067,45.01222393309938,0.0668510838009072,0.051782626847363566,0.03661584659142337,-5.5,-0.11578947368421053,-5.5,-0.11578947368421053,-5.5,-0.11578947368421053,42.0,42.0,42.0,47.5,42.0,47.5,,0.0,0.0,0,7,1,42.0,0.0,SAME,1.0
KCL,2024-07-02,42.0,42.0,42.0,42.0,47.5,47.5,0.0,0.0,0.0,0.0,0.0,0.0,0.0,0.0,42.0,43.1,45.3,42.34375,43.08641975202711,44.46454685435404,0.0,0.051782626847363566,0.03661584659142337,0.0,0.0,-5.5,-0.11578947368421053,-5.5,-0.11578947368421053,42.0,42.0,42.0,47.5,42.0,47.5,,0.0,0.0,1,7,2,42.0,0.0,SAME,1.0
KCL,2024-07-03,42.0,42.0,42.0,42.0,47.5,47.5,0.0,0.0,0.0,0.0,0.0,0.0,0.0,0.0,42.0,42.0,44.75,42.171875,42.724279834684744,44.01644742628967,0.0,0.051782626847363566,0.03661584659142337,0.0,0.0,-5.5,-0.11578947368421053,-5.5,-0.11578947368421053,42.0,42.0,42.0,42.0,42.0,47.5,,,0.0,2,7,3,42.0,0.0,SAME,1.0
KCL,2024-07-04,42.0,42.0,42.0,42.0,42.0,47.5,0.0,0.0,0.0,0.0,0.0,0.0,0.0,0.0,42.0,42.0,44.2,42.0859375,42.482853223123165,43.64982062150973,0.0,0.0,0.03661584659142337,0.0,0.0,0.0,0.0,-5.5,-0.11578947368421053,42.0,42.0,42.0,42.0,42.0,47.5,,,0.0,3,7,4,42.0,0.0,SAME,1.0
KCL,2024-07-05,42.0,42.0,42.0,42.0,42.0,47.5,0.0,0.0,0.0,0.0,0.0,0.0,0.0,0.0,42.0,42.0,43.65,42.04296875,42.32190214874878,43.349853235780685,0.0,0.0,0.03661584659142337,0.0,0.0,0.0,0.0,-5.5,-0.11578947368421053,42.0,42.0,42.0,42.0,42.0,47.5,,,0.0,4,7,5,42.0,0.0,SAME,1.0
KCL,2024-07-08,42.0,42.0,42.0,42.0,42.0,47.5,0.0,0.0,0.0,0.0,0.0,0.0,0.0,0.0,42.0,42.0,43.1,42.021484375,42.21460143249919,43.104425374729644,0.0,0.0,0.03661584659142337,0.0,0.0,0.0,0.0,-5.5,-0.11578947368421053,42.0,42.0,42.0,42.0,42.0,47.5,,,0.0,0,7,8,42.0,0.0,SAME,1.0
KCL,2024-07-09,42.0,42.0,42.0,42.0,42.0,47.5,0.0,0.0,0.0,0.0,0.0,0.0,0.0,0.0,42.0,42.0,42.55,42.0107421875,42.14306762166613,42.903620761142435,0.0,0.0,0.03661584659142337,0.0,0.0,0.0,0.0,-5.5,-0.11578947368421053,42.0,42.0,42.0,42.0,42.0,47.5,,,0.0,1,7,9,42.0,0.0,SAME,1.0
KCL,2024-07-11,42.0,42.0,42.0,42.0,42.0,47.5,0.0,0.0,0.0,0.0,0.0,0.0,0.0,0.0,42.0,42.0,42.0,42.00537109375,42.095378414444085,42.73932607729836,0.0,0.0,0.03661584659142337,0.0,0.0,0.0,0.0,-5.5,-0.11578947368421053,42.0,42.0,42.0,42.0,42.0,42.0,,,,3,7,11,42.0,0.0,SAME,1.0
KCL,2024-07-12,42.0,42.0,42.0,42.0,42.0,42.0,0.0,0.0,0.0,0.0,0.0,0.0,0.0,0.0,42.0,42.0,42.0,42.002685546875,42.06358560962939,42.604903154153206,0.0,0.0,0.0,0.0,0.0,0.0,0.0,0.0,0.0,42.0,42.0,42.0,42.0,42.0,42.0,,,,4,7,12,42.0,0.0,SAME,1.0
KCL,2024-07-15,42.0,42.0,42.0,42.0,42.0,42.0,0.0,0.0,0.0,0.0,0.0,0.0,0.0,0.0,42.0,42.0,42.0,42.0013427734375,42.0423904064196,42.49492076248899,0.0,0.0,0.0,0.0,0.0,0.0,0.0,0.0,0.0,42.0,42.0,42.0,42.0,42.0,42.0,,,,0,7,15,42.0,0.0,SAME,1.0
KCL,2024-07-16,42.0,42.0,42.0,42.0,42.0,42.0,0.0,0.0,0.0,0.0,0.0,0.0,0.0,0.0,42.0,42.0,42.0,42.00067138671875,42.028260270946404,42.40493516930917,0.0,0.0,0.0,0.0,0.0,0.0,0.0,0.0,0.0,42.0,42.0,42.0,42.0,42.0,42.0,,,,1,7,16,42.0,0.0,SAME,1.0
KCL,2024-07-17,42.0,42.0,42.0,42.0,42.0,42.0,0.0,0.0,0.0,0.0,0.0,0.0,0.0,0.0,42.0,42.0,42.0,42.000335693359375,42.01884018063094,42.33131059307114,0.0,0.0,0.0,0.0,0.0,0.0,0.0,0.0,0.0,42.0,42.0,42.0,42.0,42.0,42.0,,,,2,7,17,42.0,0.0,SAME,1.0
KCL,2024-07-18,42.0,42.0,42.0,42.0,42.0,42.0,0.0,0.0,0.0,0.0,0.0,0.0,0.0,0.0,42.0,42.0,42.0,42.00016784667969,42.01256012042063,42.27107230342183,0.0,0.0,0.0,0.0,0.0,0.0,0.0,0.0,0.0,42.0,42.0,42.0,42.0,42.0,42.0,,,,3,7,18,42.0,0.0,SAME,1.0
KCL,2024-07-19,42.0,42.0,42.0,42.0,42.0,42.0,0.0,0.0,0.0,0.0,0.0,0.0,0.0,0.0,42.0,42.0,42.0,42.000083923339844,42.008373413613754,42.2217864300724,0.0,0.0,0.0,0.0,0.0,0.0,0.0,0.0,0.0,42.0,42.0,42.0,42.0,42.0,42.0,,,,4,7,19,42.0,0.0,SAME,1.0
KCL,2024-07-22,42.0,42.0,42.0,42.0,42.0,42.0,0.0,0.0,0.0,0.0,0.0,0.0,0.0,0.0,42.0,42.0,42.0,42.00004196166992,42.005582275742505,42.181461624604694,0.0,0.0,0.0,0.0,0.0,0.0,0.0,0.0,0.0,42.0,42.0,42.0,42.0,42.0,42.0,,,,0,7,22,42.0,0.0,SAME,1.0
KCL,2024-07-23,42.0,42.0,42.0,42.0,42.0,42.0,0.0,0.0,0.0,0.0,0.0,0.0,0.0,0.0,42.0,42.0,42.0,42.00002098083496,42.00372151716167,42.14846860194929,0.0,0.0,0.0,0.0,0.0,0.0,0.0,0.0,0.0,42.0,42.0,42.0,42.0,42.0,42.0,,,,1,7,23,42.0,0.0,SAME,1.0
KCL,2024-07-24,42.0,42.0,42.0,42.0,42.0,42.0,0.0,0.0,0.0,0.0,0.0,0.0,0.0,0.0,42.0,42.0,42.0,42.00001049041748,42.00248101144112,42.121474310685784,0.0,0.0,0.0,0.0,0.0,0.0,0.0,0.0,0.0,42.0,42.0,42.0,42.0,42.0,42.0,,,,2,7,24,42.0,0.0,SAME,1.0
KCL,2024-07-25,42.0,42.0,42.0,42.0,42.0,42.0,0.0,0.0,0.0,0.0,0.0,0.0,0.0,0.0,42.0,42.0,42.0,42.00000524520874,42.001654007627415,42.09938807237927,0.0,0.0,0.0,0.0,0.0,0.0,0.0,0.0,0.0,42.0,42.0,42.0,42.0,42.0,42.0,,,,3,7,25,42.0,0.0,SAME,1.0
KCL,2024-07-26,42.0,42.0,42.0,42.0,42.0,42.0,0.0,0.0,0.0,0.0,0.0,0.0,0.0,0.0,42.0,42.0,42.0,42.00000262260437,42.00110267175161,42.08131751376486,0.0,0.0,0.0,0.0,0.0,0.0,0.0,0.0,0.0,42.0,42.0,42.0,42.0,42.0,42.0,,,,4,7,26,42.0,0.0,SAME,1.0
KCL,2024-07-29,42.0,42.0,42.0,42.0,42.0,42.0,0.0,0.0,0.0,0.0,0.0,0.0,0.0,0.0,42.0,42.0,42.0,42.000001311302185,42.000735114501076,42.06653251126215,0.0,0.0,0.0,0.0,0.0,0.0,0.0,0.0,0.0,42.0,42.0,42.0,42.0,42.0,42.0,,,,0,7,29,42.0,0.0,SAME,1.0
KCL,2024-07-30,42.0,42.0,42.0,42.0,42.0,42.0,0.0,0.0,0.0,0.0,0.0,0.0,0.0,0.0,42.0,42.0,42.0,42.00000065565109,42.00049007633405,42.054435691032666,0.0,0.0,0.0,0.0,0.0,0.0,0.0,0.0,0.0,42.0,42.0,42.0,42.0,42.0,42.0,,,,1,7,30,42.0,0.0,SAME,1.0
KCL,2024-07-31,42.0,42.0,42.0,42.0,42.0,42.0,0.0,0.0,0.0,0.0,0.0,0.0,0.0,0.0,42.0,42.0,42.0,42.000000327825546,42.000326717556035,42.04453829266309,0.0,0.0,0.0,0.0,0.0,0.0,0.0,0.0,0.0,42.0,42.0,42.0,42.0,42.0,42.0,,,,2,7,31,42.0,0.0,SAME,1.0
KCL,2024-08-01,42.0,42.0,42.0,42.0,42.0,42.0,0.0,0.0,0.0,0.0,0.0,0.0,0.0,0.0,42.0,42.0,42.0,42.00000016391277,42.000217811704026,42.0364404212698,0.0,0.0,0.0,0.0,0.0,0.0,0.0,0.0,0.0,42.0,42.0,42.0,42.0,42.0,42.0,,,,3,8,1,42.0,0.0,SAME,1.0
KCL,2024-08-02,42.0,42.0,42.0,42.0,42.0,42.0,0.0,0.0,0.0,0.0,0.0,0.0,0.0,0.0,42.0,42.0,42.0,42.00000008195639,42.00014520780269,42.02981489012984,0.0,0.0,0.0,0.0,0.0,0.0,0.0,0.0,0.0,42.0,42.0,42.0,42.0,42.0,42.0,,,,4,8,2,42.0,0.0,SAME,1.0
KCL,2024-08-05,42.0,42.0,42.0,42.0,42.0,42.0,0.0,0.0,0.0,0.0,0.0,0.0,0.0,0.0,42.0,42.0,42.0,42.00000004097819,42.00009680520179,42.024394001015324,0.0,0.0,0.0,0.0,0.0,0.0,0.0,0.0,0.0,42.0,42.0,42.0,42.0,42.0,42.0,,,,0,8,5,42.0,0.0,SAME,1.0
KCL,2024-08-06,42.0,42.0,42.0,42.0,42.0,42.0,0.0,0.0,0.0,0.0,0.0,0.0,0.0,0.0,42.0,42.0,42.0,42.0000000204891,42.0000645368012,42.01995872810345,0.0,0.0,0.0,0.0,0.0,0.0,0.0,0.0,0.0,42.0,42.0,42.0,42.0,42.0,42.0,,,,1,8,6,42.0,0.0,SAME,1.0
KCL,2024-08-07,42.0,42.0,42.0,42.0,42.0,42.0,0.0,0.0,0.0,0.0,0.0,0.0,0.0,0.0,42.0,42.0,42.0,42.00000001024455,42.000043024534136,42.01632986844827,0.0,0.0,0.0,0.0,0.0,0.0,0.0,0.0,0.0,42.0,42.0,42.0,42.0,42.0,42.0,,,,2,8,7,42.0,0.0,SAME,1.0
KCL,2024-08-08,42.0,42.0,42.0,42.0,42.0,42.0,0.0,0.0,0.0,0.0,0.0,0.0,0.0,0.0,42.0,42.0,42.0,42.000000005122274,42.00002868302276,42.013360801457665,0.0,0.0,0.0,0.0,0.0,0.0,0.0,0.0,0.0,42.0,42.0,42.0,42.0,42.0,42.0,,,,3,8,8,42.0,0.0,SAME,1.0
KCL,2024-08-09,42.0,42.0,42.0,42.0,42.0,42.0,0.0,0.0,0.0,0.0,0.0,0.0,0.0,0.0,42.0,42.0,42.0,42.00000000256114,42.000019122015175,42.010931564828994,0.0,0.0,0.0,0.0,0.0,0.0,0.0,0.0,0.0,42.0,42.0,42.0,42.0,42.0,42.0,,,,4,8,9,42.0,0.0,SAME,1.0
KCL,2024-08-12,42.0,42.0,42.0,42.0,42.0,42.0,0.0,0.0,0.0,0.0,0.0,0.0,0.0,0.0,42.0,42.0,42.0,42.00000000128057,42.00001274801012,42.00894400758736,0.0,0.0,0.0,0.0,0.0,0.0,0.0,0.0,0.0,42.0,42.0,42.0,42.0,42.0,42.0,,,,0,8,12,42.0,0.0,SAME,1.0
KCL,2024-08-13,42.0,42.0,42.0,42.0,42.0,42.0,0.0,0.0,0.0,0.0,0.0,0.0,0.0,0.0,42.0,42.0,42.0,42.000000000640284,42.00000849867342,42.00731782438966,0.0,0.0,0.0,0.0,0.0,0.0,0.0,0.0,0.0,42.0,42.0,42.0,42.0,42.0,42.0,,,,1,8,13,42.0,0.0,SAME,1.0
KCL,2024-08-14,42.0,42.0,42.0,42.0,42.0,42.0,0.0,0.0,0.0,0.0,0.0,0.0,0.0,0.0,42.0,42.0,42.0,42.00000000032014,42.00000566578228,42.00598731086427,0.0,0.0,0.0,0.0,0.0,0.0,0.0,0.0,0.0,42.0,42.0,42.0,42.0,42.0,42.0,,,,2,8,14,42.0,0.0,SAME,1.0
KCL,2024-08-15,42.0,42.0,42.0,42.0,42.0,42.0,0.0,0.0,0.0,0.0,0.0,0.0,0.0,0.0,42.0,42.0,42.0,42.00000000016007,42.00000377718819,42.004898708888945,0.0,0.0,0.0,0.0,0.0,0.0,0.0,0.0,0.0,42.0,42.0,42.0,42.0,42.0,42.0,,,,3,8,15,42.0,0.0,SAME,1.0
KCL,2024-08-16,42.0,42.0,42.0,42.0,42.0,42.0,0.0,0.0,0.0,0.0,0.0,0.0,0.0,0.0,42.0,42.0,42.0,42.000000000080036,42.00000251812546,42.00400803454549,0.0,0.0,0.0,0.0,0.0,0.0,0.0,0.0,0.0,42.0,42.0,42.0,42.0,42.0,42.0,,,,4,8,16,42.0,0.0,SAME,1.0
KCL,2024-08-19,42.0,42.0,42.0,42.0,42.0,42.0,0.0,0.0,0.0,0.0,0.0,0.0,0.0,0.0,42.0,42.0,42.0,42.00000000004002,42.00000167875031,42.003279300991764,0.0,0.0,0.0,0.0,0.0,0.0,0.0,0.0,0.0,42.0,42.0,42.0,42.0,42.0,42.0,,,,0,8,19,42.0,0.0,SAME,1.0
KCL,2024-08-20,42.0,42.0,42.0,42.0,42.0,42.0,0.0,0.0,0.0,0.0,0.0,0.0,0.0,0.0,42.0,42.0,42.0,42.00000000002001,42.000001119166875,42.00268306444781,0.0,0.0,0.0,0.0,0.0,0.0,0.0,0.0,0.0,42.0,42.0,42.0,42.0,42.0,42.0,,,,1,8,20,42.0,0.0,SAME,1.0
KCL,2024-08-21,42.0,42.0,42.0,42.0,42.0,42.0,0.0,0.0,0.0,0.0,0.0,0.0,0.0,0.0,42.0,42.0,42.0,42.000000000010004,42.000000746111255,42.00219523454821,0.0,0.0,0.0,0.0,0.0,0.0,0.0,0.0,0.0,42.0,42.0,42.0,42.0,42.0,42.0,,,,2,8,21,42.0,0.0,SAME,1.0
KCL,2024-08-22,42.0,42.0,42.0,42.0,42.0,42.0,0.0,0.0,0.0,0.0,0.0,0.0,0.0,0.0,42.0,42.0,42.0,42.000000000005,42.000000497407505,42.001796100993985,0.0,0.0,0.0,0.0,0.0,0.0,0.0,0.0,0.0,42.0,42.0,42.0,42.0,42.0,42.0,,,,3,8,22,42.0,0.0,SAME,1.0
KCL,2024-08-23,42.0,42.0,42.0,42.0,42.0,42.0,0.0,0.0,0.0,0.0,0.0,0.0,0.0,0.0,42.0,42.0,42.0,42.0000000000025,42.00000033160501,42.00146953717689,0.0,0.0,0.0,0.0,0.0,0.0,0.0,0.0,0.0,42.0,42.0,42.0,42.0,42.0,42.0,,,,4,8,23,42.0,0.0,SAME,1.0
KCL,2024-08-26,42.0,42.0,42.0,42.0,42.0,42.0,0.0,0.0,0.0,0.0,0.0,0.0,0.0,0.0,42.0,42.0,42.0,42.00000000000125,42.00000022107001,42.001202348599264,0.0,0.0,0.0,0.0,0.0,0.0,0.0,0.0,0.0,42.0,42.0,42.0,42.0,42.0,42.0,,,,0,8,26,42.0,0.0,SAME,1.0
KCL,2024-08-27,42.0,42.0,42.0,42.0,42.0,42.0,0.0,0.0,0.0,0.0,0.0,0.0,0.0,0.0,42.0,42.0,42.0,42.000000000000625,42.00000014738001,42.00098373976303,0.0,0.0,0.0,0.0,0.0,0.0,0.0,0.0,0.0,42.0,42.0,42.0,42.0,42.0,42.0,,,,1,8,27,42.0,0.0,SAME,1.0
KCL,2024-08-28,42.0,42.0,42.0,42.0,42.0,42.0,0.0,0.0,0.0,0.0,0.0,0.0,0.0,0.0,42.0,42.0,42.0,42.00000000000031,42.00000009825334,42.00080487798793,0.0,0.0,0.0,0.0,0.0,0.0,0.0,0.0,0.0,42.0,42.0,42.0,42.0,42.0,42.0,,,,2,8,28,42.0,0.0,SAME,1.0
KCL,2024-08-29,42.0,42.0,42.0,42.0,42.0,42.0,0.0,0.0,0.0,0.0,0.0,0.0,0.0,0.0,42.0,42.0,42.0,42.000000000000156,42.00000006550223,42.00065853653558,0.0,0.0,0.0,0.0,0.0,0.0,0.0,0.0,0.0,42.0,42.0,42.0,42.0,42.0,42.0,,,,3,8,29,42.0,0.0,SAME,1.0
KCL,2024-08-30,42.0,42.0,42.0,42.0,42.0,42.0,0.0,0.0,0.0,0.0,0.0,0.0,0.0,0.0,42.0,42.0,42.0,42.00000000000008,42.00000004366815,42.000538802620014,0.0,0.0,0.0,0.0,0.0,0.0,0.0,0.0,0.0,42.0,42.0,42.0,42.0,42.0,42.0,,,,4,8,30,35.71,-6.289999999999999,DOWN,0.0
KCL,2024-09-02,35.71,42.0,42.0,42.0,42.0,42.0,-6.289999999999999,-6.289999999999999,-6.289999999999999,-0.14976190476190476,-0.14976190476190476,-0.14976190476190476,-0.16223885667701124,-0.16223885667701124,39.903333333333336,40.742000000000004,41.371,38.85500000000004,39.90333336244544,40.85680447487092,0.08646507602863919,0.06697555989749371,0.047358872577283606,-6.289999999999999,-0.14976190476190473,-6.289999999999999,-0.14976190476190473,-6.289999999999999,-0.14976190476190473,35.71,42.0,35.71,42.0,35.71,42.0,0.0,0.0,0.0,0,9,2,35.71,0.0,SAME,1.0
KCL,2024-09-03,35.71,35.71,42.0,42.0,42.0,42.0,0.0,-6.289999999999999,-6.289999999999999,0.0,-0.14976190476190476,-0.14976190476190476,0.0,-0.16223885667701124,37.80666666666667,39.484,40.742000000000004,37.28250000000002,38.50555557496362,39.921021843076204,0.08646507602863919,0.06697555989749371,0.047358872577283606,-6.289999999999999,-0.14976190476190473,-6.289999999999999,-0.14976190476190473,-6.289999999999999,-0.14976190476190473,35.71,42.0,35.71,42.0,35.71,42.0,0.0,0.0,0.0,1,9,3,35.71,0.0,SAME,1.0
KCL,2024-09-04,35.71,35.71,35.71,42.0,42.0,42.0,0.0,0.0,-6.289999999999999,0.0,0.0,-0.14976190476190476,0.0,0.0,35.71,38.226,40.113,36.49625000000001,37.57370371664241,39.155381507971434,0.08646507602863919,0.06697555989749371,0.047358872577283606,-6.289999999999999,-0.14976190476190473,-6.289999999999999,-0.14976190476190473,-6.289999999999999,-0.14976190476190473,35.71,35.71,35.71,42.0,35.71,42.0,,0.0,0.0,2,9,4,35.71,0.0,SAME,1.0
KCL,2024-09-05,35.71,35.71,35.71,35.71,42.0,42.0,0.0,0.0,0.0,0.0,0.0,0.0,0.0,0.0,35.71,36.968,39.484,36.103125000000006,36.95246914442828,38.52894850652208,0.0,0.06697555989749371,0.047358872577283606,0.0,0.0,-6.289999999999999,-0.14976190476190473,-6.289999999999999,-0.14976190476190473,35.71,35.71,35.71,42.0,35.71,42.0,,0.0,0.0,3,9,5,35.71,0.0,SAME,1.0
KCL,2024-09-06,35.71,35.71,35.71,35.71,42.0,42.0,0.0,0.0,0.0,0.0,0.0,0.0,0.0,0.0,35.71,35.71,38.855000000000004,35.90656250000001,36.53831276295219,38.01641241442715,0.0,0.06697555989749371,0.047358872577283606,0.0,0.0,-6.289999999999999,-0.14976190476190473,-6.289999999999999,-0.14976190476190473,35.71,35.71,35.71,35.71,35.71,42.0,,,0.0,4,9,6,35.71,0.0,SAME,1.0
KCL,2024-09-10,35.71,35.71,35.71,35.71,35.71,42.0,0.0,0.0,0.0,0.0,0.0,0.0,0.0,0.0,35.71,35.71,38.226,35.80828125000001,36.26220850863479,37.59706470271312,0.0,0.0,0.047358872577283606,0.0,0.0,0.0,0.0,-6.289999999999999,-0.14976190476190473,35.71,35.71,35.71,35.71,35.71,42.0,,,0.0,1,9,10,35.71,0.0,SAME,1.0
KCL,2024-09-11,35.71,35.71,35.71,35.71,35.71,42.0,0.0,0.0,0.0,0.0,0.0,0.0,0.0,0.0,35.71,35.71,37.597,35.759140625,36.078139005756526,37.25396202949255,0.0,0.0,0.047358872577283606,0.0,0.0,0.0,0.0,-6.289999999999999,-0.14976190476190473,35.71,35.71,35.71,35.71,35.71,42.0,,,0.0,2,9,11,35.71,0.0,SAME,1.0
KCL,2024-09-12,35.71,35.71,35.71,35.71,35.71,42.0,0.0,0.0,0.0,0.0,0.0,0.0,0.0,0.0,35.71,35.71,36.968,35.7345703125,35.95542600383769,36.973241660493905,0.0,0.0,0.047358872577283606,0.0,0.0,0.0,0.0,-6.289999999999999,-0.14976190476190473,35.71,35.71,35.71,35.71,35.71,42.0,,,0.0,3,9,12,35.71,0.0,SAME,1.0
KCL,2024-09-16,35.71,35.71,35.71,35.71,35.71,42.0,0.0,0.0,0.0,0.0,0.0,0.0,0.0,0.0,35.71,35.71,36.339,35.722285156249995,35.873617335891794,36.74356135858592,0.0,0.0,0.047358872577283606,0.0,0.0,0.0,0.0,-6.289999999999999,-0.14976190476190473,35.71,35.71,35.71,35.71,35.71,42.0,,,0.0,0,9,16,35.71,0.0,SAME,1.0
KCL,2024-09-17,35.71,35.71,35.71,35.71,35.71,42.0,0.0,0.0,0.0,0.0,0.0,0.0,0.0,0.0,35.71,35.71,35.71,35.716142578125,35.81907822392786,36.555641111570296,0.0,0.0,0.047358872577283606,0.0,0.0,0.0,0.0,-6.289999999999999,-0.14976190476190473,35.71,35.71,35.71,35.71,35.71,35.71,,,,1,9,17,35.71,0.0,SAME,1.0
KCL,2024-09-18,35.71,35.71,35.71,35.71,35.71,35.71,0.0,0.0,0.0,0.0,0.0,0.0,0.0,0.0,35.71,35.71,35.71,35.7130712890625,35.78271881595191,36.40188818219388,0.0,0.0,0.0,0.0,0.0,0.0,0.0,0.0,0.0,35.71,35.71,35.71,35.71,35.71,35.71,,,,2,9,18,35.71,0.0,SAME,1.0
KCL,2024-09-19,35.71,35.71,35.71,35.71,35.71,35.71,0.0,0.0,0.0,0.0,0.0,0.0,0.0,0.0,35.71,35.71,35.71,35.71153564453125,35.758479210634604,36.2760903308859,0.0,0.0,0.0,0.0,0.0,0.0,0.0,0.0,0.0,35.71,35.71,35.71,35.71,35.71,35.71,,,,3,9,19,35.71,0.0,SAME,1.0
KCL,2024-09-20,35.71,35.71,35.71,35.71,35.71,35.71,0.0,0.0,0.0,0.0,0.0,0.0,0.0,0.0,35.71,35.71,35.71,35.71076782226562,35.7423194737564,36.17316481617937,0.0,0.0,0.0,0.0,0.0,0.0,0.0,0.0,0.0,35.71,35.71,35.71,35.71,35.71,35.71,,,,4,9,20,35.71,0.0,SAME,1.0
KCL,2024-09-24,35.71,35.71,35.71,35.71,35.71,35.71,0.0,0.0,0.0,0.0,0.0,0.0,0.0,0.0,35.71,35.71,35.71,35.71038391113281,35.731546315837605,36.088953031419486,0.0,0.0,0.0,0.0,0.0,0.0,0.0,0.0,0.0,35.71,35.71,35.71,35.71,35.71,35.71,,,,1,9,24,35.71,0.0,SAME,1.0
KCL,2024-09-25,35.71,35.71,35.71,35.71,35.71,35.71,0.0,0.0,0.0,0.0,0.0,0.0,0.0,0.0,35.71,35.71,35.71,35.7101919555664,35.724364210558406,36.0200524802523,0.0,0.0,0.0,0.0,0.0,0.0,0.0,0.0,0.0,35.71,35.71,35.71,35.71,35.71,35.71,,,,2,9,25,35.71,0.0,SAME,1.0
KCL,2024-09-26,35.71,35.71,35.71,35.71,35.71,35.71,0.0,0.0,0.0,0.0,0.0,0.0,0.0,0.0,35.71,35.71,35.71,35.7100959777832,35.71957614037227,35.96367930202461,0.0,0.0,0.0,0.0,0.0,0.0,0.0,0.0,0.0,35.71,35.71,35.71,35.71,35.71,35.71,,,,3,9,26,35.71,0.0,SAME,1.0
KCL,2024-09-27,35.71,35.71,35.71,35.71,35.71,35.71,0.0,0.0,0.0,0.0,0.0,0.0,0.0,0.0,35.71,35.71,35.71,35.7100479888916,35.71638409358151,35.91755579256559,0.0,0.0,0.0,0.0,0.0,0.0,0.0,0.0,0.0,35.71,35.71,35.71,35.71,35.71,35.71,,,,4,9,27,35.71,0.0,SAME,1.0
KCL,2024-09-30,35.71,35.71,35.71,35.71,35.71,35.71,0.0,0.0,0.0,0.0,0.0,0.0,0.0,0.0,35.71,35.71,35.71,35.710023994445805,35.714256062387676,35.87981837573548,0.0,0.0,0.0,0.0,0.0,0.0,0.0,0.0,0.0,35.71,35.71,35.71,35.71,35.71,35.71,,,,0,9,30,35.71,0.0,SAME,1.0
KCL,2024-10-01,35.71,35.71,35.71,35.71,35.71,35.71,0.0,0.0,0.0,0.0,0.0,0.0,0.0,0.0,35.71,35.71,35.71,35.71001199722291,35.712837374925115,35.84894230741994,0.0,0.0,0.0,0.0,0.0,0.0,0.0,0.0,0.0,35.71,35.71,35.71,35.71,35.71,35.71,,,,1,10,1,35.71,0.0,SAME,1.0
KCL,2024-10-02,35.71,35.71,35.71,35.71,35.71,35.71,0.0,0.0,0.0,0.0,0.0,0.0,0.0,0.0,35.71,35.71,35.71,35.71000599861145,35.71189158328341,35.82368006970722,0.0,0.0,0.0,0.0,0.0,0.0,0.0,0.0,0.0,35.71,35.71,35.71,35.71,35.71,35.71,,,,2,10,2,35.71,0.0,SAME,1.0
KCL,2024-10-03,35.71,35.71,35.71,35.71,35.71,35.71,0.0,0.0,0.0,0.0,0.0,0.0,0.0,0.0,35.71,35.71,35.71,35.71000299930573,35.71126105552227,35.80301096612409,0.0,0.0,0.0,0.0,0.0,0.0,0.0,0.0,0.0,35.71,35.71,35.71,35.71,35.71,35.71,,,,3,10,3,35.71,0.0,SAME,1.0
KCL,2024-10-04,35.71,35.71,35.71,35.71,35.71,35.71,0.0,0.0,0.0,0.0,0.0,0.0,0.0,0.0,35.71,35.71,35.71,35.71000149965286,35.71084070368151,35.786099881374255,0.0,0.0,0.0,0.0,0.0,0.0,0.0,0.0,0.0,35.71,35.71,35.71,35.71,35.71,35.71,,,,4,10,4,35.71,0.0,SAME,1.0
KCL,2024-10-07,35.71,35.71,35.71,35.71,35.71,35.71,0.0,0.0,0.0,0.0,0.0,0.0,0.0,0.0,35.71,35.71,35.71,35.710000749826435,35.710560469121006,35.77226353930621,0.0,0.0,0.0,0.0,0.0,0.0,0.0,0.0,0.0,35.71,35.71,35.71,35.71,35.71,35.71,,,,0,10,7,35.71,0.0,SAME,1.0
KCL,2024-10-08,35.71,35.71,35.71,35.71,35.71,35.71,0.0,0.0,0.0,0.0,0.0,0.0,0.0,0.0,35.71,35.71,35.71,35.71000037491322,35.71037364608067,35.760942895795985,0.0,0.0,0.0,0.0,0.0,0.0,0.0,0.0,0.0,35.71,35.71,35.71,35.71,35.71,35.71,,,,1,10,8,35.71,0.0,SAME,1.0
KCL,2024-10-09,35.71,35.71,35.71,35.71,35.71,35.71,0.0,0.0,0.0,0.0,0.0,0.0,0.0,0.0,35.71,35.71,35.71,35.710000187456615,35.71024909738711,35.75168055110581,0.0,0.0,0.0,0.0,0.0,0.0,0.0,0.0,0.0,35.71,35.71,35.71,35.71,35.71,35.71,,,,2,10,9,35.71,0.0,SAME,1.0
KCL,2024-10-10,35.71,35.71,35.71,35.71,35.71,35.71,0.0,0.0,0.0,0.0,0.0,0.0,0.0,0.0,35.71,35.71,35.71,35.71000009372831,35.71016606492474,35.74410226908657,0.0,0.0,0.0,0.0,0.0,0.0,0.0,0.0,0.0,35.71,35.71,35.71,35.71,35.71,35.71,,,,3,10,10,35.71,0.0,SAME,1.0
KCL,2024-10-11,35.71,35.71,35.71,35.71,35.71,35.71,0.0,0.0,0.0,0.0,0.0,0.0,0.0,0.0,35.71,35.71,35.71,35.71000004686415,35.71011070994983,35.737901856525376,0.0,0.0,0.0,0.0,0.0,0.0,0.0,0.0,0.0,35.71,35.71,35.71,35.71,35.71,35.71,,,,4,10,11,35.71,0.0,SAME,1.0
KCL,2024-10-14,35.71,35.71,35.71,35.71,35.71,35.71,0.0,0.0,0.0,0.0,0.0,0.0,0.0,0.0,35.71,35.71,35.71,35.71000002343207,35.71007380663322,35.73282879170258,0.0,0.0,0.0,0.0,0.0,0.0,0.0,0.0,0.0,35.71,35.71,35.71,35.71,35.71,35.71,,,,0,10,14,35.71,0.0,SAME,1.0
KCL,2024-10-15,35.71,35.71,35.71,35.71,35.71,35.71,0.0,0.0,0.0,0.0,0.0,0.0,0.0,0.0,35.71,35.71,35.71,35.71000001171603,35.71004920442215,35.72867810230211,0.0,0.0,0.0,0.0,0.0,0.0,0.0,0.0,0.0,35.71,35.71,35.71,35.71,35.71,35.71,,,,1,10,15,35.71,0.0,SAME,1.0
KCL,2024-10-16,35.71,35.71,35.71,35.71,35.71,35.71,0.0,0.0,0.0,0.0,0.0,0.0,0.0,0.0,35.71,35.71,35.71,35.71000000585802,35.7100328029481,35.72528208370173,0.0,0.0,0.0,0.0,0.0,0.0,0.0,0.0,0.0,35.71,35.71,35.71,35.71,35.71,35.71,,,,2,10,16,35.71,0.0,SAME,1.0
KCL,2024-10-17,35.71,35.71,35.71,35.71,35.71,35.71,0.0,0.0,0.0,0.0,0.0,0.0,0.0,0.0,35.71,35.71,35.71,35.71000000292901,35.71002186863207,35.722503523028685,0.0,0.0,0.0,0.0,0.0,0.0,0.0,0.0,0.0,35.71,35.71,35.71,35.71,35.71,35.71,,,,3,10,17,35.71,0.0,SAME,1.0
KCL,2024-10-18,35.71,35.71,35.71,35.71,35.71,35.71,0.0,0.0,0.0,0.0,0.0,0.0,0.0,0.0,35.71,35.71,35.71,35.71000000146451,35.710014579088046,35.720230155205286,0.0,0.0,0.0,0.0,0.0,0.0,0.0,0.0,0.0,35.71,35.71,35.71,35.71,35.71,35.71,,,,4,10,18,35.71,0.0,SAME,1.0
KCL,2024-10-21,35.71,35.71,35.71,35.71,35.71,35.71,0.0,0.0,0.0,0.0,0.0,0.0,0.0,0.0,35.71,35.71,35.71,35.71000000073225,35.71000971939203,35.718370126986144,0.0,0.0,0.0,0.0,0.0,0.0,0.0,0.0,0.0,35.71,35.71,35.71,35.71,35.71,35.71,,,,0,10,21,35.71,0.0,SAME,1.0
KCL,2024-10-22,35.71,35.71,35.71,35.71,35.71,35.71,0.0,0.0,0.0,0.0,0.0,0.0,0.0,0.0,35.71,35.71,35.71,35.71000000036612,35.71000647959469,35.71684828571593,0.0,0.0,0.0,0.0,0.0,0.0,0.0,0.0,0.0,35.71,35.71,35.71,35.71,35.71,35.71,,,,1,10,22,35.71,0.0,SAME,1.0
KCL,2024-10-23,35.71,35.71,35.71,35.71,35.71,35.71,0.0,0.0,0.0,0.0,0.0,0.0,0.0,0.0,35.71,35.71,35.71,35.71000000018306,35.71000431972979,35.71560314285849,0.0,0.0,0.0,0.0,0.0,0.0,0.0,0.0,0.0,35.71,35.71,35.71,35.71,35.71,35.71,,,,2,10,23,35.71,0.0,SAME,1.0
KCL,2024-10-24,35.71,35.71,35.71,35.71,35.71,35.71,0.0,0.0,0.0,0.0,0.0,0.0,0.0,0.0,35.71,35.71,35.71,35.710000000091526,35.71000287981986,35.71458438961149,0.0,0.0,0.0,0.0,0.0,0.0,0.0,0.0,0.0,35.71,35.71,35.71,35.71,35.71,35.71,,,,3,10,24,35.71,0.0,SAME,1.0
KCL,2024-10-25,35.71,35.71,35.71,35.71,35.71,35.71,0.0,0.0,0.0,0.0,0.0,0.0,0.0,0.0,35.71,35.71,35.71,35.71000000004577,35.71000191987991,35.71375086422758,0.0,0.0,0.0,0.0,0.0,0.0,0.0,0.0,0.0,35.71,35.71,35.71,35.71,35.71,35.71,,,,4,10,25,35.71,0.0,SAME,1.0
KCL,2024-10-28,35.71,35.71,35.71,35.71,35.71,35.71,0.0,0.0,0.0,0.0,0.0,0.0,0.0,0.0,35.71,35.71,35.71,35.71000000002289,35.710001279919936,35.71306888891347,0.0,0.0,0.0,0.0,0.0,0.0,0.0,0.0,0.0,35.71,35.71,35.71,35.71,35.71,35.71,,,,0,10,28,35.71,0.0,SAME,1.0
KCL,2024-10-29,35.71,35.71,35.71,35.71,35.71,35.71,0.0,0.0,0.0,0.0,0.0,0.0,0.0,0.0,35.71,35.71,35.71,35.71000000001145,35.71000085327996,35.71251090911102,0.0,0.0,0.0,0.0,0.0,0.0,0.0,0.0,0.0,35.71,35.71,35.71,35.71,35.71,35.71,,,,1,10,29,35.71,0.0,SAME,1.0
KCL,2024-10-30,35.71,35.71,35.71,35.71,35.71,35.71,0.0,0.0,0.0,0.0,0.0,0.0,0.0,0.0,35.71,35.71,35.71,35.71000000000572,35.7100005688533,35.71205438018174,0.0,0.0,0.0,0.0,0.0,0.0,0.0,0.0,0.0,35.71,35.71,35.71,35.71,35.71,35.71,,,,2,10,30,35.71,0.0,SAME,1.0
KCL,2024-10-31,35.71,35.71,35.71,35.71,35.71,35.71,0.0,0.0,0.0,0.0,0.0,0.0,0.0,0.0,35.71,35.71,35.71,35.710000000002864,35.71000037923554,35.71168085651233,0.0,0.0,0.0,0.0,0.0,0.0,0.0,0.0,0.0,35.71,35.71,35.71,35.71,35.71,35.71,,,,3,10,31,35.5,-0.21000000000000085,DOWN,0.0
KCL,2024-11-04,35.5,35.71,35.71,35.71,35.71,35.71,-0.21000000000000085,-0.21000000000000085,-0.21000000000000085,-0.00588070568468213,-0.00588070568468213,-0.00588070568468213,-0.005898065124986932,-0.005898065124986932,35.64,35.668,35.689,35.60500000000143,35.6400002528237,35.67319342805554,0.003395227010141896,0.002629931533323744,0.00185964242126957,-0.21000000000000085,-0.005880705684682186,-0.21000000000000085,-0.005880705684682186,-0.21000000000000085,-0.005880705684682186,35.5,35.71,35.5,35.71,35.5,35.71,0.0,0.0,0.0,0,11,4,35.5,0.0,SAME,1.0
KCL,2024-11-05,35.5,35.5,35.71,35.71,35.71,35.71,0.0,-0.21000000000000085,-0.21000000000000085,0.0,-0.00588070568468213,-0.00588070568468213,0.0,-0.005898065124986932,35.57,35.626,35.66799999999999,35.55250000000072,35.59333350188247,35.64170371386362,0.003395227010141896,0.002629931533323744,0.00185964242126957,-0.21000000000000085,-0.005880705684682186,-0.21000000000000085,-0.005880705684682186,-0.21000000000000085,-0.005880705684682186,35.5,35.71,35.5,35.71,35.5,35.71,0.0,0.0,0.0,1,11,5,35.5,0.0,SAME,1.0
KCL,2024-11-06,35.5,35.5,35.5,35.71,35.71,35.71,0.0,0.0,-0.21000000000000085,0.0,0.0,-0.00588070568468213,0.0,0.0,35.5,35.584,35.647000000000006,35.52625000000036,35.56222233458831,35.61593940225205,0.003395227010141896,0.002629931533323744,0.00185964242126957,-0.21000000000000085,-0.005880705684682186,-0.21000000000000085,-0.005880705684682186,-0.21000000000000085,-0.005880705684682186,35.5,35.5,35.5,35.71,35.5,35.71,,0.0,0.0,2,11,6,35.5,0.0,SAME,1.0
KCL,2024-11-07,35.5,35.5,35.5,35.5,35.71,35.71,0.0,0.0,0.0,0.0,0.0,0.0,0.0,0.0,35.5,35.542,35.626,35.51312500000018,35.54148155639221,35.594859510933496,0.0,0.002629931533323744,0.00185964242126957,0.0,0.0,-0.21000000000000085,-0.005880705684682186,-0.21000000000000085,-0.005880705684682186,35.5,35.5,35.5,35.71,35.5,35.71,,0.0,0.0,3,11,7,35.5,0.0,SAME,1.0
KCL,2024-11-08,35.5,35.5,35.5,35.5,35.71,35.71,0.0,0.0,0.0,0.0,0.0,0.0,0.0,0.0,35.5,35.5,35.605,35.506562500000086,35.52765437092815,35.577612327127405,0.0,0.002629931533323744,0.00185964242126957,0.0,0.0,-0.21000000000000085,-0.005880705684682186,-0.21000000000000085,-0.005880705684682186,35.5,35.5,35.5,35.5,35.5,35.71,,,0.0,4,11,8,35.5,0.0,SAME,1.0
KCL,2024-11-12,35.5,35.5,35.5,35.5,35.5,35.71,0.0,0.0,0.0,0.0,0.0,0.0,0.0,0.0,35.5,35.5,35.584,35.50328125000004,35.518436247285436,35.56350099492242,0.0,0.0,0.00185964242126957,0.0,0.0,0.0,0.0,-0.21000000000000085,-0.005880705684682186,35.5,35.5,35.5,35.5,35.5,35.71,,,0.0,1,11,12,35.5,0.0,SAME,1.0
KCL,2024-11-13,35.5,35.5,35.5,35.5,35.5,35.71,0.0,0.0,0.0,0.0,0.0,0.0,0.0,0.0,35.5,35.5,35.563,35.50164062500002,35.51229083152363,35.55195535948198,0.0,0.0,0.00185964242126957,0.0,0.0,0.0,0.0,-0.21000000000000085,-0.005880705684682186,35.5,35.5,35.5,35.5,35.5,35.71,,,0.0,2,11,13,35.5,0.0,SAME,1.0
KCL,2024-11-14,35.5,35.5,35.5,35.5,35.5,35.71,0.0,0.0,0.0,0.0,0.0,0.0,0.0,0.0,35.5,35.5,35.541999999999994,35.50082031250001,35.508193887682424,35.542508930485255,0.0,0.0,0.00185964242126957,0.0,0.0,0.0,0.0,-0.21000000000000085,-0.005880705684682186,35.5,35.5,35.5,35.5,35.5,35.71,,,0.0,3,11,14,35.5,0.0,SAME,1.0
KCL,2024-11-15,35.5,35.5,35.5,35.5,35.5,35.71,0.0,0.0,0.0,0.0,0.0,0.0,0.0,0.0,35.5,35.5,35.521,35.500410156250005,35.50546259178829,35.53478003403339,0.0,0.0,0.00185964242126957,0.0,0.0,0.0,0.0,-0.21000000000000085,-0.005880705684682186,35.5,35.5,35.5,35.5,35.5,35.71,,,0.0,4,11,15,35.5,0.0,SAME,1.0
KCL,2024-11-18,35.5,35.5,35.5,35.5,35.5,35.71,0.0,0.0,0.0,0.0,0.0,0.0,0.0,0.0,35.5,35.5,35.5,35.500205078125006,35.50364172785886,35.52845639148186,0.0,0.0,0.00185964242126957,0.0,0.0,0.0,0.0,-0.21000000000000085,-0.005880705684682186,35.5,35.5,35.5,35.5,35.5,35.5,,,,0,11,18,35.5,0.0,SAME,1.0
KCL,2024-11-19,35.5,35.5,35.5,35.5,35.5,35.5,0.0,0.0,0.0,0.0,0.0,0.0,0.0,0.0,35.5,35.5,35.5,35.5001025390625,35.50242781857258,35.52328250212152,0.0,0.0,0.0,0.0,0.0,0.0,0.0,0.0,0.0,35.5,35.5,35.5,35.5,35.5,35.5,,,,1,11,19,35.5,0.0,SAME,1.0
KCL,2024-11-20,35.5,35.5,35.5,35.5,35.5,35.5,0.0,0.0,0.0,0.0,0.0,0.0,0.0,0.0,35.5,35.5,35.5,35.500051269531255,35.501618545715054,35.519049319917606,0.0,0.0,0.0,0.0,0.0,0.0,0.0,0.0,0.0,35.5,35.5,35.5,35.5,35.5,35.5,,,,2,11,20,35.5,0.0,SAME,1.0
KCL,2024-11-21,35.5,35.5,35.5,35.5,35.5,35.5,0.0,0.0,0.0,0.0,0.0,0.0,0.0,0.0,35.5,35.5,35.5,35.50002563476563,35.5010790304767,35.51558580720531,0.0,0.0,0.0,0.0,0.0,0.0,0.0,0.0,0.0,35.5,35.5,35.5,35.5,35.5,35.5,,,,3,11,21,35.5,0.0,SAME,1.0
KCL,2024-11-22,35.5,35.5,35.5,35.5,35.5,35.5,0.0,0.0,0.0,0.0,0.0,0.0,0.0,0.0,35.5,35.5,35.5,35.50001281738281,35.500719353651135,35.51275202407707,0.0,0.0,0.0,0.0,0.0,0.0,0.0,0.0,0.0,35.5,35.5,35.5,35.5,35.5,35.5,,,,4,11,22,35.5,0.0,SAME,1.0
KCL,2024-11-25,35.5,35.5,35.5,35.5,35.5,35.5,0.0,0.0,0.0,0.0,0.0,0.0,0.0,0.0,35.5,35.5,35.5,35.500006408691405,35.50047956910076,35.51043347424488,0.0,0.0,0.0,0.0,0.0,0.0,0.0,0.0,0.0,35.5,35.5,35.5,35.5,35.5,35.5,,,,0,11,25,35.5,0.0,SAME,1.0
KCL,2024-11-26,35.5,35.5,35.5,35.5,35.5,35.5,0.0,0.0,0.0,0.0,0.0,0.0,0.0,0.0,35.5,35.5,35.5,35.5000032043457,35.50031971273384,35.508536478927624,0.0,0.0,0.0,0.0,0.0,0.0,0.0,0.0,0.0,35.5,35.5,35.5,35.5,35.5,35.5,,,,1,11,26,35.5,0.0,SAME,1.0
KCL,2024-11-27,35.5,35.5,35.5,35.5,35.5,35.5,0.0,0.0,0.0,0.0,0.0,0.0,0.0,0.0,35.5,35.5,35.5,35.50000160217285,35.50021314182256,35.50698439184987,0.0,0.0,0.0,0.0,0.0,0.0,0.0,0.0,0.0,35.5,35.5,35.5,35.5,35.5,35.5,,,,2,11,27,35.5,0.0,SAME,1.0
KCL,2024-11-28,35.5,35.5,35.5,35.5,35.5,35.5,0.0,0.0,0.0,0.0,0.0,0.0,0.0,0.0,35.5,35.5,35.5,35.50000080108643,35.50014209454838,35.50571450242262,0.0,0.0,0.0,0.0,0.0,0.0,0.0,0.0,0.0,35.5,35.5,35.5,35.5,35.5,35.5,,,,3,11,28,35.5,0.0,SAME,1.0
KCL,2024-11-29,35.5,35.5,35.5,35.5,35.5,35.5,0.0,0.0,0.0,0.0,0.0,0.0,0.0,0.0,35.5,35.5,35.5,35.500000400543215,35.50009472969892,35.50467550198214,0.0,0.0,0.0,0.0,0.0,0.0,0.0,0.0,0.0,35.5,35.5,35.5,35.5,35.5,35.5,,,,4,11,29,35.5,0.0,SAME,1.0
KCL,2024-12-02,35.5,35.5,35.5,35.5,35.5,35.5,0.0,0.0,0.0,0.0,0.0,0.0,0.0,0.0,35.5,35.5,35.5,35.50000020027161,35.500063153132615,35.50382541071266,0.0,0.0,0.0,0.0,0.0,0.0,0.0,0.0,0.0,35.5,35.5,35.5,35.5,35.5,35.5,,,,0,12,2,35.5,0.0,SAME,1.0
KCL,2024-12-03,35.5,35.5,35.5,35.5,35.5,35.5,0.0,0.0,0.0,0.0,0.0,0.0,0.0,0.0,35.5,35.5,35.5,35.50000010013581,35.500042102088415,35.50312988149217,0.0,0.0,0.0,0.0,0.0,0.0,0.0,0.0,0.0,35.5,35.5,35.5,35.5,35.5,35.5,,,,1,12,3,35.5,0.0,SAME,1.0
KCL,2024-12-04,35.5,35.5,35.5,35.5,35.5,35.5,0.0,0.0,0.0,0.0,0.0,0.0,0.0,0.0,35.5,35.5,35.5,35.500000050067904,35.500028068058946,35.50256081212996,0.0,0.0,0.0,0.0,0.0,0.0,0.0,0.0,0.0,35.5,35.5,35.5,35.5,35.5,35.5,,,,2,12,4,35.5,0.0,SAME,1.0
KCL,2024-12-05,35.5,35.5,35.5,35.5,35.5,35.5,0.0,0.0,0.0,0.0,0.0,0.0,0.0,0.0,35.5,35.5,35.5,35.500000025033955,35.5000187120393,35.502095209924505,0.0,0.0,0.0,0.0,0.0,0.0,0.0,0.0,0.0,35.5,35.5,35.5,35.5,35.5,35.5,,,,3,12,5,35.5,0.0,SAME,1.0
KCL,2024-12-06,35.5,35.5,35.5,35.5,35.5,35.5,0.0,0.0,0.0,0.0,0.0,0.0,0.0,0.0,35.5,35.5,35.5,35.50000001251698,35.500012474692866,35.5017142626655,0.0,0.0,0.0,0.0,0.0,0.0,0.0,0.0,0.0,35.5,35.5,35.5,35.5,35.5,35.5,,,,4,12,6,35.5,0.0,SAME,1.0
KCL,2024-12-09,35.5,35.5,35.5,35.5,35.5,35.5,0.0,0.0,0.0,0.0,0.0,0.0,0.0,0.0,35.5,35.5,35.5,35.50000000625849,35.500008316461916,35.5014025785445,0.0,0.0,0.0,0.0,0.0,0.0,0.0,0.0,0.0,35.5,35.5,35.5,35.5,35.5,35.5,,,,0,12,9,35.5,0.0,SAME,1.0
KCL,2024-12-10,35.5,35.5,35.5,35.5,35.5,35.5,0.0,0.0,0.0,0.0,0.0,0.0,0.0,0.0,35.5,35.5,35.5,35.500000003129244,35.500005544307946,35.50114756426368,0.0,0.0,0.0,0.0,0.0,0.0,0.0,0.0,0.0,35.5,35.5,35.5,35.5,35.5,35.5,,,,1,12,10,35.5,0.0,SAME,1.0
KCL,2024-12-11,35.5,35.5,35.5,35.5,35.5,35.5,0.0,0.0,0.0,0.0,0.0,0.0,0.0,0.0,35.5,35.5,35.5,35.50000000156462,35.5000036962053,35.50093891621574,0.0,0.0,0.0,0.0,0.0,0.0,0.0,0.0,0.0,35.5,35.5,35.5,35.5,35.5,35.5,,,,2,12,11,35.5,0.0,SAME,1.0
KCL,2024-12-12,35.5,35.5,35.5,35.5,35.5,35.5,0.0,0.0,0.0,0.0,0.0,0.0,0.0,0.0,35.5,35.5,35.5,35.50000000078231,35.50000246413687,35.50076820417651,0.0,0.0,0.0,0.0,0.0,0.0,0.0,0.0,0.0,35.5,35.5,35.5,35.5,35.5,35.5,,,,3,12,12,35.5,0.0,SAME,1.0
KCL,2024-12-13,35.5,35.5,35.5,35.5,35.5,35.5,0.0,0.0,0.0,0.0,0.0,0.0,0.0,0.0,35.5,35.5,35.5,35.500000000391154,35.500001642757915,35.500628530689866,0.0,0.0,0.0,0.0,0.0,0.0,0.0,0.0,0.0,35.5,35.5,35.5,35.5,35.5,35.5,,,,4,12,13,35.5,0.0,SAME,1.0
KCL,2024-12-16,35.5,35.5,35.5,35.5,35.5,35.5,0.0,0.0,0.0,0.0,0.0,0.0,0.0,0.0,35.5,35.5,35.5,35.50000000019558,35.500001095171946,35.500514252382615,0.0,0.0,0.0,0.0,0.0,0.0,0.0,0.0,0.0,35.5,35.5,35.5,35.5,35.5,35.5,,,,0,12,16,35.5,0.0,SAME,1.0
KCL,2024-12-18,35.5,35.5,35.5,35.5,35.5,35.5,0.0,0.0,0.0,0.0,0.0,0.0,0.0,0.0,35.5,35.5,35.5,35.500000000097785,35.500000730114635,35.50042075194941,0.0,0.0,0.0,0.0,0.0,0.0,0.0,0.0,0.0,35.5,35.5,35.5,35.5,35.5,35.5,,,,2,12,18,35.5,0.0,SAME,1.0
KCL,2024-12-19,35.5,35.5,35.5,35.5,35.5,35.5,0.0,0.0,0.0,0.0,0.0,0.0,0.0,0.0,35.5,35.5,35.5,35.50000000004889,35.50000048674309,35.500344251594974,0.0,0.0,0.0,0.0,0.0,0.0,0.0,0.0,0.0,35.5,35.5,35.5,35.5,35.5,35.5,,,,3,12,19,35.5,0.0,SAME,1.0
KCL,2024-12-20,35.5,35.5,35.5,35.5,35.5,35.5,0.0,0.0,0.0,0.0,0.0,0.0,0.0,0.0,35.5,35.5,35.5,35.50000000002444,35.500000324495396,35.500281660395885,0.0,0.0,0.0,0.0,0.0,0.0,0.0,0.0,0.0,35.5,35.5,35.5,35.5,35.5,35.5,,,,4,12,20,35.5,0.0,SAME,1.0
KCL,2024-12-23,35.5,35.5,35.5,35.5,35.5,35.5,0.0,0.0,0.0,0.0,0.0,0.0,0.0,0.0,35.5,35.5,35.5,35.50000000001222,35.500000216330264,35.500230449414815,0.0,0.0,0.0,0.0,0.0,0.0,0.0,0.0,0.0,35.5,35.5,35.5,35.5,35.5,35.5,,,,0,12,23,35.5,0.0,SAME,1.0
KCL,2024-12-24,35.5,35.5,35.5,35.5,35.5,35.5,0.0,0.0,0.0,0.0,0.0,0.0,0.0,0.0,35.5,35.5,35.5,35.50000000000611,35.50000014422018,35.50018854952121,0.0,0.0,0.0,0.0,0.0,0.0,0.0,0.0,0.0,35.5,35.5,35.5,35.5,35.5,35.5,,,,1,12,24,35.5,0.0,SAME,1.0
KCL,2024-12-25,35.5,35.5,35.5,35.5,35.5,35.5,0.0,0.0,0.0,0.0,0.0,0.0,0.0,0.0,35.5,35.5,35.5,35.500000000003055,35.50000009614679,35.50015426779008,0.0,0.0,0.0,0.0,0.0,0.0,0.0,0.0,0.0,35.5,35.5,35.5,35.5,35.5,35.5,,,,2,12,25,35.5,0.0,SAME,1.0
KCL,2024-12-26,35.5,35.5,35.5,35.5,35.5,35.5,0.0,0.0,0.0,0.0,0.0,0.0,0.0,0.0,35.5,35.5,35.5,35.50000000000153,35.50000006409786,35.50012621910097,0.0,0.0,0.0,0.0,0.0,0.0,0.0,0.0,0.0,35.5,35.5,35.5,35.5,35.5,35.5,,,,3,12,26,35.5,0.0,SAME,1.0
KCL,2024-12-27,35.5,35.5,35.5,35.5,35.5,35.5,0.0,0.0,0.0,0.0,0.0,0.0,0.0,0.0,35.5,35.5,35.5,35.50000000000077,35.50000004273191,35.50010327017352,0.0,0.0,0.0,0.0,0.0,0.0,0.0,0.0,0.0,35.5,35.5,35.5,35.5,35.5,35.5,,,,4,12,27,35.5,0.0,SAME,1.0
KCL,2024-12-30,35.5,35.5,35.5,35.5,35.5,35.5,0.0,0.0,0.0,0.0,0.0,0.0,0.0,0.0,35.5,35.5,35.5,35.500000000000384,35.500000028487946,35.50008449377833,0.0,0.0,0.0,0.0,0.0,0.0,0.0,0.0,0.0,35.5,35.5,35.5,35.5,35.5,35.5,,,,0,12,30,35.5,0.0,SAME,1.0
KCL,2024-12-31,35.5,35.5,35.5,35.5,35.5,35.5,0.0,0.0,0.0,0.0,0.0,0.0,0.0,0.0,35.5,35.5,35.5,35.50000000000019,35.50000001899197,35.50006913127318,0.0,0.0,0.0,0.0,0.0,0.0,0.0,0.0,0.0,35.5,35.5,35.5,35.5,35.5,35.5,,,,1,12,31,35.5,0.0,SAME,1.0
KCL,2025-01-01,35.5,35.5,35.5,35.5,35.5,35.5,0.0,0.0,0.0,0.0,0.0,0.0,0.0,0.0,35.5,35.5,35.5,35.5000000000001,35.50000001266132,35.50005656195078,0.0,0.0,0.0,0.0,0.0,0.0,0.0,0.0,0.0,35.5,35.5,35.5,35.5,35.5,35.5,,,,2,1,1,35.5,0.0,SAME,1.0
KCL,2025-01-03,35.5,35.5,35.5,35.5,35.5,35.5,0.0,0.0,0.0,0.0,0.0,0.0,0.0,0.0,35.5,35.5,35.5,35.50000000000005,35.50000000844088,35.500046277959726,0.0,0.0,0.0,0.0,0.0,0.0,0.0,0.0,0.0,35.5,35.5,35.5,35.5,35.5,35.5,,,,4,1,3,35.5,0.0,SAME,1.0
KCL,2025-01-06,35.5,35.5,35.5,35.5,35.5,35.5,0.0,0.0,0.0,0.0,0.0,0.0,0.0,0.0,35.5,35.5,35.5,35.50000000000003,35.50000000562726,35.50003786378523,0.0,0.0,0.0,0.0,0.0,0.0,0.0,0.0,0.0,35.5,35.5,35.5,35.5,35.5,35.5,,,,0,1,6,35.5,0.0,SAME,1.0
KCL,2025-01-07,35.5,35.5,35.5,35.5,35.5,35.5,0.0,0.0,0.0,0.0,0.0,0.0,0.0,0.0,35.5,35.5,35.5,35.500000000000014,35.50000000375151,35.50003097946064,0.0,0.0,0.0,0.0,0.0,0.0,0.0,0.0,0.0,35.5,35.5,35.5,35.5,35.5,35.5,,,,1,1,7,35.5,0.0,SAME,1.0
KCL,2025-01-08,35.5,35.5,35.5,35.5,35.5,35.5,0.0,0.0,0.0,0.0,0.0,0.0,0.0,0.0,35.5,35.5,35.5,35.50000000000001,35.50000000250101,35.50002534683143,0.0,0.0,0.0,0.0,0.0,0.0,0.0,0.0,0.0,35.5,35.5,35.5,35.5,35.5,35.5,,,,2,1,8,35.5,0.0,SAME,1.0
KCL,2025-01-09,35.5,35.5,35.5,35.5,35.5,35.5,0.0,0.0,0.0,0.0,0.0,0.0,0.0,0.0,35.5,35.5,35.5,35.5,35.500000001667345,35.50002073831662,0.0,0.0,0.0,0.0,0.0,0.0,0.0,0.0,0.0,35.5,35.5,35.5,35.5,35.5,35.5,,,,3,1,9,35.5,0.0,SAME,1.0
KCL,2025-01-10,35.5,35.5,35.5,35.5,35.5,35.5,0.0,0.0,0.0,0.0,0.0,0.0,0.0,0.0,35.5,35.5,35.5,35.5,35.500000001111566,35.5000169677136,0.0,0.0,0.0,0.0,0.0,0.0,0.0,0.0,0.0,35.5,35.5,35.5,35.5,35.5,35.5,,,,4,1,10,35.5,0.0,SAME,1.0
KCL,2025-01-13,35.5,35.5,35.5,35.5,35.5,35.5,0.0,0.0,0.0,0.0,0.0,0.0,0.0,0.0,35.5,35.5,35.5,35.5,35.500000000741046,35.50001388267476,0.0,0.0,0.0,0.0,0.0,0.0,0.0,0.0,0.0,35.5,35.5,35.5,35.5,35.5,35.5,,,,0,1,13,35.5,0.0,SAME,1.0
KCL,2025-01-14,35.5,35.5,35.5,35.5,35.5,35.5,0.0,0.0,0.0,0.0,0.0,0.0,0.0,0.0,35.5,35.5,35.5,35.5,35.50000000049403,35.50001135855207,0.0,0.0,0.0,0.0,0.0,0.0,0.0,0.0,0.0,35.5,35.5,35.5,35.5,35.5,35.5,,,,1,1,14,35.5,0.0,SAME,1.0
KCL,2025-01-15,35.5,35.5,35.5,35.5,35.5,35.5,0.0,0.0,0.0,0.0,0.0,0.0,0.0,0.0,35.5,35.5,35.5,35.5,35.50000000032936,35.50000929336078,0.0,0.0,0.0,0.0,0.0,0.0,0.0,0.0,0.0,35.5,35.5,35.5,35.5,35.5,35.5,,,,2,1,15,35.5,0.0,SAME,1.0
KCL,2025-01-16,35.5,35.5,35.5,35.5,35.5,35.5,0.0,0.0,0.0,0.0,0.0,0.0,0.0,0.0,35.5,35.5,35.5,35.5,35.50000000021957,35.50000760365882,0.0,0.0,0.0,0.0,0.0,0.0,0.0,0.0,0.0,35.5,35.5,35.5,35.5,35.5,35.5,,,,3,1,16,34.0,-1.5,DOWN,0.0
KCL,2025-01-17,34.0,35.5,35.5,35.5,35.5,35.5,-1.5,-1.5,-1.5,-0.04225352112676062,-0.04225352112676062,-0.04225352112676062,-0.04317217186520878,-0.04317217186520878,35.0,35.2,35.35,34.75,35.000000000146386,35.227278948448124,0.024395081796753752,0.018896349105632055,0.013361736592260795,-1.5,-0.04225352112676056,-1.5,-0.04225352112676056,-1.5,-0.04225352112676056,34.0,35.5,34.0,35.5,34.0,35.5,0.0,0.0,0.0,4,1,17,34.0,0.0,SAME,1.0
KCL,2025-01-20,34.0,34.0,35.5,35.5,35.5,35.5,0.0,-1.5,-1.5,0.0,-0.04225352112676062,-0.04225352112676062,0.0,-0.04317217186520878,34.5,34.9,35.2,34.375,34.66666666676426,35.004137321457556,0.024395081796753752,0.018896349105632055,0.013361736592260795,-1.5,-0.04225352112676056,-1.5,-0.04225352112676056,-1.5,-0.04225352112676056,34.0,35.5,34.0,35.5,34.0,35.5,0.0,0.0,0.0,0,1,20,34.0,0.0,SAME,1.0
KCL,2025-01-21,34.0,34.0,34.0,35.5,35.5,35.5,0.0,0.0,-1.5,0.0,0.0,-0.04225352112676062,0.0,0.0,34.0,34.6,35.05,34.1875,34.44444444450951,34.82156689937436,0.024395081796753752,0.018896349105632055,0.013361736592260795,-1.5,-0.04225352112676056,-1.5,-0.04225352112676056,-1.5,-0.04225352112676056,34.0,34.0,34.0,35.5,34.0,35.5,,0.0,0.0,1,1,21,34.0,0.0,SAME,1.0
KCL,2025-01-22,34.0,34.0,34.0,34.0,35.5,35.5,0.0,0.0,0.0,0.0,0.0,0.0,0.0,0.0,34.0,34.3,34.9,34.09375,34.296296296339676,34.67219109948811,0.0,0.018896349105632055,0.013361736592260795,0.0,0.0,-1.5,-0.04225352112676056,-1.5,-0.04225352112676056,34.0,34.0,34.0,35.5,34.0,35.5,,0.0,0.0,2,1,22,34.0,0.0,SAME,1.0
KCL,2025-01-23,34.0,34.0,34.0,34.0,35.5,35.5,0.0,0.0,0.0,0.0,0.0,0.0,0.0,0.0,34.0,34.0,34.75,34.046875,34.19753086422645,34.54997453594481,0.0,0.018896349105632055,0.013361736592260795,0.0,0.0,-1.5,-0.04225352112676056,-1.5,-0.04225352112676056,34.0,34.0,34.0,34.0,34.0,35.5,,,0.0,3,1,23,34.0,0.0,SAME,1.0
KCL,2025-01-24,34.0,34.0,34.0,34.0,34.0,35.5,0.0,0.0,0.0,0.0,0.0,0.0,0.0,0.0,34.0,34.0,34.6,34.0234375,34.131687242817634,34.44997916577303,0.0,0.0,0.013361736592260795,0.0,0.0,0.0,0.0,-1.5,-0.04225352112676056,34.0,34.0,34.0,34.0,34.0,35.5,,,0.0,4,1,24,34.0,0.0,SAME,1.0
KCL,2025-01-27,34.0,34.0,34.0,34.0,34.0,35.5,0.0,0.0,0.0,0.0,0.0,0.0,0.0,0.0,34.0,34.0,34.45,34.01171875,34.08779149521176,34.36816477199611,0.0,0.0,0.013361736592260795,0.0,0.0,0.0,0.0,-1.5,-0.04225352112676056,34.0,34.0,34.0,34.0,34.0,35.5,,,0.0,0,1,27,34.0,0.0,SAME,1.0
KCL,2025-01-28,34.0,34.0,34.0,34.0,34.0,35.5,0.0,0.0,0.0,0.0,0.0,0.0,0.0,0.0,34.0,34.0,34.3,34.005859375,34.05852766347451,34.30122572254227,0.0,0.0,0.013361736592260795,0.0,0.0,0.0,0.0,-1.5,-0.04225352112676056,34.0,34.0,34.0,34.0,34.0,35.5,,,0.0,1,1,28,34.0,0.0,SAME,1.0
KCL,2025-01-29,34.0,34.0,34.0,34.0,34.0,35.5,0.0,0.0,0.0,0.0,0.0,0.0,0.0,0.0,34.0,34.0,34.15,34.0029296875,34.03901844231634,34.246457409352765,0.0,0.0,0.013361736592260795,0.0,0.0,0.0,0.0,-1.5,-0.04225352112676056,34.0,34.0,34.0,34.0,34.0,35.5,,,0.0,2,1,29,34.0,0.0,SAME,1.0
KCL,2025-01-31,34.0,34.0,34.0,34.0,34.0,35.5,0.0,0.0,0.0,0.0,0.0,0.0,0.0,0.0,34.0,34.0,34.0,34.00146484375,34.02601229487756,34.201646971288625,0.0,0.0,0.013361736592260795,0.0,0.0,0.0,0.0,-1.5,-0.04225352112676056,34.0,34.0,34.0,34.0,34.0,34.0,,,,4,1,31,34.0,0.0,SAME,1.0
KCL,2025-02-03,34.0,34.0,34.0,34.0,34.0,34.0,0.0,0.0,0.0,0.0,0.0,0.0,0.0,0.0,34.0,34.0,34.0,34.000732421875,34.017341529918376,34.16498388559978,0.0,0.0,0.0,0.0,0.0,0.0,0.0,0.0,0.0,34.0,34.0,34.0,34.0,34.0,34.0,,,,0,2,3,34.0,0.0,SAME,1.0
KCL,2025-02-04,34.0,34.0,34.0,34.0,34.0,34.0,0.0,0.0,0.0,0.0,0.0,0.0,0.0,0.0,34.0,34.0,34.0,34.0003662109375,34.01156101994559,34.13498681549073,0.0,0.0,0.0,0.0,0.0,0.0,0.0,0.0,0.0,34.0,34.0,34.0,34.0,34.0,34.0,,,,1,2,4,34.0,0.0,SAME,1.0
KCL,2025-02-05,34.0,34.0,34.0,34.0,34.0,34.0,0.0,0.0,0.0,0.0,0.0,0.0,0.0,0.0,34.0,34.0,34.0,34.00018310546875,34.0077073466304,34.110443758128774,0.0,0.0,0.0,0.0,0.0,0.0,0.0,0.0,0.0,34.0,34.0,34.0,34.0,34.0,34.0,,,,2,2,5,34.0,0.0,SAME,1.0
KCL,2025-02-06,34.0,34.0,34.0,34.0,34.0,34.0,0.0,0.0,0.0,0.0,0.0,0.0,0.0,0.0,34.0,34.0,34.0,34.000091552734375,34.00513823108693,34.09036307483263,0.0,0.0,0.0,0.0,0.0,0.0,0.0,0.0,0.0,34.0,34.0,34.0,34.0,34.0,34.0,,,,3,2,6,34.0,0.0,SAME,1.0
KCL,2025-02-07,34.0,34.0,34.0,34.0,34.0,34.0,0.0,0.0,0.0,0.0,0.0,0.0,0.0,0.0,34.0,34.0,34.0,34.00004577636719,34.00342548739129,34.07393342486306,0.0,0.0,0.0,0.0,0.0,0.0,0.0,0.0,0.0,34.0,34.0,34.0,34.0,34.0,34.0,,,,4,2,7,34.0,0.0,SAME,1.0
KCL,2025-02-10,34.0,34.0,34.0,34.0,34.0,34.0,0.0,0.0,0.0,0.0,0.0,0.0,0.0,0.0,34.0,34.0,34.0,34.000022888183594,34.002283658260865,34.060490983978866,0.0,0.0,0.0,0.0,0.0,0.0,0.0,0.0,0.0,34.0,34.0,34.0,34.0,34.0,34.0,,,,0,2,10,34.0,0.0,SAME,1.0
KCL,2025-02-11,34.0,34.0,34.0,34.0,34.0,34.0,0.0,0.0,0.0,0.0,0.0,0.0,0.0,0.0,34.0,34.0,34.0,34.0000114440918,34.00152243884058,34.04949262325543,0.0,0.0,0.0,0.0,0.0,0.0,0.0,0.0,0.0,34.0,34.0,34.0,34.0,34.0,34.0,,,,1,2,11,34.0,0.0,SAME,1.0
KCL,2025-02-12,34.0,34.0,34.0,34.0,34.0,34.0,0.0,0.0,0.0,0.0,0.0,0.0,0.0,0.0,34.0,34.0,34.0,34.0000057220459,34.00101495922706,34.04049396448171,0.0,0.0,0.0,0.0,0.0,0.0,0.0,0.0,0.0,34.0,34.0,34.0,34.0,34.0,34.0,,,,2,2,12,34.0,0.0,SAME,1.0
KCL,2025-02-13,34.0,34.0,34.0,34.0,34.0,34.0,0.0,0.0,0.0,0.0,0.0,0.0,0.0,0.0,34.0,34.0,34.0,34.00000286102295,34.00067663948471,34.03313142548504,0.0,0.0,0.0,0.0,0.0,0.0,0.0,0.0,0.0,34.0,34.0,34.0,34.0,34.0,34.0,,,,3,2,13,34.0,0.0,SAME,1.0
KCL,2025-02-14,34.0,34.0,34.0,34.0,34.0,34.0,0.0,0.0,0.0,0.0,0.0,0.0,0.0,0.0,34.0,34.0,34.0,34.000001430511475,34.000451092989806,34.0271075299423,0.0,0.0,0.0,0.0,0.0,0.0,0.0,0.0,0.0,34.0,34.0,34.0,34.0,34.0,34.0,,,,4,2,14,34.0,0.0,SAME,1.0
KCL,2025-02-17,34.0,34.0,34.0,34.0,34.0,34.0,0.0,0.0,0.0,0.0,0.0,0.0,0.0,0.0,34.0,34.0,34.0,34.00000071525574,34.00030072865987,34.022178888134604,0.0,0.0,0.0,0.0,0.0,0.0,0.0,0.0,0.0,34.0,34.0,34.0,34.0,34.0,34.0,,,,0,2,17,34.0,0.0,SAME,1.0
KCL,2025-02-18,34.0,34.0,34.0,34.0,34.0,34.0,0.0,0.0,0.0,0.0,0.0,0.0,0.0,0.0,34.0,34.0,34.0,34.00000035762787,34.00020048577325,34.01814636301922,0.0,0.0,0.0,0.0,0.0,0.0,0.0,0.0,0.0,34.0,34.0,34.0,34.0,34.0,34.0,,,,1,2,18,34.0,0.0,SAME,1.0
KCL,2025-02-19,34.0,34.0,34.0,34.0,34.0,34.0,0.0,0.0,0.0,0.0,0.0,0.0,0.0,0.0,34.0,34.0,34.0,34.000000178813934,34.00013365718217,34.01484702428845,0.0,0.0,0.0,0.0,0.0,0.0,0.0,0.0,0.0,34.0,34.0,34.0,34.0,34.0,34.0,,,,2,2,19,32.0,-2.0,DOWN,0.0
KCL,2025-02-20,32.0,34.0,34.0,34.0,34.0,34.0,-2.0,-2.0,-2.0,-0.05882352941176472,-0.05882352941176472,-0.05882352941176472,-0.060624621816434854,-0.060624621816434854,33.333333333333336,33.6,33.8,33.00000008940697,33.333422438121445,33.648511201690546,0.03396178054057261,0.026306682088232832,0.01860163329510814,-2.0,-0.058823529411764705,-2.0,-0.058823529411764705,-2.0,-0.058823529411764705,32.0,34.0,32.0,34.0,32.0,34.0,0.0,0.0,0.0,3,2,20,32.0,0.0,SAME,1.0
KCL,2025-02-24,32.0,32.0,34.0,34.0,34.0,34.0,0.0,-2.0,-2.0,0.0,-0.05882352941176472,-0.05882352941176472,0.0,-0.060624621816434854,32.666666666666664,33.2,33.6,32.500000044703484,32.88894829208097,33.348781892292266,0.03396178054057261,0.026306682088232832,0.01860163329510814,-2.0,-0.058823529411764705,-2.0,-0.058823529411764705,-2.0,-0.058823529411764705,32.0,34.0,32.0,34.0,32.0,34.0,0.0,0.0,0.0,0,2,24,32.0,0.0,SAME,1.0
KCL,2025-02-25,32.0,32.0,32.0,34.0,34.0,34.0,0.0,0.0,-2.0,0.0,0.0,-0.05882352941176472,0.0,0.0,32.0,32.8,33.4,32.25000002235174,32.59263219472065,33.103548820966395,0.03396178054057261,0.026306682088232832,0.01860163329510814,-2.0,-0.058823529411764705,-2.0,-0.058823529411764705,-2.0,-0.058823529411764705,32.0,32.0,32.0,34.0,32.0,34.0,,0.0,0.0,1,2,25,32.0,0.0,SAME,1.0
KCL,2025-02-26,32.0,32.0,32.0,32.0,34.0,34.0,0.0,0.0,0.0,0.0,0.0,0.0,0.0,0.0,32.0,32.4,33.2,32.12500001117587,32.39508812981377,32.902903580790685,0.0,0.026306682088232832,0.01860163329510814,0.0,0.0,-2.0,-0.058823529411764705,-2.0,-0.058823529411764705,32.0,32.0,32.0,34.0,32.0,34.0,,0.0,0.0,2,2,26,32.0,0.0,SAME,1.0
KCL,2025-02-27,32.0,32.0,32.0,32.0,34.0,34.0,0.0,0.0,0.0,0.0,0.0,0.0,0.0,0.0,32.0,32.0,33.0,32.062500005587935,32.26339208654252,32.738739293374195,0.0,0.026306682088232832,0.01860163329510814,0.0,0.0,-2.0,-0.058823529411764705,-2.0,-0.058823529411764705,32.0,32.0,32.0,32.0,32.0,34.0,,,0.0,3,2,27,32.0,0.0,SAME,1.0
KCL,2025-03-03,32.0,32.0,32.0,32.0,32.0,34.0,0.0,0.0,0.0,0.0,0.0,0.0,0.0,0.0,32.0,32.0,32.8,32.03125000279397,32.17559472436168,32.60442305821525,0.0,0.0,0.01860163329510814,0.0,0.0,0.0,0.0,-2.0,-0.058823529411764705,32.0,32.0,32.0,32.0,32.0,34.0,,,0.0,0,3,3,32.0,0.0,SAME,1.0
KCL,2025-03-04,32.0,32.0,32.0,32.0,32.0,34.0,0.0,0.0,0.0,0.0,0.0,0.0,0.0,0.0,32.0,32.0,32.6,32.015625001396984,32.117063149574456,32.49452795672156,0.0,0.0,0.01860163329510814,0.0,0.0,0.0,0.0,-2.0,-0.058823529411764705,32.0,32.0,32.0,32.0,32.0,34.0,,,0.0,1,3,4,32.0,0.0,SAME,1.0
KCL,2025-03-05,32.0,32.0,32.0,32.0,32.0,34.0,0.0,0.0,0.0,0.0,0.0,0.0,0.0,0.0,32.0,32.0,32.4,32.00781250069849,32.078042099716306,32.40461378277219,0.0,0.0,0.01860163329510814,0.0,0.0,0.0,0.0,-2.0,-0.058823529411764705,32.0,32.0,32.0,32.0,32.0,34.0,,,0.0,2,3,5,32.0,0.0,SAME,1.0
KCL,2025-03-06,32.0,32.0,32.0,32.0,32.0,34.0,0.0,0.0,0.0,0.0,0.0,0.0,0.0,0.0,32.0,32.0,32.2,32.003906250349246,32.05202806647754,32.33104764044997,0.0,0.0,0.01860163329510814,0.0,0.0,0.0,0.0,-2.0,-0.058823529411764705,32.0,32.0,32.0,32.0,32.0,34.0,,,0.0,3,3,6,32.0,0.0,SAME,1.0
KCL,2025-03-07,32.0,32.0,32.0,32.0,32.0,34.0,0.0,0.0,0.0,0.0,0.0,0.0,0.0,0.0,32.0,32.0,32.0,32.00195312517462,32.0346853776517,32.27085716036815,0.0,0.0,0.01860163329510814,0.0,0.0,0.0,0.0,-2.0,-0.058823529411764705,32.0,32.0,32.0,32.0,32.0,32.0,,,,4,3,7,32.0,0.0,SAME,1.0
KCL,2025-03-10,32.0,32.0,32.0,32.0,32.0,32.0,0.0,0.0,0.0,0.0,0.0,0.0,0.0,0.0,32.0,32.0,32.0,32.00097656258731,32.02312358510113,32.221610403937575,0.0,0.0,0.0,0.0,0.0,0.0,0.0,0.0,0.0,32.0,32.0,32.0,32.0,32.0,32.0,,,,0,3,10,32.0,0.0,SAME,1.0
KCL,2025-03-11,32.0,32.0,32.0,32.0,32.0,32.0,0.0,0.0,0.0,0.0,0.0,0.0,0.0,0.0,32.0,32.0,32.0,32.000488281293656,32.01541572340076,32.18131760322165,0.0,0.0,0.0,0.0,0.0,0.0,0.0,0.0,0.0,32.0,32.0,32.0,32.0,32.0,32.0,,,,1,3,11,32.0,0.0,SAME,1.0
KCL,2025-03-12,32.0,32.0,32.0,32.0,32.0,32.0,0.0,0.0,0.0,0.0,0.0,0.0,0.0,0.0,32.0,32.0,32.0,32.00024414064683,32.01027714893384,32.14835076627226,0.0,0.0,0.0,0.0,0.0,0.0,0.0,0.0,0.0,32.0,32.0,32.0,32.0,32.0,32.0,,,,2,3,12,32.0,0.0,SAME,1.0
KCL,2025-03-13,32.0,32.0,32.0,32.0,32.0,32.0,0.0,0.0,0.0,0.0,0.0,0.0,0.0,0.0,32.0,32.0,32.0,32.000122070323414,32.00685143262256,32.1213778996773,0.0,0.0,0.0,0.0,0.0,0.0,0.0,0.0,0.0,32.0,32.0,32.0,32.0,32.0,32.0,,,,3,3,13,32.0,0.0,SAME,1.0
KCL,2025-03-14,32.0,32.0,32.0,32.0,32.0,32.0,0.0,0.0,0.0,0.0,0.0,0.0,0.0,0.0,32.0,32.0,32.0,32.00006103516171,32.00456762174838,32.09930919064506,0.0,0.0,0.0,0.0,0.0,0.0,0.0,0.0,0.0,32.0,32.0,32.0,32.0,32.0,32.0,,,,4,3,14,32.0,0.0,SAME,1.0
KCL,2025-03-17,32.0,32.0,32.0,32.0,32.0,32.0,0.0,0.0,0.0,0.0,0.0,0.0,0.0,0.0,32.0,32.0,32.0,32.00003051758085,32.00304508116559,32.08125297416414,0.0,0.0,0.0,0.0,0.0,0.0,0.0,0.0,0.0,32.0,32.0,32.0,32.0,32.0,32.0,,,,0,3,17,32.0,0.0,SAME,1.0
KCL,2025-03-18,32.0,32.0,32.0,32.0,32.0,32.0,0.0,0.0,0.0,0.0,0.0,0.0,0.0,0.0,32.0,32.0,32.0,32.00001525879043,32.00203005411039,32.066479706134295,0.0,0.0,0.0,0.0,0.0,0.0,0.0,0.0,0.0,32.0,32.0,32.0,32.0,32.0,32.0,,,,1,3,18,32.0,0.0,SAME,1.0
KCL,2025-03-19,32.0,32.0,32.0,32.0,32.0,32.0,0.0,0.0,0.0,0.0,0.0,0.0,0.0,0.0,32.0,32.0,32.0,32.00000762939521,32.00135336940693,32.05439248683715,0.0,0.0,0.0,0.0,0.0,0.0,0.0,0.0,0.0,32.0,32.0,32.0,32.0,32.0,32.0,,,,2,3,19,32.0,0.0,SAME,1.0
KCL,2025-03-20,32.0,32.0,32.0,32.0,32.0,32.0,0.0,0.0,0.0,0.0,0.0,0.0,0.0,0.0,32.0,32.0,32.0,32.00000381469761,32.00090224627129,32.044502943775846,0.0,0.0,0.0,0.0,0.0,0.0,0.0,0.0,0.0,32.0,32.0,32.0,32.0,32.0,32.0,,,,3,3,20,32.0,0.0,SAME,1.0
KCL,2025-03-21,32.0,32.0,32.0,32.0,32.0,32.0,0.0,0.0,0.0,0.0,0.0,0.0,0.0,0.0,32.0,32.0,32.0,32.0000019073488,32.0006014975142,32.03641149945296,0.0,0.0,0.0,0.0,0.0,0.0,0.0,0.0,0.0,32.0,32.0,32.0,32.0,32.0,32.0,,,,4,3,21,32.0,0.0,SAME,1.0
KCL,2025-03-24,32.0,32.0,32.0,32.0,32.0,32.0,0.0,0.0,0.0,0.0,0.0,0.0,0.0,0.0,32.0,32.0,32.0,32.0000009536744,32.0004009983428,32.02979122682515,0.0,0.0,0.0,0.0,0.0,0.0,0.0,0.0,0.0,32.0,32.0,32.0,32.0,32.0,32.0,,,,0,3,24,32.0,0.0,SAME,1.0
KCL,2025-03-25,32.0,32.0,32.0,32.0,32.0,32.0,0.0,0.0,0.0,0.0,0.0,0.0,0.0,0.0,32.0,32.0,32.0,32.0000004768372,32.00026733222853,32.024374640129665,0.0,0.0,0.0,0.0,0.0,0.0,0.0,0.0,0.0,32.0,32.0,32.0,32.0,32.0,32.0,,,,1,3,25,32.0,0.0,SAME,1.0
KCL,2025-03-26,32.0,32.0,32.0,32.0,32.0,32.0,0.0,0.0,0.0,0.0,0.0,0.0,0.0,0.0,32.0,32.0,32.0,32.0000002384186,32.00017822148569,32.01994288737882,0.0,0.0,0.0,0.0,0.0,0.0,0.0,0.0,0.0,32.0,32.0,32.0,32.0,32.0,32.0,,,,2,3,26,32.0,0.0,SAME,1.0
KCL,2025-03-27,32.0,32.0,32.0,32.0,32.0,32.0,0.0,0.0,0.0,0.0,0.0,0.0,0.0,0.0,32.0,32.0,32.0,32.000000119209304,32.0001188143238,32.0163169078554,0.0,0.0,0.0,0.0,0.0,0.0,0.0,0.0,0.0,32.0,32.0,32.0,32.0,32.0,32.0,,,,3,3,27,32.0,0.0,SAME,1.0
KCL,2025-03-28,32.0,32.0,32.0,32.0,32.0,32.0,0.0,0.0,0.0,0.0,0.0,0.0,0.0,0.0,32.0,32.0,32.0,32.00000005960465,32.0000792095492,32.01335019733623,0.0,0.0,0.0,0.0,0.0,0.0,0.0,0.0,0.0,32.0,32.0,32.0,32.0,32.0,32.0,,,,4,3,28,36.8,4.799999999999997,UP,2.0
KCL,2025-03-31,36.8,32.0,32.0,32.0,32.0,32.0,4.799999999999997,4.799999999999997,4.799999999999997,0.1499999999999999,0.1499999999999999,0.1499999999999999,0.13976194237515863,0.13976194237515863,33.6,32.96,32.48,34.40000002980233,33.600052806366136,32.88365016145691,0.0866025403784466,0.06708203932499365,0.047434164902525645,4.799999999999997,0.1499999999999999,4.799999999999997,0.1499999999999999,4.799999999999997,0.1499999999999999,32.0,36.8,32.0,36.8,32.0,36.8,1.0,1.0,1.0,0,3,31,36.8,0.0,SAME,1.0
KCL,2025-04-01,36.8,36.8,32.0,32.0,32.0,32.0,0.0,4.799999999999997,4.799999999999997,0.0,0.1499999999999999,0.1499999999999999,0.0,0.13976194237515863,35.199999999999996,33.92,32.959999999999994,35.60000001490116,34.66670187091076,33.59571376846474,0.08660254037844661,0.06708203932499365,0.047434164902525645,4.799999999999997,0.1499999999999999,4.799999999999997,0.1499999999999999,4.799999999999997,0.1499999999999999,32.0,36.8,32.0,36.8,32.0,36.8,1.0,1.0,1.0,1,4,1,36.8,0.0,SAME,1.0
KCL,2025-04-02,36.8,36.8,36.8,32.0,32.0,32.0,0.0,0.0,4.799999999999997,0.0,0.0,0.1499999999999999,0.0,0.0,36.8,34.879999999999995,33.440000000000005,36.20000000745058,35.37780124727384,34.17831126510751,0.08660254037844661,0.06708203932499365,0.047434164902525645,4.799999999999997,0.1499999999999999,4.799999999999997,0.1499999999999999,4.799999999999997,0.1499999999999999,36.8,36.8,32.0,36.8,32.0,36.8,,1.0,1.0,2,4,2,36.8,0.0,SAME,1.0
KCL,2025-04-03,36.8,36.8,36.8,36.8,32.0,32.0,0.0,0.0,0.0,0.0,0.0,0.0,0.0,0.0,36.8,35.839999999999996,33.919999999999995,36.50000000372529,35.85186749818256,34.65498194417887,0.0,0.06708203932499365,0.047434164902525645,0.0,0.0,4.799999999999997,0.1499999999999999,4.799999999999997,0.1499999999999999,36.8,36.8,32.0,36.8,32.0,36.8,,1.0,1.0,3,4,3,36.8,0.0,SAME,1.0
KCL,2025-04-04,36.8,36.8,36.8,36.8,32.0,32.0,0.0,0.0,0.0,0.0,0.0,0.0,0.0,0.0,36.8,36.8,34.39999999999999,36.650000001862644,36.16791166545504,35.044985227055435,0.0,0.06708203932499365,0.047434164902525645,0.0,0.0,4.799999999999997,0.1499999999999999,4.799999999999997,0.1499999999999999,36.8,36.8,36.8,36.8,32.0,36.8,,,1.0,4,4,4,36.8,0.0,SAME,1.0
KCL,2025-04-07,36.8,36.8,36.8,36.8,36.8,32.0,0.0,0.0,0.0,0.0,0.0,0.0,0.0,0.0,36.8,36.8,34.88,36.72500000093132,36.37860777697003,35.364078822136264,0.0,0.0,0.047434164902525645,0.0,0.0,0.0,0.0,4.799999999999997,0.1499999999999999,36.8,36.8,36.8,36.8,32.0,36.8,,,1.0,0,4,7,36.8,0.0,SAME,1.0
KCL,2025-04-08,36.8,36.8,36.8,36.8,36.8,32.0,0.0,0.0,0.0,0.0,0.0,0.0,0.0,0.0,36.8,36.8,35.36,36.76250000046566,36.519071851313356,35.62515539992967,0.0,0.0,0.047434164902525645,0.0,0.0,0.0,0.0,4.799999999999997,0.1499999999999999,36.8,36.8,36.8,36.8,32.0,36.8,,,1.0,1,4,8,36.8,0.0,SAME,1.0
KCL,2025-04-09,36.8,36.8,36.8,36.8,36.8,32.0,0.0,0.0,0.0,0.0,0.0,0.0,0.0,0.0,36.8,36.8,35.839999999999996,36.78125000023283,36.61271456754224,35.83876350903336,0.0,0.0,0.047434164902525645,0.0,0.0,0.0,0.0,4.799999999999997,0.1499999999999999,36.8,36.8,36.8,36.8,32.0,36.8,,,1.0,2,4,9,36.8,0.0,SAME,1.0
KCL,2025-04-10,36.8,36.8,36.8,36.8,36.8,32.0,0.0,0.0,0.0,0.0,0.0,0.0,0.0,0.0,36.8,36.8,36.32,36.790625000116414,36.675143045028165,36.0135337801182,0.0,0.0,0.047434164902525645,0.0,0.0,0.0,0.0,4.799999999999997,0.1499999999999999,36.8,36.8,36.8,36.8,32.0,36.8,,,1.0,3,4,10,36.8,0.0,SAME,1.0
KCL,2025-04-11,36.8,36.8,36.8,36.8,36.8,32.0,0.0,0.0,0.0,0.0,0.0,0.0,0.0,0.0,36.8,36.8,36.8,36.7953125000582,36.71676203001878,36.156527638278526,0.0,0.0,0.047434164902525645,0.0,0.0,0.0,0.0,4.799999999999997,0.1499999999999999,36.8,36.8,36.8,36.8,36.8,36.8,,,,4,4,11,36.8,0.0,SAME,1.0
KCL,2025-04-14,36.8,36.8,36.8,36.8,36.8,36.8,0.0,0.0,0.0,0.0,0.0,0.0,0.0,0.0,36.8,36.8,36.8,36.7976562500291,36.74450802001252,36.27352261313697,0.0,0.0,0.0,0.0,0.0,0.0,0.0,0.0,0.0,36.8,36.8,36.8,36.8,36.8,36.8,,,,0,4,14,34.01,-2.789999999999999,DOWN,0.0
KCL,2025-04-15,34.01,36.8,36.8,36.8,36.8,36.8,-2.789999999999999,-2.789999999999999,-2.789999999999999,-0.07581521739130437,-0.07581521739130437,-0.07581521739130437,-0.07884324615578117,-0.07884324615578117,35.87,36.242,36.521,35.40382812501455,35.83300534667501,35.86197304711206,0.043771936169544515,0.033905595963176174,0.023974876825733123,-2.789999999999999,-0.07581521739130433,-2.789999999999999,-0.07581521739130433,-2.789999999999999,-0.07581521739130433,34.01,36.8,34.01,36.8,34.01,36.8,0.0,0.0,0.0,1,4,15,34.01,0.0,SAME,1.0
KCL,2025-04-16,34.01,34.01,36.8,36.8,36.8,36.8,0.0,-2.789999999999999,-2.789999999999999,0.0,-0.07581521739130437,-0.07581521739130437,0.0,-0.07884324615578117,34.94,35.684,36.242,34.70691406250727,35.225336897783336,35.52525067490986,0.043771936169544515,0.033905595963176174,0.023974876825733123,-2.789999999999999,-0.07581521739130433,-2.789999999999999,-0.07581521739130433,-2.789999999999999,-0.07581521739130433,34.01,36.8,34.01,36.8,34.01,36.8,0.0,0.0,0.0,2,4,16,34.01,0.0,SAME,1.0
KCL,2025-04-17,34.01,34.01,34.01,36.8,36.8,36.8,0.0,0.0,-2.789999999999999,0.0,0.0,-0.07581521739130437,0.0,0.0,34.01,35.126,35.963,34.358457031253636,34.82022459852223,35.249750552198975,0.043771936169544515,0.033905595963176174,0.023974876825733123,-2.789999999999999,-0.07581521739130433,-2.789999999999999,-0.07581521739130433,-2.789999999999999,-0.07581521739130433,34.01,34.01,34.01,36.8,34.01,36.8,,0.0,0.0,3,4,17,34.0,-0.00999999999999801,DOWN,0.0
KCL,2025-04-18,34.0,34.01,34.01,34.01,36.8,36.8,-0.00999999999999801,-0.00999999999999801,-0.00999999999999801,-0.0002940311673036433,-0.0002940311673036433,-0.0002940311673036433,-0.0002940744029426076,-0.0002940744029426076,34.00666666666667,34.565999999999995,35.683,34.17922851562682,34.54681639901482,35.02252317907189,0.00016975897491794338,0.033872961559283876,0.023964723775681665,-0.00999999999999801,-0.00029403116730367573,-2.799999999999997,-0.07608695652173907,-2.799999999999997,-0.07608695652173907,34.0,34.01,34.0,36.8,34.0,36.8,0.0,0.0,0.0,4,4,18,34.0,0.0,SAME,1.0
KCL,2025-04-21,34.0,34.0,34.01,34.01,36.8,36.8,0.0,-0.00999999999999801,-0.00999999999999801,0.0,-0.0002940311673036433,-0.0002940311673036433,0.0,-0.0002940744029426076,34.00333333333333,34.00599999999999,35.403,34.08961425781341,34.36454426600989,34.83660987378609,0.00016975897491794338,0.033872961559283876,0.023964723775681665,-0.00999999999999801,-0.00029403116730367573,-2.799999999999997,-0.07608695652173907,-2.799999999999997,-0.07608695652173907,34.0,34.01,34.0,34.01,34.0,36.8,0.0,0.0,0.0,0,4,21,34.0,0.0,SAME,1.0
KCL,2025-04-22,34.0,34.0,34.0,34.01,34.01,36.8,0.0,0.0,-0.00999999999999801,0.0,0.0,-0.0002940311673036433,0.0,0.0,34.0,34.004,35.123,34.044807128906704,34.24302951067326,34.68449898764316,0.00016975897491794338,0.00013149473551924586,0.023964723775681665,-0.00999999999999801,-0.00029403116730367573,-0.00999999999999801,-0.00029403116730367573,-2.799999999999997,-0.07608695652173907,34.0,34.0,34.0,34.01,34.0,36.8,,0.0,0.0,1,4,22,34.0,0.0,SAME,1.0
KCL,2025-04-23,34.0,34.0,34.0,34.0,34.01,36.8,0.0,0.0,0.0,0.0,0.0,0.0,0.0,0.0,34.0,34.001999999999995,34.842999999999996,34.022403564453356,34.162019673782176,34.56004462625349,0.0,0.00013149473551924586,0.023964723775681665,0.0,0.0,-0.00999999999999801,-0.00029403116730367573,-2.799999999999997,-0.07608695652173907,34.0,34.0,34.0,34.01,34.0,36.8,,0.0,0.0,2,4,23,34.0,0.0,SAME,1.0
KCL,2025-04-24,34.0,34.0,34.0,34.0,34.01,36.8,0.0,0.0,0.0,0.0,0.0,0.0,0.0,0.0,34.0,34.0,34.563,34.01120178222668,34.10801311585479,34.458218330571036,0.0,0.00013149473551924586,0.023964723775681665,0.0,0.0,-0.00999999999999801,-0.00029403116730367573,-2.799999999999997,-0.07608695652173907,34.0,34.0,34.0,34.0,34.0,36.8,,,0.0,3,4,24,34.0,0.0,SAME,1.0
KCL,2025-04-25,34.0,34.0,34.0,34.0,34.0,36.8,0.0,0.0,0.0,0.0,0.0,0.0,0.0,0.0,34.0,34.0,34.283,34.00560089111334,34.0720087439032,34.37490590683085,0.0,0.0,0.023964723775681665,0.0,0.0,0.0,0.0,-2.799999999999997,-0.07608695652173907,34.0,34.0,34.0,34.0,34.0,36.8,,,0.0,4,4,25,36.0,2.0,UP,2.0
KCL,2025-04-28,36.0,34.0,34.0,34.0,34.0,36.8,2.0,2.0,2.0,0.05882352941176472,0.05882352941176472,0.05882352941176472,0.05715841383994862,0.05715841383994862,34.666666666666664,34.4,34.202999999999996,35.00280044555667,34.71467249593547,34.67037756013433,0.03396178054057305,0.02630668208823282,0.03193458878226708,2.0,0.058823529411764705,2.0,0.058823529411764705,-0.7999999999999972,-0.021739130434782532,34.0,36.0,34.0,36.0,34.0,36.0,1.0,1.0,1.0,0,4,28,36.0,0.0,SAME,1.0
KCL,2025-04-29,36.0,36.0,34.0,34.0,34.0,34.01,0.0,2.0,2.0,0.0,0.05882352941176472,0.05882352941176472,0.0,0.05715841383994862,35.333333333333336,34.8,34.402,35.50140022277834,35.14311499729031,34.912127094655354,0.03396178054057305,0.02630668208823282,0.018612193883190464,2.0,0.058823529411764705,2.0,0.058823529411764705,1.990000000000002,0.058512202293443165,34.0,36.0,34.0,36.0,34.0,36.0,1.0,1.0,1.0,1,4,29,36.0,0.0,SAME,1.0
KCL,2025-04-30,36.0,36.0,36.0,34.0,34.0,34.01,0.0,0.0,2.0,0.0,0.0,0.05882352941176472,0.0,0.0,36.0,35.2,34.601,35.750700111389165,35.428743331526874,35.10992216835438,0.03396178054057305,0.02630668208823282,0.018612193883190464,2.0,0.058823529411764705,2.0,0.058823529411764705,1.990000000000002,0.058512202293443165,36.0,36.0,34.0,36.0,34.0,36.0,,1.0,1.0,2,4,30,36.0,0.0,SAME,1.0
KCL,2025-05-01,36.0,36.0,36.0,36.0,34.0,34.01,0.0,0.0,0.0,0.0,0.0,0.0,0.0,0.0,36.0,35.6,34.8,35.87535005569458,35.619162221017916,35.271754501380855,0.0,0.02630668208823282,0.018612193883190464,0.0,0.0,2.0,0.058823529411764705,1.990000000000002,0.058512202293443165,36.0,36.0,34.0,36.0,34.0,36.0,,1.0,1.0,3,5,1,36.0,0.0,SAME,1.0
KCL,2025-05-05,36.0,36.0,36.0,36.0,34.0,34.0,0.0,0.0,0.0,0.0,0.0,0.0,0.0,0.0,36.0,36.0,35.0,35.93767502784729,35.74610814734528,35.40416277385706,0.0,0.02630668208823282,0.0186016332951081,0.0,0.0,2.0,0.058823529411764705,2.0,0.058823529411764705,36.0,36.0,36.0,36.0,34.0,36.0,,,1.0,0,5,5,36.0,0.0,SAME,1.0
KCL,2025-05-06,36.0,36.0,36.0,36.0,36.0,34.0,0.0,0.0,0.0,0.0,0.0,0.0,0.0,0.0,36.0,36.0,35.2,35.968837513923646,35.83073876489686,35.51249681497396,0.0,0.0,0.0186016332951081,0.0,0.0,0.0,0.0,2.0,0.058823529411764705,36.0,36.0,36.0,36.0,34.0,36.0,,,1.0,1,5,6,36.0,0.0,SAME,1.0
KCL,2025-05-08,36.0,36.0,36.0,36.0,36.0,34.0,0.0,0.0,0.0,0.0,0.0,0.0,0.0,0.0,36.0,36.0,35.4,35.98441875696182,35.887159176597905,35.60113375770596,0.0,0.0,0.0186016332951081,0.0,0.0,0.0,0.0,2.0,0.058823529411764705,36.0,36.0,36.0,36.0,34.0,36.0,,,1.0,3,5,8,36.0,0.0,SAME,1.0
KCL,2025-05-09,36.0,36.0,36.0,36.0,36.0,34.0,0.0,0.0,0.0,0.0,0.0,0.0,0.0,0.0,36.0,36.0,35.6,35.99220937848091,35.924772784398606,35.67365489266851,0.0,0.0,0.0186016332951081,0.0,0.0,0.0,0.0,2.0,0.058823529411764705,36.0,36.0,36.0,36.0,34.0,36.0,,,1.0,4,5,9,36.0,0.0,SAME,1.0
KCL,2025-05-12,36.0,36.0,36.0,36.0,36.0,34.0,0.0,0.0,0.0,0.0,0.0,0.0,0.0,0.0,36.0,36.0,35.8,35.996104689240454,35.949848522932406,35.73299036672878,0.0,0.0,0.0186016332951081,0.0,0.0,0.0,0.0,2.0,0.058823529411764705,36.0,36.0,36.0,36.0,34.0,36.0,,,1.0,0,5,12,36.0,0.0,SAME,1.0
KCL,2025-05-13,36.0,36.0,36.0,36.0,36.0,34.0,0.0,0.0,0.0,0.0,0.0,0.0,0.0,0.0,36.0,36.0,36.0,35.99805234462023,35.96656568195494,35.78153757277809,0.0,0.0,0.0186016332951081,0.0,0.0,0.0,0.0,2.0,0.058823529411764705,36.0,36.0,36.0,36.0,36.0,36.0,,,,1,5,13,36.0,0.0,SAME,1.0
KCL,2025-05-14,36.0,36.0,36.0,36.0,36.0,36.0,0.0,0.0,0.0,0.0,0.0,0.0,0.0,0.0,36.0,36.0,36.0,35.99902617231011,35.97771045463663,35.821258014091164,0.0,0.0,0.0,0.0,0.0,0.0,0.0,0.0,0.0,36.0,36.0,36.0,36.0,36.0,36.0,,,,2,5,14,36.0,0.0,SAME,1.0
KCL,2025-05-15,36.0,36.0,36.0,36.0,36.0,36.0,0.0,0.0,0.0,0.0,0.0,0.0,0.0,0.0,36.0,36.0,36.0,35.999513086155055,35.985140303091086,35.853756556983676,0.0,0.0,0.0,0.0,0.0,0.0,0.0,0.0,0.0,36.0,36.0,36.0,36.0,36.0,36.0,,,,3,5,15,36.0,0.0,SAME,1.0
KCL,2025-05-16,36.0,36.0,36.0,36.0,36.0,36.0,0.0,0.0,0.0,0.0,0.0,0.0,0.0,0.0,36.0,36.0,36.0,35.999756543077524,35.99009353539406,35.88034627389573,0.0,0.0,0.0,0.0,0.0,0.0,0.0,0.0,0.0,36.0,36.0,36.0,36.0,36.0,36.0,,,,4,5,16,36.0,0.0,SAME,1.0
KCL,2025-05-19,36.0,36.0,36.0,36.0,36.0,36.0,0.0,0.0,0.0,0.0,0.0,0.0,0.0,0.0,36.0,36.0,36.0,35.99987827153876,35.99339569026271,35.902101496823775,0.0,0.0,0.0,0.0,0.0,0.0,0.0,0.0,0.0,36.0,36.0,36.0,36.0,36.0,36.0,,,,0,5,19,36.0,0.0,SAME,1.0
KCL,2025-05-20,36.0,36.0,36.0,36.0,36.0,36.0,0.0,0.0,0.0,0.0,0.0,0.0,0.0,0.0,36.0,36.0,36.0,35.99993913576938,35.99559712684181,35.91990122467399,0.0,0.0,0.0,0.0,0.0,0.0,0.0,0.0,0.0,36.0,36.0,36.0,36.0,36.0,36.0,,,,1,5,20,36.0,0.0,SAME,1.0
KCL,2025-05-21,36.0,36.0,36.0,36.0,36.0,36.0,0.0,0.0,0.0,0.0,0.0,0.0,0.0,0.0,36.0,36.0,36.0,35.99996956788469,35.997064751227875,35.934464638369626,0.0,0.0,0.0,0.0,0.0,0.0,0.0,0.0,0.0,36.0,36.0,36.0,36.0,36.0,36.0,,,,2,5,21,36.0,0.0,SAME,1.0
KCL,2025-05-22,36.0,36.0,36.0,36.0,36.0,36.0,0.0,0.0,0.0,0.0,0.0,0.0,0.0,0.0,36.0,36.0,36.0,35.999984783942345,35.99804316748525,35.94638015866605,0.0,0.0,0.0,0.0,0.0,0.0,0.0,0.0,0.0,36.0,36.0,36.0,36.0,36.0,36.0,,,,3,5,22,36.0,0.0,SAME,1.0
KCL,2025-05-23,36.0,36.0,36.0,36.0,36.0,36.0,0.0,0.0,0.0,0.0,0.0,0.0,0.0,0.0,36.0,36.0,36.0,35.999992391971176,35.99869544499017,35.956129220726766,0.0,0.0,0.0,0.0,0.0,0.0,0.0,0.0,0.0,36.0,36.0,36.0,36.0,36.0,36.0,,,,4,5,23,36.0,0.0,SAME,1.0
KCL,2025-05-26,36.0,36.0,36.0,36.0,36.0,36.0,0.0,0.0,0.0,0.0,0.0,0.0,0.0,0.0,36.0,36.0,36.0,35.99999619598559,35.99913029666011,35.96410572604917,0.0,0.0,0.0,0.0,0.0,0.0,0.0,0.0,0.0,36.0,36.0,36.0,36.0,36.0,36.0,,,,0,5,26,36.0,0.0,SAME,1.0
KCL,2025-05-27,36.0,36.0,36.0,36.0,36.0,36.0,0.0,0.0,0.0,0.0,0.0,0.0,0.0,0.0,36.0,36.0,36.0,35.999998097992794,35.99942019777341,35.97063195767659,0.0,0.0,0.0,0.0,0.0,0.0,0.0,0.0,0.0,36.0,36.0,36.0,36.0,36.0,36.0,,,,1,5,27,36.0,0.0,SAME,1.0
KCL,2025-05-28,36.0,36.0,36.0,36.0,36.0,36.0,0.0,0.0,0.0,0.0,0.0,0.0,0.0,0.0,36.0,36.0,36.0,35.9999990489964,35.99961346518228,35.97597160173539,0.0,0.0,0.0,0.0,0.0,0.0,0.0,0.0,0.0,36.0,36.0,36.0,36.0,36.0,36.0,,,,2,5,28,36.0,0.0,SAME,1.0
KCL,2025-05-29,36.0,36.0,36.0,36.0,36.0,36.0,0.0,0.0,0.0,0.0,0.0,0.0,0.0,0.0,36.0,36.0,36.0,35.9999995244982,35.99974231012152,35.98034040141986,0.0,0.0,0.0,0.0,0.0,0.0,0.0,0.0,0.0,36.0,36.0,36.0,36.0,36.0,36.0,,,,3,5,29,36.0,0.0,SAME,1.0
KCL,2025-05-30,36.0,36.0,36.0,36.0,36.0,36.0,0.0,0.0,0.0,0.0,0.0,0.0,0.0,0.0,36.0,36.0,36.0,35.999999762249104,35.99982820674768,35.98391487388897,0.0,0.0,0.0,0.0,0.0,0.0,0.0,0.0,0.0,36.0,36.0,36.0,36.0,36.0,36.0,,,,4,5,30,36.0,0.0,SAME,1.0
KCL,2025-06-02,36.0,36.0,36.0,36.0,36.0,36.0,0.0,0.0,0.0,0.0,0.0,0.0,0.0,0.0,36.0,36.0,36.0,35.99999988112455,35.99988547116512,35.98683944227279,0.0,0.0,0.0,0.0,0.0,0.0,0.0,0.0,0.0,36.0,36.0,36.0,36.0,36.0,36.0,,,,0,6,2,36.0,0.0,SAME,1.0
KCL,2025-06-03,36.0,36.0,36.0,36.0,36.0,36.0,0.0,0.0,0.0,0.0,0.0,0.0,0.0,0.0,36.0,36.0,36.0,35.999999940562276,35.99992364744342,35.98923227095046,0.0,0.0,0.0,0.0,0.0,0.0,0.0,0.0,0.0,36.0,36.0,36.0,36.0,36.0,36.0,,,,1,6,3,36.0,0.0,SAME,1.0
KCL,2025-06-04,36.0,36.0,36.0,36.0,36.0,36.0,0.0,0.0,0.0,0.0,0.0,0.0,0.0,0.0,36.0,36.0,36.0,35.99999997028114,35.999949098295616,35.991190039868556,0.0,0.0,0.0,0.0,0.0,0.0,0.0,0.0,0.0,36.0,36.0,36.0,36.0,36.0,36.0,,,,2,6,4,36.0,0.0,SAME,1.0
KCL,2025-06-05,36.0,36.0,36.0,36.0,36.0,36.0,0.0,0.0,0.0,0.0,0.0,0.0,0.0,0.0,36.0,36.0,36.0,35.99999998514057,35.999966065530415,35.992791850801545,0.0,0.0,0.0,0.0,0.0,0.0,0.0,0.0,0.0,36.0,36.0,36.0,36.0,36.0,36.0,,,,3,6,5,36.0,0.0,SAME,1.0
KCL,2025-06-06,36.0,36.0,36.0,36.0,36.0,36.0,0.0,0.0,0.0,0.0,0.0,0.0,0.0,0.0,36.0,36.0,36.0,35.99999999257028,35.99997737702028,35.99410242338308,0.0,0.0,0.0,0.0,0.0,0.0,0.0,0.0,0.0,36.0,36.0,36.0,36.0,36.0,36.0,,,,4,6,6,36.0,0.0,SAME,1.0
KCL,2025-06-09,36.0,36.0,36.0,36.0,36.0,36.0,0.0,0.0,0.0,0.0,0.0,0.0,0.0,0.0,36.0,36.0,36.0,35.99999999628514,35.999984918013524,35.9951747100407,0.0,0.0,0.0,0.0,0.0,0.0,0.0,0.0,0.0,36.0,36.0,36.0,36.0,36.0,36.0,,,,0,6,9,36.0,0.0,SAME,1.0
KCL,2025-06-10,36.0,36.0,36.0,36.0,36.0,36.0,0.0,0.0,0.0,0.0,0.0,0.0,0.0,0.0,36.0,36.0,36.0,35.99999999814257,35.99998994534235,35.99605203548784,0.0,0.0,0.0,0.0,0.0,0.0,0.0,0.0,0.0,36.0,36.0,36.0,36.0,36.0,36.0,,,,1,6,10,36.0,0.0,SAME,1.0
KCL,2025-06-12,36.0,36.0,36.0,36.0,36.0,36.0,0.0,0.0,0.0,0.0,0.0,0.0,0.0,0.0,36.0,36.0,36.0,35.999999999071285,35.9999932968949,35.99676984721732,0.0,0.0,0.0,0.0,0.0,0.0,0.0,0.0,0.0,36.0,36.0,36.0,36.0,36.0,36.0,,,,3,6,12,36.0,0.0,SAME,1.0
KCL,2025-06-13,36.0,36.0,36.0,36.0,36.0,36.0,0.0,0.0,0.0,0.0,0.0,0.0,0.0,0.0,36.0,36.0,36.0,35.999999999535646,35.99999553126327,35.997357147723264,0.0,0.0,0.0,0.0,0.0,0.0,0.0,0.0,0.0,36.0,36.0,36.0,36.0,36.0,36.0,,,,4,6,13,36.0,0.0,SAME,1.0
KCL,2025-06-16,36.0,36.0,36.0,36.0,36.0,36.0,0.0,0.0,0.0,0.0,0.0,0.0,0.0,0.0,36.0,36.0,36.0,35.99999999976782,35.99999702084218,35.99783766631903,0.0,0.0,0.0,0.0,0.0,0.0,0.0,0.0,0.0,36.0,36.0,36.0,36.0,36.0,36.0,,,,0,6,16,36.0,0.0,SAME,1.0
KCL,2025-06-17,36.0,36.0,36.0,36.0,36.0,36.0,0.0,0.0,0.0,0.0,0.0,0.0,0.0,0.0,36.0,36.0,36.0,35.99999999988391,35.99999801389479,35.99823081789739,0.0,0.0,0.0,0.0,0.0,0.0,0.0,0.0,0.0,36.0,36.0,36.0,36.0,36.0,36.0,,,,1,6,17,36.0,0.0,SAME,1.0
KCL,2025-06-18,36.0,36.0,36.0,36.0,36.0,36.0,0.0,0.0,0.0,0.0,0.0,0.0,0.0,0.0,36.0,36.0,36.0,35.999999999941956,35.99999867592986,35.99855248737059,0.0,0.0,0.0,0.0,0.0,0.0,0.0,0.0,0.0,36.0,36.0,36.0,36.0,36.0,36.0,,,,2,6,18,36.0,0.0,SAME,1.0
KCL,2025-06-19,36.0,36.0,36.0,36.0,36.0,36.0,0.0,0.0,0.0,0.0,0.0,0.0,0.0,0.0,36.0,36.0,36.0,35.99999999997098,35.99999911728658,35.998815671485026,0.0,0.0,0.0,0.0,0.0,0.0,0.0,0.0,0.0,36.0,36.0,36.0,36.0,36.0,36.0,,,,3,6,19,36.0,0.0,SAME,1.0
KCL,2025-06-20,36.0,36.0,36.0,36.0,36.0,36.0,0.0,0.0,0.0,0.0,0.0,0.0,0.0,0.0,36.0,36.0,36.0,35.99999999998549,35.999999411524385,35.99903100394229,0.0,0.0,0.0,0.0,0.0,0.0,0.0,0.0,0.0,36.0,36.0,36.0,36.0,36.0,36.0,,,,4,6,20,36.0,0.0,SAME,1.0
KCL,2025-06-23,36.0,36.0,36.0,36.0,36.0,36.0,0.0,0.0,0.0,0.0,0.0,0.0,0.0,0.0,36.0,36.0,36.0,35.999999999992745,35.99999960768292,35.999207185043694,0.0,0.0,0.0,0.0,0.0,0.0,0.0,0.0,0.0,36.0,36.0,36.0,36.0,36.0,36.0,,,,0,6,23,36.0,0.0,SAME,1.0
KCL,2025-06-24,36.0,36.0,36.0,36.0,36.0,36.0,0.0,0.0,0.0,0.0,0.0,0.0,0.0,0.0,36.0,36.0,36.0,35.999999999996376,35.99999973845529,35.99935133321757,0.0,0.0,0.0,0.0,0.0,0.0,0.0,0.0,0.0,36.0,36.0,36.0,36.0,36.0,36.0,,,,1,6,24,36.0,0.0,SAME,1.0
KCL,2025-06-25,36.0,36.0,36.0,36.0,36.0,36.0,0.0,0.0,0.0,0.0,0.0,0.0,0.0,0.0,36.0,36.0,36.0,35.99999999999819,35.99999982563686,35.99946927263255,0.0,0.0,0.0,0.0,0.0,0.0,0.0,0.0,0.0,36.0,36.0,36.0,36.0,36.0,36.0,,,,2,6,25,36.0,0.0,SAME,1.0
KCL,2025-06-26,36.0,36.0,36.0,36.0,36.0,36.0,0.0,0.0,0.0,0.0,0.0,0.0,0.0,0.0,36.0,36.0,36.0,35.99999999999909,35.99999988375791,35.99956576851754,0.0,0.0,0.0,0.0,0.0,0.0,0.0,0.0,0.0,36.0,36.0,36.0,36.0,36.0,36.0,,,,3,6,26,36.0,0.0,SAME,1.0
KCL,2025-06-27,36.0,36.0,36.0,36.0,36.0,36.0,0.0,0.0,0.0,0.0,0.0,0.0,0.0,0.0,36.0,36.0,36.0,35.999999999999545,35.999999922505275,35.99964471969617,0.0,0.0,0.0,0.0,0.0,0.0,0.0,0.0,0.0,36.0,36.0,36.0,36.0,36.0,36.0,,,,4,6,27,36.0,0.0,SAME,1.0
KCL,2025-06-30,36.0,36.0,36.0,36.0,36.0,36.0,0.0,0.0,0.0,0.0,0.0,0.0,0.0,0.0,36.0,36.0,36.0,35.99999999999977,35.99999994833685,35.999709316115045,0.0,0.0,0.0,0.0,0.0,0.0,0.0,0.0,0.0,36.0,36.0,36.0,36.0,36.0,36.0,,,,0,6,30,36.0,0.0,SAME,1.0
KCL,2025-07-01,36.0,36.0,36.0,36.0,36.0,36.0,0.0,0.0,0.0,0.0,0.0,0.0,0.0,0.0,36.0,36.0,36.0,35.999999999999886,35.999999965557905,35.99976216773049,0.0,0.0,0.0,0.0,0.0,0.0,0.0,0.0,0.0,36.0,36.0,36.0,36.0,36.0,36.0,,,,1,7,1,36.0,0.0,SAME,1.0
KCL,2025-07-02,36.0,36.0,36.0,36.0,36.0,36.0,0.0,0.0,0.0,0.0,0.0,0.0,0.0,0.0,36.0,36.0,36.0,35.99999999999994,35.999999977038605,35.999805409961304,0.0,0.0,0.0,0.0,0.0,0.0,0.0,0.0,0.0,36.0,36.0,36.0,36.0,36.0,36.0,,,,2,7,2,36.0,0.0,SAME,1.0
KCL,2025-07-03,36.0,36.0,36.0,36.0,36.0,36.0,0.0,0.0,0.0,0.0,0.0,0.0,0.0,0.0,36.0,36.0,36.0,35.99999999999997,35.99999998469241,35.99984078996834,0.0,0.0,0.0,0.0,0.0,0.0,0.0,0.0,0.0,36.0,36.0,36.0,36.0,36.0,36.0,,,,3,7,3,36.0,0.0,SAME,1.0
KCL,2025-07-04,36.0,36.0,36.0,36.0,36.0,36.0,0.0,0.0,0.0,0.0,0.0,0.0,0.0,0.0,36.0,36.0,36.0,35.999999999999986,35.999999989794944,35.99986973724682,0.0,0.0,0.0,0.0,0.0,0.0,0.0,0.0,0.0,36.0,36.0,36.0,36.0,36.0,36.0,,,,4,7,4,36.0,0.0,SAME,1.0
KCL,2025-07-07,36.0,36.0,36.0,36.0,36.0,36.0,0.0,0.0,0.0,0.0,0.0,0.0,0.0,0.0,36.0,36.0,36.0,35.99999999999999,35.99999999319663,35.99989342138376,0.0,0.0,0.0,0.0,0.0,0.0,0.0,0.0,0.0,36.0,36.0,36.0,36.0,36.0,36.0,,,,0,7,7,36.0,0.0,SAME,1.0
KCL,2025-07-08,36.0,36.0,36.0,36.0,36.0,36.0,0.0,0.0,0.0,0.0,0.0,0.0,0.0,0.0,36.0,36.0,36.0,36.0,35.99999999546442,35.99991279931398,0.0,0.0,0.0,0.0,0.0,0.0,0.0,0.0,0.0,36.0,36.0,36.0,36.0,36.0,36.0,,,,1,7,8,36.0,0.0,SAME,1.0
KCL,2025-07-09,36.0,36.0,36.0,36.0,36.0,36.0,0.0,0.0,0.0,0.0,0.0,0.0,0.0,0.0,36.0,36.0,36.0,36.0,35.999999996976285,35.99992865398416,0.0,0.0,0.0,0.0,0.0,0.0,0.0,0.0,0.0,36.0,36.0,36.0,36.0,36.0,36.0,,,,2,7,9,36.0,0.0,SAME,1.0
KCL,2025-07-10,36.0,36.0,36.0,36.0,36.0,36.0,0.0,0.0,0.0,0.0,0.0,0.0,0.0,0.0,36.0,36.0,36.0,36.0,35.99999999798419,35.99994162598704,0.0,0.0,0.0,0.0,0.0,0.0,0.0,0.0,0.0,36.0,36.0,36.0,36.0,36.0,36.0,,,,3,7,10,36.0,0.0,SAME,1.0
KCL,2025-07-11,36.0,36.0,36.0,36.0,36.0,36.0,0.0,0.0,0.0,0.0,0.0,0.0,0.0,0.0,36.0,36.0,36.0,36.0,35.99999999865613,35.99995223944394,0.0,0.0,0.0,0.0,0.0,0.0,0.0,0.0,0.0,36.0,36.0,36.0,36.0,36.0,36.0,,,,4,7,11,36.0,0.0,SAME,1.0
KCL,2025-07-14,36.0,36.0,36.0,36.0,36.0,36.0,0.0,0.0,0.0,0.0,0.0,0.0,0.0,0.0,36.0,36.0,36.0,36.0,35.99999999910409,35.999960923181405,0.0,0.0,0.0,0.0,0.0,0.0,0.0,0.0,0.0,36.0,36.0,36.0,36.0,36.0,36.0,,,,0,7,14,36.0,0.0,SAME,1.0
KCL,2025-07-15,36.0,36.0,36.0,36.0,36.0,36.0,0.0,0.0,0.0,0.0,0.0,0.0,0.0,0.0,36.0,36.0,36.0,36.0,35.99999999940273,35.99996802805751,0.0,0.0,0.0,0.0,0.0,0.0,0.0,0.0,0.0,36.0,36.0,36.0,36.0,36.0,36.0,,,,1,7,15,36.0,0.0,SAME,1.0
KCL,2025-07-16,36.0,36.0,36.0,36.0,36.0,36.0,0.0,0.0,0.0,0.0,0.0,0.0,0.0,0.0,36.0,36.0,36.0,36.0,35.999999999601826,35.99997384113796,0.0,0.0,0.0,0.0,0.0,0.0,0.0,0.0,0.0,36.0,36.0,36.0,36.0,36.0,36.0,,,,2,7,16,36.0,0.0,SAME,1.0
KCL,2025-07-17,36.0,36.0,36.0,36.0,36.0,36.0,0.0,0.0,0.0,0.0,0.0,0.0,0.0,0.0,36.0,36.0,36.0,36.0,35.999999999734555,35.99997859729469,0.0,0.0,0.0,0.0,0.0,0.0,0.0,0.0,0.0,36.0,36.0,36.0,36.0,36.0,36.0,,,,3,7,17,36.0,0.0,SAME,1.0
KCL,2025-07-18,36.0,36.0,36.0,36.0,36.0,36.0,0.0,0.0,0.0,0.0,0.0,0.0,0.0,0.0,36.0,36.0,36.0,36.0,35.99999999982304,35.99998248869566,0.0,0.0,0.0,0.0,0.0,0.0,0.0,0.0,0.0,36.0,36.0,36.0,36.0,36.0,36.0,,,,4,7,18,36.0,0.0,SAME,1.0
KCL,2025-07-21,36.0,36.0,36.0,36.0,36.0,36.0,0.0,0.0,0.0,0.0,0.0,0.0,0.0,0.0,36.0,36.0,36.0,36.0,35.99999999988203,35.999985672569174,0.0,0.0,0.0,0.0,0.0,0.0,0.0,0.0,0.0,36.0,36.0,36.0,36.0,36.0,36.0,,,,0,7,21,36.0,0.0,SAME,1.0
KCL,2025-07-22,36.0,36.0,36.0,36.0,36.0,36.0,0.0,0.0,0.0,0.0,0.0,0.0,0.0,0.0,36.0,36.0,36.0,36.0,35.99999999992136,35.9999882775566,0.0,0.0,0.0,0.0,0.0,0.0,0.0,0.0,0.0,36.0,36.0,36.0,36.0,36.0,36.0,,,,1,7,22,36.0,0.0,SAME,1.0
KCL,2025-07-23,36.0,36.0,36.0,36.0,36.0,36.0,0.0,0.0,0.0,0.0,0.0,0.0,0.0,0.0,36.0,36.0,36.0,36.0,35.999999999947576,35.99999040890994,0.0,0.0,0.0,0.0,0.0,0.0,0.0,0.0,0.0,36.0,36.0,36.0,36.0,36.0,36.0,,,,2,7,23,36.0,0.0,SAME,1.0
KCL,2025-07-24,36.0,36.0,36.0,36.0,36.0,36.0,0.0,0.0,0.0,0.0,0.0,0.0,0.0,0.0,36.0,36.0,36.0,36.0,35.999999999965056,35.99999215274449,0.0,0.0,0.0,0.0,0.0,0.0,0.0,0.0,0.0,36.0,36.0,36.0,36.0,36.0,36.0,,,,3,7,24,36.0,0.0,SAME,1.0
KCL,2025-07-25,36.0,36.0,36.0,36.0,36.0,36.0,0.0,0.0,0.0,0.0,0.0,0.0,0.0,0.0,36.0,36.0,36.0,36.0,35.99999999997671,35.99999357951822,0.0,0.0,0.0,0.0,0.0,0.0,0.0,0.0,0.0,36.0,36.0,36.0,36.0,36.0,36.0,,,,4,7,25,36.0,0.0,SAME,1.0
KCL,2025-07-29,36.0,36.0,36.0,36.0,36.0,36.0,0.0,0.0,0.0,0.0,0.0,0.0,0.0,0.0,36.0,36.0,36.0,36.0,35.999999999984475,35.99999474687854,0.0,0.0,0.0,0.0,0.0,0.0,0.0,0.0,0.0,36.0,36.0,36.0,36.0,36.0,36.0,,,,1,7,29,36.0,0.0,SAME,1.0
KCL,2025-07-30,36.0,36.0,36.0,36.0,36.0,36.0,0.0,0.0,0.0,0.0,0.0,0.0,0.0,0.0,36.0,36.0,36.0,36.0,35.999999999989654,35.99999570199153,0.0,0.0,0.0,0.0,0.0,0.0,0.0,0.0,0.0,36.0,36.0,36.0,36.0,36.0,36.0,,,,2,7,30,36.0,0.0,SAME,1.0
KCL,2025-07-31,36.0,36.0,36.0,36.0,36.0,36.0,0.0,0.0,0.0,0.0,0.0,0.0,0.0,0.0,36.0,36.0,36.0,36.0,35.99999999999311,35.99999648344761,0.0,0.0,0.0,0.0,0.0,0.0,0.0,0.0,0.0,36.0,36.0,36.0,36.0,36.0,36.0,,,,3,7,31,36.0,0.0,SAME,1.0
KCL,2025-08-01,36.0,36.0,36.0,36.0,36.0,36.0,0.0,0.0,0.0,0.0,0.0,0.0,0.0,0.0,36.0,36.0,36.0,36.0,35.99999999999541,35.99999712282077,0.0,0.0,0.0,0.0,0.0,0.0,0.0,0.0,0.0,36.0,36.0,36.0,36.0,36.0,36.0,,,,4,8,1,36.0,0.0,SAME,1.0
KCL,2025-08-04,36.0,36.0,36.0,36.0,36.0,36.0,0.0,0.0,0.0,0.0,0.0,0.0,0.0,0.0,36.0,36.0,36.0,36.0,35.999999999996945,35.99999764594427,0.0,0.0,0.0,0.0,0.0,0.0,0.0,0.0,0.0,36.0,36.0,36.0,36.0,36.0,36.0,,,,0,8,4,36.0,0.0,SAME,1.0
KCL,2025-08-05,36.0,36.0,36.0,36.0,36.0,36.0,0.0,0.0,0.0,0.0,0.0,0.0,0.0,0.0,36.0,36.0,36.0,36.0,35.99999999999797,35.9999980739544,0.0,0.0,0.0,0.0,0.0,0.0,0.0,0.0,0.0,36.0,36.0,36.0,36.0,36.0,36.0,,,,1,8,5,36.0,0.0,SAME,1.0
KCL,2025-08-06,36.0,36.0,36.0,36.0,36.0,36.0,0.0,0.0,0.0,0.0,0.0,0.0,0.0,0.0,36.0,36.0,36.0,36.0,35.99999999999865,35.99999842414451,0.0,0.0,0.0,0.0,0.0,0.0,0.0,0.0,0.0,36.0,36.0,36.0,36.0,36.0,36.0,,,,2,8,6,36.0,0.0,SAME,1.0
KCL,2025-08-07,36.0,36.0,36.0,36.0,36.0,36.0,0.0,0.0,0.0,0.0,0.0,0.0,0.0,0.0,36.0,36.0,36.0,36.0,35.999999999999105,35.99999871066368,0.0,0.0,0.0,0.0,0.0,0.0,0.0,0.0,0.0,36.0,36.0,36.0,36.0,36.0,36.0,,,,3,8,7,36.0,0.0,SAME,1.0
KCL,2025-08-08,36.0,36.0,36.0,36.0,36.0,36.0,0.0,0.0,0.0,0.0,0.0,0.0,0.0,0.0,36.0,36.0,36.0,36.0,35.9999999999994,35.999998945088464,0.0,0.0,0.0,0.0,0.0,0.0,0.0,0.0,0.0,36.0,36.0,36.0,36.0,36.0,36.0,,,,4,8,8,36.0,0.0,SAME,1.0
KCL,2025-08-11,36.0,36.0,36.0,36.0,36.0,36.0,0.0,0.0,0.0,0.0,0.0,0.0,0.0,0.0,36.0,36.0,36.0,36.0,35.9999999999996,35.99999913689056,0.0,0.0,0.0,0.0,0.0,0.0,0.0,0.0,0.0,36.0,36.0,36.0,36.0,36.0,36.0,,,,0,8,11,36.0,0.0,SAME,1.0
KCL,2025-08-12,36.0,36.0,36.0,36.0,36.0,36.0,0.0,0.0,0.0,0.0,0.0,0.0,0.0,0.0,36.0,36.0,36.0,36.0,35.99999999999974,35.99999929381954,0.0,0.0,0.0,0.0,0.0,0.0,0.0,0.0,0.0,36.0,36.0,36.0,36.0,36.0,36.0,,,,1,8,12,36.0,0.0,SAME,1.0
KCL,2025-08-13,36.0,36.0,36.0,36.0,36.0,36.0,0.0,0.0,0.0,0.0,0.0,0.0,0.0,0.0,36.0,36.0,36.0,36.0,35.99999999999983,35.999999422215986,0.0,0.0,0.0,0.0,0.0,0.0,0.0,0.0,0.0,36.0,36.0,36.0,36.0,36.0,36.0,,,,2,8,13,36.0,0.0,SAME,1.0
KCL,2025-08-14,36.0,36.0,36.0,36.0,36.0,36.0,0.0,0.0,0.0,0.0,0.0,0.0,0.0,0.0,36.0,36.0,36.0,36.0,35.999999999999886,35.99999952726762,0.0,0.0,0.0,0.0,0.0,0.0,0.0,0.0,0.0,36.0,36.0,36.0,36.0,36.0,36.0,,,,3,8,14,36.0,0.0,SAME,1.0
KCL,2025-08-15,36.0,36.0,36.0,36.0,36.0,36.0,0.0,0.0,0.0,0.0,0.0,0.0,0.0,0.0,36.0,36.0,36.0,36.0,35.99999999999993,35.99999961321896,0.0,0.0,0.0,0.0,0.0,0.0,0.0,0.0,0.0,36.0,36.0,36.0,36.0,36.0,36.0,,,,4,8,15,36.0,0.0,SAME,1.0
KCL,2025-08-18,36.0,36.0,36.0,36.0,36.0,36.0,0.0,0.0,0.0,0.0,0.0,0.0,0.0,0.0,36.0,36.0,36.0,36.0,35.99999999999996,35.99999968354278,0.0,0.0,0.0,0.0,0.0,0.0,0.0,0.0,0.0,36.0,36.0,36.0,36.0,36.0,36.0,,,,0,8,18,36.0,0.0,SAME,1.0
KCL,2025-08-19,36.0,36.0,36.0,36.0,36.0,36.0,0.0,0.0,0.0,0.0,0.0,0.0,0.0,0.0,36.0,36.0,36.0,36.0,35.99999999999997,35.99999974108046,0.0,0.0,0.0,0.0,0.0,0.0,0.0,0.0,0.0,36.0,36.0,36.0,36.0,36.0,36.0,,,,1,8,19,36.0,0.0,SAME,1.0
KCL,2025-08-20,36.0,36.0,36.0,36.0,36.0,36.0,0.0,0.0,0.0,0.0,0.0,0.0,0.0,0.0,36.0,36.0,36.0,36.0,35.999999999999986,35.999999788156735,0.0,0.0,0.0,0.0,0.0,0.0,0.0,0.0,0.0,36.0,36.0,36.0,36.0,36.0,36.0,,,,2,8,20,36.0,0.0,SAME,1.0
KCL,2025-08-21,36.0,36.0,36.0,36.0,36.0,36.0,0.0,0.0,0.0,0.0,0.0,0.0,0.0,0.0,36.0,36.0,36.0,36.0,35.99999999999999,35.99999982667369,0.0,0.0,0.0,0.0,0.0,0.0,0.0,0.0,0.0,36.0,36.0,36.0,36.0,36.0,36.0,,,,3,8,21,36.0,0.0,SAME,1.0
KCL,2025-08-22,36.0,36.0,36.0,36.0,36.0,36.0,0.0,0.0,0.0,0.0,0.0,0.0,0.0,0.0,36.0,36.0,36.0,36.0,36.0,35.99999985818756,0.0,0.0,0.0,0.0,0.0,0.0,0.0,0.0,0.0,36.0,36.0,36.0,36.0,36.0,36.0,,,,4,8,22,36.0,0.0,SAME,1.0
KCL,2025-08-25,36.0,36.0,36.0,36.0,36.0,36.0,0.0,0.0,0.0,0.0,0.0,0.0,0.0,0.0,36.0,36.0,36.0,36.0,36.0,35.99999988397163,0.0,0.0,0.0,0.0,0.0,0.0,0.0,0.0,0.0,36.0,36.0,36.0,36.0,36.0,36.0,,,,0,8,25,36.0,0.0,SAME,1.0
KCL,2025-08-26,36.0,36.0,36.0,36.0,36.0,36.0,0.0,0.0,0.0,0.0,0.0,0.0,0.0,0.0,36.0,36.0,36.0,36.0,36.0,35.999999905067696,0.0,0.0,0.0,0.0,0.0,0.0,0.0,0.0,0.0,36.0,36.0,36.0,36.0,36.0,36.0,,,,1,8,26,36.0,0.0,SAME,1.0
KCL,2025-08-27,36.0,36.0,36.0,36.0,36.0,36.0,0.0,0.0,0.0,0.0,0.0,0.0,0.0,0.0,36.0,36.0,36.0,36.0,36.0,35.999999922328115,0.0,0.0,0.0,0.0,0.0,0.0,0.0,0.0,0.0,36.0,36.0,36.0,36.0,36.0,36.0,,,,2,8,27,36.0,0.0,SAME,1.0
KCL,2025-08-28,36.0,36.0,36.0,36.0,36.0,36.0,0.0,0.0,0.0,0.0,0.0,0.0,0.0,0.0,36.0,36.0,36.0,36.0,36.0,35.99999993645027,0.0,0.0,0.0,0.0,0.0,0.0,0.0,0.0,0.0,36.0,36.0,36.0,36.0,36.0,36.0,,,,3,8,28,36.38,0.38000000000000256,UP,2.0
KCL,2025-08-29,36.38,36.0,36.0,36.0,36.0,36.0,0.38000000000000256,0.38000000000000256,0.38000000000000256,0.010555555555555651,0.010555555555555651,0.010555555555555651,0.010500234633866288,0.010500234633866288,36.12666666666667,36.076,36.038,36.19,36.12666666666667,36.069090857095674,0.006094252841483205,0.004720587952499604,0.0033379597523999945,0.38000000000000256,0.010555555555555627,0.38000000000000256,0.010555555555555627,0.38000000000000256,0.010555555555555627,36.0,36.38,36.0,36.38,36.0,36.38,1.0,1.0,1.0,4,8,29,36.38,0.0,SAME,1.0
KCL,2025-09-01,36.38,36.38,36.0,36.0,36.0,36.0,0.0,0.38000000000000256,0.38000000000000256,0.0,0.010555555555555651,0.010555555555555651,0.0,0.010500234633866288,36.25333333333333,36.152,36.076,36.285,36.211111111111116,36.12561979216919,0.006094252841483205,0.004720587952499604,0.0033379597523999945,0.38000000000000256,0.010555555555555627,0.38000000000000256,0.010555555555555627,0.38000000000000256,0.010555555555555627,36.0,36.38,36.0,36.38,36.0,36.38,1.0,1.0,1.0,0,9,1,36.38,0.0,SAME,1.0
KCL,2025-09-02,36.38,36.38,36.38,36.0,36.0,36.0,0.0,0.0,0.38000000000000256,0.0,0.0,0.010555555555555651,0.0,0.0,36.38,36.228,36.114,36.332499999999996,36.26740740740741,36.17187073904752,0.006094252841483205,0.004720587952499604,0.0033379597523999945,0.38000000000000256,0.010555555555555627,0.38000000000000256,0.010555555555555627,0.38000000000000256,0.010555555555555627,36.38,36.38,36.0,36.38,36.0,36.38,,1.0,1.0,1,9,2,36.38,0.0,SAME,1.0
KCL,2025-09-03,36.38,36.38,36.38,36.38,36.0,36.0,0.0,0.0,0.0,0.0,0.0,0.0,0.0,0.0,36.38,36.304,36.152,36.35625,36.30493827160495,36.20971242285706,0.0,0.004720587952499604,0.0033379597523999945,0.0,0.0,0.38000000000000256,0.010555555555555627,0.38000000000000256,0.010555555555555627,36.38,36.38,36.0,36.38,36.0,36.38,,1.0,1.0,2,9,3,36.38,0.0,SAME,1.0
KCL,2025-09-04,36.38,36.38,36.38,36.38,36.0,36.0,0.0,0.0,0.0,0.0,0.0,0.0,0.0,0.0,36.38,36.38,36.190000000000005,36.368125000000006,36.329958847736634,36.24067380051941,0.0,0.004720587952499604,0.0033379597523999945,0.0,0.0,0.38000000000000256,0.010555555555555627,0.38000000000000256,0.010555555555555627,36.38,36.38,36.38,36.38,36.0,36.38,,,1.0,3,9,4,36.38,0.0,SAME,1.0
KCL,2025-09-05,36.38,36.38,36.38,36.38,36.38,36.0,0.0,0.0,0.0,0.0,0.0,0.0,0.0,0.0,36.38,36.38,36.228,36.37406250000001,36.346639231824426,36.26600583678861,0.0,0.0,0.0033379597523999945,0.0,0.0,0.0,0.0,0.38000000000000256,0.010555555555555627,36.38,36.38,36.38,36.38,36.0,36.38,,,1.0,4,9,5,36.38,0.0,SAME,1.0
KCL,2025-09-08,36.38,36.38,36.38,36.38,36.38,36.0,0.0,0.0,0.0,0.0,0.0,0.0,0.0,0.0,36.38,36.38,36.266000000000005,36.37703125,36.35775948788295,36.286732048281586,0.0,0.0,0.0033379597523999945,0.0,0.0,0.0,0.0,0.38000000000000256,0.010555555555555627,36.38,36.38,36.38,36.38,36.0,36.38,,,1.0,0,9,8,36.38,0.0,SAME,1.0
KCL,2025-09-09,36.38,36.38,36.38,36.38,36.38,36.0,0.0,0.0,0.0,0.0,0.0,0.0,0.0,0.0,36.38,36.38,36.304,36.378515625000006,36.36517299192197,36.30368985768493,0.0,0.0,0.0033379597523999945,0.0,0.0,0.0,0.0,0.38000000000000256,0.010555555555555627,36.38,36.38,36.38,36.38,36.0,36.38,,,1.0,1,9,9,36.38,0.0,SAME,1.0
KCL,2025-09-10,36.38,36.38,36.38,36.38,36.38,36.0,0.0,0.0,0.0,0.0,0.0,0.0,0.0,0.0,36.38,36.38,36.342,36.3792578125,36.370115327947985,36.31756442901494,0.0,0.0,0.0033379597523999945,0.0,0.0,0.0,0.0,0.38000000000000256,0.010555555555555627,36.38,36.38,36.38,36.38,36.0,36.38,,,1.0,2,9,10,36.38,0.0,SAME,1.0
KCL,2025-09-11,36.38,36.38,36.38,36.38,36.38,36.0,0.0,0.0,0.0,0.0,0.0,0.0,0.0,0.0,36.38,36.38,36.38,36.379628906250005,36.373410218631996,36.328916351012225,0.0,0.0,0.0033379597523999945,0.0,0.0,0.0,0.0,0.38000000000000256,0.010555555555555627,36.38,36.38,36.38,36.38,36.38,36.38,,,,3,9,11,36.38,0.0,SAME,1.0
KCL,2025-09-12,36.38,36.38,36.38,36.38,36.38,36.38,0.0,0.0,0.0,0.0,0.0,0.0,0.0,0.0,36.38,36.38,36.38,36.37981445312501,36.37560681242133,36.33820428719182,0.0,0.0,0.0,0.0,0.0,0.0,0.0,0.0,0.0,36.38,36.38,36.38,36.38,36.38,36.38,,,,4,9,12,36.38,0.0,SAME,1.0
KCL,2025-09-15,36.38,36.38,36.38,36.38,36.38,36.38,0.0,0.0,0.0,0.0,0.0,0.0,0.0,0.0,36.38,36.38,36.38,36.37990722656251,36.37707120828089,36.3458035077024,0.0,0.0,0.0,0.0,0.0,0.0,0.0,0.0,0.0,36.38,36.38,36.38,36.38,36.38,36.38,,,,0,9,15,36.38,0.0,SAME,1.0
KCL,2025-09-16,36.38,36.38,36.38,36.38,36.38,36.38,0.0,0.0,0.0,0.0,0.0,0.0,0.0,0.0,36.38,36.38,36.38,36.37995361328126,36.37804747218726,36.35202105175651,0.0,0.0,0.0,0.0,0.0,0.0,0.0,0.0,0.0,36.38,36.38,36.38,36.38,36.38,36.38,,,,1,9,16,36.38,0.0,SAME,1.0
KCL,2025-09-17,36.38,36.38,36.38,36.38,36.38,36.38,0.0,0.0,0.0,0.0,0.0,0.0,0.0,0.0,36.38,36.38,36.38,36.37997680664063,36.378698314791514,36.35710813325532,0.0,0.0,0.0,0.0,0.0,0.0,0.0,0.0,0.0,36.38,36.38,36.38,36.38,36.38,36.38,,,,2,9,17,36.38,0.0,SAME,1.0
KCL,2025-09-18,36.38,36.38,36.38,36.38,36.38,36.38,0.0,0.0,0.0,0.0,0.0,0.0,0.0,0.0,36.38,36.38,36.38,36.37998840332031,36.37913220986101,36.36127029084526,0.0,0.0,0.0,0.0,0.0,0.0,0.0,0.0,0.0,36.38,36.38,36.38,36.38,36.38,36.38,,,,3,9,18,36.38,0.0,SAME,1.0
KCL,2025-09-19,36.38,36.38,36.38,36.38,36.38,36.38,0.0,0.0,0.0,0.0,0.0,0.0,0.0,0.0,36.38,36.38,36.38,36.37999420166015,36.379421473240676,36.364675692509756,0.0,0.0,0.0,0.0,0.0,0.0,0.0,0.0,0.0,36.38,36.38,36.38,36.38,36.38,36.38,,,,4,9,19,36.38,0.0,SAME,1.0
KCL,2025-09-22,36.38,36.38,36.38,36.38,36.38,36.38,0.0,0.0,0.0,0.0,0.0,0.0,0.0,0.0,36.38,36.38,36.38,36.37999710083008,36.37961431549379,36.36746193023525,0.0,0.0,0.0,0.0,0.0,0.0,0.0,0.0,0.0,36.38,36.38,36.38,36.38,36.38,36.38,,,,0,9,22,36.38,0.0,SAME,1.0
KCL,2025-09-24,36.38,36.38,36.38,36.38,36.38,36.38,0.0,0.0,0.0,0.0,0.0,0.0,0.0,0.0,36.38,36.38,36.38,36.37999855041504,36.37974287699586,36.369741579283385,0.0,0.0,0.0,0.0,0.0,0.0,0.0,0.0,0.0,36.38,36.38,36.38,36.38,36.38,36.38,,,,2,9,24,36.38,0.0,SAME,1.0
KCL,2025-09-25,36.38,36.38,36.38,36.38,36.38,36.38,0.0,0.0,0.0,0.0,0.0,0.0,0.0,0.0,36.38,36.38,36.38,36.379999275207524,36.37982858466391,36.3716067466864,0.0,0.0,0.0,0.0,0.0,0.0,0.0,0.0,0.0,36.38,36.38,36.38,36.38,36.38,36.38,,,,3,9,25,36.38,0.0,SAME,1.0
KCL,2025-09-26,36.38,36.38,36.38,36.38,36.38,36.38,0.0,0.0,0.0,0.0,0.0,0.0,0.0,0.0,36.38,36.38,36.38,36.37999963760376,36.379885723109275,36.37313279274342,0.0,0.0,0.0,0.0,0.0,0.0,0.0,0.0,0.0,36.38,36.38,36.38,36.38,36.38,36.38,,,,4,9,26,36.38,0.0,SAME,1.0
KCL,2025-09-29,36.38,36.38,36.38,36.38,36.38,36.38,0.0,0.0,0.0,0.0,0.0,0.0,0.0,0.0,36.38,36.38,36.38,36.37999981880188,36.37992381540619,36.37438137588098,0.0,0.0,0.0,0.0,0.0,0.0,0.0,0.0,0.0,36.38,36.38,36.38,36.38,36.38,36.38,,,,0,9,29,36.38,0.0,SAME,1.0
KCL,2025-09-30,36.38,36.38,36.38,36.38,36.38,36.38,0.0,0.0,0.0,0.0,0.0,0.0,0.0,0.0,36.38,36.38,36.38,36.37999990940094,36.379949210270794,36.37540294390262,0.0,0.0,0.0,0.0,0.0,0.0,0.0,0.0,0.0,36.38,36.38,36.38,36.38,36.38,36.38,,,,1,9,30,36.38,0.0,SAME,1.0
KCL,2025-10-01,36.38,36.38,36.38,36.38,36.38,36.38,0.0,0.0,0.0,0.0,0.0,0.0,0.0,0.0,36.38,36.38,36.38,36.379999954700466,36.379966140180535,36.37623877228396,0.0,0.0,0.0,0.0,0.0,0.0,0.0,0.0,0.0,36.38,36.38,36.38,36.38,36.38,36.38,,,,2,10,1,36.38,0.0,SAME,1.0
KCL,2025-10-06,36.38,36.38,36.38,36.38,36.38,36.38,0.0,0.0,0.0,0.0,0.0,0.0,0.0,0.0,36.38,36.38,36.38,36.37999997735024,36.37997742678703,36.376922631868695,0.0,0.0,0.0,0.0,0.0,0.0,0.0,0.0,0.0,36.38,36.38,36.38,36.38,36.38,36.38,,,,0,10,6,36.38,0.0,SAME,1.0
KCL,2025-10-07,36.38,36.38,36.38,36.38,36.38,36.38,0.0,0.0,0.0,0.0,0.0,0.0,0.0,0.0,36.38,36.38,36.38,36.379999988675124,36.379984951191354,36.37748215334711,0.0,0.0,0.0,0.0,0.0,0.0,0.0,0.0,0.0,36.38,36.38,36.38,36.38,36.38,36.38,,,,1,10,7,36.38,0.0,SAME,1.0
KCL,2025-10-08,36.38,36.38,36.38,36.38,36.38,36.38,0.0,0.0,0.0,0.0,0.0,0.0,0.0,0.0,36.38,36.38,36.38,36.37999999433757,36.37998996746091,36.37793994364763,0.0,0.0,0.0,0.0,0.0,0.0,0.0,0.0,0.0,36.38,36.38,36.38,36.38,36.38,36.38,,,,2,10,8,36.38,0.0,SAME,1.0
KCL,2025-10-09,36.38,36.38,36.38,36.38,36.38,36.38,0.0,0.0,0.0,0.0,0.0,0.0,0.0,0.0,36.38,36.38,36.38,36.37999999716878,36.37999331164061,36.378314499348065,0.0,0.0,0.0,0.0,0.0,0.0,0.0,0.0,0.0,36.38,36.38,36.38,36.38,36.38,36.38,,,,3,10,9,31.49,-4.890000000000004,DOWN,0.0
KCL,2025-10-10,31.49,36.38,36.38,36.38,36.38,36.38,-4.890000000000004,-4.890000000000004,-4.890000000000004,-0.13441451346893907,-0.13441451346893907,-0.13441451346893907,-0.14434913797704302,-0.14434913797704302,34.75,35.402,35.891000000000005,33.93499999858439,34.74999554109374,35.48953004492114,0.07760425553428724,0.060111997855821775,0.042505601314522794,-4.890000000000004,-0.13441451346893907,-4.890000000000004,-0.13441451346893907,-4.890000000000004,-0.13441451346893907,31.49,36.38,31.49,36.38,31.49,36.38,0.0,0.0,0.0,4,10,10,31.49,0.0,SAME,1.0
KCL,2025-10-13,31.49,31.49,36.38,36.38,36.38,36.38,0.0,-4.890000000000004,-4.890000000000004,0.0,-0.13441451346893907,-0.13441451346893907,0.0,-0.14434913797704302,33.120000000000005,34.424,35.402,32.71249999929219,33.66333036072916,34.762342764026386,0.07760425553428724,0.060111997855821775,0.042505601314522794,-4.890000000000004,-0.13441451346893907,-4.890000000000004,-0.13441451346893907,-4.890000000000004,-0.13441451346893907,31.49,36.38,31.49,36.38,31.49,36.38,0.0,0.0,0.0,0,10,13,31.49,0.0,SAME,1.0
KCL,2025-10-14,31.49,31.49,31.49,36.38,36.38,36.38,0.0,0.0,-4.890000000000004,0.0,0.0,-0.13441451346893907,0.0,0.0,31.49,33.446000000000005,34.913,32.10124999964609,32.93888690715278,34.167371352385224,0.07760425553428724,0.060111997855821775,0.042505601314522794,-4.890000000000004,-0.13441451346893907,-4.890000000000004,-0.13441451346893907,-4.890000000000004,-0.13441451346893907,31.49,31.49,31.49,36.38,31.49,36.38,,0.0,0.0,1,10,14,31.49,0.0,SAME,1.0
KCL,2025-10-15,31.49,31.49,31.49,31.49,36.38,36.38,0.0,0.0,0.0,0.0,0.0,0.0,0.0,0.0,31.49,32.467999999999996,34.424,31.795624999823048,32.45592460476852,33.68057656104245,0.0,0.060111997855821775,0.042505601314522794,0.0,0.0,-4.890000000000004,-0.13441451346893907,-4.890000000000004,-0.13441451346893907,31.49,31.49,31.49,36.38,31.49,36.38,,0.0,0.0,2,10,15,31.49,0.0,SAME,1.0
KCL,2025-10-16,31.49,31.49,31.49,31.49,36.38,36.38,0.0,0.0,0.0,0.0,0.0,0.0,0.0,0.0,31.49,31.49,33.935,31.64281249991152,32.13394973651235,33.282289913580186,0.0,0.060111997855821775,0.042505601314522794,0.0,0.0,-4.890000000000004,-0.13441451346893907,-4.890000000000004,-0.13441451346893907,31.49,31.49,31.49,31.49,31.49,36.38,,,0.0,3,10,16,31.49,0.0,SAME,1.0
KCL,2025-10-17,31.49,31.49,31.49,31.49,31.49,36.38,0.0,0.0,0.0,0.0,0.0,0.0,0.0,0.0,31.49,31.49,33.446,31.56640624995576,31.919299824341568,32.95641902020197,0.0,0.0,0.042505601314522794,0.0,0.0,0.0,0.0,-4.890000000000004,-0.13441451346893907,31.49,31.49,31.49,31.49,31.49,36.38,,,0.0,4,10,17,31.49,0.0,SAME,1.0
KCL,2025-10-20,31.49,31.49,31.49,31.49,31.49,36.38,0.0,0.0,0.0,0.0,0.0,0.0,0.0,0.0,31.49,31.49,32.957,31.52820312497788,31.77619988289438,32.689797380165245,0.0,0.0,0.042505601314522794,0.0,0.0,0.0,0.0,-4.890000000000004,-0.13441451346893907,31.49,31.49,31.49,31.49,31.49,36.38,,,0.0,0,10,20,31.49,0.0,SAME,1.0
KCL,2025-10-21,31.49,31.49,31.49,31.49,31.49,36.38,0.0,0.0,0.0,0.0,0.0,0.0,0.0,0.0,31.49,31.49,32.468,31.509101562488937,31.68079992192959,32.47165240195338,0.0,0.0,0.042505601314522794,0.0,0.0,0.0,0.0,-4.890000000000004,-0.13441451346893907,31.49,31.49,31.49,31.49,31.49,36.38,,,0.0,1,10,21,31.49,0.0,SAME,1.0
KCL,2025-10-22,31.49,31.49,31.49,31.49,31.49,36.38,0.0,0.0,0.0,0.0,0.0,0.0,0.0,0.0,31.49,31.49,31.979000000000003,31.499550781244466,31.61719994795306,32.29317014705276,0.0,0.0,0.042505601314522794,0.0,0.0,0.0,0.0,-4.890000000000004,-0.13441451346893907,31.49,31.49,31.49,31.49,31.49,36.38,,,0.0,2,10,22,31.49,0.0,SAME,1.0
KCL,2025-10-23,31.49,31.49,31.49,31.49,31.49,36.38,0.0,0.0,0.0,0.0,0.0,0.0,0.0,0.0,31.49,31.49,31.49,31.49477539062223,31.57479996530204,32.14713921122498,0.0,0.0,0.042505601314522794,0.0,0.0,0.0,0.0,-4.890000000000004,-0.13441451346893907,31.49,31.49,31.49,31.49,31.49,31.49,,,,3,10,23,31.49,0.0,SAME,1.0
KCL,2025-10-24,31.49,31.49,31.49,31.49,31.49,31.49,0.0,0.0,0.0,0.0,0.0,0.0,0.0,0.0,31.49,31.49,31.49,31.492387695311116,31.54653331020136,32.027659354638615,0.0,0.0,0.0,0.0,0.0,0.0,0.0,0.0,0.0,31.49,31.49,31.49,31.49,31.49,31.49,,,,4,10,24,31.49,0.0,SAME,1.0
KCL,2025-10-27,31.49,31.49,31.49,31.49,31.49,31.49,0.0,0.0,0.0,0.0,0.0,0.0,0.0,0.0,31.49,31.49,31.49,31.49119384765556,31.527688873467575,31.929903108340685,0.0,0.0,0.0,0.0,0.0,0.0,0.0,0.0,0.0,31.49,31.49,31.49,31.49,31.49,31.49,,,,0,10,27,31.49,0.0,SAME,1.0
KCL,2025-10-28,31.49,31.49,31.49,31.49,31.49,31.49,0.0,0.0,0.0,0.0,0.0,0.0,0.0,0.0,31.49,31.49,31.49,31.49059692382778,31.51512591564505,31.849920725006015,0.0,0.0,0.0,0.0,0.0,0.0,0.0,0.0,0.0,31.49,31.49,31.49,31.49,31.49,31.49,,,,1,10,28,31.49,0.0,SAME,1.0
KCL,2025-10-29,31.49,31.49,31.49,31.49,31.49,31.49,0.0,0.0,0.0,0.0,0.0,0.0,0.0,0.0,31.49,31.49,31.49,31.490298461913888,31.506750610430036,31.78448059318674,0.0,0.0,0.0,0.0,0.0,0.0,0.0,0.0,0.0,31.49,31.49,31.49,31.49,31.49,31.49,,,,2,10,29,31.49,0.0,SAME,1.0
KCL,2025-10-30,31.49,31.49,31.49,31.49,31.49,31.49,0.0,0.0,0.0,0.0,0.0,0.0,0.0,0.0,31.49,31.49,31.49,31.490149230956945,31.501167073620024,31.730938667152785,0.0,0.0,0.0,0.0,0.0,0.0,0.0,0.0,0.0,31.49,31.49,31.49,31.49,31.49,31.49,,,,3,10,30,31.49,0.0,SAME,1.0
KCL,2025-10-31,31.49,31.49,31.49,31.49,31.49,31.49,0.0,0.0,0.0,0.0,0.0,0.0,0.0,0.0,31.49,31.49,31.49,31.49007461547847,31.497444715746685,31.687131636761368,0.0,0.0,0.0,0.0,0.0,0.0,0.0,0.0,0.0,31.49,31.49,31.49,31.49,31.49,31.49,,,,4,10,31,31.49,0.0,SAME,1.0
KCL,2025-11-03,31.49,31.49,31.49,31.49,31.49,31.49,0.0,0.0,0.0,0.0,0.0,0.0,0.0,0.0,31.49,31.49,31.49,31.490037307739236,31.494963143831125,31.651289520986573,0.0,0.0,0.0,0.0,0.0,0.0,0.0,0.0,0.0,31.49,31.49,31.49,31.49,31.49,31.49,,,,0,11,3,31.49,0.0,SAME,1.0
KCL,2025-11-04,31.49,31.49,31.49,31.49,31.49,31.49,0.0,0.0,0.0,0.0,0.0,0.0,0.0,0.0,31.49,31.49,31.49,31.49001865386962,31.493308762554086,31.621964153534467,0.0,0.0,0.0,0.0,0.0,0.0,0.0,0.0,0.0,31.49,31.49,31.49,31.49,31.49,31.49,,,,1,11,4,31.49,0.0,SAME,1.0
KCL,2025-11-05,31.49,31.49,31.49,31.49,31.49,31.49,0.0,0.0,0.0,0.0,0.0,0.0,0.0,0.0,31.49,31.49,31.49,31.49000932693481,31.492205841702727,31.597970671073654,0.0,0.0,0.0,0.0,0.0,0.0,0.0,0.0,0.0,31.49,31.49,31.49,31.49,31.49,31.49,,,,2,11,5,31.49,0.0,SAME,1.0
KCL,2025-11-06,31.49,31.49,31.49,31.49,31.49,31.49,0.0,0.0,0.0,0.0,0.0,0.0,0.0,0.0,31.49,31.49,31.49,31.490004663467403,31.491470561135152,31.578339639969354,0.0,0.0,0.0,0.0,0.0,0.0,0.0,0.0,0.0,31.49,31.49,31.49,31.49,31.49,31.49,,,,3,11,6,31.49,0.0,SAME,1.0
KCL,2025-11-07,31.49,31.49,31.49,31.49,31.49,31.49,0.0,0.0,0.0,0.0,0.0,0.0,0.0,0.0,31.49,31.49,31.49,31.4900023317337,31.490980374090103,31.562277887247653,0.0,0.0,0.0,0.0,0.0,0.0,0.0,0.0,0.0,31.49,31.49,31.49,31.49,31.49,31.49,,,,4,11,7,31.49,0.0,SAME,1.0
KCL,2025-11-10,31.49,31.49,31.49,31.49,31.49,31.49,0.0,0.0,0.0,0.0,0.0,0.0,0.0,0.0,31.49,31.49,31.49,31.49000116586685,31.490653582726736,31.549136453202625,0.0,0.0,0.0,0.0,0.0,0.0,0.0,0.0,0.0,31.49,31.49,31.49,31.49,31.49,31.49,,,,0,11,10,31.49,0.0,SAME,1.0
KCL,2025-11-17,31.49,31.49,31.49,31.49,31.49,31.49,0.0,0.0,0.0,0.0,0.0,0.0,0.0,0.0,31.49,31.49,31.49,31.490000582933426,31.490435721817825,31.538384370802145,0.0,0.0,0.0,0.0,0.0,0.0,0.0,0.0,0.0,31.49,31.49,31.49,31.49,31.49,31.49,,,,0,11,17,31.49,0.0,SAME,1.0
KCL,2025-11-18,31.49,31.49,31.49,31.49,31.49,31.49,0.0,0.0,0.0,0.0,0.0,0.0,0.0,0.0,31.49,31.49,31.49,31.490000291466714,31.490290481211886,31.529587212474482,0.0,0.0,0.0,0.0,0.0,0.0,0.0,0.0,0.0,31.49,31.49,31.49,31.49,31.49,31.49,,,,1,11,18,31.49,0.0,SAME,1.0
KCL,2025-11-19,31.49,31.49,31.49,31.49,31.49,31.49,0.0,0.0,0.0,0.0,0.0,0.0,0.0,0.0,31.49,31.49,31.49,31.490000145733354,31.490193654141258,31.52238953747912,0.0,0.0,0.0,0.0,0.0,0.0,0.0,0.0,0.0,31.49,31.49,31.49,31.49,31.49,31.49,,,,2,11,19,31.49,0.0,SAME,1.0
KCL,2025-11-20,31.49,31.49,31.49,31.49,31.49,31.49,0.0,0.0,0.0,0.0,0.0,0.0,0.0,0.0,31.49,31.49,31.49,31.49000007286668,31.49012910276084,31.516500530664736,0.0,0.0,0.0,0.0,0.0,0.0,0.0,0.0,0.0,31.49,31.49,31.49,31.49,31.49,31.49,,,,3,11,20,31.49,0.0,SAME,1.0
KCL,2025-11-21,31.49,31.49,31.49,31.49,31.49,31.49,0.0,0.0,0.0,0.0,0.0,0.0,0.0,0.0,31.49,31.49,31.49,31.490000036433337,31.490086068507228,31.511682252362057,0.0,0.0,0.0,0.0,0.0,0.0,0.0,0.0,0.0,31.49,31.49,31.49,31.49,31.49,31.49,,,,4,11,21,31.49,0.0,SAME,1.0
KCL,2025-11-24,31.49,31.49,31.49,31.49,31.49,31.49,0.0,0.0,0.0,0.0,0.0,0.0,0.0,0.0,31.49,31.49,31.49,31.49000001821667,31.49005737900482,31.507740024659864,0.0,0.0,0.0,0.0,0.0,0.0,0.0,0.0,0.0,31.49,31.49,31.49,31.49,31.49,31.49,,,,0,11,24,31.49,0.0,SAME,1.0
KCL,2025-11-25,31.49,31.49,31.49,31.49,31.49,31.49,0.0,0.0,0.0,0.0,0.0,0.0,0.0,0.0,31.49,31.49,31.49,31.490000009108336,31.490038252669883,31.504514565630796,0.0,0.0,0.0,0.0,0.0,0.0,0.0,0.0,0.0,31.49,31.49,31.49,31.49,31.49,31.49,,,,1,11,25,31.49,0.0,SAME,1.0
KCL,2025-11-26,31.49,31.49,31.49,31.49,31.49,31.49,0.0,0.0,0.0,0.0,0.0,0.0,0.0,0.0,31.49,31.49,31.49,31.49000000455417,31.490025501779925,31.50187555369792,0.0,0.0,0.0,0.0,0.0,0.0,0.0,0.0,0.0,31.49,31.49,31.49,31.49,31.49,31.49,,,,2,11,26,31.49,0.0,SAME,1.0
KCL,2025-11-27,31.49,31.49,31.49,31.49,31.49,31.49,0.0,0.0,0.0,0.0,0.0,0.0,0.0,0.0,31.49,31.49,31.49,31.490000002277085,31.49001700118662,31.49971636211648,0.0,0.0,0.0,0.0,0.0,0.0,0.0,0.0,0.0,31.49,31.49,31.49,31.49,31.49,31.49,,,,3,11,27,31.49,0.0,SAME,1.0
KCL,2025-11-28,31.49,31.49,31.49,31.49,31.49,31.49,0.0,0.0,0.0,0.0,0.0,0.0,0.0,0.0,31.49,31.49,31.49,31.49000000113854,31.490011334124414,31.497949750822574,0.0,0.0,0.0,0.0,0.0,0.0,0.0,0.0,0.0,31.49,31.49,31.49,31.49,31.49,31.49,,,,4,11,28,31.49,0.0,SAME,1.0
KCL,2025-12-01,31.49,31.49,31.49,31.49,31.49,31.49,0.0,0.0,0.0,0.0,0.0,0.0,0.0,0.0,31.49,31.49,31.49,31.490000000569268,31.490007556082944,31.496504341582106,0.0,0.0,0.0,0.0,0.0,0.0,0.0,0.0,0.0,31.49,31.49,31.49,31.49,31.49,31.49,,,,0,12,1,31.49,0.0,SAME,1.0
KCL,2025-12-02,31.49,31.49,31.49,31.49,31.49,31.49,0.0,0.0,0.0,0.0,0.0,0.0,0.0,0.0,31.49,31.49,31.49,31.49000000028463,31.49000503738863,31.495321734021722,0.0,0.0,0.0,0.0,0.0,0.0,0.0,0.0,0.0,31.49,31.49,31.49,31.49,31.49,31.49,,,,1,12,2,31.49,0.0,SAME,1.0
KCL,2025-12-03,31.49,31.49,31.49,31.49,31.49,31.49,0.0,0.0,0.0,0.0,0.0,0.0,0.0,0.0,31.49,31.49,31.49,31.490000000142317,31.490003358259088,31.494354146017773,0.0,0.0,0.0,0.0,0.0,0.0,0.0,0.0,0.0,31.49,31.49,31.49,31.49,31.49,31.49,,,,2,12,3,31.49,0.0,SAME,1.0
KCL,2025-12-04,31.49,31.49,31.49,31.49,31.49,31.49,0.0,0.0,0.0,0.0,0.0,0.0,0.0,0.0,31.49,31.49,31.49,31.490000000071156,31.490002238839395,31.49356248310545,0.0,0.0,0.0,0.0,0.0,0.0,0.0,0.0,0.0,31.49,31.49,31.49,31.49,31.49,31.49,,,,3,12,4,31.49,0.0,SAME,1.0
KCL,2025-12-05,31.49,31.49,31.49,31.49,31.49,31.49,0.0,0.0,0.0,0.0,0.0,0.0,0.0,0.0,31.49,31.49,31.49,31.49000000003558,31.4900014925596,31.49291475890446,0.0,0.0,0.0,0.0,0.0,0.0,0.0,0.0,0.0,31.49,31.49,31.49,31.49,31.49,31.49,,,,4,12,5,31.49,0.0,SAME,1.0
KCL,2025-12-08,31.49,31.49,31.49,31.49,31.49,31.49,0.0,0.0,0.0,0.0,0.0,0.0,0.0,0.0,31.49,31.49,31.49,31.490000000017787,31.490000995039736,31.49238480274001,0.0,0.0,0.0,0.0,0.0,0.0,0.0,0.0,0.0,31.49,31.49,31.49,31.49,31.49,31.49,,,,0,12,8,31.49,0.0,SAME,1.0
KCL,2025-12-09,31.49,31.49,31.49,31.49,31.49,31.49,0.0,0.0,0.0,0.0,0.0,0.0,0.0,0.0,31.49,31.49,31.49,31.49000000000889,31.490000663359826,31.491951202241825,0.0,0.0,0.0,0.0,0.0,0.0,0.0,0.0,0.0,31.49,31.49,31.49,31.49,31.49,31.49,,,,1,12,9,31.49,0.0,SAME,1.0
KCL,2025-12-10,31.49,31.49,31.49,31.49,31.49,31.49,0.0,0.0,0.0,0.0,0.0,0.0,0.0,0.0,31.49,31.49,31.49,31.490000000004443,31.490000442239886,31.491596438197856,0.0,0.0,0.0,0.0,0.0,0.0,0.0,0.0,0.0,31.49,31.49,31.49,31.49,31.49,31.49,,,,2,12,10,31.49,0.0,SAME,1.0
KCL,2025-12-11,31.49,31.49,31.49,31.49,31.49,31.49,0.0,0.0,0.0,0.0,0.0,0.0,0.0,0.0,31.49,31.49,31.49,31.49000000000222,31.490000294826594,31.491306176707337,0.0,0.0,0.0,0.0,0.0,0.0,0.0,0.0,0.0,31.49,31.49,31.49,31.49,31.49,31.49,,,,3,12,11,31.49,0.0,SAME,1.0
KCL,2025-12-12,31.49,31.49,31.49,31.49,31.49,31.49,0.0,0.0,0.0,0.0,0.0,0.0,0.0,0.0,31.49,31.49,31.49,31.49000000000111,31.490000196551065,31.491068690033273,0.0,0.0,0.0,0.0,0.0,0.0,0.0,0.0,0.0,31.49,31.49,31.49,31.49,31.49,31.49,,,,4,12,12,31.49,0.0,SAME,1.0
KCL,2025-12-15,31.49,31.49,31.49,31.49,31.49,31.49,0.0,0.0,0.0,0.0,0.0,0.0,0.0,0.0,31.49,31.49,31.49,31.490000000000556,31.490000131034044,31.490874382754495,0.0,0.0,0.0,0.0,0.0,0.0,0.0,0.0,0.0,31.49,31.49,31.49,31.49,31.49,31.49,,,,0,12,15,31.49,0.0,SAME,1.0
KCL,2025-12-16,31.49,31.49,31.49,31.49,31.49,31.49,0.0,0.0,0.0,0.0,0.0,0.0,0.0,0.0,31.49,31.49,31.49,31.49000000000028,31.49000008735603,31.490715404071857,0.0,0.0,0.0,0.0,0.0,0.0,0.0,0.0,0.0,31.49,31.49,31.49,31.49,31.49,31.49,,,,1,12,16,31.49,0.0,SAME,1.0
KCL,2025-12-18,31.49,31.49,31.49,31.49,31.49,31.49,0.0,0.0,0.0,0.0,0.0,0.0,0.0,0.0,31.49,31.49,31.49,31.490000000000137,31.490000058237356,31.490585330604244,0.0,0.0,0.0,0.0,0.0,0.0,0.0,0.0,0.0,31.49,31.49,31.49,31.49,31.49,31.49,,,,3,12,18,31.49,0.0,SAME,1.0
KCL,2025-12-19,31.49,31.49,31.49,31.49,31.49,31.49,0.0,0.0,0.0,0.0,0.0,0.0,0.0,0.0,31.49,31.49,31.49,31.490000000000066,31.490000038824906,31.490478906858016,0.0,0.0,0.0,0.0,0.0,0.0,0.0,0.0,0.0,31.49,31.49,31.49,31.49,31.49,31.49,,,,4,12,19,31.49,0.0,SAME,1.0
KCL,2025-12-22,31.49,31.49,31.49,31.49,31.49,31.49,0.0,0.0,0.0,0.0,0.0,0.0,0.0,0.0,31.49,31.49,31.49,31.49000000000003,31.490000025883273,31.49039183288383,0.0,0.0,0.0,0.0,0.0,0.0,0.0,0.0,0.0,31.49,31.49,31.49,31.49,31.49,31.49,,,,0,12,22,31.49,0.0,SAME,1.0
KCL,2025-12-23,31.49,31.49,31.49,31.49,31.49,31.49,0.0,0.0,0.0,0.0,0.0,0.0,0.0,0.0,31.49,31.49,31.49,31.490000000000016,31.490000017255518,31.490320590541316,0.0,0.0,0.0,0.0,0.0,0.0,0.0,0.0,0.0,31.49,31.49,31.49,31.49,31.49,31.49,,,,1,12,23,31.49,0.0,SAME,1.0
KCL,2025-12-24,31.49,31.49,31.49,31.49,31.49,31.49,0.0,0.0,0.0,0.0,0.0,0.0,0.0,0.0,31.49,31.49,31.49,31.49000000000001,31.49000001150368,31.490262301351986,0.0,0.0,0.0,0.0,0.0,0.0,0.0,0.0,0.0,31.49,31.49,31.49,31.49,31.49,31.49,,,,2,12,24,31.49,0.0,SAME,1.0
KCL,2025-12-25,31.49,31.49,31.49,31.49,31.49,31.49,0.0,0.0,0.0,0.0,0.0,0.0,0.0,0.0,31.49,31.49,31.49,31.490000000000002,31.490000007669124,31.49021461019708,0.0,0.0,0.0,0.0,0.0,0.0,0.0,0.0,0.0,31.49,31.49,31.49,31.49,31.49,31.49,,,,3,12,25,31.49,0.0,SAME,1.0
KCL,2025-12-26,31.49,31.49,31.49,31.49,31.49,31.49,0.0,0.0,0.0,0.0,0.0,0.0,0.0,0.0,31.49,31.49,31.49,31.490000000000002,31.49000000511275,31.490175590161247,0.0,0.0,0.0,0.0,0.0,0.0,0.0,0.0,0.0,31.49,31.49,31.49,31.49,31.49,31.49,,,,4,12,26,31.49,0.0,SAME,1.0
KCL,2025-12-29,31.49,31.49,31.49,31.49,31.49,31.49,0.0,0.0,0.0,0.0,0.0,0.0,0.0,0.0,31.49,31.49,31.49,31.490000000000002,31.490000003408504,31.490143664677383,0.0,0.0,0.0,0.0,0.0,0.0,0.0,0.0,0.0,31.49,31.49,31.49,31.49,31.49,31.49,,,,0,12,29,31.49,0.0,SAME,1.0
KCL,2025-12-30,31.49,31.49,31.49,31.49,31.49,31.49,0.0,0.0,0.0,0.0,0.0,0.0,0.0,0.0,31.49,31.49,31.49,31.490000000000002,31.49000000227234,31.490117543826948,0.0,0.0,0.0,0.0,0.0,0.0,0.0,0.0,0.0,31.49,31.49,31.49,31.49,31.49,31.49,,,,1,12,30,31.49,0.0,SAME,1.0
KCL,2025-12-31,31.49,31.49,31.49,31.49,31.49,31.49,0.0,0.0,0.0,0.0,0.0,0.0,0.0,0.0,31.49,31.49,31.49,31.490000000000002,31.490000001514893,31.490096172222046,0.0,0.0,0.0,0.0,0.0,0.0,0.0,0.0,0.0,31.49,31.49,31.49,31.49,31.49,31.49,,,,2,12,31,31.49,0.0,SAME,1.0
KCL,2026-01-01,31.49,31.49,31.49,31.49,31.49,31.49,0.0,0.0,0.0,0.0,0.0,0.0,0.0,0.0,31.49,31.49,31.49,31.490000000000002,31.490000001009932,31.490078686363493,0.0,0.0,0.0,0.0,0.0,0.0,0.0,0.0,0.0,31.49,31.49,31.49,31.49,31.49,31.49,,,,3,1,1,31.49,0.0,SAME,1.0
KCL,2026-01-05,31.49,31.49,31.49,31.49,31.49,31.49,0.0,0.0,0.0,0.0,0.0,0.0,0.0,0.0,31.49,31.49,31.49,31.490000000000002,31.49000000067329,31.49006437975195,0.0,0.0,0.0,0.0,0.0,0.0,0.0,0.0,0.0,31.49,31.49,31.49,31.49,31.49,31.49,,,,0,1,5,31.49,0.0,SAME,1.0
KCL,2026-01-06,31.49,31.49,31.49,31.49,31.49,31.49,0.0,0.0,0.0,0.0,0.0,0.0,0.0,0.0,31.49,31.49,31.49,31.490000000000002,31.490000000448862,31.490052674342504,0.0,0.0,0.0,0.0,0.0,0.0,0.0,0.0,0.0,31.49,31.49,31.49,31.49,31.49,31.49,,,,1,1,6,31.49,0.0,SAME,1.0
KCL,2026-01-07,31.49,31.49,31.49,31.49,31.49,31.49,0.0,0.0,0.0,0.0,0.0,0.0,0.0,0.0,31.49,31.49,31.49,31.490000000000002,31.490000000299244,31.49004309718932,0.0,0.0,0.0,0.0,0.0,0.0,0.0,0.0,0.0,31.49,31.49,31.49,31.49,31.49,31.49,,,,2,1,7,31.49,0.0,SAME,1.0
KCL,2026-01-08,31.49,31.49,31.49,31.49,31.49,31.49,0.0,0.0,0.0,0.0,0.0,0.0,0.0,0.0,31.49,31.49,31.49,31.490000000000002,31.490000000199498,31.49003526133672,0.0,0.0,0.0,0.0,0.0,0.0,0.0,0.0,0.0,31.49,31.49,31.49,31.49,31.49,31.49,,,,3,1,8,31.49,0.0,SAME,1.0
KCL,2026-01-09,31.49,31.49,31.49,31.49,31.49,31.49,0.0,0.0,0.0,0.0,0.0,0.0,0.0,0.0,31.49,31.49,31.49,31.490000000000002,31.490000000133,31.490028850184586,0.0,0.0,0.0,0.0,0.0,0.0,0.0,0.0,0.0,31.49,31.49,31.49,31.49,31.49,31.49,,,,4,1,9,31.49,0.0,SAME,1.0
KCL,2026-01-12,31.49,31.49,31.49,31.49,31.49,31.49,0.0,0.0,0.0,0.0,0.0,0.0,0.0,0.0,31.49,31.49,31.49,31.490000000000002,31.49000000008867,31.49002360469648,0.0,0.0,0.0,0.0,0.0,0.0,0.0,0.0,0.0,31.49,31.49,31.49,31.49,31.49,31.49,,,,0,1,12,31.49,0.0,SAME,1.0
KCL,2026-01-13,31.49,31.49,31.49,31.49,31.49,31.49,0.0,0.0,0.0,0.0,0.0,0.0,0.0,0.0,31.49,31.49,31.49,31.490000000000002,31.490000000059116,31.49001931293348,0.0,0.0,0.0,0.0,0.0,0.0,0.0,0.0,0.0,31.49,31.49,31.49,31.49,31.49,31.49,,,,1,1,13,31.49,0.0,SAME,1.0
KCL,2026-01-14,31.49,31.49,31.49,31.49,31.49,31.49,0.0,0.0,0.0,0.0,0.0,0.0,0.0,0.0,31.49,31.49,31.49,31.490000000000002,31.490000000039412,31.49001580149103,0.0,0.0,0.0,0.0,0.0,0.0,0.0,0.0,0.0,31.49,31.49,31.49,31.49,31.49,31.49,,,,2,1,14,31.49,0.0,SAME,1.0
KCL,2026-01-15,31.49,31.49,31.49,31.49,31.49,31.49,0.0,0.0,0.0,0.0,0.0,0.0,0.0,0.0,31.49,31.49,31.49,31.490000000000002,31.490000000026278,31.49001292849266,0.0,0.0,0.0,0.0,0.0,0.0,0.0,0.0,0.0,31.49,31.49,31.49,31.49,31.49,31.49,,,,3,1,15,31.49,0.0,SAME,1.0
KCL,2026-01-16,31.49,31.49,31.49,31.49,31.49,31.49,0.0,0.0,0.0,0.0,0.0,0.0,0.0,0.0,31.49,31.49,31.49,31.490000000000002,31.49000000001752,31.490010577857632,0.0,0.0,0.0,0.0,0.0,0.0,0.0,0.0,0.0,31.49,31.49,31.49,31.49,31.49,31.49,,,,4,1,16,31.49,0.0,SAME,1.0
KCL,2026-01-20,31.49,31.49,31.49,31.49,31.49,31.49,0.0,0.0,0.0,0.0,0.0,0.0,0.0,0.0,31.49,31.49,31.49,31.490000000000002,31.490000000011683,31.49000865461079,0.0,0.0,0.0,0.0,0.0,0.0,0.0,0.0,0.0,31.49,31.49,31.49,31.49,31.49,31.49,,,,1,1,20,31.49,0.0,SAME,1.0
KCL,2026-01-21,31.49,31.49,31.49,31.49,31.49,31.49,0.0,0.0,0.0,0.0,0.0,0.0,0.0,0.0,31.49,31.49,31.49,31.490000000000002,31.49000000000779,31.490007081045192,0.0,0.0,0.0,0.0,0.0,0.0,0.0,0.0,0.0,31.49,31.49,31.49,31.49,31.49,31.49,,,,2,1,21,31.49,0.0,SAME,1.0
KCL,2026-01-22,31.49,31.49,31.49,31.49,31.49,31.49,0.0,0.0,0.0,0.0,0.0,0.0,0.0,0.0,31.49,31.49,31.49,31.490000000000002,31.490000000005196,31.49000579358243,0.0,0.0,0.0,0.0,0.0,0.0,0.0,0.0,0.0,31.49,31.49,31.49,31.49,31.49,31.49,,,,3,1,22,31.49,0.0,SAME,1.0
KCL,2026-01-23,31.49,31.49,31.49,31.49,31.49,31.49,0.0,0.0,0.0,0.0,0.0,0.0,0.0,0.0,31.49,31.49,31.49,31.490000000000002,31.490000000003466,31.490004740203805,0.0,0.0,0.0,0.0,0.0,0.0,0.0,0.0,0.0,31.49,31.49,31.49,31.49,31.49,31.49,,,,4,1,23,31.49,0.0,SAME,1.0
KCL,2026-01-26,31.49,31.49,31.49,31.49,31.49,31.49,0.0,0.0,0.0,0.0,0.0,0.0,0.0,0.0,31.49,31.49,31.49,31.490000000000002,31.49000000000231,31.490003878348567,0.0,0.0,0.0,0.0,0.0,0.0,0.0,0.0,0.0,31.49,31.49,31.49,31.49,31.49,31.49,,,,0,1,26,31.49,0.0,SAME,1.0
KCL,2026-01-27,31.49,31.49,31.49,31.49,31.49,31.49,0.0,0.0,0.0,0.0,0.0,0.0,0.0,0.0,31.49,31.49,31.49,31.490000000000002,31.490000000001544,31.49000317319428,0.0,0.0,0.0,0.0,0.0,0.0,0.0,0.0,0.0,31.49,31.49,31.49,31.49,31.49,31.49,,,,1,1,27,31.49,0.0,SAME,1.0
KCL,2026-01-28,31.49,31.49,31.49,31.49,31.49,31.49,0.0,0.0,0.0,0.0,0.0,0.0,0.0,0.0,31.49,31.49,31.49,31.490000000000002,31.490000000001032,31.490002596249866,0.0,0.0,0.0,0.0,0.0,0.0,0.0,0.0,0.0,31.49,31.49,31.49,31.49,31.49,31.49,,,,2,1,28,31.49,0.0,SAME,1.0
KCL,2026-01-29,31.49,31.49,31.49,31.49,31.49,31.49,0.0,0.0,0.0,0.0,0.0,0.0,0.0,0.0,31.49,31.49,31.49,31.490000000000002,31.49000000000069,31.490002124204434,0.0,0.0,0.0,0.0,0.0,0.0,0.0,0.0,0.0,31.49,31.49,31.49,31.49,31.49,31.49,,,,3,1,29,31.49,0.0,SAME,1.0
KCL,2026-01-30,31.49,31.49,31.49,31.49,31.49,31.49,0.0,0.0,0.0,0.0,0.0,0.0,0.0,0.0,31.49,31.49,31.49,31.490000000000002,31.490000000000464,31.490001737985445,0.0,0.0,0.0,0.0,0.0,0.0,0.0,0.0,0.0,31.49,31.49,31.49,31.49,31.49,31.49,,,,4,1,30,31.49,0.0,SAME,1.0
KCL,2026-02-02,31.49,31.49,31.49,31.49,31.49,31.49,0.0,0.0,0.0,0.0,0.0,0.0,0.0,0.0,31.49,31.49,31.49,31.490000000000002,31.49000000000031,31.49000142198809,0.0,0.0,0.0,0.0,0.0,0.0,0.0,0.0,0.0,31.49,31.49,31.49,31.49,31.49,31.49,,,,0,2,2,31.49,0.0,SAME,1.0
KCL,2026-02-03,31.49,31.49,31.49,31.49,31.49,31.49,0.0,0.0,0.0,0.0,0.0,0.0,0.0,0.0,31.49,31.49,31.49,31.490000000000002,31.490000000000208,31.4900011634448,0.0,0.0,0.0,0.0,0.0,0.0,0.0,0.0,0.0,31.49,31.49,31.49,31.49,31.49,31.49,,,,1,2,3,31.49,0.0,SAME,1.0
KCL,2026-02-04,31.49,31.49,31.49,31.49,31.49,31.49,0.0,0.0,0.0,0.0,0.0,0.0,0.0,0.0,31.49,31.49,31.49,31.490000000000002,31.49000000000014,31.49000095190938,0.0,0.0,0.0,0.0,0.0,0.0,0.0,0.0,0.0,31.49,31.49,31.49,31.49,31.49,31.49,,,,2,2,4,31.49,0.0,SAME,1.0
KCL,2026-02-05,31.49,31.49,31.49,31.49,31.49,31.49,0.0,0.0,0.0,0.0,0.0,0.0,0.0,0.0,31.49,31.49,31.49,31.490000000000002,31.490000000000094,31.490000778834947,0.0,0.0,0.0,0.0,0.0,0.0,0.0,0.0,0.0,31.49,31.49,31.49,31.49,31.49,31.49,,,,3,2,5,31.49,0.0,SAME,1.0
KCL,2026-02-06,31.49,31.49,31.49,31.49,31.49,31.49,0.0,0.0,0.0,0.0,0.0,0.0,0.0,0.0,31.49,31.49,31.49,31.490000000000002,31.490000000000066,31.490000637228594,0.0,0.0,0.0,0.0,0.0,0.0,0.0,0.0,0.0,31.49,31.49,31.49,31.49,31.49,31.49,,,,4,2,6,31.49,0.0,SAME,1.0
KCL,2026-02-09,31.49,31.49,31.49,31.49,31.49,31.49,0.0,0.0,0.0,0.0,0.0,0.0,0.0,0.0,31.49,31.49,31.49,31.490000000000002,31.490000000000045,31.49000052136885,0.0,0.0,0.0,0.0,0.0,0.0,0.0,0.0,0.0,31.49,31.49,31.49,31.49,31.49,31.49,,,,0,2,9,31.49,0.0,SAME,1.0
KCL,2026-02-10,31.49,31.49,31.49,31.49,31.49,31.49,0.0,0.0,0.0,0.0,0.0,0.0,0.0,0.0,31.49,31.49,31.49,31.490000000000002,31.49000000000003,31.49000042657451,0.0,0.0,0.0,0.0,0.0,0.0,0.0,0.0,0.0,31.49,31.49,31.49,31.49,31.49,31.49,,,,1,2,10,31.49,0.0,SAME,1.0
KCL,2026-02-11,31.49,31.49,31.49,31.49,31.49,31.49,0.0,0.0,0.0,0.0,0.0,0.0,0.0,0.0,31.49,31.49,31.49,31.490000000000002,31.490000000000023,31.490000349015506,0.0,0.0,0.0,0.0,0.0,0.0,0.0,0.0,0.0,31.49,31.49,31.49,31.49,31.49,31.49,,,,2,2,11,31.49,0.0,SAME,1.0
KCL,2026-02-12,31.49,31.49,31.49,31.49,31.49,31.49,0.0,0.0,0.0,0.0,0.0,0.0,0.0,0.0,31.49,31.49,31.49,31.490000000000002,31.490000000000016,31.49000028555814,0.0,0.0,0.0,0.0,0.0,0.0,0.0,0.0,0.0,31.49,31.49,31.49,31.49,31.49,31.49,,,,3,2,12,31.49,0.0,SAME,1.0
KCL,2026-02-13,31.49,31.49,31.49,31.49,31.49,31.49,0.0,0.0,0.0,0.0,0.0,0.0,0.0,0.0,31.49,31.49,31.49,31.490000000000002,31.490000000000013,31.490000233638476,0.0,0.0,0.0,0.0,0.0,0.0,0.0,0.0,0.0,31.49,31.49,31.49,31.49,31.49,31.49,,,,4,2,13,31.49,0.0,SAME,1.0
KCL,2026-02-16,31.49,31.49,31.49,31.49,31.49,31.49,0.0,0.0,0.0,0.0,0.0,0.0,0.0,0.0,31.49,31.49,31.49,31.490000000000002,31.49000000000001,31.490000191158753,0.0,0.0,0.0,0.0,0.0,0.0,0.0,0.0,0.0,31.49,31.49,31.49,31.49,31.49,31.49,,,,0,2,16,31.49,0.0,SAME,1.0
KCL,2026-02-17,31.49,31.49,31.49,31.49,31.49,31.49,0.0,0.0,0.0,0.0,0.0,0.0,0.0,0.0,31.49,31.49,31.49,31.490000000000002,31.49000000000001,31.490000156402616,0.0,0.0,0.0,0.0,0.0,0.0,0.0,0.0,0.0,31.49,31.49,31.49,31.49,31.49,31.49,,,,1,2,17,31.49,0.0,SAME,1.0
KCL,2026-02-20,31.49,31.49,31.49,31.49,31.49,31.49,0.0,0.0,0.0,0.0,0.0,0.0,0.0,0.0,31.49,31.49,31.49,31.490000000000002,31.49000000000001,31.490000127965775,0.0,0.0,0.0,0.0,0.0,0.0,0.0,0.0,0.0,31.49,31.49,31.49,31.49,31.49,31.49,,,,4,2,20,31.49,0.0,SAME,1.0
KCL,2026-02-24,31.49,31.49,31.49,31.49,31.49,31.49,0.0,0.0,0.0,0.0,0.0,0.0,0.0,0.0,31.49,31.49,31.49,31.490000000000002,31.49000000000001,31.49000010469927,0.0,0.0,0.0,0.0,0.0,0.0,0.0,0.0,0.0,31.49,31.49,31.49,31.49,31.49,31.49,,,,1,2,24,31.49,0.0,SAME,1.0
KCL,2026-02-25,31.49,31.49,31.49,31.49,31.49,31.49,0.0,0.0,0.0,0.0,0.0,0.0,0.0,0.0,31.49,31.49,31.49,31.490000000000002,31.49000000000001,31.490000085663038,0.0,0.0,0.0,0.0,0.0,0.0,0.0,0.0,0.0,31.49,31.49,31.49,31.49,31.49,31.49,,,,2,2,25,31.49,0.0,SAME,1.0
KCL,2026-02-26,31.49,31.49,31.49,31.49,31.49,31.49,0.0,0.0,0.0,0.0,0.0,0.0,0.0,0.0,31.49,31.49,31.49,31.490000000000002,31.49000000000001,31.490000070087937,0.0,0.0,0.0,0.0,0.0,0.0,0.0,0.0,0.0,31.49,31.49,31.49,31.49,31.49,31.49,,,,3,2,26,31.49,0.0,SAME,1.0
KCL,2026-02-27,31.49,31.49,31.49,31.49,31.49,31.49,0.0,0.0,0.0,0.0,0.0,0.0,0.0,0.0,31.49,31.49,31.49,31.490000000000002,31.49000000000001,31.490000057344677,0.0,0.0,0.0,0.0,0.0,0.0,0.0,0.0,0.0,31.49,31.49,31.49,31.49,31.49,31.49,,,,4,2,27,31.49,0.0,SAME,1.0
KCL,2026-03-02,31.49,31.49,31.49,31.49,31.49,31.49,0.0,0.0,0.0,0.0,0.0,0.0,0.0,0.0,31.49,31.49,31.49,31.490000000000002,31.49000000000001,31.49000004691837,0.0,0.0,0.0,0.0,0.0,0.0,0.0,0.0,0.0,31.49,31.49,31.49,31.49,31.49,31.49,,,,0,3,2,31.49,0.0,SAME,1.0
KCL,2026-03-03,31.49,31.49,31.49,31.49,31.49,31.49,0.0,0.0,0.0,0.0,0.0,0.0,0.0,0.0,31.49,31.49,31.49,31.490000000000002,31.49000000000001,31.49000003838776,0.0,0.0,0.0,0.0,0.0,0.0,0.0,0.0,0.0,31.49,31.49,31.49,31.49,31.49,31.49,,,,1,3,3,31.49,0.0,SAME,1.0
KCL,2026-03-04,31.49,31.49,31.49,31.49,31.49,31.49,0.0,0.0,0.0,0.0,0.0,0.0,0.0,0.0,31.49,31.49,31.49,31.490000000000002,31.49000000000001,31.490000031408165,0.0,0.0,0.0,0.0,0.0,0.0,0.0,0.0,0.0,31.49,31.49,31.49,31.49,31.49,31.49,,,,2,3,4,31.49,0.0,SAME,1.0
KCL,2026-03-05,31.49,31.49,31.49,31.49,31.49,31.49,0.0,0.0,0.0,0.0,0.0,0.0,0.0,0.0,31.49,31.49,31.49,31.490000000000002,31.49000000000001,31.49000002569759,0.0,0.0,0.0,0.0,0.0,0.0,0.0,0.0,0.0,31.49,31.49,31.49,31.49,31.49,31.49,,,,3,3,5,31.49,0.0,SAME,1.0
KCL,2026-03-06,31.49,31.49,31.49,31.49,31.49,31.49,0.0,0.0,0.0,0.0,0.0,0.0,0.0,0.0,31.49,31.49,31.49,31.490000000000002,31.49000000000001,31.4900000210253,0.0,0.0,0.0,0.0,0.0,0.0,0.0,0.0,0.0,31.49,31.49,31.49,31.49,31.49,31.49,,,,4,3,6,31.49,0.0,SAME,1.0
KCL,2026-03-09,31.49,31.49,31.49,31.49,31.49,31.49,0.0,0.0,0.0,0.0,0.0,0.0,0.0,0.0,31.49,31.49,31.49,31.490000000000002,31.49000000000001,31.490000017202515,0.0,0.0,0.0,0.0,0.0,0.0,0.0,0.0,0.0,31.49,31.49,31.49,31.49,31.49,31.49,,,,0,3,9,31.49,0.0,SAME,1.0
KCL,2026-03-10,31.49,31.49,31.49,31.49,31.49,31.49,0.0,0.0,0.0,0.0,0.0,0.0,0.0,0.0,31.49,31.49,31.49,31.490000000000002,31.49000000000001,31.490000014074784,0.0,0.0,0.0,0.0,0.0,0.0,0.0,0.0,0.0,31.49,31.49,31.49,31.49,31.49,31.49,,,,1,3,10,31.49,0.0,SAME,1.0
KCL,2026-03-11,31.49,31.49,31.49,31.49,31.49,31.49,0.0,0.0,0.0,0.0,0.0,0.0,0.0,0.0,31.49,31.49,31.49,31.490000000000002,31.49000000000001,31.490000011515733,0.0,0.0,0.0,0.0,0.0,0.0,0.0,0.0,0.0,31.49,31.49,31.49,31.49,31.49,31.49,,,,2,3,11,31.49,0.0,SAME,1.0
KCL,2026-03-12,31.49,31.49,31.49,31.49,31.49,31.49,0.0,0.0,0.0,0.0,0.0,0.0,0.0,0.0,31.49,31.49,31.49,31.490000000000002,31.49000000000001,31.490000009421962,0.0,0.0,0.0,0.0,0.0,0.0,0.0,0.0,0.0,31.49,31.49,31.49,31.49,31.49,31.49,,,,3,3,12,31.49,0.0,SAME,1.0
KCL,2026-03-13,31.49,31.49,31.49,31.49,31.49,31.49,0.0,0.0,0.0,0.0,0.0,0.0,0.0,0.0,31.49,31.49,31.49,31.490000000000002,31.49000000000001,31.490000007708876,0.0,0.0,0.0,0.0,0.0,0.0,0.0,0.0,0.0,31.49,31.49,31.49,31.49,31.49,31.49,,,,4,3,13,31.49,0.0,SAME,1.0
KCL,2026-03-16,31.49,31.49,31.49,31.49,31.49,31.49,0.0,0.0,0.0,0.0,0.0,0.0,0.0,0.0,31.49,31.49,31.49,31.490000000000002,31.49000000000001,31.490000006307262,0.0,0.0,0.0,0.0,0.0,0.0,0.0,0.0,0.0,31.49,31.49,31.49,31.49,31.49,31.49,,,,0,3,16,31.49,0.0,SAME,1.0
KCL,2026-03-17,31.49,31.49,31.49,31.49,31.49,31.49,0.0,0.0,0.0,0.0,0.0,0.0,0.0,0.0,31.49,31.49,31.49,31.490000000000002,31.49000000000001,31.490000005160486,0.0,0.0,0.0,0.0,0.0,0.0,0.0,0.0,0.0,31.49,31.49,31.49,31.49,31.49,31.49,,,,1,3,17,31.49,0.0,SAME,1.0
KCL,2026-03-18,31.49,31.49,31.49,31.49,31.49,31.49,0.0,0.0,0.0,0.0,0.0,0.0,0.0,0.0,31.49,31.49,31.49,31.490000000000002,31.49000000000001,31.490000004222214,0.0,0.0,0.0,0.0,0.0,0.0,0.0,0.0,0.0,31.49,31.49,31.49,31.49,31.49,31.49,,,,2,3,18,31.49,0.0,SAME,1.0
KCL,2026-03-19,31.49,31.49,31.49,31.49,31.49,31.49,0.0,0.0,0.0,0.0,0.0,0.0,0.0,0.0,31.49,31.49,31.49,31.490000000000002,31.49000000000001,31.490000003454536,0.0,0.0,0.0,0.0,0.0,0.0,0.0,0.0,0.0,31.49,31.49,31.49,31.49,31.49,31.49,,,,3,3,19,31.49,0.0,SAME,1.0
KCL,2026-03-20,31.49,31.49,31.49,31.49,31.49,31.49,0.0,0.0,0.0,0.0,0.0,0.0,0.0,0.0,31.49,31.49,31.49,31.490000000000002,31.49000000000001,31.490000002826438,0.0,0.0,0.0,0.0,0.0,0.0,0.0,0.0,0.0,31.49,31.49,31.49,31.49,31.49,31.49,,,,4,3,20,31.49,0.0,SAME,1.0
KCL,2026-03-23,31.49,31.49,31.49,31.49,31.49,31.49,0.0,0.0,0.0,0.0,0.0,0.0,0.0,0.0,31.49,31.49,31.49,31.490000000000002,31.49000000000001,31.490000002312538,0.0,0.0,0.0,0.0,0.0,0.0,0.0,0.0,0.0,31.49,31.49,31.49,31.49,31.49,31.49,,,,0,3,23,31.49,0.0,SAME,1.0
KCL,2026-03-24,31.49,31.49,31.49,31.49,31.49,31.49,0.0,0.0,0.0,0.0,0.0,0.0,0.0,0.0,31.49,31.49,31.49,31.490000000000002,31.49000000000001,31.490000001892074,0.0,0.0,0.0,0.0,0.0,0.0,0.0,0.0,0.0,31.49,31.49,31.49,31.49,31.49,31.49,,,,1,3,24,31.49,0.0,SAME,1.0
KCL,2026-03-25,31.49,31.49,31.49,31.49,31.49,31.49,0.0,0.0,0.0,0.0,0.0,0.0,0.0,0.0,31.49,31.49,31.49,31.490000000000002,31.49000000000001,31.49000000154806,0.0,0.0,0.0,0.0,0.0,0.0,0.0,0.0,0.0,31.49,31.49,31.49,31.49,31.49,31.49,,,,2,3,25,31.49,0.0,SAME,1.0
KCL,2026-03-26,31.49,31.49,31.49,31.49,31.49,31.49,0.0,0.0,0.0,0.0,0.0,0.0,0.0,0.0,31.49,31.49,31.49,31.490000000000002,31.49000000000001,31.490000001266594,0.0,0.0,0.0,0.0,0.0,0.0,0.0,0.0,0.0,31.49,31.49,31.49,31.49,31.49,31.49,,,,3,3,26,31.49,0.0,SAME,1.0
KCL,2026-03-27,31.49,31.49,31.49,31.49,31.49,31.49,0.0,0.0,0.0,0.0,0.0,0.0,0.0,0.0,31.49,31.49,31.49,31.490000000000002,31.49000000000001,31.490000001036304,0.0,0.0,0.0,0.0,0.0,0.0,0.0,0.0,0.0,31.49,31.49,31.49,31.49,31.49,31.49,,,,4,3,27,31.49,0.0,SAME,1.0
KCL,2026-03-30,31.49,31.49,31.49,31.49,31.49,31.49,0.0,0.0,0.0,0.0,0.0,0.0,0.0,0.0,31.49,31.49,31.49,31.490000000000002,31.49000000000001,31.490000000847886,0.0,0.0,0.0,0.0,0.0,0.0,0.0,0.0,0.0,31.49,31.49,31.49,31.49,31.49,31.49,,,,0,3,30,31.49,0.0,SAME,1.0
KCL,2026-03-31,31.49,31.49,31.49,31.49,31.49,31.49,0.0,0.0,0.0,0.0,0.0,0.0,0.0,0.0,31.49,31.49,31.49,31.490000000000002,31.49000000000001,31.490000000693723,0.0,0.0,0.0,0.0,0.0,0.0,0.0,0.0,0.0,31.49,31.49,31.49,31.49,31.49,31.49,,,,1,3,31,31.49,0.0,SAME,1.0
KCL,2026-04-01,31.49,31.49,31.49,31.49,31.49,31.49,0.0,0.0,0.0,0.0,0.0,0.0,0.0,0.0,31.49,31.49,31.49,31.490000000000002,31.49000000000001,31.49000000056759,0.0,0.0,0.0,0.0,0.0,0.0,0.0,0.0,0.0,31.49,31.49,31.49,31.49,31.49,31.49,,,,2,4,1,31.49,0.0,SAME,1.0
KCL,2026-04-02,31.49,31.49,31.49,31.49,31.49,31.49,0.0,0.0,0.0,0.0,0.0,0.0,0.0,0.0,31.49,31.49,31.49,31.490000000000002,31.49000000000001,31.49000000046439,0.0,0.0,0.0,0.0,0.0,0.0,0.0,0.0,0.0,31.49,31.49,31.49,31.49,31.49,31.49,,,,3,4,2,31.49,0.0,SAME,1.0
KCL,2026-04-03,31.49,31.49,31.49,31.49,31.49,31.49,0.0,0.0,0.0,0.0,0.0,0.0,0.0,0.0,31.49,31.49,31.49,31.490000000000002,31.49000000000001,31.490000000379954,0.0,0.0,0.0,0.0,0.0,0.0,0.0,0.0,0.0,31.49,31.49,31.49,31.49,31.49,31.49,,,,4,4,3,31.49,0.0,SAME,1.0
KCL,2026-04-06,31.49,31.49,31.49,31.49,31.49,31.49,0.0,0.0,0.0,0.0,0.0,0.0,0.0,0.0,31.49,31.49,31.49,31.490000000000002,31.49000000000001,31.49000000031087,0.0,0.0,0.0,0.0,0.0,0.0,0.0,0.0,0.0,31.49,31.49,31.49,31.49,31.49,31.49,,,,0,4,6,31.49,0.0,SAME,1.0
KCL,2026-04-07,31.49,31.49,31.49,31.49,31.49,31.49,0.0,0.0,0.0,0.0,0.0,0.0,0.0,0.0,31.49,31.49,31.49,31.490000000000002,31.49000000000001,31.490000000254348,0.0,0.0,0.0,0.0,0.0,0.0,0.0,0.0,0.0,31.49,31.49,31.49,31.49,31.49,31.49,,,,1,4,7,31.49,0.0,SAME,1.0
KCL,2026-04-08,31.49,31.49,31.49,31.49,31.49,31.49,0.0,0.0,0.0,0.0,0.0,0.0,0.0,0.0,31.49,31.49,31.49,31.490000000000002,31.49000000000001,31.490000000208102,0.0,0.0,0.0,0.0,0.0,0.0,0.0,0.0,0.0,31.49,31.49,31.49,31.49,31.49,31.49,,,,2,4,8,31.49,0.0,SAME,1.0
KCL,2026-04-09,31.49,31.49,31.49,31.49,31.49,31.49,0.0,0.0,0.0,0.0,0.0,0.0,0.0,0.0,31.49,31.49,31.49,31.490000000000002,31.49000000000001,31.490000000170266,0.0,0.0,0.0,0.0,0.0,0.0,0.0,0.0,0.0,31.49,31.49,31.49,31.49,31.49,31.49,,,,3,4,9,31.49,0.0,SAME,1.0
KCL,2026-04-10,31.49,31.49,31.49,31.49,31.49,31.49,0.0,0.0,0.0,0.0,0.0,0.0,0.0,0.0,31.49,31.49,31.49,31.490000000000002,31.49000000000001,31.490000000139307,0.0,0.0,0.0,0.0,0.0,0.0,0.0,0.0,0.0,31.49,31.49,31.49,31.49,31.49,31.49,,,,4,4,10,31.49,0.0,SAME,1.0
KCL,2026-04-13,31.49,31.49,31.49,31.49,31.49,31.49,0.0,0.0,0.0,0.0,0.0,0.0,0.0,0.0,31.49,31.49,31.49,31.490000000000002,31.49000000000001,31.490000000113977,0.0,0.0,0.0,0.0,0.0,0.0,0.0,0.0,0.0,31.49,31.49,31.49,31.49,31.49,31.49,,,,0,4,13,31.49,0.0,SAME,1.0
KCL,2026-04-14,31.49,31.49,31.49,31.49,31.49,31.49,0.0,0.0,0.0,0.0,0.0,0.0,0.0,0.0,31.49,31.49,31.49,31.490000000000002,31.49000000000001,31.490000000093254,0.0,0.0,0.0,0.0,0.0,0.0,0.0,0.0,0.0,31.49,31.49,31.49,31.49,31.49,31.49,,,,1,4,14,31.49,0.0,SAME,1.0
KCL,2026-04-15,31.49,31.49,31.49,31.49,31.49,31.49,0.0,0.0,0.0,0.0,0.0,0.0,0.0,0.0,31.49,31.49,31.49,31.490000000000002,31.49000000000001,31.490000000076297,0.0,0.0,0.0,0.0,0.0,0.0,0.0,0.0,0.0,31.49,31.49,31.49,31.49,31.49,31.49,,,,2,4,15,31.49,0.0,SAME,1.0
KCL,2026-04-16,31.49,31.49,31.49,31.49,31.49,31.49,0.0,0.0,0.0,0.0,0.0,0.0,0.0,0.0,31.49,31.49,31.49,31.490000000000002,31.49000000000001,31.490000000062423,0.0,0.0,0.0,0.0,0.0,0.0,0.0,0.0,0.0,31.49,31.49,31.49,31.49,31.49,31.49,,,,3,4,16,31.49,0.0,SAME,1.0
KCL,2026-04-17,31.49,31.49,31.49,31.49,31.49,31.49,0.0,0.0,0.0,0.0,0.0,0.0,0.0,0.0,31.49,31.49,31.49,31.490000000000002,31.49000000000001,31.490000000051072,0.0,0.0,0.0,0.0,0.0,0.0,0.0,0.0,0.0,31.49,31.49,31.49,31.49,31.49,31.49,,,,4,4,17,31.49,0.0,SAME,1.0
KCL,2026-04-20,31.49,31.49,31.49,31.49,31.49,31.49,0.0,0.0,0.0,0.0,0.0,0.0,0.0,0.0,31.49,31.49,31.49,31.490000000000002,31.49000000000001,31.490000000041785,0.0,0.0,0.0,0.0,0.0,0.0,0.0,0.0,0.0,31.49,31.49,31.49,31.49,31.49,31.49,,,,0,4,20,,,,
