Company,Date,Close,lag_1,lag_2,lag_3,lag_5,lag_10,diff_1,diff_2,diff_3,return_1,return_2,return_3,log_return_1,log_return_2,sma_3,sma_5,sma_10,ema_3,ema_5,ema_10,volatility_3,volatility_5,volatility_10,momentum_3,roc_3,momentum_5,roc_5,momentum_10,roc_10,roll_min_3,roll_max_3,roll_min_5,roll_max_5,roll_min_10,roll_max_10,range_position_3,range_position_5,range_position_10,day_of_week,month,day,future_close,future_diff,target,target_class
PCAL,2020-04-23,128.6,,,,,,,,,,,,,,,,,128.6,128.6,128.6,,,,,,,,,,,,,,,,,,,3,4,23,128.6,0.0,SAME,1.0
PCAL,2020-04-24,128.6,128.6,,,,,0.0,,,0.0,,,0.0,,,,,128.6,128.6,128.6,,,,,,,,,,,,,,,,,,,4,4,24,128.6,0.0,SAME,1.0
PCAL,2020-04-27,128.6,128.6,128.6,,,,0.0,0.0,,0.0,0.0,,0.0,0.0,128.6,,,128.6,128.6,128.6,,,,,,,,,,128.6,128.6,,,,,,,,0,4,27,128.6,0.0,SAME,1.0
PCAL,2020-04-28,128.6,128.6,128.6,128.6,,,0.0,0.0,0.0,0.0,0.0,0.0,0.0,0.0,128.6,,,128.6,128.6,128.6,0.0,,,0.0,0.0,,,,,128.6,128.6,,,,,,,,1,4,28,128.6,0.0,SAME,1.0
PCAL,2020-04-29,128.6,128.6,128.6,128.6,,,0.0,0.0,0.0,0.0,0.0,0.0,0.0,0.0,128.6,128.6,,128.6,128.6,128.6,0.0,,,0.0,0.0,,,,,128.6,128.6,128.6,128.6,,,,,,2,4,29,128.6,0.0,SAME,1.0
PCAL,2020-04-30,128.6,128.6,128.6,128.6,128.6,,0.0,0.0,0.0,0.0,0.0,0.0,0.0,0.0,128.6,128.6,,128.6,128.6,128.6,0.0,0.0,,0.0,0.0,0.0,0.0,,,128.6,128.6,128.6,128.6,,,,,,3,4,30,128.6,0.0,SAME,1.0
PCAL,2020-05-01,128.6,128.6,128.6,128.6,128.6,,0.0,0.0,0.0,0.0,0.0,0.0,0.0,0.0,128.6,128.6,,128.6,128.6,128.6,0.0,0.0,,0.0,0.0,0.0,0.0,,,128.6,128.6,128.6,128.6,,,,,,4,5,1,128.6,0.0,SAME,1.0
PCAL,2020-05-04,128.6,128.6,128.6,128.6,128.6,,0.0,0.0,0.0,0.0,0.0,0.0,0.0,0.0,128.6,128.6,,128.6,128.6,128.6,0.0,0.0,,0.0,0.0,0.0,0.0,,,128.6,128.6,128.6,128.6,,,,,,0,5,4,126.0,-2.5999999999999943,DOWN,0.0
PCAL,2020-05-05,126.0,128.6,128.6,128.6,128.6,,-2.5999999999999943,-2.5999999999999943,-2.5999999999999943,-0.02021772939346811,-0.02021772939346811,-0.02021772939346811,-0.020424904852041004,-0.020424904852041004,127.73333333333333,128.07999999999998,,127.3,127.73333333333333,128.12727272727273,0.011672711507721822,0.009041643454898057,,-2.5999999999999943,-0.020217729393468074,-2.5999999999999943,-0.020217729393468074,,,126.0,128.6,126.0,128.6,,,0.0,0.0,,1,5,5,127.0,1.0,UP,2.0
PCAL,2020-05-06,127.0,126.0,128.6,128.6,128.6,,1.0,-1.5999999999999943,-1.5999999999999943,0.007936507936507908,-0.01244167962674958,-0.01244167962674958,0.007905179507113247,-0.012519725344927709,127.2,127.75999999999999,128.18,127.15,127.4888888888889,127.92231404958677,0.01451669050717353,0.010506891309502272,,-1.5999999999999943,-0.012441679626749568,-1.5999999999999943,-0.012441679626749568,,,126.0,128.6,126.0,128.6,126.0,128.6,0.38461538461538547,0.38461538461538547,0.38461538461538547,2,5,6,127.0,0.0,SAME,1.0
PCAL,2020-05-07,127.0,127.0,126.0,128.6,128.6,128.6,0.0,1.0,-1.5999999999999943,0.0,0.007936507936507908,-0.01244167962674958,0.0,0.007905179507113247,126.66666666666667,127.44000000000001,128.02,127.075,127.32592592592593,127.75462058602554,0.01451669050717353,0.010506891309502272,0.007123216345991991,-1.5999999999999943,-0.012441679626749568,-1.5999999999999943,-0.012441679626749568,-1.5999999999999943,-0.012441679626749568,126.0,127.0,126.0,128.6,126.0,128.6,1.0,0.38461538461538547,0.38461538461538547,3,5,7,127.0,0.0,SAME,1.0
PCAL,2020-05-08,127.0,127.0,127.0,126.0,128.6,128.6,0.0,0.0,1.0,0.0,0.0,0.007936507936507908,0.0,0.0,127.0,127.11999999999998,127.85999999999999,127.0375,127.21728395061729,127.6174168431118,0.004582144993568439,0.010506891309502272,0.007123216345991991,1.0,0.007936507936507936,-1.5999999999999943,-0.012441679626749568,-1.5999999999999943,-0.012441679626749568,127.0,127.0,126.0,128.6,126.0,128.6,,0.38461538461538547,0.38461538461538547,4,5,8,127.0,0.0,SAME,1.0
PCAL,2020-05-11,127.0,127.0,127.0,127.0,128.6,128.6,0.0,0.0,0.0,0.0,0.0,0.0,0.0,0.0,127.0,126.8,127.7,127.01875,127.1448559670782,127.50515923527328,0.0,0.010506891309502272,0.007123216345991991,0.0,0.0,-1.5999999999999943,-0.012441679626749568,-1.5999999999999943,-0.012441679626749568,127.0,127.0,126.0,127.0,126.0,128.6,,1.0,0.38461538461538547,0,5,11,127.0,0.0,SAME,1.0
PCAL,2020-05-12,127.0,127.0,127.0,127.0,126.0,128.6,0.0,0.0,0.0,0.0,0.0,0.0,0.0,0.0,127.0,127.0,127.54,127.009375,127.09657064471881,127.41331210158722,0.0,0.003549314249999655,0.007123216345991991,0.0,0.0,1.0,0.007936507936507936,-1.5999999999999943,-0.012441679626749568,127.0,127.0,127.0,127.0,126.0,128.6,,,0.38461538461538547,1,5,12,127.0,0.0,SAME,1.0
PCAL,2020-05-13,127.0,127.0,127.0,127.0,127.0,128.6,0.0,0.0,0.0,0.0,0.0,0.0,0.0,0.0,127.0,127.0,127.38,127.0046875,127.06438042981254,127.33816444675318,0.0,0.0,0.007123216345991991,0.0,0.0,0.0,0.0,-1.5999999999999943,-0.012441679626749568,127.0,127.0,127.0,127.0,126.0,128.6,,,0.38461538461538547,2,5,13,127.0,0.0,SAME,1.0
PCAL,2020-05-14,127.0,127.0,127.0,127.0,127.0,128.6,0.0,0.0,0.0,0.0,0.0,0.0,0.0,0.0,127.0,127.0,127.22,127.00234375,127.0429202865417,127.27668000188896,0.0,0.0,0.007123216345991991,0.0,0.0,0.0,0.0,-1.5999999999999943,-0.012441679626749568,127.0,127.0,127.0,127.0,126.0,128.6,,,0.38461538461538547,3,5,14,127.0,0.0,SAME,1.0
PCAL,2020-05-15,127.0,127.0,127.0,127.0,127.0,128.6,0.0,0.0,0.0,0.0,0.0,0.0,0.0,0.0,127.0,127.0,127.05999999999999,127.001171875,127.02861352436113,127.22637454700005,0.0,0.0,0.007123216345991991,0.0,0.0,0.0,0.0,-1.5999999999999943,-0.012441679626749568,127.0,127.0,127.0,127.0,126.0,128.6,,,0.38461538461538547,4,5,15,127.0,0.0,SAME,1.0
PCAL,2020-05-18,127.0,127.0,127.0,127.0,127.0,128.6,0.0,0.0,0.0,0.0,0.0,0.0,0.0,0.0,127.0,127.0,126.9,127.0005859375,127.01907568290743,127.18521553845459,0.0,0.0,0.007123216345991991,0.0,0.0,0.0,0.0,-1.5999999999999943,-0.012441679626749568,127.0,127.0,127.0,127.0,126.0,127.0,,,1.0,0,5,18,127.0,0.0,SAME,1.0
PCAL,2020-05-19,127.0,127.0,127.0,127.0,127.0,126.0,0.0,0.0,0.0,0.0,0.0,0.0,0.0,0.0,127.0,127.0,127.0,127.00029296875,127.0127171219383,127.15153998600829,0.0,0.0,0.0025097441747367996,0.0,0.0,0.0,0.0,1.0,0.007936507936507936,127.0,127.0,127.0,127.0,127.0,127.0,,,,1,5,19,127.0,0.0,SAME,1.0
PCAL,2020-05-20,127.0,127.0,127.0,127.0,127.0,127.0,0.0,0.0,0.0,0.0,0.0,0.0,0.0,0.0,127.0,127.0,127.0,127.000146484375,127.0084780812922,127.12398726127951,0.0,0.0,0.0,0.0,0.0,0.0,0.0,0.0,0.0,127.0,127.0,127.0,127.0,127.0,127.0,,,,2,5,20,127.0,0.0,SAME,1.0
PCAL,2020-05-21,127.0,127.0,127.0,127.0,127.0,127.0,0.0,0.0,0.0,0.0,0.0,0.0,0.0,0.0,127.0,127.0,127.0,127.0000732421875,127.0056520541948,127.10144412286505,0.0,0.0,0.0,0.0,0.0,0.0,0.0,0.0,0.0,127.0,127.0,127.0,127.0,127.0,127.0,,,,3,5,21,127.0,0.0,SAME,1.0
PCAL,2020-05-22,127.0,127.0,127.0,127.0,127.0,127.0,0.0,0.0,0.0,0.0,0.0,0.0,0.0,0.0,127.0,127.0,127.0,127.00003662109376,127.00376803612987,127.08299973688958,0.0,0.0,0.0,0.0,0.0,0.0,0.0,0.0,0.0,127.0,127.0,127.0,127.0,127.0,127.0,,,,4,5,22,127.0,0.0,SAME,1.0
PCAL,2020-05-25,127.0,127.0,127.0,127.0,127.0,127.0,0.0,0.0,0.0,0.0,0.0,0.0,0.0,0.0,127.0,127.0,127.0,127.00001831054688,127.00251202408658,127.06790887563692,0.0,0.0,0.0,0.0,0.0,0.0,0.0,0.0,0.0,127.0,127.0,127.0,127.0,127.0,127.0,,,,0,5,25,127.0,0.0,SAME,1.0
PCAL,2020-05-26,127.0,127.0,127.0,127.0,127.0,127.0,0.0,0.0,0.0,0.0,0.0,0.0,0.0,0.0,127.0,127.0,127.0,127.00000915527343,127.0016746827244,127.05556180733929,0.0,0.0,0.0,0.0,0.0,0.0,0.0,0.0,0.0,127.0,127.0,127.0,127.0,127.0,127.0,,,,1,5,26,127.0,0.0,SAME,1.0
PCAL,2020-05-27,127.0,127.0,127.0,127.0,127.0,127.0,0.0,0.0,0.0,0.0,0.0,0.0,0.0,0.0,127.0,127.0,127.0,127.00000457763672,127.0011164551496,127.04545966055032,0.0,0.0,0.0,0.0,0.0,0.0,0.0,0.0,0.0,127.0,127.0,127.0,127.0,127.0,127.0,,,,2,5,27,127.0,0.0,SAME,1.0
PCAL,2020-05-28,127.0,127.0,127.0,127.0,127.0,127.0,0.0,0.0,0.0,0.0,0.0,0.0,0.0,0.0,127.0,127.0,127.0,127.00000228881837,127.00074430343307,127.03719426772298,0.0,0.0,0.0,0.0,0.0,0.0,0.0,0.0,0.0,127.0,127.0,127.0,127.0,127.0,127.0,,,,3,5,28,127.0,0.0,SAME,1.0
PCAL,2020-05-29,127.0,127.0,127.0,127.0,127.0,127.0,0.0,0.0,0.0,0.0,0.0,0.0,0.0,0.0,127.0,127.0,127.0,127.00000114440918,127.00049620228872,127.03043167359152,0.0,0.0,0.0,0.0,0.0,0.0,0.0,0.0,0.0,127.0,127.0,127.0,127.0,127.0,127.0,,,,4,5,29,127.0,0.0,SAME,1.0
PCAL,2020-06-01,127.0,127.0,127.0,127.0,127.0,127.0,0.0,0.0,0.0,0.0,0.0,0.0,0.0,0.0,127.0,127.0,127.0,127.00000057220458,127.00033080152582,127.02489864202943,0.0,0.0,0.0,0.0,0.0,0.0,0.0,0.0,0.0,127.0,127.0,127.0,127.0,127.0,127.0,,,,0,6,1,127.0,0.0,SAME,1.0
PCAL,2020-06-02,127.0,127.0,127.0,127.0,127.0,127.0,0.0,0.0,0.0,0.0,0.0,0.0,0.0,0.0,127.0,127.0,127.0,127.00000028610229,127.00022053435055,127.02037161620589,0.0,0.0,0.0,0.0,0.0,0.0,0.0,0.0,0.0,127.0,127.0,127.0,127.0,127.0,127.0,,,,1,6,2,127.0,0.0,SAME,1.0
PCAL,2020-06-03,127.0,127.0,127.0,127.0,127.0,127.0,0.0,0.0,0.0,0.0,0.0,0.0,0.0,0.0,127.0,127.0,127.0,127.00000014305115,127.00014702290036,127.01666768598663,0.0,0.0,0.0,0.0,0.0,0.0,0.0,0.0,0.0,127.0,127.0,127.0,127.0,127.0,127.0,,,,2,6,3,127.0,0.0,SAME,1.0
PCAL,2020-06-04,127.0,127.0,127.0,127.0,127.0,127.0,0.0,0.0,0.0,0.0,0.0,0.0,0.0,0.0,127.0,127.0,127.0,127.00000007152558,127.00009801526691,127.01363719762543,0.0,0.0,0.0,0.0,0.0,0.0,0.0,0.0,0.0,127.0,127.0,127.0,127.0,127.0,127.0,,,,3,6,4,127.0,0.0,SAME,1.0
PCAL,2020-06-08,127.0,127.0,127.0,127.0,127.0,127.0,0.0,0.0,0.0,0.0,0.0,0.0,0.0,0.0,127.0,127.0,127.0,127.00000003576278,127.00006534351128,127.01115770714807,0.0,0.0,0.0,0.0,0.0,0.0,0.0,0.0,0.0,127.0,127.0,127.0,127.0,127.0,127.0,,,,0,6,8,127.0,0.0,SAME,1.0
PCAL,2020-06-09,127.0,127.0,127.0,127.0,127.0,127.0,0.0,0.0,0.0,0.0,0.0,0.0,0.0,0.0,127.0,127.0,127.0,127.00000001788139,127.00004356234086,127.00912903312114,0.0,0.0,0.0,0.0,0.0,0.0,0.0,0.0,0.0,127.0,127.0,127.0,127.0,127.0,127.0,,,,1,6,9,127.0,0.0,SAME,1.0
PCAL,2020-06-10,127.0,127.0,127.0,127.0,127.0,127.0,0.0,0.0,0.0,0.0,0.0,0.0,0.0,0.0,127.0,127.0,127.0,127.0000000089407,127.00002904156058,127.00746920891729,0.0,0.0,0.0,0.0,0.0,0.0,0.0,0.0,0.0,127.0,127.0,127.0,127.0,127.0,127.0,,,,2,6,10,127.0,0.0,SAME,1.0
PCAL,2020-06-11,127.0,127.0,127.0,127.0,127.0,127.0,0.0,0.0,0.0,0.0,0.0,0.0,0.0,0.0,127.0,127.0,127.0,127.00000000447035,127.00001936104039,127.00611117093231,0.0,0.0,0.0,0.0,0.0,0.0,0.0,0.0,0.0,127.0,127.0,127.0,127.0,127.0,127.0,,,,3,6,11,127.0,0.0,SAME,1.0
PCAL,2020-06-12,127.0,127.0,127.0,127.0,127.0,127.0,0.0,0.0,0.0,0.0,0.0,0.0,0.0,0.0,127.0,127.0,127.0,127.00000000223517,127.00001290736026,127.00500004894461,0.0,0.0,0.0,0.0,0.0,0.0,0.0,0.0,0.0,127.0,127.0,127.0,127.0,127.0,127.0,,,,4,6,12,127.0,0.0,SAME,1.0
PCAL,2020-06-15,127.0,127.0,127.0,127.0,127.0,127.0,0.0,0.0,0.0,0.0,0.0,0.0,0.0,0.0,127.0,127.0,127.0,127.00000000111758,127.00000860490684,127.0040909491365,0.0,0.0,0.0,0.0,0.0,0.0,0.0,0.0,0.0,127.0,127.0,127.0,127.0,127.0,127.0,,,,0,6,15,127.0,0.0,SAME,1.0
PCAL,2020-06-16,127.0,127.0,127.0,127.0,127.0,127.0,0.0,0.0,0.0,0.0,0.0,0.0,0.0,0.0,127.0,127.0,127.0,127.0000000005588,127.00000573660456,127.00334714020258,0.0,0.0,0.0,0.0,0.0,0.0,0.0,0.0,0.0,127.0,127.0,127.0,127.0,127.0,127.0,,,,1,6,16,127.0,0.0,SAME,1.0
PCAL,2020-06-17,127.0,127.0,127.0,127.0,127.0,127.0,0.0,0.0,0.0,0.0,0.0,0.0,0.0,0.0,127.0,127.0,127.0,127.0000000002794,127.00000382440305,127.00273856925665,0.0,0.0,0.0,0.0,0.0,0.0,0.0,0.0,0.0,127.0,127.0,127.0,127.0,127.0,127.0,,,,2,6,17,127.0,0.0,SAME,1.0
PCAL,2020-06-18,127.0,127.0,127.0,127.0,127.0,127.0,0.0,0.0,0.0,0.0,0.0,0.0,0.0,0.0,127.0,127.0,127.0,127.00000000013969,127.00000254960204,127.00224064757361,0.0,0.0,0.0,0.0,0.0,0.0,0.0,0.0,0.0,127.0,127.0,127.0,127.0,127.0,127.0,,,,3,6,18,127.0,0.0,SAME,1.0
PCAL,2020-06-19,127.0,127.0,127.0,127.0,127.0,127.0,0.0,0.0,0.0,0.0,0.0,0.0,0.0,0.0,127.0,127.0,127.0,127.00000000006985,127.0000016997347,127.00183325710567,0.0,0.0,0.0,0.0,0.0,0.0,0.0,0.0,0.0,127.0,127.0,127.0,127.0,127.0,127.0,,,,4,6,19,127.0,0.0,SAME,1.0
PCAL,2020-06-22,127.0,127.0,127.0,127.0,127.0,127.0,0.0,0.0,0.0,0.0,0.0,0.0,0.0,0.0,127.0,127.0,127.0,127.00000000003493,127.00000113315647,127.0014999376319,0.0,0.0,0.0,0.0,0.0,0.0,0.0,0.0,0.0,127.0,127.0,127.0,127.0,127.0,127.0,,,,0,6,22,127.0,0.0,SAME,1.0
PCAL,2020-06-23,127.0,127.0,127.0,127.0,127.0,127.0,0.0,0.0,0.0,0.0,0.0,0.0,0.0,0.0,127.0,127.0,127.0,127.00000000001747,127.00000075543765,127.00122722169883,0.0,0.0,0.0,0.0,0.0,0.0,0.0,0.0,0.0,127.0,127.0,127.0,127.0,127.0,127.0,,,,1,6,23,127.0,0.0,SAME,1.0
PCAL,2020-06-24,127.0,127.0,127.0,127.0,127.0,127.0,0.0,0.0,0.0,0.0,0.0,0.0,0.0,0.0,127.0,127.0,127.0,127.00000000000873,127.0000005036251,127.00100409048085,0.0,0.0,0.0,0.0,0.0,0.0,0.0,0.0,0.0,127.0,127.0,127.0,127.0,127.0,127.0,,,,2,6,24,127.0,0.0,SAME,1.0
PCAL,2020-06-25,127.0,127.0,127.0,127.0,127.0,127.0,0.0,0.0,0.0,0.0,0.0,0.0,0.0,0.0,127.0,127.0,127.0,127.00000000000436,127.00000033575007,127.00082152857523,0.0,0.0,0.0,0.0,0.0,0.0,0.0,0.0,0.0,127.0,127.0,127.0,127.0,127.0,127.0,,,,3,6,25,127.0,0.0,SAME,1.0
PCAL,2020-06-26,127.0,127.0,127.0,127.0,127.0,127.0,0.0,0.0,0.0,0.0,0.0,0.0,0.0,0.0,127.0,127.0,127.0,127.00000000000219,127.00000022383338,127.00067215974336,0.0,0.0,0.0,0.0,0.0,0.0,0.0,0.0,0.0,127.0,127.0,127.0,127.0,127.0,127.0,,,,4,6,26,127.0,0.0,SAME,1.0
PCAL,2020-06-29,127.0,127.0,127.0,127.0,127.0,127.0,0.0,0.0,0.0,0.0,0.0,0.0,0.0,0.0,127.0,127.0,127.0,127.0000000000011,127.00000014922226,127.00054994888093,0.0,0.0,0.0,0.0,0.0,0.0,0.0,0.0,0.0,127.0,127.0,127.0,127.0,127.0,127.0,,,,0,6,29,127.0,0.0,SAME,1.0
PCAL,2020-07-01,127.0,127.0,127.0,127.0,127.0,127.0,0.0,0.0,0.0,0.0,0.0,0.0,0.0,0.0,127.0,127.0,127.0,127.00000000000054,127.00000009948151,127.0004499581753,0.0,0.0,0.0,0.0,0.0,0.0,0.0,0.0,0.0,127.0,127.0,127.0,127.0,127.0,127.0,,,,2,7,1,127.0,0.0,SAME,1.0
PCAL,2020-07-02,127.0,127.0,127.0,127.0,127.0,127.0,0.0,0.0,0.0,0.0,0.0,0.0,0.0,0.0,127.0,127.0,127.0,127.00000000000027,127.00000006632101,127.00036814759797,0.0,0.0,0.0,0.0,0.0,0.0,0.0,0.0,0.0,127.0,127.0,127.0,127.0,127.0,127.0,,,,3,7,2,127.0,0.0,SAME,1.0
PCAL,2020-07-03,127.0,127.0,127.0,127.0,127.0,127.0,0.0,0.0,0.0,0.0,0.0,0.0,0.0,0.0,127.0,127.0,127.0,127.00000000000014,127.000000044214,127.00030121167106,0.0,0.0,0.0,0.0,0.0,0.0,0.0,0.0,0.0,127.0,127.0,127.0,127.0,127.0,127.0,,,,4,7,3,127.0,0.0,SAME,1.0
PCAL,2020-07-06,127.0,127.0,127.0,127.0,127.0,127.0,0.0,0.0,0.0,0.0,0.0,0.0,0.0,0.0,127.0,127.0,127.0,127.00000000000007,127.00000002947601,127.00024644591268,0.0,0.0,0.0,0.0,0.0,0.0,0.0,0.0,0.0,127.0,127.0,127.0,127.0,127.0,127.0,,,,0,7,6,127.0,0.0,SAME,1.0
PCAL,2020-07-07,127.0,127.0,127.0,127.0,127.0,127.0,0.0,0.0,0.0,0.0,0.0,0.0,0.0,0.0,127.0,127.0,127.0,127.00000000000003,127.00000001965068,127.00020163756491,0.0,0.0,0.0,0.0,0.0,0.0,0.0,0.0,0.0,127.0,127.0,127.0,127.0,127.0,127.0,,,,1,7,7,127.0,0.0,SAME,1.0
PCAL,2020-07-08,127.0,127.0,127.0,127.0,127.0,127.0,0.0,0.0,0.0,0.0,0.0,0.0,0.0,0.0,127.0,127.0,127.0,127.00000000000001,127.00000001310046,127.00016497618947,0.0,0.0,0.0,0.0,0.0,0.0,0.0,0.0,0.0,127.0,127.0,127.0,127.0,127.0,127.0,,,,2,7,8,127.0,0.0,SAME,1.0
PCAL,2020-07-09,127.0,127.0,127.0,127.0,127.0,127.0,0.0,0.0,0.0,0.0,0.0,0.0,0.0,0.0,127.0,127.0,127.0,127.0,127.00000000873365,127.00013498051865,0.0,0.0,0.0,0.0,0.0,0.0,0.0,0.0,0.0,127.0,127.0,127.0,127.0,127.0,127.0,,,,3,7,9,127.0,0.0,SAME,1.0
PCAL,2020-07-10,127.0,127.0,127.0,127.0,127.0,127.0,0.0,0.0,0.0,0.0,0.0,0.0,0.0,0.0,127.0,127.0,127.0,127.0,127.00000000582244,127.00011043860617,0.0,0.0,0.0,0.0,0.0,0.0,0.0,0.0,0.0,127.0,127.0,127.0,127.0,127.0,127.0,,,,4,7,10,128.0,1.0,UP,2.0
PCAL,2020-07-13,128.0,127.0,127.0,127.0,127.0,127.0,1.0,1.0,1.0,0.007874015748031482,0.007874015748031482,0.007874015748031482,0.007843177461025879,0.007843177461025879,127.33333333333333,127.2,127.1,127.5,127.33333333721498,127.18190854067777,0.004546065111729326,0.0035213668937004515,0.0024899824095813965,1.0,0.007874015748031496,1.0,0.007874015748031496,1.0,0.007874015748031496,127.0,128.0,127.0,128.0,127.0,128.0,1.0,1.0,1.0,0,7,13,128.0,0.0,SAME,1.0
PCAL,2020-07-14,128.0,128.0,127.0,127.0,127.0,127.0,0.0,1.0,1.0,0.0,0.007874015748031482,0.007874015748031482,0.0,0.007843177461025879,127.66666666666667,127.4,127.2,127.75,127.55555555814334,127.33065244237272,0.004546065111729326,0.0035213668937004515,0.0024899824095813965,1.0,0.007874015748031496,1.0,0.007874015748031496,1.0,0.007874015748031496,127.0,128.0,127.0,128.0,127.0,128.0,1.0,1.0,1.0,1,7,14,128.0,0.0,SAME,1.0
PCAL,2020-07-15,128.0,128.0,128.0,127.0,127.0,127.0,0.0,0.0,1.0,0.0,0.0,0.007874015748031482,0.0,0.0,128.0,127.6,127.3,127.875,127.7037037054289,127.45235199830495,0.004546065111729326,0.0035213668937004515,0.0024899824095813965,1.0,0.007874015748031496,1.0,0.007874015748031496,1.0,0.007874015748031496,128.0,128.0,127.0,128.0,127.0,128.0,,1.0,1.0,2,7,15,128.0,0.0,SAME,1.0
PCAL,2020-07-16,128.0,128.0,128.0,128.0,127.0,127.0,0.0,0.0,0.0,0.0,0.0,0.0,0.0,0.0,128.0,127.8,127.4,127.9375,127.8024691369526,127.55192436224951,0.0,0.0035213668937004515,0.0024899824095813965,0.0,0.0,1.0,0.007874015748031496,1.0,0.007874015748031496,128.0,128.0,127.0,128.0,127.0,128.0,,1.0,1.0,3,7,16,128.0,0.0,SAME,1.0
PCAL,2020-07-17,128.0,128.0,128.0,128.0,127.0,127.0,0.0,0.0,0.0,0.0,0.0,0.0,0.0,0.0,128.0,128.0,127.5,127.96875,127.8683127579684,127.63339266002231,0.0,0.0035213668937004515,0.0024899824095813965,0.0,0.0,1.0,0.007874015748031496,1.0,0.007874015748031496,128.0,128.0,128.0,128.0,127.0,128.0,,,1.0,4,7,17,128.0,0.0,SAME,1.0
PCAL,2020-07-20,128.0,128.0,128.0,128.0,128.0,127.0,0.0,0.0,0.0,0.0,0.0,0.0,0.0,0.0,128.0,128.0,127.6,127.984375,127.91220850531226,127.70004854001826,0.0,0.0,0.0024899824095813965,0.0,0.0,0.0,0.0,1.0,0.007874015748031496,128.0,128.0,128.0,128.0,127.0,128.0,,,1.0,0,7,20,128.0,0.0,SAME,1.0
PCAL,2020-07-21,128.0,128.0,128.0,128.0,128.0,127.0,0.0,0.0,0.0,0.0,0.0,0.0,0.0,0.0,128.0,128.0,127.7,127.9921875,127.94147233687485,127.75458516910584,0.0,0.0,0.0024899824095813965,0.0,0.0,0.0,0.0,1.0,0.007874015748031496,128.0,128.0,128.0,128.0,127.0,128.0,,,1.0,1,7,21,128.0,0.0,SAME,1.0
PCAL,2020-07-22,128.0,128.0,128.0,128.0,128.0,127.0,0.0,0.0,0.0,0.0,0.0,0.0,0.0,0.0,128.0,128.0,127.8,127.99609375,127.96098155791657,127.79920604745021,0.0,0.0,0.0024899824095813965,0.0,0.0,0.0,0.0,1.0,0.007874015748031496,128.0,128.0,128.0,128.0,127.0,128.0,,,1.0,2,7,22,128.0,0.0,SAME,1.0
PCAL,2020-07-23,128.0,128.0,128.0,128.0,128.0,127.0,0.0,0.0,0.0,0.0,0.0,0.0,0.0,0.0,128.0,128.0,127.9,127.998046875,127.97398770527772,127.83571403882289,0.0,0.0,0.0024899824095813965,0.0,0.0,0.0,0.0,1.0,0.007874015748031496,128.0,128.0,128.0,128.0,127.0,128.0,,,1.0,3,7,23,128.0,0.0,SAME,1.0
PCAL,2020-07-27,128.0,128.0,128.0,128.0,128.0,127.0,0.0,0.0,0.0,0.0,0.0,0.0,0.0,0.0,128.0,128.0,128.0,127.9990234375,127.98265847018516,127.86558421358237,0.0,0.0,0.0024899824095813965,0.0,0.0,0.0,0.0,1.0,0.007874015748031496,128.0,128.0,128.0,128.0,128.0,128.0,,,,0,7,27,128.0,0.0,SAME,1.0
PCAL,2020-07-28,128.0,128.0,128.0,128.0,128.0,128.0,0.0,0.0,0.0,0.0,0.0,0.0,0.0,0.0,128.0,128.0,128.0,127.99951171875,127.98843898012345,127.89002344747647,0.0,0.0,0.0,0.0,0.0,0.0,0.0,0.0,0.0,128.0,128.0,128.0,128.0,128.0,128.0,,,,1,7,28,128.0,0.0,SAME,1.0
PCAL,2020-07-29,128.0,128.0,128.0,128.0,128.0,128.0,0.0,0.0,0.0,0.0,0.0,0.0,0.0,0.0,128.0,128.0,128.0,127.999755859375,127.99229265341563,127.91001918429893,0.0,0.0,0.0,0.0,0.0,0.0,0.0,0.0,0.0,128.0,128.0,128.0,128.0,128.0,128.0,,,,2,7,29,128.0,0.0,SAME,1.0
PCAL,2020-07-30,128.0,128.0,128.0,128.0,128.0,128.0,0.0,0.0,0.0,0.0,0.0,0.0,0.0,0.0,128.0,128.0,128.0,127.9998779296875,127.99486176894376,127.9263793326082,0.0,0.0,0.0,0.0,0.0,0.0,0.0,0.0,0.0,128.0,128.0,128.0,128.0,128.0,128.0,,,,3,7,30,128.0,0.0,SAME,1.0
PCAL,2020-07-31,128.0,128.0,128.0,128.0,128.0,128.0,0.0,0.0,0.0,0.0,0.0,0.0,0.0,0.0,128.0,128.0,128.0,127.99993896484375,127.9965745126292,127.93976490849761,0.0,0.0,0.0,0.0,0.0,0.0,0.0,0.0,0.0,128.0,128.0,128.0,128.0,128.0,128.0,,,,4,7,31,128.0,0.0,SAME,1.0
PCAL,2020-08-03,128.0,128.0,128.0,128.0,128.0,128.0,0.0,0.0,0.0,0.0,0.0,0.0,0.0,0.0,128.0,128.0,128.0,127.99996948242188,127.9977163417528,127.9507167433162,0.0,0.0,0.0,0.0,0.0,0.0,0.0,0.0,0.0,128.0,128.0,128.0,128.0,128.0,128.0,,,,0,8,3,128.0,0.0,SAME,1.0
PCAL,2020-08-04,128.0,128.0,128.0,128.0,128.0,128.0,0.0,0.0,0.0,0.0,0.0,0.0,0.0,0.0,128.0,128.0,128.0,127.99998474121094,127.99847756116856,127.95967733544052,0.0,0.0,0.0,0.0,0.0,0.0,0.0,0.0,0.0,128.0,128.0,128.0,128.0,128.0,128.0,,,,1,8,4,128.0,0.0,SAME,1.0
PCAL,2020-08-05,128.0,128.0,128.0,128.0,128.0,128.0,0.0,0.0,0.0,0.0,0.0,0.0,0.0,0.0,128.0,128.0,128.0,127.99999237060547,127.99898504077905,127.96700872899677,0.0,0.0,0.0,0.0,0.0,0.0,0.0,0.0,0.0,128.0,128.0,128.0,128.0,128.0,128.0,,,,2,8,5,128.0,0.0,SAME,1.0
PCAL,2020-08-06,128.0,128.0,128.0,128.0,128.0,128.0,0.0,0.0,0.0,0.0,0.0,0.0,0.0,0.0,128.0,128.0,128.0,127.99999618530273,127.99932336051938,127.97300714190644,0.0,0.0,0.0,0.0,0.0,0.0,0.0,0.0,0.0,128.0,128.0,128.0,128.0,128.0,128.0,,,,3,8,6,128.0,0.0,SAME,1.0
PCAL,2020-08-07,128.0,128.0,128.0,128.0,128.0,128.0,0.0,0.0,0.0,0.0,0.0,0.0,0.0,0.0,128.0,128.0,128.0,127.99999809265137,127.99954890701292,127.97791493428707,0.0,0.0,0.0,0.0,0.0,0.0,0.0,0.0,0.0,128.0,128.0,128.0,128.0,128.0,128.0,,,,4,8,7,128.0,0.0,SAME,1.0
PCAL,2020-08-10,128.0,128.0,128.0,128.0,128.0,128.0,0.0,0.0,0.0,0.0,0.0,0.0,0.0,0.0,128.0,128.0,128.0,127.99999904632568,127.99969927134197,127.98193040078033,0.0,0.0,0.0,0.0,0.0,0.0,0.0,0.0,0.0,128.0,128.0,128.0,128.0,128.0,128.0,,,,0,8,10,128.0,0.0,SAME,1.0
PCAL,2020-08-11,128.0,128.0,128.0,128.0,128.0,128.0,0.0,0.0,0.0,0.0,0.0,0.0,0.0,0.0,128.0,128.0,128.0,127.99999952316284,127.99979951422799,127.98521578245663,0.0,0.0,0.0,0.0,0.0,0.0,0.0,0.0,0.0,128.0,128.0,128.0,128.0,128.0,128.0,,,,1,8,11,128.0,0.0,SAME,1.0
PCAL,2020-08-12,128.0,128.0,128.0,128.0,128.0,128.0,0.0,0.0,0.0,0.0,0.0,0.0,0.0,0.0,128.0,128.0,128.0,127.99999976158142,127.99986634281868,127.98790382200997,0.0,0.0,0.0,0.0,0.0,0.0,0.0,0.0,0.0,128.0,128.0,128.0,128.0,128.0,128.0,,,,2,8,12,128.0,0.0,SAME,1.0
PCAL,2020-08-13,128.0,128.0,128.0,128.0,128.0,128.0,0.0,0.0,0.0,0.0,0.0,0.0,0.0,0.0,128.0,128.0,128.0,127.99999988079071,127.99991089521245,127.99010312709905,0.0,0.0,0.0,0.0,0.0,0.0,0.0,0.0,0.0,128.0,128.0,128.0,128.0,128.0,128.0,,,,3,8,13,128.0,0.0,SAME,1.0
PCAL,2020-08-14,128.0,128.0,128.0,128.0,128.0,128.0,0.0,0.0,0.0,0.0,0.0,0.0,0.0,0.0,128.0,128.0,128.0,127.99999994039536,127.9999405968083,127.99190255853557,0.0,0.0,0.0,0.0,0.0,0.0,0.0,0.0,0.0,128.0,128.0,128.0,128.0,128.0,128.0,,,,4,8,14,128.0,0.0,SAME,1.0
PCAL,2020-08-17,128.0,128.0,128.0,128.0,128.0,128.0,0.0,0.0,0.0,0.0,0.0,0.0,0.0,0.0,128.0,128.0,128.0,127.99999997019768,127.9999603978722,127.99337482062,0.0,0.0,0.0,0.0,0.0,0.0,0.0,0.0,0.0,128.0,128.0,128.0,128.0,128.0,128.0,,,,0,8,17,128.0,0.0,SAME,1.0
PCAL,2020-08-18,128.0,128.0,128.0,128.0,128.0,128.0,0.0,0.0,0.0,0.0,0.0,0.0,0.0,0.0,128.0,128.0,128.0,127.99999998509884,127.99997359858148,127.9945793986891,0.0,0.0,0.0,0.0,0.0,0.0,0.0,0.0,0.0,128.0,128.0,128.0,128.0,128.0,128.0,,,,1,8,18,128.0,0.0,SAME,1.0
PCAL,2020-08-19,128.0,128.0,128.0,128.0,128.0,128.0,0.0,0.0,0.0,0.0,0.0,0.0,0.0,0.0,128.0,128.0,128.0,127.99999999254942,127.99998239905432,127.9955649625638,0.0,0.0,0.0,0.0,0.0,0.0,0.0,0.0,0.0,128.0,128.0,128.0,128.0,128.0,128.0,,,,2,8,19,128.0,0.0,SAME,1.0
PCAL,2020-08-20,128.0,128.0,128.0,128.0,128.0,128.0,0.0,0.0,0.0,0.0,0.0,0.0,0.0,0.0,128.0,128.0,128.0,127.99999999627471,127.99998826603621,127.99637133300675,0.0,0.0,0.0,0.0,0.0,0.0,0.0,0.0,0.0,128.0,128.0,128.0,128.0,128.0,128.0,,,,3,8,20,128.0,0.0,SAME,1.0
PCAL,2020-08-21,128.0,128.0,128.0,128.0,128.0,128.0,0.0,0.0,0.0,0.0,0.0,0.0,0.0,0.0,128.0,128.0,128.0,127.99999999813735,127.99999217735748,127.99703109064188,0.0,0.0,0.0,0.0,0.0,0.0,0.0,0.0,0.0,128.0,128.0,128.0,128.0,128.0,128.0,,,,4,8,21,128.0,0.0,SAME,1.0
PCAL,2020-08-24,128.0,128.0,128.0,128.0,128.0,128.0,0.0,0.0,0.0,0.0,0.0,0.0,0.0,0.0,128.0,128.0,128.0,127.99999999906868,127.999994784905,127.99757089234336,0.0,0.0,0.0,0.0,0.0,0.0,0.0,0.0,0.0,128.0,128.0,128.0,128.0,128.0,128.0,,,,0,8,24,128.0,0.0,SAME,1.0
PCAL,2020-08-25,128.0,128.0,128.0,128.0,128.0,128.0,0.0,0.0,0.0,0.0,0.0,0.0,0.0,0.0,128.0,128.0,128.0,127.99999999953434,127.99999652327,127.99801254828091,0.0,0.0,0.0,0.0,0.0,0.0,0.0,0.0,0.0,128.0,128.0,128.0,128.0,128.0,128.0,,,,1,8,25,128.0,0.0,SAME,1.0
PCAL,2020-08-26,128.0,128.0,128.0,128.0,128.0,128.0,0.0,0.0,0.0,0.0,0.0,0.0,0.0,0.0,128.0,128.0,128.0,127.99999999976717,127.99999768218001,127.99837390313891,0.0,0.0,0.0,0.0,0.0,0.0,0.0,0.0,0.0,128.0,128.0,128.0,128.0,128.0,128.0,,,,2,8,26,128.0,0.0,SAME,1.0
PCAL,2020-08-27,128.0,128.0,128.0,128.0,128.0,128.0,0.0,0.0,0.0,0.0,0.0,0.0,0.0,0.0,128.0,128.0,128.0,127.99999999988358,127.99999845478669,127.99866955711366,0.0,0.0,0.0,0.0,0.0,0.0,0.0,0.0,0.0,128.0,128.0,128.0,128.0,128.0,128.0,,,,3,8,27,128.0,0.0,SAME,1.0
PCAL,2020-08-28,128.0,128.0,128.0,128.0,128.0,128.0,0.0,0.0,0.0,0.0,0.0,0.0,0.0,0.0,128.0,128.0,128.0,127.99999999994179,127.99999896985781,127.99891145582026,0.0,0.0,0.0,0.0,0.0,0.0,0.0,0.0,0.0,128.0,128.0,128.0,128.0,128.0,128.0,,,,4,8,28,128.0,0.0,SAME,1.0
PCAL,2020-08-31,128.0,128.0,128.0,128.0,128.0,128.0,0.0,0.0,0.0,0.0,0.0,0.0,0.0,0.0,128.0,128.0,128.0,127.9999999999709,127.99999931323856,127.99910937294385,0.0,0.0,0.0,0.0,0.0,0.0,0.0,0.0,0.0,128.0,128.0,128.0,128.0,128.0,128.0,,,,0,8,31,128.0,0.0,SAME,1.0
PCAL,2020-09-01,128.0,128.0,128.0,128.0,128.0,128.0,0.0,0.0,0.0,0.0,0.0,0.0,0.0,0.0,128.0,128.0,128.0,127.99999999998545,127.99999954215906,127.99927130513586,0.0,0.0,0.0,0.0,0.0,0.0,0.0,0.0,0.0,128.0,128.0,128.0,128.0,128.0,128.0,,,,1,9,1,128.0,0.0,SAME,1.0
PCAL,2020-09-02,128.0,128.0,128.0,128.0,128.0,128.0,0.0,0.0,0.0,0.0,0.0,0.0,0.0,0.0,128.0,128.0,128.0,127.99999999999272,127.99999969477273,127.99940379511116,0.0,0.0,0.0,0.0,0.0,0.0,0.0,0.0,0.0,128.0,128.0,128.0,128.0,128.0,128.0,,,,2,9,2,128.0,0.0,SAME,1.0
PCAL,2020-09-03,128.0,128.0,128.0,128.0,128.0,128.0,0.0,0.0,0.0,0.0,0.0,0.0,0.0,0.0,128.0,128.0,128.0,127.99999999999636,127.99999979651517,127.99951219600004,0.0,0.0,0.0,0.0,0.0,0.0,0.0,0.0,0.0,128.0,128.0,128.0,128.0,128.0,128.0,,,,3,9,3,128.0,0.0,SAME,1.0
PCAL,2020-09-04,128.0,128.0,128.0,128.0,128.0,128.0,0.0,0.0,0.0,0.0,0.0,0.0,0.0,0.0,128.0,128.0,128.0,127.99999999999818,127.99999986434347,127.99960088763638,0.0,0.0,0.0,0.0,0.0,0.0,0.0,0.0,0.0,128.0,128.0,128.0,128.0,128.0,128.0,,,,4,9,4,128.0,0.0,SAME,1.0
PCAL,2020-09-07,128.0,128.0,128.0,128.0,128.0,128.0,0.0,0.0,0.0,0.0,0.0,0.0,0.0,0.0,128.0,128.0,128.0,127.99999999999909,127.99999990956232,127.99967345352067,0.0,0.0,0.0,0.0,0.0,0.0,0.0,0.0,0.0,128.0,128.0,128.0,128.0,128.0,128.0,,,,0,9,7,128.0,0.0,SAME,1.0
PCAL,2020-09-08,128.0,128.0,128.0,128.0,128.0,128.0,0.0,0.0,0.0,0.0,0.0,0.0,0.0,0.0,128.0,128.0,128.0,127.99999999999955,127.99999993970823,127.99973282560782,0.0,0.0,0.0,0.0,0.0,0.0,0.0,0.0,0.0,128.0,128.0,128.0,128.0,128.0,128.0,,,,1,9,8,128.0,0.0,SAME,1.0
PCAL,2020-09-09,128.0,128.0,128.0,128.0,128.0,128.0,0.0,0.0,0.0,0.0,0.0,0.0,0.0,0.0,128.0,128.0,128.0,127.99999999999977,127.9999999598055,127.99978140277003,0.0,0.0,0.0,0.0,0.0,0.0,0.0,0.0,0.0,128.0,128.0,128.0,128.0,128.0,128.0,,,,2,9,9,128.0,0.0,SAME,1.0
PCAL,2020-09-10,128.0,128.0,128.0,128.0,128.0,128.0,0.0,0.0,0.0,0.0,0.0,0.0,0.0,0.0,128.0,128.0,128.0,127.99999999999989,127.99999997320367,127.99982114772092,0.0,0.0,0.0,0.0,0.0,0.0,0.0,0.0,0.0,128.0,128.0,128.0,128.0,128.0,128.0,,,,3,9,10,128.0,0.0,SAME,1.0
PCAL,2020-09-11,128.0,128.0,128.0,128.0,128.0,128.0,0.0,0.0,0.0,0.0,0.0,0.0,0.0,0.0,128.0,128.0,128.0,127.99999999999994,127.99999998213579,127.99985366631711,0.0,0.0,0.0,0.0,0.0,0.0,0.0,0.0,0.0,128.0,128.0,128.0,128.0,128.0,128.0,,,,4,9,11,128.0,0.0,SAME,1.0
PCAL,2020-09-14,128.0,128.0,128.0,128.0,128.0,128.0,0.0,0.0,0.0,0.0,0.0,0.0,0.0,0.0,128.0,128.0,128.0,127.99999999999997,127.99999998809054,127.99988027244126,0.0,0.0,0.0,0.0,0.0,0.0,0.0,0.0,0.0,128.0,128.0,128.0,128.0,128.0,128.0,,,,0,9,14,128.0,0.0,SAME,1.0
PCAL,2020-09-15,128.0,128.0,128.0,128.0,128.0,128.0,0.0,0.0,0.0,0.0,0.0,0.0,0.0,0.0,128.0,128.0,128.0,127.99999999999999,127.99999999206037,127.99990204108829,0.0,0.0,0.0,0.0,0.0,0.0,0.0,0.0,0.0,128.0,128.0,128.0,128.0,128.0,128.0,,,,1,9,15,128.0,0.0,SAME,1.0
PCAL,2020-09-16,128.0,128.0,128.0,128.0,128.0,128.0,0.0,0.0,0.0,0.0,0.0,0.0,0.0,0.0,128.0,128.0,128.0,128.0,127.99999999470691,127.99991985179949,0.0,0.0,0.0,0.0,0.0,0.0,0.0,0.0,0.0,128.0,128.0,128.0,128.0,128.0,128.0,,,,2,9,16,128.0,0.0,SAME,1.0
PCAL,2020-09-17,128.0,128.0,128.0,128.0,128.0,128.0,0.0,0.0,0.0,0.0,0.0,0.0,0.0,0.0,128.0,128.0,128.0,128.0,127.99999999647127,127.99993442419958,0.0,0.0,0.0,0.0,0.0,0.0,0.0,0.0,0.0,128.0,128.0,128.0,128.0,128.0,128.0,,,,3,9,17,128.0,0.0,SAME,1.0
PCAL,2020-09-18,128.0,128.0,128.0,128.0,128.0,128.0,0.0,0.0,0.0,0.0,0.0,0.0,0.0,0.0,128.0,128.0,128.0,128.0,127.99999999764754,127.99994634707238,0.0,0.0,0.0,0.0,0.0,0.0,0.0,0.0,0.0,128.0,128.0,128.0,128.0,128.0,128.0,,,,4,9,18,128.0,0.0,SAME,1.0
PCAL,2020-09-21,128.0,128.0,128.0,128.0,128.0,128.0,0.0,0.0,0.0,0.0,0.0,0.0,0.0,0.0,128.0,128.0,128.0,128.0,127.99999999843169,127.99995610215012,0.0,0.0,0.0,0.0,0.0,0.0,0.0,0.0,0.0,128.0,128.0,128.0,128.0,128.0,128.0,,,,0,9,21,128.0,0.0,SAME,1.0
PCAL,2020-09-24,128.0,128.0,128.0,128.0,128.0,128.0,0.0,0.0,0.0,0.0,0.0,0.0,0.0,0.0,128.0,128.0,128.0,128.0,127.99999999895448,127.99996408357737,0.0,0.0,0.0,0.0,0.0,0.0,0.0,0.0,0.0,128.0,128.0,128.0,128.0,128.0,128.0,,,,3,9,24,128.0,0.0,SAME,1.0
PCAL,2020-09-25,128.0,128.0,128.0,128.0,128.0,128.0,0.0,0.0,0.0,0.0,0.0,0.0,0.0,0.0,128.0,128.0,128.0,128.0,127.99999999930299,127.99997061383601,0.0,0.0,0.0,0.0,0.0,0.0,0.0,0.0,0.0,128.0,128.0,128.0,128.0,128.0,128.0,,,,4,9,25,128.0,0.0,SAME,1.0
PCAL,2020-09-29,128.0,128.0,128.0,128.0,128.0,128.0,0.0,0.0,0.0,0.0,0.0,0.0,0.0,0.0,128.0,128.0,128.0,128.0,127.99999999953533,127.9999759567749,0.0,0.0,0.0,0.0,0.0,0.0,0.0,0.0,0.0,128.0,128.0,128.0,128.0,128.0,128.0,,,,1,9,29,128.0,0.0,SAME,1.0
PCAL,2020-09-30,128.0,128.0,128.0,128.0,128.0,128.0,0.0,0.0,0.0,0.0,0.0,0.0,0.0,0.0,128.0,128.0,128.0,128.0,127.99999999969023,127.99998032827037,0.0,0.0,0.0,0.0,0.0,0.0,0.0,0.0,0.0,128.0,128.0,128.0,128.0,128.0,128.0,,,,2,9,30,128.0,0.0,SAME,1.0
PCAL,2020-10-01,128.0,128.0,128.0,128.0,128.0,128.0,0.0,0.0,0.0,0.0,0.0,0.0,0.0,0.0,128.0,128.0,128.0,128.0,127.99999999979349,127.99998390494846,0.0,0.0,0.0,0.0,0.0,0.0,0.0,0.0,0.0,128.0,128.0,128.0,128.0,128.0,128.0,,,,3,10,1,128.0,0.0,SAME,1.0
PCAL,2020-10-02,128.0,128.0,128.0,128.0,128.0,128.0,0.0,0.0,0.0,0.0,0.0,0.0,0.0,0.0,128.0,128.0,128.0,128.0,127.99999999986233,127.99998683132145,0.0,0.0,0.0,0.0,0.0,0.0,0.0,0.0,0.0,128.0,128.0,128.0,128.0,128.0,128.0,,,,4,10,2,128.0,0.0,SAME,1.0
PCAL,2020-10-05,128.0,128.0,128.0,128.0,128.0,128.0,0.0,0.0,0.0,0.0,0.0,0.0,0.0,0.0,128.0,128.0,128.0,128.0,127.99999999990823,127.99998922562662,0.0,0.0,0.0,0.0,0.0,0.0,0.0,0.0,0.0,128.0,128.0,128.0,128.0,128.0,128.0,,,,0,10,5,128.0,0.0,SAME,1.0
PCAL,2020-10-06,128.0,128.0,128.0,128.0,128.0,128.0,0.0,0.0,0.0,0.0,0.0,0.0,0.0,0.0,128.0,128.0,128.0,128.0,127.99999999993884,127.9999911846036,0.0,0.0,0.0,0.0,0.0,0.0,0.0,0.0,0.0,128.0,128.0,128.0,128.0,128.0,128.0,,,,1,10,6,128.0,0.0,SAME,1.0
PCAL,2020-10-07,128.0,128.0,128.0,128.0,128.0,128.0,0.0,0.0,0.0,0.0,0.0,0.0,0.0,0.0,128.0,128.0,128.0,128.0,127.99999999995924,127.99999278740293,0.0,0.0,0.0,0.0,0.0,0.0,0.0,0.0,0.0,128.0,128.0,128.0,128.0,128.0,128.0,,,,2,10,7,128.0,0.0,SAME,1.0
PCAL,2020-10-08,128.0,128.0,128.0,128.0,128.0,128.0,0.0,0.0,0.0,0.0,0.0,0.0,0.0,0.0,128.0,128.0,128.0,128.0,127.99999999997283,127.99999409878421,0.0,0.0,0.0,0.0,0.0,0.0,0.0,0.0,0.0,128.0,128.0,128.0,128.0,128.0,128.0,,,,3,10,8,128.0,0.0,SAME,1.0
PCAL,2020-10-09,128.0,128.0,128.0,128.0,128.0,128.0,0.0,0.0,0.0,0.0,0.0,0.0,0.0,0.0,128.0,128.0,128.0,128.0,127.9999999999819,127.99999517173254,0.0,0.0,0.0,0.0,0.0,0.0,0.0,0.0,0.0,128.0,128.0,128.0,128.0,128.0,128.0,,,,4,10,9,128.0,0.0,SAME,1.0
PCAL,2020-10-12,128.0,128.0,128.0,128.0,128.0,128.0,0.0,0.0,0.0,0.0,0.0,0.0,0.0,0.0,128.0,128.0,128.0,128.0,127.99999999998795,127.99999604959933,0.0,0.0,0.0,0.0,0.0,0.0,0.0,0.0,0.0,128.0,128.0,128.0,128.0,128.0,128.0,,,,0,10,12,128.0,0.0,SAME,1.0
PCAL,2020-10-13,128.0,128.0,128.0,128.0,128.0,128.0,0.0,0.0,0.0,0.0,0.0,0.0,0.0,0.0,128.0,128.0,128.0,128.0,127.99999999999199,127.99999676785399,0.0,0.0,0.0,0.0,0.0,0.0,0.0,0.0,0.0,128.0,128.0,128.0,128.0,128.0,128.0,,,,1,10,13,128.0,0.0,SAME,1.0
PCAL,2020-10-14,128.0,128.0,128.0,128.0,128.0,128.0,0.0,0.0,0.0,0.0,0.0,0.0,0.0,0.0,128.0,128.0,128.0,128.0,127.99999999999466,127.99999735551688,0.0,0.0,0.0,0.0,0.0,0.0,0.0,0.0,0.0,128.0,128.0,128.0,128.0,128.0,128.0,,,,2,10,14,128.0,0.0,SAME,1.0
PCAL,2020-10-15,128.0,128.0,128.0,128.0,128.0,128.0,0.0,0.0,0.0,0.0,0.0,0.0,0.0,0.0,128.0,128.0,128.0,128.0,127.99999999999645,127.999997836332,0.0,0.0,0.0,0.0,0.0,0.0,0.0,0.0,0.0,128.0,128.0,128.0,128.0,128.0,128.0,,,,3,10,15,128.0,0.0,SAME,1.0
PCAL,2020-10-16,128.0,128.0,128.0,128.0,128.0,128.0,0.0,0.0,0.0,0.0,0.0,0.0,0.0,0.0,128.0,128.0,128.0,128.0,127.99999999999764,127.99999822972617,0.0,0.0,0.0,0.0,0.0,0.0,0.0,0.0,0.0,128.0,128.0,128.0,128.0,128.0,128.0,,,,4,10,16,128.0,0.0,SAME,1.0
PCAL,2020-10-19,128.0,128.0,128.0,128.0,128.0,128.0,0.0,0.0,0.0,0.0,0.0,0.0,0.0,0.0,128.0,128.0,128.0,128.0,127.99999999999844,127.99999855159413,0.0,0.0,0.0,0.0,0.0,0.0,0.0,0.0,0.0,128.0,128.0,128.0,128.0,128.0,128.0,,,,0,10,19,128.0,0.0,SAME,1.0
PCAL,2020-10-20,128.0,128.0,128.0,128.0,128.0,128.0,0.0,0.0,0.0,0.0,0.0,0.0,0.0,0.0,128.0,128.0,128.0,128.0,127.99999999999898,127.99999881494065,0.0,0.0,0.0,0.0,0.0,0.0,0.0,0.0,0.0,128.0,128.0,128.0,128.0,128.0,128.0,,,,1,10,20,128.0,0.0,SAME,1.0
PCAL,2020-10-21,128.0,128.0,128.0,128.0,128.0,128.0,0.0,0.0,0.0,0.0,0.0,0.0,0.0,0.0,128.0,128.0,128.0,128.0,127.99999999999932,127.99999903040597,0.0,0.0,0.0,0.0,0.0,0.0,0.0,0.0,0.0,128.0,128.0,128.0,128.0,128.0,128.0,,,,2,10,21,128.0,0.0,SAME,1.0
PCAL,2020-10-22,128.0,128.0,128.0,128.0,128.0,128.0,0.0,0.0,0.0,0.0,0.0,0.0,0.0,0.0,128.0,128.0,128.0,128.0,127.99999999999955,127.99999920669578,0.0,0.0,0.0,0.0,0.0,0.0,0.0,0.0,0.0,128.0,128.0,128.0,128.0,128.0,128.0,,,,3,10,22,124.0,-4.0,DOWN,0.0
PCAL,2020-10-23,124.0,128.0,128.0,128.0,128.0,128.0,-4.0,-4.0,-4.0,-0.03125,-0.03125,-0.03125,-0.0317486983145803,-0.0317486983145803,126.66666666666667,127.2,127.6,126.0,126.66666666666637,127.27272662366018,0.018042195912175808,0.013975424859373685,0.009882117688026186,-4.0,-0.03125,-4.0,-0.03125,-4.0,-0.03125,124.0,128.0,124.0,128.0,124.0,128.0,0.0,0.0,0.0,4,10,23,124.0,0.0,SAME,1.0
PCAL,2020-10-27,124.0,124.0,128.0,128.0,128.0,128.0,0.0,-4.0,-4.0,0.0,-0.03125,-0.03125,0.0,-0.0317486983145803,125.33333333333333,126.4,127.2,125.0,125.77777777777759,126.67768541935833,0.018042195912175808,0.013975424859373685,0.009882117688026186,-4.0,-0.03125,-4.0,-0.03125,-4.0,-0.03125,124.0,128.0,124.0,128.0,124.0,128.0,0.0,0.0,0.0,1,10,27,124.0,0.0,SAME,1.0
PCAL,2020-10-28,124.0,124.0,124.0,128.0,128.0,128.0,0.0,0.0,-4.0,0.0,0.0,-0.03125,0.0,0.0,124.0,125.6,126.8,124.5,125.18518518518506,126.19083352492953,0.018042195912175808,0.013975424859373685,0.009882117688026186,-4.0,-0.03125,-4.0,-0.03125,-4.0,-0.03125,124.0,124.0,124.0,128.0,124.0,128.0,,0.0,0.0,2,10,28,124.0,0.0,SAME,1.0
PCAL,2020-10-29,124.0,124.0,124.0,124.0,128.0,128.0,0.0,0.0,0.0,0.0,0.0,0.0,0.0,0.0,124.0,124.8,126.4,124.25,124.79012345679004,125.79250015676052,0.0,0.013975424859373685,0.009882117688026186,0.0,0.0,-4.0,-0.03125,-4.0,-0.03125,124.0,124.0,124.0,128.0,124.0,128.0,,0.0,0.0,3,10,29,124.0,0.0,SAME,1.0
PCAL,2020-10-30,124.0,124.0,124.0,124.0,128.0,128.0,0.0,0.0,0.0,0.0,0.0,0.0,0.0,0.0,124.0,124.0,126.0,124.125,124.52674897119337,125.46659103734952,0.0,0.013975424859373685,0.009882117688026186,0.0,0.0,-4.0,-0.03125,-4.0,-0.03125,124.0,124.0,124.0,124.0,124.0,128.0,,,0.0,4,10,30,124.0,0.0,SAME,1.0
PCAL,2020-11-02,124.0,124.0,124.0,124.0,124.0,128.0,0.0,0.0,0.0,0.0,0.0,0.0,0.0,0.0,124.0,124.0,125.6,124.0625,124.35116598079559,125.19993812146778,0.0,0.0,0.009882117688026186,0.0,0.0,0.0,0.0,-4.0,-0.03125,124.0,124.0,124.0,124.0,124.0,128.0,,,0.0,0,11,2,124.0,0.0,SAME,1.0
PCAL,2020-11-03,124.0,124.0,124.0,124.0,124.0,128.0,0.0,0.0,0.0,0.0,0.0,0.0,0.0,0.0,124.0,124.0,125.2,124.03125,124.23411065386372,124.98176755392818,0.0,0.0,0.009882117688026186,0.0,0.0,0.0,0.0,-4.0,-0.03125,124.0,124.0,124.0,124.0,124.0,128.0,,,0.0,1,11,3,124.0,0.0,SAME,1.0
PCAL,2020-11-04,124.0,124.0,124.0,124.0,124.0,128.0,0.0,0.0,0.0,0.0,0.0,0.0,0.0,0.0,124.0,124.0,124.8,124.015625,124.15607376924248,124.80326436230487,0.0,0.0,0.009882117688026186,0.0,0.0,0.0,0.0,-4.0,-0.03125,124.0,124.0,124.0,124.0,124.0,128.0,,,0.0,2,11,4,124.0,0.0,SAME,1.0
PCAL,2020-11-05,124.0,124.0,124.0,124.0,124.0,128.0,0.0,0.0,0.0,0.0,0.0,0.0,0.0,0.0,124.0,124.0,124.4,124.0078125,124.104049179495,124.65721629643126,0.0,0.0,0.009882117688026186,0.0,0.0,0.0,0.0,-4.0,-0.03125,124.0,124.0,124.0,124.0,124.0,128.0,,,0.0,3,11,5,124.0,0.0,SAME,1.0
PCAL,2020-11-06,124.0,124.0,124.0,124.0,124.0,128.0,0.0,0.0,0.0,0.0,0.0,0.0,0.0,0.0,124.0,124.0,124.0,124.00390625,124.06936611966333,124.53772242435284,0.0,0.0,0.009882117688026186,0.0,0.0,0.0,0.0,-4.0,-0.03125,124.0,124.0,124.0,124.0,124.0,124.0,,,,4,11,6,124.0,0.0,SAME,1.0
PCAL,2020-11-09,124.0,124.0,124.0,124.0,124.0,124.0,0.0,0.0,0.0,0.0,0.0,0.0,0.0,0.0,124.0,124.0,124.0,124.001953125,124.04624407977556,124.43995471083413,0.0,0.0,0.0,0.0,0.0,0.0,0.0,0.0,0.0,124.0,124.0,124.0,124.0,124.0,124.0,,,,0,11,9,124.0,0.0,SAME,1.0
PCAL,2020-11-10,124.0,124.0,124.0,124.0,124.0,124.0,0.0,0.0,0.0,0.0,0.0,0.0,0.0,0.0,124.0,124.0,124.0,124.0009765625,124.03082938651704,124.35996294522792,0.0,0.0,0.0,0.0,0.0,0.0,0.0,0.0,0.0,124.0,124.0,124.0,124.0,124.0,124.0,,,,1,11,10,124.0,0.0,SAME,1.0
PCAL,2020-11-12,124.0,124.0,124.0,124.0,124.0,124.0,0.0,0.0,0.0,0.0,0.0,0.0,0.0,0.0,124.0,124.0,124.0,124.00048828125,124.0205529243447,124.29451513700465,0.0,0.0,0.0,0.0,0.0,0.0,0.0,0.0,0.0,124.0,124.0,124.0,124.0,124.0,124.0,,,,3,11,12,124.0,0.0,SAME,1.0
PCAL,2020-11-13,124.0,124.0,124.0,124.0,124.0,124.0,0.0,0.0,0.0,0.0,0.0,0.0,0.0,0.0,124.0,124.0,124.0,124.000244140625,124.01370194956314,124.24096693027653,0.0,0.0,0.0,0.0,0.0,0.0,0.0,0.0,0.0,124.0,124.0,124.0,124.0,124.0,124.0,,,,4,11,13,124.0,0.0,SAME,1.0
PCAL,2020-11-16,124.0,124.0,124.0,124.0,124.0,124.0,0.0,0.0,0.0,0.0,0.0,0.0,0.0,0.0,124.0,124.0,124.0,124.0001220703125,124.0091346330421,124.19715476113534,0.0,0.0,0.0,0.0,0.0,0.0,0.0,0.0,0.0,124.0,124.0,124.0,124.0,124.0,124.0,,,,0,11,16,124.0,0.0,SAME,1.0
PCAL,2020-11-17,124.0,124.0,124.0,124.0,124.0,124.0,0.0,0.0,0.0,0.0,0.0,0.0,0.0,0.0,124.0,124.0,124.0,124.00006103515625,124.0060897553614,124.1613084409289,0.0,0.0,0.0,0.0,0.0,0.0,0.0,0.0,0.0,124.0,124.0,124.0,124.0,124.0,124.0,,,,1,11,17,124.0,0.0,SAME,1.0
PCAL,2020-11-18,124.0,124.0,124.0,124.0,124.0,124.0,0.0,0.0,0.0,0.0,0.0,0.0,0.0,0.0,124.0,124.0,124.0,124.00003051757812,124.0040598369076,124.13197963348728,0.0,0.0,0.0,0.0,0.0,0.0,0.0,0.0,0.0,124.0,124.0,124.0,124.0,124.0,124.0,,,,2,11,18,124.0,0.0,SAME,1.0
PCAL,2020-11-19,124.0,124.0,124.0,124.0,124.0,124.0,0.0,0.0,0.0,0.0,0.0,0.0,0.0,0.0,124.0,124.0,124.0,124.00001525878906,124.00270655793841,124.10798333648958,0.0,0.0,0.0,0.0,0.0,0.0,0.0,0.0,0.0,124.0,124.0,124.0,124.0,124.0,124.0,,,,3,11,19,124.0,0.0,SAME,1.0
PCAL,2020-11-20,124.0,124.0,124.0,124.0,124.0,124.0,0.0,0.0,0.0,0.0,0.0,0.0,0.0,0.0,124.0,124.0,124.0,124.00000762939453,124.00180437195894,124.08835000258237,0.0,0.0,0.0,0.0,0.0,0.0,0.0,0.0,0.0,124.0,124.0,124.0,124.0,124.0,124.0,,,,4,11,20,124.0,0.0,SAME,1.0
PCAL,2020-11-23,124.0,124.0,124.0,124.0,124.0,124.0,0.0,0.0,0.0,0.0,0.0,0.0,0.0,0.0,124.0,124.0,124.0,124.00000381469727,124.0012029146393,124.0722863657492,0.0,0.0,0.0,0.0,0.0,0.0,0.0,0.0,0.0,124.0,124.0,124.0,124.0,124.0,124.0,,,,0,11,23,124.0,0.0,SAME,1.0
PCAL,2020-11-24,124.0,124.0,124.0,124.0,124.0,124.0,0.0,0.0,0.0,0.0,0.0,0.0,0.0,0.0,124.0,124.0,124.0,124.00000190734863,124.00080194309287,124.05914339015844,0.0,0.0,0.0,0.0,0.0,0.0,0.0,0.0,0.0,124.0,124.0,124.0,124.0,124.0,124.0,,,,1,11,24,124.0,0.0,SAME,1.0
PCAL,2020-11-25,124.0,124.0,124.0,124.0,124.0,124.0,0.0,0.0,0.0,0.0,0.0,0.0,0.0,0.0,124.0,124.0,124.0,124.00000095367432,124.00053462872859,124.04839004649327,0.0,0.0,0.0,0.0,0.0,0.0,0.0,0.0,0.0,124.0,124.0,124.0,124.0,124.0,124.0,,,,2,11,25,124.0,0.0,SAME,1.0
PCAL,2020-11-26,124.0,124.0,124.0,124.0,124.0,124.0,0.0,0.0,0.0,0.0,0.0,0.0,0.0,0.0,124.0,124.0,124.0,124.00000047683716,124.0003564191524,124.03959185622176,0.0,0.0,0.0,0.0,0.0,0.0,0.0,0.0,0.0,124.0,124.0,124.0,124.0,124.0,124.0,,,,3,11,26,123.8,-0.20000000000000284,DOWN,0.0
PCAL,2020-11-27,123.8,124.0,124.0,124.0,124.0,124.0,-0.20000000000000284,-0.20000000000000284,-0.20000000000000284,-0.001612903225806428,-0.001612903225806428,-0.001612903225806428,-0.0016142053545411135,-0.0016142053545411135,123.93333333333334,123.96,123.97999999999999,123.90000023841858,123.93357094610161,123.99602970054508,0.000931210111596188,0.0007213122508063732,0.0005100447838981182,-0.20000000000000284,-0.0016129032258064746,-0.20000000000000284,-0.0016129032258064746,-0.20000000000000284,-0.0016129032258064746,123.8,124.0,123.8,124.0,123.8,124.0,0.0,0.0,0.0,4,11,27,123.8,0.0,SAME,1.0
PCAL,2020-11-30,123.8,123.8,124.0,124.0,124.0,124.0,0.0,-0.20000000000000284,-0.20000000000000284,0.0,-0.001612903225806428,-0.001612903225806428,0.0,-0.0016142053545411135,123.86666666666667,123.92,123.96,123.85000011920928,123.88904729740108,123.96038793680961,0.000931210111596188,0.0007213122508063732,0.0005100447838981182,-0.20000000000000284,-0.0016129032258064746,-0.20000000000000284,-0.0016129032258064746,-0.20000000000000284,-0.0016129032258064746,123.8,124.0,123.8,124.0,123.8,124.0,0.0,0.0,0.0,0,11,30,123.8,0.0,SAME,1.0
PCAL,2020-12-01,123.8,123.8,123.8,124.0,124.0,124.0,0.0,0.0,-0.20000000000000284,0.0,0.0,-0.001612903225806428,0.0,0.0,123.8,123.88,123.94000000000001,123.82500005960463,123.85936486493407,123.93122649375331,0.000931210111596188,0.0007213122508063732,0.0005100447838981182,-0.20000000000000284,-0.0016129032258064746,-0.20000000000000284,-0.0016129032258064746,-0.20000000000000284,-0.0016129032258064746,123.8,123.8,123.8,124.0,123.8,124.0,,0.0,0.0,1,12,1,122.1,-1.7000000000000028,DOWN,0.0
PCAL,2020-12-02,122.1,123.8,123.8,123.8,124.0,124.0,-1.7000000000000028,-1.7000000000000028,-1.7000000000000028,-0.013731825525040375,-0.013731825525040375,-0.013731825525040375,-0.01382697913383672,-0.01382697913383672,123.23333333333333,123.5,123.75,122.96250002980231,123.27290990995604,123.5982762221618,0.00792807316334704,0.006001507081112091,0.00431558440773103,-1.7000000000000028,-0.013731825525040412,-1.9000000000000057,-0.015322580645161336,-1.9000000000000057,-0.015322580645161336,122.1,123.8,122.1,124.0,122.1,124.0,0.0,0.0,0.0,2,12,2,122.1,0.0,SAME,1.0
PCAL,2020-12-03,122.1,122.1,123.8,123.8,124.0,124.0,0.0,-1.7000000000000028,-1.7000000000000028,0.0,-0.013731825525040375,-0.013731825525040375,0.0,-0.01382697913383672,122.66666666666667,123.12,123.55999999999999,122.53125001490116,122.88193993997069,123.32586236358692,0.007928073163347038,0.006001507081112091,0.00431558440773103,-1.7000000000000028,-0.013731825525040412,-1.9000000000000057,-0.015322580645161336,-1.9000000000000057,-0.015322580645161336,122.1,123.8,122.1,123.8,122.1,124.0,0.0,0.0,0.0,3,12,3,122.1,0.0,SAME,1.0
PCAL,2020-12-04,122.1,122.1,122.1,123.8,123.8,124.0,0.0,0.0,-1.7000000000000028,0.0,0.0,-0.013731825525040375,0.0,0.0,122.1,122.78,123.37,122.31562500745058,122.62129329331381,123.1029782974802,0.007928073163347038,0.006141059065831404,0.00431558440773103,-1.7000000000000028,-0.013731825525040412,-1.7000000000000028,-0.013731825525040412,-1.9000000000000057,-0.015322580645161336,122.1,122.1,122.1,123.8,122.1,124.0,,0.0,0.0,4,12,4,122.1,0.0,SAME,1.0
PCAL,2020-12-07,122.1,122.1,122.1,122.1,123.8,124.0,0.0,0.0,0.0,0.0,0.0,0.0,0.0,0.0,122.1,122.44000000000001,123.17999999999999,122.20781250372528,122.44752886220923,122.92061860702925,0.0,0.006141059065831404,0.00431558440773103,0.0,0.0,-1.7000000000000028,-0.013731825525040412,-1.9000000000000057,-0.015322580645161336,122.1,122.1,122.1,123.8,122.1,124.0,,0.0,0.0,0,12,7,122.1,0.0,SAME,1.0
PCAL,2020-12-08,122.1,122.1,122.1,122.1,123.8,124.0,0.0,0.0,0.0,0.0,0.0,0.0,0.0,0.0,122.1,122.1,122.98999999999998,122.15390625186264,122.33168590813949,122.77141522393302,0.0,0.006141059065831404,0.00431558440773103,0.0,0.0,-1.7000000000000028,-0.013731825525040412,-1.9000000000000057,-0.015322580645161336,122.1,122.1,122.1,122.1,122.1,124.0,,,0.0,1,12,8,122.1,0.0,SAME,1.0
PCAL,2020-12-09,122.1,122.1,122.1,122.1,122.1,124.0,0.0,0.0,0.0,0.0,0.0,0.0,0.0,0.0,122.1,122.1,122.8,122.12695312593132,122.25445727209299,122.64933972867246,0.0,0.0,0.00431558440773103,0.0,0.0,0.0,0.0,-1.9000000000000057,-0.015322580645161336,122.1,122.1,122.1,122.1,122.1,124.0,,,0.0,2,12,9,122.1,0.0,SAME,1.0
PCAL,2020-12-10,122.1,122.1,122.1,122.1,122.1,124.0,0.0,0.0,0.0,0.0,0.0,0.0,0.0,0.0,122.1,122.1,122.60999999999999,122.11347656296566,122.20297151472866,122.54945977800473,0.0,0.0,0.00431558440773103,0.0,0.0,0.0,0.0,-1.9000000000000057,-0.015322580645161336,122.1,122.1,122.1,122.1,122.1,123.8,,,0.0,3,12,10,122.1,0.0,SAME,1.0
PCAL,2020-12-11,122.1,122.1,122.1,122.1,122.1,123.8,0.0,0.0,0.0,0.0,0.0,0.0,0.0,0.0,122.1,122.1,122.44000000000001,122.10673828148282,122.16864767648579,122.4677398183675,0.0,0.0,0.004342384509116511,0.0,0.0,0.0,0.0,-1.7000000000000028,-0.013731825525040412,122.1,122.1,122.1,122.1,122.1,123.8,,,0.0,4,12,11,122.1,0.0,SAME,1.0
PCAL,2020-12-14,122.1,122.1,122.1,122.1,122.1,123.8,0.0,0.0,0.0,0.0,0.0,0.0,0.0,0.0,122.1,122.1,122.27000000000001,122.1033691407414,122.14576511765719,122.40087803320978,0.0,0.0,0.004342384509116511,0.0,0.0,0.0,0.0,-1.7000000000000028,-0.013731825525040412,122.1,122.1,122.1,122.1,122.1,123.8,,,0.0,0,12,14,122.1,0.0,SAME,1.0
PCAL,2020-12-15,122.1,122.1,122.1,122.1,122.1,123.8,0.0,0.0,0.0,0.0,0.0,0.0,0.0,0.0,122.1,122.1,122.1,122.10168457037071,122.13051007843814,122.34617293626255,0.0,0.0,0.004342384509116511,0.0,0.0,0.0,0.0,-1.7000000000000028,-0.013731825525040412,122.1,122.1,122.1,122.1,122.1,122.1,,,,1,12,15,122.1,0.0,SAME,1.0
PCAL,2020-12-16,122.1,122.1,122.1,122.1,122.1,122.1,0.0,0.0,0.0,0.0,0.0,0.0,0.0,0.0,122.1,122.1,122.1,122.10084228518535,122.12034005229211,122.30141422057844,0.0,0.0,0.0,0.0,0.0,0.0,0.0,0.0,0.0,122.1,122.1,122.1,122.1,122.1,122.1,,,,2,12,16,122.1,0.0,SAME,1.0
PCAL,2020-12-18,122.1,122.1,122.1,122.1,122.1,122.1,0.0,0.0,0.0,0.0,0.0,0.0,0.0,0.0,122.1,122.1,122.1,122.10042114259267,122.11356003486142,122.26479345320054,0.0,0.0,0.0,0.0,0.0,0.0,0.0,0.0,0.0,122.1,122.1,122.1,122.1,122.1,122.1,,,,4,12,18,122.1,0.0,SAME,1.0
PCAL,2020-12-21,122.1,122.1,122.1,122.1,122.1,122.1,0.0,0.0,0.0,0.0,0.0,0.0,0.0,0.0,122.1,122.1,122.1,122.10021057129633,122.10904002324096,122.23483100716408,0.0,0.0,0.0,0.0,0.0,0.0,0.0,0.0,0.0,122.1,122.1,122.1,122.1,122.1,122.1,,,,0,12,21,70.0,-52.099999999999994,DOWN,0.0
PCAL,2020-12-22,70.0,122.1,122.1,122.1,122.1,122.1,-52.099999999999994,-52.099999999999994,-52.099999999999994,-0.4266994266994266,-0.4266994266994266,-0.4266994266994266,-0.5563451390672999,-0.5563451390672999,104.73333333333333,111.67999999999999,116.88999999999999,96.05010528564816,104.73936001549399,112.73758900586151,0.24635502886797295,0.1908257848120213,0.13493420646582518,-52.099999999999994,-0.4266994266994267,-52.099999999999994,-0.4266994266994267,-52.099999999999994,-0.4266994266994267,70.0,122.1,70.0,122.1,70.0,122.1,0.0,0.0,0.0,1,12,22,122.1,52.099999999999994,UP,2.0
PCAL,2020-12-23,122.1,70.0,122.1,122.1,122.1,122.1,52.099999999999994,0.0,0.0,0.7442857142857142,0.0,0.0,0.5563451390673,0.0,104.73333333333333,111.67999999999999,116.89000000000001,109.07505264282408,110.52624001032933,114.43984555025033,0.592626895784552,0.4230429692190993,0.28400851321926,0.0,0.0,0.0,0.0,0.0,0.0,70.0,122.1,70.0,122.1,70.0,122.1,1.0,1.0,1.0,2,12,23,122.1,0.0,SAME,1.0
PCAL,2020-12-24,122.1,122.1,70.0,122.1,122.1,122.1,0.0,52.099999999999994,0.0,0.0,0.7442857142857142,0.0,0.0,0.5563451390673,104.73333333333333,111.67999999999999,116.88999999999999,115.58752632141204,114.38416000688622,115.83260090475027,0.592626895784552,0.4230429692190993,0.28400851321926,0.0,0.0,0.0,0.0,0.0,0.0,70.0,122.1,70.0,122.1,70.0,122.1,1.0,1.0,1.0,3,12,24,122.1,0.0,SAME,1.0
PCAL,2020-12-25,122.1,122.1,122.1,70.0,122.1,122.1,0.0,0.0,52.099999999999994,0.0,0.0,0.7442857142857142,0.0,0.0,122.1,111.67999999999999,116.89000000000001,118.84376316070602,116.95610667125749,116.97212801297749,0.4297135574968499,0.4230429692190993,0.28400851321926,52.099999999999994,0.7442857142857142,0.0,0.0,0.0,0.0,122.1,122.1,70.0,122.1,70.0,122.1,,1.0,1.0,4,12,25,122.1,0.0,SAME,1.0
PCAL,2020-12-28,122.1,122.1,122.1,122.1,122.1,122.1,0.0,0.0,0.0,0.0,0.0,0.0,0.0,0.0,122.1,111.67999999999999,116.88999999999999,120.471881580353,118.67073778083832,117.90446837425431,0.0,0.4230429692190993,0.28400851321926,0.0,0.0,0.0,0.0,0.0,0.0,122.1,122.1,70.0,122.1,70.0,122.1,,1.0,1.0,0,12,28,122.1,0.0,SAME,1.0
PCAL,2020-12-29,122.1,122.1,122.1,122.1,70.0,122.1,0.0,0.0,0.0,0.0,0.0,0.0,0.0,0.0,122.1,122.1,116.88999999999999,121.2859407901765,119.81382518722555,118.66729230620807,0.0,0.3328546903649686,0.28400851321926,0.0,0.0,52.099999999999994,0.7442857142857142,0.0,0.0,122.1,122.1,122.1,122.1,70.0,122.1,,,1.0,1,12,29,122.1,0.0,SAME,1.0
PCAL,2020-12-30,122.1,122.1,122.1,122.1,122.1,122.1,0.0,0.0,0.0,0.0,0.0,0.0,0.0,0.0,122.1,122.1,116.89000000000001,121.69297039508825,120.57588345815037,119.2914209778066,0.0,0.0,0.28400851321926,0.0,0.0,0.0,0.0,0.0,0.0,122.1,122.1,122.1,122.1,70.0,122.1,,,1.0,2,12,30,122.1,0.0,SAME,1.0
PCAL,2020-12-31,122.1,122.1,122.1,122.1,122.1,122.1,0.0,0.0,0.0,0.0,0.0,0.0,0.0,0.0,122.1,122.1,116.88999999999999,121.89648519754412,121.08392230543359,119.80207170911449,0.0,0.0,0.28400851321926,0.0,0.0,0.0,0.0,0.0,0.0,122.1,122.1,122.1,122.1,70.0,122.1,,,1.0,3,12,31,122.1,0.0,SAME,1.0
PCAL,2021-01-01,122.1,122.1,122.1,122.1,122.1,122.1,0.0,0.0,0.0,0.0,0.0,0.0,0.0,0.0,122.1,122.1,116.88999999999999,121.99824259877207,121.42261487028907,120.21987685291185,0.0,0.0,0.28400851321926,0.0,0.0,0.0,0.0,0.0,0.0,122.1,122.1,122.1,122.1,70.0,122.1,,,1.0,4,1,1,122.1,0.0,SAME,1.0
PCAL,2021-01-04,122.1,122.1,122.1,122.1,122.1,122.1,0.0,0.0,0.0,0.0,0.0,0.0,0.0,0.0,122.1,122.1,116.89000000000001,122.04912129938603,121.64840991352605,120.56171742510969,0.0,0.0,0.28400851321926,0.0,0.0,0.0,0.0,0.0,0.0,122.1,122.1,122.1,122.1,70.0,122.1,,,1.0,0,1,4,122.1,0.0,SAME,1.0
PCAL,2021-01-05,122.1,122.1,122.1,122.1,122.1,70.0,0.0,0.0,0.0,0.0,0.0,0.0,0.0,0.0,122.1,122.1,122.1,122.07456064969301,121.7989399423507,120.84140516599884,0.0,0.0,0.23536380870681795,0.0,0.0,0.0,0.0,52.099999999999994,0.7442857142857142,122.1,122.1,122.1,122.1,122.1,122.1,,,,1,1,5,122.1,0.0,SAME,1.0
PCAL,2021-01-06,122.1,122.1,122.1,122.1,122.1,122.1,0.0,0.0,0.0,0.0,0.0,0.0,0.0,0.0,122.1,122.1,122.1,122.0872803248465,121.89929329490047,121.07024059036267,0.0,0.0,0.0,0.0,0.0,0.0,0.0,0.0,0.0,122.1,122.1,122.1,122.1,122.1,122.1,,,,2,1,6,122.1,0.0,SAME,1.0
PCAL,2021-01-07,122.1,122.1,122.1,122.1,122.1,122.1,0.0,0.0,0.0,0.0,0.0,0.0,0.0,0.0,122.1,122.1,122.1,122.09364016242324,121.96619552993366,121.2574695739331,0.0,0.0,0.0,0.0,0.0,0.0,0.0,0.0,0.0,122.1,122.1,122.1,122.1,122.1,122.1,,,,3,1,7,122.1,0.0,SAME,1.0
PCAL,2021-01-08,122.1,122.1,122.1,122.1,122.1,122.1,0.0,0.0,0.0,0.0,0.0,0.0,0.0,0.0,122.1,122.1,122.1,122.09682008121162,122.01079701995579,121.41065692412707,0.0,0.0,0.0,0.0,0.0,0.0,0.0,0.0,0.0,122.1,122.1,122.1,122.1,122.1,122.1,,,,4,1,8,122.1,0.0,SAME,1.0
PCAL,2021-01-11,122.1,122.1,122.1,122.1,122.1,122.1,0.0,0.0,0.0,0.0,0.0,0.0,0.0,0.0,122.1,122.1,122.1,122.09841004060581,122.04053134663721,121.53599202883123,0.0,0.0,0.0,0.0,0.0,0.0,0.0,0.0,0.0,122.1,122.1,122.1,122.1,122.1,122.1,,,,0,1,11,122.1,0.0,SAME,1.0
PCAL,2021-01-12,122.1,122.1,122.1,122.1,122.1,122.1,0.0,0.0,0.0,0.0,0.0,0.0,0.0,0.0,122.1,122.1,122.1,122.0992050203029,122.06035423109148,121.63853893268009,0.0,0.0,0.0,0.0,0.0,0.0,0.0,0.0,0.0,122.1,122.1,122.1,122.1,122.1,122.1,,,,1,1,12,122.1,0.0,SAME,1.0
PCAL,2021-01-13,122.1,122.1,122.1,122.1,122.1,122.1,0.0,0.0,0.0,0.0,0.0,0.0,0.0,0.0,122.1,122.1,122.1,122.09960251015144,122.07356948739434,121.72244094492007,0.0,0.0,0.0,0.0,0.0,0.0,0.0,0.0,0.0,122.1,122.1,122.1,122.1,122.1,122.1,,,,2,1,13,122.1,0.0,SAME,1.0
PCAL,2021-01-15,122.1,122.1,122.1,122.1,122.1,122.1,0.0,0.0,0.0,0.0,0.0,0.0,0.0,0.0,122.1,122.1,122.1,122.09980125507572,122.08237965826291,121.79108804584368,0.0,0.0,0.0,0.0,0.0,0.0,0.0,0.0,0.0,122.1,122.1,122.1,122.1,122.1,122.1,,,,4,1,15,122.1,0.0,SAME,1.0
PCAL,2021-01-18,122.1,122.1,122.1,122.1,122.1,122.1,0.0,0.0,0.0,0.0,0.0,0.0,0.0,0.0,122.1,122.1,122.1,122.09990062753786,122.08825310550861,121.84725385569028,0.0,0.0,0.0,0.0,0.0,0.0,0.0,0.0,0.0,122.1,122.1,122.1,122.1,122.1,122.1,,,,0,1,18,122.1,0.0,SAME,1.0
PCAL,2021-01-19,122.1,122.1,122.1,122.1,122.1,122.1,0.0,0.0,0.0,0.0,0.0,0.0,0.0,0.0,122.1,122.1,122.1,122.09995031376893,122.09216873700575,121.89320770011022,0.0,0.0,0.0,0.0,0.0,0.0,0.0,0.0,0.0,122.1,122.1,122.1,122.1,122.1,122.1,,,,1,1,19,122.1,0.0,SAME,1.0
PCAL,2021-01-20,122.1,122.1,122.1,122.1,122.1,122.1,0.0,0.0,0.0,0.0,0.0,0.0,0.0,0.0,122.1,122.1,122.1,122.09997515688445,122.09477915800383,121.93080630009018,0.0,0.0,0.0,0.0,0.0,0.0,0.0,0.0,0.0,122.1,122.1,122.1,122.1,122.1,122.1,,,,2,1,20,122.1,0.0,SAME,1.0
PCAL,2021-01-21,122.1,122.1,122.1,122.1,122.1,122.1,0.0,0.0,0.0,0.0,0.0,0.0,0.0,0.0,122.1,122.1,122.1,122.09998757844222,122.09651943866922,121.96156879098287,0.0,0.0,0.0,0.0,0.0,0.0,0.0,0.0,0.0,122.1,122.1,122.1,122.1,122.1,122.1,,,,3,1,21,122.1,0.0,SAME,1.0
PCAL,2021-01-22,122.1,122.1,122.1,122.1,122.1,122.1,0.0,0.0,0.0,0.0,0.0,0.0,0.0,0.0,122.1,122.1,122.1,122.09999378922112,122.09767962577948,121.98673810171324,0.0,0.0,0.0,0.0,0.0,0.0,0.0,0.0,0.0,122.1,122.1,122.1,122.1,122.1,122.1,,,,4,1,22,122.1,0.0,SAME,1.0
PCAL,2021-01-25,122.1,122.1,122.1,122.1,122.1,122.1,0.0,0.0,0.0,0.0,0.0,0.0,0.0,0.0,122.1,122.1,122.1,122.09999689461056,122.098453083853,122.007331174129,0.0,0.0,0.0,0.0,0.0,0.0,0.0,0.0,0.0,122.1,122.1,122.1,122.1,122.1,122.1,,,,0,1,25,122.1,0.0,SAME,1.0
PCAL,2021-01-26,122.1,122.1,122.1,122.1,122.1,122.1,0.0,0.0,0.0,0.0,0.0,0.0,0.0,0.0,122.1,122.1,122.1,122.09999844730527,122.09896872256869,122.0241800515601,0.0,0.0,0.0,0.0,0.0,0.0,0.0,0.0,0.0,122.1,122.1,122.1,122.1,122.1,122.1,,,,1,1,26,122.1,0.0,SAME,1.0
PCAL,2021-01-27,122.1,122.1,122.1,122.1,122.1,122.1,0.0,0.0,0.0,0.0,0.0,0.0,0.0,0.0,122.1,122.1,122.1,122.09999922365263,122.09931248171247,122.03796549673098,0.0,0.0,0.0,0.0,0.0,0.0,0.0,0.0,0.0,122.1,122.1,122.1,122.1,122.1,122.1,,,,2,1,27,122.1,0.0,SAME,1.0
PCAL,2021-01-28,122.1,122.1,122.1,122.1,122.1,122.1,0.0,0.0,0.0,0.0,0.0,0.0,0.0,0.0,122.1,122.1,122.1,122.09999961182632,122.09954165447499,122.04924449732533,0.0,0.0,0.0,0.0,0.0,0.0,0.0,0.0,0.0,122.1,122.1,122.1,122.1,122.1,122.1,,,,3,1,28,122.1,0.0,SAME,1.0
PCAL,2021-01-29,122.1,122.1,122.1,122.1,122.1,122.1,0.0,0.0,0.0,0.0,0.0,0.0,0.0,0.0,122.1,122.1,122.1,122.09999980591316,122.09969443631667,122.0584727705389,0.0,0.0,0.0,0.0,0.0,0.0,0.0,0.0,0.0,122.1,122.1,122.1,122.1,122.1,122.1,,,,4,1,29,122.1,0.0,SAME,1.0
PCAL,2021-02-01,122.1,122.1,122.1,122.1,122.1,122.1,0.0,0.0,0.0,0.0,0.0,0.0,0.0,0.0,122.1,122.1,122.1,122.09999990295657,122.09979629087778,122.06602317589545,0.0,0.0,0.0,0.0,0.0,0.0,0.0,0.0,0.0,122.1,122.1,122.1,122.1,122.1,122.1,,,,0,2,1,122.1,0.0,SAME,1.0
PCAL,2021-02-02,122.1,122.1,122.1,122.1,122.1,122.1,0.0,0.0,0.0,0.0,0.0,0.0,0.0,0.0,122.1,122.1,122.1,122.09999995147828,122.09986419391853,122.0722007802781,0.0,0.0,0.0,0.0,0.0,0.0,0.0,0.0,0.0,122.1,122.1,122.1,122.1,122.1,122.1,,,,1,2,2,122.1,0.0,SAME,1.0
PCAL,2021-02-03,122.1,122.1,122.1,122.1,122.1,122.1,0.0,0.0,0.0,0.0,0.0,0.0,0.0,0.0,122.1,122.1,122.1,122.09999997573914,122.09990946261237,122.0772551838639,0.0,0.0,0.0,0.0,0.0,0.0,0.0,0.0,0.0,122.1,122.1,122.1,122.1,122.1,122.1,,,,2,2,3,122.1,0.0,SAME,1.0
PCAL,2021-02-04,122.1,122.1,122.1,122.1,122.1,122.1,0.0,0.0,0.0,0.0,0.0,0.0,0.0,0.0,122.1,122.1,122.1,122.09999998786957,122.0999396417416,122.08139060497955,0.0,0.0,0.0,0.0,0.0,0.0,0.0,0.0,0.0,122.1,122.1,122.1,122.1,122.1,122.1,,,,3,2,4,122.1,0.0,SAME,1.0
PCAL,2021-02-05,122.1,122.1,122.1,122.1,122.1,122.1,0.0,0.0,0.0,0.0,0.0,0.0,0.0,0.0,122.1,122.1,122.1,122.09999999393477,122.09995976116107,122.08477413134689,0.0,0.0,0.0,0.0,0.0,0.0,0.0,0.0,0.0,122.1,122.1,122.1,122.1,122.1,122.1,,,,4,2,5,122.1,0.0,SAME,1.0
PCAL,2021-02-08,122.1,122.1,122.1,122.1,122.1,122.1,0.0,0.0,0.0,0.0,0.0,0.0,0.0,0.0,122.1,122.1,122.1,122.09999999696738,122.09997317410739,122.087542471102,0.0,0.0,0.0,0.0,0.0,0.0,0.0,0.0,0.0,122.1,122.1,122.1,122.1,122.1,122.1,,,,0,2,8,122.1,0.0,SAME,1.0
PCAL,2021-02-09,122.1,122.1,122.1,122.1,122.1,122.1,0.0,0.0,0.0,0.0,0.0,0.0,0.0,0.0,122.1,122.1,122.1,122.0999999984837,122.0999821160716,122.08980747635617,0.0,0.0,0.0,0.0,0.0,0.0,0.0,0.0,0.0,122.1,122.1,122.1,122.1,122.1,122.1,,,,1,2,9,122.1,0.0,SAME,1.0
PCAL,2021-02-10,122.1,122.1,122.1,122.1,122.1,122.1,0.0,0.0,0.0,0.0,0.0,0.0,0.0,0.0,122.1,122.1,122.1,122.09999999924185,122.09998807738108,122.09166066247323,0.0,0.0,0.0,0.0,0.0,0.0,0.0,0.0,0.0,122.1,122.1,122.1,122.1,122.1,122.1,,,,2,2,10,122.1,0.0,SAME,1.0
PCAL,2021-02-11,122.1,122.1,122.1,122.1,122.1,122.1,0.0,0.0,0.0,0.0,0.0,0.0,0.0,0.0,122.1,122.1,122.1,122.09999999962092,122.0999920515874,122.09317690565992,0.0,0.0,0.0,0.0,0.0,0.0,0.0,0.0,0.0,122.1,122.1,122.1,122.1,122.1,122.1,,,,3,2,11,122.1,0.0,SAME,1.0
PCAL,2021-02-15,122.1,122.1,122.1,122.1,122.1,122.1,0.0,0.0,0.0,0.0,0.0,0.0,0.0,0.0,122.1,122.1,122.1,122.09999999981045,122.09999470105828,122.0944174682672,0.0,0.0,0.0,0.0,0.0,0.0,0.0,0.0,0.0,122.1,122.1,122.1,122.1,122.1,122.1,,,,0,2,15,122.1,0.0,SAME,1.0
PCAL,2021-02-16,122.1,122.1,122.1,122.1,122.1,122.1,0.0,0.0,0.0,0.0,0.0,0.0,0.0,0.0,122.1,122.1,122.1,122.09999999990522,122.0999964673722,122.0954324740368,0.0,0.0,0.0,0.0,0.0,0.0,0.0,0.0,0.0,122.1,122.1,122.1,122.1,122.1,122.1,,,,1,2,16,122.1,0.0,SAME,1.0
PCAL,2021-02-17,122.1,122.1,122.1,122.1,122.1,122.1,0.0,0.0,0.0,0.0,0.0,0.0,0.0,0.0,122.1,122.1,122.1,122.09999999995262,122.0999976449148,122.09626293330282,0.0,0.0,0.0,0.0,0.0,0.0,0.0,0.0,0.0,122.1,122.1,122.1,122.1,122.1,122.1,,,,2,2,17,122.1,0.0,SAME,1.0
PCAL,2021-02-18,122.1,122.1,122.1,122.1,122.1,122.1,0.0,0.0,0.0,0.0,0.0,0.0,0.0,0.0,122.1,122.1,122.1,122.0999999999763,122.09999842994321,122.09694239997503,0.0,0.0,0.0,0.0,0.0,0.0,0.0,0.0,0.0,122.1,122.1,122.1,122.1,122.1,122.1,,,,3,2,18,122.1,0.0,SAME,1.0
PCAL,2021-02-19,122.1,122.1,122.1,122.1,122.1,122.1,0.0,0.0,0.0,0.0,0.0,0.0,0.0,0.0,122.1,122.1,122.1,122.09999999998814,122.09999895329548,122.0974983272523,0.0,0.0,0.0,0.0,0.0,0.0,0.0,0.0,0.0,122.1,122.1,122.1,122.1,122.1,122.1,,,,4,2,19,122.1,0.0,SAME,1.0
PCAL,2021-02-24,122.1,122.1,122.1,122.1,122.1,122.1,0.0,0.0,0.0,0.0,0.0,0.0,0.0,0.0,122.1,122.1,122.1,122.09999999999407,122.099999302197,122.09795317684278,0.0,0.0,0.0,0.0,0.0,0.0,0.0,0.0,0.0,122.1,122.1,122.1,122.1,122.1,122.1,,,,2,2,24,122.1,0.0,SAME,1.0
PCAL,2021-02-25,122.1,122.1,122.1,122.1,122.1,122.1,0.0,0.0,0.0,0.0,0.0,0.0,0.0,0.0,122.1,122.1,122.1,122.09999999999704,122.099999534798,122.09832532650772,0.0,0.0,0.0,0.0,0.0,0.0,0.0,0.0,0.0,122.1,122.1,122.1,122.1,122.1,122.1,,,,3,2,25,122.1,0.0,SAME,1.0
PCAL,2021-02-26,122.1,122.1,122.1,122.1,122.1,122.1,0.0,0.0,0.0,0.0,0.0,0.0,0.0,0.0,122.1,122.1,122.1,122.09999999999852,122.09999968986534,122.09862981259722,0.0,0.0,0.0,0.0,0.0,0.0,0.0,0.0,0.0,122.1,122.1,122.1,122.1,122.1,122.1,,,,4,2,26,122.1,0.0,SAME,1.0
PCAL,2021-03-01,122.1,122.1,122.1,122.1,122.1,122.1,0.0,0.0,0.0,0.0,0.0,0.0,0.0,0.0,122.1,122.1,122.1,122.09999999999926,122.09999979324357,122.09887893757954,0.0,0.0,0.0,0.0,0.0,0.0,0.0,0.0,0.0,122.1,122.1,122.1,122.1,122.1,122.1,,,,0,3,1,122.1,0.0,SAME,1.0
PCAL,2021-03-02,122.1,122.1,122.1,122.1,122.1,122.1,0.0,0.0,0.0,0.0,0.0,0.0,0.0,0.0,122.1,122.1,122.1,122.09999999999962,122.09999986216238,122.09908276711053,0.0,0.0,0.0,0.0,0.0,0.0,0.0,0.0,0.0,122.1,122.1,122.1,122.1,122.1,122.1,,,,1,3,2,122.1,0.0,SAME,1.0
PCAL,2021-03-03,122.1,122.1,122.1,122.1,122.1,122.1,0.0,0.0,0.0,0.0,0.0,0.0,0.0,0.0,122.1,122.1,122.1,122.09999999999981,122.09999990810826,122.09924953672679,0.0,0.0,0.0,0.0,0.0,0.0,0.0,0.0,0.0,122.1,122.1,122.1,122.1,122.1,122.1,,,,2,3,3,122.1,0.0,SAME,1.0
PCAL,2021-03-04,122.1,122.1,122.1,122.1,122.1,122.1,0.0,0.0,0.0,0.0,0.0,0.0,0.0,0.0,122.1,122.1,122.1,122.09999999999991,122.09999993873885,122.09938598459463,0.0,0.0,0.0,0.0,0.0,0.0,0.0,0.0,0.0,122.1,122.1,122.1,122.1,122.1,122.1,,,,3,3,4,122.1,0.0,SAME,1.0
PCAL,2021-03-05,122.1,122.1,122.1,122.1,122.1,122.1,0.0,0.0,0.0,0.0,0.0,0.0,0.0,0.0,122.1,122.1,122.1,122.09999999999995,122.09999995915925,122.09949762375923,0.0,0.0,0.0,0.0,0.0,0.0,0.0,0.0,0.0,122.1,122.1,122.1,122.1,122.1,122.1,,,,4,3,5,122.1,0.0,SAME,1.0
PCAL,2021-03-08,122.1,122.1,122.1,122.1,122.1,122.1,0.0,0.0,0.0,0.0,0.0,0.0,0.0,0.0,122.1,122.1,122.1,122.09999999999997,122.09999997277285,122.09958896489391,0.0,0.0,0.0,0.0,0.0,0.0,0.0,0.0,0.0,122.1,122.1,122.1,122.1,122.1,122.1,,,,0,3,8,122.1,0.0,SAME,1.0
PCAL,2021-03-09,122.1,122.1,122.1,122.1,122.1,122.1,0.0,0.0,0.0,0.0,0.0,0.0,0.0,0.0,122.1,122.1,122.1,122.09999999999998,122.09999998184858,122.09966369854956,0.0,0.0,0.0,0.0,0.0,0.0,0.0,0.0,0.0,122.1,122.1,122.1,122.1,122.1,122.1,,,,1,3,9,122.1,0.0,SAME,1.0
PCAL,2021-03-10,122.1,122.1,122.1,122.1,122.1,122.1,0.0,0.0,0.0,0.0,0.0,0.0,0.0,0.0,122.1,122.1,122.1,122.1,122.09999998789905,122.09972484426783,0.0,0.0,0.0,0.0,0.0,0.0,0.0,0.0,0.0,122.1,122.1,122.1,122.1,122.1,122.1,,,,2,3,10,122.1,0.0,SAME,1.0
PCAL,2021-03-11,122.1,122.1,122.1,122.1,122.1,122.1,0.0,0.0,0.0,0.0,0.0,0.0,0.0,0.0,122.1,122.1,122.1,122.1,122.09999999193272,122.09977487258276,0.0,0.0,0.0,0.0,0.0,0.0,0.0,0.0,0.0,122.1,122.1,122.1,122.1,122.1,122.1,,,,3,3,11,122.1,0.0,SAME,1.0
PCAL,2021-03-12,122.1,122.1,122.1,122.1,122.1,122.1,0.0,0.0,0.0,0.0,0.0,0.0,0.0,0.0,122.1,122.1,122.1,122.1,122.09999999462181,122.09981580484043,0.0,0.0,0.0,0.0,0.0,0.0,0.0,0.0,0.0,122.1,122.1,122.1,122.1,122.1,122.1,,,,4,3,12,122.1,0.0,SAME,1.0
PCAL,2021-03-15,122.1,122.1,122.1,122.1,122.1,122.1,0.0,0.0,0.0,0.0,0.0,0.0,0.0,0.0,122.1,122.1,122.1,122.1,122.09999999641454,122.09984929486944,0.0,0.0,0.0,0.0,0.0,0.0,0.0,0.0,0.0,122.1,122.1,122.1,122.1,122.1,122.1,,,,0,3,15,122.1,0.0,SAME,1.0
PCAL,2021-03-16,122.1,122.1,122.1,122.1,122.1,122.1,0.0,0.0,0.0,0.0,0.0,0.0,0.0,0.0,122.1,122.1,122.1,122.1,122.0999999976097,122.09987669580227,0.0,0.0,0.0,0.0,0.0,0.0,0.0,0.0,0.0,122.1,122.1,122.1,122.1,122.1,122.1,,,,1,3,16,122.1,0.0,SAME,1.0
PCAL,2021-03-17,122.1,122.1,122.1,122.1,122.1,122.1,0.0,0.0,0.0,0.0,0.0,0.0,0.0,0.0,122.1,122.1,122.1,122.1,122.09999999840647,122.0998991147473,0.0,0.0,0.0,0.0,0.0,0.0,0.0,0.0,0.0,122.1,122.1,122.1,122.1,122.1,122.1,,,,2,3,17,122.1,0.0,SAME,1.0
PCAL,2021-03-18,122.1,122.1,122.1,122.1,122.1,122.1,0.0,0.0,0.0,0.0,0.0,0.0,0.0,0.0,122.1,122.1,122.1,122.1,122.09999999893765,122.09991745752052,0.0,0.0,0.0,0.0,0.0,0.0,0.0,0.0,0.0,122.1,122.1,122.1,122.1,122.1,122.1,,,,3,3,18,122.1,0.0,SAME,1.0
PCAL,2021-03-19,122.1,122.1,122.1,122.1,122.1,122.1,0.0,0.0,0.0,0.0,0.0,0.0,0.0,0.0,122.1,122.1,122.1,122.1,122.09999999929178,122.09993246524405,0.0,0.0,0.0,0.0,0.0,0.0,0.0,0.0,0.0,122.1,122.1,122.1,122.1,122.1,122.1,,,,4,3,19,122.1,0.0,SAME,1.0
PCAL,2021-03-22,122.1,122.1,122.1,122.1,122.1,122.1,0.0,0.0,0.0,0.0,0.0,0.0,0.0,0.0,122.1,122.1,122.1,122.1,122.09999999952785,122.09994474429058,0.0,0.0,0.0,0.0,0.0,0.0,0.0,0.0,0.0,122.1,122.1,122.1,122.1,122.1,122.1,,,,0,3,22,122.1,0.0,SAME,1.0
PCAL,2021-03-23,122.1,122.1,122.1,122.1,122.1,122.1,0.0,0.0,0.0,0.0,0.0,0.0,0.0,0.0,122.1,122.1,122.1,122.1,122.09999999968525,122.0999547907832,0.0,0.0,0.0,0.0,0.0,0.0,0.0,0.0,0.0,122.1,122.1,122.1,122.1,122.1,122.1,,,,1,3,23,123.0,0.9000000000000057,UP,2.0
PCAL,2021-03-24,123.0,122.1,122.1,122.1,122.1,122.1,0.9000000000000057,0.9000000000000057,0.9000000000000057,0.0073710073710073765,0.0073710073710073765,0.0073710073710073765,0.007343974255758505,0.007343974255758505,122.39999999999999,122.28,122.18999999999998,122.55,122.39999999979018,122.26359937427715,0.004255653089846548,0.0032964147088406916,0.0023309171942273127,0.9000000000000057,0.007371007371007418,0.9000000000000057,0.007371007371007418,0.9000000000000057,0.007371007371007418,122.1,123.0,122.1,123.0,122.1,123.0,1.0,1.0,1.0,2,3,24,123.0,0.0,SAME,1.0
PCAL,2021-03-25,123.0,123.0,122.1,122.1,122.1,122.1,0.0,0.9000000000000057,0.9000000000000057,0.0,0.0073710073710073765,0.0073710073710073765,0.0,0.007343974255758505,122.7,122.46,122.28,122.775,122.59999999986013,122.39749039713584,0.004255653089846548,0.0032964147088406916,0.0023309171942273127,0.9000000000000057,0.007371007371007418,0.9000000000000057,0.007371007371007418,0.9000000000000057,0.007371007371007418,122.1,123.0,122.1,123.0,122.1,123.0,1.0,1.0,1.0,3,3,25,123.0,0.0,SAME,1.0
PCAL,2021-03-26,123.0,123.0,123.0,122.1,122.1,122.1,0.0,0.0,0.9000000000000057,0.0,0.0,0.0073710073710073765,0.0,0.0,123.0,122.64000000000001,122.36999999999998,122.8875,122.7333333332401,122.50703759765659,0.004255653089846548,0.0032964147088406916,0.0023309171942273127,0.9000000000000057,0.007371007371007418,0.9000000000000057,0.007371007371007418,0.9000000000000057,0.007371007371007418,123.0,123.0,122.1,123.0,122.1,123.0,,1.0,1.0,4,3,26,123.0,0.0,SAME,1.0
PCAL,2021-03-29,123.0,123.0,123.0,123.0,122.1,122.1,0.0,0.0,0.0,0.0,0.0,0.0,0.0,0.0,123.0,122.82000000000001,122.46,122.94375,122.82222222216008,122.59666712535538,0.0,0.0032964147088406916,0.0023309171942273127,0.0,0.0,0.9000000000000057,0.007371007371007418,0.9000000000000057,0.007371007371007418,123.0,123.0,122.1,123.0,122.1,123.0,,1.0,1.0,0,3,29,123.0,0.0,SAME,1.0
PCAL,2021-03-30,123.0,123.0,123.0,123.0,122.1,122.1,0.0,0.0,0.0,0.0,0.0,0.0,0.0,0.0,123.0,123.0,122.55,122.971875,122.88148148144006,122.67000037529075,0.0,0.0032964147088406916,0.0023309171942273127,0.0,0.0,0.9000000000000057,0.007371007371007418,0.9000000000000057,0.007371007371007418,123.0,123.0,123.0,123.0,122.1,123.0,,,1.0,1,3,30,123.0,0.0,SAME,1.0
PCAL,2021-03-31,123.0,123.0,123.0,123.0,123.0,122.1,0.0,0.0,0.0,0.0,0.0,0.0,0.0,0.0,123.0,123.0,122.63999999999999,122.9859375,122.92098765429338,122.73000030705606,0.0,0.0,0.0023309171942273127,0.0,0.0,0.0,0.0,0.9000000000000057,0.007371007371007418,123.0,123.0,123.0,123.0,122.1,123.0,,,1.0,2,3,31,123.0,0.0,SAME,1.0
PCAL,2021-04-01,123.0,123.0,123.0,123.0,123.0,122.1,0.0,0.0,0.0,0.0,0.0,0.0,0.0,0.0,123.0,123.0,122.72999999999999,122.99296875,122.94732510286227,122.77909116031859,0.0,0.0,0.0023309171942273127,0.0,0.0,0.0,0.0,0.9000000000000057,0.007371007371007418,123.0,123.0,123.0,123.0,122.1,123.0,,,1.0,3,4,1,123.0,0.0,SAME,1.0
PCAL,2021-04-02,123.0,123.0,123.0,123.0,123.0,122.1,0.0,0.0,0.0,0.0,0.0,0.0,0.0,0.0,123.0,123.0,122.81999999999998,122.996484375,122.96488340190818,122.81925640389701,0.0,0.0,0.0023309171942273127,0.0,0.0,0.0,0.0,0.9000000000000057,0.007371007371007418,123.0,123.0,123.0,123.0,122.1,123.0,,,1.0,4,4,2,123.0,0.0,SAME,1.0
PCAL,2021-04-05,123.0,123.0,123.0,123.0,123.0,122.1,0.0,0.0,0.0,0.0,0.0,0.0,0.0,0.0,123.0,123.0,122.91,122.9982421875,122.97658893460546,122.85211887591572,0.0,0.0,0.0023309171942273127,0.0,0.0,0.0,0.0,0.9000000000000057,0.007371007371007418,123.0,123.0,123.0,123.0,122.1,123.0,,,1.0,0,4,5,123.0,0.0,SAME,1.0
PCAL,2021-04-06,123.0,123.0,123.0,123.0,123.0,122.1,0.0,0.0,0.0,0.0,0.0,0.0,0.0,0.0,123.0,123.0,123.0,122.99912109375,122.98439262307032,122.87900635302194,0.0,0.0,0.0023309171942273127,0.0,0.0,0.0,0.0,0.9000000000000057,0.007371007371007418,123.0,123.0,123.0,123.0,123.0,123.0,,,,1,4,6,123.0,0.0,SAME,1.0
PCAL,2021-04-07,123.0,123.0,123.0,123.0,123.0,123.0,0.0,0.0,0.0,0.0,0.0,0.0,0.0,0.0,123.0,123.0,123.0,122.999560546875,122.98959508204689,122.90100519792702,0.0,0.0,0.0,0.0,0.0,0.0,0.0,0.0,0.0,123.0,123.0,123.0,123.0,123.0,123.0,,,,2,4,7,123.0,0.0,SAME,1.0
PCAL,2021-04-08,123.0,123.0,123.0,123.0,123.0,123.0,0.0,0.0,0.0,0.0,0.0,0.0,0.0,0.0,123.0,123.0,123.0,122.9997802734375,122.99306338803127,122.91900425284936,0.0,0.0,0.0,0.0,0.0,0.0,0.0,0.0,0.0,123.0,123.0,123.0,123.0,123.0,123.0,,,,3,4,8,123.0,0.0,SAME,1.0
PCAL,2021-04-09,123.0,123.0,123.0,123.0,123.0,123.0,0.0,0.0,0.0,0.0,0.0,0.0,0.0,0.0,123.0,123.0,123.0,122.99989013671875,122.99537559202086,122.93373075233129,0.0,0.0,0.0,0.0,0.0,0.0,0.0,0.0,0.0,123.0,123.0,123.0,123.0,123.0,123.0,,,,4,4,9,123.0,0.0,SAME,1.0
PCAL,2021-04-12,123.0,123.0,123.0,123.0,123.0,123.0,0.0,0.0,0.0,0.0,0.0,0.0,0.0,0.0,123.0,123.0,123.0,122.99994506835938,122.99691706134725,122.94577970645285,0.0,0.0,0.0,0.0,0.0,0.0,0.0,0.0,0.0,123.0,123.0,123.0,123.0,123.0,123.0,,,,0,4,12,123.0,0.0,SAME,1.0
PCAL,2021-04-13,123.0,123.0,123.0,123.0,123.0,123.0,0.0,0.0,0.0,0.0,0.0,0.0,0.0,0.0,123.0,123.0,123.0,122.99997253417969,122.99794470756484,122.95563794164323,0.0,0.0,0.0,0.0,0.0,0.0,0.0,0.0,0.0,123.0,123.0,123.0,123.0,123.0,123.0,,,,1,4,13,123.0,0.0,SAME,1.0
PCAL,2021-04-14,123.0,123.0,123.0,123.0,123.0,123.0,0.0,0.0,0.0,0.0,0.0,0.0,0.0,0.0,123.0,123.0,123.0,122.99998626708984,122.99862980504324,122.96370377043536,0.0,0.0,0.0,0.0,0.0,0.0,0.0,0.0,0.0,123.0,123.0,123.0,123.0,123.0,123.0,,,,2,4,14,123.0,0.0,SAME,1.0
PCAL,2021-04-15,123.0,123.0,123.0,123.0,123.0,123.0,0.0,0.0,0.0,0.0,0.0,0.0,0.0,0.0,123.0,123.0,123.0,122.99999313354492,122.9990865366955,122.97030308490164,0.0,0.0,0.0,0.0,0.0,0.0,0.0,0.0,0.0,123.0,123.0,123.0,123.0,123.0,123.0,,,,3,4,15,123.0,0.0,SAME,1.0
PCAL,2021-04-16,123.0,123.0,123.0,123.0,123.0,123.0,0.0,0.0,0.0,0.0,0.0,0.0,0.0,0.0,123.0,123.0,123.0,122.99999656677247,122.99939102446368,122.97570252401043,0.0,0.0,0.0,0.0,0.0,0.0,0.0,0.0,0.0,123.0,123.0,123.0,123.0,123.0,123.0,,,,4,4,16,123.0,0.0,SAME,1.0
PCAL,2021-04-19,123.0,123.0,123.0,123.0,123.0,123.0,0.0,0.0,0.0,0.0,0.0,0.0,0.0,0.0,123.0,123.0,123.0,122.99999828338623,122.99959401630913,122.98012024691761,0.0,0.0,0.0,0.0,0.0,0.0,0.0,0.0,0.0,123.0,123.0,123.0,123.0,123.0,123.0,,,,0,4,19,123.0,0.0,SAME,1.0
PCAL,2021-04-20,123.0,123.0,123.0,123.0,123.0,123.0,0.0,0.0,0.0,0.0,0.0,0.0,0.0,0.0,123.0,123.0,123.0,122.99999914169311,122.9997293442061,122.98373474747802,0.0,0.0,0.0,0.0,0.0,0.0,0.0,0.0,0.0,123.0,123.0,123.0,123.0,123.0,123.0,,,,1,4,20,123.0,0.0,SAME,1.0
PCAL,2021-04-21,123.0,123.0,123.0,123.0,123.0,123.0,0.0,0.0,0.0,0.0,0.0,0.0,0.0,0.0,123.0,123.0,123.0,122.99999957084655,122.99981956280408,122.98669206611837,0.0,0.0,0.0,0.0,0.0,0.0,0.0,0.0,0.0,123.0,123.0,123.0,123.0,123.0,123.0,,,,2,4,21,123.0,0.0,SAME,1.0
PCAL,2021-04-23,123.0,123.0,123.0,123.0,123.0,123.0,0.0,0.0,0.0,0.0,0.0,0.0,0.0,0.0,123.0,123.0,123.0,122.99999978542328,122.99987970853606,122.98911169046048,0.0,0.0,0.0,0.0,0.0,0.0,0.0,0.0,0.0,123.0,123.0,123.0,123.0,123.0,123.0,,,,4,4,23,123.0,0.0,SAME,1.0
PCAL,2021-04-26,123.0,123.0,123.0,123.0,123.0,123.0,0.0,0.0,0.0,0.0,0.0,0.0,0.0,0.0,123.0,123.0,123.0,122.99999989271164,122.99991980569071,122.99109138310402,0.0,0.0,0.0,0.0,0.0,0.0,0.0,0.0,0.0,123.0,123.0,123.0,123.0,123.0,123.0,,,,0,4,26,123.0,0.0,SAME,1.0
PCAL,2021-04-27,123.0,123.0,123.0,123.0,123.0,123.0,0.0,0.0,0.0,0.0,0.0,0.0,0.0,0.0,123.0,123.0,123.0,122.99999994635581,122.99994653712714,122.99271113163056,0.0,0.0,0.0,0.0,0.0,0.0,0.0,0.0,0.0,123.0,123.0,123.0,123.0,123.0,123.0,,,,1,4,27,123.0,0.0,SAME,1.0
PCAL,2021-04-29,123.0,123.0,123.0,123.0,123.0,123.0,0.0,0.0,0.0,0.0,0.0,0.0,0.0,0.0,123.0,123.0,123.0,122.9999999731779,122.99996435808477,122.99403638042499,0.0,0.0,0.0,0.0,0.0,0.0,0.0,0.0,0.0,123.0,123.0,123.0,123.0,123.0,123.0,,,,3,4,29,123.0,0.0,SAME,1.0
PCAL,2021-04-30,123.0,123.0,123.0,123.0,123.0,123.0,0.0,0.0,0.0,0.0,0.0,0.0,0.0,0.0,123.0,123.0,123.0,122.99999998658896,122.99997623872319,122.99512067489316,0.0,0.0,0.0,0.0,0.0,0.0,0.0,0.0,0.0,123.0,123.0,123.0,123.0,123.0,123.0,,,,4,4,30,123.0,0.0,SAME,1.0
PCAL,2021-05-03,123.0,123.0,123.0,123.0,123.0,123.0,0.0,0.0,0.0,0.0,0.0,0.0,0.0,0.0,123.0,123.0,123.0,122.99999999329448,122.99998415914881,122.99600782491257,0.0,0.0,0.0,0.0,0.0,0.0,0.0,0.0,0.0,123.0,123.0,123.0,123.0,123.0,123.0,,,,0,5,3,123.0,0.0,SAME,1.0
PCAL,2021-05-04,123.0,123.0,123.0,123.0,123.0,123.0,0.0,0.0,0.0,0.0,0.0,0.0,0.0,0.0,123.0,123.0,123.0,122.99999999664723,122.99998943943255,122.99673367492845,0.0,0.0,0.0,0.0,0.0,0.0,0.0,0.0,0.0,123.0,123.0,123.0,123.0,123.0,123.0,,,,1,5,4,123.0,0.0,SAME,1.0
PCAL,2021-05-05,123.0,123.0,123.0,123.0,123.0,123.0,0.0,0.0,0.0,0.0,0.0,0.0,0.0,0.0,123.0,123.0,123.0,122.99999999832362,122.99999295962171,122.99732755221417,0.0,0.0,0.0,0.0,0.0,0.0,0.0,0.0,0.0,123.0,123.0,123.0,123.0,123.0,123.0,,,,2,5,5,123.0,0.0,SAME,1.0
PCAL,2021-05-06,123.0,123.0,123.0,123.0,123.0,123.0,0.0,0.0,0.0,0.0,0.0,0.0,0.0,0.0,123.0,123.0,123.0,122.99999999916182,122.99999530641448,122.99781345181158,0.0,0.0,0.0,0.0,0.0,0.0,0.0,0.0,0.0,123.0,123.0,123.0,123.0,123.0,123.0,,,,3,5,6,123.0,0.0,SAME,1.0
PCAL,2021-05-07,123.0,123.0,123.0,123.0,123.0,123.0,0.0,0.0,0.0,0.0,0.0,0.0,0.0,0.0,123.0,123.0,123.0,122.99999999958091,122.999996870943,122.99821100602765,0.0,0.0,0.0,0.0,0.0,0.0,0.0,0.0,0.0,123.0,123.0,123.0,123.0,123.0,123.0,,,,4,5,7,123.0,0.0,SAME,1.0
PCAL,2021-05-10,123.0,123.0,123.0,123.0,123.0,123.0,0.0,0.0,0.0,0.0,0.0,0.0,0.0,0.0,123.0,123.0,123.0,122.99999999979045,122.999997913962,122.99853627765897,0.0,0.0,0.0,0.0,0.0,0.0,0.0,0.0,0.0,123.0,123.0,123.0,123.0,123.0,123.0,,,,0,5,10,123.0,0.0,SAME,1.0
PCAL,2021-05-11,123.0,123.0,123.0,123.0,123.0,123.0,0.0,0.0,0.0,0.0,0.0,0.0,0.0,0.0,123.0,123.0,123.0,122.99999999989522,122.99999860930801,122.9988024089937,0.0,0.0,0.0,0.0,0.0,0.0,0.0,0.0,0.0,123.0,123.0,123.0,123.0,123.0,123.0,,,,1,5,11,123.0,0.0,SAME,1.0
PCAL,2021-05-12,123.0,123.0,123.0,123.0,123.0,123.0,0.0,0.0,0.0,0.0,0.0,0.0,0.0,0.0,123.0,123.0,123.0,122.99999999994762,122.99999907287201,122.99902015281302,0.0,0.0,0.0,0.0,0.0,0.0,0.0,0.0,0.0,123.0,123.0,123.0,123.0,123.0,123.0,,,,2,5,12,123.0,0.0,SAME,1.0
PCAL,2021-05-13,123.0,123.0,123.0,123.0,123.0,123.0,0.0,0.0,0.0,0.0,0.0,0.0,0.0,0.0,123.0,123.0,123.0,122.99999999997381,122.99999938191469,122.999198306847,0.0,0.0,0.0,0.0,0.0,0.0,0.0,0.0,0.0,123.0,123.0,123.0,123.0,123.0,123.0,,,,3,5,13,123.0,0.0,SAME,1.0
PCAL,2021-05-14,123.0,123.0,123.0,123.0,123.0,123.0,0.0,0.0,0.0,0.0,0.0,0.0,0.0,0.0,123.0,123.0,123.0,122.9999999999869,122.99999958794314,122.99934406923845,0.0,0.0,0.0,0.0,0.0,0.0,0.0,0.0,0.0,123.0,123.0,123.0,123.0,123.0,123.0,,,,4,5,14,123.0,0.0,SAME,1.0
PCAL,2021-05-17,123.0,123.0,123.0,123.0,123.0,123.0,0.0,0.0,0.0,0.0,0.0,0.0,0.0,0.0,123.0,123.0,123.0,122.99999999999345,122.99999972529544,122.9994633293769,0.0,0.0,0.0,0.0,0.0,0.0,0.0,0.0,0.0,123.0,123.0,123.0,123.0,123.0,123.0,,,,0,5,17,123.0,0.0,SAME,1.0
PCAL,2021-05-18,123.0,123.0,123.0,123.0,123.0,123.0,0.0,0.0,0.0,0.0,0.0,0.0,0.0,0.0,123.0,123.0,123.0,122.99999999999673,122.99999981686364,122.99956090585381,0.0,0.0,0.0,0.0,0.0,0.0,0.0,0.0,0.0,123.0,123.0,123.0,123.0,123.0,123.0,,,,1,5,18,123.0,0.0,SAME,1.0
PCAL,2021-05-19,123.0,123.0,123.0,123.0,123.0,123.0,0.0,0.0,0.0,0.0,0.0,0.0,0.0,0.0,123.0,123.0,123.0,122.99999999999837,122.9999998779091,122.9996407411531,0.0,0.0,0.0,0.0,0.0,0.0,0.0,0.0,0.0,123.0,123.0,123.0,123.0,123.0,123.0,,,,2,5,19,123.0,0.0,SAME,1.0
PCAL,2021-05-20,123.0,123.0,123.0,123.0,123.0,123.0,0.0,0.0,0.0,0.0,0.0,0.0,0.0,0.0,123.0,123.0,123.0,122.99999999999918,122.99999991860608,122.99970606094344,0.0,0.0,0.0,0.0,0.0,0.0,0.0,0.0,0.0,123.0,123.0,123.0,123.0,123.0,123.0,,,,3,5,20,123.0,0.0,SAME,1.0
PCAL,2021-05-21,123.0,123.0,123.0,123.0,123.0,123.0,0.0,0.0,0.0,0.0,0.0,0.0,0.0,0.0,123.0,123.0,123.0,122.99999999999959,122.9999999457374,122.99975950440826,0.0,0.0,0.0,0.0,0.0,0.0,0.0,0.0,0.0,123.0,123.0,123.0,123.0,123.0,123.0,,,,4,5,21,123.0,0.0,SAME,1.0
PCAL,2021-05-24,123.0,123.0,123.0,123.0,123.0,123.0,0.0,0.0,0.0,0.0,0.0,0.0,0.0,0.0,123.0,123.0,123.0,122.9999999999998,122.99999996382495,122.99980323087948,0.0,0.0,0.0,0.0,0.0,0.0,0.0,0.0,0.0,123.0,123.0,123.0,123.0,123.0,123.0,,,,0,5,24,123.0,0.0,SAME,1.0
PCAL,2021-05-25,123.0,123.0,123.0,123.0,123.0,123.0,0.0,0.0,0.0,0.0,0.0,0.0,0.0,0.0,123.0,123.0,123.0,122.9999999999999,122.99999997588331,122.9998390070832,0.0,0.0,0.0,0.0,0.0,0.0,0.0,0.0,0.0,123.0,123.0,123.0,123.0,123.0,123.0,,,,1,5,25,123.0,0.0,SAME,1.0
PCAL,2021-05-27,123.0,123.0,123.0,123.0,123.0,123.0,0.0,0.0,0.0,0.0,0.0,0.0,0.0,0.0,123.0,123.0,123.0,122.99999999999994,122.99999998392222,122.9998682785226,0.0,0.0,0.0,0.0,0.0,0.0,0.0,0.0,0.0,123.0,123.0,123.0,123.0,123.0,123.0,,,,3,5,27,123.0,0.0,SAME,1.0
PCAL,2021-05-28,123.0,123.0,123.0,123.0,123.0,123.0,0.0,0.0,0.0,0.0,0.0,0.0,0.0,0.0,123.0,123.0,123.0,122.99999999999997,122.99999998928149,122.99989222788211,0.0,0.0,0.0,0.0,0.0,0.0,0.0,0.0,0.0,123.0,123.0,123.0,123.0,123.0,123.0,,,,4,5,28,123.0,0.0,SAME,1.0
PCAL,2021-05-31,123.0,123.0,123.0,123.0,123.0,123.0,0.0,0.0,0.0,0.0,0.0,0.0,0.0,0.0,123.0,123.0,123.0,122.99999999999999,122.99999999285434,122.99991182281262,0.0,0.0,0.0,0.0,0.0,0.0,0.0,0.0,0.0,123.0,123.0,123.0,123.0,123.0,123.0,,,,0,5,31,123.0,0.0,SAME,1.0
PCAL,2021-06-01,123.0,123.0,123.0,123.0,123.0,123.0,0.0,0.0,0.0,0.0,0.0,0.0,0.0,0.0,123.0,123.0,123.0,123.0,122.99999999523624,122.9999278550285,0.0,0.0,0.0,0.0,0.0,0.0,0.0,0.0,0.0,123.0,123.0,123.0,123.0,123.0,123.0,,,,1,6,1,123.0,0.0,SAME,1.0
PCAL,2021-06-02,123.0,123.0,123.0,123.0,123.0,123.0,0.0,0.0,0.0,0.0,0.0,0.0,0.0,0.0,123.0,123.0,123.0,123.0,122.99999999682417,122.99994097229603,0.0,0.0,0.0,0.0,0.0,0.0,0.0,0.0,0.0,123.0,123.0,123.0,123.0,123.0,123.0,,,,2,6,2,123.0,0.0,SAME,1.0
PCAL,2021-06-03,123.0,123.0,123.0,123.0,123.0,123.0,0.0,0.0,0.0,0.0,0.0,0.0,0.0,0.0,123.0,123.0,123.0,123.0,122.9999999978828,122.99995170460583,0.0,0.0,0.0,0.0,0.0,0.0,0.0,0.0,0.0,123.0,123.0,123.0,123.0,123.0,123.0,,,,3,6,3,123.0,0.0,SAME,1.0
PCAL,2021-06-04,123.0,123.0,123.0,123.0,123.0,123.0,0.0,0.0,0.0,0.0,0.0,0.0,0.0,0.0,123.0,123.0,123.0,123.0,122.99999999858854,122.99996048558658,0.0,0.0,0.0,0.0,0.0,0.0,0.0,0.0,0.0,123.0,123.0,123.0,123.0,123.0,123.0,,,,4,6,4,123.0,0.0,SAME,1.0
PCAL,2021-06-07,123.0,123.0,123.0,123.0,123.0,123.0,0.0,0.0,0.0,0.0,0.0,0.0,0.0,0.0,123.0,123.0,123.0,123.0,122.99999999905903,122.99996767002537,0.0,0.0,0.0,0.0,0.0,0.0,0.0,0.0,0.0,123.0,123.0,123.0,123.0,123.0,123.0,,,,0,6,7,123.0,0.0,SAME,1.0
PCAL,2021-06-08,123.0,123.0,123.0,123.0,123.0,123.0,0.0,0.0,0.0,0.0,0.0,0.0,0.0,0.0,123.0,123.0,123.0,123.0,122.99999999937269,122.99997354820256,0.0,0.0,0.0,0.0,0.0,0.0,0.0,0.0,0.0,123.0,123.0,123.0,123.0,123.0,123.0,,,,1,6,8,123.0,0.0,SAME,1.0
PCAL,2021-06-09,123.0,123.0,123.0,123.0,123.0,123.0,0.0,0.0,0.0,0.0,0.0,0.0,0.0,0.0,123.0,123.0,123.0,123.0,122.9999999995818,122.99997835762026,0.0,0.0,0.0,0.0,0.0,0.0,0.0,0.0,0.0,123.0,123.0,123.0,123.0,123.0,123.0,,,,2,6,9,123.0,0.0,SAME,1.0
PCAL,2021-06-10,123.0,123.0,123.0,123.0,123.0,123.0,0.0,0.0,0.0,0.0,0.0,0.0,0.0,0.0,123.0,123.0,123.0,123.0,122.99999999972121,122.99998229259839,0.0,0.0,0.0,0.0,0.0,0.0,0.0,0.0,0.0,123.0,123.0,123.0,123.0,123.0,123.0,,,,3,6,10,123.0,0.0,SAME,1.0
PCAL,2021-06-11,123.0,123.0,123.0,123.0,123.0,123.0,0.0,0.0,0.0,0.0,0.0,0.0,0.0,0.0,123.0,123.0,123.0,123.0,122.99999999981415,122.99998551212595,0.0,0.0,0.0,0.0,0.0,0.0,0.0,0.0,0.0,123.0,123.0,123.0,123.0,123.0,123.0,,,,4,6,11,129.0,6.0,UP,2.0
PCAL,2021-06-14,129.0,123.0,123.0,123.0,123.0,123.0,6.0,6.0,6.0,0.04878048780487809,0.04878048780487809,0.04878048780487809,0.047628048989254664,0.047628048989254664,125.0,124.2,123.6,126.0,124.99999999987611,124.09089723719394,0.028163427765347117,0.021815297341460746,0.015425744683748209,6.0,0.04878048780487805,6.0,0.04878048780487805,6.0,0.04878048780487805,123.0,129.0,123.0,129.0,123.0,129.0,1.0,1.0,1.0,0,6,14,129.0,0.0,SAME,1.0
PCAL,2021-06-15,129.0,129.0,123.0,123.0,123.0,123.0,0.0,6.0,6.0,0.0,0.04878048780487809,0.04878048780487809,0.0,0.047628048989254664,127.0,125.4,124.2,127.5,126.33333333325075,124.98346137588594,0.028163427765347117,0.021815297341460746,0.015425744683748209,6.0,0.04878048780487805,6.0,0.04878048780487805,6.0,0.04878048780487805,123.0,129.0,123.0,129.0,123.0,129.0,1.0,1.0,1.0,1,6,15,129.0,0.0,SAME,1.0
PCAL,2021-06-16,129.0,129.0,129.0,123.0,123.0,123.0,0.0,0.0,6.0,0.0,0.0,0.04878048780487809,0.0,0.0,129.0,126.6,124.8,128.25,127.22222222216718,125.71374112572485,0.028163427765347117,0.021815297341460746,0.015425744683748209,6.0,0.04878048780487805,6.0,0.04878048780487805,6.0,0.04878048780487805,129.0,129.0,123.0,129.0,123.0,129.0,,1.0,1.0,2,6,16,129.0,0.0,SAME,1.0
PCAL,2021-06-17,129.0,129.0,129.0,129.0,123.0,123.0,0.0,0.0,0.0,0.0,0.0,0.0,0.0,0.0,129.0,127.8,125.4,128.625,127.81481481477813,126.31124273922941,0.0,0.021815297341460746,0.015425744683748209,0.0,0.0,6.0,0.04878048780487805,6.0,0.04878048780487805,129.0,129.0,123.0,129.0,123.0,129.0,,1.0,1.0,3,6,17,129.0,0.0,SAME,1.0
PCAL,2021-06-18,129.0,129.0,129.0,129.0,123.0,123.0,0.0,0.0,0.0,0.0,0.0,0.0,0.0,0.0,129.0,129.0,126.0,128.8125,128.20987654318543,126.80010769573315,0.0,0.021815297341460746,0.015425744683748209,0.0,0.0,6.0,0.04878048780487805,6.0,0.04878048780487805,129.0,129.0,129.0,129.0,123.0,129.0,,,1.0,4,6,18,129.0,0.0,SAME,1.0
PCAL,2021-06-21,129.0,129.0,129.0,129.0,129.0,123.0,0.0,0.0,0.0,0.0,0.0,0.0,0.0,0.0,129.0,129.0,126.6,128.90625,128.4732510287903,127.20008811469074,0.0,0.0,0.015425744683748209,0.0,0.0,0.0,0.0,6.0,0.04878048780487805,129.0,129.0,129.0,129.0,123.0,129.0,,,1.0,0,6,21,129.0,0.0,SAME,1.0
PCAL,2021-06-22,129.0,129.0,129.0,129.0,129.0,123.0,0.0,0.0,0.0,0.0,0.0,0.0,0.0,0.0,129.0,129.0,127.2,128.953125,128.64883401919354,127.5273448211106,0.0,0.0,0.015425744683748209,0.0,0.0,0.0,0.0,6.0,0.04878048780487805,129.0,129.0,129.0,129.0,123.0,129.0,,,1.0,1,6,22,129.0,0.0,SAME,1.0
PCAL,2021-06-23,129.0,129.0,129.0,129.0,129.0,123.0,0.0,0.0,0.0,0.0,0.0,0.0,0.0,0.0,129.0,129.0,127.8,128.9765625,128.76588934612903,127.79510030818139,0.0,0.0,0.015425744683748209,0.0,0.0,0.0,0.0,6.0,0.04878048780487805,129.0,129.0,129.0,129.0,123.0,129.0,,,1.0,2,6,23,129.0,0.0,SAME,1.0
PCAL,2021-06-24,129.0,129.0,129.0,129.0,129.0,123.0,0.0,0.0,0.0,0.0,0.0,0.0,0.0,0.0,129.0,129.0,128.4,128.98828125,128.8439262307527,128.01417297942115,0.0,0.0,0.015425744683748209,0.0,0.0,0.0,0.0,6.0,0.04878048780487805,129.0,129.0,129.0,129.0,123.0,129.0,,,1.0,3,6,24,129.0,0.0,SAME,1.0
PCAL,2021-06-25,129.0,129.0,129.0,129.0,129.0,123.0,0.0,0.0,0.0,0.0,0.0,0.0,0.0,0.0,129.0,129.0,129.0,128.994140625,128.8959508205018,128.19341425589002,0.0,0.0,0.015425744683748209,0.0,0.0,0.0,0.0,6.0,0.04878048780487805,129.0,129.0,129.0,129.0,129.0,129.0,,,,4,6,25,129.0,0.0,SAME,1.0
PCAL,2021-06-28,129.0,129.0,129.0,129.0,129.0,129.0,0.0,0.0,0.0,0.0,0.0,0.0,0.0,0.0,129.0,129.0,129.0,128.9970703125,128.93063388033454,128.34006620936455,0.0,0.0,0.0,0.0,0.0,0.0,0.0,0.0,0.0,129.0,129.0,129.0,129.0,129.0,129.0,,,,0,6,28,129.0,0.0,SAME,1.0
PCAL,2021-06-29,129.0,129.0,129.0,129.0,129.0,129.0,0.0,0.0,0.0,0.0,0.0,0.0,0.0,0.0,129.0,129.0,129.0,128.99853515625,128.95375592022305,128.46005417129825,0.0,0.0,0.0,0.0,0.0,0.0,0.0,0.0,0.0,129.0,129.0,129.0,129.0,129.0,129.0,,,,1,6,29,129.0,0.0,SAME,1.0
PCAL,2021-06-30,129.0,129.0,129.0,129.0,129.0,129.0,0.0,0.0,0.0,0.0,0.0,0.0,0.0,0.0,129.0,129.0,129.0,128.999267578125,128.96917061348205,128.55822614015312,0.0,0.0,0.0,0.0,0.0,0.0,0.0,0.0,0.0,129.0,129.0,129.0,129.0,129.0,129.0,,,,2,6,30,129.0,0.0,SAME,1.0
PCAL,2021-07-01,129.0,129.0,129.0,129.0,129.0,129.0,0.0,0.0,0.0,0.0,0.0,0.0,0.0,0.0,129.0,129.0,129.0,128.9996337890625,128.97944707565472,128.63854866012528,0.0,0.0,0.0,0.0,0.0,0.0,0.0,0.0,0.0,129.0,129.0,129.0,129.0,129.0,129.0,,,,3,7,1,129.0,0.0,SAME,1.0
PCAL,2021-07-02,129.0,129.0,129.0,129.0,129.0,129.0,0.0,0.0,0.0,0.0,0.0,0.0,0.0,0.0,129.0,129.0,129.0,128.99981689453125,128.9862980504365,128.70426708555703,0.0,0.0,0.0,0.0,0.0,0.0,0.0,0.0,0.0,129.0,129.0,129.0,129.0,129.0,129.0,,,,4,7,2,129.0,0.0,SAME,1.0
PCAL,2021-07-05,129.0,129.0,129.0,129.0,129.0,129.0,0.0,0.0,0.0,0.0,0.0,0.0,0.0,0.0,129.0,129.0,129.0,128.99990844726562,128.99086536695768,128.75803670636483,0.0,0.0,0.0,0.0,0.0,0.0,0.0,0.0,0.0,129.0,129.0,129.0,129.0,129.0,129.0,,,,0,7,5,129.0,0.0,SAME,1.0
PCAL,2021-07-06,129.0,129.0,129.0,129.0,129.0,129.0,0.0,0.0,0.0,0.0,0.0,0.0,0.0,0.0,129.0,129.0,129.0,128.9999542236328,128.99391024463847,128.8020300324803,0.0,0.0,0.0,0.0,0.0,0.0,0.0,0.0,0.0,129.0,129.0,129.0,129.0,129.0,129.0,,,,1,7,6,129.0,0.0,SAME,1.0
PCAL,2021-07-07,129.0,129.0,129.0,129.0,129.0,129.0,0.0,0.0,0.0,0.0,0.0,0.0,0.0,0.0,129.0,129.0,129.0,128.9999771118164,128.9959401630923,128.83802457202933,0.0,0.0,0.0,0.0,0.0,0.0,0.0,0.0,0.0,129.0,129.0,129.0,129.0,129.0,129.0,,,,2,7,7,129.0,0.0,SAME,1.0
PCAL,2021-07-08,129.0,129.0,129.0,129.0,129.0,129.0,0.0,0.0,0.0,0.0,0.0,0.0,0.0,0.0,129.0,129.0,129.0,128.9999885559082,128.99729344206156,128.86747464984217,0.0,0.0,0.0,0.0,0.0,0.0,0.0,0.0,0.0,129.0,129.0,129.0,129.0,129.0,129.0,,,,3,7,8,129.0,0.0,SAME,1.0
PCAL,2021-07-09,129.0,129.0,129.0,129.0,129.0,129.0,0.0,0.0,0.0,0.0,0.0,0.0,0.0,0.0,129.0,129.0,129.0,128.9999942779541,128.99819562804106,128.89157016805268,0.0,0.0,0.0,0.0,0.0,0.0,0.0,0.0,0.0,129.0,129.0,129.0,129.0,129.0,129.0,,,,4,7,9,129.0,0.0,SAME,1.0
PCAL,2021-07-12,129.0,129.0,129.0,129.0,129.0,129.0,0.0,0.0,0.0,0.0,0.0,0.0,0.0,0.0,129.0,129.0,129.0,128.99999713897705,128.9987970853607,128.91128468295219,0.0,0.0,0.0,0.0,0.0,0.0,0.0,0.0,0.0,129.0,129.0,129.0,129.0,129.0,129.0,,,,0,7,12,129.0,0.0,SAME,1.0
PCAL,2021-07-13,129.0,129.0,129.0,129.0,129.0,129.0,0.0,0.0,0.0,0.0,0.0,0.0,0.0,0.0,129.0,129.0,129.0,128.99999856948853,128.99919805690715,128.92741474059724,0.0,0.0,0.0,0.0,0.0,0.0,0.0,0.0,0.0,129.0,129.0,129.0,129.0,129.0,129.0,,,,1,7,13,129.0,0.0,SAME,1.0
PCAL,2021-07-15,129.0,129.0,129.0,129.0,129.0,129.0,0.0,0.0,0.0,0.0,0.0,0.0,0.0,0.0,129.0,129.0,129.0,128.99999928474426,128.99946537127144,128.94061206048866,0.0,0.0,0.0,0.0,0.0,0.0,0.0,0.0,0.0,129.0,129.0,129.0,129.0,129.0,129.0,,,,3,7,15,129.0,0.0,SAME,1.0
PCAL,2021-07-16,129.0,129.0,129.0,129.0,129.0,129.0,0.0,0.0,0.0,0.0,0.0,0.0,0.0,0.0,129.0,129.0,129.0,128.99999964237213,128.99964358084765,128.95140986767254,0.0,0.0,0.0,0.0,0.0,0.0,0.0,0.0,0.0,129.0,129.0,129.0,129.0,129.0,129.0,,,,4,7,16,129.0,0.0,SAME,1.0
PCAL,2021-07-19,129.0,129.0,129.0,129.0,129.0,129.0,0.0,0.0,0.0,0.0,0.0,0.0,0.0,0.0,129.0,129.0,129.0,128.99999982118607,128.99976238723178,128.96024443718662,0.0,0.0,0.0,0.0,0.0,0.0,0.0,0.0,0.0,129.0,129.0,129.0,129.0,129.0,129.0,,,,0,7,19,129.0,0.0,SAME,1.0
PCAL,2021-07-20,129.0,129.0,129.0,129.0,129.0,129.0,0.0,0.0,0.0,0.0,0.0,0.0,0.0,0.0,129.0,129.0,129.0,128.99999991059303,128.99984159148786,128.9674727213345,0.0,0.0,0.0,0.0,0.0,0.0,0.0,0.0,0.0,129.0,129.0,129.0,129.0,129.0,129.0,,,,1,7,20,129.0,0.0,SAME,1.0
PCAL,2021-07-21,129.0,129.0,129.0,129.0,129.0,129.0,0.0,0.0,0.0,0.0,0.0,0.0,0.0,0.0,129.0,129.0,129.0,128.99999995529652,128.99989439432525,128.97338677200096,0.0,0.0,0.0,0.0,0.0,0.0,0.0,0.0,0.0,129.0,129.0,129.0,129.0,129.0,129.0,,,,2,7,21,129.0,0.0,SAME,1.0
PCAL,2021-07-22,129.0,129.0,129.0,129.0,129.0,129.0,0.0,0.0,0.0,0.0,0.0,0.0,0.0,0.0,129.0,129.0,129.0,128.99999997764826,128.99992959621684,128.97822554072806,0.0,0.0,0.0,0.0,0.0,0.0,0.0,0.0,0.0,129.0,129.0,129.0,129.0,129.0,129.0,,,,3,7,22,129.0,0.0,SAME,1.0
PCAL,2021-07-23,129.0,129.0,129.0,129.0,129.0,129.0,0.0,0.0,0.0,0.0,0.0,0.0,0.0,0.0,129.0,129.0,129.0,128.99999998882413,128.99995306414456,128.98218453332296,0.0,0.0,0.0,0.0,0.0,0.0,0.0,0.0,0.0,129.0,129.0,129.0,129.0,129.0,129.0,,,,4,7,23,129.0,0.0,SAME,1.0
PCAL,2021-07-26,129.0,129.0,129.0,129.0,129.0,129.0,0.0,0.0,0.0,0.0,0.0,0.0,0.0,0.0,129.0,129.0,129.0,128.99999999441206,128.9999687094297,128.98542370908243,0.0,0.0,0.0,0.0,0.0,0.0,0.0,0.0,0.0,129.0,129.0,129.0,129.0,129.0,129.0,,,,0,7,26,129.0,0.0,SAME,1.0
PCAL,2021-07-27,129.0,129.0,129.0,129.0,129.0,129.0,0.0,0.0,0.0,0.0,0.0,0.0,0.0,0.0,129.0,129.0,129.0,128.99999999720603,128.99997913961982,128.98807394379472,0.0,0.0,0.0,0.0,0.0,0.0,0.0,0.0,0.0,129.0,129.0,129.0,129.0,129.0,129.0,,,,1,7,27,129.0,0.0,SAME,1.0
PCAL,2021-07-28,129.0,129.0,129.0,129.0,129.0,129.0,0.0,0.0,0.0,0.0,0.0,0.0,0.0,0.0,129.0,129.0,129.0,128.99999999860302,128.99998609307988,128.99024231765023,0.0,0.0,0.0,0.0,0.0,0.0,0.0,0.0,0.0,129.0,129.0,129.0,129.0,129.0,129.0,,,,2,7,28,129.0,0.0,SAME,1.0
PCAL,2021-07-29,129.0,129.0,129.0,129.0,129.0,129.0,0.0,0.0,0.0,0.0,0.0,0.0,0.0,0.0,129.0,129.0,129.0,128.9999999993015,128.99999072871992,128.99201644171382,0.0,0.0,0.0,0.0,0.0,0.0,0.0,0.0,0.0,129.0,129.0,129.0,129.0,129.0,129.0,,,,3,7,29,129.0,0.0,SAME,1.0
PCAL,2021-07-30,129.0,129.0,129.0,129.0,129.0,129.0,0.0,0.0,0.0,0.0,0.0,0.0,0.0,0.0,129.0,129.0,129.0,128.99999999965075,128.99999381914662,128.99346799776583,0.0,0.0,0.0,0.0,0.0,0.0,0.0,0.0,0.0,129.0,129.0,129.0,129.0,129.0,129.0,,,,4,7,30,129.0,0.0,SAME,1.0
PCAL,2021-08-02,129.0,129.0,129.0,129.0,129.0,129.0,0.0,0.0,0.0,0.0,0.0,0.0,0.0,0.0,129.0,129.0,129.0,128.99999999982538,128.99999587943108,128.9946556345357,0.0,0.0,0.0,0.0,0.0,0.0,0.0,0.0,0.0,129.0,129.0,129.0,129.0,129.0,129.0,,,,0,8,2,129.0,0.0,SAME,1.0
PCAL,2021-08-03,129.0,129.0,129.0,129.0,129.0,129.0,0.0,0.0,0.0,0.0,0.0,0.0,0.0,0.0,129.0,129.0,129.0,128.9999999999127,128.99999725295407,128.99562733734737,0.0,0.0,0.0,0.0,0.0,0.0,0.0,0.0,0.0,129.0,129.0,129.0,129.0,129.0,129.0,,,,1,8,3,129.0,0.0,SAME,1.0
PCAL,2021-08-04,129.0,129.0,129.0,129.0,129.0,129.0,0.0,0.0,0.0,0.0,0.0,0.0,0.0,0.0,129.0,129.0,129.0,128.99999999995634,128.99999816863607,128.99642236692057,0.0,0.0,0.0,0.0,0.0,0.0,0.0,0.0,0.0,129.0,129.0,129.0,129.0,129.0,129.0,,,,2,8,4,129.0,0.0,SAME,1.0
PCAL,2021-08-05,129.0,129.0,129.0,129.0,129.0,129.0,0.0,0.0,0.0,0.0,0.0,0.0,0.0,0.0,129.0,129.0,129.0,128.99999999997817,128.99999877909073,128.99707284566227,0.0,0.0,0.0,0.0,0.0,0.0,0.0,0.0,0.0,129.0,129.0,129.0,129.0,129.0,129.0,,,,3,8,5,129.0,0.0,SAME,1.0
PCAL,2021-08-06,129.0,129.0,129.0,129.0,129.0,129.0,0.0,0.0,0.0,0.0,0.0,0.0,0.0,0.0,129.0,129.0,129.0,128.9999999999891,128.9999991860605,128.99760505554187,0.0,0.0,0.0,0.0,0.0,0.0,0.0,0.0,0.0,129.0,129.0,129.0,129.0,129.0,129.0,,,,4,8,6,129.0,0.0,SAME,1.0
PCAL,2021-08-09,129.0,129.0,129.0,129.0,129.0,129.0,0.0,0.0,0.0,0.0,0.0,0.0,0.0,0.0,129.0,129.0,129.0,128.99999999999454,128.9999994573737,128.9980404999888,0.0,0.0,0.0,0.0,0.0,0.0,0.0,0.0,0.0,129.0,129.0,129.0,129.0,129.0,129.0,,,,0,8,9,129.0,0.0,SAME,1.0
PCAL,2021-08-10,129.0,129.0,129.0,129.0,129.0,129.0,0.0,0.0,0.0,0.0,0.0,0.0,0.0,0.0,129.0,129.0,129.0,128.99999999999727,128.99999963824914,128.9983967727181,0.0,0.0,0.0,0.0,0.0,0.0,0.0,0.0,0.0,129.0,129.0,129.0,129.0,129.0,129.0,,,,1,8,10,129.0,0.0,SAME,1.0
PCAL,2021-08-11,129.0,129.0,129.0,129.0,129.0,129.0,0.0,0.0,0.0,0.0,0.0,0.0,0.0,0.0,129.0,129.0,129.0,128.99999999999864,128.99999975883276,128.99868826858753,0.0,0.0,0.0,0.0,0.0,0.0,0.0,0.0,0.0,129.0,129.0,129.0,129.0,129.0,129.0,,,,2,8,11,129.0,0.0,SAME,1.0
PCAL,2021-08-12,129.0,129.0,129.0,129.0,129.0,129.0,0.0,0.0,0.0,0.0,0.0,0.0,0.0,0.0,129.0,129.0,129.0,128.99999999999932,128.99999983922186,128.99892676520798,0.0,0.0,0.0,0.0,0.0,0.0,0.0,0.0,0.0,129.0,129.0,129.0,129.0,129.0,129.0,,,,3,8,12,129.0,0.0,SAME,1.0
PCAL,2021-08-13,129.0,129.0,129.0,129.0,129.0,129.0,0.0,0.0,0.0,0.0,0.0,0.0,0.0,0.0,129.0,129.0,129.0,128.99999999999966,128.99999989281457,128.99912189880652,0.0,0.0,0.0,0.0,0.0,0.0,0.0,0.0,0.0,129.0,129.0,129.0,129.0,129.0,129.0,,,,4,8,13,129.0,0.0,SAME,1.0
PCAL,2021-08-16,129.0,129.0,129.0,129.0,129.0,129.0,0.0,0.0,0.0,0.0,0.0,0.0,0.0,0.0,129.0,129.0,129.0,128.99999999999983,128.99999992854305,128.99928155356898,0.0,0.0,0.0,0.0,0.0,0.0,0.0,0.0,0.0,129.0,129.0,129.0,129.0,129.0,129.0,,,,0,8,16,129.0,0.0,SAME,1.0
PCAL,2021-08-17,129.0,129.0,129.0,129.0,129.0,129.0,0.0,0.0,0.0,0.0,0.0,0.0,0.0,0.0,129.0,129.0,129.0,128.99999999999991,128.99999995236203,128.9994121801928,0.0,0.0,0.0,0.0,0.0,0.0,0.0,0.0,0.0,129.0,129.0,129.0,129.0,129.0,129.0,,,,1,8,17,129.0,0.0,SAME,1.0
PCAL,2021-08-18,129.0,129.0,129.0,129.0,129.0,129.0,0.0,0.0,0.0,0.0,0.0,0.0,0.0,0.0,129.0,129.0,129.0,128.99999999999994,128.99999996824135,128.99951905652136,0.0,0.0,0.0,0.0,0.0,0.0,0.0,0.0,0.0,129.0,129.0,129.0,129.0,129.0,129.0,,,,2,8,18,129.0,0.0,SAME,1.0
PCAL,2021-08-19,129.0,129.0,129.0,129.0,129.0,129.0,0.0,0.0,0.0,0.0,0.0,0.0,0.0,0.0,129.0,129.0,129.0,128.99999999999997,128.9999999788276,128.9996065007902,0.0,0.0,0.0,0.0,0.0,0.0,0.0,0.0,0.0,129.0,129.0,129.0,129.0,129.0,129.0,,,,3,8,19,129.0,0.0,SAME,1.0
PCAL,2021-08-20,129.0,129.0,129.0,129.0,129.0,129.0,0.0,0.0,0.0,0.0,0.0,0.0,0.0,0.0,129.0,129.0,129.0,129.0,128.99999998588507,128.99967804610108,0.0,0.0,0.0,0.0,0.0,0.0,0.0,0.0,0.0,129.0,129.0,129.0,129.0,129.0,129.0,,,,4,8,20,129.0,0.0,SAME,1.0
PCAL,2021-08-23,129.0,129.0,129.0,129.0,129.0,129.0,0.0,0.0,0.0,0.0,0.0,0.0,0.0,0.0,129.0,129.0,129.0,129.0,128.99999999059006,128.99973658317361,0.0,0.0,0.0,0.0,0.0,0.0,0.0,0.0,0.0,129.0,129.0,129.0,129.0,129.0,129.0,,,,0,8,23,129.0,0.0,SAME,1.0
PCAL,2021-08-24,129.0,129.0,129.0,129.0,129.0,129.0,0.0,0.0,0.0,0.0,0.0,0.0,0.0,0.0,129.0,129.0,129.0,129.0,128.9999999937267,128.99978447714204,0.0,0.0,0.0,0.0,0.0,0.0,0.0,0.0,0.0,129.0,129.0,129.0,129.0,129.0,129.0,,,,1,8,24,129.0,0.0,SAME,1.0
PCAL,2021-08-25,129.0,129.0,129.0,129.0,129.0,129.0,0.0,0.0,0.0,0.0,0.0,0.0,0.0,0.0,129.0,129.0,129.0,129.0,128.9999999958178,128.99982366311622,0.0,0.0,0.0,0.0,0.0,0.0,0.0,0.0,0.0,129.0,129.0,129.0,129.0,129.0,129.0,,,,2,8,25,129.0,0.0,SAME,1.0
PCAL,2021-08-26,129.0,129.0,129.0,129.0,129.0,129.0,0.0,0.0,0.0,0.0,0.0,0.0,0.0,0.0,129.0,129.0,129.0,129.0,128.9999999972119,128.99985572436782,0.0,0.0,0.0,0.0,0.0,0.0,0.0,0.0,0.0,129.0,129.0,129.0,129.0,129.0,129.0,,,,3,8,26,129.0,0.0,SAME,1.0
PCAL,2021-08-27,129.0,129.0,129.0,129.0,129.0,129.0,0.0,0.0,0.0,0.0,0.0,0.0,0.0,0.0,129.0,129.0,129.0,129.0,128.99999999814128,128.99988195630095,0.0,0.0,0.0,0.0,0.0,0.0,0.0,0.0,0.0,129.0,129.0,129.0,129.0,129.0,129.0,,,,4,8,27,129.0,0.0,SAME,1.0
PCAL,2021-08-30,129.0,129.0,129.0,129.0,129.0,129.0,0.0,0.0,0.0,0.0,0.0,0.0,0.0,0.0,129.0,129.0,129.0,129.0,128.99999999876087,128.9999034187917,0.0,0.0,0.0,0.0,0.0,0.0,0.0,0.0,0.0,129.0,129.0,129.0,129.0,129.0,129.0,,,,0,8,30,129.0,0.0,SAME,1.0
PCAL,2021-08-31,129.0,129.0,129.0,129.0,129.0,129.0,0.0,0.0,0.0,0.0,0.0,0.0,0.0,0.0,129.0,129.0,129.0,129.0,128.99999999917392,128.9999209790114,0.0,0.0,0.0,0.0,0.0,0.0,0.0,0.0,0.0,129.0,129.0,129.0,129.0,129.0,129.0,,,,1,8,31,129.0,0.0,SAME,1.0
PCAL,2021-09-01,129.0,129.0,129.0,129.0,129.0,129.0,0.0,0.0,0.0,0.0,0.0,0.0,0.0,0.0,129.0,129.0,129.0,129.0,128.9999999994493,128.99993534646387,0.0,0.0,0.0,0.0,0.0,0.0,0.0,0.0,0.0,129.0,129.0,129.0,129.0,129.0,129.0,,,,2,9,1,129.0,0.0,SAME,1.0
PCAL,2021-09-02,129.0,129.0,129.0,129.0,129.0,129.0,0.0,0.0,0.0,0.0,0.0,0.0,0.0,0.0,129.0,129.0,129.0,129.0,128.99999999963288,128.99994710165225,0.0,0.0,0.0,0.0,0.0,0.0,0.0,0.0,0.0,129.0,129.0,129.0,129.0,129.0,129.0,,,,3,9,2,129.0,0.0,SAME,1.0
PCAL,2021-09-03,129.0,129.0,129.0,129.0,129.0,129.0,0.0,0.0,0.0,0.0,0.0,0.0,0.0,0.0,129.0,129.0,129.0,129.0,128.99999999975526,128.99995671953366,0.0,0.0,0.0,0.0,0.0,0.0,0.0,0.0,0.0,129.0,129.0,129.0,129.0,129.0,129.0,,,,4,9,3,129.0,0.0,SAME,1.0
PCAL,2021-09-06,129.0,129.0,129.0,129.0,129.0,129.0,0.0,0.0,0.0,0.0,0.0,0.0,0.0,0.0,129.0,129.0,129.0,129.0,128.99999999983686,128.99996458870936,0.0,0.0,0.0,0.0,0.0,0.0,0.0,0.0,0.0,129.0,129.0,129.0,129.0,129.0,129.0,,,,0,9,6,129.0,0.0,SAME,1.0
PCAL,2021-09-07,129.0,129.0,129.0,129.0,129.0,129.0,0.0,0.0,0.0,0.0,0.0,0.0,0.0,0.0,129.0,129.0,129.0,129.0,128.99999999989126,128.99997102712584,0.0,0.0,0.0,0.0,0.0,0.0,0.0,0.0,0.0,129.0,129.0,129.0,129.0,129.0,129.0,,,,1,9,7,129.0,0.0,SAME,1.0
PCAL,2021-09-08,129.0,129.0,129.0,129.0,129.0,129.0,0.0,0.0,0.0,0.0,0.0,0.0,0.0,0.0,129.0,129.0,129.0,129.0,128.99999999992752,128.99997629492114,0.0,0.0,0.0,0.0,0.0,0.0,0.0,0.0,0.0,129.0,129.0,129.0,129.0,129.0,129.0,,,,2,9,8,129.0,0.0,SAME,1.0
PCAL,2021-09-09,129.0,129.0,129.0,129.0,129.0,129.0,0.0,0.0,0.0,0.0,0.0,0.0,0.0,0.0,129.0,129.0,129.0,129.0,128.99999999995168,128.99998060493547,0.0,0.0,0.0,0.0,0.0,0.0,0.0,0.0,0.0,129.0,129.0,129.0,129.0,129.0,129.0,,,,3,9,9,129.0,0.0,SAME,1.0
PCAL,2021-09-10,129.0,129.0,129.0,129.0,129.0,129.0,0.0,0.0,0.0,0.0,0.0,0.0,0.0,0.0,129.0,129.0,129.0,129.0,128.9999999999678,128.99998413131084,0.0,0.0,0.0,0.0,0.0,0.0,0.0,0.0,0.0,129.0,129.0,129.0,129.0,129.0,129.0,,,,4,9,10,128.0,-1.0,DOWN,0.0
PCAL,2021-09-13,128.0,129.0,129.0,129.0,129.0,129.0,-1.0,-1.0,-1.0,-0.007751937984496138,-0.007751937984496138,-0.007751937984496138,-0.007782140442054963,-0.007782140442054963,128.66666666666666,128.8,128.9,128.5,128.6666666666452,128.81816883470887,0.004475583482087045,0.003466772058135212,0.0024513780311382783,-1.0,-0.007751937984496124,-1.0,-0.007751937984496124,-1.0,-0.007751937984496124,128.0,129.0,128.0,129.0,128.0,129.0,0.0,0.0,0.0,0,9,13,128.0,0.0,SAME,1.0
PCAL,2021-09-14,128.0,128.0,129.0,129.0,129.0,129.0,0.0,-1.0,-1.0,0.0,-0.007751937984496138,-0.007751937984496138,0.0,-0.007782140442054963,128.33333333333334,128.6,128.8,128.25,128.44444444443013,128.6694108647618,0.004475583482087045,0.003466772058135212,0.0024513780311382783,-1.0,-0.007751937984496124,-1.0,-0.007751937984496124,-1.0,-0.007751937984496124,128.0,129.0,128.0,129.0,128.0,129.0,0.0,0.0,0.0,1,9,14,128.0,0.0,SAME,1.0
PCAL,2021-09-15,128.0,128.0,128.0,129.0,129.0,129.0,0.0,0.0,-1.0,0.0,0.0,-0.007751937984496138,0.0,0.0,128.0,128.4,128.7,128.125,128.29629629628676,128.54769979844147,0.004475583482087045,0.003466772058135212,0.0024513780311382783,-1.0,-0.007751937984496124,-1.0,-0.007751937984496124,-1.0,-0.007751937984496124,128.0,128.0,128.0,129.0,128.0,129.0,,0.0,0.0,2,9,15,128.0,0.0,SAME,1.0
PCAL,2021-09-20,128.0,128.0,128.0,128.0,129.0,129.0,0.0,0.0,0.0,0.0,0.0,0.0,0.0,0.0,128.0,128.2,128.6,128.0625,128.19753086419118,128.44811801690665,0.0,0.003466772058135212,0.0024513780311382783,0.0,0.0,-1.0,-0.007751937984496124,-1.0,-0.007751937984496124,128.0,128.0,128.0,129.0,128.0,129.0,,0.0,0.0,0,9,20,128.0,0.0,SAME,1.0
PCAL,2021-09-21,128.0,128.0,128.0,128.0,129.0,129.0,0.0,0.0,0.0,0.0,0.0,0.0,0.0,0.0,128.0,128.0,128.5,128.03125,128.13168724279413,128.36664201383272,0.0,0.003466772058135212,0.0024513780311382783,0.0,0.0,-1.0,-0.007751937984496124,-1.0,-0.007751937984496124,128.0,128.0,128.0,128.0,128.0,129.0,,,0.0,1,9,21,128.0,0.0,SAME,1.0
PCAL,2021-09-22,128.0,128.0,128.0,128.0,128.0,129.0,0.0,0.0,0.0,0.0,0.0,0.0,0.0,0.0,128.0,128.0,128.4,128.015625,128.0877914951961,128.29997982949948,0.0,0.0,0.0024513780311382783,0.0,0.0,0.0,0.0,-1.0,-0.007751937984496124,128.0,128.0,128.0,128.0,128.0,129.0,,,0.0,2,9,22,128.0,0.0,SAME,1.0
PCAL,2021-09-23,128.0,128.0,128.0,128.0,128.0,129.0,0.0,0.0,0.0,0.0,0.0,0.0,0.0,0.0,128.0,128.0,128.3,128.0078125,128.05852766346408,128.24543804231774,0.0,0.0,0.0024513780311382783,0.0,0.0,0.0,0.0,-1.0,-0.007751937984496124,128.0,128.0,128.0,128.0,128.0,129.0,,,0.0,3,9,23,128.0,0.0,SAME,1.0
PCAL,2021-09-24,128.0,128.0,128.0,128.0,128.0,129.0,0.0,0.0,0.0,0.0,0.0,0.0,0.0,0.0,128.0,128.0,128.2,128.00390625,128.03901844230938,128.2008129437145,0.0,0.0,0.0024513780311382783,0.0,0.0,0.0,0.0,-1.0,-0.007751937984496124,128.0,128.0,128.0,128.0,128.0,129.0,,,0.0,4,9,24,128.0,0.0,SAME,1.0
PCAL,2021-09-27,128.0,128.0,128.0,128.0,128.0,129.0,0.0,0.0,0.0,0.0,0.0,0.0,0.0,0.0,128.0,128.0,128.1,128.001953125,128.02601229487294,128.16430149940277,0.0,0.0,0.0024513780311382783,0.0,0.0,0.0,0.0,-1.0,-0.007751937984496124,128.0,128.0,128.0,128.0,128.0,129.0,,,0.0,0,9,27,128.0,0.0,SAME,1.0
PCAL,2021-09-28,128.0,128.0,128.0,128.0,128.0,129.0,0.0,0.0,0.0,0.0,0.0,0.0,0.0,0.0,128.0,128.0,128.0,128.0009765625,128.0173415299153,128.13442849951136,0.0,0.0,0.0024513780311382783,0.0,0.0,0.0,0.0,-1.0,-0.007751937984496124,128.0,128.0,128.0,128.0,128.0,128.0,,,,1,9,28,125.0,-3.0,DOWN,0.0
PCAL,2021-09-29,125.0,128.0,128.0,128.0,128.0,128.0,-3.0,-3.0,-3.0,-0.0234375,-0.0234375,-0.0234375,-0.023716526617316044,-0.023716526617316044,127.0,127.4,127.7,126.50048828125,127.01156101994354,127.5645324086911,0.013531646934130845,0.010481568644528939,0.007411588266019635,-3.0,-0.0234375,-3.0,-0.0234375,-3.0,-0.0234375,125.0,128.0,125.0,128.0,125.0,128.0,0.0,0.0,0.0,2,9,29,125.0,0.0,SAME,1.0
PCAL,2021-09-30,125.0,125.0,128.0,128.0,128.0,128.0,0.0,-3.0,-3.0,0.0,-0.0234375,-0.0234375,0.0,-0.023716526617316044,126.0,126.8,127.4,125.750244140625,126.34104067996236,127.09825378892907,0.013531646934130845,0.010481568644528939,0.007411588266019635,-3.0,-0.0234375,-3.0,-0.0234375,-3.0,-0.0234375,125.0,128.0,125.0,128.0,125.0,128.0,0.0,0.0,0.0,3,9,30,125.0,0.0,SAME,1.0
PCAL,2021-10-01,125.0,125.0,125.0,128.0,128.0,128.0,0.0,0.0,-3.0,0.0,0.0,-0.0234375,0.0,0.0,125.0,126.2,127.1,125.3751220703125,125.89402711997491,126.71675310003286,0.013531646934130845,0.010481568644528939,0.007411588266019635,-3.0,-0.0234375,-3.0,-0.0234375,-3.0,-0.0234375,125.0,125.0,125.0,128.0,125.0,128.0,,0.0,0.0,4,10,1,125.0,0.0,SAME,1.0
PCAL,2021-10-04,125.0,125.0,125.0,125.0,128.0,128.0,0.0,0.0,0.0,0.0,0.0,0.0,0.0,0.0,125.0,125.6,126.8,125.18756103515625,125.59601807998328,126.40461617275415,0.0,0.010481568644528939,0.007411588266019635,0.0,0.0,-3.0,-0.0234375,-3.0,-0.0234375,125.0,125.0,125.0,128.0,125.0,128.0,,0.0,0.0,0,10,4,125.0,0.0,SAME,1.0
PCAL,2021-10-05,125.0,125.0,125.0,125.0,128.0,128.0,0.0,0.0,0.0,0.0,0.0,0.0,0.0,0.0,125.0,125.0,126.5,125.09378051757812,125.39734538665553,126.14923141407158,0.0,0.010481568644528939,0.007411588266019635,0.0,0.0,-3.0,-0.0234375,-3.0,-0.0234375,125.0,125.0,125.0,125.0,125.0,128.0,,,0.0,1,10,5,125.0,0.0,SAME,1.0
PCAL,2021-10-06,125.0,125.0,125.0,125.0,125.0,128.0,0.0,0.0,0.0,0.0,0.0,0.0,0.0,0.0,125.0,125.0,126.2,125.04689025878906,125.26489692443704,125.94028024787673,0.0,0.0,0.007411588266019635,0.0,0.0,0.0,0.0,-3.0,-0.0234375,125.0,125.0,125.0,125.0,125.0,128.0,,,0.0,2,10,6,125.0,0.0,SAME,1.0
PCAL,2021-10-07,125.0,125.0,125.0,125.0,125.0,128.0,0.0,0.0,0.0,0.0,0.0,0.0,0.0,0.0,125.0,125.0,125.9,125.02344512939453,125.17659794962469,125.76932020280822,0.0,0.0,0.007411588266019635,0.0,0.0,0.0,0.0,-3.0,-0.0234375,125.0,125.0,125.0,125.0,125.0,128.0,,,0.0,3,10,7,125.0,0.0,SAME,1.0
PCAL,2021-10-08,125.0,125.0,125.0,125.0,125.0,128.0,0.0,0.0,0.0,0.0,0.0,0.0,0.0,0.0,125.0,125.0,125.6,125.01172256469727,125.11773196641647,125.62944380229763,0.0,0.0,0.007411588266019635,0.0,0.0,0.0,0.0,-3.0,-0.0234375,125.0,125.0,125.0,125.0,125.0,128.0,,,0.0,4,10,8,125.0,0.0,SAME,1.0
PCAL,2021-10-11,125.0,125.0,125.0,125.0,125.0,128.0,0.0,0.0,0.0,0.0,0.0,0.0,0.0,0.0,125.0,125.0,125.3,125.00586128234863,125.07848797761099,125.51499947460715,0.0,0.0,0.007411588266019635,0.0,0.0,0.0,0.0,-3.0,-0.0234375,125.0,125.0,125.0,125.0,125.0,128.0,,,0.0,0,10,11,125.0,0.0,SAME,1.0
PCAL,2021-10-12,125.0,125.0,125.0,125.0,125.0,128.0,0.0,0.0,0.0,0.0,0.0,0.0,0.0,0.0,125.0,125.0,125.0,125.00293064117432,125.05232531840733,125.42136320649675,0.0,0.0,0.007411588266019635,0.0,0.0,0.0,0.0,-3.0,-0.0234375,125.0,125.0,125.0,125.0,125.0,125.0,,,,1,10,12,125.0,0.0,SAME,1.0
PCAL,2021-10-13,125.0,125.0,125.0,125.0,125.0,125.0,0.0,0.0,0.0,0.0,0.0,0.0,0.0,0.0,125.0,125.0,125.0,125.00146532058716,125.03488354560488,125.34475171440641,0.0,0.0,0.0,0.0,0.0,0.0,0.0,0.0,0.0,125.0,125.0,125.0,125.0,125.0,125.0,,,,2,10,13,125.0,0.0,SAME,1.0
PCAL,2021-10-14,125.0,125.0,125.0,125.0,125.0,125.0,0.0,0.0,0.0,0.0,0.0,0.0,0.0,0.0,125.0,125.0,125.0,125.00073266029358,125.02325569706994,125.28206958451432,0.0,0.0,0.0,0.0,0.0,0.0,0.0,0.0,0.0,125.0,125.0,125.0,125.0,125.0,125.0,,,,3,10,14,125.0,0.0,SAME,1.0
PCAL,2021-10-18,125.0,125.0,125.0,125.0,125.0,125.0,0.0,0.0,0.0,0.0,0.0,0.0,0.0,0.0,125.0,125.0,125.0,125.00036633014679,125.01550379804664,125.2307842055117,0.0,0.0,0.0,0.0,0.0,0.0,0.0,0.0,0.0,125.0,125.0,125.0,125.0,125.0,125.0,,,,0,10,18,125.0,0.0,SAME,1.0
PCAL,2021-10-19,125.0,125.0,125.0,125.0,125.0,125.0,0.0,0.0,0.0,0.0,0.0,0.0,0.0,0.0,125.0,125.0,125.0,125.0001831650734,125.01033586536442,125.1888234408732,0.0,0.0,0.0,0.0,0.0,0.0,0.0,0.0,0.0,125.0,125.0,125.0,125.0,125.0,125.0,,,,1,10,19,125.0,0.0,SAME,1.0
PCAL,2021-10-20,125.0,125.0,125.0,125.0,125.0,125.0,0.0,0.0,0.0,0.0,0.0,0.0,0.0,0.0,125.0,125.0,125.0,125.0000915825367,125.00689057690963,125.15449190616897,0.0,0.0,0.0,0.0,0.0,0.0,0.0,0.0,0.0,125.0,125.0,125.0,125.0,125.0,125.0,,,,2,10,20,120.0,-5.0,DOWN,0.0
PCAL,2021-10-21,120.0,125.0,125.0,125.0,125.0,125.0,-5.0,-5.0,-5.0,-0.040000000000000036,-0.040000000000000036,-0.040000000000000036,-0.040821994520255166,-0.040821994520255166,123.33333333333333,124.0,124.5,122.50004579126835,123.3379270512731,124.21731155959279,0.023094010767584466,0.01788854381999756,0.012649110640673525,-5.0,-0.04,-5.0,-0.04,-5.0,-0.04,120.0,125.0,120.0,125.0,120.0,125.0,0.0,0.0,0.0,3,10,21,120.0,0.0,SAME,1.0
PCAL,2021-10-22,120.0,120.0,125.0,125.0,125.0,125.0,0.0,-5.0,-5.0,0.0,-0.040000000000000036,-0.040000000000000036,0.0,-0.040821994520255166,121.66666666666667,123.0,124.0,121.25002289563417,122.22528470084875,123.45052763966683,0.023094010767584466,0.01788854381999756,0.012649110640673525,-5.0,-0.04,-5.0,-0.04,-5.0,-0.04,120.0,125.0,120.0,125.0,120.0,125.0,0.0,0.0,0.0,4,10,22,120.0,0.0,SAME,1.0
PCAL,2021-10-25,120.0,120.0,120.0,125.0,125.0,125.0,0.0,0.0,-5.0,0.0,0.0,-0.040000000000000036,0.0,0.0,120.0,122.0,123.5,120.62501144781709,121.48352313389917,122.82315897790923,0.023094010767584466,0.01788854381999756,0.012649110640673525,-5.0,-0.04,-5.0,-0.04,-5.0,-0.04,120.0,120.0,120.0,125.0,120.0,125.0,,0.0,0.0,0,10,25,120.0,0.0,SAME,1.0
PCAL,2021-10-26,120.0,120.0,120.0,120.0,125.0,125.0,0.0,0.0,0.0,0.0,0.0,0.0,0.0,0.0,120.0,121.0,123.0,120.31250572390854,120.98901542259945,122.30985734556208,0.0,0.01788854381999756,0.012649110640673525,0.0,0.0,-5.0,-0.04,-5.0,-0.04,120.0,120.0,120.0,125.0,120.0,125.0,,0.0,0.0,1,10,26,120.0,0.0,SAME,1.0
PCAL,2021-10-28,120.0,120.0,120.0,120.0,125.0,125.0,0.0,0.0,0.0,0.0,0.0,0.0,0.0,0.0,120.0,120.0,122.5,120.15625286195427,120.6593436150663,121.8898832827326,0.0,0.01788854381999756,0.012649110640673525,0.0,0.0,-5.0,-0.04,-5.0,-0.04,120.0,120.0,120.0,120.0,120.0,125.0,,,0.0,3,10,28,120.0,0.0,SAME,1.0
PCAL,2021-10-29,120.0,120.0,120.0,120.0,120.0,125.0,0.0,0.0,0.0,0.0,0.0,0.0,0.0,0.0,120.0,120.0,122.0,120.07812643097714,120.43956241004422,121.54626814041757,0.0,0.0,0.012649110640673525,0.0,0.0,0.0,0.0,-5.0,-0.04,120.0,120.0,120.0,120.0,120.0,125.0,,,0.0,4,10,29,120.0,0.0,SAME,1.0
PCAL,2021-11-02,120.0,120.0,120.0,120.0,120.0,125.0,0.0,0.0,0.0,0.0,0.0,0.0,0.0,0.0,120.0,120.0,121.5,120.03906321548857,120.29304160669615,121.26512847852345,0.0,0.0,0.012649110640673525,0.0,0.0,0.0,0.0,-5.0,-0.04,120.0,120.0,120.0,120.0,120.0,125.0,,,0.0,1,11,2,120.0,0.0,SAME,1.0
PCAL,2021-11-03,120.0,120.0,120.0,120.0,120.0,125.0,0.0,0.0,0.0,0.0,0.0,0.0,0.0,0.0,120.0,120.0,121.0,120.01953160774428,120.19536107113078,121.0351051187919,0.0,0.0,0.012649110640673525,0.0,0.0,0.0,0.0,-5.0,-0.04,120.0,120.0,120.0,120.0,120.0,125.0,,,0.0,2,11,3,120.0,0.0,SAME,1.0
PCAL,2021-11-04,120.0,120.0,120.0,120.0,120.0,125.0,0.0,0.0,0.0,0.0,0.0,0.0,0.0,0.0,120.0,120.0,120.5,120.00976580387214,120.1302407140872,120.84690418810246,0.0,0.0,0.012649110640673525,0.0,0.0,0.0,0.0,-5.0,-0.04,120.0,120.0,120.0,120.0,120.0,125.0,,,0.0,3,11,4,120.0,0.0,SAME,1.0
PCAL,2021-11-05,120.0,120.0,120.0,120.0,120.0,125.0,0.0,0.0,0.0,0.0,0.0,0.0,0.0,0.0,120.0,120.0,120.0,120.00488290193607,120.0868271427248,120.69292160844745,0.0,0.0,0.012649110640673525,0.0,0.0,0.0,0.0,-5.0,-0.04,120.0,120.0,120.0,120.0,120.0,120.0,,,,4,11,5,120.0,0.0,SAME,1.0
PCAL,2021-11-08,120.0,120.0,120.0,120.0,120.0,120.0,0.0,0.0,0.0,0.0,0.0,0.0,0.0,0.0,120.0,120.0,120.0,120.00244145096804,120.05788476181654,120.56693586145701,0.0,0.0,0.0,0.0,0.0,0.0,0.0,0.0,0.0,120.0,120.0,120.0,120.0,120.0,120.0,,,,0,11,8,115.0,-5.0,DOWN,0.0
PCAL,2021-11-09,115.0,120.0,120.0,120.0,120.0,120.0,-5.0,-5.0,-5.0,-0.04166666666666663,-0.04166666666666663,-0.04166666666666663,-0.04255961441879589,-0.04255961441879589,118.33333333333333,119.0,119.5,117.50122072548402,118.37192317454436,119.55476570482845,0.024056261216233825,0.01863389981249749,0.013176156917368231,-5.0,-0.041666666666666664,-5.0,-0.041666666666666664,-5.0,-0.041666666666666664,115.0,120.0,115.0,120.0,115.0,120.0,0.0,0.0,0.0,1,11,9,115.0,0.0,SAME,1.0
PCAL,2021-11-10,115.0,115.0,120.0,120.0,120.0,120.0,0.0,-5.0,-5.0,0.0,-0.04166666666666663,-0.04166666666666663,0.0,-0.04255961441879589,116.66666666666667,118.0,119.0,116.25061036274201,117.24794878302959,118.72662648576872,0.024056261216233825,0.01863389981249749,0.013176156917368231,-5.0,-0.041666666666666664,-5.0,-0.041666666666666664,-5.0,-0.041666666666666664,115.0,120.0,115.0,120.0,115.0,120.0,0.0,0.0,0.0,2,11,10,115.0,0.0,SAME,1.0
PCAL,2021-11-12,115.0,115.0,115.0,120.0,120.0,120.0,0.0,0.0,-5.0,0.0,0.0,-0.04166666666666663,0.0,0.0,115.0,117.0,118.5,115.625305181371,116.49863252201973,118.04905803381077,0.024056261216233825,0.01863389981249749,0.013176156917368231,-5.0,-0.041666666666666664,-5.0,-0.041666666666666664,-5.0,-0.041666666666666664,115.0,115.0,115.0,120.0,115.0,120.0,,0.0,0.0,4,11,12,115.0,0.0,SAME,1.0
PCAL,2021-11-15,115.0,115.0,115.0,115.0,120.0,120.0,0.0,0.0,0.0,0.0,0.0,0.0,0.0,0.0,115.0,116.0,118.0,115.3126525906855,115.99908834801316,117.49468384584516,0.0,0.01863389981249749,0.013176156917368231,0.0,0.0,-5.0,-0.041666666666666664,-5.0,-0.041666666666666664,115.0,115.0,115.0,120.0,115.0,120.0,,0.0,0.0,0,11,15,115.0,0.0,SAME,1.0
PCAL,2021-11-16,115.0,115.0,115.0,115.0,120.0,120.0,0.0,0.0,0.0,0.0,0.0,0.0,0.0,0.0,115.0,115.0,117.5,115.15632629534275,115.66605889867544,117.04110496478239,0.0,0.01863389981249749,0.013176156917368231,0.0,0.0,-5.0,-0.041666666666666664,-5.0,-0.041666666666666664,115.0,115.0,115.0,115.0,115.0,120.0,,,0.0,1,11,16,109.3,-5.700000000000003,DOWN,0.0
PCAL,2021-11-17,109.3,115.0,115.0,115.0,115.0,120.0,-5.700000000000003,-5.700000000000003,-5.700000000000003,-0.04956521739130437,-0.04956521739130437,-0.04956521739130437,-0.050835733180757216,-0.050835733180757216,113.10000000000001,113.85999999999999,116.42999999999999,112.22816314767138,113.54403926578362,115.63363133482196,0.028616491603311433,0.022166239081301647,0.019323262374896052,-5.700000000000003,-0.04956521739130437,-5.700000000000003,-0.04956521739130437,-10.700000000000003,-0.08916666666666669,109.3,115.0,109.3,115.0,109.3,120.0,0.0,0.0,0.0,2,11,17,109.3,0.0,SAME,1.0
PCAL,2021-11-18,109.3,109.3,115.0,115.0,115.0,120.0,0.0,-5.700000000000003,-5.700000000000003,0.0,-0.04956521739130437,-0.04956521739130437,0.0,-0.050835733180757216,111.2,112.72,115.36000000000001,110.76408157383568,112.12935951052242,114.48206200121795,0.028616491603311433,0.022166239081301647,0.019323262374896052,-5.700000000000003,-0.04956521739130437,-5.700000000000003,-0.04956521739130437,-10.700000000000003,-0.08916666666666669,109.3,115.0,109.3,115.0,109.3,120.0,0.0,0.0,0.0,3,11,18,109.3,0.0,SAME,1.0
PCAL,2021-11-19,109.3,109.3,109.3,115.0,115.0,120.0,0.0,0.0,-5.700000000000003,0.0,0.0,-0.04956521739130437,0.0,0.0,109.3,111.58,114.29,110.03204078691783,111.18623967368163,113.5398689100874,0.028616491603311433,0.022166239081301647,0.019323262374896052,-5.700000000000003,-0.04956521739130437,-5.700000000000003,-0.04956521739130437,-10.700000000000003,-0.08916666666666669,109.3,109.3,109.3,115.0,109.3,120.0,,0.0,0.0,4,11,19,109.3,0.0,SAME,1.0
PCAL,2021-11-22,109.3,109.3,109.3,109.3,115.0,120.0,0.0,0.0,0.0,0.0,0.0,0.0,0.0,0.0,109.3,110.44000000000001,113.22,109.66602039345892,110.55749311578776,112.76898365370788,0.0,0.022166239081301647,0.019323262374896052,0.0,0.0,-5.700000000000003,-0.04956521739130437,-10.700000000000003,-0.08916666666666669,109.3,109.3,109.3,115.0,109.3,120.0,,0.0,0.0,0,11,22,109.3,0.0,SAME,1.0
PCAL,2021-11-23,109.3,109.3,109.3,109.3,115.0,120.0,0.0,0.0,0.0,0.0,0.0,0.0,0.0,0.0,109.3,109.3,112.15,109.48301019672945,110.13832874385852,112.13825935303372,0.0,0.022166239081301647,0.019323262374896052,0.0,0.0,-5.700000000000003,-0.04956521739130437,-10.700000000000003,-0.08916666666666669,109.3,109.3,109.3,109.3,109.3,115.0,,,0.0,1,11,23,109.3,0.0,SAME,1.0
PCAL,2021-11-24,109.3,109.3,109.3,109.3,109.3,115.0,0.0,0.0,0.0,0.0,0.0,0.0,0.0,0.0,109.3,109.3,111.58,109.39150509836472,109.85888582923903,111.62221219793668,0.0,0.0,0.015673897967791103,0.0,0.0,0.0,0.0,-5.700000000000003,-0.04956521739130437,109.3,109.3,109.3,109.3,109.3,115.0,,,0.0,2,11,24,109.3,0.0,SAME,1.0
PCAL,2021-11-25,109.3,109.3,109.3,109.3,109.3,115.0,0.0,0.0,0.0,0.0,0.0,0.0,0.0,0.0,109.3,109.3,111.01000000000002,109.34575254918235,109.67259055282602,111.19999179831183,0.0,0.0,0.015673897967791103,0.0,0.0,0.0,0.0,-5.700000000000003,-0.04956521739130437,109.3,109.3,109.3,109.3,109.3,115.0,,,0.0,3,11,25,109.3,0.0,SAME,1.0
PCAL,2021-11-26,109.3,109.3,109.3,109.3,109.3,115.0,0.0,0.0,0.0,0.0,0.0,0.0,0.0,0.0,109.3,109.3,110.44000000000001,109.32287627459118,109.54839370188401,110.85453874407331,0.0,0.0,0.015673897967791103,0.0,0.0,0.0,0.0,-5.700000000000003,-0.04956521739130437,109.3,109.3,109.3,109.3,109.3,115.0,,,0.0,4,11,26,109.3,0.0,SAME,1.0
PCAL,2021-11-29,109.3,109.3,109.3,109.3,109.3,115.0,0.0,0.0,0.0,0.0,0.0,0.0,0.0,0.0,109.3,109.3,109.87,109.3114381372956,109.465595801256,110.57189533605998,0.0,0.0,0.015673897967791103,0.0,0.0,0.0,0.0,-5.700000000000003,-0.04956521739130437,109.3,109.3,109.3,109.3,109.3,115.0,,,0.0,0,11,29,103.83,-5.469999999999999,DOWN,0.0
PCAL,2021-11-30,103.83,109.3,109.3,109.3,109.3,115.0,-5.469999999999999,-5.469999999999999,-5.469999999999999,-0.050045745654162865,-0.050045745654162865,-0.050045745654162865,-0.05134144886713031,-0.05134144886713031,107.47666666666665,108.20599999999999,108.753,106.5707190686478,107.58706386750401,109.34609618404906,0.028893924725226013,0.022381137853473947,0.021000140309700252,-5.469999999999999,-0.050045745654162845,-5.469999999999999,-0.050045745654162845,-11.170000000000002,-0.09713043478260872,103.83,109.3,103.83,109.3,103.83,109.3,0.0,0.0,0.0,1,11,30,103.83,0.0,SAME,1.0
PCAL,2021-12-01,103.83,103.83,109.3,109.3,109.3,109.3,0.0,-5.469999999999999,-5.469999999999999,0.0,-0.050045745654162865,-0.050045745654162865,0.0,-0.05134144886713031,105.65333333333332,107.11200000000001,108.20599999999999,105.2003595343239,106.33470924500268,108.34316960513104,0.028893924725226013,0.022381137853473947,0.015825854346862796,-5.469999999999999,-0.050045745654162845,-5.469999999999999,-0.050045745654162845,-5.469999999999999,-0.050045745654162845,103.83,109.3,103.83,109.3,103.83,109.3,0.0,0.0,0.0,2,12,1,103.83,0.0,SAME,1.0
PCAL,2021-12-02,103.83,103.83,103.83,109.3,109.3,109.3,0.0,0.0,-5.469999999999999,0.0,0.0,-0.050045745654162865,0.0,0.0,103.83,106.018,107.65899999999999,104.51517976716195,105.49980616333514,107.52259331328902,0.028893924725226013,0.022381137853473947,0.015825854346862796,-5.469999999999999,-0.050045745654162845,-5.469999999999999,-0.050045745654162845,-5.469999999999999,-0.050045745654162845,103.83,103.83,103.83,109.3,103.83,109.3,,0.0,0.0,3,12,2,103.83,0.0,SAME,1.0
PCAL,2021-12-03,103.83,103.83,103.83,103.83,109.3,109.3,0.0,0.0,0.0,0.0,0.0,0.0,0.0,0.0,103.83,104.924,107.112,104.17258988358097,104.9432041088901,106.85121271087283,0.0,0.022381137853473947,0.015825854346862796,0.0,0.0,-5.469999999999999,-0.050045745654162845,-5.469999999999999,-0.050045745654162845,103.83,103.83,103.83,109.3,103.83,109.3,,0.0,0.0,4,12,3,103.83,0.0,SAME,1.0
PCAL,2021-12-06,103.83,103.83,103.83,103.83,109.3,109.3,0.0,0.0,0.0,0.0,0.0,0.0,0.0,0.0,103.83,103.83,106.56500000000001,104.00129494179049,104.57213607259341,106.30190130889594,0.0,0.022381137853473947,0.015825854346862796,0.0,0.0,-5.469999999999999,-0.050045745654162845,-5.469999999999999,-0.050045745654162845,103.83,103.83,103.83,103.83,103.83,109.3,,,0.0,0,12,6,103.83,0.0,SAME,1.0
PCAL,2021-12-07,103.83,103.83,103.83,103.83,103.83,109.3,0.0,0.0,0.0,0.0,0.0,0.0,0.0,0.0,103.83,103.83,106.018,103.91564747089524,104.32475738172894,105.85246470727849,0.0,0.0,0.015825854346862796,0.0,0.0,0.0,0.0,-5.469999999999999,-0.050045745654162845,103.83,103.83,103.83,103.83,103.83,109.3,,,0.0,1,12,7,103.83,0.0,SAME,1.0
PCAL,2021-12-08,103.83,103.83,103.83,103.83,103.83,109.3,0.0,0.0,0.0,0.0,0.0,0.0,0.0,0.0,103.83,103.83,105.471,103.87282373544761,104.15983825448598,105.48474385140966,0.0,0.0,0.015825854346862796,0.0,0.0,0.0,0.0,-5.469999999999999,-0.050045745654162845,103.83,103.83,103.83,103.83,103.83,109.3,,,0.0,2,12,8,103.83,0.0,SAME,1.0
PCAL,2021-12-09,103.83,103.83,103.83,103.83,103.83,109.3,0.0,0.0,0.0,0.0,0.0,0.0,0.0,0.0,103.83,103.83,104.924,103.85141186772381,104.04989216965733,105.18388133297154,0.0,0.0,0.015825854346862796,0.0,0.0,0.0,0.0,-5.469999999999999,-0.050045745654162845,103.83,103.83,103.83,103.83,103.83,109.3,,,0.0,3,12,9,103.83,0.0,SAME,1.0
PCAL,2021-12-10,103.83,103.83,103.83,103.83,103.83,109.3,0.0,0.0,0.0,0.0,0.0,0.0,0.0,0.0,103.83,103.83,104.377,103.8407059338619,103.97659477977156,104.93772109061307,0.0,0.0,0.015825854346862796,0.0,0.0,0.0,0.0,-5.469999999999999,-0.050045745654162845,103.83,103.83,103.83,103.83,103.83,109.3,,,0.0,4,12,10,103.83,0.0,SAME,1.0
PCAL,2021-12-13,103.83,103.83,103.83,103.83,103.83,109.3,0.0,0.0,0.0,0.0,0.0,0.0,0.0,0.0,103.83,103.83,103.83,103.83535296693094,103.92772985318105,104.73631725595614,0.0,0.0,0.015825854346862796,0.0,0.0,0.0,0.0,-5.469999999999999,-0.050045745654162845,103.83,103.83,103.83,103.83,103.83,103.83,,,,0,12,13,105.0,1.1700000000000017,UP,2.0
PCAL,2021-12-14,105.0,103.83,103.83,103.83,103.83,103.83,1.1700000000000017,1.1700000000000017,1.1700000000000017,0.011268419531927254,0.011268419531927254,0.011268419531927254,0.01120540384216086,0.01120540384216086,104.22000000000001,104.06400000000001,103.947,104.41767648346547,104.28515323545405,104.78425957305502,0.006505825050097703,0.0050393904144723865,0.0035633871351218693,1.1700000000000017,0.011268419531927205,1.1700000000000017,0.011268419531927205,1.1700000000000017,0.011268419531927205,103.83,105.0,103.83,105.0,103.83,105.0,1.0,1.0,1.0,1,12,14,105.0,0.0,SAME,1.0
PCAL,2021-12-15,105.0,105.0,103.83,103.83,103.83,103.83,0.0,1.1700000000000017,1.1700000000000017,0.0,0.011268419531927254,0.011268419531927254,0.0,0.01120540384216086,104.61,104.298,104.06400000000001,104.70883824173274,104.5234354903027,104.82348510522684,0.006505825050097703,0.0050393904144723865,0.0035633871351218693,1.1700000000000017,0.011268419531927205,1.1700000000000017,0.011268419531927205,1.1700000000000017,0.011268419531927205,103.83,105.0,103.83,105.0,103.83,105.0,1.0,1.0,1.0,2,12,15,105.0,0.0,SAME,1.0
PCAL,2021-12-16,105.0,105.0,105.0,103.83,103.83,103.83,0.0,0.0,1.1700000000000017,0.0,0.0,0.011268419531927254,0.0,0.0,105.0,104.532,104.181,104.85441912086637,104.68229032686848,104.85557872245832,0.006505825050097703,0.0050393904144723865,0.0035633871351218693,1.1700000000000017,0.011268419531927205,1.1700000000000017,0.011268419531927205,1.1700000000000017,0.011268419531927205,105.0,105.0,103.83,105.0,103.83,105.0,,1.0,1.0,3,12,16,105.0,0.0,SAME,1.0
PCAL,2021-12-20,105.0,105.0,105.0,105.0,103.83,103.83,0.0,0.0,0.0,0.0,0.0,0.0,0.0,0.0,105.0,104.766,104.298,104.92720956043318,104.78819355124567,104.8818371365568,0.0,0.0050393904144723865,0.0035633871351218693,0.0,0.0,1.1700000000000017,0.011268419531927205,1.1700000000000017,0.011268419531927205,105.0,105.0,103.83,105.0,103.83,105.0,,1.0,1.0,0,12,20,105.0,0.0,SAME,1.0
PCAL,2021-12-21,105.0,105.0,105.0,105.0,103.83,103.83,0.0,0.0,0.0,0.0,0.0,0.0,0.0,0.0,105.0,105.0,104.415,104.9636047802166,104.85879570083046,104.90332129354647,0.0,0.0050393904144723865,0.0035633871351218693,0.0,0.0,1.1700000000000017,0.011268419531927205,1.1700000000000017,0.011268419531927205,105.0,105.0,105.0,105.0,103.83,105.0,,,1.0,1,12,21,105.0,0.0,SAME,1.0
PCAL,2021-12-23,105.0,105.0,105.0,105.0,105.0,103.83,0.0,0.0,0.0,0.0,0.0,0.0,0.0,0.0,105.0,105.0,104.532,104.9818023901083,104.90586380055365,104.92089924017438,0.0,0.0,0.0035633871351218693,0.0,0.0,0.0,0.0,1.1700000000000017,0.011268419531927205,105.0,105.0,105.0,105.0,103.83,105.0,,,1.0,3,12,23,105.0,0.0,SAME,1.0
PCAL,2021-12-24,105.0,105.0,105.0,105.0,105.0,103.83,0.0,0.0,0.0,0.0,0.0,0.0,0.0,0.0,105.0,105.0,104.649,104.99090119505415,104.93724253370245,104.93528119650631,0.0,0.0,0.0035633871351218693,0.0,0.0,0.0,0.0,1.1700000000000017,0.011268419531927205,105.0,105.0,105.0,105.0,103.83,105.0,,,1.0,4,12,24,105.0,0.0,SAME,1.0
PCAL,2021-12-27,105.0,105.0,105.0,105.0,105.0,103.83,0.0,0.0,0.0,0.0,0.0,0.0,0.0,0.0,105.0,105.0,104.766,104.99545059752708,104.95816168913497,104.94704825168698,0.0,0.0,0.0035633871351218693,0.0,0.0,0.0,0.0,1.1700000000000017,0.011268419531927205,105.0,105.0,105.0,105.0,103.83,105.0,,,1.0,0,12,27,105.0,0.0,SAME,1.0
PCAL,2021-12-28,105.0,105.0,105.0,105.0,105.0,103.83,0.0,0.0,0.0,0.0,0.0,0.0,0.0,0.0,105.0,105.0,104.88300000000001,104.99772529876354,104.97210779275666,104.95667584228934,0.0,0.0,0.0035633871351218693,0.0,0.0,0.0,0.0,1.1700000000000017,0.011268419531927205,105.0,105.0,105.0,105.0,103.83,105.0,,,1.0,1,12,28,105.0,0.0,SAME,1.0
PCAL,2021-12-29,105.0,105.0,105.0,105.0,105.0,103.83,0.0,0.0,0.0,0.0,0.0,0.0,0.0,0.0,105.0,105.0,105.0,104.99886264938178,104.98140519517112,104.9645529618731,0.0,0.0,0.0035633871351218693,0.0,0.0,0.0,0.0,1.1700000000000017,0.011268419531927205,105.0,105.0,105.0,105.0,105.0,105.0,,,,2,12,29,105.0,0.0,SAME,1.0
PCAL,2021-12-30,105.0,105.0,105.0,105.0,105.0,105.0,0.0,0.0,0.0,0.0,0.0,0.0,0.0,0.0,105.0,105.0,105.0,104.99943132469089,104.98760346344743,104.97099787789617,0.0,0.0,0.0,0.0,0.0,0.0,0.0,0.0,0.0,105.0,105.0,105.0,105.0,105.0,105.0,,,,3,12,30,105.0,0.0,SAME,1.0
PCAL,2021-12-31,105.0,105.0,105.0,105.0,105.0,105.0,0.0,0.0,0.0,0.0,0.0,0.0,0.0,0.0,105.0,105.0,105.0,104.99971566234544,104.9917356422983,104.97627099100595,0.0,0.0,0.0,0.0,0.0,0.0,0.0,0.0,0.0,105.0,105.0,105.0,105.0,105.0,105.0,,,,4,12,31,105.0,0.0,SAME,1.0
PCAL,2022-01-03,105.0,105.0,105.0,105.0,105.0,105.0,0.0,0.0,0.0,0.0,0.0,0.0,0.0,0.0,105.0,105.0,105.0,104.99985783117272,104.99449042819887,104.98058535627759,0.0,0.0,0.0,0.0,0.0,0.0,0.0,0.0,0.0,105.0,105.0,105.0,105.0,105.0,105.0,,,,0,1,3,105.0,0.0,SAME,1.0
PCAL,2022-01-04,105.0,105.0,105.0,105.0,105.0,105.0,0.0,0.0,0.0,0.0,0.0,0.0,0.0,0.0,105.0,105.0,105.0,104.99992891558637,104.99632695213259,104.98411529149983,0.0,0.0,0.0,0.0,0.0,0.0,0.0,0.0,0.0,105.0,105.0,105.0,105.0,105.0,105.0,,,,1,1,4,105.0,0.0,SAME,1.0
PCAL,2022-01-05,105.0,105.0,105.0,105.0,105.0,105.0,0.0,0.0,0.0,0.0,0.0,0.0,0.0,0.0,105.0,105.0,105.0,104.99996445779318,104.99755130142174,104.98700342031805,0.0,0.0,0.0,0.0,0.0,0.0,0.0,0.0,0.0,105.0,105.0,105.0,105.0,105.0,105.0,,,,2,1,5,104.0,-1.0,DOWN,0.0
PCAL,2022-01-06,104.0,105.0,105.0,105.0,105.0,105.0,-1.0,-1.0,-1.0,-0.00952380952380949,-0.00952380952380949,-0.00952380952380949,-0.009569451016150672,-0.009569451016150672,104.66666666666667,104.8,104.9,104.49998222889658,104.66503420094784,104.80754825298749,0.005498573992279645,0.004259177099996326,0.003011693009684164,-1.0,-0.009523809523809525,-1.0,-0.009523809523809525,-1.0,-0.009523809523809525,104.0,105.0,104.0,105.0,104.0,105.0,0.0,0.0,0.0,3,1,6,104.0,0.0,SAME,1.0
PCAL,2022-01-07,104.0,104.0,105.0,105.0,105.0,105.0,0.0,-1.0,-1.0,0.0,-0.00952380952380949,-0.00952380952380949,0.0,-0.009569451016150672,104.33333333333333,104.6,104.8,104.24999111444829,104.44335613396524,104.66072129789885,0.005498573992279645,0.004259177099996326,0.003011693009684164,-1.0,-0.009523809523809525,-1.0,-0.009523809523809525,-1.0,-0.009523809523809525,104.0,105.0,104.0,105.0,104.0,105.0,0.0,0.0,0.0,4,1,7,104.0,0.0,SAME,1.0
PCAL,2022-01-10,104.0,104.0,104.0,105.0,105.0,105.0,0.0,0.0,-1.0,0.0,0.0,-0.00952380952380949,0.0,0.0,104.0,104.4,104.7,104.12499555722414,104.29557075597683,104.54059015282633,0.005498573992279645,0.004259177099996326,0.003011693009684164,-1.0,-0.009523809523809525,-1.0,-0.009523809523809525,-1.0,-0.009523809523809525,104.0,104.0,104.0,105.0,104.0,105.0,,0.0,0.0,0,1,10,103.5,-0.5,DOWN,0.0
PCAL,2022-01-11,103.5,104.0,104.0,104.0,105.0,105.0,-0.5,-0.5,-0.5,-0.004807692307692291,-0.004807692307692291,-0.004807692307692291,-0.004819286435948883,-0.004819286435948883,103.83333333333333,104.1,104.55,103.81249777861207,104.03038050398456,104.35139194322153,0.002775722448022095,0.004264342394258145,0.003219345321586952,-0.5,-0.004807692307692308,-1.5,-0.014285714285714285,-1.5,-0.014285714285714285,103.5,104.0,103.5,105.0,103.5,105.0,0.0,0.0,0.0,1,1,11,103.5,0.0,SAME,1.0
PCAL,2022-01-12,103.5,103.5,104.0,104.0,105.0,105.0,0.0,-0.5,-0.5,0.0,-0.004807692307692291,-0.004807692307692291,0.0,-0.004819286435948883,103.66666666666667,103.8,104.4,103.65624888930603,103.85358700265638,104.19659340809034,0.002775722448022095,0.004264342394258145,0.003219345321586952,-0.5,-0.004807692307692308,-1.5,-0.014285714285714285,-1.5,-0.014285714285714285,103.5,104.0,103.5,104.0,103.5,105.0,0.0,0.0,0.0,2,1,12,103.5,0.0,SAME,1.0
PCAL,2022-01-13,103.5,103.5,103.5,104.0,104.0,105.0,0.0,0.0,-0.5,0.0,0.0,-0.004807692307692291,0.0,0.0,103.5,103.7,104.25,103.57812444465301,103.7357246684376,104.06994006116483,0.002775722448022095,0.0021500653629741044,0.003219345321586952,-0.5,-0.004807692307692308,-0.5,-0.004807692307692308,-1.5,-0.014285714285714285,103.5,103.5,103.5,104.0,103.5,105.0,,0.0,0.0,3,1,13,103.5,0.0,SAME,1.0
PCAL,2022-01-14,103.5,103.5,103.5,103.5,104.0,105.0,0.0,0.0,0.0,0.0,0.0,0.0,0.0,0.0,103.5,103.6,104.1,103.5390622223265,103.65714977895841,103.96631459549849,0.0,0.0021500653629741044,0.003219345321586952,0.0,0.0,-0.5,-0.004807692307692308,-1.5,-0.014285714285714285,103.5,103.5,103.5,104.0,103.5,105.0,,0.0,0.0,4,1,14,103.5,0.0,SAME,1.0
PCAL,2022-01-17,103.5,103.5,103.5,103.5,104.0,105.0,0.0,0.0,0.0,0.0,0.0,0.0,0.0,0.0,103.5,103.5,103.95,103.51953111116325,103.60476651930561,103.88153012358967,0.0,0.0021500653629741044,0.003219345321586952,0.0,0.0,-0.5,-0.004807692307692308,-1.5,-0.014285714285714285,103.5,103.5,103.5,103.5,103.5,105.0,,,0.0,0,1,17,103.5,0.0,SAME,1.0
PCAL,2022-01-18,103.5,103.5,103.5,103.5,103.5,105.0,0.0,0.0,0.0,0.0,0.0,0.0,0.0,0.0,103.5,103.5,103.8,103.50976555558162,103.56984434620375,103.81216101020973,0.0,0.0,0.003219345321586952,0.0,0.0,0.0,0.0,-1.5,-0.014285714285714285,103.5,103.5,103.5,103.5,103.5,105.0,,,0.0,1,1,18,103.5,0.0,SAME,1.0
PCAL,2022-01-19,103.5,103.5,103.5,103.5,103.5,105.0,0.0,0.0,0.0,0.0,0.0,0.0,0.0,0.0,103.5,103.5,103.65,103.50488277779081,103.54656289746917,103.75540446289887,0.0,0.0,0.003219345321586952,0.0,0.0,0.0,0.0,-1.5,-0.014285714285714285,103.5,103.5,103.5,103.5,103.5,104.0,,,0.0,2,1,19,103.5,0.0,SAME,1.0
PCAL,2022-01-20,103.5,103.5,103.5,103.5,103.5,104.0,0.0,0.0,0.0,0.0,0.0,0.0,0.0,0.0,103.5,103.5,103.6,103.5024413888954,103.53104193164613,103.70896728782634,0.0,0.0,0.001520325798157881,0.0,0.0,0.0,0.0,-0.5,-0.004807692307692308,103.5,103.5,103.5,103.5,103.5,104.0,,,0.0,3,1,20,103.5,0.0,SAME,1.0
PCAL,2022-01-21,103.5,103.5,103.5,103.5,103.5,104.0,0.0,0.0,0.0,0.0,0.0,0.0,0.0,0.0,103.5,103.5,103.55,103.50122069444771,103.52069462109743,103.67097323549427,0.0,0.0,0.001520325798157881,0.0,0.0,0.0,0.0,-0.5,-0.004807692307692308,103.5,103.5,103.5,103.5,103.5,104.0,,,0.0,4,1,21,103.5,0.0,SAME,1.0
PCAL,2022-01-24,103.5,103.5,103.5,103.5,103.5,104.0,0.0,0.0,0.0,0.0,0.0,0.0,0.0,0.0,103.5,103.5,103.5,103.50061034722386,103.51379641406497,103.63988719267712,0.0,0.0,0.001520325798157881,0.0,0.0,0.0,0.0,-0.5,-0.004807692307692308,103.5,103.5,103.5,103.5,103.5,103.5,,,,0,1,24,103.5,0.0,SAME,1.0
PCAL,2022-01-25,103.5,103.5,103.5,103.5,103.5,103.5,0.0,0.0,0.0,0.0,0.0,0.0,0.0,0.0,103.5,103.5,103.5,103.50030517361193,103.50919760937666,103.6144531576449,0.0,0.0,0.0,0.0,0.0,0.0,0.0,0.0,0.0,103.5,103.5,103.5,103.5,103.5,103.5,,,,1,1,25,105.0,1.5,UP,2.0
PCAL,2022-01-26,105.0,103.5,103.5,103.5,103.5,103.5,1.5,1.5,1.5,0.01449275362318847,0.01449275362318847,0.01449275362318847,0.01438873745209967,0.01438873745209967,104.0,103.8,103.65,104.25015258680597,104.00613173958445,103.86637076534582,0.008367395205645124,0.006481356456519018,0.004583011101693333,1.5,0.014492753623188406,1.5,0.014492753623188406,1.5,0.014492753623188406,103.5,105.0,103.5,105.0,103.5,105.0,1.0,1.0,1.0,2,1,26,105.0,0.0,SAME,1.0
PCAL,2022-01-27,105.0,105.0,103.5,103.5,103.5,103.5,0.0,1.5,1.5,0.0,0.01449275362318847,0.01449275362318847,0.0,0.01438873745209967,104.5,104.1,103.8,104.62507629340298,104.33742115972298,104.07248517164658,0.008367395205645124,0.006481356456519018,0.004583011101693333,1.5,0.014492753623188406,1.5,0.014492753623188406,1.5,0.014492753623188406,103.5,105.0,103.5,105.0,103.5,105.0,1.0,1.0,1.0,3,1,27,105.0,0.0,SAME,1.0
PCAL,2022-01-28,105.0,105.0,105.0,103.5,103.5,103.5,0.0,0.0,1.5,0.0,0.0,0.01449275362318847,0.0,0.0,105.0,104.4,103.95,104.81253814670148,104.55828077314867,104.2411242313472,0.008367395205645124,0.006481356456519018,0.004583011101693333,1.5,0.014492753623188406,1.5,0.014492753623188406,1.5,0.014492753623188406,105.0,105.0,103.5,105.0,103.5,105.0,,1.0,1.0,4,1,28,105.0,0.0,SAME,1.0
PCAL,2022-01-31,105.0,105.0,105.0,105.0,103.5,103.5,0.0,0.0,0.0,0.0,0.0,0.0,0.0,0.0,105.0,104.7,104.1,104.90626907335074,104.70552051543245,104.37910164382953,0.0,0.006481356456519018,0.004583011101693333,0.0,0.0,1.5,0.014492753623188406,1.5,0.014492753623188406,105.0,105.0,103.5,105.0,103.5,105.0,,1.0,1.0,0,1,31,105.0,0.0,SAME,1.0
PCAL,2022-02-01,105.0,105.0,105.0,105.0,103.5,103.5,0.0,0.0,0.0,0.0,0.0,0.0,0.0,0.0,105.0,105.0,104.25,104.95313453667538,104.80368034362165,104.49199225404234,0.0,0.006481356456519018,0.004583011101693333,0.0,0.0,1.5,0.014492753623188406,1.5,0.014492753623188406,105.0,105.0,105.0,105.0,103.5,105.0,,,1.0,1,2,1,105.0,0.0,SAME,1.0
PCAL,2022-02-03,105.0,105.0,105.0,105.0,105.0,103.5,0.0,0.0,0.0,0.0,0.0,0.0,0.0,0.0,105.0,105.0,104.4,104.97656726833769,104.8691202290811,104.58435729876192,0.0,0.0,0.004583011101693333,0.0,0.0,0.0,0.0,1.5,0.014492753623188406,105.0,105.0,105.0,105.0,103.5,105.0,,,1.0,3,2,3,105.0,0.0,SAME,1.0
PCAL,2022-02-04,105.0,105.0,105.0,105.0,105.0,103.5,0.0,0.0,0.0,0.0,0.0,0.0,0.0,0.0,105.0,105.0,104.55,104.98828363416885,104.91274681938741,104.65992869898702,0.0,0.0,0.004583011101693333,0.0,0.0,0.0,0.0,1.5,0.014492753623188406,105.0,105.0,105.0,105.0,103.5,105.0,,,1.0,4,2,4,105.0,0.0,SAME,1.0
PCAL,2022-02-07,105.0,105.0,105.0,105.0,105.0,103.5,0.0,0.0,0.0,0.0,0.0,0.0,0.0,0.0,105.0,105.0,104.7,104.99414181708443,104.94183121292495,104.72175984462574,0.0,0.0,0.004583011101693333,0.0,0.0,0.0,0.0,1.5,0.014492753623188406,105.0,105.0,105.0,105.0,103.5,105.0,,,1.0,0,2,7,105.0,0.0,SAME,1.0
PCAL,2022-02-08,105.0,105.0,105.0,105.0,105.0,103.5,0.0,0.0,0.0,0.0,0.0,0.0,0.0,0.0,105.0,105.0,104.85,104.99707090854221,104.96122080861664,104.7723489637847,0.0,0.0,0.004583011101693333,0.0,0.0,0.0,0.0,1.5,0.014492753623188406,105.0,105.0,105.0,105.0,103.5,105.0,,,1.0,1,2,8,105.0,0.0,SAME,1.0
PCAL,2022-02-09,105.0,105.0,105.0,105.0,105.0,103.5,0.0,0.0,0.0,0.0,0.0,0.0,0.0,0.0,105.0,105.0,105.0,104.9985354542711,104.97414720574444,104.81374006127838,0.0,0.0,0.004583011101693333,0.0,0.0,0.0,0.0,1.5,0.014492753623188406,105.0,105.0,105.0,105.0,105.0,105.0,,,,2,2,9,105.0,0.0,SAME,1.0
PCAL,2022-02-10,105.0,105.0,105.0,105.0,105.0,105.0,0.0,0.0,0.0,0.0,0.0,0.0,0.0,0.0,105.0,105.0,105.0,104.99926772713556,104.98276480382964,104.8476055046823,0.0,0.0,0.0,0.0,0.0,0.0,0.0,0.0,0.0,105.0,105.0,105.0,105.0,105.0,105.0,,,,3,2,10,105.0,0.0,SAME,1.0
PCAL,2022-02-11,105.0,105.0,105.0,105.0,105.0,105.0,0.0,0.0,0.0,0.0,0.0,0.0,0.0,0.0,105.0,105.0,105.0,104.99963386356778,104.98850986921977,104.87531359474006,0.0,0.0,0.0,0.0,0.0,0.0,0.0,0.0,0.0,105.0,105.0,105.0,105.0,105.0,105.0,,,,4,2,11,105.0,0.0,SAME,1.0
PCAL,2022-02-14,105.0,105.0,105.0,105.0,105.0,105.0,0.0,0.0,0.0,0.0,0.0,0.0,0.0,0.0,105.0,105.0,105.0,104.9998169317839,104.9923399128132,104.89798385024187,0.0,0.0,0.0,0.0,0.0,0.0,0.0,0.0,0.0,105.0,105.0,105.0,105.0,105.0,105.0,,,,0,2,14,105.0,0.0,SAME,1.0
PCAL,2022-02-15,105.0,105.0,105.0,105.0,105.0,105.0,0.0,0.0,0.0,0.0,0.0,0.0,0.0,0.0,105.0,105.0,105.0,104.99990846589195,104.99489327520881,104.91653224110698,0.0,0.0,0.0,0.0,0.0,0.0,0.0,0.0,0.0,105.0,105.0,105.0,105.0,105.0,105.0,,,,1,2,15,105.0,0.0,SAME,1.0
PCAL,2022-02-16,105.0,105.0,105.0,105.0,105.0,105.0,0.0,0.0,0.0,0.0,0.0,0.0,0.0,0.0,105.0,105.0,105.0,104.99995423294598,104.99659551680588,104.93170819726934,0.0,0.0,0.0,0.0,0.0,0.0,0.0,0.0,0.0,105.0,105.0,105.0,105.0,105.0,105.0,,,,2,2,16,105.0,0.0,SAME,1.0
PCAL,2022-02-17,105.0,105.0,105.0,105.0,105.0,105.0,0.0,0.0,0.0,0.0,0.0,0.0,0.0,0.0,105.0,105.0,105.0,104.99997711647299,104.99773034453726,104.94412488867492,0.0,0.0,0.0,0.0,0.0,0.0,0.0,0.0,0.0,105.0,105.0,105.0,105.0,105.0,105.0,,,,3,2,17,105.0,0.0,SAME,1.0
PCAL,2022-02-18,105.0,105.0,105.0,105.0,105.0,105.0,0.0,0.0,0.0,0.0,0.0,0.0,0.0,0.0,105.0,105.0,105.0,104.9999885582365,104.99848689635819,104.95428399982494,0.0,0.0,0.0,0.0,0.0,0.0,0.0,0.0,0.0,105.0,105.0,105.0,105.0,105.0,105.0,,,,4,2,18,105.0,0.0,SAME,1.0
PCAL,2022-02-24,105.0,105.0,105.0,105.0,105.0,105.0,0.0,0.0,0.0,0.0,0.0,0.0,0.0,0.0,105.0,105.0,105.0,104.99999427911825,104.9989912642388,104.96259599985676,0.0,0.0,0.0,0.0,0.0,0.0,0.0,0.0,0.0,105.0,105.0,105.0,105.0,105.0,105.0,,,,3,2,24,105.0,0.0,SAME,1.0
PCAL,2022-02-25,105.0,105.0,105.0,105.0,105.0,105.0,0.0,0.0,0.0,0.0,0.0,0.0,0.0,0.0,105.0,105.0,105.0,104.99999713955913,104.99932750949255,104.96939672715553,0.0,0.0,0.0,0.0,0.0,0.0,0.0,0.0,0.0,105.0,105.0,105.0,105.0,105.0,105.0,,,,4,2,25,105.0,0.0,SAME,1.0
PCAL,2022-02-28,105.0,105.0,105.0,105.0,105.0,105.0,0.0,0.0,0.0,0.0,0.0,0.0,0.0,0.0,105.0,105.0,105.0,104.99999856977956,104.99955167299504,104.97496095858179,0.0,0.0,0.0,0.0,0.0,0.0,0.0,0.0,0.0,105.0,105.0,105.0,105.0,105.0,105.0,,,,0,2,28,105.0,0.0,SAME,1.0
PCAL,2022-03-01,105.0,105.0,105.0,105.0,105.0,105.0,0.0,0.0,0.0,0.0,0.0,0.0,0.0,0.0,105.0,105.0,105.0,104.99999928488978,104.99970111533004,104.97951351156692,0.0,0.0,0.0,0.0,0.0,0.0,0.0,0.0,0.0,105.0,105.0,105.0,105.0,105.0,105.0,,,,1,3,1,105.0,0.0,SAME,1.0
PCAL,2022-03-02,105.0,105.0,105.0,105.0,105.0,105.0,0.0,0.0,0.0,0.0,0.0,0.0,0.0,0.0,105.0,105.0,105.0,104.99999964244489,104.99980074355337,104.98323832764567,0.0,0.0,0.0,0.0,0.0,0.0,0.0,0.0,0.0,105.0,105.0,105.0,105.0,105.0,105.0,,,,2,3,2,105.0,0.0,SAME,1.0
PCAL,2022-03-07,105.0,105.0,105.0,105.0,105.0,105.0,0.0,0.0,0.0,0.0,0.0,0.0,0.0,0.0,105.0,105.0,105.0,104.99999982122245,104.99986716236891,104.98628590443735,0.0,0.0,0.0,0.0,0.0,0.0,0.0,0.0,0.0,105.0,105.0,105.0,105.0,105.0,105.0,,,,0,3,7,105.0,0.0,SAME,1.0
PCAL,2022-03-08,105.0,105.0,105.0,105.0,105.0,105.0,0.0,0.0,0.0,0.0,0.0,0.0,0.0,0.0,105.0,105.0,105.0,104.99999991061122,104.99991144157929,104.98877937635783,0.0,0.0,0.0,0.0,0.0,0.0,0.0,0.0,0.0,105.0,105.0,105.0,105.0,105.0,105.0,,,,1,3,8,105.0,0.0,SAME,1.0
PCAL,2022-03-09,105.0,105.0,105.0,105.0,105.0,105.0,0.0,0.0,0.0,0.0,0.0,0.0,0.0,0.0,105.0,105.0,105.0,104.99999995530561,104.99994096105287,104.99081948974731,0.0,0.0,0.0,0.0,0.0,0.0,0.0,0.0,0.0,105.0,105.0,105.0,105.0,105.0,105.0,,,,2,3,9,105.0,0.0,SAME,1.0
PCAL,2022-03-10,105.0,105.0,105.0,105.0,105.0,105.0,0.0,0.0,0.0,0.0,0.0,0.0,0.0,0.0,105.0,105.0,105.0,104.9999999776528,104.99996064070193,104.99248867342962,0.0,0.0,0.0,0.0,0.0,0.0,0.0,0.0,0.0,105.0,105.0,105.0,105.0,105.0,105.0,,,,3,3,10,105.0,0.0,SAME,1.0
PCAL,2022-03-11,105.0,105.0,105.0,105.0,105.0,105.0,0.0,0.0,0.0,0.0,0.0,0.0,0.0,0.0,105.0,105.0,105.0,104.9999999888264,104.99997376046797,104.99385436916968,0.0,0.0,0.0,0.0,0.0,0.0,0.0,0.0,0.0,105.0,105.0,105.0,105.0,105.0,105.0,,,,4,3,11,100.0,-5.0,DOWN,0.0
PCAL,2022-03-14,100.0,105.0,105.0,105.0,105.0,105.0,-5.0,-5.0,-5.0,-0.04761904761904767,-0.04761904761904767,-0.04761904761904767,-0.048790164169432056,-0.048790164169432056,103.33333333333333,104.0,104.5,102.4999999944132,103.33331584031198,104.08588084750247,0.027492869961410298,0.02129588549999737,0.015058465048420868,-5.0,-0.047619047619047616,-5.0,-0.047619047619047616,-5.0,-0.047619047619047616,100.0,105.0,100.0,105.0,100.0,105.0,0.0,0.0,0.0,0,3,14,100.0,0.0,SAME,1.0
PCAL,2022-03-15,100.0,100.0,105.0,105.0,105.0,105.0,0.0,-5.0,-5.0,0.0,-0.04761904761904767,-0.04761904761904767,0.0,-0.048790164169432056,101.66666666666667,103.0,104.0,101.2499999972066,102.222210560208,103.34299342068384,0.027492869961410298,0.02129588549999737,0.015058465048420868,-5.0,-0.047619047619047616,-5.0,-0.047619047619047616,-5.0,-0.047619047619047616,100.0,105.0,100.0,105.0,100.0,105.0,0.0,0.0,0.0,1,3,15,100.0,0.0,SAME,1.0
PCAL,2022-03-16,100.0,100.0,100.0,105.0,105.0,105.0,0.0,0.0,-5.0,0.0,0.0,-0.04761904761904767,0.0,0.0,100.0,102.0,103.5,100.6249999986033,101.48147370680533,102.73517643510496,0.027492869961410298,0.02129588549999737,0.015058465048420868,-5.0,-0.047619047619047616,-5.0,-0.047619047619047616,-5.0,-0.047619047619047616,100.0,100.0,100.0,105.0,100.0,105.0,,0.0,0.0,2,3,16,100.0,0.0,SAME,1.0
PCAL,2022-03-17,100.0,100.0,100.0,100.0,105.0,105.0,0.0,0.0,0.0,0.0,0.0,0.0,0.0,0.0,100.0,101.0,103.0,100.31249999930165,100.98764913787022,102.23787162872225,0.0,0.02129588549999737,0.015058465048420868,0.0,0.0,-5.0,-0.047619047619047616,-5.0,-0.047619047619047616,100.0,100.0,100.0,105.0,100.0,105.0,,0.0,0.0,3,3,17,100.0,0.0,SAME,1.0
PCAL,2022-03-18,100.0,100.0,100.0,100.0,105.0,105.0,0.0,0.0,0.0,0.0,0.0,0.0,0.0,0.0,100.0,100.0,102.5,100.15624999965083,100.65843275858015,101.83098587804547,0.0,0.02129588549999737,0.015058465048420868,0.0,0.0,-5.0,-0.047619047619047616,-5.0,-0.047619047619047616,100.0,100.0,100.0,100.0,100.0,105.0,,,0.0,4,3,18,100.0,0.0,SAME,1.0
PCAL,2022-03-21,100.0,100.0,100.0,100.0,100.0,105.0,0.0,0.0,0.0,0.0,0.0,0.0,0.0,0.0,100.0,100.0,102.0,100.0781249998254,100.43895517238677,101.49807935476447,0.0,0.0,0.015058465048420868,0.0,0.0,0.0,0.0,-5.0,-0.047619047619047616,100.0,100.0,100.0,100.0,100.0,105.0,,,0.0,0,3,21,100.0,0.0,SAME,1.0
PCAL,2022-03-22,100.0,100.0,100.0,100.0,100.0,105.0,0.0,0.0,0.0,0.0,0.0,0.0,0.0,0.0,100.0,100.0,101.5,100.0390624999127,100.29263678159118,101.22570129026184,0.0,0.0,0.015058465048420868,0.0,0.0,0.0,0.0,-5.0,-0.047619047619047616,100.0,100.0,100.0,100.0,100.0,105.0,,,0.0,1,3,22,100.0,0.0,SAME,1.0
PCAL,2022-03-23,100.0,100.0,100.0,100.0,100.0,105.0,0.0,0.0,0.0,0.0,0.0,0.0,0.0,0.0,100.0,100.0,101.0,100.01953124995634,100.19509118772746,101.00284651021423,0.0,0.0,0.015058465048420868,0.0,0.0,0.0,0.0,-5.0,-0.047619047619047616,100.0,100.0,100.0,100.0,100.0,105.0,,,0.0,2,3,23,100.0,0.0,SAME,1.0
PCAL,2022-03-24,100.0,100.0,100.0,100.0,100.0,105.0,0.0,0.0,0.0,0.0,0.0,0.0,0.0,0.0,100.0,100.0,100.5,100.00976562497817,100.13006079181831,100.82051078108437,0.0,0.0,0.015058465048420868,0.0,0.0,0.0,0.0,-5.0,-0.047619047619047616,100.0,100.0,100.0,100.0,100.0,105.0,,,0.0,3,3,24,100.0,0.0,SAME,1.0
PCAL,2022-03-25,100.0,100.0,100.0,100.0,100.0,105.0,0.0,0.0,0.0,0.0,0.0,0.0,0.0,0.0,100.0,100.0,100.0,100.00488281248909,100.08670719454554,100.67132700270538,0.0,0.0,0.015058465048420868,0.0,0.0,0.0,0.0,-5.0,-0.047619047619047616,100.0,100.0,100.0,100.0,100.0,100.0,,,,4,3,25,100.0,0.0,SAME,1.0
PCAL,2022-03-28,100.0,100.0,100.0,100.0,100.0,100.0,0.0,0.0,0.0,0.0,0.0,0.0,0.0,0.0,100.0,100.0,100.0,100.00244140624454,100.0578047963637,100.54926754766804,0.0,0.0,0.0,0.0,0.0,0.0,0.0,0.0,0.0,100.0,100.0,100.0,100.0,100.0,100.0,,,,0,3,28,100.0,0.0,SAME,1.0
PCAL,2022-03-29,100.0,100.0,100.0,100.0,100.0,100.0,0.0,0.0,0.0,0.0,0.0,0.0,0.0,0.0,100.0,100.0,100.0,100.00122070312227,100.03853653090914,100.4494007208193,0.0,0.0,0.0,0.0,0.0,0.0,0.0,0.0,0.0,100.0,100.0,100.0,100.0,100.0,100.0,,,,1,3,29,100.0,0.0,SAME,1.0
PCAL,2022-03-30,100.0,100.0,100.0,100.0,100.0,100.0,0.0,0.0,0.0,0.0,0.0,0.0,0.0,0.0,100.0,100.0,100.0,100.00061035156114,100.0256910206061,100.36769149885215,0.0,0.0,0.0,0.0,0.0,0.0,0.0,0.0,0.0,100.0,100.0,100.0,100.0,100.0,100.0,,,,2,3,30,100.0,0.0,SAME,1.0
PCAL,2022-03-31,100.0,100.0,100.0,100.0,100.0,100.0,0.0,0.0,0.0,0.0,0.0,0.0,0.0,0.0,100.0,100.0,100.0,100.00030517578057,100.01712734707074,100.30083849906084,0.0,0.0,0.0,0.0,0.0,0.0,0.0,0.0,0.0,100.0,100.0,100.0,100.0,100.0,100.0,,,,3,3,31,100.0,0.0,SAME,1.0
PCAL,2022-04-01,100.0,100.0,100.0,100.0,100.0,100.0,0.0,0.0,0.0,0.0,0.0,0.0,0.0,0.0,100.0,100.0,100.0,100.00015258789028,100.0114182313805,100.24614059014068,0.0,0.0,0.0,0.0,0.0,0.0,0.0,0.0,0.0,100.0,100.0,100.0,100.0,100.0,100.0,,,,4,4,1,100.0,0.0,SAME,1.0
PCAL,2022-04-04,100.0,100.0,100.0,100.0,100.0,100.0,0.0,0.0,0.0,0.0,0.0,0.0,0.0,0.0,100.0,100.0,100.0,100.00007629394514,100.00761215425368,100.20138775556966,0.0,0.0,0.0,0.0,0.0,0.0,0.0,0.0,0.0,100.0,100.0,100.0,100.0,100.0,100.0,,,,0,4,4,100.0,0.0,SAME,1.0
PCAL,2022-04-05,100.0,100.0,100.0,100.0,100.0,100.0,0.0,0.0,0.0,0.0,0.0,0.0,0.0,0.0,100.0,100.0,100.0,100.00003814697257,100.00507476950246,100.16477180001154,0.0,0.0,0.0,0.0,0.0,0.0,0.0,0.0,0.0,100.0,100.0,100.0,100.0,100.0,100.0,,,,1,4,5,100.0,0.0,SAME,1.0
PCAL,2022-04-06,100.0,100.0,100.0,100.0,100.0,100.0,0.0,0.0,0.0,0.0,0.0,0.0,0.0,0.0,100.0,100.0,100.0,100.00001907348629,100.0033831796683,100.13481329091853,0.0,0.0,0.0,0.0,0.0,0.0,0.0,0.0,0.0,100.0,100.0,100.0,100.0,100.0,100.0,,,,2,4,6,100.0,0.0,SAME,1.0
PCAL,2022-04-07,100.0,100.0,100.0,100.0,100.0,100.0,0.0,0.0,0.0,0.0,0.0,0.0,0.0,0.0,100.0,100.0,100.0,100.00000953674314,100.00225545311221,100.11030178347879,0.0,0.0,0.0,0.0,0.0,0.0,0.0,0.0,0.0,100.0,100.0,100.0,100.0,100.0,100.0,,,,3,4,7,100.0,0.0,SAME,1.0
PCAL,2022-04-08,100.0,100.0,100.0,100.0,100.0,100.0,0.0,0.0,0.0,0.0,0.0,0.0,0.0,0.0,100.0,100.0,100.0,100.00000476837157,100.00150363540814,100.09024691375537,0.0,0.0,0.0,0.0,0.0,0.0,0.0,0.0,0.0,100.0,100.0,100.0,100.0,100.0,100.0,,,,4,4,8,100.0,0.0,SAME,1.0
PCAL,2022-04-11,100.0,100.0,100.0,100.0,100.0,100.0,0.0,0.0,0.0,0.0,0.0,0.0,0.0,0.0,100.0,100.0,100.0,100.00000238418579,100.00100242360543,100.07383838398167,0.0,0.0,0.0,0.0,0.0,0.0,0.0,0.0,0.0,100.0,100.0,100.0,100.0,100.0,100.0,,,,0,4,11,100.0,0.0,SAME,1.0
PCAL,2022-04-12,100.0,100.0,100.0,100.0,100.0,100.0,0.0,0.0,0.0,0.0,0.0,0.0,0.0,0.0,100.0,100.0,100.0,100.0000011920929,100.00066828240362,100.06041322325773,0.0,0.0,0.0,0.0,0.0,0.0,0.0,0.0,0.0,100.0,100.0,100.0,100.0,100.0,100.0,,,,1,4,12,100.0,0.0,SAME,1.0
PCAL,2022-04-13,100.0,100.0,100.0,100.0,100.0,100.0,0.0,0.0,0.0,0.0,0.0,0.0,0.0,0.0,100.0,100.0,100.0,100.00000059604645,100.00044552160242,100.04942900084723,0.0,0.0,0.0,0.0,0.0,0.0,0.0,0.0,0.0,100.0,100.0,100.0,100.0,100.0,100.0,,,,2,4,13,100.0,0.0,SAME,1.0
PCAL,2022-04-14,100.0,100.0,100.0,100.0,100.0,100.0,0.0,0.0,0.0,0.0,0.0,0.0,0.0,0.0,100.0,100.0,100.0,100.00000029802322,100.00029701440161,100.0404419097841,0.0,0.0,0.0,0.0,0.0,0.0,0.0,0.0,0.0,100.0,100.0,100.0,100.0,100.0,100.0,,,,3,4,14,100.0,0.0,SAME,1.0
PCAL,2022-04-15,100.0,100.0,100.0,100.0,100.0,100.0,0.0,0.0,0.0,0.0,0.0,0.0,0.0,0.0,100.0,100.0,100.0,100.00000014901161,100.00019800960108,100.0330888352779,0.0,0.0,0.0,0.0,0.0,0.0,0.0,0.0,0.0,100.0,100.0,100.0,100.0,100.0,100.0,,,,4,4,15,100.0,0.0,SAME,1.0
PCAL,2022-04-18,100.0,100.0,100.0,100.0,100.0,100.0,0.0,0.0,0.0,0.0,0.0,0.0,0.0,0.0,100.0,100.0,100.0,100.0000000745058,100.00013200640072,100.02707268340919,0.0,0.0,0.0,0.0,0.0,0.0,0.0,0.0,0.0,100.0,100.0,100.0,100.0,100.0,100.0,,,,0,4,18,100.0,0.0,SAME,1.0
PCAL,2022-04-19,100.0,100.0,100.0,100.0,100.0,100.0,0.0,0.0,0.0,0.0,0.0,0.0,0.0,0.0,100.0,100.0,100.0,100.0000000372529,100.00008800426716,100.02215037733478,0.0,0.0,0.0,0.0,0.0,0.0,0.0,0.0,0.0,100.0,100.0,100.0,100.0,100.0,100.0,,,,1,4,19,100.0,0.0,SAME,1.0
PCAL,2022-04-20,100.0,100.0,100.0,100.0,100.0,100.0,0.0,0.0,0.0,0.0,0.0,0.0,0.0,0.0,100.0,100.0,100.0,100.00000001862645,100.00005866951145,100.01812303600119,0.0,0.0,0.0,0.0,0.0,0.0,0.0,0.0,0.0,100.0,100.0,100.0,100.0,100.0,100.0,,,,2,4,20,100.0,0.0,SAME,1.0
PCAL,2022-04-21,100.0,100.0,100.0,100.0,100.0,100.0,0.0,0.0,0.0,0.0,0.0,0.0,0.0,0.0,100.0,100.0,100.0,100.00000000931323,100.00003911300763,100.01482793854642,0.0,0.0,0.0,0.0,0.0,0.0,0.0,0.0,0.0,100.0,100.0,100.0,100.0,100.0,100.0,,,,3,4,21,100.0,0.0,SAME,1.0
PCAL,2022-04-22,100.0,100.0,100.0,100.0,100.0,100.0,0.0,0.0,0.0,0.0,0.0,0.0,0.0,0.0,100.0,100.0,100.0,100.00000000465661,100.00002607533843,100.0121319497198,0.0,0.0,0.0,0.0,0.0,0.0,0.0,0.0,0.0,100.0,100.0,100.0,100.0,100.0,100.0,,,,4,4,22,100.0,0.0,SAME,1.0
PCAL,2022-04-25,100.0,100.0,100.0,100.0,100.0,100.0,0.0,0.0,0.0,0.0,0.0,0.0,0.0,0.0,100.0,100.0,100.0,100.0000000023283,100.00001738355895,100.00992614067984,0.0,0.0,0.0,0.0,0.0,0.0,0.0,0.0,0.0,100.0,100.0,100.0,100.0,100.0,100.0,,,,0,4,25,100.0,0.0,SAME,1.0
PCAL,2022-04-26,100.0,100.0,100.0,100.0,100.0,100.0,0.0,0.0,0.0,0.0,0.0,0.0,0.0,0.0,100.0,100.0,100.0,100.00000000116415,100.0000115890393,100.00812138782895,0.0,0.0,0.0,0.0,0.0,0.0,0.0,0.0,0.0,100.0,100.0,100.0,100.0,100.0,100.0,,,,1,4,26,100.0,0.0,SAME,1.0
PCAL,2022-04-27,100.0,100.0,100.0,100.0,100.0,100.0,0.0,0.0,0.0,0.0,0.0,0.0,0.0,0.0,100.0,100.0,100.0,100.00000000058208,100.00000772602621,100.00664477186005,0.0,0.0,0.0,0.0,0.0,0.0,0.0,0.0,0.0,100.0,100.0,100.0,100.0,100.0,100.0,,,,2,4,27,100.0,0.0,SAME,1.0
PCAL,2022-04-28,100.0,100.0,100.0,100.0,100.0,100.0,0.0,0.0,0.0,0.0,0.0,0.0,0.0,0.0,100.0,100.0,100.0,100.00000000029104,100.00000515068415,100.00543663152186,0.0,0.0,0.0,0.0,0.0,0.0,0.0,0.0,0.0,100.0,100.0,100.0,100.0,100.0,100.0,,,,3,4,28,100.0,0.0,SAME,1.0
PCAL,2022-04-29,100.0,100.0,100.0,100.0,100.0,100.0,0.0,0.0,0.0,0.0,0.0,0.0,0.0,0.0,100.0,100.0,100.0,100.00000000014552,100.00000343378943,100.00444815306334,0.0,0.0,0.0,0.0,0.0,0.0,0.0,0.0,0.0,100.0,100.0,100.0,100.0,100.0,100.0,,,,4,4,29,100.0,0.0,SAME,1.0
PCAL,2022-05-03,100.0,100.0,100.0,100.0,100.0,100.0,0.0,0.0,0.0,0.0,0.0,0.0,0.0,0.0,100.0,100.0,100.0,100.00000000007276,100.00000228919296,100.00363939796091,0.0,0.0,0.0,0.0,0.0,0.0,0.0,0.0,0.0,100.0,100.0,100.0,100.0,100.0,100.0,,,,1,5,3,100.0,0.0,SAME,1.0
PCAL,2022-05-04,100.0,100.0,100.0,100.0,100.0,100.0,0.0,0.0,0.0,0.0,0.0,0.0,0.0,0.0,100.0,100.0,100.0,100.00000000003638,100.00000152612864,100.00297768924074,0.0,0.0,0.0,0.0,0.0,0.0,0.0,0.0,0.0,100.0,100.0,100.0,100.0,100.0,100.0,,,,2,5,4,100.0,0.0,SAME,1.0
PCAL,2022-05-05,100.0,100.0,100.0,100.0,100.0,100.0,0.0,0.0,0.0,0.0,0.0,0.0,0.0,0.0,100.0,100.0,100.0,100.00000000001819,100.0000010174191,100.00243629119697,0.0,0.0,0.0,0.0,0.0,0.0,0.0,0.0,0.0,100.0,100.0,100.0,100.0,100.0,100.0,,,,3,5,5,100.0,0.0,SAME,1.0
PCAL,2022-05-06,100.0,100.0,100.0,100.0,100.0,100.0,0.0,0.0,0.0,0.0,0.0,0.0,0.0,0.0,100.0,100.0,100.0,100.0000000000091,100.0000006782794,100.00199332916115,0.0,0.0,0.0,0.0,0.0,0.0,0.0,0.0,0.0,100.0,100.0,100.0,100.0,100.0,100.0,,,,4,5,6,100.0,0.0,SAME,1.0
PCAL,2022-05-09,100.0,100.0,100.0,100.0,100.0,100.0,0.0,0.0,0.0,0.0,0.0,0.0,0.0,0.0,100.0,100.0,100.0,100.00000000000455,100.00000045218627,100.0016309056773,0.0,0.0,0.0,0.0,0.0,0.0,0.0,0.0,0.0,100.0,100.0,100.0,100.0,100.0,100.0,,,,0,5,9,100.0,0.0,SAME,1.0
PCAL,2022-05-10,100.0,100.0,100.0,100.0,100.0,100.0,0.0,0.0,0.0,0.0,0.0,0.0,0.0,0.0,100.0,100.0,100.0,100.00000000000227,100.00000030145752,100.00133437737233,0.0,0.0,0.0,0.0,0.0,0.0,0.0,0.0,0.0,100.0,100.0,100.0,100.0,100.0,100.0,,,,1,5,10,100.0,0.0,SAME,1.0
PCAL,2022-05-12,100.0,100.0,100.0,100.0,100.0,100.0,0.0,0.0,0.0,0.0,0.0,0.0,0.0,0.0,100.0,100.0,100.0,100.00000000000114,100.00000020097168,100.00109176330463,0.0,0.0,0.0,0.0,0.0,0.0,0.0,0.0,0.0,100.0,100.0,100.0,100.0,100.0,100.0,,,,3,5,12,100.0,0.0,SAME,1.0
PCAL,2022-05-13,100.0,100.0,100.0,100.0,100.0,100.0,0.0,0.0,0.0,0.0,0.0,0.0,0.0,0.0,100.0,100.0,100.0,100.00000000000057,100.00000013398113,100.0008932608856,0.0,0.0,0.0,0.0,0.0,0.0,0.0,0.0,0.0,100.0,100.0,100.0,100.0,100.0,100.0,,,,4,5,13,100.0,0.0,SAME,1.0
PCAL,2022-05-16,100.0,100.0,100.0,100.0,100.0,100.0,0.0,0.0,0.0,0.0,0.0,0.0,0.0,0.0,100.0,100.0,100.0,100.00000000000028,100.00000008932076,100.0007308498155,0.0,0.0,0.0,0.0,0.0,0.0,0.0,0.0,0.0,100.0,100.0,100.0,100.0,100.0,100.0,,,,0,5,16,100.0,0.0,SAME,1.0
PCAL,2022-05-17,100.0,100.0,100.0,100.0,100.0,100.0,0.0,0.0,0.0,0.0,0.0,0.0,0.0,0.0,100.0,100.0,100.0,100.00000000000014,100.00000005954718,100.00059796803086,0.0,0.0,0.0,0.0,0.0,0.0,0.0,0.0,0.0,100.0,100.0,100.0,100.0,100.0,100.0,,,,1,5,17,100.0,0.0,SAME,1.0
PCAL,2022-05-18,100.0,100.0,100.0,100.0,100.0,100.0,0.0,0.0,0.0,0.0,0.0,0.0,0.0,0.0,100.0,100.0,100.0,100.00000000000007,100.00000003969812,100.00048924657071,0.0,0.0,0.0,0.0,0.0,0.0,0.0,0.0,0.0,100.0,100.0,100.0,100.0,100.0,100.0,,,,2,5,18,100.0,0.0,SAME,1.0
PCAL,2022-05-19,100.0,100.0,100.0,100.0,100.0,100.0,0.0,0.0,0.0,0.0,0.0,0.0,0.0,0.0,100.0,100.0,100.0,100.00000000000003,100.00000002646541,100.00040029264876,0.0,0.0,0.0,0.0,0.0,0.0,0.0,0.0,0.0,100.0,100.0,100.0,100.0,100.0,100.0,,,,3,5,19,100.0,0.0,SAME,1.0
PCAL,2022-05-20,100.0,100.0,100.0,100.0,100.0,100.0,0.0,0.0,0.0,0.0,0.0,0.0,0.0,0.0,100.0,100.0,100.0,100.00000000000001,100.00000001764361,100.00032751216717,0.0,0.0,0.0,0.0,0.0,0.0,0.0,0.0,0.0,100.0,100.0,100.0,100.0,100.0,100.0,,,,4,5,20,100.0,0.0,SAME,1.0
PCAL,2022-05-23,100.0,100.0,100.0,100.0,100.0,100.0,0.0,0.0,0.0,0.0,0.0,0.0,0.0,0.0,100.0,100.0,100.0,100.0,100.00000001176241,100.00026796450041,0.0,0.0,0.0,0.0,0.0,0.0,0.0,0.0,0.0,100.0,100.0,100.0,100.0,100.0,100.0,,,,0,5,23,100.0,0.0,SAME,1.0
PCAL,2022-05-24,100.0,100.0,100.0,100.0,100.0,100.0,0.0,0.0,0.0,0.0,0.0,0.0,0.0,0.0,100.0,100.0,100.0,100.0,100.0000000078416,100.00021924368215,0.0,0.0,0.0,0.0,0.0,0.0,0.0,0.0,0.0,100.0,100.0,100.0,100.0,100.0,100.0,,,,1,5,24,100.0,0.0,SAME,1.0
PCAL,2022-05-25,100.0,100.0,100.0,100.0,100.0,100.0,0.0,0.0,0.0,0.0,0.0,0.0,0.0,0.0,100.0,100.0,100.0,100.0,100.00000000522775,100.00017938119449,0.0,0.0,0.0,0.0,0.0,0.0,0.0,0.0,0.0,100.0,100.0,100.0,100.0,100.0,100.0,,,,2,5,25,100.0,0.0,SAME,1.0
PCAL,2022-05-26,100.0,100.0,100.0,100.0,100.0,100.0,0.0,0.0,0.0,0.0,0.0,0.0,0.0,0.0,100.0,100.0,100.0,100.0,100.00000000348517,100.00014676643185,0.0,0.0,0.0,0.0,0.0,0.0,0.0,0.0,0.0,100.0,100.0,100.0,100.0,100.0,100.0,,,,3,5,26,100.0,0.0,SAME,1.0
PCAL,2022-05-27,100.0,100.0,100.0,100.0,100.0,100.0,0.0,0.0,0.0,0.0,0.0,0.0,0.0,0.0,100.0,100.0,100.0,100.0,100.00000000232345,100.00012008162606,0.0,0.0,0.0,0.0,0.0,0.0,0.0,0.0,0.0,100.0,100.0,100.0,100.0,100.0,100.0,,,,4,5,27,100.0,0.0,SAME,1.0
PCAL,2022-05-30,100.0,100.0,100.0,100.0,100.0,100.0,0.0,0.0,0.0,0.0,0.0,0.0,0.0,0.0,100.0,100.0,100.0,100.0,100.00000000154897,100.00009824860314,0.0,0.0,0.0,0.0,0.0,0.0,0.0,0.0,0.0,100.0,100.0,100.0,100.0,100.0,100.0,,,,0,5,30,100.0,0.0,SAME,1.0
PCAL,2022-05-31,100.0,100.0,100.0,100.0,100.0,100.0,0.0,0.0,0.0,0.0,0.0,0.0,0.0,0.0,100.0,100.0,100.0,100.0,100.00000000103265,100.00008038522074,0.0,0.0,0.0,0.0,0.0,0.0,0.0,0.0,0.0,100.0,100.0,100.0,100.0,100.0,100.0,,,,1,5,31,100.0,0.0,SAME,1.0
PCAL,2022-06-01,100.0,100.0,100.0,100.0,100.0,100.0,0.0,0.0,0.0,0.0,0.0,0.0,0.0,0.0,100.0,100.0,100.0,100.0,100.00000000068843,100.00006576972606,0.0,0.0,0.0,0.0,0.0,0.0,0.0,0.0,0.0,100.0,100.0,100.0,100.0,100.0,100.0,,,,2,6,1,100.0,0.0,SAME,1.0
PCAL,2022-06-02,100.0,100.0,100.0,100.0,100.0,100.0,0.0,0.0,0.0,0.0,0.0,0.0,0.0,0.0,100.0,100.0,100.0,100.0,100.00000000045895,100.00005381159406,0.0,0.0,0.0,0.0,0.0,0.0,0.0,0.0,0.0,100.0,100.0,100.0,100.0,100.0,100.0,,,,3,6,2,100.0,0.0,SAME,1.0
PCAL,2022-06-03,100.0,100.0,100.0,100.0,100.0,100.0,0.0,0.0,0.0,0.0,0.0,0.0,0.0,0.0,100.0,100.0,100.0,100.0,100.00000000030597,100.00004402766787,0.0,0.0,0.0,0.0,0.0,0.0,0.0,0.0,0.0,100.0,100.0,100.0,100.0,100.0,100.0,,,,4,6,3,100.0,0.0,SAME,1.0
PCAL,2022-06-06,100.0,100.0,100.0,100.0,100.0,100.0,0.0,0.0,0.0,0.0,0.0,0.0,0.0,0.0,100.0,100.0,100.0,100.0,100.00000000020398,100.00003602263735,0.0,0.0,0.0,0.0,0.0,0.0,0.0,0.0,0.0,100.0,100.0,100.0,100.0,100.0,100.0,,,,0,6,6,100.0,0.0,SAME,1.0
PCAL,2022-06-07,100.0,100.0,100.0,100.0,100.0,100.0,0.0,0.0,0.0,0.0,0.0,0.0,0.0,0.0,100.0,100.0,100.0,100.0,100.000000000136,100.00002947306692,0.0,0.0,0.0,0.0,0.0,0.0,0.0,0.0,0.0,100.0,100.0,100.0,100.0,100.0,100.0,,,,1,6,7,100.0,0.0,SAME,1.0
PCAL,2022-06-08,100.0,100.0,100.0,100.0,100.0,100.0,0.0,0.0,0.0,0.0,0.0,0.0,0.0,0.0,100.0,100.0,100.0,100.0,100.00000000009067,100.00002411432747,0.0,0.0,0.0,0.0,0.0,0.0,0.0,0.0,0.0,100.0,100.0,100.0,100.0,100.0,100.0,,,,2,6,8,100.0,0.0,SAME,1.0
PCAL,2022-06-09,100.0,100.0,100.0,100.0,100.0,100.0,0.0,0.0,0.0,0.0,0.0,0.0,0.0,0.0,100.0,100.0,100.0,100.0,100.00000000006045,100.0000197299043,0.0,0.0,0.0,0.0,0.0,0.0,0.0,0.0,0.0,100.0,100.0,100.0,100.0,100.0,100.0,,,,3,6,9,100.0,0.0,SAME,1.0
PCAL,2022-06-10,100.0,100.0,100.0,100.0,100.0,100.0,0.0,0.0,0.0,0.0,0.0,0.0,0.0,0.0,100.0,100.0,100.0,100.0,100.0000000000403,100.00001614264897,0.0,0.0,0.0,0.0,0.0,0.0,0.0,0.0,0.0,100.0,100.0,100.0,100.0,100.0,100.0,,,,4,6,10,100.0,0.0,SAME,1.0
PCAL,2022-06-13,100.0,100.0,100.0,100.0,100.0,100.0,0.0,0.0,0.0,0.0,0.0,0.0,0.0,0.0,100.0,100.0,100.0,100.0,100.00000000002687,100.00001320762189,0.0,0.0,0.0,0.0,0.0,0.0,0.0,0.0,0.0,100.0,100.0,100.0,100.0,100.0,100.0,,,,0,6,13,100.0,0.0,SAME,1.0
PCAL,2022-06-15,100.0,100.0,100.0,100.0,100.0,100.0,0.0,0.0,0.0,0.0,0.0,0.0,0.0,0.0,100.0,100.0,100.0,100.0,100.00000000001792,100.00001080623609,0.0,0.0,0.0,0.0,0.0,0.0,0.0,0.0,0.0,100.0,100.0,100.0,100.0,100.0,100.0,,,,2,6,15,100.0,0.0,SAME,1.0
PCAL,2022-06-16,100.0,100.0,100.0,100.0,100.0,100.0,0.0,0.0,0.0,0.0,0.0,0.0,0.0,0.0,100.0,100.0,100.0,100.0,100.00000000001195,100.00000884146588,0.0,0.0,0.0,0.0,0.0,0.0,0.0,0.0,0.0,100.0,100.0,100.0,100.0,100.0,100.0,,,,3,6,16,100.0,0.0,SAME,1.0
PCAL,2022-06-17,100.0,100.0,100.0,100.0,100.0,100.0,0.0,0.0,0.0,0.0,0.0,0.0,0.0,0.0,100.0,100.0,100.0,100.0,100.00000000000797,100.00000723392664,0.0,0.0,0.0,0.0,0.0,0.0,0.0,0.0,0.0,100.0,100.0,100.0,100.0,100.0,100.0,,,,4,6,17,100.0,0.0,SAME,1.0
PCAL,2022-06-20,100.0,100.0,100.0,100.0,100.0,100.0,0.0,0.0,0.0,0.0,0.0,0.0,0.0,0.0,100.0,100.0,100.0,100.0,100.00000000000531,100.00000591866724,0.0,0.0,0.0,0.0,0.0,0.0,0.0,0.0,0.0,100.0,100.0,100.0,100.0,100.0,100.0,,,,0,6,20,100.0,0.0,SAME,1.0
PCAL,2022-06-21,100.0,100.0,100.0,100.0,100.0,100.0,0.0,0.0,0.0,0.0,0.0,0.0,0.0,0.0,100.0,100.0,100.0,100.0,100.00000000000355,100.00000484254592,0.0,0.0,0.0,0.0,0.0,0.0,0.0,0.0,0.0,100.0,100.0,100.0,100.0,100.0,100.0,,,,1,6,21,100.0,0.0,SAME,1.0
PCAL,2022-06-22,100.0,100.0,100.0,100.0,100.0,100.0,0.0,0.0,0.0,0.0,0.0,0.0,0.0,0.0,100.0,100.0,100.0,100.0,100.00000000000237,100.00000396208303,0.0,0.0,0.0,0.0,0.0,0.0,0.0,0.0,0.0,100.0,100.0,100.0,100.0,100.0,100.0,,,,2,6,22,100.0,0.0,SAME,1.0
PCAL,2022-06-23,100.0,100.0,100.0,100.0,100.0,100.0,0.0,0.0,0.0,0.0,0.0,0.0,0.0,0.0,100.0,100.0,100.0,100.0,100.00000000000159,100.00000324170429,0.0,0.0,0.0,0.0,0.0,0.0,0.0,0.0,0.0,100.0,100.0,100.0,100.0,100.0,100.0,,,,3,6,23,100.0,0.0,SAME,1.0
PCAL,2022-06-24,100.0,100.0,100.0,100.0,100.0,100.0,0.0,0.0,0.0,0.0,0.0,0.0,0.0,0.0,100.0,100.0,100.0,100.0,100.00000000000107,100.00000265230351,0.0,0.0,0.0,0.0,0.0,0.0,0.0,0.0,0.0,100.0,100.0,100.0,100.0,100.0,100.0,,,,4,6,24,100.0,0.0,SAME,1.0
PCAL,2022-06-27,100.0,100.0,100.0,100.0,100.0,100.0,0.0,0.0,0.0,0.0,0.0,0.0,0.0,0.0,100.0,100.0,100.0,100.0,100.00000000000071,100.00000217006651,0.0,0.0,0.0,0.0,0.0,0.0,0.0,0.0,0.0,100.0,100.0,100.0,100.0,100.0,100.0,,,,0,6,27,100.0,0.0,SAME,1.0
PCAL,2022-06-28,100.0,100.0,100.0,100.0,100.0,100.0,0.0,0.0,0.0,0.0,0.0,0.0,0.0,0.0,100.0,100.0,100.0,100.0,100.00000000000048,100.00000177550896,0.0,0.0,0.0,0.0,0.0,0.0,0.0,0.0,0.0,100.0,100.0,100.0,100.0,100.0,100.0,,,,1,6,28,100.0,0.0,SAME,1.0
PCAL,2022-06-29,100.0,100.0,100.0,100.0,100.0,100.0,0.0,0.0,0.0,0.0,0.0,0.0,0.0,0.0,100.0,100.0,100.0,100.0,100.00000000000033,100.00000145268915,0.0,0.0,0.0,0.0,0.0,0.0,0.0,0.0,0.0,100.0,100.0,100.0,100.0,100.0,100.0,,,,2,6,29,100.0,0.0,SAME,1.0
PCAL,2022-06-30,100.0,100.0,100.0,100.0,100.0,100.0,0.0,0.0,0.0,0.0,0.0,0.0,0.0,0.0,100.0,100.0,100.0,100.0,100.00000000000023,100.00000118856384,0.0,0.0,0.0,0.0,0.0,0.0,0.0,0.0,0.0,100.0,100.0,100.0,100.0,100.0,100.0,,,,3,6,30,100.0,0.0,SAME,1.0
PCAL,2022-07-01,100.0,100.0,100.0,100.0,100.0,100.0,0.0,0.0,0.0,0.0,0.0,0.0,0.0,0.0,100.0,100.0,100.0,100.0,100.00000000000016,100.00000097246132,0.0,0.0,0.0,0.0,0.0,0.0,0.0,0.0,0.0,100.0,100.0,100.0,100.0,100.0,100.0,,,,4,7,1,100.0,0.0,SAME,1.0
PCAL,2022-07-04,100.0,100.0,100.0,100.0,100.0,100.0,0.0,0.0,0.0,0.0,0.0,0.0,0.0,0.0,100.0,100.0,100.0,100.0,100.00000000000011,100.00000079565017,0.0,0.0,0.0,0.0,0.0,0.0,0.0,0.0,0.0,100.0,100.0,100.0,100.0,100.0,100.0,,,,0,7,4,100.0,0.0,SAME,1.0
PCAL,2022-07-05,100.0,100.0,100.0,100.0,100.0,100.0,0.0,0.0,0.0,0.0,0.0,0.0,0.0,0.0,100.0,100.0,100.0,100.0,100.00000000000009,100.0000006509865,0.0,0.0,0.0,0.0,0.0,0.0,0.0,0.0,0.0,100.0,100.0,100.0,100.0,100.0,100.0,,,,1,7,5,100.0,0.0,SAME,1.0
PCAL,2022-07-06,100.0,100.0,100.0,100.0,100.0,100.0,0.0,0.0,0.0,0.0,0.0,0.0,0.0,0.0,100.0,100.0,100.0,100.0,100.00000000000006,100.00000053262531,0.0,0.0,0.0,0.0,0.0,0.0,0.0,0.0,0.0,100.0,100.0,100.0,100.0,100.0,100.0,,,,2,7,6,98.0,-2.0,DOWN,0.0
PCAL,2022-07-07,98.0,100.0,100.0,100.0,100.0,100.0,-2.0,-2.0,-2.0,-0.020000000000000018,-0.020000000000000018,-0.020000000000000018,-0.020202707317519466,-0.020202707317519466,99.33333333333333,99.6,99.8,99.0,99.33333333333337,99.63636407214798,0.011547005383791342,0.008944271909997616,0.006324555320336764,-2.0,-0.02,-2.0,-0.02,-2.0,-0.02,98.0,100.0,98.0,100.0,98.0,100.0,0.0,0.0,0.0,3,7,7,98.0,0.0,SAME,1.0
PCAL,2022-07-08,98.0,98.0,100.0,100.0,100.0,100.0,0.0,-2.0,-2.0,0.0,-0.020000000000000018,-0.020000000000000018,0.0,-0.020202707317519466,98.66666666666667,99.2,99.6,98.5,98.88888888888891,99.33884333175743,0.011547005383791342,0.008944271909997616,0.006324555320336764,-2.0,-0.02,-2.0,-0.02,-2.0,-0.02,98.0,100.0,98.0,100.0,98.0,100.0,0.0,0.0,0.0,4,7,8,98.0,0.0,SAME,1.0
PCAL,2022-07-11,98.0,98.0,98.0,100.0,100.0,100.0,0.0,0.0,-2.0,0.0,0.0,-0.020000000000000018,0.0,0.0,98.0,98.8,99.4,98.25,98.59259259259261,99.0954172714379,0.011547005383791342,0.008944271909997616,0.006324555320336764,-2.0,-0.02,-2.0,-0.02,-2.0,-0.02,98.0,98.0,98.0,100.0,98.0,100.0,,0.0,0.0,0,7,11,98.0,0.0,SAME,1.0
PCAL,2022-07-12,98.0,98.0,98.0,98.0,100.0,100.0,0.0,0.0,0.0,0.0,0.0,0.0,0.0,0.0,98.0,98.4,99.2,98.125,98.39506172839509,98.89625049481282,0.0,0.008944271909997616,0.006324555320336764,0.0,0.0,-2.0,-0.02,-2.0,-0.02,98.0,98.0,98.0,100.0,98.0,100.0,,0.0,0.0,1,7,12,98.0,0.0,SAME,1.0
PCAL,2022-07-13,98.0,98.0,98.0,98.0,100.0,100.0,0.0,0.0,0.0,0.0,0.0,0.0,0.0,0.0,98.0,98.0,99.0,98.0625,98.26337448559673,98.73329585939231,0.0,0.008944271909997616,0.006324555320336764,0.0,0.0,-2.0,-0.02,-2.0,-0.02,98.0,98.0,98.0,98.0,98.0,100.0,,,0.0,2,7,13,98.0,0.0,SAME,1.0
PCAL,2022-07-14,98.0,98.0,98.0,98.0,98.0,100.0,0.0,0.0,0.0,0.0,0.0,0.0,0.0,0.0,98.0,98.0,98.8,98.03125,98.17558299039783,98.59996933950279,0.0,0.0,0.006324555320336764,0.0,0.0,0.0,0.0,-2.0,-0.02,98.0,98.0,98.0,98.0,98.0,100.0,,,0.0,3,7,14,98.0,0.0,SAME,1.0
PCAL,2022-07-15,98.0,98.0,98.0,98.0,98.0,100.0,0.0,0.0,0.0,0.0,0.0,0.0,0.0,0.0,98.0,98.0,98.6,98.015625,98.1170553269319,98.49088400504775,0.0,0.0,0.006324555320336764,0.0,0.0,0.0,0.0,-2.0,-0.02,98.0,98.0,98.0,98.0,98.0,100.0,,,0.0,4,7,15,98.0,0.0,SAME,1.0
PCAL,2022-07-18,98.0,98.0,98.0,98.0,98.0,100.0,0.0,0.0,0.0,0.0,0.0,0.0,0.0,0.0,98.0,98.0,98.4,98.0078125,98.07803688462127,98.40163236776633,0.0,0.0,0.006324555320336764,0.0,0.0,0.0,0.0,-2.0,-0.02,98.0,98.0,98.0,98.0,98.0,100.0,,,0.0,0,7,18,98.0,0.0,SAME,1.0
PCAL,2022-07-19,98.0,98.0,98.0,98.0,98.0,100.0,0.0,0.0,0.0,0.0,0.0,0.0,0.0,0.0,98.0,98.0,98.2,98.00390625,98.05202458974753,98.3286083008997,0.0,0.0,0.006324555320336764,0.0,0.0,0.0,0.0,-2.0,-0.02,98.0,98.0,98.0,98.0,98.0,100.0,,,0.0,1,7,19,98.0,0.0,SAME,1.0
PCAL,2022-07-20,98.0,98.0,98.0,98.0,98.0,100.0,0.0,0.0,0.0,0.0,0.0,0.0,0.0,0.0,98.0,98.0,98.0,98.001953125,98.0346830598317,98.26886133709976,0.0,0.0,0.006324555320336764,0.0,0.0,0.0,0.0,-2.0,-0.02,98.0,98.0,98.0,98.0,98.0,98.0,,,,2,7,20,98.0,0.0,SAME,1.0
PCAL,2022-07-21,98.0,98.0,98.0,98.0,98.0,98.0,0.0,0.0,0.0,0.0,0.0,0.0,0.0,0.0,98.0,98.0,98.0,98.0009765625,98.02312203988782,98.21997745762707,0.0,0.0,0.0,0.0,0.0,0.0,0.0,0.0,0.0,98.0,98.0,98.0,98.0,98.0,98.0,,,,3,7,21,98.0,0.0,SAME,1.0
PCAL,2022-07-22,98.0,98.0,98.0,98.0,98.0,98.0,0.0,0.0,0.0,0.0,0.0,0.0,0.0,0.0,98.0,98.0,98.0,98.00048828125,98.01541469325855,98.17998155624034,0.0,0.0,0.0,0.0,0.0,0.0,0.0,0.0,0.0,98.0,98.0,98.0,98.0,98.0,98.0,,,,4,7,22,98.0,0.0,SAME,1.0
PCAL,2022-07-25,98.0,98.0,98.0,98.0,98.0,98.0,0.0,0.0,0.0,0.0,0.0,0.0,0.0,0.0,98.0,98.0,98.0,98.000244140625,98.01027646217238,98.14725763692391,0.0,0.0,0.0,0.0,0.0,0.0,0.0,0.0,0.0,98.0,98.0,98.0,98.0,98.0,98.0,,,,0,7,25,98.0,0.0,SAME,1.0
PCAL,2022-07-26,98.0,98.0,98.0,98.0,98.0,98.0,0.0,0.0,0.0,0.0,0.0,0.0,0.0,0.0,98.0,98.0,98.0,98.0001220703125,98.0068509747816,98.12048352111955,0.0,0.0,0.0,0.0,0.0,0.0,0.0,0.0,0.0,98.0,98.0,98.0,98.0,98.0,98.0,,,,1,7,26,98.0,0.0,SAME,1.0
PCAL,2022-07-27,98.0,98.0,98.0,98.0,98.0,98.0,0.0,0.0,0.0,0.0,0.0,0.0,0.0,0.0,98.0,98.0,98.0,98.00006103515625,98.00456731652108,98.09857742637053,0.0,0.0,0.0,0.0,0.0,0.0,0.0,0.0,0.0,98.0,98.0,98.0,98.0,98.0,98.0,,,,2,7,27,98.0,0.0,SAME,1.0
PCAL,2022-07-28,98.0,98.0,98.0,98.0,98.0,98.0,0.0,0.0,0.0,0.0,0.0,0.0,0.0,0.0,98.0,98.0,98.0,98.00003051757812,98.00304487768074,98.08065425793953,0.0,0.0,0.0,0.0,0.0,0.0,0.0,0.0,0.0,98.0,98.0,98.0,98.0,98.0,98.0,,,,3,7,28,98.0,0.0,SAME,1.0
PCAL,2022-07-29,98.0,98.0,98.0,98.0,98.0,98.0,0.0,0.0,0.0,0.0,0.0,0.0,0.0,0.0,98.0,98.0,98.0,98.00001525878906,98.00202991845384,98.06598984740506,0.0,0.0,0.0,0.0,0.0,0.0,0.0,0.0,0.0,98.0,98.0,98.0,98.0,98.0,98.0,,,,4,7,29,98.0,0.0,SAME,1.0
PCAL,2022-08-02,98.0,98.0,98.0,98.0,98.0,98.0,0.0,0.0,0.0,0.0,0.0,0.0,0.0,0.0,98.0,98.0,98.0,98.00000762939453,98.00135327896925,98.0539916933314,0.0,0.0,0.0,0.0,0.0,0.0,0.0,0.0,0.0,98.0,98.0,98.0,98.0,98.0,98.0,,,,1,8,2,98.0,0.0,SAME,1.0
PCAL,2022-08-03,98.0,98.0,98.0,98.0,98.0,98.0,0.0,0.0,0.0,0.0,0.0,0.0,0.0,0.0,98.0,98.0,98.0,98.00000381469727,98.0009021859795,98.04417502181659,0.0,0.0,0.0,0.0,0.0,0.0,0.0,0.0,0.0,98.0,98.0,98.0,98.0,98.0,98.0,,,,2,8,3,98.0,0.0,SAME,1.0
PCAL,2022-08-04,98.0,98.0,98.0,98.0,98.0,98.0,0.0,0.0,0.0,0.0,0.0,0.0,0.0,0.0,98.0,98.0,98.0,98.00000190734863,98.00060145731968,98.03614319966812,0.0,0.0,0.0,0.0,0.0,0.0,0.0,0.0,0.0,98.0,98.0,98.0,98.0,98.0,98.0,,,,3,8,4,98.0,0.0,SAME,1.0
PCAL,2022-08-05,98.0,98.0,98.0,98.0,98.0,98.0,0.0,0.0,0.0,0.0,0.0,0.0,0.0,0.0,98.0,98.0,98.0,98.00000095367432,98.00040097154647,98.02957170881936,0.0,0.0,0.0,0.0,0.0,0.0,0.0,0.0,0.0,98.0,98.0,98.0,98.0,98.0,98.0,,,,4,8,5,98.0,0.0,SAME,1.0
PCAL,2022-08-08,98.0,98.0,98.0,98.0,98.0,98.0,0.0,0.0,0.0,0.0,0.0,0.0,0.0,0.0,98.0,98.0,98.0,98.00000047683716,98.00026731436432,98.02419503448857,0.0,0.0,0.0,0.0,0.0,0.0,0.0,0.0,0.0,98.0,98.0,98.0,98.0,98.0,98.0,,,,0,8,8,98.0,0.0,SAME,1.0
PCAL,2022-08-09,98.0,98.0,98.0,98.0,98.0,98.0,0.0,0.0,0.0,0.0,0.0,0.0,0.0,0.0,98.0,98.0,98.0,98.00000023841858,98.00017820957623,98.01979593730883,0.0,0.0,0.0,0.0,0.0,0.0,0.0,0.0,0.0,98.0,98.0,98.0,98.0,98.0,98.0,,,,1,8,9,98.0,0.0,SAME,1.0
PCAL,2022-08-10,98.0,98.0,98.0,98.0,98.0,98.0,0.0,0.0,0.0,0.0,0.0,0.0,0.0,0.0,98.0,98.0,98.0,98.00000011920929,98.00011880638417,98.01619667597996,0.0,0.0,0.0,0.0,0.0,0.0,0.0,0.0,0.0,98.0,98.0,98.0,98.0,98.0,98.0,,,,2,8,10,98.0,0.0,SAME,1.0
PCAL,2022-08-11,98.0,98.0,98.0,98.0,98.0,98.0,0.0,0.0,0.0,0.0,0.0,0.0,0.0,0.0,98.0,98.0,98.0,98.00000005960464,98.00007920425611,98.01325182580177,0.0,0.0,0.0,0.0,0.0,0.0,0.0,0.0,0.0,98.0,98.0,98.0,98.0,98.0,98.0,,,,3,8,11,98.0,0.0,SAME,1.0
PCAL,2022-08-12,98.0,98.0,98.0,98.0,98.0,98.0,0.0,0.0,0.0,0.0,0.0,0.0,0.0,0.0,98.0,98.0,98.0,98.00000002980232,98.00005280283742,98.01084240292872,0.0,0.0,0.0,0.0,0.0,0.0,0.0,0.0,0.0,98.0,98.0,98.0,98.0,98.0,98.0,,,,4,8,12,98.0,0.0,SAME,1.0
PCAL,2022-08-15,98.0,98.0,98.0,98.0,98.0,98.0,0.0,0.0,0.0,0.0,0.0,0.0,0.0,0.0,98.0,98.0,98.0,98.00000001490116,98.00003520189162,98.00887105694167,0.0,0.0,0.0,0.0,0.0,0.0,0.0,0.0,0.0,98.0,98.0,98.0,98.0,98.0,98.0,,,,0,8,15,98.0,0.0,SAME,1.0
PCAL,2022-08-16,98.0,98.0,98.0,98.0,98.0,98.0,0.0,0.0,0.0,0.0,0.0,0.0,0.0,0.0,98.0,98.0,98.0,98.00000000745058,98.00002346792775,98.00725813749773,0.0,0.0,0.0,0.0,0.0,0.0,0.0,0.0,0.0,98.0,98.0,98.0,98.0,98.0,98.0,,,,1,8,16,98.0,0.0,SAME,1.0
PCAL,2022-08-17,98.0,98.0,98.0,98.0,98.0,98.0,0.0,0.0,0.0,0.0,0.0,0.0,0.0,0.0,98.0,98.0,98.0,98.00000000372529,98.00001564528517,98.0059384761345,0.0,0.0,0.0,0.0,0.0,0.0,0.0,0.0,0.0,98.0,98.0,98.0,98.0,98.0,98.0,,,,2,8,17,98.0,0.0,SAME,1.0
PCAL,2022-08-18,98.0,98.0,98.0,98.0,98.0,98.0,0.0,0.0,0.0,0.0,0.0,0.0,0.0,0.0,98.0,98.0,98.0,98.00000000186265,98.00001043019012,98.00485875320095,0.0,0.0,0.0,0.0,0.0,0.0,0.0,0.0,0.0,98.0,98.0,98.0,98.0,98.0,98.0,,,,3,8,18,98.0,0.0,SAME,1.0
PCAL,2022-08-19,98.0,98.0,98.0,98.0,98.0,98.0,0.0,0.0,0.0,0.0,0.0,0.0,0.0,0.0,98.0,98.0,98.0,98.00000000093132,98.00000695346009,98.00397534352805,0.0,0.0,0.0,0.0,0.0,0.0,0.0,0.0,0.0,98.0,98.0,98.0,98.0,98.0,98.0,,,,4,8,19,98.0,0.0,SAME,1.0
PCAL,2022-08-22,98.0,98.0,98.0,98.0,98.0,98.0,0.0,0.0,0.0,0.0,0.0,0.0,0.0,0.0,98.0,98.0,98.0,98.00000000046566,98.00000463564007,98.00325255379568,0.0,0.0,0.0,0.0,0.0,0.0,0.0,0.0,0.0,98.0,98.0,98.0,98.0,98.0,98.0,,,,0,8,22,98.0,0.0,SAME,1.0
PCAL,2022-08-23,98.0,98.0,98.0,98.0,98.0,98.0,0.0,0.0,0.0,0.0,0.0,0.0,0.0,0.0,98.0,98.0,98.0,98.00000000023283,98.00000309042673,98.00266118037828,0.0,0.0,0.0,0.0,0.0,0.0,0.0,0.0,0.0,98.0,98.0,98.0,98.0,98.0,98.0,,,,1,8,23,98.0,0.0,SAME,1.0
PCAL,2022-08-24,98.0,98.0,98.0,98.0,98.0,98.0,0.0,0.0,0.0,0.0,0.0,0.0,0.0,0.0,98.0,98.0,98.0,98.00000000011642,98.00000206028449,98.00217732940041,0.0,0.0,0.0,0.0,0.0,0.0,0.0,0.0,0.0,98.0,98.0,98.0,98.0,98.0,98.0,,,,2,8,24,98.0,0.0,SAME,1.0
PCAL,2022-08-25,98.0,98.0,98.0,98.0,98.0,98.0,0.0,0.0,0.0,0.0,0.0,0.0,0.0,0.0,98.0,98.0,98.0,98.00000000005821,98.00000137352299,98.00178145132762,0.0,0.0,0.0,0.0,0.0,0.0,0.0,0.0,0.0,98.0,98.0,98.0,98.0,98.0,98.0,,,,3,8,25,98.0,0.0,SAME,1.0
PCAL,2022-08-26,98.0,98.0,98.0,98.0,98.0,98.0,0.0,0.0,0.0,0.0,0.0,0.0,0.0,0.0,98.0,98.0,98.0,98.0000000000291,98.000000915682,98.00145755108622,0.0,0.0,0.0,0.0,0.0,0.0,0.0,0.0,0.0,98.0,98.0,98.0,98.0,98.0,98.0,,,,4,8,26,98.0,0.0,SAME,1.0
PCAL,2022-08-29,98.0,98.0,98.0,98.0,98.0,98.0,0.0,0.0,0.0,0.0,0.0,0.0,0.0,0.0,98.0,98.0,98.0,98.00000000001455,98.00000061045466,98.00119254179782,0.0,0.0,0.0,0.0,0.0,0.0,0.0,0.0,0.0,98.0,98.0,98.0,98.0,98.0,98.0,,,,0,8,29,98.0,0.0,SAME,1.0
PCAL,2022-08-30,98.0,98.0,98.0,98.0,98.0,98.0,0.0,0.0,0.0,0.0,0.0,0.0,0.0,0.0,98.0,98.0,98.0,98.00000000000728,98.00000040696978,98.0009757160164,0.0,0.0,0.0,0.0,0.0,0.0,0.0,0.0,0.0,98.0,98.0,98.0,98.0,98.0,98.0,,,,1,8,30,98.0,0.0,SAME,1.0
PCAL,2022-08-31,98.0,98.0,98.0,98.0,98.0,98.0,0.0,0.0,0.0,0.0,0.0,0.0,0.0,0.0,98.0,98.0,98.0,98.00000000000364,98.00000027131318,98.00079831310433,0.0,0.0,0.0,0.0,0.0,0.0,0.0,0.0,0.0,98.0,98.0,98.0,98.0,98.0,98.0,,,,2,8,31,98.0,0.0,SAME,1.0
PCAL,2022-09-01,98.0,98.0,98.0,98.0,98.0,98.0,0.0,0.0,0.0,0.0,0.0,0.0,0.0,0.0,98.0,98.0,98.0,98.00000000000182,98.00000018087547,98.00065316526718,0.0,0.0,0.0,0.0,0.0,0.0,0.0,0.0,0.0,98.0,98.0,98.0,98.0,98.0,98.0,,,,3,9,1,98.0,0.0,SAME,1.0
PCAL,2022-09-02,98.0,98.0,98.0,98.0,98.0,98.0,0.0,0.0,0.0,0.0,0.0,0.0,0.0,0.0,98.0,98.0,98.0,98.00000000000091,98.00000012058365,98.00053440794588,0.0,0.0,0.0,0.0,0.0,0.0,0.0,0.0,0.0,98.0,98.0,98.0,98.0,98.0,98.0,,,,4,9,2,98.0,0.0,SAME,1.0
PCAL,2022-09-05,98.0,98.0,98.0,98.0,98.0,98.0,0.0,0.0,0.0,0.0,0.0,0.0,0.0,0.0,98.0,98.0,98.0,98.00000000000045,98.0000000803891,98.00043724286479,0.0,0.0,0.0,0.0,0.0,0.0,0.0,0.0,0.0,98.0,98.0,98.0,98.0,98.0,98.0,,,,0,9,5,98.0,0.0,SAME,1.0
PCAL,2022-09-06,98.0,98.0,98.0,98.0,98.0,98.0,0.0,0.0,0.0,0.0,0.0,0.0,0.0,0.0,98.0,98.0,98.0,98.00000000000023,98.00000005359274,98.0003577441621,0.0,0.0,0.0,0.0,0.0,0.0,0.0,0.0,0.0,98.0,98.0,98.0,98.0,98.0,98.0,,,,1,9,6,98.0,0.0,SAME,1.0
PCAL,2022-09-07,98.0,98.0,98.0,98.0,98.0,98.0,0.0,0.0,0.0,0.0,0.0,0.0,0.0,0.0,98.0,98.0,98.0,98.00000000000011,98.0000000357285,98.00029269976898,0.0,0.0,0.0,0.0,0.0,0.0,0.0,0.0,0.0,98.0,98.0,98.0,98.0,98.0,98.0,,,,2,9,7,98.0,0.0,SAME,1.0
PCAL,2022-09-08,98.0,98.0,98.0,98.0,98.0,98.0,0.0,0.0,0.0,0.0,0.0,0.0,0.0,0.0,98.0,98.0,98.0,98.00000000000006,98.00000002381901,98.00023948162917,0.0,0.0,0.0,0.0,0.0,0.0,0.0,0.0,0.0,98.0,98.0,98.0,98.0,98.0,98.0,,,,3,9,8,98.0,0.0,SAME,1.0
PCAL,2022-09-09,98.0,98.0,98.0,98.0,98.0,98.0,0.0,0.0,0.0,0.0,0.0,0.0,0.0,0.0,98.0,98.0,98.0,98.00000000000003,98.00000001587935,98.00019593951475,0.0,0.0,0.0,0.0,0.0,0.0,0.0,0.0,0.0,98.0,98.0,98.0,98.0,98.0,98.0,,,,4,9,9,98.0,0.0,SAME,1.0
PCAL,2022-09-12,98.0,98.0,98.0,98.0,98.0,98.0,0.0,0.0,0.0,0.0,0.0,0.0,0.0,0.0,98.0,98.0,98.0,98.00000000000001,98.00000001058623,98.00016031414842,0.0,0.0,0.0,0.0,0.0,0.0,0.0,0.0,0.0,98.0,98.0,98.0,98.0,98.0,98.0,,,,0,9,12,98.0,0.0,SAME,1.0
PCAL,2022-09-13,98.0,98.0,98.0,98.0,98.0,98.0,0.0,0.0,0.0,0.0,0.0,0.0,0.0,0.0,98.0,98.0,98.0,98.0,98.00000000705751,98.00013116612143,0.0,0.0,0.0,0.0,0.0,0.0,0.0,0.0,0.0,98.0,98.0,98.0,98.0,98.0,98.0,,,,1,9,13,98.0,0.0,SAME,1.0
PCAL,2022-09-14,98.0,98.0,98.0,98.0,98.0,98.0,0.0,0.0,0.0,0.0,0.0,0.0,0.0,0.0,98.0,98.0,98.0,98.0,98.00000000470502,98.00010731773571,0.0,0.0,0.0,0.0,0.0,0.0,0.0,0.0,0.0,98.0,98.0,98.0,98.0,98.0,98.0,,,,2,9,14,98.0,0.0,SAME,1.0
PCAL,2022-09-15,98.0,98.0,98.0,98.0,98.0,98.0,0.0,0.0,0.0,0.0,0.0,0.0,0.0,0.0,98.0,98.0,98.0,98.0,98.00000000313668,98.00008780542012,0.0,0.0,0.0,0.0,0.0,0.0,0.0,0.0,0.0,98.0,98.0,98.0,98.0,98.0,98.0,,,,3,9,15,98.0,0.0,SAME,1.0
PCAL,2022-09-16,98.0,98.0,98.0,98.0,98.0,98.0,0.0,0.0,0.0,0.0,0.0,0.0,0.0,0.0,98.0,98.0,98.0,98.0,98.00000000209113,98.00007184079828,0.0,0.0,0.0,0.0,0.0,0.0,0.0,0.0,0.0,98.0,98.0,98.0,98.0,98.0,98.0,,,,4,9,16,98.0,0.0,SAME,1.0
PCAL,2022-09-19,98.0,98.0,98.0,98.0,98.0,98.0,0.0,0.0,0.0,0.0,0.0,0.0,0.0,0.0,98.0,98.0,98.0,98.0,98.00000000139408,98.00005877883495,0.0,0.0,0.0,0.0,0.0,0.0,0.0,0.0,0.0,98.0,98.0,98.0,98.0,98.0,98.0,,,,0,9,19,98.0,0.0,SAME,1.0
PCAL,2022-09-20,98.0,98.0,98.0,98.0,98.0,98.0,0.0,0.0,0.0,0.0,0.0,0.0,0.0,0.0,98.0,98.0,98.0,98.0,98.00000000092939,98.00004809177406,0.0,0.0,0.0,0.0,0.0,0.0,0.0,0.0,0.0,98.0,98.0,98.0,98.0,98.0,98.0,,,,1,9,20,98.0,0.0,SAME,1.0
PCAL,2022-09-21,98.0,98.0,98.0,98.0,98.0,98.0,0.0,0.0,0.0,0.0,0.0,0.0,0.0,0.0,98.0,98.0,98.0,98.0,98.0000000006196,98.00003934781515,0.0,0.0,0.0,0.0,0.0,0.0,0.0,0.0,0.0,98.0,98.0,98.0,98.0,98.0,98.0,,,,2,9,21,98.0,0.0,SAME,1.0
PCAL,2022-09-22,98.0,98.0,98.0,98.0,98.0,98.0,0.0,0.0,0.0,0.0,0.0,0.0,0.0,0.0,98.0,98.0,98.0,98.0,98.00000000041308,98.00003219366693,0.0,0.0,0.0,0.0,0.0,0.0,0.0,0.0,0.0,98.0,98.0,98.0,98.0,98.0,98.0,,,,3,9,22,98.0,0.0,SAME,1.0
PCAL,2022-09-26,98.0,98.0,98.0,98.0,98.0,98.0,0.0,0.0,0.0,0.0,0.0,0.0,0.0,0.0,98.0,98.0,98.0,98.0,98.0000000002754,98.00002634027294,0.0,0.0,0.0,0.0,0.0,0.0,0.0,0.0,0.0,98.0,98.0,98.0,98.0,98.0,98.0,,,,0,9,26,98.0,0.0,SAME,1.0
PCAL,2022-09-27,98.0,98.0,98.0,98.0,98.0,98.0,0.0,0.0,0.0,0.0,0.0,0.0,0.0,0.0,98.0,98.0,98.0,98.0,98.0000000001836,98.00002155113239,0.0,0.0,0.0,0.0,0.0,0.0,0.0,0.0,0.0,98.0,98.0,98.0,98.0,98.0,98.0,,,,1,9,27,98.0,0.0,SAME,1.0
PCAL,2022-09-28,98.0,98.0,98.0,98.0,98.0,98.0,0.0,0.0,0.0,0.0,0.0,0.0,0.0,0.0,98.0,98.0,98.0,98.0,98.00000000012241,98.00001763274469,0.0,0.0,0.0,0.0,0.0,0.0,0.0,0.0,0.0,98.0,98.0,98.0,98.0,98.0,98.0,,,,2,9,28,98.0,0.0,SAME,1.0
PCAL,2022-09-29,98.0,98.0,98.0,98.0,98.0,98.0,0.0,0.0,0.0,0.0,0.0,0.0,0.0,0.0,98.0,98.0,98.0,98.0,98.00000000008163,98.0000144267911,0.0,0.0,0.0,0.0,0.0,0.0,0.0,0.0,0.0,98.0,98.0,98.0,98.0,98.0,98.0,,,,3,9,29,98.0,0.0,SAME,1.0
PCAL,2022-10-03,98.0,98.0,98.0,98.0,98.0,98.0,0.0,0.0,0.0,0.0,0.0,0.0,0.0,0.0,98.0,98.0,98.0,98.0,98.00000000005443,98.00001180373818,0.0,0.0,0.0,0.0,0.0,0.0,0.0,0.0,0.0,98.0,98.0,98.0,98.0,98.0,98.0,,,,0,10,3,98.0,0.0,SAME,1.0
PCAL,2022-10-07,98.0,98.0,98.0,98.0,98.0,98.0,0.0,0.0,0.0,0.0,0.0,0.0,0.0,0.0,98.0,98.0,98.0,98.0,98.0000000000363,98.00000965760395,0.0,0.0,0.0,0.0,0.0,0.0,0.0,0.0,0.0,98.0,98.0,98.0,98.0,98.0,98.0,,,,4,10,7,98.0,0.0,SAME,1.0
PCAL,2022-10-10,98.0,98.0,98.0,98.0,98.0,98.0,0.0,0.0,0.0,0.0,0.0,0.0,0.0,0.0,98.0,98.0,98.0,98.0,98.00000000002422,98.00000790167596,0.0,0.0,0.0,0.0,0.0,0.0,0.0,0.0,0.0,98.0,98.0,98.0,98.0,98.0,98.0,,,,0,10,10,98.0,0.0,SAME,1.0
PCAL,2022-10-11,98.0,98.0,98.0,98.0,98.0,98.0,0.0,0.0,0.0,0.0,0.0,0.0,0.0,0.0,98.0,98.0,98.0,98.0,98.00000000001614,98.0000064650076,0.0,0.0,0.0,0.0,0.0,0.0,0.0,0.0,0.0,98.0,98.0,98.0,98.0,98.0,98.0,,,,1,10,11,98.0,0.0,SAME,1.0
PCAL,2022-10-12,98.0,98.0,98.0,98.0,98.0,98.0,0.0,0.0,0.0,0.0,0.0,0.0,0.0,0.0,98.0,98.0,98.0,98.0,98.00000000001077,98.00000528955167,0.0,0.0,0.0,0.0,0.0,0.0,0.0,0.0,0.0,98.0,98.0,98.0,98.0,98.0,98.0,,,,2,10,12,98.0,0.0,SAME,1.0
PCAL,2022-10-13,98.0,98.0,98.0,98.0,98.0,98.0,0.0,0.0,0.0,0.0,0.0,0.0,0.0,0.0,98.0,98.0,98.0,98.0,98.00000000000719,98.00000432781499,0.0,0.0,0.0,0.0,0.0,0.0,0.0,0.0,0.0,98.0,98.0,98.0,98.0,98.0,98.0,,,,3,10,13,98.0,0.0,SAME,1.0
PCAL,2022-10-14,98.0,98.0,98.0,98.0,98.0,98.0,0.0,0.0,0.0,0.0,0.0,0.0,0.0,0.0,98.0,98.0,98.0,98.0,98.0000000000048,98.00000354093953,0.0,0.0,0.0,0.0,0.0,0.0,0.0,0.0,0.0,98.0,98.0,98.0,98.0,98.0,98.0,,,,4,10,14,98.0,0.0,SAME,1.0
PCAL,2022-10-17,98.0,98.0,98.0,98.0,98.0,98.0,0.0,0.0,0.0,0.0,0.0,0.0,0.0,0.0,98.0,98.0,98.0,98.0,98.00000000000321,98.00000289713233,0.0,0.0,0.0,0.0,0.0,0.0,0.0,0.0,0.0,98.0,98.0,98.0,98.0,98.0,98.0,,,,0,10,17,98.0,0.0,SAME,1.0
PCAL,2022-10-18,98.0,98.0,98.0,98.0,98.0,98.0,0.0,0.0,0.0,0.0,0.0,0.0,0.0,0.0,98.0,98.0,98.0,98.0,98.00000000000216,98.000002370381,0.0,0.0,0.0,0.0,0.0,0.0,0.0,0.0,0.0,98.0,98.0,98.0,98.0,98.0,98.0,,,,1,10,18,98.0,0.0,SAME,1.0
PCAL,2022-10-19,98.0,98.0,98.0,98.0,98.0,98.0,0.0,0.0,0.0,0.0,0.0,0.0,0.0,0.0,98.0,98.0,98.0,98.0,98.00000000000145,98.00000193940264,0.0,0.0,0.0,0.0,0.0,0.0,0.0,0.0,0.0,98.0,98.0,98.0,98.0,98.0,98.0,,,,2,10,19,98.0,0.0,SAME,1.0
PCAL,2022-10-20,98.0,98.0,98.0,98.0,98.0,98.0,0.0,0.0,0.0,0.0,0.0,0.0,0.0,0.0,98.0,98.0,98.0,98.0,98.00000000000097,98.00000158678398,0.0,0.0,0.0,0.0,0.0,0.0,0.0,0.0,0.0,98.0,98.0,98.0,98.0,98.0,98.0,,,,3,10,20,98.0,0.0,SAME,1.0
PCAL,2022-10-21,98.0,98.0,98.0,98.0,98.0,98.0,0.0,0.0,0.0,0.0,0.0,0.0,0.0,0.0,98.0,98.0,98.0,98.0,98.00000000000065,98.0000012982778,0.0,0.0,0.0,0.0,0.0,0.0,0.0,0.0,0.0,98.0,98.0,98.0,98.0,98.0,98.0,,,,4,10,21,93.3,-4.700000000000003,DOWN,0.0
PCAL,2022-10-24,93.3,98.0,98.0,98.0,98.0,98.0,-4.700000000000003,-4.700000000000003,-4.700000000000003,-0.04795918367346941,-0.04795918367346941,-0.04795918367346941,-0.0491473708172738,-0.0491473708172738,96.43333333333334,97.06,97.53,95.65,96.43333333333378,97.14545560768182,0.027689247603991787,0.021447998967854487,0.015166025513052435,-4.700000000000003,-0.047959183673469415,-4.700000000000003,-0.047959183673469415,-4.700000000000003,-0.047959183673469415,93.3,98.0,93.3,98.0,93.3,98.0,0.0,0.0,0.0,0,10,24,93.3,0.0,SAME,1.0
PCAL,2022-10-25,93.3,93.3,98.0,98.0,98.0,98.0,0.0,-4.700000000000003,-4.700000000000003,0.0,-0.04795918367346941,-0.04795918367346941,0.0,-0.0491473708172738,94.86666666666667,96.12,97.06,94.475,95.38888888888918,96.44628186083058,0.027689247603991787,0.021447998967854487,0.015166025513052435,-4.700000000000003,-0.047959183673469415,-4.700000000000003,-0.047959183673469415,-4.700000000000003,-0.047959183673469415,93.3,98.0,93.3,98.0,93.3,98.0,0.0,0.0,0.0,1,10,25,93.3,0.0,SAME,1.0
PCAL,2022-10-26,93.3,93.3,93.3,98.0,98.0,98.0,0.0,0.0,-4.700000000000003,0.0,0.0,-0.04795918367346941,0.0,0.0,93.3,95.17999999999999,96.59,93.88749999999999,94.69259259259279,95.87423061340684,0.027689247603991787,0.021447998967854487,0.015166025513052435,-4.700000000000003,-0.047959183673469415,-4.700000000000003,-0.047959183673469415,-4.700000000000003,-0.047959183673469415,93.3,93.3,93.3,98.0,93.3,98.0,,0.0,0.0,2,10,26,93.3,0.0,SAME,1.0
PCAL,2022-10-27,93.3,93.3,93.3,93.3,98.0,98.0,0.0,0.0,0.0,0.0,0.0,0.0,0.0,0.0,93.3,94.24,96.12,93.59375,94.22839506172853,95.4061886836965,0.0,0.021447998967854487,0.015166025513052435,0.0,0.0,-4.700000000000003,-0.047959183673469415,-4.700000000000003,-0.047959183673469415,93.3,93.3,93.3,98.0,93.3,98.0,,0.0,0.0,3,10,27,93.3,0.0,SAME,1.0
PCAL,2022-10-28,93.3,93.3,93.3,93.3,98.0,98.0,0.0,0.0,0.0,0.0,0.0,0.0,0.0,0.0,93.3,93.3,95.65,93.446875,93.91893004115236,95.02324528666077,0.0,0.021447998967854487,0.015166025513052435,0.0,0.0,-4.700000000000003,-0.047959183673469415,-4.700000000000003,-0.047959183673469415,93.3,93.3,93.3,93.3,93.3,98.0,,,0.0,4,10,28,93.3,0.0,SAME,1.0
PCAL,2022-10-31,93.3,93.3,93.3,93.3,93.3,98.0,0.0,0.0,0.0,0.0,0.0,0.0,0.0,0.0,93.3,93.3,95.17999999999999,93.3734375,93.71262002743491,94.70992796181335,0.0,0.0,0.015166025513052435,0.0,0.0,0.0,0.0,-4.700000000000003,-0.047959183673469415,93.3,93.3,93.3,93.3,93.3,98.0,,,0.0,0,10,31,89.0,-4.299999999999997,DOWN,0.0
PCAL,2022-11-02,89.0,93.3,93.3,93.3,93.3,98.0,-4.299999999999997,-4.299999999999997,-4.299999999999997,-0.04608788853161838,-0.04608788853161838,-0.04608788853161838,-0.047183738121158246,-0.047183738121158246,91.86666666666666,92.44,94.28,91.18671875,92.14174668495662,93.67175924148366,0.02660885485011084,0.02061113033922566,0.01983176909487949,-4.299999999999997,-0.04608788853161841,-4.299999999999997,-0.04608788853161841,-9.0,-0.09183673469387756,89.0,93.3,89.0,93.3,89.0,98.0,0.0,0.0,0.0,2,11,2,89.0,0.0,SAME,1.0
PCAL,2022-11-03,89.0,89.0,93.3,93.3,93.3,98.0,0.0,-4.299999999999997,-4.299999999999997,0.0,-0.04608788853161838,-0.04608788853161838,0.0,-0.047183738121158246,90.43333333333334,91.58,93.38,90.093359375,91.09449778997109,92.8223484703048,0.026608854850110837,0.02061113033922566,0.01983176909487949,-4.299999999999997,-0.04608788853161841,-4.299999999999997,-0.04608788853161841,-9.0,-0.09183673469387756,89.0,93.3,89.0,93.3,89.0,98.0,0.0,0.0,0.0,3,11,3,89.0,0.0,SAME,1.0
PCAL,2022-11-04,89.0,89.0,89.0,93.3,93.3,98.0,0.0,0.0,-4.299999999999997,0.0,0.0,-0.04608788853161838,0.0,0.0,89.0,90.72,92.47999999999999,89.5466796875,90.39633185998073,92.12737602115847,0.026608854850110837,0.02061113033922566,0.01983176909487949,-4.299999999999997,-0.04608788853161841,-4.299999999999997,-0.04608788853161841,-9.0,-0.09183673469387756,89.0,89.0,89.0,93.3,89.0,98.0,,0.0,0.0,4,11,4,89.0,0.0,SAME,1.0
PCAL,2022-11-07,89.0,89.0,89.0,89.0,93.3,98.0,0.0,0.0,0.0,0.0,0.0,0.0,0.0,0.0,89.0,89.86,91.58,89.27333984375,89.93088790665382,91.55876219912966,0.0,0.02061113033922566,0.01983176909487949,0.0,0.0,-4.299999999999997,-0.04608788853161841,-9.0,-0.09183673469387756,89.0,89.0,89.0,93.3,89.0,93.3,,0.0,0.0,0,11,7,89.0,0.0,SAME,1.0
PCAL,2022-11-08,89.0,89.0,89.0,89.0,93.3,93.3,0.0,0.0,0.0,0.0,0.0,0.0,0.0,0.0,89.0,89.0,91.15,89.136669921875,89.62059193776922,91.09353270837882,0.0,0.02061113033922566,0.014574270030786724,0.0,0.0,-4.299999999999997,-0.04608788853161841,-4.299999999999997,-0.04608788853161841,89.0,89.0,89.0,89.0,89.0,93.3,,,0.0,1,11,8,89.0,0.0,SAME,1.0
PCAL,2022-11-09,89.0,89.0,89.0,89.0,89.0,93.3,0.0,0.0,0.0,0.0,0.0,0.0,0.0,0.0,89.0,89.0,90.72,89.0683349609375,89.41372795851282,90.71289039776448,0.0,0.0,0.014574270030786724,0.0,0.0,0.0,0.0,-4.299999999999997,-0.04608788853161841,89.0,89.0,89.0,89.0,89.0,93.3,,,0.0,2,11,9,89.0,0.0,SAME,1.0
PCAL,2022-11-10,89.0,89.0,89.0,89.0,89.0,93.3,0.0,0.0,0.0,0.0,0.0,0.0,0.0,0.0,89.0,89.0,90.28999999999999,89.03416748046875,89.27581863900855,90.40145577998912,0.0,0.0,0.014574270030786724,0.0,0.0,0.0,0.0,-4.299999999999997,-0.04608788853161841,89.0,89.0,89.0,89.0,89.0,93.3,,,0.0,3,11,10,89.0,0.0,SAME,1.0
PCAL,2022-11-14,89.0,89.0,89.0,89.0,89.0,93.3,0.0,0.0,0.0,0.0,0.0,0.0,0.0,0.0,89.0,89.0,89.85999999999999,89.01708374023437,89.18387909267237,90.14664563817291,0.0,0.0,0.014574270030786724,0.0,0.0,0.0,0.0,-4.299999999999997,-0.04608788853161841,89.0,89.0,89.0,89.0,89.0,93.3,,,0.0,0,11,14,89.0,0.0,SAME,1.0
PCAL,2022-11-16,89.0,89.0,89.0,89.0,89.0,93.3,0.0,0.0,0.0,0.0,0.0,0.0,0.0,0.0,89.0,89.0,89.42999999999999,89.00854187011718,89.12258606178159,89.93816461305056,0.0,0.0,0.014574270030786724,0.0,0.0,0.0,0.0,-4.299999999999997,-0.04608788853161841,89.0,89.0,89.0,89.0,89.0,93.3,,,0.0,2,11,16,89.0,0.0,SAME,1.0
PCAL,2022-11-17,89.0,89.0,89.0,89.0,89.0,93.3,0.0,0.0,0.0,0.0,0.0,0.0,0.0,0.0,89.0,89.0,89.0,89.0042709350586,89.08172404118773,89.76758922885955,0.0,0.0,0.014574270030786724,0.0,0.0,0.0,0.0,-4.299999999999997,-0.04608788853161841,89.0,89.0,89.0,89.0,89.0,89.0,,,,3,11,17,89.0,0.0,SAME,1.0
PCAL,2022-11-18,89.0,89.0,89.0,89.0,89.0,89.0,0.0,0.0,0.0,0.0,0.0,0.0,0.0,0.0,89.0,89.0,89.0,89.0021354675293,89.05448269412516,89.62802755088508,0.0,0.0,0.0,0.0,0.0,0.0,0.0,0.0,0.0,89.0,89.0,89.0,89.0,89.0,89.0,,,,4,11,18,89.0,0.0,SAME,1.0
PCAL,2022-11-21,89.0,89.0,89.0,89.0,89.0,89.0,0.0,0.0,0.0,0.0,0.0,0.0,0.0,0.0,89.0,89.0,89.0,89.00106773376464,89.03632179608344,89.51384072345142,0.0,0.0,0.0,0.0,0.0,0.0,0.0,0.0,0.0,89.0,89.0,89.0,89.0,89.0,89.0,,,,0,11,21,89.0,0.0,SAME,1.0
PCAL,2022-11-22,89.0,89.0,89.0,89.0,89.0,89.0,0.0,0.0,0.0,0.0,0.0,0.0,0.0,0.0,89.0,89.0,89.0,89.00053386688232,89.0242145307223,89.42041513736935,0.0,0.0,0.0,0.0,0.0,0.0,0.0,0.0,0.0,89.0,89.0,89.0,89.0,89.0,89.0,,,,1,11,22,89.0,0.0,SAME,1.0
PCAL,2022-11-23,89.0,89.0,89.0,89.0,89.0,89.0,0.0,0.0,0.0,0.0,0.0,0.0,0.0,0.0,89.0,89.0,89.0,89.00026693344117,89.01614302048154,89.34397602148401,0.0,0.0,0.0,0.0,0.0,0.0,0.0,0.0,0.0,89.0,89.0,89.0,89.0,89.0,89.0,,,,2,11,23,89.0,0.0,SAME,1.0
PCAL,2022-11-24,89.0,89.0,89.0,89.0,89.0,89.0,0.0,0.0,0.0,0.0,0.0,0.0,0.0,0.0,89.0,89.0,89.0,89.00013346672058,89.01076201365436,89.28143492666874,0.0,0.0,0.0,0.0,0.0,0.0,0.0,0.0,0.0,89.0,89.0,89.0,89.0,89.0,89.0,,,,3,11,24,89.0,0.0,SAME,1.0
PCAL,2022-11-25,89.0,89.0,89.0,89.0,89.0,89.0,0.0,0.0,0.0,0.0,0.0,0.0,0.0,0.0,89.0,89.0,89.0,89.00006673336028,89.00717467576958,89.23026494000169,0.0,0.0,0.0,0.0,0.0,0.0,0.0,0.0,0.0,89.0,89.0,89.0,89.0,89.0,89.0,,,,4,11,25,89.0,0.0,SAME,1.0
PCAL,2022-11-28,89.0,89.0,89.0,89.0,89.0,89.0,0.0,0.0,0.0,0.0,0.0,0.0,0.0,0.0,89.0,89.0,89.0,89.00003336668014,89.00478311717973,89.18839858727411,0.0,0.0,0.0,0.0,0.0,0.0,0.0,0.0,0.0,89.0,89.0,89.0,89.0,89.0,89.0,,,,0,11,28,89.0,0.0,SAME,1.0
PCAL,2022-11-29,89.0,89.0,89.0,89.0,89.0,89.0,0.0,0.0,0.0,0.0,0.0,0.0,0.0,0.0,89.0,89.0,89.0,89.00001668334008,89.00318874478648,89.15414429867882,0.0,0.0,0.0,0.0,0.0,0.0,0.0,0.0,0.0,89.0,89.0,89.0,89.0,89.0,89.0,,,,1,11,29,89.0,0.0,SAME,1.0
PCAL,2022-11-30,89.0,89.0,89.0,89.0,89.0,89.0,0.0,0.0,0.0,0.0,0.0,0.0,0.0,0.0,89.0,89.0,89.0,89.00000834167004,89.00212582985766,89.12611806255539,0.0,0.0,0.0,0.0,0.0,0.0,0.0,0.0,0.0,89.0,89.0,89.0,89.0,89.0,89.0,,,,2,11,30,89.0,0.0,SAME,1.0
PCAL,2022-12-01,89.0,89.0,89.0,89.0,89.0,89.0,0.0,0.0,0.0,0.0,0.0,0.0,0.0,0.0,89.0,89.0,89.0,89.00000417083501,89.00141721990511,89.10318750572713,0.0,0.0,0.0,0.0,0.0,0.0,0.0,0.0,0.0,89.0,89.0,89.0,89.0,89.0,89.0,,,,3,12,1,89.0,0.0,SAME,1.0
PCAL,2022-12-02,89.0,89.0,89.0,89.0,89.0,89.0,0.0,0.0,0.0,0.0,0.0,0.0,0.0,0.0,89.0,89.0,89.0,89.0000020854175,89.00094481327008,89.08442614104948,0.0,0.0,0.0,0.0,0.0,0.0,0.0,0.0,0.0,89.0,89.0,89.0,89.0,89.0,89.0,,,,4,12,2,89.0,0.0,SAME,1.0
PCAL,2022-12-05,89.0,89.0,89.0,89.0,89.0,89.0,0.0,0.0,0.0,0.0,0.0,0.0,0.0,0.0,89.0,89.0,89.0,89.00000104270876,89.0006298755134,89.06907593358594,0.0,0.0,0.0,0.0,0.0,0.0,0.0,0.0,0.0,89.0,89.0,89.0,89.0,89.0,89.0,,,,0,12,5,89.0,0.0,SAME,1.0
PCAL,2022-12-06,89.0,89.0,89.0,89.0,89.0,89.0,0.0,0.0,0.0,0.0,0.0,0.0,0.0,0.0,89.0,89.0,89.0,89.00000052135438,89.00041991700894,89.05651667293395,0.0,0.0,0.0,0.0,0.0,0.0,0.0,0.0,0.0,89.0,89.0,89.0,89.0,89.0,89.0,,,,1,12,6,89.0,0.0,SAME,1.0
PCAL,2022-12-07,89.0,89.0,89.0,89.0,89.0,89.0,0.0,0.0,0.0,0.0,0.0,0.0,0.0,0.0,89.0,89.0,89.0,89.00000026067718,89.00027994467263,89.04624091421869,0.0,0.0,0.0,0.0,0.0,0.0,0.0,0.0,0.0,89.0,89.0,89.0,89.0,89.0,89.0,,,,2,12,7,89.0,0.0,SAME,1.0
PCAL,2022-12-08,89.0,89.0,89.0,89.0,89.0,89.0,0.0,0.0,0.0,0.0,0.0,0.0,0.0,0.0,89.0,89.0,89.0,89.00000013033859,89.00018662978175,89.03783347526984,0.0,0.0,0.0,0.0,0.0,0.0,0.0,0.0,0.0,89.0,89.0,89.0,89.0,89.0,89.0,,,,3,12,8,89.0,0.0,SAME,1.0
PCAL,2022-12-09,89.0,89.0,89.0,89.0,89.0,89.0,0.0,0.0,0.0,0.0,0.0,0.0,0.0,0.0,89.0,89.0,89.0,89.0000000651693,89.0001244198545,89.03095466158442,0.0,0.0,0.0,0.0,0.0,0.0,0.0,0.0,0.0,89.0,89.0,89.0,89.0,89.0,89.0,,,,4,12,9,89.0,0.0,SAME,1.0
PCAL,2022-12-12,89.0,89.0,89.0,89.0,89.0,89.0,0.0,0.0,0.0,0.0,0.0,0.0,0.0,0.0,89.0,89.0,89.0,89.00000003258465,89.00008294656968,89.02532654129634,0.0,0.0,0.0,0.0,0.0,0.0,0.0,0.0,0.0,89.0,89.0,89.0,89.0,89.0,89.0,,,,0,12,12,89.0,0.0,SAME,1.0
PCAL,2022-12-13,89.0,89.0,89.0,89.0,89.0,89.0,0.0,0.0,0.0,0.0,0.0,0.0,0.0,0.0,89.0,89.0,89.0,89.00000001629232,89.00005529771312,89.0207217156061,0.0,0.0,0.0,0.0,0.0,0.0,0.0,0.0,0.0,89.0,89.0,89.0,89.0,89.0,89.0,,,,1,12,13,89.0,0.0,SAME,1.0
PCAL,2022-12-14,89.0,89.0,89.0,89.0,89.0,89.0,0.0,0.0,0.0,0.0,0.0,0.0,0.0,0.0,89.0,89.0,89.0,89.00000000814616,89.00003686514208,89.01695413095045,0.0,0.0,0.0,0.0,0.0,0.0,0.0,0.0,0.0,89.0,89.0,89.0,89.0,89.0,89.0,,,,2,12,14,89.0,0.0,SAME,1.0
PCAL,2022-12-15,89.0,89.0,89.0,89.0,89.0,89.0,0.0,0.0,0.0,0.0,0.0,0.0,0.0,0.0,89.0,89.0,89.0,89.00000000407309,89.00002457676139,89.01387156168673,0.0,0.0,0.0,0.0,0.0,0.0,0.0,0.0,0.0,89.0,89.0,89.0,89.0,89.0,89.0,,,,3,12,15,89.0,0.0,SAME,1.0
PCAL,2022-12-16,89.0,89.0,89.0,89.0,89.0,89.0,0.0,0.0,0.0,0.0,0.0,0.0,0.0,0.0,89.0,89.0,89.0,89.00000000203654,89.0000163845076,89.01134945956187,0.0,0.0,0.0,0.0,0.0,0.0,0.0,0.0,0.0,89.0,89.0,89.0,89.0,89.0,89.0,,,,4,12,16,89.0,0.0,SAME,1.0
PCAL,2022-12-19,89.0,89.0,89.0,89.0,89.0,89.0,0.0,0.0,0.0,0.0,0.0,0.0,0.0,0.0,89.0,89.0,89.0,89.00000000101826,89.00001092300508,89.0092859214597,0.0,0.0,0.0,0.0,0.0,0.0,0.0,0.0,0.0,89.0,89.0,89.0,89.0,89.0,89.0,,,,0,12,19,89.0,0.0,SAME,1.0
PCAL,2022-12-20,89.0,89.0,89.0,89.0,89.0,89.0,0.0,0.0,0.0,0.0,0.0,0.0,0.0,0.0,89.0,89.0,89.0,89.00000000050913,89.0000072820034,89.00759757210339,0.0,0.0,0.0,0.0,0.0,0.0,0.0,0.0,0.0,89.0,89.0,89.0,89.0,89.0,89.0,,,,1,12,20,89.0,0.0,SAME,1.0
PCAL,2022-12-21,89.0,89.0,89.0,89.0,89.0,89.0,0.0,0.0,0.0,0.0,0.0,0.0,0.0,0.0,89.0,89.0,89.0,89.00000000025457,89.00000485466893,89.00621619535733,0.0,0.0,0.0,0.0,0.0,0.0,0.0,0.0,0.0,89.0,89.0,89.0,89.0,89.0,89.0,,,,2,12,21,89.0,0.0,SAME,1.0
PCAL,2022-12-22,89.0,89.0,89.0,89.0,89.0,89.0,0.0,0.0,0.0,0.0,0.0,0.0,0.0,0.0,89.0,89.0,89.0,89.00000000012729,89.00000323644596,89.00508597801964,0.0,0.0,0.0,0.0,0.0,0.0,0.0,0.0,0.0,89.0,89.0,89.0,89.0,89.0,89.0,,,,3,12,22,89.0,0.0,SAME,1.0
PCAL,2022-12-23,89.0,89.0,89.0,89.0,89.0,89.0,0.0,0.0,0.0,0.0,0.0,0.0,0.0,0.0,89.0,89.0,89.0,89.00000000006364,89.00000215763065,89.00416125474334,0.0,0.0,0.0,0.0,0.0,0.0,0.0,0.0,0.0,89.0,89.0,89.0,89.0,89.0,89.0,,,,4,12,23,89.0,0.0,SAME,1.0
PCAL,2022-12-26,89.0,89.0,89.0,89.0,89.0,89.0,0.0,0.0,0.0,0.0,0.0,0.0,0.0,0.0,89.0,89.0,89.0,89.00000000003182,89.00000143842044,89.00340466297182,0.0,0.0,0.0,0.0,0.0,0.0,0.0,0.0,0.0,89.0,89.0,89.0,89.0,89.0,89.0,,,,0,12,26,89.0,0.0,SAME,1.0
PCAL,2022-12-27,89.0,89.0,89.0,89.0,89.0,89.0,0.0,0.0,0.0,0.0,0.0,0.0,0.0,0.0,89.0,89.0,89.0,89.00000000001592,89.00000095894697,89.00278563334058,0.0,0.0,0.0,0.0,0.0,0.0,0.0,0.0,0.0,89.0,89.0,89.0,89.0,89.0,89.0,,,,1,12,27,89.0,0.0,SAME,1.0
PCAL,2022-12-28,89.0,89.0,89.0,89.0,89.0,89.0,0.0,0.0,0.0,0.0,0.0,0.0,0.0,0.0,89.0,89.0,89.0,89.00000000000796,89.00000063929798,89.00227915455139,0.0,0.0,0.0,0.0,0.0,0.0,0.0,0.0,0.0,89.0,89.0,89.0,89.0,89.0,89.0,,,,2,12,28,89.0,0.0,SAME,1.0
PCAL,2022-12-29,89.0,89.0,89.0,89.0,89.0,89.0,0.0,0.0,0.0,0.0,0.0,0.0,0.0,0.0,89.0,89.0,89.0,89.00000000000398,89.00000042619865,89.00186476281478,0.0,0.0,0.0,0.0,0.0,0.0,0.0,0.0,0.0,89.0,89.0,89.0,89.0,89.0,89.0,,,,3,12,29,89.0,0.0,SAME,1.0
PCAL,2022-12-30,89.0,89.0,89.0,89.0,89.0,89.0,0.0,0.0,0.0,0.0,0.0,0.0,0.0,0.0,89.0,89.0,89.0,89.00000000000199,89.00000028413244,89.00152571503027,0.0,0.0,0.0,0.0,0.0,0.0,0.0,0.0,0.0,89.0,89.0,89.0,89.0,89.0,89.0,,,,4,12,30,89.0,0.0,SAME,1.0
PCAL,2023-01-03,89.0,89.0,89.0,89.0,89.0,89.0,0.0,0.0,0.0,0.0,0.0,0.0,0.0,0.0,89.0,89.0,89.0,89.000000000001,89.00000018942163,89.00124831229749,0.0,0.0,0.0,0.0,0.0,0.0,0.0,0.0,0.0,89.0,89.0,89.0,89.0,89.0,89.0,,,,1,1,3,89.0,0.0,SAME,1.0
PCAL,2023-01-04,89.0,89.0,89.0,89.0,89.0,89.0,0.0,0.0,0.0,0.0,0.0,0.0,0.0,0.0,89.0,89.0,89.0,89.0000000000005,89.0000001262811,89.00102134642522,0.0,0.0,0.0,0.0,0.0,0.0,0.0,0.0,0.0,89.0,89.0,89.0,89.0,89.0,89.0,,,,2,1,4,89.0,0.0,SAME,1.0
PCAL,2023-01-05,89.0,89.0,89.0,89.0,89.0,89.0,0.0,0.0,0.0,0.0,0.0,0.0,0.0,0.0,89.0,89.0,89.0,89.00000000000026,89.0000000841874,89.00083564707518,0.0,0.0,0.0,0.0,0.0,0.0,0.0,0.0,0.0,89.0,89.0,89.0,89.0,89.0,89.0,,,,3,1,5,89.0,0.0,SAME,1.0
PCAL,2023-01-06,89.0,89.0,89.0,89.0,89.0,89.0,0.0,0.0,0.0,0.0,0.0,0.0,0.0,0.0,89.0,89.0,89.0,89.00000000000013,89.00000005612495,89.00068371124333,0.0,0.0,0.0,0.0,0.0,0.0,0.0,0.0,0.0,89.0,89.0,89.0,89.0,89.0,89.0,,,,4,1,6,89.0,0.0,SAME,1.0
PCAL,2023-01-09,89.0,89.0,89.0,89.0,89.0,89.0,0.0,0.0,0.0,0.0,0.0,0.0,0.0,0.0,89.0,89.0,89.0,89.00000000000006,89.00000003741664,89.00055940010817,0.0,0.0,0.0,0.0,0.0,0.0,0.0,0.0,0.0,89.0,89.0,89.0,89.0,89.0,89.0,,,,0,1,9,89.0,0.0,SAME,1.0
PCAL,2023-01-10,89.0,89.0,89.0,89.0,89.0,89.0,0.0,0.0,0.0,0.0,0.0,0.0,0.0,0.0,89.0,89.0,89.0,89.00000000000003,89.00000002494443,89.00045769099759,0.0,0.0,0.0,0.0,0.0,0.0,0.0,0.0,0.0,89.0,89.0,89.0,89.0,89.0,89.0,,,,1,1,10,89.0,0.0,SAME,1.0
PCAL,2023-01-11,89.0,89.0,89.0,89.0,89.0,89.0,0.0,0.0,0.0,0.0,0.0,0.0,0.0,0.0,89.0,89.0,89.0,89.00000000000001,89.00000001662963,89.00037447445257,0.0,0.0,0.0,0.0,0.0,0.0,0.0,0.0,0.0,89.0,89.0,89.0,89.0,89.0,89.0,,,,2,1,11,89.0,0.0,SAME,1.0
PCAL,2023-01-12,89.0,89.0,89.0,89.0,89.0,89.0,0.0,0.0,0.0,0.0,0.0,0.0,0.0,0.0,89.0,89.0,89.0,89.0,89.00000001108643,89.00030638818846,0.0,0.0,0.0,0.0,0.0,0.0,0.0,0.0,0.0,89.0,89.0,89.0,89.0,89.0,89.0,,,,3,1,12,89.0,0.0,SAME,1.0
PCAL,2023-01-13,89.0,89.0,89.0,89.0,89.0,89.0,0.0,0.0,0.0,0.0,0.0,0.0,0.0,0.0,89.0,89.0,89.0,89.0,89.00000000739095,89.0002506812451,0.0,0.0,0.0,0.0,0.0,0.0,0.0,0.0,0.0,89.0,89.0,89.0,89.0,89.0,89.0,,,,4,1,13,89.0,0.0,SAME,1.0
PCAL,2023-01-16,89.0,89.0,89.0,89.0,89.0,89.0,0.0,0.0,0.0,0.0,0.0,0.0,0.0,0.0,89.0,89.0,89.0,89.0,89.0000000049273,89.0002051028369,0.0,0.0,0.0,0.0,0.0,0.0,0.0,0.0,0.0,89.0,89.0,89.0,89.0,89.0,89.0,,,,0,1,16,89.0,0.0,SAME,1.0
PCAL,2023-01-17,89.0,89.0,89.0,89.0,89.0,89.0,0.0,0.0,0.0,0.0,0.0,0.0,0.0,0.0,89.0,89.0,89.0,89.0,89.00000000328487,89.00016781141201,0.0,0.0,0.0,0.0,0.0,0.0,0.0,0.0,0.0,89.0,89.0,89.0,89.0,89.0,89.0,,,,1,1,17,89.0,0.0,SAME,1.0
PCAL,2023-01-18,89.0,89.0,89.0,89.0,89.0,89.0,0.0,0.0,0.0,0.0,0.0,0.0,0.0,0.0,89.0,89.0,89.0,89.0,89.00000000218992,89.0001373002462,0.0,0.0,0.0,0.0,0.0,0.0,0.0,0.0,0.0,89.0,89.0,89.0,89.0,89.0,89.0,,,,2,1,18,89.0,0.0,SAME,1.0
PCAL,2023-01-19,89.0,89.0,89.0,89.0,89.0,89.0,0.0,0.0,0.0,0.0,0.0,0.0,0.0,0.0,89.0,89.0,89.0,89.0,89.00000000145995,89.00011233656507,0.0,0.0,0.0,0.0,0.0,0.0,0.0,0.0,0.0,89.0,89.0,89.0,89.0,89.0,89.0,,,,3,1,19,89.0,0.0,SAME,1.0
PCAL,2023-01-20,89.0,89.0,89.0,89.0,89.0,89.0,0.0,0.0,0.0,0.0,0.0,0.0,0.0,0.0,89.0,89.0,89.0,89.0,89.0000000009733,89.00009191173505,0.0,0.0,0.0,0.0,0.0,0.0,0.0,0.0,0.0,89.0,89.0,89.0,89.0,89.0,89.0,,,,4,1,20,89.0,0.0,SAME,1.0
PCAL,2023-01-23,89.0,89.0,89.0,89.0,89.0,89.0,0.0,0.0,0.0,0.0,0.0,0.0,0.0,0.0,89.0,89.0,89.0,89.0,89.00000000064887,89.0000752005105,0.0,0.0,0.0,0.0,0.0,0.0,0.0,0.0,0.0,89.0,89.0,89.0,89.0,89.0,89.0,,,,0,1,23,89.0,0.0,SAME,1.0
PCAL,2023-01-24,89.0,89.0,89.0,89.0,89.0,89.0,0.0,0.0,0.0,0.0,0.0,0.0,0.0,0.0,89.0,89.0,89.0,89.0,89.00000000043258,89.0000615276904,0.0,0.0,0.0,0.0,0.0,0.0,0.0,0.0,0.0,89.0,89.0,89.0,89.0,89.0,89.0,,,,1,1,24,89.0,0.0,SAME,1.0
PCAL,2023-01-25,89.0,89.0,89.0,89.0,89.0,89.0,0.0,0.0,0.0,0.0,0.0,0.0,0.0,0.0,89.0,89.0,89.0,89.0,89.0000000002884,89.0000503408376,0.0,0.0,0.0,0.0,0.0,0.0,0.0,0.0,0.0,89.0,89.0,89.0,89.0,89.0,89.0,,,,2,1,25,89.0,0.0,SAME,1.0
PCAL,2023-01-26,89.0,89.0,89.0,89.0,89.0,89.0,0.0,0.0,0.0,0.0,0.0,0.0,0.0,0.0,89.0,89.0,89.0,89.0,89.00000000019227,89.00004118795803,0.0,0.0,0.0,0.0,0.0,0.0,0.0,0.0,0.0,89.0,89.0,89.0,89.0,89.0,89.0,,,,3,1,26,89.0,0.0,SAME,1.0
PCAL,2023-01-27,89.0,89.0,89.0,89.0,89.0,89.0,0.0,0.0,0.0,0.0,0.0,0.0,0.0,0.0,89.0,89.0,89.0,89.0,89.00000000012818,89.00003369923839,0.0,0.0,0.0,0.0,0.0,0.0,0.0,0.0,0.0,89.0,89.0,89.0,89.0,89.0,89.0,,,,4,1,27,89.0,0.0,SAME,1.0
PCAL,2023-01-30,89.0,89.0,89.0,89.0,89.0,89.0,0.0,0.0,0.0,0.0,0.0,0.0,0.0,0.0,89.0,89.0,89.0,89.0,89.00000000008546,89.00002757210413,0.0,0.0,0.0,0.0,0.0,0.0,0.0,0.0,0.0,89.0,89.0,89.0,89.0,89.0,89.0,,,,0,1,30,89.0,0.0,SAME,1.0
PCAL,2023-01-31,89.0,89.0,89.0,89.0,89.0,89.0,0.0,0.0,0.0,0.0,0.0,0.0,0.0,0.0,89.0,89.0,89.0,89.0,89.00000000005699,89.00002255899429,0.0,0.0,0.0,0.0,0.0,0.0,0.0,0.0,0.0,89.0,89.0,89.0,89.0,89.0,89.0,,,,1,1,31,89.0,0.0,SAME,1.0
PCAL,2023-02-01,89.0,89.0,89.0,89.0,89.0,89.0,0.0,0.0,0.0,0.0,0.0,0.0,0.0,0.0,89.0,89.0,89.0,89.0,89.000000000038,89.00001845735896,0.0,0.0,0.0,0.0,0.0,0.0,0.0,0.0,0.0,89.0,89.0,89.0,89.0,89.0,89.0,,,,2,2,1,89.0,0.0,SAME,1.0
PCAL,2023-02-02,89.0,89.0,89.0,89.0,89.0,89.0,0.0,0.0,0.0,0.0,0.0,0.0,0.0,0.0,89.0,89.0,89.0,89.0,89.00000000002534,89.00001510147551,0.0,0.0,0.0,0.0,0.0,0.0,0.0,0.0,0.0,89.0,89.0,89.0,89.0,89.0,89.0,,,,3,2,2,89.0,0.0,SAME,1.0
PCAL,2023-02-03,89.0,89.0,89.0,89.0,89.0,89.0,0.0,0.0,0.0,0.0,0.0,0.0,0.0,0.0,89.0,89.0,89.0,89.0,89.0000000000169,89.00001235575269,0.0,0.0,0.0,0.0,0.0,0.0,0.0,0.0,0.0,89.0,89.0,89.0,89.0,89.0,89.0,,,,4,2,3,89.0,0.0,SAME,1.0
PCAL,2023-02-06,89.0,89.0,89.0,89.0,89.0,89.0,0.0,0.0,0.0,0.0,0.0,0.0,0.0,0.0,89.0,89.0,89.0,89.0,89.00000000001127,89.0000101092522,0.0,0.0,0.0,0.0,0.0,0.0,0.0,0.0,0.0,89.0,89.0,89.0,89.0,89.0,89.0,,,,0,2,6,89.0,0.0,SAME,1.0
PCAL,2023-02-07,89.0,89.0,89.0,89.0,89.0,89.0,0.0,0.0,0.0,0.0,0.0,0.0,0.0,0.0,89.0,89.0,89.0,89.0,89.00000000000752,89.00000827120634,0.0,0.0,0.0,0.0,0.0,0.0,0.0,0.0,0.0,89.0,89.0,89.0,89.0,89.0,89.0,,,,1,2,7,89.0,0.0,SAME,1.0
PCAL,2023-02-08,89.0,89.0,89.0,89.0,89.0,89.0,0.0,0.0,0.0,0.0,0.0,0.0,0.0,0.0,89.0,89.0,89.0,89.0,89.00000000000502,89.00000676735064,0.0,0.0,0.0,0.0,0.0,0.0,0.0,0.0,0.0,89.0,89.0,89.0,89.0,89.0,89.0,,,,2,2,8,86.0,-3.0,DOWN,0.0
PCAL,2023-02-09,86.0,89.0,89.0,89.0,89.0,89.0,-3.0,-3.0,-3.0,-0.0337078651685393,-0.0337078651685393,-0.0337078651685393,-0.034289073478632075,-0.034289073478632075,88.0,88.4,88.7,87.5,88.00000000000335,88.45455099146871,0.01946124502886308,0.015074615578649335,0.010659362899443964,-3.0,-0.033707865168539325,-3.0,-0.033707865168539325,-3.0,-0.033707865168539325,86.0,89.0,86.0,89.0,86.0,89.0,0.0,0.0,0.0,3,2,9,86.0,0.0,SAME,1.0
PCAL,2023-02-10,86.0,86.0,89.0,89.0,89.0,89.0,0.0,-3.0,-3.0,0.0,-0.0337078651685393,-0.0337078651685393,0.0,-0.034289073478632075,87.0,87.8,88.4,86.75,87.33333333333557,88.00826899301985,0.01946124502886308,0.015074615578649335,0.010659362899443964,-3.0,-0.033707865168539325,-3.0,-0.033707865168539325,-3.0,-0.033707865168539325,86.0,89.0,86.0,89.0,86.0,89.0,0.0,0.0,0.0,4,2,10,86.0,0.0,SAME,1.0
PCAL,2023-02-13,86.0,86.0,86.0,89.0,89.0,89.0,0.0,0.0,-3.0,0.0,0.0,-0.0337078651685393,0.0,0.0,86.0,87.2,88.1,86.375,86.88888888889039,87.64312917610715,0.01946124502886308,0.015074615578649335,0.010659362899443964,-3.0,-0.033707865168539325,-3.0,-0.033707865168539325,-3.0,-0.033707865168539325,86.0,86.0,86.0,89.0,86.0,89.0,,0.0,0.0,0,2,13,86.0,0.0,SAME,1.0
PCAL,2023-02-14,86.0,86.0,86.0,86.0,89.0,89.0,0.0,0.0,0.0,0.0,0.0,0.0,0.0,0.0,86.0,86.6,87.8,86.1875,86.5925925925936,87.34437841681495,0.0,0.015074615578649335,0.010659362899443964,0.0,0.0,-3.0,-0.033707865168539325,-3.0,-0.033707865168539325,86.0,86.0,86.0,89.0,86.0,89.0,,0.0,0.0,1,2,14,86.0,0.0,SAME,1.0
PCAL,2023-02-15,86.0,86.0,86.0,86.0,89.0,89.0,0.0,0.0,0.0,0.0,0.0,0.0,0.0,0.0,86.0,86.0,87.5,86.09375,86.39506172839575,87.09994597739404,0.0,0.015074615578649335,0.010659362899443964,0.0,0.0,-3.0,-0.033707865168539325,-3.0,-0.033707865168539325,86.0,86.0,86.0,86.0,86.0,89.0,,,0.0,2,2,15,86.0,0.0,SAME,1.0
PCAL,2023-02-16,86.0,86.0,86.0,86.0,86.0,89.0,0.0,0.0,0.0,0.0,0.0,0.0,0.0,0.0,86.0,86.0,87.2,86.046875,86.26337448559717,86.89995579968604,0.0,0.0,0.010659362899443964,0.0,0.0,0.0,0.0,-3.0,-0.033707865168539325,86.0,86.0,86.0,86.0,86.0,89.0,,,0.0,3,2,16,86.0,0.0,SAME,1.0
PCAL,2023-02-17,86.0,86.0,86.0,86.0,86.0,89.0,0.0,0.0,0.0,0.0,0.0,0.0,0.0,0.0,86.0,86.0,86.9,86.0234375,86.17558299039811,86.73632747247039,0.0,0.0,0.010659362899443964,0.0,0.0,0.0,0.0,-3.0,-0.033707865168539325,86.0,86.0,86.0,86.0,86.0,89.0,,,0.0,4,2,17,86.0,0.0,SAME,1.0
PCAL,2023-02-20,86.0,86.0,86.0,86.0,86.0,89.0,0.0,0.0,0.0,0.0,0.0,0.0,0.0,0.0,86.0,86.0,86.6,86.01171875,86.11705532693207,86.60244975020305,0.0,0.0,0.010659362899443964,0.0,0.0,0.0,0.0,-3.0,-0.033707865168539325,86.0,86.0,86.0,86.0,86.0,89.0,,,0.0,0,2,20,86.0,0.0,SAME,1.0
PCAL,2023-02-24,86.0,86.0,86.0,86.0,86.0,89.0,0.0,0.0,0.0,0.0,0.0,0.0,0.0,0.0,86.0,86.0,86.3,86.005859375,86.07803688462138,86.4929134319843,0.0,0.0,0.010659362899443964,0.0,0.0,0.0,0.0,-3.0,-0.033707865168539325,86.0,86.0,86.0,86.0,86.0,89.0,,,0.0,4,2,24,86.0,0.0,SAME,1.0
PCAL,2023-02-27,86.0,86.0,86.0,86.0,86.0,89.0,0.0,0.0,0.0,0.0,0.0,0.0,0.0,0.0,86.0,86.0,86.0,86.0029296875,86.05202458974759,86.40329280798716,0.0,0.0,0.010659362899443964,0.0,0.0,0.0,0.0,-3.0,-0.033707865168539325,86.0,86.0,86.0,86.0,86.0,86.0,,,,0,2,27,86.0,0.0,SAME,1.0
PCAL,2023-02-28,86.0,86.0,86.0,86.0,86.0,86.0,0.0,0.0,0.0,0.0,0.0,0.0,0.0,0.0,86.0,86.0,86.0,86.00146484375,86.03468305983174,86.32996684289859,0.0,0.0,0.0,0.0,0.0,0.0,0.0,0.0,0.0,86.0,86.0,86.0,86.0,86.0,86.0,,,,1,2,28,86.0,0.0,SAME,1.0
PCAL,2023-03-01,86.0,86.0,86.0,86.0,86.0,86.0,0.0,0.0,0.0,0.0,0.0,0.0,0.0,0.0,86.0,86.0,86.0,86.000732421875,86.02312203988782,86.26997287146247,0.0,0.0,0.0,0.0,0.0,0.0,0.0,0.0,0.0,86.0,86.0,86.0,86.0,86.0,86.0,,,,2,3,1,86.0,0.0,SAME,1.0
PCAL,2023-03-02,86.0,86.0,86.0,86.0,86.0,86.0,0.0,0.0,0.0,0.0,0.0,0.0,0.0,0.0,86.0,86.0,86.0,86.0003662109375,86.01541469325855,86.22088689483293,0.0,0.0,0.0,0.0,0.0,0.0,0.0,0.0,0.0,86.0,86.0,86.0,86.0,86.0,86.0,,,,3,3,2,86.0,0.0,SAME,1.0
PCAL,2023-03-03,86.0,86.0,86.0,86.0,86.0,86.0,0.0,0.0,0.0,0.0,0.0,0.0,0.0,0.0,86.0,86.0,86.0,86.00018310546875,86.01027646217237,86.18072564122694,0.0,0.0,0.0,0.0,0.0,0.0,0.0,0.0,0.0,86.0,86.0,86.0,86.0,86.0,86.0,,,,4,3,3,86.0,0.0,SAME,1.0
PCAL,2023-03-06,86.0,86.0,86.0,86.0,86.0,86.0,0.0,0.0,0.0,0.0,0.0,0.0,0.0,0.0,86.0,86.0,86.0,86.00009155273438,86.00685097478159,86.14786643373114,0.0,0.0,0.0,0.0,0.0,0.0,0.0,0.0,0.0,86.0,86.0,86.0,86.0,86.0,86.0,,,,0,3,6,86.0,0.0,SAME,1.0
PCAL,2023-03-07,86.0,86.0,86.0,86.0,86.0,86.0,0.0,0.0,0.0,0.0,0.0,0.0,0.0,0.0,86.0,86.0,86.0,86.00004577636719,86.00456731652106,86.1209816275982,0.0,0.0,0.0,0.0,0.0,0.0,0.0,0.0,0.0,86.0,86.0,86.0,86.0,86.0,86.0,,,,1,3,7,86.0,0.0,SAME,1.0
PCAL,2023-03-08,86.0,86.0,86.0,86.0,86.0,86.0,0.0,0.0,0.0,0.0,0.0,0.0,0.0,0.0,86.0,86.0,86.0,86.0000228881836,86.00304487768071,86.09898496803488,0.0,0.0,0.0,0.0,0.0,0.0,0.0,0.0,0.0,86.0,86.0,86.0,86.0,86.0,86.0,,,,2,3,8,86.0,0.0,SAME,1.0
PCAL,2023-03-09,86.0,86.0,86.0,86.0,86.0,86.0,0.0,0.0,0.0,0.0,0.0,0.0,0.0,0.0,86.0,86.0,86.0,86.0000114440918,86.00202991845381,86.08098770111945,0.0,0.0,0.0,0.0,0.0,0.0,0.0,0.0,0.0,86.0,86.0,86.0,86.0,86.0,86.0,,,,3,3,9,86.0,0.0,SAME,1.0
PCAL,2023-03-10,86.0,86.0,86.0,86.0,86.0,86.0,0.0,0.0,0.0,0.0,0.0,0.0,0.0,0.0,86.0,86.0,86.0,86.0000057220459,86.00135327896922,86.06626266455228,0.0,0.0,0.0,0.0,0.0,0.0,0.0,0.0,0.0,86.0,86.0,86.0,86.0,86.0,86.0,,,,4,3,10,86.0,0.0,SAME,1.0
PCAL,2023-03-13,86.0,86.0,86.0,86.0,86.0,86.0,0.0,0.0,0.0,0.0,0.0,0.0,0.0,0.0,86.0,86.0,86.0,86.00000286102295,86.00090218597948,86.05421490736096,0.0,0.0,0.0,0.0,0.0,0.0,0.0,0.0,0.0,86.0,86.0,86.0,86.0,86.0,86.0,,,,0,3,13,86.0,0.0,SAME,1.0
PCAL,2023-03-14,86.0,86.0,86.0,86.0,86.0,86.0,0.0,0.0,0.0,0.0,0.0,0.0,0.0,0.0,86.0,86.0,86.0,86.00000143051147,86.00060145731966,86.04435765147714,0.0,0.0,0.0,0.0,0.0,0.0,0.0,0.0,0.0,86.0,86.0,86.0,86.0,86.0,86.0,,,,1,3,14,86.0,0.0,SAME,1.0
PCAL,2023-03-15,86.0,86.0,86.0,86.0,86.0,86.0,0.0,0.0,0.0,0.0,0.0,0.0,0.0,0.0,86.0,86.0,86.0,86.00000071525574,86.00040097154644,86.03629262393584,0.0,0.0,0.0,0.0,0.0,0.0,0.0,0.0,0.0,86.0,86.0,86.0,86.0,86.0,86.0,,,,2,3,15,86.0,0.0,SAME,1.0
PCAL,2023-03-16,86.0,86.0,86.0,86.0,86.0,86.0,0.0,0.0,0.0,0.0,0.0,0.0,0.0,0.0,86.0,86.0,86.0,86.00000035762787,86.0002673143643,86.0296939650384,0.0,0.0,0.0,0.0,0.0,0.0,0.0,0.0,0.0,86.0,86.0,86.0,86.0,86.0,86.0,,,,3,3,16,85.0,-1.0,DOWN,0.0
PCAL,2023-03-17,85.0,86.0,86.0,86.0,86.0,86.0,-1.0,-1.0,-1.0,-0.011627906976744207,-0.011627906976744207,-0.011627906976744207,-0.011696039763191298,-0.011696039763191298,85.66666666666667,85.8,85.9,85.50000017881393,85.66684487624286,85.84247688048596,0.006713375223133143,0.005200158087206154,0.003677067046707427,-1.0,-0.011627906976744186,-1.0,-0.011627906976744186,-1.0,-0.011627906976744186,85.0,86.0,85.0,86.0,85.0,86.0,0.0,0.0,0.0,4,3,17,77.27,-7.730000000000004,DOWN,0.0
PCAL,2023-03-20,77.27,85.0,86.0,86.0,86.0,86.0,-7.730000000000004,-8.730000000000004,-8.730000000000004,-0.0909411764705883,-0.10151162790697676,-0.10151162790697676,-0.09534547454482402,-0.10704151430801524,82.75666666666666,84.054,85.027,81.38500008940696,82.86789658416191,84.2838447203976,0.049490909125342555,0.039690749623398455,0.02858411390691595,-8.730000000000004,-0.10151162790697679,-8.730000000000004,-0.10151162790697679,-8.730000000000004,-0.10151162790697679,77.27,86.0,77.27,86.0,77.27,86.0,0.0,0.0,0.0,0,3,20,77.27,0.0,SAME,1.0
PCAL,2023-03-21,77.27,77.27,85.0,86.0,86.0,86.0,0.0,-7.730000000000004,-8.730000000000004,0.0,-0.0909411764705883,-0.10151162790697676,0.0,-0.09534547454482402,79.84666666666665,82.30799999999999,84.15400000000001,79.32750004470347,81.00193105610795,83.00860022577984,0.049490909125342555,0.039690749623398455,0.02858411390691595,-8.730000000000004,-0.10151162790697679,-8.730000000000004,-0.10151162790697679,-8.730000000000004,-0.10151162790697679,77.27,85.0,77.27,86.0,77.27,86.0,0.0,0.0,0.0,1,3,21,77.27,0.0,SAME,1.0
PCAL,2023-03-22,77.27,77.27,77.27,85.0,86.0,86.0,0.0,0.0,-7.730000000000004,0.0,0.0,-0.0909411764705883,0.0,0.0,77.27,80.56199999999998,83.281,78.29875002235173,79.7579540374053,81.96521836654713,0.052504912715715175,0.039690749623398455,0.02858411390691595,-7.730000000000004,-0.09094117647058828,-8.730000000000004,-0.10151162790697679,-8.730000000000004,-0.10151162790697679,77.27,77.27,77.27,86.0,77.27,86.0,,0.0,0.0,2,3,22,77.27,0.0,SAME,1.0
PCAL,2023-03-23,77.27,77.27,77.27,77.27,86.0,86.0,0.0,0.0,0.0,0.0,0.0,0.0,0.0,0.0,77.27,78.816,82.408,77.78437501117585,78.92863602493686,81.1115422999022,0.0,0.039690749623398455,0.02858411390691595,0.0,0.0,-8.730000000000004,-0.10151162790697679,-8.730000000000004,-0.10151162790697679,77.27,77.27,77.27,85.0,77.27,86.0,,0.0,0.0,3,3,23,77.27,0.0,SAME,1.0
PCAL,2023-03-24,77.27,77.27,77.27,77.27,85.0,86.0,0.0,0.0,0.0,0.0,0.0,0.0,0.0,0.0,77.27,77.27,81.535,77.52718750558793,78.37575734995791,80.41308006355634,0.0,0.04067013050840763,0.02858411390691595,0.0,0.0,-7.730000000000004,-0.09094117647058828,-8.730000000000004,-0.10151162790697679,77.27,77.27,77.27,77.27,77.27,86.0,,,0.0,4,3,24,77.27,0.0,SAME,1.0
PCAL,2023-03-27,77.27,77.27,77.27,77.27,77.27,86.0,0.0,0.0,0.0,0.0,0.0,0.0,0.0,0.0,77.27,77.27,80.662,77.39859375279397,78.0071715666386,79.84161096109155,0.0,0.0,0.02858411390691595,0.0,0.0,0.0,0.0,-8.730000000000004,-0.10151162790697679,77.27,77.27,77.27,77.27,77.27,86.0,,,0.0,0,3,27,77.27,0.0,SAME,1.0
PCAL,2023-03-28,77.27,77.27,77.27,77.27,77.27,86.0,0.0,0.0,0.0,0.0,0.0,0.0,0.0,0.0,77.27,77.27,79.789,77.33429687639699,77.7614477110924,79.37404533180217,0.0,0.0,0.02858411390691595,0.0,0.0,0.0,0.0,-8.730000000000004,-0.10151162790697679,77.27,77.27,77.27,77.27,77.27,86.0,,,0.0,1,3,28,77.27,0.0,SAME,1.0
PCAL,2023-03-29,77.27,77.27,77.27,77.27,77.27,86.0,0.0,0.0,0.0,0.0,0.0,0.0,0.0,0.0,77.27,77.27,78.916,77.30214843819849,77.59763180739493,78.99149163511086,0.0,0.0,0.02858411390691595,0.0,0.0,0.0,0.0,-8.730000000000004,-0.10151162790697679,77.27,77.27,77.27,77.27,77.27,86.0,,,0.0,2,3,29,77.27,0.0,SAME,1.0
PCAL,2023-03-30,77.27,77.27,77.27,77.27,77.27,86.0,0.0,0.0,0.0,0.0,0.0,0.0,0.0,0.0,77.27,77.27,78.043,77.28607421909925,77.48842120492996,78.67849315599979,0.0,0.0,0.02858411390691595,0.0,0.0,0.0,0.0,-8.730000000000004,-0.10151162790697679,77.27,77.27,77.27,77.27,77.27,85.0,,,0.0,3,3,30,77.27,0.0,SAME,1.0
PCAL,2023-03-31,77.27,77.27,77.27,77.27,77.27,85.0,0.0,0.0,0.0,0.0,0.0,0.0,0.0,0.0,77.27,77.27,77.27,77.27803710954962,77.41561413661998,78.42240349127255,0.0,0.0,0.028758125074237164,0.0,0.0,0.0,0.0,-7.730000000000004,-0.09094117647058828,77.27,77.27,77.27,77.27,77.27,77.27,,,,4,3,31,77.27,0.0,SAME,1.0
PCAL,2023-04-03,77.27,77.27,77.27,77.27,77.27,77.27,0.0,0.0,0.0,0.0,0.0,0.0,0.0,0.0,77.27,77.27,77.27,77.27401855477481,77.36707609108,78.21287558376844,0.0,0.0,0.0,0.0,0.0,0.0,0.0,0.0,0.0,77.27,77.27,77.27,77.27,77.27,77.27,,,,0,4,3,77.27,0.0,SAME,1.0
PCAL,2023-04-04,77.27,77.27,77.27,77.27,77.27,77.27,0.0,0.0,0.0,0.0,0.0,0.0,0.0,0.0,77.27,77.27,77.27,77.27200927738741,77.33471739405333,78.0414436594469,0.0,0.0,0.0,0.0,0.0,0.0,0.0,0.0,0.0,77.27,77.27,77.27,77.27,77.27,77.27,,,,1,4,4,77.27,0.0,SAME,1.0
PCAL,2023-04-05,77.27,77.27,77.27,77.27,77.27,77.27,0.0,0.0,0.0,0.0,0.0,0.0,0.0,0.0,77.27,77.27,77.27,77.27100463869371,77.31314492936889,77.90118117591109,0.0,0.0,0.0,0.0,0.0,0.0,0.0,0.0,0.0,77.27,77.27,77.27,77.27,77.27,77.27,,,,2,4,5,77.27,0.0,SAME,1.0
PCAL,2023-04-06,77.27,77.27,77.27,77.27,77.27,77.27,0.0,0.0,0.0,0.0,0.0,0.0,0.0,0.0,77.27,77.27,77.27,77.27050231934686,77.29876328624593,77.78642096210908,0.0,0.0,0.0,0.0,0.0,0.0,0.0,0.0,0.0,77.27,77.27,77.27,77.27,77.27,77.27,,,,3,4,6,77.27,0.0,SAME,1.0
PCAL,2023-04-07,77.27,77.27,77.27,77.27,77.27,77.27,0.0,0.0,0.0,0.0,0.0,0.0,0.0,0.0,77.27,77.27,77.27,77.27025115967342,77.28917552416395,77.6925262417256,0.0,0.0,0.0,0.0,0.0,0.0,0.0,0.0,0.0,77.27,77.27,77.27,77.27,77.27,77.27,,,,4,4,7,77.27,0.0,SAME,1.0
PCAL,2023-04-10,77.27,77.27,77.27,77.27,77.27,77.27,0.0,0.0,0.0,0.0,0.0,0.0,0.0,0.0,77.27,77.27,77.27,77.2701255798367,77.28278368277597,77.61570328868459,0.0,0.0,0.0,0.0,0.0,0.0,0.0,0.0,0.0,77.27,77.27,77.27,77.27,77.27,77.27,,,,0,4,10,77.27,0.0,SAME,1.0
PCAL,2023-04-11,77.27,77.27,77.27,77.27,77.27,77.27,0.0,0.0,0.0,0.0,0.0,0.0,0.0,0.0,77.27,77.27,77.27,77.27006278991834,77.27852245518399,77.55284814528738,0.0,0.0,0.0,0.0,0.0,0.0,0.0,0.0,0.0,77.27,77.27,77.27,77.27,77.27,77.27,,,,1,4,11,77.27,0.0,SAME,1.0
PCAL,2023-04-12,77.27,77.27,77.27,77.27,77.27,77.27,0.0,0.0,0.0,0.0,0.0,0.0,0.0,0.0,77.27,77.27,77.27,77.27003139495918,77.27568163678933,77.50142120978059,0.0,0.0,0.0,0.0,0.0,0.0,0.0,0.0,0.0,77.27,77.27,77.27,77.27,77.27,77.27,,,,2,4,12,77.27,0.0,SAME,1.0
PCAL,2023-04-13,77.27,77.27,77.27,77.27,77.27,77.27,0.0,0.0,0.0,0.0,0.0,0.0,0.0,0.0,77.27,77.27,77.27,77.27001569747958,77.27378775785955,77.45934462618412,0.0,0.0,0.0,0.0,0.0,0.0,0.0,0.0,0.0,77.27,77.27,77.27,77.27,77.27,77.27,,,,3,4,13,77.27,0.0,SAME,1.0
PCAL,2023-04-14,77.27,77.27,77.27,77.27,77.27,77.27,0.0,0.0,0.0,0.0,0.0,0.0,0.0,0.0,77.27,77.27,77.27,77.2700078487398,77.27252517190637,77.42491833051427,0.0,0.0,0.0,0.0,0.0,0.0,0.0,0.0,0.0,77.27,77.27,77.27,77.27,77.27,77.27,,,,4,4,14,77.27,0.0,SAME,1.0
PCAL,2023-04-17,77.27,77.27,77.27,77.27,77.27,77.27,0.0,0.0,0.0,0.0,0.0,0.0,0.0,0.0,77.27,77.27,77.27,77.27000392436989,77.27168344793758,77.39675136132986,0.0,0.0,0.0,0.0,0.0,0.0,0.0,0.0,0.0,77.27,77.27,77.27,77.27,77.27,77.27,,,,0,4,17,77.27,0.0,SAME,1.0
PCAL,2023-04-18,77.27,77.27,77.27,77.27,77.27,77.27,0.0,0.0,0.0,0.0,0.0,0.0,0.0,0.0,77.27,77.27,77.27,77.27000196218495,77.27112229862506,77.37370565926989,0.0,0.0,0.0,0.0,0.0,0.0,0.0,0.0,0.0,77.27,77.27,77.27,77.27,77.27,77.27,,,,1,4,18,77.27,0.0,SAME,1.0
PCAL,2023-04-19,77.27,77.27,77.27,77.27,77.27,77.27,0.0,0.0,0.0,0.0,0.0,0.0,0.0,0.0,77.27,77.27,77.27,77.27000098109247,77.27074819908337,77.35485008485718,0.0,0.0,0.0,0.0,0.0,0.0,0.0,0.0,0.0,77.27,77.27,77.27,77.27,77.27,77.27,,,,2,4,19,77.27,0.0,SAME,1.0
PCAL,2023-04-21,77.27,77.27,77.27,77.27,77.27,77.27,0.0,0.0,0.0,0.0,0.0,0.0,0.0,0.0,77.27,77.27,77.27,77.27000049054624,77.27049879938892,77.33942279670133,0.0,0.0,0.0,0.0,0.0,0.0,0.0,0.0,0.0,77.27,77.27,77.27,77.27,77.27,77.27,,,,4,4,21,77.27,0.0,SAME,1.0
PCAL,2023-04-24,77.27,77.27,77.27,77.27,77.27,77.27,0.0,0.0,0.0,0.0,0.0,0.0,0.0,0.0,77.27,77.27,77.27,77.27000024527311,77.27033253292595,77.32680047002836,0.0,0.0,0.0,0.0,0.0,0.0,0.0,0.0,0.0,77.27,77.27,77.27,77.27,77.27,77.27,,,,0,4,24,77.27,0.0,SAME,1.0
PCAL,2023-04-25,77.27,77.27,77.27,77.27,77.27,77.27,0.0,0.0,0.0,0.0,0.0,0.0,0.0,0.0,77.27,77.27,77.27,77.27000012263656,77.2702216886173,77.31647311184138,0.0,0.0,0.0,0.0,0.0,0.0,0.0,0.0,0.0,77.27,77.27,77.27,77.27,77.27,77.27,,,,1,4,25,77.27,0.0,SAME,1.0
PCAL,2023-04-26,77.27,77.27,77.27,77.27,77.27,77.27,0.0,0.0,0.0,0.0,0.0,0.0,0.0,0.0,77.27,77.27,77.27,77.27000006131829,77.27014779241154,77.30802345514294,0.0,0.0,0.0,0.0,0.0,0.0,0.0,0.0,0.0,77.27,77.27,77.27,77.27,77.27,77.27,,,,2,4,26,77.27,0.0,SAME,1.0
PCAL,2023-04-27,77.27,77.27,77.27,77.27,77.27,77.27,0.0,0.0,0.0,0.0,0.0,0.0,0.0,0.0,77.27,77.27,77.27,77.27000003065913,77.27009852827436,77.30111009966241,0.0,0.0,0.0,0.0,0.0,0.0,0.0,0.0,0.0,77.27,77.27,77.27,77.27,77.27,77.27,,,,3,4,27,77.27,0.0,SAME,1.0
PCAL,2023-04-28,77.27,77.27,77.27,77.27,77.27,77.27,0.0,0.0,0.0,0.0,0.0,0.0,0.0,0.0,77.27,77.27,77.27,77.27000001532957,77.27006568551624,77.2954537179056,0.0,0.0,0.0,0.0,0.0,0.0,0.0,0.0,0.0,77.27,77.27,77.27,77.27,77.27,77.27,,,,4,4,28,77.27,0.0,SAME,1.0
PCAL,2023-05-01,77.27,77.27,77.27,77.27,77.27,77.27,0.0,0.0,0.0,0.0,0.0,0.0,0.0,0.0,77.27,77.27,77.27,77.27000000766478,77.27004379034416,77.2908257691955,0.0,0.0,0.0,0.0,0.0,0.0,0.0,0.0,0.0,77.27,77.27,77.27,77.27,77.27,77.27,,,,0,5,1,77.27,0.0,SAME,1.0
PCAL,2023-05-03,77.27,77.27,77.27,77.27,77.27,77.27,0.0,0.0,0.0,0.0,0.0,0.0,0.0,0.0,77.27,77.27,77.27,77.2700000038324,77.27002919356278,77.2870392657054,0.0,0.0,0.0,0.0,0.0,0.0,0.0,0.0,0.0,77.27,77.27,77.27,77.27,77.27,77.27,,,,2,5,3,77.27,0.0,SAME,1.0
PCAL,2023-05-04,77.27,77.27,77.27,77.27,77.27,77.27,0.0,0.0,0.0,0.0,0.0,0.0,0.0,0.0,77.27,77.27,77.27,77.2700000019162,77.27001946237519,77.28394121739532,0.0,0.0,0.0,0.0,0.0,0.0,0.0,0.0,0.0,77.27,77.27,77.27,77.27,77.27,77.27,,,,3,5,4,77.27,0.0,SAME,1.0
PCAL,2023-05-05,77.27,77.27,77.27,77.27,77.27,77.27,0.0,0.0,0.0,0.0,0.0,0.0,0.0,0.0,77.27,77.27,77.27,77.2700000009581,77.2700129749168,77.28140645059617,0.0,0.0,0.0,0.0,0.0,0.0,0.0,0.0,0.0,77.27,77.27,77.27,77.27,77.27,77.27,,,,4,5,5,77.27,0.0,SAME,1.0
PCAL,2023-05-08,77.27,77.27,77.27,77.27,77.27,77.27,0.0,0.0,0.0,0.0,0.0,0.0,0.0,0.0,77.27,77.27,77.27,77.27000000047906,77.27000864994453,77.27933255048777,0.0,0.0,0.0,0.0,0.0,0.0,0.0,0.0,0.0,77.27,77.27,77.27,77.27,77.27,77.27,,,,0,5,8,77.27,0.0,SAME,1.0
PCAL,2023-05-09,77.27,77.27,77.27,77.27,77.27,77.27,0.0,0.0,0.0,0.0,0.0,0.0,0.0,0.0,77.27,77.27,77.27,77.27000000023952,77.2700057666297,77.27763572312635,0.0,0.0,0.0,0.0,0.0,0.0,0.0,0.0,0.0,77.27,77.27,77.27,77.27,77.27,77.27,,,,1,5,9,77.27,0.0,SAME,1.0
PCAL,2023-05-10,77.27,77.27,77.27,77.27,77.27,77.27,0.0,0.0,0.0,0.0,0.0,0.0,0.0,0.0,77.27,77.27,77.27,77.27000000011975,77.2700038444198,77.27624740983065,0.0,0.0,0.0,0.0,0.0,0.0,0.0,0.0,0.0,77.27,77.27,77.27,77.27,77.27,77.27,,,,2,5,10,77.27,0.0,SAME,1.0
PCAL,2023-05-11,77.27,77.27,77.27,77.27,77.27,77.27,0.0,0.0,0.0,0.0,0.0,0.0,0.0,0.0,77.27,77.27,77.27,77.27000000005987,77.27000256294654,77.27511151713416,0.0,0.0,0.0,0.0,0.0,0.0,0.0,0.0,0.0,77.27,77.27,77.27,77.27,77.27,77.27,,,,3,5,11,77.27,0.0,SAME,1.0
PCAL,2023-05-12,77.27,77.27,77.27,77.27,77.27,77.27,0.0,0.0,0.0,0.0,0.0,0.0,0.0,0.0,77.27,77.27,77.27,77.27000000002994,77.27000170863103,77.2741821503825,0.0,0.0,0.0,0.0,0.0,0.0,0.0,0.0,0.0,77.27,77.27,77.27,77.27,77.27,77.27,,,,4,5,12,77.27,0.0,SAME,1.0
PCAL,2023-05-15,77.27,77.27,77.27,77.27,77.27,77.27,0.0,0.0,0.0,0.0,0.0,0.0,0.0,0.0,77.27,77.27,77.27,77.27000000001496,77.27000113908736,77.27342175940386,0.0,0.0,0.0,0.0,0.0,0.0,0.0,0.0,0.0,77.27,77.27,77.27,77.27,77.27,77.27,,,,0,5,15,77.27,0.0,SAME,1.0
PCAL,2023-05-16,77.27,77.27,77.27,77.27,77.27,77.27,0.0,0.0,0.0,0.0,0.0,0.0,0.0,0.0,77.27,77.27,77.27,77.27000000000749,77.27000075939158,77.27279962133042,0.0,0.0,0.0,0.0,0.0,0.0,0.0,0.0,0.0,77.27,77.27,77.27,77.27,77.27,77.27,,,,1,5,16,77.27,0.0,SAME,1.0
PCAL,2023-05-17,77.27,77.27,77.27,77.27,77.27,77.27,0.0,0.0,0.0,0.0,0.0,0.0,0.0,0.0,77.27,77.27,77.27,77.27000000000373,77.27000050626106,77.27229059927033,0.0,0.0,0.0,0.0,0.0,0.0,0.0,0.0,0.0,77.27,77.27,77.27,77.27,77.27,77.27,,,,2,5,17,77.27,0.0,SAME,1.0
PCAL,2023-05-18,77.27,77.27,77.27,77.27,77.27,77.27,0.0,0.0,0.0,0.0,0.0,0.0,0.0,0.0,77.27,77.27,77.27,77.27000000000186,77.27000033750737,77.27187412667573,0.0,0.0,0.0,0.0,0.0,0.0,0.0,0.0,0.0,77.27,77.27,77.27,77.27,77.27,77.27,,,,3,5,18,77.27,0.0,SAME,1.0
PCAL,2023-05-19,77.27,77.27,77.27,77.27,77.27,77.27,0.0,0.0,0.0,0.0,0.0,0.0,0.0,0.0,77.27,77.27,77.27,77.27000000000092,77.27000022500492,77.27153337637104,0.0,0.0,0.0,0.0,0.0,0.0,0.0,0.0,0.0,77.27,77.27,77.27,77.27,77.27,77.27,,,,4,5,19,77.27,0.0,SAME,1.0
PCAL,2023-05-22,77.27,77.27,77.27,77.27,77.27,77.27,0.0,0.0,0.0,0.0,0.0,0.0,0.0,0.0,77.27,77.27,77.27,77.27000000000046,77.27000015000328,77.2712545806672,0.0,0.0,0.0,0.0,0.0,0.0,0.0,0.0,0.0,77.27,77.27,77.27,77.27,77.27,77.27,,,,0,5,22,77.27,0.0,SAME,1.0
PCAL,2023-05-23,77.27,77.27,77.27,77.27,77.27,77.27,0.0,0.0,0.0,0.0,0.0,0.0,0.0,0.0,77.27,77.27,77.27,77.27000000000024,77.27000010000219,77.27102647509135,0.0,0.0,0.0,0.0,0.0,0.0,0.0,0.0,0.0,77.27,77.27,77.27,77.27,77.27,77.27,,,,1,5,23,77.27,0.0,SAME,1.0
PCAL,2023-05-24,77.27,77.27,77.27,77.27,77.27,77.27,0.0,0.0,0.0,0.0,0.0,0.0,0.0,0.0,77.27,77.27,77.27,77.27000000000012,77.27000006666813,77.27083984325655,0.0,0.0,0.0,0.0,0.0,0.0,0.0,0.0,0.0,77.27,77.27,77.27,77.27,77.27,77.27,,,,2,5,24,77.27,0.0,SAME,1.0
PCAL,2023-05-25,77.27,77.27,77.27,77.27,77.27,77.27,0.0,0.0,0.0,0.0,0.0,0.0,0.0,0.0,77.27,77.27,77.27,77.27000000000007,77.27000004444542,77.27068714448264,0.0,0.0,0.0,0.0,0.0,0.0,0.0,0.0,0.0,77.27,77.27,77.27,77.27,77.27,77.27,,,,3,5,25,77.27,0.0,SAME,1.0
PCAL,2023-05-26,77.27,77.27,77.27,77.27,77.27,77.27,0.0,0.0,0.0,0.0,0.0,0.0,0.0,0.0,77.27,77.27,77.27,77.27000000000004,77.27000002963028,77.27056220912215,0.0,0.0,0.0,0.0,0.0,0.0,0.0,0.0,0.0,77.27,77.27,77.27,77.27,77.27,77.27,,,,4,5,26,77.27,0.0,SAME,1.0
PCAL,2023-05-29,77.27,77.27,77.27,77.27,77.27,77.27,0.0,0.0,0.0,0.0,0.0,0.0,0.0,0.0,77.27,77.27,77.27,77.27000000000001,77.27000001975352,77.27045998928175,0.0,0.0,0.0,0.0,0.0,0.0,0.0,0.0,0.0,77.27,77.27,77.27,77.27,77.27,77.27,,,,0,5,29,77.27,0.0,SAME,1.0
PCAL,2023-05-30,77.27,77.27,77.27,77.27,77.27,77.27,0.0,0.0,0.0,0.0,0.0,0.0,0.0,0.0,77.27,77.27,77.27,77.27000000000001,77.27000001316902,77.27037635486688,0.0,0.0,0.0,0.0,0.0,0.0,0.0,0.0,0.0,77.27,77.27,77.27,77.27,77.27,77.27,,,,1,5,30,77.27,0.0,SAME,1.0
PCAL,2023-05-31,77.27,77.27,77.27,77.27,77.27,77.27,0.0,0.0,0.0,0.0,0.0,0.0,0.0,0.0,77.27,77.27,77.27,77.27000000000001,77.27000000877935,77.27030792670926,0.0,0.0,0.0,0.0,0.0,0.0,0.0,0.0,0.0,77.27,77.27,77.27,77.27,77.27,77.27,,,,2,5,31,77.27,0.0,SAME,1.0
PCAL,2023-06-01,77.27,77.27,77.27,77.27,77.27,77.27,0.0,0.0,0.0,0.0,0.0,0.0,0.0,0.0,77.27,77.27,77.27,77.27000000000001,77.2700000058529,77.27025194003485,0.0,0.0,0.0,0.0,0.0,0.0,0.0,0.0,0.0,77.27,77.27,77.27,77.27,77.27,77.27,,,,3,6,1,77.27,0.0,SAME,1.0
PCAL,2023-06-02,77.27,77.27,77.27,77.27,77.27,77.27,0.0,0.0,0.0,0.0,0.0,0.0,0.0,0.0,77.27,77.27,77.27,77.27000000000001,77.27000000390194,77.27020613275579,0.0,0.0,0.0,0.0,0.0,0.0,0.0,0.0,0.0,77.27,77.27,77.27,77.27,77.27,77.27,,,,4,6,2,77.0,-0.269999999999996,DOWN,0.0
PCAL,2023-06-05,77.0,77.27,77.27,77.27,77.27,77.27,-0.269999999999996,-0.269999999999996,-0.269999999999996,-0.003494240973210716,-0.003494240973210716,-0.003494240973210716,-0.003500360091808558,-0.003500360091808558,77.17999999999999,77.216,77.243,77.135,77.1800000026013,77.22107774498201,0.0020174009664899826,0.0015626720691639558,0.001104976016882922,-0.269999999999996,-0.003494240973210768,-0.269999999999996,-0.003494240973210768,-0.269999999999996,-0.003494240973210768,77.0,77.27,77.0,77.27,77.0,77.27,0.0,0.0,0.0,0,6,5,77.0,0.0,SAME,1.0
PCAL,2023-06-06,77.0,77.0,77.27,77.27,77.27,77.27,0.0,-0.269999999999996,-0.269999999999996,0.0,-0.003494240973210716,-0.003494240973210716,0.0,-0.003500360091808558,77.08999999999999,77.162,77.216,77.0675,77.12000000173421,77.18088179134892,0.0020174009664899826,0.0015626720691639558,0.001104976016882922,-0.269999999999996,-0.003494240973210768,-0.269999999999996,-0.003494240973210768,-0.269999999999996,-0.003494240973210768,77.0,77.27,77.0,77.27,77.0,77.27,0.0,0.0,0.0,1,6,6,77.0,0.0,SAME,1.0
PCAL,2023-06-07,77.0,77.0,77.0,77.27,77.27,77.27,0.0,0.0,-0.269999999999996,0.0,0.0,-0.003494240973210716,0.0,0.0,77.0,77.10799999999999,77.189,77.03375,77.08000000115615,77.14799419292184,0.0020174009664899826,0.0015626720691639558,0.001104976016882922,-0.269999999999996,-0.003494240973210768,-0.269999999999996,-0.003494240973210768,-0.269999999999996,-0.003494240973210768,77.0,77.0,77.0,77.27,77.0,77.27,,0.0,0.0,2,6,7,77.0,0.0,SAME,1.0
PCAL,2023-06-08,77.0,77.0,77.0,77.0,77.27,77.27,0.0,0.0,0.0,0.0,0.0,0.0,0.0,0.0,77.0,77.054,77.162,77.016875,77.05333333410411,77.12108615784514,0.0,0.0015626720691639558,0.001104976016882922,0.0,0.0,-0.269999999999996,-0.003494240973210768,-0.269999999999996,-0.003494240973210768,77.0,77.0,77.0,77.27,77.0,77.27,,0.0,0.0,3,6,8,77.0,0.0,SAME,1.0
PCAL,2023-06-09,77.0,77.0,77.0,77.0,77.27,77.27,0.0,0.0,0.0,0.0,0.0,0.0,0.0,0.0,77.0,77.0,77.135,77.0084375,77.03555555606941,77.09907049278237,0.0,0.0015626720691639558,0.001104976016882922,0.0,0.0,-0.269999999999996,-0.003494240973210768,-0.269999999999996,-0.003494240973210768,77.0,77.0,77.0,77.0,77.0,77.27,,,0.0,4,6,9,77.0,0.0,SAME,1.0
PCAL,2023-06-12,77.0,77.0,77.0,77.0,77.0,77.27,0.0,0.0,0.0,0.0,0.0,0.0,0.0,0.0,77.0,77.0,77.10799999999999,77.00421875,77.02370370404628,77.08105767591285,0.0,0.0,0.001104976016882922,0.0,0.0,0.0,0.0,-0.269999999999996,-0.003494240973210768,77.0,77.0,77.0,77.0,77.0,77.27,,,0.0,0,6,12,77.0,0.0,SAME,1.0
PCAL,2023-06-13,77.0,77.0,77.0,77.0,77.0,77.27,0.0,0.0,0.0,0.0,0.0,0.0,0.0,0.0,77.0,77.0,77.08099999999999,77.002109375,77.01580246936419,77.06631991665596,0.0,0.0,0.001104976016882922,0.0,0.0,0.0,0.0,-0.269999999999996,-0.003494240973210768,77.0,77.0,77.0,77.0,77.0,77.27,,,0.0,1,6,13,77.0,0.0,SAME,1.0
PCAL,2023-06-14,77.0,77.0,77.0,77.0,77.0,77.27,0.0,0.0,0.0,0.0,0.0,0.0,0.0,0.0,77.0,77.0,77.054,77.0010546875,77.01053497957614,77.05426174999124,0.0,0.0,0.001104976016882922,0.0,0.0,0.0,0.0,-0.269999999999996,-0.003494240973210768,77.0,77.0,77.0,77.0,77.0,77.27,,,0.0,2,6,14,77.0,0.0,SAME,1.0
PCAL,2023-06-15,77.0,77.0,77.0,77.0,77.0,77.27,0.0,0.0,0.0,0.0,0.0,0.0,0.0,0.0,77.0,77.0,77.027,77.00052734375001,77.00702331971743,77.04439597726557,0.0,0.0,0.001104976016882922,0.0,0.0,0.0,0.0,-0.269999999999996,-0.003494240973210768,77.0,77.0,77.0,77.0,77.0,77.27,,,0.0,3,6,15,77.0,0.0,SAME,1.0
PCAL,2023-06-16,77.0,77.0,77.0,77.0,77.0,77.27,0.0,0.0,0.0,0.0,0.0,0.0,0.0,0.0,77.0,77.0,77.0,77.000263671875,77.00468221314496,77.0363239813991,0.0,0.0,0.001104976016882922,0.0,0.0,0.0,0.0,-0.269999999999996,-0.003494240973210768,77.0,77.0,77.0,77.0,77.0,77.0,,,,4,6,16,77.0,0.0,SAME,1.0
PCAL,2023-06-19,77.0,77.0,77.0,77.0,77.0,77.0,0.0,0.0,0.0,0.0,0.0,0.0,0.0,0.0,77.0,77.0,77.0,77.00013183593751,77.00312147542998,77.02971962114471,0.0,0.0,0.0,0.0,0.0,0.0,0.0,0.0,0.0,77.0,77.0,77.0,77.0,77.0,77.0,,,,0,6,19,77.0,0.0,SAME,1.0
PCAL,2023-06-20,77.0,77.0,77.0,77.0,77.0,77.0,0.0,0.0,0.0,0.0,0.0,0.0,0.0,0.0,77.0,77.0,77.0,77.00006591796875,77.00208098361999,77.02431605366385,0.0,0.0,0.0,0.0,0.0,0.0,0.0,0.0,0.0,77.0,77.0,77.0,77.0,77.0,77.0,,,,1,6,20,77.0,0.0,SAME,1.0
PCAL,2023-06-21,77.0,77.0,77.0,77.0,77.0,77.0,0.0,0.0,0.0,0.0,0.0,0.0,0.0,0.0,77.0,77.0,77.0,77.00003295898438,77.00138732241334,77.0198949529977,0.0,0.0,0.0,0.0,0.0,0.0,0.0,0.0,0.0,77.0,77.0,77.0,77.0,77.0,77.0,,,,2,6,21,77.0,0.0,SAME,1.0
PCAL,2023-06-22,77.0,77.0,77.0,77.0,77.0,77.0,0.0,0.0,0.0,0.0,0.0,0.0,0.0,0.0,77.0,77.0,77.0,77.00001647949219,77.0009248816089,77.0162776888163,0.0,0.0,0.0,0.0,0.0,0.0,0.0,0.0,0.0,77.0,77.0,77.0,77.0,77.0,77.0,,,,3,6,22,77.0,0.0,SAME,1.0
PCAL,2023-06-23,77.0,77.0,77.0,77.0,77.0,77.0,0.0,0.0,0.0,0.0,0.0,0.0,0.0,0.0,77.0,77.0,77.0,77.0000082397461,77.00061658773927,77.01331810903152,0.0,0.0,0.0,0.0,0.0,0.0,0.0,0.0,0.0,77.0,77.0,77.0,77.0,77.0,77.0,,,,4,6,23,77.0,0.0,SAME,1.0
PCAL,2023-06-26,77.0,77.0,77.0,77.0,77.0,77.0,0.0,0.0,0.0,0.0,0.0,0.0,0.0,0.0,77.0,77.0,77.0,77.00000411987304,77.00041105849286,77.01089663466215,0.0,0.0,0.0,0.0,0.0,0.0,0.0,0.0,0.0,77.0,77.0,77.0,77.0,77.0,77.0,,,,0,6,26,77.0,0.0,SAME,1.0
PCAL,2023-06-27,77.0,77.0,77.0,77.0,77.0,77.0,0.0,0.0,0.0,0.0,0.0,0.0,0.0,0.0,77.0,77.0,77.0,77.00000205993652,77.00027403899524,77.00891542835993,0.0,0.0,0.0,0.0,0.0,0.0,0.0,0.0,0.0,77.0,77.0,77.0,77.0,77.0,77.0,,,,1,6,27,77.0,0.0,SAME,1.0
PCAL,2023-06-29,77.0,77.0,77.0,77.0,77.0,77.0,0.0,0.0,0.0,0.0,0.0,0.0,0.0,0.0,77.0,77.0,77.0,77.00000102996826,77.0001826926635,77.0072944413854,0.0,0.0,0.0,0.0,0.0,0.0,0.0,0.0,0.0,77.0,77.0,77.0,77.0,77.0,77.0,,,,3,6,29,77.0,0.0,SAME,1.0
PCAL,2023-06-30,77.0,77.0,77.0,77.0,77.0,77.0,0.0,0.0,0.0,0.0,0.0,0.0,0.0,0.0,77.0,77.0,77.0,77.00000051498412,77.00012179510901,77.00596817931532,0.0,0.0,0.0,0.0,0.0,0.0,0.0,0.0,0.0,77.0,77.0,77.0,77.0,77.0,77.0,,,,4,6,30,77.0,0.0,SAME,1.0
PCAL,2023-07-03,77.0,77.0,77.0,77.0,77.0,77.0,0.0,0.0,0.0,0.0,0.0,0.0,0.0,0.0,77.0,77.0,77.0,77.00000025749206,77.00008119673934,77.00488305580345,0.0,0.0,0.0,0.0,0.0,0.0,0.0,0.0,0.0,77.0,77.0,77.0,77.0,77.0,77.0,,,,0,7,3,77.0,0.0,SAME,1.0
PCAL,2023-07-04,77.0,77.0,77.0,77.0,77.0,77.0,0.0,0.0,0.0,0.0,0.0,0.0,0.0,0.0,77.0,77.0,77.0,77.00000012874602,77.00005413115957,77.00399522747554,0.0,0.0,0.0,0.0,0.0,0.0,0.0,0.0,0.0,77.0,77.0,77.0,77.0,77.0,77.0,,,,1,7,4,77.0,0.0,SAME,1.0
PCAL,2023-07-05,77.0,77.0,77.0,77.0,77.0,77.0,0.0,0.0,0.0,0.0,0.0,0.0,0.0,0.0,77.0,77.0,77.0,77.00000006437301,77.00003608743972,77.00326882247998,0.0,0.0,0.0,0.0,0.0,0.0,0.0,0.0,0.0,77.0,77.0,77.0,77.0,77.0,77.0,,,,2,7,5,77.0,0.0,SAME,1.0
PCAL,2023-07-06,77.0,77.0,77.0,77.0,77.0,77.0,0.0,0.0,0.0,0.0,0.0,0.0,0.0,0.0,77.0,77.0,77.0,77.0000000321865,77.00002405829315,77.00267449111999,0.0,0.0,0.0,0.0,0.0,0.0,0.0,0.0,0.0,77.0,77.0,77.0,77.0,77.0,77.0,,,,3,7,6,77.0,0.0,SAME,1.0
PCAL,2023-07-07,77.0,77.0,77.0,77.0,77.0,77.0,0.0,0.0,0.0,0.0,0.0,0.0,0.0,0.0,77.0,77.0,77.0,77.00000001609325,77.0000160388621,77.00218822000727,0.0,0.0,0.0,0.0,0.0,0.0,0.0,0.0,0.0,77.0,77.0,77.0,77.0,77.0,77.0,,,,4,7,7,77.0,0.0,SAME,1.0
PCAL,2023-07-10,77.0,77.0,77.0,77.0,77.0,77.0,0.0,0.0,0.0,0.0,0.0,0.0,0.0,0.0,77.0,77.0,77.0,77.00000000804663,77.00001069257473,77.00179036182413,0.0,0.0,0.0,0.0,0.0,0.0,0.0,0.0,0.0,77.0,77.0,77.0,77.0,77.0,77.0,,,,0,7,10,77.0,0.0,SAME,1.0
PCAL,2023-07-11,77.0,77.0,77.0,77.0,77.0,77.0,0.0,0.0,0.0,0.0,0.0,0.0,0.0,0.0,77.0,77.0,77.0,77.00000000402332,77.00000712838316,77.00146484149246,0.0,0.0,0.0,0.0,0.0,0.0,0.0,0.0,0.0,77.0,77.0,77.0,77.0,77.0,77.0,,,,1,7,11,77.0,0.0,SAME,1.0
PCAL,2023-07-12,77.0,77.0,77.0,77.0,77.0,77.0,0.0,0.0,0.0,0.0,0.0,0.0,0.0,0.0,77.0,77.0,77.0,77.00000000201166,77.00000475225545,77.00119850667565,0.0,0.0,0.0,0.0,0.0,0.0,0.0,0.0,0.0,77.0,77.0,77.0,77.0,77.0,77.0,,,,2,7,12,77.0,0.0,SAME,1.0
PCAL,2023-07-13,77.0,77.0,77.0,77.0,77.0,77.0,0.0,0.0,0.0,0.0,0.0,0.0,0.0,0.0,77.0,77.0,77.0,77.00000000100583,77.00000316817031,77.00098059637098,0.0,0.0,0.0,0.0,0.0,0.0,0.0,0.0,0.0,77.0,77.0,77.0,77.0,77.0,77.0,,,,3,7,13,77.0,0.0,SAME,1.0
PCAL,2023-07-14,77.0,77.0,77.0,77.0,77.0,77.0,0.0,0.0,0.0,0.0,0.0,0.0,0.0,0.0,77.0,77.0,77.0,77.00000000050292,77.00000211211355,77.0008023061217,0.0,0.0,0.0,0.0,0.0,0.0,0.0,0.0,0.0,77.0,77.0,77.0,77.0,77.0,77.0,,,,4,7,14,77.0,0.0,SAME,1.0
PCAL,2023-07-17,77.0,77.0,77.0,77.0,77.0,77.0,0.0,0.0,0.0,0.0,0.0,0.0,0.0,0.0,77.0,77.0,77.0,77.00000000025146,77.0000014080757,77.00065643228139,0.0,0.0,0.0,0.0,0.0,0.0,0.0,0.0,0.0,77.0,77.0,77.0,77.0,77.0,77.0,,,,0,7,17,77.0,0.0,SAME,1.0
PCAL,2023-07-18,77.0,77.0,77.0,77.0,77.0,77.0,0.0,0.0,0.0,0.0,0.0,0.0,0.0,0.0,77.0,77.0,77.0,77.00000000012574,77.00000093871714,77.00053708095749,0.0,0.0,0.0,0.0,0.0,0.0,0.0,0.0,0.0,77.0,77.0,77.0,77.0,77.0,77.0,,,,1,7,18,77.0,0.0,SAME,1.0
PCAL,2023-07-19,77.0,77.0,77.0,77.0,77.0,77.0,0.0,0.0,0.0,0.0,0.0,0.0,0.0,0.0,77.0,77.0,77.0,77.00000000006287,77.00000062581142,77.0004394298743,0.0,0.0,0.0,0.0,0.0,0.0,0.0,0.0,0.0,77.0,77.0,77.0,77.0,77.0,77.0,,,,2,7,19,77.0,0.0,SAME,1.0
PCAL,2023-07-20,77.0,77.0,77.0,77.0,77.0,77.0,0.0,0.0,0.0,0.0,0.0,0.0,0.0,0.0,77.0,77.0,77.0,77.00000000003143,77.00000041720762,77.00035953353353,0.0,0.0,0.0,0.0,0.0,0.0,0.0,0.0,0.0,77.0,77.0,77.0,77.0,77.0,77.0,,,,3,7,20,77.0,0.0,SAME,1.0
PCAL,2023-07-24,77.0,77.0,77.0,77.0,77.0,77.0,0.0,0.0,0.0,0.0,0.0,0.0,0.0,0.0,77.0,77.0,77.0,77.00000000001572,77.00000027813842,77.00029416380016,0.0,0.0,0.0,0.0,0.0,0.0,0.0,0.0,0.0,77.0,77.0,77.0,77.0,77.0,77.0,,,,0,7,24,77.0,0.0,SAME,1.0
PCAL,2023-07-25,77.0,77.0,77.0,77.0,77.0,77.0,0.0,0.0,0.0,0.0,0.0,0.0,0.0,0.0,77.0,77.0,77.0,77.00000000000786,77.00000018542562,77.00024067947285,0.0,0.0,0.0,0.0,0.0,0.0,0.0,0.0,0.0,77.0,77.0,77.0,77.0,77.0,77.0,,,,1,7,25,77.0,0.0,SAME,1.0
PCAL,2023-07-26,77.0,77.0,77.0,77.0,77.0,77.0,0.0,0.0,0.0,0.0,0.0,0.0,0.0,0.0,77.0,77.0,77.0,77.00000000000392,77.00000012361708,77.0001969195687,0.0,0.0,0.0,0.0,0.0,0.0,0.0,0.0,0.0,77.0,77.0,77.0,77.0,77.0,77.0,,,,2,7,26,73.15,-3.8499999999999943,DOWN,0.0
PCAL,2023-07-27,73.15,77.0,77.0,77.0,77.0,77.0,-3.8499999999999943,-3.8499999999999943,-3.8499999999999943,-0.04999999999999993,-0.04999999999999993,-0.04999999999999993,-0.05129329438755046,-0.05129329438755046,75.71666666666667,76.22999999999999,76.615,75.07500000000196,75.71666674907806,76.30016111601074,0.028867513459480805,0.022360679774997245,0.01581138830084187,-3.8499999999999943,-0.049999999999999926,-3.8499999999999943,-0.049999999999999926,-3.8499999999999943,-0.049999999999999926,73.15,77.0,73.15,77.0,73.15,77.0,0.0,0.0,0.0,3,7,27,73.15,0.0,SAME,1.0
PCAL,2023-07-28,73.15,73.15,77.0,77.0,77.0,77.0,0.0,-3.8499999999999943,-3.8499999999999943,0.0,-0.04999999999999993,-0.04999999999999993,0.0,-0.05129329438755046,74.43333333333334,75.46000000000001,76.22999999999999,74.11250000000098,74.86111116605204,75.72740454946333,0.028867513459480805,0.022360679774997245,0.01581138830084187,-3.8499999999999943,-0.049999999999999926,-3.8499999999999943,-0.049999999999999926,-3.8499999999999943,-0.049999999999999926,73.15,77.0,73.15,77.0,73.15,77.0,0.0,0.0,0.0,4,7,28,73.15,0.0,SAME,1.0
PCAL,2023-07-31,73.15,73.15,73.15,77.0,77.0,77.0,0.0,0.0,-3.8499999999999943,0.0,0.0,-0.04999999999999993,0.0,0.0,73.15,74.69000000000001,75.845,73.63125000000049,74.29074077736803,75.25878554046999,0.028867513459480805,0.022360679774997245,0.01581138830084187,-3.8499999999999943,-0.049999999999999926,-3.8499999999999943,-0.049999999999999926,-3.8499999999999943,-0.049999999999999926,73.15,73.15,73.15,77.0,73.15,77.0,,0.0,0.0,0,7,31,73.15,0.0,SAME,1.0
PCAL,2023-08-01,73.15,73.15,73.15,73.15,77.0,77.0,0.0,0.0,0.0,0.0,0.0,0.0,0.0,0.0,73.15,73.92,75.46000000000001,73.39062500000026,73.91049385157869,74.87536998765725,0.0,0.022360679774997245,0.01581138830084187,0.0,0.0,-3.8499999999999943,-0.049999999999999926,-3.8499999999999943,-0.049999999999999926,73.15,73.15,73.15,77.0,73.15,77.0,,0.0,0.0,1,8,1,73.15,0.0,SAME,1.0
PCAL,2023-08-02,73.15,73.15,73.15,73.15,77.0,77.0,0.0,0.0,0.0,0.0,0.0,0.0,0.0,0.0,73.15,73.15,75.075,73.27031250000013,73.65699590105247,74.56166635353775,0.0,0.022360679774997245,0.01581138830084187,0.0,0.0,-3.8499999999999943,-0.049999999999999926,-3.8499999999999943,-0.049999999999999926,73.15,73.15,73.15,73.15,73.15,77.0,,,0.0,2,8,2,73.15,0.0,SAME,1.0
PCAL,2023-08-03,73.15,73.15,73.15,73.15,73.15,77.0,0.0,0.0,0.0,0.0,0.0,0.0,0.0,0.0,73.15,73.15,74.69000000000001,73.21015625000007,73.48799726736831,74.3049997438036,0.0,0.0,0.01581138830084187,0.0,0.0,0.0,0.0,-3.8499999999999943,-0.049999999999999926,73.15,73.15,73.15,73.15,73.15,77.0,,,0.0,3,8,3,73.15,0.0,SAME,1.0
PCAL,2023-08-04,73.15,73.15,73.15,73.15,73.15,77.0,0.0,0.0,0.0,0.0,0.0,0.0,0.0,0.0,73.15,73.15,74.305,73.18007812500004,73.37533151157888,74.09499979038476,0.0,0.0,0.01581138830084187,0.0,0.0,0.0,0.0,-3.8499999999999943,-0.049999999999999926,73.15,73.15,73.15,73.15,73.15,77.0,,,0.0,4,8,4,73.15,0.0,SAME,1.0
PCAL,2023-08-07,73.15,73.15,73.15,73.15,73.15,77.0,0.0,0.0,0.0,0.0,0.0,0.0,0.0,0.0,73.15,73.15,73.92,73.16503906250003,73.30022100771926,73.92318164667844,0.0,0.0,0.01581138830084187,0.0,0.0,0.0,0.0,-3.8499999999999943,-0.049999999999999926,73.15,73.15,73.15,73.15,73.15,77.0,,,0.0,0,8,7,73.15,0.0,SAME,1.0
PCAL,2023-08-08,73.15,73.15,73.15,73.15,73.15,77.0,0.0,0.0,0.0,0.0,0.0,0.0,0.0,0.0,73.15,73.15,73.535,73.15751953125002,73.25014733847951,73.78260316546418,0.0,0.0,0.01581138830084187,0.0,0.0,0.0,0.0,-3.8499999999999943,-0.049999999999999926,73.15,73.15,73.15,73.15,73.15,77.0,,,0.0,1,8,8,73.15,0.0,SAME,1.0
PCAL,2023-08-09,73.15,73.15,73.15,73.15,73.15,77.0,0.0,0.0,0.0,0.0,0.0,0.0,0.0,0.0,73.15,73.15,73.15,73.15375976562501,73.21676489231967,73.66758440810705,0.0,0.0,0.01581138830084187,0.0,0.0,0.0,0.0,-3.8499999999999943,-0.049999999999999926,73.15,73.15,73.15,73.15,73.15,73.15,,,,2,8,9,73.15,0.0,SAME,1.0
PCAL,2023-08-10,73.15,73.15,73.15,73.15,73.15,73.15,0.0,0.0,0.0,0.0,0.0,0.0,0.0,0.0,73.15,73.15,73.15,73.15187988281251,73.19450992821312,73.57347815208757,0.0,0.0,0.0,0.0,0.0,0.0,0.0,0.0,0.0,73.15,73.15,73.15,73.15,73.15,73.15,,,,3,8,10,73.15,0.0,SAME,1.0
PCAL,2023-08-11,73.15,73.15,73.15,73.15,73.15,73.15,0.0,0.0,0.0,0.0,0.0,0.0,0.0,0.0,73.15,73.15,73.15,73.15093994140625,73.17967328547542,73.49648212443529,0.0,0.0,0.0,0.0,0.0,0.0,0.0,0.0,0.0,73.15,73.15,73.15,73.15,73.15,73.15,,,,4,8,11,73.15,0.0,SAME,1.0
PCAL,2023-08-14,73.15,73.15,73.15,73.15,73.15,73.15,0.0,0.0,0.0,0.0,0.0,0.0,0.0,0.0,73.15,73.15,73.15,73.15046997070313,73.16978219031695,73.43348537453797,0.0,0.0,0.0,0.0,0.0,0.0,0.0,0.0,0.0,73.15,73.15,73.15,73.15,73.15,73.15,,,,0,8,14,73.15,0.0,SAME,1.0
PCAL,2023-08-15,73.15,73.15,73.15,73.15,73.15,73.15,0.0,0.0,0.0,0.0,0.0,0.0,0.0,0.0,73.15,73.15,73.15,73.15023498535157,73.16318812687797,73.38194257916743,0.0,0.0,0.0,0.0,0.0,0.0,0.0,0.0,0.0,73.15,73.15,73.15,73.15,73.15,73.15,,,,1,8,15,73.15,0.0,SAME,1.0
PCAL,2023-08-16,73.15,73.15,73.15,73.15,73.15,73.15,0.0,0.0,0.0,0.0,0.0,0.0,0.0,0.0,73.15,73.15,73.15,73.15011749267579,73.15879208458531,73.33977120113698,0.0,0.0,0.0,0.0,0.0,0.0,0.0,0.0,0.0,73.15,73.15,73.15,73.15,73.15,73.15,,,,2,8,16,73.15,0.0,SAME,1.0
PCAL,2023-08-17,73.15,73.15,73.15,73.15,73.15,73.15,0.0,0.0,0.0,0.0,0.0,0.0,0.0,0.0,73.15,73.15,73.15,73.15005874633789,73.15586138972355,73.3052673463848,0.0,0.0,0.0,0.0,0.0,0.0,0.0,0.0,0.0,73.15,73.15,73.15,73.15,73.15,73.15,,,,3,8,17,73.15,0.0,SAME,1.0
PCAL,2023-08-18,73.15,73.15,73.15,73.15,73.15,73.15,0.0,0.0,0.0,0.0,0.0,0.0,0.0,0.0,73.15,73.15,73.15,73.15002937316895,73.15390759314904,73.27703691976937,0.0,0.0,0.0,0.0,0.0,0.0,0.0,0.0,0.0,73.15,73.15,73.15,73.15,73.15,73.15,,,,4,8,18,83.78,10.629999999999995,UP,2.0
PCAL,2023-08-21,83.78,73.15,73.15,73.15,73.15,73.15,10.629999999999995,10.629999999999995,10.629999999999995,0.14531784005468218,0.14531784005468218,0.14531784005468218,0.1356821880527555,0.1356821880527555,76.69333333333334,75.27600000000001,74.21300000000001,78.46501468658448,76.6959383954327,75.18666657072039,0.08389929407362555,0.06498811374114201,0.045953535922884314,10.629999999999995,0.1453178400546821,10.629999999999995,0.1453178400546821,10.629999999999995,0.1453178400546821,73.15,83.78,73.15,83.78,73.15,83.78,1.0,1.0,1.0,0,8,21,83.78,0.0,SAME,1.0
PCAL,2023-08-22,83.78,83.78,73.15,73.15,73.15,73.15,0.0,10.629999999999995,10.629999999999995,0.0,0.14531784005468218,0.14531784005468218,0.0,0.1356821880527555,80.23666666666666,77.402,75.27600000000001,81.12250734329224,79.0572922636218,76.74909083058941,0.08389929407362555,0.06498811374114201,0.045953535922884314,10.629999999999995,0.1453178400546821,10.629999999999995,0.1453178400546821,10.629999999999995,0.1453178400546821,73.15,83.78,73.15,83.78,73.15,83.78,1.0,1.0,1.0,1,8,22,83.78,0.0,SAME,1.0
PCAL,2023-08-23,83.78,83.78,83.78,73.15,73.15,73.15,0.0,0.0,10.629999999999995,0.0,0.0,0.14531784005468218,0.0,0.0,83.78,79.528,76.33900000000001,82.45125367164613,80.63152817574787,78.02743795230043,0.08389929407362555,0.06498811374114201,0.045953535922884314,10.629999999999995,0.1453178400546821,10.629999999999995,0.1453178400546821,10.629999999999995,0.1453178400546821,83.78,83.78,73.15,83.78,73.15,83.78,,1.0,1.0,2,8,23,92.67,8.89,UP,2.0
PCAL,2023-08-24,92.67,83.78,83.78,83.78,73.15,73.15,8.89,8.89,8.89,0.10611124373358805,0.10611124373358805,0.10611124373358805,0.10085048007971129,0.10085048007971129,86.74333333333334,83.432,78.291,87.56062683582306,84.64435211716525,80.68972196097309,0.061263355133632805,0.0702380841316255,0.0538054233815248,8.89,0.10611124373358798,19.519999999999996,0.266848940533151,19.519999999999996,0.266848940533151,83.78,92.67,73.15,92.67,73.15,92.67,1.0,1.0,1.0,3,8,24,92.67,0.0,SAME,1.0
PCAL,2023-08-25,92.67,92.67,83.78,83.78,73.15,73.15,0.0,8.89,8.89,0.0,0.10611124373358805,0.10611124373358805,0.0,0.10085048007971129,89.70666666666666,87.33599999999998,80.24300000000001,90.11531341791152,87.31956807811018,82.86795433170525,0.061263355133632805,0.0702380841316255,0.0538054233815248,8.89,0.10611124373358798,19.519999999999996,0.266848940533151,19.519999999999996,0.266848940533151,83.78,92.67,83.78,92.67,73.15,92.67,1.0,1.0,1.0,4,8,25,92.67,0.0,SAME,1.0
PCAL,2023-08-28,92.67,92.67,92.67,83.78,83.78,73.15,0.0,0.0,8.89,0.0,0.0,0.10611124373358805,0.0,0.0,92.67,89.114,82.19500000000001,91.39265670895577,89.1030453854068,84.65014445321339,0.061263355133632805,0.04745439083307,0.0538054233815248,8.89,0.10611124373358798,8.89,0.10611124373358798,19.519999999999996,0.266848940533151,92.67,92.67,83.78,92.67,73.15,92.67,,1.0,1.0,0,8,28,92.67,0.0,SAME,1.0
PCAL,2023-08-29,92.67,92.67,92.67,92.67,83.78,73.15,0.0,0.0,0.0,0.0,0.0,0.0,0.0,0.0,92.67,90.892,84.147,92.03132835447789,90.29203025693788,86.10830000717459,0.0,0.04745439083307,0.0538054233815248,0.0,0.0,8.89,0.10611124373358798,19.519999999999996,0.266848940533151,92.67,92.67,83.78,92.67,73.15,92.67,,1.0,1.0,1,8,29,92.67,0.0,SAME,1.0
PCAL,2023-08-30,92.67,92.67,92.67,92.67,83.78,73.15,0.0,0.0,0.0,0.0,0.0,0.0,0.0,0.0,92.67,92.67,86.099,92.35066417723894,91.0846868379586,87.30133636950649,0.0,0.04745439083307,0.0538054233815248,0.0,0.0,8.89,0.10611124373358798,19.519999999999996,0.266848940533151,92.67,92.67,92.67,92.67,73.15,92.67,,,1.0,2,8,30,92.67,0.0,SAME,1.0
PCAL,2023-08-31,92.67,92.67,92.67,92.67,92.67,73.15,0.0,0.0,0.0,0.0,0.0,0.0,0.0,0.0,92.67,92.67,88.051,92.51033208861946,91.61312455863907,88.2774570295962,0.0,0.0,0.0538054233815248,0.0,0.0,0.0,0.0,19.519999999999996,0.266848940533151,92.67,92.67,92.67,92.67,73.15,92.67,,,1.0,3,8,31,92.67,0.0,SAME,1.0
PCAL,2023-09-01,92.67,92.67,92.67,92.67,92.67,73.15,0.0,0.0,0.0,0.0,0.0,0.0,0.0,0.0,92.67,92.67,90.00300000000001,92.59016604430974,91.96541637242606,89.07610120603326,0.0,0.0,0.0538054233815248,0.0,0.0,0.0,0.0,19.519999999999996,0.266848940533151,92.67,92.67,92.67,92.67,83.78,92.67,,,1.0,4,9,1,92.67,0.0,SAME,1.0
PCAL,2023-09-04,92.67,92.67,92.67,92.67,92.67,83.78,0.0,0.0,0.0,0.0,0.0,0.0,0.0,0.0,92.67,92.67,90.892,92.63008302215488,92.20027758161739,89.72953735039084,0.0,0.0,0.03355532155514074,0.0,0.0,0.0,0.0,8.89,0.10611124373358798,92.67,92.67,92.67,92.67,83.78,92.67,,,1.0,0,9,4,92.67,0.0,SAME,1.0
PCAL,2023-09-05,92.67,92.67,92.67,92.67,92.67,83.78,0.0,0.0,0.0,0.0,0.0,0.0,0.0,0.0,92.67,92.67,91.78099999999999,92.65004151107743,92.35685172107827,90.26416692304704,0.0,0.0,0.03355532155514074,0.0,0.0,0.0,0.0,8.89,0.10611124373358798,92.67,92.67,92.67,92.67,83.78,92.67,,,1.0,1,9,5,92.67,0.0,SAME,1.0
PCAL,2023-09-06,92.67,92.67,92.67,92.67,92.67,83.78,0.0,0.0,0.0,0.0,0.0,0.0,0.0,0.0,92.67,92.67,92.67,92.66002075553871,92.46123448071886,90.70159111885667,0.0,0.0,0.03355532155514074,0.0,0.0,0.0,0.0,8.89,0.10611124373358798,92.67,92.67,92.67,92.67,92.67,92.67,,,,2,9,6,92.67,0.0,SAME,1.0
PCAL,2023-09-07,92.67,92.67,92.67,92.67,92.67,92.67,0.0,0.0,0.0,0.0,0.0,0.0,0.0,0.0,92.67,92.67,92.67,92.66501037776936,92.53082298714591,91.05948364270091,0.0,0.0,0.0,0.0,0.0,0.0,0.0,0.0,0.0,92.67,92.67,92.67,92.67,92.67,92.67,,,,3,9,7,92.67,0.0,SAME,1.0
PCAL,2023-09-08,92.67,92.67,92.67,92.67,92.67,92.67,0.0,0.0,0.0,0.0,0.0,0.0,0.0,0.0,92.67,92.67,92.67,92.66750518888469,92.57721532476396,91.35230479857347,0.0,0.0,0.0,0.0,0.0,0.0,0.0,0.0,0.0,92.67,92.67,92.67,92.67,92.67,92.67,,,,4,9,8,92.67,0.0,SAME,1.0
PCAL,2023-09-11,92.67,92.67,92.67,92.67,92.67,92.67,0.0,0.0,0.0,0.0,0.0,0.0,0.0,0.0,92.67,92.67,92.67,92.66875259444234,92.60814354984265,91.5918857442874,0.0,0.0,0.0,0.0,0.0,0.0,0.0,0.0,0.0,92.67,92.67,92.67,92.67,92.67,92.67,,,,0,9,11,92.67,0.0,SAME,1.0
PCAL,2023-09-12,92.67,92.67,92.67,92.67,92.67,92.67,0.0,0.0,0.0,0.0,0.0,0.0,0.0,0.0,92.67,92.67,92.67,92.66937629722116,92.62876236656177,91.78790651805332,0.0,0.0,0.0,0.0,0.0,0.0,0.0,0.0,0.0,92.67,92.67,92.67,92.67,92.67,92.67,,,,1,9,12,92.67,0.0,SAME,1.0
PCAL,2023-09-13,92.67,92.67,92.67,92.67,92.67,92.67,0.0,0.0,0.0,0.0,0.0,0.0,0.0,0.0,92.67,92.67,92.67,92.66968814861059,92.64250824437453,91.94828715113454,0.0,0.0,0.0,0.0,0.0,0.0,0.0,0.0,0.0,92.67,92.67,92.67,92.67,92.67,92.67,,,,2,9,13,92.67,0.0,SAME,1.0
PCAL,2023-09-14,92.67,92.67,92.67,92.67,92.67,92.67,0.0,0.0,0.0,0.0,0.0,0.0,0.0,0.0,92.67,92.67,92.67,92.6698440743053,92.65167216291636,92.07950766911009,0.0,0.0,0.0,0.0,0.0,0.0,0.0,0.0,0.0,92.67,92.67,92.67,92.67,92.67,92.67,,,,3,9,14,92.67,0.0,SAME,1.0
PCAL,2023-09-15,92.67,92.67,92.67,92.67,92.67,92.67,0.0,0.0,0.0,0.0,0.0,0.0,0.0,0.0,92.67,92.67,92.67,92.66992203715265,92.65778144194425,92.18686991109007,0.0,0.0,0.0,0.0,0.0,0.0,0.0,0.0,0.0,92.67,92.67,92.67,92.67,92.67,92.67,,,,4,9,15,92.67,0.0,SAME,1.0
PCAL,2023-09-18,92.67,92.67,92.67,92.67,92.67,92.67,0.0,0.0,0.0,0.0,0.0,0.0,0.0,0.0,92.67,92.67,92.67,92.66996101857632,92.6618542946295,92.27471174543732,0.0,0.0,0.0,0.0,0.0,0.0,0.0,0.0,0.0,92.67,92.67,92.67,92.67,92.67,92.67,,,,0,9,18,92.67,0.0,SAME,1.0
PCAL,2023-09-19,92.67,92.67,92.67,92.67,92.67,92.67,0.0,0.0,0.0,0.0,0.0,0.0,0.0,0.0,92.67,92.67,92.67,92.66998050928817,92.66456952975301,92.34658233717599,0.0,0.0,0.0,0.0,0.0,0.0,0.0,0.0,0.0,92.67,92.67,92.67,92.67,92.67,92.67,,,,1,9,19,92.67,0.0,SAME,1.0
PCAL,2023-09-21,92.67,92.67,92.67,92.67,92.67,92.67,0.0,0.0,0.0,0.0,0.0,0.0,0.0,0.0,92.67,92.67,92.67,92.66999025464409,92.66637968650201,92.40538554859853,0.0,0.0,0.0,0.0,0.0,0.0,0.0,0.0,0.0,92.67,92.67,92.67,92.67,92.67,92.67,,,,3,9,21,92.67,0.0,SAME,1.0
PCAL,2023-09-22,92.67,92.67,92.67,92.67,92.67,92.67,0.0,0.0,0.0,0.0,0.0,0.0,0.0,0.0,92.67,92.67,92.67,92.66999512732204,92.66758645766802,92.45349726703515,0.0,0.0,0.0,0.0,0.0,0.0,0.0,0.0,0.0,92.67,92.67,92.67,92.67,92.67,92.67,,,,4,9,22,92.67,0.0,SAME,1.0
PCAL,2023-09-27,92.67,92.67,92.67,92.67,92.67,92.67,0.0,0.0,0.0,0.0,0.0,0.0,0.0,0.0,92.67,92.67,92.67,92.66999756366101,92.66839097177869,92.49286140030148,0.0,0.0,0.0,0.0,0.0,0.0,0.0,0.0,0.0,92.67,92.67,92.67,92.67,92.67,92.67,,,,2,9,27,92.67,0.0,SAME,1.0
PCAL,2023-09-28,92.67,92.67,92.67,92.67,92.67,92.67,0.0,0.0,0.0,0.0,0.0,0.0,0.0,0.0,92.67,92.67,92.67,92.66999878183051,92.66892731451914,92.52506841842848,0.0,0.0,0.0,0.0,0.0,0.0,0.0,0.0,0.0,92.67,92.67,92.67,92.67,92.67,92.67,,,,3,9,28,92.67,0.0,SAME,1.0
PCAL,2023-09-29,92.67,92.67,92.67,92.67,92.67,92.67,0.0,0.0,0.0,0.0,0.0,0.0,0.0,0.0,92.67,92.67,92.67,92.66999939091525,92.6692848763461,92.55141961507783,0.0,0.0,0.0,0.0,0.0,0.0,0.0,0.0,0.0,92.67,92.67,92.67,92.67,92.67,92.67,,,,4,9,29,92.67,0.0,SAME,1.0
PCAL,2023-10-02,92.67,92.67,92.67,92.67,92.67,92.67,0.0,0.0,0.0,0.0,0.0,0.0,0.0,0.0,92.67,92.67,92.67,92.66999969545762,92.66952325089741,92.57297968506367,0.0,0.0,0.0,0.0,0.0,0.0,0.0,0.0,0.0,92.67,92.67,92.67,92.67,92.67,92.67,,,,0,10,2,95.03,2.3599999999999994,UP,2.0
PCAL,2023-10-03,95.03,92.67,92.67,92.67,92.67,92.67,2.3599999999999994,2.3599999999999994,2.3599999999999994,0.025466709830581635,0.025466709830581635,0.025466709830581635,0.025147835624623843,0.025147835624623843,93.45666666666666,93.142,92.906,93.84999984772881,93.45634883393161,93.01971065141574,0.014703211776059447,0.011389058868887338,0.008053280757523845,2.3599999999999994,0.02546670983058163,2.3599999999999994,0.02546670983058163,2.3599999999999994,0.02546670983058163,92.67,95.03,92.67,95.03,92.67,95.03,1.0,1.0,1.0,1,10,3,95.03,0.0,SAME,1.0
PCAL,2023-10-04,95.03,95.03,92.67,92.67,92.67,92.67,0.0,2.3599999999999994,2.3599999999999994,0.0,0.025466709830581635,0.025466709830581635,0.0,0.025147835624623843,94.24333333333334,93.614,93.14200000000001,94.4399999238644,93.98089922262108,93.38521780570377,0.014703211776059447,0.011389058868887338,0.008053280757523845,2.3599999999999994,0.02546670983058163,2.3599999999999994,0.02546670983058163,2.3599999999999994,0.02546670983058163,92.67,95.03,92.67,95.03,92.67,95.03,1.0,1.0,1.0,2,10,4,95.03,0.0,SAME,1.0
PCAL,2023-10-05,95.03,95.03,95.03,92.67,92.67,92.67,0.0,0.0,2.3599999999999994,0.0,0.0,0.025466709830581635,0.0,0.0,95.03,94.086,93.378,94.7349999619322,94.33059948174738,93.68426911375764,0.014703211776059447,0.011389058868887338,0.008053280757523845,2.3599999999999994,0.02546670983058163,2.3599999999999994,0.02546670983058163,2.3599999999999994,0.02546670983058163,95.03,95.03,92.67,95.03,92.67,95.03,,1.0,1.0,3,10,5,95.03,0.0,SAME,1.0
PCAL,2023-10-06,95.03,95.03,95.03,95.03,92.67,92.67,0.0,0.0,0.0,0.0,0.0,0.0,0.0,0.0,95.03,94.558,93.614,94.8824999809661,94.5637329878316,93.92894745671079,0.0,0.011389058868887338,0.008053280757523845,0.0,0.0,2.3599999999999994,0.02546670983058163,2.3599999999999994,0.02546670983058163,95.03,95.03,92.67,95.03,92.67,95.03,,1.0,1.0,4,10,6,95.03,0.0,SAME,1.0
PCAL,2023-10-09,95.03,95.03,95.03,95.03,92.67,92.67,0.0,0.0,0.0,0.0,0.0,0.0,0.0,0.0,95.03,95.03,93.85000000000001,94.95624999048306,94.71915532522107,94.12913882821792,0.0,0.011389058868887338,0.008053280757523845,0.0,0.0,2.3599999999999994,0.02546670983058163,2.3599999999999994,0.02546670983058163,95.03,95.03,95.03,95.03,92.67,95.03,,,1.0,0,10,9,94.91,-0.12000000000000455,DOWN,0.0
PCAL,2023-10-10,94.91,95.03,95.03,95.03,95.03,92.67,-0.12000000000000455,-0.12000000000000455,-0.12000000000000455,-0.0012627591286962225,-0.0012627591286962225,-0.0012627591286962225,-0.001263557080823066,-0.001263557080823066,94.99000000000001,95.006,94.074,94.93312499524153,94.78277021681404,94.27111358672374,0.0007290543228557035,0.0005647230501704412,0.008107368029242251,-0.12000000000000455,-0.001262759128696249,-0.12000000000000455,-0.001262759128696249,2.239999999999995,0.02417179238156895,94.91,95.03,94.91,95.03,92.67,95.03,0.0,0.0,0.9491525423728794,1,10,10,94.91,0.0,SAME,1.0
PCAL,2023-10-11,94.91,94.91,95.03,95.03,95.03,92.67,0.0,-0.12000000000000455,-0.12000000000000455,0.0,-0.0012627591286962225,-0.0012627591286962225,0.0,-0.001263557080823066,94.94999999999999,94.982,94.298,94.92156249762076,94.8251801445427,94.38727475277398,0.0007290543228557035,0.0005647230501704412,0.008107368029242251,-0.12000000000000455,-0.001262759128696249,-0.12000000000000455,-0.001262759128696249,2.239999999999995,0.02417179238156895,94.91,95.03,94.91,95.03,92.67,95.03,0.0,0.0,0.9491525423728794,2,10,11,94.91,0.0,SAME,1.0
PCAL,2023-10-12,94.91,94.91,94.91,95.03,95.03,92.67,0.0,0.0,-0.12000000000000455,0.0,0.0,-0.0012627591286962225,0.0,0.0,94.91,94.958,94.52199999999999,94.91578124881038,94.85345342969514,94.48231570681506,0.0007290543228557035,0.0005647230501704412,0.008107368029242251,-0.12000000000000455,-0.001262759128696249,-0.12000000000000455,-0.001262759128696249,2.239999999999995,0.02417179238156895,94.91,94.91,94.91,95.03,92.67,95.03,,0.0,0.9491525423728794,3,10,12,94.91,0.0,SAME,1.0
PCAL,2023-10-13,94.91,94.91,94.91,94.91,95.03,92.67,0.0,0.0,0.0,0.0,0.0,0.0,0.0,0.0,94.91,94.934,94.74600000000001,94.91289062440518,94.87230228646342,94.56007648739413,0.0,0.0005647230501704412,0.008107368029242251,0.0,0.0,-0.12000000000000455,-0.001262759128696249,2.239999999999995,0.02417179238156895,94.91,94.91,94.91,95.03,92.67,95.03,,0.0,0.9491525423728794,4,10,13,94.91,0.0,SAME,1.0
PCAL,2023-10-16,94.91,94.91,94.91,94.91,95.03,92.67,0.0,0.0,0.0,0.0,0.0,0.0,0.0,0.0,94.91,94.91,94.97,94.91144531220259,94.88486819097562,94.62369894423156,0.0,0.0005647230501704412,0.008107368029242251,0.0,0.0,-0.12000000000000455,-0.001262759128696249,2.239999999999995,0.02417179238156895,94.91,94.91,94.91,94.91,94.91,95.03,,,0.0,0,10,16,94.91,0.0,SAME,1.0
PCAL,2023-10-17,94.91,94.91,94.91,94.91,94.91,95.03,0.0,0.0,0.0,0.0,0.0,0.0,0.0,0.0,94.91,94.91,94.958,94.91072265610129,94.89324546065042,94.67575368164401,0.0,0.0,0.00039931949828426056,0.0,0.0,0.0,0.0,-0.12000000000000455,-0.001262759128696249,94.91,94.91,94.91,94.91,94.91,95.03,,,0.0,1,10,17,94.91,0.0,SAME,1.0
PCAL,2023-10-18,94.91,94.91,94.91,94.91,94.91,95.03,0.0,0.0,0.0,0.0,0.0,0.0,0.0,0.0,94.91,94.91,94.946,94.91036132805064,94.89883030710028,94.71834392134511,0.0,0.0,0.00039931949828426056,0.0,0.0,0.0,0.0,-0.12000000000000455,-0.001262759128696249,94.91,94.91,94.91,94.91,94.91,95.03,,,0.0,2,10,18,94.91,0.0,SAME,1.0
PCAL,2023-10-19,94.91,94.91,94.91,94.91,94.91,95.03,0.0,0.0,0.0,0.0,0.0,0.0,0.0,0.0,94.91,94.91,94.934,94.91018066402532,94.90255353806685,94.75319048110055,0.0,0.0,0.00039931949828426056,0.0,0.0,0.0,0.0,-0.12000000000000455,-0.001262759128696249,94.91,94.91,94.91,94.91,94.91,95.03,,,0.0,3,10,19,94.91,0.0,SAME,1.0
PCAL,2023-10-20,94.91,94.91,94.91,94.91,94.91,95.03,0.0,0.0,0.0,0.0,0.0,0.0,0.0,0.0,94.91,94.91,94.922,94.91009033201266,94.90503569204458,94.78170130271863,0.0,0.0,0.00039931949828426056,0.0,0.0,0.0,0.0,-0.12000000000000455,-0.001262759128696249,94.91,94.91,94.91,94.91,94.91,95.03,,,0.0,4,10,20,94.91,0.0,SAME,1.0
PCAL,2023-10-23,94.91,94.91,94.91,94.91,94.91,95.03,0.0,0.0,0.0,0.0,0.0,0.0,0.0,0.0,94.91,94.91,94.91,94.91004516600633,94.90669046136306,94.80502833858796,0.0,0.0,0.00039931949828426056,0.0,0.0,0.0,0.0,-0.12000000000000455,-0.001262759128696249,94.91,94.91,94.91,94.91,94.91,94.91,,,,0,10,23,94.91,0.0,SAME,1.0
PCAL,2023-10-25,94.91,94.91,94.91,94.91,94.91,94.91,0.0,0.0,0.0,0.0,0.0,0.0,0.0,0.0,94.91,94.91,94.91,94.91002258300315,94.90779364090871,94.82411409520833,0.0,0.0,0.0,0.0,0.0,0.0,0.0,0.0,0.0,94.91,94.91,94.91,94.91,94.91,94.91,,,,2,10,25,94.91,0.0,SAME,1.0
PCAL,2023-10-26,94.91,94.91,94.91,94.91,94.91,94.91,0.0,0.0,0.0,0.0,0.0,0.0,0.0,0.0,94.91,94.91,94.91,94.91001129150158,94.90852909393914,94.83972971426135,0.0,0.0,0.0,0.0,0.0,0.0,0.0,0.0,0.0,94.91,94.91,94.91,94.91,94.91,94.91,,,,3,10,26,94.91,0.0,SAME,1.0
PCAL,2023-10-27,94.91,94.91,94.91,94.91,94.91,94.91,0.0,0.0,0.0,0.0,0.0,0.0,0.0,0.0,94.91,94.91,94.91,94.91000564575079,94.90901939595943,94.85250612985018,0.0,0.0,0.0,0.0,0.0,0.0,0.0,0.0,0.0,94.91,94.91,94.91,94.91,94.91,94.91,,,,4,10,27,94.91,0.0,SAME,1.0
PCAL,2023-10-30,94.91,94.91,94.91,94.91,94.91,94.91,0.0,0.0,0.0,0.0,0.0,0.0,0.0,0.0,94.91,94.91,94.91,94.91000282287538,94.90934626397296,94.86295956078652,0.0,0.0,0.0,0.0,0.0,0.0,0.0,0.0,0.0,94.91,94.91,94.91,94.91,94.91,94.91,,,,0,10,30,94.91,0.0,SAME,1.0
PCAL,2023-10-31,94.91,94.91,94.91,94.91,94.91,94.91,0.0,0.0,0.0,0.0,0.0,0.0,0.0,0.0,94.91,94.91,94.91,94.91000141143769,94.90956417598198,94.87151236791624,0.0,0.0,0.0,0.0,0.0,0.0,0.0,0.0,0.0,94.91,94.91,94.91,94.91,94.91,94.91,,,,1,10,31,94.91,0.0,SAME,1.0
PCAL,2023-11-02,94.91,94.91,94.91,94.91,94.91,94.91,0.0,0.0,0.0,0.0,0.0,0.0,0.0,0.0,94.91,94.91,94.91,94.91000070571884,94.90970945065466,94.87851011920418,0.0,0.0,0.0,0.0,0.0,0.0,0.0,0.0,0.0,94.91,94.91,94.91,94.91,94.91,94.91,,,,3,11,2,94.91,0.0,SAME,1.0
PCAL,2023-11-03,94.91,94.91,94.91,94.91,94.91,94.91,0.0,0.0,0.0,0.0,0.0,0.0,0.0,0.0,94.91,94.91,94.91,94.91000035285941,94.90980630043644,94.88423555207615,0.0,0.0,0.0,0.0,0.0,0.0,0.0,0.0,0.0,94.91,94.91,94.91,94.91,94.91,94.91,,,,4,11,3,94.91,0.0,SAME,1.0
PCAL,2023-11-06,94.91,94.91,94.91,94.91,94.91,94.91,0.0,0.0,0.0,0.0,0.0,0.0,0.0,0.0,94.91,94.91,94.91,94.9100001764297,94.90987086695763,94.88891999715321,0.0,0.0,0.0,0.0,0.0,0.0,0.0,0.0,0.0,94.91,94.91,94.91,94.91,94.91,94.91,,,,0,11,6,94.91,0.0,SAME,1.0
PCAL,2023-11-07,94.91,94.91,94.91,94.91,94.91,94.91,0.0,0.0,0.0,0.0,0.0,0.0,0.0,0.0,94.91,94.91,94.91,94.91000008821484,94.9099139113051,94.89275272494353,0.0,0.0,0.0,0.0,0.0,0.0,0.0,0.0,0.0,94.91,94.91,94.91,94.91,94.91,94.91,,,,1,11,7,94.91,0.0,SAME,1.0
PCAL,2023-11-08,94.91,94.91,94.91,94.91,94.91,94.91,0.0,0.0,0.0,0.0,0.0,0.0,0.0,0.0,94.91,94.91,94.91,94.91000004410742,94.90994260753673,94.89588859313562,0.0,0.0,0.0,0.0,0.0,0.0,0.0,0.0,0.0,94.91,94.91,94.91,94.91,94.91,94.91,,,,2,11,8,94.91,0.0,SAME,1.0
PCAL,2023-11-09,94.91,94.91,94.91,94.91,94.91,94.91,0.0,0.0,0.0,0.0,0.0,0.0,0.0,0.0,94.91,94.91,94.91,94.91000002205371,94.90996173835782,94.89845430347461,0.0,0.0,0.0,0.0,0.0,0.0,0.0,0.0,0.0,94.91,94.91,94.91,94.91,94.91,94.91,,,,3,11,9,94.91,0.0,SAME,1.0
PCAL,2023-11-10,94.91,94.91,94.91,94.91,94.91,94.91,0.0,0.0,0.0,0.0,0.0,0.0,0.0,0.0,94.91,94.91,94.91,94.91000001102685,94.90997449223855,94.90055352102468,0.0,0.0,0.0,0.0,0.0,0.0,0.0,0.0,0.0,94.91,94.91,94.91,94.91,94.91,94.91,,,,4,11,10,94.91,0.0,SAME,1.0
PCAL,2023-11-13,94.91,94.91,94.91,94.91,94.91,94.91,0.0,0.0,0.0,0.0,0.0,0.0,0.0,0.0,94.91,94.91,94.91,94.91000000551342,94.9099829948257,94.90227106265655,0.0,0.0,0.0,0.0,0.0,0.0,0.0,0.0,0.0,94.91,94.91,94.91,94.91,94.91,94.91,,,,0,11,13,94.91,0.0,SAME,1.0
PCAL,2023-11-14,94.91,94.91,94.91,94.91,94.91,94.91,0.0,0.0,0.0,0.0,0.0,0.0,0.0,0.0,94.91,94.91,94.91,94.9100000027567,94.90998866321713,94.90367632399173,0.0,0.0,0.0,0.0,0.0,0.0,0.0,0.0,0.0,94.91,94.91,94.91,94.91,94.91,94.91,,,,1,11,14,94.91,0.0,SAME,1.0
PCAL,2023-11-15,94.91,94.91,94.91,94.91,94.91,94.91,0.0,0.0,0.0,0.0,0.0,0.0,0.0,0.0,94.91,94.91,94.91,94.91000000137835,94.90999244214476,94.90482608326596,0.0,0.0,0.0,0.0,0.0,0.0,0.0,0.0,0.0,94.91,94.91,94.91,94.91,94.91,94.91,,,,2,11,15,95.0,0.09000000000000341,UP,2.0
PCAL,2023-11-16,95.0,94.91,94.91,94.91,94.91,94.91,0.09000000000000341,0.09000000000000341,0.09000000000000341,0.0009482667790539079,0.0009482667790539079,0.0009482667790539079,0.0009478174581400747,0.0009478174581400747,94.94,94.928,94.919,94.95500000068918,94.93999496142985,94.92213043176307,0.0005474820801253808,0.000424077795721649,0.0002998682851272584,0.09000000000000341,0.0009482667790538764,0.09000000000000341,0.0009482667790538764,0.09000000000000341,0.0009482667790538764,94.91,95.0,94.91,95.0,94.91,95.0,1.0,1.0,1.0,3,11,16,95.0,0.0,SAME,1.0
PCAL,2023-11-17,95.0,95.0,94.91,94.91,94.91,94.91,0.0,0.09000000000000341,0.09000000000000341,0.0,0.0009482667790539079,0.0009482667790539079,0.0,0.0009478174581400747,94.97000000000001,94.946,94.928,94.97750000034459,94.95999664095324,94.93628853507886,0.0005474820801253808,0.000424077795721649,0.0002998682851272584,0.09000000000000341,0.0009482667790538764,0.09000000000000341,0.0009482667790538764,0.09000000000000341,0.0009482667790538764,94.91,95.0,94.91,95.0,94.91,95.0,1.0,1.0,1.0,4,11,17,95.0,0.0,SAME,1.0
PCAL,2023-11-20,95.0,95.0,95.0,94.91,94.91,94.91,0.0,0.0,0.09000000000000341,0.0,0.0,0.0009482667790539079,0.0,0.0,95.0,94.964,94.937,94.9887500001723,94.97333109396882,94.9478724377918,0.0005474820801253808,0.000424077795721649,0.0002998682851272584,0.09000000000000341,0.0009482667790538764,0.09000000000000341,0.0009482667790538764,0.09000000000000341,0.0009482667790538764,95.0,95.0,94.91,95.0,94.91,95.0,,1.0,1.0,0,11,20,95.0,0.0,SAME,1.0
PCAL,2023-11-21,95.0,95.0,95.0,95.0,94.91,94.91,0.0,0.0,0.0,0.0,0.0,0.0,0.0,0.0,95.0,94.982,94.946,94.99437500008615,94.98222072931256,94.95735017637512,0.0,0.000424077795721649,0.0002998682851272584,0.0,0.0,0.09000000000000341,0.0009482667790538764,0.09000000000000341,0.0009482667790538764,95.0,95.0,94.91,95.0,94.91,95.0,,1.0,1.0,1,11,21,95.0,0.0,SAME,1.0
PCAL,2023-11-22,95.0,95.0,95.0,95.0,94.91,94.91,0.0,0.0,0.0,0.0,0.0,0.0,0.0,0.0,95.0,95.0,94.955,94.99718750004308,94.98814715287504,94.96510468976146,0.0,0.000424077795721649,0.0002998682851272584,0.0,0.0,0.09000000000000341,0.0009482667790538764,0.09000000000000341,0.0009482667790538764,95.0,95.0,95.0,95.0,94.91,95.0,,,1.0,2,11,22,95.0,0.0,SAME,1.0
PCAL,2023-11-23,95.0,95.0,95.0,95.0,95.0,94.91,0.0,0.0,0.0,0.0,0.0,0.0,0.0,0.0,95.0,95.0,94.964,94.99859375002154,94.9920981019167,94.971449291623,0.0,0.0,0.0002998682851272584,0.0,0.0,0.0,0.0,0.09000000000000341,0.0009482667790538764,95.0,95.0,95.0,95.0,94.91,95.0,,,1.0,3,11,23,95.0,0.0,SAME,1.0
PCAL,2023-11-24,95.0,95.0,95.0,95.0,95.0,94.91,0.0,0.0,0.0,0.0,0.0,0.0,0.0,0.0,95.0,95.0,94.973,94.99929687501077,94.99473206794447,94.97664032950973,0.0,0.0,0.0002998682851272584,0.0,0.0,0.0,0.0,0.09000000000000341,0.0009482667790538764,95.0,95.0,95.0,95.0,94.91,95.0,,,1.0,4,11,24,95.0,0.0,SAME,1.0
PCAL,2023-11-27,95.0,95.0,95.0,95.0,95.0,94.91,0.0,0.0,0.0,0.0,0.0,0.0,0.0,0.0,95.0,95.0,94.982,94.99964843750539,94.99648804529632,94.98088754232614,0.0,0.0,0.0002998682851272584,0.0,0.0,0.0,0.0,0.09000000000000341,0.0009482667790538764,95.0,95.0,95.0,95.0,94.91,95.0,,,1.0,0,11,27,95.0,0.0,SAME,1.0
PCAL,2023-11-28,95.0,95.0,95.0,95.0,95.0,94.91,0.0,0.0,0.0,0.0,0.0,0.0,0.0,0.0,95.0,95.0,94.991,94.99982421875269,94.99765869686422,94.98436253463046,0.0,0.0,0.0002998682851272584,0.0,0.0,0.0,0.0,0.09000000000000341,0.0009482667790538764,95.0,95.0,95.0,95.0,94.91,95.0,,,1.0,1,11,28,95.0,0.0,SAME,1.0
PCAL,2023-11-29,95.0,95.0,95.0,95.0,95.0,94.91,0.0,0.0,0.0,0.0,0.0,0.0,0.0,0.0,95.0,95.0,95.0,94.99991210937634,94.99843913124282,94.98720571015218,0.0,0.0,0.0002998682851272584,0.0,0.0,0.0,0.0,0.09000000000000341,0.0009482667790538764,95.0,95.0,95.0,95.0,95.0,95.0,,,,2,11,29,95.0,0.0,SAME,1.0
PCAL,2023-12-01,95.0,95.0,95.0,95.0,95.0,95.0,0.0,0.0,0.0,0.0,0.0,0.0,0.0,0.0,95.0,95.0,95.0,94.99995605468817,94.99895942082856,94.98953194466995,0.0,0.0,0.0,0.0,0.0,0.0,0.0,0.0,0.0,95.0,95.0,95.0,95.0,95.0,95.0,,,,4,12,1,95.0,0.0,SAME,1.0
PCAL,2023-12-04,95.0,95.0,95.0,95.0,95.0,95.0,0.0,0.0,0.0,0.0,0.0,0.0,0.0,0.0,95.0,95.0,95.0,94.99997802734408,94.99930628055237,94.99143522745723,0.0,0.0,0.0,0.0,0.0,0.0,0.0,0.0,0.0,95.0,95.0,95.0,95.0,95.0,95.0,,,,0,12,4,94.69,-0.3100000000000023,DOWN,0.0
PCAL,2023-12-05,94.69,95.0,95.0,95.0,95.0,95.0,-0.3100000000000023,-0.3100000000000023,-0.3100000000000023,-0.0032631578947368567,-0.0032631578947368567,-0.0032631578947368567,-0.003268493605132115,-0.003268493605132115,94.89666666666666,94.938,94.969,94.84498901367203,94.89620418703493,94.93662882246501,0.0018839850889273457,0.0014593285747799818,0.0010319011312125651,-0.3100000000000023,-0.0032631578947368662,-0.3100000000000023,-0.0032631578947368662,-0.3100000000000023,-0.0032631578947368662,94.69,95.0,94.69,95.0,94.69,95.0,0.0,0.0,0.0,1,12,5,94.69,0.0,SAME,1.0
PCAL,2023-12-06,94.69,94.69,95.0,95.0,95.0,95.0,0.0,-0.3100000000000023,-0.3100000000000023,0.0,-0.0032631578947368567,-0.0032631578947368567,0.0,-0.003268493605132115,94.79333333333334,94.876,94.938,94.76749450683602,94.82746945802329,94.89178721838046,0.0018839850889273459,0.0014593285747799818,0.0010319011312125651,-0.3100000000000023,-0.0032631578947368662,-0.3100000000000023,-0.0032631578947368662,-0.3100000000000023,-0.0032631578947368662,94.69,95.0,94.69,95.0,94.69,95.0,0.0,0.0,0.0,2,12,6,82.0,-12.689999999999998,DOWN,0.0
PCAL,2023-12-07,82.0,94.69,94.69,95.0,95.0,95.0,-12.689999999999998,-12.689999999999998,-13.0,-0.1340162635970007,-0.1340162635970007,-0.13684210526315788,-0.14388915073115557,-0.14388915073115557,90.46,92.276,93.638,88.38374725341801,90.55164630534887,92.54782590594763,0.07644974575795309,0.05958581877201449,0.04227744756228541,-13.0,-0.1368421052631579,-13.0,-0.1368421052631579,-13.0,-0.1368421052631579,82.0,94.69,82.0,95.0,82.0,95.0,0.0,0.0,0.0,3,12,7,82.0,0.0,SAME,1.0
PCAL,2023-12-08,82.0,82.0,94.69,94.69,95.0,95.0,0.0,-12.689999999999998,-12.689999999999998,0.0,-0.1340162635970007,-0.1340162635970007,0.0,-0.14388915073115557,86.23,89.676,92.338,85.191873626709,87.70109753689925,90.6300393775935,0.07737432586351604,0.05958581877201449,0.04227744756228541,-12.689999999999998,-0.13401626359700072,-13.0,-0.1368421052631579,-13.0,-0.1368421052631579,82.0,94.69,82.0,95.0,82.0,95.0,0.0,0.0,0.0,4,12,8,82.0,0.0,SAME,1.0
PCAL,2023-12-11,82.0,82.0,82.0,94.69,95.0,95.0,0.0,0.0,-12.689999999999998,0.0,0.0,-0.1340162635970007,0.0,0.0,82.0,87.076,91.038,83.5959368133545,85.80073169126618,89.06094130894013,0.07737432586351604,0.05958581877201449,0.04227744756228541,-12.689999999999998,-0.13401626359700072,-13.0,-0.1368421052631579,-13.0,-0.1368421052631579,82.0,82.0,82.0,94.69,82.0,95.0,,0.0,0.0,0,12,11,82.0,0.0,SAME,1.0
PCAL,2023-12-12,82.0,82.0,82.0,82.0,94.69,95.0,0.0,0.0,0.0,0.0,0.0,0.0,0.0,0.0,82.0,84.538,89.738,82.79796840667726,84.53382112751079,87.77713379822373,0.0,0.059933895098684575,0.04227744756228541,0.0,0.0,-12.689999999999998,-0.13401626359700072,-13.0,-0.1368421052631579,82.0,82.0,82.0,94.69,82.0,95.0,,0.0,0.0,1,12,12,82.0,0.0,SAME,1.0
PCAL,2023-12-13,82.0,82.0,82.0,82.0,94.69,95.0,0.0,0.0,0.0,0.0,0.0,0.0,0.0,0.0,82.0,82.0,88.438,82.39898420333863,83.6892140850072,86.72674583491032,0.0,0.059933895098684575,0.04227744756228541,0.0,0.0,-12.689999999999998,-0.13401626359700072,-13.0,-0.1368421052631579,82.0,82.0,82.0,82.0,82.0,95.0,,,0.0,2,12,13,82.0,0.0,SAME,1.0
PCAL,2023-12-14,82.0,82.0,82.0,82.0,82.0,95.0,0.0,0.0,0.0,0.0,0.0,0.0,0.0,0.0,82.0,82.0,87.138,82.1994921016693,83.12614272333813,85.86733750129025,0.0,0.0,0.04227744756228541,0.0,0.0,0.0,0.0,-13.0,-0.1368421052631579,82.0,82.0,82.0,82.0,82.0,95.0,,,0.0,3,12,14,82.0,0.0,SAME,1.0
PCAL,2023-12-15,82.0,82.0,82.0,82.0,82.0,95.0,0.0,0.0,0.0,0.0,0.0,0.0,0.0,0.0,82.0,82.0,85.838,82.09974605083465,82.75076181555876,85.16418522832838,0.0,0.0,0.04227744756228541,0.0,0.0,0.0,0.0,-13.0,-0.1368421052631579,82.0,82.0,82.0,82.0,82.0,95.0,,,0.0,4,12,15,82.0,0.0,SAME,1.0
PCAL,2023-12-18,82.0,82.0,82.0,82.0,82.0,95.0,0.0,0.0,0.0,0.0,0.0,0.0,0.0,0.0,82.0,82.0,84.538,82.04987302541733,82.50050787703918,84.58887882317775,0.0,0.0,0.04227744756228541,0.0,0.0,0.0,0.0,-13.0,-0.1368421052631579,82.0,82.0,82.0,82.0,82.0,94.69,,,0.0,0,12,18,82.0,0.0,SAME,1.0
PCAL,2023-12-19,82.0,82.0,82.0,82.0,82.0,94.69,0.0,0.0,0.0,0.0,0.0,0.0,0.0,0.0,82.0,82.0,83.269,82.02493651270866,82.33367191802613,84.11817358259997,0.0,0.0,0.0423796636472032,0.0,0.0,0.0,0.0,-12.689999999999998,-0.13401626359700072,82.0,82.0,82.0,82.0,82.0,94.69,,,0.0,1,12,19,82.0,0.0,SAME,1.0
PCAL,2023-12-20,82.0,82.0,82.0,82.0,82.0,94.69,0.0,0.0,0.0,0.0,0.0,0.0,0.0,0.0,82.0,82.0,82.0,82.01246825635434,82.22244794535075,83.73305111303632,0.0,0.0,0.0423796636472032,0.0,0.0,0.0,0.0,-12.689999999999998,-0.13401626359700072,82.0,82.0,82.0,82.0,82.0,82.0,,,,2,12,20,82.0,0.0,SAME,1.0
PCAL,2023-12-21,82.0,82.0,82.0,82.0,82.0,82.0,0.0,0.0,0.0,0.0,0.0,0.0,0.0,0.0,82.0,82.0,82.0,82.00623412817717,82.14829863023384,83.41795091066608,0.0,0.0,0.0,0.0,0.0,0.0,0.0,0.0,0.0,82.0,82.0,82.0,82.0,82.0,82.0,,,,3,12,21,82.0,0.0,SAME,1.0
PCAL,2023-12-22,82.0,82.0,82.0,82.0,82.0,82.0,0.0,0.0,0.0,0.0,0.0,0.0,0.0,0.0,82.0,82.0,82.0,82.00311706408858,82.09886575348924,83.16014165418133,0.0,0.0,0.0,0.0,0.0,0.0,0.0,0.0,0.0,82.0,82.0,82.0,82.0,82.0,82.0,,,,4,12,22,82.0,0.0,SAME,1.0
PCAL,2023-12-25,82.0,82.0,82.0,82.0,82.0,82.0,0.0,0.0,0.0,0.0,0.0,0.0,0.0,0.0,82.0,82.0,82.0,82.0015585320443,82.06591050232616,82.94920680796653,0.0,0.0,0.0,0.0,0.0,0.0,0.0,0.0,0.0,82.0,82.0,82.0,82.0,82.0,82.0,,,,0,12,25,82.0,0.0,SAME,1.0
PCAL,2023-12-26,82.0,82.0,82.0,82.0,82.0,82.0,0.0,0.0,0.0,0.0,0.0,0.0,0.0,0.0,82.0,82.0,82.0,82.00077926602215,82.04394033488411,82.77662375197261,0.0,0.0,0.0,0.0,0.0,0.0,0.0,0.0,0.0,82.0,82.0,82.0,82.0,82.0,82.0,,,,1,12,26,82.0,0.0,SAME,1.0
PCAL,2023-12-27,82.0,82.0,82.0,82.0,82.0,82.0,0.0,0.0,0.0,0.0,0.0,0.0,0.0,0.0,82.0,82.0,82.0,82.00038963301108,82.02929355658941,82.63541943343212,0.0,0.0,0.0,0.0,0.0,0.0,0.0,0.0,0.0,82.0,82.0,82.0,82.0,82.0,82.0,,,,2,12,27,82.0,0.0,SAME,1.0
PCAL,2023-12-28,82.0,82.0,82.0,82.0,82.0,82.0,0.0,0.0,0.0,0.0,0.0,0.0,0.0,0.0,82.0,82.0,82.0,82.00019481650554,82.01952903772627,82.51988862735354,0.0,0.0,0.0,0.0,0.0,0.0,0.0,0.0,0.0,82.0,82.0,82.0,82.0,82.0,82.0,,,,3,12,28,80.6,-1.4000000000000057,DOWN,0.0
PCAL,2023-12-29,80.6,82.0,82.0,82.0,82.0,82.0,-1.4000000000000057,-1.4000000000000057,-1.4000000000000057,-0.017073170731707332,-0.017073170731707332,-0.017073170731707332,-0.01722059775167052,-0.01722059775167052,81.53333333333332,81.72,81.86,81.30009740825277,81.54635269181752,82.17081796783471,0.009857199717870404,0.007635354069509666,0.005399010639311796,-1.4000000000000057,-0.017073170731707388,-1.4000000000000057,-0.017073170731707388,-1.4000000000000057,-0.017073170731707388,80.6,82.0,80.6,82.0,80.6,82.0,0.0,0.0,0.0,4,12,29,80.6,0.0,SAME,1.0
PCAL,2024-01-01,80.6,80.6,82.0,82.0,82.0,82.0,0.0,-1.4000000000000057,-1.4000000000000057,0.0,-0.017073170731707332,-0.017073170731707332,0.0,-0.01722059775167052,81.06666666666666,81.44,81.72,80.95004870412637,81.23090179454502,81.88521470095567,0.009857199717870404,0.007635354069509666,0.005399010639311796,-1.4000000000000057,-0.017073170731707388,-1.4000000000000057,-0.017073170731707388,-1.4000000000000057,-0.017073170731707388,80.6,82.0,80.6,82.0,80.6,82.0,0.0,0.0,0.0,0,1,1,80.6,0.0,SAME,1.0
PCAL,2024-01-03,80.6,80.6,80.6,82.0,82.0,82.0,0.0,0.0,-1.4000000000000057,0.0,0.0,-0.017073170731707332,0.0,0.0,80.6,81.16,81.58,80.77502435206318,81.02060119636334,81.6515393007819,0.009857199717870404,0.007635354069509666,0.005399010639311796,-1.4000000000000057,-0.017073170731707388,-1.4000000000000057,-0.017073170731707388,-1.4000000000000057,-0.017073170731707388,80.6,80.6,80.6,82.0,80.6,82.0,,0.0,0.0,2,1,3,80.59,-0.009999999999990905,DOWN,0.0
PCAL,2024-01-04,80.59,80.6,80.6,80.6,82.0,82.0,-0.009999999999990905,-0.009999999999990905,-0.009999999999990905,-0.00012406947890808429,-0.00012406947890808429,-0.00012406947890808429,-0.00012407717616255202,-0.00012407717616255202,80.59666666666668,80.878,81.439,80.6825121760316,80.87706746424223,81.4585321551852,7.163154687032967e-05,0.007621672026156594,0.005394792190246032,-0.009999999999990905,-0.00012406947890807575,-1.4099999999999966,-0.017195121951219472,-1.4099999999999966,-0.017195121951219472,80.59,80.6,80.59,82.0,80.59,82.0,0.0,0.0,0.0,3,1,4,80.77,0.1799999999999926,UP,2.0
PCAL,2024-01-05,80.77,80.59,80.6,80.6,82.0,82.0,0.1799999999999926,0.1700000000000017,0.1700000000000017,0.0022335277329692538,0.0021091811414393202,0.0021091811414393202,0.0022310371177848946,0.002106959941622449,80.65333333333332,80.63199999999999,81.316,80.72625608801579,80.84137830949483,81.33334449060607,0.001326794632616523,0.007932758977504666,0.005518714917766368,0.1700000000000017,0.0021091811414392274,-1.230000000000004,-0.015000000000000048,-1.230000000000004,-0.015000000000000048,80.59,80.77,80.59,80.77,80.59,82.0,1.0,1.0,0.12765957446808018,4,1,5,80.77,0.0,SAME,1.0
PCAL,2024-01-08,80.77,80.77,80.59,80.6,80.6,82.0,0.0,0.1799999999999926,0.1700000000000017,0.0,0.0022335277329692538,0.0021091811414393202,0.0,0.0022310371177848946,80.71,80.666,81.193,80.7481280440079,80.81758553966323,81.23091821958678,0.001326794632616523,0.0010141593247984864,0.005518714917766368,0.1700000000000017,0.0021091811414392274,0.1700000000000017,0.0021091811414392274,-1.230000000000004,-0.015000000000000048,80.59,80.77,80.59,80.77,80.59,82.0,1.0,1.0,0.12765957446808018,0,1,8,80.77,0.0,SAME,1.0
PCAL,2024-01-10,80.77,80.77,80.77,80.59,80.6,82.0,0.0,0.0,0.1799999999999926,0.0,0.0,0.0022335277329692538,0.0,0.0,80.77,80.7,81.07,80.75906402200394,80.80172369310883,81.14711490693463,0.001289527837862534,0.0010141593247984864,0.005518714917766368,0.1799999999999926,0.0022335277329692594,0.1700000000000017,0.0021091811414392274,-1.230000000000004,-0.015000000000000048,80.77,80.77,80.59,80.77,80.59,82.0,,1.0,0.12765957446808018,2,1,10,80.77,0.0,SAME,1.0
PCAL,2024-01-11,80.77,80.77,80.77,80.77,80.6,82.0,0.0,0.0,0.0,0.0,0.0,0.0,0.0,0.0,80.77,80.73400000000001,80.94699999999999,80.76453201100196,80.79114912873922,81.07854856021925,0.0,0.0010141593247984864,0.005518714917766368,0.0,0.0,0.1700000000000017,0.0021091811414392274,-1.230000000000004,-0.015000000000000048,80.77,80.77,80.59,80.77,80.59,82.0,,1.0,0.12765957446808018,3,1,11,80.77,0.0,SAME,1.0
PCAL,2024-01-15,80.77,80.77,80.77,80.77,80.59,82.0,0.0,0.0,0.0,0.0,0.0,0.0,0.0,0.0,80.77,80.77,80.824,80.76726600550097,80.78409941915949,81.02244882199756,0.0,0.0009988639680961527,0.005518714917766368,0.0,0.0,0.1799999999999926,0.0022335277329692594,-1.230000000000004,-0.015000000000000048,80.77,80.77,80.77,80.77,80.59,82.0,,,0.12765957446808018,0,1,15,80.77,0.0,SAME,1.0
PCAL,2024-01-16,80.77,80.77,80.77,80.77,80.77,82.0,0.0,0.0,0.0,0.0,0.0,0.0,0.0,0.0,80.77,80.77,80.701,80.76863300275048,80.779399612773,80.97654903617982,0.0,0.0,0.005518714917766368,0.0,0.0,0.0,0.0,-1.230000000000004,-0.015000000000000048,80.77,80.77,80.77,80.77,80.59,80.77,,,1.0,1,1,16,80.77,0.0,SAME,1.0
PCAL,2024-01-17,80.77,80.77,80.77,80.77,80.77,80.6,0.0,0.0,0.0,0.0,0.0,0.0,0.0,0.0,80.77,80.77,80.71799999999999,80.76931650137524,80.77626640851534,80.9389946659653,0.0,0.0,0.0007117316876596513,0.0,0.0,0.0,0.0,0.1700000000000017,0.0021091811414392274,80.77,80.77,80.77,80.77,80.59,80.77,,,1.0,2,1,17,80.77,0.0,SAME,1.0
PCAL,2024-01-18,80.77,80.77,80.77,80.77,80.77,80.6,0.0,0.0,0.0,0.0,0.0,0.0,0.0,0.0,80.77,80.77,80.735,80.76965825068763,80.7741776056769,80.90826836306252,0.0,0.0,0.0007117316876596513,0.0,0.0,0.0,0.0,0.1700000000000017,0.0021091811414392274,80.77,80.77,80.77,80.77,80.59,80.77,,,1.0,3,1,18,80.77,0.0,SAME,1.0
PCAL,2024-01-19,80.77,80.77,80.77,80.77,80.77,80.6,0.0,0.0,0.0,0.0,0.0,0.0,0.0,0.0,80.77,80.77,80.752,80.76982912534382,80.77278507045128,80.88312866068752,0.0,0.0,0.0007117316876596513,0.0,0.0,0.0,0.0,0.1700000000000017,0.0021091811414392274,80.77,80.77,80.77,80.77,80.59,80.77,,,1.0,4,1,19,80.77,0.0,SAME,1.0
PCAL,2024-01-22,80.77,80.77,80.77,80.77,80.77,80.59,0.0,0.0,0.0,0.0,0.0,0.0,0.0,0.0,80.77,80.77,80.77,80.76991456267191,80.7718567136342,80.86255981328978,0.0,0.0,0.0007063034853329757,0.0,0.0,0.0,0.0,0.1799999999999926,0.0022335277329692594,80.77,80.77,80.77,80.77,80.77,80.77,,,,0,1,22,80.77,0.0,SAME,1.0
PCAL,2024-01-23,80.77,80.77,80.77,80.77,80.77,80.77,0.0,0.0,0.0,0.0,0.0,0.0,0.0,0.0,80.77,80.77,80.77,80.76995728133596,80.77123780908947,80.845730756328,0.0,0.0,0.0,0.0,0.0,0.0,0.0,0.0,0.0,80.77,80.77,80.77,80.77,80.77,80.77,,,,1,1,23,80.77,0.0,SAME,1.0
PCAL,2024-01-24,80.77,80.77,80.77,80.77,80.77,80.77,0.0,0.0,0.0,0.0,0.0,0.0,0.0,0.0,80.77,80.77,80.77,80.76997864066797,80.77082520605965,80.83196152790472,0.0,0.0,0.0,0.0,0.0,0.0,0.0,0.0,0.0,80.77,80.77,80.77,80.77,80.77,80.77,,,,2,1,24,80.77,0.0,SAME,1.0
PCAL,2024-01-25,80.77,80.77,80.77,80.77,80.77,80.77,0.0,0.0,0.0,0.0,0.0,0.0,0.0,0.0,80.77,80.77,80.77,80.76998932033399,80.7705501373731,80.82069579555841,0.0,0.0,0.0,0.0,0.0,0.0,0.0,0.0,0.0,80.77,80.77,80.77,80.77,80.77,80.77,,,,3,1,25,80.77,0.0,SAME,1.0
PCAL,2024-01-26,80.77,80.77,80.77,80.77,80.77,80.77,0.0,0.0,0.0,0.0,0.0,0.0,0.0,0.0,80.77,80.77,80.77,80.76999466016699,80.77036675824874,80.81147837818415,0.0,0.0,0.0,0.0,0.0,0.0,0.0,0.0,0.0,80.77,80.77,80.77,80.77,80.77,80.77,,,,4,1,26,80.77,0.0,SAME,1.0
PCAL,2024-01-29,80.77,80.77,80.77,80.77,80.77,80.77,0.0,0.0,0.0,0.0,0.0,0.0,0.0,0.0,80.77,80.77,80.77,80.7699973300835,80.77024450549916,80.80393685487793,0.0,0.0,0.0,0.0,0.0,0.0,0.0,0.0,0.0,80.77,80.77,80.77,80.77,80.77,80.77,,,,0,1,29,80.77,0.0,SAME,1.0
PCAL,2024-01-30,80.77,80.77,80.77,80.77,80.77,80.77,0.0,0.0,0.0,0.0,0.0,0.0,0.0,0.0,80.77,80.77,80.77,80.76999866504175,80.77016300366611,80.7977665176274,0.0,0.0,0.0,0.0,0.0,0.0,0.0,0.0,0.0,80.77,80.77,80.77,80.77,80.77,80.77,,,,1,1,30,80.77,0.0,SAME,1.0
PCAL,2024-01-31,80.77,80.77,80.77,80.77,80.77,80.77,0.0,0.0,0.0,0.0,0.0,0.0,0.0,0.0,80.77,80.77,80.77,80.76999933252088,80.77010866911075,80.79271805987696,0.0,0.0,0.0,0.0,0.0,0.0,0.0,0.0,0.0,80.77,80.77,80.77,80.77,80.77,80.77,,,,2,1,31,80.77,0.0,SAME,1.0
PCAL,2024-02-01,80.77,80.77,80.77,80.77,80.77,80.77,0.0,0.0,0.0,0.0,0.0,0.0,0.0,0.0,80.77,80.77,80.77,80.76999966626045,80.77007244607384,80.7885875035357,0.0,0.0,0.0,0.0,0.0,0.0,0.0,0.0,0.0,80.77,80.77,80.77,80.77,80.77,80.77,,,,3,2,1,80.77,0.0,SAME,1.0
PCAL,2024-02-02,80.77,80.77,80.77,80.77,80.77,80.77,0.0,0.0,0.0,0.0,0.0,0.0,0.0,0.0,80.77,80.77,80.77,80.76999983313021,80.77004829738257,80.78520795743829,0.0,0.0,0.0,0.0,0.0,0.0,0.0,0.0,0.0,80.77,80.77,80.77,80.77,80.77,80.77,,,,4,2,2,80.77,0.0,SAME,1.0
PCAL,2024-02-05,80.77,80.77,80.77,80.77,80.77,80.77,0.0,0.0,0.0,0.0,0.0,0.0,0.0,0.0,80.77,80.77,80.77,80.7699999165651,80.77003219825505,80.78244287426769,0.0,0.0,0.0,0.0,0.0,0.0,0.0,0.0,0.0,80.77,80.77,80.77,80.77,80.77,80.77,,,,0,2,5,80.77,0.0,SAME,1.0
PCAL,2024-02-06,80.77,80.77,80.77,80.77,80.77,80.77,0.0,0.0,0.0,0.0,0.0,0.0,0.0,0.0,80.77,80.77,80.77,80.76999995828254,80.77002146550338,80.78018053349174,0.0,0.0,0.0,0.0,0.0,0.0,0.0,0.0,0.0,80.77,80.77,80.77,80.77,80.77,80.77,,,,1,2,6,80.77,0.0,SAME,1.0
PCAL,2024-02-07,80.77,80.77,80.77,80.77,80.77,80.77,0.0,0.0,0.0,0.0,0.0,0.0,0.0,0.0,80.77,80.77,80.77,80.76999997914126,80.7700143103356,80.77832952740233,0.0,0.0,0.0,0.0,0.0,0.0,0.0,0.0,0.0,80.77,80.77,80.77,80.77,80.77,80.77,,,,2,2,7,80.77,0.0,SAME,1.0
PCAL,2024-02-08,80.77,80.77,80.77,80.77,80.77,80.77,0.0,0.0,0.0,0.0,0.0,0.0,0.0,0.0,80.77,80.77,80.77,80.76999998957064,80.77000954022374,80.77681506787464,0.0,0.0,0.0,0.0,0.0,0.0,0.0,0.0,0.0,80.77,80.77,80.77,80.77,80.77,80.77,,,,3,2,8,80.77,0.0,SAME,1.0
PCAL,2024-02-09,80.77,80.77,80.77,80.77,80.77,80.77,0.0,0.0,0.0,0.0,0.0,0.0,0.0,0.0,80.77,80.77,80.77,80.76999999478531,80.77000636014917,80.7755759646247,0.0,0.0,0.0,0.0,0.0,0.0,0.0,0.0,0.0,80.77,80.77,80.77,80.77,80.77,80.77,,,,4,2,9,80.77,0.0,SAME,1.0
PCAL,2024-02-12,80.77,80.77,80.77,80.77,80.77,80.77,0.0,0.0,0.0,0.0,0.0,0.0,0.0,0.0,80.77,80.77,80.77,80.76999999739266,80.77000424009945,80.77456215287475,0.0,0.0,0.0,0.0,0.0,0.0,0.0,0.0,0.0,80.77,80.77,80.77,80.77,80.77,80.77,,,,0,2,12,80.77,0.0,SAME,1.0
PCAL,2024-02-13,80.77,80.77,80.77,80.77,80.77,80.77,0.0,0.0,0.0,0.0,0.0,0.0,0.0,0.0,80.77,80.77,80.77,80.76999999869633,80.77000282673298,80.77373267053389,0.0,0.0,0.0,0.0,0.0,0.0,0.0,0.0,0.0,80.77,80.77,80.77,80.77,80.77,80.77,,,,1,2,13,80.77,0.0,SAME,1.0
PCAL,2024-02-14,80.77,80.77,80.77,80.77,80.77,80.77,0.0,0.0,0.0,0.0,0.0,0.0,0.0,0.0,80.77,80.77,80.77,80.76999999934816,80.77000188448866,80.77305400316409,0.0,0.0,0.0,0.0,0.0,0.0,0.0,0.0,0.0,80.77,80.77,80.77,80.77,80.77,80.77,,,,2,2,14,80.77,0.0,SAME,1.0
PCAL,2024-02-15,80.77,80.77,80.77,80.77,80.77,80.77,0.0,0.0,0.0,0.0,0.0,0.0,0.0,0.0,80.77,80.77,80.77,80.76999999967407,80.77000125632578,80.77249872986152,0.0,0.0,0.0,0.0,0.0,0.0,0.0,0.0,0.0,80.77,80.77,80.77,80.77,80.77,80.77,,,,3,2,15,80.77,0.0,SAME,1.0
PCAL,2024-02-16,80.77,80.77,80.77,80.77,80.77,80.77,0.0,0.0,0.0,0.0,0.0,0.0,0.0,0.0,80.77,80.77,80.77,80.76999999983704,80.77000083755053,80.77204441534124,0.0,0.0,0.0,0.0,0.0,0.0,0.0,0.0,0.0,80.77,80.77,80.77,80.77,80.77,80.77,,,,4,2,16,80.77,0.0,SAME,1.0
PCAL,2024-02-19,80.77,80.77,80.77,80.77,80.77,80.77,0.0,0.0,0.0,0.0,0.0,0.0,0.0,0.0,80.77,80.77,80.77,80.76999999991853,80.77000055836703,80.77167270346101,0.0,0.0,0.0,0.0,0.0,0.0,0.0,0.0,0.0,80.77,80.77,80.77,80.77,80.77,80.77,,,,0,2,19,93.46,12.689999999999998,UP,2.0
PCAL,2024-02-20,93.46,80.77,80.77,80.77,80.77,80.77,12.689999999999998,12.689999999999998,12.689999999999998,0.15711278940200568,0.15711278940200568,0.15711278940200568,0.14592792781807515,0.14592792781807515,85.0,83.30799999999999,82.039,87.11499999995925,85.0000003722447,83.07864130283173,0.09070911125438082,0.07026297544749845,0.04968342640527018,12.689999999999998,0.15711278940200568,12.689999999999998,0.15711278940200568,12.689999999999998,0.15711278940200568,80.77,93.46,80.77,93.46,80.77,93.46,1.0,1.0,1.0,1,2,20,93.46,0.0,SAME,1.0
PCAL,2024-02-26,93.46,93.46,80.77,80.77,80.77,80.77,0.0,12.689999999999998,12.689999999999998,0.0,0.15711278940200568,0.15711278940200568,0.0,0.14592792781807515,89.23,85.846,83.30799999999999,90.28749999997962,87.82000024816313,84.96616106595323,0.09070911125438082,0.07026297544749845,0.04968342640527018,12.689999999999998,0.15711278940200568,12.689999999999998,0.15711278940200568,12.689999999999998,0.15711278940200568,80.77,93.46,80.77,93.46,80.77,93.46,1.0,1.0,1.0,0,2,26,93.46,0.0,SAME,1.0
PCAL,2024-02-27,93.46,93.46,93.46,80.77,80.77,80.77,0.0,0.0,12.689999999999998,0.0,0.0,0.15711278940200568,0.0,0.0,93.46,88.38399999999999,84.577,91.8737499999898,89.70000016544208,86.5104954175981,0.09070911125438082,0.07026297544749845,0.04968342640527018,12.689999999999998,0.15711278940200568,12.689999999999998,0.15711278940200568,12.689999999999998,0.15711278940200568,93.46,93.46,80.77,93.46,80.77,93.46,,1.0,1.0,1,2,27,93.46,0.0,SAME,1.0
PCAL,2024-02-28,93.46,93.46,93.46,93.46,80.77,80.77,0.0,0.0,0.0,0.0,0.0,0.0,0.0,0.0,93.46,90.922,85.84599999999999,92.66687499999489,90.95333344362805,87.77404170530752,0.0,0.07026297544749845,0.04968342640527018,0.0,0.0,12.689999999999998,0.15711278940200568,12.689999999999998,0.15711278940200568,93.46,93.46,80.77,93.46,80.77,93.46,,1.0,1.0,2,2,28,93.46,0.0,SAME,1.0
PCAL,2024-02-29,93.46,93.46,93.46,93.46,80.77,80.77,0.0,0.0,0.0,0.0,0.0,0.0,0.0,0.0,93.46,93.46,87.115,93.06343749999743,91.7888889624187,88.8078523043425,0.0,0.07026297544749845,0.04968342640527018,0.0,0.0,12.689999999999998,0.15711278940200568,12.689999999999998,0.15711278940200568,93.46,93.46,93.46,93.46,80.77,93.46,,,1.0,3,2,29,93.46,0.0,SAME,1.0
PCAL,2024-03-01,93.46,93.46,93.46,93.46,93.46,80.77,0.0,0.0,0.0,0.0,0.0,0.0,0.0,0.0,93.46,93.46,88.38399999999999,93.26171874999872,92.3459259749458,89.65369733991659,0.0,0.0,0.04968342640527018,0.0,0.0,0.0,0.0,12.689999999999998,0.15711278940200568,93.46,93.46,93.46,93.46,80.77,93.46,,,1.0,4,3,1,93.46,0.0,SAME,1.0
PCAL,2024-03-04,93.46,93.46,93.46,93.46,93.46,80.77,0.0,0.0,0.0,0.0,0.0,0.0,0.0,0.0,93.46,93.46,89.65299999999999,93.36085937499936,92.7172839832972,90.34575236902265,0.0,0.0,0.04968342640527018,0.0,0.0,0.0,0.0,12.689999999999998,0.15711278940200568,93.46,93.46,93.46,93.46,80.77,93.46,,,1.0,0,3,4,93.46,0.0,SAME,1.0
PCAL,2024-03-05,93.46,93.46,93.46,93.46,93.46,80.77,0.0,0.0,0.0,0.0,0.0,0.0,0.0,0.0,93.46,93.46,90.922,93.41042968749969,92.9648559888648,90.91197921101852,0.0,0.0,0.04968342640527018,0.0,0.0,0.0,0.0,12.689999999999998,0.15711278940200568,93.46,93.46,93.46,93.46,80.77,93.46,,,1.0,1,3,5,93.11,-0.3499999999999943,DOWN,0.0
PCAL,2024-03-06,93.11,93.46,93.46,93.46,93.46,80.77,-0.3499999999999943,-0.3499999999999943,-0.3499999999999943,-0.003744917611812504,-0.003744917611812504,-0.003744917611812504,-0.0037519473718416515,-0.0037519473718416515,93.34333333333332,93.39,92.15599999999999,93.26021484374985,93.01323732590987,91.31161935446968,0.00216212919126691,0.0016747780700214993,0.049828910162511675,-0.3499999999999943,-0.0037449176118124795,-0.3499999999999943,-0.0037449176118124795,12.340000000000003,0.15277949733812063,93.11,93.46,93.11,93.46,80.77,93.46,0.0,0.0,0.9724192277383771,2,3,6,93.11,0.0,SAME,1.0
PCAL,2024-03-07,93.11,93.11,93.46,93.46,93.46,80.77,0.0,-0.3499999999999943,-0.3499999999999943,0.0,-0.003744917611812504,-0.003744917611812504,0.0,-0.0037519473718416515,93.22666666666667,93.32000000000001,93.38999999999999,93.18510742187493,93.04549155060658,91.638597653657,0.00216212919126691,0.0016747780700214993,0.049828910162511675,-0.3499999999999943,-0.0037449176118124795,-0.3499999999999943,-0.0037449176118124795,12.340000000000003,0.15277949733812063,93.11,93.46,93.11,93.46,93.11,93.46,0.0,0.0,0.0,3,3,7,90.0,-3.1099999999999994,DOWN,0.0
PCAL,2024-03-08,90.0,93.11,93.11,93.46,93.46,93.46,-3.1099999999999994,-3.1099999999999994,-3.4599999999999937,-0.03340135323810545,-0.03340135323810545,-0.0370211855339182,-0.033971919570173335,-0.033971919570173335,92.07333333333334,92.628,93.044,91.59255371093747,92.0303277004044,91.34067080753753,0.01829926674356227,0.01460912145240737,0.010497038006824218,-3.4599999999999937,-0.03702118553391819,-3.4599999999999937,-0.03702118553391819,-3.4599999999999937,-0.03702118553391819,90.0,93.11,90.0,93.46,90.0,93.46,0.0,0.0,0.0,4,3,8,90.0,0.0,SAME,1.0
PCAL,2024-03-11,90.0,90.0,93.11,93.11,93.46,93.46,0.0,-3.1099999999999994,-3.1099999999999994,0.0,-0.03340135323810545,-0.03340135323810545,0.0,-0.033971919570173335,91.03666666666668,91.936,92.698,90.79627685546873,91.3535518002696,91.09691247889434,0.01928428028331729,0.01460912145240737,0.010497038006824218,-3.1099999999999994,-0.03340135323810546,-3.4599999999999937,-0.03702118553391819,-3.4599999999999937,-0.03702118553391819,90.0,93.11,90.0,93.46,90.0,93.46,0.0,0.0,0.0,0,3,11,90.0,0.0,SAME,1.0
PCAL,2024-03-12,90.0,90.0,90.0,93.11,93.46,93.46,0.0,0.0,-3.1099999999999994,0.0,0.0,-0.03340135323810545,0.0,0.0,90.0,91.244,92.352,90.39813842773437,90.9023678668464,90.89747384636809,0.01928428028331729,0.01460912145240737,0.010497038006824218,-3.1099999999999994,-0.03340135323810546,-3.4599999999999937,-0.03702118553391819,-3.4599999999999937,-0.03702118553391819,90.0,90.0,90.0,93.11,90.0,93.46,,0.0,0.0,1,3,12,90.0,0.0,SAME,1.0
PCAL,2024-03-13,90.0,90.0,90.0,90.0,93.11,93.46,0.0,0.0,0.0,0.0,0.0,0.0,0.0,0.0,90.0,90.622,92.006,90.19906921386718,90.60157857789761,90.73429678339207,0.0,0.01493753927617637,0.010497038006824218,0.0,0.0,-3.1099999999999994,-0.03340135323810546,-3.4599999999999937,-0.03702118553391819,90.0,90.0,90.0,93.11,90.0,93.46,,0.0,0.0,2,3,13,90.0,0.0,SAME,1.0
PCAL,2024-03-14,90.0,90.0,90.0,90.0,93.11,93.46,0.0,0.0,0.0,0.0,0.0,0.0,0.0,0.0,90.0,90.0,91.66,90.09953460693359,90.40105238526507,90.60078827732077,0.0,0.01493753927617637,0.010497038006824218,0.0,0.0,-3.1099999999999994,-0.03340135323810546,-3.4599999999999937,-0.03702118553391819,90.0,90.0,90.0,90.0,90.0,93.46,,,0.0,3,3,14,90.0,0.0,SAME,1.0
PCAL,2024-03-15,90.0,90.0,90.0,90.0,90.0,93.46,0.0,0.0,0.0,0.0,0.0,0.0,0.0,0.0,90.0,90.0,91.314,90.0497673034668,90.26736825684338,90.49155404508062,0.0,0.0,0.010497038006824218,0.0,0.0,0.0,0.0,-3.4599999999999937,-0.03702118553391819,90.0,90.0,90.0,90.0,90.0,93.46,,,0.0,4,3,15,90.0,0.0,SAME,1.0
PCAL,2024-03-18,90.0,90.0,90.0,90.0,90.0,93.46,0.0,0.0,0.0,0.0,0.0,0.0,0.0,0.0,90.0,90.0,90.96799999999999,90.0248836517334,90.17824550456226,90.40218058233867,0.0,0.0,0.010497038006824218,0.0,0.0,0.0,0.0,-3.4599999999999937,-0.03702118553391819,90.0,90.0,90.0,90.0,90.0,93.46,,,0.0,0,3,18,90.0,0.0,SAME,1.0
PCAL,2024-03-19,90.0,90.0,90.0,90.0,90.0,93.46,0.0,0.0,0.0,0.0,0.0,0.0,0.0,0.0,90.0,90.0,90.62199999999999,90.0124418258667,90.11883033637484,90.32905684009526,0.0,0.0,0.010497038006824218,0.0,0.0,0.0,0.0,-3.4599999999999937,-0.03702118553391819,90.0,90.0,90.0,90.0,90.0,93.11,,,0.0,1,3,19,90.0,0.0,SAME,1.0
PCAL,2024-03-20,90.0,90.0,90.0,90.0,90.0,93.11,0.0,0.0,0.0,0.0,0.0,0.0,0.0,0.0,90.0,90.0,90.31099999999999,90.00622091293334,90.0792202242499,90.2692283237143,0.0,0.0,0.010562435316425336,0.0,0.0,0.0,0.0,-3.1099999999999994,-0.03340135323810546,90.0,90.0,90.0,90.0,90.0,93.11,,,0.0,2,3,20,90.0,0.0,SAME,1.0
PCAL,2024-03-21,90.0,90.0,90.0,90.0,90.0,93.11,0.0,0.0,0.0,0.0,0.0,0.0,0.0,0.0,90.0,90.0,90.0,90.00311045646667,90.05281348283327,90.2202777194026,0.0,0.0,0.010562435316425336,0.0,0.0,0.0,0.0,-3.1099999999999994,-0.03340135323810546,90.0,90.0,90.0,90.0,90.0,90.0,,,,3,3,21,90.0,0.0,SAME,1.0
PCAL,2024-03-22,90.0,90.0,90.0,90.0,90.0,90.0,0.0,0.0,0.0,0.0,0.0,0.0,0.0,0.0,90.0,90.0,90.0,90.00155522823334,90.03520898855552,90.18022722496576,0.0,0.0,0.0,0.0,0.0,0.0,0.0,0.0,0.0,90.0,90.0,90.0,90.0,90.0,90.0,,,,4,3,22,90.0,0.0,SAME,1.0
PCAL,2024-03-25,90.0,90.0,90.0,90.0,90.0,90.0,0.0,0.0,0.0,0.0,0.0,0.0,0.0,0.0,90.0,90.0,90.0,90.00077761411667,90.02347265903703,90.14745863860834,0.0,0.0,0.0,0.0,0.0,0.0,0.0,0.0,0.0,90.0,90.0,90.0,90.0,90.0,90.0,,,,0,3,25,101.0,11.0,UP,2.0
PCAL,2024-03-26,101.0,90.0,90.0,90.0,90.0,90.0,11.0,11.0,11.0,0.12222222222222223,0.12222222222222223,0.12222222222222223,0.1153108465109944,0.1153108465109944,93.66666666666667,92.2,91.1,95.50038880705833,93.68231510602469,92.12064797704318,0.07056503290095407,0.05465943944999461,0.03865006029094686,11.0,0.12222222222222222,11.0,0.12222222222222222,11.0,0.12222222222222222,90.0,101.0,90.0,101.0,90.0,101.0,1.0,1.0,1.0,1,3,26,101.0,0.0,SAME,1.0
PCAL,2024-03-27,101.0,101.0,90.0,90.0,90.0,90.0,0.0,11.0,11.0,0.0,0.12222222222222223,0.12222222222222223,0.0,0.1153108465109944,97.33333333333333,94.4,92.2,98.25019440352916,96.12154340401646,93.73507561758078,0.07056503290095407,0.05465943944999461,0.03865006029094686,11.0,0.12222222222222222,11.0,0.12222222222222222,11.0,0.12222222222222222,90.0,101.0,90.0,101.0,90.0,101.0,1.0,1.0,1.0,2,3,27,101.0,0.0,SAME,1.0
PCAL,2024-03-28,101.0,101.0,101.0,90.0,90.0,90.0,0.0,0.0,11.0,0.0,0.0,0.12222222222222223,0.0,0.0,101.0,96.6,93.3,99.62509720176459,97.74769560267765,95.0559709598388,0.07056503290095407,0.05465943944999461,0.03865006029094686,11.0,0.12222222222222222,11.0,0.12222222222222222,11.0,0.12222222222222222,101.0,101.0,90.0,101.0,90.0,101.0,,1.0,1.0,3,3,28,101.0,0.0,SAME,1.0
PCAL,2024-03-29,101.0,101.0,101.0,101.0,90.0,90.0,0.0,0.0,0.0,0.0,0.0,0.0,0.0,0.0,101.0,98.8,94.4,100.3125486008823,98.83179706845178,96.13670351259537,0.0,0.05465943944999461,0.03865006029094686,0.0,0.0,11.0,0.12222222222222222,11.0,0.12222222222222222,101.0,101.0,90.0,101.0,90.0,101.0,,1.0,1.0,4,3,29,101.0,0.0,SAME,1.0
PCAL,2024-04-01,101.0,101.0,101.0,101.0,90.0,90.0,0.0,0.0,0.0,0.0,0.0,0.0,0.0,0.0,101.0,101.0,95.5,100.65627430044114,99.55453137896785,97.02093923757802,0.0,0.05465943944999461,0.03865006029094686,0.0,0.0,11.0,0.12222222222222222,11.0,0.12222222222222222,101.0,101.0,101.0,101.0,90.0,101.0,,,1.0,0,4,1,101.0,0.0,SAME,1.0
PCAL,2024-04-02,101.0,101.0,101.0,101.0,101.0,90.0,0.0,0.0,0.0,0.0,0.0,0.0,0.0,0.0,101.0,101.0,96.6,100.82813715022057,100.03635425264525,97.74440483074564,0.0,0.0,0.03865006029094686,0.0,0.0,0.0,0.0,11.0,0.12222222222222222,101.0,101.0,101.0,101.0,90.0,101.0,,,1.0,1,4,2,96.74,-4.260000000000005,DOWN,0.0
PCAL,2024-04-03,96.74,101.0,101.0,101.0,101.0,90.0,-4.260000000000005,-4.260000000000005,-4.260000000000005,-0.042178217821782216,-0.042178217821782216,-0.042178217821782216,-0.043093549446422345,-0.043093549446422345,99.58,100.148,97.274,98.78406857511028,98.9375695017635,97.56178577061006,0.024351605413344145,0.018862672443858895,0.04226447076250822,-4.260000000000005,-0.04217821782178223,-4.260000000000005,-0.04217821782178223,6.739999999999995,0.07488888888888884,96.74,101.0,96.74,101.0,90.0,101.0,0.0,0.0,0.6127272727272722,2,4,3,96.74,0.0,SAME,1.0
PCAL,2024-04-04,96.74,96.74,101.0,101.0,101.0,90.0,0.0,-4.260000000000005,-4.260000000000005,0.0,-0.042178217821782216,-0.042178217821782216,0.0,-0.043093549446422345,98.15999999999998,99.29599999999999,97.94800000000001,97.76203428755514,98.205046334509,97.41237017595368,0.024351605413344145,0.018862672443858895,0.04226447076250822,-4.260000000000005,-0.04217821782178223,-4.260000000000005,-0.04217821782178223,6.739999999999995,0.07488888888888884,96.74,101.0,96.74,101.0,90.0,101.0,0.0,0.0,0.6127272727272722,3,4,4,95.0,-1.7399999999999949,DOWN,0.0
PCAL,2024-04-05,95.0,96.74,96.74,101.0,101.0,90.0,-1.7399999999999949,-1.7399999999999949,-6.0,-0.01798635517882985,-0.01798635517882985,-0.05940594059405946,-0.018150075794296304,-0.018150075794296304,96.15999999999998,98.09599999999999,98.44800000000001,96.38101714377757,97.13669755633936,96.97375741668938,0.021165054726191394,0.018564454357531086,0.04301894602444596,-6.0,-0.0594059405940594,-6.0,-0.0594059405940594,5.0,0.05555555555555555,95.0,96.74,95.0,101.0,90.0,101.0,0.0,0.0,0.45454545454545453,4,4,5,95.0,0.0,SAME,1.0
PCAL,2024-04-08,95.0,95.0,96.74,96.74,101.0,90.0,0.0,-1.7399999999999949,-1.7399999999999949,0.0,-0.01798635517882985,-0.01798635517882985,0.0,-0.018150075794296304,95.58,96.89599999999999,98.94800000000001,95.69050857188878,96.42446503755957,96.61489243183675,0.010384427004236479,0.018564454357531086,0.04301894602444596,-1.7399999999999949,-0.0179863551788298,-6.0,-0.0594059405940594,5.0,0.05555555555555555,95.0,96.74,95.0,101.0,95.0,101.0,0.0,0.0,0.0,0,4,8,95.0,0.0,SAME,1.0
PCAL,2024-04-09,95.0,95.0,95.0,96.74,101.0,101.0,0.0,0.0,-1.7399999999999949,0.0,0.0,-0.01798635517882985,0.0,0.0,95.0,95.696,98.348,95.34525428594439,95.94964335837307,96.32127562604825,0.010384427004236479,0.018564454357531086,0.013906566981130894,-1.7399999999999949,-0.0179863551788298,-6.0,-0.0594059405940594,-6.0,-0.0594059405940594,95.0,95.0,95.0,96.74,95.0,101.0,,0.0,0.0,1,4,9,90.0,-5.0,DOWN,0.0
PCAL,2024-04-10,90.0,95.0,95.0,95.0,96.74,101.0,-5.0,-5.0,-5.0,-0.052631578947368474,-0.052631578947368474,-0.052631578947368474,-0.05406722127027582,-0.05406722127027582,93.33333333333333,94.348,97.248,92.6726271429722,93.96642890558205,95.17195278494856,0.030386856273137842,0.02289221238249796,0.020000824828287585,-5.0,-0.05263157894736842,-6.739999999999995,-0.06967128385362824,-11.0,-0.10891089108910891,90.0,95.0,90.0,96.74,90.0,101.0,0.0,0.0,0.0,2,4,10,90.0,0.0,SAME,1.0
PCAL,2024-04-11,90.0,90.0,95.0,95.0,96.74,101.0,0.0,-5.0,-5.0,0.0,-0.052631578947368474,-0.052631578947368474,0.0,-0.05406722127027582,91.66666666666667,93.0,96.148,91.3363135714861,92.6442859370547,94.23159773313972,0.030386856273137842,0.02289221238249796,0.020000824828287585,-5.0,-0.05263157894736842,-6.739999999999995,-0.06967128385362824,-11.0,-0.10891089108910891,90.0,95.0,90.0,95.0,90.0,101.0,0.0,0.0,0.0,3,4,11,90.0,0.0,SAME,1.0
PCAL,2024-04-12,90.0,90.0,90.0,95.0,95.0,101.0,0.0,0.0,-5.0,0.0,0.0,-0.052631578947368474,0.0,0.0,90.0,92.0,95.048,90.66815678574305,91.76285729136981,93.4622163271143,0.030386856273137842,0.023537557657891957,0.020000824828287585,-5.0,-0.05263157894736842,-5.0,-0.05263157894736842,-11.0,-0.10891089108910891,90.0,90.0,90.0,95.0,90.0,101.0,,0.0,0.0,4,4,12,90.0,0.0,SAME,1.0
PCAL,2024-04-15,90.0,90.0,90.0,90.0,95.0,101.0,0.0,0.0,0.0,0.0,0.0,0.0,0.0,0.0,90.0,91.0,93.94800000000001,90.33407839287153,91.17523819424655,92.83272244945715,0.0,0.023537557657891957,0.020000824828287585,0.0,0.0,-5.0,-0.05263157894736842,-11.0,-0.10891089108910891,90.0,90.0,90.0,95.0,90.0,101.0,,0.0,0.0,0,4,15,90.0,0.0,SAME,1.0
PCAL,2024-04-16,90.0,90.0,90.0,90.0,95.0,101.0,0.0,0.0,0.0,0.0,0.0,0.0,0.0,0.0,90.0,90.0,92.848,90.16703919643577,90.7834921294977,92.3176820041013,0.0,0.023537557657891957,0.020000824828287585,0.0,0.0,-5.0,-0.05263157894736842,-11.0,-0.10891089108910891,90.0,90.0,90.0,90.0,90.0,96.74,,,0.0,1,4,16,90.0,0.0,SAME,1.0
PCAL,2024-04-17,90.0,90.0,90.0,90.0,90.0,96.74,0.0,0.0,0.0,0.0,0.0,0.0,0.0,0.0,90.0,90.0,92.174,90.08351959821789,90.52232808633181,91.89628527608288,0.0,0.0,0.016980062861704354,0.0,0.0,0.0,0.0,-6.739999999999995,-0.06967128385362824,90.0,90.0,90.0,90.0,90.0,96.74,,,0.0,2,4,17,90.0,0.0,SAME,1.0
PCAL,2024-04-19,90.0,90.0,90.0,90.0,90.0,96.74,0.0,0.0,0.0,0.0,0.0,0.0,0.0,0.0,90.0,90.0,91.5,90.04175979910895,90.34821872422121,91.55150613497689,0.0,0.0,0.016980062861704354,0.0,0.0,0.0,0.0,-6.739999999999995,-0.06967128385362824,90.0,90.0,90.0,90.0,90.0,95.0,,,0.0,4,4,19,90.0,0.0,SAME,1.0
PCAL,2024-04-22,90.0,90.0,90.0,90.0,90.0,95.0,0.0,0.0,0.0,0.0,0.0,0.0,0.0,0.0,90.0,90.0,91.0,90.02087989955447,90.23214581614748,91.26941411043563,0.0,0.0,0.016643566632465145,0.0,0.0,0.0,0.0,-5.0,-0.05263157894736842,90.0,90.0,90.0,90.0,90.0,95.0,,,0.0,0,4,22,90.0,0.0,SAME,1.0
PCAL,2024-04-23,90.0,90.0,90.0,90.0,90.0,95.0,0.0,0.0,0.0,0.0,0.0,0.0,0.0,0.0,90.0,90.0,90.5,90.01043994977724,90.15476387743166,91.03861154490187,0.0,0.0,0.016643566632465145,0.0,0.0,0.0,0.0,-5.0,-0.05263157894736842,90.0,90.0,90.0,90.0,90.0,95.0,,,0.0,1,4,23,90.0,0.0,SAME,1.0
PCAL,2024-04-24,90.0,90.0,90.0,90.0,90.0,95.0,0.0,0.0,0.0,0.0,0.0,0.0,0.0,0.0,90.0,90.0,90.0,90.00521997488862,90.10317591828777,90.84977308219243,0.0,0.0,0.016643566632465145,0.0,0.0,0.0,0.0,-5.0,-0.05263157894736842,90.0,90.0,90.0,90.0,90.0,90.0,,,,2,4,24,90.0,0.0,SAME,1.0
PCAL,2024-04-25,90.0,90.0,90.0,90.0,90.0,90.0,0.0,0.0,0.0,0.0,0.0,0.0,0.0,0.0,90.0,90.0,90.0,90.00260998744432,90.06878394552518,90.69526888543015,0.0,0.0,0.0,0.0,0.0,0.0,0.0,0.0,0.0,90.0,90.0,90.0,90.0,90.0,90.0,,,,3,4,25,90.0,0.0,SAME,1.0
PCAL,2024-04-26,90.0,90.0,90.0,90.0,90.0,90.0,0.0,0.0,0.0,0.0,0.0,0.0,0.0,0.0,90.0,90.0,90.0,90.00130499372216,90.04585596368347,90.56885636080648,0.0,0.0,0.0,0.0,0.0,0.0,0.0,0.0,0.0,90.0,90.0,90.0,90.0,90.0,90.0,,,,4,4,26,90.0,0.0,SAME,1.0
PCAL,2024-04-29,90.0,90.0,90.0,90.0,90.0,90.0,0.0,0.0,0.0,0.0,0.0,0.0,0.0,0.0,90.0,90.0,90.0,90.00065249686108,90.03057064245564,90.46542793156893,0.0,0.0,0.0,0.0,0.0,0.0,0.0,0.0,0.0,90.0,90.0,90.0,90.0,90.0,90.0,,,,0,4,29,90.0,0.0,SAME,1.0
PCAL,2024-04-30,90.0,90.0,90.0,90.0,90.0,90.0,0.0,0.0,0.0,0.0,0.0,0.0,0.0,0.0,90.0,90.0,90.0,90.00032624843054,90.02038042830377,90.38080467128366,0.0,0.0,0.0,0.0,0.0,0.0,0.0,0.0,0.0,90.0,90.0,90.0,90.0,90.0,90.0,,,,1,4,30,90.0,0.0,SAME,1.0
PCAL,2024-05-01,90.0,90.0,90.0,90.0,90.0,90.0,0.0,0.0,0.0,0.0,0.0,0.0,0.0,0.0,90.0,90.0,90.0,90.00016312421528,90.01358695220252,90.31156745832298,0.0,0.0,0.0,0.0,0.0,0.0,0.0,0.0,0.0,90.0,90.0,90.0,90.0,90.0,90.0,,,,2,5,1,90.0,0.0,SAME,1.0
PCAL,2024-05-03,90.0,90.0,90.0,90.0,90.0,90.0,0.0,0.0,0.0,0.0,0.0,0.0,0.0,0.0,90.0,90.0,90.0,90.00008156210764,90.00905796813501,90.25491882953698,0.0,0.0,0.0,0.0,0.0,0.0,0.0,0.0,0.0,90.0,90.0,90.0,90.0,90.0,90.0,,,,4,5,3,90.0,0.0,SAME,1.0
PCAL,2024-05-06,90.0,90.0,90.0,90.0,90.0,90.0,0.0,0.0,0.0,0.0,0.0,0.0,0.0,0.0,90.0,90.0,90.0,90.00004078105383,90.00603864542335,90.20856995143933,0.0,0.0,0.0,0.0,0.0,0.0,0.0,0.0,0.0,90.0,90.0,90.0,90.0,90.0,90.0,,,,0,5,6,90.0,0.0,SAME,1.0
PCAL,2024-05-07,90.0,90.0,90.0,90.0,90.0,90.0,0.0,0.0,0.0,0.0,0.0,0.0,0.0,0.0,90.0,90.0,90.0,90.00002039052691,90.00402576361557,90.17064814208672,0.0,0.0,0.0,0.0,0.0,0.0,0.0,0.0,0.0,90.0,90.0,90.0,90.0,90.0,90.0,,,,1,5,7,90.0,0.0,SAME,1.0
PCAL,2024-05-08,90.0,90.0,90.0,90.0,90.0,90.0,0.0,0.0,0.0,0.0,0.0,0.0,0.0,0.0,90.0,90.0,90.0,90.00001019526346,90.00268384241039,90.13962120716185,0.0,0.0,0.0,0.0,0.0,0.0,0.0,0.0,0.0,90.0,90.0,90.0,90.0,90.0,90.0,,,,2,5,8,90.0,0.0,SAME,1.0
PCAL,2024-05-09,90.0,90.0,90.0,90.0,90.0,90.0,0.0,0.0,0.0,0.0,0.0,0.0,0.0,0.0,90.0,90.0,90.0,90.00000509763173,90.0017892282736,90.11423553313242,0.0,0.0,0.0,0.0,0.0,0.0,0.0,0.0,0.0,90.0,90.0,90.0,90.0,90.0,90.0,,,,3,5,9,90.0,0.0,SAME,1.0
PCAL,2024-05-10,90.0,90.0,90.0,90.0,90.0,90.0,0.0,0.0,0.0,0.0,0.0,0.0,0.0,0.0,90.0,90.0,90.0,90.00000254881587,90.00119281884906,90.09346543619924,0.0,0.0,0.0,0.0,0.0,0.0,0.0,0.0,0.0,90.0,90.0,90.0,90.0,90.0,90.0,,,,4,5,10,90.0,0.0,SAME,1.0
PCAL,2024-05-13,90.0,90.0,90.0,90.0,90.0,90.0,0.0,0.0,0.0,0.0,0.0,0.0,0.0,0.0,90.0,90.0,90.0,90.00000127440794,90.00079521256605,90.07647172052664,0.0,0.0,0.0,0.0,0.0,0.0,0.0,0.0,0.0,90.0,90.0,90.0,90.0,90.0,90.0,,,,0,5,13,90.0,0.0,SAME,1.0
PCAL,2024-05-14,90.0,90.0,90.0,90.0,90.0,90.0,0.0,0.0,0.0,0.0,0.0,0.0,0.0,0.0,90.0,90.0,90.0,90.00000063720397,90.0005301417107,90.06256777133997,0.0,0.0,0.0,0.0,0.0,0.0,0.0,0.0,0.0,90.0,90.0,90.0,90.0,90.0,90.0,,,,1,5,14,90.0,0.0,SAME,1.0
PCAL,2024-05-15,90.0,90.0,90.0,90.0,90.0,90.0,0.0,0.0,0.0,0.0,0.0,0.0,0.0,0.0,90.0,90.0,90.0,90.00000031860199,90.00035342780714,90.05119181291451,0.0,0.0,0.0,0.0,0.0,0.0,0.0,0.0,0.0,90.0,90.0,90.0,90.0,90.0,90.0,,,,2,5,15,90.0,0.0,SAME,1.0
PCAL,2024-05-16,90.0,90.0,90.0,90.0,90.0,90.0,0.0,0.0,0.0,0.0,0.0,0.0,0.0,0.0,90.0,90.0,90.0,90.000000159301,90.0002356185381,90.04188421056641,0.0,0.0,0.0,0.0,0.0,0.0,0.0,0.0,0.0,90.0,90.0,90.0,90.0,90.0,90.0,,,,3,5,16,90.0,0.0,SAME,1.0
PCAL,2024-05-17,90.0,90.0,90.0,90.0,90.0,90.0,0.0,0.0,0.0,0.0,0.0,0.0,0.0,0.0,90.0,90.0,90.0,90.0000000796505,90.0001570790254,90.03426889955432,0.0,0.0,0.0,0.0,0.0,0.0,0.0,0.0,0.0,90.0,90.0,90.0,90.0,90.0,90.0,,,,4,5,17,90.0,0.0,SAME,1.0
PCAL,2024-05-20,90.0,90.0,90.0,90.0,90.0,90.0,0.0,0.0,0.0,0.0,0.0,0.0,0.0,0.0,90.0,90.0,90.0,90.00000003982525,90.00010471935028,90.02803819054444,0.0,0.0,0.0,0.0,0.0,0.0,0.0,0.0,0.0,90.0,90.0,90.0,90.0,90.0,90.0,,,,0,5,20,90.0,0.0,SAME,1.0
PCAL,2024-05-21,90.0,90.0,90.0,90.0,90.0,90.0,0.0,0.0,0.0,0.0,0.0,0.0,0.0,0.0,90.0,90.0,90.0,90.00000001991262,90.0000698129002,90.02294033771817,0.0,0.0,0.0,0.0,0.0,0.0,0.0,0.0,0.0,90.0,90.0,90.0,90.0,90.0,90.0,,,,1,5,21,90.0,0.0,SAME,1.0
PCAL,2024-05-22,90.0,90.0,90.0,90.0,90.0,90.0,0.0,0.0,0.0,0.0,0.0,0.0,0.0,0.0,90.0,90.0,90.0,90.00000000995631,90.00004654193347,90.01876936722395,0.0,0.0,0.0,0.0,0.0,0.0,0.0,0.0,0.0,90.0,90.0,90.0,90.0,90.0,90.0,,,,2,5,22,90.0,0.0,SAME,1.0
PCAL,2024-05-24,90.0,90.0,90.0,90.0,90.0,90.0,0.0,0.0,0.0,0.0,0.0,0.0,0.0,0.0,90.0,90.0,90.0,90.00000000497815,90.00003102795566,90.0153567550014,0.0,0.0,0.0,0.0,0.0,0.0,0.0,0.0,0.0,90.0,90.0,90.0,90.0,90.0,90.0,,,,4,5,24,90.0,0.0,SAME,1.0
PCAL,2024-05-27,90.0,90.0,90.0,90.0,90.0,90.0,0.0,0.0,0.0,0.0,0.0,0.0,0.0,0.0,90.0,90.0,90.0,90.00000000248907,90.00002068530378,90.01256461772842,0.0,0.0,0.0,0.0,0.0,0.0,0.0,0.0,0.0,90.0,90.0,90.0,90.0,90.0,90.0,,,,0,5,27,90.0,0.0,SAME,1.0
PCAL,2024-05-28,90.0,90.0,90.0,90.0,90.0,90.0,0.0,0.0,0.0,0.0,0.0,0.0,0.0,0.0,90.0,90.0,90.0,90.00000000124453,90.00001379020253,90.01028014177778,0.0,0.0,0.0,0.0,0.0,0.0,0.0,0.0,0.0,90.0,90.0,90.0,90.0,90.0,90.0,,,,1,5,28,90.0,0.0,SAME,1.0
PCAL,2024-05-29,90.0,90.0,90.0,90.0,90.0,90.0,0.0,0.0,0.0,0.0,0.0,0.0,0.0,0.0,90.0,90.0,90.0,90.00000000062226,90.00000919346836,90.00841102509091,0.0,0.0,0.0,0.0,0.0,0.0,0.0,0.0,0.0,90.0,90.0,90.0,90.0,90.0,90.0,,,,2,5,29,90.07,0.06999999999999318,UP,2.0
PCAL,2024-05-30,90.07,90.0,90.0,90.0,90.0,90.0,0.06999999999999318,0.06999999999999318,0.06999999999999318,0.0007777777777777661,0.0007777777777777661,0.0007777777777777661,0.0007774754653863811,0.0007774754653863811,90.02333333333333,90.014,90.007,90.03500000031113,90.02333946231224,90.01960902052892,0.00044905020934301264,0.00034783279646006426,0.0002459549291227375,0.06999999999999318,0.000777777777777702,0.06999999999999318,0.000777777777777702,0.06999999999999318,0.000777777777777702,90.0,90.07,90.0,90.07,90.0,90.07,1.0,1.0,1.0,3,5,30,90.07,0.0,SAME,1.0
PCAL,2024-05-31,90.07,90.07,90.0,90.0,90.0,90.0,0.0,0.06999999999999318,0.06999999999999318,0.0,0.0007777777777777661,0.0007777777777777661,0.0,0.0007774754653863811,90.04666666666667,90.02799999999999,90.014,90.05250000015556,90.03889297487483,90.02877101679638,0.00044905020934301264,0.00034783279646006426,0.0002459549291227375,0.06999999999999318,0.000777777777777702,0.06999999999999318,0.000777777777777702,0.06999999999999318,0.000777777777777702,90.0,90.07,90.0,90.07,90.0,90.07,1.0,1.0,1.0,4,5,31,90.07,0.0,SAME,1.0
PCAL,2024-06-03,90.07,90.07,90.07,90.0,90.0,90.0,0.0,0.0,0.06999999999999318,0.0,0.0,0.0007777777777777661,0.0,0.0,90.07,90.042,90.021,90.06125000007778,90.04926198324989,90.03626719556067,0.00044905020934301264,0.00034783279646006426,0.0002459549291227375,0.06999999999999318,0.000777777777777702,0.06999999999999318,0.000777777777777702,0.06999999999999318,0.000777777777777702,90.07,90.07,90.0,90.07,90.0,90.07,,1.0,1.0,0,6,3,101.3,11.230000000000004,UP,2.0
PCAL,2024-06-04,101.3,90.07,90.07,90.07,90.0,90.0,11.230000000000004,11.230000000000004,11.230000000000004,0.12468080381925173,0.12468080381925173,0.12468080381925173,0.11749926545898627,0.11749926545898627,93.81333333333332,92.30199999999999,91.151,95.68062500003889,93.79950798883327,92.08421861454964,0.07198449564782372,0.0556730110556689,0.03940096193080187,11.230000000000004,0.12468080381925174,11.299999999999997,0.12555555555555553,11.299999999999997,0.12555555555555553,90.07,101.3,90.0,101.3,90.0,101.3,1.0,1.0,1.0,1,6,4,101.3,0.0,SAME,1.0
PCAL,2024-06-05,101.3,101.3,90.07,90.07,90.0,90.0,0.0,11.230000000000004,11.230000000000004,0.0,0.12468080381925173,0.12468080381925173,0.0,0.11749926545898627,97.55666666666666,94.562,92.28099999999999,98.49031250001944,96.29967199255552,93.75981523008606,0.07198449564782372,0.0556730110556689,0.03940096193080187,11.230000000000004,0.12468080381925174,11.299999999999997,0.12555555555555553,11.299999999999997,0.12555555555555553,90.07,101.3,90.07,101.3,90.0,101.3,1.0,1.0,1.0,2,6,5,101.3,0.0,SAME,1.0
PCAL,2024-06-06,101.3,101.3,101.3,90.07,90.07,90.0,0.0,0.0,11.230000000000004,0.0,0.0,0.12468080381925173,0.0,0.0,101.3,96.80799999999999,93.411,99.89515625000972,97.96644799503702,95.13075791552495,0.07198449564782372,0.0557589505658322,0.03940096193080187,11.230000000000004,0.12468080381925174,11.230000000000004,0.12468080381925174,11.299999999999997,0.12555555555555553,101.3,101.3,90.07,101.3,90.0,101.3,,1.0,1.0,3,6,6,101.3,0.0,SAME,1.0
PCAL,2024-06-07,101.3,101.3,101.3,101.3,90.07,90.0,0.0,0.0,0.0,0.0,0.0,0.0,0.0,0.0,101.3,99.054,94.541,100.59757812500486,99.07763199669135,96.25243829452042,0.0,0.0557589505658322,0.03940096193080187,0.0,0.0,11.230000000000004,0.12468080381925174,11.299999999999997,0.12555555555555553,101.3,101.3,90.07,101.3,90.0,101.3,,1.0,1.0,4,6,7,101.3,0.0,SAME,1.0
PCAL,2024-06-10,101.3,101.3,101.3,101.3,90.07,90.0,0.0,0.0,0.0,0.0,0.0,0.0,0.0,0.0,101.3,101.3,95.671,100.94878906250243,99.81842133112758,97.1701767864258,0.0,0.0557589505658322,0.03940096193080187,0.0,0.0,11.230000000000004,0.12468080381925174,11.299999999999997,0.12555555555555553,101.3,101.3,101.3,101.3,90.0,101.3,,,1.0,0,6,10,101.3,0.0,SAME,1.0
PCAL,2024-06-11,101.3,101.3,101.3,101.3,101.3,90.0,0.0,0.0,0.0,0.0,0.0,0.0,0.0,0.0,101.3,101.3,96.801,101.12439453125121,100.3122808874184,97.92105373434838,0.0,0.0,0.03940096193080187,0.0,0.0,0.0,0.0,11.299999999999997,0.12555555555555553,101.3,101.3,101.3,101.3,90.0,101.3,,,1.0,1,6,11,101.3,0.0,SAME,1.0
PCAL,2024-06-12,101.3,101.3,101.3,101.3,101.3,90.0,0.0,0.0,0.0,0.0,0.0,0.0,0.0,0.0,101.3,101.3,97.931,101.2121972656256,100.64152059161228,98.53540760083048,0.0,0.0,0.03940096193080187,0.0,0.0,0.0,0.0,11.299999999999997,0.12555555555555553,101.3,101.3,101.3,101.3,90.07,101.3,,,1.0,2,6,12,101.3,0.0,SAME,1.0
PCAL,2024-06-13,101.3,101.3,101.3,101.3,101.3,90.07,0.0,0.0,0.0,0.0,0.0,0.0,0.0,0.0,101.3,101.3,99.054,101.25609863281281,100.86101372774152,99.03806076431584,0.0,0.0,0.0394275320569456,0.0,0.0,0.0,0.0,11.230000000000004,0.12468080381925174,101.3,101.3,101.3,101.3,90.07,101.3,,,1.0,3,6,13,101.3,0.0,SAME,1.0
PCAL,2024-06-14,101.3,101.3,101.3,101.3,101.3,90.07,0.0,0.0,0.0,0.0,0.0,0.0,0.0,0.0,101.3,101.3,100.17699999999999,101.2780493164064,101.00734248516102,99.44932244353114,0.0,0.0,0.0394275320569456,0.0,0.0,0.0,0.0,11.230000000000004,0.12468080381925174,101.3,101.3,101.3,101.3,90.07,101.3,,,1.0,4,6,14,101.3,0.0,SAME,1.0
PCAL,2024-06-17,101.3,101.3,101.3,101.3,101.3,90.07,0.0,0.0,0.0,0.0,0.0,0.0,0.0,0.0,101.3,101.3,101.3,101.2890246582032,101.10489499010735,99.78580927198003,0.0,0.0,0.0394275320569456,0.0,0.0,0.0,0.0,11.230000000000004,0.12468080381925174,101.3,101.3,101.3,101.3,101.3,101.3,,,,0,6,17,101.3,0.0,SAME,1.0
PCAL,2024-06-18,101.3,101.3,101.3,101.3,101.3,101.3,0.0,0.0,0.0,0.0,0.0,0.0,0.0,0.0,101.3,101.3,101.3,101.2945123291016,101.1699299934049,100.06111667707457,0.0,0.0,0.0,0.0,0.0,0.0,0.0,0.0,0.0,101.3,101.3,101.3,101.3,101.3,101.3,,,,1,6,18,101.3,0.0,SAME,1.0
PCAL,2024-06-19,101.3,101.3,101.3,101.3,101.3,101.3,0.0,0.0,0.0,0.0,0.0,0.0,0.0,0.0,101.3,101.3,101.3,101.29725616455079,101.21328666226995,100.28636819033373,0.0,0.0,0.0,0.0,0.0,0.0,0.0,0.0,0.0,101.3,101.3,101.3,101.3,101.3,101.3,,,,2,6,19,99.02,-2.280000000000001,DOWN,0.0
PCAL,2024-06-20,99.02,101.3,101.3,101.3,101.3,101.3,-2.280000000000001,-2.280000000000001,-2.280000000000001,-0.022507403751233945,-0.022507403751233945,-0.022507403751233945,-0.022764561321360687,-0.022764561321360687,100.54,100.84400000000001,101.07199999999999,100.15862808227538,100.48219110817998,100.05611942845486,0.012994655614533546,0.010065616956957195,0.00711746600709165,-2.280000000000001,-0.02250740375123397,-2.280000000000001,-0.02250740375123397,-2.280000000000001,-0.02250740375123397,99.02,101.3,99.02,101.3,99.02,101.3,0.0,0.0,0.0,3,6,20,99.02,0.0,SAME,1.0
PCAL,2024-06-21,99.02,99.02,101.3,101.3,101.3,101.3,0.0,-2.280000000000001,-2.280000000000001,0.0,-0.022507403751233945,-0.022507403751233945,0.0,-0.022764561321360687,99.77999999999999,100.388,100.844,99.5893140411377,99.99479407211999,99.8677340778267,0.012994655614533545,0.010065616956957195,0.00711746600709165,-2.280000000000001,-0.02250740375123397,-2.280000000000001,-0.02250740375123397,-2.280000000000001,-0.02250740375123397,99.02,101.3,99.02,101.3,99.02,101.3,0.0,0.0,0.0,4,6,21,103.0,3.980000000000004,UP,2.0
PCAL,2024-06-24,103.0,99.02,99.02,101.3,101.3,101.3,3.980000000000004,3.980000000000004,1.7000000000000028,0.04019390022217739,0.04019390022217739,0.016781836130306038,0.03940713829635883,0.03940713829635883,100.34666666666665,100.728,101.01399999999998,101.29465702056885,100.99652938141332,100.4372369727673,0.0317636751616722,0.022691245047418408,0.015241943675083407,1.7000000000000028,0.01678183613030605,1.7000000000000028,0.01678183613030605,1.7000000000000028,0.01678183613030605,99.02,103.0,99.02,103.0,99.02,103.0,1.0,1.0,1.0,0,6,24,105.0,2.0,UP,2.0
PCAL,2024-06-25,105.0,103.0,99.02,99.02,101.3,101.3,2.0,5.980000000000004,5.980000000000004,0.01941747572815533,0.06039184003231668,0.06039184003231668,0.019231361927887592,0.058638500224246354,102.33999999999999,101.468,101.38399999999999,103.14732851028442,102.33101958760889,101.26683025044596,0.020100778564852907,0.02357875236179018,0.01619842491331164,5.980000000000004,0.06039184003231675,3.700000000000003,0.036525172754195485,3.700000000000003,0.036525172754195485,99.02,105.0,99.02,105.0,99.02,105.0,1.0,1.0,1.0,1,6,25,105.0,0.0,SAME,1.0
PCAL,2024-06-26,105.0,105.0,103.0,99.02,101.3,101.3,0.0,2.0,5.980000000000004,0.0,0.01941747572815533,0.06039184003231668,0.0,0.019231361927887592,104.33333333333333,102.208,101.75399999999999,104.0736642551422,103.2206797250726,101.94558838672852,0.020100778564852907,0.02357875236179018,0.01619842491331164,5.980000000000004,0.06039184003231675,3.700000000000003,0.036525172754195485,3.700000000000003,0.036525172754195485,103.0,105.0,99.02,105.0,99.02,105.0,1.0,1.0,1.0,2,6,26,104.26,-0.7399999999999949,DOWN,0.0
PCAL,2024-06-27,104.26,105.0,105.0,103.0,99.02,101.3,-0.7399999999999949,-0.7399999999999949,1.2600000000000051,-0.007047619047618969,-0.007047619047618969,0.012233009708737974,-0.007072570817563429,-0.007072570817563429,104.75333333333333,103.256,102.05,104.1668321275711,103.56711981671508,102.36639049823242,0.013705890092611202,0.019298103566274243,0.016527760149748803,1.2600000000000051,0.012233009708737913,5.240000000000009,0.05291860230256523,2.960000000000008,0.029220138203356446,104.26,105.0,99.02,105.0,99.02,105.0,0.0,0.8762541806020077,0.8762541806020077,3,6,27,104.26,0.0,SAME,1.0
PCAL,2024-06-28,104.26,104.26,105.0,105.0,99.02,101.3,0.0,-0.7399999999999949,-0.7399999999999949,0.0,-0.007047619047618969,-0.007047619047618969,0.0,-0.007072570817563429,104.50666666666667,104.304,102.346,104.21341606378556,103.79807987781005,102.71068313491743,0.0040689447542856414,0.019298103566274243,0.016527760149748803,-0.7399999999999949,-0.007047619047618999,5.240000000000009,0.05291860230256523,2.960000000000008,0.029220138203356446,104.26,105.0,103.0,105.0,99.02,105.0,0.0,0.6300000000000026,0.8762541806020077,4,6,28,103.0,-1.2600000000000051,DOWN,0.0
PCAL,2024-07-01,103.0,104.26,104.26,105.0,103.0,101.3,-1.2600000000000051,-1.2600000000000051,-2.0,-0.012085171686169294,-0.012085171686169294,-0.01904761904761909,-0.012158791110324195,-0.012158791110324195,103.84000000000002,104.304,102.516,103.60670803189278,103.53205325187338,102.76328620129607,0.006070382271194069,0.011966019215561383,0.0172001136137835,-2.0,-0.01904761904761905,0.0,0.0,1.7000000000000028,0.01678183613030605,103.0,104.26,103.0,105.0,99.02,105.0,0.0,0.0,0.6655518394648832,0,7,1,103.0,0.0,SAME,1.0
PCAL,2024-07-02,103.0,103.0,104.26,104.26,105.0,101.3,0.0,-1.2600000000000051,-1.2600000000000051,0.0,-0.012085171686169294,-0.012085171686169294,0.0,-0.012158791110324195,103.42,103.904,102.68599999999999,103.30335401594638,103.35470216791559,102.80632507378769,0.006977377126210875,0.005534156951872896,0.0172001136137835,-1.2600000000000051,-0.012085171686169242,-2.0,-0.01904761904761905,1.7000000000000028,0.01678183613030605,103.0,104.26,103.0,105.0,99.02,105.0,0.0,0.0,0.6655518394648832,1,7,2,103.0,0.0,SAME,1.0
PCAL,2024-07-03,103.0,103.0,103.0,104.26,105.0,101.3,0.0,0.0,-1.2600000000000051,0.0,0.0,-0.012085171686169294,0.0,0.0,103.0,103.50399999999999,102.856,103.15167700797319,103.23646811194374,102.84153869673537,0.006977377126210875,0.005534156951872896,0.0172001136137835,-1.2600000000000051,-0.012085171686169242,-2.0,-0.01904761904761905,1.7000000000000028,0.01678183613030605,103.0,103.0,103.0,104.26,99.02,105.0,,0.0,0.6655518394648832,2,7,3,103.0,0.0,SAME,1.0
PCAL,2024-07-04,103.0,103.0,103.0,103.0,104.26,99.02,0.0,0.0,0.0,0.0,0.0,0.0,0.0,0.0,103.0,103.252,103.25399999999999,103.0758385039866,103.15764540796249,102.87034984278347,0.0,0.005404653082003504,0.014997987648478013,0.0,0.0,-1.2600000000000051,-0.012085171686169242,3.980000000000004,0.04019390022217738,103.0,103.0,103.0,104.26,99.02,105.0,,0.0,0.6655518394648832,3,7,4,103.42,0.4200000000000017,UP,2.0
PCAL,2024-07-05,103.42,103.0,103.0,103.0,104.26,99.02,0.4200000000000017,0.4200000000000017,0.4200000000000017,0.004077669902912584,0.004077669902912584,0.004077669902912584,0.004069378738439611,0.004069378738439611,103.14,103.08400000000002,103.694,103.2479192519933,103.24509693864167,102.97028623500466,0.0023542438161076426,0.0061207587266495144,0.014930988255074305,0.4200000000000017,0.004077669902912638,-0.8400000000000034,-0.008056781124112827,4.400000000000006,0.04443546758230666,103.0,103.42,103.0,103.42,103.0,105.0,1.0,1.0,0.21000000000000085,4,7,5,103.42,0.0,SAME,1.0
PCAL,2024-07-08,103.42,103.42,103.0,103.0,103.0,103.0,0.0,0.4200000000000017,0.4200000000000017,0.0,0.004077669902912584,0.004077669902912584,0.0,0.004069378738439611,103.28000000000002,103.168,103.73600000000002,103.33395962599664,103.30339795909445,103.05205237409473,0.0023542438161076426,0.0018235894185359288,0.008079349880268703,0.4200000000000017,0.004077669902912638,0.4200000000000017,0.004077669902912638,0.4200000000000017,0.004077669902912638,103.0,103.42,103.0,103.42,103.0,105.0,1.0,1.0,0.21000000000000085,0,7,8,103.66,0.23999999999999488,UP,2.0
PCAL,2024-07-09,103.66,103.42,103.42,103.0,103.0,105.0,0.23999999999999488,0.23999999999999488,0.6599999999999966,0.0023206343067103674,0.0023206343067103674,0.00640776699029133,0.0023179457934849393,0.0023179457934849393,103.5,103.3,103.602,103.49697981299832,103.42226530606297,103.1625883060775,0.002045316173959831,0.001859104359006912,0.0047318815806978425,0.6599999999999966,0.006407766990291229,0.6599999999999966,0.006407766990291229,-1.3400000000000034,-0.012761904761904794,103.42,103.66,103.0,103.66,103.0,105.0,1.0,1.0,0.3299999999999983,1,7,9,103.0,-0.6599999999999966,DOWN,0.0
PCAL,2024-07-11,103.0,103.66,103.42,103.42,103.0,105.0,-0.6599999999999966,-0.4200000000000017,-0.4200000000000017,-0.006366968936909134,-0.004061110036743365,-0.004061110036743365,-0.00638732453192473,-0.004069378738439637,103.36,103.3,103.402,103.24848990649916,103.28151020404198,103.13302679588159,0.004498112329030245,0.003954454212852653,0.00496414676250911,-0.4200000000000017,-0.004061110036743393,0.0,0.0,-2.0,-0.01904761904761905,103.0,103.66,103.0,103.66,103.0,104.26,0.0,0.0,0.0,3,7,11,103.0,0.0,SAME,1.0
PCAL,2024-07-12,103.0,103.0,103.66,103.42,103.0,104.26,0.0,-0.6599999999999966,-0.4200000000000017,0.0,-0.006366968936909134,-0.004061110036743365,0.0,-0.00638732453192473,103.21999999999998,103.3,103.276,103.12424495324959,103.18767346936133,103.1088401057213,0.004498112329030245,0.003954454212852653,0.00464366840526027,-0.4200000000000017,-0.004061110036743393,0.0,0.0,-1.2600000000000051,-0.012085171686169242,103.0,103.66,103.0,103.66,103.0,104.26,0.0,0.0,0.0,4,7,12,111.31,8.310000000000002,UP,2.0
PCAL,2024-07-15,111.31,103.0,103.0,103.66,103.42,104.26,8.310000000000002,8.310000000000002,7.650000000000006,0.08067961165048554,0.08067961165048554,0.07379895813235593,0.07759011327549876,0.07759011327549876,105.77,104.878,103.981,107.2171224766248,105.8951156462409,104.59996008649924,0.048522924515934346,0.03667625779618368,0.02634567735350563,7.650000000000006,0.07379895813235583,7.890000000000001,0.07629085283310771,7.049999999999997,0.06761941300594664,103.0,111.31,103.0,111.31,103.0,111.31,1.0,1.0,1.0,0,7,15,111.31,0.0,SAME,1.0
PCAL,2024-07-16,111.31,111.31,103.0,103.0,103.42,103.0,0.0,8.310000000000002,8.310000000000002,0.0,0.08067961165048554,0.08067961165048554,0.0,0.07759011327549876,108.54,106.45599999999999,104.81199999999998,109.2635612383124,107.70007709749393,105.81996734349937,0.046580395504522025,0.03667625779618368,0.02564788288775372,8.310000000000002,0.08067961165048546,7.890000000000001,0.07629085283310771,8.310000000000002,0.08067961165048546,103.0,111.31,103.0,111.31,103.0,111.31,1.0,1.0,1.0,1,7,16,124.59,13.280000000000001,UP,2.0
PCAL,2024-07-17,124.59,111.31,111.31,103.0,103.66,103.0,13.280000000000001,13.280000000000001,21.590000000000003,0.1193064414697691,0.1193064414697691,0.20961165048543684,0.1127092448056374,0.1127092448056374,115.73666666666668,110.64200000000001,106.971,116.9267806191562,113.3300513983293,109.2327005537722,0.060875910252113606,0.057632662296862036,0.04321147246734419,21.590000000000003,0.20961165048543692,20.930000000000007,0.20191009068107282,21.590000000000003,0.20961165048543692,111.31,124.59,103.0,124.59,103.0,124.59,1.0,1.0,1.0,2,7,17,113.84,-10.75,DOWN,0.0
PCAL,2024-07-18,113.84,124.59,111.31,111.31,103.0,103.0,-10.75,2.530000000000001,2.530000000000001,-0.0862830082671161,0.02272931452699667,0.02272931452699667,-0.0902343925291749,0.02247485227646248,116.58,112.81000000000002,108.05499999999999,115.3833903095781,113.50003426555287,110.07039136217726,0.10323581931264439,0.08000360577202247,0.05472860752484918,2.530000000000001,0.022729314526996686,10.840000000000003,0.10524271844660198,10.840000000000003,0.10524271844660198,111.31,124.59,103.0,124.59,103.0,124.59,0.19051204819277115,0.5020842982862437,0.5020842982862437,3,7,18,113.84,0.0,SAME,1.0
PCAL,2024-07-19,113.84,113.84,124.59,111.31,103.0,103.0,0.0,-10.75,2.530000000000001,0.0,-0.0862830082671161,0.02272931452699667,0.0,-0.0902343925291749,117.42333333333335,114.978,109.13899999999998,114.61169515478906,113.61335617703526,110.7557747508723,0.10323581931264439,0.08000360577202247,0.05472860752484918,2.530000000000001,0.022729314526996686,10.840000000000003,0.10524271844660198,10.840000000000003,0.10524271844660198,113.84,124.59,111.31,124.59,103.0,124.59,0.0,0.19051204819277115,0.5020842982862437,4,7,19,118.21,4.36999999999999,UP,2.0
PCAL,2024-07-22,118.21,113.84,113.84,124.59,111.31,103.42,4.36999999999999,4.36999999999999,-6.38000000000001,0.038387210119465776,0.038387210119465776,-0.05120796211573975,0.03766874998068851,0.03766874998068851,115.29666666666667,116.35799999999999,110.61800000000001,116.41084757739452,115.14557078469016,112.11108843253189,0.06385008322748048,0.07438492185352956,0.05529294261841101,-6.38000000000001,-0.051207962115739705,6.8999999999999915,0.06198903961908177,14.789999999999992,0.14300908915103452,113.84,118.21,111.31,124.59,103.0,124.59,1.0,0.5195783132530114,0.704492820750347,0,7,22,118.44,0.23000000000000398,UP,2.0
PCAL,2024-07-23,118.44,118.21,113.84,113.84,111.31,103.42,0.23000000000000398,4.599999999999994,4.599999999999994,0.0019456898739531603,0.0404075895994378,0.0404075895994378,0.0019437994711049725,0.039612549451793586,116.83,117.78400000000002,112.12,117.42542378869726,116.24371385646012,113.26179962661699,0.021623089540448687,0.07429656414944359,0.05523845596589086,4.599999999999994,0.04040758959943776,7.1299999999999955,0.06405534093971786,15.019999999999996,0.14523303036163213,113.84,118.44,113.84,124.59,103.0,124.59,1.0,0.42790697674418554,0.7151459008800368,1,7,23,79.65,-38.78999999999999,DOWN,0.0
PCAL,2024-07-24,79.65,118.44,118.21,113.84,124.59,103.66,-38.78999999999999,-38.55999999999999,-34.19,-0.32750759878419444,-0.3261991371288384,-0.30033380182712577,-0.39676446687733286,-0.3948206674062279,105.43333333333332,108.796,109.71900000000001,98.53771189434863,104.04580923764009,107.15056333086844,0.20155498215462975,0.14856750704197239,0.12189837313872412,-34.19,-0.30033380182712577,-44.94,-0.3607031061882976,-24.00999999999999,-0.23162261238664858,79.65,118.44,79.65,118.44,79.65,124.59,0.0,0.0,0.0,2,7,24,79.65,0.0,SAME,1.0
PCAL,2024-07-25,79.65,79.65,118.44,118.21,113.84,103.0,0.0,-38.78999999999999,-38.55999999999999,0.0,-0.32750759878419444,-0.3261991371288384,0.0,-0.39676446687733286,92.58,101.958,107.38399999999999,89.09385594717432,95.91387282509339,102.15046090707418,0.18965076780675189,0.15185908710554324,0.12198239109128295,-38.55999999999999,-0.3261991371288384,-34.19,-0.30033380182712577,-23.349999999999994,-0.22669902912621354,79.65,118.44,79.65,118.44,79.65,124.59,0.0,0.0,0.0,3,7,25,79.65,0.0,SAME,1.0
PCAL,2024-07-26,79.65,79.65,79.65,118.44,113.84,103.0,0.0,0.0,-38.78999999999999,0.0,0.0,-0.32750759878419444,0.0,0.0,79.65,95.12,105.049,84.37192797358716,90.4925818833956,98.05946801487887,0.18908660031970256,0.15185908710554324,0.12198239109128295,-38.78999999999999,-0.32750759878419444,-34.19,-0.30033380182712577,-23.349999999999994,-0.22669902912621354,79.65,79.65,79.65,118.44,79.65,124.59,,0.0,0.0,4,7,26,79.65,0.0,SAME,1.0
PCAL,2024-07-29,79.65,79.65,79.65,79.65,118.21,111.31,0.0,0.0,0.0,0.0,0.0,0.0,0.0,0.0,79.65,87.408,101.88300000000001,82.01096398679358,86.87838792226374,94.71229201217362,0.0,0.1466858050935897,0.11735894075822291,0.0,0.0,-38.55999999999999,-0.3261991371288384,-31.659999999999997,-0.2844308687449465,79.65,79.65,79.65,118.44,79.65,124.59,,0.0,0.0,0,7,29,79.65,0.0,SAME,1.0
PCAL,2024-07-30,79.65,79.65,79.65,79.65,118.44,111.31,0.0,0.0,0.0,0.0,0.0,0.0,0.0,0.0,79.65,79.65,98.717,80.8304819933968,84.46892528150917,91.97369346450569,0.0,0.14646585080583716,0.11735894075822291,0.0,0.0,-38.78999999999999,-0.32750759878419444,-31.659999999999997,-0.2844308687449465,79.65,79.65,79.65,79.65,79.65,124.59,,,0.0,1,7,30,79.65,0.0,SAME,1.0
PCAL,2024-07-31,79.65,79.65,79.65,79.65,79.65,124.59,0.0,0.0,0.0,0.0,0.0,0.0,0.0,0.0,79.65,79.65,94.223,80.2402409966984,82.86261685433945,89.73302192550464,0.0,0.0,0.10658136302101678,0.0,0.0,0.0,0.0,-44.94,-0.3607031061882976,79.65,79.65,79.65,79.65,79.65,118.44,,,0.0,2,7,31,79.65,0.0,SAME,1.0
PCAL,2024-08-01,79.65,79.65,79.65,79.65,79.65,113.84,0.0,0.0,0.0,0.0,0.0,0.0,0.0,0.0,79.65,79.65,90.804,79.94512049834921,81.79174456955964,87.89974521177652,0.0,0.0,0.10566806524241276,0.0,0.0,0.0,0.0,-34.19,-0.30033380182712577,79.65,79.65,79.65,79.65,79.65,118.44,,,0.0,3,8,1,79.65,0.0,SAME,1.0
PCAL,2024-08-02,79.65,79.65,79.65,79.65,79.65,113.84,0.0,0.0,0.0,0.0,0.0,0.0,0.0,0.0,79.65,79.65,87.385,79.79756024917461,81.07782971303976,86.39979153690805,0.0,0.0,0.10566806524241276,0.0,0.0,0.0,0.0,-34.19,-0.30033380182712577,79.65,79.65,79.65,79.65,79.65,118.44,,,0.0,4,8,2,79.65,0.0,SAME,1.0
PCAL,2024-08-05,79.65,79.65,79.65,79.65,79.65,118.21,0.0,0.0,0.0,0.0,0.0,0.0,0.0,0.0,79.65,79.65,83.52900000000001,79.72378012458731,80.60188647535985,85.17255671201568,0.0,0.0,0.10363716478236647,0.0,0.0,0.0,0.0,-38.55999999999999,-0.3261991371288384,79.65,79.65,79.65,79.65,79.65,118.44,,,0.0,0,8,5,79.16,-0.4900000000000091,DOWN,0.0
PCAL,2024-08-06,79.16,79.65,79.65,79.65,79.65,118.44,-0.4900000000000091,-0.4900000000000091,-0.4900000000000091,-0.006151914626491006,-0.006151914626491006,-0.006151914626491006,-0.0061709156216926625,-0.0061709156216926625,79.48666666666666,79.552,79.601,79.44189006229365,80.1212576502399,84.07936458255827,0.0035518095656351775,0.00275121985931741,0.10336892195003666,-0.4900000000000091,-0.0061519146264910115,-0.4900000000000091,-0.0061519146264910115,-39.28,-0.33164471462343803,79.16,79.65,79.16,79.65,79.16,79.65,0.0,0.0,0.0,1,8,6,79.58,0.4200000000000017,UP,2.0
PCAL,2024-08-07,79.58,79.16,79.65,79.65,79.65,79.65,0.4200000000000017,-0.07000000000000739,-0.07000000000000739,0.005305709954522397,-0.0008788449466416992,-0.0008788449466416992,0.005291684264417513,-0.0008792313572750948,79.46333333333332,79.538,79.59400000000001,79.51094503114683,79.94083843349327,83.26129829482039,0.005734017973645717,0.0040575053673310955,0.002706473832589838,-0.07000000000000739,-0.0008788449466416496,-0.07000000000000739,-0.0008788449466416496,-0.07000000000000739,-0.0008788449466416496,79.16,79.65,79.16,79.65,79.16,79.65,0.8571428571428447,0.8571428571428447,0.8571428571428447,2,8,7,79.58,0.0,SAME,1.0
PCAL,2024-08-08,79.58,79.58,79.16,79.65,79.65,79.65,0.0,0.4200000000000017,-0.07000000000000739,0.0,0.005305709954522397,-0.0008788449466416992,0.0,0.005291684264417513,79.44,79.524,79.587,79.54547251557341,79.82055895566218,82.59197133212577,0.005734017973645717,0.0040575053673310955,0.002706473832589838,-0.07000000000000739,-0.0008788449466416496,-0.07000000000000739,-0.0008788449466416496,-0.07000000000000739,-0.0008788449466416496,79.16,79.58,79.16,79.65,79.16,79.65,1.0,0.8571428571428447,0.8571428571428447,3,8,8,79.58,0.0,SAME,1.0
PCAL,2024-08-09,79.58,79.58,79.58,79.16,79.65,79.65,0.0,0.0,0.4200000000000017,0.0,0.0,0.005305709954522397,0.0,0.0,79.58,79.51,79.58,79.5627362577867,79.74037263710812,82.04434018083016,0.0030632530704844748,0.0040575053673310955,0.002706473832589838,0.4200000000000017,0.0053057099545225075,-0.07000000000000739,-0.0008788449466416496,-0.07000000000000739,-0.0008788449466416496,79.58,79.58,79.16,79.65,79.16,79.65,,0.8571428571428447,0.8571428571428447,4,8,9,79.0,-0.5799999999999983,DOWN,0.0
PCAL,2024-08-12,79.0,79.58,79.58,79.58,79.65,79.65,-0.5799999999999983,-0.5799999999999983,-0.5799999999999983,-0.007288263382759452,-0.007288263382759452,-0.007288263382759452,-0.00731495253176105,-0.00731495253176105,79.38666666666667,79.38,79.515,79.28136812889335,79.49358175807208,81.49082378431558,0.004207880825960214,0.005144936363135332,0.003535509357869744,-0.5799999999999983,-0.007288263382759466,-0.6500000000000057,-0.008160703075957385,-0.6500000000000057,-0.008160703075957385,79.0,79.58,79.0,79.58,79.0,79.65,0.0,0.0,0.0,0,8,12,79.0,0.0,SAME,1.0
PCAL,2024-08-13,79.0,79.0,79.58,79.58,79.16,79.65,0.0,-0.5799999999999983,-0.5799999999999983,0.0,-0.007288263382759452,-0.007288263382759452,0.0,-0.00731495253176105,79.19333333333333,79.348,79.45,79.14068406444667,79.3290545053814,81.03794673262183,0.004207880825960214,0.0044856225219787015,0.003535509357869744,-0.5799999999999983,-0.007288263382759466,-0.1599999999999966,-0.0020212228398180467,-0.6500000000000057,-0.008160703075957385,79.0,79.58,79.0,79.58,79.0,79.65,0.0,0.0,0.0,1,8,13,76.44,-2.5600000000000023,DOWN,0.0
PCAL,2024-08-14,76.44,79.0,79.0,79.58,79.58,79.65,-2.5600000000000023,-2.5600000000000023,-3.1400000000000006,-0.032405063291139236,-0.032405063291139236,-0.0394571500376979,-0.0329417330949492,-0.0329417330949492,78.14666666666666,78.72,79.12899999999999,77.79034203222334,78.36603633692093,80.20195641759969,0.01700029679974613,0.014036513754766061,0.010566499270798582,-3.1400000000000006,-0.039457150037697925,-3.1400000000000006,-0.039457150037697925,-3.210000000000008,-0.04030131826742006,76.44,79.0,76.44,79.58,76.44,79.65,0.0,0.0,0.0,2,8,14,76.44,0.0,SAME,1.0
PCAL,2024-08-15,76.44,76.44,79.0,79.0,79.58,79.65,0.0,-2.5600000000000023,-2.5600000000000023,0.0,-0.032405063291139236,-0.032405063291139236,0.0,-0.0329417330949492,77.29333333333334,78.092,78.80799999999999,77.11517101611167,77.72402422461396,79.51796434167247,0.01870907201424589,0.014036513754766061,0.010566499270798582,-2.5600000000000023,-0.03240506329113927,-3.1400000000000006,-0.039457150037697925,-3.210000000000008,-0.04030131826742006,76.44,79.0,76.44,79.58,76.44,79.65,0.0,0.0,0.0,3,8,15,76.44,0.0,SAME,1.0
PCAL,2024-08-16,76.44,76.44,76.44,79.0,79.58,79.65,0.0,0.0,-2.5600000000000023,0.0,0.0,-0.032405063291139236,0.0,0.0,76.44,77.464,78.487,76.77758550805584,77.29601614974264,78.95833446136837,0.01870907201424589,0.014036513754766061,0.010566499270798582,-2.5600000000000023,-0.03240506329113927,-3.1400000000000006,-0.039457150037697925,-3.210000000000008,-0.04030131826742006,76.44,76.44,76.44,79.0,76.44,79.65,,0.0,0.0,4,8,16,76.44,0.0,SAME,1.0
PCAL,2024-08-19,76.44,76.44,76.44,76.44,79.0,79.65,0.0,0.0,0.0,0.0,0.0,0.0,0.0,0.0,76.44,76.952,78.166,76.60879275402792,77.01067743316176,78.50045546839229,0.0,0.01449198486683324,0.010566499270798582,0.0,0.0,-2.5600000000000023,-0.03240506329113927,-3.210000000000008,-0.04030131826742006,76.44,76.44,76.44,79.0,76.44,79.58,,0.0,0.0,0,8,19,76.44,0.0,SAME,1.0
PCAL,2024-08-20,76.44,76.44,76.44,76.44,79.0,79.16,0.0,0.0,0.0,0.0,0.0,0.0,0.0,0.0,76.44,76.44,77.894,76.52439637701396,76.82045162210784,78.12582720141188,0.0,0.01449198486683324,0.010609778769276074,0.0,0.0,-2.5600000000000023,-0.03240506329113927,-2.719999999999999,-0.034360788276907514,76.44,76.44,76.44,76.44,76.44,79.58,,,0.0,1,8,20,76.44,0.0,SAME,1.0
PCAL,2024-08-21,76.44,76.44,76.44,76.44,76.44,79.58,0.0,0.0,0.0,0.0,0.0,0.0,0.0,0.0,76.44,76.44,77.58,76.48219818850697,76.69363441473857,77.81931316479154,0.0,0.0,0.01025047907712449,0.0,0.0,0.0,0.0,-3.1400000000000006,-0.039457150037697925,76.44,76.44,76.44,76.44,76.44,79.58,,,0.0,2,8,21,71.89,-4.549999999999997,DOWN,0.0
PCAL,2024-08-22,71.89,76.44,76.44,76.44,76.44,79.58,-4.549999999999997,-4.549999999999997,-4.549999999999997,-0.059523809523809534,-0.059523809523809534,-0.059523809523809534,-0.06136894637629213,-0.06136894637629213,74.92333333333333,75.53,76.81099999999999,74.18609909425348,75.09242294315905,76.74125622573852,0.034366087451763325,0.026619856874997048,0.020171175250117253,-4.549999999999997,-0.059523809523809486,-4.549999999999997,-0.059523809523809486,-7.689999999999998,-0.09663231967831111,71.89,76.44,71.89,76.44,71.89,79.58,0.0,0.0,0.0,3,8,22,71.89,0.0,SAME,1.0
PCAL,2024-08-23,71.89,71.89,76.44,76.44,76.44,79.58,0.0,-4.549999999999997,-4.549999999999997,0.0,-0.059523809523809534,-0.059523809523809534,0.0,-0.06136894637629213,73.40666666666665,74.61999999999999,76.042,73.03804954712675,74.0249486287727,75.8592096392406,0.034366087451763325,0.026619856874997048,0.020171175250117253,-4.549999999999997,-0.059523809523809486,-4.549999999999997,-0.059523809523809486,-7.689999999999998,-0.09663231967831111,71.89,76.44,71.89,76.44,71.89,79.0,0.0,0.0,0.0,4,8,23,67.09,-4.799999999999997,DOWN,0.0
PCAL,2024-08-26,67.09,71.89,71.89,76.44,76.44,79.0,-4.799999999999997,-4.799999999999997,-9.349999999999994,-0.066768674363611,-0.066768674363611,-0.12231815803244372,-0.0691021714209834,-0.0691021714209834,70.29,72.75,74.851,70.06402477356337,71.71329908584848,74.2648078866514,0.03663702099208671,0.03468134036917299,0.0269417824110397,-9.349999999999994,-0.12231815803244368,-9.349999999999994,-0.12231815803244368,-11.909999999999997,-0.15075949367088604,67.09,71.89,67.09,76.44,67.09,79.0,0.0,0.0,0.0,0,8,26,69.19,2.0999999999999943,UP,2.0
PCAL,2024-08-27,69.19,67.09,71.89,71.89,76.44,79.0,2.0999999999999943,-2.700000000000003,-2.700000000000003,0.031301237144134575,-0.03755737932953129,-0.03755737932953129,0.030821341935922855,-0.038280829485060536,69.39,71.3,73.87,69.62701238678169,70.87219939056565,73.34211554362386,0.050092465944098954,0.042356344954697075,0.030565073330188142,-2.700000000000003,-0.037557379329531265,-7.25,-0.09484563055991628,-9.810000000000002,-0.12417721518987344,67.09,71.89,67.09,76.44,67.09,76.44,0.43749999999999906,0.22459893048128296,0.22459893048128296,1,8,27,69.19,0.0,SAME,1.0
PCAL,2024-08-28,69.19,69.19,67.09,71.89,76.44,76.44,0.0,2.0999999999999943,-2.700000000000003,0.0,0.031301237144134575,-0.03755737932953129,0.0,0.030821341935922855,68.49000000000001,69.85,73.145,69.40850619339085,70.3114662603771,72.58718544478316,0.050092465944098954,0.042356344954697075,0.029960295072478146,-2.700000000000003,-0.037557379329531265,-7.25,-0.09484563055991628,-7.25,-0.09484563055991628,67.09,69.19,67.09,71.89,67.09,76.44,1.0,0.43749999999999906,0.22459893048128296,2,8,28,69.79,0.6000000000000085,UP,2.0
PCAL,2024-08-29,69.79,69.19,69.19,67.09,71.89,76.44,0.6000000000000085,0.6000000000000085,2.700000000000003,0.00867177337765579,0.00867177337765579,0.04024444775674474,0.008634389518340625,0.008634389518340625,69.39,69.42999999999999,72.48,69.59925309669543,70.13764417358473,72.0786062730044,0.016160959803515795,0.036638168132412906,0.03038823187528622,2.700000000000003,0.04024444775674471,-2.0999999999999943,-0.029211295034079765,-6.6499999999999915,-0.08699633699633688,69.19,69.79,67.09,71.89,67.09,76.44,1.0,0.5625000000000009,0.2887700534759363,3,8,29,69.79,0.0,SAME,1.0
PCAL,2024-08-30,69.79,69.79,69.19,69.19,71.89,76.44,0.0,0.6000000000000085,0.6000000000000085,0.0,0.00867177337765579,0.00867177337765579,0.0,0.008634389518340625,69.59000000000002,69.01,71.815,69.69462654834771,70.02176278238983,71.66249604154905,0.005006650693940448,0.036638168132412906,0.03038823187528622,0.6000000000000085,0.008671773377655853,-2.0999999999999943,-0.029211295034079765,-6.6499999999999915,-0.08699633699633688,69.19,69.79,67.09,69.79,67.09,76.44,1.0,1.0,0.2887700534759363,4,8,30,67.51,-2.280000000000001,DOWN,0.0
PCAL,2024-09-02,67.51,69.79,69.79,69.19,67.09,76.44,-2.280000000000001,-2.280000000000001,-1.6799999999999926,-0.0326694368820748,-0.0326694368820748,-0.024280965457435966,-0.03321499797528116,-0.03321499797528116,69.03000000000002,69.09400000000001,70.922,68.60231327417387,69.18450852159323,70.9074967612674,0.02180056354563838,0.02297602429096683,0.031104774386589408,-1.6799999999999926,-0.02428096545743594,0.4200000000000017,0.006260247428826974,-8.929999999999993,-0.11682365253793815,67.51,69.79,67.51,69.79,67.09,76.44,0.0,0.0,0.044919786096256895,0,9,2,67.51,0.0,SAME,1.0
PCAL,2024-09-03,67.51,67.51,69.79,69.79,69.19,76.44,0.0,-2.280000000000001,-2.280000000000001,0.0,-0.0326694368820748,-0.0326694368820748,0.0,-0.03321499797528116,68.27,68.75800000000001,70.029,68.05615663708693,68.6263390143955,70.28977007740059,0.01886170817813919,0.01602587118514097,0.031104774386589408,-2.280000000000001,-0.03266943688207481,-1.6799999999999926,-0.02428096545743594,-8.929999999999993,-0.11682365253793815,67.51,69.79,67.51,69.79,67.09,76.44,0.0,0.0,0.044919786096256895,1,9,3,67.51,0.0,SAME,1.0
PCAL,2024-09-04,67.51,67.51,67.51,69.79,69.19,76.44,0.0,0.0,-2.280000000000001,0.0,0.0,-0.0326694368820748,0.0,0.0,67.51,68.422,69.13600000000001,67.78307831854346,68.254226009597,69.78435733605502,0.01886170817813919,0.01602587118514097,0.031104774386589408,-2.280000000000001,-0.03266943688207481,-1.6799999999999926,-0.02428096545743594,-8.929999999999993,-0.11682365253793815,67.51,67.51,67.51,69.79,67.09,71.89,,0.0,0.08750000000000041,2,9,4,65.62,-1.8900000000000006,DOWN,0.0
PCAL,2024-09-05,65.62,67.51,67.51,67.51,69.79,71.89,-1.8900000000000006,-1.8900000000000006,-1.8900000000000006,-0.02799585246630132,-0.02799585246630132,-0.02799585246630132,-0.02839520752082357,-0.02839520752082357,66.88000000000001,67.58800000000001,68.50899999999999,66.70153915927173,67.37615067306467,69.02720145677229,0.016163412957611905,0.016695840763212868,0.027078365708016323,-1.8900000000000006,-0.027995852466301294,-4.170000000000002,-0.059750680613268395,-6.269999999999996,-0.08721658088746691,65.62,67.51,65.62,69.79,65.62,71.89,0.0,0.0,0.0,3,9,5,60.45,-5.170000000000002,DOWN,0.0
PCAL,2024-09-06,60.45,65.62,67.51,67.51,69.79,71.89,-5.170000000000002,-7.060000000000002,-7.060000000000002,-0.0787869551965864,-0.10457709968893503,-0.10457709968893503,-0.0820639504721539,-0.1104591579929775,64.52666666666666,65.72,67.365,63.57576957963587,65.06743378204311,67.4677102828137,0.03993930432757131,0.032284123299735075,0.03465325131915768,-7.060000000000002,-0.104577099688935,-9.340000000000003,-0.1338300616134117,-11.439999999999998,-0.15913200723327303,60.45,67.51,60.45,67.51,60.45,69.79,0.0,0.0,0.0,4,9,6,60.45,0.0,SAME,1.0
PCAL,2024-09-10,60.45,60.45,65.62,67.51,67.51,67.09,0.0,-5.170000000000002,-7.060000000000002,0.0,-0.0787869551965864,-0.10457709968893503,0.0,-0.0820639504721539,62.17333333333334,64.30800000000002,66.70100000000001,62.01288478981793,63.528289188028744,66.19176295866575,0.03993930432757131,0.03431704555315722,0.03004404076747395,-7.060000000000002,-0.104577099688935,-7.060000000000002,-0.104577099688935,-6.640000000000001,-0.09897153077954986,60.45,65.62,60.45,67.51,60.45,69.79,0.0,0.0,0.0,1,9,10,45.84,-14.61,DOWN,0.0
PCAL,2024-09-11,45.84,60.45,60.45,65.62,67.51,69.19,-14.61,-14.61,-19.78,-0.24168734491315136,-0.24168734491315136,-0.30143249009448336,-0.27665950465431755,-0.27665950465431755,55.580000000000005,59.974000000000004,64.36600000000001,53.92644239490897,57.63219279201917,62.49144242072652,0.1232590050598915,0.10138741947149894,0.07650213440287726,-19.78,-0.30143249009448336,-21.67,-0.3209894830395497,-23.349999999999994,-0.3374765139471021,45.84,60.45,45.84,67.51,45.84,69.79,0.0,0.0,0.0,2,9,11,44.4,-1.4400000000000048,DOWN,0.0
PCAL,2024-09-12,44.4,45.84,60.45,60.45,67.51,69.19,-1.4400000000000048,-16.050000000000004,-16.050000000000004,-0.03141361256544517,-0.26550868486352364,-0.26550868486352364,-0.0319176029683052,-0.3085771076226227,50.23,55.352,61.887000000000015,49.16322119745448,53.221461861346114,59.202089253321695,0.1314119668961032,0.09686124716111978,0.07544034488642441,-16.050000000000004,-0.26550868486352364,-23.110000000000007,-0.3423196563472079,-24.79,-0.3582887700534759,44.4,60.45,44.4,65.62,44.4,69.79,0.0,0.0,0.0,3,9,12,44.4,0.0,SAME,1.0
PCAL,2024-09-16,44.4,44.4,45.84,60.45,65.62,69.79,0.0,-1.4400000000000048,-16.050000000000004,0.0,-0.03141361256544517,-0.26550868486352364,0.0,-0.0319176029683052,44.879999999999995,51.108000000000004,59.348,46.78161059872724,50.28097457423075,56.51080029817229,0.1314119668961032,0.10104695868425465,0.07486136629073992,-16.050000000000004,-0.26550868486352364,-21.220000000000006,-0.32337701920146306,-25.390000000000008,-0.36380570282275404,44.4,45.84,44.4,60.45,44.4,69.79,0.0,0.0,0.0,0,9,16,45.44,1.0399999999999991,UP,2.0
PCAL,2024-09-17,45.44,44.4,44.4,45.84,60.45,69.79,1.0399999999999991,1.0399999999999991,-0.4000000000000057,0.023423423423423406,0.023423423423423406,-0.008726003490401535,0.02315330497471682,0.02315330497471682,44.74666666666667,48.10600000000001,56.913,46.11080529936362,48.6673163828205,54.49792751668642,0.02751536641990332,0.10895006919235864,0.07664093062367745,-0.4000000000000057,-0.00872600349040152,-15.010000000000005,-0.24830438378825484,-24.35000000000001,-0.34890385442040417,44.4,45.44,44.4,60.45,44.4,67.51,1.0,0.06479750778816193,0.04500216356555599,1,9,17,45.44,0.0,SAME,1.0
PCAL,2024-09-18,45.44,45.44,44.4,44.4,60.45,67.51,0.0,1.0399999999999991,1.0399999999999991,0.0,0.023423423423423406,0.023423423423423406,0.0,0.02315330497471682,45.09333333333333,45.104,54.706,45.77540264968181,47.59154425521368,52.85103160456161,0.013523519818855589,0.10895006919235864,0.07762659842916213,1.0399999999999991,0.023423423423423406,-15.010000000000005,-0.24830438378825484,-22.070000000000007,-0.3269145311805659,44.4,45.44,44.4,45.84,44.4,67.51,1.0,0.7222222222222192,0.04500216356555599,2,9,18,46.03,0.5900000000000034,UP,2.0
PCAL,2024-09-19,46.03,45.44,45.44,44.4,45.84,67.51,0.5900000000000034,0.5900000000000034,1.6300000000000026,0.012984154929577496,0.012984154929577496,0.036711711711711725,0.01290058341625419,0.01290058341625419,45.63666666666666,45.141999999999996,52.55800000000001,45.902701324840905,47.071029503475785,51.61084404009586,0.011734730296536964,0.020609901501842467,0.0783938743107711,1.6300000000000026,0.036711711711711774,0.18999999999999773,0.004144851657940613,-21.480000000000004,-0.31817508517256704,45.44,46.03,44.4,46.03,44.4,67.51,1.0,1.0,0.07053223712678504,3,9,19,46.13,0.10000000000000142,UP,2.0
PCAL,2024-09-20,46.13,46.03,45.44,45.44,44.4,67.51,0.10000000000000142,0.6900000000000048,0.6900000000000048,0.002172496198131757,0.01518485915492973,0.01518485915492973,0.0021701397405791915,0.015070723156833398,45.86666666666667,45.488,50.42,46.01635066242045,46.757353002317195,50.614326941896614,0.006954614577043237,0.010299033369264078,0.0785025715593119,0.6900000000000048,0.015184859154929684,1.730000000000004,0.03896396396396405,-21.380000000000003,-0.316693823137313,45.44,46.13,44.4,46.13,44.4,65.62,1.0,1.0,0.08152686145146106,4,9,20,46.13,0.0,SAME,1.0
PCAL,2024-09-24,46.13,46.13,46.03,45.44,44.4,65.62,0.0,0.10000000000000142,0.6900000000000048,0.0,0.002172496198131757,0.01518485915492973,0.0,0.0021701397405791915,46.09666666666667,45.834,48.471000000000004,46.07317533121022,46.548235334878136,49.798994770642686,0.0069546145770432366,0.010299033369264078,0.07924137295880782,0.6900000000000048,0.015184859154929684,1.730000000000004,0.03896396396396405,-19.490000000000002,-0.2970131057604389,46.03,46.13,45.44,46.13,44.4,60.45,1.0,1.0,0.10778816199376968,1,9,24,51.01,4.8799999999999955,UP,2.0
PCAL,2024-09-25,51.01,46.13,46.13,46.03,45.44,60.45,4.8799999999999955,4.8799999999999955,4.979999999999997,0.10578799046173848,0.10578799046173848,0.10819031066695617,0.10055819436510595,0.10055819436510595,47.75666666666667,46.948,47.527,48.54158766560511,48.03549022325209,50.01917753961674,0.06045933801208215,0.04593170386306975,0.08797438749437454,4.979999999999997,0.10819031066695627,5.57,0.12257922535211269,-9.440000000000005,-0.1561621174524401,46.13,51.01,45.44,51.01,44.4,60.45,1.0,1.0,0.41183800623052946,2,9,25,52.63,1.6200000000000045,UP,2.0
PCAL,2024-09-26,52.63,51.01,46.13,46.13,45.44,60.45,1.6200000000000045,6.5,6.5,0.03175847872966098,0.14090613483633208,0.14090613483633208,0.03126460743085253,0.1318228017959584,49.92333333333334,48.386,46.745000000000005,50.58579383280255,49.56699348216806,50.4938725324137,0.05428331312727838,0.04390147869116379,0.08905731533657878,6.5,0.1409061348363321,7.190000000000005,0.15823063380281702,-7.82,-0.1293631100082713,46.13,52.63,46.03,52.63,44.4,52.63,1.0,1.0,1.0,3,9,26,52.63,0.0,SAME,1.0
PCAL,2024-09-27,52.63,52.63,51.01,46.13,46.03,45.84,0.0,1.6200000000000045,6.5,0.0,0.03175847872966098,0.14090613483633208,0.0,0.03126460743085253,52.09,49.706,47.424,51.60789691640127,50.58799565477871,50.88225934470211,0.05428331312727838,0.04555255695068554,0.036231196641108104,6.5,0.1409061348363321,6.600000000000001,0.14338474907668913,6.789999999999999,0.14812390924956367,51.01,52.63,46.13,52.63,44.4,52.63,1.0,1.0,1.0,4,9,27,50.39,-2.240000000000002,DOWN,0.0
PCAL,2024-09-30,50.39,52.63,52.63,51.01,46.13,44.4,-2.240000000000002,-2.240000000000002,-0.6199999999999974,-0.04256127683830524,-0.04256127683830524,-0.01215447951382076,-0.043493556673180965,-0.043493556673180965,51.88333333333333,50.558,48.023,50.99894845820064,50.52199710318581,50.79275764566536,0.03729050219785941,0.05524202392651607,0.03793145706370527,-0.6199999999999974,-0.01215447951382077,4.259999999999998,0.09234771298504223,5.990000000000002,0.13490990990990995,50.39,52.63,46.13,52.63,44.4,52.63,0.0,0.6553846153846151,0.7278250303766706,0,9,30,50.39,0.0,SAME,1.0
PCAL,2024-10-01,50.39,50.39,52.63,52.63,46.13,44.4,0.0,-2.240000000000002,-2.240000000000002,0.0,-0.04256127683830524,-0.04256127683830524,0.0,-0.043493556673180965,51.13666666666666,51.410000000000004,48.622,50.69447422910032,50.47799806879055,50.71952898281711,0.02457276463964941,0.05524202392651607,0.03793145706370527,-2.240000000000002,-0.042561276838305184,4.259999999999998,0.09234771298504223,5.990000000000002,0.13490990990990995,50.39,52.63,50.39,52.63,45.44,52.63,0.0,0.0,0.6884561891515993,1,10,1,50.39,0.0,SAME,1.0
PCAL,2024-10-02,50.39,50.39,50.39,52.63,51.01,45.44,0.0,0.0,-2.240000000000002,0.0,0.0,-0.04256127683830524,0.0,0.0,50.39,51.286,49.117000000000004,50.54223711455016,50.448665379193706,50.65961462230491,0.02457276463964941,0.026442027002169587,0.03796394142061827,-2.240000000000002,-0.042561276838305184,-0.6199999999999974,-0.01215447951382077,4.950000000000003,0.10893485915492965,50.39,50.39,50.39,52.63,45.44,52.63,,0.0,0.6884561891515993,2,10,2,48.0,-2.3900000000000006,DOWN,0.0
PCAL,2024-10-03,48.0,50.39,50.39,50.39,52.63,45.44,-2.3900000000000006,-2.3900000000000006,-2.3900000000000006,-0.047430045643977015,-0.047430045643977015,-0.047430045643977015,-0.04859173178461583,-0.04859173178461583,49.593333333333334,50.36,49.373000000000005,49.27111855727508,49.63244358612914,50.176048327340375,0.027383749620226095,0.024705181093621225,0.04221742988285663,-2.3900000000000006,-0.04743004564397699,-4.630000000000003,-0.08797263917917542,2.5600000000000023,0.056338028169014134,48.0,50.39,48.0,52.63,46.03,52.63,0.0,0.0,0.29848484848484824,3,10,3,48.0,0.0,SAME,1.0
PCAL,2024-10-04,48.0,48.0,50.39,50.39,52.63,46.03,0.0,-2.3900000000000006,-2.3900000000000006,0.0,-0.047430045643977015,-0.047430045643977015,0.0,-0.04859173178461583,48.796666666666674,49.434,49.57000000000001,48.635559278637544,49.0882957240861,49.780403176914845,0.027383749620226095,0.024705181093621225,0.042187685546418746,-2.3900000000000006,-0.04743004564397699,-4.630000000000003,-0.08797263917917542,1.9699999999999989,0.042798175103193545,48.0,50.39,48.0,50.39,46.13,52.63,0.0,0.0,0.2876923076923073,4,10,4,46.92,-1.0799999999999983,DOWN,0.0
PCAL,2024-10-07,46.92,48.0,48.0,50.39,50.39,46.13,-1.0799999999999983,-1.0799999999999983,-3.469999999999999,-0.022499999999999964,-0.022499999999999964,-0.06886286961698751,-0.02275698712261618,-0.02275698712261618,47.63999999999999,48.74,49.649,47.77777963931877,48.365530482724076,49.26032987202123,0.023725395696034345,0.021082083465800424,0.043081634879983934,-3.469999999999999,-0.06886286961698747,-3.469999999999999,-0.06886286961698747,0.7899999999999991,0.017125514849338806,46.92,48.0,46.92,50.39,46.13,52.63,0.0,0.0,0.1215384615384614,0,10,7,46.92,0.0,SAME,1.0
PCAL,2024-10-08,46.92,46.92,48.0,48.0,50.39,46.13,0.0,-1.0799999999999983,-1.0799999999999983,0.0,-0.022499999999999964,-0.022499999999999964,0.0,-0.02275698712261618,47.28,48.046,49.728,47.34888981965939,47.88368698848272,48.83481534983555,0.012990381056766,0.021082083465800424,0.043081634879983934,-1.0799999999999983,-0.022499999999999964,-3.469999999999999,-0.06886286961698747,0.7899999999999991,0.017125514849338806,46.92,48.0,46.92,50.39,46.92,52.63,0.0,0.0,0.0,1,10,8,46.92,0.0,SAME,1.0
PCAL,2024-10-09,46.92,46.92,46.92,48.0,50.39,51.01,0.0,0.0,-1.0799999999999983,0.0,0.0,-0.022499999999999964,0.0,0.0,46.92,47.352000000000004,49.319,47.134444909829696,47.56245799232182,48.486667104410905,0.012990381056766,0.021082083465800424,0.02339074670101733,-1.0799999999999983,-0.022499999999999964,-3.469999999999999,-0.06886286961698747,-4.089999999999996,-0.08018035679278566,46.92,46.92,46.92,48.0,46.92,52.63,,0.0,0.0,2,10,9,46.77,-0.14999999999999858,DOWN,0.0
PCAL,2024-10-10,46.77,46.92,46.92,46.92,48.0,52.63,-0.14999999999999858,-0.14999999999999858,-0.14999999999999858,-0.0031969309462914763,-0.0031969309462914763,-0.0031969309462914763,-0.0032020520474797865,-0.0032020520474797865,46.870000000000005,47.10600000000001,48.733,46.952222454914846,47.29830532821455,48.17454581269983,0.0018457489424181627,0.009803110672939,0.018971219972592785,-0.14999999999999858,-0.0031969309462915297,-1.2299999999999969,-0.025624999999999936,-5.859999999999999,-0.111343340300209,46.77,46.92,46.77,48.0,46.77,52.63,0.0,0.0,0.0,3,10,10,46.77,0.0,SAME,1.0
PCAL,2024-10-11,46.77,46.77,46.92,46.92,48.0,52.63,0.0,-0.14999999999999858,-0.14999999999999858,0.0,-0.0031969309462914763,-0.0031969309462914763,0.0,-0.0032020520474797865,46.82,46.86,48.147000000000006,46.86111122745743,47.122203552143034,47.919173846754404,0.0018457489424181627,0.009803110672939,0.018971219972592785,-0.14999999999999858,-0.0031969309462915297,-1.2299999999999969,-0.025624999999999936,-5.859999999999999,-0.111343340300209,46.77,46.92,46.77,46.92,46.77,50.39,0.0,0.0,0.0,4,10,11,46.77,0.0,SAME,1.0
PCAL,2024-10-14,46.77,46.77,46.77,46.92,46.92,50.39,0.0,0.0,-0.14999999999999858,0.0,0.0,-0.0031969309462914763,0.0,0.0,46.77,46.83,47.785000000000004,46.81555561372872,47.004802368095355,47.71023314734451,0.0018457489424181627,0.001429710983047504,0.01574563123445039,-0.14999999999999858,-0.0031969309462915297,-0.14999999999999858,-0.0031969309462915297,-3.6199999999999974,-0.07183965072435002,46.77,46.77,46.77,46.92,46.77,50.39,,0.0,0.0,0,10,14,46.38,-0.39000000000000057,DOWN,0.0
PCAL,2024-10-15,46.38,46.77,46.77,46.77,46.92,50.39,-0.39000000000000057,-0.39000000000000057,-0.39000000000000057,-0.008338678640153918,-0.008338678640153918,-0.008338678640153918,-0.00837363991040922,-0.00837363991040922,46.64000000000001,46.722,47.384,46.59777780686436,46.79653491206358,47.46837257510005,0.004814338357577158,0.003644854977665054,0.015534720469239286,-0.39000000000000057,-0.008338678640153956,-0.5399999999999991,-0.011508951406649598,-4.009999999999998,-0.07957928160349272,46.38,46.77,46.38,46.92,46.38,50.39,0.0,0.0,0.0,1,10,15,46.79,0.4099999999999966,UP,2.0
PCAL,2024-10-16,46.79,46.38,46.77,46.77,46.92,50.39,0.4099999999999966,0.01999999999999602,0.01999999999999602,0.008840017248814114,0.00042762454564893027,0.00042762454564893027,0.008801173050739295,0.00042753314033008643,46.64666666666667,46.696000000000005,47.024,46.69388890343218,46.794356608042385,47.345032106900035,0.008590567102629218,0.006253930569813851,0.01628329319157315,0.01999999999999602,0.0004276245456488351,-0.13000000000000256,-0.0027706734867860732,-3.6000000000000014,-0.07144274657670176,46.38,46.79,46.38,46.79,46.38,48.0,1.0,1.0,0.2530864197530847,2,10,16,46.79,0.0,SAME,1.0
PCAL,2024-10-17,46.79,46.79,46.38,46.77,46.77,48.0,0.0,0.4099999999999966,0.01999999999999602,0.0,0.008840017248814114,0.00042762454564893027,0.0,0.008801173050739295,46.653333333333336,46.7,46.903,46.741944451716094,46.79290440536159,47.244117178372754,0.008590567102629218,0.006075137824421873,0.00816951002593045,0.01999999999999602,0.0004276245456488351,0.01999999999999602,0.0004276245456488351,-1.2100000000000009,-0.02520833333333335,46.38,46.79,46.38,46.79,46.38,48.0,1.0,1.0,0.2530864197530847,3,10,17,45.07,-1.7199999999999989,DOWN,0.0
PCAL,2024-10-18,45.07,46.79,46.79,46.38,46.77,48.0,-1.7199999999999989,-1.7199999999999989,-1.3100000000000023,-0.03675999145116471,-0.03675999145116471,-0.028244933160845198,-0.03745266817556794,-0.03745266817556794,46.21666666666667,46.36,46.61,45.90597222585805,46.21860293690773,46.848823145941346,0.024182651046728693,0.01757866929492988,0.013464345382144416,-1.3100000000000023,-0.02824493316084524,-1.7000000000000028,-0.03634808638015828,-2.9299999999999997,-0.06104166666666666,45.07,46.79,45.07,46.79,45.07,46.92,0.0,0.0,0.0,4,10,18,45.07,0.0,SAME,1.0
PCAL,2024-10-21,45.07,45.07,46.79,46.79,46.77,46.92,0.0,-1.7199999999999989,-1.7199999999999989,0.0,-0.03675999145116471,-0.03675999145116471,0.0,-0.03745266817556794,45.64333333333334,46.019999999999996,46.425000000000004,45.48798611292902,45.835735291271824,46.52540075577019,0.02122339095973794,0.01757866929492988,0.01226341667171396,-1.7199999999999989,-0.03675999145116476,-1.7000000000000028,-0.03634808638015828,-1.8500000000000014,-0.0394288150042626,45.07,46.79,45.07,46.79,45.07,46.92,0.0,0.0,0.0,0,10,21,45.07,0.0,SAME,1.0
PCAL,2024-10-22,45.07,45.07,45.07,46.79,46.38,46.92,0.0,0.0,-1.7199999999999989,0.0,0.0,-0.03675999145116471,0.0,0.0,45.07,45.758,46.24,45.278993056464515,45.58049019418122,46.260782436539245,0.02122339095973794,0.017843331279198897,0.01226341667171396,-1.7199999999999989,-0.03675999145116476,-1.3100000000000023,-0.02824493316084524,-1.8500000000000014,-0.0394288150042626,45.07,45.07,45.07,46.79,45.07,46.92,,0.0,0.0,1,10,22,45.07,0.0,SAME,1.0
PCAL,2024-10-23,45.07,45.07,45.07,45.07,46.79,46.92,0.0,0.0,0.0,0.0,0.0,0.0,0.0,0.0,45.07,45.414,46.055,45.174496528232254,45.41032679612082,46.04427653898665,0.0,0.01643956794742234,0.01226341667171396,0.0,0.0,-1.7199999999999989,-0.03675999145116476,-1.8500000000000014,-0.0394288150042626,45.07,45.07,45.07,46.79,45.07,46.79,,0.0,0.0,2,10,23,45.07,0.0,SAME,1.0
PCAL,2024-10-24,45.07,45.07,45.07,45.07,46.79,46.77,0.0,0.0,0.0,0.0,0.0,0.0,0.0,0.0,45.07,45.07,45.885000000000005,45.12224826411612,45.29688453074722,45.867135350079984,0.0,0.01643956794742234,0.012326608289556354,0.0,0.0,-1.7199999999999989,-0.03675999145116476,-1.7000000000000028,-0.03634808638015828,45.07,45.07,45.07,45.07,45.07,46.79,,,0.0,3,10,24,45.07,0.0,SAME,1.0
PCAL,2024-10-25,45.07,45.07,45.07,45.07,45.07,46.77,0.0,0.0,0.0,0.0,0.0,0.0,0.0,0.0,45.07,45.07,45.714999999999996,45.096124132058065,45.221256353831485,45.722201650065436,0.0,0.0,0.012326608289556354,0.0,0.0,0.0,0.0,-1.7000000000000028,-0.03634808638015828,45.07,45.07,45.07,45.07,45.07,46.79,,,0.0,4,10,25,45.07,0.0,SAME,1.0
PCAL,2024-10-28,45.07,45.07,45.07,45.07,45.07,46.77,0.0,0.0,0.0,0.0,0.0,0.0,0.0,0.0,45.07,45.07,45.545,45.08306206602903,45.17083756922099,45.60361953187172,0.0,0.0,0.012326608289556354,0.0,0.0,0.0,0.0,-1.7000000000000028,-0.03634808638015828,45.07,45.07,45.07,45.07,45.07,46.79,,,0.0,0,10,28,45.0,-0.07000000000000028,DOWN,0.0
PCAL,2024-10-29,45.0,45.07,45.07,45.07,45.07,46.38,-0.07000000000000028,-0.07000000000000028,-0.07000000000000028,-0.0015531395606833698,-0.0015531395606833698,-0.0015531395606833698,-0.0015543469322371376,-0.0015543469322371376,45.04666666666666,45.056000000000004,45.407,45.041531033014515,45.113891712813995,45.49387052607686,0.0008967055434416993,0.0006945851272287964,0.012224695749247767,-0.07000000000000028,-0.0015531395606833878,-0.07000000000000028,-0.0015531395606833878,-1.3800000000000026,-0.02975420439844766,45.0,45.07,45.0,45.07,45.0,46.79,0.0,0.0,0.0,1,10,29,45.0,0.0,SAME,1.0
PCAL,2024-10-30,45.0,45.0,45.07,45.07,45.07,46.79,0.0,-0.07000000000000028,-0.07000000000000028,0.0,-0.0015531395606833698,-0.0015531395606833698,0.0,-0.0015543469322371376,45.02333333333333,45.041999999999994,45.227999999999994,45.020765516507254,45.075927808542666,45.404075884971974,0.0008967055434416994,0.0006945851272287964,0.01158024953286858,-0.07000000000000028,-0.0015531395606833878,-0.07000000000000028,-0.0015531395606833878,-1.7899999999999991,-0.038256037614874956,45.0,45.07,45.0,45.07,45.0,46.79,0.0,0.0,0.0,2,10,30,44.99,-0.00999999999999801,DOWN,0.0
PCAL,2024-10-31,44.99,45.0,45.0,45.07,45.07,46.79,-0.00999999999999801,-0.00999999999999801,-0.0799999999999983,-0.00022222222222212373,-0.00022222222222212373,-0.0017750166407809465,-0.00022224691723873714,-0.00022224691723873714,44.99666666666667,45.025999999999996,45.048,45.00538275825363,45.04728520569512,45.328789360431614,0.0008399371179579256,0.0006766171958483585,0.011572290908378335,-0.0799999999999983,-0.0017750166407809694,-0.0799999999999983,-0.0017750166407809694,-1.7999999999999972,-0.03846975849540494,44.99,45.0,44.99,45.07,44.99,45.07,0.0,0.0,0.0,3,10,31,44.86,-0.13000000000000256,DOWN,0.0
PCAL,2024-11-04,44.86,44.99,45.0,45.0,45.07,45.07,-0.13000000000000256,-0.14000000000000057,-0.14000000000000057,-0.002889531006890489,-0.0031111111111111756,-0.0031111111111111756,-0.0028937137610187316,-0.003115960678257563,44.949999999999996,44.984,45.027,44.932691379126815,44.984856803796745,45.243554931262224,0.0016079649824397495,0.0012707054834455655,0.0009795062348353007,-0.14000000000000057,-0.003111111111111124,-0.21000000000000085,-0.004659418682050163,-0.21000000000000085,-0.004659418682050163,44.86,45.0,44.86,45.07,44.86,45.07,0.0,0.0,0.0,0,11,4,44.86,0.0,SAME,1.0
PCAL,2024-11-05,44.86,44.86,44.99,45.0,45.07,45.07,0.0,-0.13000000000000256,-0.14000000000000057,0.0,-0.002889531006890489,-0.0031111111111111756,0.0,-0.0028937137610187316,44.903333333333336,44.942,45.006,44.896345689563404,44.94323786919783,45.17381767103273,0.0016079649824397495,0.0012707054834455655,0.0009795062348353007,-0.14000000000000057,-0.003111111111111124,-0.21000000000000085,-0.004659418682050163,-0.21000000000000085,-0.004659418682050163,44.86,44.99,44.86,45.0,44.86,45.07,0.0,0.0,0.0,1,11,5,44.95,0.09000000000000341,UP,2.0
PCAL,2024-11-06,44.95,44.86,44.86,44.99,45.0,45.07,0.09000000000000341,0.09000000000000341,-0.03999999999999915,0.002006241640659878,0.002006241640659878,-0.0008890864636585949,0.0020042318255670682,0.0020042318255670682,44.88999999999999,44.932,44.994,44.9231728447817,44.94549191279856,45.13312354902678,0.0024611306607911117,0.0017449460236644767,0.0012529599434138857,-0.03999999999999915,-0.0008890864636585718,-0.04999999999999716,-0.001111111111111048,-0.11999999999999744,-0.0026625249611714544,44.86,44.95,44.86,45.0,44.86,45.07,1.0,0.6428571428571646,0.4285714285714431,2,11,6,44.95,0.0,SAME,1.0
PCAL,2024-11-07,44.95,44.95,44.86,44.86,45.0,45.07,0.0,0.09000000000000341,0.09000000000000341,0.0,0.002006241640659878,0.002006241640659878,0.0,0.0020042318255670682,44.92000000000001,44.922000000000004,44.982,44.93658642239085,44.94699460853238,45.09982835829463,0.0011583041512883215,0.0017449460236644767,0.0012529599434138857,0.09000000000000341,0.002006241640659907,-0.04999999999999716,-0.001111111111111048,-0.11999999999999744,-0.0026625249611714544,44.86,44.95,44.86,44.99,44.86,45.07,1.0,0.692307692307705,0.4285714285714431,3,11,7,44.09,-0.8599999999999994,DOWN,0.0
PCAL,2024-11-08,44.09,44.95,44.95,44.86,44.99,45.07,-0.8599999999999994,-0.8599999999999994,-0.769999999999996,-0.019132369299221352,-0.019132369299221352,-0.017164511814534045,-0.019317761547783016,-0.019317761547783016,44.663333333333334,44.742000000000004,44.884,44.51329321119543,44.66132973902159,44.916223202241056,0.011668429150133316,0.008635633034118177,0.0060864030424398665,-0.769999999999996,-0.017164511814534017,-0.8999999999999986,-0.02000444543231826,-0.9799999999999969,-0.02174395384956727,44.09,44.95,44.09,44.95,44.09,45.07,0.0,0.0,0.0,4,11,8,43.52,-0.5700000000000003,DOWN,0.0
PCAL,2024-11-12,43.52,44.09,44.95,44.95,44.86,45.07,-0.5700000000000003,-1.4299999999999997,-1.4299999999999997,-0.012928101610342524,-0.03181312569521688,-0.03181312569521688,-0.013012396822159116,-0.03233015836994207,44.18666666666667,44.474000000000004,44.729,44.016646605597714,44.28088649268106,44.66236443819723,0.009761115918140943,0.009441358911462099,0.006891844155456621,-1.4299999999999997,-0.0318131256952169,-1.3399999999999963,-0.029870708872046285,-1.5499999999999972,-0.034390947415131955,43.52,44.95,43.52,44.95,43.52,45.07,0.0,0.0,0.0,1,11,12,43.52,0.0,SAME,1.0
PCAL,2024-11-13,43.52,43.52,44.09,44.95,44.86,45.07,0.0,-0.5700000000000003,-1.4299999999999997,0.0,-0.012928101610342524,-0.03181312569521688,0.0,-0.013012396822159116,43.71,44.206,44.574,43.76832330279886,44.02725766178738,44.45466181307046,0.009761115918140943,0.009441358911462099,0.006891844155456621,-1.4299999999999997,-0.0318131256952169,-1.3399999999999963,-0.029870708872046285,-1.5499999999999972,-0.034390947415131955,43.52,44.09,43.52,44.95,43.52,45.0,0.0,0.0,0.0,2,11,13,42.83,-0.6900000000000048,DOWN,0.0
PCAL,2024-11-14,42.83,43.52,43.52,44.09,44.95,45.0,-0.6900000000000048,-0.6900000000000048,-1.2600000000000051,-0.01585477941176483,-0.01585477941176483,-0.028577908822862486,-0.015981810920407704,-0.015981810920407704,43.29,43.782,44.357000000000006,43.29916165139943,43.62817177452492,44.159268756148556,0.008436777469274171,0.009019190010383893,0.00786467251772704,-1.2600000000000051,-0.02857790882286244,-2.1200000000000045,-0.0471635150166853,-2.1700000000000017,-0.048222222222222264,42.83,43.52,42.83,44.95,42.83,45.0,0.0,0.0,0.0,3,11,14,42.83,0.0,SAME,1.0
PCAL,2024-11-15,42.83,42.83,43.52,43.52,44.95,45.0,0.0,-0.6900000000000048,-0.6900000000000048,0.0,-0.01585477941176483,-0.01585477941176483,0.0,-0.015981810920407704,43.06,43.358000000000004,44.14,43.064580825699714,43.36211451634995,43.917583527757905,0.009153761161323777,0.009019190010383893,0.00786467251772704,-0.6900000000000048,-0.015854779411764816,-2.1200000000000045,-0.0471635150166853,-2.1700000000000017,-0.048222222222222264,42.83,43.52,42.83,44.09,42.83,44.99,0.0,0.0,0.0,4,11,15,42.83,0.0,SAME,1.0
PCAL,2024-11-18,42.83,42.83,42.83,43.52,44.09,44.99,0.0,0.0,-0.6900000000000048,0.0,0.0,-0.01585477941176483,0.0,0.0,42.83,43.106,43.924,42.94729041284985,43.184743010899965,43.71984106816556,0.009153761161323777,0.007950141405289707,0.007879664712561534,-0.6900000000000048,-0.015854779411764816,-1.2600000000000051,-0.02857790882286244,-2.1600000000000037,-0.048010669037563986,42.83,42.83,42.83,43.52,42.83,44.95,,0.0,0.0,0,11,18,42.8,-0.030000000000001137,DOWN,0.0
PCAL,2024-11-19,42.8,42.83,42.83,42.83,43.52,44.86,-0.030000000000001137,-0.030000000000001137,-0.030000000000001137,-0.0007004436142891146,-0.0007004436142891146,-0.0007004436142891146,-0.0007006890395285669,-0.0007006890395285669,42.82,42.962,43.718,42.873645206424925,43.05649534059998,43.55259723759,0.00040440130924450216,0.007018717289575512,0.007970981529542284,-0.030000000000001137,-0.0007004436142890763,-0.720000000000006,-0.01654411764705896,-2.0600000000000023,-0.04592064199732506,42.8,42.83,42.8,43.52,42.8,44.95,0.0,0.0,0.0,1,11,19,40.26,-2.539999999999999,DOWN,0.0
PCAL,2024-11-20,40.26,42.8,42.83,42.83,43.52,44.86,-2.539999999999999,-2.5700000000000003,-2.5700000000000003,-0.0593457943925233,-0.06000466962409523,-0.06000466962409523,-0.06117968237610561,-0.061880371415634156,41.96333333333333,42.309999999999995,43.257999999999996,41.56682260321246,42.12433022706665,42.95394319439182,0.03406291018404645,0.025600757188494635,0.01882181035466119,-2.5700000000000003,-0.06000466962409527,-3.260000000000005,-0.07490808823529423,-4.600000000000001,-0.10254123941150249,40.26,42.83,40.26,42.83,40.26,44.95,0.0,0.0,0.0,2,11,20,40.26,0.0,SAME,1.0
PCAL,2024-11-21,40.26,40.26,42.8,42.83,42.83,44.95,0.0,-2.539999999999999,-2.5700000000000003,0.0,-0.0593457943925233,-0.06000466962409523,0.0,-0.06117968237610561,41.10666666666666,41.796,42.789,40.91341130160623,41.50288681804443,42.46413534086603,0.03406291018404645,0.026463672239421903,0.018682740203426407,-2.5700000000000003,-0.06000466962409527,-2.5700000000000003,-0.06000466962409527,-4.690000000000005,-0.10433815350389332,40.26,42.8,40.26,42.83,40.26,44.95,0.0,0.0,0.0,3,11,21,38.04,-2.219999999999999,DOWN,0.0
PCAL,2024-11-22,38.04,40.26,40.26,42.8,42.83,44.95,-2.219999999999999,-2.219999999999999,-4.759999999999998,-0.055141579731743606,-0.055141579731743606,-0.11121495327102804,-0.05672018253445581,-0.05672018253445581,39.519999999999996,40.838,42.098,39.47670565080311,40.348591212029625,41.6597470970722,0.03311644241235691,0.03126244183351017,0.02282129625308285,-4.759999999999998,-0.111214953271028,-4.789999999999999,-0.11183749708148492,-6.910000000000004,-0.1537263626251391,38.04,40.26,38.04,42.83,38.04,44.09,0.0,0.0,0.0,4,11,22,38.04,0.0,SAME,1.0
PCAL,2024-11-25,38.04,38.04,40.26,40.26,42.83,44.09,0.0,-2.219999999999999,-2.219999999999999,0.0,-0.055141579731743606,-0.055141579731743606,0.0,-0.05672018253445581,38.78,39.88,41.492999999999995,38.75835282540156,39.579060808019754,41.00161126124088,0.03183600590166315,0.03126244183351017,0.0233541844452584,-2.219999999999999,-0.05514157973174364,-4.789999999999999,-0.11183749708148492,-6.050000000000004,-0.13721932410977555,38.04,40.26,38.04,42.8,38.04,43.52,0.0,0.0,0.0,0,11,25,38.26,0.21999999999999886,UP,2.0
PCAL,2024-11-26,38.26,38.04,38.04,40.26,42.8,43.52,0.21999999999999886,0.21999999999999886,-2.0,0.005783385909568839,0.005783385909568839,-0.04967709885742677,0.005766726334917225,0.005766726334917225,38.11333333333334,38.971999999999994,40.967,38.50917641270078,39.139373872013174,40.503136486469806,0.03363007782300007,0.03252942233276878,0.024218547372159574,-2.0,-0.04967709885742673,-4.539999999999999,-0.10607476635514017,-5.260000000000005,-0.1208639705882354,38.04,38.26,38.04,40.26,38.04,43.52,1.0,0.09909909909909864,0.04014598540145962,1,11,26,38.26,0.0,SAME,1.0
PCAL,2024-11-27,38.26,38.26,38.04,38.04,40.26,43.52,0.0,0.21999999999999886,0.21999999999999886,0.0,0.005783385909568839,0.005783385909568839,0.0,0.005766726334917225,38.18666666666667,38.571999999999996,40.441,38.38458820635039,38.84624924800878,40.09529348892983,0.0033390394117148903,0.025430272847600674,0.024218547372159574,0.21999999999999886,0.005783385909568845,-2.0,-0.04967709885742673,-5.260000000000005,-0.1208639705882354,38.04,38.26,38.04,40.26,38.04,42.83,1.0,0.09909909909909864,0.04592901878914382,2,11,27,38.26,0.0,SAME,1.0
PCAL,2024-11-28,38.26,38.26,38.26,38.04,40.26,42.83,0.0,0.0,0.21999999999999886,0.0,0.0,0.005783385909568839,0.0,0.0,38.26,38.172000000000004,39.983999999999995,38.322294103175196,38.650832832005854,39.76160376366986,0.0033390394117148903,0.025430272847600674,0.024493814028229203,0.21999999999999886,0.005783385909568845,-2.0,-0.04967709885742673,-4.57,-0.10670091057669859,38.26,38.26,38.04,38.26,38.04,42.83,,1.0,0.04592901878914382,3,11,28,38.48,0.21999999999999886,UP,2.0
PCAL,2024-11-29,38.48,38.26,38.26,38.26,38.04,42.83,0.21999999999999886,0.21999999999999886,0.21999999999999886,0.005750130684788246,0.005750130684788246,0.005750130684788246,0.00573366178539888,0.00573366178539888,38.333333333333336,38.26,39.54899999999999,38.4011470515876,38.59388855467057,39.52858489754807,0.003319839498735841,0.0031586054859930953,0.024844176356622324,0.21999999999999886,0.005750130684788261,0.4399999999999977,0.01156677181913769,-4.350000000000001,-0.10156432407191225,38.26,38.48,38.04,38.48,38.04,42.83,1.0,1.0,0.09185803757828764,4,11,29,38.0,-0.4799999999999969,DOWN,0.0
PCAL,2024-12-02,38.0,38.48,38.26,38.26,38.04,42.83,-0.4799999999999969,-0.259999999999998,-0.259999999999998,-0.012474012474012364,-0.006795608991113422,-0.006795608991113422,-0.01255246607111986,-0.006818804285721035,38.24666666666667,38.251999999999995,39.065999999999995,38.2005735257938,38.39592570311372,39.25066037072114,0.009316512079513544,0.0074487521802804515,0.02457763610579668,-0.259999999999998,-0.006795608991113383,-0.03999999999999915,-0.0010515247108306822,-4.829999999999998,-0.11277142190053698,38.0,38.48,38.0,38.48,38.0,42.8,0.0,0.0,0.0,0,12,2,38.0,0.0,SAME,1.0
PCAL,2024-12-03,38.0,38.0,38.48,38.26,38.26,42.8,0.0,-0.4799999999999969,-0.259999999999998,0.0,-0.012474012474012364,-0.006795608991113422,0.0,-0.01255246607111986,38.16,38.2,38.586,38.1002867628969,38.26395046874248,39.02326757604457,0.009316512079513544,0.006701172897910662,0.024613163489619342,-0.259999999999998,-0.006795608991113383,-0.259999999999998,-0.006795608991113383,-4.799999999999997,-0.11214953271028032,38.0,38.48,38.0,38.48,38.0,40.26,0.0,0.0,0.0,1,12,3,36.5,-1.5,DOWN,0.0
PCAL,2024-12-04,36.5,38.0,38.0,38.48,38.26,40.26,-1.5,-1.5,-1.9799999999999969,-0.03947368421052633,-0.03947368421052633,-0.051455301455301417,-0.04027389913793996,-0.04027389913793996,37.5,37.848,38.209999999999994,37.30014338144845,37.67596697916166,38.56449165312738,0.020177359449944518,0.01816585887307532,0.020837433675487252,-1.9799999999999969,-0.051455301455301375,-1.759999999999998,-0.046001045478306274,-3.759999999999998,-0.0933929458519622,36.5,38.0,36.5,38.48,36.5,40.26,0.0,0.0,0.0,2,12,4,38.6,2.1000000000000014,UP,2.0
PCAL,2024-12-05,38.6,36.5,38.0,38.0,38.26,40.26,2.1000000000000014,0.6000000000000014,0.6000000000000014,0.05753424657534256,0.015789473684210575,0.015789473684210575,0.05594001588233945,0.015666116744399456,37.7,37.916000000000004,38.044,37.95007169072423,37.983977986107774,38.57094771619512,0.048783364496346696,0.035465906864705764,0.029789080932400253,0.6000000000000014,0.015789473684210565,0.3400000000000034,0.008886565603763812,-1.6599999999999966,-0.0412319920516641,36.5,38.6,36.5,38.6,36.5,38.6,1.0,1.0,1.0,3,12,5,38.6,0.0,SAME,1.0
PCAL,2024-12-06,38.6,38.6,36.5,38.0,38.48,38.04,0.0,2.1000000000000014,0.6000000000000014,0.0,0.05753424657534256,0.015789473684210575,0.0,0.05594001588233945,37.9,37.94,38.1,38.27503584536211,38.18931865740518,38.57622994961419,0.048783364496346696,0.0354179345579676,0.023713953110568023,0.6000000000000014,0.015789473684210565,0.12000000000000455,0.003118503118503237,0.5600000000000023,0.014721345951629923,36.5,38.6,36.5,38.6,36.5,38.6,1.0,1.0,1.0,4,12,6,38.02,-0.5799999999999983,DOWN,0.0
PCAL,2024-12-09,38.02,38.6,38.6,36.5,38.0,38.04,-0.5799999999999983,-0.5799999999999983,1.5200000000000031,-0.015025906735751215,-0.015025906735751215,0.04164383561643836,-0.015139939410501993,-0.015139939410501993,38.406666666666666,37.944,38.098,38.14751792268106,38.13287910493679,38.47509723150252,0.03829913674125732,0.03568016718156834,0.024303207697621343,1.5200000000000031,0.04164383561643844,0.020000000000003126,0.0005263157894737665,-0.01999999999999602,-0.0005257623554152476,38.02,38.6,36.5,38.6,36.5,38.6,0.0,0.7238095238095248,0.7238095238095248,0,12,9,38.02,0.0,SAME,1.0
PCAL,2024-12-10,38.02,38.02,38.6,38.6,38.0,38.26,0.0,-0.5799999999999983,-0.5799999999999983,0.0,-0.015025906735751215,-0.015025906735751215,0.0,-0.015139939410501993,38.21333333333334,37.948,38.074,38.083758961340536,38.09525273662453,38.39235228032024,0.008675211298703309,0.03568016718156834,0.02422451260489859,-0.5799999999999983,-0.01502590673575125,0.020000000000003126,0.0005263157894737665,-0.23999999999999488,-0.006272869837950729,38.02,38.6,36.5,38.6,36.5,38.6,0.0,0.7238095238095248,0.7238095238095248,1,12,10,38.0,-0.020000000000003126,DOWN,0.0
PCAL,2024-12-11,38.0,38.02,38.02,38.6,36.5,38.26,-0.020000000000003126,-0.020000000000003126,-0.6000000000000014,-0.0005260389268806342,-0.0005260389268806342,-0.015544041450777257,-0.0005261773338973785,-0.0005261773338973785,38.01333333333334,38.248000000000005,38.047999999999995,38.04187948067027,38.063501824416356,38.32101550208019,0.008527414190506585,0.02821232621209756,0.024224193619069,-0.6000000000000014,-0.015544041450777238,1.5,0.0410958904109589,-0.259999999999998,-0.006795608991113383,38.0,38.02,38.0,38.6,36.5,38.6,0.0,0.0,0.7142857142857139,2,12,11,38.0,0.0,SAME,1.0
PCAL,2024-12-12,38.0,38.0,38.02,38.02,38.6,38.26,0.0,-0.020000000000003126,-0.020000000000003126,0.0,-0.0005260389268806342,-0.0005260389268806342,0.0,-0.0005261773338973785,38.00666666666667,38.128,38.022,38.02093974033514,38.042334549610906,38.26264904715652,0.0003037087160142549,0.0066648703551775625,0.024224193619069,-0.020000000000003126,-0.0005260389268806713,-0.6000000000000014,-0.015544041450777238,-0.259999999999998,-0.006795608991113383,38.0,38.02,38.0,38.6,36.5,38.6,0.0,0.0,0.7142857142857139,3,12,12,38.0,0.0,SAME,1.0
PCAL,2024-12-13,38.0,38.0,38.0,38.02,38.6,38.48,0.0,0.0,-0.020000000000003126,0.0,0.0,-0.0005260389268806342,0.0,0.0,38.0,38.008,37.974000000000004,38.01046987016757,38.02822303307394,38.214894674946244,0.0003037087160142549,0.0066648703551775625,0.024129479296867533,-0.020000000000003126,-0.0005260389268806713,-0.6000000000000014,-0.015544041450777238,-0.4799999999999969,-0.012474012474012393,38.0,38.0,38.0,38.02,36.5,38.6,,0.0,0.7142857142857139,4,12,13,38.0,0.0,SAME,1.0
PCAL,2024-12-16,38.0,38.0,38.0,38.0,38.02,38.0,0.0,0.0,0.0,0.0,0.0,0.0,0.0,0.0,38.0,38.004000000000005,37.974000000000004,38.005234935083784,38.01881535538263,38.175822915865105,0.0,0.00023525175981114953,0.023790256055211817,0.0,0.0,-0.020000000000003126,-0.0005260389268806713,0.0,0.0,38.0,38.0,38.0,38.02,36.5,38.6,,0.0,0.7142857142857139,0,12,16,37.77,-0.22999999999999687,DOWN,0.0
PCAL,2024-12-18,37.77,38.0,38.0,38.0,38.02,38.0,-0.22999999999999687,-0.22999999999999687,-0.22999999999999687,-0.0060526315789473095,-0.0060526315789473095,-0.0060526315789473095,-0.00607102300202022,-0.00607102300202022,37.92333333333333,37.95399999999999,37.95100000000001,37.887617467541894,37.93587690358842,38.10203693116236,0.0034944884714087207,0.0026577850203748526,0.02387419389963083,-0.22999999999999687,-0.006052631578947286,-0.25,-0.006575486586007364,-0.22999999999999687,-0.006052631578947286,37.77,38.0,37.77,38.0,36.5,38.6,0.0,0.0,0.6047619047619058,2,12,18,37.77,0.0,SAME,1.0
PCAL,2024-12-19,37.77,37.77,38.0,38.0,38.0,36.5,0.0,-0.22999999999999687,-0.22999999999999687,0.0,-0.0060526315789473095,-0.0060526315789473095,0.0,-0.00607102300202022,37.84666666666667,37.908,38.078,37.82880873377095,37.88058460239228,38.04166658004193,0.0034944884714087207,0.002706819130653088,0.019561255226605158,-0.22999999999999687,-0.006052631578947286,-0.22999999999999687,-0.006052631578947286,1.2700000000000031,0.03479452054794529,37.77,38.0,37.77,38.0,37.77,38.6,0.0,0.0,0.0,3,12,19,37.77,0.0,SAME,1.0
PCAL,2024-12-20,37.77,37.77,37.77,38.0,38.0,38.6,0.0,0.0,-0.22999999999999687,0.0,0.0,-0.0060526315789473095,0.0,0.0,37.77,37.862,37.995000000000005,37.799404366885476,37.843723068261525,37.99227265639794,0.0034944884714087207,0.002706819130653088,0.004899128759685412,-0.22999999999999687,-0.006052631578947286,-0.22999999999999687,-0.006052631578947286,-0.8299999999999983,-0.021502590673575083,37.77,37.77,37.77,38.0,37.77,38.6,,0.0,0.0,4,12,20,38.0,0.22999999999999687,UP,2.0
PCAL,2024-12-23,38.0,37.77,37.77,37.77,38.0,38.6,0.22999999999999687,0.22999999999999687,0.22999999999999687,0.006089489012443661,0.006089489012443661,0.006089489012443661,0.006071023002020203,0.006071023002020203,37.84666666666667,37.862,37.935,37.89970218344274,37.89581537884102,37.993677627961944,0.0035157681205595093,0.004292899770812366,0.005534728934157611,0.22999999999999687,0.0060894890124436555,0.0,0.0,-0.6000000000000014,-0.015544041450777238,37.77,38.0,37.77,38.0,37.77,38.02,1.0,1.0,0.9199999999999875,0,12,23,38.0,0.0,SAME,1.0
PCAL,2024-12-24,38.0,38.0,37.77,37.77,38.0,38.02,0.0,0.22999999999999687,0.22999999999999687,0.0,0.006089489012443661,0.006089489012443661,0.0,0.006071023002020203,37.92333333333334,37.862,37.93300000000001,37.94985109172137,37.930543585894014,37.99482715015068,0.0035157681205595093,0.004292899770812366,0.0028668413234072478,0.22999999999999687,0.0060894890124436555,0.0,0.0,-0.020000000000003126,-0.0005260389268806713,37.77,38.0,37.77,38.0,37.77,38.02,1.0,1.0,0.9199999999999875,1,12,24,38.0,0.0,SAME,1.0
PCAL,2024-12-25,38.0,38.0,38.0,37.77,37.77,38.02,0.0,0.0,0.22999999999999687,0.0,0.0,0.006089489012443661,0.0,0.0,38.0,37.908,37.931000000000004,37.974925545860685,37.95369572392934,37.9957676683051,0.0035157681205595097,0.002723302276007919,0.0028668413234072478,0.22999999999999687,0.0060894890124436555,0.22999999999999687,0.0060894890124436555,-0.020000000000003126,-0.0005260389268806713,38.0,38.0,37.77,38.0,37.77,38.0,,1.0,1.0,2,12,25,38.0,0.0,SAME,1.0
PCAL,2024-12-26,38.0,38.0,38.0,38.0,37.77,38.0,0.0,0.0,0.0,0.0,0.0,0.0,0.0,0.0,38.0,37.954,37.931000000000004,37.98746277293034,37.96913048261956,37.996537183158715,0.0,0.002723302276007919,0.0028619358175905976,0.0,0.0,0.22999999999999687,0.0060894890124436555,0.0,0.0,38.0,38.0,37.77,38.0,37.77,38.0,,1.0,1.0,3,12,26,38.0,0.0,SAME,1.0
PCAL,2024-12-27,38.0,38.0,38.0,38.0,37.77,38.0,0.0,0.0,0.0,0.0,0.0,0.0,0.0,0.0,38.0,38.0,37.931000000000004,37.99373138646517,37.979420321746375,37.99716678622077,0.0,0.002723302276007919,0.0028619358175905976,0.0,0.0,0.22999999999999687,0.0060894890124436555,0.0,0.0,38.0,38.0,38.0,38.0,37.77,38.0,,,1.0,4,12,27,37.89,-0.10999999999999943,DOWN,0.0
PCAL,2024-12-30,37.89,38.0,38.0,38.0,38.0,38.0,-0.10999999999999943,-0.10999999999999943,-0.10999999999999943,-0.0028947368421052833,-0.0028947368421052833,-0.0028947368421052833,-0.002898934695876357,-0.002898934695876357,37.96333333333333,37.977999999999994,37.92,37.941865693232586,37.94961354783092,37.97768191599881,0.001671277095018151,0.0012945656711746347,0.0030051618439822006,-0.10999999999999943,-0.002894736842105248,-0.10999999999999943,-0.002894736842105248,-0.10999999999999943,-0.002894736842105248,37.89,38.0,37.89,38.0,37.77,38.0,0.0,0.0,0.5217391304347786,0,12,30,37.89,0.0,SAME,1.0
PCAL,2024-12-31,37.89,37.89,38.0,38.0,38.0,38.0,0.0,-0.10999999999999943,-0.10999999999999943,0.0,-0.0028947368421052833,-0.0028947368421052833,0.0,-0.002898934695876357,37.92666666666667,37.956,37.909000000000006,37.91593284661629,37.92974236522062,37.96173974945357,0.001671277095018151,0.0012945656711746347,0.0030051618439822006,-0.10999999999999943,-0.002894736842105248,-0.10999999999999943,-0.002894736842105248,-0.10999999999999943,-0.002894736842105248,37.89,38.0,37.89,38.0,37.77,38.0,0.0,0.0,0.5217391304347786,1,12,31,37.55,-0.3400000000000034,DOWN,0.0
PCAL,2025-01-01,37.55,37.89,37.89,38.0,38.0,37.77,-0.3400000000000034,-0.3400000000000034,-0.45000000000000284,-0.00897334389020854,-0.00897334389020854,-0.011842105263157987,-0.009013846820365724,-0.009013846820365724,37.776666666666664,37.866,37.887,37.73296642330814,37.80316157681375,37.886877976825645,0.004579844713563716,0.0038964770595739068,0.003691477665035914,-0.45000000000000284,-0.01184210526315797,-0.45000000000000284,-0.01184210526315797,-0.22000000000000597,-0.005824728620598516,37.55,37.89,37.55,38.0,37.55,38.0,0.0,0.0,0.0,2,1,1,38.0,0.45000000000000284,UP,2.0
PCAL,2025-01-03,38.0,37.55,37.89,37.89,38.0,37.77,0.45000000000000284,0.10999999999999943,0.10999999999999943,0.011984021304926928,0.0029031406703614593,0.0029031406703614593,0.01191278151624218,0.0028989346958762235,37.81333333333333,37.866,37.910000000000004,37.86648321165407,37.868774384542505,37.9074456174028,0.010514662961241886,0.007624212748713036,0.005433929511188212,0.10999999999999943,0.0029031406703615577,0.0,0.0,0.22999999999999687,0.0060894890124436555,37.55,38.0,37.55,38.0,37.55,38.0,1.0,1.0,1.0,4,1,3,38.0,0.0,SAME,1.0
PCAL,2025-01-06,38.0,38.0,37.55,37.89,38.0,37.77,0.0,0.45000000000000284,0.10999999999999943,0.0,0.011984021304926928,0.0029031406703614593,0.0,0.01191278151624218,37.85,37.866,37.93300000000001,37.933241605827035,37.91251625636167,37.924273686965925,0.010514662961241886,0.007624212748713036,0.005433929511188212,0.10999999999999943,0.0029031406703615577,0.0,0.0,0.22999999999999687,0.0060894890124436555,37.55,38.0,37.55,38.0,37.55,38.0,1.0,1.0,1.0,0,1,6,36.9,-1.1000000000000014,DOWN,0.0
PCAL,2025-01-07,36.9,38.0,38.0,37.55,37.89,38.0,-1.1000000000000014,-1.1000000000000014,-0.6499999999999986,-0.02894736842105272,-0.02894736842105272,-0.017310252996005304,-0.02937460867990436,-0.02937460867990436,37.63333333333333,37.668,37.823,37.41662080291351,37.575010837574446,37.73804210751757,0.021043389975797806,0.01522781515550848,0.010474000529990006,-0.6499999999999986,-0.01731025299600529,-0.990000000000002,-0.02612826603325421,-1.1000000000000014,-0.02894736842105267,36.9,38.0,36.9,38.0,36.9,38.0,0.0,0.0,0.0,1,1,7,36.9,0.0,SAME,1.0
PCAL,2025-01-08,36.9,36.9,38.0,38.0,37.89,38.0,0.0,-1.1000000000000014,-1.1000000000000014,0.0,-0.02894736842105272,-0.02894736842105272,0.0,-0.02937460867990436,37.266666666666666,37.47,37.713,37.15831040145676,37.35000722504963,37.58567081524165,0.01671277095022561,0.01522781515550848,0.010474000529990006,-1.1000000000000014,-0.02894736842105267,-0.990000000000002,-0.02612826603325421,-1.1000000000000014,-0.02894736842105267,36.9,38.0,36.9,38.0,36.9,38.0,0.0,0.0,0.0,2,1,8,36.9,0.0,SAME,1.0
PCAL,2025-01-09,36.9,36.9,36.9,38.0,37.55,38.0,0.0,0.0,-1.1000000000000014,0.0,0.0,-0.02894736842105272,0.0,0.0,36.9,37.34,37.603,37.02915520072838,37.20000481669975,37.46100339428862,0.01671277095022561,0.01519881472405472,0.010474000529990006,-1.1000000000000014,-0.02894736842105267,-0.6499999999999986,-0.01731025299600529,-1.1000000000000014,-0.02894736842105267,36.9,36.9,36.9,38.0,36.9,38.0,,0.0,0.0,3,1,9,36.9,0.0,SAME,1.0
PCAL,2025-01-10,36.9,36.9,36.9,36.9,38.0,38.0,0.0,0.0,0.0,0.0,0.0,0.0,0.0,0.0,36.9,37.11999999999999,37.492999999999995,36.964577600364194,37.10000321113317,37.35900277714523,0.0,0.012945656711839981,0.010474000529990006,0.0,0.0,-1.1000000000000014,-0.02894736842105267,-1.1000000000000014,-0.02894736842105267,36.9,36.9,36.9,38.0,36.9,38.0,,0.0,0.0,4,1,10,36.9,0.0,SAME,1.0
PCAL,2025-01-13,36.9,36.9,36.9,36.9,38.0,38.0,0.0,0.0,0.0,0.0,0.0,0.0,0.0,0.0,36.9,36.9,37.382999999999996,36.93228880018209,37.03333547408878,37.275547726755185,0.0,0.012945656711839981,0.010474000529990006,0.0,0.0,-1.1000000000000014,-0.02894736842105267,-1.1000000000000014,-0.02894736842105267,36.9,36.9,36.9,36.9,36.9,38.0,,,0.0,0,1,13,36.51,-0.39000000000000057,DOWN,0.0
PCAL,2025-01-14,36.51,36.9,36.9,36.9,36.9,37.89,-0.39000000000000057,-0.39000000000000057,-0.39000000000000057,-0.010569105691056957,-0.010569105691056957,-0.010569105691056957,-0.010625355378936054,-0.010625355378936054,36.769999999999996,36.822,37.245,36.72114440009105,36.85889031605919,37.13635723098152,0.006102076015824109,0.0047266477573140574,0.010752397570209477,-0.39000000000000057,-0.010569105691056926,-0.39000000000000057,-0.010569105691056926,-1.3800000000000026,-0.03642121931908162,36.51,36.9,36.51,36.9,36.51,38.0,0.0,0.0,0.0,1,1,14,36.51,0.0,SAME,1.0
PCAL,2025-01-15,36.51,36.51,36.9,36.9,36.9,37.89,0.0,-0.39000000000000057,-0.39000000000000057,0.0,-0.010569105691056957,-0.010569105691056957,0.0,-0.010625355378936054,36.63999999999999,36.744,37.107,36.61557220004552,36.74259354403946,37.02247409807578,0.006102076015824109,0.0047266477573140574,0.010752397570209477,-0.39000000000000057,-0.010569105691056926,-0.39000000000000057,-0.010569105691056926,-1.3800000000000026,-0.03642121931908162,36.51,36.9,36.51,36.9,36.51,38.0,0.0,0.0,0.0,2,1,15,36.51,0.0,SAME,1.0
PCAL,2025-01-16,36.51,36.51,36.51,36.9,36.9,37.55,0.0,0.0,-0.39000000000000057,0.0,0.0,-0.010569105691056957,0.0,0.0,36.51,36.666,37.003,36.56278610002276,36.66506236269297,36.92929698933473,0.006102076015824109,0.0047266477573140574,0.0106325982216736,-0.39000000000000057,-0.010569105691056926,-0.39000000000000057,-0.010569105691056926,-1.0399999999999991,-0.027696404793608503,36.51,36.51,36.51,36.9,36.51,38.0,,0.0,0.0,3,1,16,36.51,0.0,SAME,1.0
PCAL,2025-01-17,36.51,36.51,36.51,36.51,36.9,38.0,0.0,0.0,0.0,0.0,0.0,0.0,0.0,0.0,36.51,36.588,36.854,36.536393050011384,36.61337490846198,36.85306117309205,0.0,0.0047266477573140574,0.009389716366486368,0.0,0.0,-0.39000000000000057,-0.010569105691056926,-1.490000000000002,-0.03921052631578953,36.51,36.51,36.51,36.9,36.51,38.0,,0.0,0.0,4,1,17,36.43,-0.0799999999999983,DOWN,0.0
PCAL,2025-01-20,36.43,36.51,36.51,36.51,36.9,38.0,-0.0799999999999983,-0.0799999999999983,-0.0799999999999983,-0.002191180498493539,-0.002191180498493539,-0.002191180498493539,-0.0021935846470730433,-0.0021935846470730433,36.483333333333334,36.494,36.696999999999996,36.483196525005695,36.552249938974654,36.77614095980258,0.0012650786506423995,0.00458100115580007,0.009312503901732827,-0.0799999999999983,-0.002191180498493517,-0.46999999999999886,-0.012737127371273683,-1.5700000000000003,-0.041315789473684215,36.43,36.51,36.43,36.51,36.43,36.9,0.0,0.0,0.0,0,1,20,36.43,0.0,SAME,1.0
PCAL,2025-01-21,36.43,36.43,36.51,36.51,36.51,36.9,0.0,-0.0799999999999983,-0.0799999999999983,0.0,-0.002191180498493539,-0.002191180498493539,0.0,-0.0021935846470730433,36.45666666666667,36.477999999999994,36.65,36.45659826250285,36.51149995931644,36.71320623983847,0.0012650786506423995,0.0009799257091081819,0.003337077509201342,-0.0799999999999983,-0.002191180498493517,-0.0799999999999983,-0.002191180498493517,-0.46999999999999886,-0.012737127371273683,36.43,36.51,36.43,36.51,36.43,36.9,0.0,0.0,0.0,1,1,21,37.78,1.3500000000000014,UP,2.0
PCAL,2025-01-22,37.78,36.43,36.43,36.51,36.51,36.9,1.3500000000000014,1.3500000000000014,1.2700000000000031,0.037057370299204084,0.037057370299204084,0.034784990413585515,0.036387251052891194,0.036387251052891194,36.88,36.732,36.738,37.118299131251426,36.93433330621096,36.90716874168602,0.022054850959931222,0.016844284841047562,0.012608291500062156,1.2700000000000031,0.034784990413585404,1.2700000000000031,0.034784990413585404,0.8800000000000026,0.023848238482384893,36.43,37.78,36.43,37.78,36.43,37.78,1.0,1.0,1.0,2,1,22,37.78,0.0,SAME,1.0
PCAL,2025-01-23,37.78,37.78,36.43,36.43,36.51,36.9,0.0,1.3500000000000014,1.3500000000000014,0.0,0.037057370299204084,0.037057370299204084,0.0,0.036387251052891194,37.330000000000005,36.986000000000004,36.826,37.44914956562572,37.21622220414064,37.06586533410674,0.02139508271770478,0.016844284841047562,0.012608291500062156,1.3500000000000014,0.037057370299203994,1.2700000000000031,0.034784990413585404,0.8800000000000026,0.023848238482384893,36.43,37.78,36.43,37.78,36.43,37.78,1.0,1.0,1.0,3,1,23,37.06,-0.7199999999999989,DOWN,0.0
PCAL,2025-01-24,37.06,37.78,37.78,36.43,36.51,36.9,-0.7199999999999989,-0.7199999999999989,0.6300000000000026,-0.019057702488088912,-0.019057702488088912,0.017293439472962024,-0.019241641216149748,-0.019241641216149748,37.54,37.096000000000004,36.842,37.25457478281286,37.164148136093765,37.0647989097237,0.028534616729918142,0.0205624921603089,0.014338010371522129,0.6300000000000026,0.017293439472961913,0.5500000000000043,0.015064365927143365,0.1600000000000037,0.004336043360433705,37.06,37.78,36.43,37.78,36.43,37.78,0.0,0.46666666666666806,0.46666666666666806,4,1,24,37.06,0.0,SAME,1.0
PCAL,2025-01-27,37.06,37.06,37.78,37.78,36.43,36.9,0.0,-0.7199999999999989,-0.7199999999999989,0.0,-0.019057702488088912,-0.019057702488088912,0.0,-0.019241641216149748,37.300000000000004,37.222,36.858,37.15728739140643,37.12943209072918,37.06392638068303,0.011002969661633248,0.020442890630697545,0.014338010371522129,-0.7199999999999989,-0.019057702488088905,0.6300000000000026,0.017293439472961913,0.1600000000000037,0.004336043360433705,37.06,37.78,36.43,37.78,36.43,37.78,0.0,0.46666666666666806,0.46666666666666806,0,1,27,37.06,0.0,SAME,1.0
PCAL,2025-01-28,37.06,37.06,37.06,37.78,36.43,36.51,0.0,0.0,-0.7199999999999989,0.0,0.0,-0.019057702488088912,0.0,0.0,37.06,37.348,36.913,37.108643695703215,37.10628806048612,37.063212493286116,0.011002969661633248,0.020442890630697545,0.01380923669337327,-0.7199999999999989,-0.019057702488088905,0.6300000000000026,0.017293439472961913,0.5500000000000043,0.015064365927143365,37.06,37.06,37.06,37.78,36.43,37.78,,0.0,0.46666666666666806,1,1,28,37.06,0.0,SAME,1.0
PCAL,2025-01-29,37.06,37.06,37.06,37.06,37.78,36.51,0.0,0.0,0.0,0.0,0.0,0.0,0.0,0.0,37.06,37.204,36.968,37.08432184785161,37.09085870699075,37.06262840359773,0.0,0.008522863651665295,0.01380923669337327,0.0,0.0,-0.7199999999999989,-0.019057702488088905,0.5500000000000043,0.015064365927143365,37.06,37.06,37.06,37.78,36.43,37.78,,0.0,0.46666666666666806,2,1,29,37.19,0.12999999999999545,UP,2.0
PCAL,2025-01-31,37.19,37.06,37.06,37.06,37.78,36.51,0.12999999999999545,0.12999999999999545,0.12999999999999545,0.0035078251484079725,0.0035078251484079725,0.0035078251484079725,0.0035016870797649393,0.0035016870797649393,37.10333333333333,37.086,37.036,37.137160923925805,37.1239058046605,37.08578687567086,0.0020252437936998068,0.009043521498017114,0.013809171003183124,0.12999999999999545,0.003507825148407864,-0.5900000000000034,-0.015616728427739635,0.6799999999999997,0.018625034237195283,37.06,37.19,37.06,37.19,36.43,37.78,1.0,1.0,0.5629629629629609,4,1,31,37.19,0.0,SAME,1.0
PCAL,2025-02-03,37.19,37.19,37.06,37.06,37.06,36.51,0.0,0.12999999999999545,0.12999999999999545,0.0,0.0035078251484079725,0.0035078251484079725,0.0,0.0035016870797649393,37.14666666666667,37.112,37.104,37.1635804619629,37.145937203107,37.104734716457976,0.0020252437936998068,0.0015687470969968757,0.013809171003183124,0.12999999999999545,0.003507825148407864,0.12999999999999545,0.003507825148407864,0.6799999999999997,0.018625034237195283,37.06,37.19,37.06,37.19,36.43,37.78,1.0,1.0,0.5629629629629609,0,2,3,37.19,0.0,SAME,1.0
PCAL,2025-02-04,37.19,37.19,37.19,37.06,37.06,36.43,0.0,0.0,0.12999999999999545,0.0,0.0,0.0035078251484079725,0.0,0.0,37.19,37.138,37.18,37.17679023098145,37.16062480207134,37.120237495283796,0.0020252437936998068,0.0015687470969968757,0.013753756373960063,0.12999999999999545,0.003507825148407864,0.12999999999999545,0.003507825148407864,0.759999999999998,0.020861926983255504,37.19,37.19,37.06,37.19,36.43,37.78,,1.0,0.5629629629629609,1,2,4,37.19,0.0,SAME,1.0
PCAL,2025-02-05,37.19,37.19,37.19,37.19,37.06,36.43,0.0,0.0,0.0,0.0,0.0,0.0,0.0,0.0,37.19,37.164,37.256,37.183395115490725,37.17041653471423,37.132921587050376,0.0,0.0015687470969968757,0.013753756373960063,0.0,0.0,0.12999999999999545,0.003507825148407864,0.759999999999998,0.020861926983255504,37.19,37.19,37.06,37.19,37.06,37.78,,1.0,0.18055555555554953,2,2,5,37.19,0.0,SAME,1.0
PCAL,2025-02-06,37.19,37.19,37.19,37.19,37.06,37.78,0.0,0.0,0.0,0.0,0.0,0.0,0.0,0.0,37.19,37.19,37.197,37.18669755774536,37.176944356476156,37.14329948031394,0.0,0.0015687470969968757,0.006247852901138386,0.0,0.0,0.12999999999999545,0.003507825148407864,-0.5900000000000034,-0.015616728427739635,37.19,37.19,37.19,37.19,37.06,37.78,,,0.18055555555554953,3,2,6,37.19,0.0,SAME,1.0
PCAL,2025-02-07,37.19,37.19,37.19,37.19,37.19,37.78,0.0,0.0,0.0,0.0,0.0,0.0,0.0,0.0,37.19,37.19,37.138,37.18834877887268,37.18129623765077,37.15179048389322,0.0,0.0,0.006247852901138386,0.0,0.0,0.0,0.0,-0.5900000000000034,-0.015616728427739635,37.19,37.19,37.19,37.19,37.06,37.19,,,1.0,4,2,7,37.02,-0.1699999999999946,DOWN,0.0
PCAL,2025-02-10,37.02,37.19,37.19,37.19,37.19,37.06,-0.1699999999999946,-0.1699999999999946,-0.1699999999999946,-0.0045711212691582626,-0.0045711212691582626,-0.0045711212691582626,-0.004581600791627115,-0.004581600791627115,37.13333333333333,37.15599999999999,37.134,37.10417438943634,37.127530825100514,37.12782857773082,0.0026391380952441104,0.0020442675782405897,0.0019173745668110138,-0.1699999999999946,-0.004571121269158231,-0.1699999999999946,-0.004571121269158231,-0.03999999999999915,-0.0010793308148947423,37.02,37.19,37.02,37.19,37.02,37.19,0.0,0.0,0.0,0,2,10,37.02,0.0,SAME,1.0
PCAL,2025-02-11,37.02,37.02,37.19,37.19,37.19,37.06,0.0,-0.1699999999999946,-0.1699999999999946,0.0,-0.0045711212691582626,-0.0045711212691582626,0.0,-0.004581600791627115,37.076666666666675,37.122,37.13,37.062087194718174,37.091687216733675,37.10822338177976,0.0026391380952441104,0.0020442675782405897,0.0019173745668110138,-0.1699999999999946,-0.004571121269158231,-0.1699999999999946,-0.004571121269158231,-0.03999999999999915,-0.0010793308148947423,37.02,37.19,37.02,37.19,37.02,37.19,0.0,0.0,0.0,1,2,11,35.36,-1.6600000000000037,DOWN,0.0
PCAL,2025-02-12,35.36,37.02,37.02,37.19,37.19,37.06,-1.6600000000000037,-1.6600000000000037,-1.8299999999999983,-0.04484062668827671,-0.04484062668827671,-0.04920677601505774,-0.045877069375908866,-0.045877069375908866,36.46666666666667,36.756,36.959999999999994,36.21104359735909,36.51445814448912,36.790364585092526,0.024675257574322845,0.01964225537083783,0.01427182451857429,-1.8299999999999983,-0.04920677601505777,-1.8299999999999983,-0.04920677601505777,-1.7000000000000028,-0.045871559633027595,35.36,37.02,35.36,37.19,35.36,37.19,0.0,0.0,0.0,2,2,12,33.69,-1.6700000000000017,DOWN,0.0
PCAL,2025-02-13,33.69,35.36,37.02,37.02,37.19,37.06,-1.6700000000000017,-3.3300000000000054,-3.3300000000000054,-0.04722850678733037,-0.08995137763371164,-0.08995137763371164,-0.04838018035098124,-0.09425724972689009,35.35666666666666,36.056,36.623,34.950521798679546,35.57297209632608,36.22666193325752,0.026604873070315723,0.024465491193663622,0.019456643246617673,-3.3300000000000054,-0.08995137763371165,-3.5,-0.09411132024737834,-3.3700000000000045,-0.09093362115488408,33.69,37.02,33.69,37.19,33.69,37.19,0.0,0.0,0.0,3,2,13,33.69,0.0,SAME,1.0
PCAL,2025-02-14,33.69,33.69,35.36,37.02,37.19,37.19,0.0,-1.6700000000000017,-3.3300000000000054,0.0,-0.04722850678733037,-0.08995137763371164,0.0,-0.04838018035098124,34.24666666666666,35.356,36.272999999999996,34.32026089933977,34.94531473088406,35.76545067266524,0.026604873070315723,0.024465491193663622,0.01923011215401023,-3.3300000000000054,-0.08995137763371165,-3.5,-0.09411132024737834,-3.5,-0.09411132024737834,33.69,35.36,33.69,37.02,33.69,37.19,0.0,0.0,0.0,4,2,14,32.51,-1.1799999999999997,DOWN,0.0
PCAL,2025-02-17,32.51,33.69,33.69,35.36,37.02,37.19,-1.1799999999999997,-1.1799999999999997,-2.8500000000000014,-0.03502523003858715,-0.03502523003858715,-0.08059954751131226,-0.035653323102647565,-0.035653323102647565,33.29666666666667,34.45399999999999,35.80499999999999,33.41513044966989,34.1335431539227,35.173550550362464,0.024516044256850725,0.02365050182870611,0.020426822115781562,-2.8500000000000014,-0.08059954751131226,-4.510000000000005,-0.12182603997839019,-4.68,-0.1258402796450659,32.51,33.69,32.51,37.02,32.51,37.19,0.0,0.0,0.0,0,2,17,30.94,-1.5699999999999967,DOWN,0.0
PCAL,2025-02-18,30.94,32.51,33.69,33.69,37.02,37.19,-1.5699999999999967,-2.7499999999999964,-2.7499999999999964,-0.04829283297446929,-0.0816265954289106,-0.0816265954289106,-0.0494978891708938,-0.08515121227354137,32.379999999999995,33.238,35.18,32.17756522483494,33.0690287692818,34.4038140866602,0.02494992900330603,0.020298056388996514,0.02256490305208274,-2.7499999999999964,-0.08162659542891056,-6.080000000000002,-0.16423554835224208,-6.2499999999999964,-0.1680559290131755,30.94,33.69,30.94,35.36,30.94,37.19,0.0,0.0,0.0,1,2,18,30.94,0.0,SAME,1.0
PCAL,2025-02-19,30.94,30.94,32.51,33.69,35.36,37.19,0.0,-1.5699999999999967,-2.7499999999999964,0.0,-0.04829283297446929,-0.0816265954289106,0.0,-0.0494978891708938,31.463333333333335,32.354,34.555,31.558782612417474,32.359352512854535,33.77402970726743,0.02494992900330603,0.024397822300296062,0.02256490305208274,-2.7499999999999964,-0.08162659542891056,-4.419999999999998,-0.12499999999999994,-6.2499999999999964,-0.1680559290131755,30.94,32.51,30.94,33.69,30.94,37.19,0.0,0.0,0.0,2,2,19,29.61,-1.3300000000000018,DOWN,0.0
PCAL,2025-02-20,29.61,30.94,30.94,32.51,33.69,37.19,-1.3300000000000018,-1.3300000000000018,-2.8999999999999986,-0.042986425339366585,-0.042986425339366585,-0.08920332205475234,-0.04393770303142023,-0.04393770303142023,30.49666666666667,31.538,33.797,30.584391306208737,31.442901675236357,33.01693339685517,0.02648329172058837,0.02353843911466573,0.02284846257108721,-2.8999999999999986,-0.08920332205475234,-4.079999999999998,-0.12110418521816559,-7.579999999999998,-0.2038182307071793,29.61,30.94,29.61,33.69,29.61,37.19,0.0,0.0,0.0,3,2,20,29.61,0.0,SAME,1.0
PCAL,2025-02-24,29.61,29.61,30.94,30.94,33.69,37.19,0.0,-1.3300000000000018,-1.3300000000000018,0.0,-0.042986425339366585,-0.042986425339366585,0.0,-0.04393770303142023,30.05333333333333,30.721999999999998,33.039,30.097195653104368,30.831934450157576,32.39749096106332,0.02481822424118274,0.02353843911466573,0.02284846257108721,-1.3300000000000018,-0.04298642533936657,-4.079999999999998,-0.12110418521816559,-7.579999999999998,-0.2038182307071793,29.61,30.94,29.61,32.51,29.61,37.02,0.0,0.0,0.0,0,2,24,29.23,-0.379999999999999,DOWN,0.0
PCAL,2025-02-25,29.23,29.61,29.61,30.94,32.51,37.02,-0.379999999999999,-0.379999999999999,-1.7100000000000009,-0.012833502195204294,-0.012833502195204294,-0.05526826115061412,-0.012916562990345307,-0.012916562990345307,29.483333333333334,30.066000000000003,32.260000000000005,29.663597826552184,30.297956300105053,31.82158351359726,0.022067058088883363,0.02332828689910915,0.022278630102648998,-1.7100000000000009,-0.05526826115061412,-3.2799999999999976,-0.10089203322054746,-7.790000000000003,-0.21042679632631014,29.23,29.61,29.23,30.94,29.23,37.02,0.0,0.0,0.0,1,2,25,30.02,0.7899999999999991,UP,2.0
PCAL,2025-02-26,30.02,29.23,29.61,29.61,30.94,37.02,0.7899999999999991,0.41000000000000014,0.41000000000000014,0.027027027027026973,0.013846673421141542,0.013846673421141542,0.026668247082161273,0.013751684091816024,29.62,29.881999999999998,31.559999999999995,29.841798913276094,30.20530420007004,31.49402287476139,0.020347074967466558,0.025382993854367018,0.026612901303580464,0.41000000000000014,0.013846673421141511,-0.9200000000000017,-0.029734970911441554,-7.0000000000000036,-0.18908698001080504,29.23,30.02,29.23,30.94,29.23,35.36,1.0,0.4619883040935665,0.12887438825448602,2,2,26,30.02,0.0,SAME,1.0
PCAL,2025-02-27,30.02,30.02,29.23,29.61,30.94,35.36,0.0,0.7899999999999991,0.41000000000000014,0.0,0.027027027027026973,0.013846673421141542,0.0,0.026668247082161273,29.756666666666664,29.698,31.026,29.930899456638045,30.143536133380024,31.226018715713863,0.020347074967466555,0.025382993854367018,0.025806074568008455,0.41000000000000014,0.013846673421141511,-0.9200000000000017,-0.029734970911441554,-5.34,-0.1510180995475113,29.23,30.02,29.23,30.02,29.23,33.69,1.0,1.0,0.17713004484304926,3,2,27,30.89,0.870000000000001,UP,2.0
PCAL,2025-03-03,30.89,30.02,30.02,29.23,29.61,33.69,0.870000000000001,0.870000000000001,1.6600000000000001,0.028980679546968702,0.028980679546968702,0.05679096818337315,0.028568680725174458,0.028568680725174458,30.31,29.953999999999997,30.746000000000002,30.410449728319023,30.39235742225335,31.164924403765887,0.016197513878639557,0.018454243216463946,0.026772231807472183,1.6600000000000001,0.05679096818337325,1.2800000000000011,0.04322863897331986,-2.799999999999997,-0.08311071534579986,30.02,30.89,29.23,30.89,29.23,33.69,1.0,1.0,0.3721973094170406,0,3,3,30.89,0.0,SAME,1.0
PCAL,2025-03-04,30.89,30.89,30.02,30.02,29.61,33.69,0.0,0.870000000000001,0.870000000000001,0.0,0.028980679546968702,0.028980679546968702,0.0,0.028568680725174458,30.599999999999998,30.21,30.466,30.65022486415951,30.558238281502238,31.114938148535725,0.01673200313774023,0.018454243216463946,0.026772231807472183,0.870000000000001,0.028980679546968723,1.2800000000000011,0.04322863897331986,-2.799999999999997,-0.08311071534579986,30.02,30.89,29.23,30.89,29.23,32.51,1.0,1.0,0.5060975609756102,1,3,4,29.66,-1.2300000000000004,DOWN,0.0
PCAL,2025-03-05,29.66,30.89,30.89,30.02,29.23,32.51,-1.2300000000000004,-1.2300000000000004,-0.35999999999999943,-0.03981871155713823,-0.03981871155713823,-0.011992005329780175,-0.0406331702207043,-0.0406331702207043,30.48,30.296000000000003,30.180999999999994,30.155112432079754,30.258825521001494,30.850403939711043,0.03454167963820531,0.027854322173870277,0.027340527857850478,-0.35999999999999943,-0.011992005329780129,0.4299999999999997,0.014710913445090651,-2.849999999999998,-0.08766533374346348,29.66,30.89,29.66,30.89,29.23,30.94,0.0,0.0,0.2514619883040933,2,3,5,30.0,0.33999999999999986,UP,2.0
PCAL,2025-03-06,30.0,29.66,30.89,30.89,30.02,30.94,0.33999999999999986,-0.8900000000000006,-0.8900000000000006,0.011463250168577188,-0.028811913240530895,-0.028811913240530895,0.011398044952369318,-0.029235125268334942,30.183333333333337,30.291999999999994,30.087,30.077556216039877,30.172550347334333,30.695785041581765,0.026915842586772855,0.02528209594729455,0.024084263143713508,-0.8900000000000006,-0.028811913240530933,-0.019999999999999574,-0.0006662225183211051,-0.9400000000000013,-0.030381383322559834,29.66,30.89,29.66,30.89,29.23,30.94,0.27642276422764206,0.27642276422764206,0.45029239766081824,3,3,6,30.0,0.0,SAME,1.0
PCAL,2025-03-07,30.0,30.0,29.66,30.89,30.02,30.94,0.0,0.33999999999999986,-0.8900000000000006,0.0,0.011463250168577188,-0.028811913240530895,0.0,0.011398044952369318,29.886666666666667,30.288,29.992999999999995,30.03877810801994,30.115033564889558,30.56927867038508,0.026915842586772855,0.02528209594729455,0.024084263143713508,-0.8900000000000006,-0.028811913240530933,-0.019999999999999574,-0.0006662225183211051,-0.9400000000000013,-0.030381383322559834,29.66,30.0,29.66,30.89,29.23,30.89,1.0,0.27642276422764206,0.4638554216867467,4,3,7,30.0,0.0,SAME,1.0
PCAL,2025-03-10,30.0,30.0,30.0,29.66,30.89,29.61,0.0,0.0,0.33999999999999986,0.0,0.0,0.011463250168577188,0.0,0.0,30.0,30.110000000000003,30.032000000000004,30.01938905400997,30.07668904325971,30.465773457587794,0.006618310570614968,0.019723903368668083,0.019522110358471127,0.33999999999999986,0.011463250168577204,-0.8900000000000006,-0.028811913240530933,0.39000000000000057,0.013171225937183404,30.0,30.0,29.66,30.89,29.23,30.89,,0.27642276422764206,0.4638554216867467,0,3,10,30.0,0.0,SAME,1.0
PCAL,2025-03-11,30.0,30.0,30.0,30.0,30.89,29.61,0.0,0.0,0.0,0.0,0.0,0.0,0.0,0.0,30.0,29.932,30.071000000000005,30.009694527004985,30.051126028839807,30.381087374390013,0.0,0.019723903368668083,0.019522110358471127,0.0,0.0,-0.8900000000000006,-0.028811913240530933,0.39000000000000057,0.013171225937183404,30.0,30.0,29.66,30.0,29.23,30.89,,1.0,0.4638554216867467,1,3,11,30.08,0.0799999999999983,UP,2.0
PCAL,2025-03-12,30.08,30.0,30.0,30.0,29.66,29.23,0.0799999999999983,0.0799999999999983,0.0799999999999983,0.002666666666666595,0.002666666666666595,0.002666666666666595,0.0026631174194836284,0.0026631174194836284,30.026666666666667,30.016,30.156,30.04484726350249,30.060750685893204,30.326344215410007,0.001539600717834232,0.004964531840572085,0.018863437123302938,0.0799999999999983,0.0026666666666666098,0.41999999999999815,0.014160485502360019,0.8499999999999979,0.02907971262401635,30.0,30.08,30.0,30.08,29.66,30.89,1.0,1.0,0.3414634146341447,2,3,12,30.08,0.0,SAME,1.0
PCAL,2025-03-13,30.08,30.08,30.0,30.0,30.0,30.02,0.0,0.0799999999999983,0.0799999999999983,0.0,0.002666666666666595,0.002666666666666595,0.0,0.0026631174194836284,30.05333333333333,30.032,30.162,30.062423631751244,30.067167123928805,30.28155435806273,0.001539600717834232,0.0011925695879895467,0.016874843676783685,0.0799999999999983,0.0026666666666666098,0.0799999999999983,0.0026666666666666098,0.05999999999999872,0.0019986675549633153,30.0,30.08,30.0,30.08,29.66,30.89,1.0,1.0,0.3414634146341447,3,3,13,29.96,-0.11999999999999744,DOWN,0.0
PCAL,2025-03-14,29.96,30.08,30.08,30.0,30.0,30.02,-0.11999999999999744,-0.11999999999999744,-0.03999999999999915,-0.003989361702127603,-0.003989361702127603,-0.0013333333333332975,-0.003997340432620289,-0.003997340432620289,30.040000000000003,30.024,30.156,30.011211815875622,30.031444749285875,30.223089929324054,0.0033498465523965613,0.0023809773975222944,0.016930554732672364,-0.03999999999999915,-0.0013333333333333049,-0.03999999999999915,-0.0013333333333333049,-0.05999999999999872,-0.0019986675549633153,29.96,30.08,29.96,30.08,29.66,30.89,0.0,0.0,0.24390243902439074,4,3,14,29.96,0.0,SAME,1.0
PCAL,2025-03-17,29.96,29.96,30.08,30.08,30.0,30.89,0.0,-0.11999999999999744,-0.11999999999999744,0.0,-0.003989361702127603,-0.003989361702127603,0.0,-0.003997340432620289,30.0,30.016,30.063,29.98560590793781,30.007629832857255,30.175255396719677,0.0023032590526149825,0.0023809773975222944,0.013547786680760688,-0.11999999999999744,-0.003989361702127575,-0.03999999999999915,-0.0013333333333333049,-0.9299999999999997,-0.03010683068954353,29.96,30.08,29.96,30.08,29.66,30.89,0.0,0.0,0.24390243902439074,0,3,17,30.0,0.03999999999999915,UP,2.0
PCAL,2025-03-18,30.0,29.96,29.96,30.08,30.0,30.89,0.03999999999999915,0.03999999999999915,-0.0799999999999983,0.001335113484646211,0.001335113484646211,-0.0026595744680850686,0.0013342230131366622,0.0013342230131366622,29.973333333333333,30.016,29.974,29.992802953968905,30.005086555238172,30.14339077913428,0.002770305964503109,0.002490412369203287,0.013586806231332562,-0.0799999999999983,-0.00265957446808505,0.0,0.0,-0.8900000000000006,-0.028811913240530933,29.96,30.0,29.96,30.08,29.66,30.08,1.0,0.3333333333333333,0.8095238095238128,1,3,18,30.0,0.0,SAME,1.0
PCAL,2025-03-19,30.0,30.0,29.96,29.96,30.08,29.66,0.0,0.03999999999999915,0.03999999999999915,0.0,0.001335113484646211,0.001335113484646211,0.0,0.0013342230131366622,29.986666666666668,30.0,30.008000000000003,29.996401476984452,30.00339103682545,30.11731972838259,0.0007708281297497395,0.002017952432986688,0.003986723150704725,0.03999999999999915,0.0013351134846461665,-0.0799999999999983,-0.00265957446808505,0.33999999999999986,0.011463250168577204,29.96,30.0,29.96,30.08,29.96,30.08,1.0,0.3333333333333333,0.3333333333333333,2,3,19,30.0,0.0,SAME,1.0
PCAL,2025-03-20,30.0,30.0,30.0,29.96,30.08,30.0,0.0,0.0,0.03999999999999915,0.0,0.0,0.001335113484646211,0.0,0.0,30.0,29.984,30.008000000000003,29.998200738492226,30.00226069121697,30.095988868676663,0.0007708281297497395,0.002017952432986688,0.001660275428843101,0.03999999999999915,0.0013351134846461665,-0.0799999999999983,-0.00265957446808505,0.0,0.0,30.0,30.0,29.96,30.0,29.96,30.08,,1.0,0.3333333333333333,3,3,20,30.0,0.0,SAME,1.0
PCAL,2025-03-21,30.0,30.0,30.0,30.0,29.96,30.0,0.0,0.0,0.0,0.0,0.0,0.0,0.0,0.0,30.0,29.991999999999997,30.008000000000003,29.999100369246115,30.001507127477982,30.07853634709909,0.0,0.0005970809018485171,0.001660275428843101,0.0,0.0,0.03999999999999915,0.0013351134846461665,0.0,0.0,30.0,30.0,29.96,30.0,29.96,30.08,,1.0,0.3333333333333333,4,3,21,29.93,-0.07000000000000028,DOWN,0.0
PCAL,2025-03-24,29.93,30.0,30.0,30.0,29.96,30.0,-0.07000000000000028,-0.07000000000000028,-0.07000000000000028,-0.0023333333333332984,-0.0023333333333332984,-0.0023333333333332984,-0.0023360597975477754,-0.0023360597975477754,29.97666666666667,29.986,30.001000000000005,29.964550184623057,29.977671418318657,30.051529738535617,0.001347150628103688,0.0013254889558166332,0.0018170313326004975,-0.07000000000000028,-0.0023333333333333426,-0.030000000000001137,-0.001001335113484684,-0.07000000000000028,-0.0023333333333333426,29.93,30.0,29.93,30.0,29.93,30.08,0.0,0.0,0.0,0,3,24,29.93,0.0,SAME,1.0
PCAL,2025-03-25,29.93,29.93,30.0,30.0,30.0,30.0,0.0,-0.07000000000000028,-0.07000000000000028,0.0,-0.0023333333333332984,-0.0023333333333332984,0.0,-0.0023360597975477754,29.953333333333333,29.972,29.993999999999993,29.94727509231153,29.961780945545772,30.02943342243823,0.0013471506281036879,0.0010434983894881003,0.0018170313326004975,-0.07000000000000028,-0.0023333333333333426,-0.07000000000000028,-0.0023333333333333426,-0.07000000000000028,-0.0023333333333333426,29.93,30.0,29.93,30.0,29.93,30.08,0.0,0.0,0.0,1,3,25,29.0,-0.9299999999999997,DOWN,0.0
PCAL,2025-03-26,29.0,29.93,29.93,30.0,30.0,30.08,-0.9299999999999997,-0.9299999999999997,-1.0,-0.031072502505846922,-0.031072502505846922,-0.033333333333333326,-0.031565491878133484,-0.031565491878133484,29.62,29.772000000000002,29.886000000000003,29.473637546155764,29.64118729703052,29.84226370926764,0.017305513096248528,0.013672553554451317,0.009767345966195584,-1.0,-0.03333333333333333,-1.0,-0.03333333333333333,-1.0799999999999983,-0.035904255319148884,29.0,29.93,29.0,30.0,29.0,30.08,0.0,0.0,0.0,2,3,26,28.9,-0.10000000000000142,DOWN,0.0
PCAL,2025-03-27,28.9,29.0,29.93,29.93,30.0,30.08,-0.10000000000000142,-1.0300000000000011,-1.0300000000000011,-0.0034482758620689724,-0.03441363180755097,-0.03441363180755097,-0.0034542348680875576,-0.03501972674622111,29.276666666666667,29.552,29.768,29.18681877307788,29.394124864687015,29.67094303485534,0.017031778709535466,0.013334076205192336,0.00968642777465056,-1.0300000000000011,-0.03441363180755099,-1.1000000000000014,-0.036666666666666715,-1.1799999999999997,-0.03922872340425531,28.9,29.93,28.9,30.0,28.9,30.0,0.0,0.0,0.0,3,3,27,28.9,0.0,SAME,1.0
PCAL,2025-03-28,28.9,28.9,29.0,29.93,30.0,29.96,0.0,-0.10000000000000142,-1.0300000000000011,0.0,-0.0034482758620689724,-0.03441363180755097,0.0,-0.0034542348680875576,28.933333333333334,29.332,29.662,29.04340938653894,29.22941657645801,29.53077157397255,0.017031778709535466,0.013334076205192336,0.009766485023492815,-1.0300000000000011,-0.03441363180755099,-1.1000000000000014,-0.036666666666666715,-1.0600000000000023,-0.03538050734312424,28.9,29.0,28.9,29.93,28.9,30.0,0.0,0.0,0.0,4,3,28,29.91,1.0100000000000016,UP,2.0
PCAL,2025-03-31,29.91,28.9,28.9,29.0,29.93,29.96,1.0100000000000016,1.0100000000000016,0.9100000000000001,0.03494809688581313,0.03494809688581313,0.03137931034482766,0.034351277523470156,0.034351277523470156,29.236666666666665,29.327999999999996,29.657,29.47670469326947,29.456277717638674,29.59972219688663,0.021242808675546832,0.023445276571805066,0.01565586462343291,0.9100000000000001,0.03137931034482759,-0.019999999999999574,-0.000668225860340781,-0.05000000000000071,-0.0016688918558077674,28.9,29.91,28.9,29.93,28.9,30.0,1.0,0.9805825242718451,0.9181818181818184,0,3,31,29.91,0.0,SAME,1.0
PCAL,2025-04-01,29.91,29.91,28.9,28.9,29.93,30.0,0.0,1.0100000000000016,1.0100000000000016,0.0,0.03494809688581313,0.03494809688581313,0.0,0.034351277523470156,29.573333333333334,29.324,29.647999999999996,29.693352346634732,29.607518478425785,29.656136342907242,0.02017729314468898,0.023445276571805066,0.01564836395258737,1.0100000000000016,0.034948096885813205,-0.019999999999999574,-0.000668225860340781,-0.08999999999999986,-0.0029999999999999953,28.9,29.91,28.9,29.91,28.9,30.0,1.0,1.0,0.9181818181818184,1,4,1,29.91,0.0,SAME,1.0
PCAL,2025-04-02,29.91,29.91,29.91,28.9,29.0,30.0,0.0,0.0,1.0100000000000016,0.0,0.0,0.03494809688581313,0.0,0.0,29.91,29.506,29.639,29.801676173317368,29.708345652283857,29.70229337146956,0.02017729314468898,0.01608424957415971,0.01564836395258737,1.0100000000000016,0.034948096885813205,0.9100000000000001,0.03137931034482759,-0.08999999999999986,-0.0029999999999999953,29.91,29.91,28.9,29.91,28.9,30.0,,1.0,0.9181818181818184,2,4,2,30.0,0.08999999999999986,UP,2.0
PCAL,2025-04-03,30.0,29.91,29.91,29.91,28.9,30.0,0.08999999999999986,0.08999999999999986,0.08999999999999986,0.0030090270812437314,0.0030090270812437314,0.0030090270812437314,0.003004509020298722,0.003004509020298722,29.94,29.726,29.639,29.900838086658684,29.80556376818924,29.756421849384182,0.0017372625953507523,0.015348249639174142,0.015681331856528553,0.08999999999999986,0.003009027081243726,1.1000000000000014,0.03806228373702427,0.0,0.0,29.91,30.0,28.9,30.0,28.9,30.0,1.0,1.0,1.0,3,4,3,30.0,0.0,SAME,1.0
PCAL,2025-04-04,30.0,30.0,29.91,29.91,28.9,30.0,0.0,0.08999999999999986,0.08999999999999986,0.0,0.0030090270812437314,0.0030090270812437314,0.0,0.003004509020298722,29.97,29.945999999999998,29.639,29.95041904332934,29.870375845459495,29.800708785859783,0.0017372625953507523,0.015348249639174142,0.015681331856528553,0.08999999999999986,0.003009027081243726,1.1000000000000014,0.03806228373702427,0.0,0.0,29.91,30.0,29.91,30.0,28.9,30.0,1.0,1.0,1.0,4,4,4,30.0,0.0,SAME,1.0
PCAL,2025-04-07,30.0,30.0,30.0,29.91,29.91,29.93,0.0,0.0,0.08999999999999986,0.0,0.0,0.0030090270812437314,0.0,0.0,30.0,29.964,29.645999999999997,29.97520952166467,29.913583896972998,29.83694355206709,0.0017372625953507523,0.0013456778199506104,0.015658273961941475,0.08999999999999986,0.003009027081243726,0.08999999999999986,0.003009027081243726,0.07000000000000028,0.002338790511192793,30.0,30.0,29.91,30.0,28.9,30.0,,1.0,1.0,0,4,7,30.0,0.0,SAME,1.0
PCAL,2025-04-08,30.0,30.0,30.0,30.0,29.91,29.93,0.0,0.0,0.0,0.0,0.0,0.0,0.0,0.0,30.0,29.982,29.653,29.987604760832333,29.942389264648668,29.866590178963982,0.0,0.0013456778199506104,0.015658273961941475,0.0,0.0,0.08999999999999986,0.003009027081243726,0.07000000000000028,0.002338790511192793,30.0,30.0,29.91,30.0,28.9,30.0,,1.0,1.0,1,4,8,30.0,0.0,SAME,1.0
PCAL,2025-04-09,30.0,30.0,30.0,30.0,29.91,29.0,0.0,0.0,0.0,0.0,0.0,0.0,0.0,0.0,30.0,30.0,29.752999999999997,29.993802380416167,29.961592843099115,29.890846510061436,0.0,0.0013456778199506104,0.011171532604414313,0.0,0.0,0.08999999999999986,0.003009027081243726,1.0,0.034482758620689655,30.0,30.0,30.0,30.0,28.9,30.0,,,1.0,2,4,9,29.0,-1.0,DOWN,0.0
PCAL,2025-04-10,29.0,30.0,30.0,30.0,30.0,28.9,-1.0,-1.0,-1.0,-0.033333333333333326,-0.033333333333333326,-0.033333333333333326,-0.03390155167568134,-0.03390155167568134,29.666666666666668,29.8,29.762999999999998,29.496901190208085,29.64106189539941,29.72887441732299,0.019245008972987136,0.014907119849997768,0.016122437391703083,-1.0,-0.03333333333333333,-1.0,-0.03333333333333333,0.10000000000000142,0.003460207612456797,29.0,30.0,29.0,30.0,28.9,30.0,0.0,0.0,0.09090909090909208,3,4,10,29.0,0.0,SAME,1.0
PCAL,2025-04-11,29.0,29.0,30.0,30.0,30.0,28.9,0.0,-1.0,-1.0,0.0,-0.033333333333333326,-0.033333333333333326,0.0,-0.03390155167568134,29.333333333333332,29.6,29.773000000000003,29.248450595104043,29.427374596932943,29.596351795991538,0.019245008972987136,0.01490711984999777,0.016122437391703083,-1.0,-0.03333333333333333,-1.0,-0.03333333333333333,0.10000000000000142,0.003460207612456797,29.0,30.0,29.0,30.0,29.0,30.0,0.0,0.0,0.0,4,4,11,29.0,0.0,SAME,1.0
PCAL,2025-04-14,29.0,29.0,29.0,30.0,30.0,29.91,0.0,0.0,-1.0,0.0,0.0,-0.033333333333333326,0.0,0.0,29.0,29.4,29.682,29.124225297552023,29.2849163979553,29.487924196720346,0.019245008972987136,0.01490711984999777,0.010688566061813114,-1.0,-0.03333333333333333,-1.0,-0.03333333333333333,-0.9100000000000001,-0.03042460715479773,29.0,29.0,29.0,30.0,29.0,30.0,,0.0,0.0,0,4,14,29.0,0.0,SAME,1.0
PCAL,2025-04-15,29.0,29.0,29.0,29.0,30.0,29.91,0.0,0.0,0.0,0.0,0.0,0.0,0.0,0.0,29.0,29.2,29.591,29.06211264877601,29.189944265303538,29.399210706407555,0.0,0.01490711984999777,0.010688566061813114,0.0,0.0,-1.0,-0.03333333333333333,-0.9100000000000001,-0.03042460715479773,29.0,29.0,29.0,30.0,29.0,30.0,,0.0,0.0,1,4,15,29.0,0.0,SAME,1.0
PCAL,2025-04-16,29.0,29.0,29.0,29.0,30.0,29.91,0.0,0.0,0.0,0.0,0.0,0.0,0.0,0.0,29.0,29.0,29.5,29.031056324388004,29.126629510202363,29.32662694160618,0.0,0.01490711984999777,0.010688566061813114,0.0,0.0,-1.0,-0.03333333333333333,-0.9100000000000001,-0.03042460715479773,29.0,29.0,29.0,29.0,29.0,30.0,,,0.0,2,4,16,29.0,0.0,SAME,1.0
PCAL,2025-04-17,29.0,29.0,29.0,29.0,29.0,30.0,0.0,0.0,0.0,0.0,0.0,0.0,0.0,0.0,29.0,29.0,29.4,29.015528162194002,29.084419673468247,29.26724022495051,0.0,0.0,0.010540925533894442,0.0,0.0,0.0,0.0,-1.0,-0.03333333333333333,29.0,29.0,29.0,29.0,29.0,30.0,,,0.0,3,4,17,29.0,0.0,SAME,1.0
PCAL,2025-04-18,29.0,29.0,29.0,29.0,29.0,30.0,0.0,0.0,0.0,0.0,0.0,0.0,0.0,0.0,29.0,29.0,29.3,29.007764081097,29.056279782312167,29.218651093141325,0.0,0.0,0.010540925533894442,0.0,0.0,0.0,0.0,-1.0,-0.03333333333333333,29.0,29.0,29.0,29.0,29.0,30.0,,,0.0,4,4,18,29.0,0.0,SAME,1.0
PCAL,2025-04-21,29.0,29.0,29.0,29.0,29.0,30.0,0.0,0.0,0.0,0.0,0.0,0.0,0.0,0.0,29.0,29.0,29.2,29.0038820405485,29.03751985487478,29.17889634893381,0.0,0.0,0.010540925533894442,0.0,0.0,0.0,0.0,-1.0,-0.03333333333333333,29.0,29.0,29.0,29.0,29.0,30.0,,,0.0,0,4,21,28.05,-0.9499999999999993,DOWN,0.0
PCAL,2025-04-22,28.05,29.0,29.0,29.0,29.0,30.0,-0.9499999999999993,-0.9499999999999993,-0.9499999999999993,-0.03275862068965518,-0.03275862068965518,-0.03275862068965518,-0.03330719801776871,-0.03330719801776871,28.683333333333337,28.810000000000002,29.005000000000003,28.52694102027425,28.70834656991652,28.97364246730948,0.01891319847345287,0.014650100542239166,0.013934065777965812,-0.9499999999999993,-0.03275862068965515,-0.9499999999999993,-0.03275862068965515,-1.9499999999999993,-0.06499999999999997,28.05,29.0,28.05,29.0,28.05,30.0,0.0,0.0,0.0,1,4,22,28.0,-0.05000000000000071,DOWN,0.0
PCAL,2025-04-23,28.0,28.05,29.0,29.0,29.0,30.0,-0.05000000000000071,-1.0,-1.0,-0.0017825311942959443,-0.03448275862068961,-0.03448275862068961,-0.0017841217935014426,-0.03509131981127006,28.350000000000005,28.610000000000003,28.805,28.263470510137125,28.472231046611014,28.7966165641623,0.018420200719915073,0.014471406395485619,0.013851278255121783,-1.0,-0.034482758620689655,-1.0,-0.034482758620689655,-2.0,-0.06666666666666667,28.0,29.0,28.0,29.0,28.0,29.0,0.0,0.0,0.0,2,4,23,28.0,0.0,SAME,1.0
PCAL,2025-04-24,28.0,28.0,28.05,29.0,29.0,29.0,0.0,-0.05000000000000071,-1.0,0.0,-0.0017825311942959443,-0.03448275862068961,0.0,-0.0017841217935014426,28.01666666666667,28.410000000000004,28.705000000000002,28.131735255068563,28.31482069774068,28.65177718886006,0.018420200719915073,0.014471406395485619,0.010311781447560602,-1.0,-0.034482758620689655,-1.0,-0.034482758620689655,-1.0,-0.034482758620689655,28.0,28.05,28.0,29.0,28.0,29.0,0.0,0.0,0.0,3,4,24,28.0,0.0,SAME,1.0
PCAL,2025-04-25,28.0,28.0,28.0,28.05,29.0,29.0,0.0,0.0,-0.05000000000000071,0.0,0.0,-0.0017825311942959443,0.0,0.0,28.0,28.21,28.605,28.06586762753428,28.209880465160452,28.533272245430954,0.0010291448648585735,0.014471406395485619,0.010311781447560602,-0.05000000000000071,-0.0017825311942959254,-1.0,-0.034482758620689655,-1.0,-0.034482758620689655,28.0,28.0,28.0,29.0,28.0,29.0,,0.0,0.0,4,4,25,28.0,0.0,SAME,1.0
PCAL,2025-04-28,28.0,28.0,28.0,28.0,29.0,29.0,0.0,0.0,0.0,0.0,0.0,0.0,0.0,0.0,28.0,28.01,28.505000000000003,28.03293381376714,28.13992031010697,28.436313655352595,0.0,0.014471406395485619,0.010311781447560602,0.0,0.0,-1.0,-0.034482758620689655,-1.0,-0.034482758620689655,28.0,28.0,28.0,28.05,28.0,29.0,,0.0,0.0,0,4,28,28.0,0.0,SAME,1.0
PCAL,2025-04-29,28.0,28.0,28.0,28.0,28.05,29.0,0.0,0.0,0.0,0.0,0.0,0.0,0.0,0.0,28.0,28.0,28.405,28.016466906883572,28.09328020673798,28.35698389983394,0.0,0.0007971721844765246,0.010311781447560602,0.0,0.0,-0.05000000000000071,-0.0017825311942959254,-1.0,-0.034482758620689655,28.0,28.0,28.0,28.0,28.0,29.0,,,0.0,1,4,29,28.0,0.0,SAME,1.0
PCAL,2025-04-30,28.0,28.0,28.0,28.0,28.0,29.0,0.0,0.0,0.0,0.0,0.0,0.0,0.0,0.0,28.0,28.0,28.305,28.008233453441786,28.062186804491986,28.292077736227764,0.0,0.0,0.010311781447560602,0.0,0.0,0.0,0.0,-1.0,-0.034482758620689655,28.0,28.0,28.0,28.0,28.0,29.0,,,0.0,2,4,30,28.0,0.0,SAME,1.0
PCAL,2025-05-01,28.0,28.0,28.0,28.0,28.0,29.0,0.0,0.0,0.0,0.0,0.0,0.0,0.0,0.0,28.0,28.0,28.205000000000002,28.004116726720895,28.041457869661325,28.23897269327726,0.0,0.0,0.010311781447560602,0.0,0.0,0.0,0.0,-1.0,-0.034482758620689655,28.0,28.0,28.0,28.0,28.0,29.0,,,0.0,3,5,1,28.0,0.0,SAME,1.0
PCAL,2025-05-05,28.0,28.0,28.0,28.0,28.0,29.0,0.0,0.0,0.0,0.0,0.0,0.0,0.0,0.0,28.0,28.0,28.105,28.002058363360447,28.02763857977422,28.19552311268139,0.0,0.0,0.010311781447560602,0.0,0.0,0.0,0.0,-1.0,-0.034482758620689655,28.0,28.0,28.0,28.0,28.0,29.0,,,0.0,0,5,5,28.0,0.0,SAME,1.0
PCAL,2025-05-06,28.0,28.0,28.0,28.0,28.0,29.0,0.0,0.0,0.0,0.0,0.0,0.0,0.0,0.0,28.0,28.0,28.005000000000003,28.001029181680224,28.018425719849482,28.159973455830226,0.0,0.0,0.010311781447560602,0.0,0.0,0.0,0.0,-1.0,-0.034482758620689655,28.0,28.0,28.0,28.0,28.0,28.05,,,0.0,1,5,6,28.0,0.0,SAME,1.0
PCAL,2025-05-08,28.0,28.0,28.0,28.0,28.0,28.05,0.0,0.0,0.0,0.0,0.0,0.0,0.0,0.0,28.0,28.0,28.0,28.000514590840112,28.01228381323299,28.130887372952,0.0,0.0,0.0005636858574247747,0.0,0.0,0.0,0.0,-0.05000000000000071,-0.0017825311942959254,28.0,28.0,28.0,28.0,28.0,28.0,,,,3,5,8,28.0,0.0,SAME,1.0
PCAL,2025-05-09,28.0,28.0,28.0,28.0,28.0,28.0,0.0,0.0,0.0,0.0,0.0,0.0,0.0,0.0,28.0,28.0,28.0,28.000257295420056,28.008189208821996,28.107089668778904,0.0,0.0,0.0,0.0,0.0,0.0,0.0,0.0,0.0,28.0,28.0,28.0,28.0,28.0,28.0,,,,4,5,9,28.0,0.0,SAME,1.0
PCAL,2025-05-12,28.0,28.0,28.0,28.0,28.0,28.0,0.0,0.0,0.0,0.0,0.0,0.0,0.0,0.0,28.0,28.0,28.0,28.000128647710028,28.005459472547997,28.08761881991001,0.0,0.0,0.0,0.0,0.0,0.0,0.0,0.0,0.0,28.0,28.0,28.0,28.0,28.0,28.0,,,,0,5,12,28.0,0.0,SAME,1.0
PCAL,2025-05-13,28.0,28.0,28.0,28.0,28.0,28.0,0.0,0.0,0.0,0.0,0.0,0.0,0.0,0.0,28.0,28.0,28.0,28.000064323855014,28.003639648365333,28.071688125380913,0.0,0.0,0.0,0.0,0.0,0.0,0.0,0.0,0.0,28.0,28.0,28.0,28.0,28.0,28.0,,,,1,5,13,28.0,0.0,SAME,1.0
PCAL,2025-05-14,28.0,28.0,28.0,28.0,28.0,28.0,0.0,0.0,0.0,0.0,0.0,0.0,0.0,0.0,28.0,28.0,28.0,28.000032161927507,28.002426432243556,28.058653920766197,0.0,0.0,0.0,0.0,0.0,0.0,0.0,0.0,0.0,28.0,28.0,28.0,28.0,28.0,28.0,,,,2,5,14,28.0,0.0,SAME,1.0
PCAL,2025-05-15,28.0,28.0,28.0,28.0,28.0,28.0,0.0,0.0,0.0,0.0,0.0,0.0,0.0,0.0,28.0,28.0,28.0,28.000016080963753,28.001617621495704,28.047989571535975,0.0,0.0,0.0,0.0,0.0,0.0,0.0,0.0,0.0,28.0,28.0,28.0,28.0,28.0,28.0,,,,3,5,15,27.53,-0.46999999999999886,DOWN,0.0
PCAL,2025-05-16,27.53,28.0,28.0,28.0,28.0,28.0,-0.46999999999999886,-0.46999999999999886,-0.46999999999999886,-0.016785714285714293,-0.016785714285714293,-0.016785714285714293,-0.016928191020687985,-0.016928191020687985,27.843333333333334,27.906,27.952999999999996,27.765008040481877,27.844411747663806,27.953809649438526,0.009691236661396534,0.00750679963874766,0.005308108929568053,-0.46999999999999886,-0.016785714285714244,-0.46999999999999886,-0.016785714285714244,-0.46999999999999886,-0.016785714285714244,27.53,28.0,27.53,28.0,27.53,28.0,0.0,0.0,0.0,4,5,16,27.53,0.0,SAME,1.0
PCAL,2025-05-19,27.53,27.53,28.0,28.0,28.0,28.0,0.0,-0.46999999999999886,-0.46999999999999886,0.0,-0.016785714285714293,-0.016785714285714293,0.0,-0.016928191020687985,27.686666666666667,27.812,27.906,27.647504020240937,27.73960783177587,27.876753349540614,0.009691236661396534,0.00750679963874766,0.005308108929568053,-0.46999999999999886,-0.016785714285714244,-0.46999999999999886,-0.016785714285714244,-0.46999999999999886,-0.016785714285714244,27.53,28.0,27.53,28.0,27.53,28.0,0.0,0.0,0.0,0,5,19,28.0,0.46999999999999886,UP,2.0
PCAL,2025-05-20,28.0,27.53,27.53,28.0,28.0,28.0,0.46999999999999886,0.46999999999999886,0.0,0.01707228478023959,0.01707228478023959,0.0,0.01692819102068783,0.01692819102068783,27.686666666666667,27.812,27.906,27.82375201012047,27.826405221183915,27.899161831442317,0.0169292016569461,0.011970867629055427,0.00798063558757051,0.0,0.0,0.0,0.0,0.0,0.0,27.53,28.0,27.53,28.0,27.53,28.0,1.0,1.0,1.0,1,5,20,27.96,-0.03999999999999915,DOWN,0.0
PCAL,2025-05-21,27.96,28.0,27.53,27.53,28.0,28.0,-0.03999999999999915,0.4299999999999997,0.4299999999999997,-0.0014285714285714457,0.015619324373410848,0.015619324373410848,-0.0014295928095944335,0.015498598211093584,27.830000000000002,27.804000000000002,27.901999999999997,27.891876005060233,27.87093681412261,27.91022331663462,0.010293893047199926,0.011989611073748317,0.007993980453457878,0.4299999999999997,0.015619324373410813,-0.03999999999999915,-0.0014285714285713982,-0.03999999999999915,-0.0014285714285713982,27.53,28.0,27.53,28.0,27.53,28.0,0.9148936170212782,0.9148936170212782,0.9148936170212782,2,5,21,27.96,0.0,SAME,1.0
PCAL,2025-05-22,27.96,27.96,28.0,27.53,28.0,28.0,0.0,-0.03999999999999915,0.4299999999999997,0.0,-0.0014285714285714457,0.015619324373410848,0.0,-0.0014295928095944335,27.973333333333333,27.796000000000003,27.898000000000003,27.925938002530117,27.90062454274841,27.919273622701056,0.010293893047199926,0.011989611073748317,0.007993980453457878,0.4299999999999997,0.015619324373410813,-0.03999999999999915,-0.0014285714285713982,-0.03999999999999915,-0.0014285714285713982,27.96,28.0,27.53,28.0,27.53,28.0,0.0,0.9148936170212782,0.9148936170212782,3,5,22,27.78,-0.17999999999999972,DOWN,0.0
PCAL,2025-05-23,27.78,27.96,27.96,28.0,27.53,28.0,-0.17999999999999972,-0.17999999999999972,-0.21999999999999886,-0.006437768240343367,-0.006437768240343367,-0.007857142857142785,-0.0064585800394118195,-0.0064585800394118195,27.900000000000002,27.846000000000004,27.875999999999998,27.85296900126506,27.86041636183228,27.893951145846316,0.00338077232157295,0.008916259007872383,0.008239225272832978,-0.21999999999999886,-0.007857142857142816,0.25,0.009081002542680712,-0.21999999999999886,-0.007857142857142816,27.78,27.96,27.53,28.0,27.53,28.0,0.0,0.5319148936170226,0.5319148936170226,4,5,23,27.78,0.0,SAME,1.0
PCAL,2025-05-26,27.78,27.78,27.96,27.96,27.53,28.0,0.0,-0.17999999999999972,-0.17999999999999972,0.0,-0.006437768240343367,-0.006437768240343367,0.0,-0.0064585800394118195,27.840000000000003,27.896000000000004,27.853999999999996,27.81648450063253,27.833610907888186,27.873232755692438,0.003716847226540698,0.008916259007872383,0.008239225272832978,-0.17999999999999972,-0.006437768240343337,0.25,0.009081002542680712,-0.21999999999999886,-0.007857142857142816,27.78,27.96,27.78,28.0,27.53,28.0,0.0,0.0,0.5319148936170226,0,5,26,27.78,0.0,SAME,1.0
PCAL,2025-05-27,27.78,27.78,27.78,27.96,28.0,28.0,0.0,0.0,-0.17999999999999972,0.0,0.0,-0.006437768240343367,0.0,0.0,27.78,27.851999999999997,27.832,27.798242250316264,27.815740605258796,27.85628134556654,0.003716847226540698,0.0027888087190347756,0.008239225272832978,-0.17999999999999972,-0.006437768240343337,-0.21999999999999886,-0.007857142857142816,-0.21999999999999886,-0.007857142857142816,27.78,27.78,27.78,27.96,27.53,28.0,,0.0,0.5319148936170226,1,5,27,27.53,-0.25,DOWN,0.0
PCAL,2025-05-28,27.53,27.78,27.78,27.78,27.96,28.0,-0.25,-0.25,-0.25,-0.008999280057595427,-0.008999280057595427,-0.008999280057595427,-0.009040018171681796,-0.009040018171681796,27.69666666666667,27.766,27.785000000000004,27.664121125158132,27.7204937368392,27.79695746455444,0.005195736763764141,0.004323523142089422,0.00862946723058386,-0.25,-0.008999280057595392,-0.4299999999999997,-0.015379113018597986,-0.46999999999999886,-0.016785714285714244,27.53,27.78,27.53,27.96,27.53,28.0,0.0,0.0,0.0,2,5,28,27.53,0.0,SAME,1.0
PCAL,2025-05-29,27.53,27.53,27.78,27.78,27.96,28.0,0.0,-0.25,-0.25,0.0,-0.008999280057595427,-0.008999280057595427,0.0,-0.009040018171681796,27.613333333333333,27.68,27.738,27.597060562579067,27.656995824559466,27.74841974372636,0.005195736763764141,0.004323523142089422,0.00862946723058386,-0.25,-0.008999280057595392,-0.4299999999999997,-0.015379113018597986,-0.46999999999999886,-0.016785714285714244,27.53,27.78,27.53,27.78,27.53,28.0,0.0,0.0,0.0,3,5,29,27.53,0.0,SAME,1.0
PCAL,2025-05-30,27.53,27.53,27.53,27.78,27.78,27.53,0.0,0.0,-0.25,0.0,0.0,-0.008999280057595427,0.0,0.0,27.53,27.630000000000003,27.738,27.563530281289534,27.614663883039647,27.70870706304884,0.005195736763764141,0.004024600391465266,0.006798131723504533,-0.25,-0.008999280057595392,-0.25,-0.008999280057595392,0.0,0.0,27.53,27.53,27.53,27.78,27.53,28.0,,0.0,0.0,4,5,30,27.93,0.3999999999999986,UP,2.0
PCAL,2025-06-02,27.93,27.53,27.53,27.53,27.78,27.53,0.3999999999999986,0.3999999999999986,0.3999999999999986,0.014529604068289181,0.014529604068289181,0.014529604068289181,0.01442506080256949,0.01442506080256949,27.663333333333338,27.660000000000004,27.778,27.74676514064477,27.719775922026432,27.748942142494506,0.008388670820044576,0.008455464789169352,0.008201146647695758,0.3999999999999986,0.014529604068289088,0.14999999999999858,0.005399568034557184,0.3999999999999986,0.014529604068289088,27.53,27.93,27.53,27.93,27.53,28.0,1.0,1.0,0.851063829787233,0,6,2,27.93,0.0,SAME,1.0
PCAL,2025-06-03,27.93,27.93,27.53,27.53,27.78,28.0,0.0,0.3999999999999986,0.3999999999999986,0.0,0.014529604068289181,0.014529604068289181,0.0,0.01442506080256949,27.796666666666667,27.689999999999998,27.770999999999997,27.838382570322384,27.78985061468429,27.78186175295005,0.008388670820044576,0.008455464789169352,0.006101333326628164,0.3999999999999986,0.014529604068289088,0.14999999999999858,0.005399568034557184,-0.07000000000000028,-0.00250000000000001,27.53,27.93,27.53,27.93,27.53,27.96,1.0,1.0,0.9302325581395322,1,6,3,27.93,0.0,SAME,1.0
PCAL,2025-06-04,27.93,27.93,27.93,27.53,27.53,27.96,0.0,0.0,0.3999999999999986,0.0,0.0,0.014529604068289181,0.0,0.0,27.93,27.77,27.768,27.884191285161194,27.836567076456195,27.8087959796864,0.008388670820044576,0.006497836476568534,0.006086952807710328,0.3999999999999986,0.014529604068289088,0.3999999999999986,0.014529604068289088,-0.030000000000001137,-0.0010729613733905985,27.93,27.93,27.53,27.93,27.53,27.96,,1.0,0.9302325581395322,2,6,4,27.93,0.0,SAME,1.0
PCAL,2025-06-05,27.93,27.93,27.93,27.93,27.53,27.96,0.0,0.0,0.0,0.0,0.0,0.0,0.0,0.0,27.93,27.85,27.764999999999997,27.907095642580597,27.86771138430413,27.830833074288872,0.0,0.006497836476568534,0.006086952807710328,0.0,0.0,0.3999999999999986,0.014529604068289088,-0.030000000000001137,-0.0010729613733905985,27.93,27.93,27.53,27.93,27.53,27.93,,1.0,1.0,3,6,5,27.93,0.0,SAME,1.0
PCAL,2025-06-06,27.93,27.93,27.93,27.93,27.53,27.78,0.0,0.0,0.0,0.0,0.0,0.0,0.0,0.0,27.93,27.93,27.78,27.918547821290296,27.888474256202755,27.848863424418166,0.0,0.006497836476568534,0.005667039081585209,0.0,0.0,0.3999999999999986,0.014529604068289088,0.14999999999999858,0.005399568034557184,27.93,27.93,27.93,27.93,27.53,27.93,,,1.0,4,6,6,27.93,0.0,SAME,1.0
PCAL,2025-06-09,27.93,27.93,27.93,27.93,27.93,27.78,0.0,0.0,0.0,0.0,0.0,0.0,0.0,0.0,27.93,27.93,27.794999999999998,27.924273910645148,27.90231617080184,27.863615529069406,0.0,0.0,0.005667039081585209,0.0,0.0,0.0,0.0,0.14999999999999858,0.005399568034557184,27.93,27.93,27.93,27.93,27.53,27.93,,,1.0,0,6,9,27.93,0.0,SAME,1.0
PCAL,2025-06-10,27.93,27.93,27.93,27.93,27.93,27.78,0.0,0.0,0.0,0.0,0.0,0.0,0.0,0.0,27.93,27.93,27.810000000000002,27.927136955322574,27.911544113867894,27.875685432874967,0.0,0.0,0.005667039081585209,0.0,0.0,0.0,0.0,0.14999999999999858,0.005399568034557184,27.93,27.93,27.93,27.93,27.53,27.93,,,1.0,1,6,10,27.93,0.0,SAME,1.0
PCAL,2025-06-12,27.93,27.93,27.93,27.93,27.93,27.53,0.0,0.0,0.0,0.0,0.0,0.0,0.0,0.0,27.93,27.93,27.85,27.928568477661287,27.91769607591193,27.88556080871588,0.0,0.0,0.00459466423562392,0.0,0.0,0.0,0.0,0.3999999999999986,0.014529604068289088,27.93,27.93,27.93,27.93,27.53,27.93,,,1.0,3,6,12,27.93,0.0,SAME,1.0
PCAL,2025-06-13,27.93,27.93,27.93,27.93,27.93,27.53,0.0,0.0,0.0,0.0,0.0,0.0,0.0,0.0,27.93,27.93,27.889999999999997,27.929284238830643,27.92179738394129,27.893640661676628,0.0,0.0,0.00459466423562392,0.0,0.0,0.0,0.0,0.3999999999999986,0.014529604068289088,27.93,27.93,27.93,27.93,27.53,27.93,,,1.0,4,6,13,27.93,0.0,SAME,1.0
PCAL,2025-06-16,27.93,27.93,27.93,27.93,27.93,27.53,0.0,0.0,0.0,0.0,0.0,0.0,0.0,0.0,27.93,27.93,27.93,27.92964211941532,27.924531589294194,27.900251450462694,0.0,0.0,0.00459466423562392,0.0,0.0,0.0,0.0,0.3999999999999986,0.014529604068289088,27.93,27.93,27.93,27.93,27.93,27.93,,,,0,6,16,27.5,-0.4299999999999997,DOWN,0.0
PCAL,2025-06-17,27.5,27.93,27.93,27.93,27.93,27.93,-0.4299999999999997,-0.4299999999999997,-0.4299999999999997,-0.015395631936985343,-0.015395631936985343,-0.015395631936985343,-0.015515375284559808,-0.015515375284559808,27.786666666666665,27.844,27.887,27.71482105970766,27.783021059529467,27.827478459469475,0.008888672243162062,0.0068851359135314125,0.004868526293850034,-0.4299999999999997,-0.01539563193698531,-0.4299999999999997,-0.01539563193698531,-0.4299999999999997,-0.01539563193698531,27.5,27.93,27.5,27.93,27.5,27.93,0.0,0.0,0.0,1,6,17,27.5,0.0,SAME,1.0
PCAL,2025-06-18,27.5,27.5,27.93,27.93,27.93,27.93,0.0,-0.4299999999999997,-0.4299999999999997,0.0,-0.015395631936985343,-0.015395631936985343,0.0,-0.015515375284559808,27.643333333333334,27.758,27.844,27.60741052985383,27.688680706352983,27.767936921384113,0.008888672243162062,0.0068851359135314125,0.004868526293850034,-0.4299999999999997,-0.01539563193698531,-0.4299999999999997,-0.01539563193698531,-0.4299999999999997,-0.01539563193698531,27.5,27.93,27.5,27.93,27.5,27.93,0.0,0.0,0.0,2,6,18,27.5,0.0,SAME,1.0
PCAL,2025-06-19,27.5,27.5,27.5,27.93,27.93,27.93,0.0,0.0,-0.4299999999999997,0.0,0.0,-0.015395631936985343,0.0,0.0,27.5,27.672000000000004,27.801,27.553705264926915,27.625787137568658,27.71922111749609,0.008888672243162062,0.0068851359135314125,0.004868526293850034,-0.4299999999999997,-0.01539563193698531,-0.4299999999999997,-0.01539563193698531,-0.4299999999999997,-0.01539563193698531,27.5,27.5,27.5,27.93,27.5,27.93,,0.0,0.0,3,6,19,27.5,0.0,SAME,1.0
PCAL,2025-06-20,27.5,27.5,27.5,27.5,27.93,27.93,0.0,0.0,0.0,0.0,0.0,0.0,0.0,0.0,27.5,27.586000000000002,27.758,27.52685263246346,27.583858091712443,27.6793627324968,0.0,0.0068851359135314125,0.004868526293850034,0.0,0.0,-0.4299999999999997,-0.01539563193698531,-0.4299999999999997,-0.01539563193698531,27.5,27.5,27.5,27.93,27.5,27.93,,0.0,0.0,4,6,20,27.5,0.0,SAME,1.0
PCAL,2025-06-23,27.5,27.5,27.5,27.5,27.93,27.93,0.0,0.0,0.0,0.0,0.0,0.0,0.0,0.0,27.5,27.5,27.714999999999996,27.51342631623173,27.555905394474962,27.646751326588287,0.0,0.0068851359135314125,0.004868526293850034,0.0,0.0,-0.4299999999999997,-0.01539563193698531,-0.4299999999999997,-0.01539563193698531,27.5,27.5,27.5,27.5,27.5,27.93,,,0.0,0,6,23,27.5,0.0,SAME,1.0
PCAL,2025-06-24,27.5,27.5,27.5,27.5,27.5,27.93,0.0,0.0,0.0,0.0,0.0,0.0,0.0,0.0,27.5,27.5,27.671999999999997,27.506713158115865,27.537270262983313,27.620069267208596,0.0,0.0,0.004868526293850034,0.0,0.0,0.0,0.0,-0.4299999999999997,-0.01539563193698531,27.5,27.5,27.5,27.5,27.5,27.93,,,0.0,1,6,24,27.0,-0.5,DOWN,0.0
PCAL,2025-06-25,27.0,27.5,27.5,27.5,27.5,27.93,-0.5,-0.5,-0.5,-0.018181818181818188,-0.018181818181818188,-0.018181818181818188,-0.01834913866819654,-0.01834913866819654,27.333333333333332,27.4,27.579,27.253356579057932,27.35818017532221,27.507329400443396,0.010497277621628862,0.008131156281815908,0.007109144967244767,-0.5,-0.01818181818181818,-0.5,-0.01818181818181818,-0.9299999999999997,-0.03329752953813103,27.0,27.5,27.0,27.5,27.0,27.93,0.0,0.0,0.0,2,6,25,27.0,0.0,SAME,1.0
PCAL,2025-06-26,27.0,27.0,27.5,27.5,27.5,27.93,0.0,-0.5,-0.5,0.0,-0.018181818181818188,-0.018181818181818188,0.0,-0.01834913866819654,27.166666666666668,27.3,27.486,27.126678289528968,27.238786783548143,27.415087691271868,0.010497277621628862,0.008131156281815908,0.007109144967244767,-0.5,-0.01818181818181818,-0.5,-0.01818181818181818,-0.9299999999999997,-0.03329752953813103,27.0,27.5,27.0,27.5,27.0,27.93,0.0,0.0,0.0,3,6,26,27.0,0.0,SAME,1.0
PCAL,2025-06-27,27.0,27.0,27.0,27.5,27.5,27.93,0.0,0.0,-0.5,0.0,0.0,-0.018181818181818188,0.0,0.0,27.0,27.2,27.393,27.063339144764484,27.159191189032097,27.33961720194971,0.010497277621628862,0.008131156281815908,0.007109144967244767,-0.5,-0.01818181818181818,-0.5,-0.01818181818181818,-0.9299999999999997,-0.03329752953813103,27.0,27.0,27.0,27.5,27.0,27.93,,0.0,0.0,4,6,27,28.0,1.0,UP,2.0
PCAL,2025-06-30,28.0,27.0,27.0,27.0,27.5,27.93,1.0,1.0,1.0,0.03703703703703698,0.03703703703703698,0.03703703703703698,0.03636764417087479,0.03636764417087479,27.333333333333332,27.3,27.4,27.531669572382242,27.439460792688067,27.459686801595215,0.021383343303319105,0.020194162332613636,0.014674805444306228,1.0,0.037037037037037035,0.5,0.01818181818181818,0.07000000000000028,0.0025062656641604113,27.0,28.0,27.0,28.0,27.0,28.0,1.0,1.0,1.0,0,6,30,28.0,0.0,SAME,1.0
PCAL,2025-07-01,28.0,28.0,27.0,27.0,27.5,27.5,0.0,1.0,1.0,0.0,0.03703703703703698,0.03703703703703698,0.0,0.03636764417087479,27.666666666666668,27.4,27.45,27.76583478619112,27.626307195125378,27.557925564941538,0.021383343303319105,0.020194162332613636,0.013608692879804995,1.0,0.037037037037037035,0.5,0.01818181818181818,0.5,0.01818181818181818,27.0,28.0,27.0,28.0,27.0,28.0,1.0,1.0,1.0,1,7,1,28.0,0.0,SAME,1.0
PCAL,2025-07-02,28.0,28.0,28.0,27.0,27.0,27.5,0.0,0.0,1.0,0.0,0.0,0.03703703703703698,0.0,0.0,28.0,27.6,27.5,27.88291739309556,27.75087146341692,27.638302734952166,0.021383343303319105,0.016563466499997674,0.013608692879804995,1.0,0.037037037037037035,1.0,0.037037037037037035,0.5,0.01818181818181818,28.0,28.0,27.0,28.0,27.0,28.0,,1.0,1.0,2,7,2,28.0,0.0,SAME,1.0
PCAL,2025-07-03,28.0,28.0,28.0,28.0,27.0,27.5,0.0,0.0,0.0,0.0,0.0,0.0,0.0,0.0,28.0,27.8,27.55,27.94145869654778,27.833914308944614,27.70406587405177,0.0,0.016563466499997674,0.013608692879804995,0.0,0.0,1.0,0.037037037037037035,0.5,0.01818181818181818,28.0,28.0,27.0,28.0,27.0,28.0,,1.0,1.0,3,7,3,28.0,0.0,SAME,1.0
PCAL,2025-07-04,28.0,28.0,28.0,28.0,27.0,27.5,0.0,0.0,0.0,0.0,0.0,0.0,0.0,0.0,28.0,28.0,27.6,27.970729348273892,27.88927620596308,27.75787207876963,0.0,0.016563466499997674,0.013608692879804995,0.0,0.0,1.0,0.037037037037037035,0.5,0.01818181818181818,28.0,28.0,28.0,28.0,27.0,28.0,,,1.0,4,7,4,28.0,0.0,SAME,1.0
PCAL,2025-07-07,28.0,28.0,28.0,28.0,28.0,27.5,0.0,0.0,0.0,0.0,0.0,0.0,0.0,0.0,28.0,28.0,27.65,27.985364674136946,27.92618413730872,27.80189533717515,0.0,0.0,0.013608692879804995,0.0,0.0,0.0,0.0,0.5,0.01818181818181818,28.0,28.0,28.0,28.0,27.0,28.0,,,1.0,0,7,7,28.0,0.0,SAME,1.0
PCAL,2025-07-08,28.0,28.0,28.0,28.0,28.0,27.5,0.0,0.0,0.0,0.0,0.0,0.0,0.0,0.0,28.0,28.0,27.7,27.992682337068473,27.950789424872482,27.837914366779664,0.0,0.0,0.013608692879804995,0.0,0.0,0.0,0.0,0.5,0.01818181818181818,28.0,28.0,28.0,28.0,27.0,28.0,,,1.0,1,7,8,28.0,0.0,SAME,1.0
PCAL,2025-07-09,28.0,28.0,28.0,28.0,28.0,27.0,0.0,0.0,0.0,0.0,0.0,0.0,0.0,0.0,28.0,28.0,27.8,27.996341168534236,27.96719294991499,27.86738448191063,0.0,0.0,0.011712139482104967,0.0,0.0,0.0,0.0,1.0,0.037037037037037035,28.0,28.0,28.0,28.0,27.0,28.0,,,1.0,2,7,9,28.0,0.0,SAME,1.0
PCAL,2025-07-10,28.0,28.0,28.0,28.0,28.0,27.0,0.0,0.0,0.0,0.0,0.0,0.0,0.0,0.0,28.0,28.0,27.9,27.99817058426712,27.97812863327666,27.891496394290513,0.0,0.0,0.011712139482104967,0.0,0.0,0.0,0.0,1.0,0.037037037037037035,28.0,28.0,28.0,28.0,27.0,28.0,,,1.0,3,7,10,28.0,0.0,SAME,1.0
PCAL,2025-07-11,28.0,28.0,28.0,28.0,28.0,27.0,0.0,0.0,0.0,0.0,0.0,0.0,0.0,0.0,28.0,28.0,28.0,27.999085292133557,27.98541908885111,27.911224322601328,0.0,0.0,0.011712139482104967,0.0,0.0,0.0,0.0,1.0,0.037037037037037035,28.0,28.0,28.0,28.0,28.0,28.0,,,,4,7,11,27.11,-0.8900000000000006,DOWN,0.0
PCAL,2025-07-14,27.11,28.0,28.0,28.0,28.0,28.0,-0.8900000000000006,-0.8900000000000006,-0.8900000000000006,-0.031785714285714306,-0.031785714285714306,-0.031785714285714306,-0.032301846664629784,-0.032301846664629784,27.703333333333333,27.822000000000003,27.911,27.55454264606678,27.693612725900742,27.765547173037447,0.018351490699241288,0.014215003571247806,0.010051525419820767,-0.8900000000000006,-0.031785714285714306,-0.8900000000000006,-0.031785714285714306,-0.8900000000000006,-0.031785714285714306,27.11,28.0,27.11,28.0,27.11,28.0,0.0,0.0,0.0,0,7,14,27.11,0.0,SAME,1.0
PCAL,2025-07-15,27.11,27.11,28.0,28.0,28.0,28.0,0.0,-0.8900000000000006,-0.8900000000000006,0.0,-0.031785714285714306,-0.031785714285714306,0.0,-0.032301846664629784,27.406666666666666,27.644,27.821999999999996,27.33227132303339,27.499075150600497,27.64635677793973,0.018351490699241288,0.014215003571247806,0.010051525419820767,-0.8900000000000006,-0.031785714285714306,-0.8900000000000006,-0.031785714285714306,-0.8900000000000006,-0.031785714285714306,27.11,28.0,27.11,28.0,27.11,28.0,0.0,0.0,0.0,1,7,15,27.11,0.0,SAME,1.0
PCAL,2025-07-16,27.11,27.11,27.11,28.0,28.0,28.0,0.0,0.0,-0.8900000000000006,0.0,0.0,-0.031785714285714306,0.0,0.0,27.11,27.465999999999998,27.732999999999997,27.221135661516694,27.369383433733667,27.548837363768868,0.018351490699241288,0.014215003571247806,0.010051525419820767,-0.8900000000000006,-0.031785714285714306,-0.8900000000000006,-0.031785714285714306,-0.8900000000000006,-0.031785714285714306,27.11,27.11,27.11,28.0,27.11,28.0,,0.0,0.0,2,7,16,27.11,0.0,SAME,1.0
PCAL,2025-07-17,27.11,27.11,27.11,27.11,28.0,28.0,0.0,0.0,0.0,0.0,0.0,0.0,0.0,0.0,27.11,27.288,27.644,27.16556783075835,27.282922289155778,27.469048752174526,0.0,0.014215003571247806,0.010051525419820767,0.0,0.0,-0.8900000000000006,-0.031785714285714306,-0.8900000000000006,-0.031785714285714306,27.11,27.11,27.11,28.0,27.11,28.0,,0.0,0.0,3,7,17,27.11,0.0,SAME,1.0
PCAL,2025-07-18,27.11,27.11,27.11,27.11,28.0,28.0,0.0,0.0,0.0,0.0,0.0,0.0,0.0,0.0,27.11,27.11,27.554999999999996,27.137783915379174,27.225281526103853,27.403767160870064,0.0,0.014215003571247806,0.010051525419820767,0.0,0.0,-0.8900000000000006,-0.031785714285714306,-0.8900000000000006,-0.031785714285714306,27.11,27.11,27.11,27.11,27.11,28.0,,,0.0,4,7,18,27.11,0.0,SAME,1.0
PCAL,2025-07-21,27.11,27.11,27.11,27.11,27.11,28.0,0.0,0.0,0.0,0.0,0.0,0.0,0.0,0.0,27.11,27.11,27.465999999999998,27.123891957689587,27.186854350735903,27.350354949802778,0.0,0.0,0.010051525419820767,0.0,0.0,0.0,0.0,-0.8900000000000006,-0.031785714285714306,27.11,27.11,27.11,27.11,27.11,28.0,,,0.0,0,7,21,26.98,-0.129999999999999,DOWN,0.0
PCAL,2025-07-22,26.98,27.11,27.11,27.11,27.11,28.0,-0.129999999999999,-0.129999999999999,-0.129999999999999,-0.004795278495020261,-0.004795278495020261,-0.004795278495020261,-0.004806812730964308,-0.004806812730964308,27.066666666666666,27.083999999999996,27.363999999999997,27.051945978844792,27.117902900490602,27.28301768620227,0.0027685553299365705,0.0021445137371759225,0.009997274213034391,-0.129999999999999,-0.004795278495020251,-0.129999999999999,-0.004795278495020251,-1.0199999999999996,-0.036428571428571414,26.98,27.11,26.98,27.11,26.98,28.0,0.0,0.0,0.0,1,7,22,26.85,-0.129999999999999,DOWN,0.0
PCAL,2025-07-23,26.85,26.98,27.11,27.11,27.11,28.0,-0.129999999999999,-0.259999999999998,-0.259999999999998,-0.004818383988139274,-0.009590556990040522,-0.009590556990040522,-0.00483002982473604,-0.009636842555700409,26.98,27.032,27.249000000000002,26.950972989422397,27.028601933660404,27.204287197801857,0.002775249357135511,0.002632822574436074,0.009917169808355813,-0.259999999999998,-0.009590556990040503,-0.259999999999998,-0.009590556990040503,-1.1499999999999986,-0.04107142857142852,26.85,27.11,26.85,27.11,26.85,28.0,0.0,0.0,0.0,2,7,23,26.85,0.0,SAME,1.0
PCAL,2025-07-24,26.85,26.85,26.98,27.11,27.11,28.0,0.0,-0.129999999999999,-0.259999999999998,0.0,-0.004818383988139274,-0.009590556990040522,0.0,-0.00483002982473604,26.893333333333334,26.98,27.133999999999997,26.9004864947112,26.969067955773603,27.139871343656065,0.002775249357135511,0.002632822574436074,0.009917169808355813,-0.259999999999998,-0.009590556990040503,-0.259999999999998,-0.009590556990040503,-1.1499999999999986,-0.04107142857142852,26.85,26.98,26.85,27.11,26.85,28.0,0.0,0.0,0.0,3,7,24,26.85,0.0,SAME,1.0
PCAL,2025-07-25,26.85,26.85,26.85,26.98,27.11,28.0,0.0,0.0,-0.129999999999999,0.0,0.0,-0.004818383988139274,0.0,0.0,26.85,26.928000000000004,27.019,26.8752432473556,26.929378637182403,27.087167462991324,0.002781895292608605,0.002632822574436074,0.009917169808355813,-0.129999999999999,-0.0048183839881393254,-0.259999999999998,-0.009590556990040503,-1.1499999999999986,-0.04107142857142852,26.85,26.85,26.85,27.11,26.85,27.11,,0.0,0.0,4,7,25,26.98,0.129999999999999,UP,2.0
PCAL,2025-07-29,26.98,26.85,26.85,26.85,27.11,27.11,0.129999999999999,0.129999999999999,0.129999999999999,0.004841713221601429,0.004841713221601429,0.004841713221601429,0.004830029824736068,0.004830029824736068,26.893333333333334,26.901999999999997,27.006,26.9276216236778,26.94625242478827,27.067682469720175,0.0027953644318279933,0.004034210178929569,0.0027361074752825705,0.129999999999999,0.0048417132216014526,-0.129999999999999,-0.004795278495020251,-0.129999999999999,-0.004795278495020251,26.85,26.98,26.85,26.98,26.85,27.11,1.0,1.0,0.5,1,7,29,26.98,0.0,SAME,1.0
PCAL,2025-07-30,26.98,26.98,26.85,26.85,26.98,27.11,0.0,0.129999999999999,0.129999999999999,0.0,0.004841713221601429,0.004841713221601429,0.0,0.004830029824736068,26.936666666666667,26.901999999999997,26.993000000000002,26.9538108118389,26.957501616525516,27.051740202498323,0.0027953644318279933,0.0034153660977508044,0.0027361074752825705,0.129999999999999,0.0048417132216014526,0.0,0.0,-0.129999999999999,-0.004795278495020251,26.85,26.98,26.85,26.98,26.85,27.11,1.0,1.0,0.5,2,7,30,27.0,0.019999999999999574,UP,2.0
PCAL,2025-07-31,27.0,26.98,26.98,26.85,26.85,27.11,0.019999999999999574,0.019999999999999574,0.14999999999999858,0.000741289844329085,0.000741289844329085,0.005586592178770999,0.0007410152247192038,0.0007410152247192038,26.986666666666668,26.932,26.982,26.97690540591945,26.971667744350345,27.042332892953173,0.002607846155557339,0.002106995070390511,0.0027604064942544386,0.14999999999999858,0.005586592178770896,0.14999999999999858,0.005586592178770896,-0.10999999999999943,-0.004057543341940223,26.98,27.0,26.85,27.0,26.85,27.11,1.0,1.0,0.5769230769230759,3,7,31,27.0,0.0,SAME,1.0
PCAL,2025-08-01,27.0,27.0,26.98,26.98,26.85,27.11,0.0,0.019999999999999574,0.019999999999999574,0.0,0.000741289844329085,0.000741289844329085,0.0,0.0007410152247192038,26.993333333333336,26.962,26.970999999999997,26.988452702959727,26.9811118295669,27.03463600332532,0.000427983891154166,0.002106995070390511,0.0027604064942544386,0.019999999999999574,0.0007412898443291168,0.14999999999999858,0.005586592178770896,-0.10999999999999943,-0.004057543341940223,26.98,27.0,26.85,27.0,26.85,27.11,1.0,1.0,0.5769230769230759,4,8,1,27.0,0.0,SAME,1.0
PCAL,2025-08-04,27.0,27.0,27.0,26.98,26.85,27.11,0.0,0.0,0.019999999999999574,0.0,0.0,0.000741289844329085,0.0,0.0,27.0,26.992,26.96,26.994226351479863,26.987407886377934,27.028338548175263,0.000427983891154166,0.002106995070390511,0.0027604064942544386,0.019999999999999574,0.0007412898443291168,0.14999999999999858,0.005586592178770896,-0.10999999999999943,-0.004057543341940223,27.0,27.0,26.98,27.0,26.85,27.11,,1.0,0.5769230769230759,0,8,4,27.0,0.0,SAME,1.0
PCAL,2025-08-05,27.0,27.0,27.0,27.0,26.98,27.11,0.0,0.0,0.0,0.0,0.0,0.0,0.0,0.0,27.0,26.996,26.949,26.997113175739933,26.99160525758529,27.02318608487067,0.0,0.0003315148965530616,0.0027604064942544386,0.0,0.0,0.019999999999999574,0.0007412898443291168,-0.10999999999999943,-0.004057543341940223,27.0,27.0,26.98,27.0,26.85,27.0,,1.0,1.0,1,8,5,27.85,0.8500000000000014,UP,2.0
PCAL,2025-08-06,27.85,27.0,27.0,27.0,26.98,26.98,0.8500000000000014,0.8500000000000014,0.8500000000000014,0.031481481481481444,0.031481481481481444,0.031481481481481444,0.030996100368963917,0.030996100368963917,27.28333333333333,27.169999999999998,27.036,27.423556587869967,27.277736838390197,27.173515887621456,0.01817584180782114,0.0139997481095105,0.01018883429136279,0.8500000000000014,0.031481481481481534,0.870000000000001,0.032246108228317305,0.870000000000001,0.032246108228317305,27.0,27.85,27.0,27.85,26.85,27.85,1.0,1.0,1.0,2,8,6,27.85,0.0,SAME,1.0
PCAL,2025-08-07,27.85,27.85,27.0,27.0,27.0,26.85,0.0,0.8500000000000014,0.8500000000000014,0.0,0.031481481481481444,0.031481481481481444,0.0,0.030996100368963917,27.566666666666666,27.339999999999996,27.136000000000003,27.636778293934984,27.468491225593468,27.29651299896301,0.018175841807821138,0.01407894652499779,0.009875321498821834,0.8500000000000014,0.031481481481481534,0.8500000000000014,0.031481481481481534,1.0,0.037243947858472994,27.0,27.85,27.0,27.85,26.85,27.85,1.0,1.0,1.0,3,8,7,28.63,0.7799999999999976,UP,2.0
PCAL,2025-08-08,28.63,27.85,27.85,27.0,27.0,26.85,0.7799999999999976,0.7799999999999976,1.629999999999999,0.028007181328545627,0.028007181328545627,0.06037037037037041,0.027622152736730504,0.027622152736730504,28.11,27.665999999999997,27.314,28.13338914696749,27.855660817062315,27.538965180969733,0.017260536124309216,0.016337882984445818,0.012365028686695295,1.629999999999999,0.06037037037037033,1.629999999999999,0.06037037037037033,1.7799999999999976,0.06629422718808184,27.85,28.63,27.0,28.63,26.85,28.63,1.0,1.0,1.0,4,8,8,28.63,0.0,SAME,1.0
PCAL,2025-08-11,28.63,28.63,27.85,27.85,27.0,26.85,0.0,0.7799999999999976,0.7799999999999976,0.0,0.028007181328545627,0.028007181328545627,0.0,0.027622152736730504,28.37,27.992,27.492,28.381694573483745,28.113773878041545,27.737335148066144,0.01616995367927804,0.016337882984445818,0.012365028686695295,0.7799999999999976,0.028007181328545693,1.629999999999999,0.06037037037037033,1.7799999999999976,0.06629422718808184,27.85,28.63,27.0,28.63,26.98,28.63,1.0,1.0,1.0,0,8,11,28.63,0.0,SAME,1.0
PCAL,2025-08-12,28.63,28.63,28.63,27.85,27.0,26.98,0.0,0.0,0.7799999999999976,0.0,0.0,0.028007181328545627,0.0,0.0,28.63,28.318,27.657,28.505847286741872,28.2858492520277,27.899637848417754,0.01616995367927804,0.016337882984445818,0.012531164143834787,0.7799999999999976,0.028007181328545693,1.629999999999999,0.06037037037037033,1.6499999999999986,0.061156412157153395,28.63,28.63,27.85,28.63,26.98,28.63,,1.0,1.0,1,8,12,28.75,0.120000000000001,UP,2.0
PCAL,2025-08-13,28.75,28.63,28.63,28.63,27.85,26.98,0.120000000000001,0.120000000000001,0.120000000000001,0.004191407614390519,0.004191407614390519,0.004191407614390519,0.004182648133335783,0.004182648133335783,28.669999999999998,28.498,27.834000000000003,28.627923643370934,28.440566168018467,28.054249148705434,0.0024199103144488406,0.012192418523171213,0.012376465680990318,0.120000000000001,0.004191407614390534,0.8999999999999986,0.03231597845601431,1.7699999999999996,0.06560415122312822,28.63,28.75,27.85,28.75,27.0,28.75,1.0,1.0,1.0,2,8,13,28.75,0.0,SAME,1.0
PCAL,2025-08-14,28.75,28.75,28.63,28.63,27.85,27.0,0.0,0.120000000000001,0.120000000000001,0.0,0.004191407614390519,0.004191407614390519,0.0,0.004182648133335783,28.709999999999997,28.677999999999997,28.009000000000004,28.688961821685467,28.543710778678978,28.180749303486262,0.0024199103144488406,0.012192418523171213,0.012416559923939217,0.120000000000001,0.004191407614390534,0.8999999999999986,0.03231597845601431,1.75,0.06481481481481481,28.63,28.75,28.63,28.75,27.0,28.75,1.0,1.0,1.0,3,8,14,28.9,0.14999999999999858,UP,2.0
PCAL,2025-08-15,28.9,28.75,28.75,28.63,28.63,27.0,0.14999999999999858,0.14999999999999858,0.2699999999999996,0.00521739130434784,0.00521739130434784,0.0094306671323785,0.005203827875027044,0.005203827875027044,28.8,28.732,28.199,28.794480910842733,28.662473852452653,28.31152215739785,0.0027641066171136155,0.0026021131025527654,0.012227423317121846,0.2699999999999996,0.00943066713237861,0.2699999999999996,0.00943066713237861,1.8999999999999986,0.07037037037037032,28.75,28.9,28.63,28.9,27.0,28.9,1.0,1.0,1.0,4,8,15,29.0,0.10000000000000142,UP,2.0
PCAL,2025-08-18,29.0,28.9,28.75,28.75,28.63,27.0,0.10000000000000142,0.25,0.25,0.0034602076124568004,0.008695652173912993,0.008695652173912993,0.0034542348680876036,0.008658062743114531,28.883333333333336,28.806,28.399,28.897240455421368,28.774982568301773,28.436699946961877,0.002654615580171957,0.002431040966020154,0.012058582731921983,0.25,0.008695652173913044,0.370000000000001,0.012923506811037409,2.0,0.07407407407407407,28.75,29.0,28.63,29.0,27.0,29.0,1.0,1.0,1.0,0,8,18,29.0,0.0,SAME,1.0
PCAL,2025-08-19,29.0,29.0,28.9,28.75,28.63,27.0,0.0,0.10000000000000142,0.25,0.0,0.0034602076124568004,0.008695652173912993,0.0,0.0034542348680876036,28.96666666666667,28.880000000000003,28.599,28.948620227710684,28.84998837886785,28.53911813842335,0.002654615580171957,0.002431040966020154,0.012058582731921983,0.25,0.008695652173913044,0.370000000000001,0.012923506811037409,2.0,0.07407407407407407,28.9,29.0,28.75,29.0,27.85,29.0,1.0,1.0,1.0,1,8,19,29.44,0.4400000000000013,UP,2.0
PCAL,2025-08-20,29.44,29.0,29.0,28.9,28.75,27.85,0.4400000000000013,0.4400000000000013,0.5400000000000027,0.015172413793103523,0.015172413793103523,0.0186851211072665,0.015058463874201535,0.015058463874201535,29.146666666666665,29.018,28.758,29.194310113855344,29.046658919245235,28.702914840528194,0.007951424931507096,0.0062376222994121044,0.009172554945713535,0.5400000000000027,0.01868512110726653,0.6900000000000013,0.024000000000000046,1.5899999999999999,0.0570915619389587,29.0,29.44,28.75,29.44,27.85,29.44,1.0,1.0,1.0,2,8,20,29.44,0.0,SAME,1.0
PCAL,2025-08-21,29.44,29.44,29.0,29.0,28.75,27.85,0.0,0.4400000000000013,0.4400000000000013,0.0,0.015172413793103523,0.015172413793103523,0.0,0.015058463874201535,29.293333333333333,29.156,28.917,29.317155056927675,29.177772612830157,28.83693032406852,0.008759797187703894,0.0062376222994121044,0.009172554945713535,0.4400000000000013,0.015172413793103492,0.6900000000000013,0.024000000000000046,1.5899999999999999,0.0570915619389587,29.0,29.44,28.9,29.44,28.63,29.44,1.0,1.0,1.0,3,8,21,29.44,0.0,SAME,1.0
PCAL,2025-08-22,29.44,29.44,29.44,29.0,28.9,28.63,0.0,0.0,0.4400000000000013,0.0,0.0,0.015172413793103523,0.0,0.0,29.44,29.264,28.997999999999998,29.378577528463836,29.265181741886774,28.946579356056063,0.008759797187703894,0.006571534465818759,0.004811238249749704,0.4400000000000013,0.015172413793103492,0.5400000000000027,0.01868512110726653,0.8100000000000023,0.028292001397135953,29.44,29.44,29.0,29.44,28.63,29.44,,1.0,1.0,4,8,22,28.98,-0.46000000000000085,DOWN,0.0
PCAL,2025-08-25,28.98,29.44,29.44,29.44,29.0,28.63,-0.46000000000000085,-0.46000000000000085,-0.46000000000000085,-0.015625,-0.015625,-0.015625,-0.015748356968139168,-0.015748356968139168,29.286666666666672,29.26,29.032999999999998,29.17928876423192,29.170121161257853,28.95265583677314,0.009021097956087095,0.010889235492610646,0.00756958917479178,-0.46000000000000085,-0.015625000000000028,-0.019999999999999574,-0.0006896551724137784,0.3500000000000014,0.012224938875305673,28.98,29.44,28.98,29.44,28.63,29.44,0.0,0.0,0.4320987654320993,0,8,25,28.98,0.0,SAME,1.0
PCAL,2025-08-26,28.98,28.98,29.44,29.44,29.0,28.63,0.0,-0.46000000000000085,-0.46000000000000085,0.0,-0.015625,-0.015625,0.0,-0.015748356968139168,29.133333333333336,29.256,29.068,29.07964438211596,29.10674744083857,28.957627502814386,0.009021097956087095,0.010889235492610646,0.00756958917479178,-0.46000000000000085,-0.015625000000000028,-0.019999999999999574,-0.0006896551724137784,0.3500000000000014,0.012224938875305673,28.98,29.44,28.98,29.44,28.75,29.44,0.0,0.0,0.3333333333333333,1,8,26,28.98,0.0,SAME,1.0
PCAL,2025-08-27,28.98,28.98,28.98,29.44,29.44,28.75,0.0,0.0,-0.46000000000000085,0.0,0.0,-0.015625,0.0,0.0,28.98,29.163999999999998,29.090999999999998,29.02982219105798,29.064498293892385,28.961695229575405,0.009021097956087095,0.0069877124296850905,0.007503864860821934,-0.46000000000000085,-0.015625000000000028,-0.46000000000000085,-0.015625000000000028,0.23000000000000043,0.008000000000000014,28.98,28.98,28.98,29.44,28.75,29.44,,0.0,0.3333333333333333,2,8,27,29.0,0.019999999999999574,UP,2.0
PCAL,2025-08-28,29.0,28.98,28.98,28.98,29.44,28.75,0.019999999999999574,0.019999999999999574,0.019999999999999574,0.0006901311249136732,0.0006901311249136732,0.0006901311249136732,0.0006898930939376467,0.0006898930939376467,28.986666666666668,29.076,29.115999999999996,29.01491109552899,29.042998862594928,28.968659733288966,0.0003984473907269089,0.007071188802214806,0.007498631549698008,0.019999999999999574,0.0006901311249137189,-0.4400000000000013,-0.014945652173913086,0.25,0.008695652173913044,28.98,29.0,28.98,29.44,28.9,29.44,1.0,0.04347826086956421,0.1851851851851869,3,8,28,29.0,0.0,SAME,1.0
PCAL,2025-08-29,29.0,29.0,28.98,28.98,29.44,28.9,0.0,0.019999999999999574,0.019999999999999574,0.0,0.0006901311249136732,0.0006901311249136732,0.0,0.0006898930939376467,28.99333333333333,28.988,29.125999999999998,29.007455547764494,29.02866590839662,28.974357963600063,0.0003984473907269089,0.007071188802214806,0.00734411892924722,0.019999999999999574,0.0006901311249137189,-0.4400000000000013,-0.014945652173913086,0.10000000000000142,0.003460207612456797,28.98,29.0,28.98,29.0,28.98,29.44,1.0,1.0,0.04347826086956421,4,8,29,29.0,0.0,SAME,1.0
PCAL,2025-09-01,29.0,29.0,29.0,28.98,28.98,29.0,0.0,0.0,0.019999999999999574,0.0,0.0,0.0006901311249136732,0.0,0.0,29.0,28.992,29.125999999999998,29.003727773882247,29.019110605597746,28.979020152036416,0.0003984473907269089,0.00030863602169944795,0.007263404493455126,0.019999999999999574,0.0006901311249137189,0.019999999999999574,0.0006901311249137189,0.0,0.0,29.0,29.0,28.98,29.0,28.98,29.44,,1.0,0.04347826086956421,0,9,1,29.0,0.0,SAME,1.0
PCAL,2025-09-02,29.0,29.0,29.0,29.0,28.98,29.0,0.0,0.0,0.0,0.0,0.0,0.0,0.0,0.0,29.0,28.996000000000002,29.125999999999998,29.001863886941123,29.012740403731833,28.982834669847975,0.0,0.00030863602169944795,0.007263404493455126,0.0,0.0,0.019999999999999574,0.0006901311249137189,0.0,0.0,29.0,29.0,28.98,29.0,28.98,29.44,,1.0,0.04347826086956421,1,9,2,29.0,0.0,SAME,1.0
PCAL,2025-09-03,29.0,29.0,29.0,29.0,28.98,29.44,0.0,0.0,0.0,0.0,0.0,0.0,0.0,0.0,29.0,29.0,29.082,29.00093194347056,29.00849360248789,28.985955638966523,0.0,0.00030863602169944795,0.004970042198993034,0.0,0.0,0.019999999999999574,0.0006901311249137189,-0.4400000000000013,-0.014945652173913086,29.0,29.0,29.0,29.0,28.98,29.44,,,0.04347826086956421,2,9,3,29.0,0.0,SAME,1.0
PCAL,2025-09-04,29.0,29.0,29.0,29.0,29.0,29.44,0.0,0.0,0.0,0.0,0.0,0.0,0.0,0.0,29.0,29.0,29.038,29.00046597173528,29.005662401658597,28.988509159154425,0.0,0.0,0.004970042198993034,0.0,0.0,0.0,0.0,-0.4400000000000013,-0.014945652173913086,29.0,29.0,29.0,29.0,28.98,29.44,,,0.04347826086956421,3,9,4,29.03,0.030000000000001137,UP,2.0
PCAL,2025-09-05,29.03,29.0,29.0,29.0,29.0,29.44,0.030000000000001137,0.030000000000001137,0.030000000000001137,0.001034482758620836,0.001034482758620836,0.001034482758620836,0.0010339480500646432,0.0010339480500646432,29.01,29.006,28.997000000000003,29.01523298586764,29.013774934439066,28.996052948399072,0.0005972588991496671,0.0004626347539391038,0.005015143590818457,0.030000000000001137,0.001034482758620729,0.030000000000001137,0.001034482758620729,-0.41000000000000014,-0.013926630434782613,29.0,29.03,29.0,29.03,28.98,29.03,1.0,1.0,1.0,4,9,5,29.03,0.0,SAME,1.0
PCAL,2025-09-08,29.03,29.03,29.0,29.0,29.0,28.98,0.0,0.030000000000001137,0.030000000000001137,0.0,0.001034482758620836,0.001034482758620836,0.0,0.0010339480500646432,29.02,29.012,29.002,29.02261649293382,29.019183289626046,29.00222513959924,0.0005972588991496671,0.0004626347539391038,0.00037252982620372146,0.030000000000001137,0.001034482758620729,0.030000000000001137,0.001034482758620729,0.05000000000000071,0.0017253278122843585,29.0,29.03,29.0,29.03,28.98,29.03,1.0,1.0,1.0,0,9,8,29.03,0.0,SAME,1.0
PCAL,2025-09-09,29.03,29.03,29.03,29.0,29.0,28.98,0.0,0.0,0.030000000000001137,0.0,0.0,0.001034482758620836,0.0,0.0,29.03,29.018,29.006999999999998,29.02630824646691,29.022788859750698,29.007275114217556,0.0005972588991496671,0.0004626347539391038,0.00037252982620372146,0.030000000000001137,0.001034482758620729,0.030000000000001137,0.001034482758620729,0.05000000000000071,0.0017253278122843585,29.03,29.03,29.0,29.03,28.98,29.03,,1.0,1.0,1,9,9,29.03,0.0,SAME,1.0
PCAL,2025-09-10,29.03,29.03,29.03,29.03,29.0,28.98,0.0,0.0,0.0,0.0,0.0,0.0,0.0,0.0,29.03,29.024,29.012,29.028154123233456,29.025192573167132,29.011406911632545,0.0,0.0004626347539391038,0.00037252982620372146,0.0,0.0,0.030000000000001137,0.001034482758620729,0.05000000000000071,0.0017253278122843585,29.03,29.03,29.0,29.03,29.0,29.03,,1.0,1.0,2,9,10,29.03,0.0,SAME,1.0
PCAL,2025-09-11,29.03,29.03,29.03,29.03,29.0,29.0,0.0,0.0,0.0,0.0,0.0,0.0,0.0,0.0,29.03,29.03,29.015000000000004,29.02907706161673,29.02679504877809,29.0147874731539,0.0,0.0004626347539391038,0.00032713217173683997,0.0,0.0,0.030000000000001137,0.001034482758620729,0.030000000000001137,0.001034482758620729,29.03,29.03,29.03,29.03,29.0,29.03,,,1.0,3,9,11,30.15,1.1199999999999974,UP,2.0
PCAL,2025-09-12,30.15,29.03,29.03,29.03,29.03,29.0,1.1199999999999974,1.1199999999999974,1.1199999999999974,0.03858077850499475,0.03858077850499475,0.03858077850499475,0.037855145136655846,0.037855145136655846,29.403333333333336,29.254,29.130000000000003,29.589538530808362,29.401196699185398,29.221189750762278,0.022274622855403728,0.017253848672405488,0.012168309168267426,1.1199999999999974,0.038580778504994744,1.1199999999999974,0.038580778504994744,1.1499999999999986,0.03965517241379306,29.03,30.15,29.03,30.15,29.0,30.15,1.0,1.0,1.0,4,9,12,30.15,0.0,SAME,1.0
PCAL,2025-09-15,30.15,30.15,29.03,29.03,29.03,29.0,0.0,1.1199999999999974,1.1199999999999974,0.0,0.03858077850499475,0.03858077850499475,0.0,0.037855145136655846,29.776666666666667,29.477999999999998,29.245000000000005,29.86976926540418,29.65079779945693,29.39006434153277,0.022274622855403728,0.017253848672405488,0.012168309168267426,1.1199999999999974,0.038580778504994744,1.1199999999999974,0.038580778504994744,1.1499999999999986,0.03965517241379306,29.03,30.15,29.03,30.15,29.0,30.15,1.0,1.0,1.0,0,9,15,29.39,-0.759999999999998,DOWN,0.0
PCAL,2025-09-16,29.39,30.15,30.15,29.03,29.03,29.0,-0.759999999999998,-0.759999999999998,0.35999999999999943,-0.025207296849087846,-0.025207296849087846,0.01240096451946271,-0.025530442742368414,-0.025530442742368414,29.896666666666665,29.55,29.284000000000002,29.62988463270209,29.563865199637956,29.390052643072266,0.032126839355559426,0.02284794455836906,0.015290503571426741,0.35999999999999943,0.012400964519462605,0.35999999999999943,0.012400964519462605,0.39000000000000057,0.013448275862068985,29.39,30.15,29.03,30.15,29.0,30.15,0.0,0.3214285714285717,0.3391304347826096,1,9,16,29.39,0.0,SAME,1.0
PCAL,2025-09-17,29.39,29.39,30.15,30.15,29.03,29.0,0.0,-0.759999999999998,-0.759999999999998,0.0,-0.025207296849087846,-0.025207296849087846,0.0,-0.025530442742368414,29.643333333333334,29.622000000000003,29.323,29.509942316351044,29.505910133091973,29.39004307160458,0.014553439621363178,0.02284794455836906,0.015290503571426741,-0.759999999999998,-0.02520729684908783,0.35999999999999943,0.012400964519462605,0.39000000000000057,0.013448275862068985,29.39,30.15,29.03,30.15,29.0,30.15,0.0,0.3214285714285717,0.3391304347826096,2,9,17,29.39,0.0,SAME,1.0
PCAL,2025-09-18,29.39,29.39,29.39,30.15,29.03,29.0,0.0,0.0,-0.759999999999998,0.0,0.0,-0.025207296849087846,0.0,0.0,29.39,29.694,29.362000000000002,29.449971158175522,29.467273422061318,29.390035240403744,0.014553439621363178,0.02284794455836906,0.015290503571426741,-0.759999999999998,-0.02520729684908783,0.35999999999999943,0.012400964519462605,0.39000000000000057,0.013448275862068985,29.39,29.39,29.39,30.15,29.03,30.15,,0.0,0.3214285714285717,3,9,18,29.15,-0.240000000000002,DOWN,0.0
PCAL,2025-09-19,29.15,29.39,29.39,29.39,30.15,29.03,-0.240000000000002,-0.240000000000002,-0.240000000000002,-0.008166042871725177,-0.008166042871725177,-0.008166042871725177,-0.0081995676343247,-0.0081995676343247,29.310000000000002,29.494,29.374000000000002,29.29998557908776,29.361515614707546,29.346392469421243,0.0047146670502030376,0.010946872953001587,0.015591510506266703,-0.240000000000002,-0.008166042871725144,-1.0,-0.03316749585406302,0.11999999999999744,0.004133654839820786,29.15,29.39,29.15,30.15,29.03,30.15,0.0,0.0,0.1071428571428551,4,9,19,29.15,0.0,SAME,1.0
PCAL,2025-09-22,29.15,29.15,29.39,29.39,30.15,29.03,0.0,-0.240000000000002,-0.240000000000002,0.0,-0.008166042871725177,-0.008166042871725177,0.0,-0.0081995676343247,29.23,29.294,29.386000000000003,29.22499278954388,29.291010409805033,29.31068474770829,0.0047146670502030376,0.010946872953001587,0.015591510506266703,-0.240000000000002,-0.008166042871725144,-1.0,-0.03316749585406302,0.11999999999999744,0.004133654839820786,29.15,29.39,29.15,29.39,29.03,30.15,0.0,0.0,0.1071428571428551,0,9,22,29.15,0.0,SAME,1.0
PCAL,2025-09-24,29.15,29.15,29.15,29.39,29.39,29.03,0.0,0.0,-0.240000000000002,0.0,0.0,-0.008166042871725177,0.0,0.0,29.15,29.246,29.397999999999996,29.18749639477194,29.244006939870022,29.281469339034054,0.0047146670502030376,0.0036519653936676827,0.015591510506266703,-0.240000000000002,-0.008166042871725144,-0.240000000000002,-0.008166042871725144,0.11999999999999744,0.004133654839820786,29.15,29.15,29.15,29.39,29.03,30.15,,0.0,0.1071428571428551,2,9,24,29.15,0.0,SAME,1.0
PCAL,2025-09-25,29.15,29.15,29.15,29.15,29.39,29.03,0.0,0.0,0.0,0.0,0.0,0.0,0.0,0.0,29.15,29.198,29.410000000000004,29.16874819738597,29.212671293246682,29.257565822846043,0.0,0.0036519653936676827,0.015591510506266703,0.0,0.0,-0.240000000000002,-0.008166042871725144,0.11999999999999744,0.004133654839820786,29.15,29.15,29.15,29.39,29.03,30.15,,0.0,0.1071428571428551,3,9,25,29.15,0.0,SAME,1.0
PCAL,2025-09-26,29.15,29.15,29.15,29.15,29.39,29.03,0.0,0.0,0.0,0.0,0.0,0.0,0.0,0.0,29.15,29.15,29.421999999999997,29.159374098692986,29.191780862164457,29.2380084005104,0.0,0.0036519653936676827,0.015591510506266703,0.0,0.0,-0.240000000000002,-0.008166042871725144,0.11999999999999744,0.004133654839820786,29.15,29.15,29.15,29.15,29.15,30.15,,,0.0,4,9,26,29.15,0.0,SAME,1.0
PCAL,2025-09-29,29.15,29.15,29.15,29.15,29.15,30.15,0.0,0.0,0.0,0.0,0.0,0.0,0.0,0.0,29.15,29.15,29.322000000000003,29.154687049346492,29.17785390810964,29.22200687314487,0.0,0.0,0.008101536824090013,0.0,0.0,0.0,0.0,-1.0,-0.03316749585406302,29.15,29.15,29.15,29.15,29.15,30.15,,,0.0,0,9,29,29.15,0.0,SAME,1.0
PCAL,2025-09-30,29.15,29.15,29.15,29.15,29.15,30.15,0.0,0.0,0.0,0.0,0.0,0.0,0.0,0.0,29.15,29.15,29.222,29.152343524673245,29.168569272073093,29.208914714391256,0.0,0.0,0.008101536824090013,0.0,0.0,0.0,0.0,-1.0,-0.03316749585406302,29.15,29.15,29.15,29.15,29.15,29.39,,,0.0,1,9,30,28.6,-0.5499999999999972,DOWN,0.0
PCAL,2025-10-01,28.6,29.15,29.15,29.15,29.15,29.39,-0.5499999999999972,-0.5499999999999972,-0.5499999999999972,-0.01886792452830177,-0.01886792452830177,-0.01886792452830177,-0.019048194970694363,-0.019048194970694363,28.96666666666667,29.04,29.142999999999994,28.876171762336625,28.979046181382067,29.098202948138297,0.010893401305463912,0.008437992367922238,0.006232524839277898,-0.5499999999999972,-0.01886792452830179,-0.5499999999999972,-0.01886792452830179,-0.7899999999999991,-0.02687989111942835,28.6,29.15,28.6,29.15,28.6,29.39,0.0,0.0,0.0,2,10,1,28.6,0.0,SAME,1.0
PCAL,2025-10-06,28.6,28.6,29.15,29.15,29.15,29.39,0.0,-0.5499999999999972,-0.5499999999999972,0.0,-0.01886792452830177,-0.01886792452830177,0.0,-0.019048194970694363,28.78333333333333,28.93,29.064,28.738085881168313,28.852697454254717,29.007620593931332,0.010893401305463912,0.008437992367922238,0.006232524839277898,-0.5499999999999972,-0.01886792452830179,-0.5499999999999972,-0.01886792452830179,-0.7899999999999991,-0.02687989111942835,28.6,29.15,28.6,29.15,28.6,29.39,0.0,0.0,0.0,0,10,6,28.6,0.0,SAME,1.0
PCAL,2025-10-07,28.6,28.6,28.6,29.15,29.15,29.39,0.0,0.0,-0.5499999999999972,0.0,0.0,-0.01886792452830177,0.0,0.0,28.6,28.82,28.985000000000003,28.669042940584156,28.76846496950315,28.933507758671087,0.010893401305463912,0.008437992367922238,0.006232524839277898,-0.5499999999999972,-0.01886792452830179,-0.5499999999999972,-0.01886792452830179,-0.7899999999999991,-0.02687989111942835,28.6,28.6,28.6,29.15,28.6,29.15,,0.0,0.0,1,10,7,28.6,0.0,SAME,1.0
PCAL,2025-10-08,28.6,28.6,28.6,28.6,29.15,29.15,0.0,0.0,0.0,0.0,0.0,0.0,0.0,0.0,28.6,28.71,28.929999999999996,28.63452147029208,28.712309979668767,28.872869984367252,0.0,0.008437992367922238,0.0059665616229589,0.0,0.0,-0.5499999999999972,-0.01886792452830179,-0.5499999999999972,-0.01886792452830179,28.6,28.6,28.6,29.15,28.6,29.15,,0.0,0.0,2,10,8,28.6,0.0,SAME,1.0
PCAL,2025-10-09,28.6,28.6,28.6,28.6,29.15,29.15,0.0,0.0,0.0,0.0,0.0,0.0,0.0,0.0,28.6,28.6,28.875,28.61726073514604,28.67487331977918,28.82325725993684,0.0,0.008437992367922238,0.0059665616229589,0.0,0.0,-0.5499999999999972,-0.01886792452830179,-0.5499999999999972,-0.01886792452830179,28.6,28.6,28.6,28.6,28.6,29.15,,,0.0,3,10,9,28.6,0.0,SAME,1.0
PCAL,2025-10-10,28.6,28.6,28.6,28.6,28.6,29.15,0.0,0.0,0.0,0.0,0.0,0.0,0.0,0.0,28.6,28.6,28.820000000000004,28.60863036757302,28.64991554651946,28.782665030857412,0.0,0.0,0.0059665616229589,0.0,0.0,0.0,0.0,-0.5499999999999972,-0.01886792452830179,28.6,28.6,28.6,28.6,28.6,29.15,,,0.0,4,10,10,28.6,0.0,SAME,1.0
PCAL,2025-10-13,28.6,28.6,28.6,28.6,28.6,29.15,0.0,0.0,0.0,0.0,0.0,0.0,0.0,0.0,28.6,28.6,28.764999999999997,28.60431518378651,28.633277031012973,28.74945320706515,0.0,0.0,0.0059665616229589,0.0,0.0,0.0,0.0,-0.5499999999999972,-0.01886792452830179,28.6,28.6,28.6,28.6,28.6,29.15,,,0.0,0,10,13,28.66,0.05999999999999872,UP,2.0
PCAL,2025-10-14,28.66,28.6,28.6,28.6,28.6,29.15,0.05999999999999872,0.05999999999999872,0.05999999999999872,0.002097902097901949,0.002097902097901949,0.002097902097901949,0.0020957045742187375,0.0020957045742187375,28.62,28.612000000000002,28.716,28.632157591893254,28.64218468734198,28.73318898759876,0.0012112243409512977,0.000938210340196658,0.006076150133344055,0.05999999999999872,0.0020979020979020532,0.05999999999999872,0.0020979020979020532,-0.48999999999999844,-0.01680960548885072,28.6,28.66,28.6,28.66,28.6,29.15,1.0,1.0,0.10909090909090732,1,10,14,28.66,0.0,SAME,1.0
PCAL,2025-10-15,28.66,28.66,28.6,28.6,28.6,29.15,0.0,0.05999999999999872,0.05999999999999872,0.0,0.002097902097901949,0.002097902097901949,0.0,0.0020957045742187375,28.64,28.624000000000002,28.666999999999994,28.64607879594663,28.648123124894653,28.719881898944436,0.0012112243409512977,0.000938210340196658,0.006076150133344055,0.05999999999999872,0.0020979020979020532,0.05999999999999872,0.0020979020979020532,-0.48999999999999844,-0.01680960548885072,28.6,28.66,28.6,28.66,28.6,29.15,1.0,1.0,0.10909090909090732,2,10,15,28.66,0.0,SAME,1.0
PCAL,2025-10-16,28.66,28.66,28.66,28.6,28.6,29.15,0.0,0.0,0.05999999999999872,0.0,0.0,0.002097902097901949,0.0,0.0,28.66,28.636000000000003,28.618000000000002,28.653039397973316,28.652082083263103,28.70899428095454,0.0012112243409512977,0.000938210340196658,0.006076150133344055,0.05999999999999872,0.0020979020979020532,0.05999999999999872,0.0020979020979020532,-0.48999999999999844,-0.01680960548885072,28.66,28.66,28.6,28.66,28.6,28.66,,1.0,1.0,3,10,16,28.81,0.14999999999999858,UP,2.0
PCAL,2025-10-17,28.81,28.66,28.66,28.66,28.6,28.6,0.14999999999999858,0.14999999999999858,0.14999999999999858,0.005233775296580534,0.005233775296580534,0.005233775296580534,0.005220126696411258,0.005220126696411258,28.709999999999997,28.678000000000004,28.639000000000003,28.73151969898666,28.70472138884207,28.72735895714462,0.003021721576356434,0.0022936269522324023,0.0017132894847104198,0.14999999999999858,0.0052337752965805505,0.2099999999999973,0.007342657342657248,0.2099999999999973,0.007342657342657248,28.66,28.81,28.6,28.81,28.6,28.81,1.0,1.0,1.0,4,10,17,28.81,0.0,SAME,1.0
PCAL,2025-10-20,28.81,28.81,28.66,28.66,28.6,28.6,0.0,0.14999999999999858,0.14999999999999858,0.0,0.005233775296580534,0.005233775296580534,0.0,0.005220126696411258,28.76,28.72,28.660000000000004,28.77075984949333,28.739814259228048,28.74238460130014,0.003021721576356434,0.0022936269522324023,0.0017132894847104198,0.14999999999999858,0.0052337752965805505,0.2099999999999973,0.007342657342657248,0.2099999999999973,0.007342657342657248,28.66,28.81,28.66,28.81,28.6,28.81,1.0,1.0,1.0,0,10,20,28.52,-0.28999999999999915,DOWN,0.0
PCAL,2025-10-21,28.52,28.81,28.81,28.66,28.66,28.6,-0.28999999999999915,-0.28999999999999915,-0.14000000000000057,-0.010065949323151635,-0.010065949323151635,-0.004884856943475291,-0.01011695355034188,-0.01011695355034188,28.713333333333335,28.692,28.651999999999997,28.645379924746663,28.666542839485366,28.701951037427385,0.007776002754960359,0.005568791575975941,0.003835062052890928,-0.14000000000000057,-0.004884856943475247,-0.14000000000000057,-0.004884856943475247,-0.08000000000000185,-0.002797202797202862,28.52,28.81,28.52,28.81,28.52,28.81,0.0,0.0,0.0,1,10,21,28.52,0.0,SAME,1.0
PCAL,2025-10-22,28.52,28.52,28.81,28.81,28.66,28.6,0.0,-0.28999999999999915,-0.28999999999999915,0.0,-0.010065949323151635,-0.010065949323151635,0.0,-0.01011695355034188,28.616666666666664,28.663999999999998,28.644,28.58268996237333,28.617695226323576,28.668869030622403,0.0058115785513694965,0.005568791575975941,0.003835062052890928,-0.28999999999999915,-0.010065949323151654,-0.14000000000000057,-0.004884856943475247,-0.08000000000000185,-0.002797202797202862,28.52,28.81,28.52,28.81,28.52,28.81,0.0,0.0,0.0,2,10,22,28.52,0.0,SAME,1.0
PCAL,2025-10-23,28.52,28.52,28.52,28.81,28.66,28.6,0.0,0.0,-0.28999999999999915,0.0,0.0,-0.010065949323151635,0.0,0.0,28.52,28.636000000000003,28.636000000000003,28.551344981186666,28.585130150882385,28.641801934145604,0.0058115785513694965,0.005568791575975941,0.003835062052890928,-0.28999999999999915,-0.010065949323151654,-0.14000000000000057,-0.004884856943475247,-0.08000000000000185,-0.002797202797202862,28.52,28.52,28.52,28.81,28.52,28.81,,0.0,0.0,3,10,23,28.95,0.4299999999999997,UP,2.0
PCAL,2025-10-24,28.95,28.52,28.52,28.52,28.81,28.6,0.4299999999999997,0.4299999999999997,0.4299999999999997,0.015077138849929783,0.015077138849929783,0.015077138849929783,0.014964608472908973,0.014964608472908973,28.66333333333333,28.663999999999998,28.671,28.75067249059333,28.70675343392159,28.69783794611913,0.008704790173615513,0.008994735232089424,0.006193207859871564,0.4299999999999997,0.015077138849929865,0.14000000000000057,0.004859423811176695,0.34999999999999787,0.012237762237762163,28.52,28.95,28.52,28.95,28.52,28.95,1.0,1.0,1.0,4,10,24,29.25,0.3000000000000007,UP,2.0
PCAL,2025-10-27,29.25,28.95,28.52,28.52,28.81,28.6,0.3000000000000007,0.7300000000000004,0.7300000000000004,0.010362694300518172,0.025596072931276304,0.025596072931276304,0.010309369658861287,0.02527397813177032,28.906666666666666,28.752,28.736,29.000336245296666,28.887835622614396,28.79823104682474,0.007712884636280667,0.009858468745895233,0.0068008841816517345,0.7300000000000004,0.025596072931276314,0.4400000000000013,0.015272474835126738,0.6499999999999986,0.022727272727272676,28.52,29.25,28.52,29.25,28.52,29.25,1.0,1.0,1.0,0,10,27,29.25,0.0,SAME,1.0
PCAL,2025-10-28,29.25,29.25,28.95,28.52,28.52,28.66,0.0,0.3000000000000007,0.7300000000000004,0.0,0.010362694300518172,0.025596072931276304,0.0,0.010309369658861287,29.150000000000002,28.897999999999996,28.794999999999998,29.125168122648333,29.008557081742932,28.880370856492966,0.007712884636280667,0.007163597680660016,0.006839052299850304,0.7300000000000004,0.025596072931276314,0.7300000000000004,0.025596072931276314,0.5899999999999999,0.02058618283321702,28.95,29.25,28.52,29.25,28.52,29.25,1.0,1.0,1.0,1,10,28,29.12,-0.129999999999999,DOWN,0.0
PCAL,2025-10-29,29.12,29.25,29.25,28.95,28.52,28.66,-0.129999999999999,-0.129999999999999,0.1700000000000017,-0.004444444444444362,-0.004444444444444362,0.005872193436960327,-0.004454350349380197,-0.004454350349380197,29.206666666666667,29.018,28.841,29.12258406132417,29.045704721161957,28.923939791676062,0.007598134391614714,0.008159310113337894,0.00712623809312997,0.1700000000000017,0.0058721934369603355,0.6000000000000014,0.0210378681626929,0.46000000000000085,0.016050244242847202,29.12,29.25,28.52,29.25,28.52,29.25,0.0,0.8219178082191796,0.8219178082191796,2,10,29,29.0,-0.120000000000001,DOWN,0.0
PCAL,2025-10-30,29.0,29.12,29.25,29.25,28.52,28.66,-0.120000000000001,-0.25,-0.25,-0.004120879120879106,-0.008547008547008517,-0.008547008547008517,-0.004129393342011178,-0.008583743691391442,29.123333333333335,29.113999999999997,28.875,29.061292030662084,29.030469814107974,28.937768920462233,0.0024778830234421997,0.00886693951522895,0.00734585472884424,-0.25,-0.008547008547008548,0.4800000000000004,0.016830294530154295,0.33999999999999986,0.01186322400558269,29.0,29.25,28.95,29.25,28.52,29.25,0.0,0.16666666666666863,0.6575342465753427,3,10,30,29.0,0.0,SAME,1.0
PCAL,2025-10-31,29.0,29.0,29.12,29.25,28.95,28.81,0.0,-0.120000000000001,-0.25,0.0,-0.004120879120879106,-0.008547008547008517,0.0,-0.004129393342011178,29.040000000000003,29.124000000000002,28.894,29.030646015331044,29.020313209405316,28.949083662196372,0.0024778830234421997,0.005989032810116279,0.00721208836073036,-0.25,-0.008547008547008548,0.05000000000000071,0.001727115716753047,0.19000000000000128,0.006594932315168389,29.0,29.12,29.0,29.25,28.52,29.25,0.0,0.0,0.6575342465753427,4,10,31,29.0,0.0,SAME,1.0
PCAL,2025-11-03,29.0,29.0,29.0,29.12,29.25,28.81,0.0,0.0,-0.120000000000001,0.0,0.0,-0.004120879120879106,0.0,0.0,29.0,29.074,28.913,29.015323007665522,29.013542139603544,28.958341178160666,0.0023791906697344777,0.0023484983283374446,0.00721208836073036,-0.120000000000001,-0.004120879120879155,-0.25,-0.008547008547008548,0.19000000000000128,0.006594932315168389,29.0,29.0,29.0,29.25,28.52,29.25,,0.0,0.6575342465753427,0,11,3,29.0,0.0,SAME,1.0
PCAL,2025-11-04,29.0,29.0,29.0,29.0,29.25,28.52,0.0,0.0,0.0,0.0,0.0,0.0,0.0,0.0,29.0,29.024,28.961000000000002,29.00766150383276,29.009028093069034,28.96591550940418,0.0,0.0023484983283374446,0.006173108102810215,0.0,0.0,-0.25,-0.008547008547008548,0.4800000000000004,0.016830294530154295,29.0,29.0,29.0,29.12,28.52,29.25,,0.0,0.6575342465753427,1,11,4,29.0,0.0,SAME,1.0
PCAL,2025-11-05,29.0,29.0,29.0,29.0,29.12,28.52,0.0,0.0,0.0,0.0,0.0,0.0,0.0,0.0,29.0,29.0,29.009000000000004,29.003830751916382,29.00601872871269,28.97211268951251,0.0,0.0018429131682624385,0.006173108102810215,0.0,0.0,-0.120000000000001,-0.004120879120879155,0.4800000000000004,0.016830294530154295,29.0,29.0,29.0,29.0,28.52,29.25,,,0.6575342465753427,2,11,5,29.54,0.5399999999999991,UP,2.0
PCAL,2025-11-06,29.54,29.0,29.0,29.0,29.0,28.52,0.5399999999999991,0.5399999999999991,0.5399999999999991,0.018620689655172384,0.018620689655172384,0.018620689655172384,0.018449447116759686,0.018449447116759686,29.179999999999996,29.107999999999997,29.111,29.27191537595819,29.18401248580846,29.07536492778296,0.0107506601849096,0.008327425571377053,0.00811157914847715,0.5399999999999991,0.018620689655172384,0.5399999999999991,0.018620689655172384,1.0199999999999996,0.035764375876577825,29.0,29.54,29.0,29.54,28.95,29.54,1.0,1.0,1.0,3,11,6,29.54,0.0,SAME,1.0
PCAL,2025-11-07,29.54,29.54,29.0,29.0,29.0,28.95,0.0,0.5399999999999991,0.5399999999999991,0.0,0.018620689655172384,0.018620689655172384,0.0,0.018449447116759686,29.36,29.215999999999998,29.169999999999998,29.405957687979097,29.302674990538975,29.15984403182242,0.0107506601849096,0.008327425571377053,0.007064469222323393,0.5399999999999991,0.018620689655172384,0.5399999999999991,0.018620689655172384,0.5899999999999999,0.02037996545768566,29.0,29.54,29.0,29.54,29.0,29.54,1.0,1.0,1.0,4,11,7,29.54,0.0,SAME,1.0
PCAL,2025-11-10,29.54,29.54,29.54,29.0,29.0,29.25,0.0,0.0,0.5399999999999991,0.0,0.0,0.018620689655172384,0.0,0.0,29.54,29.324,29.199,29.472978843989548,29.381783327025985,29.228963298763798,0.0107506601849096,0.008327425571377053,0.006440788216625332,0.5399999999999991,0.018620689655172384,0.5399999999999991,0.018620689655172384,0.28999999999999915,0.009914529914529886,29.54,29.54,29.0,29.54,29.0,29.54,,1.0,1.0,0,11,10,29.6,0.060000000000002274,UP,2.0
PCAL,2025-11-17,29.6,29.54,29.54,29.54,29.0,29.25,0.060000000000002274,0.060000000000002274,0.060000000000002274,0.0020311442112390665,0.0020311442112390665,0.0020311442112390665,0.002029084226781015,0.002029084226781015,29.560000000000002,29.444,29.233999999999998,29.536489421994773,29.454522218017328,29.29642451717038,0.001172681657115784,0.008147944244283719,0.006437580532949431,0.060000000000002274,0.002031144211239075,0.6000000000000014,0.02068965517241384,0.3500000000000014,0.011965811965812015,29.54,29.6,29.0,29.6,29.0,29.6,1.0,1.0,1.0,0,11,17,29.6,0.0,SAME,1.0
PCAL,2025-11-18,29.6,29.6,29.54,29.54,29.0,29.12,0.0,0.060000000000002274,0.060000000000002274,0.0,0.0020311442112390665,0.0020311442112390665,0.0,0.002029084226781015,29.580000000000002,29.564,29.282,29.568244710997387,29.503014812011553,29.351620059503038,0.001172681657115784,0.008147944244283719,0.006150971271903866,0.060000000000002274,0.002031144211239075,0.6000000000000014,0.02068965517241384,0.4800000000000004,0.016483516483516498,29.54,29.6,29.54,29.6,29.0,29.6,1.0,1.0,1.0,1,11,18,29.6,0.0,SAME,1.0
PCAL,2025-11-19,29.6,29.6,29.6,29.54,29.54,29.0,0.0,0.0,0.060000000000002274,0.0,0.0,0.0020311442112390665,0.0,0.0,29.6,29.576,29.342000000000002,29.584122355498693,29.535343208007706,29.396780048684302,0.001172681657115784,0.000908355305673741,0.005851930411187982,0.060000000000002274,0.002031144211239075,0.060000000000002274,0.002031144211239075,0.6000000000000014,0.02068965517241384,29.6,29.6,29.54,29.6,29.0,29.6,,1.0,1.0,2,11,19,29.6,0.0,SAME,1.0
PCAL,2025-11-20,29.6,29.6,29.6,29.6,29.54,29.0,0.0,0.0,0.0,0.0,0.0,0.0,0.0,0.0,29.6,29.588,29.401999999999997,29.592061177749347,29.55689547200514,29.4337291307417,0.0,0.000908355305673741,0.005851930411187982,0.0,0.0,0.060000000000002274,0.002031144211239075,0.6000000000000014,0.02068965517241384,29.6,29.6,29.54,29.6,29.0,29.6,,1.0,1.0,3,11,20,29.6,0.0,SAME,1.0
PCAL,2025-11-21,29.6,29.6,29.6,29.6,29.54,29.0,0.0,0.0,0.0,0.0,0.0,0.0,0.0,0.0,29.6,29.6,29.462,29.596030588874676,29.57126364800343,29.463960197879572,0.0,0.000908355305673741,0.005851930411187982,0.0,0.0,0.060000000000002274,0.002031144211239075,0.6000000000000014,0.02068965517241384,29.6,29.6,29.6,29.6,29.0,29.6,,,1.0,4,11,21,30.3,0.6999999999999993,UP,2.0
PCAL,2025-11-24,30.3,29.6,29.6,29.6,29.6,29.0,0.6999999999999993,0.6999999999999993,0.6999999999999993,0.023648648648648685,0.023648648648648685,0.023648648648648685,0.023373351185308804,0.023373351185308804,29.833333333333332,29.740000000000002,29.592000000000002,29.94801529443734,29.81417576533562,29.615967434628743,0.013653553663267681,0.010575997190876249,0.008906058723273637,0.6999999999999993,0.023648648648648622,0.6999999999999993,0.023648648648648622,1.3000000000000007,0.04482758620689658,29.6,30.3,29.6,30.3,29.0,30.3,1.0,1.0,1.0,0,11,24,30.3,0.0,SAME,1.0
PCAL,2025-11-25,30.3,30.3,29.6,29.6,29.6,29.0,0.0,0.6999999999999993,0.6999999999999993,0.0,0.023648648648648685,0.023648648648648685,0.0,0.023373351185308804,30.066666666666666,29.880000000000003,29.722,30.12400764721867,29.976117176890412,29.740336991968974,0.013653553663267681,0.010575997190876249,0.008906058723273637,0.6999999999999993,0.023648648648648622,0.6999999999999993,0.023648648648648622,1.3000000000000007,0.04482758620689658,29.6,30.3,29.6,30.3,29.54,30.3,1.0,1.0,1.0,1,11,25,30.99,0.6899999999999977,UP,2.0
PCAL,2025-11-26,30.99,30.3,30.3,29.6,29.6,29.54,0.6899999999999977,0.6899999999999977,1.389999999999997,0.022772277227722793,0.022772277227722793,0.04695945945945934,0.022516859284333432,0.022516859284333432,30.53,30.158000000000005,29.867,30.557003823609335,30.314078117926943,29.967548447974615,0.013407729237960884,0.012716669387063218,0.00970223588362123,1.389999999999997,0.046959459459459355,1.389999999999997,0.046959459459459355,1.4499999999999993,0.04908598510494243,30.3,30.99,29.6,30.99,29.54,30.99,1.0,1.0,1.0,2,11,26,30.99,0.0,SAME,1.0
PCAL,2025-11-27,30.99,30.99,30.3,30.3,29.6,29.54,0.0,0.6899999999999977,0.6899999999999977,0.0,0.022772277227722793,0.022772277227722793,0.0,0.022516859284333432,30.76,30.436,30.012,30.773501911804665,30.539385411951297,30.153448730161045,0.013147580387486004,0.012716669387063218,0.00970223588362123,0.6899999999999977,0.022772277227722695,1.389999999999997,0.046959459459459355,1.4499999999999993,0.04908598510494243,30.3,30.99,29.6,30.99,29.54,30.99,1.0,1.0,1.0,3,11,27,30.99,0.0,SAME,1.0
PCAL,2025-11-28,30.99,30.99,30.99,30.3,29.6,29.54,0.0,0.0,0.6899999999999977,0.0,0.0,0.022772277227722793,0.0,0.0,30.99,30.714,30.157,30.881750955902334,30.6895902746342,30.305548961040856,0.013147580387486004,0.012716669387063218,0.00970223588362123,0.6899999999999977,0.022772277227722695,1.389999999999997,0.046959459459459355,1.4499999999999993,0.04908598510494243,30.99,30.99,30.3,30.99,29.6,30.99,,1.0,1.0,4,11,28,30.99,0.0,SAME,1.0
PCAL,2025-12-01,30.99,30.99,30.99,30.99,30.3,29.6,0.0,0.0,0.0,0.0,0.0,0.0,0.0,0.0,30.99,30.851999999999997,30.296000000000003,30.935875477951164,30.789726849756132,30.429994604487973,0.0,0.01018407197673053,0.00978857018909476,0.0,0.0,0.6899999999999977,0.022772277227722695,1.389999999999997,0.046959459459459355,30.99,30.99,30.3,30.99,29.6,30.99,,1.0,1.0,0,12,1,30.99,0.0,SAME,1.0
PCAL,2025-12-02,30.99,30.99,30.99,30.99,30.3,29.6,0.0,0.0,0.0,0.0,0.0,0.0,0.0,0.0,30.99,30.99,30.435000000000002,30.962937738975583,30.85648456650409,30.531813767308343,0.0,0.01018407197673053,0.00978857018909476,0.0,0.0,0.6899999999999977,0.022772277227722695,1.389999999999997,0.046959459459459355,30.99,30.99,30.99,30.99,29.6,30.99,,,1.0,1,12,2,30.99,0.0,SAME,1.0
PCAL,2025-12-03,30.99,30.99,30.99,30.99,30.99,29.6,0.0,0.0,0.0,0.0,0.0,0.0,0.0,0.0,30.99,30.99,30.573999999999995,30.97646886948779,30.900989711002726,30.61512035507046,0.0,0.0,0.00978857018909476,0.0,0.0,0.0,0.0,1.389999999999997,0.046959459459459355,30.99,30.99,30.99,30.99,29.6,30.99,,,1.0,2,12,3,30.99,0.0,SAME,1.0
PCAL,2025-12-04,30.99,30.99,30.99,30.99,30.99,29.6,0.0,0.0,0.0,0.0,0.0,0.0,0.0,0.0,30.99,30.99,30.713,30.983234434743892,30.93065980733515,30.683280290512194,0.0,0.0,0.00978857018909476,0.0,0.0,0.0,0.0,1.389999999999997,0.046959459459459355,30.99,30.99,30.99,30.99,29.6,30.99,,,1.0,3,12,4,30.99,0.0,SAME,1.0
PCAL,2025-12-05,30.99,30.99,30.99,30.99,30.99,29.6,0.0,0.0,0.0,0.0,0.0,0.0,0.0,0.0,30.99,30.99,30.851999999999997,30.986617217371943,30.950439871556767,30.739047510419063,0.0,0.0,0.00978857018909476,0.0,0.0,0.0,0.0,1.389999999999997,0.046959459459459355,30.99,30.99,30.99,30.99,30.3,30.99,,,1.0,4,12,5,30.99,0.0,SAME,1.0
PCAL,2025-12-08,30.99,30.99,30.99,30.99,30.99,30.3,0.0,0.0,0.0,0.0,0.0,0.0,0.0,0.0,30.99,30.99,30.921,30.98830860868597,30.963626581037847,30.784675235797415,0.0,0.0,0.00720122635483868,0.0,0.0,0.0,0.0,0.6899999999999977,0.022772277227722695,30.99,30.99,30.99,30.99,30.3,30.99,,,1.0,0,12,8,30.99,0.0,SAME,1.0
PCAL,2025-12-09,30.99,30.99,30.99,30.99,30.99,30.3,0.0,0.0,0.0,0.0,0.0,0.0,0.0,0.0,30.99,30.99,30.99,30.989154304342982,30.972417720691897,30.822007011106976,0.0,0.0,0.00720122635483868,0.0,0.0,0.0,0.0,0.6899999999999977,0.022772277227722695,30.99,30.99,30.99,30.99,30.99,30.99,,,,1,12,9,29.42,-1.5699999999999967,DOWN,0.0
PCAL,2025-12-10,29.42,30.99,30.99,30.99,30.99,30.99,-1.5699999999999967,-1.5699999999999967,-1.5699999999999967,-0.05066150371087441,-0.05066150371087441,-0.05066150371087441,-0.05198985662636534,-0.05198985662636534,30.46666666666667,30.676,30.833,30.204577152171492,30.454945147127937,30.56709664545116,0.029249432805024324,0.022656513227974066,0.016020574141543453,-1.5699999999999967,-0.05066150371087437,-1.5699999999999967,-0.05066150371087437,-1.5699999999999967,-0.05066150371087437,29.42,30.99,29.42,30.99,29.42,30.99,0.0,0.0,0.0,2,12,10,29.42,0.0,SAME,1.0
PCAL,2025-12-11,29.42,29.42,30.99,30.99,30.99,30.99,0.0,-1.5699999999999967,-1.5699999999999967,0.0,-0.05066150371087441,-0.05066150371087441,0.0,-0.05198985662636534,29.94333333333334,30.362000000000002,30.676,29.81228857608575,30.109963431418628,30.35853361900549,0.029249432805024324,0.022656513227974066,0.016020574141543453,-1.5699999999999967,-0.05066150371087437,-1.5699999999999967,-0.05066150371087437,-1.5699999999999967,-0.05066150371087437,29.42,30.99,29.42,30.99,29.42,30.99,0.0,0.0,0.0,3,12,11,28.68,-0.740000000000002,DOWN,0.0
PCAL,2025-12-12,28.68,29.42,29.42,30.99,30.99,30.99,-0.740000000000002,-0.740000000000002,-2.3099999999999987,-0.025152957171991952,-0.025152957171991952,-0.0745401742497579,-0.025474699441871963,-0.025474699441871963,29.173333333333336,29.9,30.445,29.246144288042874,29.633308954279087,30.05334568827722,0.025330959842549884,0.022636766094955844,0.017076546505033038,-2.3099999999999987,-0.07454017424975795,-2.3099999999999987,-0.07454017424975795,-2.3099999999999987,-0.07454017424975795,28.68,29.42,28.68,30.99,28.68,30.99,0.0,0.0,0.0,4,12,12,28.43,-0.25,DOWN,0.0
PCAL,2025-12-15,28.43,28.68,29.42,29.42,30.99,30.99,-0.25,-0.990000000000002,-0.990000000000002,-0.008716875871687568,-0.03365057783820535,-0.03365057783820535,-0.008755090068511176,-0.0342297895103831,28.843333333333334,29.387999999999998,30.189,28.83807214402144,29.232205969519395,29.758191926772266,0.012772365664254742,0.021483329345116375,0.01686774847767248,-0.990000000000002,-0.03365057783820537,-2.5599999999999987,-0.08260729267505643,-2.5599999999999987,-0.08260729267505643,28.43,29.42,28.43,30.99,28.43,30.99,0.0,0.0,0.0,0,12,15,28.43,0.0,SAME,1.0
PCAL,2025-12-16,28.43,28.43,28.68,29.42,30.99,30.99,0.0,-0.25,-0.990000000000002,0.0,-0.008716875871687568,-0.03365057783820535,0.0,-0.008755090068511176,28.513333333333332,28.875999999999998,29.933,28.63403607201072,28.964803979679598,29.516702485540943,0.012772365664254742,0.021483329345116375,0.01686774847767248,-0.990000000000002,-0.03365057783820537,-2.5599999999999987,-0.08260729267505643,-2.5599999999999987,-0.08260729267505643,28.43,28.68,28.43,29.42,28.43,30.99,0.0,0.0,0.0,1,12,16,28.4,-0.030000000000001137,DOWN,0.0
PCAL,2025-12-18,28.4,28.43,28.43,28.68,29.42,30.99,-0.030000000000001137,-0.030000000000001137,-0.28000000000000114,-0.0010552233556102575,-0.0010552233556102575,-0.009762900976290179,-0.0010557804957480453,-0.0010557804957480453,28.419999999999998,28.672000000000004,29.674,28.51701803600536,28.776535986453066,29.313665669988044,0.00475742123020557,0.01079139429001048,0.01681220028856865,-0.28000000000000114,-0.009762900976290137,-1.0200000000000031,-0.034670292318151025,-2.59,-0.08357534688609229,28.4,28.43,28.4,29.42,28.4,30.99,0.0,0.0,0.0,3,12,18,28.4,0.0,SAME,1.0
PCAL,2025-12-19,28.4,28.4,28.43,28.43,29.42,30.99,0.0,-0.030000000000001137,-0.030000000000001137,0.0,-0.0010552233556102575,-0.0010552233556102575,0.0,-0.0010557804957480453,28.409999999999997,28.467999999999996,29.415,28.45850901800268,28.65102399096871,29.147544639081126,0.00060923348840532,0.01079139429001048,0.01681220028856865,-0.030000000000001137,-0.0010552233556103108,-1.0200000000000031,-0.034670292318151025,-2.59,-0.08357534688609229,28.4,28.43,28.4,28.68,28.4,30.99,0.0,0.0,0.0,4,12,19,28.33,-0.07000000000000028,DOWN,0.0
PCAL,2025-12-22,28.33,28.4,28.4,28.43,28.68,30.99,-0.07000000000000028,-0.07000000000000028,-0.10000000000000142,-0.0024647887323944184,-0.0024647887323944184,-0.003517411185367636,-0.002467831324735225,-0.002467831324735225,28.376666666666665,28.398000000000003,29.149,28.39425450900134,28.54401599397914,28.998900159248194,0.0012366321453116656,0.0036477499708814556,0.016690409136292578,-0.10000000000000142,-0.0035174111853676195,-0.3500000000000014,-0.012203626220362671,-2.66,-0.08583414004517587,28.33,28.4,28.33,28.43,28.33,30.99,0.0,0.0,0.0,0,12,22,28.33,0.0,SAME,1.0
PCAL,2025-12-23,28.33,28.33,28.4,28.4,28.43,30.99,0.0,-0.07000000000000028,-0.07000000000000028,0.0,-0.0024647887323944184,-0.0024647887323944184,0.0,-0.002467831324735225,28.353333333333335,28.377999999999997,28.883,28.36212725450067,28.472677329319428,28.87728194847579,0.0014230464381385724,0.0010851938542866641,0.016690409136292578,-0.07000000000000028,-0.0024647887323943764,-0.10000000000000142,-0.0035174111853676195,-2.66,-0.08583414004517587,28.33,28.4,28.33,28.43,28.33,30.99,0.0,0.0,0.0,1,12,23,28.33,0.0,SAME,1.0
PCAL,2025-12-24,28.33,28.33,28.33,28.4,28.43,30.99,0.0,0.0,-0.07000000000000028,0.0,0.0,-0.0024647887323944184,0.0,0.0,28.33,28.357999999999997,28.616999999999997,28.346063627250334,28.425118219546285,28.77777613966201,0.0014230464381385724,0.0010851938542866641,0.016690409136292578,-0.07000000000000028,-0.0024647887323943764,-0.10000000000000142,-0.0035174111853676195,-2.66,-0.08583414004517587,28.33,28.33,28.33,28.4,28.33,29.42,,0.0,0.0,2,12,24,28.33,0.0,SAME,1.0
PCAL,2025-12-25,28.33,28.33,28.33,28.33,28.4,29.42,0.0,0.0,0.0,0.0,0.0,0.0,0.0,0.0,28.33,28.343999999999994,28.508000000000003,28.338031813625165,28.39341214636419,28.696362296087095,0.0,0.001102287031150794,0.008000304212180318,0.0,0.0,-0.07000000000000028,-0.0024647887323943764,-1.0900000000000034,-0.0370496261046908,28.33,28.33,28.33,28.4,28.33,29.42,,0.0,0.0,3,12,25,28.33,0.0,SAME,1.0
PCAL,2025-12-26,28.33,28.33,28.33,28.33,28.4,29.42,0.0,0.0,0.0,0.0,0.0,0.0,0.0,0.0,28.33,28.33,28.399,28.33401590681258,28.372274764242796,28.6297509695258,0.0,0.001102287031150794,0.008000304212180318,0.0,0.0,-0.07000000000000028,-0.0024647887323943764,-1.0900000000000034,-0.0370496261046908,28.33,28.33,28.33,28.33,28.33,28.68,,,0.0,4,12,26,28.33,0.0,SAME,1.0
PCAL,2025-12-29,28.33,28.33,28.33,28.33,28.33,28.68,0.0,0.0,0.0,0.0,0.0,0.0,0.0,0.0,28.33,28.33,28.363999999999997,28.33200795340629,28.358183176161866,28.57525079324838,0.0,0.0,0.0027527453386299015,0.0,0.0,0.0,0.0,-0.3500000000000014,-0.012203626220362671,28.33,28.33,28.33,28.33,28.33,28.43,,,0.0,0,12,29,28.0,-0.3299999999999983,DOWN,0.0
PCAL,2025-12-30,28.0,28.33,28.33,28.33,28.33,28.43,-0.3299999999999983,-0.3299999999999983,-0.3299999999999983,-0.011648429226967849,-0.011648429226967849,-0.011648429226967849,-0.01171680366722123,-0.01171680366722123,28.22,28.264,28.320999999999998,28.166003976703145,28.23878878410791,28.47065973993049,0.0067252237498251505,0.005209335916516738,0.003649450827615288,-0.3299999999999983,-0.01164842922696782,-0.3299999999999983,-0.01164842922696782,-0.4299999999999997,-0.01512486809708054,28.0,28.33,28.0,28.33,28.0,28.43,0.0,0.0,0.0,1,12,30,28.0,0.0,SAME,1.0
PCAL,2025-12-31,28.0,28.0,28.33,28.33,28.33,28.43,0.0,-0.3299999999999983,-0.3299999999999983,0.0,-0.011648429226967849,-0.011648429226967849,0.0,-0.01171680366722123,28.11,28.198,28.278,28.083001988351572,28.159192522738607,28.385085241761306,0.0067252237498251505,0.005209335916516738,0.003649450827615288,-0.3299999999999983,-0.01164842922696782,-0.3299999999999983,-0.01164842922696782,-0.4299999999999997,-0.01512486809708054,28.0,28.33,28.0,28.33,28.0,28.4,0.0,0.0,0.0,2,12,31,28.0,0.0,SAME,1.0
PCAL,2026-01-01,28.0,28.0,28.0,28.33,28.33,28.4,0.0,0.0,-0.3299999999999983,0.0,0.0,-0.011648429226967849,0.0,0.0,28.0,28.131999999999998,28.238,28.041500994175784,28.106128348492405,28.315069743259247,0.0067252237498251505,0.005209335916516738,0.0036794141265838304,-0.3299999999999983,-0.01164842922696782,-0.3299999999999983,-0.01164842922696782,-0.3999999999999986,-0.014084507042253471,28.0,28.0,28.0,28.33,28.0,28.4,,0.0,0.0,3,1,1,28.0,0.0,SAME,1.0
PCAL,2026-01-05,28.0,28.0,28.0,28.0,28.33,28.4,0.0,0.0,0.0,0.0,0.0,0.0,0.0,0.0,28.0,28.065999999999995,28.198,28.020750497087892,28.07075223232827,28.25778433539393,0.0,0.005209335916516738,0.0036794141265838304,0.0,0.0,-0.3299999999999983,-0.01164842922696782,-0.3999999999999986,-0.014084507042253471,28.0,28.0,28.0,28.33,28.0,28.33,,0.0,0.0,0,1,5,28.0,0.0,SAME,1.0
PCAL,2026-01-06,28.0,28.0,28.0,28.0,28.33,28.33,0.0,0.0,0.0,0.0,0.0,0.0,0.0,0.0,28.0,28.0,28.165,28.010375248543944,28.047168154885515,28.210914456231393,0.0,0.005209335916516738,0.0036835567520488517,0.0,0.0,-0.3299999999999983,-0.01164842922696782,-0.3299999999999983,-0.01164842922696782,28.0,28.0,28.0,28.0,28.0,28.33,,,0.0,1,1,6,26.52,-1.4800000000000004,DOWN,0.0
PCAL,2026-01-07,26.52,28.0,28.0,28.0,28.0,28.33,-1.4800000000000004,-1.4800000000000004,-1.4800000000000004,-0.052857142857142825,-0.052857142857142825,-0.052857142857142825,-0.05430534485754213,-0.05430534485754213,27.506666666666664,27.704,27.983999999999998,27.265187624271974,27.538112103257014,27.90347546418932,0.03051708565716568,0.023638432904997245,0.016711494951034994,-1.4800000000000004,-0.05285714285714287,-1.4800000000000004,-0.05285714285714287,-1.8099999999999987,-0.06388986939639954,26.52,28.0,26.52,28.0,26.52,28.33,0.0,0.0,0.0,2,1,7,26.52,0.0,SAME,1.0
PCAL,2026-01-08,26.52,26.52,28.0,28.0,28.0,28.33,0.0,-1.4800000000000004,-1.4800000000000004,0.0,-0.052857142857142825,-0.052857142857142825,0.0,-0.05430534485754213,27.013333333333332,27.407999999999998,27.803000000000004,26.892593812135985,27.198741402171343,27.651934470700354,0.03051708565716568,0.023638432904997245,0.016711494951034994,-1.4800000000000004,-0.05285714285714287,-1.4800000000000004,-0.05285714285714287,-1.8099999999999987,-0.06388986939639954,26.52,28.0,26.52,28.0,26.52,28.33,0.0,0.0,0.0,3,1,8,26.52,0.0,SAME,1.0
PCAL,2026-01-09,26.52,26.52,26.52,28.0,28.0,28.33,0.0,0.0,-1.4800000000000004,0.0,0.0,-0.052857142857142825,0.0,0.0,26.52,27.112000000000002,27.621999999999996,26.70629690606799,26.972494268114232,27.44612820330029,0.03051708565716568,0.023638432904997245,0.016711494951034994,-1.4800000000000004,-0.05285714285714287,-1.4800000000000004,-0.05285714285714287,-1.8099999999999987,-0.06388986939639954,26.52,26.52,26.52,28.0,26.52,28.33,,0.0,0.0,4,1,9,26.52,0.0,SAME,1.0
PCAL,2026-01-12,26.52,26.52,26.52,26.52,28.0,28.33,0.0,0.0,0.0,0.0,0.0,0.0,0.0,0.0,26.52,26.815999999999995,27.441000000000003,26.613148453033993,26.82166284540949,27.277741257245694,0.0,0.023638432904997245,0.016711494951034994,0.0,0.0,-1.4800000000000004,-0.05285714285714287,-1.8099999999999987,-0.06388986939639954,26.52,26.52,26.52,28.0,26.52,28.33,,0.0,0.0,0,1,12,26.52,0.0,SAME,1.0
PCAL,2026-01-13,26.52,26.52,26.52,26.52,28.0,28.33,0.0,0.0,0.0,0.0,0.0,0.0,0.0,0.0,26.52,26.52,27.26,26.566574226516998,26.72110856360633,27.13997011956466,0.0,0.023638432904997245,0.016711494951034994,0.0,0.0,-1.4800000000000004,-0.05285714285714287,-1.8099999999999987,-0.06388986939639954,26.52,26.52,26.52,26.52,26.52,28.0,,,0.0,1,1,13,26.52,0.0,SAME,1.0
PCAL,2026-01-14,26.52,26.52,26.52,26.52,26.52,28.0,0.0,0.0,0.0,0.0,0.0,0.0,0.0,0.0,26.52,26.52,27.112000000000002,26.5432871132585,26.654072375737556,27.027248279643807,0.0,0.0,0.016714896203747037,0.0,0.0,0.0,0.0,-1.4800000000000004,-0.05285714285714287,26.52,26.52,26.52,26.52,26.52,28.0,,,0.0,2,1,14,26.52,0.0,SAME,1.0
PCAL,2026-01-15,26.52,26.52,26.52,26.52,26.52,28.0,0.0,0.0,0.0,0.0,0.0,0.0,0.0,0.0,26.52,26.52,26.964,26.53164355662925,26.60938158382504,26.935021319708568,0.0,0.0,0.016714896203747037,0.0,0.0,0.0,0.0,-1.4800000000000004,-0.05285714285714287,26.52,26.52,26.52,26.52,26.52,28.0,,,0.0,3,1,15,26.52,0.0,SAME,1.0
PCAL,2026-01-16,26.52,26.52,26.52,26.52,26.52,28.0,0.0,0.0,0.0,0.0,0.0,0.0,0.0,0.0,26.52,26.52,26.815999999999995,26.525821778314622,26.57958772255003,26.85956289794337,0.0,0.0,0.016714896203747037,0.0,0.0,0.0,0.0,-1.4800000000000004,-0.05285714285714287,26.52,26.52,26.52,26.52,26.52,28.0,,,0.0,4,1,16,26.52,0.0,SAME,1.0
PCAL,2026-01-20,26.52,26.52,26.52,26.52,26.52,28.0,0.0,0.0,0.0,0.0,0.0,0.0,0.0,0.0,26.52,26.52,26.668,26.52291088915731,26.559725148366688,26.79782418922639,0.0,0.0,0.016714896203747037,0.0,0.0,0.0,0.0,-1.4800000000000004,-0.05285714285714287,26.52,26.52,26.52,26.52,26.52,28.0,,,0.0,1,1,20,26.52,0.0,SAME,1.0
PCAL,2026-01-21,26.52,26.52,26.52,26.52,26.52,28.0,0.0,0.0,0.0,0.0,0.0,0.0,0.0,0.0,26.52,26.52,26.52,26.521455444578656,26.54648343224446,26.747310700276138,0.0,0.0,0.016714896203747037,0.0,0.0,0.0,0.0,-1.4800000000000004,-0.05285714285714287,26.52,26.52,26.52,26.52,26.52,26.52,,,,2,1,21,26.52,0.0,SAME,1.0
PCAL,2026-01-22,26.52,26.52,26.52,26.52,26.52,26.52,0.0,0.0,0.0,0.0,0.0,0.0,0.0,0.0,26.52,26.52,26.52,26.52072772228933,26.53765562149631,26.70598148204411,0.0,0.0,0.0,0.0,0.0,0.0,0.0,0.0,0.0,26.52,26.52,26.52,26.52,26.52,26.52,,,,3,1,22,28.65,2.129999999999999,UP,2.0
PCAL,2026-01-23,28.65,26.52,26.52,26.52,26.52,26.52,2.129999999999999,2.129999999999999,2.129999999999999,0.0803167420814479,0.0803167420814479,0.0803167420814479,0.07725427784308675,0.07725427784308675,27.23,26.945999999999998,26.732999999999997,27.585363861144664,27.241770414330873,27.059439394399725,0.046370892661157535,0.03591873900508675,0.025398383922166774,2.129999999999999,0.08031674208144793,2.129999999999999,0.08031674208144793,2.129999999999999,0.08031674208144793,26.52,28.65,26.52,28.65,26.52,28.65,1.0,1.0,1.0,4,1,23,28.65,0.0,SAME,1.0
PCAL,2026-01-26,28.65,28.65,26.52,26.52,26.52,26.52,0.0,2.129999999999999,2.129999999999999,0.0,0.0803167420814479,0.0803167420814479,0.0,0.07725427784308675,27.939999999999998,27.371999999999996,26.945999999999998,28.11768193057233,27.71118027622058,27.348632231781593,0.046370892661157535,0.03591873900508675,0.025398383922166774,2.129999999999999,0.08031674208144793,2.129999999999999,0.08031674208144793,2.129999999999999,0.08031674208144793,26.52,28.65,26.52,28.65,26.52,28.65,1.0,1.0,1.0,0,1,26,28.65,0.0,SAME,1.0
PCAL,2026-01-27,28.65,28.65,28.65,26.52,26.52,26.52,0.0,0.0,2.129999999999999,0.0,0.0,0.0803167420814479,0.0,0.0,28.65,27.798000000000002,27.159000000000002,28.383840965286165,28.02412018414706,27.58524455327585,0.046370892661157535,0.03591873900508675,0.025398383922166774,2.129999999999999,0.08031674208144793,2.129999999999999,0.08031674208144793,2.129999999999999,0.08031674208144793,28.65,28.65,26.52,28.65,26.52,28.65,,1.0,1.0,1,1,27,28.65,0.0,SAME,1.0
PCAL,2026-01-28,28.65,28.65,28.65,28.65,26.52,26.52,0.0,0.0,0.0,0.0,0.0,0.0,0.0,0.0,28.65,28.223999999999997,27.371999999999996,28.51692048264308,28.232746789431374,27.77883645268024,0.0,0.03591873900508675,0.025398383922166774,0.0,0.0,2.129999999999999,0.08031674208144793,2.129999999999999,0.08031674208144793,28.65,28.65,26.52,28.65,26.52,28.65,,1.0,1.0,2,1,28,28.65,0.0,SAME,1.0
PCAL,2026-01-29,28.65,28.65,28.65,28.65,26.52,26.52,0.0,0.0,0.0,0.0,0.0,0.0,0.0,0.0,28.65,28.65,27.584999999999997,28.58346024132154,28.371831192954254,27.937229824920195,0.0,0.03591873900508675,0.025398383922166774,0.0,0.0,2.129999999999999,0.08031674208144793,2.129999999999999,0.08031674208144793,28.65,28.65,28.65,28.65,26.52,28.65,,,1.0,3,1,29,28.65,0.0,SAME,1.0
PCAL,2026-01-30,28.65,28.65,28.65,28.65,28.65,26.52,0.0,0.0,0.0,0.0,0.0,0.0,0.0,0.0,28.65,28.65,27.798000000000002,28.61673012066077,28.464554128636173,28.06682440220743,0.0,0.0,0.025398383922166774,0.0,0.0,0.0,0.0,2.129999999999999,0.08031674208144793,28.65,28.65,28.65,28.65,26.52,28.65,,,1.0,4,1,30,28.65,0.0,SAME,1.0
PCAL,2026-02-02,28.65,28.65,28.65,28.65,28.65,26.52,0.0,0.0,0.0,0.0,0.0,0.0,0.0,0.0,28.65,28.65,28.011000000000003,28.633365060330384,28.526369419090784,28.172856329078805,0.0,0.0,0.025398383922166774,0.0,0.0,0.0,0.0,2.129999999999999,0.08031674208144793,28.65,28.65,28.65,28.65,26.52,28.65,,,1.0,0,2,2,28.65,0.0,SAME,1.0
PCAL,2026-02-03,28.65,28.65,28.65,28.65,28.65,26.52,0.0,0.0,0.0,0.0,0.0,0.0,0.0,0.0,28.65,28.65,28.223999999999997,28.64168253016519,28.567579612727194,28.259609723791748,0.0,0.0,0.025398383922166774,0.0,0.0,0.0,0.0,2.129999999999999,0.08031674208144793,28.65,28.65,28.65,28.65,26.52,28.65,,,1.0,1,2,3,28.65,0.0,SAME,1.0
PCAL,2026-02-04,28.65,28.65,28.65,28.65,28.65,26.52,0.0,0.0,0.0,0.0,0.0,0.0,0.0,0.0,28.65,28.65,28.437,28.645841265082595,28.595053075151462,28.33058977401143,0.0,0.0,0.025398383922166774,0.0,0.0,0.0,0.0,2.129999999999999,0.08031674208144793,28.65,28.65,28.65,28.65,26.52,28.65,,,1.0,2,2,4,28.65,0.0,SAME,1.0
PCAL,2026-02-05,28.65,28.65,28.65,28.65,28.65,26.52,0.0,0.0,0.0,0.0,0.0,0.0,0.0,0.0,28.65,28.65,28.65,28.647920632541297,28.613368716767646,28.388664360554806,0.0,0.0,0.025398383922166774,0.0,0.0,0.0,0.0,2.129999999999999,0.08031674208144793,28.65,28.65,28.65,28.65,28.65,28.65,,,,3,2,5,28.65,0.0,SAME,1.0
PCAL,2026-02-06,28.65,28.65,28.65,28.65,28.65,28.65,0.0,0.0,0.0,0.0,0.0,0.0,0.0,0.0,28.65,28.65,28.65,28.648960316270646,28.625579144511768,28.43617993136302,0.0,0.0,0.0,0.0,0.0,0.0,0.0,0.0,0.0,28.65,28.65,28.65,28.65,28.65,28.65,,,,4,2,6,28.65,0.0,SAME,1.0
PCAL,2026-02-09,28.65,28.65,28.65,28.65,28.65,28.65,0.0,0.0,0.0,0.0,0.0,0.0,0.0,0.0,28.65,28.65,28.65,28.649480158135322,28.633719429674514,28.475056307478837,0.0,0.0,0.0,0.0,0.0,0.0,0.0,0.0,0.0,28.65,28.65,28.65,28.65,28.65,28.65,,,,0,2,9,28.65,0.0,SAME,1.0
PCAL,2026-02-10,28.65,28.65,28.65,28.65,28.65,28.65,0.0,0.0,0.0,0.0,0.0,0.0,0.0,0.0,28.65,28.65,28.65,28.649740079067662,28.63914628644968,28.506864251573596,0.0,0.0,0.0,0.0,0.0,0.0,0.0,0.0,0.0,28.65,28.65,28.65,28.65,28.65,28.65,,,,1,2,10,28.65,0.0,SAME,1.0
PCAL,2026-02-11,28.65,28.65,28.65,28.65,28.65,28.65,0.0,0.0,0.0,0.0,0.0,0.0,0.0,0.0,28.65,28.65,28.65,28.64987003953383,28.642764190966453,28.532888933105667,0.0,0.0,0.0,0.0,0.0,0.0,0.0,0.0,0.0,28.65,28.65,28.65,28.65,28.65,28.65,,,,2,2,11,27.5,-1.1499999999999986,DOWN,0.0
PCAL,2026-02-12,27.5,28.65,28.65,28.65,28.65,28.65,-1.1499999999999986,-1.1499999999999986,-1.1499999999999986,-0.04013961605584637,-0.04013961605584637,-0.04013961605584637,-0.04096743848822291,-0.04096743848822291,28.266666666666666,28.419999999999998,28.535000000000004,28.074935019766915,28.261842793977635,28.34509094526827,0.023174618135010813,0.017950982018322216,0.012693261114113763,-1.1499999999999986,-0.04013961605584637,-1.1499999999999986,-0.04013961605584637,-1.1499999999999986,-0.04013961605584637,27.5,28.65,27.5,28.65,27.5,28.65,0.0,0.0,0.0,3,2,12,27.5,0.0,SAME,1.0
PCAL,2026-02-13,27.5,27.5,28.65,28.65,28.65,28.65,0.0,-1.1499999999999986,-1.1499999999999986,0.0,-0.04013961605584637,-0.04013961605584637,0.0,-0.04096743848822291,27.88333333333333,28.189999999999998,28.419999999999998,27.787467509883456,28.007895195985093,28.191438046128585,0.023174618135010813,0.017950982018322216,0.012693261114113763,-1.1499999999999986,-0.04013961605584637,-1.1499999999999986,-0.04013961605584637,-1.1499999999999986,-0.04013961605584637,27.5,28.65,27.5,28.65,27.5,28.65,0.0,0.0,0.0,4,2,13,27.5,0.0,SAME,1.0
PCAL,2026-02-16,27.5,27.5,27.5,28.65,28.65,28.65,0.0,0.0,-1.1499999999999986,0.0,0.0,-0.04013961605584637,0.0,0.0,27.5,27.959999999999997,28.305,27.643733754941728,27.838596797323397,28.06572203774157,0.023174618135010813,0.017950982018322216,0.012693261114113763,-1.1499999999999986,-0.04013961605584637,-1.1499999999999986,-0.04013961605584637,-1.1499999999999986,-0.04013961605584637,27.5,27.5,27.5,28.65,27.5,28.65,,0.0,0.0,0,2,16,27.5,0.0,SAME,1.0
PCAL,2026-02-17,27.5,27.5,27.5,27.5,28.65,28.65,0.0,0.0,0.0,0.0,0.0,0.0,0.0,0.0,27.5,27.73,28.189999999999998,27.571866877470864,27.7257311982156,27.96286348542492,0.0,0.017950982018322216,0.012693261114113763,0.0,0.0,-1.1499999999999986,-0.04013961605584637,-1.1499999999999986,-0.04013961605584637,27.5,27.5,27.5,28.65,27.5,28.65,,0.0,0.0,1,2,17,27.5,0.0,SAME,1.0
PCAL,2026-02-20,27.5,27.5,27.5,27.5,28.65,28.65,0.0,0.0,0.0,0.0,0.0,0.0,0.0,0.0,27.5,27.5,28.075,27.535933438735434,27.65048746547707,27.878706488074933,0.0,0.017950982018322216,0.012693261114113763,0.0,0.0,-1.1499999999999986,-0.04013961605584637,-1.1499999999999986,-0.04013961605584637,27.5,27.5,27.5,27.5,27.5,28.65,,,0.0,4,2,20,27.5,0.0,SAME,1.0
PCAL,2026-02-24,27.5,27.5,27.5,27.5,27.5,28.65,0.0,0.0,0.0,0.0,0.0,0.0,0.0,0.0,27.5,27.5,27.96,27.517966719367717,27.600324976984716,27.8098507629704,0.0,0.0,0.012693261114113763,0.0,0.0,0.0,0.0,-1.1499999999999986,-0.04013961605584637,27.5,27.5,27.5,27.5,27.5,28.65,,,0.0,1,2,24,27.5,0.0,SAME,1.0
PCAL,2026-02-25,27.5,27.5,27.5,27.5,27.5,28.65,0.0,0.0,0.0,0.0,0.0,0.0,0.0,0.0,27.5,27.5,27.845,27.50898335968386,27.566883317989813,27.753514260612143,0.0,0.0,0.012693261114113763,0.0,0.0,0.0,0.0,-1.1499999999999986,-0.04013961605584637,27.5,27.5,27.5,27.5,27.5,28.65,,,0.0,2,2,25,27.5,0.0,SAME,1.0
PCAL,2026-02-26,27.5,27.5,27.5,27.5,27.5,28.65,0.0,0.0,0.0,0.0,0.0,0.0,0.0,0.0,27.5,27.5,27.73,27.50449167984193,27.54458887865988,27.70742075868266,0.0,0.0,0.012693261114113763,0.0,0.0,0.0,0.0,-1.1499999999999986,-0.04013961605584637,27.5,27.5,27.5,27.5,27.5,28.65,,,0.0,3,2,26,27.5,0.0,SAME,1.0
PCAL,2026-02-27,27.5,27.5,27.5,27.5,27.5,28.65,0.0,0.0,0.0,0.0,0.0,0.0,0.0,0.0,27.5,27.5,27.615,27.502245839920967,27.52972591910659,27.669707893467628,0.0,0.0,0.012693261114113763,0.0,0.0,0.0,0.0,-1.1499999999999986,-0.04013961605584637,27.5,27.5,27.5,27.5,27.5,28.65,,,0.0,4,2,27,27.5,0.0,SAME,1.0
PCAL,2026-03-02,27.5,27.5,27.5,27.5,27.5,28.65,0.0,0.0,0.0,0.0,0.0,0.0,0.0,0.0,27.5,27.5,27.5,27.501122919960483,27.519817279404393,27.638851912837147,0.0,0.0,0.012693261114113763,0.0,0.0,0.0,0.0,-1.1499999999999986,-0.04013961605584637,27.5,27.5,27.5,27.5,27.5,27.5,,,,0,3,2,27.5,0.0,SAME,1.0
PCAL,2026-03-03,27.5,27.5,27.5,27.5,27.5,27.5,0.0,0.0,0.0,0.0,0.0,0.0,0.0,0.0,27.5,27.5,27.5,27.50056145998024,27.513211519602933,27.61360611050312,0.0,0.0,0.0,0.0,0.0,0.0,0.0,0.0,0.0,27.5,27.5,27.5,27.5,27.5,27.5,,,,1,3,3,27.5,0.0,SAME,1.0
PCAL,2026-03-04,27.5,27.5,27.5,27.5,27.5,27.5,0.0,0.0,0.0,0.0,0.0,0.0,0.0,0.0,27.5,27.5,27.5,27.50028072999012,27.50880767973529,27.592950454048005,0.0,0.0,0.0,0.0,0.0,0.0,0.0,0.0,0.0,27.5,27.5,27.5,27.5,27.5,27.5,,,,2,3,4,27.5,0.0,SAME,1.0
PCAL,2026-03-05,27.5,27.5,27.5,27.5,27.5,27.5,0.0,0.0,0.0,0.0,0.0,0.0,0.0,0.0,27.5,27.5,27.5,27.50014036499506,27.505871786490196,27.57605037149382,0.0,0.0,0.0,0.0,0.0,0.0,0.0,0.0,0.0,27.5,27.5,27.5,27.5,27.5,27.5,,,,3,3,5,28.0,0.5,UP,2.0
PCAL,2026-03-06,28.0,27.5,27.5,27.5,27.5,27.5,0.5,0.5,0.5,0.018181818181818077,0.018181818181818077,0.018181818181818077,0.018018505502678212,0.018018505502678212,27.666666666666668,27.6,27.55,27.75007018249753,27.670581190993467,27.653132122131307,0.010497277621628815,0.008131156281815865,0.005749595745760387,0.5,0.01818181818181818,0.5,0.01818181818181818,0.5,0.01818181818181818,27.5,28.0,27.5,28.0,27.5,28.0,1.0,1.0,1.0,4,3,6,28.0,0.0,SAME,1.0
PCAL,2026-03-09,28.0,28.0,27.5,27.5,27.5,27.5,0.0,0.5,0.5,0.0,0.018181818181818077,0.018181818181818077,0.0,0.018018505502678212,27.833333333333332,27.7,27.6,27.875035091248765,27.78038746066231,27.71619900901652,0.010497277621628815,0.008131156281815865,0.005749595745760387,0.5,0.01818181818181818,0.5,0.01818181818181818,0.5,0.01818181818181818,27.5,28.0,27.5,28.0,27.5,28.0,1.0,1.0,1.0,0,3,9,28.0,0.0,SAME,1.0
PCAL,2026-03-10,28.0,28.0,28.0,27.5,27.5,27.5,0.0,0.0,0.5,0.0,0.0,0.018181818181818077,0.0,0.0,28.0,27.8,27.65,27.93751754562438,27.853591640441543,27.767799189195333,0.010497277621628815,0.008131156281815865,0.005749595745760387,0.5,0.01818181818181818,0.5,0.01818181818181818,0.5,0.01818181818181818,28.0,28.0,27.5,28.0,27.5,28.0,,1.0,1.0,1,3,10,28.0,0.0,SAME,1.0
PCAL,2026-03-11,28.0,28.0,28.0,28.0,27.5,27.5,0.0,0.0,0.0,0.0,0.0,0.0,0.0,0.0,28.0,27.9,27.7,27.96875877281219,27.90239442696103,27.81001751843254,0.0,0.008131156281815865,0.005749595745760387,0.0,0.0,0.5,0.01818181818181818,0.5,0.01818181818181818,28.0,28.0,27.5,28.0,27.5,28.0,,1.0,1.0,2,3,11,28.0,0.0,SAME,1.0
PCAL,2026-03-12,28.0,28.0,28.0,28.0,27.5,27.5,0.0,0.0,0.0,0.0,0.0,0.0,0.0,0.0,28.0,28.0,27.75,27.984379386406097,27.93492961797402,27.84455978780844,0.0,0.008131156281815865,0.005749595745760387,0.0,0.0,0.5,0.01818181818181818,0.5,0.01818181818181818,28.0,28.0,28.0,28.0,27.5,28.0,,,1.0,3,3,12,28.0,0.0,SAME,1.0
PCAL,2026-03-13,28.0,28.0,28.0,28.0,28.0,27.5,0.0,0.0,0.0,0.0,0.0,0.0,0.0,0.0,28.0,28.0,27.8,27.99218969320305,27.956619745316015,27.87282164457054,0.0,0.0,0.005749595745760387,0.0,0.0,0.0,0.0,0.5,0.01818181818181818,28.0,28.0,28.0,28.0,27.5,28.0,,,1.0,4,3,13,28.0,0.0,SAME,1.0
PCAL,2026-03-16,28.0,28.0,28.0,28.0,28.0,27.5,0.0,0.0,0.0,0.0,0.0,0.0,0.0,0.0,28.0,28.0,27.85,27.996094846601522,27.971079830210677,27.895944981921346,0.0,0.0,0.005749595745760387,0.0,0.0,0.0,0.0,0.5,0.01818181818181818,28.0,28.0,28.0,28.0,27.5,28.0,,,1.0,0,3,16,28.0,0.0,SAME,1.0
PCAL,2026-03-17,28.0,28.0,28.0,28.0,28.0,27.5,0.0,0.0,0.0,0.0,0.0,0.0,0.0,0.0,28.0,28.0,27.9,27.99804742330076,27.98071988680712,27.914864076117464,0.0,0.0,0.005749595745760387,0.0,0.0,0.0,0.0,0.5,0.01818181818181818,28.0,28.0,28.0,28.0,27.5,28.0,,,1.0,1,3,17,28.0,0.0,SAME,1.0
PCAL,2026-03-18,28.0,28.0,28.0,28.0,28.0,27.5,0.0,0.0,0.0,0.0,0.0,0.0,0.0,0.0,28.0,28.0,27.95,27.99902371165038,27.98714659120475,27.930343335005194,0.0,0.0,0.005749595745760387,0.0,0.0,0.0,0.0,0.5,0.01818181818181818,28.0,28.0,28.0,28.0,27.5,28.0,,,1.0,2,3,18,28.0,0.0,SAME,1.0
PCAL,2026-03-19,28.0,28.0,28.0,28.0,28.0,27.5,0.0,0.0,0.0,0.0,0.0,0.0,0.0,0.0,28.0,28.0,28.0,27.99951185582519,27.991431060803166,27.943008183186066,0.0,0.0,0.005749595745760387,0.0,0.0,0.0,0.0,0.5,0.01818181818181818,28.0,28.0,28.0,28.0,28.0,28.0,,,,3,3,19,28.0,0.0,SAME,1.0
PCAL,2026-03-20,28.0,28.0,28.0,28.0,28.0,28.0,0.0,0.0,0.0,0.0,0.0,0.0,0.0,0.0,28.0,28.0,28.0,27.999755927912595,27.99428737386878,27.953370331697688,0.0,0.0,0.0,0.0,0.0,0.0,0.0,0.0,0.0,28.0,28.0,28.0,28.0,28.0,28.0,,,,4,3,20,29.0,1.0,UP,2.0
PCAL,2026-03-23,29.0,28.0,28.0,28.0,28.0,28.0,1.0,1.0,1.0,0.03571428571428581,0.03571428571428581,0.03571428571428581,0.03509131981127019,0.03509131981127019,28.333333333333332,28.2,28.1,28.499877963956298,28.329524915912522,28.14366663502538,0.02061965247105777,0.015971914124997773,0.01129384878631554,1.0,0.03571428571428571,1.0,0.03571428571428571,1.0,0.03571428571428571,28.0,29.0,28.0,29.0,28.0,29.0,1.0,1.0,1.0,0,3,23,29.0,0.0,SAME,1.0
PCAL,2026-03-24,29.0,29.0,28.0,28.0,28.0,28.0,0.0,1.0,1.0,0.0,0.03571428571428581,0.03571428571428581,0.0,0.03509131981127019,28.666666666666668,28.4,28.2,28.749938981978147,28.553016610608353,28.29936361047531,0.02061965247105777,0.015971914124997773,0.01129384878631554,1.0,0.03571428571428571,1.0,0.03571428571428571,1.0,0.03571428571428571,28.0,29.0,28.0,29.0,28.0,29.0,1.0,1.0,1.0,1,3,24,29.0,0.0,SAME,1.0
PCAL,2026-03-25,29.0,29.0,29.0,28.0,28.0,28.0,0.0,0.0,1.0,0.0,0.0,0.03571428571428581,0.0,0.0,29.0,28.6,28.3,28.874969490989074,28.702011073738902,28.426752044934343,0.02061965247105777,0.015971914124997773,0.01129384878631554,1.0,0.03571428571428571,1.0,0.03571428571428571,1.0,0.03571428571428571,29.0,29.0,28.0,29.0,28.0,29.0,,1.0,1.0,2,3,25,29.0,0.0,SAME,1.0
PCAL,2026-03-26,29.0,29.0,29.0,29.0,28.0,28.0,0.0,0.0,0.0,0.0,0.0,0.0,0.0,0.0,29.0,28.8,28.4,28.937484745494537,28.801340715825937,28.53097894585537,0.0,0.015971914124997773,0.01129384878631554,0.0,0.0,1.0,0.03571428571428571,1.0,0.03571428571428571,29.0,29.0,28.0,29.0,28.0,29.0,,1.0,1.0,3,3,26,29.0,0.0,SAME,1.0
PCAL,2026-03-27,29.0,29.0,29.0,29.0,28.0,28.0,0.0,0.0,0.0,0.0,0.0,0.0,0.0,0.0,29.0,29.0,28.5,28.96874237274727,28.867560477217296,28.61625550115439,0.0,0.015971914124997773,0.01129384878631554,0.0,0.0,1.0,0.03571428571428571,1.0,0.03571428571428571,29.0,29.0,29.0,29.0,28.0,29.0,,,1.0,4,3,27,27.0,-2.0,DOWN,0.0
PCAL,2026-03-30,27.0,29.0,29.0,29.0,29.0,28.0,-2.0,-2.0,-2.0,-0.06896551724137934,-0.06896551724137934,-0.06896551724137934,-0.07145896398214498,-0.07145896398214498,28.333333333333332,28.6,28.4,27.984371186373636,28.245040318144866,28.322390864580864,0.039817259944111956,0.03084231693103119,0.02564975272275384,-2.0,-0.06896551724137931,-2.0,-0.06896551724137931,-1.0,-0.03571428571428571,27.0,29.0,27.0,29.0,27.0,29.0,0.0,0.0,0.0,0,3,30,27.26,0.26000000000000156,UP,2.0
PCAL,2026-03-31,27.26,27.0,29.0,29.0,29.0,28.0,0.26000000000000156,-1.7399999999999984,-1.7399999999999984,0.009629629629629655,-0.05999999999999994,-0.05999999999999994,0.009583560264057506,-0.06187540371808741,27.753333333333334,28.252,28.326,27.62218559318682,27.91669354542991,28.129228889202523,0.042868343889266004,0.03219014920530772,0.02596725401910862,-1.7399999999999984,-0.05999999999999995,-1.7399999999999984,-0.05999999999999995,-0.7399999999999984,-0.026428571428571374,27.0,29.0,27.0,29.0,27.0,29.0,0.13000000000000078,0.13000000000000078,0.13000000000000078,1,3,31,27.17,-0.08999999999999986,DOWN,0.0
PCAL,2026-04-01,27.17,27.26,27.0,29.0,29.0,28.0,-0.08999999999999986,0.1700000000000017,-1.8299999999999983,-0.0033015407190022383,0.006296296296296466,-0.063103448275862,-0.003307002830130221,0.006276557433927467,27.143333333333334,27.886000000000003,28.243000000000002,27.39609279659341,27.667795696953277,27.954823636620244,0.04214295135012105,0.031918580093403065,0.025954869270290892,-1.8299999999999983,-0.063103448275862,-1.8299999999999983,-0.063103448275862,-0.8299999999999983,-0.029642857142857082,27.0,27.26,27.0,29.0,27.0,29.0,0.6538461538461565,0.08500000000000085,0.08500000000000085,2,4,1,27.17,0.0,SAME,1.0
PCAL,2026-04-02,27.17,27.17,27.26,27.0,29.0,28.0,0.0,-0.08999999999999986,0.1700000000000017,0.0,-0.0033015407190022383,0.006296296296296466,0.0,-0.003307002830130221,27.200000000000003,27.52,28.160000000000004,27.283046398296705,27.501863797968852,27.812128429962016,0.006718694125452298,0.031918580093403065,0.025954869270290892,0.1700000000000017,0.00629629629629636,-1.8299999999999983,-0.063103448275862,-0.8299999999999983,-0.029642857142857082,27.17,27.26,27.0,29.0,27.0,29.0,0.0,0.08500000000000085,0.08500000000000085,3,4,2,26.07,-1.1000000000000014,DOWN,0.0
PCAL,2026-04-03,26.07,27.17,27.17,27.26,29.0,28.0,-1.1000000000000014,-1.1000000000000014,-1.1900000000000013,-0.04048582995951422,-0.04048582995951422,-0.043653705062362436,-0.04132819549284606,-0.04132819549284606,26.80333333333333,26.934000000000005,27.967000000000002,26.676523199148352,27.02457586531257,27.495377806332556,0.022482118690757693,0.03306090460696921,0.028519171289797793,-1.1900000000000013,-0.04365370506236248,-2.9299999999999997,-0.10103448275862068,-1.9299999999999997,-0.06892857142857142,26.07,27.17,26.07,27.26,26.07,29.0,0.0,0.0,0.0,4,4,3,26.07,0.0,SAME,1.0
PCAL,2026-04-06,26.07,26.07,27.17,27.17,27.0,29.0,0.0,-1.1000000000000014,-1.1000000000000014,0.0,-0.04048582995951422,-0.04048582995951422,0.0,-0.04132819549284606,26.436666666666667,26.748,27.674,26.373261599574178,26.70638391020838,27.23621820518118,0.023374504825490645,0.019425383591586482,0.02457535869245324,-1.1000000000000014,-0.04048582995951422,-0.9299999999999997,-0.03444444444444444,-2.9299999999999997,-0.10103448275862068,26.07,27.17,26.07,27.26,26.07,29.0,0.0,0.0,0.0,0,4,6,26.07,0.0,SAME,1.0
PCAL,2026-04-07,26.07,26.07,26.07,27.17,27.26,29.0,0.0,0.0,-1.1000000000000014,0.0,0.0,-0.04048582995951422,0.0,0.0,26.07,26.51,27.381,26.22163079978709,26.49425594013892,27.024178531511872,0.023374504825490645,0.017794211365232435,0.02457535869245324,-1.1000000000000014,-0.04048582995951422,-1.1900000000000013,-0.04365370506236248,-2.9299999999999997,-0.10103448275862068,26.07,26.07,26.07,27.17,26.07,29.0,,0.0,0.0,1,4,7,26.07,0.0,SAME,1.0
PCAL,2026-04-08,26.07,26.07,26.07,26.07,27.17,29.0,0.0,0.0,0.0,0.0,0.0,0.0,0.0,0.0,26.07,26.29,27.088,26.145815399893543,26.35283729342595,26.850691525782437,0.0,0.018105813582993582,0.02457535869245324,0.0,0.0,-1.1000000000000014,-0.04048582995951422,-2.9299999999999997,-0.10103448275862068,26.07,26.07,26.07,27.17,26.07,29.0,,0.0,0.0,2,4,8,25.5,-0.5700000000000003,DOWN,0.0
PCAL,2026-04-09,25.5,26.07,26.07,26.07,27.17,29.0,-0.5700000000000003,-0.5700000000000003,-0.5700000000000003,-0.021864211737629424,-0.021864211737629424,-0.021864211737629424,-0.022106775781029864,-0.022106775781029864,25.88,25.956,26.738,25.82290769994677,26.068558195617303,26.605111248367447,0.012623308532338763,0.01830055082839982,0.02452851384345078,-0.5700000000000003,-0.02186421173762947,-1.6700000000000017,-0.06146485093853521,-3.5,-0.1206896551724138,25.5,26.07,25.5,26.07,25.5,29.0,0.0,0.0,0.0,3,4,9,25.5,0.0,SAME,1.0
PCAL,2026-04-10,25.5,25.5,26.07,26.07,26.07,29.0,0.0,-0.5700000000000003,-0.5700000000000003,0.0,-0.021864211737629424,-0.021864211737629424,0.0,-0.022106775781029864,25.689999999999998,25.842000000000002,26.387999999999998,25.661453849973384,25.879038797078206,26.404181930482455,0.012623308532338763,0.009777972743956366,0.02452851384345078,-0.5700000000000003,-0.02186421173762947,-0.5700000000000003,-0.02186421173762947,-3.5,-0.1206896551724138,25.5,26.07,25.5,26.07,25.5,27.26,0.0,0.0,0.0,4,4,10,25.5,0.0,SAME,1.0
PCAL,2026-04-13,25.5,25.5,25.5,26.07,26.07,27.0,0.0,0.0,-0.5700000000000003,0.0,0.0,-0.021864211737629424,0.0,0.0,25.5,25.728,26.238,25.580726924986692,25.752692531385474,26.23978521584928,0.012623308532338763,0.009777972743956366,0.014556137311725115,-0.5700000000000003,-0.02186421173762947,-0.5700000000000003,-0.02186421173762947,-1.5,-0.05555555555555555,25.5,25.5,25.5,26.07,25.5,27.26,,0.0,0.0,0,4,13,25.0,-0.5,DOWN,0.0
PCAL,2026-04-14,25.0,25.5,25.5,25.5,26.07,27.26,-0.5,-0.5,-0.5,-0.019607843137254943,-0.019607843137254943,-0.019607843137254943,-0.019802627296179754,-0.019802627296179754,25.333333333333332,25.514,26.012,25.290363462493346,25.50179502092365,26.014369722058504,0.011320593513521472,0.011385572013450888,0.014085441268137638,-0.5,-0.0196078431372549,-1.0700000000000003,-0.041043344840813206,-2.2600000000000016,-0.08290535583272199,25.0,25.5,25.0,26.07,25.0,27.17,0.0,0.0,0.0,1,4,14,25.0,0.0,SAME,1.0
PCAL,2026-04-15,25.0,25.0,25.5,25.5,26.07,27.17,0.0,-0.5,-0.5,0.0,-0.019607843137254943,-0.019607843137254943,0.0,-0.019802627296179754,25.166666666666668,25.3,25.794999999999998,25.145181731246673,25.334530013949102,25.829938863502413,0.011320593513521472,0.011385572013450888,0.014259126536521947,-0.5,-0.0196078431372549,-1.0700000000000003,-0.041043344840813206,-2.1700000000000017,-0.07986750092013256,25.0,25.5,25.0,25.5,25.0,27.17,0.0,0.0,0.0,2,4,15,25.0,0.0,SAME,1.0
PCAL,2026-04-16,25.0,25.0,25.0,25.5,25.5,27.17,0.0,0.0,-0.5,0.0,0.0,-0.019607843137254943,0.0,0.0,25.0,25.2,25.578,25.072590865623336,25.223020009299404,25.679040888320156,0.011320593513521472,0.008768894029409542,0.014259126536521947,-0.5,-0.0196078431372549,-0.5,-0.0196078431372549,-2.1700000000000017,-0.07986750092013256,25.0,25.0,25.0,25.5,25.0,26.07,,0.0,0.0,3,4,16,25.0,0.0,SAME,1.0
PCAL,2026-04-17,25.0,25.0,25.0,25.0,25.5,26.07,0.0,0.0,0.0,0.0,0.0,0.0,0.0,0.0,25.0,25.1,25.471,25.03629543281167,25.148680006199605,25.55557890862558,0.0,0.008768894029409542,0.008759237243863151,0.0,0.0,-0.5,-0.0196078431372549,-1.0700000000000003,-0.041043344840813206,25.0,25.0,25.0,25.5,25.0,26.07,,0.0,0.0,4,4,17,25.0,0.0,SAME,1.0
PCAL,2026-04-20,25.0,25.0,25.0,25.0,25.5,26.07,0.0,0.0,0.0,0.0,0.0,0.0,0.0,0.0,25.0,25.0,25.364,25.018147716405835,25.09912000413307,25.454564561602748,0.0,0.008768894029409542,0.008759237243863151,0.0,0.0,-0.5,-0.0196078431372549,-1.0700000000000003,-0.041043344840813206,25.0,25.0,25.0,25.0,25.0,26.07,,,0.0,0,4,20,,,,
