Date,Close Price
2020-04-23,48.57
2020-04-23,48.57
2020-04-24,48.57
2020-04-24,48.57
2020-04-27,48.57
2020-04-27,48.57
2020-04-28,48.57
2020-04-28,48.57
2020-04-29,48.57
2020-04-29,48.57
2020-04-30,48.57
2020-04-30,48.57
2020-05-01,48.57
2020-05-01,48.57
2020-05-04,48.57
2020-05-04,48.57
2020-05-05,48.57
2020-05-05,48.57
2020-05-06,47.07
2020-05-06,47.07
2020-05-07,47.07
2020-05-07,47.07
2020-05-08,47.07
2020-05-08,47.07
2020-05-11,47.07
2020-05-11,47.07
2020-05-12,47.07
2020-05-12,47.07
2020-05-13,47.07
2020-05-13,47.07
2020-05-14,47.07
2020-05-14,47.07
2020-05-15,47.07
2020-05-15,47.07
2020-05-18,47.07
2020-05-18,47.07
2020-05-19,47.07
2020-05-19,47.07
2020-05-20,47.07
2020-05-20,47.07
2020-05-21,47.07
2020-05-21,47.07
2020-05-22,47.07
2020-05-22,47.07
2020-05-25,47.07
2020-05-25,47.07
2020-05-26,47.07
2020-05-26,47.07
2020-05-27,47.07
2020-05-27,47.07
2020-05-28,47.07
2020-05-28,47.07
2020-05-29,47.07
2020-05-29,47.07
2020-06-01,47.07
2020-06-01,47.07
2020-06-02,47.07
2020-06-02,47.07
2020-06-03,47.07
2020-06-03,47.07
2020-06-04,47.07
2020-06-04,47.07
2020-06-08,47.07
2020-06-08,47.07
2020-06-09,47.07
2020-06-09,47.07
2020-06-10,47.07
2020-06-10,47.07
2020-06-11,47.07
2020-06-11,47.07
2020-06-12,47.07
2020-06-12,47.07
2020-06-15,47.07
2020-06-15,47.07
2020-06-16,47.07
2020-06-16,47.07
2020-06-17,47.07
2020-06-17,47.07
2020-06-18,47.07
2020-06-18,47.07
2020-06-19,47.07
2020-06-19,47.07
2020-06-22,47.07
2020-06-22,47.07
2020-06-23,47.07
2020-06-23,47.07
2020-06-24,47.07
2020-06-24,47.07
2020-06-25,47.07
2020-06-25,47.07
2020-06-26,47.07
2020-06-26,47.07
2020-06-29,47.07
2020-06-29,47.07
2020-07-01,47.07
2020-07-01,47.07
2020-07-02,47.07
2020-07-02,47.07
2020-07-03,47.07
2020-07-03,47.07
2020-07-06,47.07
2020-07-06,47.07
2020-07-07,47.07
2020-07-07,47.07
2020-07-08,47.07
2020-07-08,47.07
2020-07-09,47.07
2020-07-09,47.07
2020-07-10,47.07
2020-07-10,47.07
2020-07-13,47.07
2020-07-13,47.07
2020-07-14,47.07
2020-07-14,47.07
2020-07-15,47.07
2020-07-15,47.07
2020-07-16,47.07
2020-07-16,47.07
2020-07-17,47.07
2020-07-17,47.07
2020-07-20,47.07
2020-07-20,47.07
2020-07-21,47.07
2020-07-21,47.07
2020-07-22,47.07
2020-07-22,47.07
2020-07-23,47.07
2020-07-23,47.07
2020-07-27,47.07
2020-07-27,47.07
2020-07-28,47.07
2020-07-28,47.07
2020-07-29,47.07
2020-07-29,47.07
2020-07-30,47.07
2020-07-30,47.07
2020-07-31,47.07
2020-07-31,47.07
2020-08-03,47.07
2020-08-03,47.07
2020-08-04,47.07
2020-08-04,47.07
2020-08-05,47.07
2020-08-05,47.07
2020-08-06,47.07
2020-08-06,47.07
2020-08-07,47.07
2020-08-07,47.07
2020-08-10,47.07
2020-08-10,47.07
2020-08-10,47.07
2020-08-10,47.07
2020-08-10,47.07
2020-08-11,47.07
2020-08-11,47.07
2020-08-11,47.07
2020-08-11,47.07
2020-08-11,47.07
2020-08-12,47.07
2020-08-12,47.07
2020-08-12,47.07
2020-08-12,47.07
2020-08-12,47.07
2020-08-13,47.07
2020-08-13,47.07
2020-08-13,47.07
2020-08-13,47.07
2020-08-13,47.07
2020-08-14,47.07
2020-08-14,47.07
2020-08-14,47.07
2020-08-14,47.07
2020-08-14,47.07
2020-08-17,47.07
2020-08-17,47.07
2020-08-17,47.07
2020-08-17,47.07
2020-08-17,47.07
2020-08-18,47.07
2020-08-18,47.07
2020-08-18,47.07
2020-08-18,47.07
2020-08-18,47.07
2020-08-19,47.07
2020-08-19,47.07
2020-08-19,47.07
2020-08-19,47.07
2020-08-19,47.07
2020-08-20,47.07
2020-08-20,47.07
2020-08-20,47.07
2020-08-20,47.07
2020-08-20,47.07
2020-08-21,47.07
2020-08-21,47.07
2020-08-21,47.07
2020-08-21,47.07
2020-08-21,47.07
2020-08-24,47.07
2020-08-24,47.07
2020-08-24,47.07
2020-08-24,47.07
2020-08-24,47.07
2020-08-25,47.07
2020-08-25,47.07
2020-08-25,47.07
2020-08-25,47.07
2020-08-25,47.07
2020-08-26,47.07
2020-08-26,47.07
2020-08-26,47.07
2020-08-26,47.07
2020-08-26,47.07
2020-08-27,47.07
2020-08-27,47.07
2020-08-27,47.07
2020-08-27,47.07
2020-08-27,47.07
2020-08-28,47.07
2020-08-28,47.07
2020-08-28,47.07
2020-08-28,47.07
2020-08-28,47.07
2020-08-31,47.07
2020-08-31,47.07
2020-08-31,47.07
2020-08-31,47.07
2020-08-31,47.07
2020-09-01,47.07
2020-09-01,47.07
2020-09-01,47.07
2020-09-01,47.07
2020-09-01,47.07
2020-09-02,47.07
2020-09-02,47.07
2020-09-02,47.07
2020-09-02,47.07
2020-09-02,47.07
2020-09-03,47.07
2020-09-03,47.07
2020-09-03,47.07
2020-09-03,47.07
2020-09-03,47.07
2020-09-04,47.07
2020-09-04,47.07
2020-09-04,47.07
2020-09-04,47.07
2020-09-04,47.07
2020-09-07,47.07
2020-09-07,47.07
2020-09-07,47.07
2020-09-07,47.07
2020-09-07,47.07
2020-09-08,47.07
2020-09-08,47.07
2020-09-08,47.07
2020-09-08,47.07
2020-09-08,47.07
2020-09-09,47.07
2020-09-09,47.07
2020-09-09,47.07
2020-09-09,47.07
2020-09-09,47.07
2020-09-10,47.07
2020-09-10,47.07
2020-09-10,47.07
2020-09-10,47.07
2020-09-10,47.07
2020-09-11,47.07
2020-09-11,47.07
2020-09-11,47.07
2020-09-11,47.07
2020-09-11,47.07
2020-09-14,47.07
2020-09-14,47.07
2020-09-14,47.07
2020-09-14,47.07
2020-09-14,47.07
2020-09-15,47.07
2020-09-15,47.07
2020-09-15,47.07
2020-09-15,47.07
2020-09-15,47.07
2020-09-16,47.07
2020-09-16,47.07
2020-09-16,47.07
2020-09-16,47.07
2020-09-16,47.07
2020-09-17,47.07
2020-09-17,47.07
2020-09-17,47.07
2020-09-17,47.07
2020-09-17,47.07
2020-09-18,47.07
2020-09-18,47.07
2020-09-18,47.07
2020-09-18,47.07
2020-09-18,47.07
2020-09-21,47.07
2020-09-21,47.07
2020-09-21,47.07
2020-09-21,47.07
2020-09-21,47.07
2020-09-24,47.07
2020-09-24,47.07
2020-09-24,47.07
2020-09-24,47.07
2020-09-24,47.07
2020-09-25,47.07
2020-09-25,47.07
2020-09-25,47.07
2020-09-25,47.07
2020-09-25,49.42
2020-09-29,49.42
2020-09-29,49.42
2020-09-29,49.42
2020-09-29,49.42
2020-09-29,49.42
2020-09-30,49.42
2020-09-30,49.42
2020-09-30,49.42
2020-09-30,49.42
2020-09-30,49.42
2020-10-01,49.42
2020-10-01,49.42
2020-10-01,49.42
2020-10-01,49.42
2020-10-01,49.42
2020-10-02,49.42
2020-10-02,49.42
2020-10-02,49.42
2020-10-02,49.42
2020-10-02,49.42
2020-10-05,49.42
2020-10-05,49.42
2020-10-05,49.42
2020-10-05,49.42
2020-10-05,49.42
2020-10-06,49.42
2020-10-06,49.42
2020-10-06,49.42
2020-10-06,49.42
2020-10-06,49.42
2020-10-07,49.42
2020-10-07,49.42
2020-10-07,49.42
2020-10-07,49.42
2020-10-07,49.42
2020-10-08,49.42
2020-10-08,49.42
2020-10-08,49.42
2020-10-08,49.42
2020-10-08,49.42
2020-10-09,49.42
2020-10-09,49.42
2020-10-09,49.42
2020-10-09,49.42
2020-10-09,49.42
2020-10-12,49.42
2020-10-12,49.42
2020-10-12,49.42
2020-10-12,49.42
2020-10-12,49.42
2020-10-13,49.42
2020-10-13,49.42
2020-10-13,49.42
2020-10-13,49.42
2020-10-13,49.42
2020-10-14,49.42
2020-10-14,49.42
2020-10-14,49.42
2020-10-14,49.42
2020-10-14,49.42
2020-10-15,49.42
2020-10-15,49.42
2020-10-15,49.42
2020-10-15,51.89
2020-10-15,51.89
2020-10-16,51.89
2020-10-16,51.89
2020-10-16,51.89
2020-10-16,51.89
2020-10-16,51.89
2020-10-19,51.89
2020-10-19,51.89
2020-10-19,51.89
2020-10-19,51.89
2020-10-19,51.89
2020-10-20,51.89
2020-10-20,51.89
2020-10-20,51.89
2020-10-20,51.89
2020-10-20,51.89
2020-10-21,51.89
2020-10-21,51.89
2020-10-21,51.89
2020-10-21,51.89
2020-10-21,51.89
2020-10-22,51.89
2020-10-22,51.89
2020-10-22,51.89
2020-10-22,51.89
2020-10-22,51.89
2020-10-23,51.89
2020-10-23,51.89
2020-10-23,51.89
2020-10-23,51.89
2020-10-23,51.89
2020-10-27,51.89
2020-10-27,51.89
2020-10-27,54.48
2020-10-27,54.48
2020-10-27,54.48
2020-10-28,54.48
2020-10-28,54.48
2020-10-28,54.48
2020-10-28,54.48
2020-10-28,54.48
2020-10-29,54.48
2020-10-29,54.48
2020-10-29,54.48
2020-10-29,54.48
2020-10-29,54.48
2020-10-30,54.48
2020-10-30,54.48
2020-10-30,54.48
2020-10-30,54.48
2020-10-30,54.48
2020-11-02,54.48
2020-11-02,54.48
2020-11-02,54.48
2020-11-02,54.48
2020-11-02,54.48
2020-11-03,54.48
2020-11-03,54.48
2020-11-03,54.48
2020-11-03,54.48
2020-11-03,54.48
2020-11-04,54.48
2020-11-04,54.48
2020-11-04,54.48
2020-11-04,54.48
2020-11-04,54.48
2020-11-05,54.48
2020-11-05,54.48
2020-11-05,54.48
2020-11-05,54.48
2020-11-05,54.48
2020-11-06,54.48
2020-11-06,54.48
2020-11-06,54.48
2020-11-06,54.48
2020-11-06,54.48
2020-11-09,54.48
2020-11-09,54.48
2020-11-09,54.48
2020-11-09,54.48
2020-11-09,54.48
2020-11-10,54.48
2020-11-10,54.48
2020-11-10,54.48
2020-11-10,54.48
2020-11-10,54.48
2020-11-12,57.2
2020-11-12,57.2
2020-11-12,60.06
2020-11-12,60.06
2020-11-12,60.06
2020-11-13,63
2020-11-13,63
2020-11-13,63
2020-11-13,63
2020-11-13,63
2020-11-16,63
2020-11-16,63
2020-11-16,63
2020-11-16,63
2020-11-16,63
2020-11-17,63
2020-11-17,63
2020-11-17,63
2020-11-17,63
2020-11-17,63
2020-11-18,63
2020-11-18,63
2020-11-18,63
2020-11-18,63
2020-11-18,63
2020-11-19,63
2020-11-19,63
2020-11-19,63
2020-11-19,63
2020-11-19,63
2020-11-20,13.55
2020-11-20,13.55
2020-11-20,63
2020-11-20,63
2020-11-20,63
2020-11-23,63
2020-11-23,63
2020-11-23,63
2020-11-23,63
2020-11-23,63
2020-11-24,63
2020-11-24,63
2020-11-24,63
2020-11-24,63
2020-11-24,63
2020-11-25,63
2020-11-25,63
2020-11-25,63
2020-11-25,63
2020-11-25,63
2020-11-26,63
2020-11-26,63
2020-11-26,63
2020-11-26,63
2020-11-26,63
2020-11-27,63
2020-11-27,63
2020-11-27,63
2020-11-27,63
2020-11-27,63
2020-11-30,63
2020-11-30,63
2020-11-30,63
2020-11-30,63
2020-11-30,63
2020-12-01,63
2020-12-01,63
2020-12-01,63
2020-12-01,63
2020-12-01,63
2020-12-02,63
2020-12-02,63
2020-12-02,63
2020-12-02,63
2020-12-02,63
2020-12-03,63
2020-12-03,63
2020-12-03,63
2020-12-03,63
2020-12-03,63
2020-12-04,63
2020-12-04,63
2020-12-04,63
2020-12-04,63
2020-12-04,61
2020-12-07,59
2020-12-07,59
2020-12-07,59
2020-12-07,59
2020-12-07,59
2020-12-08,59
2020-12-08,59
2020-12-08,59
2020-12-08,59
2020-12-08,59
2020-12-09,59
2020-12-09,59
2020-12-09,59
2020-12-09,59
2020-12-09,59
2020-12-10,59
2020-12-10,59
2020-12-10,59
2020-12-10,59
2020-12-10,59
2020-12-11,59
2020-12-11,59
2020-12-11,59
2020-12-11,59
2020-12-11,59
2020-12-14,59
2020-12-14,59
2020-12-14,59
2020-12-14,59
2020-12-14,56.05
2020-12-15,56.05
2020-12-15,56.05
2020-12-15,56.05
2020-12-15,56.05
2020-12-15,56.05
2020-12-16,56.05
2020-12-16,56.05
2020-12-16,56.05
2020-12-16,56.05
2020-12-16,56.05
2020-12-18,56.05
2020-12-18,56.05
2020-12-18,56.05
2020-12-18,56.05
2020-12-18,56.05
2020-12-21,56.05
2020-12-21,56.05
2020-12-21,56.05
2020-12-21,56.05
2020-12-21,56.05
2020-12-22,13.55
2020-12-22,13.55
2020-12-22,13.55
2020-12-23,54.1
2020-12-23,54.1
2020-12-23,54.1
2020-12-23,54.1
2020-12-24,54.1
2020-12-24,54.1
2020-12-24,54.1
2020-12-24,54.1
2020-12-24,54.1
2020-12-25,54.1
2020-12-25,54.1
2020-12-25,54.1
2020-12-25,54.1
2020-12-25,54.1
2020-12-28,54.1
2020-12-28,54.1
2020-12-28,54.1
2020-12-28,54.1
2020-12-28,54.1
2020-12-29,54.1
2020-12-29,54.1
2020-12-29,54.1
2020-12-29,54.1
2020-12-29,54.1
2020-12-30,54.1
2020-12-30,54.1
2020-12-30,54.1
2020-12-30,54.1
2020-12-30,54.1
2020-12-31,54.1
2020-12-31,54.1
2020-12-31,54.1
2020-12-31,54.1
2020-12-31,54.1
2021-01-01,54.1
2021-01-01,54.1
2021-01-01,54.1
2021-01-01,54.1
2021-01-01,54.1
2021-01-04,54.1
2021-01-04,54.1
2021-01-04,54.1
2021-01-04,54.1
2021-01-04,54.1
2021-01-05,54.1
2021-01-05,54.1
2021-01-05,54.1
2021-01-05,54.1
2021-01-05,54.1
2021-01-06,54.1
2021-01-06,54.1
2021-01-06,54.1
2021-01-06,54.1
2021-01-06,54.1
2021-01-07,54.1
2021-01-07,54.1
2021-01-07,54.1
2021-01-07,54.1
2021-01-07,54.1
2021-01-08,54.1
2021-01-08,54.1
2021-01-08,54.1
2021-01-08,54.1
2021-01-08,54.1
2021-01-11,54.1
2021-01-11,54.1
2021-01-11,54.1
2021-01-11,54.1
2021-01-11,54.1
2021-01-12,54.1
2021-01-12,54.1
2021-01-12,54.1
2021-01-12,54.1
2021-01-12,54.1
2021-01-13,54.1
2021-01-13,54.1
2021-01-13,54.1
2021-01-13,54.1
2021-01-13,54.1
2021-01-15,54.1
2021-01-15,54.1
2021-01-15,54.1
2021-01-15,54.1
2021-01-15,54.1
2021-01-18,54.1
2021-01-18,54.1
2021-01-18,54.1
2021-01-18,54.1
2021-01-18,54.1
2021-01-19,54.1
2021-01-19,54.1
2021-01-19,54.1
2021-01-19,54.1
2021-01-19,54.1
2021-01-20,54.1
2021-01-20,54.1
2021-01-20,54.1
2021-01-20,54.1
2021-01-20,54.1
2021-01-21,54.1
2021-01-21,54.1
2021-01-21,54.1
2021-01-21,54.1
2021-01-21,54.1
2021-01-22,54.1
2021-01-22,54.1
2021-01-22,54.1
2021-01-22,54.1
2021-01-22,54.1
2021-01-25,54.1
2021-01-25,54.1
2021-01-25,54.1
2021-01-25,54.1
2021-01-25,54.1
2021-01-26,54.1
2021-01-26,54.1
2021-01-26,54.1
2021-01-26,54.1
2021-01-26,54.1
2021-01-27,54.1
2021-01-27,54.1
2021-01-27,54.1
2021-01-27,54.1
2021-01-27,54.1
2021-01-28,54.1
2021-01-28,54.1
2021-01-28,54.1
2021-01-28,54.1
2021-01-28,54.1
2021-01-29,54.1
2021-01-29,54.1
2021-01-29,54.1
2021-01-29,54.1
2021-01-29,54.1
2021-02-01,54.1
2021-02-01,54.1
2021-02-01,54.1
2021-02-01,54.1
2021-02-01,54.1
2021-02-02,54.1
2021-02-02,54.1
2021-02-02,54.1
2021-02-02,54.1
2021-02-02,54.1
2021-02-03,54.1
2021-02-03,54.1
2021-02-03,54.1
2021-02-03,54.1
2021-02-03,54.1
2021-02-04,54.1
2021-02-04,54.1
2021-02-04,54.1
2021-02-04,54.1
2021-02-04,54.1
2021-02-05,54.1
2021-02-05,54.1
2021-02-05,54.1
2021-02-05,54.1
2021-02-05,54.1
2021-02-08,54.1
2021-02-08,54.1
2021-02-08,54.1
2021-02-08,54.1
2021-02-08,54.1
2021-02-09,54.1
2021-02-09,54.1
2021-02-09,54.1
2021-02-09,54.1
2021-02-09,54.1
2021-02-10,54.1
2021-02-10,54.1
2021-02-10,54.1
2021-02-10,54.1
2021-02-10,54.1
2021-02-11,54.1
2021-02-11,54.1
2021-02-11,54.1
2021-02-11,54.1
2021-02-11,54.1
2021-02-15,54.1
2021-02-15,54.1
2021-02-15,54.1
2021-02-15,54.1
2021-02-15,54.1
2021-02-16,54.1
2021-02-16,54.1
2021-02-16,54.1
2021-02-16,54.1
2021-02-16,54.1
2021-02-17,54.1
2021-02-17,54.1
2021-02-17,54.1
2021-02-17,54.1
2021-02-17,54.1
2021-02-18,54.1
2021-02-18,54.1
2021-02-18,54.1
2021-02-18,54.1
2021-02-18,54.1
2021-02-19,54.1
2021-02-19,54.1
2021-02-19,54.1
2021-02-19,54.1
2021-02-19,54.1
2021-02-24,54.1
2021-02-24,54.1
2021-02-24,54.1
2021-02-24,54.1
2021-02-24,54.1
2021-02-25,54.1
2021-02-25,54.1
2021-02-25,54.1
2021-02-25,54.1
2021-02-25,54.1
2021-02-26,54.1
2021-02-26,54.1
2021-02-26,54.1
2021-02-26,54.1
2021-02-26,54.1
2021-03-01,54.1
2021-03-01,54.1
2021-03-01,54.1
2021-03-01,54.1
2021-03-01,54.1
2021-03-02,54.1
2021-03-02,54.1
2021-03-02,51.5
2021-03-02,51.5
2021-03-02,51.5
2021-03-03,51.5
2021-03-03,51.5
2021-03-03,51.5
2021-03-03,51.5
2021-03-03,51.5
2021-03-04,51.5
2021-03-04,51.5
2021-03-04,51.5
2021-03-04,51.5
2021-03-04,51.5
2021-03-05,51.5
2021-03-05,51.5
2021-03-05,51.5
2021-03-05,51.5
2021-03-05,51.5
2021-03-08,51.5
2021-03-08,51.5
2021-03-08,51.5
2021-03-08,51.5
2021-03-08,51.5
2021-03-09,51.5
2021-03-09,51.5
2021-03-09,51.5
2021-03-09,51.5
2021-03-09,51.5
2021-03-10,51.5
2021-03-10,51.5
2021-03-10,51.5
2021-03-10,51.5
2021-03-10,51.5
2021-03-11,51.5
2021-03-11,51.5
2021-03-11,51.5
2021-03-11,51.5
2021-03-11,51.5
2021-03-12,51.5
2021-03-12,51.5
2021-03-12,51.5
2021-03-12,51.5
2021-03-12,51.5
2021-03-15,51.5
2021-03-15,51.5
2021-03-15,51.5
2021-03-15,51.5
2021-03-15,51.5
2021-03-16,51.5
2021-03-16,51.5
2021-03-16,51.5
2021-03-16,51.5
2021-03-16,51.5
2021-03-17,51.5
2021-03-17,51.5
2021-03-17,51.5
2021-03-17,51.5
2021-03-17,51.5
2021-03-18,51.5
2021-03-18,51.5
2021-03-18,51.5
2021-03-18,51.5
2021-03-18,51.5
2021-03-19,51.5
2021-03-19,51.5
2021-03-19,51.5
2021-03-19,51.5
2021-03-19,51.5
2021-03-22,51.5
2021-03-22,51.5
2021-03-22,51.5
2021-03-22,51.5
2021-03-22,51.5
2021-03-23,51.5
2021-03-23,51.5
2021-03-23,51.5
2021-03-23,51.5
2021-03-23,51.5
2021-03-24,51.5
2021-03-24,51.5
2021-03-24,51.5
2021-03-24,51.5
2021-03-24,51.5
2021-03-25,51.5
2021-03-25,51.5
2021-03-25,51.5
2021-03-25,51.5
2021-03-25,51.5
2021-03-26,51.5
2021-03-26,51.5
2021-03-26,51.5
2021-03-26,51.5
2021-03-26,51.5
2021-03-29,51.5
2021-03-29,51.5
2021-03-29,51.5
2021-03-29,51.5
2021-03-29,51.5
2021-03-30,51.5
2021-03-30,51.5
2021-03-30,51.5
2021-03-30,51.5
2021-03-30,51.5
2021-03-31,51.5
2021-03-31,51.5
2021-03-31,51.5
2021-03-31,51.5
2021-03-31,51.5
2021-04-01,51.5
2021-04-01,51.5
2021-04-01,51.5
2021-04-01,51.5
2021-04-01,51.5
2021-04-02,51.5
2021-04-02,51.5
2021-04-02,51.5
2021-04-02,51.5
2021-04-02,51.5
2021-04-05,51.5
2021-04-05,51.5
2021-04-05,51.5
2021-04-05,51.5
2021-04-05,51.5
2021-04-06,51.5
2021-04-06,51.5
2021-04-06,51.5
2021-04-06,51.5
2021-04-06,51.5
2021-04-07,51.5
2021-04-07,51.5
2021-04-07,51.5
2021-04-07,51.5
2021-04-07,51.5
2021-04-08,51.5
2021-04-08,51.5
2021-04-08,51.5
2021-04-08,51.5
2021-04-08,51.5
2021-04-09,51.5
2021-04-09,51.5
2021-04-09,51.5
2021-04-09,51.5
2021-04-09,51.5
2021-04-12,51.5
2021-04-12,51.5
2021-04-12,51.5
2021-04-12,51.5
2021-04-12,51.5
2021-04-13,51.5
2021-04-13,51.5
2021-04-13,51.5
2021-04-13,51.5
2021-04-13,51.5
2021-04-14,51.5
2021-04-14,51.5
2021-04-14,51.5
2021-04-14,51.5
2021-04-14,51.5
2021-04-15,51.5
2021-04-15,51.5
2021-04-15,51.5
2021-04-15,51.5
2021-04-15,51.5
2021-04-16,51.5
2021-04-16,51.5
2021-04-16,51.5
2021-04-16,51.5
2021-04-16,51.5
2021-04-19,51.5
2021-04-19,51.5
2021-04-19,51.5
2021-04-19,51.5
2021-04-19,51.5
2021-04-20,51.5
2021-04-20,51.5
2021-04-20,51.5
2021-04-20,51.5
2021-04-20,51.5
2021-04-21,51.5
2021-04-21,51.5
2021-04-21,51.5
2021-04-21,51.5
2021-04-21,51.5
2021-04-23,51.5
2021-04-23,51.5
2021-04-23,51.5
2021-04-26,51.5
2021-04-26,51.5
2021-04-26,51.5
2021-04-26,51.5
2021-04-26,51.5
2021-04-27,51.5
2021-04-27,51.5
2021-04-27,51.5
2021-04-27,51.5
2021-04-27,51.5
2021-04-29,51.5
2021-04-29,51.5
2021-04-29,51.5
2021-04-29,51.5
2021-04-29,51.5
2021-04-30,51.5
2021-04-30,51.5
2021-04-30,51.5
2021-04-30,51.5
2021-04-30,51.5
2021-05-03,51.5
2021-05-03,51.5
2021-05-03,51.5
2021-05-03,51.5
2021-05-03,51.5
2021-05-04,51.5
2021-05-04,51.5
2021-05-04,51.5
2021-05-04,51.5
2021-05-04,51.5
2021-05-05,51.5
2021-05-05,51.5
2021-05-05,51.5
2021-05-05,51.5
2021-05-05,51.5
2021-05-06,51.5
2021-05-06,51.5
2021-05-06,51.5
2021-05-06,51.5
2021-05-06,51.5
2021-05-07,51.5
2021-05-07,51.5
2021-05-07,51.5
2021-05-07,51.5
2021-05-07,51.5
2021-05-10,51.5
2021-05-10,51.5
2021-05-10,51.5
2021-05-10,51.5
2021-05-10,51.5
2021-05-11,51.5
2021-05-11,51.5
2021-05-11,51.5
2021-05-11,51.5
2021-05-11,51.5
2021-05-12,51.5
2021-05-12,51.5
2021-05-12,51.5
2021-05-12,51.5
2021-05-12,51.5
2021-05-13,51.5
2021-05-13,51.5
2021-05-13,51.5
2021-05-13,51.5
2021-05-13,51.5
2021-05-14,51.5
2021-05-14,51.5
2021-05-14,51.5
2021-05-14,51.5
2021-05-14,51.5
2021-05-17,51.5
2021-05-17,51.5
2021-05-17,51.5
2021-05-17,51.5
2021-05-17,51.5
2021-05-18,51.5
2021-05-18,51.5
2021-05-18,51.5
2021-05-18,51.5
2021-05-18,51.5
2021-05-19,51.5
2021-05-19,51.5
2021-05-19,51.5
2021-05-19,54.07
2021-05-19,54.07
2021-05-20,54.07
2021-05-20,54.07
2021-05-20,54.07
2021-05-20,54.07
2021-05-20,54.07
2021-05-21,54.07
2021-05-21,54.07
2021-05-21,54.07
2021-05-21,54.07
2021-05-21,54.07
2021-05-24,54.07
2021-05-24,54.07
2021-05-24,54.07
2021-05-24,54.07
2021-05-24,54.07
2021-05-25,54.07
2021-05-25,54.07
2021-05-25,54.07
2021-05-25,54
2021-05-25,56
2021-05-27,56
2021-05-27,56
2021-05-27,56
2021-05-27,56
2021-05-27,56
2021-05-28,56
2021-05-28,56
2021-05-28,56
2021-05-28,56
2021-05-28,56
2021-05-31,56
2021-05-31,56
2021-05-31,56
2021-05-31,56
2021-05-31,56
2021-06-01,56
2021-06-01,56
2021-06-01,56
2021-06-01,56
2021-06-01,56
2021-06-02,56
2021-06-02,56
2021-06-02,56
2021-06-02,56
2021-06-02,56
2021-06-03,56
2021-06-03,56
2021-06-03,56
2021-06-03,56
2021-06-03,56
2021-06-04,56
2021-06-04,56
2021-06-04,56
2021-06-04,56
2021-06-04,56
2021-06-07,56
2021-06-07,56
2021-06-07,56
2021-06-07,56
2021-06-07,56
2021-06-08,56
2021-06-08,56
2021-06-08,56
2021-06-08,56
2021-06-08,56
2021-06-09,56
2021-06-09,56
2021-06-09,56
2021-06-09,56
2021-06-09,56
2021-06-10,56
2021-06-10,56
2021-06-10,56
2021-06-10,54
2021-06-10,54
2021-06-11,54
2021-06-11,54
2021-06-11,54
2021-06-11,54
2021-06-11,54
2021-06-14,54
2021-06-14,54
2021-06-14,54
2021-06-14,54
2021-06-14,54
2021-06-15,54
2021-06-15,54
2021-06-15,54
2021-06-15,54
2021-06-15,54
2021-06-16,54
2021-06-16,54
2021-06-16,54
2021-06-16,54
2021-06-16,54
2021-06-17,54
2021-06-17,54
2021-06-17,54
2021-06-17,54
2021-06-17,54
2021-06-18,54
2021-06-18,54
2021-06-18,54
2021-06-18,54
2021-06-18,54
2021-06-21,54
2021-06-21,54
2021-06-21,54
2021-06-21,54
2021-06-21,54
2021-06-22,54
2021-06-22,54
2021-06-22,54
2021-06-22,54
2021-06-22,54
2021-06-23,54
2021-06-23,54
2021-06-23,54
2021-06-23,54
2021-06-23,54
2021-06-24,54
2021-06-24,54
2021-06-24,54
2021-06-24,54
2021-06-24,54
2021-06-25,54
2021-06-25,54
2021-06-25,54
2021-06-25,54
2021-06-25,54
2021-06-28,54
2021-06-28,54
2021-06-28,54
2021-06-28,54
2021-06-28,54
2021-06-29,54
2021-06-29,54
2021-06-29,54
2021-06-29,54
2021-06-29,54
2021-06-30,54
2021-06-30,54
2021-06-30,54
2021-06-30,54
2021-06-30,54
2021-07-01,54
2021-07-01,54
2021-07-01,54
2021-07-01,54
2021-07-01,54
2021-07-02,54
2021-07-02,54
2021-07-02,54
2021-07-02,54
2021-07-02,54
2021-07-05,54
2021-07-05,54
2021-07-05,54
2021-07-05,54
2021-07-05,54
2021-07-06,54
2021-07-06,54
2021-07-06,54
2021-07-06,54
2021-07-06,54
2021-07-07,54
2021-07-07,54
2021-07-07,54
2021-07-07,54
2021-07-07,54
2021-07-08,54
2021-07-08,54
2021-07-08,54
2021-07-08,54
2021-07-08,54
2021-07-09,54
2021-07-09,54
2021-07-09,54
2021-07-09,54
2021-07-09,54
2021-07-12,54
2021-07-12,54
2021-07-12,54
2021-07-12,54
2021-07-12,54
2021-07-13,54
2021-07-13,54
2021-07-15,54
2021-07-15,54
2021-07-15,54
2021-07-15,54
2021-07-15,54
2021-07-16,54
2021-07-16,54
2021-07-16,54
2021-07-16,54
2021-07-16,54
2021-07-19,54
2021-07-19,54
2021-07-19,54
2021-07-19,54
2021-07-19,54
2021-07-20,54
2021-07-20,54
2021-07-20,54
2021-07-20,54
2021-07-20,54
2021-07-21,54
2021-07-21,54
2021-07-21,54
2021-07-21,54
2021-07-21,54
2021-07-22,54
2021-07-22,54
2021-07-22,54
2021-07-22,54
2021-07-22,54
2021-07-23,54
2021-07-23,54
2021-07-23,54
2021-07-23,54
2021-07-23,54
2021-07-26,54
2021-07-26,54
2021-07-26,54
2021-07-26,54
2021-07-26,54
2021-07-27,54
2021-07-27,54
2021-07-27,54
2021-07-27,54
2021-07-27,54
2021-07-28,54
2021-07-28,54
2021-07-28,54
2021-07-28,54
2021-07-28,54
2021-07-29,54
2021-07-29,54
2021-07-29,54
2021-07-29,54
2021-07-29,54
2021-07-30,54
2021-07-30,54
2021-07-30,54
2021-07-30,54
2021-07-30,54
2021-08-02,54
2021-08-02,54
2021-08-02,54
2021-08-02,54
2021-08-02,54
2021-08-03,54
2021-08-03,54
2021-08-03,54
2021-08-03,54
2021-08-03,54
2021-08-04,54
2021-08-04,54
2021-08-04,54
2021-08-04,54
2021-08-04,54
2021-08-05,54
2021-08-05,54
2021-08-05,54
2021-08-05,54
2021-08-05,54
2021-08-06,54
2021-08-06,54
2021-08-06,54
2021-08-06,54
2021-08-06,54
2021-08-09,54
2021-08-09,54
2021-08-09,54
2021-08-09,54
2021-08-09,54
2021-08-10,54
2021-08-10,54
2021-08-10,54
2021-08-10,54
2021-08-10,54
2021-08-11,54
2021-08-11,54
2021-08-11,54
2021-08-11,54
2021-08-11,54
2021-08-12,54
2021-08-12,54
2021-08-12,54
2021-08-12,54
2021-08-12,54
2021-08-13,54
2021-08-13,54
2021-08-13,54
2021-08-13,54
2021-08-13,54
2021-08-16,54
2021-08-16,54
2021-08-16,54
2021-08-16,54
2021-08-16,54
2021-08-17,54
2021-08-17,54
2021-08-17,54
2021-08-17,54
2021-08-17,54
2021-08-18,54
2021-08-18,54
2021-08-18,54
2021-08-18,54
2021-08-18,54
2021-08-19,54
2021-08-19,54
2021-08-19,54
2021-08-19,54
2021-08-19,54
2021-08-20,54
2021-08-20,54
2021-08-20,54
2021-08-20,54
2021-08-20,54
2021-08-23,54
2021-08-23,54
2021-08-23,54
2021-08-23,54
2021-08-23,54
2021-08-24,54
2021-08-24,54
2021-08-24,54
2021-08-24,54
2021-08-24,54
2021-08-25,54
2021-08-25,54
2021-08-25,54
2021-08-25,54
2021-08-25,54
2021-08-26,54
2021-08-26,54
2021-08-26,54
2021-08-26,54
2021-08-26,54
2021-08-27,54
2021-08-27,54
2021-08-27,54
2021-08-27,54
2021-08-27,54
2021-08-30,54
2021-08-30,54
2021-08-30,54
2021-08-30,54
2021-08-30,54
2021-08-31,54
2021-08-31,54
2021-08-31,54
2021-08-31,54
2021-08-31,54
2021-09-01,54
2021-09-01,54
2021-09-01,54
2021-09-01,54
2021-09-01,54
2021-09-02,54
2021-09-02,54
2021-09-02,54
2021-09-02,54
2021-09-02,54
2021-09-03,54
2021-09-03,54
2021-09-03,54
2021-09-03,54
2021-09-03,54
2021-09-06,54
2021-09-06,54
2021-09-06,54
2021-09-06,54
2021-09-06,54
2021-09-07,54
2021-09-07,54
2021-09-07,54
2021-09-07,54
2021-09-07,54
2021-09-08,54
2021-09-08,54
2021-09-08,54
2021-09-08,54
2021-09-08,54
2021-09-09,54
2021-09-09,54
2021-09-09,54
2021-09-09,54
2021-09-09,54
2021-09-10,54
2021-09-10,54
2021-09-10,54
2021-09-10,54
2021-09-10,54
2021-09-13,54
2021-09-13,54
2021-09-13,54
2021-09-13,54
2021-09-13,54
2021-09-14,54
2021-09-14,54
2021-09-14,54
2021-09-14,54
2021-09-14,54
2021-09-15,54
2021-09-15,54
2021-09-15,54
2021-09-15,54
2021-09-15,54
2021-09-20,54
2021-09-20,54
2021-09-20,54
2021-09-20,54
2021-09-20,54
2021-09-21,54
2021-09-21,54
2021-09-21,54
2021-09-21,54
2021-09-21,54
2021-09-22,54
2021-09-22,54
2021-09-22,54
2021-09-22,54
2021-09-22,54
2021-09-23,54
2021-09-23,54
2021-09-23,54
2021-09-23,54
2021-09-23,54
2021-09-24,54
2021-09-24,54
2021-09-24,54
2021-09-24,54
2021-09-24,54
2021-09-27,54
2021-09-27,54
2021-09-27,54
2021-09-27,54
2021-09-27,54
2021-09-28,54
2021-09-28,54
2021-09-28,54
2021-09-28,54
2021-09-28,54
2021-09-29,54
2021-09-29,54
2021-09-29,54
2021-09-29,54
2021-09-29,54
2021-09-30,54
2021-09-30,54
2021-09-30,54
2021-09-30,54
2021-09-30,54
2021-10-01,54
2021-10-01,54
2021-10-01,54
2021-10-01,54
2021-10-01,54
2021-10-04,54
2021-10-04,54
2021-10-04,54
2021-10-04,54
2021-10-04,54
2021-10-05,54
2021-10-05,54
2021-10-05,54
2021-10-05,54
2021-10-05,54
2021-10-06,54
2021-10-06,54
2021-10-06,54
2021-10-06,54
2021-10-06,54
2021-10-07,54
2021-10-07,54
2021-10-07,54
2021-10-07,54
2021-10-07,54
2021-10-08,54
2021-10-08,54
2021-10-08,54
2021-10-08,54
2021-10-08,54
2021-10-11,54
2021-10-11,54
2021-10-11,54
2021-10-11,54
2021-10-11,54
2021-10-12,54
2021-10-12,54
2021-10-12,54
2021-10-12,54
2021-10-12,54
2021-10-13,54
2021-10-13,54
2021-10-13,54
2021-10-13,54
2021-10-13,54
2021-10-14,54
2021-10-14,54
2021-10-14,54
2021-10-14,54
2021-10-14,54
2021-10-18,54
2021-10-18,54
2021-10-18,54
2021-10-18,54
2021-10-18,54
2021-10-19,54
2021-10-19,54
2021-10-19,54
2021-10-19,54
2021-10-19,54
2021-10-20,54
2021-10-20,54
2021-10-20,54
2021-10-20,54
2021-10-20,54
2021-10-21,54
2021-10-21,54
2021-10-21,54
2021-10-21,54
2021-10-21,54
2021-10-22,54
2021-10-22,54
2021-10-22,54
2021-10-22,54
2021-10-22,54
2021-10-25,54
2021-10-25,54
2021-10-25,54
2021-10-25,54
2021-10-25,54
2021-10-26,54
2021-10-26,54
2021-10-26,54
2021-10-26,54
2021-10-26,54
2021-10-28,54
2021-10-28,54
2021-10-28,54
2021-10-28,54
2021-10-28,54
2021-10-29,55
2021-10-29,55
2021-10-29,55
2021-10-29,55
2021-10-29,55
2021-11-02,55
2021-11-02,55
2021-11-02,55
2021-11-02,55
2021-11-02,55
2021-11-03,55
2021-11-03,55
2021-11-03,55
2021-11-03,55
2021-11-03,55
2021-11-04,55
2021-11-04,55
2021-11-04,55
2021-11-04,55
2021-11-04,55
2021-11-05,55
2021-11-05,55
2021-11-05,55
2021-11-05,55
2021-11-05,55
2021-11-08,55
2021-11-08,55
2021-11-08,55
2021-11-08,55
2021-11-08,55
2021-11-09,55
2021-11-09,55
2021-11-09,55
2021-11-09,55
2021-11-09,55
2021-11-10,55
2021-11-10,55
2021-11-10,55
2021-11-10,55
2021-11-10,55
2021-11-12,55
2021-11-12,55
2021-11-12,55
2021-11-12,55
2021-11-12,55
2021-11-15,55
2021-11-15,55
2021-11-15,55
2021-11-15,55
2021-11-15,55
2021-11-16,55
2021-11-16,55
2021-11-16,55
2021-11-16,55
2021-11-16,55
2021-11-17,55
2021-11-17,55
2021-11-17,55
2021-11-17,55
2021-11-17,55
2021-11-18,55
2021-11-18,55
2021-11-18,55
2021-11-18,55
2021-11-18,55
2021-11-19,55
2021-11-19,55
2021-11-19,55
2021-11-19,55
2021-11-19,55
2021-11-22,55
2021-11-22,55
2021-11-22,55
2021-11-22,55
2021-11-22,55
2021-11-23,55
2021-11-23,55
2021-11-23,55
2021-11-23,55
2021-11-23,55
2021-11-24,55
2021-11-24,55
2021-11-24,55
2021-11-24,55
2021-11-24,55
2021-11-25,55
2021-11-25,55
2021-11-25,55
2021-11-25,55
2021-11-25,55
2021-11-26,55
2021-11-26,55
2021-11-26,55
2021-11-26,55
2021-11-26,55
2021-11-29,55
2021-11-29,55
2021-11-29,55
2021-11-29,55
2021-11-29,55
2021-11-30,55
2021-11-30,55
2021-11-30,55
2021-11-30,55
2021-12-01,55
2021-12-01,55
2021-12-01,55
2021-12-01,55
2021-12-01,55
2021-12-02,55
2021-12-02,55
2021-12-02,55
2021-12-02,55
2021-12-02,55
2021-12-03,55
2021-12-03,55
2021-12-03,55
2021-12-03,55
2021-12-03,55
2021-12-06,55
2021-12-06,55
2021-12-06,55
2021-12-06,55
2021-12-06,55
2021-12-07,55
2021-12-07,55
2021-12-07,55
2021-12-07,55
2021-12-07,55
2021-12-08,55
2021-12-08,55
2021-12-08,55
2021-12-08,55
2021-12-08,55
2021-12-09,55
2021-12-09,55
2021-12-09,55
2021-12-09,55
2021-12-09,55
2021-12-10,55
2021-12-10,55
2021-12-10,55
2021-12-10,55
2021-12-10,55
2021-12-13,55
2021-12-13,55
2021-12-13,55
2021-12-13,55
2021-12-13,55
2021-12-14,55
2021-12-14,55
2021-12-14,55
2021-12-14,55
2021-12-14,55
2021-12-15,55
2021-12-15,55
2021-12-15,55
2021-12-15,55
2021-12-15,55
2021-12-16,55
2021-12-16,55
2021-12-16,55
2021-12-16,55
2021-12-16,55
2021-12-20,55
2021-12-20,55
2021-12-20,55
2021-12-20,55
2021-12-21,55
2021-12-21,55
2021-12-21,55
2021-12-21,55
2021-12-21,55
2021-12-23,55
2021-12-23,55
2021-12-23,55
2021-12-23,52.25
2021-12-23,52.25
2021-12-24,52.25
2021-12-24,52.25
2021-12-24,52.25
2021-12-24,52.25
2021-12-24,52.25
2021-12-27,52.25
2021-12-27,52.25
2021-12-27,52.25
2021-12-27,52.25
2021-12-27,52.25
2021-12-28,52.25
2021-12-28,52.25
2021-12-28,52
2021-12-28,52
2021-12-28,52
2021-12-29,52
2021-12-29,52
2021-12-29,52
2021-12-29,52
2021-12-29,52
2021-12-30,52
2021-12-30,52
2021-12-30,52
2021-12-30,52
2021-12-30,52
2021-12-31,52
2021-12-31,52
2021-12-31,52
2021-12-31,52
2021-12-31,52
2022-01-03,52
2022-01-03,52
2022-01-03,52
2022-01-03,52
2022-01-03,52
2022-01-04,52
2022-01-04,52
2022-01-04,52
2022-01-04,52
2022-01-04,52
2022-01-05,52
2022-01-05,52
2022-01-05,52
2022-01-05,52
2022-01-05,52
2022-01-06,52
2022-01-06,52
2022-01-06,52
2022-01-06,52
2022-01-06,52
2022-01-07,52
2022-01-07,52
2022-01-07,52
2022-01-07,52
2022-01-07,52
2022-01-10,52
2022-01-10,52
2022-01-10,52
2022-01-10,52
2022-01-10,52
2022-01-11,52
2022-01-11,50
2022-01-11,50
2022-01-11,50
2022-01-11,50
2022-01-12,50
2022-01-12,50
2022-01-12,50
2022-01-12,50
2022-01-12,50
2022-01-13,50
2022-01-13,50
2022-01-13,50
2022-01-13,50
2022-01-13,50
2022-01-14,50
2022-01-14,50
2022-01-14,50
2022-01-14,50
2022-01-14,50
2022-01-17,50
2022-01-17,50
2022-01-17,50
2022-01-17,50
2022-01-17,50
2022-01-18,50
2022-01-18,50
2022-01-18,50
2022-01-18,50
2022-01-18,50
2022-01-19,50
2022-01-19,50
2022-01-19,50
2022-01-19,50
2022-01-19,50
2022-01-20,50
2022-01-20,50
2022-01-20,50
2022-01-20,50
2022-01-20,50
2022-01-21,50
2022-01-21,50
2022-01-21,50
2022-01-21,50
2022-01-21,50
2022-01-24,52.5
2022-01-24,52.5
2022-01-24,52.5
2022-01-24,52.5
2022-01-24,52.5
2022-01-25,52.5
2022-01-25,52.5
2022-01-25,52.5
2022-01-25,52.5
2022-01-25,52.5
2022-01-26,52.5
2022-01-26,52.5
2022-01-26,52.5
2022-01-26,52.5
2022-01-26,52.5
2022-01-27,52.5
2022-01-27,52.5
2022-01-27,52.5
2022-01-27,52.5
2022-01-27,52.5
2022-01-28,52.5
2022-01-28,52.5
2022-01-28,52.5
2022-01-28,52.5
2022-01-28,52.5
2022-01-31,52.5
2022-01-31,52.5
2022-01-31,52.5
2022-01-31,52.5
2022-01-31,52.5
2022-02-01,52.5
2022-02-01,52.5
2022-02-01,52.5
2022-02-01,52.5
2022-02-01,52.5
2022-02-03,52.5
2022-02-03,52.5
2022-02-03,52.5
2022-02-03,52.5
2022-02-03,52.5
2022-02-04,52.5
2022-02-04,52.5
2022-02-04,52.5
2022-02-04,52.5
2022-02-04,52.5
2022-02-07,52.5
2022-02-07,52.5
2022-02-07,52.5
2022-02-07,52.5
2022-02-07,52.5
2022-02-08,52.5
2022-02-08,52.5
2022-02-08,52.5
2022-02-08,52.5
2022-02-08,52.5
2022-02-09,52.5
2022-02-09,52.5
2022-02-09,52.5
2022-02-09,52.5
2022-02-09,52.5
2022-02-10,50
2022-02-10,50
2022-02-10,50
2022-02-10,50
2022-02-10,50
2022-02-11,50
2022-02-11,50
2022-02-11,50
2022-02-11,50
2022-02-11,50
2022-02-14,50
2022-02-14,50
2022-02-14,50
2022-02-14,50
2022-02-14,50
2022-02-15,50
2022-02-15,50
2022-02-15,50
2022-02-15,50
2022-02-15,50
2022-02-16,50
2022-02-16,50
2022-02-16,50
2022-02-16,50
2022-02-16,50
2022-02-17,50
2022-02-17,50
2022-02-17,50
2022-02-17,50
2022-02-17,50
2022-02-18,50
2022-02-18,50
2022-02-18,50
2022-02-18,50
2022-02-18,50
2022-02-24,50
2022-02-24,50
2022-02-24,50
2022-02-24,50
2022-02-24,50
2022-02-25,50
2022-02-25,50
2022-02-25,50
2022-02-25,50
2022-02-25,50
2022-02-28,50
2022-02-28,50
2022-02-28,50
2022-02-28,50
2022-02-28,50
2022-03-01,50
2022-03-01,50
2022-03-01,50
2022-03-01,50
2022-03-01,50
2022-03-02,50
2022-03-02,50
2022-03-02,50
2022-03-02,50
2022-03-02,50
2022-03-07,50
2022-03-07,50
2022-03-07,50
2022-03-07,50
2022-03-07,50
2022-03-08,50
2022-03-08,50
2022-03-08,50
2022-03-08,50
2022-03-08,50
2022-03-09,50
2022-03-09,50
2022-03-09,50
2022-03-09,50
2022-03-09,50
2022-03-10,50
2022-03-10,50
2022-03-10,50
2022-03-10,50
2022-03-10,50
2022-03-11,50
2022-03-11,50
2022-03-11,50
2022-03-11,50
2022-03-11,50
2022-03-14,51
2022-03-14,50
2022-03-14,50
2022-03-14,50
2022-03-14,50
2022-03-15,50
2022-03-15,50
2022-03-15,50
2022-03-15,50
2022-03-15,50
2022-03-16,50
2022-03-16,50
2022-03-16,50
2022-03-16,50
2022-03-16,50
2022-03-17,50
2022-03-17,50
2022-03-17,50
2022-03-17,50
2022-03-17,50
2022-03-18,50
2022-03-18,50
2022-03-18,50
2022-03-18,50
2022-03-18,50
2022-03-21,50
2022-03-21,50
2022-03-21,50
2022-03-21,50
2022-03-21,50
2022-03-22,50
2022-03-22,50
2022-03-22,50
2022-03-22,50
2022-03-22,50
2022-03-23,50
2022-03-23,50
2022-03-23,50
2022-03-23,50
2022-03-23,50
2022-03-24,50
2022-03-24,50
2022-03-24,50
2022-03-24,50
2022-03-24,50
2022-03-25,50
2022-03-25,50
2022-03-25,50
2022-03-25,50
2022-03-25,50
2022-03-28,50
2022-03-28,50
2022-03-28,50
2022-03-28,50
2022-03-28,50
2022-03-29,50
2022-03-29,50
2022-03-29,50
2022-03-29,50
2022-03-29,50
2022-03-30,50
2022-03-30,50
2022-03-30,50
2022-03-30,50
2022-03-30,50
2022-03-31,50
2022-03-31,50
2022-03-31,50
2022-03-31,50
2022-03-31,50
2022-04-01,50
2022-04-01,50
2022-04-01,50
2022-04-01,50
2022-04-01,50
2022-04-04,50
2022-04-04,50
2022-04-04,50
2022-04-04,50
2022-04-04,50
2022-04-05,50
2022-04-05,50
2022-04-05,50
2022-04-05,50
2022-04-05,50
2022-04-06,50
2022-04-06,50
2022-04-06,50
2022-04-06,50
2022-04-06,50
2022-04-07,50
2022-04-07,50
2022-04-07,50
2022-04-07,50
2022-04-07,50
2022-04-08,50
2022-04-08,50
2022-04-08,50
2022-04-08,50
2022-04-08,50
2022-04-11,50
2022-04-11,50
2022-04-11,50
2022-04-11,50
2022-04-11,50
2022-04-12,50
2022-04-12,50
2022-04-12,50
2022-04-12,50
2022-04-12,50
2022-04-13,50
2022-04-13,50
2022-04-13,50
2022-04-13,50
2022-04-13,50
2022-04-14,50
2022-04-14,50
2022-04-14,50
2022-04-14,50
2022-04-15,50
2022-04-15,50
2022-04-15,50
2022-04-15,50
2022-04-15,50
2022-04-18,50
2022-04-18,50
2022-04-18,50
2022-04-18,50
2022-04-18,50
2022-04-19,50
2022-04-19,50
2022-04-19,50
2022-04-19,50
2022-04-19,50
2022-04-20,50
2022-04-20,50
2022-04-20,50
2022-04-20,50
2022-04-20,50
2022-04-21,50
2022-04-21,50
2022-04-21,50
2022-04-21,50
2022-04-21,50
2022-04-22,50
2022-04-22,50
2022-04-22,50
2022-04-22,50
2022-04-22,50
2022-04-25,50
2022-04-25,50
2022-04-25,50
2022-04-25,50
2022-04-25,50
2022-04-26,50
2022-04-26,50
2022-04-26,50
2022-04-26,50
2022-04-26,50
2022-04-27,50
2022-04-27,50
2022-04-27,50
2022-04-27,50
2022-04-27,50
2022-04-28,50
2022-04-28,50
2022-04-28,50
2022-04-28,50
2022-04-28,50
2022-04-29,50
2022-04-29,50
2022-04-29,50
2022-04-29,50
2022-04-29,50
2022-05-03,50
2022-05-03,50
2022-05-03,50
2022-05-03,50
2022-05-03,50
2022-05-04,50
2022-05-04,50
2022-05-04,50
2022-05-04,50
2022-05-04,50
2022-05-05,50
2022-05-05,50
2022-05-05,50
2022-05-05,50
2022-05-05,50
2022-05-06,50
2022-05-06,50
2022-05-06,50
2022-05-06,50
2022-05-06,50
2022-05-09,50
2022-05-09,50
2022-05-09,50
2022-05-09,50
2022-05-10,50
2022-05-10,50
2022-05-10,50
2022-05-10,50
2022-05-10,50
2022-05-12,50
2022-05-12,50
2022-05-12,50
2022-05-12,50
2022-05-12,50
2022-05-13,50
2022-05-13,50
2022-05-13,50
2022-05-13,50
2022-05-13,50
2022-05-16,50
2022-05-16,50
2022-05-16,50
2022-05-16,50
2022-05-16,50
2022-05-17,50
2022-05-17,50
2022-05-17,50
2022-05-17,50
2022-05-17,50
2022-05-18,50
2022-05-18,50
2022-05-18,50
2022-05-18,50
2022-05-18,50
2022-05-19,50
2022-05-19,50
2022-05-19,50
2022-05-19,50
2022-05-19,47.5
2022-05-20,47.5
2022-05-20,47.5
2022-05-20,47.5
2022-05-20,47.5
2022-05-20,47.5
2022-05-23,47.5
2022-05-23,47.5
2022-05-23,47.5
2022-05-23,47.5
2022-05-23,47.5
2022-05-24,47.5
2022-05-24,47.5
2022-05-24,47.5
2022-05-24,47.5
2022-05-24,47.5
2022-05-25,47.5
2022-05-25,47.5
2022-05-25,47.5
2022-05-25,47.5
2022-05-25,47.5
2022-05-26,47.5
2022-05-26,47.5
2022-05-26,47.5
2022-05-26,47.5
2022-05-26,47.5
2022-05-27,47.5
2022-05-27,47.5
2022-05-27,47.5
2022-05-27,47.5
2022-05-27,47.5
2022-05-30,47.5
2022-05-30,47.5
2022-05-30,47.5
2022-05-30,47.5
2022-05-30,47.5
2022-05-31,47.5
2022-05-31,47.5
2022-05-31,47.5
2022-05-31,47.5
2022-05-31,47.5
2022-06-01,47.5
2022-06-01,47.5
2022-06-01,47.5
2022-06-01,47.5
2022-06-01,47.5
2022-06-02,47.5
2022-06-02,47.5
2022-06-02,47.5
2022-06-02,47.5
2022-06-02,47.5
2022-06-03,47.5
2022-06-03,47.5
2022-06-03,47.5
2022-06-03,47.5
2022-06-03,47.5
2022-06-06,47.5
2022-06-06,47.5
2022-06-06,47.5
2022-06-06,47.5
2022-06-06,47.5
2022-06-07,47.5
2022-06-07,47.5
2022-06-07,47.5
2022-06-07,47.5
2022-06-07,47.5
2022-06-08,47.5
2022-06-08,47.5
2022-06-08,47.5
2022-06-08,47.5
2022-06-08,47.5
2022-06-09,47.5
2022-06-09,47.5
2022-06-09,47.5
2022-06-09,47.5
2022-06-09,47.5
2022-06-10,47.5
2022-06-10,47.5
2022-06-10,47.5
2022-06-10,47.5
2022-06-10,47.5
2022-06-13,47.5
2022-06-13,47.5
2022-06-13,47.5
2022-06-13,47.5
2022-06-13,47.5
2022-06-15,47.5
2022-06-15,47.5
2022-06-15,47.5
2022-06-15,47.5
2022-06-15,47.5
2022-06-16,47.5
2022-06-16,47.5
2022-06-16,47.5
2022-06-16,47.5
2022-06-16,47.5
2022-06-17,47.5
2022-06-17,47.5
2022-06-17,47.5
2022-06-17,47.5
2022-06-17,47.5
2022-06-20,47.5
2022-06-20,47.5
2022-06-20,47.5
2022-06-20,47.5
2022-06-20,47.5
2022-06-21,47.5
2022-06-21,47.5
2022-06-21,47.5
2022-06-21,47.5
2022-06-21,47.5
2022-06-22,47.5
2022-06-22,47.5
2022-06-22,47.5
2022-06-22,47.5
2022-06-22,47.5
2022-06-23,47.5
2022-06-23,47.5
2022-06-23,47.5
2022-06-23,47.5
2022-06-23,47.5
2022-06-24,47.5
2022-06-24,47.5
2022-06-24,47.5
2022-06-24,47.5
2022-06-24,47.5
2022-06-27,47.5
2022-06-27,47.5
2022-06-27,47.5
2022-06-27,47.5
2022-06-27,47.5
2022-06-28,47.5
2022-06-28,47.5
2022-06-28,47.5
2022-06-28,47.5
2022-06-28,47.5
2022-06-29,47.5
2022-06-29,47.5
2022-06-29,47.5
2022-06-29,47.5
2022-06-29,47.5
2022-06-30,47.5
2022-06-30,47.5
2022-06-30,47.5
2022-06-30,47.5
2022-06-30,47.5
2022-07-01,47.5
2022-07-01,47.5
2022-07-01,47.5
2022-07-01,47.5
2022-07-01,47.5
2022-07-04,47.5
2022-07-04,47.5
2022-07-04,47.5
2022-07-04,47.5
2022-07-04,47.5
2022-07-05,47.5
2022-07-05,47.5
2022-07-05,47.5
2022-07-05,47.5
2022-07-05,47.5
2022-07-06,47.5
2022-07-06,47.5
2022-07-06,47.5
2022-07-06,47.5
2022-07-06,47.5
2022-07-07,47.5
2022-07-07,47.5
2022-07-07,47.5
2022-07-07,47.5
2022-07-07,45.12
2022-07-08,45.12
2022-07-08,45.12
2022-07-08,45.12
2022-07-08,45.12
2022-07-08,45.12
2022-07-11,45.12
2022-07-11,45.12
2022-07-11,45.12
2022-07-11,45.12
2022-07-11,45.12
2022-07-12,45.12
2022-07-12,45.12
2022-07-12,45.12
2022-07-12,45.12
2022-07-12,45.12
2022-07-13,42.86
2022-07-13,42.86
2022-07-13,42.86
2022-07-13,42.86
2022-07-13,42.86
2022-07-14,42.86
2022-07-14,42.86
2022-07-14,42.86
2022-07-14,42.86
2022-07-14,42.86
2022-07-15,42.86
2022-07-15,42.86
2022-07-15,42.86
2022-07-15,42.86
2022-07-15,42.86
2022-07-18,42.86
2022-07-18,42.86
2022-07-18,45
2022-07-18,45
2022-07-18,45
2022-07-19,45
2022-07-19,45
2022-07-19,45
2022-07-19,45
2022-07-19,45
2022-07-20,45
2022-07-20,45
2022-07-20,45
2022-07-20,45
2022-07-20,45
2022-07-21,45
2022-07-21,45
2022-07-21,45
2022-07-21,45
2022-07-21,45
2022-07-22,45
2022-07-22,45
2022-07-22,45
2022-07-22,45
2022-07-22,45
2022-07-25,45
2022-07-25,45
2022-07-25,45
2022-07-25,45
2022-07-25,45
2022-07-26,45
2022-07-26,45
2022-07-26,45
2022-07-26,45
2022-07-26,45
2022-07-27,45
2022-07-27,45
2022-07-27,45
2022-07-27,45
2022-07-27,45
2022-07-28,45
2022-07-28,45
2022-07-28,45
2022-07-28,45
2022-07-28,45
2022-07-29,45
2022-07-29,45
2022-07-29,45
2022-07-29,45
2022-07-29,45
2022-08-02,45
2022-08-02,45
2022-08-02,45
2022-08-02,45
2022-08-02,45
2022-08-03,45
2022-08-03,45
2022-08-03,45
2022-08-03,45
2022-08-03,45
2022-08-04,45
2022-08-04,45
2022-08-04,45
2022-08-04,45
2022-08-04,45
2022-08-05,45
2022-08-05,45
2022-08-05,45
2022-08-05,45
2022-08-05,45
2022-08-08,45
2022-08-08,45
2022-08-08,45
2022-08-08,45
2022-08-08,45
2022-08-09,45
2022-08-09,45
2022-08-09,45
2022-08-09,45
2022-08-09,45
2022-08-10,45
2022-08-10,45
2022-08-10,45
2022-08-10,45
2022-08-10,45
2022-08-11,45
2022-08-11,45
2022-08-11,45
2022-08-11,45
2022-08-11,45
2022-08-12,45
2022-08-12,45
2022-08-12,45
2022-08-12,45
2022-08-12,43.5
2022-08-15,43.5
2022-08-15,43.5
2022-08-15,43.5
2022-08-15,43.5
2022-08-15,43.5
2022-08-16,43.5
2022-08-16,43.5
2022-08-16,43.5
2022-08-16,43.5
2022-08-16,43.5
2022-08-17,43.5
2022-08-17,43.5
2022-08-17,43.5
2022-08-17,43.5
2022-08-17,43.5
2022-08-18,43.5
2022-08-18,43.5
2022-08-18,43.5
2022-08-18,43.5
2022-08-18,43.5
2022-08-19,43.5
2022-08-19,43.5
2022-08-19,43.5
2022-08-19,43.5
2022-08-19,43.5
2022-08-22,43.5
2022-08-22,43.5
2022-08-22,43.5
2022-08-22,43.5
2022-08-22,43.5
2022-08-23,43.5
2022-08-23,43.5
2022-08-23,43.5
2022-08-23,43.5
2022-08-23,43.5
2022-08-24,43.5
2022-08-24,43.5
2022-08-24,43.5
2022-08-24,43.5
2022-08-24,43.5
2022-08-25,43.5
2022-08-25,43.5
2022-08-25,43.5
2022-08-25,43.5
2022-08-25,43.5
2022-08-26,43.5
2022-08-26,43.5
2022-08-26,43.5
2022-08-26,43.5
2022-08-26,43.5
2022-08-29,43.5
2022-08-29,43.5
2022-08-29,43.5
2022-08-29,43.5
2022-08-29,43.5
2022-08-30,43.5
2022-08-30,43.5
2022-08-30,43.5
2022-08-30,43.5
2022-08-30,43.5
2022-08-31,43.5
2022-08-31,43.5
2022-08-31,43.5
2022-08-31,43.5
2022-08-31,43.5
2022-09-01,43.5
2022-09-01,43.5
2022-09-01,43.5
2022-09-01,43.5
2022-09-01,43.5
2022-09-02,43.5
2022-09-02,43.5
2022-09-02,43.5
2022-09-02,43.5
2022-09-02,43.5
2022-09-05,43.5
2022-09-05,43.5
2022-09-05,43.5
2022-09-05,43.5
2022-09-05,43.5
2022-09-06,43.5
2022-09-06,43.5
2022-09-06,43.5
2022-09-06,43.5
2022-09-06,43.5
2022-09-07,43.5
2022-09-07,43.5
2022-09-07,43.5
2022-09-07,43.5
2022-09-07,43.5
2022-09-08,43.5
2022-09-08,43.5
2022-09-08,43.5
2022-09-08,43.5
2022-09-08,43.5
2022-09-09,43.5
2022-09-09,43.5
2022-09-09,43.5
2022-09-09,43.5
2022-09-09,43.5
2022-09-12,43.5
2022-09-12,43.5
2022-09-12,43.5
2022-09-12,43.5
2022-09-12,43.5
2022-09-13,43.5
2022-09-13,43.5
2022-09-13,43.5
2022-09-13,43.5
2022-09-13,43.5
2022-09-14,43.5
2022-09-14,43.5
2022-09-14,43.5
2022-09-14,43.5
2022-09-14,43.5
2022-09-15,43.5
2022-09-15,43.5
2022-09-15,43.5
2022-09-15,43.5
2022-09-15,43.5
2022-09-16,43.5
2022-09-16,43.5
2022-09-16,43.5
2022-09-16,43.5
2022-09-16,43.5
2022-09-19,43.5
2022-09-19,43.5
2022-09-19,43.5
2022-09-19,43.5
2022-09-19,43.5
2022-09-20,43.5
2022-09-20,43.5
2022-09-20,43.5
2022-09-20,43.5
2022-09-20,43.5
2022-09-21,43.5
2022-09-21,43.5
2022-09-21,43.5
2022-09-21,43.5
2022-09-21,43.5
2022-09-22,43.5
2022-09-22,43.5
2022-09-22,43.5
2022-09-22,43.5
2022-09-22,43.5
2022-09-26,43.5
2022-09-26,43.5
2022-09-26,43.5
2022-09-26,43.5
2022-09-26,43.5
2022-09-27,43.5
2022-09-27,43.5
2022-09-27,43.5
2022-09-27,43.5
2022-09-27,43.5
2022-09-28,43.5
2022-09-28,43.5
2022-09-28,43.5
2022-09-28,43.5
2022-09-28,43.5
2022-09-29,43.5
2022-09-29,43.5
2022-09-29,43.5
2022-09-29,43.5
2022-09-29,43.5
2022-10-03,43.5
2022-10-03,43.5
2022-10-03,43.5
2022-10-03,43.5
2022-10-03,43.5
2022-10-07,43.5
2022-10-07,43.5
2022-10-07,43.5
2022-10-07,43.5
2022-10-07,43.5
2022-10-10,43.5
2022-10-10,43.5
2022-10-10,43.5
2022-10-10,43.5
2022-10-10,43.5
2022-10-11,43.5
2022-10-11,43.5
2022-10-11,43.5
2022-10-11,43.5
2022-10-11,43.5
2022-10-12,43.5
2022-10-12,43.5
2022-10-12,43.5
2022-10-12,43.5
2022-10-12,43.5
2022-10-13,43.5
2022-10-13,43.5
2022-10-13,43.5
2022-10-13,43.5
2022-10-13,43.5
2022-10-14,43.5
2022-10-14,43.5
2022-10-14,43.5
2022-10-14,43.5
2022-10-14,43.5
2022-10-17,43.5
2022-10-17,43.5
2022-10-17,43.5
2022-10-17,43.5
2022-10-17,43.5
2022-10-18,43.5
2022-10-18,43.5
2022-10-18,43.5
2022-10-18,43.5
2022-10-18,43.5
2022-10-19,43.5
2022-10-19,43.5
2022-10-19,43.5
2022-10-19,43.5
2022-10-19,43.5
2022-10-20,43.5
2022-10-20,43.5
2022-10-20,43.5
2022-10-20,43.5
2022-10-20,43.5
2022-10-21,43.5
2022-10-21,43.5
2022-10-21,43.5
2022-10-21,43.5
2022-10-21,43.5
2022-10-24,43.5
2022-10-24,43.5
2022-10-24,43.5
2022-10-24,43.5
2022-10-24,43.5
2022-10-25,43.5
2022-10-25,43.5
2022-10-25,43.5
2022-10-25,43.5
2022-10-25,43.5
2022-10-26,43.5
2022-10-26,43.5
2022-10-26,43.5
2022-10-26,43.5
2022-10-26,43.5
2022-10-27,43.5
2022-10-27,43.5
2022-10-27,43.5
2022-10-27,43.5
2022-10-27,43.5
2022-10-28,43.5
2022-10-28,43.5
2022-10-28,43.5
2022-10-28,43.5
2022-10-28,43.5
2022-10-31,43.5
2022-10-31,43.5
2022-10-31,43.5
2022-10-31,43.5
2022-10-31,43.5
2022-11-02,43.5
2022-11-02,43.5
2022-11-02,43.5
2022-11-02,43.5
2022-11-02,43.5
2022-11-03,43.5
2022-11-03,43.5
2022-11-03,43.5
2022-11-03,43.5
2022-11-03,43.5
2022-11-04,43.5
2022-11-04,43.5
2022-11-04,43.5
2022-11-04,43.5
2022-11-04,43.5
2022-11-07,43.5
2022-11-07,43.5
2022-11-07,43.5
2022-11-07,43.5
2022-11-07,43.5
2022-11-08,43.5
2022-11-08,43.5
2022-11-08,43.5
2022-11-08,43.5
2022-11-08,43.5
2022-11-09,43.5
2022-11-09,43.5
2022-11-09,43.5
2022-11-09,43.5
2022-11-09,43.5
2022-11-10,43.5
2022-11-10,43.5
2022-11-10,43.5
2022-11-10,43.5
2022-11-10,43.5
2022-11-14,43.5
2022-11-14,43.5
2022-11-14,43.5
2022-11-14,43.5
2022-11-14,43.5
2022-11-16,43.5
2022-11-16,43.5
2022-11-16,43.5
2022-11-16,43.5
2022-11-16,43.5
2022-11-17,43.5
2022-11-17,43.5
2022-11-17,43.5
2022-11-17,43.5
2022-11-17,43.5
2022-11-18,43.5
2022-11-18,43.5
2022-11-18,43.5
2022-11-18,43.5
2022-11-18,43.5
2022-11-21,43.5
2022-11-21,41.5
2022-11-21,41.5
2022-11-21,41.5
2022-11-21,41.5
2022-11-22,41.5
2022-11-22,41.5
2022-11-22,41.5
2022-11-22,41.5
2022-11-22,41.5
2022-11-23,41.5
2022-11-23,41.5
2022-11-23,41.5
2022-11-23,41.5
2022-11-23,41.5
2022-11-24,41.5
2022-11-24,41.5
2022-11-24,41.5
2022-11-24,41.5
2022-11-24,41.5
2022-11-25,41.5
2022-11-25,41.5
2022-11-25,41.5
2022-11-25,41.5
2022-11-25,41.5
2022-11-28,41.5
2022-11-28,41.5
2022-11-28,41.5
2022-11-28,41.5
2022-11-28,41.5
2022-11-29,41.5
2022-11-29,41.5
2022-11-29,41.5
2022-11-29,41.5
2022-11-29,41.5
2022-11-30,41.5
2022-11-30,41.5
2022-11-30,41.5
2022-11-30,41.5
2022-11-30,41.5
2022-12-01,41.5
2022-12-01,41.5
2022-12-01,41.5
2022-12-01,41.5
2022-12-01,41.5
2022-12-02,41.5
2022-12-02,41.5
2022-12-02,41.5
2022-12-02,41.5
2022-12-02,41.5
2022-12-05,41.5
2022-12-05,41.5
2022-12-06,41.5
2022-12-06,41.5
2022-12-06,41.5
2022-12-06,41.5
2022-12-06,41.5
2022-12-07,41.5
2022-12-07,41.5
2022-12-07,41.5
2022-12-07,41.5
2022-12-07,41.5
2022-12-08,41.5
2022-12-08,41.5
2022-12-08,41.5
2022-12-08,41.5
2022-12-08,41.5
2022-12-09,41.5
2022-12-09,41.5
2022-12-09,41.5
2022-12-09,41.5
2022-12-09,41.5
2022-12-12,41.5
2022-12-12,41.5
2022-12-12,41.5
2022-12-12,41.5
2022-12-12,41.5
2022-12-13,41.5
2022-12-13,41.5
2022-12-13,41.5
2022-12-13,41.5
2022-12-13,41.5
2022-12-14,41.5
2022-12-14,41.5
2022-12-14,41.5
2022-12-14,41.5
2022-12-14,41.5
2022-12-15,41.5
2022-12-15,41.5
2022-12-15,41.5
2022-12-15,41.5
2022-12-15,41.5
2022-12-16,41.5
2022-12-16,41.5
2022-12-16,41.5
2022-12-16,41.5
2022-12-16,41.5
2022-12-19,41.5
2022-12-19,41.5
2022-12-19,41.5
2022-12-19,41.5
2022-12-19,41.5
2022-12-20,41.5
2022-12-20,41.5
2022-12-20,41.5
2022-12-20,41.5
2022-12-20,41.5
2022-12-21,41.5
2022-12-21,41.5
2022-12-21,41.5
2022-12-21,41.5
2022-12-21,41.5
2022-12-22,41.5
2022-12-22,41.5
2022-12-22,41.5
2022-12-22,41.5
2022-12-22,41.5
2022-12-23,41.5
2022-12-23,41.5
2022-12-23,41.5
2022-12-23,41.5
2022-12-23,41.5
2022-12-26,41.5
2022-12-26,41.5
2022-12-26,41.5
2022-12-26,41.5
2022-12-26,41.5
2022-12-27,41.5
2022-12-27,41.5
2022-12-27,41.5
2022-12-27,41.5
2022-12-27,41.5
2022-12-28,41.5
2022-12-28,41.5
2022-12-28,41.5
2022-12-28,41.5
2022-12-28,41.5
2022-12-29,41.5
2022-12-29,41.5
2022-12-29,41.5
2022-12-29,41.5
2022-12-29,41.5
2022-12-30,41.5
2022-12-30,41.5
2022-12-30,41.5
2022-12-30,41.5
2022-12-30,41.5
2023-01-03,41.5
2023-01-03,41.5
2023-01-03,41.5
2023-01-03,41.5
2023-01-03,41.5
2023-01-04,41.5
2023-01-04,41.5
2023-01-04,41.5
2023-01-04,41.5
2023-01-04,41.5
2023-01-05,41.5
2023-01-05,41.5
2023-01-05,41.5
2023-01-05,41.5
2023-01-05,41.5
2023-01-06,41.5
2023-01-06,41.5
2023-01-06,41.5
2023-01-06,41.5
2023-01-06,41.5
2023-01-09,41.5
2023-01-09,41.5
2023-01-09,41.5
2023-01-09,41.5
2023-01-09,41.5
2023-01-10,41.5
2023-01-10,41.5
2023-01-10,41.5
2023-01-10,41.5
2023-01-10,41.5
2023-01-11,41.5
2023-01-11,41.5
2023-01-11,41.5
2023-01-11,41.5
2023-01-11,41.5
2023-01-12,41.5
2023-01-12,41.5
2023-01-12,41.5
2023-01-12,41.5
2023-01-12,41.5
2023-01-13,41.5
2023-01-13,41.5
2023-01-13,41.5
2023-01-13,41.5
2023-01-13,41.5
2023-01-16,41.5
2023-01-16,41.5
2023-01-16,41.5
2023-01-16,41.5
2023-01-16,41.5
2023-01-17,41.5
2023-01-17,41.5
2023-01-17,41.5
2023-01-17,41.5
2023-01-17,41.5
2023-01-18,41.5
2023-01-18,41.5
2023-01-18,41.5
2023-01-18,41.5
2023-01-18,41.5
2023-01-19,41.5
2023-01-19,41.5
2023-01-19,41.5
2023-01-19,41.5
2023-01-19,41.5
2023-01-20,41.5
2023-01-20,41.5
2023-01-20,41.5
2023-01-20,41.5
2023-01-20,41.5
2023-01-23,41.5
2023-01-23,41.5
2023-01-23,41.5
2023-01-23,43.58
2023-01-23,43.58
2023-01-24,43.58
2023-01-24,43.58
2023-01-24,43.5
2023-01-24,43.5
2023-01-24,43.5
2023-01-25,43.5
2023-01-25,43.5
2023-01-25,43.5
2023-01-25,43.5
2023-01-25,43.5
2023-01-26,45.68
2023-01-26,45.68
2023-01-26,47.96
2023-01-26,47.96
2023-01-26,47.96
2023-01-27,47.96
2023-01-27,50.36
2023-01-27,50.36
2023-01-27,50.36
2023-01-27,50.36
2023-01-30,50.36
2023-01-30,50.36
2023-01-30,50.36
2023-01-30,50.36
2023-01-30,50.36
2023-01-31,50.36
2023-01-31,50.36
2023-01-31,50.36
2023-01-31,50.36
2023-01-31,50.36
2023-02-01,50.36
2023-02-01,50.36
2023-02-01,50.36
2023-02-01,50.36
2023-02-01,50.36
2023-02-02,50.36
2023-02-02,50.36
2023-02-02,50.36
2023-02-02,50.36
2023-02-02,50.36
2023-02-03,50.36
2023-02-03,50.36
2023-02-03,50.36
2023-02-03,50.36
2023-02-03,50.36
2023-02-06,50.36
2023-02-06,50.36
2023-02-06,50.36
2023-02-06,50.36
2023-02-06,50.36
2023-02-07,50.36
2023-02-07,50.36
2023-02-07,50.36
2023-02-07,50.36
2023-02-07,50.36
2023-02-08,50.36
2023-02-08,50.36
2023-02-08,50.36
2023-02-08,50.36
2023-02-08,50.36
2023-02-09,50.36
2023-02-09,50.36
2023-02-09,50.36
2023-02-09,50.36
2023-02-09,50.36
2023-02-10,50.36
2023-02-10,50.36
2023-02-10,50.36
2023-02-10,50.36
2023-02-10,50.36
2023-02-13,50.36
2023-02-13,50.36
2023-02-13,50.36
2023-02-13,50.36
2023-02-13,50.36
2023-02-14,50.36
2023-02-14,50.36
2023-02-14,50.36
2023-02-14,50.36
2023-02-14,50.36
2023-02-15,50.36
2023-02-15,50.36
2023-02-15,50.36
2023-02-15,50.36
2023-02-15,50.36
2023-02-16,50.36
2023-02-16,50.36
2023-02-16,50.36
2023-02-16,50.36
2023-02-16,50.36
2023-02-17,50.36
2023-02-17,50.36
2023-02-17,50.36
2023-02-17,50.36
2023-02-17,50.36
2023-02-20,50.36
2023-02-20,50.36
2023-02-20,50.36
2023-02-20,50.36
2023-02-20,50.36
2023-02-24,50.36
2023-02-24,50.36
2023-02-24,50.36
2023-02-24,50.36
2023-02-24,50.36
2023-02-27,50.36
2023-02-27,50.36
2023-02-27,50.36
2023-02-27,50.36
2023-02-27,50.36
2023-02-28,50.36
2023-02-28,50.36
2023-02-28,50.36
2023-02-28,50.36
2023-02-28,50.36
2023-03-01,50.36
2023-03-01,50.36
2023-03-01,50.36
2023-03-01,50.36
2023-03-01,50.36
2023-03-02,50.36
2023-03-02,50.36
2023-03-02,50.36
2023-03-02,50.36
2023-03-02,50.36
2023-03-03,50.36
2023-03-03,50.36
2023-03-03,50.36
2023-03-03,50.36
2023-03-03,50.36
2023-03-06,52.8
2023-03-06,52.8
2023-03-06,52.8
2023-03-06,52.8
2023-03-06,52.8
2023-03-07,52.8
2023-03-07,52.8
2023-03-07,52.8
2023-03-07,52.8
2023-03-07,52.8
2023-03-08,52.8
2023-03-08,52.8
2023-03-08,52.8
2023-03-08,52.8
2023-03-08,52.8
2023-03-09,52.8
2023-03-09,52.8
2023-03-09,52.8
2023-03-09,52.8
2023-03-09,52.8
2023-03-10,52.8
2023-03-10,52.8
2023-03-10,52.8
2023-03-10,52.8
2023-03-10,52.8
2023-03-13,52.8
2023-03-13,52.8
2023-03-13,52.8
2023-03-13,52.8
2023-03-13,52.8
2023-03-14,52.8
2023-03-14,52.8
2023-03-14,52.8
2023-03-14,52.8
2023-03-14,52.8
2023-03-15,52.8
2023-03-15,52.8
2023-03-15,52.8
2023-03-15,52.8
2023-03-15,52.8
2023-03-16,52.8
2023-03-16,52.8
2023-03-16,52.8
2023-03-16,52.8
2023-03-16,52.8
2023-03-17,52.8
2023-03-17,52.8
2023-03-17,52.8
2023-03-17,52.8
2023-03-17,52.8
2023-03-20,52.8
2023-03-20,52.8
2023-03-20,52.8
2023-03-20,52.8
2023-03-20,52.8
2023-03-21,52.8
2023-03-21,52.8
2023-03-21,52.8
2023-03-21,52.8
2023-03-21,52.8
2023-03-22,52.8
2023-03-22,52.8
2023-03-22,52.8
2023-03-22,52.8
2023-03-22,52.8
2023-03-23,52.8
2023-03-23,52.8
2023-03-23,52.8
2023-03-23,52.8
2023-03-23,52.8
2023-03-24,52.8
2023-03-24,52.8
2023-03-24,52.8
2023-03-24,52.8
2023-03-24,52.8
2023-03-27,52.8
2023-03-27,52.8
2023-03-27,52.8
2023-03-27,52.8
2023-03-27,52.8
2023-03-28,52.8
2023-03-28,52.8
2023-03-28,52.8
2023-03-28,52.8
2023-03-28,52.8
2023-03-29,52.8
2023-03-29,52.8
2023-03-29,52.8
2023-03-29,52.8
2023-03-29,52.8
2023-03-30,52.8
2023-03-30,52.8
2023-03-30,52.8
2023-03-30,52.8
2023-03-30,52.8
2023-03-31,52.8
2023-03-31,52.8
2023-03-31,52.8
2023-03-31,52.8
2023-03-31,52.8
2023-04-03,52.8
2023-04-03,52.8
2023-04-03,52.8
2023-04-03,52.8
2023-04-03,52.8
2023-04-04,52.8
2023-04-04,52.8
2023-04-04,52.8
2023-04-04,52.8
2023-04-04,52.8
2023-04-05,52.8
2023-04-05,52.8
2023-04-05,52.8
2023-04-05,52.8
2023-04-05,52.8
2023-04-06,52.8
2023-04-06,52.8
2023-04-06,52.8
2023-04-06,52.8
2023-04-06,52.8
2023-04-07,52.8
2023-04-07,52.8
2023-04-07,52.8
2023-04-07,52.8
2023-04-07,52.8
2023-04-10,52.8
2023-04-10,52.8
2023-04-10,52.8
2023-04-10,52.8
2023-04-10,52.8
2023-04-11,52.8
2023-04-11,52.8
2023-04-11,52.8
2023-04-11,52.8
2023-04-11,52.8
2023-04-12,52.8
2023-04-12,52.8
2023-04-12,52.8
2023-04-12,52.8
2023-04-12,52.8
2023-04-13,52.8
2023-04-13,52.8
2023-04-13,52.8
2023-04-13,52.8
2023-04-13,52.8
2023-04-14,52.8
2023-04-14,52.8
2023-04-14,52.8
2023-04-14,52.8
2023-04-14,52.8
2023-04-17,52.8
2023-04-17,52.8
2023-04-17,52.8
2023-04-17,52.8
2023-04-17,52.8
2023-04-18,52.8
2023-04-18,52.8
2023-04-18,52.8
2023-04-18,52.8
2023-04-18,52.8
2023-04-19,52.8
2023-04-19,52.8
2023-04-19,52.8
2023-04-19,52.8
2023-04-19,50.16
2023-04-21,50.16
2023-04-21,50.16
2023-04-21,50.16
2023-04-21,50.16
2023-04-21,50.16
2023-04-24,50.16
2023-04-24,50.16
2023-04-24,50.16
2023-04-24,50.16
2023-04-24,50.16
2023-04-25,50.16
2023-04-25,50.16
2023-04-25,50.16
2023-04-25,50.16
2023-04-25,50.16
2023-04-26,50.16
2023-04-26,50.16
2023-04-26,50.16
2023-04-26,50.16
2023-04-26,50.16
2023-04-27,50.16
2023-04-27,50.16
2023-04-27,50.16
2023-04-27,50.16
2023-04-27,50.16
2023-04-28,50.16
2023-04-28,50.16
2023-04-28,50.16
2023-04-28,50.16
2023-04-28,50.16
2023-05-01,50.16
2023-05-01,50.16
2023-05-01,50.16
2023-05-01,50.16
2023-05-01,50.16
2023-05-03,50.16
2023-05-03,50.16
2023-05-03,50.16
2023-05-03,50.16
2023-05-03,50.16
2023-05-04,50.16
2023-05-04,50.16
2023-05-04,50.16
2023-05-04,50.16
2023-05-04,50.16
2023-05-05,50.16
2023-05-05,50.16
2023-05-05,50.16
2023-05-05,50.16
2023-05-05,50.16
2023-05-08,50.16
2023-05-08,50.16
2023-05-08,50.16
2023-05-08,50.16
2023-05-08,50.16
2023-05-09,50.16
2023-05-09,50.16
2023-05-09,50.16
2023-05-09,50.16
2023-05-09,50.16
2023-05-10,50.16
2023-05-10,50.16
2023-05-10,50.16
2023-05-10,50.16
2023-05-10,50.16
2023-05-11,50.16
2023-05-11,50.16
2023-05-11,50.16
2023-05-11,50.16
2023-05-11,50.16
2023-05-12,50.16
2023-05-12,50.16
2023-05-12,50.16
2023-05-12,50.16
2023-05-12,50.16
2023-05-15,50.16
2023-05-15,50.16
2023-05-15,50.16
2023-05-15,50.16
2023-05-15,50.16
2023-05-16,50.16
2023-05-16,50.16
2023-05-16,50.16
2023-05-16,50.16
2023-05-16,50.16
2023-05-17,50.16
2023-05-17,50.16
2023-05-17,50.16
2023-05-17,50.16
2023-05-17,50.16
2023-05-18,50.16
2023-05-18,50.16
2023-05-18,50.16
2023-05-18,50.16
2023-05-18,50.16
2023-05-19,50.16
2023-05-19,50.16
2023-05-19,50.16
2023-05-19,50.16
2023-05-19,50.16
2023-05-22,50.16
2023-05-22,50.16
2023-05-22,50.16
2023-05-22,50.16
2023-05-22,50.16
2023-05-23,50.16
2023-05-23,50.16
2023-05-23,50.16
2023-05-23,50.16
2023-05-23,50.16
2023-05-24,50.16
2023-05-24,50.16
2023-05-24,50.16
2023-05-24,50.16
2023-05-24,50.16
2023-05-25,50.16
2023-05-25,50.16
2023-05-25,50.16
2023-05-25,50.16
2023-05-25,50.16
2023-05-26,50.16
2023-05-26,50.16
2023-05-26,50.16
2023-05-26,50.16
2023-05-26,50.16
2023-05-29,50.16
2023-05-29,50.16
2023-05-29,50.16
2023-05-29,50.16
2023-05-29,50.16
2023-05-30,50.16
2023-05-30,50.16
2023-05-30,50.16
2023-05-30,50.16
2023-05-30,50.16
2023-05-31,50.16
2023-05-31,50.16
2023-05-31,50.16
2023-05-31,50.16
2023-05-31,50.16
2023-06-01,50.16
2023-06-01,50.16
2023-06-01,50.16
2023-06-01,50.16
2023-06-01,50.16
2023-06-02,50.16
2023-06-02,50.16
2023-06-02,50.16
2023-06-02,50.16
2023-06-02,50.16
2023-06-05,50.16
2023-06-05,50.16
2023-06-05,50.16
2023-06-05,50.16
2023-06-05,50.16
2023-06-06,50.16
2023-06-06,50.16
2023-06-06,50.16
2023-06-06,50.16
2023-06-06,50.16
2023-06-07,50.16
2023-06-07,50.16
2023-06-07,50.16
2023-06-07,50.16
2023-06-07,50.16
2023-06-08,50.16
2023-06-08,50.16
2023-06-08,50.16
2023-06-08,50.16
2023-06-08,50.16
2023-06-09,50.16
2023-06-09,50.16
2023-06-09,50.16
2023-06-09,50.16
2023-06-09,50.16
2023-06-12,50.16
2023-06-12,50.16
2023-06-12,50.16
2023-06-12,50.16
2023-06-12,50.16
2023-06-13,50.16
2023-06-13,50.16
2023-06-13,50.16
2023-06-13,50.16
2023-06-13,50.16
2023-06-14,50.16
2023-06-14,50.16
2023-06-14,50.16
2023-06-14,50.16
2023-06-14,50.16
2023-06-15,50.16
2023-06-15,50.16
2023-06-15,50.16
2023-06-15,50.16
2023-06-15,50.16
2023-06-16,50.16
2023-06-16,50.16
2023-06-16,50.16
2023-06-16,50.16
2023-06-16,50.16
2023-06-19,50.16
2023-06-19,50.16
2023-06-19,50.16
2023-06-19,50.16
2023-06-19,50.16
2023-06-20,50.16
2023-06-20,50.16
2023-06-20,50.16
2023-06-20,50.16
2023-06-20,50.16
2023-06-21,50.16
2023-06-21,50.16
2023-06-21,50.16
2023-06-21,50.16
2023-06-21,50.16
2023-06-22,50.16
2023-06-22,50.16
2023-06-22,50.16
2023-06-22,50.16
2023-06-22,50.16
2023-06-23,50.16
2023-06-23,50.16
2023-06-23,50.16
2023-06-23,50.16
2023-06-23,50.16
2023-06-26,50.16
2023-06-26,50.16
2023-06-26,50.16
2023-06-26,50.16
2023-06-26,50.16
2023-06-27,50.16
2023-06-27,50.16
2023-06-27,50.16
2023-06-27,50.16
2023-06-27,50.16
2023-06-29,50.16
2023-06-29,50.16
2023-06-29,50.16
2023-06-29,50.16
2023-06-29,50.16
2023-06-30,50.16
2023-06-30,50.16
2023-06-30,50.16
2023-06-30,50.16
2023-06-30,50.16
2023-07-03,50.16
2023-07-03,50.16
2023-07-03,50.16
2023-07-03,50.16
2023-07-03,50.16
2023-07-04,50.16
2023-07-04,50.16
2023-07-04,50.16
2023-07-04,50.16
2023-07-04,50.16
2023-07-05,50.16
2023-07-05,50.16
2023-07-05,50.16
2023-07-05,50.16
2023-07-05,50.16
2023-07-06,50.16
2023-07-06,50.16
2023-07-06,50.16
2023-07-06,50.16
2023-07-06,50.16
2023-07-07,50.16
2023-07-07,50.16
2023-07-07,50.16
2023-07-07,50.16
2023-07-07,50.16
2023-07-10,50.16
2023-07-10,50.16
2023-07-10,50.16
2023-07-10,50.16
2023-07-10,50.16
2023-07-11,50.16
2023-07-11,50.16
2023-07-11,50.16
2023-07-11,50.16
2023-07-11,50.16
2023-07-12,50.16
2023-07-12,50.16
2023-07-12,50.16
2023-07-12,50.16
2023-07-12,50.16
2023-07-13,50.16
2023-07-13,50.16
2023-07-13,50.16
2023-07-13,50.16
2023-07-13,50.16
2023-07-14,50.16
2023-07-14,50.16
2023-07-14,50.16
2023-07-14,50.16
2023-07-14,50.16
2023-07-17,50.16
2023-07-17,50.16
2023-07-17,50.16
2023-07-17,50.16
2023-07-17,50.16
2023-07-18,50.16
2023-07-18,50.16
2023-07-18,50.16
2023-07-18,50.16
2023-07-18,50.16
2023-07-19,50.16
2023-07-19,50.16
2023-07-19,50.16
2023-07-19,50.16
2023-07-19,50.16
2023-07-20,50.16
2023-07-20,50.16
2023-07-20,50.16
2023-07-20,50.16
2023-07-20,50.16
2023-07-24,50.16
2023-07-24,50.16
2023-07-25,50.16
2023-07-25,50.16
2023-07-25,50.16
2023-07-25,50.16
2023-07-25,50.16
2023-07-26,50.16
2023-07-26,50.16
2023-07-26,50.16
2023-07-26,50.16
2023-07-26,50.16
2023-07-27,50.16
2023-07-27,50.16
2023-07-27,50.16
2023-07-27,50.16
2023-07-27,50.16
2023-07-28,50.16
2023-07-28,50.16
2023-07-28,50.16
2023-07-28,50.16
2023-07-28,50.16
2023-07-31,50.16
2023-07-31,50.16
2023-07-31,50.16
2023-07-31,50.16
2023-07-31,50.16
2023-08-01,50.16
2023-08-01,50.16
2023-08-01,50.16
2023-08-01,50.16
2023-08-01,50.16
2023-08-02,50.16
2023-08-02,50.16
2023-08-02,50.16
2023-08-02,50.16
2023-08-02,50.16
2023-08-03,50.16
2023-08-03,50.16
2023-08-03,50.16
2023-08-03,50.16
2023-08-03,50.16
2023-08-04,50.16
2023-08-04,50.16
2023-08-04,50.16
2023-08-04,50.16
2023-08-04,50.16
2023-08-07,50.16
2023-08-07,50.16
2023-08-07,50.16
2023-08-07,50.16
2023-08-07,50.16
2023-08-08,50.16
2023-08-08,50.16
2023-08-08,50.16
2023-08-08,50.16
2023-08-08,50.16
2023-08-09,50.16
2023-08-09,50.16
2023-08-09,50.16
2023-08-09,50.16
2023-08-09,50.16
2023-08-10,50.16
2023-08-10,50.16
2023-08-10,50.16
2023-08-10,50.16
2023-08-10,50.16
2023-08-11,50.16
2023-08-11,50.16
2023-08-11,50.16
2023-08-11,50.16
2023-08-11,50.16
2023-08-14,50.16
2023-08-14,50.16
2023-08-14,50.16
2023-08-14,50.16
2023-08-14,50.16
2023-08-15,50.16
2023-08-15,50.16
2023-08-15,50.16
2023-08-15,50.16
2023-08-15,50.16
2023-08-16,50.16
2023-08-16,50.16
2023-08-16,50.16
2023-08-16,50.16
2023-08-16,50.16
2023-08-17,50.16
2023-08-17,50.16
2023-08-17,50.16
2023-08-17,50.16
2023-08-17,47.65
2023-08-18,47.65
2023-08-18,47.65
2023-08-18,47.65
2023-08-18,47.65
2023-08-18,47.65
2023-08-21,47.65
2023-08-21,47.65
2023-08-21,47.65
2023-08-21,47.65
2023-08-21,47.65
2023-08-22,47.65
2023-08-22,47.65
2023-08-22,47.65
2023-08-22,47.65
2023-08-22,47.65
2023-08-23,47.65
2023-08-23,47.65
2023-08-23,47.65
2023-08-23,47.65
2023-08-23,47.65
2023-08-24,47.65
2023-08-24,47.65
2023-08-24,47.65
2023-08-24,47.65
2023-08-24,47.65
2023-08-25,47.65
2023-08-25,47.65
2023-08-25,47.65
2023-08-25,47.65
2023-08-25,47.65
2023-08-28,47.65
2023-08-28,47.65
2023-08-28,47.65
2023-08-28,47.65
2023-08-28,47.65
2023-08-29,47.65
2023-08-29,47.65
2023-08-29,47.65
2023-08-29,47.65
2023-08-29,47.65
2023-08-30,47.65
2023-08-30,47.65
2023-08-30,47.65
2023-08-30,47.65
2023-08-30,47.65
2023-08-31,47.65
2023-08-31,47.65
2023-08-31,47.65
2023-08-31,47.65
2023-08-31,47.65
2023-09-01,47.65
2023-09-01,47.65
2023-09-01,47.65
2023-09-01,47.65
2023-09-01,47.65
2023-09-04,47.65
2023-09-04,47.65
2023-09-04,47.65
2023-09-04,47.65
2023-09-04,47.65
2023-09-05,47.65
2023-09-05,47.65
2023-09-05,47.65
2023-09-05,47.65
2023-09-05,47.65
2023-09-06,47.65
2023-09-06,47.65
2023-09-06,47.65
2023-09-06,47.65
2023-09-06,47.65
2023-09-07,47.65
2023-09-07,47.65
2023-09-07,47.65
2023-09-07,47.65
2023-09-07,47.65
2023-09-08,47.65
2023-09-08,47.65
2023-09-08,47.65
2023-09-08,47.65
2023-09-08,47.65
2023-09-11,47.65
2023-09-11,47.65
2023-09-11,47.65
2023-09-11,47.65
2023-09-11,47.65
2023-09-12,47.65
2023-09-12,47.65
2023-09-12,47.65
2023-09-12,47.65
2023-09-12,47.65
2023-09-13,47.65
2023-09-13,47.65
2023-09-13,47.65
2023-09-13,47.65
2023-09-13,47.65
2023-09-14,47.65
2023-09-14,47.65
2023-09-14,47.65
2023-09-14,47.65
2023-09-14,47.65
2023-09-15,47.65
2023-09-15,47.65
2023-09-15,47.65
2023-09-15,47.65
2023-09-15,47.65
2023-09-18,47.65
2023-09-18,47.65
2023-09-18,47.65
2023-09-18,47.65
2023-09-18,47.65
2023-09-19,47.65
2023-09-19,47.65
2023-09-19,47.65
2023-09-19,47.65
2023-09-19,47.65
2023-09-21,47.65
2023-09-21,47.65
2023-09-21,47.65
2023-09-21,47.65
2023-09-21,47.65
2023-09-22,47.65
2023-09-22,47.65
2023-09-22,47.65
2023-09-22,47.65
2023-09-22,47.65
2023-09-27,47.65
2023-09-27,47.65
2023-09-27,47.65
2023-09-27,47.65
2023-09-27,47.65
2023-09-28,47.65
2023-09-28,47.65
2023-09-28,47.65
2023-09-28,47.65
2023-09-28,47.65
2023-09-29,47.65
2023-09-29,47.65
2023-09-29,47.65
2023-09-29,47.65
2023-09-29,47.65
2023-10-02,47.65
2023-10-02,47.65
2023-10-02,47.65
2023-10-02,47.65
2023-10-02,47.65
2023-10-03,47.65
2023-10-03,47.65
2023-10-03,47.65
2023-10-03,47.65
2023-10-03,47.65
2023-10-04,47.65
2023-10-04,47.65
2023-10-04,47.65
2023-10-04,47.65
2023-10-04,47.65
2023-10-05,47.65
2023-10-05,47.65
2023-10-05,47.65
2023-10-05,47.65
2023-10-05,47.65
2023-10-06,47.65
2023-10-06,47.65
2023-10-06,47.65
2023-10-06,47.65
2023-10-06,47.65
2023-10-09,47.65
2023-10-09,47.65
2023-10-09,47.65
2023-10-09,47.65
2023-10-09,47.65
2023-10-10,47.65
2023-10-10,47.65
2023-10-10,47.65
2023-10-10,47.65
2023-10-10,47.65
2023-10-11,47.65
2023-10-11,47.65
2023-10-11,47.65
2023-10-11,47.65
2023-10-11,47.65
2023-10-12,47.65
2023-10-12,47.65
2023-10-12,47.65
2023-10-12,47.65
2023-10-12,47.65
2023-10-13,47.65
2023-10-13,47.65
2023-10-13,47.65
2023-10-13,47.65
2023-10-13,47.65
2023-10-16,47.65
2023-10-16,47.65
2023-10-16,47.65
2023-10-16,47.65
2023-10-16,47.65
2023-10-17,47.65
2023-10-17,47.65
2023-10-17,47.65
2023-10-17,47.65
2023-10-17,47.65
2023-10-18,47.65
2023-10-18,47.65
2023-10-18,47.65
2023-10-18,47.65
2023-10-18,47.65
2023-10-19,47.65
2023-10-19,47.65
2023-10-19,47.65
2023-10-19,47.65
2023-10-19,47.65
2023-10-20,47.65
2023-10-20,47.65
2023-10-20,47.65
2023-10-20,47.65
2023-10-20,47.65
2023-10-23,47.65
2023-10-23,47.65
2023-10-23,47.65
2023-10-23,47.65
2023-10-23,47.65
2023-10-25,47.65
2023-10-25,47.65
2023-10-25,47.65
2023-10-25,47.65
2023-10-26,47.65
2023-10-26,47.65
2023-10-26,47.65
2023-10-26,47.65
2023-10-26,47.65
2023-10-27,47.65
2023-10-27,47.65
2023-10-27,47.65
2023-10-27,47.65
2023-10-27,47.65
2023-10-30,47.65
2023-10-30,47.65
2023-10-30,47.65
2023-10-30,47.65
2023-10-30,47.65
2023-10-31,47.65
2023-10-31,47.65
2023-10-31,47.65
2023-10-31,47.65
2023-10-31,47.65
2023-11-02,47.65
2023-11-02,47.65
2023-11-02,47.65
2023-11-02,47.65
2023-11-02,47.65
2023-11-03,47.65
2023-11-03,47.65
2023-11-03,47.65
2023-11-03,47.65
2023-11-03,47.65
2023-11-06,47.65
2023-11-06,47.65
2023-11-06,47.65
2023-11-06,47.65
2023-11-06,47.65
2023-11-07,47.65
2023-11-07,47.65
2023-11-07,47.65
2023-11-07,47.65
2023-11-07,47.65
2023-11-08,47.65
2023-11-08,47.65
2023-11-08,47.65
2023-11-08,47.65
2023-11-08,47.65
2023-11-09,47.65
2023-11-09,47.65
2023-11-09,47.65
2023-11-09,47.65
2023-11-09,47.65
2023-11-10,47.65
2023-11-10,47.65
2023-11-10,47.65
2023-11-10,47.65
2023-11-10,47.65
2023-11-13,47.65
2023-11-13,47.65
2023-11-13,47.65
2023-11-13,47.65
2023-11-13,47.65
2023-11-14,47.65
2023-11-14,47.65
2023-11-14,47.65
2023-11-14,47.65
2023-11-14,47.65
2023-11-15,47.65
2023-11-15,47.65
2023-11-15,47.65
2023-11-15,47.65
2023-11-15,47.65
2023-11-16,47.65
2023-11-16,47.65
2023-11-16,47.65
2023-11-16,47.65
2023-11-16,47.65
2023-11-17,47.65
2023-11-17,47.65
2023-11-17,47.65
2023-11-17,47.65
2023-11-17,47.65
2023-11-20,47.65
2023-11-20,47.65
2023-11-20,47.65
2023-11-20,47.65
2023-11-20,47.65
2023-11-21,47.65
2023-11-21,47.65
2023-11-21,47.65
2023-11-21,47.65
2023-11-21,47.65
2023-11-22,47.65
2023-11-22,47.65
2023-11-22,47.65
2023-11-22,47.65
2023-11-22,47.65
2023-11-23,47.65
2023-11-23,47.65
2023-11-23,47.65
2023-11-23,47.65
2023-11-23,47.65
2023-11-24,47.65
2023-11-24,47.65
2023-11-24,47.65
2023-11-24,47.65
2023-11-24,47.65
2023-11-27,47.65
2023-11-27,47.65
2023-11-27,47.65
2023-11-27,47.65
2023-11-27,47.65
2023-11-28,47.65
2023-11-28,47.65
2023-11-28,47.65
2023-11-28,47.65
2023-11-28,47.65
2023-11-29,47.65
2023-11-29,47.65
2023-11-29,47.65
2023-11-29,47.65
2023-11-29,47.65
2023-12-01,47.65
2023-12-01,47.65
2023-12-01,47.65
2023-12-01,47.65
2023-12-04,47.65
2023-12-04,47.65
2023-12-04,47.65
2023-12-04,47.65
2023-12-04,47.65
2023-12-05,47.65
2023-12-05,47.65
2023-12-05,47.65
2023-12-05,47.65
2023-12-05,47.65
2023-12-06,47.65
2023-12-06,47.65
2023-12-06,47.65
2023-12-06,47.65
2023-12-06,47.65
2023-12-07,47.65
2023-12-07,47.65
2023-12-07,47.65
2023-12-07,47.65
2023-12-07,47.65
2023-12-08,47.65
2023-12-08,47.65
2023-12-08,47.65
2023-12-08,47.65
2023-12-08,47.65
2023-12-11,47.65
2023-12-11,47.65
2023-12-11,47.65
2023-12-11,47.65
2023-12-11,47.65
2023-12-12,47.65
2023-12-12,47.65
2023-12-12,47.65
2023-12-12,47.65
2023-12-12,47.65
2023-12-13,47.65
2023-12-13,47.65
2023-12-13,47.65
2023-12-13,47.65
2023-12-13,47.65
2023-12-14,47.65
2023-12-14,47.65
2023-12-14,47.65
2023-12-14,47.65
2023-12-14,47.65
2023-12-15,47.65
2023-12-15,47.65
2023-12-15,47.65
2023-12-15,47.65
2023-12-15,41
2023-12-18,41
2023-12-18,41
2023-12-18,41
2023-12-18,41
2023-12-18,35.14
2023-12-19,35.14
2023-12-19,35.14
2023-12-19,35.14
2023-12-19,35.14
2023-12-19,35.14
2023-12-20,35.14
2023-12-20,35.14
2023-12-20,35.14
2023-12-20,35.14
2023-12-20,35.14
2023-12-21,35.14
2023-12-21,35.14
2023-12-21,35.14
2023-12-21,35.14
2023-12-21,35.14
2023-12-22,35.14
2023-12-22,35.14
2023-12-22,35.14
2023-12-22,35.14
2023-12-22,35.14
2023-12-25,35.14
2023-12-25,35.14
2023-12-25,35.14
2023-12-25,35.14
2023-12-25,35.14
2023-12-26,35.14
2023-12-26,35.14
2023-12-26,35.14
2023-12-26,35.14
2023-12-26,35
2023-12-27,35
2023-12-27,35
2023-12-27,35
2023-12-27,35
2023-12-27,35
2023-12-28,35
2023-12-28,35
2023-12-28,35
2023-12-28,35
2023-12-28,35
2023-12-29,35
2023-12-29,35
2023-12-29,35
2023-12-29,35
2023-12-29,35
2024-01-01,35
2024-01-01,35
2024-01-01,35
2024-01-01,35
2024-01-01,35
2024-01-03,35
2024-01-03,35
2024-01-03,35
2024-01-03,35
2024-01-03,35
2024-01-04,35
2024-01-04,35
2024-01-04,35
2024-01-04,35
2024-01-04,35
2024-01-05,35
2024-01-05,35
2024-01-05,35
2024-01-05,35
2024-01-05,35
2024-01-08,35
2024-01-08,35
2024-01-08,35
2024-01-08,35
2024-01-08,35
2024-01-10,35
2024-01-10,35
2024-01-10,35
2024-01-10,35
2024-01-10,35
2024-01-11,35
2024-01-11,35
2024-01-11,35
2024-01-11,35
2024-01-11,35
2024-01-15,35
2024-01-15,35
2024-01-15,35
2024-01-15,35
2024-01-15,35
2024-01-16,35
2024-01-16,35
2024-01-16,35
2024-01-16,35
2024-01-16,35
2024-01-17,35
2024-01-17,35
2024-01-17,35
2024-01-17,35
2024-01-17,35
2024-01-18,35
2024-01-18,35
2024-01-18,35
2024-01-18,35
2024-01-18,35
2024-01-19,35
2024-01-19,35
2024-01-19,35
2024-01-19,35
2024-01-19,35
2024-01-22,35
2024-01-22,35
2024-01-22,35
2024-01-22,35
2024-01-22,35
2024-01-23,35
2024-01-23,35
2024-01-23,35
2024-01-23,35
2024-01-23,35
2024-01-24,35
2024-01-24,35
2024-01-24,35
2024-01-24,35
2024-01-24,35
2024-01-25,35
2024-01-25,35
2024-01-25,35
2024-01-25,35
2024-01-25,35
2024-01-26,35
2024-01-26,35
2024-01-26,35
2024-01-26,35
2024-01-26,35
2024-01-29,35
2024-01-29,35
2024-01-29,35
2024-01-29,35
2024-01-29,35
2024-01-30,35
2024-01-30,35
2024-01-30,35
2024-01-30,35
2024-01-30,35
2024-01-31,35
2024-01-31,35
2024-01-31,35
2024-01-31,35
2024-01-31,35
2024-02-01,35
2024-02-01,35
2024-02-01,35
2024-02-01,35
2024-02-01,35
2024-02-02,35
2024-02-02,35
2024-02-02,35
2024-02-02,35
2024-02-02,35
2024-02-05,35
2024-02-05,35
2024-02-05,35
2024-02-05,35
2024-02-05,35
2024-02-06,35
2024-02-06,35
2024-02-06,35
2024-02-06,35
2024-02-06,35
2024-02-07,35
2024-02-07,35
2024-02-07,35
2024-02-07,35
2024-02-07,35
2024-02-08,35
2024-02-08,35
2024-02-08,35
2024-02-08,35
2024-02-08,35
2024-02-09,35
2024-02-09,35
2024-02-09,35
2024-02-09,35
2024-02-09,35
2024-02-12,35
2024-02-12,35
2024-02-12,35
2024-02-12,35
2024-02-12,35
2024-02-13,35
2024-02-13,35
2024-02-13,35
2024-02-13,35
2024-02-13,35
2024-02-14,35
2024-02-14,35
2024-02-14,35
2024-02-14,35
2024-02-14,35
2024-02-15,35
2024-02-15,35
2024-02-15,35
2024-02-15,35
2024-02-15,35
2024-02-16,35
2024-02-16,35
2024-02-16,35
2024-02-16,35
2024-02-16,35
2024-02-19,35
2024-02-19,35
2024-02-19,35
2024-02-19,35
2024-02-19,35
2024-02-20,35
2024-02-20,35
2024-02-20,35
2024-02-20,35
2024-02-20,35
2024-02-26,35
2024-02-26,35
2024-02-26,35
2024-02-26,35
2024-02-26,35
2024-02-27,35
2024-02-27,35
2024-02-27,35
2024-02-27,35
2024-02-27,35
2024-02-28,35
2024-02-28,35
2024-02-28,35
2024-02-28,35
2024-02-28,35
2024-02-29,35
2024-02-29,35
2024-02-29,35
2024-02-29,35
2024-02-29,35
2024-03-01,35
2024-03-01,35
2024-03-01,35
2024-03-01,35
2024-03-01,35
2024-03-04,35
2024-03-04,35
2024-03-04,35
2024-03-04,35
2024-03-04,35
2024-03-05,35
2024-03-05,35
2024-03-05,35
2024-03-05,35
2024-03-05,35
2024-03-06,35
2024-03-06,35
2024-03-06,35
2024-03-06,35
2024-03-06,35
2024-03-07,35
2024-03-07,35
2024-03-07,35
2024-03-07,35
2024-03-07,35
2024-03-08,35
2024-03-08,35
2024-03-08,35
2024-03-08,35
2024-03-08,35
2024-03-11,35
2024-03-11,35
2024-03-11,35
2024-03-11,35
2024-03-11,35
2024-03-12,35
2024-03-12,35
2024-03-12,35
2024-03-12,35
2024-03-12,35
2024-03-13,35
2024-03-13,35
2024-03-13,35
2024-03-13,35
2024-03-13,35
2024-03-14,35
2024-03-14,35
2024-03-14,35
2024-03-14,35
2024-03-14,35
2024-03-15,35
2024-03-15,35
2024-03-15,35
2024-03-15,35
2024-03-15,35
2024-03-18,35
2024-03-18,35
2024-03-18,35
2024-03-18,35
2024-03-18,35
2024-03-19,35
2024-03-19,35
2024-03-19,35
2024-03-19,35
2024-03-19,35
2024-03-20,35
2024-03-20,35
2024-03-20,35
2024-03-20,35
2024-03-20,35
2024-03-21,35
2024-03-21,35
2024-03-21,35
2024-03-21,35
2024-03-21,35
2024-03-22,35
2024-03-22,35
2024-03-22,35
2024-03-22,35
2024-03-22,40.25
2024-03-25,40.25
2024-03-25,40.25
2024-03-25,40.25
2024-03-25,40.25
2024-03-25,40.25
2024-03-26,40.25
2024-03-26,40.25
2024-03-26,40.25
2024-03-26,40.25
2024-03-26,40.25
2024-03-27,40.25
2024-03-27,40.25
2024-03-27,40.25
2024-03-27,40.25
2024-03-27,40.25
2024-03-28,40.25
2024-03-28,40.25
2024-03-28,40.25
2024-03-28,40.25
2024-03-28,40.25
2024-03-29,40.25
2024-03-29,40.25
2024-03-29,40.25
2024-03-29,40.25
2024-03-29,40.25
2024-04-01,40.25
2024-04-01,40.25
2024-04-01,40.25
2024-04-01,40.25
2024-04-01,35
2024-04-02,35
2024-04-02,35
2024-04-02,35
2024-04-02,35
2024-04-02,35
2024-04-03,35
2024-04-03,35
2024-04-03,35
2024-04-03,35
2024-04-03,35
2024-04-04,35
2024-04-04,35
2024-04-04,35
2024-04-04,35
2024-04-04,40
2024-04-05,40
2024-04-05,40
2024-04-05,40
2024-04-05,40
2024-04-05,40
2024-04-08,40
2024-04-08,40
2024-04-08,40
2024-04-08,40
2024-04-08,40
2024-04-09,40
2024-04-09,40
2024-04-09,40
2024-04-09,40
2024-04-09,40
2024-04-10,40
2024-04-10,40
2024-04-10,40
2024-04-10,40
2024-04-10,45
2024-04-11,45
2024-04-11,45
2024-04-11,45
2024-04-11,45
2024-04-11,45
2024-04-12,45
2024-04-12,45
2024-04-12,45
2024-04-12,45
2024-04-12,45
2024-04-15,45
2024-04-15,45
2024-04-15,45
2024-04-15,45
2024-04-15,45
2024-04-16,45
2024-04-16,45
2024-04-16,45
2024-04-16,45
2024-04-16,45
2024-04-17,45
2024-04-17,45
2024-04-17,45
2024-04-17,45
2024-04-17,45
2024-04-19,45
2024-04-19,45
2024-04-19,45
2024-04-19,45
2024-04-19,48
2024-04-22,48
2024-04-22,48
2024-04-22,48
2024-04-22,48
2024-04-22,48
2024-04-23,48
2024-04-23,48
2024-04-23,48
2024-04-23,48
2024-04-23,48
2024-04-24,48
2024-04-24,48
2024-04-24,48
2024-04-24,48
2024-04-24,48
2024-04-25,47.5
2024-04-25,47.5
2024-04-25,47.5
2024-04-25,47.5
2024-04-25,47.5
2024-04-26,47.5
2024-04-26,47.5
2024-04-26,47.5
2024-04-26,47.5
2024-04-26,47.5
2024-04-29,47.5
2024-04-29,47.5
2024-04-29,47.5
2024-04-29,47.5
2024-04-29,47.5
2024-04-30,47.5
2024-04-30,47.5
2024-04-30,47.5
2024-04-30,47.5
2024-04-30,47.5
2024-05-01,47.5
2024-05-01,47.5
2024-05-01,47.5
2024-05-01,47.5
2024-05-01,47.5
2024-05-03,47.5
2024-05-03,47.5
2024-05-03,47.5
2024-05-03,47.5
2024-05-03,47.5
2024-05-06,47.5
2024-05-06,47.5
2024-05-06,47.5
2024-05-06,47.5
2024-05-06,47.5
2024-05-07,47.5
2024-05-07,47.5
2024-05-07,47.5
2024-05-07,47.5
2024-05-07,47.5
2024-05-08,47.5
2024-05-08,47.5
2024-05-08,47.5
2024-05-08,47.5
2024-05-08,47.5
2024-05-09,47.5
2024-05-09,47.5
2024-05-09,47.5
2024-05-09,47.5
2024-05-09,47.5
2024-05-10,47.5
2024-05-10,47.5
2024-05-10,47.5
2024-05-10,47.5
2024-05-10,47.5
2024-05-13,47.5
2024-05-13,47.5
2024-05-13,47.5
2024-05-13,47.5
2024-05-13,47.5
2024-05-14,47.5
2024-05-14,47.5
2024-05-14,47.5
2024-05-14,47.5
2024-05-14,47.5
2024-05-15,47.5
2024-05-15,47.5
2024-05-15,47.5
2024-05-15,47.5
2024-05-15,47.5
2024-05-16,47.5
2024-05-16,47.5
2024-05-16,47.5
2024-05-16,47.5
2024-05-16,47.5
2024-05-17,47.5
2024-05-17,47.5
2024-05-17,47.5
2024-05-17,47.5
2024-05-17,47.5
2024-05-20,47.5
2024-05-20,47.5
2024-05-20,47.5
2024-05-20,47.5
2024-05-20,47.5
2024-05-21,47.5
2024-05-21,47.5
2024-05-21,47.5
2024-05-21,47.5
2024-05-21,47.5
2024-05-22,47.5
2024-05-22,47.5
2024-05-22,47.5
2024-05-22,47.5
2024-05-22,47.5
2024-05-24,47.5
2024-05-24,47.5
2024-05-24,47.5
2024-05-24,47.5
2024-05-24,47.5
2024-05-27,47.5
2024-05-27,47.5
2024-05-27,47.5
2024-05-27,47.5
2024-05-27,47.5
2024-05-28,47.5
2024-05-28,47.5
2024-05-28,47.5
2024-05-28,47.5
2024-05-28,47.5
2024-05-29,47.5
2024-05-29,47.5
2024-05-29,47.5
2024-05-29,47.5
2024-05-29,47.5
2024-05-30,47.5
2024-05-30,47.5
2024-05-30,47.5
2024-05-30,47.5
2024-05-30,47.5
2024-05-31,47.5
2024-05-31,47.5
2024-05-31,47.5
2024-05-31,47.5
2024-05-31,47.5
2024-06-03,47.5
2024-06-03,47.5
2024-06-03,47.5
2024-06-03,47.5
2024-06-03,47.5
2024-06-04,47.5
2024-06-04,47.5
2024-06-04,47.5
2024-06-04,47.5
2024-06-04,47.5
2024-06-05,47.5
2024-06-05,47.5
2024-06-05,47.5
2024-06-05,47.5
2024-06-05,47.5
2024-06-06,47.5
2024-06-06,47.5
2024-06-06,47.5
2024-06-06,47.5
2024-06-06,47.5
2024-06-07,47.5
2024-06-07,47.5
2024-06-07,47.5
2024-06-07,47.5
2024-06-07,47.5
2024-06-10,47.5
2024-06-10,47.5
2024-06-10,47.5
2024-06-10,47.5
2024-06-10,47.5
2024-06-11,47.5
2024-06-11,47.5
2024-06-11,47.5
2024-06-11,47.5
2024-06-11,47.5
2024-06-12,47.5
2024-06-12,47.5
2024-06-12,47.5
2024-06-12,47.5
2024-06-12,47.5
2024-06-13,47.5
2024-06-13,47.5
2024-06-13,47.5
2024-06-13,47.5
2024-06-13,47.5
2024-06-14,47.5
2024-06-14,47.5
2024-06-14,47.5
2024-06-14,47.5
2024-06-14,47.5
2024-06-17,47.5
2024-06-17,47.5
2024-06-17,47.5
2024-06-17,47.5
2024-06-17,47.5
2024-06-18,47.5
2024-06-18,47.5
2024-06-18,47.5
2024-06-18,47.5
2024-06-18,47.5
2024-06-19,47.5
2024-06-19,47.5
2024-06-19,47.5
2024-06-19,47.5
2024-06-19,47.5
2024-06-20,47.5
2024-06-20,47.5
2024-06-20,47.5
2024-06-20,47.5
2024-06-20,47.5
2024-06-21,47.5
2024-06-21,47.5
2024-06-21,47.5
2024-06-21,47.5
2024-06-21,47.5
2024-06-24,47.5
2024-06-24,47.5
2024-06-24,47.5
2024-06-24,47.5
2024-06-24,47.5
2024-06-25,47.5
2024-06-25,47.5
2024-06-25,47.5
2024-06-25,47.5
2024-06-25,47.5
2024-06-26,47.5
2024-06-26,47.5
2024-06-26,47.5
2024-06-26,47.5
2024-06-26,47.5
2024-06-27,47.5
2024-06-27,47.5
2024-06-27,47.5
2024-06-27,47.5
2024-06-27,42
2024-06-28,42
2024-06-28,42
2024-06-28,42
2024-06-28,42
2024-06-28,42
2024-07-01,42
2024-07-01,42
2024-07-01,42
2024-07-01,42
2024-07-01,42
2024-07-02,42
2024-07-02,42
2024-07-02,42
2024-07-02,42
2024-07-02,42
2024-07-03,42
2024-07-03,42
2024-07-03,42
2024-07-03,42
2024-07-03,42
2024-07-04,42
2024-07-04,42
2024-07-04,42
2024-07-04,42
2024-07-04,42
2024-07-05,42
2024-07-05,42
2024-07-05,42
2024-07-05,42
2024-07-05,42
2024-07-08,42
2024-07-08,42
2024-07-08,42
2024-07-08,42
2024-07-08,42
2024-07-09,42
2024-07-09,42
2024-07-09,42
2024-07-09,42
2024-07-09,42
2024-07-11,42
2024-07-11,42
2024-07-11,42
2024-07-11,42
2024-07-11,42
2024-07-12,42
2024-07-12,42
2024-07-12,42
2024-07-12,42
2024-07-12,42
2024-07-15,42
2024-07-15,42
2024-07-15,42
2024-07-15,42
2024-07-15,42
2024-07-16,42
2024-07-16,42
2024-07-16,42
2024-07-16,42
2024-07-16,42
2024-07-17,42
2024-07-17,42
2024-07-17,42
2024-07-17,42
2024-07-17,42
2024-07-18,42
2024-07-18,42
2024-07-18,42
2024-07-18,42
2024-07-18,42
2024-07-19,42
2024-07-19,42
2024-07-19,42
2024-07-19,42
2024-07-19,42
2024-07-22,42
2024-07-22,42
2024-07-22,42
2024-07-22,42
2024-07-22,42
2024-07-23,42
2024-07-23,42
2024-07-23,42
2024-07-23,42
2024-07-23,42
2024-07-24,42
2024-07-24,42
2024-07-24,42
2024-07-24,42
2024-07-24,42
2024-07-25,42
2024-07-25,42
2024-07-25,42
2024-07-25,42
2024-07-25,42
2024-07-26,42
2024-07-26,42
2024-07-26,42
2024-07-26,42
2024-07-26,42
2024-07-29,42
2024-07-29,42
2024-07-29,42
2024-07-29,42
2024-07-29,42
2024-07-30,42
2024-07-30,42
2024-07-30,42
2024-07-30,42
2024-07-30,42
2024-07-31,42
2024-07-31,42
2024-07-31,42
2024-07-31,42
2024-07-31,42
2024-08-01,42
2024-08-01,42
2024-08-01,42
2024-08-01,42
2024-08-01,42
2024-08-02,42
2024-08-02,42
2024-08-02,42
2024-08-02,42
2024-08-02,42
2024-08-05,42
2024-08-05,42
2024-08-05,42
2024-08-05,42
2024-08-05,42
2024-08-06,42
2024-08-06,42
2024-08-06,42
2024-08-06,42
2024-08-06,42
2024-08-07,42
2024-08-07,42
2024-08-07,42
2024-08-07,42
2024-08-07,42
2024-08-08,42
2024-08-08,42
2024-08-08,42
2024-08-08,42
2024-08-08,42
2024-08-09,42
2024-08-09,42
2024-08-09,42
2024-08-09,42
2024-08-09,42
2024-08-12,42
2024-08-12,42
2024-08-12,42
2024-08-12,42
2024-08-12,42
2024-08-13,42
2024-08-13,42
2024-08-13,42
2024-08-13,42
2024-08-13,42
2024-08-14,42
2024-08-14,42
2024-08-14,42
2024-08-14,42
2024-08-14,42
2024-08-15,42
2024-08-15,42
2024-08-15,42
2024-08-15,42
2024-08-15,42
2024-08-16,42
2024-08-16,42
2024-08-16,42
2024-08-16,42
2024-08-16,42
2024-08-19,42
2024-08-19,42
2024-08-19,42
2024-08-19,42
2024-08-19,42
2024-08-20,42
2024-08-20,42
2024-08-20,42
2024-08-20,42
2024-08-20,42
2024-08-21,42
2024-08-21,42
2024-08-21,42
2024-08-21,42
2024-08-21,42
2024-08-22,42
2024-08-22,42
2024-08-22,42
2024-08-22,42
2024-08-22,42
2024-08-23,42
2024-08-23,42
2024-08-23,42
2024-08-23,42
2024-08-23,42
2024-08-26,42
2024-08-26,42
2024-08-26,42
2024-08-26,42
2024-08-26,42
2024-08-27,42
2024-08-27,42
2024-08-27,42
2024-08-27,42
2024-08-27,42
2024-08-28,42
2024-08-28,42
2024-08-28,42
2024-08-28,42
2024-08-28,42
2024-08-29,42
2024-08-29,42
2024-08-29,42
2024-08-29,42
2024-08-29,42
2024-08-30,42
2024-08-30,42
2024-08-30,42
2024-08-30,42
2024-08-30,42
2024-09-02,42
2024-09-02,42
2024-09-02,42
2024-09-02,42
2024-09-02,35.71
2024-09-03,35.71
2024-09-03,35.71
2024-09-03,35.71
2024-09-03,35.71
2024-09-03,35.71
2024-09-04,35.71
2024-09-04,35.71
2024-09-04,35.71
2024-09-04,35.71
2024-09-04,35.71
2024-09-05,35.71
2024-09-05,35.71
2024-09-05,35.71
2024-09-05,35.71
2024-09-05,35.71
2024-09-06,35.71
2024-09-06,35.71
2024-09-06,35.71
2024-09-06,35.71
2024-09-06,35.71
2024-09-10,35.71
2024-09-10,35.71
2024-09-10,35.71
2024-09-10,35.71
2024-09-10,35.71
2024-09-11,35.71
2024-09-11,35.71
2024-09-11,35.71
2024-09-11,35.71
2024-09-11,35.71
2024-09-12,35.71
2024-09-12,35.71
2024-09-12,35.71
2024-09-12,35.71
2024-09-12,35.71
2024-09-16,35.71
2024-09-16,35.71
2024-09-16,35.71
2024-09-16,35.71
2024-09-16,35.71
2024-09-17,35.71
2024-09-17,35.71
2024-09-17,35.71
2024-09-17,35.71
2024-09-17,35.71
2024-09-18,35.71
2024-09-18,35.71
2024-09-18,35.71
2024-09-18,35.71
2024-09-18,35.71
2024-09-19,35.71
2024-09-19,35.71
2024-09-19,35.71
2024-09-19,35.71
2024-09-19,35.71
2024-09-20,35.71
2024-09-20,35.71
2024-09-20,35.71
2024-09-20,35.71
2024-09-20,35.71
2024-09-24,35.71
2024-09-24,35.71
2024-09-24,35.71
2024-09-24,35.71
2024-09-24,35.71
2024-09-25,35.71
2024-09-25,35.71
2024-09-25,35.71
2024-09-25,35.71
2024-09-25,35.71
2024-09-26,35.71
2024-09-26,35.71
2024-09-26,35.71
2024-09-26,35.71
2024-09-26,35.71
2024-09-27,35.71
2024-09-27,35.71
2024-09-27,35.71
2024-09-27,35.71
2024-09-27,35.71
2024-09-30,35.71
2024-09-30,35.71
2024-09-30,35.71
2024-09-30,35.71
2024-09-30,35.71
2024-10-01,35.71
2024-10-01,35.71
2024-10-01,35.71
2024-10-01,35.71
2024-10-01,35.71
2024-10-02,35.71
2024-10-02,35.71
2024-10-02,35.71
2024-10-02,35.71
2024-10-02,35.71
2024-10-03,35.71
2024-10-03,35.71
2024-10-03,35.71
2024-10-03,35.71
2024-10-03,35.71
2024-10-04,35.71
2024-10-04,35.71
2024-10-04,35.71
2024-10-04,35.71
2024-10-04,35.71
2024-10-07,35.71
2024-10-07,35.71
2024-10-07,35.71
2024-10-07,35.71
2024-10-07,35.71
2024-10-08,35.71
2024-10-08,35.71
2024-10-08,35.71
2024-10-08,35.71
2024-10-08,35.71
2024-10-09,35.71
2024-10-09,35.71
2024-10-09,35.71
2024-10-09,35.71
2024-10-09,35.71
2024-10-10,35.71
2024-10-10,35.71
2024-10-10,35.71
2024-10-10,35.71
2024-10-10,35.71
2024-10-11,35.71
2024-10-11,35.71
2024-10-11,35.71
2024-10-11,35.71
2024-10-11,35.71
2024-10-14,35.71
2024-10-14,35.71
2024-10-14,35.71
2024-10-14,35.71
2024-10-14,35.71
2024-10-15,35.71
2024-10-15,35.71
2024-10-15,35.71
2024-10-15,35.71
2024-10-15,35.71
2024-10-16,35.71
2024-10-16,35.71
2024-10-16,35.71
2024-10-16,35.71
2024-10-16,35.71
2024-10-17,35.71
2024-10-17,35.71
2024-10-17,35.71
2024-10-17,35.71
2024-10-17,35.71
2024-10-18,35.71
2024-10-18,35.71
2024-10-18,35.71
2024-10-18,35.71
2024-10-18,35.71
2024-10-21,35.71
2024-10-21,35.71
2024-10-21,35.71
2024-10-21,35.71
2024-10-21,35.71
2024-10-22,35.71
2024-10-22,35.71
2024-10-22,35.71
2024-10-22,35.71
2024-10-22,35.71
2024-10-23,35.71
2024-10-23,35.71
2024-10-23,35.71
2024-10-23,35.71
2024-10-23,35.71
2024-10-24,35.71
2024-10-24,35.71
2024-10-24,35.71
2024-10-24,35.71
2024-10-24,35.71
2024-10-25,35.71
2024-10-25,35.71
2024-10-25,35.71
2024-10-25,35.71
2024-10-25,35.71
2024-10-28,35.71
2024-10-28,35.71
2024-10-28,35.71
2024-10-28,35.71
2024-10-28,35.71
2024-10-29,35.71
2024-10-29,35.71
2024-10-29,35.71
2024-10-29,35.71
2024-10-29,35.71
2024-10-30,35.71
2024-10-30,35.71
2024-10-30,35.71
2024-10-30,35.71
2024-10-30,35.71
2024-10-31,35.71
2024-10-31,35.71
2024-10-31,35.71
2024-10-31,35.71
2024-10-31,35.71
2024-11-04,35.71
2024-11-04,35.71
2024-11-04,35.71
2024-11-04,35.71
2024-11-04,35.5
2024-11-05,35.5
2024-11-05,35.5
2024-11-05,35.5
2024-11-05,35.5
2024-11-05,35.5
2024-11-06,35.5
2024-11-06,35.5
2024-11-06,35.5
2024-11-06,35.5
2024-11-06,35.5
2024-11-07,35.5
2024-11-07,35.5
2024-11-07,35.5
2024-11-07,35.5
2024-11-07,35.5
2024-11-08,35.5
2024-11-08,35.5
2024-11-08,35.5
2024-11-08,35.5
2024-11-08,35.5
2024-11-12,35.5
2024-11-12,35.5
2024-11-12,35.5
2024-11-12,35.5
2024-11-12,35.5
2024-11-13,35.5
2024-11-13,35.5
2024-11-13,35.5
2024-11-13,35.5
2024-11-13,35.5
2024-11-14,35.5
2024-11-14,35.5
2024-11-14,35.5
2024-11-14,35.5
2024-11-14,35.5
2024-11-15,35.5
2024-11-15,35.5
2024-11-15,35.5
2024-11-15,35.5
2024-11-15,35.5
2024-11-18,35.5
2024-11-18,35.5
2024-11-18,35.5
2024-11-18,35.5
2024-11-18,35.5
2024-11-19,35.5
2024-11-19,35.5
2024-11-19,35.5
2024-11-19,35.5
2024-11-19,35.5
2024-11-20,35.5
2024-11-20,35.5
2024-11-20,35.5
2024-11-20,35.5
2024-11-20,35.5
2024-11-21,35.5
2024-11-21,35.5
2024-11-21,35.5
2024-11-21,35.5
2024-11-21,35.5
2024-11-22,35.5
2024-11-22,35.5
2024-11-22,35.5
2024-11-22,35.5
2024-11-22,35.5
2024-11-25,35.5
2024-11-25,35.5
2024-11-25,35.5
2024-11-25,35.5
2024-11-25,35.5
2024-11-26,35.5
2024-11-26,35.5
2024-11-26,35.5
2024-11-26,35.5
2024-11-26,35.5
2024-11-27,35.5
2024-11-27,35.5
2024-11-27,35.5
2024-11-27,35.5
2024-11-27,35.5
2024-11-28,35.5
2024-11-28,35.5
2024-11-28,35.5
2024-11-28,35.5
2024-11-28,35.5
2024-11-29,35.5
2024-11-29,35.5
2024-11-29,35.5
2024-11-29,35.5
2024-11-29,35.5
2024-12-02,35.5
2024-12-02,35.5
2024-12-02,35.5
2024-12-02,35.5
2024-12-02,35.5
2024-12-03,35.5
2024-12-03,35.5
2024-12-03,35.5
2024-12-03,35.5
2024-12-03,35.5
2024-12-04,35.5
2024-12-04,35.5
2024-12-04,35.5
2024-12-04,35.5
2024-12-04,35.5
2024-12-05,35.5
2024-12-05,35.5
2024-12-05,35.5
2024-12-05,35.5
2024-12-05,35.5
2024-12-06,35.5
2024-12-06,35.5
2024-12-06,35.5
2024-12-06,35.5
2024-12-06,35.5
2024-12-09,35.5
2024-12-09,35.5
2024-12-09,35.5
2024-12-09,35.5
2024-12-09,35.5
2024-12-10,35.5
2024-12-10,35.5
2024-12-10,35.5
2024-12-10,35.5
2024-12-10,35.5
2024-12-11,35.5
2024-12-11,35.5
2024-12-11,35.5
2024-12-11,35.5
2024-12-11,35.5
2024-12-12,35.5
2024-12-12,35.5
2024-12-12,35.5
2024-12-12,35.5
2024-12-12,35.5
2024-12-13,35.5
2024-12-13,35.5
2024-12-13,35.5
2024-12-13,35.5
2024-12-13,35.5
2024-12-16,35.5
2024-12-16,35.5
2024-12-16,35.5
2024-12-16,35.5
2024-12-16,35.5
2024-12-18,35.5
2024-12-18,35.5
2024-12-18,35.5
2024-12-18,35.5
2024-12-18,35.5
2024-12-19,35.5
2024-12-19,35.5
2024-12-19,35.5
2024-12-19,35.5
2024-12-19,35.5
2024-12-20,35.5
2024-12-20,35.5
2024-12-20,35.5
2024-12-20,35.5
2024-12-20,35.5
2024-12-23,35.5
2024-12-23,35.5
2024-12-23,35.5
2024-12-23,35.5
2024-12-23,35.5
2024-12-24,35.5
2024-12-24,35.5
2024-12-24,35.5
2024-12-24,35.5
2024-12-24,35.5
2024-12-25,35.5
2024-12-25,35.5
2024-12-25,35.5
2024-12-25,35.5
2024-12-25,35.5
2024-12-26,35.5
2024-12-26,35.5
2024-12-26,35.5
2024-12-26,35.5
2024-12-26,35.5
2024-12-27,35.5
2024-12-27,35.5
2024-12-27,35.5
2024-12-27,35.5
2024-12-27,35.5
2024-12-30,35.5
2024-12-30,35.5
2024-12-30,35.5
2024-12-30,35.5
2024-12-30,35.5
2024-12-31,35.5
2024-12-31,35.5
2024-12-31,35.5
2024-12-31,35.5
2024-12-31,35.5
2025-01-01,35.5
2025-01-01,35.5
2025-01-01,35.5
2025-01-01,35.5
2025-01-01,35.5
2025-01-03,35.5
2025-01-03,35.5
2025-01-03,35.5
2025-01-03,35.5
2025-01-03,35.5
2025-01-06,35.5
2025-01-06,35.5
2025-01-06,35.5
2025-01-06,35.5
2025-01-06,35.5
2025-01-07,35.5
2025-01-07,35.5
2025-01-07,35.5
2025-01-07,35.5
2025-01-07,35.5
2025-01-08,35.5
2025-01-08,35.5
2025-01-08,35.5
2025-01-08,35.5
2025-01-08,35.5
2025-01-09,35.5
2025-01-09,35.5
2025-01-09,35.5
2025-01-09,35.5
2025-01-09,35.5
2025-01-10,35.5
2025-01-10,35.5
2025-01-10,35.5
2025-01-10,35.5
2025-01-10,35.5
2025-01-13,35.5
2025-01-13,35.5
2025-01-13,35.5
2025-01-13,35.5
2025-01-13,35.5
2025-01-14,35.5
2025-01-14,35.5
2025-01-14,35.5
2025-01-14,35.5
2025-01-14,35.5
2025-01-15,35.5
2025-01-15,35.5
2025-01-15,35.5
2025-01-15,35.5
2025-01-15,35.5
2025-01-16,35.5
2025-01-16,35.5
2025-01-16,35.5
2025-01-16,35.5
2025-01-16,34
2025-01-17,34
2025-01-17,34
2025-01-17,34
2025-01-17,34
2025-01-17,34
2025-01-20,34
2025-01-20,34
2025-01-20,34
2025-01-20,34
2025-01-20,34
2025-01-21,34
2025-01-21,34
2025-01-21,34
2025-01-21,34
2025-01-21,34
2025-01-22,34
2025-01-22,34
2025-01-22,34
2025-01-22,34
2025-01-22,34
2025-01-23,34
2025-01-23,34
2025-01-23,34
2025-01-23,34
2025-01-23,34
2025-01-24,34
2025-01-24,34
2025-01-24,34
2025-01-24,34
2025-01-27,34
2025-01-27,34
2025-01-27,34
2025-01-27,34
2025-01-27,34
2025-01-28,34
2025-01-28,34
2025-01-28,34
2025-01-28,34
2025-01-28,34
2025-01-29,34
2025-01-29,34
2025-01-29,34
2025-01-29,34
2025-01-29,34
2025-01-31,34
2025-01-31,34
2025-01-31,34
2025-01-31,34
2025-01-31,34
2025-02-03,34
2025-02-03,34
2025-02-03,34
2025-02-03,34
2025-02-03,34
2025-02-04,34
2025-02-04,34
2025-02-04,34
2025-02-04,34
2025-02-04,34
2025-02-05,34
2025-02-05,34
2025-02-05,34
2025-02-05,34
2025-02-05,34
2025-02-06,34
2025-02-06,34
2025-02-06,34
2025-02-06,34
2025-02-06,34
2025-02-07,34
2025-02-07,34
2025-02-07,34
2025-02-07,34
2025-02-07,34
2025-02-10,34
2025-02-10,34
2025-02-10,34
2025-02-10,34
2025-02-10,34
2025-02-11,34
2025-02-11,34
2025-02-11,34
2025-02-11,34
2025-02-11,34
2025-02-12,34
2025-02-12,34
2025-02-12,34
2025-02-12,34
2025-02-12,34
2025-02-13,34
2025-02-13,34
2025-02-13,34
2025-02-13,34
2025-02-13,34
2025-02-14,34
2025-02-14,34
2025-02-14,34
2025-02-14,34
2025-02-14,34
2025-02-17,34
2025-02-17,34
2025-02-17,34
2025-02-17,34
2025-02-17,34
2025-02-18,34
2025-02-18,34
2025-02-18,34
2025-02-18,34
2025-02-18,34
2025-02-19,34
2025-02-19,34
2025-02-19,34
2025-02-19,34
2025-02-19,32
2025-02-20,32
2025-02-20,32
2025-02-20,32
2025-02-20,32
2025-02-20,32
2025-02-24,32
2025-02-24,32
2025-02-24,32
2025-02-24,32
2025-02-24,32
2025-02-25,32
2025-02-25,32
2025-02-25,32
2025-02-25,32
2025-02-25,32
2025-02-26,32
2025-02-26,32
2025-02-26,32
2025-02-26,32
2025-02-26,32
2025-02-27,32
2025-02-27,32
2025-02-27,32
2025-02-27,32
2025-02-27,32
2025-03-03,32
2025-03-03,32
2025-03-03,32
2025-03-03,32
2025-03-03,32
2025-03-04,32
2025-03-04,32
2025-03-04,32
2025-03-04,32
2025-03-04,32
2025-03-05,32
2025-03-05,32
2025-03-05,32
2025-03-05,32
2025-03-05,32
2025-03-06,32
2025-03-06,32
2025-03-06,32
2025-03-06,32
2025-03-06,32
2025-03-07,32
2025-03-07,32
2025-03-07,32
2025-03-07,32
2025-03-07,32
2025-03-10,32
2025-03-10,32
2025-03-10,32
2025-03-10,32
2025-03-10,32
2025-03-11,32
2025-03-11,32
2025-03-11,32
2025-03-11,32
2025-03-11,32
2025-03-12,32
2025-03-12,32
2025-03-12,32
2025-03-12,32
2025-03-12,32
2025-03-13,32
2025-03-13,32
2025-03-13,32
2025-03-13,32
2025-03-13,32
2025-03-14,32
2025-03-14,32
2025-03-14,32
2025-03-14,32
2025-03-14,32
2025-03-17,32
2025-03-17,32
2025-03-17,32
2025-03-17,32
2025-03-17,32
2025-03-18,32
2025-03-18,32
2025-03-18,32
2025-03-18,32
2025-03-18,32
2025-03-19,32
2025-03-19,32
2025-03-19,32
2025-03-19,32
2025-03-19,32
2025-03-20,32
2025-03-20,32
2025-03-20,32
2025-03-20,32
2025-03-20,32
2025-03-21,32
2025-03-21,32
2025-03-21,32
2025-03-21,32
2025-03-21,32
2025-03-24,32
2025-03-24,32
2025-03-24,32
2025-03-24,32
2025-03-24,32
2025-03-25,32
2025-03-25,32
2025-03-26,32
2025-03-26,32
2025-03-26,32
2025-03-26,32
2025-03-26,32
2025-03-27,32
2025-03-27,32
2025-03-27,32
2025-03-27,32
2025-03-27,32
2025-03-28,32
2025-03-28,32
2025-03-28,32
2025-03-28,32
2025-03-28,36.8
2025-03-31,36.8
2025-03-31,36.8
2025-03-31,36.8
2025-03-31,36.8
2025-03-31,36.8
2025-04-01,36.8
2025-04-01,36.8
2025-04-01,36.8
2025-04-01,36.8
2025-04-01,36.8
2025-04-02,36.8
2025-04-02,36.8
2025-04-02,36.8
2025-04-02,36.8
2025-04-02,36.8
2025-04-03,36.8
2025-04-03,36.8
2025-04-03,36.8
2025-04-03,36.8
2025-04-03,36.8
2025-04-04,36.8
2025-04-04,36.8
2025-04-04,36.8
2025-04-04,36.8
2025-04-04,36.8
2025-04-07,36.8
2025-04-07,36.8
2025-04-07,36.8
2025-04-07,36.8
2025-04-07,36.8
2025-04-08,36.8
2025-04-08,36.8
2025-04-08,36.8
2025-04-08,36.8
2025-04-08,36.8
2025-04-09,36.8
2025-04-09,36.8
2025-04-09,36.8
2025-04-09,36.8
2025-04-09,36.8
2025-04-10,36.8
2025-04-10,36.8
2025-04-10,36.8
2025-04-10,36.8
2025-04-10,36.8
2025-04-11,36.8
2025-04-11,36.8
2025-04-11,36.8
2025-04-11,36.8
2025-04-11,36.8
2025-04-14,36.8
2025-04-14,36.8
2025-04-14,36.8
2025-04-14,36.8
2025-04-14,34.01
2025-04-15,34.01
2025-04-15,34.01
2025-04-15,34.01
2025-04-15,34.01
2025-04-15,34.01
2025-04-16,34.01
2025-04-16,34.01
2025-04-16,34.01
2025-04-16,34.01
2025-04-16,34.01
2025-04-17,34.01
2025-04-17,34.01
2025-04-17,34.01
2025-04-17,34.01
2025-04-17,34.01
2025-04-18,34.01
2025-04-18,34.01
2025-04-18,34.01
2025-04-18,34.01
2025-04-18,34
2025-04-21,34
2025-04-21,34
2025-04-21,34
2025-04-21,34
2025-04-21,34
2025-04-22,34
2025-04-22,34
2025-04-22,34
2025-04-22,34
2025-04-22,34
2025-04-23,34
2025-04-23,34
2025-04-23,34
2025-04-23,34
2025-04-23,34
2025-04-24,34
2025-04-24,34
2025-04-24,34
2025-04-24,34
2025-04-24,34
2025-04-25,34
2025-04-25,34
2025-04-25,34
2025-04-25,34
2025-04-25,34
2025-04-28,34
2025-04-28,34
2025-04-28,34
2025-04-28,34
2025-04-28,36
2025-04-29,36
2025-04-29,36
2025-04-29,36
2025-04-29,36
2025-04-29,36
2025-04-30,36
2025-04-30,36
2025-04-30,36
2025-04-30,36
2025-04-30,36
2025-05-01,36
2025-05-01,36
2025-05-01,36
2025-05-01,36
2025-05-01,36
2025-05-05,36
2025-05-05,36
2025-05-05,36
2025-05-05,36
2025-05-06,36
2025-05-06,36
2025-05-06,36
2025-05-06,36
2025-05-08,36
2025-05-08,36
2025-05-08,36
2025-05-08,36
2025-05-09,36
2025-05-09,36
2025-05-09,36
2025-05-09,36
2025-05-09,36
2025-05-12,36
2025-05-12,36
2025-05-12,36
2025-05-12,36
2025-05-12,36
2025-05-13,36
2025-05-13,36
2025-05-13,36
2025-05-13,36
2025-05-13,36
2025-05-14,36
2025-05-14,36
2025-05-14,36
2025-05-14,36
2025-05-14,36
2025-05-15,36
2025-05-15,36
2025-05-15,36
2025-05-15,36
2025-05-15,36
2025-05-16,36
2025-05-16,36
2025-05-16,36
2025-05-16,36
2025-05-16,36
2025-05-19,36
2025-05-19,36
2025-05-19,36
2025-05-19,36
2025-05-19,36
2025-05-20,36
2025-05-20,36
2025-05-20,36
2025-05-20,36
2025-05-20,36
2025-05-21,36
2025-05-21,36
2025-05-21,36
2025-05-21,36
2025-05-21,36
2025-05-22,36
2025-05-22,36
2025-05-22,36
2025-05-22,36
2025-05-22,36
2025-05-23,36
2025-05-23,36
2025-05-23,36
2025-05-23,36
2025-05-23,36
2025-05-26,36
2025-05-26,36
2025-05-26,36
2025-05-26,36
2025-05-26,36
2025-05-27,36
2025-05-27,36
2025-05-27,36
2025-05-27,36
2025-05-27,36
2025-05-28,36
2025-05-28,36
2025-05-28,36
2025-05-28,36
2025-05-28,36
2025-05-29,36
2025-05-29,36
2025-05-29,36
2025-05-29,36
2025-05-29,36
2025-05-30,36
2025-05-30,36
2025-05-30,36
2025-05-30,36
2025-05-30,36
2025-06-02,36
2025-06-02,36
2025-06-02,36
2025-06-02,36
2025-06-02,36
2025-06-03,36
2025-06-03,36
2025-06-03,36
2025-06-03,36
2025-06-03,36
2025-06-04,36
2025-06-04,36
2025-06-04,36
2025-06-04,36
2025-06-04,36
2025-06-05,36
2025-06-05,36
2025-06-05,36
2025-06-05,36
2025-06-05,36
2025-06-06,36
2025-06-06,36
2025-06-06,36
2025-06-06,36
2025-06-06,36
2025-06-09,36
2025-06-09,36
2025-06-09,36
2025-06-09,36
2025-06-09,36
2025-06-10,36
2025-06-10,36
2025-06-10,36
2025-06-10,36
2025-06-10,36
2025-06-12,36
2025-06-12,36
2025-06-12,36
2025-06-12,36
2025-06-12,36
2025-06-13,36
2025-06-13,36
2025-06-13,36
2025-06-13,36
2025-06-13,36
2025-06-16,36
2025-06-16,36
2025-06-16,36
2025-06-16,36
2025-06-16,36
2025-06-17,36
2025-06-17,36
2025-06-17,36
2025-06-17,36
2025-06-17,36
2025-06-18,36
2025-06-18,36
2025-06-18,36
2025-06-18,36
2025-06-18,36
2025-06-19,36
2025-06-19,36
2025-06-19,36
2025-06-19,36
2025-06-19,36
2025-06-20,36
2025-06-20,36
2025-06-20,36
2025-06-20,36
2025-06-20,36
2025-06-23,36
2025-06-23,36
2025-06-23,36
2025-06-23,36
2025-06-23,36
2025-06-24,36
2025-06-24,36
2025-06-24,36
2025-06-24,36
2025-06-24,36
2025-06-25,36
2025-06-25,36
2025-06-25,36
2025-06-25,36
2025-06-25,36
2025-06-26,36
2025-06-26,36
2025-06-26,36
2025-06-26,36
2025-06-26,36
2025-06-27,36
2025-06-27,36
2025-06-27,36
2025-06-27,36
2025-06-27,36
2025-06-30,36
2025-06-30,36
2025-06-30,36
2025-06-30,36
2025-06-30,36
2025-07-01,36
2025-07-01,36
2025-07-01,36
2025-07-01,36
2025-07-01,36
2025-07-02,36
2025-07-02,36
2025-07-02,36
2025-07-02,36
2025-07-02,36
2025-07-03,36
2025-07-03,36
2025-07-03,36
2025-07-03,36
2025-07-03,36
2025-07-04,36
2025-07-04,36
2025-07-04,36
2025-07-04,36
2025-07-04,36
2025-07-07,36
2025-07-07,36
2025-07-07,36
2025-07-07,36
2025-07-07,36
2025-07-08,36
2025-07-08,36
2025-07-08,36
2025-07-08,36
2025-07-08,36
2025-07-09,36
2025-07-09,36
2025-07-09,36
2025-07-09,36
2025-07-09,36
2025-07-10,36
2025-07-10,36
2025-07-10,36
2025-07-10,36
2025-07-10,36
2025-07-11,36
2025-07-11,36
2025-07-11,36
2025-07-11,36
2025-07-11,36
2025-07-14,36
2025-07-14,36
2025-07-14,36
2025-07-14,36
2025-07-14,36
2025-07-15,36
2025-07-15,36
2025-07-15,36
2025-07-15,36
2025-07-15,36
2025-07-16,36
2025-07-16,36
2025-07-16,36
2025-07-16,36
2025-07-16,36
2025-07-17,36
2025-07-17,36
2025-07-17,36
2025-07-17,36
2025-07-17,36
2025-07-18,36
2025-07-18,36
2025-07-18,36
2025-07-18,36
2025-07-18,36
2025-07-21,36
2025-07-21,36
2025-07-21,36
2025-07-21,36
2025-07-21,36
2025-07-22,36
2025-07-22,36
2025-07-22,36
2025-07-22,36
2025-07-22,36
2025-07-23,36
2025-07-23,36
2025-07-23,36
2025-07-23,36
2025-07-23,36
2025-07-24,36
2025-07-24,36
2025-07-24,36
2025-07-24,36
2025-07-24,36
2025-07-25,36
2025-07-25,36
2025-07-25,36
2025-07-25,36
2025-07-25,36
2025-07-29,36
2025-07-29,36
2025-07-29,36
2025-07-29,36
2025-07-29,36
2025-07-30,36
2025-07-30,36
2025-07-30,36
2025-07-30,36
2025-07-30,36
2025-07-31,36
2025-07-31,36
2025-07-31,36
2025-07-31,36
2025-07-31,36
2025-08-01,36
2025-08-01,36
2025-08-01,36
2025-08-01,36
2025-08-01,36
2025-08-04,36
2025-08-04,36
2025-08-04,36
2025-08-04,36
2025-08-04,36
2025-08-05,36
2025-08-05,36
2025-08-05,36
2025-08-05,36
2025-08-05,36
2025-08-06,36
2025-08-06,36
2025-08-06,36
2025-08-06,36
2025-08-06,36
2025-08-07,36
2025-08-07,36
2025-08-07,36
2025-08-07,36
2025-08-07,36
2025-08-08,36
2025-08-08,36
2025-08-08,36
2025-08-08,36
2025-08-08,36
2025-08-11,36
2025-08-11,36
2025-08-11,36
2025-08-11,36
2025-08-11,36
2025-08-12,36
2025-08-12,36
2025-08-12,36
2025-08-12,36
2025-08-12,36
2025-08-13,36
2025-08-13,36
2025-08-13,36
2025-08-13,36
2025-08-13,36
2025-08-14,36
2025-08-14,36
2025-08-14,36
2025-08-14,36
2025-08-14,36
2025-08-15,36
2025-08-15,36
2025-08-15,36
2025-08-15,36
2025-08-15,36
2025-08-18,36
2025-08-18,36
2025-08-18,36
2025-08-18,36
2025-08-18,36
2025-08-19,36
2025-08-19,36
2025-08-19,36
2025-08-19,36
2025-08-19,36
2025-08-20,36
2025-08-20,36
2025-08-20,36
2025-08-20,36
2025-08-20,36
2025-08-21,36
2025-08-21,36
2025-08-21,36
2025-08-21,36
2025-08-21,36
2025-08-22,36
2025-08-22,36
2025-08-22,36
2025-08-22,36
2025-08-22,36
2025-08-25,36
2025-08-25,36
2025-08-25,36
2025-08-25,36
2025-08-25,36
2025-08-26,36
2025-08-26,36
2025-08-26,36
2025-08-26,36
2025-08-26,36
2025-08-27,36
2025-08-27,36
2025-08-27,36
2025-08-27,36
2025-08-27,36
2025-08-28,36
2025-08-28,36
2025-08-28,36
2025-08-28,36
2025-08-28,36
2025-08-29,36
2025-08-29,36
2025-08-29,36
2025-08-29,36
2025-08-29,36.38
2025-09-01,36.38
2025-09-01,36.38
2025-09-01,36.38
2025-09-01,36.38
2025-09-01,36.38
2025-09-02,36.38
2025-09-02,36.38
2025-09-02,36.38
2025-09-02,36.38
2025-09-02,36.38
2025-09-03,36.38
2025-09-03,36.38
2025-09-03,36.38
2025-09-03,36.38
2025-09-03,36.38
2025-09-04,36.38
2025-09-04,36.38
2025-09-04,36.38
2025-09-04,36.38
2025-09-04,36.38
2025-09-05,36.38
2025-09-05,36.38
2025-09-05,36.38
2025-09-05,36.38
2025-09-05,36.38
2025-09-08,36.38
2025-09-08,36.38
2025-09-08,36.38
2025-09-08,36.38
2025-09-08,36.38
2025-09-09,36.38
2025-09-09,36.38
2025-09-09,36.38
2025-09-09,36.38
2025-09-09,36.38
2025-09-10,36.38
2025-09-10,36.38
2025-09-10,36.38
2025-09-10,36.38
2025-09-10,36.38
2025-09-11,36.38
2025-09-11,36.38
2025-09-11,36.38
2025-09-11,36.38
2025-09-11,36.38
2025-09-12,36.38
2025-09-12,36.38
2025-09-12,36.38
2025-09-12,36.38
2025-09-12,36.38
2025-09-15,36.38
2025-09-15,36.38
2025-09-15,36.38
2025-09-15,36.38
2025-09-15,36.38
2025-09-16,36.38
2025-09-16,36.38
2025-09-16,36.38
2025-09-16,36.38
2025-09-16,36.38
2025-09-17,36.38
2025-09-17,36.38
2025-09-17,36.38
2025-09-17,36.38
2025-09-17,36.38
2025-09-18,36.38
2025-09-18,36.38
2025-09-18,36.38
2025-09-18,36.38
2025-09-18,36.38
2025-09-19,36.38
2025-09-19,36.38
2025-09-19,36.38
2025-09-19,36.38
2025-09-19,36.38
2025-09-22,36.38
2025-09-22,36.38
2025-09-22,36.38
2025-09-22,36.38
2025-09-22,36.38
2025-09-24,36.38
2025-09-24,36.38
2025-09-24,36.38
2025-09-24,36.38
2025-09-25,36.38
2025-09-25,36.38
2025-09-25,36.38
2025-09-25,36.38
2025-09-25,36.38
2025-09-26,36.38
2025-09-26,36.38
2025-09-26,36.38
2025-09-26,36.38
2025-09-26,36.38
2025-09-29,36.38
2025-09-29,36.38
2025-09-29,36.38
2025-09-29,36.38
2025-09-29,36.38
2025-09-30,36.38
2025-09-30,36.38
2025-09-30,36.38
2025-09-30,36.38
2025-09-30,36.38
2025-10-01,36.38
2025-10-01,36.38
2025-10-01,36.38
2025-10-01,36.38
2025-10-01,36.38
2025-10-06,36.38
2025-10-06,36.38
2025-10-06,36.38
2025-10-06,36.38
2025-10-06,36.38
2025-10-07,36.38
2025-10-07,36.38
2025-10-07,36.38
2025-10-07,36.38
2025-10-07,36.38
2025-10-08,36.38
2025-10-08,36.38
2025-10-08,36.38
2025-10-08,36.38
2025-10-08,36.38
2025-10-09,36.38
2025-10-09,36.38
2025-10-09,36.38
2025-10-09,36.38
2025-10-09,31.49
2025-10-10,31.49
2025-10-10,31.49
2025-10-10,31.49
2025-10-10,31.49
2025-10-10,31.49
2025-10-13,31.49
2025-10-13,31.49
2025-10-13,31.49
2025-10-13,31.49
2025-10-13,31.49
2025-10-14,31.49
2025-10-14,31.49
2025-10-14,31.49
2025-10-14,31.49
2025-10-14,31.49
2025-10-15,31.49
2025-10-15,31.49
2025-10-15,31.49
2025-10-15,31.49
2025-10-15,31.49
2025-10-16,31.49
2025-10-16,31.49
2025-10-16,31.49
2025-10-16,31.49
2025-10-16,31.49
2025-10-17,31.49
2025-10-17,31.49
2025-10-17,31.49
2025-10-17,31.49
2025-10-17,31.49
2025-10-20,31.49
2025-10-20,31.49
2025-10-20,31.49
2025-10-20,31.49
2025-10-20,31.49
2025-10-21,31.49
2025-10-21,31.49
2025-10-21,31.49
2025-10-21,31.49
2025-10-21,31.49
2025-10-22,31.49
2025-10-22,31.49
2025-10-22,31.49
2025-10-22,31.49
2025-10-22,31.49
2025-10-23,31.49
2025-10-23,31.49
2025-10-23,31.49
2025-10-23,31.49
2025-10-23,31.49
2025-10-24,31.49
2025-10-24,31.49
2025-10-24,31.49
2025-10-24,31.49
2025-10-24,31.49
2025-10-27,31.49
2025-10-27,31.49
2025-10-27,31.49
2025-10-27,31.49
2025-10-27,31.49
2025-10-28,31.49
2025-10-28,31.49
2025-10-28,31.49
2025-10-28,31.49
2025-10-28,31.49
2025-10-29,31.49
2025-10-29,31.49
2025-10-29,31.49
2025-10-29,31.49
2025-10-29,31.49
2025-10-30,31.49
2025-10-30,31.49
2025-10-30,31.49
2025-10-30,31.49
2025-10-30,31.49
2025-10-31,31.49
2025-10-31,31.49
2025-10-31,31.49
2025-10-31,31.49
2025-10-31,31.49
2025-11-03,31.49
2025-11-03,31.49
2025-11-03,31.49
2025-11-03,31.49
2025-11-03,31.49
2025-11-04,31.49
2025-11-04,31.49
2025-11-04,31.49
2025-11-04,31.49
2025-11-04,31.49
2025-11-05,31.49
2025-11-05,31.49
2025-11-05,31.49
2025-11-05,31.49
2025-11-05,31.49
2025-11-06,31.49
2025-11-06,31.49
2025-11-06,31.49
2025-11-06,31.49
2025-11-06,31.49
2025-11-07,31.49
2025-11-07,31.49
2025-11-07,31.49
2025-11-07,31.49
2025-11-07,31.49
2025-11-10,31.49
2025-11-10,31.49
2025-11-10,31.49
2025-11-10,31.49
2025-11-10,31.49
2025-11-17,31.49
2025-11-17,31.49
2025-11-17,31.49
2025-11-17,31.49
2025-11-17,31.49
2025-11-18,31.49
2025-11-18,31.49
2025-11-18,31.49
2025-11-18,31.49
2025-11-18,31.49
2025-11-19,31.49
2025-11-19,31.49
2025-11-19,31.49
2025-11-19,31.49
2025-11-19,31.49
2025-11-20,31.49
2025-11-20,31.49
2025-11-20,31.49
2025-11-20,31.49
2025-11-20,31.49
2025-11-21,31.49
2025-11-21,31.49
2025-11-21,31.49
2025-11-21,31.49
2025-11-21,31.49
2025-11-24,31.49
2025-11-24,31.49
2025-11-24,31.49
2025-11-24,31.49
2025-11-24,31.49
2025-11-25,31.49
2025-11-25,31.49
2025-11-25,31.49
2025-11-25,31.49
2025-11-25,31.49
2025-11-26,31.49
2025-11-26,31.49
2025-11-26,31.49
2025-11-26,31.49
2025-11-26,31.49
2025-11-27,31.49
2025-11-27,31.49
2025-11-27,31.49
2025-11-27,31.49
2025-11-27,31.49
2025-11-28,31.49
2025-11-28,31.49
2025-11-28,31.49
2025-11-28,31.49
2025-11-28,31.49
2025-12-01,31.49
2025-12-01,31.49
2025-12-01,31.49
2025-12-01,31.49
2025-12-01,31.49
2025-12-02,31.49
2025-12-02,31.49
2025-12-02,31.49
2025-12-02,31.49
2025-12-02,31.49
2025-12-03,31.49
2025-12-03,31.49
2025-12-03,31.49
2025-12-03,31.49
2025-12-03,31.49
2025-12-04,31.49
2025-12-04,31.49
2025-12-04,31.49
2025-12-04,31.49
2025-12-04,31.49
2025-12-05,31.49
2025-12-05,31.49
2025-12-05,31.49
2025-12-05,31.49
2025-12-05,31.49
2025-12-08,31.49
2025-12-08,31.49
2025-12-08,31.49
2025-12-08,31.49
2025-12-08,31.49
2025-12-09,31.49
2025-12-09,31.49
2025-12-09,31.49
2025-12-09,31.49
2025-12-09,31.49
2025-12-10,31.49
2025-12-10,31.49
2025-12-10,31.49
2025-12-10,31.49
2025-12-10,31.49
2025-12-11,31.49
2025-12-11,31.49
2025-12-11,31.49
2025-12-11,31.49
2025-12-11,31.49
2025-12-12,31.49
2025-12-12,31.49
2025-12-12,31.49
2025-12-12,31.49
2025-12-12,31.49
2025-12-15,31.49
2025-12-15,31.49
2025-12-15,31.49
2025-12-15,31.49
2025-12-15,31.49
2025-12-16,31.49
2025-12-16,31.49
2025-12-16,31.49
2025-12-16,31.49
2025-12-16,31.49
2025-12-18,31.49
2025-12-18,31.49
2025-12-18,31.49
2025-12-18,31.49
2025-12-18,31.49
2025-12-19,31.49
2025-12-19,31.49
2025-12-19,31.49
2025-12-19,31.49
2025-12-19,31.49
2025-12-22,31.49
2025-12-22,31.49
2025-12-22,31.49
2025-12-22,31.49
2025-12-22,31.49
2025-12-23,31.49
2025-12-23,31.49
2025-12-23,31.49
2025-12-23,31.49
2025-12-23,31.49
2025-12-24,31.49
2025-12-24,31.49
2025-12-24,31.49
2025-12-24,31.49
2025-12-24,31.49
2025-12-25,31.49
2025-12-25,31.49
2025-12-25,31.49
2025-12-25,31.49
2025-12-25,31.49
2025-12-26,31.49
2025-12-26,31.49
2025-12-26,31.49
2025-12-26,31.49
2025-12-26,31.49
2025-12-29,31.49
2025-12-29,31.49
2025-12-29,31.49
2025-12-29,31.49
2025-12-29,31.49
2025-12-30,31.49
2025-12-30,31.49
2025-12-30,31.49
2025-12-30,31.49
2025-12-30,31.49
2025-12-31,31.49
2025-12-31,31.49
2025-12-31,31.49
2025-12-31,31.49
2025-12-31,31.49
2026-01-01,31.49
2026-01-01,31.49
2026-01-01,31.49
2026-01-01,31.49
2026-01-01,31.49
2026-01-05,31.49
2026-01-05,31.49
2026-01-05,31.49
2026-01-05,31.49
2026-01-05,31.49
2026-01-06,31.49
2026-01-06,31.49
2026-01-06,31.49
2026-01-06,31.49
2026-01-06,31.49
2026-01-07,31.49
2026-01-07,31.49
2026-01-07,31.49
2026-01-07,31.49
2026-01-07,31.49
2026-01-08,31.49
2026-01-08,31.49
2026-01-08,31.49
2026-01-08,31.49
2026-01-08,31.49
2026-01-09,31.49
2026-01-09,31.49
2026-01-09,31.49
2026-01-09,31.49
2026-01-09,31.49
2026-01-12,31.49
2026-01-12,31.49
2026-01-12,31.49
2026-01-12,31.49
2026-01-12,31.49
2026-01-13,31.49
2026-01-13,31.49
2026-01-13,31.49
2026-01-13,31.49
2026-01-13,31.49
2026-01-14,31.49
2026-01-14,31.49
2026-01-14,31.49
2026-01-14,31.49
2026-01-14,31.49
2026-01-15,31.49
2026-01-15,31.49
2026-01-15,31.49
2026-01-15,31.49
2026-01-15,31.49
2026-01-16,31.49
2026-01-16,31.49
2026-01-16,31.49
2026-01-16,31.49
2026-01-16,31.49
2026-01-20,31.49
2026-01-20,31.49
2026-01-20,31.49
2026-01-20,31.49
2026-01-20,31.49
2026-01-21,31.49
2026-01-21,31.49
2026-01-21,31.49
2026-01-21,31.49
2026-01-21,31.49
2026-01-22,31.49
2026-01-22,31.49
2026-01-22,31.49
2026-01-22,31.49
2026-01-22,31.49
2026-01-23,31.49
2026-01-23,31.49
2026-01-23,31.49
2026-01-23,31.49
2026-01-23,31.49
2026-01-26,31.49
2026-01-26,31.49
2026-01-26,31.49
2026-01-26,31.49
2026-01-26,31.49
2026-01-27,31.49
2026-01-27,31.49
2026-01-27,31.49
2026-01-27,31.49
2026-01-27,31.49
2026-01-28,31.49
2026-01-28,31.49
2026-01-28,31.49
2026-01-28,31.49
2026-01-28,31.49
2026-01-29,31.49
2026-01-29,31.49
2026-01-29,31.49
2026-01-29,31.49
2026-01-29,31.49
2026-01-30,31.49
2026-01-30,31.49
2026-01-30,31.49
2026-01-30,31.49
2026-01-30,31.49
2026-02-02,31.49
2026-02-02,31.49
2026-02-02,31.49
2026-02-02,31.49
2026-02-02,31.49
2026-02-03,31.49
2026-02-03,31.49
2026-02-03,31.49
2026-02-03,31.49
2026-02-03,31.49
2026-02-04,31.49
2026-02-04,31.49
2026-02-04,31.49
2026-02-04,31.49
2026-02-04,31.49
2026-02-05,31.49
2026-02-05,31.49
2026-02-05,31.49
2026-02-05,31.49
2026-02-05,31.49
2026-02-06,31.49
2026-02-06,31.49
2026-02-06,31.49
2026-02-06,31.49
2026-02-06,31.49
2026-02-09,31.49
2026-02-09,31.49
2026-02-09,31.49
2026-02-09,31.49
2026-02-09,31.49
2026-02-10,31.49
2026-02-10,31.49
2026-02-10,31.49
2026-02-10,31.49
2026-02-10,31.49
2026-02-11,31.49
2026-02-11,31.49
2026-02-11,31.49
2026-02-11,31.49
2026-02-11,31.49
2026-02-12,31.49
2026-02-12,31.49
2026-02-12,31.49
2026-02-12,31.49
2026-02-12,31.49
2026-02-13,31.49
2026-02-13,31.49
2026-02-13,31.49
2026-02-13,31.49
2026-02-13,31.49
2026-02-16,31.49
2026-02-16,31.49
2026-02-16,31.49
2026-02-16,31.49
2026-02-16,31.49
2026-02-17,31.49
2026-02-17,31.49
2026-02-17,31.49
2026-02-17,31.49
2026-02-17,31.49
2026-02-20,31.49
2026-02-20,31.49
2026-02-20,31.49
2026-02-20,31.49
2026-02-20,31.49
2026-02-24,31.49
2026-02-24,31.49
2026-02-24,31.49
2026-02-24,31.49
2026-02-24,31.49
2026-02-25,31.49
2026-02-25,31.49
2026-02-25,31.49
2026-02-25,31.49
2026-02-25,31.49
2026-02-26,31.49
2026-02-26,31.49
2026-02-26,31.49
2026-02-26,31.49
2026-02-26,31.49
2026-02-27,31.49
2026-02-27,31.49
2026-02-27,31.49
2026-02-27,31.49
2026-02-27,31.49
2026-03-02,31.49
2026-03-02,31.49
2026-03-02,31.49
2026-03-02,31.49
2026-03-02,31.49
2026-03-03,31.49
2026-03-03,31.49
2026-03-03,31.49
2026-03-03,31.49
2026-03-03,31.49
2026-03-04,31.49
2026-03-04,31.49
2026-03-04,31.49
2026-03-04,31.49
2026-03-04,31.49
2026-03-05,31.49
2026-03-05,31.49
2026-03-05,31.49
2026-03-05,31.49
2026-03-05,31.49
2026-03-06,31.49
2026-03-06,31.49
2026-03-06,31.49
2026-03-06,31.49
2026-03-06,31.49
2026-03-09,31.49
2026-03-09,31.49
2026-03-09,31.49
2026-03-09,31.49
2026-03-09,31.49
2026-03-10,31.49
2026-03-10,31.49
2026-03-10,31.49
2026-03-10,31.49
2026-03-10,31.49
2026-03-11,31.49
2026-03-11,31.49
2026-03-11,31.49
2026-03-11,31.49
2026-03-11,31.49
2026-03-12,31.49
2026-03-12,31.49
2026-03-12,31.49
2026-03-12,31.49
2026-03-12,31.49
2026-03-13,31.49
2026-03-13,31.49
2026-03-13,31.49
2026-03-13,31.49
2026-03-13,31.49
2026-03-16,31.49
2026-03-16,31.49
2026-03-16,31.49
2026-03-16,31.49
2026-03-16,31.49
2026-03-17,31.49
2026-03-17,31.49
2026-03-17,31.49
2026-03-17,31.49
2026-03-17,31.49
2026-03-18,31.49
2026-03-18,31.49
2026-03-18,31.49
2026-03-18,31.49
2026-03-18,31.49
2026-03-19,31.49
2026-03-19,31.49
2026-03-19,31.49
2026-03-19,31.49
2026-03-19,31.49
2026-03-20,31.49
2026-03-20,31.49
2026-03-20,31.49
2026-03-20,31.49
2026-03-20,31.49
2026-03-23,31.49
2026-03-23,31.49
2026-03-23,31.49
2026-03-23,31.49
2026-03-23,31.49
2026-03-24,31.49
2026-03-24,31.49
2026-03-24,31.49
2026-03-24,31.49
2026-03-24,31.49
2026-03-25,31.49
2026-03-25,31.49
2026-03-25,31.49
2026-03-25,31.49
2026-03-25,31.49
2026-03-26,31.49
2026-03-26,31.49
2026-03-26,31.49
2026-03-26,31.49
2026-03-26,31.49
2026-03-27,31.49
2026-03-27,31.49
2026-03-27,31.49
2026-03-27,31.49
2026-03-27,31.49
2026-03-30,31.49
2026-03-30,31.49
2026-03-30,31.49
2026-03-30,31.49
2026-03-30,31.49
2026-03-31,31.49
2026-03-31,31.49
2026-03-31,31.49
2026-03-31,31.49
2026-03-31,31.49
2026-04-01,31.49
2026-04-01,31.49
2026-04-01,31.49
2026-04-01,31.49
2026-04-01,31.49
2026-04-02,31.49
2026-04-02,31.49
2026-04-02,31.49
2026-04-02,31.49
2026-04-02,31.49
2026-04-03,31.49
2026-04-03,31.49
2026-04-03,31.49
2026-04-03,31.49
2026-04-06,31.49
2026-04-06,31.49
2026-04-06,31.49
2026-04-06,31.49
2026-04-06,31.49
2026-04-07,31.49
2026-04-07,31.49
2026-04-07,31.49
2026-04-07,31.49
2026-04-07,31.49
2026-04-08,31.49
2026-04-08,31.49
2026-04-08,31.49
2026-04-08,31.49
2026-04-08,31.49
2026-04-09,31.49
2026-04-09,31.49
2026-04-09,31.49
2026-04-09,31.49
2026-04-09,31.49
2026-04-10,31.49
2026-04-10,31.49
2026-04-10,31.49
2026-04-10,31.49
2026-04-10,31.49
2026-04-13,31.49
2026-04-13,31.49
2026-04-13,31.49
2026-04-13,31.49
2026-04-13,31.49
2026-04-14,31.49
2026-04-14,31.49
2026-04-14,31.49
2026-04-14,31.49
2026-04-14,31.49
2026-04-15,31.49
2026-04-15,31.49
2026-04-15,31.49
2026-04-15,31.49
2026-04-15,31.49
2026-04-16,31.49
2026-04-16,31.49
2026-04-16,31.49
2026-04-16,31.49
2026-04-16,31.49
2026-04-17,31.49
2026-04-17,31.49
2026-04-17,31.49
2026-04-17,31.49
2026-04-17,31.49
2026-04-20,31.49
2026-04-20,31.49
2026-04-20,31.49
2026-04-20,31.49
2026-04-20,31.49
2026-04-21,31.49
2026-04-21,31.49
2026-04-21,31.49
2026-04-21,31.49
2026-04-21,31.49
2026-04-22,31.49
2026-04-22,31.49
2026-04-22,31.49
2026-04-22,30
2026-04-22,30
2026-04-23,30
2026-04-23,30
2026-04-23,30
2026-04-23,30
2026-04-23,30
2026-04-24,30
2026-04-24,30
2026-04-24,30
2026-04-24,30
2026-04-24,30
2026-04-27,30
2026-04-27,30
2026-04-27,30
2026-04-27,30
2026-04-27,30
2026-04-28,30
2026-04-28,30
2026-04-28,30
2026-04-28,30
2026-04-28,30
2026-04-29,30
2026-04-29,30
2026-04-29,30
2026-04-29,30
2026-04-29,30
2026-04-30,30
2026-04-30,30
2026-04-30,30
2026-04-30,30
2026-04-30,30
2026-05-01,30
2026-05-01,30
2026-05-01,30
2026-05-01,30
2026-05-01,30
2026-05-04,30
2026-05-04,30
2026-05-04,30
2026-05-04,30
2026-05-04,30
2026-05-05,30
2026-05-05,30
2026-05-05,30
2026-05-05,30
2026-05-05,30
2026-05-06,30
2026-05-06,30
2026-05-06,30
2026-05-06,30
2026-05-06,30
2026-05-07,30
2026-05-07,30
2026-05-07,30
2026-05-07,30
2026-05-07,30
2026-05-08,30
2026-05-08,30
2026-05-08,30
2026-05-08,30
2026-05-08,30